# MOD converted: 29_boss_sealstone.mod
# 1490 verts, 874 faces

v 180.887177 -0.000008 -6.795038
v 180.887177 -0.000008 -6.950583
v 181.042725 -0.000008 -6.795038
v 181.042725 -0.000008 0.000000
v 272.126068 -30.648512 -28.527411
v 272.126068 -30.648512 -28.704161
v 272.302826 -30.648512 -28.527411
v 272.302826 -30.648512 0.500000
v 243.782486 -0.000011 15.318473
v 243.782486 -0.000011 15.126811
v 243.974136 -0.000011 15.318473
v 243.974136 -0.000011 0.000000
v 2.576227 34.164566 -10.879833
v 2.576227 34.232002 -10.996635
v 2.751427 34.164566 -10.879833
v 2.751427 34.232002 0.000000
v 7.055279 21.960371 -20.058685
v 7.055279 22.124201 -20.153271
v 7.301018 21.960371 -20.058685
v 7.301018 22.124201 0.000000
v 23.471561 3.818469 -23.291611
v 23.471561 3.963046 -23.291611
v 23.659370 3.818469 -23.291611
v 23.659370 3.963046 0.000000
v 19.864571 -7.060601 -12.389009
v 19.864571 -6.931059 -12.314219
v 20.058880 -7.060601 -12.389009
v 20.058880 -6.931059 0.000000
v 0.355214 -16.979704 -7.842222
v 0.355214 -16.867052 -7.647106
v 0.647883 -16.979704 -7.842222
v 0.647883 -16.867052 0.000000
v 27.705996 -18.477957 5.690363
v 27.705996 -18.477957 5.876123
v 27.947302 -18.477957 5.690363
v 27.947302 -18.477957 0.000000
v 3.998098 -16.018335 17.739550
v 3.998098 -16.100840 17.882448
v 4.212445 -16.018335 17.739550
v 4.212445 -16.100840 0.000000
v 23.471960 7.758294 26.848118
v 23.471960 7.633610 26.920105
v 23.658983 7.758294 26.848118
v 23.658983 7.633610 0.000000
v 27.739672 -5.528281 27.510851
v 27.739672 -5.662211 27.510851
v 27.913649 -5.528281 27.510851
v 27.913649 -5.662211 0.000000
v 23.444822 19.595942 29.207439
v 23.444822 19.435068 29.114559
v 23.686129 19.595942 29.207439
v 23.686129 19.435068 0.000000
v 17.705297 30.140160 20.714464
v 17.705297 30.067631 20.588839
v 17.893732 30.140160 20.714464
v 17.893732 30.067631 0.000000
v 27.731752 36.220299 7.011557
v 27.731752 36.220299 6.865392
v 27.921621 36.220299 7.011557
v 27.921621 36.220299 0.000000
v 54.472614 11.875896 -4.700819
v 54.472614 11.961227 -4.848617
v 54.694309 11.875896 -4.700819
v 54.694309 11.961227 0.000000
v 56.046684 13.138501 -10.673313
v 56.046684 13.229346 -10.725761
v 56.182953 13.138501 -10.673313
v 56.182953 13.229346 0.000000
v 54.945110 11.746112 -7.871168
v 54.945110 11.920732 -7.871168
v 55.171947 11.746112 -7.871168
v 55.171947 11.920732 0.000000
v 61.468029 11.892035 -13.728454
v 61.468029 12.028406 -13.649718
v 61.672581 11.892035 -13.728453
v 61.672581 12.028406 0.000000
v 77.277481 9.948903 -8.851363
v 77.277481 10.004672 -8.754767
v 77.422379 9.948903 -8.851363
v 77.422379 10.004672 0.000000
v 62.402641 5.260772 -11.985830
v 62.402641 5.260772 -11.878536
v 62.542015 5.260772 -11.985830
v 62.542015 5.260772 0.000000
v 68.864021 8.941011 -15.136057
v 68.864021 8.855021 -14.987118
v 69.087425 8.941011 -15.136057
v 69.087425 8.855021 0.000000
v 55.059784 10.878921 -14.462896
v 55.059784 10.760829 -14.394716
v 55.236916 10.878921 -14.462896
v 55.236916 10.760829 0.000000
v 60.384850 7.679811 -12.292152
v 60.384850 7.570858 -12.292152
v 60.526382 7.679811 -12.292152
v 60.526382 7.570858 0.000000
v 63.506340 10.096009 -8.305721
v 63.506340 9.977918 -8.373901
v 63.683472 10.096009 -8.305721
v 63.683472 9.977918 0.000000
v 54.115391 7.506823 -15.114702
v 54.115391 7.429576 -15.248497
v 54.316082 7.506823 -15.114702
v 54.316082 7.429576 0.000000
v 54.989738 11.882691 -6.123890
v 54.989738 11.882691 -6.260251
v 55.166870 11.882691 -6.123890
v 55.166870 11.882691 0.000000
v 292.054962 -2.941104 -2.513767
v 291.998322 -2.845926 -2.513767
v 291.998322 -3.036292 -2.456436
v 291.992096 -2.967309 -2.427204
v 291.998322 -2.893510 -2.514516
v 291.857574 -2.881222 -2.514516
v 291.864288 -2.974548 -2.478378
v 291.859222 -2.967089 -2.514849
v 291.795288 -2.943305 -2.453757
v 292.008026 -2.973297 -2.454923
v 291.996979 -2.994466 -2.437841
v 291.988281 -2.970570 -2.514516
v 291.884857 -3.009091 -2.572611
v 291.996979 -2.994466 -2.600330
v 291.998322 -2.893510 -2.543106
v 291.847565 -2.967089 -2.556704
v 291.833282 -2.919572 -2.573777
v 292.008026 -2.973297 -2.586992
v 291.979614 -2.980593 -2.592394
v 291.996979 -2.960546 -2.548274
v 291.869720 -2.897495 -2.570194
v 291.890564 -2.912049 -2.565135
v 291.869751 -2.947833 -2.458333
v 291.869171 -2.936514 -2.464052
v 291.855377 -2.917342 -2.474253
v 291.869141 -2.905359 -2.454901
v 291.882080 -2.912239 -2.454923
v 291.996979 -2.994466 -2.456436
v 291.992096 -2.967309 -2.437841
v 291.988281 -2.970570 -2.513767
v 292.054962 -2.941104 -2.513767
v 292.054962 -2.941104 -2.513767
v 291.998322 -3.036292 -2.514516
v 291.884857 -3.009091 -2.514516
v 291.864288 -2.974548 -2.572611
v 291.996979 -2.994466 -2.592394
v 291.996979 -2.960546 -2.514849
v 291.795288 -2.943305 -2.514849
v 291.795288 -2.943305 -2.514849
v 291.795288 -2.943305 -2.556704
v 291.833282 -2.919572 -2.513767
v 292.054962 -2.941104 -2.513767
v 291.998322 -3.036292 -2.513767
v 292.054962 -2.941104 -2.572611
v 291.996979 -2.994466 -2.572611
v 291.996979 -2.994466 -2.513767
v 292.054962 -2.941104 -2.513767
v 291.998322 -2.845926 -2.513767
v 291.998322 -2.845926 -2.600330
v 291.998322 -2.893510 -2.513767
v 291.998322 -3.036292 -2.514849
v 291.795288 -2.943305 -2.478378
v 291.859222 -2.967089 -2.514849
v 291.795288 -2.943305 -2.464052
v 291.855377 -2.917342 -2.514516
v 291.857574 -2.881222 -2.437841
v 291.988281 -2.970570 -2.513767
v 291.998322 -2.845926 -2.427204
v 291.998322 -2.893510 -2.437841
v 291.988281 -2.970570 0.955748
v 117.322670 -10.087374 7.221621
v 117.322670 -10.087374 7.207584
v 117.336708 -10.087374 7.221621
v 117.336708 -10.087374 0.000000
v 104.931084 -11.847300 23.011948
v 104.931084 -11.847300 23.000710
v 104.942314 -11.847300 23.011948
v 104.942314 -11.847300 0.000000
v 139.158920 -8.190326 -13.573079
v 139.158920 -8.190326 -13.583272
v 139.169113 -8.190326 -13.573079
v 139.169113 -8.190326 0.000000
v 162.435837 -11.145328 9.581336
v 162.435837 -11.145328 9.570682
v 162.446487 -11.145328 9.581336
v 162.446487 -11.145328 0.000000
v 172.915848 -11.372831 -12.872663
v 172.915848 -11.372831 -12.884157
v 172.927353 -11.372831 -12.872663
v 172.927353 -11.372831 0.000000
v 152.848480 9.365885 13.702712
v 152.848480 9.365885 13.688426
v 152.862762 9.365885 13.702712
v 152.862762 9.365885 0.000000
v 119.523514 20.278698 17.543842
v 119.523514 20.278698 17.536678
v 119.530670 20.278698 17.543842
v 119.530670 20.278698 0.000000
v 163.817368 -8.190328 -13.573671
v 163.817368 -8.190328 -13.582680
v 163.826370 -8.190328 -13.573671
v 163.826370 -8.190328 0.000000
v 100.127007 -15.306537 -17.996984
v 100.127007 -15.306537 -18.004919
v 100.134941 -15.306537 -17.996984
v 100.134941 -15.306537 0.000000
v 83.389755 -11.847299 -6.190356
v 83.389755 -11.847299 -6.199825
v 83.399231 -11.847299 -6.190356
v 83.399231 -11.847299 0.000000
v 166.444504 -2.495862 -19.709299
v 166.444504 -2.495862 -19.719824
v 166.455032 -2.495862 -19.709299
v 166.455032 -2.495862 0.000000
v 136.402802 -10.087375 7.220441
v 136.402802 -10.087375 7.208764
v 136.414490 -10.087375 7.220441
v 136.414490 -10.087375 0.000000
v 153.657776 1.144842 14.015368
v 153.657776 1.144842 14.005103
v 153.668030 1.144842 14.015368
v 153.668030 1.144842 0.000000
v 204.630829 13.161646 -26.670919
v 204.630829 13.161646 -26.679502
v 204.639404 13.161646 -26.670919
v 204.639404 13.161646 0.000000
v 167.582840 -4.393736 6.989515
v 167.582840 -4.393736 6.981534
v 167.590836 -4.393736 6.989515
v 167.590836 -4.393736 0.000000
v 158.496429 25.569811 -6.127295
v 158.496429 25.569811 -6.140337
v 158.509460 25.569811 -6.127295
v 158.509460 25.569811 0.000000
v 178.552765 27.137936 17.312658
v 178.552765 27.137936 17.303846
v 178.561584 27.137936 17.312658
v 178.561584 27.137936 0.000000
v 127.766937 8.416949 -0.786024
v 127.766937 8.416949 -0.796401
v 127.777313 8.416949 -0.786024
v 127.777313 8.416949 0.000000
v 198.693649 -9.474954 -18.884787
v 198.693649 -9.474954 -18.902575
v 198.711441 -9.474954 -18.884787
v 198.711441 -9.474954 0.000000
v 203.317856 -14.832074 15.448591
v 203.317856 -14.832074 15.437042
v 203.329391 -14.832074 15.448591
v 203.329391 -14.832074 0.000000
v 197.753860 -11.985257 -6.392739
v 197.753860 -11.985257 -6.404071
v 197.765182 -11.985257 -6.392739
v 197.765182 -11.985257 0.000000
v 160.599869 -11.372830 -8.503703
v 160.599869 -11.372830 -8.516431
v 160.612595 -11.372830 -8.503703
v 160.612595 -11.372830 0.000000
v 202.233444 19.804220 -8.193475
v 202.233444 19.804220 -8.200057
v 202.240036 19.804220 -8.193475
v 202.240036 19.804220 0.000000
v 153.636108 -11.372830 3.195917
v 153.636108 -11.372830 3.189335
v 153.642700 -11.372830 3.195917
v 153.642700 -11.372830 0.000000
v 189.089035 24.445263 20.412697
v 189.089035 24.445263 20.402485
v 189.099258 24.445263 20.412697
v 189.099258 24.445263 0.000000
v 196.380692 -15.826150 -29.234964
v 196.380692 -15.826150 -29.244513
v 196.390244 -15.826150 -29.234964
v 196.390244 -15.826150 0.000000
v 184.785995 24.445267 13.973968
v 184.785995 24.445267 13.968289
v 184.791672 24.445267 13.973968
v 184.791672 24.445267 0.000000
v 199.267242 5.752933 -11.563626
v 199.267242 5.752933 -11.573270
v 199.276886 5.752933 -11.563626
v 199.276886 5.752933 0.000000
v 185.887344 8.503693 22.977757
v 185.887344 8.503693 22.969906
v 185.895187 8.503693 22.977757
v 185.895187 8.503693 0.000000
v 82.162231 -5.299605 15.135666
v 82.162231 -5.299605 15.134230
v 82.163666 -5.299605 15.135666
v 82.163666 -5.299605 0.000000
v 195.726715 16.843443 16.007421
v 195.726715 16.843443 16.002314
v 195.731812 16.843443 16.007421
v 195.731812 16.843443 0.000000
v 169.477936 -16.364491 -24.308012
v 169.477936 -16.364491 -24.319597
v 169.489532 -16.364491 -24.308012
v 169.489532 -16.364491 0.000000
v 203.393875 0.103993 1.579867
v 203.393875 0.103993 1.560520
v 203.413223 0.103993 1.579867
v 203.413223 0.103993 0.000000
v 193.343445 -11.145329 9.582458
v 193.343445 -11.145329 9.569559
v 193.356354 -11.145329 9.582458
v 193.356354 -11.145329 0.000000
v 202.412186 22.404070 -3.765889
v 202.412186 22.404070 -3.778931
v 202.425217 22.404070 -3.765889
v 202.425217 22.404070 0.000000
v 21.406229 0.029481 -0.103636
v 21.426876 0.041881 -0.144103
v 21.404285 0.042717 -0.105653
v 21.427898 0.049717 -0.145589
v 21.404701 0.056303 -0.106528
v 21.428146 0.057762 -0.145116
v 21.408039 0.069965 -0.106242
v 21.427948 0.065853 -0.142688
v 21.414148 0.083427 -0.104797
v 21.431564 0.073826 -0.138370
v 21.421467 0.096410 -0.102236
v 21.435898 0.081514 -0.132256
v 21.427280 0.108647 -0.098617
v 21.439339 0.088758 -0.124471
v 21.426445 0.119889 -0.094012
v 21.438845 0.095413 -0.115171
v 21.416719 0.129908 -0.088511
v 21.433086 0.101342 -0.104543
v 21.405172 0.138500 -0.082224
v 21.426250 0.106428 -0.092802
v 21.396101 0.145493 -0.075275
v 21.421782 0.110567 -0.080183
v 21.389956 0.150743 -0.067805
v 21.421021 0.113675 -0.066945
v 21.395384 0.154144 -0.059966
v 21.421431 0.115689 -0.053356
v 21.404528 0.155628 -0.051918
v 21.425869 0.116568 -0.039695
v 21.416018 0.155162 -0.043826
v 21.432673 0.116294 -0.026242
v 21.415480 0.152756 -0.035856
v 21.432352 0.114871 -0.013275
v 21.409786 0.148457 -0.028174
v 21.428982 0.112328 -0.001059
v 21.407072 0.142354 -0.020941
v 21.427376 0.108714 0.010158
v 21.409729 0.134569 -0.014305
v 21.428947 0.104104 0.020155
v 21.412281 0.125264 -0.008395
v 21.430460 0.098592 0.028740
v 21.406435 0.114633 -0.003317
v 21.426998 0.092296 0.035737
v 21.399862 0.102890 0.000820
v 21.423107 0.085342 0.040995
v 21.399479 0.090274 0.003933
v 21.422880 0.077873 0.044403
v 21.403324 0.077038 0.005958
v 21.425156 0.070039 0.045888
v 21.405022 0.063451 0.006849
v 21.428335 0.061999 0.045426
v 21.405355 0.049793 0.006585
v 21.429398 0.053916 0.043045
v 21.402275 0.036347 0.005180
v 21.428972 0.045957 0.038773
v 21.390493 0.023379 0.002647
v 21.421997 0.038278 0.032686
v 21.385521 0.011151 -0.000963
v 21.419052 0.031037 0.024909
v 21.392981 -0.000088 -0.005576
v 21.419708 0.024380 0.015604
v 21.403587 -0.010109 -0.011091
v 21.423155 0.018445 0.004966
v 21.411694 -0.018705 -0.017392
v 21.430111 0.013355 -0.006785
v 21.418953 -0.025700 -0.024349
v 21.434410 0.009213 -0.019406
v 21.417551 -0.030952 -0.031822
v 21.433578 0.006104 -0.032642
v 21.412600 -0.034352 -0.039658
v 21.430647 0.004091 -0.046222
v 21.412594 -0.035832 -0.047697
v 21.430643 0.003215 -0.059873
v 21.423653 -0.035363 -0.055776
v 21.437191 0.003494 -0.073320
v 21.432722 -0.032955 -0.063731
v 21.442560 0.004921 -0.086295
v 21.425091 -0.028659 -0.071406
v 21.438044 0.007467 -0.098538
v 21.406729 -0.022564 -0.078647
v 21.427172 0.011078 -0.109801
v 21.394693 -0.014795 -0.085313
v 21.420046 0.015678 -0.119845
v 21.397493 -0.005506 -0.091262
v 21.421705 0.021177 -0.128442
v 21.406013 0.005122 -0.096362
v 21.426748 0.027465 -0.135437
v 21.408133 0.016864 -0.100516
v 21.428003 0.034414 -0.140694
v 21.406229 0.029481 -0.103636
v 21.426876 0.041881 0.000000
v 0.546603 29.363554 -30.342325
v 0.546603 -29.241592 28.262810
v 119.626450 29.363560 -30.342329
v 119.626450 -29.241587 -30.342327
v 0.546603 29.363558 28.262815
v 0.546603 -29.241587 -30.342331
v 119.626450 29.363554 28.262812
v 119.626450 -29.241590 -1.039760
v 0.546604 41.501080 -1.039752
v 0.546603 -41.379112 -1.039764
v 119.626450 41.501080 -1.039756
v 119.626450 -41.379112 -42.479847
v 0.546603 0.060985 40.400333
v 0.546603 0.060985 -42.479847
v 119.626450 0.060982 40.400333
v 119.626450 0.060982 0.750000
v -0.341063 41.581467 -42.560253
v -0.341065 -41.459511 40.480736
v 84.956406 41.581478 -42.560257
v 84.956406 -41.459499 -42.560253
v -0.341063 41.581470 40.480743
v -0.341065 -41.459503 -42.560261
v 84.956406 41.581470 40.480740
v 84.956406 -41.459503 -1.039761
v -0.341063 58.779816 -1.039749
v -0.341066 -58.657852 -1.039766
v 84.956406 58.779823 -1.039755
v 84.956406 -58.657848 -59.758606
v -0.341064 0.060984 57.679092
v -0.341064 0.060984 -59.758606
v 84.956406 0.060984 57.679092
v 84.956406 0.060984 0.000000
v -0.646968 10.810951 -11.789724
v -0.646966 -10.688983 9.710209
v 158.844406 10.810948 -11.789725
v 158.844406 -10.688986 -11.789724
v -0.646968 10.810952 9.710211
v -0.646966 -10.688981 -11.789726
v 158.844406 10.810946 9.710209
v 158.844406 -10.688988 -1.039758
v -0.646968 15.263734 -1.039755
v -0.646966 -15.141765 -1.039760
v 158.844406 15.263729 -1.039757
v 158.844406 -15.141768 -16.242506
v -0.646967 0.060985 14.162992
v -0.646967 0.060985 -16.242506
v 158.844406 0.060979 14.162992
v 158.844406 0.060979 0.000000
v 65.894821 0.034488 -1.035877
v 65.894821 0.029230 -1.048666
v 66.119202 0.033885 -1.037537
v 66.119202 0.029834 -1.043101
v 65.952271 0.031859 -1.029510
v 66.206268 0.026912 -1.031313
v 65.894821 0.027569 -1.023464
v 65.952271 0.024712 -1.015614
v 65.894821 0.021855 -1.017417
v 66.206268 0.022511 -1.062449
v 66.155853 0.038901 -1.063090
v 65.894821 0.039134 -1.060300
v 65.952271 0.038119 -1.057509
v 65.894821 0.037103 -1.058150
v 66.155853 0.037337 -1.020616
v 66.214897 0.023675 -1.021302
v 65.894821 0.023925 -1.018312
v 65.952271 0.022837 -1.015322
v 65.894821 0.021749 -1.016009
v 66.214897 0.021999 -1.052331
v 66.212578 0.035219 -1.053922
v 65.894821 0.035798 -1.046994
v 65.952271 0.033276 -1.040066
v 65.894821 0.030755 -1.041658
v 66.212578 0.031334 -1.034710
v 66.119202 0.040392 -1.034106
v 65.894821 0.042051 -1.036736
v 65.952271 0.034827 -1.039365
v 65.894821 0.027604 -1.038761
v 66.119202 0.029263 -1.041767
v 66.235497 0.021005 -1.041136
v 65.894821 0.022738 -1.043883
v 65.952271 0.015190 -1.046631
v 65.894821 0.007642 -1.045999
v 66.235497 0.009375 -1.029973
v 66.155853 0.053408 -1.029823
v 65.894821 0.053819 -1.030476
v 65.952271 0.052026 -1.031129
v 65.894821 0.050232 -1.030979
v 66.155853 0.050644 -1.044920
v 66.214897 0.012342 -1.044670
v 65.894821 0.013029 -1.045758
v 65.952271 0.010039 -1.046846
v 65.894821 0.007049 -1.046596
v 66.214897 0.007736 -1.033170
v 66.237785 0.044623 -1.032530
v 65.894821 0.046383 -1.035319
v 65.952271 0.038721 -1.038108
v 65.894821 0.031058 -1.037467
v 66.237785 0.032818 -1.055363
v 66.278152 0.036322 -1.055808
v 65.894821 0.036484 -1.053872
v 65.952271 0.035779 -1.051936
v 65.894821 0.035075 -1.052380
v 66.278152 0.035237 -1.032148
v 66.239044 0.027873 -1.032753
v 65.894821 0.028093 -1.030121
v 65.952271 0.027135 -1.027488
v 65.894821 0.026177 -1.028093
v 66.239044 0.026397 -1.031527
v 66.206268 0.015111 -1.032151
v 65.894821 0.016450 -1.029433
v 65.952271 0.010621 -1.026715
v 65.894821 0.004791 -1.027339
v 66.206268 0.006130 -1.046621
v 66.155853 0.047480 -1.046806
v 65.894821 0.047878 -1.045999
v 65.952271 0.046148 -1.045193
v 65.894821 0.044418 -1.045378
v 66.155853 0.044815 -1.041234
v 66.189484 0.035928 -1.041597
v 65.894821 0.036707 -1.040016
v 65.952271 0.033315 -1.038434
v 65.894821 0.029924 -1.038797
v 66.189484 0.030703 -1.053399
v 66.281616 0.023072 -1.052060
v 65.894821 0.023696 -1.057890
v 65.952271 0.020978 -1.063719
v 65.894821 0.018260 -1.062380
v 66.281616 0.018884 -1.021030
v 66.155853 0.038166 -1.020633
v 65.894821 0.038351 -1.022363
v 65.952271 0.037545 -1.024093
v 65.894821 0.036738 -1.023695
v 66.155853 0.036923 -1.032583
v 66.228111 0.032779 -1.031804
v 65.894821 0.033142 -1.035195
v 65.952271 0.031561 -1.038587
v 65.894821 0.029979 -1.037808
v 66.228111 0.030342 -1.050325
v 65.894821 0.034488 -1.043101
v 65.952271 0.031859 -1.035877
v 65.894821 0.029230 -1.037537
v 66.119202 0.029834 -1.048666
v 66.119202 0.033885 -1.031313
v 65.894821 0.027569 -1.023464
v 65.952271 0.024712 -1.015614
v 65.894821 0.021855 -1.017417
v 66.206268 0.022511 -1.029510
v 66.206268 0.026912 -1.063090
v 65.894821 0.039134 -1.060300
v 65.952271 0.038119 -1.057509
v 65.894821 0.037103 -1.058150
v 66.155853 0.037337 -1.062449
v 66.155853 0.038901 -1.021302
v 65.894821 0.023925 -1.018312
v 65.952271 0.022837 -1.015322
v 65.894821 0.021749 -1.016009
v 66.214897 0.021999 -1.020616
v 66.214897 0.023675 -1.053922
v 65.894821 0.035798 -1.046994
v 65.952271 0.033276 -1.040066
v 65.894821 0.030755 -1.041658
v 66.212578 0.031334 -1.052331
v 66.212578 0.035219 -1.034106
v 65.894821 0.042051 -1.036736
v 65.952271 0.034827 -1.039365
v 65.894821 0.027604 -1.038761
v 66.119202 0.029263 -1.034710
v 66.119202 0.040392 -1.041136
v 65.894821 0.022738 -1.043883
v 65.952271 0.015190 -1.046631
v 65.894821 0.007642 -1.045999
v 66.235497 0.009375 -1.041767
v 66.235497 0.021005 -1.029823
v 65.894821 0.053819 -1.030476
v 65.952271 0.052026 -1.031129
v 65.894821 0.050232 -1.030979
v 66.155853 0.050644 -1.029973
v 66.155853 0.053408 -1.044670
v 65.894821 0.013029 -1.045758
v 65.952271 0.010039 -1.046846
v 65.894821 0.007049 -1.046596
v 66.214897 0.007736 -1.044920
v 66.214897 0.012342 -1.032530
v 65.894821 0.046383 -1.035319
v 65.952271 0.038721 -1.038108
v 65.894821 0.031058 -1.037467
v 66.237785 0.032818 -1.033170
v 66.237785 0.044623 -1.055808
v 65.894821 0.036484 -1.053872
v 65.952271 0.035779 -1.051936
v 65.894821 0.035075 -1.052380
v 66.278152 0.035237 -1.055363
v 66.278152 0.036322 -1.032753
v 65.894821 0.028093 -1.030121
v 65.952271 0.027135 -1.027488
v 65.894821 0.026177 -1.028093
v 66.239044 0.026397 -1.032148
v 66.239044 0.027873 -1.032151
v 65.894821 0.016450 -1.029433
v 65.952271 0.010621 -1.026715
v 65.894821 0.004791 -1.027339
v 66.206268 0.006130 -1.031527
v 66.206268 0.015111 -1.046806
v 65.894821 0.047878 -1.045999
v 65.952271 0.046148 -1.045193
v 65.894821 0.044418 -1.045378
v 66.155853 0.044815 -1.046621
v 66.155853 0.047480 -1.041597
v 65.894821 0.036707 -1.040016
v 65.952271 0.033315 -1.038434
v 65.894821 0.029924 -1.038797
v 66.189484 0.030703 -1.041234
v 66.189484 0.035928 -1.052060
v 65.894821 0.023696 -1.057890
v 65.952271 0.020978 -1.063719
v 65.894821 0.018260 -1.062380
v 66.281616 0.018884 -1.053399
v 66.281616 0.023072 -1.020633
v 65.894821 0.038351 -1.022363
v 65.952271 0.037545 -1.024093
v 65.894821 0.036738 -1.023695
v 66.155853 0.036923 -1.021030
v 66.155853 0.038166 -1.031804
v 65.894821 0.033142 -1.035195
v 65.952271 0.031561 -1.038587
v 65.894821 0.029979 -1.037808
v 66.228111 0.030342 -1.032583
v 66.228111 0.032779 0.534370
v 65.894821 0.034488 -1.035877
v 65.894821 0.029230 -1.048666
v 66.119202 0.033885 -1.037537
v 66.119202 0.029834 -1.043101
v 65.952271 0.031859 -1.029510
v 66.206268 0.026912 -1.031313
v 65.894821 0.027569 -1.023464
v 65.952271 0.024712 -1.015614
v 65.894821 0.021855 -1.017417
v 66.206268 0.022511 -1.062449
v 66.155853 0.038901 -1.063090
v 65.894821 0.039134 -1.060300
v 65.952271 0.038119 -1.057509
v 65.894821 0.037103 -1.058150
v 66.155853 0.037337 -1.020616
v 66.214897 0.023675 -1.021302
v 65.894821 0.023925 -1.018312
v 65.952271 0.022837 -1.015322
v 65.894821 0.021749 -1.016009
v 66.214897 0.021999 -1.052331
v 66.212578 0.035219 -1.053922
v 65.894821 0.035798 -1.046994
v 65.952271 0.033276 -1.040066
v 65.894821 0.030755 -1.041658
v 66.212578 0.031334 -1.034710
v 66.119202 0.040392 -1.034106
v 65.894821 0.042051 -1.036736
v 65.952271 0.034827 -1.039365
v 65.894821 0.027604 -1.038761
v 66.119202 0.029263 -1.041767
v 66.235497 0.021005 -1.041136
v 65.894821 0.022738 -1.043883
v 65.952271 0.015190 -1.046631
v 65.894821 0.007642 -1.045999
v 66.235497 0.009375 -1.029973
v 66.155853 0.053408 -1.029823
v 65.894821 0.053819 -1.030476
v 65.952271 0.052026 -1.031129
v 65.894821 0.050232 -1.030979
v 66.155853 0.050644 -1.044920
v 66.214897 0.012342 -1.044670
v 65.894821 0.013029 -1.045758
v 65.952271 0.010039 -1.046846
v 65.894821 0.007049 -1.046596
v 66.214897 0.007736 -1.033170
v 66.237785 0.044623 -1.032530
v 65.894821 0.046383 -1.035319
v 65.952271 0.038721 -1.038108
v 65.894821 0.031058 -1.037467
v 66.237785 0.032818 -1.055363
v 66.278152 0.036322 -1.055808
v 65.894821 0.036484 -1.053872
v 65.952271 0.035779 -1.051936
v 65.894821 0.035075 -1.052380
v 66.278152 0.035237 -1.032148
v 66.239044 0.027873 -1.032753
v 65.894821 0.028093 -1.030121
v 65.952271 0.027135 -1.027488
v 65.894821 0.026177 -1.028093
v 66.239044 0.026397 -1.031527
v 66.206268 0.015111 -1.032151
v 65.894821 0.016450 -1.029433
v 65.952271 0.010621 -1.026715
v 65.894821 0.004791 -1.027339
v 66.206268 0.006130 -1.046621
v 66.155853 0.047480 -1.046806
v 65.894821 0.047878 -1.045999
v 65.952271 0.046148 -1.045193
v 65.894821 0.044418 -1.045378
v 66.155853 0.044815 -1.041234
v 66.189484 0.035928 -1.041597
v 65.894821 0.036707 -1.040016
v 65.952271 0.033315 -1.038434
v 65.894821 0.029924 -1.038797
v 66.189484 0.030703 -1.053399
v 66.281616 0.023072 -1.052060
v 65.894821 0.023696 -1.057890
v 65.952271 0.020978 -1.063719
v 65.894821 0.018260 -1.062380
v 66.281616 0.018884 -1.021030
v 66.155853 0.038166 -1.020633
v 65.894821 0.038351 -1.022363
v 65.952271 0.037545 -1.024093
v 65.894821 0.036738 -1.023695
v 66.155853 0.036923 -1.032583
v 66.228111 0.032779 -1.031804
v 65.894821 0.033142 -1.035195
v 65.952271 0.031561 -1.038587
v 65.894821 0.029979 -1.037808
v 66.228111 0.030342 -1.050325
v 65.894821 0.034488 -1.043101
v 65.952271 0.031859 -1.035877
v 65.894821 0.029230 -1.037537
v 66.119202 0.029834 -1.048666
v 66.119202 0.033885 -1.031313
v 65.894821 0.027569 -1.023464
v 65.952271 0.024712 -1.015614
v 65.894821 0.021855 -1.017417
v 66.206268 0.022511 -1.029510
v 66.206268 0.026912 -1.063090
v 65.894821 0.039134 -1.060300
v 65.952271 0.038119 -1.057509
v 65.894821 0.037103 -1.058150
v 66.155853 0.037337 -1.062449
v 66.155853 0.038901 -1.021302
v 65.894821 0.023925 -1.018312
v 65.952271 0.022837 -1.015322
v 65.894821 0.021749 -1.016009
v 66.214897 0.021999 -1.020616
v 66.214897 0.023675 -1.053922
v 65.894821 0.035798 -1.046994
v 65.952271 0.033276 -1.040066
v 65.894821 0.030755 -1.041658
v 66.212578 0.031334 -1.052331
v 66.212578 0.035219 -1.034106
v 65.894821 0.042051 -1.036736
v 65.952271 0.034827 -1.039365
v 65.894821 0.027604 -1.038761
v 66.119202 0.029263 -1.034710
v 66.119202 0.040392 -1.041136
v 65.894821 0.022738 -1.043883
v 65.952271 0.015190 -1.046631
v 65.894821 0.007642 -1.045999
v 66.235497 0.009375 -1.041767
v 66.235497 0.021005 -1.029823
v 65.894821 0.053819 -1.030476
v 65.952271 0.052026 -1.031129
v 65.894821 0.050232 -1.030979
v 66.155853 0.050644 -1.029973
v 66.155853 0.053408 -1.044670
v 65.894821 0.013029 -1.045758
v 65.952271 0.010039 -1.046846
v 65.894821 0.007049 -1.046596
v 66.214897 0.007736 -1.044920
v 66.214897 0.012342 -1.032530
v 65.894821 0.046383 -1.035319
v 65.952271 0.038721 -1.038108
v 65.894821 0.031058 -1.037467
v 66.237785 0.032818 -1.033170
v 66.237785 0.044623 -1.055808
v 65.894821 0.036484 -1.053872
v 65.952271 0.035779 -1.051936
v 65.894821 0.035075 -1.052380
v 66.278152 0.035237 -1.055363
v 66.278152 0.036322 -1.032753
v 65.894821 0.028093 -1.030121
v 65.952271 0.027135 -1.027488
v 65.894821 0.026177 -1.028093
v 66.239044 0.026397 -1.032148
v 66.239044 0.027873 -1.032151
v 65.894821 0.016450 -1.029433
v 65.952271 0.010621 -1.026715
v 65.894821 0.004791 -1.027339
v 66.206268 0.006130 -1.031527
v 66.206268 0.015111 -1.046806
v 65.894821 0.047878 -1.045999
v 65.952271 0.046148 -1.045193
v 65.894821 0.044418 -1.045378
v 66.155853 0.044815 -1.046621
v 66.155853 0.047480 -1.041597
v 65.894821 0.036707 -1.040016
v 65.952271 0.033315 -1.038434
v 65.894821 0.029924 -1.038797
v 66.189484 0.030703 -1.041234
v 66.189484 0.035928 -1.052060
v 65.894821 0.023696 -1.057890
v 65.952271 0.020978 -1.063719
v 65.894821 0.018260 -1.062380
v 66.281616 0.018884 -1.053399
v 66.281616 0.023072 -1.020633
v 65.894821 0.038351 -1.022363
v 65.952271 0.037545 -1.024093
v 65.894821 0.036738 -1.023695
v 66.155853 0.036923 -1.021030
v 66.155853 0.038166 -1.031804
v 65.894821 0.033142 -1.035195
v 65.952271 0.031561 -1.038587
v 65.894821 0.029979 -1.037808
v 66.228111 0.030342 -1.032583
v 66.228111 0.032779 0.589981
v 49.183529 0.112742 -0.027564
v 49.198689 0.085038 0.003994
v 49.182098 0.105556 -0.024230
v 49.198013 0.081638 0.009944
v 49.182404 0.097439 -0.021418
v 49.198158 0.077796 0.014672
v 49.184864 0.088552 -0.019183
v 49.199322 0.073590 0.018081
v 49.189362 0.079073 -0.017574
v 49.201450 0.069102 0.020107
v 49.194752 0.069204 -0.016618
v 49.203999 0.064431 0.020714
v 49.199032 0.059148 -0.016330
v 49.206024 0.059675 0.019888
v 49.198418 0.049112 -0.016719
v 49.205734 0.054929 0.017646
v 49.191254 0.039299 -0.017777
v 49.202343 0.050289 0.014032
v 49.182751 0.029906 -0.019485
v 49.198322 0.045848 0.009119
v 49.170929 0.021123 -0.021808
v 49.192730 0.041695 0.003005
v 49.164722 0.013129 -0.024700
v 49.189793 0.037914 -0.004186
v 49.169804 0.006086 -0.028102
v 49.192196 0.034581 -0.012306
v 49.182278 0.000136 -0.031944
v 49.198097 0.031766 -0.021189
v 49.190739 -0.004597 -0.036148
v 49.202099 0.029525 -0.030654
v 49.190342 -0.008015 -0.040628
v 49.201912 0.027905 -0.040507
v 49.186150 -0.010049 -0.045291
v 49.199928 0.026941 -0.050545
v 49.184151 -0.010654 -0.050039
v 49.198982 0.026654 -0.060564
v 49.186108 -0.009819 -0.054777
v 49.199909 0.027051 -0.070365
v 49.187984 -0.007566 -0.059410
v 49.200798 0.028121 -0.079755
v 49.183681 -0.003947 -0.063850
v 49.198761 0.029836 -0.088541
v 49.178841 0.000965 -0.068004
v 49.196472 0.032162 -0.096539
v 49.178558 0.007075 -0.071787
v 49.196339 0.035052 -0.103586
v 49.181389 0.014261 -0.075124
v 49.197678 0.038448 -0.109535
v 49.182640 0.022379 -0.077943
v 49.198269 0.042283 -0.114270
v 49.177784 0.031260 -0.080187
v 49.195972 0.046479 -0.117702
v 49.169067 0.040711 -0.081812
v 49.191849 0.050948 -0.119752
v 49.160393 0.050554 -0.082781
v 49.187744 0.055606 -0.120373
v 49.156731 0.060593 -0.083071
v 49.186012 0.060358 -0.119551
v 49.162224 0.070625 -0.082679
v 49.188610 0.065107 -0.117307
v 49.175621 0.080441 -0.081615
v 49.194950 0.069754 -0.113687
v 49.187553 0.089840 -0.079902
v 49.200592 0.074201 -0.108769
v 49.192902 0.098628 -0.077575
v 49.203121 0.078359 -0.102654
v 49.191868 0.106624 -0.074682
v 49.202633 0.082141 -0.095465
v 49.188221 0.113666 -0.071281
v 49.200909 0.085472 -0.087349
v 49.188217 0.119610 -0.067443
v 49.200909 0.088284 -0.078471
v 49.196362 0.124337 -0.063244
v 49.204758 0.090518 -0.069009
v 49.203037 0.127752 -0.058770
v 49.207920 0.092131 -0.059153
v 49.197418 0.129790 -0.054111
v 49.205261 0.093092 -0.049101
v 49.183899 0.130411 -0.049359
v 49.198864 0.093382 -0.039057
v 49.175034 0.129604 -0.044609
v 49.194672 0.092999 -0.029232
v 49.177097 0.127377 -0.039960
v 49.195648 0.091948 -0.019836
v 49.183369 0.123765 -0.035511
v 49.198616 0.090243 -0.011052
v 49.184933 0.118852 -0.031350
v 49.199352 0.087925 -0.003054
v 49.183529 0.112742 -0.027564
v 49.198689 0.085038 0.000000
v 65.894821 0.321606 -0.881668
v 65.894821 0.321606 -0.895277
v 66.119202 0.321606 -0.883434
v 66.119202 0.321606 -0.889356
v 65.952271 0.321606 -0.874892
v 66.206268 0.321606 -0.876811
v 65.894821 0.321606 -0.868458
v 65.952271 0.321606 -0.860105
v 65.894821 0.321606 -0.862023
v 66.206268 0.321606 -0.909945
v 66.155853 0.321606 -0.910627
v 65.894821 0.321606 -0.907658
v 65.952271 0.321606 -0.904688
v 65.894821 0.321606 -0.905370
v 66.155853 0.321606 -0.865427
v 66.214897 0.321606 -0.866158
v 65.894821 0.321606 -0.862976
v 65.952271 0.321606 -0.859794
v 65.894821 0.321606 -0.860525
v 66.214897 0.321606 -0.899178
v 66.212578 0.321606 -0.900871
v 65.894821 0.321606 -0.893499
v 65.952271 0.321606 -0.886126
v 65.894821 0.321606 -0.887819
v 66.212578 0.321606 -0.884389
v 66.119202 0.332494 -0.884389
v 65.894821 0.334260 -0.884389
v 65.952271 0.326572 -0.884389
v 65.894821 0.318885 -0.884389
v 66.119202 0.320651 -0.884389
v 66.235497 0.311862 -0.884389
v 65.894821 0.313707 -0.884389
v 65.952271 0.305675 -0.884389
v 65.894821 0.297642 -0.884389
v 66.235497 0.299487 -0.884389
v 66.155853 0.346345 -0.884389
v 65.894821 0.346783 -0.884389
v 65.952271 0.344875 -0.884389
v 65.894821 0.342966 -0.884389
v 66.155853 0.343404 -0.884389
v 66.214897 0.302644 -0.884389
v 65.894821 0.303375 -0.884389
v 65.952271 0.300193 -0.884389
v 65.894821 0.297011 -0.884389
v 66.214897 0.297742 -0.884389
v 66.237785 0.336997 -0.884389
v 65.894821 0.338870 -0.884389
v 65.952271 0.330716 -0.884389
v 65.894821 0.322562 -0.884389
v 66.237785 0.324434 -0.902405
v 66.278152 0.321606 -0.902878
v 65.894821 0.321606 -0.900818
v 65.952271 0.321606 -0.898757
v 65.894821 0.321606 -0.899230
v 66.278152 0.321606 -0.877700
v 66.239044 0.321606 -0.878343
v 65.894821 0.321606 -0.875542
v 65.952271 0.321606 -0.872741
v 65.894821 0.321606 -0.873384
v 66.239044 0.321606 -0.872751
v 66.206268 0.309827 -0.873796
v 65.894821 0.310871 -0.869247
v 65.952271 0.306323 -0.864699
v 65.894821 0.301775 -0.865744
v 66.206268 0.302820 -0.898006
v 66.155853 0.335081 -0.898316
v 65.894821 0.335391 -0.896966
v 65.952271 0.334042 -0.895616
v 65.894821 0.332692 -0.895926
v 66.155853 0.333002 -0.888992
v 66.189484 0.326068 -0.889600
v 65.894821 0.326676 -0.886954
v 65.952271 0.324030 -0.884308
v 65.894821 0.321384 -0.884916
v 66.189484 0.321991 -0.896027
v 66.281616 0.309827 -0.894983
v 65.894821 0.310871 -0.899531
v 65.952271 0.306323 -0.904079
v 65.894821 0.301775 -0.903034
v 66.281616 0.302820 -0.870773
v 66.155853 0.335081 -0.870463
v 65.894821 0.335391 -0.871812
v 65.952271 0.334042 -0.873162
v 65.894821 0.332692 -0.872852
v 66.155853 0.333002 -0.879786
v 66.228111 0.326068 -0.879178
v 65.894821 0.326676 -0.881824
v 65.952271 0.324030 -0.884470
v 65.894821 0.321384 -0.883863
v 66.228111 0.321991 -0.897043
v 65.894821 0.321606 -0.889356
v 65.952271 0.321606 -0.881668
v 65.894821 0.321606 -0.883434
v 66.119202 0.321606 -0.895277
v 66.119202 0.321606 -0.876811
v 65.894821 0.321606 -0.868458
v 65.952271 0.321606 -0.860105
v 65.894821 0.321606 -0.862023
v 66.206268 0.321606 -0.874892
v 66.206268 0.321606 -0.910627
v 65.894821 0.321606 -0.907658
v 65.952271 0.321606 -0.904688
v 65.894821 0.321606 -0.905370
v 66.155853 0.321606 -0.909945
v 66.155853 0.321606 -0.866158
v 65.894821 0.321606 -0.862976
v 65.952271 0.321606 -0.859794
v 65.894821 0.321606 -0.860525
v 66.214897 0.321606 -0.865427
v 66.214897 0.321606 -0.900871
v 65.894821 0.321606 -0.893499
v 65.952271 0.321606 -0.886126
v 65.894821 0.321606 -0.887819
v 66.212578 0.321606 -0.899178
v 66.212578 0.321606 -0.884389
v 65.894821 0.334260 -0.884389
v 65.952271 0.326572 -0.884389
v 65.894821 0.318885 -0.884389
v 66.119202 0.320651 -0.884389
v 66.119202 0.332494 -0.884389
v 65.894821 0.313707 -0.884389
v 65.952271 0.305675 -0.884389
v 65.894821 0.297642 -0.884389
v 66.235497 0.299487 -0.884389
v 66.235497 0.311862 -0.884389
v 65.894821 0.346783 -0.884389
v 65.952271 0.344875 -0.884389
v 65.894821 0.342966 -0.884389
v 66.155853 0.343404 -0.884389
v 66.155853 0.346345 -0.884389
v 65.894821 0.303375 -0.884389
v 65.952271 0.300193 -0.884389
v 65.894821 0.297011 -0.884389
v 66.214897 0.297742 -0.884389
v 66.214897 0.302644 -0.884389
v 65.894821 0.338870 -0.884389
v 65.952271 0.330716 -0.884389
v 65.894821 0.322562 -0.884389
v 66.237785 0.324434 -0.884389
v 66.237785 0.336997 -0.902878
v 65.894821 0.321606 -0.900818
v 65.952271 0.321606 -0.898757
v 65.894821 0.321606 -0.899230
v 66.278152 0.321606 -0.902405
v 66.278152 0.321606 -0.878343
v 65.894821 0.321606 -0.875542
v 65.952271 0.321606 -0.872741
v 65.894821 0.321606 -0.873384
v 66.239044 0.321606 -0.877700
v 66.239044 0.321606 -0.873796
v 65.894821 0.310871 -0.869247
v 65.952271 0.306323 -0.864699
v 65.894821 0.301775 -0.865744
v 66.206268 0.302820 -0.872751
v 66.206268 0.309827 -0.898316
v 65.894821 0.335391 -0.896966
v 65.952271 0.334042 -0.895616
v 65.894821 0.332692 -0.895926
v 66.155853 0.333002 -0.898006
v 66.155853 0.335081 -0.889600
v 65.894821 0.326676 -0.886954
v 65.952271 0.324030 -0.884308
v 65.894821 0.321384 -0.884916
v 66.189484 0.321991 -0.888992
v 66.189484 0.326068 -0.894983
v 65.894821 0.310871 -0.899531
v 65.952271 0.306323 -0.904079
v 65.894821 0.301775 -0.903034
v 66.281616 0.302820 -0.896027
v 66.281616 0.309827 -0.870463
v 65.894821 0.335391 -0.871812
v 65.952271 0.334042 -0.873162
v 65.894821 0.332692 -0.872852
v 66.155853 0.333002 -0.870773
v 66.155853 0.335081 -0.879178
v 65.894821 0.326676 -0.881824
v 65.952271 0.324030 -0.884470
v 65.894821 0.321384 -0.883863
v 66.228111 0.321991 -0.879786
v 66.228111 0.326068 0.573739
v 65.894821 0.321606 -0.881668
v 65.894821 0.321606 -0.895277
v 66.119202 0.321606 -0.883434
v 66.119202 0.321606 -0.889356
v 65.952271 0.321606 -0.874892
v 66.206268 0.321606 -0.876811
v 65.894821 0.321606 -0.868458
v 65.952271 0.321606 -0.860105
v 65.894821 0.321606 -0.862023
v 66.206268 0.321606 -0.909945
v 66.155853 0.321606 -0.910627
v 65.894821 0.321606 -0.907658
v 65.952271 0.321606 -0.904688
v 65.894821 0.321606 -0.905370
v 66.155853 0.321606 -0.865427
v 66.214897 0.321606 -0.866158
v 65.894821 0.321606 -0.862976
v 65.952271 0.321606 -0.859794
v 65.894821 0.321606 -0.860525
v 66.214897 0.321606 -0.899178
v 66.212578 0.321606 -0.900871
v 65.894821 0.321606 -0.893499
v 65.952271 0.321606 -0.886126
v 65.894821 0.321606 -0.887819
v 66.212578 0.321606 -0.884389
v 66.119202 0.332494 -0.884389
v 65.894821 0.334260 -0.884389
v 65.952271 0.326572 -0.884389
v 65.894821 0.318885 -0.884389
v 66.119202 0.320651 -0.884389
v 66.235497 0.311862 -0.884389
v 65.894821 0.313707 -0.884389
v 65.952271 0.305675 -0.884389
v 65.894821 0.297642 -0.884389
v 66.235497 0.299487 -0.884389
v 66.155853 0.346345 -0.884389
v 65.894821 0.346783 -0.884389
v 65.952271 0.344875 -0.884389
v 65.894821 0.342966 -0.884389
v 66.155853 0.343404 -0.884389
v 66.214897 0.302644 -0.884389
v 65.894821 0.303375 -0.884389
v 65.952271 0.300193 -0.884389
v 65.894821 0.297011 -0.884389
v 66.214897 0.297742 -0.884389
v 66.237785 0.336997 -0.884389
v 65.894821 0.338870 -0.884389
v 65.952271 0.330716 -0.884389
v 65.894821 0.322562 -0.884389
v 66.237785 0.324434 -0.902405
v 66.278152 0.321606 -0.902878
v 65.894821 0.321606 -0.900818
v 65.952271 0.321606 -0.898757
v 65.894821 0.321606 -0.899230
v 66.278152 0.321606 -0.877700
v 66.239044 0.321606 -0.878343
v 65.894821 0.321606 -0.875542
v 65.952271 0.321606 -0.872741
v 65.894821 0.321606 -0.873384
v 66.239044 0.321606 -0.872751
v 66.206268 0.309827 -0.873796
v 65.894821 0.310871 -0.869247
v 65.952271 0.306323 -0.864699
v 65.894821 0.301775 -0.865744
v 66.206268 0.302820 -0.898006
v 66.155853 0.335081 -0.898316
v 65.894821 0.335391 -0.896966
v 65.952271 0.334042 -0.895616
v 65.894821 0.332692 -0.895926
v 66.155853 0.333002 -0.888992
v 66.189484 0.326068 -0.889600
v 65.894821 0.326676 -0.886954
v 65.952271 0.324030 -0.884308
v 65.894821 0.321384 -0.884916
v 66.189484 0.321991 -0.896027
v 66.281616 0.309827 -0.894983
v 65.894821 0.310871 -0.899531
v 65.952271 0.306323 -0.904079
v 65.894821 0.301775 -0.903034
v 66.281616 0.302820 -0.870773
v 66.155853 0.335081 -0.870463
v 65.894821 0.335391 -0.871812
v 65.952271 0.334042 -0.873162
v 65.894821 0.332692 -0.872852
v 66.155853 0.333002 -0.879786
v 66.228111 0.326068 -0.879178
v 65.894821 0.326676 -0.881824
v 65.952271 0.324030 -0.884470
v 65.894821 0.321384 -0.883863
v 66.228111 0.321991 -0.897043
v 65.894821 0.321606 -0.889356
v 65.952271 0.321606 -0.881668
v 65.894821 0.321606 -0.883434
v 66.119202 0.321606 -0.895277
v 66.119202 0.321606 -0.876811
v 65.894821 0.321606 -0.868458
v 65.952271 0.321606 -0.860105
v 65.894821 0.321606 -0.862023
v 66.206268 0.321606 -0.874892
v 66.206268 0.321606 -0.910627
v 65.894821 0.321606 -0.907658
v 65.952271 0.321606 -0.904688
v 65.894821 0.321606 -0.905370
v 66.155853 0.321606 -0.909945
v 66.155853 0.321606 -0.866158
v 65.894821 0.321606 -0.862976
v 65.952271 0.321606 -0.859794
v 65.894821 0.321606 -0.860525
v 66.214897 0.321606 -0.865427
v 66.214897 0.321606 -0.900871
v 65.894821 0.321606 -0.893499
v 65.952271 0.321606 -0.886126
v 65.894821 0.321606 -0.887819
v 66.212578 0.321606 -0.899178
v 66.212578 0.321606 -0.884389
v 65.894821 0.334260 -0.884389
v 65.952271 0.326572 -0.884389
v 65.894821 0.318885 -0.884389
v 66.119202 0.320651 -0.884389
v 66.119202 0.332494 -0.884389
v 65.894821 0.313707 -0.884389
v 65.952271 0.305675 -0.884389
v 65.894821 0.297642 -0.884389
v 66.235497 0.299487 -0.884389
v 66.235497 0.311862 -0.884389
v 65.894821 0.346783 -0.884389
v 65.952271 0.344875 -0.884389
v 65.894821 0.342966 -0.884389
v 66.155853 0.343404 -0.884389
v 66.155853 0.346345 -0.884389
v 65.894821 0.303375 -0.884389
v 65.952271 0.300193 -0.884389
v 65.894821 0.297011 -0.884389
v 66.214897 0.297742 -0.884389
v 66.214897 0.302644 -0.884389
v 65.894821 0.338870 -0.884389
v 65.952271 0.330716 -0.884389
v 65.894821 0.322562 -0.884389
v 66.237785 0.324434 -0.884389
v 66.237785 0.336997 -0.902878
v 65.894821 0.321606 -0.900818
v 65.952271 0.321606 -0.898757
v 65.894821 0.321606 -0.899230
v 66.278152 0.321606 -0.902405
v 66.278152 0.321606 -0.878343
v 65.894821 0.321606 -0.875542
v 65.952271 0.321606 -0.872741
v 65.894821 0.321606 -0.873384
v 66.239044 0.321606 -0.877700
v 66.239044 0.321606 -0.873796
v 65.894821 0.310871 -0.869247
v 65.952271 0.306323 -0.864699
v 65.894821 0.301775 -0.865744
v 66.206268 0.302820 -0.872751
v 66.206268 0.309827 -0.898316
v 65.894821 0.335391 -0.896966
v 65.952271 0.334042 -0.895616
v 65.894821 0.332692 -0.895926
v 66.155853 0.333002 -0.898006
v 66.155853 0.335081 -0.889600
v 65.894821 0.326676 -0.886954
v 65.952271 0.324030 -0.884308
v 65.894821 0.321384 -0.884916
v 66.189484 0.321991 -0.888992
v 66.189484 0.326068 -0.894983
v 65.894821 0.310871 -0.899531
v 65.952271 0.306323 -0.904079
v 65.894821 0.301775 -0.903034
v 66.281616 0.302820 -0.896027
v 66.281616 0.309827 -0.870463
v 65.894821 0.335391 -0.871812
v 65.952271 0.334042 -0.873162
v 65.894821 0.332692 -0.872852
v 66.155853 0.333002 -0.870773
v 66.155853 0.335081 -0.879178
v 65.894821 0.326676 -0.881824
v 65.952271 0.324030 -0.884470
v 65.894821 0.321384 -0.883863
v 66.228111 0.321991 -0.879786
v 66.228111 0.326068 0.249063
v 376.222351 -42.722946 63.555565
v 366.679993 -58.260166 57.055927
v 362.970428 -35.387402 78.829521
v 360.712036 -39.279884 78.829521
v 360.712036 -39.279884 68.368118
v 376.222351 -42.722946 0.823509
v 364.874878 -58.264561 -67.497543
v 374.428741 -40.552391 -79.805901
v 365.838318 -51.937958 -84.593048
v 365.582733 -30.694624 -77.948326
v 350.606110 -47.091839 -67.497543
v 374.428741 -40.552391 0.823365
v 231.318039 -13.318207 -54.563488
v 195.606903 13.040508 -39.980389
v 231.287506 38.659977 -67.055733
v 250.703094 19.997875 -62.345684
v 231.318039 -13.318207 -67.055733
v 250.703094 19.997875 0.877930
v 217.197906 28.218418 59.438911
v 230.017212 10.336891 39.791187
v 229.998260 39.344231 62.634216
v 242.045959 32.938236 65.346771
v 227.130096 38.685116 59.438911
v 230.017212 10.336891 0.765504
v 238.510895 -73.950027 0.357141
v 215.958282 -40.653442 0.090637
v 170.212738 -18.067286 -26.929338
v 206.116226 -33.463654 0.090637
v 170.212738 -18.067286 0.357141
v 238.510895 -73.950027 0.357141
v 215.958282 -40.653442 -26.929338
v 206.116226 -33.463654 0.025279
v 203.380600 18.822716 49.626240
v 213.839569 27.370949 30.253353
v 184.842224 28.254982 58.202721
v 204.669922 34.013088 49.626240
v 213.839569 27.370949 58.202721
v 204.669922 34.013088 0.765504
v 222.882339 58.737144 12.822823
v 196.031967 29.710186 32.850361
v 198.934052 35.688301 -0.700522
v 157.215057 37.476448 -0.700522
v 157.215057 37.476448 12.822823
v 196.031967 29.710186 0.823365
v 168.972137 6.159904 23.258699
v 173.917542 11.466557 35.461376
v 175.341049 9.870674 27.862543
v 181.202057 13.511364 27.855852
v 178.909607 3.494701 23.258699
v 173.917542 11.466557 0.765504
v 189.938278 -29.926023 4.136611
v 162.857574 -23.892721 12.647026
v 185.080200 -35.479733 18.147375
v 218.039581 -34.861816 18.147375
v 218.039581 -34.861816 12.647026
v 185.080200 -35.479733 4.136611
v 162.857574 -23.892721 30.682693
v 189.938278 -29.926023 0.233082
v 152.729050 17.107311 19.252092
v 165.548370 10.204601 6.683108
v 165.529419 28.233135 17.718849
v 177.577118 20.195477 25.159941
v 162.661224 27.574020 19.252092
v 165.548370 10.204601 0.765504
v 130.443207 11.082951 21.035872
v 154.268982 44.286797 16.414253
v 158.068207 36.980434 11.854168
v 159.298203 48.545326 16.414253
v 158.068207 36.980434 11.854168
v 159.298203 48.545326 0.765504
v 197.230164 37.676506 -18.362324
v 153.813904 36.861542 -27.720924
v 168.224609 28.620327 -3.594732
v 115.446793 15.558750 -3.594732
v 115.446793 15.558750 -18.362324
v 153.813904 36.861542 0.823365
v 152.494888 -25.630562 56.945282
v 169.045593 -21.029163 46.577042
v 196.371521 -27.261295 30.159733
v 157.883026 0.028360 -3.889435
v 140.235840 -0.758438 56.945282
v 169.045593 -21.029163 0.765504
v 148.771164 44.699493 5.981920
v 120.890976 -8.933617 -2.060423
v 98.035538 -1.929893 62.592422
v 163.870316 7.932697 5.981920
v 120.890976 -8.933617 5.981920
v 120.890976 -8.933617 0.765504
v 123.153488 5.260397 -21.252726
v 141.517593 10.758156 -18.580168
v 139.748291 1.875408 -29.869801
v 136.130066 5.813219 -18.580168
v 139.748291 1.875408 -29.869801
v 136.130066 5.813219 0.765504
v 114.119415 0.977558 -2.036021
v 113.747147 8.770973 -10.237209
v 111.553436 7.111616 -2.657123
v 104.429260 5.892349 -10.237209
v 111.553436 7.111616 -2.657123
v 104.429260 5.892349 0.765504
v 104.274185 -1.536982 18.863813
v 112.149719 3.372675 14.709467
v 108.579773 -7.201571 0.631774
v 98.052032 2.245214 14.709467
v 108.579773 -7.201571 0.631774
v 98.052032 2.245214 0.765504
v 93.949036 -1.536982 -1.645785
v 93.475922 3.372675 -0.519194
v 90.687958 -7.201571 1.922982
v 81.633850 2.245214 -0.519194
v 90.687958 -7.201571 1.922982
v 81.633850 2.245214 0.765504
v 55.099640 -3.163036 14.359043
v 67.633362 -9.243279 -4.617654
v 68.244141 -5.561987 9.217581
v 73.099243 14.847572 -4.617654
v 68.244141 -5.561987 9.217581
v 73.099243 14.847572 0.765504
v -10.934479 74.510628 2.210105
v -10.934479 97.503952 -66.037903
v -10.934479 66.747795 -96.789032
v -10.934479 13.131729 -79.374886
v -10.906799 -69.332870 49.254955
v 22.085831 43.269043 6.034842
v 22.539932 63.647942 -35.572655
v 19.110916 45.849190 -59.056301
v 22.957932 6.935162 -40.371460
v 29.744781 -35.189484 47.536465
v 37.647400 41.764679 29.471550
v 31.489090 44.987968 -21.375399
v 46.943466 41.720749 -42.450680
v 24.726639 -8.000326 -39.797195
v 51.048798 -34.686775 33.887524
v 42.428467 29.816463 18.263407
v 38.491974 31.911777 -13.575685
v 50.238434 32.810818 -25.106468
v 30.344345 -2.056324 -27.198820
v 56.729691 -23.658218 2.122556
v 17.217804 2.009571 0.768972
v 48.924423 54.935448 6.030704
v 48.617844 39.350220 -35.679035
v 27.929535 24.187641 -22.508070
v 30.066574 18.573296 39.087616
v -10.934479 78.547691 -65.864471
v -10.934479 36.595394 96.789032
v -10.934479 -10.537511 57.274048
v -10.934479 -74.116554 0.060916
v -10.934479 -97.503952 63.736664
v 22.539932 -2.267252 40.589699
v 19.110901 -41.154236 -1.089147
v 22.957932 -59.283127 48.341389
v 31.489090 23.432152 38.375847
v 46.943451 -26.535585 -13.696427
v 24.726608 -40.847511 33.897305
v 38.491974 14.052505 30.576134
v 50.238419 -17.625648 -5.510036
v 30.344345 -24.442158 54.404076
v 48.924408 -6.334171 39.651978
v 48.617844 0.943233 19.104486
v 27.929520 -38.393864 15.282013
v 30.066574 -24.595892 82.878304
v -10.934479 28.523739 27.409647
v -10.934479 -69.955482 2.122556
v 17.217804 2.009571 84.943481
v -10.934479 74.510628 49.254955
v 22.085831 43.269043 -79.374886
v -10.906799 -69.332870 -40.371460
v 29.744781 -35.189484 47.536465
v 37.647400 41.764679 -39.797195
v 51.048798 -34.686775 33.887524
v 42.428467 29.816463 -27.198820
v 56.729691 -23.658218 2.122556
v 17.217804 2.009571 2.122556
v 17.217804 2.009571 0.006249
v 420.478516 -2.936552 -2.513774
v 364.393982 91.299599 -2.513774
v 364.393036 -97.181816 54.249485
v 358.216705 -28.881691 83.192207
v 364.393036 44.186089 -3.255528
v 225.036438 56.352875 -3.255528
v 231.696762 -36.049145 32.525150
v 226.681519 -28.663912 -3.585357
v 163.371796 -5.115971 56.902176
v 374.000153 -34.810997 55.747765
v 363.044342 -55.770355 72.660339
v 354.448547 -32.110512 -3.255528
v 252.034485 -70.250877 -60.775326
v 363.044342 -55.770355 -88.219742
v 364.393036 44.186089 -31.562210
v 215.124741 -28.663912 -45.025764
v 200.988922 18.381958 -61.929710
v 374.000153 -34.810997 -75.013351
v 345.852783 -42.034920 -80.362465
v 363.044342 -22.186100 -36.679207
v 237.061722 40.240936 -58.382294
v 257.708862 25.830650 -53.373493
v 237.094208 -9.598642 52.371861
v 236.517044 1.607845 46.708832
v 222.860718 20.589645 36.609558
v 236.496887 32.455086 55.769783
v 249.308777 25.642780 55.747765
v 363.044342 -55.770355 54.249485
v 358.216705 -28.881691 72.660339
v 354.448547 -32.110512 -2.513774
v 420.478516 -2.936552 -2.513774
v 420.478516 -2.936552 -2.513774
v 364.393036 -97.181816 -3.255528
v 252.034485 -70.250877 -3.255528
v 231.696762 -36.049145 -60.775326
v 363.044342 -55.770355 -80.362465
v 363.044342 -22.186100 -3.585357
v 163.371796 -5.115971 -3.585357
v 163.371796 -5.115971 -3.585357
v 163.371796 -5.115971 -45.025764
v 200.988922 18.381958 -2.513774
v 420.478516 -2.936552 -2.513774
v 364.393036 -97.181816 -2.513774
v 420.478516 -2.936552 -60.775326
v 363.044342 -55.770355 -60.775326
v 363.044342 -55.770355 -2.513774
v 420.478516 -2.936552 -2.513774
v 364.393982 91.299599 -2.513774
v 364.393982 91.299599 -88.219742
v 364.393036 44.186089 -2.513774
v 364.393036 -97.181816 -3.585357
v 163.371796 -5.115971 32.525150
v 226.681519 -28.663912 -3.585357
v 163.371796 -5.115971 46.708832
v 222.860718 20.589645 -3.255528
v 225.036438 56.352875 72.660339
v 354.448547 -32.110512 -2.513774
v 364.393982 91.299599 83.192207
v 364.393036 44.186089 72.660339
v 354.448547 -32.110512 0.822850

vt 0.500000 0.500000
vt 0.500000 1.000000
vt 0.000000 0.500000
vt 0.000000 1.000000
vt 0.000000 1.000000
vt 0.000000 0.500000
vt 0.500000 1.000000
vt 0.500000 1.000000
vt 0.000000 0.500000
vt 0.000000 1.000000
vt 0.500000 0.500000
vt 0.500000 1.000000
vt 0.500000 0.750000
vt 0.500000 1.000000
vt 1.000000 0.750000
vt 1.000000 1.000000
vt 0.500000 0.750000
vt 0.500000 1.000000
vt 1.000000 0.750000
vt 1.000000 1.000000
vt 0.500000 0.750000
vt 0.500000 1.000000
vt 1.000000 0.750000
vt 1.000000 1.000000
vt 0.500000 0.750000
vt 0.500000 1.000000
vt 1.000000 0.750000
vt 1.000000 1.000000
vt 0.500000 0.750000
vt 0.500000 1.000000
vt 1.000000 0.750000
vt 1.000000 1.000000
vt 0.500000 0.750000
vt 0.500000 1.000000
vt 1.000000 0.750000
vt 1.000000 1.000000
vt 0.500000 0.750000
vt 0.500000 1.000000
vt 1.000000 0.750000
vt 1.000000 1.000000
vt 0.500000 0.750000
vt 0.500000 1.000000
vt 1.000000 0.750000
vt 1.000000 1.000000
vt 0.500000 0.750000
vt 0.500000 1.000000
vt 1.000000 0.750000
vt 1.000000 1.000000
vt 0.500000 0.750000
vt 0.500000 1.000000
vt 1.000000 0.750000
vt 1.000000 1.000000
vt 0.500000 0.750000
vt 0.500000 1.000000
vt 1.000000 0.750000
vt 1.000000 1.000000
vt 0.500000 0.750000
vt 0.500000 1.000000
vt 1.000000 0.750000
vt 1.000000 1.000000
vt 0.500000 0.750000
vt 0.500000 1.000000
vt 1.000000 0.750000
vt 1.000000 1.000000
vt 0.500000 0.750000
vt 0.500000 1.000000
vt 1.000000 0.750000
vt 1.000000 1.000000
vt 0.500000 0.750000
vt 0.500000 1.000000
vt 1.000000 0.750000
vt 1.000000 1.000000
vt 0.500000 0.750000
vt 0.500000 1.000000
vt 1.000000 0.750000
vt 1.000000 1.000000
vt 0.500000 0.750000
vt 0.500000 1.000000
vt 1.000000 0.750000
vt 1.000000 1.000000
vt 0.500000 0.750000
vt 0.500000 1.000000
vt 1.000000 0.750000
vt 1.000000 1.000000
vt 0.500000 0.750000
vt 0.500000 1.000000
vt 1.000000 0.750000
vt 1.000000 1.000000
vt 0.500000 0.750000
vt 0.500000 1.000000
vt 1.000000 0.750000
vt 1.000000 1.000000
vt 0.500000 0.750000
vt 0.500000 1.000000
vt 1.000000 0.750000
vt 1.000000 1.000000
vt 0.500000 0.750000
vt 0.500000 1.000000
vt 1.000000 0.750000
vt 1.000000 1.000000
vt 0.500000 0.750000
vt 0.500000 1.000000
vt 1.000000 0.750000
vt 1.000000 1.000000
vt 0.500000 0.750000
vt 0.500000 1.000000
vt 1.000000 0.750000
vt 1.000000 1.000000
vt 0.778853 0.040836
vt 0.663412 0.045116
vt 0.661305 0.043730
vt 0.663247 0.042419
vt 0.663248 0.041381
vt 0.302252 0.044975
vt 0.302252 0.043792
vt 0.302252 0.044300
vt 0.235262 0.043712
vt 0.725678 0.044193
vt 0.663247 0.043211
vt 0.663247 0.045007
vt 0.415361 0.043730
vt 0.663247 0.042419
vt 0.663248 0.043792
vt 0.302252 0.042669
vt 0.302118 0.043712
vt 0.725678 0.043739
vt 0.586280 0.043211
vt 0.663247 0.041910
vt 0.376651 0.042496
vt 0.435354 0.043190
vt 0.382847 0.043190
vt 0.382847 0.042669
vt 0.302118 0.041910
vt 0.376651 0.042496
vt 0.435354 0.044207
vt 0.661612 0.043749
vt 0.661612 0.043739
vt 0.586280 0.043195
vt 0.780591 0.041456
vt 0.776957 0.045102
vt 0.661612 0.045007
vt 0.415361 0.044975
vt 0.302252 0.043749
vt 0.661612 0.043235
vt 0.661612 0.044300
vt 0.235262 0.043268
vt 0.235210 0.042025
vt 0.236626 0.042228
vt 0.302252 0.044252
vt 0.778853 0.045116
vt 0.661305 0.043195
vt 0.780591 0.044193
vt 0.663247 0.044207
vt 0.661612 0.041456
vt 0.776957 0.040836
vt 0.663412 0.040840
vt 0.661829 0.042452
vt 0.661612 0.045102
vt 0.661612 0.043268
vt 0.235210 0.043792
vt 0.302252 0.042025
vt 0.236626 0.042228
vt 0.302252 0.041381
vt 0.302252 0.043739
vt 0.586280 0.040840
vt 0.661829 0.042452
vt 0.661612 0.043235
vt 0.661612 1.000000
vt 0.000000 0.000000
vt 0.000000 1.000000
vt 1.000000 0.000000
vt 1.000000 1.000000
vt 0.000000 0.000000
vt 0.000000 1.000000
vt 1.000000 0.000000
vt 1.000000 1.000000
vt 0.000000 0.000000
vt 0.000000 1.000000
vt 1.000000 0.000000
vt 1.000000 1.000000
vt 0.000000 0.000000
vt 0.000000 1.000000
vt 1.000000 0.000000
vt 1.000000 1.000000
vt 0.000000 0.000000
vt 0.000000 1.000000
vt 1.000000 0.000000
vt 1.000000 1.000000
vt 0.000000 0.000000
vt 0.000000 1.000000
vt 1.000000 0.000000
vt 1.000000 1.000000
vt 0.000000 0.000000
vt 0.000000 1.000000
vt 1.000000 0.000000
vt 1.000000 1.000000
vt 0.000000 0.000000
vt 0.000000 1.000000
vt 1.000000 0.000000
vt 1.000000 1.000000
vt 0.000000 0.000000
vt 0.000000 1.000000
vt 1.000000 0.000000
vt 1.000000 1.000000
vt 0.000000 0.000000
vt 0.000000 1.000000
vt 1.000000 0.000000
vt 1.000000 1.000000
vt 0.000000 0.000000
vt 0.000000 1.000000
vt 1.000000 0.000000
vt 1.000000 1.000000
vt 0.000000 0.000000
vt 0.000000 1.000000
vt 1.000000 0.000000
vt 1.000000 1.000000
vt 0.000000 0.000000
vt 0.000000 1.000000
vt 1.000000 0.000000
vt 1.000000 1.000000
vt 0.000000 0.000000
vt 0.000000 1.000000
vt 1.000000 0.000000
vt 1.000000 1.000000
vt 0.000000 0.000000
vt 0.000000 1.000000
vt 1.000000 0.000000
vt 1.000000 1.000000
vt 0.000000 0.000000
vt 0.000000 1.000000
vt 1.000000 0.000000
vt 1.000000 1.000000
vt 0.000000 0.000000
vt 0.000000 1.000000
vt 1.000000 0.000000
vt 1.000000 1.000000
vt 0.000000 0.000000
vt 0.000000 1.000000
vt 1.000000 0.000000
vt 1.000000 1.000000
vt 0.000000 0.000000
vt 0.000000 1.000000
vt 1.000000 0.000000
vt 1.000000 1.000000
vt 0.000000 0.000000
vt 0.000000 1.000000
vt 1.000000 0.000000
vt 1.000000 1.000000
vt 0.000000 0.000000
vt 0.000000 1.000000
vt 1.000000 0.000000
vt 1.000000 1.000000
vt 0.000000 0.000000
vt 0.000000 1.000000
vt 1.000000 0.000000
vt 1.000000 1.000000
vt 0.000000 0.000000
vt 0.000000 1.000000
vt 1.000000 0.000000
vt 1.000000 1.000000
vt 0.000000 0.000000
vt 0.000000 1.000000
vt 1.000000 0.000000
vt 1.000000 1.000000
vt 0.000000 0.000000
vt 0.000000 1.000000
vt 1.000000 0.000000
vt 1.000000 1.000000
vt 0.000000 0.000000
vt 0.000000 1.000000
vt 1.000000 0.000000
vt 1.000000 1.000000
vt 0.000000 0.000000
vt 0.000000 1.000000
vt 1.000000 0.000000
vt 1.000000 1.000000
vt 0.000000 0.000000
vt 0.000000 1.000000
vt 1.000000 0.000000
vt 1.000000 1.000000
vt 0.000000 0.000000
vt 0.000000 1.000000
vt 1.000000 0.000000
vt 1.000000 1.000000
vt 0.000000 0.000000
vt 0.000000 1.000000
vt 1.000000 0.000000
vt 1.000000 1.000000
vt 0.000000 0.000000
vt 0.000000 1.000000
vt 1.000000 0.000000
vt 1.000000 1.000000
vt 0.000000 0.000000
vt 0.000000 1.000000
vt 1.000000 0.000000
vt 1.000000 1.000000
vt 0.000000 0.000000
vt 0.000000 1.000000
vt 1.000000 0.000000
vt 1.000000 1.000000
vt 0.000000 0.000000
vt 0.000000 1.000000
vt 1.000000 0.000000
vt 1.000000 1.000000
vt 0.000000 0.000000
vt 0.000000 1.000000
vt 1.000000 0.000000
vt 1.000000 1.000000
vt 0.000000 0.000183
vt 0.000000 1.000000
vt 0.022723 0.000183
vt 0.022723 1.000000
vt 0.045445 0.000183
vt 0.045445 1.000000
vt 0.068168 0.000183
vt 0.068168 1.000000
vt 0.090891 0.000183
vt 0.090891 1.000000
vt 0.113614 0.000183
vt 0.113614 1.000000
vt 0.136336 0.000183
vt 0.136336 1.000000
vt 0.159059 0.000183
vt 0.159059 1.000000
vt 0.181782 0.000183
vt 0.181782 1.000000
vt 0.204504 0.000183
vt 0.204504 1.000000
vt 0.227227 0.000183
vt 0.227227 1.000000
vt 0.249950 0.000183
vt 0.249950 1.000000
vt 0.272672 0.000183
vt 0.272672 1.000000
vt 0.295395 0.000183
vt 0.295395 1.000000
vt 0.318118 0.000183
vt 0.318118 1.000000
vt 0.340840 0.000183
vt 0.340840 1.000000
vt 0.363563 0.000183
vt 0.363563 1.000000
vt 0.386286 0.000183
vt 0.386286 1.000000
vt 0.409009 0.000183
vt 0.409009 1.000000
vt 0.431731 0.000183
vt 0.431731 1.000000
vt 0.454454 0.000183
vt 0.454454 1.000000
vt 0.477177 0.000183
vt 0.477177 1.000000
vt 0.499899 0.000183
vt 0.499899 1.000000
vt 0.522622 0.000183
vt 0.522622 1.000000
vt 0.545345 0.000183
vt 0.545345 1.000000
vt 0.568067 0.000183
vt 0.568067 1.000000
vt 0.590790 0.000183
vt 0.590790 1.000000
vt 0.613513 0.000183
vt 0.613513 1.000000
vt 0.636235 0.000183
vt 0.636235 1.000000
vt 0.658958 0.000183
vt 0.658958 1.000000
vt 0.681681 0.000183
vt 0.681681 1.000000
vt 0.704404 0.000183
vt 0.704404 1.000000
vt 0.727126 0.000183
vt 0.727126 1.000000
vt 0.749849 0.000183
vt 0.749849 1.000000
vt 0.772572 0.000183
vt 0.772572 1.000000
vt 0.795294 0.000183
vt 0.795294 1.000000
vt 0.818017 0.000183
vt 0.818017 1.000000
vt 0.840739 0.000183
vt 0.840739 1.000000
vt 0.863463 0.000183
vt 0.863463 1.000000
vt 0.886185 0.000183
vt 0.886185 1.000000
vt 0.908908 0.000183
vt 0.908908 1.000000
vt 0.931630 0.000183
vt 0.931630 1.000000
vt 0.954353 0.000183
vt 0.954353 1.000000
vt 0.977076 0.000183
vt 0.977076 0.999817
vt 1.000000 0.000000
vt 1.000000 1.000000
vt 0.668134 0.000000
vt 0.668134 0.250000
vt 1.000000 0.000000
vt 1.000000 0.250000
vt 0.668134 0.000000
vt 0.668134 0.250000
vt 1.000000 0.000000
vt 1.000000 0.250000
vt 0.668134 0.000000
vt 0.668134 0.250000
vt 1.000000 0.000000
vt 1.000000 0.250000
vt 0.668134 0.000000
vt 0.668134 0.250000
vt 1.000000 0.000000
vt 1.000000 1.000000
vt 0.668936 0.751955
vt 0.668936 1.000000
vt 1.000000 0.751955
vt 1.000000 1.000000
vt 0.668936 0.751955
vt 0.668936 1.000000
vt 1.000000 0.751955
vt 1.000000 1.000000
vt 0.668936 0.751955
vt 0.668936 1.000000
vt 1.000000 0.751955
vt 1.000000 1.000000
vt 0.668936 0.751955
vt 0.668936 1.000000
vt 1.000000 0.751955
vt 1.000000 1.000000
vt 0.334799 0.750000
vt 0.334799 1.000000
vt 0.667485 0.750000
vt 0.667485 1.000000
vt 0.334799 0.750000
vt 0.334799 1.000000
vt 0.667485 0.750000
vt 0.667485 1.000000
vt 0.334799 0.750000
vt 0.334799 1.000000
vt 0.667485 0.750000
vt 0.667485 1.000000
vt 0.334799 0.750000
vt 0.334799 1.000000
vt 0.667485 0.750000
vt 0.667485 1.000000
vt 0.041108 0.465630
vt 0.041108 0.553163
vt 0.041108 0.553163
vt 0.958431 0.509396
vt 0.499770 0.747734
vt 0.041108 0.660201
vt 0.041108 0.703968
vt 0.499770 0.660201
vt 0.041108 0.747734
vt 0.958431 0.747734
vt 0.041108 0.660201
vt 0.041108 0.703968
vt 0.499770 0.660201
vt 0.041108 0.747734
vt 0.958431 0.747734
vt 0.041108 0.660201
vt 0.041108 0.703968
vt 0.499770 0.660201
vt 0.041108 0.747734
vt 0.958431 0.747734
vt 0.041108 0.660201
vt 0.041108 0.703968
vt 0.499770 0.660201
vt 0.041108 0.747734
vt 0.958431 0.747734
vt 0.041108 0.660201
vt 0.041108 0.703968
vt 0.499770 0.660201
vt 0.041108 0.747734
vt 0.958431 0.747734
vt 0.041108 0.660201
vt 0.041108 0.703968
vt 0.499770 0.660201
vt 0.041108 0.747734
vt 0.958431 0.553163
vt 0.041108 0.465630
vt 0.041108 0.509396
vt 0.499770 0.465630
vt 0.041108 0.553163
vt 0.958431 0.276171
vt 0.041108 0.188638
vt 0.041108 0.232405
vt 0.499770 0.188638
vt 0.041108 0.276171
vt 0.958431 0.276171
vt 0.041108 0.188638
vt 0.041108 0.232405
vt 0.499770 0.188638
vt 0.041108 0.276171
vt 0.958431 0.747734
vt 0.041108 0.660201
vt 0.041108 0.703968
vt 0.499770 0.660201
vt 0.041108 0.747734
vt 0.958431 0.747734
vt 0.041108 0.660201
vt 0.041108 0.703968
vt 0.499770 0.660201
vt 0.041108 0.747734
vt 0.958431 0.553163
vt 0.041108 0.465630
vt 0.041108 0.509396
vt 0.499770 0.465630
vt 0.041108 0.553163
vt 0.958431 0.553163
vt 0.041108 0.465630
vt 0.041108 0.509396
vt 0.499770 0.465630
vt 0.041108 0.553163
vt 0.958431 0.276171
vt 0.041108 0.188638
vt 0.041108 0.232405
vt 0.499770 0.188638
vt 0.041108 0.276171
vt 0.958431 0.276171
vt 0.041108 0.188638
vt 0.041108 0.232405
vt 0.499770 0.188638
vt 0.041108 0.276171
vt 0.958431 0.276171
vt 0.041108 0.188638
vt 0.041108 0.232405
vt 0.499770 0.188638
vt 0.041108 0.276171
vt 0.958431 0.747734
vt 0.041108 0.660201
vt 0.041108 0.703968
vt 0.499770 0.660201
vt 0.041108 0.747734
vt 0.958431 0.553163
vt 0.041108 0.509396
vt 0.499769 0.465630
vt 0.958431 0.465630
vt 0.958431 0.553163
vt 0.958431 0.747734
vt 0.041108 0.703968
vt 0.499769 0.660201
vt 0.958431 0.660201
vt 0.958431 0.747734
vt 0.958431 0.747734
vt 0.041108 0.703968
vt 0.499769 0.660201
vt 0.958431 0.660201
vt 0.958431 0.747734
vt 0.958431 0.747734
vt 0.041108 0.703968
vt 0.499769 0.660201
vt 0.958431 0.660201
vt 0.958431 0.747734
vt 0.958431 0.747734
vt 0.041108 0.703968
vt 0.499769 0.660201
vt 0.958431 0.660201
vt 0.958431 0.747734
vt 0.958431 0.747734
vt 0.041108 0.703968
vt 0.499769 0.660201
vt 0.958431 0.660201
vt 0.958431 0.747734
vt 0.958431 0.747734
vt 0.041108 0.703968
vt 0.499769 0.660201
vt 0.958431 0.660201
vt 0.958431 0.747734
vt 0.958431 0.553163
vt 0.041108 0.509396
vt 0.499769 0.465630
vt 0.958431 0.465630
vt 0.958431 0.553163
vt 0.958431 0.276171
vt 0.041108 0.232405
vt 0.499769 0.188638
vt 0.958431 0.188638
vt 0.958431 0.276171
vt 0.958431 0.276171
vt 0.041108 0.232405
vt 0.499769 0.188638
vt 0.958431 0.188638
vt 0.958431 0.276171
vt 0.958431 0.747734
vt 0.041108 0.703968
vt 0.499769 0.660201
vt 0.958431 0.660201
vt 0.958431 0.747734
vt 0.958431 0.747734
vt 0.041108 0.703968
vt 0.499769 0.660201
vt 0.958431 0.660201
vt 0.958431 0.747734
vt 0.958431 0.553163
vt 0.041108 0.509396
vt 0.499769 0.465630
vt 0.958431 0.465630
vt 0.958431 0.553163
vt 0.958431 0.553163
vt 0.041108 0.509396
vt 0.499769 0.465630
vt 0.958431 0.465630
vt 0.958431 0.553163
vt 0.958431 0.276171
vt 0.041108 0.232405
vt 0.499769 0.188638
vt 0.958431 0.188638
vt 0.958431 0.276171
vt 0.958431 0.276171
vt 0.041108 0.232405
vt 0.499769 0.188638
vt 0.958431 0.188638
vt 0.958431 0.276171
vt 0.958431 0.276171
vt 0.041108 0.232405
vt 0.499769 0.188638
vt 0.958431 0.188638
vt 0.958431 0.276171
vt 0.958431 0.747734
vt 0.041108 0.703968
vt 0.499769 0.660201
vt 0.958431 0.660201
vt 0.958431 0.747734
vt 0.958431 1.000000
vt 0.037303 0.410019
vt 0.037303 0.463727
vt 0.037304 0.463727
vt 0.969888 0.436873
vt 0.503596 0.550246
vt 0.037304 0.496538
vt 0.037303 0.523392
vt 0.503596 0.496538
vt 0.037303 0.550246
vt 0.969888 0.550246
vt 0.037304 0.496538
vt 0.037303 0.523392
vt 0.503596 0.496538
vt 0.037303 0.550246
vt 0.969888 0.550246
vt 0.037304 0.496538
vt 0.037303 0.523392
vt 0.503596 0.496538
vt 0.037303 0.550246
vt 0.969888 0.550246
vt 0.037304 0.496538
vt 0.037303 0.523392
vt 0.503596 0.496538
vt 0.037303 0.550246
vt 0.969888 0.550246
vt 0.037304 0.496538
vt 0.037303 0.523392
vt 0.503596 0.496538
vt 0.037303 0.550246
vt 0.969888 0.550246
vt 0.037304 0.496538
vt 0.037303 0.523392
vt 0.503596 0.496538
vt 0.037303 0.550246
vt 0.969888 0.463727
vt 0.037304 0.410019
vt 0.037303 0.436873
vt 0.503596 0.410019
vt 0.037303 0.463727
vt 0.969888 0.344356
vt 0.037304 0.290648
vt 0.037303 0.317502
vt 0.503596 0.290648
vt 0.037303 0.344356
vt 0.969888 0.344356
vt 0.037304 0.290648
vt 0.037303 0.317502
vt 0.503596 0.290648
vt 0.037303 0.344356
vt 0.969888 0.550246
vt 0.037304 0.496538
vt 0.037303 0.523392
vt 0.503596 0.496538
vt 0.037303 0.550246
vt 0.969888 0.550246
vt 0.037304 0.496538
vt 0.037303 0.523392
vt 0.503596 0.496538
vt 0.037303 0.550246
vt 0.969888 0.463727
vt 0.037304 0.410019
vt 0.037303 0.436873
vt 0.503596 0.410019
vt 0.037303 0.463727
vt 0.969888 0.463727
vt 0.037304 0.410019
vt 0.037303 0.436873
vt 0.503596 0.410019
vt 0.037303 0.463727
vt 0.969888 0.344356
vt 0.037304 0.290648
vt 0.037303 0.317502
vt 0.503596 0.290648
vt 0.037303 0.344356
vt 0.969888 0.344356
vt 0.037304 0.290648
vt 0.037303 0.317502
vt 0.503596 0.290648
vt 0.037303 0.344356
vt 0.969888 0.344356
vt 0.037304 0.290648
vt 0.037303 0.317502
vt 0.503596 0.290648
vt 0.037303 0.344356
vt 0.969888 0.550246
vt 0.037304 0.496538
vt 0.037303 0.523392
vt 0.503596 0.496538
vt 0.037303 0.550246
vt 0.969888 0.463727
vt 0.037303 0.436873
vt 0.503596 0.410019
vt 0.969888 0.410019
vt 0.969888 0.463727
vt 0.969888 0.550246
vt 0.037303 0.523392
vt 0.503596 0.496538
vt 0.969888 0.496538
vt 0.969888 0.550246
vt 0.969888 0.550246
vt 0.037303 0.523392
vt 0.503596 0.496538
vt 0.969888 0.496538
vt 0.969888 0.550246
vt 0.969888 0.550246
vt 0.037303 0.523392
vt 0.503596 0.496538
vt 0.969888 0.496538
vt 0.969888 0.550246
vt 0.969888 0.550246
vt 0.037303 0.523392
vt 0.503596 0.496538
vt 0.969888 0.496538
vt 0.969888 0.550246
vt 0.969888 0.550246
vt 0.037303 0.523392
vt 0.503596 0.496538
vt 0.969888 0.496538
vt 0.969888 0.550246
vt 0.969888 0.550246
vt 0.037303 0.523392
vt 0.503596 0.496538
vt 0.969888 0.496538
vt 0.969888 0.550246
vt 0.969888 0.463727
vt 0.037303 0.436873
vt 0.503596 0.410019
vt 0.969888 0.410019
vt 0.969888 0.463727
vt 0.969888 0.344356
vt 0.037303 0.317502
vt 0.503596 0.290648
vt 0.969888 0.290648
vt 0.969888 0.344356
vt 0.969888 0.344356
vt 0.037303 0.317502
vt 0.503596 0.290648
vt 0.969888 0.290648
vt 0.969888 0.344356
vt 0.969888 0.550246
vt 0.037303 0.523392
vt 0.503596 0.496538
vt 0.969888 0.496538
vt 0.969888 0.550246
vt 0.969888 0.550246
vt 0.037303 0.523392
vt 0.503596 0.496538
vt 0.969888 0.496538
vt 0.969888 0.550246
vt 0.969888 0.463727
vt 0.037303 0.436873
vt 0.503596 0.410019
vt 0.969888 0.410019
vt 0.969888 0.463727
vt 0.969888 0.463727
vt 0.037303 0.436873
vt 0.503596 0.410019
vt 0.969888 0.410019
vt 0.969888 0.463727
vt 0.969888 0.344356
vt 0.037303 0.317502
vt 0.503596 0.290648
vt 0.969888 0.290648
vt 0.969888 0.344356
vt 0.969888 0.344356
vt 0.037303 0.317502
vt 0.503596 0.290648
vt 0.969888 0.290648
vt 0.969888 0.344356
vt 0.969888 0.344356
vt 0.037303 0.317502
vt 0.503596 0.290648
vt 0.969888 0.290648
vt 0.969888 0.344356
vt 0.969888 0.550246
vt 0.037303 0.523392
vt 0.503596 0.496538
vt 0.969888 0.496538
vt 0.969888 0.550246
vt 0.969888 1.000000
vt 0.000000 0.000000
vt -0.000000 1.000000
vt 0.022721 0.000000
vt 0.022721 1.000000
vt 0.045443 0.000000
vt 0.045442 1.000000
vt 0.068164 0.000000
vt 0.068164 1.000000
vt 0.090885 0.000000
vt 0.090885 1.000000
vt 0.113606 0.000000
vt 0.113606 1.000000
vt 0.136328 0.000000
vt 0.136328 1.000000
vt 0.159049 0.000000
vt 0.159049 1.000000
vt 0.181770 0.000000
vt 0.181770 1.000000
vt 0.204492 0.000000
vt 0.204491 1.000000
vt 0.227213 0.000000
vt 0.227213 1.000000
vt 0.249934 0.000000
vt 0.249934 1.000000
vt 0.272655 0.000000
vt 0.272655 1.000000
vt 0.295377 0.000000
vt 0.295377 1.000000
vt 0.318098 0.000000
vt 0.318098 1.000000
vt 0.340819 0.000000
vt 0.340819 1.000000
vt 0.363540 0.000000
vt 0.363540 1.000000
vt 0.386262 0.000000
vt 0.386262 1.000000
vt 0.408983 0.000000
vt 0.408983 1.000000
vt 0.431704 0.000000
vt 0.431704 1.000000
vt 0.454426 0.000000
vt 0.454426 1.000000
vt 0.477147 0.000000
vt 0.477147 1.000000
vt 0.499868 0.000000
vt 0.499868 1.000000
vt 0.522589 0.000000
vt 0.522589 1.000000
vt 0.545311 0.000000
vt 0.545311 1.000000
vt 0.568032 0.000000
vt 0.568032 1.000000
vt 0.590753 0.000000
vt 0.590753 1.000000
vt 0.613474 0.000000
vt 0.613474 1.000000
vt 0.636196 0.000000
vt 0.636196 1.000000
vt 0.658917 0.000000
vt 0.658917 1.000000
vt 0.681638 0.000000
vt 0.681638 1.000000
vt 0.704360 0.000000
vt 0.704359 1.000000
vt 0.727081 0.000000
vt 0.727081 1.000000
vt 0.749802 0.000000
vt 0.749802 1.000000
vt 0.772524 0.000000
vt 0.772523 1.000000
vt 0.795245 0.000000
vt 0.795245 1.000000
vt 0.817966 0.000000
vt 0.817966 1.000000
vt 0.840687 0.000000
vt 0.840687 1.000000
vt 0.863409 0.000000
vt 0.863409 1.000000
vt 0.886130 0.000000
vt 0.886130 1.000000
vt 0.908851 0.000000
vt 0.908851 1.000000
vt 0.931572 0.000000
vt 0.931572 1.000000
vt 0.954294 0.000000
vt 0.954294 1.000000
vt 0.977015 0.000000
vt 0.977015 1.000000
vt 1.000000 0.000000
vt 1.000000 1.000000
vt 0.080673 0.426261
vt 0.080673 0.509287
vt 0.080673 0.509287
vt 0.950752 0.467774
vt 0.515712 0.622636
vt 0.080673 0.539611
vt 0.080673 0.581124
vt 0.515712 0.539611
vt 0.080673 0.622636
vt 0.950752 0.622636
vt 0.080673 0.539611
vt 0.080673 0.581124
vt 0.515712 0.539611
vt 0.080673 0.622636
vt 0.950752 0.622636
vt 0.080673 0.539611
vt 0.080673 0.581124
vt 0.515712 0.539611
vt 0.080673 0.622636
vt 0.950752 0.622636
vt 0.080673 0.539611
vt 0.080673 0.581124
vt 0.515712 0.539611
vt 0.080673 0.622636
vt 0.950752 0.622636
vt 0.080673 0.539611
vt 0.080673 0.581124
vt 0.515712 0.539611
vt 0.080673 0.622636
vt 0.950752 0.622636
vt 0.080673 0.539611
vt 0.080673 0.581124
vt 0.515712 0.539611
vt 0.080673 0.622636
vt 0.950752 0.509287
vt 0.080673 0.426261
vt 0.080673 0.467774
vt 0.515712 0.426261
vt 0.080673 0.509287
vt 0.950752 0.356148
vt 0.080673 0.273123
vt 0.080673 0.314636
vt 0.515712 0.273123
vt 0.080673 0.356148
vt 0.950752 0.356148
vt 0.080673 0.273123
vt 0.080673 0.314636
vt 0.515712 0.273123
vt 0.080673 0.356148
vt 0.950752 0.622636
vt 0.080673 0.539611
vt 0.080673 0.581124
vt 0.515712 0.539611
vt 0.080673 0.622636
vt 0.950752 0.622636
vt 0.080673 0.539611
vt 0.080673 0.581124
vt 0.515712 0.539611
vt 0.080673 0.622636
vt 0.950752 0.509287
vt 0.080673 0.426261
vt 0.080673 0.467774
vt 0.515712 0.426261
vt 0.080673 0.509287
vt 0.950752 0.509287
vt 0.080673 0.426261
vt 0.080673 0.467774
vt 0.515712 0.426261
vt 0.080673 0.509287
vt 0.950752 0.356148
vt 0.080673 0.273123
vt 0.080673 0.314636
vt 0.515712 0.273123
vt 0.080673 0.356148
vt 0.950752 0.356148
vt 0.080673 0.273123
vt 0.080673 0.314636
vt 0.515712 0.273123
vt 0.080673 0.356148
vt 0.950752 0.356148
vt 0.080673 0.273123
vt 0.080673 0.314636
vt 0.515712 0.273123
vt 0.080673 0.356148
vt 0.950752 0.622636
vt 0.080673 0.539611
vt 0.080673 0.581124
vt 0.515712 0.539611
vt 0.080673 0.622636
vt 0.950752 0.509287
vt 0.080673 0.467774
vt 0.515712 0.426261
vt 0.950752 0.426261
vt 0.950752 0.509287
vt 0.950752 0.622636
vt 0.080673 0.581123
vt 0.515712 0.539611
vt 0.950752 0.539611
vt 0.950752 0.622636
vt 0.950752 0.622636
vt 0.080673 0.581123
vt 0.515712 0.539611
vt 0.950752 0.539611
vt 0.950752 0.622636
vt 0.950752 0.622636
vt 0.080673 0.581123
vt 0.515712 0.539611
vt 0.950752 0.539611
vt 0.950752 0.622636
vt 0.950752 0.622636
vt 0.080673 0.581123
vt 0.515712 0.539611
vt 0.950752 0.539611
vt 0.950752 0.622636
vt 0.950752 0.622636
vt 0.080673 0.581123
vt 0.515712 0.539611
vt 0.950752 0.539611
vt 0.950752 0.622636
vt 0.950752 0.622636
vt 0.080673 0.581123
vt 0.515712 0.539611
vt 0.950752 0.539611
vt 0.950752 0.622636
vt 0.950752 0.509287
vt 0.080673 0.467774
vt 0.515712 0.426261
vt 0.950752 0.426261
vt 0.950752 0.509287
vt 0.950752 0.356148
vt 0.080673 0.314636
vt 0.515712 0.273123
vt 0.950752 0.273123
vt 0.950752 0.356148
vt 0.950752 0.356148
vt 0.080673 0.314636
vt 0.515712 0.273123
vt 0.950752 0.273123
vt 0.950752 0.356148
vt 0.950752 0.622636
vt 0.080673 0.581123
vt 0.515712 0.539611
vt 0.950752 0.539611
vt 0.950752 0.622636
vt 0.950752 0.622636
vt 0.080673 0.581123
vt 0.515712 0.539611
vt 0.950752 0.539611
vt 0.950752 0.622636
vt 0.950752 0.509287
vt 0.080673 0.467774
vt 0.515712 0.426261
vt 0.950752 0.426261
vt 0.950752 0.509287
vt 0.950752 0.509287
vt 0.080673 0.467774
vt 0.515712 0.426261
vt 0.950752 0.426261
vt 0.950752 0.509287
vt 0.950752 0.356148
vt 0.080673 0.314636
vt 0.515712 0.273123
vt 0.950752 0.273123
vt 0.950752 0.356148
vt 0.950752 0.356148
vt 0.080673 0.314636
vt 0.515712 0.273123
vt 0.950752 0.273123
vt 0.950752 0.356148
vt 0.950752 0.356148
vt 0.080673 0.314636
vt 0.515712 0.273123
vt 0.950752 0.273123
vt 0.950752 0.356148
vt 0.950752 0.622636
vt 0.080673 0.581123
vt 0.515712 0.539611
vt 0.950752 0.539611
vt 0.950752 0.622636
vt 0.950752 1.000000
vt 0.000000 0.750937
vt 0.000000 0.788505
vt 0.000000 0.788505
vt 0.978531 0.769721
vt 0.489265 0.872012
vt 0.000000 0.834444
vt 0.000000 0.853228
vt 0.489265 0.834444
vt 0.000000 0.872012
vt 0.978531 0.872012
vt 0.000000 0.834444
vt 0.000000 0.853228
vt 0.489265 0.834444
vt 0.000000 0.872012
vt 0.978531 0.872012
vt 0.000000 0.834444
vt 0.000000 0.853228
vt 0.489265 0.834444
vt 0.000000 0.872012
vt 0.978531 0.872012
vt 0.000000 0.834444
vt 0.000000 0.853228
vt 0.489265 0.834444
vt 0.000000 0.872012
vt 0.978531 0.872012
vt 0.000000 0.834444
vt 0.000000 0.853228
vt 0.489265 0.834444
vt 0.000000 0.872012
vt 0.978531 0.872012
vt 0.000000 0.834444
vt 0.000000 0.853228
vt 0.489265 0.834444
vt 0.000000 0.872012
vt 0.978531 0.788505
vt 0.000000 0.750937
vt 0.000000 0.769721
vt 0.489265 0.750937
vt 0.000000 0.788505
vt 0.978531 0.669625
vt 0.000000 0.632057
vt 0.000000 0.650841
vt 0.489265 0.632057
vt 0.000000 0.669625
vt 0.978531 0.669625
vt 0.000000 0.632057
vt 0.000000 0.650841
vt 0.489265 0.632057
vt 0.000000 0.669625
vt 0.978531 0.872012
vt 0.000000 0.834444
vt 0.000000 0.853228
vt 0.489265 0.834444
vt 0.000000 0.872012
vt 0.978531 0.872012
vt 0.000000 0.834444
vt 0.000000 0.853228
vt 0.489265 0.834444
vt 0.000000 0.872012
vt 0.978531 0.788505
vt 0.000000 0.750937
vt 0.000000 0.769721
vt 0.489265 0.750937
vt 0.000000 0.788505
vt 0.978531 0.788505
vt 0.000000 0.750937
vt 0.000000 0.769721
vt 0.489265 0.750937
vt 0.000000 0.788505
vt 0.978531 0.669625
vt 0.000000 0.632057
vt 0.000000 0.650841
vt 0.489265 0.632057
vt 0.000000 0.669625
vt 0.978531 0.669625
vt 0.000000 0.632057
vt 0.000000 0.650841
vt 0.489265 0.632057
vt 0.000000 0.669625
vt 0.978531 0.669625
vt 0.000000 0.632057
vt 0.000000 0.650841
vt 0.489265 0.632057
vt 0.000000 0.669625
vt 0.978531 0.872012
vt 0.000000 0.834444
vt 0.000000 0.853228
vt 0.489265 0.834444
vt 0.000000 0.872012
vt 0.978531 0.788505
vt 0.000000 0.769721
vt 0.489265 0.750937
vt 0.978530 0.750937
vt 0.978530 0.788505
vt 0.978530 0.872012
vt 0.000000 0.853228
vt 0.489265 0.834444
vt 0.978530 0.834444
vt 0.978530 0.872012
vt 0.978530 0.872012
vt 0.000000 0.853228
vt 0.489265 0.834444
vt 0.978530 0.834444
vt 0.978530 0.872012
vt 0.978530 0.872012
vt 0.000000 0.853228
vt 0.489265 0.834444
vt 0.978530 0.834444
vt 0.978530 0.872012
vt 0.978530 0.872012
vt 0.000000 0.853228
vt 0.489265 0.834444
vt 0.978530 0.834444
vt 0.978530 0.872012
vt 0.978530 0.872012
vt 0.000000 0.853228
vt 0.489265 0.834444
vt 0.978530 0.834444
vt 0.978530 0.872012
vt 0.978530 0.872012
vt 0.000000 0.853228
vt 0.489265 0.834444
vt 0.978530 0.834444
vt 0.978530 0.872012
vt 0.978530 0.788505
vt 0.000000 0.769721
vt 0.489265 0.750937
vt 0.978530 0.750937
vt 0.978530 0.788505
vt 0.978530 0.669625
vt 0.000000 0.650840
vt 0.489265 0.632057
vt 0.978530 0.632057
vt 0.978530 0.669625
vt 0.978530 0.669625
vt 0.000000 0.650840
vt 0.489265 0.632057
vt 0.978530 0.632057
vt 0.978530 0.669625
vt 0.978530 0.872012
vt 0.000000 0.853228
vt 0.489265 0.834444
vt 0.978530 0.834444
vt 0.978530 0.872012
vt 0.978530 0.872012
vt 0.000000 0.853228
vt 0.489265 0.834444
vt 0.978530 0.834444
vt 0.978530 0.872012
vt 0.978530 0.788505
vt 0.000000 0.769721
vt 0.489265 0.750937
vt 0.978530 0.750937
vt 0.978530 0.788505
vt 0.978530 0.788505
vt 0.000000 0.769721
vt 0.489265 0.750937
vt 0.978530 0.750937
vt 0.978530 0.788505
vt 0.978530 0.669625
vt 0.000000 0.650840
vt 0.489265 0.632057
vt 0.978530 0.632057
vt 0.978530 0.669625
vt 0.978530 0.669625
vt 0.000000 0.650840
vt 0.489265 0.632057
vt 0.978530 0.632057
vt 0.978530 0.669625
vt 0.978530 0.669625
vt 0.000000 0.650840
vt 0.489265 0.632057
vt 0.978530 0.632057
vt 0.978530 0.669625
vt 0.978530 0.872012
vt 0.000000 0.853228
vt 0.489265 0.834444
vt 0.978530 0.834444
vt 0.978530 0.872012
vt 0.978530 1.000000
vt 0.845395 0.176635
vt 0.737252 0.291503
vt 0.737273 0.176635
vt 0.737252 0.176680
vt 0.650554 0.039587
vt 0.736965 1.000000
vt 0.737252 0.176491
vt 0.845395 0.291503
vt 0.737273 0.176635
vt 0.737252 0.176680
vt 0.650554 0.039587
vt 0.736965 1.000000
vt 0.530117 0.234496
vt 0.427816 0.323393
vt 0.529599 0.233870
vt 0.614406 0.323393
vt 0.529599 0.122070
vt 0.530117 1.000000
vt 0.427816 0.122070
vt 0.530117 0.323393
vt 0.529599 0.233870
vt 0.614406 0.122070
vt 0.530117 0.323393
vt 0.529599 1.000000
vt 0.624773 0.969225
vt 0.457145 0.853847
vt 0.357865 0.766918
vt 0.457145 0.970108
vt 0.455710 0.975032
vt 0.634089 0.762988
vt 0.472467 0.762988
vt 0.472467 1.000000
vt 0.427816 0.122070
vt 0.530117 0.323393
vt 0.529599 0.233870
vt 0.614406 0.323393
vt 0.529599 0.122070
vt 0.530117 1.000000
vt 0.737252 0.176491
vt 0.845395 0.291503
vt 0.737273 0.176635
vt 0.737252 0.176680
vt 0.650554 0.039587
vt 0.736965 1.000000
vt 0.427816 0.122070
vt 0.530117 0.323393
vt 0.529599 0.233870
vt 0.614406 0.122070
vt 0.530117 0.323393
vt 0.529599 1.000000
vt 0.457145 0.974721
vt 0.624773 0.969225
vt 0.457145 0.853847
vt 0.357865 0.970108
vt 0.455710 0.762988
vt 0.472467 0.975032
vt 0.634089 0.762988
vt 0.472467 1.000000
vt 0.427816 0.122070
vt 0.530117 0.323393
vt 0.529599 0.233870
vt 0.614406 0.122070
vt 0.530117 0.323393
vt 0.529599 1.000000
vt 0.427816 0.323393
vt 0.529599 0.122070
vt 0.530117 0.233870
vt 0.614406 0.323393
vt 0.529599 0.122070
vt 0.530117 1.000000
vt 0.737252 0.176491
vt 0.845395 0.291503
vt 0.737273 0.176635
vt 0.737252 0.176680
vt 0.650554 0.039587
vt 0.736965 1.000000
vt 0.427816 0.122070
vt 0.530117 0.323393
vt 0.529599 0.233870
vt 0.614406 0.122070
vt 0.530117 0.323393
vt 0.529599 1.000000
vt 0.427816 0.122070
vt 0.530117 0.323393
vt 0.529599 0.122070
vt 0.530117 0.323393
vt 0.529599 0.233870
vt 0.614406 1.000000
vt 0.427816 0.323393
vt 0.529599 0.122070
vt 0.530117 0.233870
vt 0.614406 0.323393
vt 0.529599 0.122070
vt 0.530117 1.000000
vt 0.427816 0.323393
vt 0.529599 0.122070
vt 0.530117 0.233870
vt 0.614406 0.323393
vt 0.529599 0.122070
vt 0.530117 1.000000
vt 0.427816 0.323393
vt 0.529599 0.122070
vt 0.530117 0.233870
vt 0.614406 0.323393
vt 0.529599 0.122070
vt 0.530117 1.000000
vt 0.427816 0.323393
vt 0.529599 0.122070
vt 0.530117 0.233870
vt 0.614406 0.323393
vt 0.529599 0.122070
vt 0.530117 1.000000
vt 0.427816 0.323393
vt 0.529599 0.122070
vt 0.530117 0.233870
vt 0.614406 0.323393
vt 0.529599 0.122070
vt 0.530117 1.000000
vt 0.007135 0.714141
vt 0.007081 0.497769
vt 0.007081 0.256695
vt 0.007081 0.012189
vt 0.007382 0.880806
vt 0.125639 0.681748
vt 0.123659 0.525430
vt 0.108436 0.289457
vt 0.108199 0.136366
vt 0.160838 0.870889
vt 0.193439 0.776559
vt 0.169745 0.527571
vt 0.231388 0.285492
vt 0.168333 0.139166
vt 0.254154 0.855708
vt 0.238571 0.787979
vt 0.232649 0.496086
vt 0.275008 0.290433
vt 0.235772 0.178388
vt 0.315161 0.735102
vt 0.361100 0.650870
vt 0.238039 0.692253
vt 0.278766 0.418516
vt 0.130270 0.392355
vt 0.201898 0.835057
vt 0.007171 0.392889
vt 0.007081 0.714141
vt 0.007081 0.497769
vt 0.007081 0.256695
vt 0.007081 0.681748
vt 0.123659 0.525430
vt 0.108436 0.289457
vt 0.108199 0.776559
vt 0.169745 0.527571
vt 0.231388 0.285492
vt 0.168333 0.787979
vt 0.232649 0.496086
vt 0.275008 0.290433
vt 0.235772 0.650870
vt 0.238039 0.692253
vt 0.278766 0.418516
vt 0.130270 0.392355
vt 0.201898 0.835057
vt 0.007171 0.392889
vt 0.007081 0.385832
vt 0.361088 0.993751
vt 0.007135 0.880806
vt 0.125639 0.012189
vt 0.007382 0.136366
vt 0.160838 0.870889
vt 0.193439 0.139166
vt 0.254154 0.855708
vt 0.238571 0.178388
vt 0.315161 0.735102
vt 0.361100 0.385832
vt 0.361088 1.000000
vt 0.439335 0.006065
vt 0.995917 0.002942
vt 0.298595 0.005820
vt 0.524309 0.005821
vt 0.737895 0.354744
vt 0.457145 0.969225
vt 0.457145 0.766918
vt 0.457145 0.853847
vt 0.357865 0.098344
vt 0.527279 0.005820
vt 0.448886 0.005821
vt 0.608887 0.974721
vt 0.624773 0.005820
vt 0.524309 0.005821
vt 0.737895 0.766918
vt 0.457145 0.575027
vt 0.456946 0.098344
vt 0.527279 0.757865
vt 0.878075 0.005821
vt 0.608887 0.445269
vt 0.567404 0.545412
vt 0.654404 0.664075
vt 0.576587 0.664075
vt 0.576587 0.575027
vt 0.456946 0.445269
vt 0.567404 0.545412
vt 0.654404 0.837816
vt 0.989718 0.759533
vt 0.989718 0.757865
vt 0.878075 0.179725
vt 0.611514 0.174339
vt 0.894829 0.990930
vt 0.989718 0.974721
vt 0.624773 0.969225
vt 0.457145 0.759533
vt 0.989718 0.671747
vt 0.989718 0.853847
vt 0.357865 0.677332
vt 0.357788 0.464875
vt 0.359887 0.499593
vt 0.457145 0.177150
vt 0.439335 0.002942
vt 0.298595 0.179725
vt 0.611514 0.005820
vt 0.448886 0.837816
vt 0.989718 0.174339
vt 0.894829 0.006065
vt 0.995917 0.262271
vt 0.990040 0.537846
vt 0.989718 0.990930
vt 0.989718 0.677332
vt 0.357788 0.766918
vt 0.457145 0.464875
vt 0.359887 0.499593
vt 0.457145 0.354744
vt 0.457145 0.757865
vt 0.878075 0.262271
vt 0.990040 0.537846
vt 0.989718 0.671747
vt 0.989718 1.000000

f 3/3 4/4 1/1
f 2/2 1/1 4/4
f 7/7 8/8 5/5
f 6/6 5/5 8/8
f 11/11 12/12 9/9
f 10/10 9/9 12/12
f 15/15 16/16 13/13
f 14/14 13/13 16/16
f 19/19 20/20 17/17
f 18/18 17/17 20/20
f 23/23 24/24 21/21
f 22/22 21/21 24/24
f 27/27 28/28 25/25
f 26/26 25/25 28/28
f 31/31 32/32 29/29
f 30/30 29/29 32/32
f 35/35 36/36 33/33
f 34/34 33/33 36/36
f 39/39 40/40 37/37
f 38/38 37/37 40/40
f 43/43 44/44 41/41
f 42/42 41/41 44/44
f 47/47 48/48 45/45
f 46/46 45/45 48/48
f 51/51 52/52 49/49
f 50/50 49/49 52/52
f 55/55 56/56 53/53
f 54/54 53/53 56/56
f 59/59 60/60 57/57
f 58/58 57/57 60/60
f 63/63 64/64 61/61
f 62/62 61/61 64/64
f 67/67 68/68 65/65
f 66/66 65/65 68/68
f 71/71 72/72 69/69
f 70/70 69/69 72/72
f 75/75 76/76 73/73
f 74/74 73/73 76/76
f 79/79 80/80 77/77
f 78/78 77/77 80/80
f 83/83 84/84 81/81
f 82/82 81/81 84/84
f 87/87 88/88 85/85
f 86/86 85/85 88/88
f 91/91 92/92 89/89
f 90/90 89/89 92/92
f 95/95 96/96 93/93
f 94/94 93/93 96/96
f 99/99 100/100 97/97
f 98/98 97/97 100/100
f 103/103 104/104 101/101
f 102/102 101/101 104/104
f 107/107 108/108 105/105
f 106/106 105/105 108/108
f 118/118 112/112 119/119
f 118/118 120/120 112/112
f 121/121 116/116 115/115
f 136/136 137/137 138/138
f 117/117 115/115 116/116
f 109/109 118/118 111/111
f 139/139 113/113 118/118
f 118/118 119/119 111/111
f 136/136 138/138 116/116
f 118/118 113/113 120/120
f 140/140 110/110 113/113
f 141/141 136/136 121/121
f 136/136 116/116 121/121
f 126/126 122/122 128/128
f 142/142 143/143 124/124
f 144/144 127/127 145/145
f 131/131 125/125 129/129
f 130/130 131/131 129/129
f 146/146 124/124 143/143
f 147/147 125/125 124/124
f 148/148 114/114 149/149
f 150/150 151/151 126/126
f 152/152 126/126 123/123
f 126/126 151/151 153/153
f 154/154 124/124 127/127
f 131/131 124/124 125/125
f 126/126 128/128 123/123
f 127/127 124/124 131/131
f 155/155 123/123 156/156
f 129/129 114/114 157/157
f 158/158 129/129 157/157
f 149/149 114/114 129/129
f 158/158 130/130 129/129
f 145/145 130/130 158/158
f 145/145 131/131 130/130
f 127/127 131/131 145/145
f 159/159 142/142 154/154
f 154/154 142/142 124/124
f 132/132 134/134 133/133
f 135/135 134/134 132/132
f 160/160 161/161 133/133
f 162/162 163/163 164/164
f 132/132 133/133 161/161
f 165/165 132/132 161/161
f 134/134 166/166 164/164
f 167/167 166/166 135/135
f 163/163 134/134 164/164
f 166/166 134/134 135/135
f 168/168 167/167 132/132
f 167/167 135/135 132/132
f 171/171 172/172 169/169
f 170/170 169/169 172/172
f 175/175 176/176 173/173
f 174/174 173/173 176/176
f 179/179 180/180 177/177
f 178/178 177/177 180/180
f 183/183 184/184 181/181
f 182/182 181/181 184/184
f 187/187 188/188 185/185
f 186/186 185/185 188/188
f 191/191 192/192 189/189
f 190/190 189/189 192/192
f 195/195 196/196 193/193
f 194/194 193/193 196/196
f 199/199 200/200 197/197
f 198/198 197/197 200/200
f 203/203 204/204 201/201
f 202/202 201/201 204/204
f 207/207 208/208 205/205
f 206/206 205/205 208/208
f 211/211 212/212 209/209
f 210/210 209/209 212/212
f 215/215 216/216 213/213
f 214/214 213/213 216/216
f 219/219 220/220 217/217
f 218/218 217/217 220/220
f 223/223 224/224 221/221
f 222/222 221/221 224/224
f 227/227 228/228 225/225
f 226/226 225/225 228/228
f 231/231 232/232 229/229
f 230/230 229/229 232/232
f 235/235 236/236 233/233
f 234/234 233/233 236/236
f 239/239 240/240 237/237
f 238/238 237/237 240/240
f 243/243 244/244 241/241
f 242/242 241/241 244/244
f 247/247 248/248 245/245
f 246/246 245/245 248/248
f 251/251 252/252 249/249
f 250/250 249/249 252/252
f 255/255 256/256 253/253
f 254/254 253/253 256/256
f 259/259 260/260 257/257
f 258/258 257/257 260/260
f 263/263 264/264 261/261
f 262/262 261/261 264/264
f 267/267 268/268 265/265
f 266/266 265/265 268/268
f 271/271 272/272 269/269
f 270/270 269/269 272/272
f 275/275 276/276 273/273
f 274/274 273/273 276/276
f 279/279 280/280 277/277
f 278/278 277/277 280/280
f 283/283 284/284 281/281
f 282/282 281/281 284/284
f 287/287 288/288 285/285
f 286/286 285/285 288/288
f 291/291 292/292 289/289
f 290/290 289/289 292/292
f 295/295 296/296 293/293
f 294/294 293/293 296/296
f 299/299 300/300 297/297
f 298/298 297/297 300/300
f 303/303 304/304 301/301
f 302/302 301/301 304/304
f 307/307 308/308 305/305
f 306/306 305/305 308/308
f 312/312 309/309 311/311
f 309/309 312/312 310/310
f 314/314 311/311 313/313
f 311/311 314/314 312/312
f 316/316 313/313 315/315
f 313/313 316/316 314/314
f 318/318 315/315 317/317
f 315/315 318/318 316/316
f 320/320 317/317 319/319
f 317/317 320/320 318/318
f 322/322 319/319 321/321
f 319/319 322/322 320/320
f 324/324 321/321 323/323
f 321/321 324/324 322/322
f 326/326 323/323 325/325
f 323/323 326/326 324/324
f 328/328 325/325 327/327
f 325/325 328/328 326/326
f 330/330 327/327 329/329
f 327/327 330/330 328/328
f 332/332 329/329 331/331
f 329/329 332/332 330/330
f 334/334 331/331 333/333
f 331/331 334/334 332/332
f 336/336 333/333 335/335
f 333/333 336/336 334/334
f 338/338 335/335 337/337
f 335/335 338/338 336/336
f 340/340 337/337 339/339
f 337/337 340/340 338/338
f 342/342 339/339 341/341
f 339/339 342/342 340/340
f 344/344 341/341 343/343
f 341/341 344/344 342/342
f 346/346 343/343 345/345
f 343/343 346/346 344/344
f 348/348 345/345 347/347
f 345/345 348/348 346/346
f 350/350 347/347 349/349
f 347/347 350/350 348/348
f 352/352 349/349 351/351
f 349/349 352/352 350/350
f 354/354 351/351 353/353
f 351/351 354/354 352/352
f 356/356 353/353 355/355
f 353/353 356/356 354/354
f 358/358 355/355 357/357
f 355/355 358/358 356/356
f 360/360 357/357 359/359
f 357/357 360/360 358/358
f 362/362 359/359 361/361
f 359/359 362/362 360/360
f 364/364 361/361 363/363
f 361/361 364/364 362/362
f 366/366 363/363 365/365
f 363/363 366/366 364/364
f 368/368 365/365 367/367
f 365/365 368/368 366/366
f 370/370 367/367 369/369
f 367/367 370/370 368/368
f 372/372 369/369 371/371
f 369/369 372/372 370/370
f 374/374 371/371 373/373
f 371/371 374/374 372/372
f 376/376 373/373 375/375
f 373/373 376/376 374/374
f 378/378 375/375 377/377
f 375/375 378/378 376/376
f 380/380 377/377 379/379
f 377/377 380/380 378/378
f 382/382 379/379 381/381
f 379/379 382/382 380/380
f 384/384 381/381 383/383
f 381/381 384/384 382/382
f 386/386 383/383 385/385
f 383/383 386/386 384/384
f 388/388 385/385 387/387
f 385/385 388/388 386/386
f 390/390 387/387 389/389
f 387/387 390/390 388/388
f 392/392 389/389 391/391
f 389/389 392/392 390/390
f 394/394 391/391 393/393
f 391/391 394/394 392/392
f 396/396 393/393 395/395
f 393/393 396/396 394/394
f 398/398 395/395 397/397
f 395/395 398/398 396/396
f 401/401 402/402 399/399
f 400/400 399/399 402/402
f 405/405 406/406 403/403
f 404/404 403/403 406/406
f 409/409 410/410 407/407
f 408/408 407/407 410/410
f 413/413 414/414 411/411
f 412/412 411/411 414/414
f 417/417 418/418 415/415
f 416/416 415/415 418/418
f 421/421 422/422 419/419
f 420/420 419/419 422/422
f 425/425 426/426 423/423
f 424/424 423/423 426/426
f 429/429 430/430 427/427
f 428/428 427/427 430/430
f 433/433 434/434 431/431
f 432/432 431/431 434/434
f 437/437 438/438 435/435
f 436/436 435/435 438/438
f 441/441 442/442 439/439
f 440/440 439/439 442/442
f 445/445 446/446 443/443
f 444/444 443/443 446/446
f 449/449 451/451 447/447
f 537/537 538/538 448/448
f 539/539 451/451 450/450
f 540/540 538/538 541/541
f 452/452 454/454 453/453
f 542/542 543/543 455/455
f 544/544 454/454 456/456
f 545/545 543/543 546/546
f 457/457 459/459 458/458
f 547/547 548/548 460/460
f 549/549 459/459 461/461
f 550/550 548/548 551/551
f 462/462 464/464 463/463
f 552/552 553/553 465/465
f 554/554 464/464 466/466
f 555/555 553/553 556/556
f 467/467 469/469 468/468
f 557/557 558/558 470/470
f 559/559 469/469 471/471
f 560/560 558/558 561/561
f 472/472 474/474 473/473
f 562/562 563/563 475/475
f 564/564 474/474 476/476
f 565/565 563/563 566/566
f 477/477 479/479 478/478
f 567/567 568/568 480/480
f 569/569 479/479 481/481
f 570/570 568/568 571/571
f 482/482 484/484 483/483
f 572/572 573/573 485/485
f 574/574 484/484 486/486
f 575/575 573/573 576/576
f 487/487 489/489 488/488
f 577/577 578/578 490/490
f 579/579 489/489 491/491
f 580/580 578/578 581/581
f 492/492 494/494 493/493
f 582/582 583/583 495/495
f 584/584 494/494 496/496
f 585/585 583/583 586/586
f 497/497 499/499 498/498
f 587/587 588/588 500/500
f 589/589 499/499 501/501
f 590/590 588/588 591/591
f 502/502 504/504 503/503
f 592/592 593/593 505/505
f 594/594 504/504 506/506
f 595/595 593/593 596/596
f 507/507 509/509 508/508
f 597/597 598/598 510/510
f 599/599 509/509 511/511
f 600/600 598/598 601/601
f 512/512 514/514 513/513
f 602/602 603/603 515/515
f 604/604 514/514 516/516
f 605/605 603/603 606/606
f 517/517 519/519 518/518
f 607/607 608/608 520/520
f 609/609 519/519 521/521
f 610/610 608/608 611/611
f 522/522 524/524 523/523
f 612/612 613/613 525/525
f 614/614 524/524 526/526
f 615/615 613/613 616/616
f 527/527 529/529 528/528
f 617/617 618/618 530/530
f 619/619 529/529 531/531
f 620/620 618/618 621/621
f 532/532 534/534 533/533
f 622/622 623/623 535/535
f 624/624 534/534 536/536
f 625/625 623/623 626/626
f 629/629 631/631 627/627
f 717/717 718/718 628/628
f 719/719 631/631 630/630
f 720/720 718/718 721/721
f 632/632 634/634 633/633
f 722/722 723/723 635/635
f 724/724 634/634 636/636
f 725/725 723/723 726/726
f 637/637 639/639 638/638
f 727/727 728/728 640/640
f 729/729 639/639 641/641
f 730/730 728/728 731/731
f 642/642 644/644 643/643
f 732/732 733/733 645/645
f 734/734 644/644 646/646
f 735/735 733/733 736/736
f 647/647 649/649 648/648
f 737/737 738/738 650/650
f 739/739 649/649 651/651
f 740/740 738/738 741/741
f 652/652 654/654 653/653
f 742/742 743/743 655/655
f 744/744 654/654 656/656
f 745/745 743/743 746/746
f 657/657 659/659 658/658
f 747/747 748/748 660/660
f 749/749 659/659 661/661
f 750/750 748/748 751/751
f 662/662 664/664 663/663
f 752/752 753/753 665/665
f 754/754 664/664 666/666
f 755/755 753/753 756/756
f 667/667 669/669 668/668
f 757/757 758/758 670/670
f 759/759 669/669 671/671
f 760/760 758/758 761/761
f 672/672 674/674 673/673
f 762/762 763/763 675/675
f 764/764 674/674 676/676
f 765/765 763/763 766/766
f 677/677 679/679 678/678
f 767/767 768/768 680/680
f 769/769 679/679 681/681
f 770/770 768/768 771/771
f 682/682 684/684 683/683
f 772/772 773/773 685/685
f 774/774 684/684 686/686
f 775/775 773/773 776/776
f 687/687 689/689 688/688
f 777/777 778/778 690/690
f 779/779 689/689 691/691
f 780/780 778/778 781/781
f 692/692 694/694 693/693
f 782/782 783/783 695/695
f 784/784 694/694 696/696
f 785/785 783/783 786/786
f 697/697 699/699 698/698
f 787/787 788/788 700/700
f 789/789 699/699 701/701
f 790/790 788/788 791/791
f 702/702 704/704 703/703
f 792/792 793/793 705/705
f 794/794 704/704 706/706
f 795/795 793/793 796/796
f 707/707 709/709 708/708
f 797/797 798/798 710/710
f 799/799 709/709 711/711
f 800/800 798/798 801/801
f 712/712 714/714 713/713
f 802/802 803/803 715/715
f 804/804 714/714 716/716
f 805/805 803/803 806/806
f 810/810 807/807 809/809
f 807/807 810/810 808/808
f 812/812 809/809 811/811
f 809/809 812/812 810/810
f 814/814 811/811 813/813
f 811/811 814/814 812/812
f 816/816 813/813 815/815
f 813/813 816/816 814/814
f 818/818 815/815 817/817
f 815/815 818/818 816/816
f 820/820 817/817 819/819
f 817/817 820/820 818/818
f 822/822 819/819 821/821
f 819/819 822/822 820/820
f 824/824 821/821 823/823
f 821/821 824/824 822/822
f 826/826 823/823 825/825
f 823/823 826/826 824/824
f 828/828 825/825 827/827
f 825/825 828/828 826/826
f 830/830 827/827 829/829
f 827/827 830/830 828/828
f 832/832 829/829 831/831
f 829/829 832/832 830/830
f 834/834 831/831 833/833
f 831/831 834/834 832/832
f 836/836 833/833 835/835
f 833/833 836/836 834/834
f 838/838 835/835 837/837
f 835/835 838/838 836/836
f 840/840 837/837 839/839
f 837/837 840/840 838/838
f 842/842 839/839 841/841
f 839/839 842/842 840/840
f 844/844 841/841 843/843
f 841/841 844/844 842/842
f 846/846 843/843 845/845
f 843/843 846/846 844/844
f 848/848 845/845 847/847
f 845/845 848/848 846/846
f 850/850 847/847 849/849
f 847/847 850/850 848/848
f 852/852 849/849 851/851
f 849/849 852/852 850/850
f 854/854 851/851 853/853
f 851/851 854/854 852/852
f 856/856 853/853 855/855
f 853/853 856/856 854/854
f 858/858 855/855 857/857
f 855/855 858/858 856/856
f 860/860 857/857 859/859
f 857/857 860/860 858/858
f 862/862 859/859 861/861
f 859/859 862/862 860/860
f 864/864 861/861 863/863
f 861/861 864/864 862/862
f 866/866 863/863 865/865
f 863/863 866/866 864/864
f 868/868 865/865 867/867
f 865/865 868/868 866/866
f 870/870 867/867 869/869
f 867/867 870/870 868/868
f 872/872 869/869 871/871
f 869/869 872/872 870/870
f 874/874 871/871 873/873
f 871/871 874/874 872/872
f 876/876 873/873 875/875
f 873/873 876/876 874/874
f 878/878 875/875 877/877
f 875/875 878/878 876/876
f 880/880 877/877 879/879
f 877/877 880/880 878/878
f 882/882 879/879 881/881
f 879/879 882/882 880/880
f 884/884 881/881 883/883
f 881/881 884/884 882/882
f 886/886 883/883 885/885
f 883/883 886/886 884/884
f 888/888 885/885 887/887
f 885/885 888/888 886/886
f 890/890 887/887 889/889
f 887/887 890/890 888/888
f 892/892 889/889 891/891
f 889/889 892/892 890/890
f 894/894 891/891 893/893
f 891/891 894/894 892/892
f 896/896 893/893 895/895
f 893/893 896/896 894/894
f 899/899 901/901 897/897
f 987/987 988/988 898/898
f 989/989 901/901 900/900
f 990/990 988/988 991/991
f 902/902 904/904 903/903
f 992/992 993/993 905/905
f 994/994 904/904 906/906
f 995/995 993/993 996/996
f 907/907 909/909 908/908
f 997/997 998/998 910/910
f 999/999 909/909 911/911
f 1000/1000 998/998 1001/1001
f 912/912 914/914 913/913
f 1002/1002 1003/1003 915/915
f 1004/1004 914/914 916/916
f 1005/1005 1003/1003 1006/1006
f 917/917 919/919 918/918
f 1007/1007 1008/1008 920/920
f 1009/1009 919/919 921/921
f 1010/1010 1008/1008 1011/1011
f 922/922 924/924 923/923
f 1012/1012 1013/1013 925/925
f 1014/1014 924/924 926/926
f 1015/1015 1013/1013 1016/1016
f 927/927 929/929 928/928
f 1017/1017 1018/1018 930/930
f 1019/1019 929/929 931/931
f 1020/1020 1018/1018 1021/1021
f 932/932 934/934 933/933
f 1022/1022 1023/1023 935/935
f 1024/1024 934/934 936/936
f 1025/1025 1023/1023 1026/1026
f 937/937 939/939 938/938
f 1027/1027 1028/1028 940/940
f 1029/1029 939/939 941/941
f 1030/1030 1028/1028 1031/1031
f 942/942 944/944 943/943
f 1032/1032 1033/1033 945/945
f 1034/1034 944/944 946/946
f 1035/1035 1033/1033 1036/1036
f 947/947 949/949 948/948
f 1037/1037 1038/1038 950/950
f 1039/1039 949/949 951/951
f 1040/1040 1038/1038 1041/1041
f 952/952 954/954 953/953
f 1042/1042 1043/1043 955/955
f 1044/1044 954/954 956/956
f 1045/1045 1043/1043 1046/1046
f 957/957 959/959 958/958
f 1047/1047 1048/1048 960/960
f 1049/1049 959/959 961/961
f 1050/1050 1048/1048 1051/1051
f 962/962 964/964 963/963
f 1052/1052 1053/1053 965/965
f 1054/1054 964/964 966/966
f 1055/1055 1053/1053 1056/1056
f 967/967 969/969 968/968
f 1057/1057 1058/1058 970/970
f 1059/1059 969/969 971/971
f 1060/1060 1058/1058 1061/1061
f 972/972 974/974 973/973
f 1062/1062 1063/1063 975/975
f 1064/1064 974/974 976/976
f 1065/1065 1063/1063 1066/1066
f 977/977 979/979 978/978
f 1067/1067 1068/1068 980/980
f 1069/1069 979/979 981/981
f 1070/1070 1068/1068 1071/1071
f 982/982 984/984 983/983
f 1072/1072 1073/1073 985/985
f 1074/1074 984/984 986/986
f 1075/1075 1073/1073 1076/1076
f 1079/1079 1081/1081 1077/1077
f 1167/1167 1168/1168 1078/1078
f 1169/1169 1081/1081 1080/1080
f 1170/1170 1168/1168 1171/1171
f 1082/1082 1084/1084 1083/1083
f 1172/1172 1173/1173 1085/1085
f 1174/1174 1084/1084 1086/1086
f 1175/1175 1173/1173 1176/1176
f 1087/1087 1089/1089 1088/1088
f 1177/1177 1178/1178 1090/1090
f 1179/1179 1089/1089 1091/1091
f 1180/1180 1178/1178 1181/1181
f 1092/1092 1094/1094 1093/1093
f 1182/1182 1183/1183 1095/1095
f 1184/1184 1094/1094 1096/1096
f 1185/1185 1183/1183 1186/1186
f 1097/1097 1099/1099 1098/1098
f 1187/1187 1188/1188 1100/1100
f 1189/1189 1099/1099 1101/1101
f 1190/1190 1188/1188 1191/1191
f 1102/1102 1104/1104 1103/1103
f 1192/1192 1193/1193 1105/1105
f 1194/1194 1104/1104 1106/1106
f 1195/1195 1193/1193 1196/1196
f 1107/1107 1109/1109 1108/1108
f 1197/1197 1198/1198 1110/1110
f 1199/1199 1109/1109 1111/1111
f 1200/1200 1198/1198 1201/1201
f 1112/1112 1114/1114 1113/1113
f 1202/1202 1203/1203 1115/1115
f 1204/1204 1114/1114 1116/1116
f 1205/1205 1203/1203 1206/1206
f 1117/1117 1119/1119 1118/1118
f 1207/1207 1208/1208 1120/1120
f 1209/1209 1119/1119 1121/1121
f 1210/1210 1208/1208 1211/1211
f 1122/1122 1124/1124 1123/1123
f 1212/1212 1213/1213 1125/1125
f 1214/1214 1124/1124 1126/1126
f 1215/1215 1213/1213 1216/1216
f 1127/1127 1129/1129 1128/1128
f 1217/1217 1218/1218 1130/1130
f 1219/1219 1129/1129 1131/1131
f 1220/1220 1218/1218 1221/1221
f 1132/1132 1134/1134 1133/1133
f 1222/1222 1223/1223 1135/1135
f 1224/1224 1134/1134 1136/1136
f 1225/1225 1223/1223 1226/1226
f 1137/1137 1139/1139 1138/1138
f 1227/1227 1228/1228 1140/1140
f 1229/1229 1139/1139 1141/1141
f 1230/1230 1228/1228 1231/1231
f 1142/1142 1144/1144 1143/1143
f 1232/1232 1233/1233 1145/1145
f 1234/1234 1144/1144 1146/1146
f 1235/1235 1233/1233 1236/1236
f 1147/1147 1149/1149 1148/1148
f 1237/1237 1238/1238 1150/1150
f 1239/1239 1149/1149 1151/1151
f 1240/1240 1238/1238 1241/1241
f 1152/1152 1154/1154 1153/1153
f 1242/1242 1243/1243 1155/1155
f 1244/1244 1154/1154 1156/1156
f 1245/1245 1243/1243 1246/1246
f 1157/1157 1159/1159 1158/1158
f 1247/1247 1248/1248 1160/1160
f 1249/1249 1159/1159 1161/1161
f 1250/1250 1248/1248 1251/1251
f 1162/1162 1164/1164 1163/1163
f 1252/1252 1253/1253 1165/1165
f 1254/1254 1164/1164 1166/1166
f 1255/1255 1253/1253 1256/1256
f 1258/1258 1259/1259 1257/1257
f 1259/1259 1260/1260 1257/1257
f 1261/1261 1259/1259 1258/1258
f 1258/1258 1262/1262 1261/1261
f 1263/1263 1265/1265 1264/1264
f 1265/1265 1266/1266 1264/1264
f 1267/1267 1265/1265 1263/1263
f 1267/1267 1266/1266 1265/1265
f 1263/1263 1268/1268 1267/1267
f 1267/1267 1268/1268 1266/1266
f 1270/1270 1269/1269 1271/1271
f 1269/1269 1272/1272 1271/1271
f 1273/1273 1270/1270 1274/1274
f 1270/1270 1271/1271 1274/1274
f 1275/1275 1277/1277 1276/1276
f 1276/1276 1277/1277 1278/1278
f 1280/1280 1279/1279 1275/1275
f 1275/1275 1279/1279 1277/1277
f 1278/1278 1279/1279 1280/1280
f 1277/1277 1279/1279 1278/1278
f 1284/1284 1282/1282 1281/1281
f 1282/1282 1284/1284 1283/1283
f 1285/1285 1286/1286 1287/1287
f 1285/1285 1288/1288 1286/1286
f 1289/1289 1291/1291 1290/1290
f 1290/1290 1291/1291 1292/1292
f 1293/1293 1294/1294 1289/1289
f 1289/1289 1294/1294 1291/1291
f 1295/1295 1297/1297 1296/1296
f 1297/1297 1298/1298 1296/1296
f 1299/1299 1297/1297 1295/1295
f 1295/1295 1300/1300 1299/1299
f 1301/1301 1303/1303 1302/1302
f 1302/1302 1303/1303 1304/1304
f 1306/1306 1305/1305 1301/1301
f 1301/1301 1305/1305 1303/1303
f 1304/1304 1305/1305 1306/1306
f 1303/1303 1305/1305 1304/1304
f 1307/1307 1308/1308 1309/1309
f 1309/1309 1310/1310 1307/1307
f 1311/1311 1312/1312 1313/1313
f 1311/1311 1313/1313 1314/1314
f 1315/1315 1317/1317 1316/1316
f 1316/1316 1317/1317 1318/1318
f 1320/1320 1319/1319 1315/1315
f 1315/1315 1319/1319 1317/1317
f 1318/1318 1319/1319 1320/1320
f 1317/1317 1319/1319 1318/1318
f 1321/1321 1323/1323 1322/1322
f 1323/1323 1324/1324 1322/1322
f 1325/1325 1321/1321 1326/1326
f 1321/1321 1322/1322 1326/1326
f 1327/1327 1329/1329 1328/1328
f 1329/1329 1330/1330 1328/1328
f 1331/1331 1329/1329 1327/1327
f 1327/1327 1332/1332 1331/1331
f 1333/1333 1335/1335 1334/1334
f 1334/1334 1335/1335 1336/1336
f 1338/1338 1337/1337 1333/1333
f 1333/1333 1337/1337 1335/1335
f 1336/1336 1337/1337 1338/1338
f 1335/1335 1337/1337 1336/1336
f 1339/1339 1340/1340 1341/1341
f 1339/1339 1341/1341 1342/1342
f 1343/1343 1339/1339 1342/1342
f 1341/1341 1344/1344 1342/1342
f 1345/1345 1347/1347 1346/1346
f 1347/1347 1348/1348 1346/1346
f 1349/1349 1345/1345 1350/1350
f 1345/1345 1346/1346 1350/1350
f 1351/1351 1353/1353 1352/1352
f 1353/1353 1354/1354 1352/1352
f 1355/1355 1351/1351 1356/1356
f 1351/1351 1352/1352 1356/1356
f 1357/1357 1359/1359 1358/1358
f 1359/1359 1360/1360 1358/1358
f 1361/1361 1357/1357 1362/1362
f 1357/1357 1358/1358 1362/1362
f 1363/1363 1365/1365 1364/1364
f 1365/1365 1366/1366 1364/1364
f 1367/1367 1363/1363 1368/1368
f 1363/1363 1364/1364 1368/1368
f 1369/1369 1371/1371 1370/1370
f 1371/1371 1372/1372 1370/1370
f 1373/1373 1369/1369 1374/1374
f 1369/1369 1370/1370 1374/1374
f 1375/1375 1380/1380 1400/1400
f 1386/1386 1381/1381 1400/1400
f 1376/1376 1381/1381 1377/1377
f 1381/1381 1382/1382 1377/1377
f 1401/1401 1383/1383 1378/1378
f 1378/1378 1383/1383 1379/1379
f 1383/1383 1384/1384 1379/1379
f 1380/1380 1385/1385 1386/1386
f 1380/1380 1386/1386 1400/1400
f 1381/1381 1386/1386 1396/1396
f 1381/1381 1387/1387 1382/1382
f 1382/1382 1387/1387 1398/1398
f 1398/1398 1388/1388 1383/1383
f 1383/1383 1388/1388 1384/1384
f 1388/1388 1389/1389 1384/1384
f 1385/1385 1390/1390 1386/1386
f 1390/1390 1391/1391 1386/1386
f 1386/1386 1397/1397 1396/1396
f 1391/1391 1397/1397 1386/1386
f 1399/1399 1398/1398 1387/1387
f 1388/1388 1393/1393 1394/1394
f 1388/1388 1394/1394 1389/1389
f 1390/1390 1395/1395 1391/1391
f 1391/1391 1395/1395 1397/1397
f 1381/1381 1396/1396 1387/1387
f 1392/1392 1387/1387 1396/1396
f 1397/1397 1392/1392 1396/1396
f 1397/1397 1395/1395 1392/1392
f 1392/1392 1420/1420 1399/1399
f 1382/1382 1398/1398 1401/1401
f 1393/1393 1388/1388 1398/1398
f 1392/1392 1399/1399 1387/1387
f 1399/1399 1393/1393 1398/1398
f 1399/1399 1420/1420 1393/1393
f 1393/1393 1420/1420 1394/1394
f 1400/1400 1381/1381 1376/1376
f 1398/1398 1383/1383 1401/1401
f 1377/1377 1382/1382 1401/1401
f 1421/1421 1418/1418 1422/1422
f 1408/1408 1418/1418 1405/1405
f 1402/1402 1403/1403 1405/1405
f 1405/1405 1403/1403 1406/1406
f 1419/1419 1404/1404 1407/1407
f 1404/1404 1423/1423 1407/1407
f 1407/1407 1423/1423 1424/1424
f 1422/1422 1408/1408 1425/1425
f 1422/1422 1418/1418 1408/1408
f 1405/1405 1414/1414 1408/1408
f 1405/1405 1406/1406 1409/1409
f 1406/1406 1416/1416 1409/1409
f 1416/1416 1407/1407 1410/1410
f 1407/1407 1424/1424 1410/1410
f 1410/1410 1424/1424 1426/1426
f 1425/1425 1408/1408 1427/1427
f 1427/1427 1408/1408 1411/1411
f 1408/1408 1414/1414 1415/1415
f 1411/1411 1408/1408 1415/1415
f 1417/1417 1409/1409 1416/1416
f 1410/1410 1428/1428 1413/1413
f 1410/1410 1426/1426 1428/1428
f 1427/1427 1411/1411 1429/1429
f 1411/1411 1415/1415 1429/1429
f 1405/1405 1409/1409 1414/1414
f 1412/1412 1414/1414 1409/1409
f 1415/1415 1414/1414 1412/1412
f 1415/1415 1412/1412 1429/1429
f 1412/1412 1417/1417 1430/1430
f 1406/1406 1419/1419 1416/1416
f 1413/1413 1416/1416 1410/1410
f 1412/1412 1409/1409 1417/1417
f 1417/1417 1416/1416 1413/1413
f 1417/1417 1413/1413 1430/1430
f 1413/1413 1428/1428 1430/1430
f 1418/1418 1402/1402 1405/1405
f 1416/1416 1419/1419 1407/1407
f 1403/1403 1419/1419 1406/1406
f 1440/1440 1434/1434 1441/1441
f 1440/1440 1442/1442 1434/1434
f 1443/1443 1438/1438 1437/1437
f 1458/1458 1459/1459 1460/1460
f 1439/1439 1437/1437 1438/1438
f 1431/1431 1440/1440 1433/1433
f 1461/1461 1435/1435 1440/1440
f 1440/1440 1441/1441 1433/1433
f 1458/1458 1460/1460 1438/1438
f 1440/1440 1435/1435 1442/1442
f 1462/1462 1432/1432 1435/1435
f 1463/1463 1458/1458 1443/1443
f 1458/1458 1438/1438 1443/1443
f 1448/1448 1444/1444 1450/1450
f 1464/1464 1465/1465 1446/1446
f 1466/1466 1449/1449 1467/1467
f 1453/1453 1447/1447 1451/1451
f 1452/1452 1453/1453 1451/1451
f 1468/1468 1446/1446 1465/1465
f 1469/1469 1447/1447 1446/1446
f 1470/1470 1436/1436 1471/1471
f 1472/1472 1473/1473 1448/1448
f 1474/1474 1448/1448 1445/1445
f 1448/1448 1473/1473 1475/1475
f 1476/1476 1446/1446 1449/1449
f 1453/1453 1446/1446 1447/1447
f 1448/1448 1450/1450 1445/1445
f 1449/1449 1446/1446 1453/1453
f 1477/1477 1445/1445 1478/1478
f 1451/1451 1436/1436 1479/1479
f 1480/1480 1451/1451 1479/1479
f 1471/1471 1436/1436 1451/1451
f 1480/1480 1452/1452 1451/1451
f 1467/1467 1452/1452 1480/1480
f 1467/1467 1453/1453 1452/1452
f 1449/1449 1453/1453 1467/1467
f 1481/1481 1464/1464 1476/1476
f 1476/1476 1464/1464 1446/1446
f 1454/1454 1456/1456 1455/1455
f 1457/1457 1456/1456 1454/1454
f 1482/1482 1483/1483 1455/1455
f 1484/1484 1485/1485 1486/1486
f 1454/1454 1455/1455 1483/1483
f 1487/1487 1454/1454 1483/1483
f 1456/1456 1488/1488 1486/1486
f 1489/1489 1488/1488 1457/1457
f 1485/1485 1456/1456 1486/1486
f 1488/1488 1456/1456 1457/1457
f 1490/1490 1489/1489 1454/1454
f 1489/1489 1457/1457 1454/1454
