# MOD converted: m040.mod
# 1307 verts, 1554 faces

v 217.928619 -66.948112 0.000002
v 196.486420 -79.876381 0.000001
v 249.014481 -47.567738 -0.000007
v 303.049744 55.781311 -0.000001
v 143.406311 56.020638 -0.000001
v 123.555977 36.888950 0.000007
v 284.873657 -40.460522 0.000006
v 262.821655 -36.497631 0.000001
v 258.260223 -41.834873 0.000003
v 154.552460 -91.978989 0.000002
v 105.397217 -81.175461 0.878979
v 113.100014 -11.279713 57.447975
v 196.071274 -52.875866 64.703651
v 204.501633 8.047220 54.701752
v 206.878922 34.322529 29.608900
v 207.819778 48.440453 44.574966
v 280.011658 -14.742450 32.605156
v 274.890808 -24.471764 40.378139
v 314.201508 -6.089875 25.493998
v 306.604492 52.858788 41.776234
v 234.203430 -33.673893 26.130896
v 233.986267 -46.303806 22.409067
v 248.573807 60.906277 59.659840
v 218.181732 10.765951 49.109020
v 241.410995 -20.009521 40.721779
v 243.931961 -40.409519 23.062084
v 242.106842 -48.819527 20.579075
v 271.358978 65.482018 50.988583
v 242.931274 36.864853 58.244026
v 251.435333 -14.398682 72.128624
v 273.726593 46.839211 57.051006
v 308.354065 26.321037 52.751965
v 261.831787 45.632740 27.863737
v 216.561142 -57.555733 48.871796
v 214.447403 -46.324448 51.137585
v 223.453522 36.281998 67.856339
v 153.618225 -56.220814 72.098923
v 171.437103 6.084353 27.189884
v 229.675171 46.999775 33.616127
v 196.712997 -70.937393 71.401321
v 252.559982 -10.981149 105.280411
v 254.871506 31.384356 93.663406
v 279.942322 31.802067 104.067001
v 252.056900 -2.245758 49.431507
v 264.313568 -20.389021 51.146011
v 241.927094 13.673023 38.946850
v 266.723328 53.714020 40.765312
v 298.691925 48.462757 55.472679
v 178.881943 33.207825 30.569515
v 179.092850 52.147541 20.624493
v 260.570496 -41.247272 36.695286
v 263.704315 -32.797138 59.005676
v 220.705872 -24.555542 19.556454
v 270.659851 -32.232262 92.975128
v 278.736877 -6.260641 52.117416
v 302.978180 -4.419032 68.404854
v 197.433075 -26.795805 72.418594
v 164.294449 -22.929607 59.674896
v 264.532227 -13.103892 71.817215
v 294.251923 -4.140640 72.920090
v 299.103058 31.003405 58.927830
v 289.616699 49.222076 46.047699
v 316.281799 24.068970 37.604919
v 242.751343 47.581841 50.454567
v 249.628998 -23.192955 8.735868
v 104.791733 -48.476944 33.901344
v 123.450668 -73.960541 23.418228
v 144.457169 51.896217 56.675247
v 131.841187 -52.086800 31.235662
v 114.365494 -64.026428 32.659576
v 126.581734 41.576656 53.114994
v 147.672913 33.798569 54.793758
v 132.233124 20.623993 51.089622
v 128.107452 -47.514145 11.217391
v 85.510132 -44.830105 3.569952
v 87.763161 -6.644509 19.921627
v 88.201172 17.247080 49.875835
v 90.428566 19.456808 60.840622
v 93.012550 -34.321999 73.453484
v 98.864548 -3.477978 71.115646
v 130.523926 -6.213708 57.587540
v 120.822685 -40.301590 38.092205
v 107.058060 -59.044708 2.689653
v 110.520378 -10.174264 14.587030
v 112.110458 19.924208 47.679306
v 122.580208 24.566568 48.390099
v 81.098419 19.307262 66.277649
v 77.830612 -1.200002 38.657352
v 73.808479 -47.676239 15.359760
v 76.756310 -36.998672 59.637512
v 77.392303 -30.806108 8.102575
v 75.902802 -3.747012 20.591383
v 79.557686 18.910954 38.654915
v 64.288925 -43.260567 56.642975
v 66.977097 -26.782452 16.042725
v 67.143906 -31.086514 70.356964
v 145.876358 6.152199 12.632238
v 120.744347 21.087320 11.107552
v 124.955093 42.871593 39.056416
v 87.171684 -56.783646 69.964561
v 143.634491 -19.188274 38.025391
v 146.261215 47.004620 11.995351
v 287.399689 -35.574707 19.802990
v 317.207031 -42.093868 30.716394
v 299.781281 -22.284941 51.813610
v 58.737312 -21.501699 74.747696
v 12.175323 -24.640991 65.987946
v 19.446236 -31.982962 59.784969
v 14.666954 26.931112 55.152958
v 29.837488 18.793007 69.084572
v 11.821877 -45.629414 46.623447
v 14.666873 39.887173 23.497017
v 36.426277 -14.731629 24.214695
v 18.068415 -53.541245 23.878626
v 31.352314 29.982956 51.430283
v 35.270737 -12.805990 46.084053
v 29.954874 30.857525 42.669899
v 27.985611 -31.799900 66.463051
v 14.666542 0.743002 18.278973
v 29.781908 15.348083 12.662815
v 14.666922 17.254152 15.274206
v 14.762255 -35.795708 24.915575
v 26.383499 -39.046600 17.430611
v 14.666424 -7.108429 57.941872
v 31.604895 -4.061780 17.640324
v 32.444283 -5.304230 46.837959
v 18.829206 -56.329876 38.966663
v 40.203438 -19.461733 47.864998
v -0.325536 -65.571365 24.009789
v -0.325514 -59.572342 15.274132
v 0.346712 -35.061867 18.329460
v 0.347112 -7.108524 12.662867
v 0.347605 17.253876 46.623474
v 0.347773 39.886959 59.784992
v 0.347836 26.930958 68.552742
v 0.347224 0.742901 75.849152
v 0.346844 -24.549297 71.424660
v -0.325451 -52.133789 52.368359
v 57.921314 38.327091 62.947353
v 64.232605 2.212961 20.276432
v 57.984016 -24.834936 8.210130
v 63.816471 1.798528 19.598068
v 58.144356 38.620174 38.816887
v 57.670948 -30.246290 18.427473
v 14.666872 35.764946 18.467062
v 0.347793 35.629669 24.982918
v 225.747498 -47.961372 41.827187
v 222.462708 -40.240021 41.782520
v 228.010345 -41.555637 16.782923
v 317.484009 -44.768566 18.193571
v 304.231659 -44.336388 15.708670
v 317.031219 -41.870934 22.800573
v 314.229462 -43.745190 18.794317
v 313.795044 -48.238407 57.199883
v 221.362411 37.026474 81.551697
v 231.836273 50.803165 58.428268
v 223.418503 -2.399856 82.872818
v 233.670792 -13.082318 113.367981
v 235.561432 -5.193759 71.940491
v 198.427505 32.586044 73.439667
v 197.973953 0.305880 114.825127
v 235.715500 34.336433 118.160248
v 216.345184 33.386009 94.803375
v 207.388489 -11.121865 114.852158
v 215.044907 -1.556082 141.391190
v 180.621490 38.677158 140.200317
v 181.808441 -6.960654 79.831871
v 155.321960 39.028408 125.408302
v 118.255692 45.316833 79.570229
v 155.662323 -6.568462 111.506912
v 166.788162 -24.206757 152.401367
v 128.329788 32.715324 154.157181
v 130.829956 -5.268861 152.720795
v 112.770699 36.665821 94.125732
v 97.784805 -36.276081 149.807907
v 72.913391 46.737072 126.213516
v 87.481140 -31.452602 136.674622
v 75.831963 -29.083256 110.364197
v 63.819790 -41.175232 114.910797
v 78.211548 -37.895611 95.552307
v 64.180855 -47.200283 129.068192
v 101.836678 44.064697 103.864944
v 117.235291 14.861647 104.665993
v 89.721825 -18.432920 100.402176
v 80.121941 -30.752937 99.867134
v 63.272308 -37.451263 154.426682
v 112.724037 -15.797075 156.231949
v 75.276642 -28.446392 116.198708
v 98.595665 -45.495941 139.304947
v 100.169388 -30.390779 106.049385
v 64.728760 -50.680920 108.617134
v 80.981194 -49.979519 156.777237
v 73.146683 8.212107 150.770721
v 50.257637 -28.906000 136.000000
v 54.283131 -28.750546 151.737915
v 48.943336 7.598018 140.029022
v 29.410648 -28.044132 129.239746
v 34.299545 -27.243740 139.457336
v 21.219667 7.167773 141.091034
v 31.607304 41.798019 129.332870
v 35.911438 41.552738 132.059784
v 52.995876 43.928619 146.255096
v 50.472607 44.444691 125.538040
v 115.971390 -31.301270 98.229057
v 112.545677 -21.918756 125.457153
v 124.084076 -18.313519 103.995544
v 119.939072 -4.301132 122.828812
v 92.008293 8.291804 91.648468
v 205.834717 51.051765 112.508759
v 165.426819 52.876846 93.607040
v 81.833900 -45.341793 127.936600
v 26.752634 6.554059 132.512405
v 73.811676 46.610832 33.300240
v 319.408752 32.497189 23.077244
v 57.707970 -71.044968 18.425564
v 82.116035 -75.159126 18.817564
v 113.196312 -81.146629 18.495331
v 122.379929 -84.699341 105.053619
v 179.768478 49.455109 87.460152
v 218.139771 48.395969 126.500015
v 200.381638 35.933979 75.615433
v 183.251404 35.136520 24.590309
v 8.757322 -60.613075 48.091568
v 8.997168 -65.682205 71.090714
v 7.932682 -52.522827 72.020683
v 168.212128 -15.330612 70.577240
v 152.487534 -19.035666 71.169357
v 170.976959 -2.973329 79.320305
v 148.820953 0.405483 76.054398
v 171.158401 -7.901513 66.763763
v 156.468750 16.270172 69.329597
v 171.021561 9.583998 80.233223
v 165.913589 -1.423350 74.892029
v 172.371948 2.860043 74.298523
v 151.879562 6.750309 68.827988
v 148.705902 8.606138 75.670761
v 150.351456 -7.709653 70.734558
v 147.309387 -9.848340 70.460121
v 139.600861 -3.882629 72.064133
v 139.802307 0.914496 69.525925
v 140.966217 5.138914 42.239399
v 177.541550 43.559845 46.260292
v 161.986069 41.338829 30.739384
v 179.515274 48.552471 33.649612
v 158.017471 58.457985 37.345818
v 180.409851 50.485870 13.114981
v 163.605911 54.592472 18.849426
v 178.684601 52.912666 34.109650
v 175.199570 57.508461 27.242847
v 180.903595 54.525681 25.437141
v 160.252441 56.912041 21.527136
v 156.504288 53.156227 38.913559
v 159.674042 51.312119 38.748520
v 156.330475 46.117081 34.093842
v 148.302719 49.113071 30.619934
v 148.374207 52.794479 25.611248
v 149.066345 52.517128 58.890663
v 154.175140 -65.982887 54.046673
v 138.719940 -66.847328 65.005966
v 157.358398 -55.327274 71.305275
v 134.369934 -54.556595 66.530182
v 156.717163 -62.068840 69.940140
v 144.132553 -35.303776 70.106354
v 157.994659 -43.723244 72.919601
v 151.107605 -58.242027 71.374641
v 158.367004 -52.454094 70.759308
v 138.274323 -46.856758 66.799057
v 135.955948 -42.125542 64.101181
v 136.185730 -59.687000 58.491043
v 133.816345 -58.634785 60.598866
v 126.384537 -52.683983 64.508957
v 126.484055 -49.470390 64.730865
v 128.106323 -44.678535 39.318840
v 149.482498 -85.461296 39.275337
v 149.350464 -85.420959 6.162261
v 157.416275 -97.452713 6.162256
v 153.864578 -91.978989 18.441967
v 150.008972 -95.875320 14.701393
v 146.791626 -99.907547 10.960838
v 145.496262 -94.914322 14.701417
v 148.713593 -90.882095 19.813700
v 107.629669 -86.304596 15.817940
v 108.925049 -91.297813 15.817936
v 110.847031 -82.272369 6.696169
v 100.222374 -84.727203 6.696187
v 103.774101 -90.200912 6.696159
v 105.696106 -81.175468 6.162242
v 151.942566 -101.004448 6.162230
v 148.390854 -95.530731 19.813686
v 122.701752 -89.485245 15.817915
v 120.824005 -93.802750 0.000003
v 103.475243 -90.200912 0.000002
v 99.923508 -84.727203 14.198942
v 125.422058 -94.600189 12.020123
v 130.312744 -89.634666 6.571365
v 139.511902 -100.979309 0.000003
v 111.609299 -94.959854 7.742553
v 121.848969 -100.031326 10.035301
v 120.270302 -95.066681 6.096300
v 139.414917 -96.787834 8.970459
v 155.083389 57.465279 5.177474
v 154.822479 57.934902 6.809613
v 149.957123 62.702110 9.236101
v 159.838516 54.804722 4.534039
v 160.200775 55.614143 25.795280
v 145.464462 -92.347885 32.383743
v 146.145981 -89.445168 30.277853
v 156.296066 -96.056900 23.729713
v 139.681808 -87.173431 30.955601
v 140.429260 -83.989876 34.423157
v 146.825027 -89.622467 40.477943
v 147.550186 -85.735107 39.389408
v 157.657074 -92.651657 31.598915
v 141.059845 -84.798897 38.239510
v 141.855164 -80.535431 46.364861
v 146.411469 -78.552155 51.440918
v 147.499481 -73.517517 54.018837
v 152.573944 -84.126831 42.530212
v 141.004501 -74.019974 48.097382
v 142.197784 -68.498215 39.289314
v 117.840668 -66.400436 34.310837
v 116.694839 -71.518982 38.720383
v 106.562454 -66.739487 39.782536
v 125.664978 -68.137390 34.322380
v 124.408325 -73.751175 29.879236
v 115.924240 -74.700485 24.033211
v 114.875641 -78.826309 29.172901
v 104.654938 -75.074745 30.102116
v 123.769760 -76.397141 23.690495
v 122.619690 -80.922134 36.617870
v 118.548981 -73.206512 31.633568
v 116.704056 -76.518539 38.825665
v 109.253426 -75.311043 34.649597
v 125.215759 -73.385292 29.183067
v 123.192345 -77.017776 25.126564
v 117.526680 -80.735474 20.333504
v 117.185471 -84.343323 22.099239
v 106.272179 -85.429596 23.778103
v 124.408440 -80.190331 18.238781
v 124.034210 -84.233627 43.709499
v 120.952484 -67.382286 39.671402
v 118.878281 -70.906158 47.819977
v 112.380569 -68.721718 40.664139
v 127.341034 -67.037086 35.765228
v 124.836189 -71.147850 65.869644
v 131.750305 -35.887741 64.292877
v 129.924423 -41.103710 71.445129
v 123.935219 -35.968933 62.030327
v 137.684631 -36.388390 60.040085
v 135.453644 -42.571743 60.159004
v 127.270493 -53.658924 55.878418
v 126.186111 -58.177551 59.646099
v 115.760170 -59.647514 57.777962
v 135.582428 -52.874081 53.057747
v 134.262222 -57.685383 56.687782
v 123.090073 -57.922127 53.351326
v 122.873466 -63.312466 55.820099
v 114.379860 -64.340988 53.231686
v 132.032211 -56.176342 48.044674
v 130.234970 -60.622379 48.798096
v 121.347626 -64.260040 46.725933
v 119.225388 -68.994797 52.418022
v 111.638245 -67.722084 46.158028
v 128.384140 -62.196449 40.695152
v 127.205002 -67.401657 50.916794
v 124.420395 -62.167416 49.585468
v 123.268555 -64.835785 52.219719
v 117.518166 -65.581421 49.994156
v 129.445221 -59.946709 45.869240
v 128.800507 -62.926651 43.326515
v 149.838623 -86.464493 46.894531
v 149.025085 -81.297012 50.493286
v 156.036026 -92.995125 39.026489
v 143.816177 -81.590889 42.939716
v 142.923950 -75.923462 19.664223
v 143.701828 -93.305939 25.011850
v 143.793732 -91.512634 24.304934
v 152.157089 -99.322693 17.466473
v 138.394150 -87.569595 23.331505
v 138.494965 -85.602798 72.749107
v 159.604965 -42.072685 74.822220
v 159.564896 -36.419502 85.129715
v 168.561661 -43.571518 67.502335
v 152.388565 -40.548561 68.271416
v 153.389908 -33.797424 72.787483
v 163.254929 -48.507614 75.925171
v 162.411606 -43.437962 85.119965
v 171.940353 -51.374947 67.541771
v 156.068359 -46.845390 69.677742
v 156.154099 -40.318359 69.042999
v 162.451706 -60.678787 72.406372
v 161.332855 -55.811150 81.647507
v 170.536682 -64.071182 63.518150
v 155.516510 -58.860538 66.013374
v 155.345840 -52.463905 58.119804
v 155.480469 -73.669113 61.660618
v 156.043549 -70.012665 68.544189
v 163.758850 -80.064072 52.954674
v 148.542801 -68.716217 56.286587
v 149.389420 -64.074242 75.606049
v 165.397537 -24.591660 76.957405
v 165.664612 -18.729897 88.720894
v 173.365250 -25.106293 69.678879
v 158.688400 -23.255920 69.683647
v 160.164520 -16.548212 76.042145
v 164.848221 -31.178328 77.815346
v 164.564606 -25.430878 89.893547
v 171.393707 -32.199772 69.513100
v 158.730713 -29.808933 70.143723
v 159.730957 -23.043289 74.169098
v 171.326004 -14.922163 74.585205
v 171.936920 -10.792718 82.273323
v 178.306641 -14.792893 70.764862
v 166.092285 -14.036554 70.057320
v 167.411636 -9.491903 73.311821
v 160.809036 -35.822170 73.318665
v 161.648468 -31.711987 81.650864
v 167.480667 -35.210686 69.611305
v 155.766602 -35.019024 68.488708
v 157.378922 -30.656013 65.452484
v 132.999695 -35.257591 65.900375
v 134.307877 -31.685005 70.826141
v 129.348236 -31.237312 62.650436
v 137.157379 -37.407722 63.411869
v 139.413025 -33.257092 66.832214
v 134.470367 -30.539593 67.280121
v 135.778534 -26.967007 72.205864
v 130.818909 -26.519312 64.030144
v 138.628021 -32.689735 64.791603
v 140.883667 -28.539089 67.648117
v 136.261383 -27.104656 68.096024
v 137.569580 -23.532063 73.021767
v 132.609955 -23.084381 64.846054
v 140.419037 -29.254803 65.607506
v 142.674698 -25.104153 14.069328
v 155.178650 56.248951 10.404490
v 154.196838 56.778385 13.037964
v 149.533234 61.292526 13.377184
v 160.003052 53.798077 8.712986
v 159.449905 54.711895 16.256714
v 180.481003 60.038239 21.549196
v 180.475037 57.677330 24.165318
v 186.308594 66.127365 12.842345
v 174.283966 55.790226 19.429129
v 173.191925 52.994106 7.909392
v 180.091141 59.986374 13.675145
v 181.022049 59.922432 13.209279
v 188.305710 66.870117 5.801954
v 172.507477 56.012413 12.850332
v 173.759277 54.819183 1.768011
v 180.091110 61.404678 7.533767
v 181.022049 63.012817 7.067899
v 188.305695 69.955681 -0.452681
v 172.507477 56.676476 6.855144
v 173.250946 56.058636 19.265497
v 155.774551 55.350056 15.143708
v 154.483536 55.905869 20.145319
v 148.781540 60.342155 17.613604
v 160.537155 52.958908 13.018284
v 159.606140 53.913837 -0.000000
v 118.986076 -1.377585 11.822155
v 112.142410 -87.265594 0.000003
v 149.078766 -95.530746 6.696182
v 109.247818 -86.649178 10.227160
v 138.776398 -93.986099 11.099575
v 123.811768 -87.211670 6.127682
v 111.581161 -94.948639 0.000003
v 148.460190 -93.995560 0.000001
v 244.489639 -48.818207 -0.000001
v 208.735260 48.513744 -0.000001
v 229.535675 49.143497 -0.000001
v 251.470093 61.666046 -0.000001
v 175.352676 57.565426 -0.000013
v 323.852112 36.144516 -0.000003
v 273.353302 65.475487 0.000001
v 106.430084 -65.305374 0.000003
v 158.104202 -97.452713 0.000003
v 152.630463 -101.004448 0.000003
v 119.446350 -104.375458 0.000003
v 136.950562 -105.332108 -0.000000
v 56.597042 -77.999657 -57.447964
v 196.071274 -52.875885 -39.318832
v 149.482498 -85.461296 -64.703651
v 204.501633 8.047222 -54.701740
v 206.878922 34.322529 -29.608906
v 207.819778 48.440453 -44.574978
v 280.011566 -14.742433 -32.605133
v 274.890747 -24.471771 -40.378147
v 314.201477 -6.089879 -25.494013
v 306.604462 52.858795 -41.776234
v 234.203430 -33.673901 -26.130890
v 233.986267 -46.303806 -22.409067
v 248.573807 60.906277 -59.659836
v 218.181732 10.765947 -49.109020
v 241.410995 -20.009501 -40.721779
v 243.931961 -40.409519 -23.062082
v 242.106842 -48.819530 -20.579081
v 271.358978 65.482018 -50.988571
v 242.931274 36.864883 -58.244026
v 251.435318 -14.398668 -72.128616
v 273.726624 46.839203 -57.050995
v 308.354065 26.320992 -52.751953
v 261.831818 45.632751 -27.863735
v 216.561142 -57.555733 -48.871803
v 214.447403 -46.324448 -51.137566
v 223.453522 36.282005 -67.856323
v 153.618225 -56.220825 -72.098923
v 171.437103 6.084357 -27.189880
v 229.675171 46.999779 -33.616127
v 196.712997 -70.937393 -71.401329
v 252.559967 -10.981135 -105.280411
v 254.871506 31.384350 -93.663391
v 279.942352 31.802023 -104.067009
v 252.056900 -2.245758 -49.431515
v 264.313507 -20.389015 -51.146011
v 241.927094 13.673053 -38.946850
v 266.723358 53.714039 -40.765308
v 298.691986 48.462749 -55.472679
v 178.881943 33.207825 -30.569517
v 179.092850 52.147537 -20.624493
v 260.570496 -41.247272 -36.695297
v 263.704315 -32.797127 -59.005669
v 220.705872 -24.555546 -19.556433
v 270.659851 -32.232262 -92.975128
v 278.736816 -6.260675 -52.117405
v 302.978119 -4.419067 -68.404846
v 197.433075 -26.795809 -72.418594
v 164.294449 -22.929611 -59.674896
v 264.532166 -13.103874 -71.817215
v 294.251801 -4.140700 -72.920074
v 299.103088 31.003330 -58.927826
v 289.616791 49.222046 -46.047722
v 316.281799 24.068977 -37.604919
v 242.751373 47.581886 -50.454563
v 249.628952 -23.192936 -8.735864
v 104.791733 -48.476940 -33.901344
v 123.450668 -73.960541 -23.418230
v 144.457169 51.896217 -56.675240
v 131.841187 -52.086803 -31.235662
v 114.365494 -64.026436 -32.659576
v 126.581734 41.576653 -53.114998
v 147.672913 33.798569 -54.793751
v 132.233124 20.623993 -51.089615
v 128.107452 -47.514145 -11.217391
v 85.510132 -44.830105 -3.569955
v 87.763161 -6.644510 -19.921629
v 88.201172 17.247080 -49.875843
v 90.428566 19.456806 -60.840614
v 93.012550 -34.321995 -73.453484
v 98.864548 -3.477983 -71.115646
v 130.523926 -6.213706 -57.587528
v 120.822685 -40.301590 -38.092209
v 107.058060 -59.044712 -2.689653
v 110.520378 -10.174265 -14.587030
v 112.110458 19.924208 -47.679306
v 122.580208 24.566568 -48.390099
v 81.098419 19.307262 -66.277649
v 77.830612 -1.200003 -38.657345
v 73.808479 -47.676247 -15.359774
v 76.756310 -36.998680 -59.637512
v 77.392303 -30.806099 -8.102575
v 75.902802 -3.747010 -20.591383
v 79.557678 18.910957 -38.654922
v 64.288925 -43.260567 -56.642975
v 66.977097 -26.782452 -16.042725
v 67.143906 -31.086512 -70.356964
v 145.876358 6.152206 -12.632239
v 120.744347 21.087320 -11.107552
v 124.955093 42.871593 -39.056431
v 87.171692 -56.783646 -69.964561
v 143.634491 -19.188259 -38.025387
v 146.261215 47.004620 -11.995317
v 287.399689 -35.574718 -19.802984
v 317.207031 -42.093872 -30.716381
v 299.781250 -22.284948 -51.813602
v 58.737312 -21.501696 -74.747696
v 12.175318 -24.640985 -65.987946
v 19.446230 -31.982960 -59.784966
v 14.666955 26.931112 -55.152962
v 29.837486 18.793003 -69.084579
v 11.821877 -45.629421 -46.623447
v 14.666875 39.887173 -23.497019
v 36.426277 -14.731631 -24.214695
v 18.068413 -53.541245 -23.878628
v 31.352314 29.982956 -51.430275
v 35.270737 -12.805987 -46.084057
v 29.954872 30.857525 -42.669891
v 27.985611 -31.799904 -66.463051
v 14.666538 0.743004 -18.278975
v 29.781908 15.348083 -12.662818
v 14.666924 17.254154 -15.274208
v 14.762253 -35.795708 -24.915577
v 26.383503 -39.046597 -17.430609
v 14.666424 -7.108429 -57.941875
v 31.604897 -4.061779 -17.640327
v 32.444286 -5.304235 -46.837952
v 18.829199 -56.329876 -38.966660
v 40.203434 -19.461731 -47.864998
v -0.325535 -65.571365 -24.009792
v -0.325520 -59.572334 -15.274135
v 0.346709 -35.061863 -18.329462
v 0.347110 -7.108522 -12.662858
v 0.347605 17.253872 -46.623482
v 0.347772 39.886963 -59.785004
v 0.347845 26.930958 -68.552727
v 0.347230 0.742897 -75.849152
v 0.346844 -24.549301 -71.424644
v -0.325452 -52.133789 -52.368347
v 57.921314 38.327095 -62.947342
v 64.232605 2.212960 -20.276438
v 57.984016 -24.834942 -8.210134
v 63.816467 1.798520 -19.598070
v 58.144363 38.620174 -38.816898
v 57.670948 -30.246292 -18.427473
v 14.666872 35.764946 -18.467060
v 0.347789 35.629669 -24.982914
v 225.747498 -47.961372 -41.827194
v 222.462708 -40.240021 -41.782528
v 228.010345 -41.555637 -16.782919
v 317.484009 -44.768574 -18.193575
v 304.231659 -44.336388 -15.708662
v 317.031219 -41.870937 -22.800571
v 314.229462 -43.745197 -18.794312
v 313.795044 -48.238407 -57.199883
v 221.362427 37.026478 -81.551689
v 231.836288 50.803165 -58.428257
v 223.418472 -2.399855 -82.872803
v 233.670792 -13.082323 -113.367981
v 235.561432 -5.193748 -71.940483
v 198.427521 32.586044 -73.439667
v 197.973969 0.305876 -114.825127
v 235.715500 34.336433 -118.160248
v 216.345184 33.386013 -94.803360
v 207.388504 -11.121866 -114.852158
v 215.044922 -1.556081 -141.391190
v 180.621490 38.677155 -140.200317
v 181.808441 -6.960650 -79.831871
v 155.321976 39.028412 -125.408310
v 118.255684 45.316833 -79.570236
v 155.662323 -6.568474 -111.506920
v 166.788162 -24.206760 -152.401352
v 128.329788 32.715324 -154.157150
v 130.829956 -5.268857 -152.720764
v 112.770699 36.665821 -94.125725
v 97.784805 -36.276081 -149.807892
v 72.913391 46.737068 -126.213501
v 87.481133 -31.452587 -136.674606
v 75.831970 -29.083258 -110.364197
v 63.819794 -41.175228 -114.910789
v 78.211555 -37.895611 -95.552299
v 64.180847 -47.200283 -129.068192
v 101.836678 44.064690 -103.864937
v 117.235291 14.861650 -104.665977
v 89.721825 -18.432917 -100.402176
v 80.121941 -30.752937 -99.867126
v 63.272316 -37.451263 -154.426651
v 112.724037 -15.797075 -156.231918
v 75.276642 -28.446384 -116.198708
v 98.595665 -45.495937 -139.304901
v 100.169388 -30.390781 -106.049385
v 64.728760 -50.680920 -108.617134
v 80.981194 -49.979519 -156.777222
v 73.146683 8.212108 -150.770691
v 50.257637 -28.906002 -136.000000
v 54.283127 -28.750549 -151.737885
v 48.943336 7.598016 -140.029007
v 29.410646 -28.044138 -129.239746
v 34.299553 -27.243744 -139.457321
v 21.219667 7.167772 -141.091019
v 31.607304 41.798019 -129.332840
v 35.911442 41.552734 -132.059769
v 52.995876 43.928619 -146.255081
v 50.472603 44.444687 -125.538055
v 115.971390 -31.301266 -98.229065
v 112.545677 -21.918755 -125.457153
v 124.084084 -18.313519 -103.995544
v 119.939072 -4.301129 -122.828789
v 92.008286 8.291802 -91.648468
v 205.834717 51.051765 -112.508759
v 165.426819 52.876842 -93.607040
v 81.833908 -45.341797 -127.936607
v 26.752630 6.554058 -132.512390
v 73.811676 46.610828 -33.300266
v 319.408752 32.497189 -23.077250
v 57.707977 -71.044968 -18.425568
v 82.116035 -75.159126 -18.495327
v 122.379929 -84.699356 -105.053619
v 179.768478 49.455109 -87.460152
v 218.139771 48.395969 -126.500015
v 200.381622 35.933990 -75.615410
v 183.251389 35.136524 -24.590309
v 8.757316 -60.613075 -48.091572
v 8.997168 -65.682205 -71.090706
v 7.932685 -52.522823 -72.020676
v 168.212128 -15.330626 -70.577232
v 152.487534 -19.035679 -71.169342
v 170.976959 -2.973326 -79.320305
v 148.820953 0.405493 -76.054398
v 171.158417 -7.901528 -66.763756
v 156.468750 16.270172 -69.329597
v 171.021561 9.583991 -80.233215
v 165.913605 -1.423357 -74.892021
v 172.371948 2.860048 -74.298515
v 151.879562 6.750304 -68.827980
v 148.705902 8.606140 -75.670761
v 150.351440 -7.709649 -70.734558
v 147.309387 -9.848341 -70.460114
v 139.600861 -3.882631 -72.064133
v 139.802307 0.914497 -69.525909
v 140.966217 5.138913 -42.239399
v 177.541550 43.559837 -46.260284
v 161.986069 41.338829 -30.739384
v 179.515274 48.552467 -33.649609
v 158.017471 58.457985 -37.345818
v 180.409851 50.485870 -13.114977
v 163.605911 54.592472 -18.849430
v 178.684601 52.912666 -34.109653
v 175.199585 57.508461 -27.242847
v 180.903595 54.525681 -25.437141
v 160.252441 56.912041 -21.527138
v 156.504288 53.156227 -38.913567
v 159.674042 51.312111 -38.748520
v 156.330475 46.117081 -34.093842
v 148.302719 49.113075 -30.619936
v 148.374207 52.794479 -25.611244
v 149.066345 52.517128 -58.890656
v 154.175140 -65.982895 -54.046646
v 138.719940 -66.847343 -65.005951
v 157.358398 -55.327286 -71.305267
v 134.369934 -54.556602 -66.530174
v 156.717163 -62.068851 -69.940132
v 144.132538 -35.303764 -70.106354
v 157.994659 -43.723251 -72.919594
v 151.107605 -58.242027 -71.374626
v 158.367004 -52.454102 -70.759300
v 138.274353 -46.856766 -66.799042
v 135.955948 -42.125557 -64.101166
v 136.185730 -59.687012 -58.491043
v 133.816345 -58.634789 -60.598854
v 126.384537 -52.684002 -64.508957
v 126.484055 -49.470398 -64.730858
v 128.106323 -44.678528 -39.275333
v 149.350464 -85.420959 -0.878979
v 113.100014 -11.279714 -18.817560
v 113.196312 -81.146637 -6.162254
v 157.416275 -97.452713 -6.162229
v 153.864578 -91.978989 -18.441963
v 150.008972 -95.875328 -14.701387
v 146.791626 -99.907547 -14.701410
v 148.713593 -90.882095 -19.813684
v 107.629669 -86.304596 -15.817935
v 108.925049 -91.297821 -15.817924
v 110.847031 -82.272369 -6.696164
v 100.222374 -84.727203 -6.696182
v 103.774101 -90.200912 -6.696177
v 109.247818 -86.649178 -6.696155
v 105.696106 -81.175468 -6.162235
v 151.942566 -101.004448 -6.162224
v 148.390854 -95.530731 -19.813681
v 122.701752 -89.485245 -15.817910
v 120.824005 -93.802757 0.000003
v 108.948944 -86.649185 -14.198936
v 125.422058 -94.600189 -10.227131
v 138.776398 -93.986099 -12.020121
v 130.312744 -89.634674 -6.571359
v 139.511902 -100.979309 -7.742526
v 121.848969 -100.031326 -10.035295
v 120.270302 -95.066681 -6.096294
v 139.414917 -96.787834 -8.970460
v 155.083389 57.465279 -5.177476
v 154.822479 57.934902 -6.809614
v 149.957123 62.702110 -9.236094
v 159.838516 54.804722 -4.534040
v 160.200775 55.614143 -25.795254
v 145.464462 -92.347893 -32.383736
v 146.145981 -89.445168 -30.277845
v 156.296066 -96.056900 -23.729708
v 139.681808 -87.173431 -30.955605
v 140.429260 -83.989868 -34.423141
v 146.825027 -89.622475 -40.477951
v 147.550186 -85.735100 -39.389412
v 157.657074 -92.651657 -31.598907
v 141.059845 -84.798904 -38.239494
v 141.855164 -80.535431 -46.364857
v 146.411469 -78.552155 -51.440895
v 147.499481 -73.517532 -54.018818
v 152.573944 -84.126831 -42.530197
v 141.004501 -74.019981 -48.097363
v 142.197784 -68.498230 -39.289314
v 117.840668 -66.400452 -34.310825
v 116.694839 -71.518997 -38.720383
v 106.562454 -66.739487 -39.782524
v 125.664978 -68.137398 -34.322376
v 124.408325 -73.751175 -29.879232
v 115.924240 -74.700485 -24.033207
v 114.875641 -78.826309 -29.172901
v 104.654938 -75.074753 -30.102112
v 123.769760 -76.397141 -23.690491
v 122.619690 -80.922134 -36.617859
v 118.548981 -73.206520 -31.633572
v 116.704056 -76.518532 -38.825661
v 109.253426 -75.311043 -34.649593
v 125.215759 -73.385300 -29.183056
v 123.192345 -77.017776 -25.126568
v 117.526680 -80.735474 -20.333500
v 117.185471 -84.343323 -22.099236
v 106.272179 -85.429596 -23.778097
v 124.408440 -80.190331 -18.238775
v 124.034210 -84.233627 -43.709488
v 120.952484 -67.382294 -39.671398
v 118.878288 -70.906158 -47.819969
v 112.380569 -68.721725 -40.664131
v 127.341034 -67.037094 -35.765224
v 124.836189 -71.147850 -65.869629
v 131.750305 -35.887749 -64.292862
v 129.924438 -41.103737 -71.445129
v 123.935226 -35.968937 -62.030319
v 137.684616 -36.388390 -60.040077
v 135.453644 -42.571754 -60.158993
v 127.270508 -53.658936 -55.878422
v 126.186111 -58.177551 -59.646103
v 115.760170 -59.647511 -57.777946
v 135.582428 -52.874092 -53.057743
v 134.262222 -57.685387 -56.687767
v 123.090073 -57.922134 -53.351311
v 122.873466 -63.312469 -55.820084
v 114.379860 -64.341003 -53.231689
v 132.032211 -56.176338 -48.044670
v 130.234970 -60.622383 -48.798111
v 121.347626 -64.260025 -46.725937
v 119.225388 -68.994789 -52.418007
v 111.638245 -67.722092 -46.158020
v 128.384140 -62.196465 -40.695160
v 127.205002 -67.401657 -50.916771
v 124.420395 -62.167435 -49.585472
v 123.268555 -64.835770 -52.219719
v 117.518166 -65.581413 -49.994141
v 129.445221 -59.946728 -45.869232
v 128.800507 -62.926659 -43.326508
v 149.838623 -86.464493 -46.894527
v 149.025085 -81.297012 -50.493271
v 156.036026 -92.995132 -39.026497
v 143.816177 -81.590881 -42.939713
v 142.923950 -75.923462 -19.664227
v 143.701828 -93.305939 -25.011833
v 143.793732 -91.512634 -24.304928
v 152.157089 -99.322693 -17.466467
v 138.394150 -87.569595 -23.331499
v 138.494965 -85.602798 -72.749100
v 159.604965 -42.072697 -74.822220
v 159.564896 -36.419498 -85.129707
v 168.561661 -43.571507 -67.502327
v 152.388565 -40.548553 -68.271408
v 153.389908 -33.797417 -72.787476
v 163.254929 -48.507633 -75.925171
v 162.411606 -43.437958 -85.119965
v 171.940353 -51.374947 -67.541763
v 156.068359 -46.845402 -69.677750
v 156.154099 -40.318352 -69.042999
v 162.451706 -60.678787 -72.406342
v 161.332855 -55.811172 -81.647499
v 170.536682 -64.071198 -63.518143
v 155.516510 -58.860542 -66.013367
v 155.345840 -52.463921 -58.119801
v 155.480469 -73.669113 -61.660614
v 156.043549 -70.012665 -68.544174
v 163.758850 -80.064072 -52.954651
v 148.542816 -68.716217 -56.286583
v 149.389420 -64.074249 -75.606049
v 165.397537 -24.591656 -76.957397
v 165.664612 -18.729912 -88.720879
v 173.365265 -25.106335 -69.678879
v 158.688400 -23.255913 -69.683647
v 160.164520 -16.548218 -76.042130
v 164.848221 -31.178329 -77.815338
v 164.564606 -25.430882 -89.893539
v 171.393707 -32.199776 -69.513092
v 158.730713 -29.808937 -70.143723
v 159.730957 -23.043289 -74.169090
v 171.326004 -14.922169 -74.585205
v 171.936920 -10.792723 -82.273315
v 178.306641 -14.792910 -70.764862
v 166.092285 -14.036560 -70.057312
v 167.411636 -9.491908 -73.311813
v 160.809036 -35.822186 -73.318657
v 161.648468 -31.711987 -81.650856
v 167.480667 -35.210693 -69.611298
v 155.766602 -35.019035 -68.488716
v 157.378922 -30.656000 -65.452484
v 132.999710 -35.257584 -65.900375
v 134.307877 -31.685007 -70.826126
v 129.348236 -31.237335 -62.650421
v 137.157379 -37.407730 -63.411873
v 139.413025 -33.257080 -66.832199
v 134.470367 -30.539612 -67.280106
v 135.778534 -26.967018 -72.205864
v 130.818909 -26.519308 -64.030128
v 138.628021 -32.689758 -64.791603
v 140.883667 -28.539093 -67.648117
v 136.261383 -27.104660 -68.096008
v 137.569580 -23.532084 -73.021767
v 132.609955 -23.084387 -64.846046
v 140.419067 -29.254807 -65.607498
v 142.674698 -25.104168 -14.069330
v 155.178650 56.248951 -10.404492
v 154.196838 56.778385 -13.037961
v 149.533234 61.292526 -13.377176
v 160.003052 53.798080 -8.712982
v 159.449905 54.711899 -16.256718
v 180.481003 60.038239 -21.549198
v 180.475037 57.677330 -24.165318
v 186.308594 66.127365 -12.842339
v 174.283966 55.790230 -19.429121
v 173.191925 52.994110 -7.909389
v 180.091141 59.986374 -13.675142
v 181.022049 59.922432 -13.209281
v 188.305710 66.870117 -5.801951
v 172.507477 56.012413 -12.850334
v 173.759277 54.819180 -1.768013
v 180.091110 61.404678 -7.533768
v 181.022049 63.012817 -7.067901
v 188.305695 69.955681 0.452679
v 172.507477 56.676476 -6.855142
v 173.250946 56.058636 -19.265499
v 155.774551 55.350060 -15.143709
v 154.483536 55.905869 -20.145321
v 148.781540 60.342155 -17.613605
v 160.537155 52.958908 -13.018280
v 159.606140 53.913841 0.000001
v 104.043777 -52.259819 -10.960833
v 145.496262 -94.914322 -11.822149
v 112.142410 -87.265594 0.000003
v 140.021744 -97.014206 -11.099570
v 123.811768 -87.211670 -6.127676
v 111.581161 -94.948639 0.000003
v 121.525650 -88.002487 31.420082
v 341.807892 -7.518138 32.122101
v 346.323181 -11.881848 25.218033
v 341.055603 -10.583946 28.957546
v 333.961182 -6.111537 39.026676
v 347.207703 -2.381788 24.653048
v 340.506561 -4.699058 -31.420082
v 341.807892 -7.518137 -32.122101
v 346.323181 -11.881848 -25.218031
v 341.055603 -10.583942 -28.957548
v 333.961182 -6.111543 -39.026676
v 347.207703 -2.381791 -24.653046
v 340.506561 -4.699052 -0.000015
v 332.928711 24.225088 0.000015
v 318.677216 -57.329926 -0.000001
v 337.280457 22.007248 0.000015
v 312.400909 -58.116386 0.000019
v 301.037720 -58.242279 0.000015
v 322.656342 -57.033745 0.000015
v 326.674255 -58.961147 0.000001
v 362.075653 1.057266 -0.000003
v 343.176941 -46.866245 0.000015
v 330.756836 -58.170025 -0.000001
v 349.181366 15.150567 -0.000002
v 359.986359 -28.248554 -0.000000
v 363.056763 -14.693375 -0.000002
v 349.865723 -43.841496 26.344271
v 332.327728 14.827922 36.031914
v 321.651947 -8.262411 11.472880
v 311.350800 -52.761089 19.270033
v 311.198090 -39.282955 7.950381
v 318.205048 -52.146587 28.893028
v 311.605713 -28.062159 22.402157
v 300.234436 -39.282276 14.371522
v 300.904816 -50.462402 29.877443
v 320.252045 -29.161381 15.925982
v 327.773499 -40.533821 6.521643
v 322.828339 -53.156212 28.905005
v 329.741241 -31.003115 28.193066
v 340.364471 -8.083581 6.218270
v 359.131165 -26.624817 20.827480
v 351.783844 -26.187168 9.844067
v 347.549255 -39.658619 24.685705
v 349.640930 -37.728138 24.515566
v 335.446075 -40.250095 21.553606
v 355.604919 -7.754146 3.193226
v 342.249603 -46.023201 15.231337
v 349.459290 -41.572166 15.666539
v 336.309448 -42.911160 5.664063
v 331.035309 -53.962399 10.442319
v 328.295807 -47.146217 7.139840
v 339.776337 -43.968632 12.913548
v 328.330048 -45.456577 16.672472
v 343.685638 -44.188728 24.675880
v 345.501831 -40.933098 27.991068
v 343.065643 -36.974545 29.581438
v 338.935516 -34.126392 15.648977
v 321.792480 -46.693573 27.663498
v 323.818085 -34.134483 32.328323
v 328.051788 -23.563593 14.376734
v 345.674377 11.079456 13.675706
v 361.466888 -11.778911 12.748924
v 360.983582 0.068385 10.666245
v 340.606079 -46.744049 13.528111
v 340.078827 -44.592800 7.286078
v 352.415070 -32.930595 0.000002
v 353.151855 -37.121628 37.682682
v 324.126251 19.688566 -26.344271
v 332.327728 14.827922 -36.031918
v 321.651917 -8.262421 -11.472874
v 311.350800 -52.761089 -19.270035
v 311.198090 -39.282951 -7.950372
v 318.205048 -52.146587 -28.893023
v 311.605682 -28.062160 -22.402145
v 300.234406 -39.282284 -14.371506
v 300.904785 -50.462402 -29.877443
v 320.252045 -29.161381 -15.925976
v 327.773499 -40.533829 -6.521635
v 322.828339 -53.156216 -28.905001
v 329.741241 -31.003122 -28.193062
v 340.364471 -8.083575 -6.218268
v 359.131165 -26.624817 -20.827482
v 351.783844 -26.187164 -9.844063
v 347.549255 -39.658623 -24.685698
v 349.640930 -37.728146 -24.515556
v 335.446075 -40.250103 -21.553606
v 355.604919 -7.754145 -3.193232
v 342.249603 -46.023201 -15.231327
v 349.459290 -41.572166 -15.666532
v 336.309448 -42.911160 -5.664033
v 331.035309 -53.962402 -10.442310
v 328.295807 -47.146221 -7.139844
v 339.776337 -43.968628 -12.913542
v 328.330048 -45.456581 -16.672466
v 343.685638 -44.188732 -24.675877
v 345.501831 -40.933098 -27.991072
v 343.065643 -36.974537 -29.581434
v 338.935516 -34.126400 -15.648971
v 321.792480 -46.693577 -27.663490
v 323.818085 -34.134487 -32.328327
v 328.051788 -23.563587 -14.376735
v 345.674377 11.079456 -13.675706
v 361.466888 -11.778909 -12.748926
v 360.983582 0.068384 -10.666255
v 340.606079 -46.744049 -13.528110
v 340.078827 -44.592800 -7.286079
v 352.415070 -32.930595 -37.682709
v 324.126221 19.688559 92.975128
v 278.736877 -6.260641 93.663406
v 279.942322 31.802067 72.128624
v 273.726593 46.839211 59.674896
v 264.532227 -13.103892 58.244026
v 251.435333 -14.398682 70.356964
v 145.876358 6.152199 53.114994
v 147.672913 33.798569 18.495331
v 122.379929 -84.699341 0.000003
v 121.525650 -88.002487 56.675247
v 131.841187 -52.086800 69.964561
v 143.634491 -19.188274 32.659576
v 126.581734 41.576656 14.587030
v 112.110458 19.924208 19.921627
v 88.201172 17.247080 20.591383
v 79.557686 18.910954 19.598068
v 58.144356 38.620174 38.025391
v 146.261215 47.004620 38.025391
v 146.261215 47.004620 23.418228
v 144.457169 51.896217 -0.000001
v 143.406311 56.020638 57.941872
v 31.604895 -4.061780 23.878626
v 31.352314 29.982956 18.427473
v 14.666872 35.764946 17.640324
v 32.444283 -5.304230 18.329460
v 0.347112 -7.108524 15.274132
v 0.346712 -35.061867 46.623474
v 0.347773 39.886959 18.467062
v 0.347793 35.629669 59.784992
v 0.347836 26.930958 68.552742
v 0.347224 0.742901 75.849152
v 0.346844 -24.549297 18.467062
v 0.347793 35.629669 22.800573
v 314.229462 -43.745190 19.802990
v 317.207031 -42.093868 52.751965
v 261.831787 45.632740 50.988583
v 242.931274 36.864853 81.551697
v 231.836273 50.803165 87.460152
v 218.139771 48.395969 58.428268
v 223.418503 -2.399856 73.439667
v 197.973953 0.305880 79.570229
v 155.662323 -6.568462 105.053619
v 179.768478 49.455109 91.648468
v 205.834717 51.051765 98.229057
v 112.545677 -21.918756 99.867134
v 63.272308 -37.451263 100.402176
v 80.121941 -30.752937 104.665993
v 89.721825 -18.432920 114.910797
v 78.211548 -37.895611 126.213516
v 87.481140 -31.452602 110.364197
v 63.819790 -41.175232 129.068192
v 101.836678 44.064697 125.408302
v 118.255692 45.316833 132.512405
v 73.811676 46.610832 136.674622
v 75.831963 -29.083256 136.000000
v 54.283131 -28.750546 132.059784
v 52.995876 43.928619 127.936600
v 26.752634 6.554059 129.332870
v 35.911438 41.552738 51.146011
v 241.927094 13.673023 58.244026
v 251.435333 -14.398682 112.508759
v 165.426819 52.876846 129.239746
v 34.299545 -27.243740 103.995544
v 119.939072 -4.301132 24.009789
v -0.325514 -59.572342 47.864998
v -0.325536 -65.571365 71.424660
v -0.325451 -52.133789 33.901344
v 123.450668 -73.960541 52.751965
v 261.831787 45.632740 6.162230
v 148.390854 -95.530731 10.960838
v 145.496262 -94.914322 6.162261
v 157.416275 -97.452713 11.822155
v 112.142410 -87.265594 18.495331
v 122.379929 -84.699341 6.696182
v 109.247818 -86.649178 6.696169
v 100.222374 -84.727203 0.000002
v 99.923508 -84.727203 0.000003
v 149.078766 -95.530746 0.000003
v 158.104202 -97.452713 0.000003
v 108.948944 -86.649185 10.227160
v 138.776398 -93.986099 10.960838
v 145.496262 -94.914322 6.162230
v 148.390854 -95.530731 10.227160
v 138.776398 -93.986099 11.099575
v 123.811768 -87.211670 11.822155
v 112.142410 -87.265594 10.227160
v 138.776398 -93.986099 11.099575
v 123.811768 -87.211670 6.127682
v 111.581161 -94.948639 6.696182
v 109.247818 -86.649178 11.099575
v 123.811768 -87.211670 0.000003
v 149.078766 -95.530746 6.127682
v 111.581161 -94.948639 0.000003
v 111.609299 -94.959854 0.000003
v 108.948944 -86.649185 0.000003
v 108.948944 -86.649185 6.127682
v 111.581161 -94.948639 6.096300
v 139.414917 -96.787834 0.000003
v 140.021744 -97.014206 -92.975128
v 278.736816 -6.260675 -93.663391
v 279.942352 31.802023 -72.128616
v 273.726624 46.839203 -59.674896
v 264.532166 -13.103874 -58.244026
v 251.435318 -14.398668 -70.356964
v 145.876358 6.152206 -53.114998
v 147.672913 33.798569 -18.495327
v 122.379929 -84.699356 -56.675240
v 131.841187 -52.086803 -69.964561
v 143.634491 -19.188259 -14.587030
v 112.110458 19.924208 -19.921629
v 88.201172 17.247080 -32.659576
v 126.581734 41.576653 -20.591383
v 79.557678 18.910957 -19.598070
v 58.144363 38.620174 -38.025387
v 146.261215 47.004620 -38.025387
v 146.261215 47.004620 -23.418230
v 144.457169 51.896217 -57.941875
v 31.604897 -4.061779 -23.878628
v 31.352314 29.982956 -18.427473
v 14.666872 35.764946 -17.640327
v 32.444286 -5.304235 -18.329462
v 0.347110 -7.108522 -15.274135
v 0.346709 -35.061863 -46.623482
v 0.347772 39.886963 -18.467060
v 0.347789 35.629669 -59.785004
v 0.347845 26.930958 -68.552727
v 0.347230 0.742897 -75.849152
v 0.346844 -24.549301 -18.467060
v 0.347789 35.629669 -22.800571
v 314.229462 -43.745197 -19.802984
v 317.207031 -42.093872 -52.751953
v 261.831818 45.632751 -50.988571
v 242.931274 36.864883 -81.551689
v 231.836288 50.803165 -87.460152
v 218.139771 48.395969 -58.428257
v 223.418472 -2.399855 -73.439667
v 197.973969 0.305876 -79.570236
v 155.662323 -6.568474 -105.053619
v 179.768478 49.455109 -91.648468
v 205.834717 51.051765 -98.229065
v 112.545677 -21.918755 -99.867126
v 63.272316 -37.451263 -100.402176
v 80.121941 -30.752937 -104.665977
v 89.721825 -18.432917 -114.910789
v 78.211555 -37.895611 -126.213501
v 87.481133 -31.452587 -110.364197
v 63.819794 -41.175228 -129.068192
v 101.836678 44.064690 -125.408310
v 118.255684 45.316833 -132.512390
v 73.811676 46.610828 -136.674606
v 75.831970 -29.083258 -136.000000
v 54.283127 -28.750549 -132.059769
v 52.995876 43.928619 -127.936607
v 26.752630 6.554058 -129.332840
v 35.911442 41.552734 -51.146011
v 241.927094 13.673053 -58.244026
v 251.435318 -14.398668 -112.508759
v 165.426819 52.876842 -129.239746
v 34.299553 -27.243744 -103.995544
v 119.939072 -4.301129 -24.009792
v -0.325520 -59.572334 -47.864998
v -0.325535 -65.571365 -71.424644
v -0.325452 -52.133789 -33.901344
v 123.450668 -73.960541 -52.751953
v 261.831818 45.632751 -6.162224
v 148.390854 -95.530731 -10.960833
v 145.496262 -94.914322 -6.162254
v 157.416275 -97.452713 -11.822149
v 112.142410 -87.265594 -18.495327
v 122.379929 -84.699356 -6.696177
v 109.247818 -86.649178 -6.696164
v 100.222374 -84.727203 -10.960833
v 145.496262 -94.914322 -10.227131
v 138.776398 -93.986099 -6.162224
v 148.390854 -95.530731 -10.227131
v 138.776398 -93.986099 -11.822149
v 112.142410 -87.265594 -11.099570
v 123.811768 -87.211670 -10.227131
v 138.776398 -93.986099 -11.099570
v 123.811768 -87.211670 -6.696177
v 109.247818 -86.649178 -6.127676
v 111.581161 -94.948639 -11.099570
v 123.811768 -87.211670 0.000003
v 149.078766 -95.530746 -6.127676
v 111.581161 -94.948639 0.000003
v 108.948944 -86.649185 0.000003
v 111.609299 -94.959854 0.000003
v 108.948944 -86.649185 -6.127676
v 111.581161 -94.948639 -6.096294
v 139.414917 -96.787834 32.122101
v 346.323181 -11.881848 25.218033
v 341.055603 -10.583946 28.957546
v 333.961182 -6.111537 39.026676
v 347.207703 -2.381788 -25.218031
v 341.055603 -10.583942 -32.122101
v 346.323181 -11.881848 -39.026676
v 347.207703 -2.381791 -28.957548
v 333.961182 -6.111543 33.300240
v 319.408752 32.497189 -0.000013
v 323.852112 36.144516 40.378139
v 314.201508 -6.089875 46.047699
v 316.281799 24.068970 30.716394
v 299.781281 -22.284941 19.802990
v 317.207031 -42.093868 11.995351
v 287.399689 -35.574707 7.950381
v 318.205048 -52.146587 0.000015
v 318.677216 -57.329926 6.521643
v 322.828339 -53.156212 19.802990
v 317.207031 -42.093868 0.000015
v 322.656342 -57.033745 29.581438
v 338.935516 -34.126392 -0.000003
v 343.176941 -46.866245 3.193226
v 342.249603 -46.023201 7.139840
v 339.776337 -43.968632 10.442319
v 328.295807 -47.146217 0.000007
v 284.873657 -40.460522 16.672472
v 343.685638 -44.188728 13.528111
v 340.078827 -44.592800 24.675880
v 345.501831 -40.933098 27.991068
v 343.065643 -36.974545 12.913548
v 328.330048 -45.456577 15.648977
v 321.792480 -46.693573 27.663498
v 323.818085 -34.134483 28.905005
v 329.741241 -31.003115 -0.000015
v 332.928711 24.225088 -33.300266
v 319.408752 32.497189 -0.000013
v 323.852112 36.144516 -40.378147
v 314.201477 -6.089879 -46.047722
v 316.281799 24.068977 -30.716381
v 299.781250 -22.284948 -0.000001
v 337.280457 22.007248 -19.802984
v 317.207031 -42.093872 0.000015
v 318.677216 -57.329926 0.000015
v 312.400909 -58.116386 -11.995317
v 287.399689 -35.574718 0.000019
v 301.037720 -58.242279 0.000015
v 318.677216 -57.329926 -7.950372
v 318.205048 -52.146587 0.000015
v 326.674255 -58.961147 0.000015
v 330.756836 -58.170025 -6.521635
v 322.828339 -53.156216 0.000015
v 322.656342 -57.033745 -19.802984
v 317.207031 -42.093872 0.000015
v 322.656342 -57.033745 -0.000001
v 349.181366 15.150567 -0.000000
v 363.056763 -14.693375 -0.000002
v 359.986359 -28.248554 0.000002
v 353.151855 -37.121628 0.000001
v 362.075653 1.057266 -0.000002
v 349.865723 -43.841496 -0.000003
v 343.176941 -46.866245 -29.581434
v 338.935516 -34.126400 -0.000003
v 343.176941 -46.866245 -3.193232
v 342.249603 -46.023201 -7.139844
v 339.776337 -43.968628 -10.442310
v 328.295807 -47.146221 0.000007
v 284.873657 -40.460522 -16.672466
v 343.685638 -44.188732 -13.528110
v 340.078827 -44.592800 -24.675877
v 345.501831 -40.933098 -27.991072
v 343.065643 -36.974537 -12.913542
v 328.330048 -45.456581 -15.648971
v 321.792480 -46.693577 -27.663490
v 323.818085 -34.134487 -28.905001
v 329.741241 -31.003122 0.026339

vt 0.507531 0.987270
vt 0.436762 0.966046
vt 0.608280 0.624261
vt 0.803806 0.659616
vt 0.351462 0.614902
vt 0.301796 0.957568
vt 0.715585 0.955404
vt 0.677112 0.961528
vt 0.648681 0.728646
vt 0.222341 0.725767
vt 0.058726 0.510407
vt 0.311928 0.843418
vt 0.442898 0.712116
vt 0.496901 0.650533
vt 0.523012 0.586323
vt 0.550094 0.845381
vt 0.678030 0.871317
vt 0.689817 0.804634
vt 0.767457 0.662695
vt 0.779905 0.850953
vt 0.564297 0.899597
vt 0.560584 0.598886
vt 0.661113 0.718883
vt 0.537763 0.807483
vt 0.585069 0.867733
vt 0.589940 0.911468
vt 0.584445 0.617635
vt 0.713035 0.665600
vt 0.612024 0.798383
vt 0.617998 0.703716
vt 0.651681 0.747367
vt 0.729470 0.666589
vt 0.655329 0.909670
vt 0.500317 0.850080
vt 0.493977 0.658314
vt 0.570677 0.826991
vt 0.338302 0.696074
vt 0.413755 0.598283
vt 0.605124 0.909017
vt 0.437478 0.222094
vt 0.935292 0.115613
vt 0.923831 0.118242
vt 0.970287 0.165101
vt 0.917055 0.835303
vt 0.639538 0.728054
vt 0.598981 0.647343
vt 0.681935 0.686105
vt 0.738991 0.631047
vt 0.455081 0.562203
vt 0.483130 0.910794
vt 0.646051 0.873226
vt 0.645059 0.803448
vt 0.522108 0.903823
vt 0.688383 0.163747
vt 0.966012 0.795849
vt 0.723410 0.786482
vt 0.462037 0.757861
vt 0.380084 0.820615
vt 0.645570 0.780315
vt 0.685782 0.742630
vt 0.691771 0.697989
vt 0.698095 0.747344
vt 0.756086 0.627269
vt 0.628483 0.830147
vt 0.606954 0.417757
vt 0.299536 0.318889
vt 0.370312 0.668046
vt 0.287537 0.244508
vt 0.367509 0.319197
vt 0.328042 0.633886
vt 0.248569 0.069592
vt 0.376701 0.081421
vt 0.338745 0.240780
vt 0.345756 0.412956
vt 0.251682 0.486476
vt 0.229483 0.542263
vt 0.203045 0.092017
vt 0.237389 0.222144
vt 0.263846 0.154690
vt 0.261799 0.148455
vt 0.327648 0.224857
vt 0.320955 0.317702
vt 0.305054 0.500627
vt 0.279868 0.566606
vt 0.253010 0.073464
vt 0.303420 0.096497
vt 0.209804 0.159451
vt 0.214839 0.317314
vt 0.228208 0.410361
vt 0.218793 0.223044
vt 0.227213 0.477843
vt 0.194606 0.532893
vt 0.178582 0.315520
vt 0.203350 0.226212
vt 0.200159 0.406963
vt 0.191056 0.126743
vt 0.366822 0.581600
vt 0.275997 0.633294
vt 0.286905 0.319109
vt 0.262855 0.742420
vt 0.332952 0.665998
vt 0.251678 0.923286
vt 0.719207 0.585311
vt 0.944786 0.856686
vt 0.749412 0.229488
vt 0.173263 0.213601
vt 0.041712 0.234992
vt 0.069867 0.118241
vt 0.064636 0.133960
vt 0.102714 0.261649
vt 0.040286 0.083091
vt 0.064558 0.401897
vt 0.115905 0.346242
vt 0.042462 0.035134
vt 0.097050 0.221505
vt 0.128932 0.090048
vt 0.101706 0.307313
vt 0.103362 0.168061
vt 0.059959 0.482125
vt 0.087162 0.485681
vt 0.055342 0.388094
vt 0.052635 0.369268
vt 0.073273 0.440531
vt 0.056402 0.185898
vt 0.101634 0.430934
vt 0.091351 0.305343
vt 0.044797 0.310651
vt 0.133764 0.619175
vt 0.239125 0.643416
vt 0.215097 0.642788
vt 0.181673 0.443498
vt 0.022574 0.486475
vt 0.029947 0.559708
vt 0.126382 0.550977
vt 0.151065 0.555495
vt 0.186439 0.561314
vt 0.219649 0.584656
vt 0.243478 0.092155
vt 0.153785 0.164911
vt 0.175963 0.400295
vt 0.163558 0.469042
vt 0.159216 0.545013
vt 0.124353 0.312329
vt 0.172741 0.027582
vt 0.062544 0.521427
vt 0.018971 0.904068
vt 0.532597 0.857387
vt 0.523775 0.859137
vt 0.539217 0.501230
vt 0.981279 0.513349
vt 0.904983 0.542582
vt 0.953505 0.561494
vt 0.920486 0.505586
vt 0.950923 0.374844
vt 0.914986 0.419723
vt 0.924777 0.312474
vt 0.900545 0.219857
vt 0.887161 0.168337
vt 0.873057 0.383362
vt 0.866834 0.328914
vt 0.853517 0.095000
vt 0.877702 0.093405
vt 0.834307 0.218170
vt 0.828335 0.165468
vt 0.830065 0.084091
vt 0.745100 0.160966
vt 0.740197 0.401855
vt 0.798527 0.022572
vt 0.653107 0.333577
vt 0.779686 0.221946
vt 0.738830 0.082144
vt 0.656920 0.154494
vt 0.651856 0.071762
vt 0.629628 0.295669
vt 0.596557 0.049522
vt 0.564913 0.354346
vt 0.612414 0.370950
vt 0.592368 0.304519
vt 0.617776 0.329461
vt 0.619426 0.303006
vt 0.530337 0.021970
vt 0.619985 0.392744
vt 0.715583 0.351219
vt 0.653201 0.326152
vt 0.645572 0.298803
vt 0.634895 0.166354
vt 0.614008 0.164536
vt 0.545244 0.249698
vt 0.583931 0.201811
vt 0.582408 0.280245
vt 0.528319 0.268597
vt 0.551728 0.109409
vt 0.558737 0.151751
vt 0.509303 0.177436
vt 0.494717 0.102178
vt 0.522606 0.139509
vt 0.481496 0.148005
vt 0.465034 0.093282
vt 0.482171 0.053643
vt 0.504075 0.034572
vt 0.495362 0.498655
vt 0.623648 0.049502
vt 0.530697 0.229764
vt 0.612141 0.285532
vt 0.622432 0.225379
vt 0.644693 0.279552
vt 0.660541 0.407919
vt 0.657285 0.430744
vt 0.879135 0.020912
vt 0.748663 0.300053
vt 0.562060 0.087957
vt 0.459077 0.020968
vt 0.566152 0.718814
vt 0.793926 0.940801
vt 0.117491 0.940685
vt 0.168724 0.938905
vt 0.240523 0.939741
vt 0.263810 0.446021
vt 0.831189 0.423930
vt 0.899787 0.087936
vt 0.796205 0.390888
vt 0.842675 0.347843
vt 0.022956 0.305366
vt 0.025312 0.261225
vt 0.025098 0.491828
vt 0.879167 0.481102
vt 0.831739 0.523235
vt 0.888316 0.527020
vt 0.825990 0.514518
vt 0.876358 0.573172
vt 0.835279 0.569635
vt 0.879353 0.527352
vt 0.866580 0.542292
vt 0.876081 0.549371
vt 0.825980 0.552305
vt 0.817967 0.505536
vt 0.825765 0.501826
vt 0.817980 0.522287
vt 0.796122 0.529482
vt 0.803892 0.543893
vt 0.809706 0.491828
vt 0.879167 0.481102
vt 0.831739 0.523235
vt 0.888316 0.527020
vt 0.825990 0.514518
vt 0.876358 0.573172
vt 0.835279 0.569635
vt 0.879353 0.527352
vt 0.866580 0.542292
vt 0.876081 0.549371
vt 0.825980 0.552305
vt 0.817967 0.505536
vt 0.825765 0.501826
vt 0.817980 0.522287
vt 0.796122 0.529482
vt 0.803892 0.543893
vt 0.809706 0.491828
vt 0.879167 0.481102
vt 0.831739 0.523235
vt 0.888316 0.527020
vt 0.825990 0.514518
vt 0.876358 0.573172
vt 0.835279 0.569635
vt 0.879353 0.527352
vt 0.866580 0.542292
vt 0.876081 0.549371
vt 0.825980 0.552305
vt 0.817967 0.505536
vt 0.825765 0.501826
vt 0.817980 0.522287
vt 0.796122 0.529482
vt 0.803892 0.543893
vt 0.809706 0.891035
vt 0.328330 0.891035
vt 0.328330 0.842355
vt 0.236509 0.750168
vt 0.222201 0.794399
vt 0.210900 0.816090
vt 0.195247 0.831185
vt 0.186730 0.781786
vt 0.202932 0.794431
vt 0.068092 0.808061
vt 0.076188 0.778782
vt 0.076352 0.839644
vt 0.034427 0.839869
vt 0.057233 0.746285
vt 0.058604 0.842131
vt 0.217191 0.841677
vt 0.199597 0.794167
vt 0.136656 0.808851
vt 0.133355 0.863516
vt 0.056938 0.863516
vt 0.034132 0.718237
vt 0.926276 0.724266
vt 0.990830 0.692419
vt 0.985767 0.670661
vt 0.885979 0.691803
vt 0.923461 0.700951
vt 0.907955 0.566863
vt 0.061150 0.460318
vt 0.446188 0.393466
vt 0.446188 0.430111
vt 0.524376 0.460318
vt 0.370871 0.395074
vt 0.371676 0.460318
vt 0.446188 0.393466
vt 0.446188 0.430111
vt 0.524376 0.460318
vt 0.370871 0.395074
vt 0.371676 0.460318
vt 0.446188 0.393466
vt 0.446188 0.430111
vt 0.524376 0.460318
vt 0.370871 0.395074
vt 0.371676 0.460318
vt 0.446188 0.393466
vt 0.446188 0.430111
vt 0.524376 0.460318
vt 0.370871 0.395074
vt 0.371676 0.460318
vt 0.446188 0.393466
vt 0.446188 0.430111
vt 0.524376 0.460318
vt 0.370871 0.395074
vt 0.371676 0.460318
vt 0.446188 0.393466
vt 0.446188 0.430111
vt 0.524376 0.460318
vt 0.370871 0.395074
vt 0.371676 0.460318
vt 0.446188 0.393466
vt 0.446188 0.430111
vt 0.524376 0.460318
vt 0.370871 0.395074
vt 0.371676 0.460318
vt 0.446188 0.393466
vt 0.446188 0.430111
vt 0.524376 0.460318
vt 0.370871 0.395074
vt 0.371676 0.460318
vt 0.446188 0.393466
vt 0.446188 0.430111
vt 0.524376 0.460318
vt 0.370871 0.395074
vt 0.371676 0.460318
vt 0.446188 0.393466
vt 0.446188 0.430111
vt 0.524376 0.460318
vt 0.370871 0.395074
vt 0.371676 0.460318
vt 0.446188 0.393466
vt 0.446188 0.430111
vt 0.524376 0.460318
vt 0.370871 0.395074
vt 0.371676 0.460318
vt 0.446188 0.393466
vt 0.446188 0.430111
vt 0.524376 0.460318
vt 0.370871 0.395074
vt 0.371676 0.460318
vt 0.446188 0.393466
vt 0.446188 0.430111
vt 0.524376 0.460318
vt 0.370871 0.395074
vt 0.371676 0.460318
vt 0.446188 0.393466
vt 0.446188 0.430111
vt 0.524376 0.460318
vt 0.370871 0.395074
vt 0.371676 0.460318
vt 0.446188 0.393466
vt 0.446188 0.430111
vt 0.524376 0.460318
vt 0.370871 0.395074
vt 0.371676 0.460318
vt 0.446188 0.393466
vt 0.446188 0.430111
vt 0.524376 0.460318
vt 0.370871 0.395074
vt 0.371676 0.460318
vt 0.446188 0.393466
vt 0.446188 0.430111
vt 0.524376 0.460318
vt 0.370871 0.395074
vt 0.371676 0.460318
vt 0.446188 0.393466
vt 0.446188 0.430111
vt 0.524376 0.460318
vt 0.370871 0.395074
vt 0.371676 0.460318
vt 0.446188 0.393466
vt 0.446188 0.430111
vt 0.524376 0.460318
vt 0.370871 0.395074
vt 0.371676 0.460318
vt 0.446188 0.393466
vt 0.446188 0.430111
vt 0.524376 0.460318
vt 0.370871 0.395074
vt 0.371676 0.460318
vt 0.446188 0.393466
vt 0.446188 0.430111
vt 0.524376 0.460318
vt 0.370871 0.395074
vt 0.371676 0.460318
vt 0.446188 0.393466
vt 0.446188 0.430111
vt 0.524376 0.460318
vt 0.370871 0.395074
vt 0.371676 0.460318
vt 0.446188 0.393466
vt 0.446188 0.430111
vt 0.524376 0.460318
vt 0.370871 0.395074
vt 0.371676 0.460318
vt 0.446188 0.393466
vt 0.446188 0.430111
vt 0.524376 0.460318
vt 0.370871 0.395074
vt 0.371676 0.460318
vt 0.446188 0.393466
vt 0.446188 0.430111
vt 0.524376 0.460318
vt 0.370871 0.395074
vt 0.371676 0.460318
vt 0.446188 0.393466
vt 0.446188 0.430111
vt 0.524376 0.460318
vt 0.370871 0.395074
vt 0.371676 0.460318
vt 0.446188 0.393466
vt 0.446188 0.430111
vt 0.524376 0.460318
vt 0.370871 0.395074
vt 0.371676 0.460318
vt 0.446188 0.393466
vt 0.446188 0.430111
vt 0.524376 0.460318
vt 0.370871 0.395074
vt 0.371676 0.460318
vt 0.446188 0.393466
vt 0.446188 0.430111
vt 0.524376 0.460318
vt 0.370871 0.395074
vt 0.371676 0.460318
vt 0.446188 0.393466
vt 0.446188 0.430111
vt 0.524376 0.460318
vt 0.370871 0.395074
vt 0.371676 0.460318
vt 0.446188 0.393466
vt 0.446188 0.430111
vt 0.524376 0.460318
vt 0.370871 0.395074
vt 0.371676 0.460318
vt 0.446188 0.393466
vt 0.446188 0.430111
vt 0.524376 0.460318
vt 0.370871 0.395074
vt 0.371676 0.528290
vt 0.330345 0.831131
vt 0.101542 0.863246
vt 0.204347 0.843968
vt 0.084690 0.715260
vt 0.978847 0.736616
vt 0.913127 0.684588
vt 0.890611 0.988858
vt 0.314585 0.964880
vt 0.587934 0.523836
vt 0.578428 0.539822
vt 0.628742 0.555233
vt 0.683718 0.492993
vt 0.497736 0.677898
vt 0.848194 0.575208
vt 0.738356 0.385016
vt 0.367042 0.863695
vt 0.239883 0.863470
vt 0.220565 0.670661
vt 0.921210 0.670661
vt 0.966413 0.989569
vt 0.106748 0.843418
vt 0.442898 0.891035
vt 0.328330 0.712116
vt 0.496901 0.650533
vt 0.523012 0.586323
vt 0.550094 0.845381
vt 0.678030 0.871317
vt 0.689817 0.804634
vt 0.767457 0.662695
vt 0.779905 0.850953
vt 0.564297 0.899597
vt 0.560584 0.598886
vt 0.661113 0.718883
vt 0.537763 0.807483
vt 0.585069 0.867733
vt 0.589940 0.911468
vt 0.584445 0.617635
vt 0.713035 0.665600
vt 0.612024 0.798383
vt 0.617998 0.703716
vt 0.651681 0.747367
vt 0.729470 0.666589
vt 0.655329 0.909670
vt 0.500317 0.850080
vt 0.493977 0.658314
vt 0.570677 0.826991
vt 0.338302 0.696074
vt 0.413755 0.598283
vt 0.605124 0.909017
vt 0.437478 0.222094
vt 0.935292 0.115613
vt 0.923831 0.118242
vt 0.970287 0.165101
vt 0.917055 0.835303
vt 0.639538 0.728054
vt 0.598981 0.647343
vt 0.681935 0.686105
vt 0.738991 0.631047
vt 0.455081 0.562203
vt 0.483130 0.910794
vt 0.646051 0.873226
vt 0.645059 0.803448
vt 0.522108 0.903823
vt 0.688383 0.163747
vt 0.966012 0.795849
vt 0.723410 0.786482
vt 0.462037 0.757861
vt 0.380084 0.820615
vt 0.645570 0.780315
vt 0.685782 0.742630
vt 0.691771 0.697989
vt 0.698095 0.747344
vt 0.756086 0.627269
vt 0.628483 0.830147
vt 0.606954 0.417757
vt 0.299536 0.318889
vt 0.370312 0.668046
vt 0.287537 0.244508
vt 0.367509 0.319197
vt 0.328042 0.633886
vt 0.248569 0.069592
vt 0.376701 0.081421
vt 0.338745 0.240780
vt 0.345756 0.412956
vt 0.251682 0.486476
vt 0.229483 0.542263
vt 0.203045 0.092017
vt 0.237389 0.222144
vt 0.263846 0.154690
vt 0.261799 0.148455
vt 0.327648 0.224857
vt 0.320955 0.317702
vt 0.305054 0.500627
vt 0.279868 0.566606
vt 0.253010 0.073464
vt 0.303420 0.096497
vt 0.209804 0.159451
vt 0.214839 0.317314
vt 0.228208 0.410361
vt 0.218793 0.223044
vt 0.227213 0.477843
vt 0.194606 0.532893
vt 0.178582 0.315520
vt 0.203350 0.226212
vt 0.200159 0.406963
vt 0.191056 0.126743
vt 0.366822 0.581600
vt 0.275997 0.633294
vt 0.286905 0.319109
vt 0.262855 0.742420
vt 0.332952 0.665998
vt 0.251678 0.923286
vt 0.719207 0.585311
vt 0.944786 0.856686
vt 0.749412 0.229488
vt 0.173263 0.213601
vt 0.041712 0.234992
vt 0.069867 0.118241
vt 0.064636 0.133960
vt 0.102714 0.261649
vt 0.040286 0.083091
vt 0.064558 0.401897
vt 0.115905 0.346242
vt 0.042462 0.035134
vt 0.097050 0.221505
vt 0.128932 0.090048
vt 0.101706 0.307313
vt 0.103362 0.168061
vt 0.059959 0.482125
vt 0.087162 0.485681
vt 0.055342 0.388094
vt 0.052635 0.369268
vt 0.073273 0.440531
vt 0.056402 0.185898
vt 0.101634 0.430934
vt 0.091351 0.305343
vt 0.044797 0.310651
vt 0.133764 0.619175
vt 0.239125 0.643416
vt 0.215097 0.642788
vt 0.181673 0.443498
vt 0.022574 0.486475
vt 0.029947 0.559708
vt 0.126382 0.550977
vt 0.151065 0.555495
vt 0.186439 0.561314
vt 0.219649 0.584656
vt 0.243478 0.092155
vt 0.153785 0.164911
vt 0.175963 0.400295
vt 0.163558 0.469042
vt 0.159216 0.545013
vt 0.124353 0.312329
vt 0.172741 0.027582
vt 0.062544 0.521427
vt 0.018971 0.904068
vt 0.532597 0.857387
vt 0.523775 0.859137
vt 0.539217 0.501230
vt 0.981279 0.513349
vt 0.904983 0.542582
vt 0.953505 0.561494
vt 0.920486 0.505586
vt 0.950923 0.374844
vt 0.914986 0.419723
vt 0.924777 0.312474
vt 0.900545 0.219857
vt 0.887161 0.168337
vt 0.873057 0.383362
vt 0.866834 0.328914
vt 0.853517 0.095000
vt 0.877702 0.093405
vt 0.834307 0.218170
vt 0.828335 0.165468
vt 0.830065 0.084091
vt 0.745100 0.160966
vt 0.740197 0.401855
vt 0.798527 0.022572
vt 0.653107 0.333577
vt 0.779686 0.221946
vt 0.738830 0.082144
vt 0.656920 0.154494
vt 0.651856 0.071762
vt 0.629628 0.295669
vt 0.596557 0.049522
vt 0.564913 0.354346
vt 0.612414 0.370950
vt 0.592368 0.304519
vt 0.617776 0.329461
vt 0.619426 0.303006
vt 0.530337 0.021970
vt 0.619985 0.392744
vt 0.715583 0.351219
vt 0.653201 0.326152
vt 0.645572 0.298803
vt 0.634895 0.166354
vt 0.614008 0.164536
vt 0.545244 0.249698
vt 0.583931 0.201811
vt 0.582408 0.280245
vt 0.528319 0.268597
vt 0.551728 0.109409
vt 0.558737 0.151751
vt 0.509303 0.177436
vt 0.494717 0.102178
vt 0.522606 0.139509
vt 0.481496 0.148005
vt 0.465034 0.093282
vt 0.482171 0.053643
vt 0.504075 0.034572
vt 0.495362 0.498655
vt 0.623648 0.049502
vt 0.530697 0.229764
vt 0.612141 0.285532
vt 0.622432 0.225379
vt 0.644693 0.279552
vt 0.660541 0.407919
vt 0.657285 0.430744
vt 0.879135 0.020912
vt 0.748663 0.300053
vt 0.562060 0.087957
vt 0.459077 0.020968
vt 0.566152 0.718814
vt 0.793926 0.940801
vt 0.117491 0.940685
vt 0.168724 0.939741
vt 0.263810 0.446021
vt 0.831189 0.423930
vt 0.899787 0.087936
vt 0.796205 0.390888
vt 0.842675 0.347843
vt 0.022956 0.305366
vt 0.025312 0.261225
vt 0.025098 0.491828
vt 0.879167 0.481102
vt 0.831739 0.523235
vt 0.888316 0.527020
vt 0.825990 0.514518
vt 0.876358 0.573172
vt 0.835279 0.569635
vt 0.879353 0.527352
vt 0.866580 0.542292
vt 0.876081 0.549371
vt 0.825980 0.552305
vt 0.817967 0.505536
vt 0.825765 0.501826
vt 0.817980 0.522287
vt 0.796122 0.529482
vt 0.803892 0.543893
vt 0.809706 0.491828
vt 0.879167 0.481102
vt 0.831739 0.523235
vt 0.888316 0.527020
vt 0.825990 0.514518
vt 0.876358 0.573172
vt 0.835279 0.569635
vt 0.879353 0.527352
vt 0.866580 0.542292
vt 0.876081 0.549371
vt 0.825980 0.552305
vt 0.817967 0.505536
vt 0.825765 0.501826
vt 0.817980 0.522287
vt 0.796122 0.529482
vt 0.803892 0.543893
vt 0.809706 0.491828
vt 0.879167 0.481102
vt 0.831739 0.523235
vt 0.888316 0.527020
vt 0.825990 0.514518
vt 0.876358 0.573172
vt 0.835279 0.569635
vt 0.879353 0.527352
vt 0.866580 0.542292
vt 0.876081 0.549371
vt 0.825980 0.552305
vt 0.817967 0.505536
vt 0.825765 0.501826
vt 0.817980 0.522287
vt 0.796122 0.529482
vt 0.803892 0.543893
vt 0.809706 0.891035
vt 0.328330 0.510407
vt 0.311928 0.938905
vt 0.240523 0.842355
vt 0.236509 0.750168
vt 0.222201 0.794399
vt 0.210900 0.816090
vt 0.195247 0.781786
vt 0.202932 0.794431
vt 0.068092 0.808061
vt 0.076188 0.778782
vt 0.076352 0.839644
vt 0.034427 0.839869
vt 0.057233 0.843968
vt 0.084690 0.746285
vt 0.058604 0.842131
vt 0.217191 0.841677
vt 0.199597 0.794167
vt 0.136656 0.808851
vt 0.133355 0.863516
vt 0.079357 0.718237
vt 0.926276 0.715260
vt 0.978847 0.724266
vt 0.990830 0.692419
vt 0.985767 0.691803
vt 0.923461 0.700951
vt 0.907955 0.566863
vt 0.061150 0.460318
vt 0.446188 0.393466
vt 0.446188 0.430111
vt 0.524376 0.460318
vt 0.370871 0.395074
vt 0.371676 0.460318
vt 0.446188 0.393466
vt 0.446188 0.430111
vt 0.524376 0.460318
vt 0.370871 0.395074
vt 0.371676 0.460318
vt 0.446188 0.393466
vt 0.446188 0.430111
vt 0.524376 0.460318
vt 0.370871 0.395074
vt 0.371676 0.460318
vt 0.446188 0.393466
vt 0.446188 0.430111
vt 0.524376 0.460318
vt 0.370871 0.395074
vt 0.371676 0.460318
vt 0.446188 0.393466
vt 0.446188 0.430111
vt 0.524376 0.460318
vt 0.370871 0.395074
vt 0.371676 0.460318
vt 0.446188 0.393466
vt 0.446188 0.430111
vt 0.524376 0.460318
vt 0.370871 0.395074
vt 0.371676 0.460318
vt 0.446188 0.393466
vt 0.446188 0.430111
vt 0.524376 0.460318
vt 0.370871 0.395074
vt 0.371676 0.460318
vt 0.446188 0.393466
vt 0.446188 0.430111
vt 0.524376 0.460318
vt 0.370871 0.395074
vt 0.371676 0.460318
vt 0.446188 0.393466
vt 0.446188 0.430111
vt 0.524376 0.460318
vt 0.370871 0.395074
vt 0.371676 0.460318
vt 0.446188 0.393466
vt 0.446188 0.430111
vt 0.524376 0.460318
vt 0.370871 0.395074
vt 0.371676 0.460318
vt 0.446188 0.393466
vt 0.446188 0.430111
vt 0.524376 0.460318
vt 0.370871 0.395074
vt 0.371676 0.460318
vt 0.446188 0.393466
vt 0.446188 0.430111
vt 0.524376 0.460318
vt 0.370871 0.395074
vt 0.371676 0.460318
vt 0.446188 0.393466
vt 0.446188 0.430111
vt 0.524376 0.460318
vt 0.370871 0.395074
vt 0.371676 0.460318
vt 0.446188 0.393466
vt 0.446188 0.430111
vt 0.524376 0.460318
vt 0.370871 0.395074
vt 0.371676 0.460318
vt 0.446188 0.393466
vt 0.446188 0.430111
vt 0.524376 0.460318
vt 0.370871 0.395074
vt 0.371676 0.460318
vt 0.446188 0.393466
vt 0.446188 0.430111
vt 0.524376 0.460318
vt 0.370871 0.395074
vt 0.371676 0.460318
vt 0.446188 0.393466
vt 0.446188 0.430111
vt 0.524376 0.460318
vt 0.370871 0.395074
vt 0.371676 0.460318
vt 0.446188 0.393466
vt 0.446188 0.430111
vt 0.524376 0.460318
vt 0.370871 0.395074
vt 0.371676 0.460318
vt 0.446188 0.393466
vt 0.446188 0.430111
vt 0.524376 0.460318
vt 0.370871 0.395074
vt 0.371676 0.460318
vt 0.446188 0.393466
vt 0.446188 0.430111
vt 0.524376 0.460318
vt 0.370871 0.395074
vt 0.371676 0.460318
vt 0.446188 0.393466
vt 0.446188 0.430111
vt 0.524376 0.460318
vt 0.370871 0.395074
vt 0.371676 0.460318
vt 0.446188 0.393466
vt 0.446188 0.430111
vt 0.524376 0.460318
vt 0.370871 0.395074
vt 0.371676 0.460318
vt 0.446188 0.393466
vt 0.446188 0.430111
vt 0.524376 0.460318
vt 0.370871 0.395074
vt 0.371676 0.460318
vt 0.446188 0.393466
vt 0.446188 0.430111
vt 0.524376 0.460318
vt 0.370871 0.395074
vt 0.371676 0.460318
vt 0.446188 0.393466
vt 0.446188 0.430111
vt 0.524376 0.460318
vt 0.370871 0.395074
vt 0.371676 0.460318
vt 0.446188 0.393466
vt 0.446188 0.430111
vt 0.524376 0.460318
vt 0.370871 0.395074
vt 0.371676 0.460318
vt 0.446188 0.393466
vt 0.446188 0.430111
vt 0.524376 0.460318
vt 0.370871 0.395074
vt 0.371676 0.460318
vt 0.446188 0.393466
vt 0.446188 0.430111
vt 0.524376 0.460318
vt 0.370871 0.395074
vt 0.371676 0.460318
vt 0.446188 0.393466
vt 0.446188 0.430111
vt 0.524376 0.460318
vt 0.370871 0.395074
vt 0.371676 0.460318
vt 0.446188 0.393466
vt 0.446188 0.430111
vt 0.524376 0.460318
vt 0.370871 0.395074
vt 0.371676 0.460318
vt 0.446188 0.393466
vt 0.446188 0.430111
vt 0.524376 0.460318
vt 0.370871 0.395074
vt 0.371676 0.460318
vt 0.446188 0.393466
vt 0.446188 0.430111
vt 0.524376 0.460318
vt 0.370871 0.395074
vt 0.371676 0.421881
vt 0.345218 0.831185
vt 0.186730 0.831131
vt 0.101542 0.565304
vt 0.019740 0.736616
vt 0.913127 0.684588
vt 0.890611 0.990596
vt 0.255713 0.525237
vt 0.729293 0.514320
vt 0.773368 0.473374
vt 0.699831 0.533245
vt 0.648182 0.571880
vt 0.806600 0.496857
vt 0.386217 0.525237
vt 0.729293 0.514320
vt 0.773368 0.473374
vt 0.699831 0.533245
vt 0.648182 0.571880
vt 0.806600 0.496857
vt 0.386217 0.706862
vt 0.860091 0.964770
vt 0.832985 0.723357
vt 0.869670 0.967959
vt 0.813538 0.968946
vt 0.774851 0.911272
vt 0.895347 0.992844
vt 0.895514 0.747638
vt 0.911413 0.872422
vt 0.926583 0.992844
vt 0.924378 0.737202
vt 0.882607 0.805445
vt 0.947722 0.769307
vt 0.934226 0.850774
vt 0.941656 0.749306
vt 0.820451 0.804091
vt 0.796757 0.939957
vt 0.812140 0.888739
vt 0.807222 0.943968
vt 0.832665 0.851896
vt 0.800455 0.898337
vt 0.765440 0.931766
vt 0.768762 0.846399
vt 0.828038 0.279285
vt 0.427531 0.898146
vt 0.884337 0.359450
vt 0.422940 0.782476
vt 0.851729 0.803534
vt 0.934658 0.807470
vt 0.915759 0.845517
vt 0.917453 0.831675
vt 0.901855 0.323376
vt 0.468462 0.773226
vt 0.889075 0.872422
vt 0.926583 0.845517
vt 0.917453 0.280225
vt 0.470261 0.952691
vt 0.925153 0.931947
vt 0.925424 0.874358
vt 0.915565 0.881573
vt 0.873441 0.854141
vt 0.900087 0.831675
vt 0.901855 0.818110
vt 0.890874 0.813015
vt 0.875488 0.880510
vt 0.852571 0.312725
vt 0.378718 0.810121
vt 0.835651 0.755076
vt 0.866863 0.769406
vt 0.909881 0.763047
vt 0.897917 0.868885
vt 0.904386 0.866805
vt 0.894568 0.821809
vt 0.935235 0.832874
vt 0.948037 0.748492
vt 0.784618 0.749306
vt 0.820451 0.804091
vt 0.796757 0.939957
vt 0.812140 0.888739
vt 0.807222 0.943968
vt 0.832665 0.851896
vt 0.800455 0.898337
vt 0.765440 0.931766
vt 0.768762 0.846399
vt 0.828038 0.279285
vt 0.427531 0.898146
vt 0.884337 0.359450
vt 0.422940 0.782476
vt 0.851729 0.803534
vt 0.934658 0.807470
vt 0.915759 0.845517
vt 0.917453 0.831675
vt 0.901855 0.323376
vt 0.468462 0.773226
vt 0.889075 0.872422
vt 0.926583 0.845517
vt 0.917453 0.280225
vt 0.470261 0.952691
vt 0.925153 0.931947
vt 0.925424 0.874358
vt 0.915565 0.881573
vt 0.873441 0.854141
vt 0.900087 0.831675
vt 0.901855 0.818110
vt 0.890874 0.813015
vt 0.875488 0.880510
vt 0.852571 0.312725
vt 0.378718 0.810121
vt 0.835651 0.755076
vt 0.866863 0.769406
vt 0.909881 0.763047
vt 0.897917 0.868885
vt 0.904386 0.866805
vt 0.894568 0.821809
vt 0.935235 0.748492
vt 0.784618 0.777346
vt 0.640838 0.750559
vt 0.632551 0.063489
vt 0.976913 0.233722
vt 0.970686 0.248153
vt 0.939558 0.679858
vt 0.355267 0.603332
vt 0.384107 0.327823
vt 0.380187 0.342709
vt 0.396640 0.828351
vt 0.291989 0.173991
vt 0.365350 0.025295
vt 0.325071 0.010914
vt 0.268893 0.030106
vt 0.226801 0.031073
vt 0.208891 0.026789
vt 0.151894 0.037765
vt 0.372967 0.554595
vt 0.400248 0.517715
vt 0.411074 0.476550
vt 0.419159 0.183810
vt 0.123992 0.521401
vt 0.079028 0.523808
vt 0.045672 0.441090
vt 0.108926 0.622537
vt 0.154020 0.393938
vt 0.019846 0.077687
vt 0.031654 0.023760
vt 0.034048 0.112012
vt 0.029519 0.162417
vt 0.023354 0.210428
vt 0.018582 0.597209
vt 0.108052 0.471192
vt 0.932932 0.453842
vt 0.962202 0.378528
vt 0.980229 0.366357
vt 0.948366 0.034865
vt 0.899723 0.033501
vt 0.869062 0.272255
vt 0.890345 0.271966
vt 0.829569 0.292749
vt 0.746190 0.025011
vt 0.781946 0.026041
vt 0.843331 0.333415
vt 0.688082 0.305139
vt 0.515546 0.317403
vt 0.563879 0.326438
vt 0.594557 0.249297
vt 0.535901 0.227732
vt 0.556301 0.277091
vt 0.509728 0.461529
vt 0.696514 0.456683
vt 0.723563 0.484097
vt 0.656589 0.196763
vt 0.534593 0.390599
vt 0.561026 0.025172
vt 0.527244 0.468020
vt 0.551192 0.510773
vt 0.596248 0.329970
vt 0.937239 0.283858
vt 0.936240 0.458392
vt 0.806001 0.411876
vt 0.531635 0.358837
vt 0.710990 0.348490
vt 0.008194 0.305090
vt 0.011399 0.260945
vt 0.014220 0.908673
vt 0.269157 0.018744
vt 0.982951 0.749783
vt 0.205986 0.767551
vt 0.195157 0.750552
vt 0.238416 0.764932
vt 0.084793 0.780107
vt 0.132193 0.746670
vt 0.074820 0.745900
vt 0.042389 0.725482
vt 0.042509 0.728361
vt 0.206124 0.728932
vt 0.238558 0.726053
vt 0.074943 0.586149
vt 0.091537 0.579759
vt 0.096934 0.575516
vt 0.061635 0.586149
vt 0.091537 0.632783
vt 0.097954 0.632411
vt 0.103270 0.586149
vt 0.091537 0.632783
vt 0.097954 0.579523
vt 0.061381 0.636654
vt 0.065562 0.632783
vt 0.097954 0.575516
vt 0.015523 0.579523
vt 0.061381 0.579446
vt 0.019989 0.636654
vt 0.016304 0.636654
vt 0.016304 0.579523
vt 0.061381 0.698566
vt 0.991886 0.670661
vt 0.991547 0.777346
vt 0.640838 0.750559
vt 0.632551 0.063489
vt 0.976913 0.233722
vt 0.970686 0.248153
vt 0.939558 0.679858
vt 0.355267 0.603332
vt 0.384107 0.327823
vt 0.380187 0.828351
vt 0.291989 0.173991
vt 0.365350 0.010914
vt 0.268893 0.030106
vt 0.226801 0.025295
vt 0.325071 0.031073
vt 0.208891 0.026789
vt 0.151894 0.037765
vt 0.372967 0.554595
vt 0.400248 0.517715
vt 0.411074 0.183810
vt 0.123992 0.521401
vt 0.079028 0.523808
vt 0.045672 0.441090
vt 0.108926 0.622537
vt 0.154020 0.393938
vt 0.019846 0.077687
vt 0.031654 0.023760
vt 0.034048 0.112012
vt 0.029519 0.162417
vt 0.023354 0.210428
vt 0.018582 0.597209
vt 0.108052 0.471192
vt 0.932932 0.453842
vt 0.962202 0.378528
vt 0.980229 0.366357
vt 0.948366 0.034865
vt 0.899723 0.033501
vt 0.869062 0.272255
vt 0.890345 0.271966
vt 0.829569 0.292749
vt 0.746190 0.025011
vt 0.781946 0.026041
vt 0.843331 0.333415
vt 0.688082 0.305139
vt 0.515546 0.317403
vt 0.563879 0.326438
vt 0.594557 0.249297
vt 0.535901 0.227732
vt 0.556301 0.277091
vt 0.509728 0.461529
vt 0.696514 0.456683
vt 0.723563 0.484097
vt 0.656589 0.196763
vt 0.534593 0.390599
vt 0.561026 0.025172
vt 0.527244 0.468020
vt 0.551192 0.510773
vt 0.596248 0.329970
vt 0.937239 0.283858
vt 0.936240 0.458392
vt 0.806001 0.411876
vt 0.531635 0.358837
vt 0.710990 0.348490
vt 0.008194 0.305090
vt 0.011399 0.260945
vt 0.014220 0.908673
vt 0.269157 0.018744
vt 0.982951 0.749783
vt 0.205986 0.767551
vt 0.195157 0.750552
vt 0.238416 0.764932
vt 0.084793 0.780107
vt 0.132193 0.746670
vt 0.074820 0.745900
vt 0.042389 0.579759
vt 0.096934 0.586149
vt 0.091537 0.575516
vt 0.061635 0.586149
vt 0.091537 0.632411
vt 0.103270 0.632783
vt 0.097954 0.586149
vt 0.091537 0.632783
vt 0.097954 0.636654
vt 0.065562 0.579523
vt 0.061381 0.632783
vt 0.097954 0.575516
vt 0.015523 0.579523
vt 0.061381 0.636654
vt 0.016304 0.579446
vt 0.019989 0.636654
vt 0.016304 0.579523
vt 0.061381 0.698566
vt 0.991886 0.567254
vt 0.369988 0.513728
vt 0.402819 0.471159
vt 0.360597 0.589250
vt 0.326386 0.513728
vt 0.402819 0.567254
vt 0.369988 0.589250
vt 0.326386 0.471159
vt 0.360597 0.718814
vt 0.793926 0.677898
vt 0.848194 0.804634
vt 0.767457 0.747344
vt 0.756086 0.856686
vt 0.749412 0.885697
vt 0.831102 0.923286
vt 0.719207 0.905228
vt 0.862246 0.916143
vt 0.877134 0.957994
vt 0.876442 0.885682
vt 0.831762 0.992844
vt 0.875422 0.370395
vt 0.460688 0.992844
vt 0.997216 0.970207
vt 0.991712 0.950589
vt 0.977032 0.889953
vt 0.895392 0.957568
vt 0.715585 0.299349
vt 0.503184 0.277472
vt 0.493651 0.338160
vt 0.506239 0.361593
vt 0.487268 0.251960
vt 0.457153 0.242974
vt 0.414733 0.846399
vt 0.828038 0.825856
vt 0.855207 0.706862
vt 0.860091 0.718814
vt 0.793926 0.677898
vt 0.848194 0.804634
vt 0.767457 0.747344
vt 0.756086 0.856686
vt 0.749412 0.723357
vt 0.869670 0.885697
vt 0.831102 0.964770
vt 0.832985 0.967959
vt 0.813538 0.923286
vt 0.719207 0.968946
vt 0.774851 0.916143
vt 0.877134 0.905228
vt 0.862246 0.992844
vt 0.895514 0.992844
vt 0.924378 0.957994
vt 0.876442 0.911272
vt 0.895347 0.885682
vt 0.831762 0.992844
vt 0.875422 0.737202
vt 0.882607 0.769307
vt 0.934226 0.805445
vt 0.947722 0.832874
vt 0.948037 0.747638
vt 0.911413 0.850774
vt 0.941656 0.872422
vt 0.926583 0.370395
vt 0.460688 0.992844
vt 0.997216 0.970207
vt 0.991712 0.950589
vt 0.977032 0.889953
vt 0.895392 0.957568
vt 0.715585 0.299349
vt 0.503184 0.277472
vt 0.493651 0.338160
vt 0.506239 0.361593
vt 0.487268 0.251960
vt 0.457153 0.242974
vt 0.414733 0.846399
vt 0.828038 0.825856
vt 0.855207 1.000000

f 461/461 12/12 6/6
f 461/461 930/930 12/12
f 63/63 56/56 19/19
f 56/56 63/63 32/32
f 22/22 21/21 149/149
f 2/2 274/274 468/468
f 274/274 2/2 40/40
f 27/27 21/21 22/22
f 21/21 27/27 26/26
f 3/3 22/22 469/469
f 22/22 3/3 27/27
f 26/26 51/51 52/52
f 51/51 26/26 27/27
f 51/51 3/3 9/9
f 3/3 51/51 27/27
f 470/470 39/39 471/471
f 39/39 470/470 16/16
f 16/16 36/36 39/39
f 36/36 16/16 15/15
f 472/472 28/28 475/475
f 28/28 472/472 23/23
f 24/24 29/29 36/36
f 29/29 24/24 46/46
f 64/64 39/39 36/36
f 39/39 64/64 23/23
f 4/4 28/28 20/20
f 28/28 4/4 475/475
f 33/33 64/64 29/29
f 28/28 48/48 20/20
f 48/48 28/28 47/47
f 14/14 36/36 15/15
f 36/36 14/14 24/24
f 57/57 35/35 53/53
f 35/35 57/57 13/13
f 24/24 57/57 53/53
f 57/57 24/24 14/14
f 56/56 18/18 19/19
f 18/18 56/56 17/17
f 32/32 20/20 48/48
f 20/20 32/32 63/63
f 1/1 40/40 2/2
f 40/40 1/1 34/34
f 13/13 34/34 35/35
f 34/34 13/13 40/40
f 50/50 470/470 473/473
f 470/470 50/50 16/16
f 50/50 15/15 16/16
f 15/15 50/50 49/49
f 38/38 15/15 49/49
f 15/15 38/38 14/14
f 58/58 14/14 38/38
f 14/14 58/58 57/57
f 57/57 37/37 13/13
f 37/37 57/57 58/58
f 43/43 44/44 55/55
f 44/44 43/43 42/42
f 60/60 32/32 61/61
f 32/32 60/60 56/56
f 60/60 59/59 17/17
f 59/59 60/60 1044/1044
f 62/62 1045/1045 61/61
f 1045/1045 62/62 31/31
f 17/17 59/59 45/45
f 30/30 45/45 59/59
f 45/45 30/30 65/65
f 21/21 65/65 25/25
f 65/65 21/21 26/26
f 42/42 43/43 1046/1046
f 1047/1047 41/41 1048/1048
f 26/26 45/45 65/65
f 45/45 26/26 52/52
f 47/47 23/23 64/64
f 23/23 47/47 28/28
f 147/147 469/469 22/22
f 24/24 25/25 46/46
f 25/25 24/24 53/53
f 21/21 53/53 149/149
f 53/53 21/21 25/25
f 471/471 23/23 472/472
f 23/23 471/471 39/39
f 52/52 17/17 45/45
f 17/17 52/52 18/18
f 48/48 61/61 32/32
f 61/61 48/48 62/62
f 47/47 62/62 48/48
f 62/62 47/47 33/33
f 62/62 33/33 31/31
f 18/18 51/51 54/54
f 51/51 18/18 52/52
f 20/20 474/474 4/4
f 474/474 20/20 214/214
f 8/8 51/51 9/9
f 51/51 8/8 54/54
f 61/61 1044/1044 60/60
f 1044/1044 61/61 1045/1045
f 41/41 1047/1047 44/44
f 17/17 56/56 60/60
f 64/64 36/36 29/29
f 25/25 30/30 46/46
f 30/30 25/25 65/65
f 6/6 461/461 12/12
f 275/275 468/468 274/274
f 218/218 468/468 275/275
f 218/218 936/936 468/468
f 69/69 70/70 67/67
f 70/70 69/69 74/74
f 5/5 99/99 68/68
f 99/99 5/5 6/6
f 71/71 68/68 99/99
f 68/68 71/71 102/102
f 99/99 98/98 71/71
f 97/97 73/73 81/81
f 73/73 97/97 72/72
f 1049/1049 49/49 1050/1050
f 49/49 1049/1049 38/38
f 1051/1051 476/476 1052/1052
f 67/67 476/476 1051/1051
f 67/67 70/70 476/476
f 1053/1053 58/58 101/101
f 58/58 1053/1053 37/37
f 38/38 101/101 58/58
f 101/101 38/38 1049/1049
f 69/69 1054/1054 74/74
f 82/82 1054/1054 81/81
f 1054/1054 82/82 74/74
f 66/66 70/70 83/83
f 83/83 75/75 66/66
f 75/75 83/83 100/100
f 12/12 84/84 85/85
f 85/85 98/98 12/12
f 85/85 76/76 77/77
f 76/76 85/85 84/84
f 86/86 73/73 1055/1055
f 86/86 80/80 81/81
f 80/80 86/86 78/78
f 70/70 82/82 83/83
f 82/82 70/70 74/74
f 83/83 79/79 100/100
f 79/79 83/83 82/82
f 84/84 12/12 66/66
f 930/930 66/66 12/12
f 66/66 76/76 84/84
f 76/76 66/66 75/75
f 80/80 82/82 81/81
f 82/82 80/80 79/79
f 78/78 1056/1056 1057/1057
f 1056/1056 78/78 86/86
f 71/71 98/98 85/85
f 1056/1056 86/86 1055/1055
f 88/88 78/78 87/87
f 78/78 88/88 80/80
f 75/75 89/89 90/90
f 89/89 75/75 100/100
f 79/79 89/89 100/100
f 89/89 79/79 91/91
f 80/80 91/91 79/79
f 91/91 80/80 88/88
f 76/76 90/90 92/92
f 90/90 76/76 75/75
f 77/77 92/92 93/93
f 92/92 77/77 76/76
f 78/78 1058/1058 87/87
f 1058/1058 78/78 1057/1057
f 139/139 88/88 87/87
f 88/88 139/139 140/140
f 94/94 90/90 89/89
f 90/90 94/94 96/96
f 91/91 94/94 89/89
f 94/94 91/91 95/95
f 92/92 143/143 93/93
f 143/143 92/92 142/142
f 87/87 1059/1059 139/139
f 1059/1059 87/87 1058/1058
f 88/88 95/95 91/91
f 95/95 88/88 140/140
f 94/94 106/106 144/144
f 106/106 94/94 95/95
f 141/141 94/94 144/144
f 94/94 141/141 96/96
f 140/140 106/106 95/95
f 96/96 92/92 90/90
f 92/92 96/96 142/142
f 96/96 141/141 142/142
f 12/12 461/461 930/930
f 73/73 86/86 81/81
f 72/72 1055/1055 73/73
f 1055/1055 72/72 1060/1060
f 99/99 6/6 98/98
f 6/6 12/12 98/98
f 1061/1061 49/49 50/50
f 49/49 1061/1061 1050/1050
f 473/473 1062/1062 50/50
f 1062/1062 473/473 1063/1063
f 930/930 476/476 70/70
f 1062/1062 1061/1061 50/50
f 1054/1054 97/97 81/81
f 930/930 70/70 66/66
f 8/8 103/103 54/54
f 103/103 8/8 7/7
f 105/105 18/18 54/54
f 18/18 105/105 19/19
f 105/105 54/54 103/103
f 118/118 111/111 127/127
f 111/111 118/118 108/108
f 110/110 139/139 117/117
f 139/139 110/110 140/140
f 111/111 108/108 107/107
f 118/118 116/116 108/108
f 116/116 118/118 128/128
f 109/109 117/117 112/112
f 117/117 109/109 110/110
f 110/110 119/119 125/125
f 119/119 110/110 109/109
f 115/115 112/112 117/117
f 112/112 115/115 145/145
f 116/116 144/144 106/106
f 144/144 116/116 128/128
f 140/140 116/116 106/106
f 116/116 140/140 1064/1064
f 110/110 1064/1064 140/140
f 118/118 113/113 128/128
f 113/113 118/118 123/123
f 139/139 115/115 117/117
f 115/115 139/139 1059/1059
f 121/121 1065/1065 120/120
f 1065/1065 121/121 1066/1066
f 122/122 123/123 114/114
f 126/126 123/123 122/122
f 123/123 126/126 113/113
f 122/122 124/124 126/126
f 120/120 124/124 121/121
f 124/124 120/120 126/126
f 120/120 142/142 1067/1067
f 113/113 142/142 141/141
f 142/142 113/113 1067/1067
f 143/143 120/120 1065/1065
f 120/120 143/143 142/142
f 133/133 132/132 146/146
f 1068/1068 136/136 134/134
f 129/129 138/138 137/137
f 130/130 129/129 131/131
f 131/131 129/129 137/137
f 131/131 137/137 136/136
f 136/136 1068/1068 131/131
f 136/136 135/135 134/134
f 107/107 125/125 119/119
f 125/125 107/107 108/108
f 114/114 118/118 127/127
f 118/118 114/114 123/123
f 116/116 125/125 108/108
f 113/113 144/144 128/128
f 144/144 113/113 141/141
f 127/127 223/223 114/114
f 223/223 127/127 224/224
f 114/114 1069/1069 122/122
f 1069/1069 114/114 223/223
f 122/122 132/132 124/124
f 132/132 122/122 1069/1069
f 124/124 133/133 121/121
f 133/133 124/124 132/132
f 145/145 1070/1070 112/112
f 1070/1070 145/145 1071/1071
f 146/146 121/121 133/133
f 121/121 146/146 1066/1066
f 112/112 1072/1072 109/109
f 1072/1072 112/112 1070/1070
f 109/109 1073/1073 119/119
f 1073/1073 109/109 1072/1072
f 119/119 1074/1074 107/107
f 1074/1074 119/119 1073/1073
f 111/111 1074/1074 225/225
f 1074/1074 111/111 107/107
f 111/111 224/224 127/127
f 224/224 111/111 225/225
f 1075/1075 1068/1068 134/134
f 147/147 1/1 469/469
f 1/1 147/147 34/34
f 35/35 147/147 148/148
f 147/147 35/35 34/34
f 53/53 35/35 148/148
f 149/149 147/147 22/22
f 147/147 149/149 148/148
f 53/53 148/148 149/149
f 33/33 47/47 64/64
f 151/151 153/153 152/152
f 151/151 152/152 154/154
f 151/151 154/154 1076/1076
f 152/152 150/150 154/154
f 104/104 152/152 153/153
f 1077/1077 1076/1076 154/154
f 154/154 150/150 1077/1077
f 936/936 216/216 481/481
f 155/155 1078/1078 1079/1079
f 1078/1078 155/155 156/156
f 1046/1046 162/162 42/42
f 162/162 1046/1046 1080/1080
f 42/42 159/159 44/44
f 159/159 42/42 162/162
f 155/155 220/220 156/156
f 220/220 155/155 160/160
f 160/160 157/157 161/161
f 157/157 160/160 155/155
f 162/162 165/165 159/159
f 165/165 162/162 163/163
f 164/164 159/159 165/165
f 159/159 164/164 158/158
f 162/162 1081/1081 163/163
f 1081/1081 162/162 1080/1080
f 164/164 1082/1082 158/158
f 1082/1082 164/164 1083/1083
f 160/160 219/219 209/209
f 170/170 222/222 161/161
f 222/222 170/170 168/168
f 165/165 163/163 221/221
f 1083/1083 171/171 1084/1084
f 171/171 1083/1083 164/164
f 1085/1085 163/163 1086/1086
f 171/171 165/165 167/167
f 165/165 171/171 164/164
f 1084/1084 206/206 207/207
f 206/206 1084/1084 171/171
f 172/172 210/210 169/169
f 210/210 172/172 166/166
f 166/166 173/173 167/167
f 173/173 166/166 172/172
f 173/173 171/171 167/167
f 171/171 173/173 206/206
f 169/169 174/174 172/172
f 174/174 169/169 182/182
f 182/182 176/176 174/174
f 176/176 182/182 213/213
f 175/175 204/204 189/189
f 204/204 175/175 205/205
f 179/179 185/185 186/186
f 185/185 179/179 180/180
f 180/180 184/184 185/185
f 184/184 180/180 177/177
f 184/184 183/183 1087/1087
f 183/183 184/184 208/208
f 1088/1088 211/211 181/181
f 211/211 1088/1088 1089/1089
f 175/175 1089/1089 1090/1090
f 1089/1089 175/175 211/211
f 187/187 172/172 174/174
f 172/172 187/187 173/173
f 204/204 173/173 187/187
f 173/173 204/204 206/206
f 191/191 211/211 192/192
f 211/211 191/191 181/181
f 189/189 211/211 175/175
f 211/211 189/189 192/192
f 189/189 1091/1091 192/192
f 1091/1091 189/189 1092/1092
f 1091/1091 191/191 192/192
f 191/191 1091/1091 1093/1093
f 1094/1094 183/183 208/208
f 183/183 1094/1094 1095/1095
f 208/208 1096/1096 1094/1094
f 1096/1096 208/208 178/178
f 1097/1097 194/194 195/195
f 194/194 1097/1097 188/188
f 193/193 194/194 188/188
f 194/194 193/193 196/196
f 195/195 197/197 198/198
f 197/197 195/195 194/194
f 196/196 197/197 194/194
f 197/197 196/196 199/199
f 212/212 200/200 201/201
f 200/200 212/212 199/199
f 1096/1096 1098/1098 202/202
f 1098/1098 1096/1096 178/178
f 213/213 203/203 176/176
f 203/203 213/213 1099/1099
f 193/193 203/203 196/196
f 203/203 193/193 176/176
f 202/202 1100/1100 1101/1101
f 1100/1100 202/202 1098/1098
f 1099/1099 200/200 203/203
f 200/200 1099/1099 201/201
f 196/196 200/200 199/199
f 200/200 196/196 203/203
f 206/206 205/205 207/207
f 205/205 206/206 204/204
f 155/155 1102/1102 157/157
f 1103/1103 157/157 1102/1102
f 159/159 41/41 44/44
f 41/41 159/159 158/158
f 1048/1048 158/158 1082/1082
f 158/158 1048/1048 41/41
f 155/155 1079/1079 1102/1102
f 1104/1104 168/168 1095/1095
f 168/168 170/170 183/183
f 183/183 1095/1095 168/168
f 205/205 175/175 1090/1090
f 177/177 208/208 184/184
f 189/189 190/190 1092/1092
f 188/188 190/190 187/187
f 1097/1097 190/190 188/188
f 176/176 193/193 174/174
f 191/191 1093/1093 181/181
f 190/190 1097/1097 1092/1092
f 1088/1088 181/181 1093/1093
f 197/197 199/199 212/212
f 212/212 198/198 197/197
f 174/174 193/193 187/187
f 178/178 208/208 177/177
f 1098/1098 1105/1105 1100/1100
f 204/204 187/187 190/190
f 204/204 190/190 189/189
f 1106/1106 183/183 170/170
f 1087/1087 183/183 1106/1106
f 193/193 188/188 187/187
f 214/214 20/20 63/63
f 218/218 217/217 936/936
f 217/217 216/216 936/936
f 481/481 216/216 215/215
f 44/44 1047/1047 55/55
f 163/163 1085/1085 221/221
f 219/219 160/160 222/222
f 163/163 1081/1081 1086/1086
f 220/220 160/160 209/209
f 165/165 166/166 167/167
f 166/166 165/165 221/221
f 166/166 1085/1085 210/210
f 1085/1085 166/166 221/221
f 219/219 168/168 1104/1104
f 168/168 219/219 222/222
f 161/161 222/222 160/160
f 1069/1069 223/223 1107/1107
f 1107/1107 224/224 1108/1108
f 224/224 1107/1107 223/223
f 224/224 1109/1109 1108/1108
f 1109/1109 224/224 225/225
f 225/225 1074/1074 1109/1109
f 227/227 237/237 238/238
f 233/233 226/226 230/230
f 230/230 228/228 233/233
f 233/233 227/227 226/226
f 233/233 237/237 227/227
f 233/233 229/229 237/237
f 233/233 234/234 232/232
f 234/234 228/228 232/232
f 233/233 235/235 229/229
f 233/233 231/231 235/235
f 233/233 232/232 231/231
f 230/230 226/226 228/228
f 234/234 233/233 228/228
f 235/235 231/231 236/236
f 238/238 240/240 239/239
f 238/238 229/229 240/240
f 238/238 237/237 229/229
f 229/229 241/241 240/240
f 229/229 236/236 241/241
f 229/229 235/235 236/236
f 243/243 253/253 254/254
f 249/249 242/242 246/246
f 246/246 244/244 249/249
f 249/249 243/243 242/242
f 249/249 253/253 243/243
f 249/249 245/245 253/253
f 249/249 250/250 248/248
f 250/250 244/244 248/248
f 249/249 251/251 245/245
f 249/249 247/247 251/251
f 249/249 248/248 247/247
f 246/246 242/242 244/244
f 250/250 249/249 244/244
f 251/251 247/247 252/252
f 254/254 256/256 255/255
f 254/254 245/245 256/256
f 254/254 253/253 245/245
f 245/245 257/257 256/256
f 245/245 252/252 257/257
f 245/245 251/251 252/252
f 259/259 269/269 270/270
f 265/265 258/258 262/262
f 262/262 260/260 265/265
f 265/265 259/259 258/258
f 265/265 269/269 259/259
f 265/265 261/261 269/269
f 265/265 266/266 264/264
f 266/266 260/260 264/264
f 265/265 267/267 261/261
f 265/265 263/263 267/267
f 265/265 264/264 263/263
f 262/262 258/258 260/260
f 266/266 265/265 260/260
f 267/267 263/263 268/268
f 270/270 272/272 271/271
f 270/270 261/261 272/272
f 270/270 269/269 261/261
f 261/261 273/273 272/272
f 261/261 268/268 273/273
f 261/261 267/267 268/268
f 274/274 13/13 37/37
f 13/13 274/274 40/40
f 1053/1053 274/274 37/37
f 1053/1053 275/275 274/274
f 1053/1053 1110/1110 275/275
f 275/275 1110/1110 218/218
f 1046/1046 1111/1111 1080/1080
f 276/276 278/278 279/279
f 279/279 288/288 276/276
f 288/288 279/279 280/280
f 280/280 289/289 288/288
f 1112/1112 1113/1113 281/281
f 281/281 277/277 1112/1112
f 277/277 281/281 278/278
f 278/278 1114/1114 277/277
f 279/279 278/278 290/290
f 290/290 291/291 279/279
f 291/291 280/280 279/279
f 462/462 280/280 291/291
f 462/462 291/291 283/283
f 1113/1113 1115/1115 284/284
f 1113/1113 284/284 1116/1116
f 1113/1113 1116/1116 281/281
f 278/278 1116/1116 290/290
f 1116/1116 278/278 281/281
f 282/282 285/285 286/286
f 286/286 283/283 282/282
f 283/283 286/286 464/464
f 464/464 462/462 283/283
f 1115/1115 1117/1117 287/287
f 287/287 284/284 1115/1115
f 284/284 287/287 1118/1118
f 1118/1118 282/282 284/284
f 285/285 293/293 292/292
f 292/292 286/286 285/285
f 286/286 292/292 762/762
f 762/762 464/464 286/286
f 287/287 11/11 1119/1119
f 1119/1119 1118/1118 287/287
f 282/282 290/290 1116/1116
f 1116/1116 284/284 282/282
f 282/282 291/291 290/290
f 291/291 282/282 283/283
f 477/477 276/276 288/288
f 288/288 478/478 477/477
f 478/478 288/288 289/289
f 289/289 463/463 478/478
f 1120/1120 1112/1112 277/277
f 277/277 10/10 1120/1120
f 10/10 277/277 1114/1114
f 1114/1114 1121/1121 10/10
f 11/11 287/287 1117/1117
f 1117/1117 1122/1122 11/11
f 294/294 466/466 295/295
f 294/294 295/295 465/465
f 298/298 299/299 467/467
f 298/298 467/467 479/479
f 479/479 467/467 297/297
f 299/299 467/467 466/466
f 466/466 294/294 299/299
f 298/298 479/479 480/480
f 294/294 298/298 296/296
f 465/465 294/294 296/296
f 294/294 299/299 298/298
f 300/300 1123/1123 1124/1124
f 1124/1124 1125/1125 300/300
f 1126/1126 1127/1127 1128/1128
f 1128/1128 1124/1124 1129/1129
f 1130/1130 1131/1131 1132/1132
f 1132/1132 1128/1128 1133/1133
f 933/933 300/300 1125/1125
f 1125/1125 1134/1134 933/933
f 1135/1135 1136/1136 1137/1137
f 1138/1138 1132/1132 1139/1139
f 296/296 465/465 1140/1140
f 296/296 298/298 480/480
f 296/296 1140/1140 1141/1141
f 480/480 1141/1141 296/296
f 301/301 303/303 302/302
f 304/304 302/302 305/305
f 302/302 304/304 301/301
f 306/306 307/307 308/308
f 309/309 307/307 306/306
f 307/307 309/309 310/310
f 311/311 312/312 313/313
f 314/314 312/312 311/311
f 312/312 314/314 315/315
f 316/316 317/317 318/318
f 319/319 317/317 316/316
f 317/317 319/319 320/320
f 321/321 322/322 323/323
f 324/324 322/322 321/321
f 322/322 324/324 325/325
f 326/326 327/327 328/328
f 329/329 327/327 326/326
f 327/327 329/329 330/330
f 331/331 332/332 333/333
f 334/334 332/332 331/331
f 332/332 334/334 335/335
f 336/336 337/337 338/338
f 339/339 337/337 336/336
f 337/337 339/339 340/340
f 341/341 342/342 343/343
f 344/344 342/342 341/341
f 342/342 344/344 345/345
f 346/346 347/347 348/348
f 349/349 347/347 346/346
f 347/347 349/349 350/350
f 351/351 352/352 353/353
f 354/354 352/352 351/351
f 352/352 354/354 355/355
f 356/356 357/357 358/358
f 359/359 357/357 356/356
f 357/357 359/359 360/360
f 361/361 362/362 363/363
f 364/364 362/362 361/361
f 362/362 364/364 365/365
f 366/366 367/367 368/368
f 369/369 367/367 366/366
f 367/367 369/369 370/370
f 371/371 372/372 373/373
f 374/374 372/372 371/371
f 372/372 374/374 375/375
f 376/376 377/377 378/378
f 379/379 377/377 376/376
f 377/377 379/379 380/380
f 381/381 382/382 383/383
f 384/384 382/382 381/381
f 382/382 384/384 385/385
f 386/386 387/387 388/388
f 389/389 387/387 386/386
f 387/387 389/389 390/390
f 391/391 392/392 393/393
f 394/394 392/392 391/391
f 392/392 394/394 395/395
f 396/396 397/397 398/398
f 399/399 397/397 396/396
f 397/397 399/399 400/400
f 401/401 402/402 403/403
f 404/404 402/402 401/401
f 402/402 404/404 405/405
f 406/406 407/407 408/408
f 409/409 407/407 406/406
f 407/407 409/409 410/410
f 411/411 412/412 413/413
f 414/414 412/412 411/411
f 412/412 414/414 415/415
f 416/416 417/417 418/418
f 419/419 417/417 416/416
f 417/417 419/419 420/420
f 421/421 423/423 422/422
f 424/424 422/422 425/425
f 422/422 424/424 421/421
f 426/426 428/428 427/427
f 429/429 427/427 430/430
f 427/427 429/429 426/426
f 431/431 433/433 432/432
f 434/434 432/432 435/435
f 432/432 434/434 431/431
f 436/436 438/438 437/437
f 439/439 437/437 440/440
f 437/437 439/439 436/436
f 441/441 443/443 442/442
f 444/444 442/442 445/445
f 442/442 444/444 441/441
f 446/446 448/448 447/447
f 449/449 447/447 450/450
f 447/447 449/449 446/446
f 451/451 453/453 452/452
f 454/454 452/452 455/455
f 452/452 454/454 451/451
f 456/456 458/458 457/457
f 459/459 457/457 460/460
f 457/457 459/459 456/456
f 461/461 6/6 744/744
f 461/461 744/744 930/930
f 533/533 526/526 502/502
f 526/526 533/533 489/489
f 492/492 619/619 491/491
f 2/2 483/483 510/510
f 483/483 2/2 468/468
f 497/497 491/491 496/496
f 491/491 497/497 492/492
f 3/3 492/492 497/497
f 492/492 3/3 469/469
f 496/496 521/521 497/497
f 521/521 496/496 522/522
f 521/521 3/3 497/497
f 3/3 521/521 9/9
f 470/470 509/509 486/486
f 509/509 470/470 471/471
f 486/486 506/506 485/485
f 506/506 486/486 509/509
f 472/472 498/498 493/493
f 498/498 472/472 475/475
f 494/494 499/499 516/516
f 499/499 494/494 506/506
f 534/534 509/509 493/493
f 509/509 534/534 506/506
f 4/4 498/498 475/475
f 498/498 4/4 490/490
f 503/503 499/499 534/534
f 498/498 518/518 517/517
f 518/518 498/498 490/490
f 484/484 506/506 494/494
f 506/506 484/484 485/485
f 527/527 505/505 482/482
f 505/505 527/527 523/523
f 494/494 527/527 484/484
f 527/527 494/494 523/523
f 526/526 488/488 487/487
f 488/488 526/526 489/489
f 502/502 490/490 533/533
f 490/490 502/502 518/518
f 1/1 510/510 504/504
f 510/510 1/1 2/2
f 482/482 504/504 510/510
f 504/504 482/482 505/505
f 520/520 470/470 486/486
f 470/470 520/520 473/473
f 520/520 485/485 519/519
f 485/485 520/520 486/486
f 508/508 485/485 484/484
f 485/485 508/508 519/519
f 528/528 484/484 527/527
f 484/484 528/528 508/508
f 527/527 507/507 528/528
f 507/507 527/527 482/482
f 513/513 514/514 512/512
f 514/514 513/513 525/525
f 530/530 502/502 526/526
f 502/502 530/530 531/531
f 530/530 529/529 1142/1142
f 529/529 530/530 487/487
f 532/532 1143/1143 501/501
f 1143/1143 532/532 531/531
f 487/487 515/515 529/529
f 500/500 515/515 535/535
f 515/515 500/500 529/529
f 491/491 535/535 496/496
f 535/535 491/491 495/495
f 512/512 1144/1144 513/513
f 1145/1145 1146/1146 511/511
f 496/496 515/515 522/522
f 515/515 496/496 535/535
f 517/517 493/493 498/498
f 493/493 517/517 534/534
f 617/617 492/492 469/469
f 494/494 495/495 523/523
f 495/495 494/494 516/516
f 491/491 523/523 495/495
f 523/523 491/491 619/619
f 471/471 493/493 509/509
f 493/493 471/471 472/472
f 522/522 487/487 488/488
f 487/487 522/522 515/515
f 518/518 531/531 532/532
f 531/531 518/518 502/502
f 517/517 532/532 503/503
f 532/532 517/517 518/518
f 532/532 501/501 503/503
f 488/488 521/521 522/522
f 521/521 488/488 524/524
f 490/490 474/474 684/684
f 474/474 490/490 4/4
f 8/8 521/521 524/524
f 521/521 8/8 9/9
f 531/531 1142/1142 1143/1143
f 1142/1142 531/531 530/530
f 511/511 514/514 1145/1145
f 487/487 530/530 526/526
f 534/534 499/499 506/506
f 495/495 500/500 535/535
f 500/500 495/495 516/516
f 6/6 744/744 461/461
f 687/687 468/468 936/936
f 468/468 743/743 483/483
f 687/687 743/743 468/468
f 539/539 540/540 544/544
f 540/540 539/539 537/537
f 5/5 569/569 6/6
f 569/569 5/5 538/538
f 541/541 538/538 572/572
f 538/538 541/541 569/569
f 569/569 541/541 568/568
f 567/567 543/543 542/542
f 543/543 567/567 551/551
f 1147/1147 519/519 508/508
f 519/519 1147/1147 1148/1148
f 537/537 476/476 540/540
f 476/476 1149/1149 1052/1052
f 537/537 1149/1149 476/476
f 1150/1150 528/528 507/507
f 528/528 1150/1150 571/571
f 508/508 571/571 1147/1147
f 571/571 508/508 528/528
f 539/539 544/544 1151/1151
f 552/552 1151/1151 544/544
f 1151/1151 552/552 551/551
f 536/536 553/553 540/540
f 553/553 545/545 570/570
f 545/545 553/553 536/536
f 744/744 555/555 554/554
f 555/555 744/744 568/568
f 555/555 546/546 554/554
f 546/546 555/555 547/547
f 556/556 542/542 543/543
f 556/556 550/550 548/548
f 550/550 556/556 551/551
f 540/540 552/552 544/544
f 552/552 540/540 553/553
f 553/553 549/549 552/552
f 549/549 553/553 570/570
f 554/554 536/536 744/744
f 930/930 744/744 536/536
f 536/536 546/546 545/545
f 546/546 536/536 554/554
f 550/550 552/552 549/549
f 552/552 550/550 551/551
f 548/548 1152/1152 556/556
f 1152/1152 548/548 1153/1153
f 541/541 555/555 568/568
f 1152/1152 1154/1154 556/556
f 558/558 548/548 550/550
f 548/548 558/558 557/557
f 545/545 559/559 570/570
f 559/559 545/545 560/560
f 549/549 559/559 561/561
f 559/559 549/549 570/570
f 550/550 561/561 558/558
f 561/561 550/550 549/549
f 546/546 560/560 545/545
f 560/560 546/546 562/562
f 547/547 562/562 546/546
f 562/562 547/547 563/563
f 548/548 1155/1155 1153/1153
f 1155/1155 548/548 557/557
f 609/609 558/558 610/610
f 558/558 609/609 557/557
f 564/564 560/560 566/566
f 560/560 564/564 559/559
f 561/561 564/564 565/565
f 564/564 561/561 559/559
f 562/562 613/613 612/612
f 613/613 562/562 563/563
f 557/557 1156/1156 1155/1155
f 1156/1156 557/557 609/609
f 558/558 565/565 610/610
f 565/565 558/558 561/561
f 564/564 576/576 565/565
f 576/576 564/564 614/614
f 611/611 564/564 566/566
f 564/564 611/611 614/614
f 610/610 565/565 576/576
f 566/566 562/562 612/612
f 562/562 566/566 560/560
f 566/566 612/612 611/611
f 744/744 930/930 461/461
f 543/543 551/551 556/556
f 542/542 1154/1154 1157/1157
f 1154/1154 542/542 556/556
f 569/569 568/568 6/6
f 6/6 568/568 744/744
f 1158/1158 519/519 1148/1148
f 519/519 1158/1158 520/520
f 473/473 1159/1159 1063/1063
f 1159/1159 473/473 520/520
f 930/930 540/540 476/476
f 1159/1159 520/520 1158/1158
f 1151/1151 551/551 567/567
f 930/930 536/536 540/540
f 8/8 573/573 7/7
f 573/573 8/8 524/524
f 575/575 488/488 489/489
f 488/488 575/575 524/524
f 575/575 573/573 524/524
f 588/588 581/581 578/578
f 581/581 588/588 597/597
f 580/580 609/609 610/610
f 609/609 580/580 587/587
f 581/581 577/577 578/578
f 588/588 586/586 598/598
f 586/586 588/588 578/578
f 579/579 587/587 580/580
f 587/587 579/579 582/582
f 580/580 589/589 579/579
f 589/589 580/580 595/595
f 585/585 582/582 615/615
f 582/582 585/585 587/587
f 586/586 614/614 598/598
f 614/614 586/586 576/576
f 610/610 586/586 1160/1160
f 586/586 610/610 576/576
f 580/580 610/610 1160/1160
f 588/588 583/583 593/593
f 583/583 588/588 598/598
f 609/609 585/585 1156/1156
f 585/585 609/609 587/587
f 591/591 1161/1161 1162/1162
f 1161/1161 591/591 590/590
f 592/592 584/584 593/593
f 596/596 593/593 583/583
f 593/593 596/596 592/592
f 592/592 596/596 594/594
f 590/590 594/594 596/596
f 594/594 590/590 591/591
f 590/590 1163/1163 612/612
f 583/583 612/612 1163/1163
f 612/612 583/583 611/611
f 613/613 590/590 612/612
f 590/590 613/613 1161/1161
f 603/603 616/616 602/602
f 1164/1164 604/604 606/606
f 599/599 607/607 608/608
f 600/600 601/601 599/599
f 601/601 607/607 599/599
f 601/601 606/606 607/607
f 606/606 601/601 1164/1164
f 606/606 604/604 605/605
f 577/577 595/595 578/578
f 595/595 577/577 589/589
f 584/584 588/588 593/593
f 588/588 584/584 597/597
f 586/586 578/578 595/595
f 583/583 614/614 611/611
f 614/614 583/583 598/598
f 597/597 692/692 693/693
f 692/692 597/597 584/584
f 584/584 1165/1165 692/692
f 1165/1165 584/584 592/592
f 592/592 602/602 1165/1165
f 602/602 592/592 594/594
f 594/594 603/603 602/602
f 603/603 594/594 591/591
f 615/615 1166/1166 1167/1167
f 1166/1166 615/615 582/582
f 616/616 591/591 1162/1162
f 591/591 616/616 603/603
f 582/582 1168/1168 1166/1166
f 1168/1168 582/582 579/579
f 579/579 1169/1169 1168/1168
f 1169/1169 579/579 589/589
f 589/589 1170/1170 1169/1169
f 1170/1170 589/589 577/577
f 581/581 1170/1170 577/577
f 1170/1170 581/581 694/694
f 581/581 693/693 694/694
f 693/693 581/581 597/597
f 1171/1171 604/604 1164/1164
f 617/617 1/1 504/504
f 1/1 617/617 469/469
f 505/505 617/617 504/504
f 617/617 505/505 618/618
f 523/523 618/618 505/505
f 619/619 617/617 618/618
f 617/617 619/619 492/492
f 523/523 619/619 618/618
f 503/503 534/534 517/517
f 621/621 622/622 623/623
f 621/621 624/624 622/622
f 621/621 1172/1172 624/624
f 620/620 622/622 624/624
f 622/622 574/574 623/623
f 624/624 1172/1172 1173/1173
f 1173/1173 620/620 624/624
f 936/936 481/481 686/686
f 625/625 1174/1174 626/626
f 1174/1174 625/625 1175/1175
f 1144/1144 632/632 1176/1176
f 632/632 1144/1144 512/512
f 512/512 629/629 632/632
f 629/629 512/512 514/514
f 625/625 689/689 630/630
f 689/689 625/625 626/626
f 630/630 627/627 625/625
f 627/627 630/630 631/631
f 632/632 635/635 633/633
f 635/635 632/632 629/629
f 634/634 629/629 628/628
f 629/629 634/634 635/635
f 632/632 1177/1177 1176/1176
f 1177/1177 632/632 633/633
f 634/634 1178/1178 1179/1179
f 1178/1178 634/634 628/628
f 630/630 679/679 688/688
f 640/640 691/691 638/638
f 691/691 640/640 631/631
f 635/635 690/690 633/633
f 1179/1179 641/641 634/634
f 641/641 1179/1179 1180/1180
f 1181/1181 1182/1182 633/633
f 641/641 635/635 634/634
f 635/635 641/641 637/637
f 1180/1180 676/676 641/641
f 676/676 1180/1180 677/677
f 642/642 680/680 636/636
f 680/680 642/642 639/639
f 636/636 643/643 642/642
f 643/643 636/636 637/637
f 643/643 641/641 676/676
f 641/641 643/643 637/637
f 639/639 644/644 652/652
f 644/644 639/639 642/642
f 652/652 646/646 683/683
f 646/646 652/652 644/644
f 645/645 674/674 675/675
f 674/674 645/645 659/659
f 649/649 655/655 650/650
f 655/655 649/649 656/656
f 650/650 654/654 647/647
f 654/654 650/650 655/655
f 654/654 653/653 678/678
f 653/653 654/654 1183/1183
f 1184/1184 681/681 1185/1185
f 681/681 1184/1184 651/651
f 645/645 1185/1185 681/681
f 1185/1185 645/645 1186/1186
f 657/657 642/642 643/643
f 642/642 657/657 644/644
f 674/674 643/643 676/676
f 643/643 674/674 657/657
f 661/661 681/681 651/651
f 681/681 661/661 662/662
f 659/659 681/681 662/662
f 681/681 659/659 645/645
f 659/659 1187/1187 1188/1188
f 1187/1187 659/659 662/662
f 1187/1187 661/661 1189/1189
f 661/661 1187/1187 662/662
f 1190/1190 653/653 1191/1191
f 653/653 1190/1190 678/678
f 678/678 1192/1192 648/648
f 1192/1192 678/678 1190/1190
f 1193/1193 664/664 658/658
f 664/664 1193/1193 665/665
f 663/663 664/664 666/666
f 664/664 663/663 658/658
f 665/665 667/667 664/664
f 667/667 665/665 668/668
f 666/666 667/667 669/669
f 667/667 666/666 664/664
f 682/682 670/670 669/669
f 670/670 682/682 671/671
f 1192/1192 1194/1194 648/648
f 1194/1194 1192/1192 672/672
f 683/683 673/673 1195/1195
f 673/673 683/683 646/646
f 663/663 673/673 646/646
f 673/673 663/663 666/666
f 672/672 1196/1196 1194/1194
f 1196/1196 672/672 1197/1197
f 1195/1195 670/670 671/671
f 670/670 1195/1195 673/673
f 666/666 670/670 673/673
f 670/670 666/666 669/669
f 676/676 675/675 674/674
f 675/675 676/676 677/677
f 625/625 627/627 1198/1198
f 1199/1199 1198/1198 627/627
f 629/629 511/511 628/628
f 511/511 629/629 514/514
f 1146/1146 628/628 511/511
f 628/628 1146/1146 1178/1178
f 625/625 1198/1198 1175/1175
f 1200/1200 1191/1191 638/638
f 638/638 653/653 640/640
f 653/653 638/638 1191/1191
f 675/675 1186/1186 645/645
f 647/647 654/654 678/678
f 659/659 1188/1188 660/660
f 658/658 657/657 660/660
f 1193/1193 658/658 660/660
f 646/646 644/644 663/663
f 661/661 651/651 1189/1189
f 660/660 1188/1188 1193/1193
f 1184/1184 1189/1189 651/651
f 667/667 682/682 669/669
f 682/682 667/667 668/668
f 644/644 657/657 663/663
f 648/648 647/647 678/678
f 1194/1194 1196/1196 1201/1201
f 674/674 660/660 657/657
f 674/674 659/659 660/660
f 1202/1202 640/640 653/653
f 1183/1183 1202/1202 653/653
f 663/663 657/657 658/658
f 684/684 533/533 490/490
f 687/687 936/936 745/745
f 745/745 936/936 686/686
f 481/481 685/685 686/686
f 514/514 525/525 1145/1145
f 633/633 690/690 1181/1181
f 688/688 691/691 630/630
f 633/633 1182/1182 1177/1177
f 689/689 679/679 630/630
f 635/635 636/636 690/690
f 636/636 635/635 637/637
f 636/636 1181/1181 690/690
f 1181/1181 636/636 680/680
f 688/688 638/638 691/691
f 638/638 688/688 1200/1200
f 631/631 630/630 691/691
f 1165/1165 1203/1203 692/692
f 1203/1203 693/693 692/692
f 693/693 1203/1203 1204/1204
f 693/693 1205/1205 694/694
f 1205/1205 693/693 1204/1204
f 694/694 1205/1205 1170/1170
f 696/696 707/707 706/706
f 702/702 699/699 695/695
f 699/699 702/702 697/697
f 702/702 706/706 698/698
f 702/702 696/696 706/706
f 702/702 695/695 696/696
f 702/702 701/701 703/703
f 703/703 701/701 697/697
f 702/702 700/700 701/701
f 702/702 704/704 700/700
f 702/702 698/698 704/704
f 699/699 697/697 695/695
f 703/703 697/697 702/702
f 704/704 705/705 700/700
f 707/707 698/698 706/706
f 707/707 709/709 698/698
f 707/707 708/708 709/709
f 698/698 705/705 704/704
f 698/698 710/710 705/705
f 698/698 709/709 710/710
f 712/712 723/723 722/722
f 718/718 715/715 711/711
f 715/715 718/718 713/713
f 718/718 722/722 714/714
f 718/718 712/712 722/722
f 718/718 711/711 712/712
f 718/718 717/717 719/719
f 719/719 717/717 713/713
f 718/718 716/716 717/717
f 718/718 720/720 716/716
f 718/718 714/714 720/720
f 715/715 713/713 711/711
f 719/719 713/713 718/718
f 720/720 721/721 716/716
f 723/723 714/714 722/722
f 723/723 725/725 714/714
f 723/723 724/724 725/725
f 714/714 721/721 720/720
f 714/714 726/726 721/721
f 714/714 725/725 726/726
f 728/728 739/739 738/738
f 734/734 731/731 727/727
f 731/731 734/734 729/729
f 734/734 738/738 730/730
f 734/734 728/728 738/738
f 734/734 727/727 728/728
f 734/734 733/733 735/735
f 735/735 733/733 729/729
f 734/734 732/732 733/733
f 734/734 736/736 732/732
f 734/734 730/730 736/736
f 731/731 729/729 727/727
f 735/735 729/729 734/734
f 736/736 737/737 732/732
f 739/739 730/730 738/738
f 739/739 741/741 730/730
f 739/739 740/740 741/741
f 730/730 737/737 736/736
f 730/730 742/742 737/737
f 730/730 741/741 742/742
f 483/483 482/482 510/510
f 482/482 483/483 507/507
f 1150/1150 743/743 1206/1206
f 1150/1150 483/483 743/743
f 1150/1150 507/507 483/483
f 743/743 687/687 1206/1206
f 1144/1144 1176/1176 1207/1207
f 746/746 749/749 748/748
f 749/749 746/746 758/758
f 758/758 931/931 749/749
f 931/931 758/758 759/759
f 1208/1208 750/750 1209/1209
f 750/750 1208/1208 747/747
f 747/747 748/748 750/750
f 748/748 747/747 1210/1210
f 749/749 760/760 748/748
f 760/760 749/749 761/761
f 761/761 749/749 931/931
f 932/932 761/761 931/931
f 932/932 752/752 761/761
f 1209/1209 753/753 1211/1211
f 1209/1209 1212/1212 753/753
f 1209/1209 750/750 1212/1212
f 748/748 760/760 1212/1212
f 1212/1212 750/750 748/748
f 751/751 755/755 754/754
f 755/755 751/751 752/752
f 752/752 756/756 755/755
f 756/756 752/752 932/932
f 1211/1211 757/757 1213/1213
f 757/757 1211/1211 753/753
f 753/753 1214/1214 757/757
f 1214/1214 753/753 751/751
f 754/754 292/292 293/293
f 292/292 754/754 755/755
f 755/755 762/762 292/292
f 762/762 755/755 756/756
f 757/757 1119/1119 11/11
f 1119/1119 757/757 1214/1214
f 751/751 1212/1212 760/760
f 1212/1212 751/751 753/753
f 751/751 760/760 761/761
f 761/761 752/752 751/751
f 477/477 758/758 746/746
f 758/758 477/477 478/478
f 478/478 759/759 758/758
f 759/759 478/478 463/463
f 1120/1120 747/747 1208/1208
f 747/747 1120/1120 10/10
f 10/10 1210/1210 747/747
f 1210/1210 10/10 1121/1121
f 11/11 1213/1213 757/757
f 1213/1213 11/11 1122/1122
f 763/763 765/765 934/934
f 763/763 764/764 765/765
f 768/768 767/767 935/935
f 935/935 767/767 479/479
f 935/935 479/479 297/297
f 768/768 934/934 935/935
f 934/934 768/768 763/763
f 479/479 767/767 480/480
f 767/767 766/766 480/480
f 763/763 766/766 767/767
f 767/767 763/763 768/768
f 769/769 1215/1215 1216/1216
f 1215/1215 769/769 1217/1217
f 1218/1218 1219/1219 1220/1220
f 1219/1219 1221/1221 1215/1215
f 1222/1222 1223/1223 1224/1224
f 1223/1223 1225/1225 1219/1219
f 933/933 1217/1217 769/769
f 1217/1217 933/933 1226/1226
f 1227/1227 1228/1228 1229/1229
f 1230/1230 1231/1231 1223/1223
f 766/766 1232/1232 764/764
f 764/764 766/766 763/763
f 766/766 1141/1141 1232/1232
f 1141/1141 480/480 766/766
f 770/770 771/771 772/772
f 773/773 771/771 770/770
f 771/771 773/773 774/774
f 775/775 777/777 776/776
f 778/778 776/776 779/779
f 776/776 778/778 775/775
f 780/780 782/782 781/781
f 783/783 781/781 784/784
f 781/781 783/783 780/780
f 785/785 787/787 786/786
f 788/788 786/786 789/789
f 786/786 788/788 785/785
f 790/790 792/792 791/791
f 793/793 791/791 794/794
f 791/791 793/793 790/790
f 795/795 797/797 796/796
f 798/798 796/796 799/799
f 796/796 798/798 795/795
f 800/800 802/802 801/801
f 803/803 801/801 804/804
f 801/801 803/803 800/800
f 805/805 807/807 806/806
f 808/808 806/806 809/809
f 806/806 808/808 805/805
f 810/810 812/812 811/811
f 813/813 811/811 814/814
f 811/811 813/813 810/810
f 815/815 817/817 816/816
f 818/818 816/816 819/819
f 816/816 818/818 815/815
f 820/820 822/822 821/821
f 823/823 821/821 824/824
f 821/821 823/823 820/820
f 825/825 827/827 826/826
f 828/828 826/826 829/829
f 826/826 828/828 825/825
f 830/830 832/832 831/831
f 833/833 831/831 834/834
f 831/831 833/833 830/830
f 835/835 837/837 836/836
f 838/838 836/836 839/839
f 836/836 838/838 835/835
f 840/840 842/842 841/841
f 843/843 841/841 844/844
f 841/841 843/843 840/840
f 845/845 847/847 846/846
f 848/848 846/846 849/849
f 846/846 848/848 845/845
f 850/850 852/852 851/851
f 853/853 851/851 854/854
f 851/851 853/853 850/850
f 855/855 857/857 856/856
f 858/858 856/856 859/859
f 856/856 858/858 855/855
f 860/860 862/862 861/861
f 863/863 861/861 864/864
f 861/861 863/863 860/860
f 865/865 867/867 866/866
f 868/868 866/866 869/869
f 866/866 868/868 865/865
f 870/870 872/872 871/871
f 873/873 871/871 874/874
f 871/871 873/873 870/870
f 875/875 877/877 876/876
f 878/878 876/876 879/879
f 876/876 878/878 875/875
f 880/880 882/882 881/881
f 883/883 881/881 884/884
f 881/881 883/883 880/880
f 885/885 887/887 886/886
f 888/888 886/886 889/889
f 886/886 888/888 885/885
f 890/890 891/891 892/892
f 893/893 891/891 890/890
f 891/891 893/893 894/894
f 895/895 896/896 897/897
f 898/898 896/896 895/895
f 896/896 898/898 899/899
f 900/900 901/901 902/902
f 903/903 901/901 900/900
f 901/901 903/903 904/904
f 905/905 906/906 907/907
f 908/908 906/906 905/905
f 906/906 908/908 909/909
f 910/910 911/911 912/912
f 913/913 911/911 910/910
f 911/911 913/913 914/914
f 915/915 916/916 917/917
f 918/918 916/916 915/915
f 916/916 918/918 919/919
f 920/920 921/921 922/922
f 923/923 921/921 920/920
f 921/921 923/923 924/924
f 925/925 926/926 927/927
f 928/928 926/926 925/925
f 926/926 928/928 929/929
f 937/937 939/939 938/938
f 937/937 940/940 939/939
f 937/937 941/941 940/940
f 937/937 938/938 941/941
f 942/942 1233/1233 1234/1234
f 942/942 1235/1235 1236/1236
f 942/942 1236/1236 1233/1233
f 943/943 944/944 945/945
f 943/943 945/945 946/946
f 943/943 946/946 947/947
f 943/943 947/947 944/944
f 948/948 1237/1237 1238/1238
f 948/948 1239/1239 1240/1240
f 948/948 1238/1238 1239/1239
f 949/949 1241/1241 963/963
f 1241/1241 949/949 1242/1242
f 1243/1243 968/968 964/964
f 1244/1244 964/964 1003/1003
f 964/964 1244/1244 1243/1243
f 1245/1245 969/969 968/968
f 949/949 963/963 951/951
f 965/965 967/967 1246/1246
f 1246/1246 966/966 965/965
f 965/965 950/950 967/967
f 950/950 965/965 952/952
f 969/969 965/965 966/966
f 965/965 969/969 970/970
f 969/969 1247/1247 970/970
f 953/953 965/965 970/970
f 965/965 953/953 952/952
f 973/973 1248/1248 1249/1249
f 955/955 958/958 985/985
f 985/985 1250/1250 955/955
f 1249/1249 954/954 973/973
f 966/966 1251/1251 968/968
f 971/971 964/964 968/968
f 1250/1250 1252/1252 955/955
f 964/964 975/975 963/963
f 959/959 951/951 996/996
f 977/977 975/975 992/992
f 981/981 977/977 997/997
f 961/961 976/976 960/960
f 960/960 1001/1001 1002/1002
f 1001/1001 960/960 976/976
f 983/983 978/978 1001/1001
f 990/990 979/979 991/991
f 956/956 997/997 961/961
f 997/997 956/956 998/998
f 962/962 982/982 957/957
f 982/982 962/962 978/978
f 987/987 982/982 978/978
f 983/983 990/990 989/989
f 990/990 983/983 979/979
f 980/980 1253/1253 974/974
f 981/981 996/996 975/975
f 996/996 981/981 998/998
f 1254/1254 985/985 958/958
f 985/985 1254/1254 1255/1255
f 1255/1255 986/986 985/985
f 986/986 1255/1255 1256/1256
f 1257/1257 1000/1000 988/988
f 1000/1000 1257/1257 999/999
f 1257/1257 993/993 973/973
f 972/972 974/974 994/994
f 1258/1258 970/970 1247/1247
f 970/970 1258/1258 953/953
f 974/974 972/972 980/980
f 968/968 1243/1243 1245/1245
f 1250/1250 985/985 986/986
f 987/987 983/983 999/999
f 1001/1001 979/979 983/983
f 977/977 979/979 1001/1001
f 1259/1259 984/984 1260/1260
f 1261/1261 980/980 1259/1259
f 1262/1262 980/980 1261/1261
f 992/992 991/991 977/977
f 984/984 972/972 1263/1263
f 1264/1264 972/972 994/994
f 972/972 1264/1264 1263/1263
f 1265/1265 1251/1251 993/993
f 1251/1251 1265/1265 971/971
f 995/995 971/971 1265/1265
f 971/971 995/995 964/964
f 1266/1266 975/975 995/995
f 975/975 964/964 995/995
f 977/977 981/981 975/975
f 963/963 1241/1241 1003/1003
f 998/998 981/981 997/997
f 998/998 959/959 996/996
f 959/959 998/998 956/956
f 963/963 996/996 951/951
f 996/996 963/963 975/975
f 977/977 976/976 997/997
f 1262/1262 1253/1253 980/980
f 1251/1251 971/971 968/968
f 979/979 977/977 991/991
f 969/969 1245/1245 1247/1247
f 978/978 983/983 987/987
f 1259/1259 980/980 984/984
f 972/972 984/984 980/980
f 989/989 999/999 983/983
f 999/999 989/989 1000/1000
f 1260/1260 984/984 1263/1263
f 987/987 999/999 1257/1257
f 968/968 969/969 966/966
f 973/973 993/993 1248/1248
f 993/993 1257/1257 988/988
f 1248/1248 993/993 1251/1251
f 997/997 976/976 961/961
f 992/992 975/975 1266/1266
f 1002/1002 978/978 962/962
f 978/978 1002/1002 1001/1001
f 977/977 1001/1001 976/976
f 1003/1003 964/964 963/963
f 1003/1003 1241/1241 1244/1244
f 1266/1266 995/995 1265/1265
f 1267/1267 1004/1004 1268/1268
f 1268/1268 1269/1269 1267/1267
f 1270/1270 1005/1005 1009/1009
f 1271/1271 1043/1043 1005/1005
f 1005/1005 1270/1270 1271/1271
f 1272/1272 1009/1009 1010/1010
f 1267/1267 1273/1273 1004/1004
f 1006/1006 1274/1274 1008/1008
f 1274/1274 1006/1006 1007/1007
f 1006/1006 1008/1008 1275/1275
f 1275/1275 1276/1276 1006/1006
f 1010/1010 1007/1007 1006/1006
f 1006/1006 1011/1011 1010/1010
f 1010/1010 1011/1011 1277/1277
f 1278/1278 1011/1011 1006/1006
f 1006/1006 1276/1276 1278/1278
f 1014/1014 1279/1279 1280/1280
f 1281/1281 1026/1026 1282/1282
f 1026/1026 1281/1281 1283/1283
f 1279/1279 1014/1014 1284/1284
f 1007/1007 1009/1009 1285/1285
f 1012/1012 1009/1009 1005/1005
f 1283/1283 1281/1281 1286/1286
f 1005/1005 1004/1004 1016/1016
f 1287/1287 1037/1037 1273/1273
f 1018/1018 1033/1033 1016/1016
f 1022/1022 1038/1038 1018/1018
f 1288/1288 1289/1289 1017/1017
f 1289/1289 1290/1290 1042/1042
f 1042/1042 1017/1017 1289/1289
f 1024/1024 1042/1042 1019/1019
f 1031/1031 1032/1032 1020/1020
f 1291/1291 1288/1288 1038/1038
f 1038/1038 1039/1039 1291/1291
f 1292/1292 1293/1293 1023/1023
f 1023/1023 1019/1019 1292/1292
f 1028/1028 1019/1019 1023/1023
f 1024/1024 1030/1030 1031/1031
f 1031/1031 1020/1020 1024/1024
f 1021/1021 1015/1015 1294/1294
f 1022/1022 1016/1016 1037/1037
f 1037/1037 1039/1039 1022/1022
f 1295/1295 1282/1282 1026/1026
f 1026/1026 1296/1296 1295/1295
f 1296/1296 1026/1026 1027/1027
f 1027/1027 1297/1297 1296/1296
f 1298/1298 1029/1029 1041/1041
f 1041/1041 1040/1040 1298/1298
f 1298/1298 1014/1014 1034/1034
f 1013/1013 1035/1035 1015/1015
f 1299/1299 1277/1277 1011/1011
f 1011/1011 1278/1278 1299/1299
f 1015/1015 1021/1021 1013/1013
f 1009/1009 1272/1272 1270/1270
f 1283/1283 1027/1027 1026/1026
f 1028/1028 1040/1040 1024/1024
f 1042/1042 1024/1024 1020/1020
f 1018/1018 1042/1042 1020/1020
f 1300/1300 1301/1301 1025/1025
f 1302/1302 1300/1300 1021/1021
f 1303/1303 1302/1302 1021/1021
f 1033/1033 1018/1018 1032/1032
f 1025/1025 1304/1304 1013/1013
f 1305/1305 1035/1035 1013/1013
f 1013/1013 1304/1304 1305/1305
f 1306/1306 1034/1034 1285/1285
f 1285/1285 1012/1012 1306/1306
f 1036/1036 1306/1306 1012/1012
f 1012/1012 1005/1005 1036/1036
f 1307/1307 1036/1036 1016/1016
f 1016/1016 1036/1036 1005/1005
f 1018/1018 1016/1016 1022/1022
f 1004/1004 1043/1043 1268/1268
f 1039/1039 1038/1038 1022/1022
f 1039/1039 1037/1037 1287/1287
f 1287/1287 1291/1291 1039/1039
f 1004/1004 1273/1273 1037/1037
f 1037/1037 1016/1016 1004/1004
f 1018/1018 1038/1038 1017/1017
f 1303/1303 1021/1021 1294/1294
f 1285/1285 1009/1009 1012/1012
f 1020/1020 1032/1032 1018/1018
f 1010/1010 1277/1277 1272/1272
f 1019/1019 1028/1028 1024/1024
f 1300/1300 1025/1025 1021/1021
f 1013/1013 1021/1021 1025/1025
f 1030/1030 1024/1024 1040/1040
f 1040/1040 1041/1041 1030/1030
f 1301/1301 1304/1304 1025/1025
f 1028/1028 1298/1298 1040/1040
f 1009/1009 1007/1007 1010/1010
f 1014/1014 1280/1280 1034/1034
f 1034/1034 1029/1029 1298/1298
f 1280/1280 1285/1285 1034/1034
f 1038/1038 1288/1288 1017/1017
f 1033/1033 1307/1307 1016/1016
f 1290/1290 1292/1292 1019/1019
f 1019/1019 1042/1042 1290/1290
f 1018/1018 1017/1017 1042/1042
f 1043/1043 1004/1004 1005/1005
f 1043/1043 1271/1271 1268/1268
f 1307/1307 1306/1306 1036/1036
