# MOD converted: m180.mod
# 1222 verts, 1512 faces

v 22.251003 -2.085926 7.039609
v 22.194965 9.581969 21.476261
v 22.198170 5.076385 5.883193
v 22.194565 4.220694 20.466244
v 22.285780 -1.677765 18.896959
v 22.197065 10.270025 14.277530
v 22.096483 -5.952620 7.674997
v 6.535587 -16.564573 9.203536
v 12.509874 -17.352301 15.879230
v 13.609721 -19.022001 15.101285
v 17.043068 -10.198312 22.524088
v 12.585798 -15.821727 22.912386
v 12.908066 8.962017 18.300692
v 13.110271 13.982948 24.787184
v 6.526368 -15.361725 22.661789
v 0.102710 10.388070 18.577492
v 0.101338 13.765265 24.626686
v 10.211352 0.013292 9.498192
v 0.102831 13.291169 9.392831
v 13.118874 13.558748 6.602231
v 0.105422 9.515329 5.933333
v 12.817065 7.501900 6.102130
v 10.101392 -1.635837 25.205429
v 0.103532 -15.714753 7.346236
v 0.103528 -16.823496 26.293785
v 0.102073 -8.025578 5.701655
v 0.105211 -9.220686 24.184183
v 0.102279 3.830664 6.453722
v 0.105280 2.598860 21.641186
v 15.951969 -6.669232 8.598096
v 15.908875 -7.489078 13.063590
v 35.286510 3.248897 17.832083
v 40.490711 10.377548 20.928484
v 40.622498 4.279218 3.803650
v 39.899624 3.800296 5.185563
v 39.959282 9.965300 24.402281
v 4.319617 3.741847 6.472200
v 4.322641 2.577475 13.119848
v 40.291454 -7.221283 19.171703
v 40.548630 -2.594251 5.551689
v 39.974266 -3.173293 13.986271
v 0.102101 14.988422 13.475393
v 13.114939 15.216063 12.925585
v 22.195982 12.664619 11.370204
v 40.219051 12.890725 13.815457
v 31.154135 -7.758780 19.196785
v 31.075254 11.293592 5.104348
v 30.893373 10.707703 3.667251
v 30.850338 4.025487 20.808521
v 31.361729 -2.919224 22.493740
v 31.174852 4.822603 5.936120
v 30.916443 -3.479875 12.050673
v 30.861959 13.810579 11.910960
v 0.102794 -20.361229 12.062388
v 6.499491 -20.303638 20.618483
v 6.494885 -19.702217 20.840557
v 0.102811 -19.806850 -8.240565
v 22.250984 -2.085924 -7.039608
v 22.194969 9.581972 -21.476255
v 22.198183 5.076387 -5.883196
v 22.194546 4.220705 -20.466246
v 22.285780 -1.677765 -18.896957
v 22.197096 10.270020 -14.277533
v 22.096470 -5.952617 -7.674999
v 6.535584 -16.564579 -9.203542
v 12.509886 -17.352304 -15.879245
v 13.609715 -19.022011 -15.101297
v 17.043070 -10.198312 -22.524086
v 12.585797 -15.821725 -22.912390
v 12.908064 8.962019 -18.300688
v 13.110271 13.982944 -24.787191
v 6.526365 -15.361728 -22.661789
v 0.102701 10.388062 -18.577494
v 0.101331 13.765261 -24.626686
v 10.211357 0.013293 -9.498194
v 0.102827 13.291167 -9.392836
v 13.118870 13.558745 -6.602234
v 0.105404 9.515319 -5.933335
v 12.817063 7.501897 -6.102127
v 10.101390 -1.635849 -25.205435
v 0.103537 -15.714756 -7.346239
v 0.103540 -16.823500 -26.293787
v 0.102077 -8.025577 -5.701661
v 0.105209 -9.220690 -24.184187
v 0.102269 3.830661 -6.453727
v 0.105262 2.598857 -21.641190
v 15.951968 -6.669236 -8.598104
v 15.908872 -7.489083 -13.063589
v 35.286530 3.248897 -17.832075
v 40.490749 10.377544 -20.928482
v 40.622524 4.279221 -3.803656
v 39.899597 3.800300 -5.185563
v 39.959286 9.965297 -24.402288
v 4.319614 3.741846 -6.472201
v 4.322638 2.577470 -13.119850
v 40.291428 -7.221284 -19.171703
v 40.548630 -2.594254 -5.551692
v 39.974239 -3.173292 -13.986273
v 0.102095 14.988424 -13.475396
v 13.114934 15.216065 -12.925585
v 22.196001 12.664617 -11.370202
v 40.219086 12.890721 -13.815464
v 31.154091 -7.758777 -19.196785
v 31.075308 11.293589 -5.104351
v 30.893379 10.707702 -3.667252
v 30.850323 4.025504 -20.808521
v 31.361734 -2.919227 -22.493740
v 31.174889 4.822609 -5.936126
v 30.916403 -3.479876 -12.050672
v 30.861992 13.810579 -11.910957
v 0.102789 -20.361229 -12.062393
v 6.499494 -20.303642 -20.618484
v 6.494884 -19.702217 -20.840561
v 0.102803 -19.806852 24.683434
v 6.874769 -7.349498 6.700471
v 6.711564 -9.239711 -6.691704
v 6.731215 -9.157860 -5.717830
v 0.157882 -9.316159 -5.712780
v 0.105178 -9.301221 -5.771209
v 0.105178 -9.216648 -24.688433
v 6.760219 -7.827461 7.346236
v 0.103528 -16.823496 5.701655
v 0.105211 -9.220686 26.293785
v 0.102073 -8.025578 25.205429
v 0.103532 -15.714753 11.910960
v 0.102794 -20.361229 6.602231
v 0.105422 9.515329 6.453722
v 0.105280 2.598860 22.661789
v 0.102710 10.388070 18.577492
v 0.101338 13.765265 13.986271
v 0.102101 14.988422 6.472200
v 4.322641 2.577475 6.453722
v 0.105280 2.598860 24.184183
v 0.102279 3.830664 24.402281
v 4.319617 3.741847 24.184183
v 0.102279 3.830664 20.928484
v 40.622498 4.279218 19.171703
v 40.548630 -2.594251 17.832083
v 40.490711 10.377548 24.402281
v 4.319617 3.741847 6.472200
v 4.322641 2.577475 13.119848
v 40.291454 -7.221283 9.498192
v 0.102831 13.291169 5.185563
v 39.959282 9.965300 11.370204
v 40.219051 12.890725 11.370204
v 40.219051 12.890725 12.050673
v 30.861959 13.810579 5.551689
v 39.974266 -3.173293 8.240560
v 22.251003 -2.085926 14.277530
v 22.096483 -5.952620 20.466244
v 22.285780 -1.677765 21.476261
v 22.198170 5.076385 18.896959
v 22.197065 10.270025 12.925585
v 22.195982 12.664619 7.039609
v 22.194965 9.581969 12.925585
v 22.195982 12.664619 5.883193
v 22.194565 4.220694 3.803650
v 39.899624 3.800296 20.840557
v 0.102811 -19.806850 -7.346239
v 0.103540 -16.823500 -5.712780
v 0.105178 -9.301221 -5.701661
v 0.105209 -9.220690 -25.205435
v 0.103537 -15.714756 -26.293787
v 0.102077 -8.025577 -11.910957
v 0.102789 -20.361229 -6.602234
v 0.105404 9.515319 -22.661789
v 0.102701 10.388062 -6.453727
v 0.105262 2.598857 -18.577494
v 0.101331 13.765261 -13.986273
v 0.102095 14.988424 -6.472201
v 4.322638 2.577470 -6.453727
v 0.105262 2.598857 -24.184187
v 0.102269 3.830661 -24.402288
v 4.319614 3.741846 -24.184187
v 0.102269 3.830661 -20.928482
v 40.622524 4.279221 -19.171703
v 40.548630 -2.594254 -17.832075
v 40.490749 10.377544 -24.402288
v 4.319614 3.741846 -6.472201
v 4.322638 2.577470 -13.119850
v 40.291428 -7.221284 -9.498194
v 0.102827 13.291167 -5.185563
v 39.959286 9.965297 -11.370202
v 40.219086 12.890721 -11.370202
v 40.219086 12.890721 -12.050672
v 30.861992 13.810579 -5.551692
v 39.974239 -3.173292 -8.240565
v 22.250984 -2.085924 -14.277533
v 22.096470 -5.952617 -20.466246
v 22.285780 -1.677765 -21.476255
v 22.198183 5.076387 -18.896957
v 22.197096 10.270020 -12.925585
v 22.196001 12.664617 -7.039608
v 22.194969 9.581972 -12.925585
v 22.196001 12.664617 -5.883196
v 22.194546 4.220705 -3.803656
v 39.899597 3.800300 -20.840561
v 0.102803 -19.806852 0.828123
v 91.720398 6.142797 48.282219
v 96.686813 9.200103 44.823242
v 91.661133 -0.987165 51.359985
v 101.478943 6.729949 47.983894
v 96.618416 -4.837688 51.136555
v 101.688423 -2.043501 47.649784
v 88.526459 -5.435638 60.077263
v 92.880898 9.391115 54.945847
v 90.622604 -7.093847 57.939835
v 90.428787 -5.785717 57.093704
v 84.738716 -10.237035 56.003315
v 87.559471 -8.793419 54.379311
v 82.209579 -10.173701 51.482296
v 85.190872 -7.381234 52.173740
v 94.672897 9.791003 51.765923
v 89.937378 1.109308 51.050888
v 87.364601 -3.957226 54.353725
v 85.505432 -6.527598 56.020599
v 83.405334 -8.292729 60.253136
v 93.659134 -5.449174 50.515244
v 92.134872 -7.571637 54.620480
v 93.951515 -5.470274 55.801125
v 83.845901 -11.857018 53.270470
v 87.594666 -10.154251 60.771999
v 93.875946 3.970753 50.247467
v 90.862587 8.125978 64.128899
v 90.337975 -5.672635 62.025246
v 87.811905 -5.645521 67.823624
v 86.505356 -5.518810 65.167023
v 85.255905 -5.514545 57.749260
v 89.817703 9.371504 60.727314
v 94.054749 -1.717852 64.652016
v 90.473099 -1.996760 68.742905
v 86.278763 -2.223360 58.530247
v 90.591911 -1.876767 62.493191
v 87.738586 -2.030699 65.965988
v 84.945862 -2.126627 58.495808
v 90.388336 3.730550 62.395718
v 87.753853 3.585833 67.119926
v 86.183395 7.901228 64.610107
v 85.023979 7.835345 61.104614
v 88.095253 8.550242 63.228649
v 90.155785 8.666730 64.491898
v 90.382957 3.633527 65.947998
v 84.893814 3.280873 68.636353
v 86.146690 3.291952 33.381798
v 99.196762 5.982939 36.575214
v 104.410553 9.401545 41.678070
v 100.763344 10.360637 37.916275
v 94.783928 -1.314705 45.449074
v 106.516167 7.136015 39.490116
v 109.223175 -1.452432 33.467216
v 99.244415 -1.060453 36.561798
v 104.382217 -4.074603 39.558563
v 109.390671 6.373286 39.400543
v 102.917923 2.973833 37.925999
v 94.825806 6.600381 41.709309
v 100.747749 -5.101394 45.377602
v 106.542671 -2.043459 -45.159626
v 91.720398 6.142782 -48.282215
v 96.686775 9.200102 -44.823238
v 91.661133 -0.987182 -51.359989
v 101.478943 6.729960 -47.983860
v 96.618378 -4.837685 -51.136543
v 101.688454 -2.043487 -47.649792
v 88.526459 -5.435638 -60.077278
v 92.880875 9.391117 -54.945847
v 90.622612 -7.093839 -57.939827
v 90.428810 -5.785719 -57.093700
v 84.738716 -10.237028 -56.003311
v 87.559479 -8.793417 -54.379314
v 82.209579 -10.173704 -51.482307
v 85.190872 -7.381235 -52.173759
v 94.672874 9.791000 -51.765923
v 89.937386 1.109312 -51.050888
v 87.364594 -3.957224 -54.353729
v 85.505440 -6.527599 -56.020599
v 83.405342 -8.292738 -60.253120
v 93.659164 -5.449168 -50.515247
v 92.134872 -7.571635 -54.620480
v 93.951523 -5.470273 -55.801121
v 83.845901 -11.857019 -53.270473
v 87.594666 -10.154247 -60.772011
v 93.875938 3.970758 -50.247482
v 90.862564 8.125968 -64.128914
v 90.337982 -5.672633 -62.025242
v 87.811905 -5.645524 -67.823631
v 86.505363 -5.518809 -65.167038
v 85.255913 -5.514541 -57.749290
v 89.817688 9.371496 -60.727299
v 94.054764 -1.717847 -64.652031
v 90.473099 -1.996762 -68.742912
v 86.278763 -2.223359 -58.530243
v 90.591919 -1.876770 -62.493195
v 87.738586 -2.030702 -65.965981
v 84.945869 -2.126626 -58.495819
v 90.388336 3.730546 -62.395710
v 87.753853 3.585832 -67.119919
v 86.183395 7.901225 -64.610123
v 85.023979 7.835342 -61.104614
v 88.095268 8.550244 -63.228634
v 90.155777 8.666729 -64.491890
v 90.382957 3.633525 -65.947990
v 84.893814 3.280874 -68.636353
v 86.146690 3.291952 -33.381802
v 99.196762 5.982933 -36.575211
v 104.410530 9.401546 -41.678211
v 100.763519 10.360631 -37.916275
v 94.783936 -1.314712 -45.449097
v 106.516151 7.136024 -39.490120
v 109.223175 -1.452427 -33.467213
v 99.244415 -1.060457 -36.561790
v 104.382225 -4.074599 -39.558563
v 109.390671 6.373292 -39.400551
v 102.917923 2.973834 -37.926006
v 94.825806 6.600371 -41.709282
v 100.747726 -5.101388 -45.377598
v 106.542671 -2.043451 44.823242
v 91.661133 -0.987165 47.649784
v 88.526459 -5.435638 54.945847
v 90.622604 -7.093847 51.482296
v 85.190872 -7.381234 54.379311
v 82.209579 -10.173701 56.003315
v 87.559471 -8.793419 57.093704
v 84.738716 -10.237035 57.093704
v 84.738716 -10.237035 56.020599
v 83.405334 -8.292729 50.247467
v 90.862587 8.125978 57.749260
v 89.817703 9.371504 57.939835
v 90.428787 -5.785717 62.025246
v 87.811905 -5.645521 65.167023
v 85.255905 -5.514545 65.167023
v 85.255905 -5.514545 65.965988
v 84.945862 -2.126627 45.159622
v 91.720398 6.142797 64.652016
v 90.473099 -1.996760 68.742905
v 86.278763 -2.223360 62.493191
v 87.738586 -2.030699 65.965988
v 84.945862 -2.126627 65.947998
v 84.893814 3.280873 65.965988
v 84.945862 -2.126627 61.104614
v 88.095253 8.550242 64.610107
v 85.023979 7.835345 64.610107
v 85.023979 7.835345 37.925999
v 94.825806 6.600381 33.381798
v 99.196762 5.982939 51.359985
v 101.478943 6.729949 51.136555
v 101.688423 -2.043501 36.575214
v 104.410553 9.401545 33.381798
v 99.196762 5.982939 33.467216
v 99.244415 -1.060453 36.561798
v 104.382217 -4.074603 39.490116
v 109.223175 -1.452432 39.558563
v 109.390671 6.373286 45.159622
v 91.720398 6.142797 48.282219
v 96.686813 9.200103 47.983894
v 96.618416 -4.837688 44.823242
v 91.661133 -0.987165 45.159622
v 91.720398 6.142797 -44.823238
v 91.661133 -0.987182 -47.649792
v 88.526459 -5.435638 -54.945847
v 90.622612 -7.093839 -51.482307
v 85.190872 -7.381235 -54.379314
v 82.209579 -10.173704 -56.003311
v 87.559479 -8.793417 -57.093700
v 84.738716 -10.237028 -57.093700
v 84.738716 -10.237028 -56.020599
v 83.405342 -8.292738 -50.247482
v 90.862564 8.125968 -57.749290
v 89.817688 9.371496 -57.939827
v 90.428810 -5.785719 -62.025242
v 87.811905 -5.645524 -65.167038
v 85.255913 -5.514541 -65.167038
v 85.255913 -5.514541 -65.965981
v 84.945869 -2.126626 -45.159626
v 91.720398 6.142782 -64.652031
v 90.473099 -1.996762 -68.742912
v 86.278763 -2.223359 -62.493195
v 87.738586 -2.030702 -65.965981
v 84.945869 -2.126626 -65.947990
v 84.893814 3.280874 -65.965981
v 84.945869 -2.126626 -61.104614
v 88.095268 8.550244 -64.610123
v 85.023979 7.835342 -64.610123
v 85.023979 7.835342 -33.381802
v 99.196762 5.982933 -37.926006
v 94.825806 6.600371 -51.136543
v 101.688454 -2.043487 -51.359989
v 101.478943 6.729960 -36.575211
v 104.410530 9.401546 -33.381802
v 99.196762 5.982933 -33.467213
v 99.244415 -1.060457 -36.561790
v 104.382225 -4.074599 -39.490120
v 109.223175 -1.452427 -39.558563
v 109.390671 6.373292 -48.282215
v 96.686775 9.200102 -45.159626
v 91.720398 6.142782 -44.823238
v 91.661133 -0.987182 -47.983860
v 96.618378 -4.837685 -45.159626
v 91.720398 6.142782 0.321462
v 132.345306 4.140777 4.901312
v 130.179626 -0.949848 3.396433
v 128.285049 -10.898817 8.826903
v 130.881409 -10.157029 2.898208
v 136.340164 -15.715796 16.823450
v 147.624985 -6.031933 3.265890
v 132.082672 -14.110176 9.663255
v 134.408524 -12.494884 6.995922
v 149.893066 -15.368181 13.059678
v 155.426804 -13.487782 16.043697
v 150.924271 -9.327066 16.061079
v 139.324463 -5.468459 7.532221
v 139.234406 -12.689918 13.888018
v 139.554672 -8.668972 13.747058
v 134.830170 -8.190854 12.966802
v 149.743469 -13.488755 13.041542
v 136.917862 4.824724 0.000004
v 137.428940 -17.847818 0.000003
v 135.838211 -16.935705 0.000004
v 142.687561 -15.032296 0.000004
v 139.487274 -15.611995 0.012122
v 156.077454 -17.055145 0.000001
v 127.815758 -11.650360 -0.000001
v 133.326126 6.903275 -5.446923
v 132.345291 4.140779 -2.898202
v 136.340149 -15.715798 -16.823435
v 147.624863 -6.031936 -7.532207
v 139.234390 -12.689921 -3.265885
v 132.082611 -14.110168 -13.002317
v 152.186096 -13.655818 -3.396421
v 128.285004 -10.898816 -13.041542
v 136.917847 4.824724 -16.061075
v 139.324448 -5.468460 -16.500530
v 150.412247 -8.827348 -14.306189
v 138.749619 -8.982759 -7.050679
v 153.659851 -15.625829 -13.747050
v 134.830154 -8.190855 -9.467233
v 134.412674 -12.354832 -4.901309
v 130.179611 -0.949848 -9.091447
v 130.881577 -10.332138 0.000003
v 133.149506 -15.402821 -0.000001
v 133.326126 6.903275 0.000001
v 128.692245 -3.779837 -0.018475
v 157.712189 -22.442844 5.332151
v 156.499420 -22.428984 -0.018480
v 168.108002 -16.443398 11.526729
v 147.075577 -16.526291 12.781295
v 163.569946 -14.600186 16.002111
v 136.578323 -10.658114 22.306684
v 137.947220 -4.886166 16.235392
v 129.398117 -9.239577 19.260773
v 129.962875 -4.054167 18.955618
v 149.701721 -6.759105 -0.018480
v 121.506348 6.248568 12.120179
v 127.012863 8.348023 -0.018485
v 170.889557 30.748362 7.768878
v 168.462189 27.174498 -0.018478
v 157.765289 26.066561 -0.018479
v 148.025284 27.819584 -0.018478
v 136.502228 24.946203 -0.018477
v 128.058517 18.015600 25.367748
v 142.539810 9.207937 15.091343
v 146.878418 25.545809 12.576251
v 157.571838 23.495501 -0.018483
v 176.153885 -1.120018 13.719383
v 170.791794 0.657780 20.561943
v 132.199982 9.216601 14.926534
v 134.521271 21.764935 10.559712
v 123.695808 -6.944583 -0.018481
v 167.234055 1.370556 16.128511
v 153.400314 -3.581434 14.284534
v 133.711517 5.223001 -0.006159
v 142.710892 16.839659 20.464949
v 155.454132 7.143279 13.972748
v 169.734467 20.573845 -5.332147
v 156.499405 -22.428982 -12.781292
v 163.569931 -14.600183 -16.002098
v 136.578293 -10.658107 -22.306665
v 137.947159 -4.886157 -16.235395
v 129.398117 -9.239568 -19.260769
v 129.962814 -4.054156 -11.526728
v 147.075485 -16.526276 -18.955616
v 149.701645 -6.759099 -7.768893
v 168.462158 27.174501 -20.464941
v 155.454102 7.143285 -25.367750
v 142.539764 9.207945 -15.091342
v 146.878403 25.545816 -13.719383
v 170.791718 0.657786 -12.576256
v 157.571762 23.495512 -12.120181
v 127.012871 8.348029 -14.926529
v 134.521255 21.764946 -20.561935
v 132.199951 9.216618 -0.018448
v 125.949020 9.923184 -10.559708
v 123.695816 -6.944579 -14.284535
v 133.711517 5.223002 -15.892246
v 153.400253 -3.478692 -13.972759
v 169.734406 20.573849 -0.006165
v 175.261261 19.098312 5.512754
v 159.555634 -17.302864 -6.176709
v 159.812469 -15.371814 11.299496
v 155.283600 -14.925739 -14.853965
v 143.816620 -10.763525 -12.670235
v 138.392288 -11.193028 -10.802348
v 134.065582 -12.293784 -11.122979
v 139.036972 -14.750209 -11.153180
v 149.216187 -16.194336 -9.115378
v 155.308472 -17.509815 -10.395190
v 149.175049 -16.817265 -10.054444
v 137.449890 -14.113252 -8.458771
v 132.254227 -12.497533 -8.221138
v 137.697815 -17.097023 -7.174350
v 131.296600 -14.128716 -4.798930
v 137.563766 -17.998114 -0.018684
v 150.337265 -21.659004 1.678026
v 155.044388 -20.940493 -1.439634
v 150.157913 -22.442631 -3.622540
v 145.139236 -21.609554 -5.278552
v 141.525574 -20.593096 -0.308980
v 144.456223 -20.958523 3.895676
v 148.479965 -20.497667 0.803830
v 144.272110 -20.228001 6.334480
v 147.319504 -18.340675 5.187992
v 143.955231 -16.751862 7.971009
v 147.197113 -16.574316 10.137310
v 150.868698 -16.248569 -0.713429
v 142.549957 -19.659769 3.488282
v 149.135513 -20.368179 -1.161373
v 149.856354 -20.542078 -2.405293
v 142.866318 -19.664503 -3.923290
v 137.343079 -18.125235 16.680662
v 146.332062 -6.826971 16.392210
v 139.479279 -7.803493 14.002704
v 132.963150 -10.097213 14.118219
v 140.175873 -10.786814 15.425090
v 149.673462 -10.671376 -14.385254
v 140.976624 -10.786526 -16.935488
v 140.280075 -7.359174 -14.032578
v 133.842453 -9.204780 -17.223921
v 147.132843 -6.382661 -13.808771
v 150.646255 -9.754838 18.362566
v 163.122940 3.900530 -18.362564
v 163.122864 3.900540 13.972748
v 169.734467 20.573845 5.332151
v 156.499420 -22.428984 -0.018475
v 157.712189 -22.442844 11.526729
v 147.075577 -16.526291 10.559712
v 123.695808 -6.944583 -0.018480
v 121.506348 6.248568 16.235392
v 129.398117 -9.239577 16.002111
v 136.578323 -10.658114 -0.018475
v 157.712189 -22.442844 -0.018480
v 168.108002 -16.443398 -0.018483
v 176.153885 -1.120018 -0.006165
v 175.261261 19.098312 -0.018478
v 157.765289 26.066561 -0.018479
v 148.025284 27.819584 -0.018478
v 136.502228 24.946203 -0.018477
v 128.058517 18.015600 -5.332147
v 156.499405 -22.428982 -0.018481
v 167.234055 1.370556 -0.018475
v 157.712189 -22.442844 -11.526728
v 147.075485 -16.526276 -10.559708
v 123.695816 -6.944579 -0.018448
v 125.949020 9.923184 -0.006159
v 142.710892 16.839659 -0.018480
v 121.506348 6.248568 -16.235395
v 129.398117 -9.239568 -16.002098
v 136.578293 -10.658107 14.118219
v 140.175873 -10.786814 0.835054
v 123.444344 -0.287942 5.644121
v 126.082344 5.144199 5.446850
v 132.341354 4.085728 4.901244
v 130.176346 -1.004888 -0.000001
v 133.325241 6.889524 -5.519372
v 123.444344 -0.287940 -5.644120
v 126.082344 5.144202 -5.446852
v 132.341354 4.085726 -4.901240
v 130.176346 -1.004891 -0.000001
v 122.305351 -2.804048 -0.000001
v 126.877350 8.181252 0.000001
v 128.692245 -3.779837 -5.428858
v 130.023438 6.984061 -4.865013
v 135.595276 10.628307 -10.787613
v 136.496567 6.864404 -8.309309
v 129.984924 4.307365 -5.979716
v 126.398033 3.097744 6.772419
v 131.472946 6.633219 6.906456
v 135.832230 8.798737 9.321221
v 131.921066 4.937428 10.768099
v 136.257278 6.756118 6.484949
v 128.144897 3.934888 -9.308027
v 136.864685 9.300436 -8.984803
v 132.052505 6.232342 -11.514913
v 131.436249 4.088250 -13.218673
v 135.621063 3.968786 -8.657448
v 128.438522 0.280025 10.096448
v 137.068573 7.635066 9.759924
v 132.233856 6.245802 11.999537
v 131.574341 4.192442 13.559899
v 135.757645 3.377673 9.519460
v 128.766846 1.271705 3.255729
v 131.643204 8.292993 2.862986
v 137.056854 10.958670 6.787567
v 132.199692 5.946919 8.337014
v 137.584732 6.928350 3.598740
v 127.510139 4.940549 -1.154453
v 130.023438 10.001934 -0.590607
v 135.595276 12.818774 -6.200657
v 135.151596 9.054867 -4.034906
v 129.984894 7.325239 -1.705312
v 126.398033 6.567030 14.012573
v 122.201675 -0.266252 17.149586
v 121.549896 -0.578419 17.648676
v 121.818031 8.727872 -0.000000
v 114.906700 -8.785611 0.000000
v 104.287621 -11.123182 -0.000000
v 95.867676 -11.086306 5.491745
v 95.866737 -10.291220 0.000000
v 89.803940 -11.299959 5.375004
v 89.818550 -10.720832 1.792712
v 84.017418 -12.695588 9.791374
v 104.655983 -9.494435 10.783336
v 116.125465 -7.483306 13.433990
v 115.254448 -5.187765 11.916772
v 89.738403 -5.011855 9.963378
v 84.101082 -10.958781 9.687407
v 103.171700 13.050918 -0.000001
v 103.108528 13.569440 7.864630
v 90.201904 11.154187 -0.000002
v 90.204231 12.746637 5.791093
v 85.258713 15.410557 9.820181
v 112.919724 13.698352 14.549843
v 108.400360 -1.361292 15.190375
v 114.541924 -4.071708 15.510657
v 114.786812 12.034196 12.751841
v 104.428459 -4.918463 15.377392
v 97.015045 4.364093 11.553960
v 95.867416 -4.769005 13.689622
v 95.864548 3.419046 14.039440
v 89.820740 3.530852 16.074131
v 84.282745 -3.899845 17.179096
v 84.514709 3.751926 12.138249
v 85.154343 11.740010 7.732331
v 95.753151 10.888946 -0.000001
v 95.661652 12.514725 14.867450
v 108.855728 8.511969 13.208303
v 76.953392 -11.590958 6.664368
v 78.721481 17.844437 -0.000003
v 78.813881 19.391161 19.420841
v 77.475731 -4.023101 20.703526
v 77.914009 4.275842 15.031874
v 78.504044 13.322453 19.068790
v 60.395809 -12.612305 10.056010
v 61.153961 23.041948 -0.000003
v 61.149895 26.176147 25.271585
v 60.345711 -4.464904 27.218912
v 60.545715 4.774723 21.061535
v 60.915749 16.145844 13.977859
v 46.088058 -18.751366 22.670908
v 46.951748 -13.439936 12.503270
v 47.668594 26.422487 0.000001
v 47.804268 30.394171 28.976021
v 47.108784 -4.898448 31.329292
v 47.289181 5.066428 24.729383
v 47.516056 18.136013 18.757496
v 25.071396 -21.521189 27.912365
v 25.482025 -15.083159 16.791302
v 25.126738 31.826571 34.674675
v 25.916389 -6.093853 36.835579
v 26.197830 5.340652 30.594584
v 26.041285 20.925314 9.908821
v 60.003750 -16.975016 10.152054
v 118.718262 13.403696 14.479318
v 122.449982 8.282105 20.806641
v 106.168777 -0.810747 24.231583
v 111.684021 -4.040741 27.304338
v 102.813179 6.766520 27.545448
v 102.996582 -0.309342 33.548931
v 112.579803 6.641855 30.584291
v 107.929642 -3.190575 33.341621
v 112.380440 -0.674977 29.588842
v 108.391975 9.867370 30.892654
v 101.281128 6.299138 36.380566
v 110.423859 6.689366 35.045631
v 105.129097 10.084951 31.988556
v 106.961327 10.024674 36.222740
v 110.172302 -0.839138 33.510059
v 106.062981 -3.459718 31.021269
v 101.415871 -0.447507 34.689877
v 99.238274 -0.520410 37.354141
v 103.656685 -3.431819 40.105343
v 107.847908 -1.001893 40.208565
v 107.809952 6.192039 37.282051
v 103.637177 8.871840 34.665150
v 99.237976 5.792481 22.312468
v 118.606300 -0.244731 20.185452
v 113.020325 11.424883 18.083305
v 107.984467 7.592332 18.422945
v 107.764229 -0.865828 20.322258
v 113.360756 -3.559434 26.981064
v 116.136787 -0.396076 23.720741
v 111.487999 10.979712 20.460867
v 106.349953 7.649068 22.903486
v 118.755669 8.256290 26.921980
v 116.666100 8.053488 -0.000000
v 97.577293 -13.105897 6.230096
v 97.406685 -11.967208 11.661409
v 97.204582 -9.625679 13.936341
v 96.909889 -3.917986 11.165722
v 97.180038 12.518869 5.314877
v 96.682617 15.010983 -0.000001
v 97.129532 15.319888 13.369968
v 103.779160 4.486411 16.408340
v 36.211288 -20.035521 25.148922
v 37.090149 -14.039163 31.628332
v 37.091228 -5.572392 34.003418
v 37.092793 5.199603 27.589109
v 37.088570 19.737078 14.594521
v 37.089199 29.283550 4.199760
v 76.651482 -14.038700 -0.000092
v 85.279831 16.032040 0.000000
v 24.784101 36.468548 -0.000001
v 112.480728 15.018840 -0.000002
v 118.949226 14.396031 0.000004
v 37.087791 33.240189 -14.012563
v 122.209045 -0.254460 -17.149586
v 121.549896 -0.578425 -17.648678
v 121.818054 8.727875 -5.491738
v 95.866730 -10.291220 -5.375004
v 89.818550 -10.720834 -1.792716
v 84.017433 -12.695638 -9.791370
v 104.655983 -9.494436 -10.783329
v 116.125465 -7.483303 -13.433981
v 115.254448 -5.187763 -11.553955
v 95.783653 -4.769006 -9.963384
v 84.101074 -10.958776 -9.820180
v 112.919724 13.698350 -5.791102
v 85.258698 15.410549 -10.152057
v 118.718262 13.403692 -14.549840
v 108.400360 -1.361297 -15.190368
v 114.541931 -4.071704 -15.510664
v 114.786842 12.034190 -15.377388
v 97.015045 4.364093 -13.689617
v 95.864555 3.419039 -7.732331
v 95.753159 10.888945 -11.916771
v 89.738403 -5.011859 -14.039445
v 89.820740 3.530850 -7.864632
v 90.201912 11.154184 -16.074135
v 84.282745 -3.899838 -17.179098
v 84.514709 3.751924 -12.138248
v 85.154343 11.740018 -14.867445
v 108.855728 8.511974 -13.208308
v 76.953384 -11.590957 -6.664371
v 78.721474 17.844433 -19.420847
v 77.475731 -4.023104 -20.703526
v 77.913986 4.275844 -15.031878
v 78.504036 13.322451 -9.908831
v 60.003761 -16.975010 -13.977872
v 46.088081 -18.751335 -22.670918
v 46.951771 -13.439925 -12.503269
v 47.668564 26.422485 -28.976038
v 47.108788 -4.898437 -31.329306
v 47.289188 5.066432 -24.729408
v 47.516060 18.136019 -18.757507
v 25.071419 -21.521173 -27.912384
v 25.482037 -15.083140 -16.791300
v 25.126707 31.826576 -34.674683
v 25.916397 -6.093840 -36.835602
v 26.197823 5.340664 -30.594589
v 26.041248 20.925314 -19.068808
v 60.395840 -12.612296 -25.271589
v 60.345695 -4.464898 -27.218927
v 60.545712 4.774747 -10.056015
v 61.153934 23.041943 -21.061550
v 60.915722 16.145847 -14.479320
v 122.449997 8.282107 -20.806646
v 106.168716 -0.810668 -24.231586
v 111.683914 -4.040746 -27.304335
v 102.813232 6.766582 -27.545448
v 102.996513 -0.309277 -33.548935
v 112.579865 6.641799 -30.584297
v 107.929565 -3.190580 -33.341618
v 112.380386 -0.675048 -29.588846
v 108.392029 9.867363 -30.892658
v 101.281158 6.299166 -36.380577
v 110.423904 6.689323 -35.045620
v 105.129173 10.084947 -31.988552
v 106.961380 10.024670 -36.222733
v 110.172264 -0.839174 -33.510056
v 106.062927 -3.459716 -31.021263
v 101.415840 -0.447473 -34.689884
v 99.238274 -0.520413 -37.354118
v 103.656685 -3.431818 -40.105347
v 107.847908 -1.001884 -40.208557
v 107.809944 6.192042 -37.282043
v 103.637138 8.871842 -34.665154
v 99.237976 5.792475 -22.312464
v 118.606247 -0.244802 -20.185450
v 113.020416 11.424889 -18.083305
v 107.984535 7.592402 -18.422949
v 107.764168 -0.865750 -20.322243
v 113.360626 -3.559433 -26.981060
v 116.136726 -0.396149 -23.720741
v 111.488083 10.979711 -20.460869
v 106.350029 7.649141 -22.903484
v 118.755737 8.256223 -26.921982
v 116.666161 8.053424 -6.230094
v 97.406685 -11.967207 -11.661407
v 97.204590 -9.625684 -13.936343
v 96.909897 -3.917984 -11.165725
v 97.180038 12.518867 -5.314877
v 96.682602 15.010977 -12.753342
v 104.428459 -4.918467 -13.442966
v 103.779160 4.486410 -9.687387
v 103.171692 13.050918 -16.408344
v 36.211319 -20.035496 -25.148933
v 37.090168 -14.039143 -31.628349
v 37.091232 -5.572378 -34.003426
v 37.092796 5.199612 -27.589109
v 37.088558 19.737091 -14.594521
v 37.089153 29.283545 -4.199766
v 76.651497 -14.038705 14.549843
v 108.400360 -1.361292 0.000000
v 81.136940 -9.663352 0.000001
v 75.609863 -7.111925 -0.000003
v 76.358444 7.006253 -0.000000
v 89.836159 -8.910423 -0.000002
v 80.929787 12.054605 0.000000
v 74.867348 0.659290 7.529552
v 81.216965 -8.696177 14.368609
v 80.824890 4.759041 12.732927
v 81.536919 -6.073654 8.890374
v 81.078491 11.431703 8.516725
v 22.195517 0.660584 9.783151
v 22.195257 10.548210 19.936981
v 22.197420 1.245831 17.201241
v 22.196968 10.735608 1.371537
v 74.713745 0.715347 2.426622
v 75.700264 -6.607226 17.765011
v 65.946632 2.946152 9.690073
v 65.921516 -9.506131 3.904541
v 65.595398 -6.273651 2.445710
v 65.339203 1.587737 10.413551
v 77.740662 9.590467 15.691991
v 66.057426 -6.129103 5.815904
v 53.251064 -5.515377 4.802071
v 48.942760 2.337634 7.105936
v 50.225060 9.160014 13.619943
v 50.516548 8.973987 15.854493
v 54.148682 -5.018221 17.827040
v 50.267365 2.996645 4.994214
v 65.696655 9.777415 12.619281
v 65.947136 9.630842 11.408537
v 50.167545 -7.595935 6.158810
v 49.679871 -5.242716 16.123039
v 50.865143 -4.790630 11.768841
v 46.509544 -6.410505 16.484745
v 47.578648 -3.579266 6.905782
v 46.750160 -4.350485 20.219343
v 39.218552 4.019958 15.545641
v 39.541851 10.935139 7.938657
v 39.182247 11.214739 4.905802
v 37.598553 3.546701 3.144578
v 74.806458 9.393085 10.972447
v 54.116070 -7.906889 17.640739
v 53.050049 2.939450 13.286443
v 52.751556 8.932136 6.888624
v 52.317955 9.095485 4.385444
v 51.969448 2.320642 14.499232
v 22.196560 -4.422443 8.044981
v 77.982353 -8.886035 13.345047
v 80.010963 -6.079218 0.021279
v 78.013550 11.236303 12.119678
v 89.835800 2.872424 10.207209
v 89.837532 -5.635546 5.500111
v 89.836533 -8.028076 7.015573
v 89.835892 10.334628 -0.000000
v 89.835205 10.902903 -7.529555
v 81.216949 -8.696181 -14.368609
v 80.824890 4.759037 -12.732925
v 81.536919 -6.073658 -8.890372
v 81.078491 11.431702 -8.516727
v 22.195498 0.660582 -9.783148
v 22.195269 10.548207 -19.936987
v 22.197418 1.245830 -17.201239
v 22.196991 10.735604 -1.371536
v 74.713745 0.715368 -2.426623
v 75.700279 -6.607226 -17.765009
v 65.946632 2.946159 -9.690072
v 65.921516 -9.506132 -3.904538
v 65.595436 -6.273658 -2.445712
v 65.339203 1.587748 -10.413548
v 77.740646 9.590462 -15.691993
v 66.057419 -6.129108 -5.815908
v 53.251064 -5.515385 -4.802076
v 48.942734 2.337646 -7.105935
v 50.225048 9.160014 -13.619943
v 50.516560 8.973983 -15.854496
v 54.148674 -5.018221 -17.827040
v 50.267387 2.996646 -4.994214
v 65.696655 9.777415 -12.619281
v 65.947128 9.630842 -11.408540
v 50.167534 -7.595937 -6.158810
v 49.679836 -5.242719 -16.123039
v 50.865150 -4.790633 -11.768847
v 46.509541 -6.410509 -16.484743
v 47.578663 -3.579266 -6.905787
v 46.750134 -4.350488 -20.219334
v 39.218590 4.019961 -15.545640
v 39.541901 10.935138 -7.938659
v 39.182281 11.214742 -4.905805
v 37.598537 3.546715 -3.144578
v 74.806458 9.393085 -10.972445
v 54.116074 -7.906888 -17.640739
v 53.050095 2.939456 -13.286445
v 52.751568 8.932133 -6.888625
v 52.317936 9.095486 -4.385443
v 51.969452 2.320644 -14.499236
v 22.196531 -4.422443 -8.044984
v 77.982353 -8.886035 -13.345045
v 80.010963 -6.079221 -0.021290
v 78.013550 11.236301 -12.119678
v 89.835800 2.872423 -10.207207
v 89.837532 -5.635546 -5.500111
v 89.836533 -8.028075 -7.015572
v 89.835899 10.334629 -0.018481
v 123.276131 2.938604 12.898190
v 131.163605 19.307140 21.482321
v 131.769363 12.417873 20.933420
v 129.586685 -5.586046 11.648620
v 126.303421 -13.758422 18.976025
v 117.811272 9.087667 19.614294
v 115.973015 -2.214350 10.498355
v 114.065056 -6.355366 -0.018480
v 125.502777 19.216568 13.259850
v 125.898216 16.688473 18.925856
v 126.647034 10.990759 18.912371
v 124.770309 -3.760458 -0.018480
v 120.696259 21.348928 14.669154
v 121.288162 18.808832 20.261938
v 122.354248 11.906191 20.997196
v 120.908211 -5.144060 11.502049
v 118.320793 -13.143131 -0.018478
v 120.267258 -13.697551 -0.018483
v 116.985840 -15.853265 -0.018480
v 112.652931 -8.410614 -0.018480
v 130.768387 20.912548 -12.898198
v 131.163559 19.307142 -20.933414
v 129.586624 -5.586051 -0.018479
v 115.869247 14.876894 -18.976023
v 117.811272 9.087667 -19.614290
v 115.972969 -2.214360 -13.259851
v 125.898216 16.688469 -18.925854
v 126.647049 10.990756 -18.912371
v 124.770248 -3.760466 -9.973254
v 121.594269 -11.480818 -14.669154
v 121.288177 18.808832 -20.261932
v 122.354263 11.906190 -20.997196
v 120.908211 -5.144061 -0.018469
v 124.794647 -16.551113 11.568444
v 116.205185 12.915063 9.973256
v 121.594269 -11.480819 -21.482325
v 131.769363 12.417875 -11.648608
v 126.303391 -13.758413 -11.568442
v 116.205185 12.915066 -10.498342
v 114.065056 -6.355365 -11.502039
v 118.320801 -13.143136 -8.984803
v 132.052505 6.232342 9.759924
v 132.233856 6.245802 3.255729
v 131.643204 8.292993 17.648676
v 121.818031 8.727872 15.377392
v 97.015045 4.364093 13.689622
v 95.864548 3.419046 14.039440
v 89.820740 3.530852 17.179096
v 84.514709 3.751926 20.703526
v 77.914009 4.275842 27.218912
v 60.545715 4.774723 31.329292
v 47.289181 5.066428 34.003418
v 37.092793 5.199603 14.479318
v 122.449982 8.282105 20.460867
v 106.349953 7.649068 27.304338
v 102.813179 6.766520 30.892654
v 101.281128 6.299138 34.665150
v 99.237976 5.792481 17.648676
v 121.818031 8.727872 17.149586
v 121.549896 -0.578419 15.510657
v 114.786812 12.034196 14.549843
v 108.400360 -1.361292 14.867450
v 108.855728 8.511969 15.190375
v 114.541924 -4.071708 14.867450
v 108.855728 8.511969 18.083305
v 107.984467 7.592332 13.369968
v 103.779160 4.486411 36.835579
v 26.197830 5.340652 -0.000000
v 97.577293 -13.105897 0.000000
v 104.287621 -11.123182 -0.000000
v 95.867676 -11.086306 0.000000
v 89.803940 -11.299959 -0.000000
v 114.906700 -8.785611 -0.000092
v 85.279831 16.032040 -0.000002
v 90.204231 12.746637 -17.648678
v 121.818054 8.727875 -13.689617
v 95.864555 3.419039 -15.377388
v 97.015045 4.364093 -14.039445
v 89.820740 3.530850 -17.179098
v 84.514709 3.751924 -0.000001
v 103.108528 13.569440 -0.000001
v 95.661652 12.514725 -14.549840
v 108.400360 -1.361297 -0.000003
v 78.813881 19.391161 -20.703526
v 77.913986 4.275844 0.000001
v 47.804268 30.394171 -0.000003
v 61.149895 26.176147 -31.329306
v 47.289188 5.066432 -27.218927
v 60.545712 4.774747 0.000004
v 37.087791 33.240189 -34.003426
v 37.092796 5.199612 -0.000001
v 112.480728 15.018840 -0.000002
v 118.949226 14.396031 -14.479320
v 122.449997 8.282107 -20.460869
v 106.350029 7.649141 -27.304335
v 102.813232 6.766582 -30.892658
v 101.281158 6.299166 -34.665154
v 99.237976 5.792475 -17.648678
v 121.818054 8.727875 -17.149586
v 121.549896 -0.578425 -15.510664
v 114.786842 12.034190 -14.549840
v 108.400360 -1.361297 -14.867445
v 108.855728 8.511974 -15.190368
v 114.541931 -4.071704 -18.083305
v 107.984535 7.592402 -14.867445
v 108.855728 8.511974 -0.000001
v 97.129532 15.319888 -13.442966
v 103.779160 4.486410 -36.835602
v 26.197823 5.340664 0.000000
v 24.784101 36.468548 14.549843
v 108.400360 -1.361292 1.371537
v 74.713745 0.715347 4.385444
v 51.969448 2.320642 4.802071
v 48.942760 2.337634 4.905802
v 37.598553 3.546701 2.445710
v 65.339203 1.587737 8.516725
v 22.195517 0.660584 0.000000
v 74.867348 0.659290 -0.000002
v 80.929787 12.054605 0.000000
v 74.867348 0.659290 -0.000003
v 76.358444 7.006253 -1.371536
v 74.713745 0.715368 -4.385443
v 51.969452 2.320644 -4.802076
v 48.942734 2.337646 -4.905805
v 37.598537 3.546715 -2.445712
v 65.339203 1.587748 -8.516727
v 22.195498 0.660582 0.000001
v 75.609863 -7.111925 0.000000
v 74.867348 0.659290 0.000000
v 81.136940 -9.663352 -0.000002
v 80.929787 12.054605 -0.000000
v 89.836159 -8.910423 -0.000000
v 89.835205 10.902903 -0.000002
v 80.929787 12.054605 18.925856
v 126.647034 10.990759 20.261938
v 122.354248 11.906191 12.898190
v 131.163605 19.307140 -0.018480
v 130.768387 20.912548 21.482321
v 131.769363 12.417873 20.933420
v 129.586685 -5.586046 21.482321
v 131.769363 12.417873 11.648620
v 126.303421 -13.758422 18.976025
v 117.811272 9.087667 -0.018469
v 124.794647 -16.551113 -0.018481
v 123.276131 2.938604 -0.018480
v 130.768387 20.912548 -0.018480
v 125.502777 19.216568 -0.018480
v 120.696259 21.348928 -18.925854
v 126.647049 10.990756 -20.261932
v 122.354263 11.906190 -12.898198
v 131.163559 19.307142 -0.018480
v 130.768387 20.912548 -21.482325
v 131.769363 12.417875 -20.933414
v 129.586624 -5.586051 -21.482325
v 131.769363 12.417875 -11.648608
v 126.303391 -13.758413 -0.018479
v 115.869247 14.876894 -18.976023
v 117.811272 9.087667 -0.018469
v 124.794647 -16.551113 -0.018469
v 124.794647 -16.551113 -0.018478
v 120.267258 -13.697551 -0.018483
v 116.985840 -15.853265 -0.018480
v 112.652931 -8.410614 0.008119
v 20.538389 -33.699593 -30.955881
v 20.538389 -33.699600 -33.665783
v 20.538389 -30.938553 33.665787
v 20.538395 33.699589 30.955881
v 20.538395 33.699596 33.665783
v 20.538393 30.938549 33.665615
v 120.157784 -33.699768 30.955709
v 120.157784 -33.699760 33.665623
v 120.157784 -30.938730 0.000000
v 106.222542 -81.697189 -30.840681
v 99.326553 -81.697182 -44.221283
v 91.601143 -77.587761 -48.202744
v 98.497185 -77.587761 -37.795460
v 103.589272 -66.314522 -34.607788
v 98.068077 -66.314522 -45.281223
v 91.905861 -71.471672 -48.468807
v 97.426834 -71.471649 -44.330784
v 99.260445 -57.586803 -41.624325
v 94.572739 -57.586811 -48.031555
v 90.873474 -67.294144 -50.737957
v 95.561050 -67.294128 -55.762444
v 92.339958 -54.637798 -53.334141
v 88.133713 -54.637772 -52.490192
v 88.620934 -65.846840 -54.917965
v 92.825874 -65.846832 -52.317402
v 91.524193 -55.092728 -55.980572
v 92.212837 -22.301710 -53.552662
v 88.007568 -22.301714 -52.106884
v 91.645760 -29.793497 -52.189991
v 91.597824 -17.573883 -50.638016
v 92.493813 -22.344664 -78.855446
v 80.800407 -81.253853 -74.873779
v 73.903862 -81.253838 -63.534389
v 80.450607 -78.072937 -67.515587
v 87.346008 -78.072914 -76.539795
v 81.220375 -68.236946 -73.352066
v 75.699028 -68.236946 -63.667988
v 81.290192 -73.385658 -66.855789
v 86.811729 -73.385651 -70.381493
v 84.220146 -59.270184 -67.674988
v 79.532326 -59.270191 -61.101059
v 83.327835 -67.921204 -63.807732
v 88.016060 -67.921227 -59.048790
v 90.441872 -54.637775 -56.620716
v 86.236198 -54.637764 -57.464668
v 85.748978 -65.846848 -59.892632
v 89.954391 -65.846840 -60.065350
v 87.050964 -55.092724 -58.830120
v 90.567635 -22.301702 -56.402214
v 86.362381 -22.301706 -60.275867
v 86.929390 -29.793484 -60.192806
v 86.977402 -17.573872 -61.744728
v 86.081345 -22.344654 -56.173920
v 89.257362 100.635551 -53.592686
v 90.747559 94.093147 -57.664173
v 91.838562 94.093147 -58.755146
v 87.767143 94.093147 -54.683651
v 86.676132 94.093140 -54.887295
v 90.000175 91.714981 -56.916737
v 90.543953 91.714966 -57.460533
v 88.514526 91.714943 -55.431103
v 87.970772 91.714981 -54.887291
v 90.000137 -12.847165 -56.916733
v 90.543930 -12.847168 -57.460526
v 88.514481 -12.847165 -55.431080
v 87.970695 -12.847165 -53.966141
v 90.531975 -14.597219 -57.448559
v 91.465080 -14.597227 -58.381676
v 87.982666 -14.597224 -54.899254
v 87.049553 -14.597221 -53.966152
v 90.531990 -51.002529 -57.448910
v 91.465935 -51.002548 -58.381687
v 87.982681 -51.002525 -54.899261
v 87.049561 -51.002525 -56.173920
v 89.257339 -58.825371 -56.579666
v 92.735184 -117.699448 -38.893417
v 100.830536 -102.003876 -55.373837
v 90.360634 -97.413391 -56.575001
v 92.647591 -97.239380 -38.200947
v 101.627083 -84.871376 -36.749348
v 98.863274 -85.081596 -47.523914
v 92.658287 -81.451103 -49.225971
v 95.899017 -81.204620 -40.120193
v 95.245552 -73.175697 -42.372818
v 99.534615 -72.849503 -34.492599
v 104.249603 -80.425583 -32.239937
v 99.960434 -80.751793 -59.313656
v 87.485527 -103.128716 -59.313488
v 87.485123 -88.357750 -68.851227
v 83.473907 -95.775154 -67.556274
v 81.230949 -95.775185 -73.613533
v 81.347313 -87.700439 -71.779022
v 78.169823 -87.700439 -66.740822
v 83.269188 -81.882019 -68.305817
v 85.980026 -81.882042 -75.520775
v 80.931427 -79.061569 -73.092812
v 76.726036 -79.061569 -65.354507
v 81.193741 -77.105721 -67.782509
v 85.399231 -77.105728 -52.353649
v 91.461983 -51.051155 -53.525078
v 93.485863 -45.944855 -54.394833
v 90.283501 -45.945320 -51.175171
v 89.420776 -45.945320 -50.312473
v 92.640465 -45.945320 -52.353638
v 91.461952 -32.157841 -59.993324
v 87.051208 -51.051155 -61.171806
v 89.092407 -45.945324 -57.952141
v 88.229691 -45.945316 -58.814835
v 85.010010 -45.945316 -62.034496
v 85.872704 -45.945316 -59.993313
v 87.051186 -32.157837 -34.822117
v 106.222542 -81.697189 -44.221283
v 91.601143 -77.587761 -48.202744
v 98.497185 -77.587761 -30.840681
v 99.326553 -81.697182 -53.334141
v 88.133713 -54.637772 -55.762444
v 92.339958 -54.637798 -52.317402
v 91.524193 -55.092728 -52.189991
v 91.597824 -17.573883 -78.855446
v 80.800407 -81.253853 -67.515587
v 87.346008 -78.072914 -63.534389
v 80.450607 -78.072937 -74.873779
v 73.903862 -81.253838 -56.620716
v 86.236198 -54.637764 -59.048790
v 90.441872 -54.637775 -60.065350
v 87.050964 -55.092724 -60.192806
v 86.977402 -17.573872 -54.887295
v 90.000175 91.714981 -56.916737
v 90.543953 91.714966 -57.460533
v 88.514526 91.714943 -55.431103
v 87.970772 91.714981 -54.887291
v 90.000137 -12.847165 -56.916733
v 90.543930 -12.847168 -57.460526
v 88.514481 -12.847165 -55.431080
v 87.970695 -12.847165 0.313855

vt 0.431804 0.067385
vt 0.428601 0.111506
vt 0.428621 0.111027
vt 0.428599 0.171706
vt 0.432019 0.067413
vt 0.428614 0.214862
vt 0.448324 0.239140
vt 0.311378 0.244051
vt 0.350582 0.282983
vt 0.375482 0.243351
vt 0.410070 0.244529
vt 0.351050 0.092895
vt 0.362330 0.052123
vt 0.365105 0.239435
vt 0.311321 0.079005
vt 0.278894 0.048325
vt 0.279988 0.153377
vt 0.339515 0.048282
vt 0.279997 0.051772
vt 0.365158 0.079303
vt 0.278910 0.091728
vt 0.362193 0.153330
vt 0.339582 0.319716
vt 0.445490 0.359245
vt 0.444903 0.316399
vt 0.426229 0.364601
vt 0.427071 0.319550
vt 0.379062 0.121987
vt 0.278910 0.201378
vt 0.381849 0.200925
vt 0.381583 0.316383
vt 0.220487 0.358724
vt 0.204547 0.352014
vt 0.240687 0.283960
vt 0.197211 0.302015
vt 0.181435 0.318146
vt 0.324301 0.122119
vt 0.307134 0.280431
vt 0.264703 0.164846
vt 0.142277 0.274981
vt 0.233512 0.017453
vt 0.279992 0.016048
vt 0.365134 0.022103
vt 0.428607 0.336589
vt 0.176558 0.215315
vt 0.086766 0.078074
vt 0.077593 0.351629
vt 0.076676 0.312193
vt 0.082275 0.166488
vt 0.083832 0.120689
vt 0.079581 0.267118
vt 0.086805 0.396092
vt 0.065912 0.283168
vt 0.280329 0.274340
vt 0.323823 0.275893
vt 0.323009 0.328566
vt 0.461807 0.171877
vt 0.431804 0.067385
vt 0.428601 0.111506
vt 0.428621 0.111027
vt 0.428599 0.171706
vt 0.432019 0.067413
vt 0.428614 0.214862
vt 0.448324 0.239140
vt 0.311378 0.244051
vt 0.350582 0.282983
vt 0.375482 0.243351
vt 0.410070 0.244529
vt 0.351050 0.092895
vt 0.362330 0.052123
vt 0.365105 0.239435
vt 0.311321 0.079005
vt 0.278894 0.048325
vt 0.279988 0.153377
vt 0.339515 0.048282
vt 0.279997 0.051772
vt 0.365158 0.079303
vt 0.278910 0.091728
vt 0.362193 0.153330
vt 0.339582 0.359245
vt 0.444903 0.319716
vt 0.445490 0.364601
vt 0.427071 0.316399
vt 0.426229 0.319550
vt 0.379062 0.121987
vt 0.278910 0.201378
vt 0.381849 0.200925
vt 0.381583 0.316383
vt 0.220487 0.358724
vt 0.204547 0.352014
vt 0.240687 0.283960
vt 0.197211 0.302015
vt 0.181435 0.318146
vt 0.324301 0.122119
vt 0.307134 0.280431
vt 0.264703 0.164846
vt 0.142277 0.274981
vt 0.233512 0.017453
vt 0.279992 0.016048
vt 0.365134 0.022103
vt 0.428607 0.336589
vt 0.176558 0.215315
vt 0.086766 0.078074
vt 0.077593 0.351629
vt 0.076676 0.312193
vt 0.082275 0.166488
vt 0.083832 0.120689
vt 0.079581 0.267118
vt 0.086805 0.396092
vt 0.065912 0.283168
vt 0.280329 0.274340
vt 0.323823 0.275893
vt 0.323009 0.350195
vt 0.461913 0.193127
vt 0.313386 0.193252
vt 0.313238 0.193226
vt 0.313242 0.156586
vt 0.284269 0.316399
vt 0.426229 0.316399
vt 0.426229 0.193236
vt 0.313334 0.244607
vt 0.270079 0.156657
vt 0.284350 0.156705
vt 0.284377 0.244656
vt 0.270079 0.350195
vt 0.461913 0.361219
vt 0.361026 0.362101
vt 0.380739 0.321062
vt 0.359639 0.331024
vt 0.349387 0.342504
vt 0.349755 0.365708
vt 0.322832 0.365084
vt 0.298717 0.322533
vt 0.297040 0.122142
vt 0.307115 0.122442
vt 0.279315 0.118802
vt 0.140018 0.322311
vt 0.267760 0.075121
vt 0.136492 0.321625
vt 0.404002 0.358866
vt 0.404108 0.215682
vt 0.143631 0.353726
vt 0.350115 0.358892
vt 0.131238 0.398727
vt 0.127037 0.033361
vt 0.136725 0.032125
vt 0.075292 0.272295
vt 0.143524 0.262422
vt 0.031940 0.215459
vt 0.030994 0.166261
vt 0.028190 0.121703
vt 0.025032 0.084094
vt 0.024030 0.044356
vt 0.021078 0.341666
vt 0.023795 0.381320
vt 0.012300 0.306249
vt 0.028098 0.319060
vt 0.139808 0.283969
vt 0.279862 0.244607
vt 0.270079 0.156553
vt 0.284244 0.156587
vt 0.285048 0.244656
vt 0.270079 0.156555
vt 0.284281 0.328566
vt 0.461807 0.361219
vt 0.361026 0.321062
vt 0.359639 0.362101
vt 0.380739 0.331024
vt 0.349387 0.342504
vt 0.349755 0.365708
vt 0.322832 0.365084
vt 0.298717 0.322533
vt 0.297040 0.122142
vt 0.307115 0.122442
vt 0.279315 0.118802
vt 0.140018 0.322311
vt 0.267760 0.075121
vt 0.136492 0.358866
vt 0.404108 0.321625
vt 0.404002 0.215682
vt 0.143631 0.353726
vt 0.350115 0.358892
vt 0.131238 0.398727
vt 0.127037 0.033361
vt 0.136725 0.032125
vt 0.075292 0.272295
vt 0.143524 0.262422
vt 0.031940 0.215459
vt 0.030994 0.166261
vt 0.028190 0.121703
vt 0.025032 0.084094
vt 0.024030 0.044356
vt 0.021078 0.341666
vt 0.023795 0.381320
vt 0.012300 0.306249
vt 0.028098 0.319060
vt 0.139808 0.283969
vt 0.279862 1.000000
vt 0.167115 0.429282
vt 0.350367 0.584646
vt 0.350411 0.464436
vt 0.350426 0.549016
vt 0.350474 0.508177
vt 0.350437 0.594637
vt 0.325426 0.443281
vt 0.288615 0.635704
vt 0.255206 0.548418
vt 0.279171 0.639070
vt 0.285967 0.637022
vt 0.265416 0.662718
vt 0.296075 0.678352
vt 0.268918 0.432361
vt 0.330692 0.647185
vt 0.203371 0.657590
vt 0.239379 0.659772
vt 0.261713 0.651636
vt 0.285762 0.528022
vt 0.280903 0.566147
vt 0.316955 0.542290
vt 0.304969 0.591352
vt 0.271731 0.584570
vt 0.294305 0.473879
vt 0.284643 0.406888
vt 0.328445 0.527298
vt 0.255265 0.544144
vt 0.253968 0.527363
vt 0.227754 0.531809
vt 0.213101 0.422845
vt 0.289862 0.506633
vt 0.281874 0.508738
vt 0.254245 0.511691
vt 0.224993 0.606232
vt 0.225657 0.579346
vt 0.228052 0.515648
vt 0.210265 0.605984
vt 0.193198 0.580831
vt 0.193864 0.431443
vt 0.239717 0.420436
vt 0.244672 0.419795
vt 0.259708 0.433251
vt 0.258314 0.472789
vt 0.252991 0.556024
vt 0.192508 0.469847
vt 0.222501 0.399827
vt 0.458129 0.445254
vt 0.458129 0.442859
vt 0.404162 0.640305
vt 0.404092 0.486638
vt 0.404260 0.541789
vt 0.458129 0.637885
vt 0.458129 0.592058
vt 0.458129 0.487966
vt 0.458129 0.421124
vt 0.189171 0.396296
vt 0.404173 0.593332
vt 0.404111 0.541807
vt 0.404092 0.678538
vt 0.167115 0.429282
vt 0.350367 0.584646
vt 0.350411 0.464436
vt 0.350426 0.549016
vt 0.350474 0.508177
vt 0.350437 0.594637
vt 0.325426 0.443281
vt 0.288615 0.635704
vt 0.255206 0.548418
vt 0.279171 0.639070
vt 0.285967 0.637022
vt 0.265416 0.662718
vt 0.296075 0.678352
vt 0.268918 0.432361
vt 0.330692 0.647185
vt 0.203371 0.657590
vt 0.239379 0.659772
vt 0.261713 0.651636
vt 0.285762 0.528022
vt 0.280903 0.566147
vt 0.316955 0.542290
vt 0.304969 0.591352
vt 0.271731 0.584570
vt 0.294305 0.473879
vt 0.284643 0.406888
vt 0.328445 0.527298
vt 0.255265 0.544144
vt 0.253968 0.527363
vt 0.227754 0.531809
vt 0.213101 0.422845
vt 0.289862 0.506633
vt 0.281874 0.508738
vt 0.254245 0.511691
vt 0.224993 0.606232
vt 0.225657 0.579346
vt 0.228052 0.515648
vt 0.210265 0.605984
vt 0.193198 0.580831
vt 0.193864 0.431443
vt 0.239717 0.420436
vt 0.244672 0.419795
vt 0.259708 0.433251
vt 0.258314 0.472789
vt 0.252991 0.556024
vt 0.192508 0.469847
vt 0.222501 0.399827
vt 0.458129 0.445254
vt 0.458129 0.442859
vt 0.404162 0.640305
vt 0.404092 0.486638
vt 0.404260 0.541789
vt 0.458129 0.637885
vt 0.458129 0.592058
vt 0.458129 0.487966
vt 0.458129 0.421124
vt 0.189171 0.396296
vt 0.404173 0.593332
vt 0.404111 0.541807
vt 0.404092 0.687277
vt 0.200454 0.688869
vt 0.242334 0.562433
vt 0.294310 0.602632
vt 0.299503 0.604991
vt 0.276075 0.572619
vt 0.285739 0.578661
vt 0.271021 0.595440
vt 0.259678 0.607195
vt 0.262431 0.650233
vt 0.162152 0.608039
vt 0.160321 0.608378
vt 0.248480 0.581121
vt 0.247513 0.542015
vt 0.232759 0.558341
vt 0.246786 0.555646
vt 0.229348 0.393604
vt 0.350390 0.503817
vt 0.251819 0.500827
vt 0.214810 0.578303
vt 0.224768 0.549028
vt 0.224383 0.464678
vt 0.204857 0.499365
vt 0.196797 0.587244
vt 0.159927 0.565899
vt 0.163283 0.432206
vt 0.224730 0.686248
vt 0.404185 0.682702
vt 0.458129 0.490888
vt 0.353462 0.541866
vt 0.353458 0.451921
vt 0.189171 0.436289
vt 0.158351 0.404483
vt 0.158351 0.391056
vt 0.189171 0.403075
vt 0.218556 0.438423
vt 0.218556 0.404831
vt 0.353444 0.448628
vt 0.353444 0.589975
vt 0.353460 0.634348
vt 0.353449 0.677558
vt 0.353444 0.687277
vt 0.200454 0.688869
vt 0.242334 0.562433
vt 0.294310 0.602632
vt 0.299503 0.604991
vt 0.276075 0.572619
vt 0.285739 0.578661
vt 0.271021 0.595440
vt 0.259678 0.607195
vt 0.262431 0.650233
vt 0.162152 0.608039
vt 0.160321 0.608378
vt 0.248480 0.581121
vt 0.247513 0.542015
vt 0.232759 0.558341
vt 0.246786 0.555646
vt 0.229348 0.393604
vt 0.350390 0.503817
vt 0.251819 0.500827
vt 0.214810 0.578303
vt 0.224768 0.549028
vt 0.224383 0.464678
vt 0.204857 0.499365
vt 0.196797 0.587244
vt 0.159927 0.565899
vt 0.163283 0.432206
vt 0.224730 0.682702
vt 0.458129 0.686248
vt 0.404185 0.541866
vt 0.353458 0.490888
vt 0.353462 0.451921
vt 0.189171 0.436289
vt 0.158351 0.404483
vt 0.158351 0.391056
vt 0.189171 0.403075
vt 0.218556 0.438423
vt 0.218556 0.448628
vt 0.353444 0.404831
vt 0.353444 0.634348
vt 0.353449 0.589975
vt 0.353460 0.677558
vt 0.353444 1.000000
vt 0.508776 0.105413
vt 0.511904 0.042984
vt 0.567285 0.074739
vt 0.583333 0.032014
vt 0.644677 0.194199
vt 0.712876 0.041593
vt 0.603125 0.093349
vt 0.609123 0.071688
vt 0.764154 0.137157
vt 0.810625 0.187567
vt 0.773590 0.186570
vt 0.660045 0.083409
vt 0.652621 0.152017
vt 0.648856 0.158544
vt 0.623753 0.132673
vt 0.762483 0.218573
vt 0.596720 0.008325
vt 0.656986 0.008807
vt 0.641145 0.008325
vt 0.700472 0.008325
vt 0.675148 0.009284
vt 0.817669 0.011825
vt 0.558456 0.200307
vt 0.504657 0.164946
vt 0.508776 0.032014
vt 0.644677 0.194199
vt 0.712876 0.073861
vt 0.655089 0.041593
vt 0.603125 0.137462
vt 0.791232 0.043446
vt 0.561129 0.218573
vt 0.596720 0.186570
vt 0.660045 0.181607
vt 0.760503 0.152017
vt 0.648856 0.076838
vt 0.794497 0.157869
vt 0.623566 0.093634
vt 0.615730 0.089069
vt 0.551363 0.120630
vt 0.576241 0.025008
vt 0.608833 0.200307
vt 0.504657 0.047770
vt 0.516355 0.490463
vt 0.826000 0.488400
vt 0.798711 0.434983
vt 0.845344 0.493446
vt 0.727799 0.433749
vt 0.783602 0.489601
vt 0.652115 0.452172
vt 0.647409 0.488537
vt 0.607337 0.462624
vt 0.608450 0.439607
vt 0.702082 0.283940
vt 0.910926 0.409677
vt 0.562129 0.211442
vt 0.722315 0.248968
vt 0.714265 0.228842
vt 0.652911 0.249135
vt 0.597898 0.295293
vt 0.545156 0.350242
vt 0.515392 0.388979
vt 0.644578 0.306927
vt 0.627378 0.284909
vt 0.671601 0.340980
vt 0.839135 0.358905
vt 0.776543 0.404399
vt 0.600524 0.346578
vt 0.587516 0.481932
vt 0.560558 0.474973
vt 0.894511 0.414540
vt 0.939699 0.343429
vt 0.930311 0.360388
vt 0.870611 0.371539
vt 0.697200 0.285180
vt 0.727596 0.488400
vt 0.798711 0.433749
vt 0.783602 0.489601
vt 0.652115 0.452172
vt 0.647409 0.488537
vt 0.607337 0.462624
vt 0.608450 0.493446
vt 0.727799 0.439607
vt 0.702082 0.248968
vt 0.714265 0.371539
vt 0.697200 0.388979
vt 0.644578 0.306927
vt 0.627378 0.358905
vt 0.776543 0.284909
vt 0.671601 0.409677
vt 0.562129 0.346578
vt 0.587516 0.404399
vt 0.600524 0.298810
vt 0.896239 0.481932
vt 0.560558 0.343429
vt 0.930311 0.414540
vt 0.939699 0.285180
vt 0.727596 0.259453
vt 0.769285 0.069284
vt 0.992283 0.155553
vt 0.997084 0.009242
vt 0.988725 0.273002
vt 0.869296 0.264360
vt 0.824373 0.250601
vt 0.789456 0.230344
vt 0.827202 0.216649
vt 0.874411 0.178559
vt 0.958521 0.196529
vt 0.917202 0.207681
vt 0.883551 0.219315
vt 0.807682 0.193311
vt 0.848119 0.208765
vt 0.796865 0.165294
vt 0.841471 0.109327
vt 0.907391 0.091667
vt 0.943832 0.098238
vt 0.897214 0.093238
vt 0.854546 0.089513
vt 0.823227 0.067789
vt 0.862035 0.052390
vt 0.904500 0.052268
vt 0.864284 0.025469
vt 0.907650 0.002954
vt 0.882702 0.007225
vt 0.915779 0.008130
vt 0.939581 0.268618
vt 0.915084 0.243487
vt 0.988128 0.202116
vt 0.952749 0.253156
vt 0.902558 0.289027
vt 0.869506 0.085300
vt 0.932431 0.094689
vt 0.880901 0.088210
vt 0.824536 0.068330
vt 0.861227 0.046121
vt 0.954913 0.059499
vt 0.895311 0.093931
vt 0.907521 0.087147
vt 0.846215 0.083952
vt 0.964674 0.039022
vt 0.975688 0.365222
vt 0.736871 0.365222
vt 0.736871 0.285180
vt 0.727596 0.471093
vt 0.991043 0.491162
vt 0.986381 0.420971
vt 0.993595 0.309787
vt 0.973550 0.419830
vt 0.501356 0.337733
vt 0.984854 0.368013
vt 0.987112 0.490463
vt 0.826000 0.434983
vt 0.845344 0.340980
vt 0.839135 0.259453
vt 0.769285 0.228842
vt 0.652911 0.249135
vt 0.597898 0.295293
vt 0.545156 0.350242
vt 0.515392 0.471093
vt 0.991043 0.474973
vt 0.894511 0.491162
vt 0.986381 0.420971
vt 0.993595 0.291348
vt 0.958211 0.298810
vt 0.896239 0.360388
vt 0.870611 0.419830
vt 0.501356 0.337733
vt 0.984854 0.368013
vt 0.987112 0.063815
vt 0.869843 1.000000
vt 0.764989 0.991736
vt 0.731605 0.964251
vt 0.731789 0.964147
vt 0.764741 0.964201
vt 0.702177 0.991881
vt 0.764989 0.991736
vt 0.731605 0.964251
vt 0.731789 0.964147
vt 0.764741 0.991641
vt 0.798273 0.991893
vt 0.702784 0.964121
vt 0.798263 0.230344
vt 0.827202 0.216649
vt 0.874411 0.273002
vt 0.869296 0.264360
vt 0.824373 0.250601
vt 0.789456 0.082198
vt 0.861728 0.063815
vt 0.869843 0.094689
vt 0.880901 0.090455
vt 0.910992 0.088210
vt 0.824536 0.059499
vt 0.895311 0.067668
vt 0.860621 0.093931
vt 0.907521 0.090395
vt 0.938899 0.087147
vt 0.846215 0.063815
vt 0.869843 0.070038
vt 0.846768 0.094689
vt 0.880901 0.080623
vt 0.877634 0.088210
vt 0.824536 0.070038
vt 0.846768 0.063815
vt 0.869843 0.094689
vt 0.880901 0.080623
vt 0.877634 0.088210
vt 0.824536 0.230344
vt 0.827202 0.216649
vt 0.874411 0.273002
vt 0.869296 0.264360
vt 0.824373 0.250601
vt 0.789456 0.898159
vt 0.927742 0.909251
vt 0.921108 0.922595
vt 0.930889 0.817100
vt 0.900811 0.817102
vt 0.853396 0.817083
vt 0.810902 0.842467
vt 0.810867 0.817059
vt 0.786886 0.840875
vt 0.786272 0.822931
vt 0.761813 0.868334
vt 0.854778 0.865137
vt 0.907031 0.888890
vt 0.903670 0.880518
vt 0.785665 0.855802
vt 0.757659 0.767945
vt 0.851484 0.813772
vt 0.854674 0.772032
vt 0.792737 0.813764
vt 0.793182 0.784418
vt 0.766762 0.772308
vt 0.891903 0.925923
vt 0.869674 0.898675
vt 0.901299 0.747888
vt 0.898905 0.888418
vt 0.854001 0.721104
vt 0.831946 0.879692
vt 0.810547 0.723712
vt 0.818658 0.722076
vt 0.795218 0.898915
vt 0.760266 0.713571
vt 0.769487 0.753833
vt 0.767818 0.772861
vt 0.814906 0.813767
vt 0.815312 0.741205
vt 0.881583 0.865369
vt 0.726892 0.779506
vt 0.737585 0.813768
vt 0.737778 0.906190
vt 0.730016 0.698785
vt 0.742610 0.742838
vt 0.737436 0.879978
vt 0.654112 0.767734
vt 0.660345 0.813769
vt 0.660785 0.923400
vt 0.656611 0.663723
vt 0.669311 0.721205
vt 0.662181 0.853700
vt 0.595440 0.887983
vt 0.597944 0.758099
vt 0.602027 0.813802
vt 0.602980 0.933679
vt 0.599961 0.641577
vt 0.613627 0.703177
vt 0.604786 0.855597
vt 0.504251 0.900713
vt 0.505672 0.740953
vt 0.505447 0.952827
vt 0.509665 0.995278
vt 0.513644 0.672805
vt 0.513900 0.844954
vt 0.655514 0.768926
vt 0.916860 0.746146
vt 0.933165 0.925364
vt 0.265480 0.923473
vt 0.304024 0.872326
vt 0.450631 0.883772
vt 0.266449 0.880217
vt 0.376427 0.882799
vt 0.302842 0.881225
vt 0.336050 0.883595
vt 0.414523 0.851653
vt 0.449271 0.863100
vt 0.375515 0.849366
vt 0.409910 0.868187
vt 0.412706 0.863437
vt 0.335354 0.863071
vt 0.302241 0.864362
vt 0.266589 0.839282
vt 0.268566 0.837847
vt 0.301517 0.836814
vt 0.333219 0.835037
vt 0.374224 0.834246
vt 0.408428 0.837951
vt 0.233675 0.950158
vt 0.339247 0.940885
vt 0.425315 0.937722
vt 0.218420 0.941955
vt 0.265590 0.946592
vt 0.302660 0.921175
vt 0.338141 0.920283
vt 0.420679 0.914242
vt 0.458045 0.946474
vt 0.386413 0.922091
vt 0.384146 0.817043
vt 0.821925 0.842459
vt 0.821958 0.868271
vt 0.820445 0.890456
vt 0.821834 0.757943
vt 0.826628 0.787920
vt 0.825282 0.813813
vt 0.826482 0.928590
vt 0.857930 0.852417
vt 0.552771 0.894325
vt 0.555426 0.943088
vt 0.557264 0.626488
vt 0.571713 0.688030
vt 0.560835 0.749526
vt 0.556894 0.831156
vt 0.726102 0.813794
vt 0.768547 0.813777
vt 0.504701 0.813809
vt 0.892369 0.813765
vt 0.919493 0.813813
vt 0.557634 0.898159
vt 0.927742 0.909251
vt 0.921108 0.922595
vt 0.930889 0.842467
vt 0.810867 0.840875
vt 0.786272 0.822931
vt 0.761813 0.868143
vt 0.854810 0.865137
vt 0.907031 0.888890
vt 0.903670 0.879636
vt 0.810271 0.855792
vt 0.757677 0.772308
vt 0.891903 0.784442
vt 0.766770 0.768926
vt 0.916860 0.725440
vt 0.874036 0.898675
vt 0.901299 0.747888
vt 0.898905 0.721104
vt 0.831946 0.723712
vt 0.818658 0.772861
vt 0.814906 0.880526
vt 0.785667 0.722076
vt 0.795218 0.772032
vt 0.792737 0.898915
vt 0.760266 0.713571
vt 0.769487 0.754194
vt 0.768090 0.741205
vt 0.881583 0.865368
vt 0.726884 0.779506
vt 0.737585 0.906190
vt 0.730016 0.698785
vt 0.742610 0.742838
vt 0.737436 0.844954
vt 0.655514 0.853700
vt 0.595440 0.887983
vt 0.597944 0.758099
vt 0.602027 0.933679
vt 0.599961 0.641577
vt 0.613627 0.703177
vt 0.604786 0.855597
vt 0.504251 0.900713
vt 0.505672 0.740953
vt 0.505447 0.952827
vt 0.509665 0.995278
vt 0.513644 0.672805
vt 0.513900 0.879998
vt 0.654155 0.923400
vt 0.656611 0.663723
vt 0.669311 0.767734
vt 0.660345 0.721205
vt 0.662181 0.746146
vt 0.933165 0.925364
vt 0.265480 0.923473
vt 0.304024 0.872326
vt 0.450631 0.883772
vt 0.266449 0.880217
vt 0.376427 0.882799
vt 0.302842 0.881225
vt 0.336050 0.883595
vt 0.414523 0.851653
vt 0.449271 0.863100
vt 0.375515 0.849366
vt 0.409910 0.868187
vt 0.412706 0.863437
vt 0.335354 0.863071
vt 0.302241 0.864362
vt 0.266589 0.839282
vt 0.268566 0.837847
vt 0.301517 0.836814
vt 0.333219 0.835037
vt 0.374224 0.834246
vt 0.408428 0.837951
vt 0.233675 0.950158
vt 0.339247 0.940885
vt 0.425315 0.937722
vt 0.218420 0.941955
vt 0.265590 0.946592
vt 0.302660 0.921175
vt 0.338141 0.920283
vt 0.420679 0.914242
vt 0.458045 0.946474
vt 0.386413 0.922091
vt 0.384146 0.842459
vt 0.821958 0.868271
vt 0.820445 0.890456
vt 0.821834 0.757943
vt 0.826628 0.787920
vt 0.825282 0.888551
vt 0.854231 0.729074
vt 0.855211 0.768341
vt 0.851704 0.852417
vt 0.552771 0.894325
vt 0.555426 0.943088
vt 0.557264 0.626488
vt 0.571713 0.688030
vt 0.560835 0.749526
vt 0.556894 0.831156
vt 0.726102 0.964253
vt 0.263151 0.514151
vt 0.970436 0.511934
vt 0.959125 0.626384
vt 0.958187 0.514095
vt 0.991398 0.626860
vt 0.971122 0.634281
vt 0.954730 0.536210
vt 0.968606 0.576830
vt 0.968142 0.549315
vt 0.968969 0.596665
vt 0.970369 0.515219
vt 0.815788 0.612364
vt 0.815936 0.564584
vt 0.815844 0.592960
vt 0.815936 0.633134
vt 0.951028 0.522780
vt 0.954313 0.575506
vt 0.929538 0.536182
vt 0.929499 0.522888
vt 0.929285 0.506456
vt 0.929507 0.595043
vt 0.957931 0.549107
vt 0.929500 0.522881
vt 0.896938 0.506325
vt 0.886118 0.612411
vt 0.886492 0.593231
vt 0.886557 0.552818
vt 0.897671 0.575396
vt 0.886627 0.612475
vt 0.929536 0.593315
vt 0.929537 0.537902
vt 0.889479 0.523743
vt 0.887404 0.553401
vt 0.888335 0.538364
vt 0.878842 0.553665
vt 0.879530 0.524339
vt 0.879206 0.575418
vt 0.856384 0.593138
vt 0.856134 0.612361
vt 0.856189 0.506100
vt 0.856431 0.615284
vt 0.951430 0.537380
vt 0.899104 0.575451
vt 0.894782 0.593277
vt 0.893211 0.612413
vt 0.892594 0.629337
vt 0.891437 0.538618
vt 0.815754 0.536092
vt 0.957524 0.548957
vt 0.963076 0.619109
vt 0.961652 0.572589
vt 0.991379 0.548986
vt 0.991399 0.536458
vt 0.991354 0.596437
vt 0.991344 0.626655
vt 0.991393 0.536210
vt 0.968606 0.576830
vt 0.968142 0.549315
vt 0.968969 0.596665
vt 0.970369 0.515219
vt 0.815788 0.612364
vt 0.815936 0.564584
vt 0.815844 0.592960
vt 0.815936 0.633134
vt 0.951028 0.522780
vt 0.954313 0.575506
vt 0.929538 0.536182
vt 0.929499 0.522888
vt 0.929285 0.506456
vt 0.929507 0.595043
vt 0.957931 0.549107
vt 0.929500 0.522881
vt 0.896938 0.506325
vt 0.886118 0.612411
vt 0.886492 0.593231
vt 0.886557 0.552818
vt 0.897671 0.575396
vt 0.886627 0.612475
vt 0.929536 0.593315
vt 0.929537 0.537902
vt 0.889479 0.523743
vt 0.887404 0.553401
vt 0.888335 0.538364
vt 0.878842 0.553665
vt 0.879530 0.524339
vt 0.879206 0.575418
vt 0.856384 0.593138
vt 0.856134 0.612361
vt 0.856189 0.506100
vt 0.856431 0.615284
vt 0.951430 0.537380
vt 0.899104 0.575451
vt 0.894782 0.593277
vt 0.893211 0.612413
vt 0.892594 0.629337
vt 0.891437 0.538618
vt 0.815754 0.536092
vt 0.957524 0.548957
vt 0.963076 0.619109
vt 0.961652 0.572589
vt 0.991379 0.548986
vt 0.991399 0.536458
vt 0.991354 0.596437
vt 0.991344 0.997842
vt 0.896735 0.967597
vt 0.952535 0.925652
vt 0.916115 0.923447
vt 0.884083 0.954693
vt 0.850717 0.645128
vt 0.632903 0.664799
vt 0.752017 0.604777
vt 0.711917 0.505483
vt 0.636016 0.560646
vt 0.653270 0.606818
vt 0.665505 0.652410
vt 0.785140 0.505548
vt 0.591959 0.558875
vt 0.623343 0.646278
vt 0.648558 0.665356
vt 0.766896 0.599973
vt 0.740599 0.525505
vt 0.754209 0.525493
vt 0.730261 0.525435
vt 0.698759 0.997745
vt 0.957391 0.967597
vt 0.952535 0.923447
vt 0.884083 0.505538
vt 0.552728 0.611726
vt 0.625997 0.664799
vt 0.752017 0.560646
vt 0.653270 0.637333
vt 0.665682 0.652410
vt 0.785140 0.588561
vt 0.763347 0.558875
vt 0.623343 0.614237
vt 0.642200 0.665356
vt 0.766896 0.997811
vt 0.833116 0.566743
vt 0.589839 0.588561
vt 0.763347 0.939427
vt 0.940028 0.954693
vt 0.850717 0.566743
vt 0.589839 0.604777
vt 0.711917 0.599973
vt 0.740599 0.062715
vt 0.881860 0.068330
vt 0.861227 0.068330
vt 0.861227 0.726513
vt 0.934187 0.932890
vt 0.826212 0.924249
vt 0.812478 0.927058
vt 0.788413 0.931792
vt 0.763059 0.942233
vt 0.734811 0.965678
vt 0.651593 0.977344
vt 0.603367 0.986054
vt 0.559986 0.911781
vt 0.935634 0.923455
vt 0.219804 0.882440
vt 0.227410 0.863520
vt 0.230184 0.827139
vt 0.440827 0.979521
vt 0.389839 0.982570
vt 0.339115 0.967612
vt 0.432388 0.964253
vt 0.263151 0.954669
vt 0.210146 0.974704
vt 0.296676 0.948243
vt 0.465004 0.929970
vt 0.460222 0.727130
vt 0.856156 0.609945
vt 0.526100 0.817043
vt 0.821925 0.817102
vt 0.853396 0.817083
vt 0.810902 0.817059
vt 0.786886 0.817100
vt 0.900811 0.813794
vt 0.768547 0.813764
vt 0.793182 0.726513
vt 0.934187 0.924249
vt 0.812478 0.932890
vt 0.826212 0.927058
vt 0.788413 0.931792
vt 0.763059 0.813772
vt 0.854674 0.813767
vt 0.815312 0.925923
vt 0.869674 0.813768
vt 0.737778 0.942233
vt 0.734811 0.813802
vt 0.602980 0.813769
vt 0.660785 0.977344
vt 0.603367 0.957813
vt 0.685250 0.813813
vt 0.557634 0.986054
vt 0.559986 0.813809
vt 0.892369 0.813765
vt 0.919493 0.911781
vt 0.935634 0.923455
vt 0.219804 0.882440
vt 0.227410 0.863520
vt 0.230184 0.827139
vt 0.440827 0.979521
vt 0.389839 0.982570
vt 0.339115 0.967612
vt 0.432388 0.964253
vt 0.263151 0.954669
vt 0.210146 0.974704
vt 0.296676 0.929970
vt 0.460222 0.948243
vt 0.465004 0.813813
vt 0.826482 0.924546
vt 0.856988 0.609945
vt 0.526100 0.813777
vt 0.504701 0.725440
vt 0.874036 0.510517
vt 0.949963 0.506383
vt 0.893939 0.629331
vt 0.883254 0.629316
vt 0.852559 0.629370
vt 0.929532 0.629298
vt 0.815936 0.505985
vt 0.954745 0.626707
vt 0.971118 0.634281
vt 0.954730 0.626384
vt 0.958187 0.510517
vt 0.949963 0.506383
vt 0.893939 0.629331
vt 0.883254 0.629316
vt 0.852559 0.629370
vt 0.929532 0.629298
vt 0.815936 0.511934
vt 0.959125 0.505985
vt 0.954745 0.514151
vt 0.970436 0.626860
vt 0.971122 0.514095
vt 0.991398 0.626655
vt 0.991393 0.626707
vt 0.971118 0.700393
vt 0.801717 0.711931
vt 0.783278 0.548674
vt 0.695273 0.505481
vt 0.688713 0.641712
vt 0.696740 0.658698
vt 0.824495 0.699732
vt 0.836012 0.587391
vt 0.800947 0.708651
vt 0.766869 0.525315
vt 0.793014 0.997842
vt 0.896735 0.997745
vt 0.957391 0.505483
vt 0.636016 0.505548
vt 0.591959 0.700393
vt 0.801717 0.711931
vt 0.783278 0.548674
vt 0.695273 0.505481
vt 0.688713 0.608271
vt 0.697785 0.658698
vt 0.824495 0.699732
vt 0.836012 0.587391
vt 0.800947 0.505538
vt 0.552728 0.708651
vt 0.766869 0.997811
vt 0.833116 0.525315
vt 0.793014 0.525505
vt 0.754209 0.525493
vt 0.730261 0.525435
vt 0.698759 1.000000
vt 0.000000 0.000000
vt 0.000000 1.000000
vt 1.000000 1.000000
vt 0.000000 0.000000
vt 0.000000 1.000000
vt 1.000000 1.000000
vt 0.000000 0.000000
vt 0.000000 1.000000
vt 1.000000 1.000000
vt 0.082557 0.686145
vt 0.082557 0.589881
vt 0.012914 0.589881
vt 0.012914 0.577567
vt 0.135296 0.577567
vt 0.135296 0.550122
vt 0.038290 0.550122
vt 0.038290 0.487782
vt 0.131087 0.487782
vt 0.131087 0.509901
vt 0.042322 0.509901
vt 0.042322 0.406237
vt 0.067717 0.406237
vt 0.067717 0.477813
vt 0.020063 0.477813
vt 0.020063 0.422876
vt 0.080462 0.154235
vt 0.202288 0.154235
vt 0.202288 0.125742
vt 0.174286 0.172217
vt 0.203145 0.154072
vt 0.160619 0.686145
vt 0.082557 0.686145
vt 0.082557 0.589881
vt 0.012914 0.589881
vt 0.012914 0.577567
vt 0.135296 0.577567
vt 0.135296 0.550122
vt 0.038290 0.550122
vt 0.038290 0.487782
vt 0.131087 0.487782
vt 0.131087 0.509901
vt 0.042322 0.509901
vt 0.042322 0.406237
vt 0.067717 0.406237
vt 0.067717 0.477813
vt 0.020063 0.477813
vt 0.020063 0.422876
vt 0.080462 0.154235
vt 0.202288 0.154235
vt 0.202288 0.125742
vt 0.174286 0.172217
vt 0.203145 0.154072
vt 0.160619 0.758152
vt 0.079209 0.724378
vt 0.053294 0.724378
vt 0.079209 0.724378
vt 0.105124 0.724378
vt 0.079209 0.712101
vt 0.066291 0.712101
vt 0.079209 0.712101
vt 0.092127 0.712101
vt 0.079209 0.641170
vt 0.007321 0.641170
vt 0.023196 0.641170
vt 0.039070 0.641170
vt 0.023196 0.029187
vt 0.259629 0.029187
vt 0.239403 0.029187
vt 0.219177 0.029187
vt 0.239403 0.175343
vt 0.259629 0.175343
vt 0.239403 0.175343
vt 0.219177 0.175343
vt 0.239403 0.206749
vt 0.239403 0.884416
vt 0.014106 0.884416
vt 0.184369 0.777441
vt 0.101554 0.777441
vt 0.101554 0.798826
vt 0.259102 0.804547
vt 0.260517 0.728814
vt 0.213924 0.728814
vt 0.213924 0.716625
vt 0.290664 0.716625
vt 0.290664 0.795915
vt 0.308020 0.795915
vt 0.308020 0.884416
vt 0.014106 0.884416
vt 0.184369 0.777441
vt 0.101554 0.777441
vt 0.101554 0.728814
vt 0.213924 0.728814
vt 0.213924 0.786201
vt 0.284755 0.799547
vt 0.255918 0.716625
vt 0.290664 0.716625
vt 0.290664 0.795915
vt 0.308020 0.795915
vt 0.308020 0.024541
vt 0.472238 0.066445
vt 0.472238 0.066445
vt 0.501288 0.066445
vt 0.472238 0.066445
vt 0.443188 0.179601
vt 0.472238 0.024541
vt 0.472238 0.066445
vt 0.472238 0.066445
vt 0.501288 0.066445
vt 0.472238 0.066445
vt 0.443188 0.179601
vt 0.472238 0.920698
vt 0.049796 0.983920
vt 0.014797 0.983920
vt 0.049796 0.920698
vt 0.014797 0.031252
vt 0.199791 0.031252
vt 0.199791 0.029521
vt 0.174302 0.172217
vt 0.203145 0.920712
vt 0.049796 0.983910
vt 0.049796 0.983910
vt 0.014797 0.920712
vt 0.014797 0.031252
vt 0.199791 0.031252
vt 0.199791 0.029521
vt 0.174302 0.172217
vt 0.203145 0.837021
vt 0.007321 0.837021
vt 0.023196 0.837021
vt 0.039070 0.837021
vt 0.023196 0.022161
vt 0.251190 0.022161
vt 0.239403 0.022161
vt 0.227616 0.022161
vt 0.239403 1.000000

f 12/12 10/10 11/11
f 13/13 6/6 14/14
f 17/17 16/16 14/14
f 13/13 14/14 16/16
f 43/43 42/42 14/14
f 11/11 7/7 5/5
f 30/30 12/12 11/11
f 30/30 3/3 18/18
f 14/14 6/6 43/43
f 44/44 43/43 6/6
f 22/22 21/21 20/20
f 9/9 8/8 31/31
f 29/29 21/21 38/38
f 31/31 23/23 4/4
f 22/22 4/4 23/23
f 22/22 20/20 2/2
f 24/24 26/26 25/25
f 27/27 25/25 26/26
f 31/31 8/8 116/116
f 12/12 56/56 10/10
f 56/56 12/12 15/15
f 10/10 9/9 11/11
f 11/11 1/1 7/7
f 31/31 11/11 9/9
f 8/8 54/54 122/122
f 54/54 8/8 55/55
f 8/8 122/122 123/123
f 123/123 116/116 8/8
f 15/15 124/124 125/125
f 124/124 115/115 18/18
f 24/24 126/126 57/57
f 126/126 24/24 25/25
f 127/127 128/128 129/129
f 28/28 129/129 128/128
f 21/21 19/19 20/20
f 42/42 17/17 14/14
f 129/129 130/130 127/127
f 130/130 131/131 127/127
f 2/2 4/4 22/22
f 6/6 13/13 3/3
f 30/30 15/15 12/12
f 132/132 37/37 133/133
f 134/134 133/133 37/37
f 135/135 16/16 136/136
f 13/13 16/16 135/135
f 22/22 38/38 21/21
f 10/10 56/56 55/55
f 30/30 18/18 115/115
f 5/5 3/3 30/30
f 5/5 30/30 11/11
f 1/1 11/11 31/31
f 31/31 4/4 1/1
f 34/34 32/32 33/33
f 35/35 36/36 32/32
f 33/33 32/32 45/45
f 137/137 51/51 50/50
f 50/50 40/40 137/137
f 32/32 34/34 138/138
f 32/32 138/138 39/39
f 51/51 137/137 139/139
f 139/139 47/47 51/51
f 124/124 18/18 135/135
f 140/140 141/141 26/26
f 27/27 26/26 141/141
f 38/38 23/23 123/123
f 135/135 18/18 13/13
f 13/13 18/18 3/3
f 23/23 38/38 22/22
f 46/46 142/142 40/40
f 40/40 50/50 46/46
f 41/41 32/32 39/39
f 32/32 41/41 35/35
f 131/131 143/143 127/127
f 20/20 19/19 42/42
f 20/20 42/42 43/43
f 2/2 20/20 43/43
f 2/2 43/43 44/44
f 144/144 48/48 53/53
f 53/53 145/145 144/144
f 47/47 139/139 146/146
f 146/146 147/147 47/47
f 45/45 32/32 36/36
f 142/142 46/46 52/52
f 52/52 148/148 142/142
f 149/149 52/52 46/46
f 46/46 150/150 149/149
f 46/46 50/50 151/151
f 151/151 150/150 46/46
f 152/152 151/151 50/50
f 50/50 51/51 152/152
f 51/51 47/47 153/153
f 153/153 152/152 51/51
f 47/47 147/147 154/154
f 154/154 153/153 47/47
f 155/155 156/156 53/53
f 53/53 48/48 155/155
f 157/157 155/155 48/48
f 48/48 49/49 157/157
f 49/49 52/52 149/149
f 149/149 157/157 49/49
f 158/158 148/148 52/52
f 52/52 49/49 158/158
f 158/158 49/49 48/48
f 48/48 144/144 158/158
f 55/55 159/159 54/54
f 159/159 55/55 56/56
f 15/15 159/159 56/56
f 159/159 15/15 125/125
f 55/55 9/9 10/10
f 9/9 55/55 8/8
f 69/69 68/68 67/67
f 70/70 71/71 63/63
f 74/74 71/71 73/73
f 70/70 73/73 71/71
f 100/100 71/71 99/99
f 68/68 62/62 64/64
f 87/87 68/68 69/69
f 87/87 75/75 60/60
f 71/71 100/100 63/63
f 101/101 63/63 100/100
f 79/79 77/77 78/78
f 66/66 88/88 65/65
f 86/86 95/95 78/78
f 88/88 61/61 80/80
f 79/79 80/80 61/61
f 79/79 59/59 77/77
f 81/81 82/82 83/83
f 84/84 120/120 119/119
f 88/88 80/80 117/117
f 69/69 113/113 72/72
f 113/113 69/69 67/67
f 67/67 68/68 66/66
f 68/68 64/64 58/58
f 88/88 66/66 68/68
f 65/65 111/111 112/112
f 111/111 65/65 160/160
f 161/161 118/118 162/162
f 117/117 162/162 118/118
f 162/162 117/117 80/80
f 72/72 163/163 164/164
f 164/164 121/121 72/72
f 81/81 165/165 82/82
f 165/165 81/81 114/114
f 166/166 167/167 168/168
f 85/85 168/168 167/167
f 78/78 77/77 76/76
f 99/99 71/71 74/74
f 167/167 166/166 169/169
f 169/169 166/166 170/170
f 59/59 79/79 61/61
f 63/63 60/60 70/70
f 87/87 69/69 72/72
f 171/171 172/172 94/94
f 173/173 94/94 172/172
f 174/174 175/175 73/73
f 70/70 174/174 73/73
f 79/79 78/78 95/95
f 67/67 112/112 113/113
f 87/87 72/72 121/121
f 62/62 87/87 60/60
f 62/62 68/68 87/87
f 58/58 88/88 68/68
f 88/88 58/58 61/61
f 91/91 90/90 89/89
f 92/92 89/89 93/93
f 90/90 102/102 89/89
f 176/176 107/107 108/108
f 107/107 176/176 97/97
f 89/89 177/177 91/91
f 89/89 96/96 177/177
f 108/108 178/178 176/176
f 178/178 108/108 104/104
f 164/164 174/174 75/75
f 179/179 83/83 180/180
f 120/120 180/180 83/83
f 180/180 120/120 84/84
f 95/95 162/162 80/80
f 174/174 70/70 75/75
f 70/70 60/60 75/75
f 80/80 79/79 95/95
f 103/103 97/97 181/181
f 97/97 103/103 107/107
f 98/98 96/96 89/89
f 89/89 92/92 98/98
f 170/170 166/166 182/182
f 77/77 99/99 76/76
f 77/77 100/100 99/99
f 59/59 100/100 77/77
f 59/59 101/101 100/100
f 183/183 110/110 105/105
f 110/110 183/183 184/184
f 104/104 185/185 178/178
f 185/185 104/104 186/186
f 102/102 93/93 89/89
f 181/181 109/109 103/103
f 109/109 181/181 187/187
f 188/188 103/103 109/109
f 103/103 188/188 189/189
f 103/103 190/190 107/107
f 190/190 103/103 189/189
f 191/191 107/107 190/190
f 107/107 191/191 108/108
f 108/108 192/192 104/104
f 192/192 108/108 191/191
f 104/104 193/193 186/186
f 193/193 104/104 192/192
f 194/194 110/110 195/195
f 110/110 194/194 105/105
f 196/196 105/105 194/194
f 105/105 196/196 106/106
f 106/106 188/188 109/109
f 188/188 106/106 196/196
f 197/197 109/109 187/187
f 109/109 197/197 106/106
f 197/197 105/105 106/106
f 105/105 197/197 183/183
f 112/112 198/198 113/113
f 198/198 112/112 111/111
f 72/72 198/198 163/163
f 198/198 72/72 113/113
f 112/112 66/66 65/65
f 66/66 112/112 67/67
f 30/30 115/115 15/15
f 115/115 124/124 15/15
f 31/31 116/116 23/23
f 116/116 123/123 23/23
f 88/88 117/117 65/65
f 117/117 118/118 65/65
f 160/160 118/118 161/161
f 118/118 160/160 65/65
f 83/83 119/119 120/120
f 119/119 83/83 82/82
f 87/87 121/121 75/75
f 121/121 164/164 75/75
f 202/202 200/200 213/213
f 206/206 224/224 229/229
f 224/224 206/206 213/213
f 202/202 213/213 206/206
f 203/203 205/205 201/201
f 214/214 317/317 215/215
f 216/216 209/209 210/210
f 209/209 216/216 217/217
f 216/216 210/210 207/207
f 207/207 215/215 216/216
f 207/207 214/214 215/215
f 212/212 217/217 216/216
f 217/217 212/212 211/211
f 318/318 212/212 215/215
f 215/215 317/317 318/318
f 236/236 214/214 233/233
f 220/220 319/319 219/219
f 220/220 204/204 218/218
f 220/220 218/218 208/208
f 320/320 221/221 321/321
f 221/221 320/320 222/222
f 205/205 222/222 320/320
f 222/222 205/205 219/219
f 219/219 203/203 204/204
f 219/219 204/204 220/220
f 222/222 319/319 322/322
f 319/319 222/222 219/219
f 221/221 322/322 323/323
f 322/322 221/221 222/222
f 219/219 205/205 203/203
f 206/206 223/223 202/202
f 324/324 321/321 221/221
f 208/208 319/319 220/220
f 321/321 324/324 325/325
f 215/215 212/212 216/216
f 228/228 227/227 235/235
f 232/232 235/235 227/227
f 218/218 204/204 230/230
f 223/223 204/204 202/202
f 317/317 214/214 199/199
f 199/199 214/214 326/326
f 327/327 214/214 236/236
f 214/214 207/207 233/233
f 328/328 233/233 207/207
f 225/225 208/208 218/218
f 208/208 225/225 226/226
f 328/328 329/329 233/233
f 234/234 233/233 329/329
f 227/227 330/330 225/225
f 226/226 225/225 330/330
f 329/329 331/331 234/234
f 332/332 234/234 331/331
f 200/200 224/224 213/213
f 224/224 200/200 333/333
f 326/326 214/214 327/327
f 218/218 230/230 225/225
f 231/231 225/225 230/230
f 225/225 231/231 227/227
f 232/232 227/227 231/231
f 242/242 334/334 223/223
f 230/230 223/223 334/334
f 244/244 335/335 242/242
f 334/334 242/242 335/335
f 240/240 241/241 229/229
f 206/206 229/229 241/241
f 206/206 241/241 223/223
f 242/242 223/223 241/241
f 239/239 238/238 240/240
f 241/241 240/240 238/238
f 241/241 238/238 242/242
f 244/244 242/242 238/238
f 237/237 236/236 336/336
f 233/233 336/336 236/236
f 243/243 237/237 337/337
f 336/336 337/337 237/237
f 244/244 338/338 335/335
f 339/339 335/335 338/338
f 327/327 236/236 340/340
f 237/237 340/340 236/236
f 340/340 237/237 341/341
f 243/243 341/341 237/237
f 342/342 338/338 238/238
f 244/244 238/238 338/338
f 223/223 230/230 204/204
f 247/247 245/245 255/255
f 245/245 247/247 246/246
f 249/249 250/250 253/253
f 250/250 249/249 257/257
f 246/246 249/249 253/253
f 249/249 246/246 247/247
f 251/251 343/343 344/344
f 343/343 251/251 248/248
f 248/248 252/252 256/256
f 252/252 248/248 251/251
f 256/256 250/250 257/257
f 250/250 256/256 252/252
f 257/257 345/345 346/346
f 345/345 257/257 249/249
f 347/347 254/254 348/348
f 349/349 254/254 350/350
f 350/350 254/254 351/351
f 352/352 254/254 347/347
f 351/351 254/254 352/352
f 348/348 254/254 349/349
f 247/247 353/353 354/354
f 353/353 247/247 255/255
f 248/248 355/355 356/356
f 355/355 248/248 256/256
f 256/256 346/346 355/355
f 346/346 256/256 257/257
f 343/343 356/356 357/357
f 356/356 343/343 248/248
f 249/249 354/354 345/345
f 354/354 249/249 247/247
f 261/261 272/272 259/259
f 265/265 283/283 272/272
f 283/283 265/265 288/288
f 261/261 265/265 272/272
f 262/262 260/260 264/264
f 273/273 274/274 358/358
f 275/275 269/269 268/268
f 268/268 276/276 275/275
f 275/275 266/266 269/269
f 266/266 275/275 274/274
f 266/266 274/274 273/273
f 271/271 275/275 276/276
f 276/276 270/270 271/271
f 359/359 274/274 271/271
f 274/274 359/359 358/358
f 295/295 292/292 273/273
f 279/279 278/278 360/360
f 279/279 277/277 263/263
f 279/279 267/267 277/277
f 361/361 362/362 280/280
f 280/280 281/281 361/361
f 264/264 361/361 281/281
f 281/281 278/278 264/264
f 278/278 263/263 262/262
f 278/278 279/279 263/263
f 281/281 363/363 360/360
f 360/360 278/278 281/281
f 280/280 364/364 363/363
f 363/363 281/281 280/280
f 278/278 262/262 264/264
f 265/265 261/261 282/282
f 365/365 280/280 362/362
f 267/267 279/279 360/360
f 362/362 366/366 365/365
f 274/274 275/275 271/271
f 287/287 294/294 286/286
f 291/291 286/286 294/294
f 277/277 289/289 263/263
f 282/282 261/261 263/263
f 358/358 258/258 273/273
f 258/258 367/367 273/273
f 368/368 295/295 273/273
f 273/273 292/292 266/266
f 369/369 266/266 292/292
f 284/284 277/277 267/267
f 267/267 285/285 284/284
f 369/369 292/292 370/370
f 293/293 370/370 292/292
f 286/286 284/284 371/371
f 285/285 371/371 284/284
f 370/370 293/293 372/372
f 373/373 372/372 293/293
f 283/283 259/259 272/272
f 259/259 283/283 374/374
f 367/367 368/368 273/273
f 277/277 284/284 289/289
f 290/290 289/289 284/284
f 284/284 286/286 290/290
f 291/291 290/290 286/286
f 301/301 282/282 375/375
f 289/289 375/375 282/282
f 303/303 301/301 376/376
f 375/375 376/376 301/301
f 299/299 288/288 300/300
f 265/265 300/300 288/288
f 265/265 282/282 300/300
f 301/301 300/300 282/282
f 298/298 299/299 297/297
f 300/300 297/297 299/299
f 300/300 301/301 297/297
f 303/303 297/297 301/301
f 296/296 377/377 295/295
f 292/292 295/295 377/377
f 302/302 378/378 296/296
f 377/377 296/296 378/378
f 303/303 376/376 379/379
f 380/380 379/379 376/376
f 368/368 381/381 295/295
f 296/296 295/295 381/381
f 381/381 382/382 296/296
f 302/302 296/296 382/382
f 383/383 297/297 379/379
f 303/303 379/379 297/297
f 282/282 263/263 289/289
f 306/306 314/314 304/304
f 304/304 305/305 306/306
f 308/308 312/312 309/309
f 309/309 316/316 308/308
f 305/305 312/312 308/308
f 308/308 306/306 305/305
f 310/310 384/384 385/385
f 385/385 307/307 310/310
f 307/307 315/315 311/311
f 311/311 310/310 307/307
f 315/315 316/316 309/309
f 309/309 311/311 315/315
f 316/316 386/386 387/387
f 387/387 308/308 316/316
f 388/388 389/389 313/313
f 390/390 391/391 313/313
f 391/391 392/392 313/313
f 393/393 388/388 313/313
f 392/392 393/393 313/313
f 389/389 390/390 313/313
f 306/306 394/394 395/395
f 395/395 314/314 306/306
f 307/307 396/396 397/397
f 397/397 315/315 307/307
f 315/315 397/397 386/386
f 386/386 316/316 315/315
f 385/385 398/398 396/396
f 396/396 307/307 385/385
f 308/308 387/387 394/394
f 394/394 306/306 308/308
f 415/415 400/400 402/402
f 419/419 411/411 403/403
f 413/413 412/412 410/410
f 408/408 414/414 407/407
f 405/405 406/406 401/401
f 406/406 402/402 401/401
f 405/405 403/403 406/406
f 419/419 418/418 411/411
f 412/412 404/404 410/410
f 408/408 409/409 414/414
f 406/406 413/413 402/402
f 400/400 401/401 402/402
f 401/401 400/400 441/441
f 414/414 409/409 412/412
f 415/415 413/413 410/410
f 409/409 404/404 412/412
f 407/407 420/420 408/408
f 412/412 413/413 406/406
f 411/411 414/414 412/412
f 411/411 407/407 414/414
f 401/401 439/439 405/405
f 421/421 401/401 441/441
f 420/420 407/407 418/418
f 418/418 407/407 411/411
f 416/416 403/403 417/417
f 439/439 417/417 403/403
f 413/413 415/415 402/402
f 422/422 399/399 415/415
f 412/412 406/406 411/411
f 406/406 403/403 411/411
f 419/419 403/403 416/416
f 439/439 401/401 421/421
f 439/439 403/403 405/405
f 423/423 430/430 437/437
f 419/419 424/424 426/426
f 435/435 431/431 433/433
f 427/427 429/429 436/436
f 436/436 429/429 438/438
f 427/427 436/436 424/424
f 419/419 426/426 418/418
f 433/433 431/431 425/425
f 436/436 438/438 435/435
f 437/437 438/438 429/429
f 429/429 441/441 437/437
f 428/428 433/433 432/432
f 430/430 431/431 435/435
f 432/432 433/433 425/425
f 433/433 436/436 435/435
f 426/426 433/433 428/428
f 426/426 428/428 434/434
f 429/429 427/427 439/439
f 421/421 441/441 429/429
f 420/420 418/418 434/434
f 418/418 426/426 434/434
f 416/416 417/417 424/424
f 439/439 424/424 417/417
f 435/435 438/438 430/430
f 440/440 430/430 423/423
f 433/433 426/426 436/436
f 436/436 426/426 424/424
f 419/419 416/416 424/424
f 439/439 421/421 429/429
f 439/439 427/427 424/424
f 437/437 430/430 438/438
f 400/400 415/415 399/399
f 442/442 446/446 443/443
f 446/446 442/442 444/444
f 443/443 446/446 445/445
f 451/451 445/445 446/446
f 448/448 449/449 447/447
f 449/449 448/448 450/450
f 447/447 451/451 448/448
f 451/451 447/447 445/445
f 444/444 464/464 446/446
f 464/464 444/444 463/463
f 454/454 473/473 496/496
f 473/473 454/454 455/455
f 455/455 456/456 462/462
f 456/456 455/455 454/454
f 462/462 457/457 461/461
f 457/457 462/462 456/456
f 461/461 458/458 466/466
f 458/458 461/461 457/457
f 466/466 459/459 453/453
f 459/459 466/466 458/458
f 451/451 460/460 448/448
f 460/460 451/451 472/472
f 463/463 473/473 464/464
f 473/473 463/463 496/496
f 473/473 539/539 464/464
f 472/472 451/451 539/539
f 541/541 455/455 462/462
f 465/465 453/453 450/450
f 453/453 465/465 466/466
f 460/460 466/466 465/465
f 466/466 460/460 461/461
f 460/460 450/450 448/448
f 450/450 460/460 465/465
f 449/449 453/453 467/467
f 453/453 449/449 450/450
f 542/542 468/468 543/543
f 468/468 542/542 469/469
f 544/544 469/469 542/542
f 545/545 491/491 470/470
f 491/491 545/545 452/452
f 491/491 471/471 470/470
f 471/471 469/469 470/470
f 459/459 546/546 453/453
f 453/453 546/546 467/467
f 545/545 470/470 547/547
f 470/470 548/548 547/547
f 548/548 470/470 469/469
f 469/469 544/544 548/548
f 471/471 468/468 469/469
f 461/461 472/472 462/462
f 472/472 461/461 460/460
f 549/549 475/475 550/550
f 475/475 549/549 474/474
f 474/474 480/480 475/475
f 481/481 475/475 480/480
f 477/477 478/478 479/479
f 478/478 477/477 476/476
f 476/476 481/481 480/480
f 481/481 476/476 477/477
f 550/550 486/486 551/551
f 486/486 550/550 475/475
f 454/454 495/495 482/482
f 495/495 454/454 552/552
f 553/553 482/482 487/487
f 482/482 553/553 454/454
f 554/554 487/487 485/485
f 487/487 554/554 553/553
f 555/555 485/485 489/489
f 485/485 555/555 554/554
f 556/556 489/489 488/488
f 489/489 556/556 555/555
f 481/481 484/484 483/483
f 484/484 481/481 477/477
f 551/551 495/495 552/552
f 495/495 551/551 486/486
f 495/495 483/483 487/487
f 483/483 495/495 540/540
f 481/481 540/540 475/475
f 487/487 482/482 495/495
f 488/488 490/490 479/479
f 488/488 489/489 490/490
f 484/484 489/489 485/485
f 489/489 484/484 490/490
f 484/484 479/479 490/490
f 479/479 484/484 477/477
f 478/478 488/488 479/479
f 488/488 478/478 492/492
f 557/557 558/558 494/494
f 558/558 557/557 559/559
f 560/560 557/557 494/494
f 561/561 562/562 452/452
f 562/562 561/561 493/493
f 563/563 562/562 493/493
f 563/563 493/493 494/494
f 556/556 488/488 564/564
f 488/488 492/492 564/564
f 493/493 561/561 565/565
f 493/493 566/566 494/494
f 566/566 493/493 565/565
f 494/494 566/566 560/560
f 563/563 494/494 558/558
f 485/485 483/483 484/484
f 483/483 485/485 487/487
f 513/513 497/497 499/499
f 505/505 497/497 513/513
f 497/497 505/505 498/498
f 514/514 513/513 518/518
f 517/517 514/514 518/518
f 514/514 517/517 515/515
f 517/517 516/516 515/515
f 506/506 509/509 507/507
f 512/512 511/511 509/509
f 519/519 518/518 520/520
f 509/509 508/508 507/507
f 511/511 510/510 509/509
f 504/504 503/503 501/501
f 501/501 500/500 504/504
f 501/501 503/503 502/502
f 499/499 518/518 513/513
f 522/522 520/520 523/523
f 521/521 520/520 522/522
f 524/524 526/526 525/525
f 526/526 524/524 527/527
f 524/524 528/528 527/527
f 532/532 530/530 531/531
f 530/530 533/533 529/529
f 567/567 533/533 530/530
f 534/534 535/535 536/536
f 534/534 538/538 537/537
f 534/534 537/537 535/535
f 512/512 509/509 506/506
f 512/512 505/505 513/513
f 505/505 512/512 506/506
f 523/523 518/518 499/499
f 518/518 523/523 520/520
f 539/539 446/446 464/464
f 475/475 540/540 486/486
f 472/472 541/541 462/462
f 541/541 472/472 539/539
f 540/540 495/495 486/486
f 446/446 539/539 451/451
f 540/540 481/481 483/483
f 568/568 571/571 570/570
f 570/570 569/569 568/568
f 578/578 569/569 570/570
f 570/570 572/572 578/578
f 571/571 568/568 579/579
f 577/577 579/579 568/568
f 573/573 575/575 576/576
f 575/575 573/573 574/574
f 578/578 575/575 574/574
f 575/575 578/578 572/572
f 576/576 579/579 573/573
f 577/577 573/573 579/579
f 580/580 581/581 582/582
f 582/582 583/583 580/580
f 583/583 584/584 580/580
f 585/585 587/587 588/588
f 588/588 586/586 585/585
f 585/585 589/589 587/587
f 592/592 591/591 590/590
f 593/593 592/592 590/590
f 966/966 592/592 594/594
f 597/597 595/595 596/596
f 967/967 599/599 597/597
f 595/595 597/597 598/598
f 602/602 601/601 600/600
f 968/968 604/604 602/602
f 601/601 602/602 603/603
f 605/605 606/606 607/607
f 607/607 608/608 605/605
f 608/608 609/609 605/605
f 612/612 611/611 610/610
f 704/704 614/614 705/705
f 615/615 616/616 618/618
f 618/618 617/617 615/615
f 617/617 618/618 619/619
f 614/614 613/613 621/621
f 621/621 620/620 614/614
f 620/620 621/621 622/622
f 622/622 621/621 610/610
f 610/610 611/611 622/622
f 620/620 705/705 614/614
f 623/623 616/616 636/636
f 616/616 623/623 618/618
f 624/624 618/618 623/623
f 618/618 624/624 619/619
f 629/629 628/628 719/719
f 628/628 629/629 627/627
f 969/969 671/671 630/630
f 630/630 633/633 969/969
f 634/634 622/622 632/632
f 622/622 634/634 620/620
f 632/632 622/622 611/611
f 644/644 630/630 625/625
f 630/630 644/644 633/633
f 642/642 637/637 635/635
f 636/636 970/970 971/971
f 638/638 642/642 627/627
f 642/642 638/638 637/637
f 623/623 971/971 972/972
f 971/971 623/623 636/636
f 639/639 624/624 623/623
f 640/640 627/627 641/641
f 627/627 640/640 638/638
f 639/639 972/972 973/973
f 972/972 639/639 623/623
f 641/641 627/627 629/629
f 625/625 626/626 709/709
f 627/627 643/643 628/628
f 643/643 627/627 642/642
f 632/632 631/631 634/634
f 624/624 718/718 619/619
f 718/718 624/624 645/645
f 646/646 719/719 647/647
f 719/719 646/646 629/629
f 645/645 639/639 648/648
f 639/639 645/645 624/624
f 649/649 641/641 650/650
f 641/641 649/649 640/640
f 648/648 973/973 974/974
f 973/973 648/648 639/639
f 650/650 629/629 646/646
f 629/629 650/650 641/641
f 645/645 670/670 718/718
f 647/647 652/652 646/646
f 648/648 651/651 645/645
f 974/974 654/654 648/648
f 646/646 656/656 650/650
f 657/657 651/651 658/658
f 651/651 657/657 670/670
f 659/659 653/653 660/660
f 653/653 659/659 652/652
f 658/658 654/654 661/661
f 654/654 658/658 651/651
f 662/662 656/656 663/663
f 656/656 662/662 655/655
f 661/661 975/975 976/976
f 975/975 661/661 654/654
f 663/663 652/652 659/659
f 652/652 663/663 656/656
f 712/712 658/658 713/713
f 658/658 712/712 657/657
f 717/717 660/660 723/723
f 660/660 717/717 659/659
f 713/713 661/661 714/714
f 661/661 713/713 658/658
f 715/715 663/663 716/716
f 663/663 715/715 662/662
f 714/714 976/976 977/977
f 976/976 714/714 661/661
f 716/716 659/659 717/717
f 659/659 716/716 663/663
f 645/645 651/651 670/670
f 648/648 654/654 651/651
f 652/652 647/647 653/653
f 656/656 646/646 652/652
f 650/650 656/656 655/655
f 650/650 655/655 649/649
f 974/974 975/975 654/654
f 626/626 630/630 721/721
f 630/630 626/626 625/625
f 722/722 630/630 671/671
f 630/630 722/722 721/721
f 671/671 969/969 672/672
f 978/978 612/612 610/610
f 701/701 680/680 700/700
f 680/680 701/701 675/675
f 676/676 979/979 673/673
f 979/979 676/676 980/980
f 703/703 679/679 699/699
f 679/679 703/703 677/677
f 699/699 678/678 674/674
f 678/678 699/699 679/679
f 700/700 677/677 703/703
f 677/677 700/700 680/680
f 676/676 674/674 678/678
f 674/674 676/676 673/673
f 681/681 692/692 683/683
f 981/981 676/676 687/687
f 691/691 690/690 685/685
f 685/685 679/679 682/682
f 678/678 687/687 676/676
f 678/678 679/679 685/685
f 691/691 683/683 692/692
f 684/684 681/681 683/683
f 980/980 676/676 981/981
f 682/682 679/679 677/677
f 677/677 684/684 682/682
f 681/681 684/684 675/675
f 684/684 677/677 680/680
f 682/682 684/684 683/683
f 675/675 684/684 680/680
f 685/685 686/686 678/678
f 687/687 678/678 686/686
f 693/693 687/687 688/688
f 686/686 688/688 687/687
f 685/685 689/689 686/686
f 688/688 686/686 689/689
f 689/689 685/685 690/690
f 683/683 691/691 682/682
f 682/682 691/691 685/685
f 687/687 693/693 981/981
f 692/692 681/681 982/982
f 983/983 694/694 984/984
f 983/983 985/985 695/695
f 695/695 702/702 983/983
f 696/696 986/986 697/697
f 821/821 696/696 987/987
f 698/698 984/984 694/694
f 984/984 698/698 988/988
f 695/695 989/989 990/990
f 989/989 695/695 985/985
f 697/697 988/988 698/698
f 988/988 697/697 986/986
f 699/699 702/702 703/703
f 702/702 699/699 694/694
f 695/695 703/703 702/702
f 703/703 695/695 700/700
f 979/979 696/696 697/697
f 694/694 674/674 698/698
f 674/674 694/694 699/699
f 979/979 697/697 673/673
f 990/990 700/700 695/695
f 700/700 990/990 701/701
f 698/698 673/673 697/697
f 673/673 698/698 674/674
f 694/694 983/983 702/702
f 615/615 704/704 616/616
f 704/704 705/705 616/616
f 620/620 706/706 705/705
f 706/706 616/616 705/705
f 636/636 616/616 706/706
f 706/706 707/707 636/636
f 970/970 636/636 707/707
f 635/635 708/708 642/642
f 625/625 709/709 708/708
f 709/709 642/642 708/708
f 643/643 642/642 709/709
f 709/709 626/626 710/710
f 709/709 710/710 643/643
f 634/634 706/706 620/620
f 706/706 634/634 707/707
f 970/970 707/707 634/634
f 634/634 631/631 711/711
f 634/634 711/711 970/970
f 625/625 635/635 991/991
f 635/635 625/625 708/708
f 665/665 712/712 713/713
f 712/712 665/665 664/664
f 667/667 713/713 714/714
f 713/713 667/667 665/665
f 668/668 714/714 977/977
f 714/714 668/668 667/667
f 669/669 715/715 716/716
f 715/715 669/669 992/992
f 666/666 716/716 717/717
f 716/716 666/666 669/669
f 720/720 717/717 723/723
f 717/717 720/720 666/666
f 726/726 724/724 725/725
f 993/993 806/806 994/994
f 995/995 728/728 727/727
f 728/728 995/995 996/996
f 996/996 729/729 728/728
f 994/994 731/731 997/997
f 731/731 994/994 730/730
f 730/730 732/732 731/731
f 732/732 724/724 731/731
f 724/724 732/732 725/725
f 730/730 994/994 806/806
f 744/744 733/733 727/727
f 727/727 728/728 744/744
f 734/734 744/744 728/728
f 728/728 729/729 734/734
f 736/736 998/998 999/999
f 999/999 746/746 736/736
f 1000/1000 735/735 737/737
f 735/735 1000/1000 740/740
f 811/811 739/739 732/732
f 732/732 730/730 811/811
f 739/739 725/725 732/732
f 750/750 813/813 735/735
f 812/812 750/750 738/738
f 735/735 740/740 750/750
f 743/743 741/741 742/742
f 733/733 1001/1001 1002/1002
f 745/745 746/746 743/743
f 743/743 742/742 745/745
f 744/744 1003/1003 1001/1001
f 1001/1001 733/733 744/744
f 747/747 744/744 734/734
f 748/748 749/749 746/746
f 746/746 745/745 748/748
f 747/747 1004/1004 1003/1003
f 1003/1003 744/744 747/747
f 749/749 736/736 746/746
f 813/813 810/810 1005/1005
f 746/746 999/999 1006/1006
f 1006/1006 743/743 746/746
f 739/739 811/811 1007/1007
f 734/734 820/820 751/751
f 820/820 734/734 729/729
f 752/752 1008/1008 998/998
f 998/998 736/736 752/752
f 751/751 753/753 747/747
f 747/747 734/734 751/751
f 754/754 755/755 749/749
f 749/749 748/748 754/754
f 753/753 1009/1009 1004/1004
f 1004/1004 747/747 753/753
f 755/755 752/752 736/736
f 736/736 749/749 755/755
f 751/751 820/820 756/756
f 1008/1008 752/752 772/772
f 753/753 751/751 769/769
f 1009/1009 753/753 770/770
f 752/752 755/755 773/773
f 757/757 758/758 769/769
f 769/769 756/756 757/757
f 759/759 1010/1010 1011/1011
f 1011/1011 772/772 759/759
f 758/758 760/760 770/770
f 770/770 769/769 758/758
f 761/761 762/762 773/773
f 773/773 771/771 761/761
f 760/760 1012/1012 1013/1013
f 1013/1013 770/770 760/760
f 762/762 759/759 772/772
f 772/772 773/773 762/762
f 814/814 815/815 758/758
f 758/758 757/757 814/814
f 819/819 1014/1014 1010/1010
f 1010/1010 759/759 819/819
f 815/815 816/816 760/760
f 760/760 758/758 815/815
f 817/817 818/818 762/762
f 762/762 761/761 817/817
f 816/816 1015/1015 1012/1012
f 1012/1012 760/760 816/816
f 818/818 819/819 759/759
f 759/759 762/762 818/818
f 751/751 756/756 769/769
f 753/753 769/769 770/770
f 772/772 1011/1011 1008/1008
f 773/773 772/772 752/752
f 755/755 771/771 773/773
f 755/755 754/754 771/771
f 1009/1009 770/770 1013/1013
f 1005/1005 1016/1016 735/735
f 735/735 813/813 1005/1005
f 1017/1017 737/737 735/735
f 735/735 1016/1016 1017/1017
f 737/737 774/774 1000/1000
f 1018/1018 724/724 726/726
f 803/803 782/782 777/777
f 782/782 803/803 802/802
f 778/778 1019/1019 1020/1020
f 1019/1019 778/778 775/775
f 805/805 781/781 779/779
f 781/781 805/805 801/801
f 780/780 801/801 776/776
f 801/801 780/780 781/781
f 802/802 779/779 782/782
f 779/779 802/802 805/805
f 778/778 776/776 775/775
f 776/776 778/778 780/780
f 783/783 785/785 794/794
f 1021/1021 789/789 778/778
f 793/793 787/787 792/792
f 787/787 784/784 781/781
f 780/780 778/778 789/789
f 780/780 787/787 781/781
f 793/793 794/794 785/785
f 786/786 785/785 783/783
f 1020/1020 1021/1021 778/778
f 784/784 779/779 781/781
f 779/779 784/784 786/786
f 783/783 777/777 786/786
f 786/786 782/782 779/779
f 784/784 785/785 786/786
f 777/777 782/782 786/786
f 787/787 780/780 788/788
f 789/789 788/788 780/780
f 795/795 790/790 789/789
f 788/788 789/789 790/790
f 787/787 788/788 791/791
f 790/790 791/791 788/788
f 791/791 792/792 787/787
f 785/785 784/784 793/793
f 784/784 787/787 793/793
f 789/789 1021/1021 795/795
f 794/794 1022/1022 783/783
f 1023/1023 1024/1024 796/796
f 1023/1023 797/797 1025/1025
f 797/797 1023/1023 804/804
f 798/798 799/799 1026/1026
f 1026/1026 1027/1027 798/798
f 800/800 796/796 1024/1024
f 1024/1024 1028/1028 800/800
f 797/797 1029/1029 1030/1030
f 1030/1030 1025/1025 797/797
f 799/799 800/800 1028/1028
f 1028/1028 1026/1026 799/799
f 804/804 801/801 805/805
f 801/801 804/804 796/796
f 797/797 805/805 802/802
f 805/805 797/797 804/804
f 1019/1019 799/799 798/798
f 796/796 776/776 801/801
f 776/776 796/796 800/800
f 1019/1019 775/775 799/799
f 1029/1029 802/802 803/803
f 802/802 1029/1029 797/797
f 800/800 775/775 776/776
f 775/775 800/800 799/799
f 796/796 804/804 1023/1023
f 995/995 727/727 993/993
f 993/993 727/727 806/806
f 730/730 806/806 807/807
f 807/807 806/806 727/727
f 733/733 807/807 727/727
f 807/807 733/733 808/808
f 1002/1002 808/808 733/733
f 741/741 743/743 809/809
f 813/813 809/809 810/810
f 810/810 809/809 743/743
f 1006/1006 810/810 743/743
f 810/810 1031/1031 1005/1005
f 810/810 1006/1006 1031/1031
f 811/811 730/730 807/807
f 807/807 808/808 811/811
f 1002/1002 811/811 808/808
f 811/811 1032/1032 1007/1007
f 811/811 1002/1002 1032/1032
f 813/813 812/812 741/741
f 741/741 809/809 813/813
f 764/764 814/814 763/763
f 814/814 764/764 815/815
f 766/766 815/815 764/764
f 815/815 766/766 816/816
f 767/767 816/816 766/766
f 816/816 767/767 1015/1015
f 768/768 817/817 1033/1033
f 817/817 768/768 818/818
f 765/765 818/818 768/768
f 818/818 765/765 819/819
f 1034/1034 819/819 765/765
f 819/819 1034/1034 1014/1014
f 644/644 991/991 1035/1035
f 991/991 644/644 625/625
f 750/750 812/812 813/813
f 827/827 836/836 824/824
f 842/842 831/831 871/871
f 830/830 829/829 870/870
f 838/838 843/843 829/829
f 870/870 839/839 869/869
f 828/828 830/830 870/870
f 842/842 862/862 850/850
f 841/841 837/837 840/840
f 841/841 1036/1036 837/837
f 840/840 839/839 844/844
f 863/863 844/844 839/839
f 850/850 867/867 866/866
f 865/865 864/864 838/838
f 863/863 843/843 848/848
f 843/843 863/863 839/839
f 1037/1037 853/853 845/845
f 844/844 1037/1037 840/840
f 864/864 854/854 848/848
f 846/846 847/847 866/866
f 865/865 866/866 847/847
f 842/842 850/850 851/851
f 853/853 844/844 852/852
f 863/863 852/852 844/844
f 863/863 848/848 852/852
f 854/854 852/852 848/848
f 854/854 864/864 849/849
f 853/853 1037/1037 844/844
f 847/847 859/859 849/849
f 858/858 849/849 859/859
f 852/852 855/855 853/853
f 857/857 853/853 855/855
f 852/852 854/854 855/855
f 856/856 855/855 854/854
f 857/857 832/832 861/861
f 846/846 1038/1038 860/860
f 1039/1039 860/860 1038/1038
f 859/859 847/847 860/860
f 846/846 860/860 847/847
f 854/854 849/849 856/856
f 856/856 858/858 834/834
f 849/849 858/858 856/856
f 857/857 845/845 853/853
f 856/856 868/868 855/855
f 868/868 856/856 834/834
f 845/845 857/857 861/861
f 862/862 1040/1040 850/850
f 1040/1040 862/862 836/836
f 857/857 868/868 832/832
f 868/868 857/857 855/855
f 858/858 835/835 834/834
f 835/835 858/858 859/859
f 860/860 835/835 859/859
f 835/835 860/860 833/833
f 1039/1039 833/833 860/860
f 833/833 1039/1039 1041/1041
f 842/842 871/871 862/862
f 837/837 823/823 828/828
f 840/840 837/837 839/839
f 869/869 839/839 837/837
f 1036/1036 1042/1042 823/823
f 831/831 842/842 829/829
f 849/849 864/864 847/847
f 843/843 838/838 848/848
f 846/846 867/867 1038/1038
f 829/829 851/851 838/838
f 828/828 823/823 822/822
f 823/823 837/837 1036/1036
f 824/824 862/862 871/871
f 836/836 862/862 824/824
f 864/864 865/865 847/847
f 838/838 864/864 848/848
f 851/851 850/850 865/865
f 851/851 865/865 838/838
f 866/866 867/867 846/846
f 866/866 865/865 850/850
f 841/841 840/840 1037/1037
f 850/850 1040/1040 867/867
f 870/870 869/869 828/828
f 828/828 869/869 837/837
f 839/839 870/870 843/843
f 870/870 829/829 843/843
f 824/824 871/871 826/826
f 831/831 826/826 871/871
f 842/842 851/851 829/829
f 872/872 829/829 830/830
f 830/830 873/873 872/872
f 873/873 830/830 828/828
f 828/828 874/874 873/873
f 875/875 831/831 829/829
f 829/829 872/872 875/875
f 874/874 828/828 822/822
f 822/822 825/825 874/874
f 876/876 1043/1043 831/831
f 831/831 875/875 876/876
f 1044/1044 1045/1045 885/885
f 891/891 920/920 880/880
f 879/879 919/919 878/878
f 887/887 878/878 892/892
f 919/919 918/918 888/888
f 877/877 919/919 879/879
f 891/891 899/899 911/911
f 890/890 889/889 886/886
f 890/890 886/886 1046/1046
f 889/889 893/893 888/888
f 912/912 888/888 893/893
f 899/899 915/915 916/916
f 914/914 887/887 913/913
f 912/912 897/897 892/892
f 892/892 888/888 912/912
f 1047/1047 894/894 902/902
f 893/893 889/889 1047/1047
f 913/913 897/897 903/903
f 895/895 915/915 896/896
f 914/914 896/896 915/915
f 891/891 900/900 899/899
f 902/902 901/901 893/893
f 912/912 893/893 901/901
f 912/912 901/901 897/897
f 903/903 897/897 901/901
f 903/903 898/898 913/913
f 902/902 893/893 1047/1047
f 896/896 898/898 908/908
f 907/907 908/908 898/898
f 901/901 902/902 904/904
f 906/906 904/904 902/902
f 901/901 904/904 903/903
f 905/905 903/903 904/904
f 906/906 910/910 881/881
f 895/895 909/909 1048/1048
f 1049/1049 1048/1048 909/909
f 908/908 909/909 896/896
f 895/895 896/896 909/909
f 903/903 905/905 898/898
f 905/905 883/883 907/907
f 898/898 905/905 907/907
f 906/906 902/902 894/894
f 905/905 917/917 883/883
f 917/917 905/905 904/904
f 894/894 910/910 906/906
f 911/911 899/899 1050/1050
f 1050/1050 885/885 911/911
f 906/906 917/917 904/904
f 917/917 906/906 881/881
f 907/907 883/883 884/884
f 884/884 908/908 907/907
f 909/909 908/908 884/884
f 884/884 882/882 909/909
f 1049/1049 909/909 882/882
f 882/882 1051/1051 1049/1049
f 891/891 911/911 920/920
f 886/886 877/877 1052/1052
f 889/889 888/888 886/886
f 918/918 886/886 888/888
f 1046/1046 1052/1052 1053/1053
f 880/880 878/878 891/891
f 898/898 896/896 913/913
f 892/892 897/897 887/887
f 895/895 1048/1048 916/916
f 878/878 887/887 900/900
f 877/877 1054/1054 1052/1052
f 1052/1052 1046/1046 886/886
f 1045/1045 920/920 911/911
f 885/885 1045/1045 911/911
f 913/913 896/896 914/914
f 887/887 897/897 913/913
f 900/900 914/914 899/899
f 900/900 887/887 914/914
f 915/915 895/895 916/916
f 915/915 899/899 914/914
f 890/890 1047/1047 889/889
f 899/899 916/916 1050/1050
f 919/919 877/877 918/918
f 877/877 886/886 918/918
f 888/888 892/892 919/919
f 919/919 892/892 878/878
f 1045/1045 1055/1055 920/920
f 880/880 920/920 1055/1055
f 891/891 878/878 900/900
f 921/921 879/879 878/878
f 879/879 921/921 922/922
f 922/922 877/877 879/879
f 877/877 922/922 923/923
f 924/924 878/878 880/880
f 878/878 924/924 921/921
f 923/923 1054/1054 877/877
f 1054/1054 923/923 1056/1056
f 1057/1057 880/880 1058/1058
f 880/880 1057/1057 924/924
f 925/925 945/945 926/926
f 925/925 926/926 927/927
f 925/925 927/927 928/928
f 925/925 928/928 929/929
f 938/938 933/933 937/937
f 933/933 938/938 934/934
f 939/939 934/934 938/938
f 934/934 939/939 935/935
f 940/940 1059/1059 1060/1060
f 1059/1059 940/940 936/936
f 941/941 936/936 940/940
f 936/936 941/941 960/960
f 933/933 1061/1061 1062/1062
f 1061/1061 933/933 934/934
f 934/934 1063/1063 1061/1061
f 1063/1063 934/934 935/935
f 1059/1059 1064/1064 1065/1065
f 1064/1064 1059/1059 936/936
f 936/936 1066/1066 1064/1064
f 1066/1066 936/936 960/960
f 937/937 959/959 938/938
f 959/959 937/937 948/948
f 938/938 930/930 939/939
f 930/930 938/938 959/959
f 940/940 1067/1067 931/931
f 1067/1067 940/940 1060/1060
f 941/941 931/931 932/932
f 931/931 941/941 940/940
f 925/925 929/929 958/958
f 960/960 1068/1068 1066/1066
f 1068/1068 960/960 942/942
f 960/960 943/943 942/942
f 943/943 960/960 941/941
f 932/932 943/943 941/941
f 943/943 932/932 944/944
f 1069/1069 946/946 1070/1070
f 1069/1069 961/961 946/946
f 1069/1069 947/947 961/961
f 1069/1069 962/962 947/947
f 955/955 1071/1071 951/951
f 1071/1071 955/955 1072/1072
f 956/956 951/951 952/952
f 951/951 956/956 955/955
f 957/957 1073/1073 953/953
f 1073/1073 957/957 1074/1074
f 965/965 953/953 954/954
f 953/953 965/965 957/957
f 1071/1071 1075/1075 951/951
f 1075/1075 1071/1071 1076/1076
f 951/951 1077/1077 952/952
f 1077/1077 951/951 1075/1075
f 1073/1073 1078/1078 953/953
f 1078/1078 1073/1073 1079/1079
f 953/953 1080/1080 954/954
f 1080/1080 953/953 1078/1078
f 1072/1072 963/963 1081/1081
f 963/963 1072/1072 955/955
f 955/955 949/949 963/963
f 949/949 955/955 956/956
f 957/957 1082/1082 1074/1074
f 1082/1082 957/957 950/950
f 965/965 950/950 957/957
f 950/950 965/965 964/964
f 1069/1069 1083/1083 962/962
f 954/954 1084/1084 1085/1085
f 1084/1084 954/954 1080/1080
f 954/954 1086/1086 965/965
f 1086/1086 954/954 1085/1085
f 964/964 1086/1086 1087/1087
f 1086/1086 964/964 965/965
f 1090/1090 1089/1089 1088/1088
f 1093/1093 1092/1092 1091/1091
f 1096/1096 1094/1094 1095/1095
f 1097/1097 1101/1101 1102/1102
f 1097/1097 1102/1102 1098/1098
f 1098/1098 1102/1102 1103/1103
f 1098/1098 1103/1103 1099/1099
f 1099/1099 1103/1103 1104/1104
f 1099/1099 1104/1104 1100/1100
f 1100/1100 1104/1104 1097/1097
f 1104/1104 1101/1101 1097/1097
f 1101/1101 1105/1105 1106/1106
f 1101/1101 1106/1106 1102/1102
f 1102/1102 1106/1106 1107/1107
f 1102/1102 1107/1107 1103/1103
f 1103/1103 1107/1107 1108/1108
f 1103/1103 1108/1108 1104/1104
f 1104/1104 1108/1108 1101/1101
f 1108/1108 1105/1105 1101/1101
f 1105/1105 1113/1113 1106/1106
f 1106/1106 1110/1110 1107/1107
f 1110/1110 1111/1111 1107/1107
f 1107/1107 1111/1111 1112/1112
f 1107/1107 1112/1112 1108/1108
f 1108/1108 1112/1112 1109/1109
f 1109/1109 1113/1113 1105/1105
f 1113/1113 1110/1110 1106/1106
f 1108/1108 1109/1109 1105/1105
f 1199/1199 1200/1200 1201/1201
f 1200/1200 1199/1199 1202/1202
f 1203/1203 1114/1114 1204/1204
f 1114/1114 1203/1203 1115/1115
f 1204/1204 1116/1116 1205/1205
f 1116/1116 1204/1204 1114/1114
f 1205/1205 1115/1115 1203/1203
f 1115/1115 1205/1205 1116/1116
f 1115/1115 1117/1117 1114/1114
f 1114/1114 1118/1118 1116/1116
f 1118/1118 1114/1114 1117/1117
f 1115/1115 1118/1118 1206/1206
f 1118/1118 1115/1115 1116/1116
f 1109/1109 1111/1111 1110/1110
f 1111/1111 1109/1109 1112/1112
f 1119/1119 1124/1124 1123/1123
f 1119/1119 1120/1120 1124/1124
f 1120/1120 1125/1125 1124/1124
f 1120/1120 1121/1121 1125/1125
f 1121/1121 1126/1126 1125/1125
f 1121/1121 1122/1122 1126/1126
f 1122/1122 1119/1119 1126/1126
f 1126/1126 1119/1119 1123/1123
f 1123/1123 1128/1128 1127/1127
f 1123/1123 1124/1124 1128/1128
f 1124/1124 1129/1129 1128/1128
f 1124/1124 1125/1125 1129/1129
f 1125/1125 1130/1130 1129/1129
f 1125/1125 1126/1126 1130/1130
f 1126/1126 1123/1123 1130/1130
f 1130/1130 1123/1123 1127/1127
f 1127/1127 1128/1128 1135/1135
f 1128/1128 1129/1129 1132/1132
f 1132/1132 1129/1129 1133/1133
f 1129/1129 1134/1134 1133/1133
f 1129/1129 1130/1130 1134/1134
f 1130/1130 1131/1131 1134/1134
f 1131/1131 1127/1127 1135/1135
f 1135/1135 1128/1128 1132/1132
f 1130/1130 1127/1127 1131/1131
f 1207/1207 1208/1208 1209/1209
f 1209/1209 1210/1210 1207/1207
f 1136/1136 1211/1211 1212/1212
f 1211/1211 1136/1136 1137/1137
f 1138/1138 1212/1212 1213/1213
f 1212/1212 1138/1138 1136/1136
f 1137/1137 1213/1213 1211/1211
f 1213/1213 1137/1137 1138/1138
f 1139/1139 1137/1137 1136/1136
f 1140/1140 1136/1136 1138/1138
f 1136/1136 1140/1140 1139/1139
f 1137/1137 1140/1140 1138/1138
f 1140/1140 1137/1137 1214/1214
f 1133/1133 1131/1131 1132/1132
f 1131/1131 1133/1133 1134/1134
f 1141/1141 1142/1142 1143/1143
f 1141/1141 1143/1143 1144/1144
f 1141/1141 1144/1144 1145/1145
f 1141/1141 1145/1145 1142/1142
f 1142/1142 1146/1146 1147/1147
f 1142/1142 1147/1147 1143/1143
f 1143/1143 1147/1147 1148/1148
f 1143/1143 1148/1148 1144/1144
f 1144/1144 1148/1148 1149/1149
f 1144/1144 1149/1149 1145/1145
f 1145/1145 1149/1149 1146/1146
f 1145/1145 1146/1146 1142/1142
f 1215/1215 1150/1150 1151/1151
f 1215/1215 1151/1151 1216/1216
f 1216/1216 1151/1151 1152/1152
f 1216/1216 1152/1152 1217/1217
f 1217/1217 1152/1152 1153/1153
f 1217/1217 1153/1153 1218/1218
f 1218/1218 1153/1153 1150/1150
f 1218/1218 1150/1150 1215/1215
f 1219/1219 1154/1154 1155/1155
f 1219/1219 1155/1155 1220/1220
f 1220/1220 1155/1155 1156/1156
f 1220/1220 1156/1156 1221/1221
f 1221/1221 1156/1156 1157/1157
f 1221/1221 1157/1157 1222/1222
f 1222/1222 1157/1157 1154/1154
f 1222/1222 1154/1154 1219/1219
f 1154/1154 1158/1158 1159/1159
f 1154/1154 1159/1159 1155/1155
f 1155/1155 1159/1159 1160/1160
f 1155/1155 1160/1160 1156/1156
f 1156/1156 1160/1160 1161/1161
f 1156/1156 1161/1161 1157/1157
f 1157/1157 1161/1161 1158/1158
f 1157/1157 1158/1158 1154/1154
f 1162/1162 1159/1159 1158/1158
f 1162/1162 1160/1160 1159/1159
f 1162/1162 1161/1161 1160/1160
f 1162/1162 1158/1158 1161/1161
f 1163/1163 1165/1165 1166/1166
f 1166/1166 1164/1164 1163/1163
f 1164/1164 1166/1166 1167/1167
f 1164/1164 1167/1167 1168/1168
f 1164/1164 1165/1165 1163/1163
f 1165/1165 1164/1164 1168/1168
f 1170/1170 1165/1165 1169/1169
f 1165/1165 1170/1170 1166/1166
f 1170/1170 1167/1167 1166/1166
f 1168/1168 1169/1169 1165/1165
f 1172/1172 1169/1169 1171/1171
f 1169/1169 1172/1172 1170/1170
f 1173/1173 1170/1170 1172/1172
f 1170/1170 1173/1173 1167/1167
f 1174/1174 1167/1167 1173/1173
f 1167/1167 1174/1174 1168/1168
f 1174/1174 1169/1169 1168/1168
f 1169/1169 1174/1174 1171/1171
f 1175/1175 1178/1178 1177/1177
f 1178/1178 1176/1176 1181/1181
f 1176/1176 1178/1178 1175/1175
f 1176/1176 1182/1182 1181/1181
f 1176/1176 1177/1177 1182/1182
f 1177/1177 1176/1176 1175/1175
f 1177/1177 1180/1180 1179/1179
f 1180/1180 1177/1177 1178/1178
f 1180/1180 1178/1178 1181/1181
f 1182/1182 1177/1177 1179/1179
f 1179/1179 1184/1184 1183/1183
f 1184/1184 1179/1179 1180/1180
f 1180/1180 1185/1185 1184/1184
f 1185/1185 1180/1180 1181/1181
f 1181/1181 1186/1186 1185/1185
f 1186/1186 1181/1181 1182/1182
f 1179/1179 1186/1186 1182/1182
f 1186/1186 1179/1179 1183/1183
f 1187/1187 1189/1189 1188/1188
f 1187/1187 1190/1190 1189/1189
f 1187/1187 1191/1191 1190/1190
f 1187/1187 1188/1188 1191/1191
f 1192/1192 1188/1188 1189/1189
f 1192/1192 1189/1189 1190/1190
f 1192/1192 1190/1190 1191/1191
f 1192/1192 1191/1191 1188/1188
f 1193/1193 1194/1194 1195/1195
f 1193/1193 1195/1195 1196/1196
f 1193/1193 1196/1196 1197/1197
f 1193/1193 1197/1197 1194/1194
f 1198/1198 1195/1195 1194/1194
f 1198/1198 1196/1196 1195/1195
f 1198/1198 1197/1197 1196/1196
f 1198/1198 1194/1194 1197/1197
