# MOD converted: m183.mod
# 1212 verts, 1665 faces

v 181.654938 12.001071 -0.006465
v 161.725052 28.262779 -0.004663
v 144.030914 22.107573 -0.005487
v 148.134048 25.451204 -0.005978
v 173.260101 24.518026 18.035297
v 177.046570 -1.950486 15.084644
v 172.430435 -14.862781 21.790804
v 164.300781 15.346563 16.420061
v 174.265228 16.294355 14.007970
v 162.290131 24.600491 11.072611
v 163.761780 -22.994564 21.292482
v 163.914551 -15.348866 25.616678
v 164.969498 -1.291430 19.303421
v 149.140335 14.839762 11.979063
v 148.030869 21.563501 10.534018
v 147.744415 -17.462269 19.412798
v 146.552155 -11.788183 22.343300
v 146.151047 -2.018927 17.990948
v 144.078537 12.180541 11.190604
v 143.881180 18.603867 11.719935
v 155.067688 -22.921227 22.051950
v 154.132782 -14.869825 26.491766
v 152.362610 -4.474496 -0.003231
v 128.835037 17.381557 14.254707
v 129.786728 -8.991107 17.938251
v 128.427612 -0.291303 14.444287
v 129.315231 9.585178 8.984419
v 129.032349 16.144026 12.988643
v 137.876923 -14.460070 0.003471
v 175.819321 -20.073956 0.004963
v 163.996826 -25.564960 0.000005
v 144.041931 -20.051102 0.000008
v 155.380432 -25.371191 0.001067
v 180.900940 -9.486093 -18.036161
v 176.985748 -1.950485 -15.079754
v 172.379578 -14.862776 -21.798344
v 164.227249 15.346577 -16.428560
v 174.209808 16.294357 -14.019361
v 162.242859 24.600489 -11.063754
v 163.724457 -22.994576 -21.286892
v 163.842743 -15.348871 -25.617151
v 164.883102 -1.291461 -19.309910
v 149.075195 14.839763 -11.988383
v 147.990433 21.563499 -10.534019
v 147.744415 -17.462267 -19.412786
v 146.552155 -11.788184 -22.342823
v 146.113342 -2.018930 -17.996033
v 144.017853 12.180544 -11.198415
v 143.843384 18.603874 -11.719928
v 155.067688 -22.921240 -22.051941
v 154.132721 -14.869816 -26.490950
v 152.317947 -4.474501 -14.254706
v 129.786728 -8.991108 -17.937151
v 128.367111 -0.291300 -14.447460
v 129.266479 9.585178 -8.990111
v 128.839905 14.993396 -12.988643
v 137.876862 -14.460062 -0.005593
v 149.362411 25.776638 -0.000019
v 147.690903 28.025480 -0.000001
v 143.797485 26.981695 -0.004934
v 144.135620 23.366833 1.665356
v 146.442276 25.478432 2.096324
v 146.493393 25.005745 5.749677
v 139.423157 29.221416 10.470194
v 143.857941 28.392805 10.276964
v 143.306992 23.522507 11.953285
v 134.795258 31.229086 16.384403
v 137.633911 25.611898 17.126596
v 131.562363 30.286964 2.568486
v 148.429810 24.062664 2.493133
v 147.784714 27.519468 2.568760
v 144.331024 23.302835 2.493130
v 143.891281 26.475693 -1.676275
v 146.436615 25.478432 -2.107036
v 146.486313 25.005745 -5.749697
v 139.423080 29.221403 -10.470216
v 143.857880 28.392817 -10.276979
v 143.306992 23.522493 -11.965996
v 134.754913 31.229084 -16.384411
v 137.633911 25.611891 -17.138746
v 131.504517 30.286972 -2.578905
v 148.421143 24.062672 -2.493152
v 147.784698 27.519464 -2.578629
v 144.322327 23.302826 -2.493150
v 143.891281 26.475691 0.000006
v 146.294556 -21.903234 4.902375
v 130.082077 -2.957688 0.001704
v 128.728439 -5.737224 -4.900223
v 130.065552 -2.957690 7.732743
v 129.861176 -10.918598 2.898203
v 136.236801 -17.682352 5.495818
v 139.553101 -15.460706 0.000003
v 132.645004 -17.611353 13.213657
v 150.630493 -15.916605 13.779324
v 133.424500 -9.051604 5.295551
v 147.956390 -15.980942 0.000004
v 137.325607 -19.814388 8.994757
v 132.677109 -14.315940 6.841964
v 151.077713 -18.667423 14.581528
v 138.646271 -11.314699 0.000003
v 135.734879 -19.072449 0.000004
v 140.984070 -17.288706 0.000016
v 151.243896 -19.509417 14.414212
v 136.059235 -10.939405 9.537724
v 135.680557 -15.125759 10.976168
v 131.082352 -5.175278 0.000006
v 147.416504 -18.536049 0.003154
v 128.070312 -12.445481 13.413651
v 148.300247 -14.233391 -7.732737
v 129.861160 -10.918606 -2.898207
v 136.236801 -17.682352 -5.495838
v 139.553101 -15.460703 -13.213611
v 150.630463 -15.916604 -13.779321
v 133.424438 -9.051606 -5.295548
v 147.956390 -15.980940 -8.994746
v 132.677094 -14.315948 -6.841932
v 151.077713 -18.667433 -14.581524
v 138.646271 -11.314709 -14.414222
v 136.059235 -10.939414 -9.537720
v 135.680557 -15.125762 -10.976163
v 131.082306 -5.175282 -13.413660
v 148.300232 -14.233395 19.412798
v 146.552155 -11.788183 22.343300
v 146.151047 -2.018927 17.990948
v 144.078537 12.180541 11.190604
v 143.881180 18.603867 -0.004663
v 144.030914 22.107573 10.534018
v 147.744415 -17.462269 -19.412786
v 146.552155 -11.788184 -22.342823
v 146.113342 -2.018930 -17.996033
v 144.017853 12.180544 -11.198415
v 143.843384 18.603874 -10.534019
v 147.744415 -17.462267 0.324312
v 7.856697 -24.558876 15.859109
v 11.738609 -17.496532 15.101295
v 16.437294 -11.300363 22.706997
v 10.628792 -15.952575 22.212597
v 12.646690 5.556766 18.496897
v 12.554893 10.875822 27.038395
v 6.120399 -14.549673 22.850496
v 7.562508 -22.235571 22.661797
v -0.000656 6.341383 18.875698
v -0.002029 11.110122 24.626692
v 8.556732 -3.947209 27.519594
v 0.000214 -14.627375 24.283398
v 0.000229 -24.178272 25.436096
v -0.001160 -3.326002 16.503796
v -0.001221 -27.383272 21.641193
v 15.475792 -7.633713 22.663694
v 14.016495 -1.769959 22.413998
v 22.094795 3.281885 20.746700
v 22.093903 -5.952146 18.201599
v 22.093697 10.319726 14.612600
v 22.093193 -8.960533 16.256199
v 46.351387 9.729926 20.425598
v 46.651291 1.797502 17.760597
v 38.084595 10.888025 22.449997
v 37.857697 2.637295 17.806202
v 46.299591 -7.076130 12.281401
v 45.896591 -10.547802 13.115897
v 37.052589 -10.029303 19.394693
v 37.483093 -6.648833 12.423898
v 39.491692 -0.456033 10.843798
v 46.130791 10.179726 11.682797
v 37.787994 11.724827 12.955899
v 22.092590 10.636225 13.364498
v 12.558990 11.760122 13.441399
v -0.001282 11.958825 9.235255
v 7.553749 -23.251572 8.652204
v 10.570992 -17.056873 8.750737
v -0.000519 10.186824 8.646919
v 12.563492 10.002424 6.648058
v 0.002060 4.897373 6.413697
v 12.555687 4.577354 5.464499
v 6.664803 -16.316372 6.102139
v 8.755188 -5.796431 8.105136
v 0.000229 -25.163074 4.961109
v 0.000229 -15.839874 5.838006
v 0.001877 -4.239656 8.607412
v 15.348793 -9.254270 6.493629
v 13.934090 -3.448793 8.488697
v 22.092598 -6.427665 8.007970
v 22.091599 9.496727 5.515497
v 22.091202 2.287670 3.171959
v 36.965591 2.075522 6.283689
v 45.677399 -7.889072 5.834710
v 45.860291 9.022326 5.788519
v 37.348297 10.108323 3.319130
v 45.581192 1.061911 6.634491
v 36.941299 -7.568932 -16.475803
v 7.856697 -24.558876 -15.859102
v 11.738609 -17.496531 -15.101305
v 16.437294 -11.300360 -22.707003
v 10.628792 -15.952573 -22.212597
v 12.646690 5.556766 -18.496901
v 12.554893 10.875823 -27.038403
v 6.120399 -14.549670 -22.850496
v 7.562500 -22.235567 -22.661798
v -0.000656 6.341384 -18.875696
v -0.002029 11.110126 -24.626698
v 8.556717 -3.947191 -27.519600
v 0.000214 -14.627373 -24.283400
v 0.000214 -24.178272 -25.436092
v -0.001160 -3.326002 -16.503799
v -0.001221 -27.383274 -21.641199
v 15.475792 -7.633711 -22.663700
v 14.016487 -1.769953 -22.414000
v 22.094795 3.281908 -20.746702
v 22.093895 -5.952142 -18.201599
v 22.093697 10.319726 -14.612606
v 22.093193 -8.960532 -16.256199
v 46.351387 9.729927 -20.425600
v 46.651299 1.797511 -17.760599
v 38.084595 10.888025 -22.450001
v 37.857697 2.637312 -17.806200
v 46.299591 -7.076128 -12.281397
v 45.896591 -10.547804 -13.115897
v 37.052589 -10.029303 -19.394697
v 37.483101 -6.648830 -12.423901
v 39.491692 -0.456032 -10.843799
v 46.130791 10.179727 -11.682800
v 37.787994 11.724825 -12.955902
v 22.092598 10.636226 -13.364498
v 12.558990 11.760122 -13.441400
v -0.001282 11.958824 -9.235261
v 7.553757 -23.251572 -8.652212
v 10.570992 -17.056871 -8.750742
v -0.000519 10.186824 -8.646921
v 12.563484 10.002424 -6.648062
v 0.002060 4.897374 -6.413702
v 12.555695 4.577356 -5.464503
v 6.664803 -16.316372 -6.102143
v 8.755196 -5.796430 -8.105141
v 0.000214 -25.163073 -4.961112
v 0.000214 -15.839872 -5.838012
v 0.001877 -4.239653 -8.607423
v 15.348793 -9.254273 -6.493632
v 13.934097 -3.448795 -8.488703
v 22.092590 -6.427662 -8.007969
v 22.091591 9.496727 -5.515502
v 22.091187 2.287660 -3.171962
v 36.965591 2.075555 -6.283692
v 45.677391 -7.889074 -5.834713
v 45.860291 9.022326 -5.788520
v 37.348289 10.108326 -3.319131
v 45.581192 1.061873 -6.634487
v 36.941292 -7.568930 20.425598
v 46.651291 1.797502 16.256199
v 46.351387 9.729926 10.843798
v 46.130791 10.179726 17.806202
v 46.299591 -7.076130 12.281401
v 45.896591 -10.547802 24.283398
v 0.000229 -24.178272 27.519594
v 0.000214 -14.627375 25.436096
v -0.001160 -3.326002 8.105136
v 0.000229 -25.163074 4.961109
v 0.000229 -15.839874 5.838006
v 0.001877 -4.239656 16.503796
v -0.001221 -27.383272 6.648058
v 0.002060 4.897373 22.661797
v -0.000656 6.341383 18.875698
v -0.002029 11.110122 8.750737
v -0.000519 10.186824 5.834710
v 45.860291 9.022326 3.319130
v 45.581192 1.061911 6.283689
v 45.677399 -7.889072 13.441399
v -0.001282 11.958825 -20.425600
v 46.651299 1.797511 -16.256199
v 46.351387 9.729927 -10.843799
v 46.130791 10.179727 -17.806200
v 46.299591 -7.076128 -12.281397
v 45.896591 -10.547804 -24.283400
v 0.000214 -24.178272 -27.519600
v 0.000214 -14.627373 -25.436092
v -0.001160 -3.326002 -8.105141
v 0.000214 -25.163073 -4.961112
v 0.000214 -15.839872 -5.838012
v 0.001877 -4.239653 -16.503799
v -0.001221 -27.383274 -6.648062
v 0.002060 4.897374 -22.661798
v -0.000656 6.341384 -18.875696
v -0.002029 11.110126 -8.750742
v -0.000519 10.186824 -5.834713
v 45.860291 9.022326 -3.319131
v 45.581192 1.061873 -6.283692
v 45.677391 -7.889074 -13.441400
v -0.001282 11.958824 0.037368
v 91.617004 4.176143 48.282192
v 96.583412 7.233468 44.823204
v 91.557800 -2.953821 51.514290
v 101.294006 4.763334 47.983910
v 96.514999 -6.804322 51.290901
v 101.503998 -4.010116 46.951496
v 87.796898 -9.110332 60.077293
v 92.777496 7.308398 54.192997
v 89.966202 -9.735113 57.939804
v 90.325500 -8.897743 56.184696
v 85.002792 -10.837172 54.438393
v 87.560303 -10.586802 54.229893
v 82.092102 -12.072172 50.332096
v 84.435196 -11.311941 52.173798
v 94.569504 7.824357 54.441994
v 90.522202 2.335886 51.050903
v 87.261299 -6.103455 52.229794
v 85.087402 -8.557872 54.825291
v 83.410599 -9.712292 60.253105
v 93.555801 -8.757032 49.622791
v 91.378807 -10.337271 54.617172
v 93.840179 -9.322539 55.907597
v 84.047791 -13.196972 52.415100
v 87.241089 -12.808672 58.706200
v 90.390198 -0.818724 61.088097
v 94.013992 -0.674811 50.247501
v 90.759201 6.159316 64.128906
v 90.234589 -8.776992 62.025303
v 87.708603 -8.748052 62.696793
v 87.560898 -0.623043 64.803291
v 90.311089 -0.630842 67.823593
v 86.401993 -8.612741 65.166992
v 85.152603 -8.608191 66.021996
v 84.934494 -0.747643 68.720795
v 86.142700 -0.798223 57.749290
v 89.714310 7.287436 60.727303
v 93.951401 -4.553981 64.525192
v 90.367996 -5.077791 68.310593
v 86.241699 -5.505913 60.455994
v 93.531189 3.715658 64.454796
v 90.170792 2.935998 68.226395
v 86.261200 2.381947 58.530304
v 90.488602 -4.723693 62.366302
v 87.633499 -5.114034 65.661995
v 85.006592 -5.402622 58.285393
v 90.179703 3.346556 62.429897
v 87.489090 2.776877 65.547989
v 85.084900 2.343606 66.392990
v 86.566101 5.960826 63.883198
v 85.406693 5.890466 61.097187
v 87.991890 6.638117 63.221191
v 90.052399 6.762506 62.856892
v 87.582703 -0.955644 64.963387
v 90.332901 -0.963432 66.748390
v 84.166199 -1.301399 69.643089
v 85.585403 -1.351973 64.778900
v 90.371490 -4.625852 69.482590
v 85.661697 -4.675952 63.738792
v 90.303589 3.527178 66.816193
v 86.708794 3.215357 62.620102
v 87.636902 -4.662103 66.577393
v 84.231094 -4.572662 61.599197
v 87.969299 3.239336 64.334694
v 85.500992 3.105226 39.726295
v 94.208214 4.548497 29.720993
v 99.679604 5.222141 33.778278
v 105.939018 9.393227 43.110794
v 99.680412 8.036629 39.757107
v 94.208595 -3.330732 46.687592
v 104.949005 5.047201 37.483307
v 111.718979 -3.849805 46.558807
v 104.995987 -3.931660 43.201717
v 99.706497 -6.964539 29.826714
v 99.735085 -3.371560 33.761017
v 105.904961 -7.049144 37.572086
v 111.921013 5.698425 37.944595
v 103.253998 1.007208 55.521797
v 98.365692 -0.143196 54.771698
v 97.888489 5.902529 54.639191
v 98.293793 -6.360160 52.135094
v 95.027191 -8.485260 50.104496
v 90.463501 -1.510561 54.343300
v 90.301811 -3.941883 -45.159595
v 91.616989 4.176140 -48.282196
v 96.583405 7.233470 -44.823193
v 91.557800 -2.953826 -51.514297
v 101.293991 4.763340 -47.983894
v 96.514999 -6.804318 -51.290897
v 101.503998 -4.010108 -46.951496
v 87.796898 -9.110327 -60.077301
v 92.777496 7.308400 -54.192997
v 89.966202 -9.735109 -57.939796
v 90.325500 -8.897739 -56.184696
v 85.002800 -10.837168 -54.438393
v 87.560303 -10.586798 -54.229900
v 82.092102 -12.072168 -50.332100
v 84.435196 -11.311939 -52.173798
v 94.569504 7.824358 -54.442005
v 90.522209 2.335890 -51.050903
v 87.261307 -6.103450 -52.229797
v 85.087402 -8.557868 -54.825298
v 83.410599 -9.712288 -60.253098
v 93.555801 -8.757029 -49.622791
v 91.378807 -10.337268 -54.617172
v 93.840179 -9.322536 -55.907597
v 84.047791 -13.196968 -52.415096
v 87.241089 -12.808668 -58.706196
v 90.390198 -0.818720 -61.088097
v 94.013992 -0.674809 -50.247498
v 90.759201 6.159318 -64.128899
v 90.234596 -8.776989 -62.025299
v 87.708603 -8.748049 -62.696800
v 87.560898 -0.623040 -64.803291
v 90.311096 -0.630839 -67.823593
v 86.401993 -8.612739 -65.166992
v 85.152603 -8.608190 -66.021996
v 84.934494 -0.747640 -68.720795
v 86.142700 -0.798219 -57.749298
v 89.714294 7.287438 -60.727287
v 93.951401 -4.553978 -64.525192
v 90.367996 -5.077789 -68.310593
v 86.241699 -5.505909 -60.455997
v 93.531189 3.715660 -64.454796
v 90.170799 2.936001 -68.226395
v 86.261200 2.381950 -58.530296
v 90.488602 -4.723689 -62.366302
v 87.633499 -5.114030 -65.661995
v 85.006592 -5.402620 -58.285400
v 90.179703 3.346560 -62.429893
v 87.489090 2.776880 -65.547989
v 85.084900 2.343612 -66.392982
v 86.566078 5.960832 -63.883202
v 85.406693 5.890468 -61.097195
v 87.991898 6.638120 -63.221195
v 90.052399 6.762510 -62.856899
v 87.582703 -0.955639 -64.963394
v 90.332901 -0.963429 -66.748390
v 84.166199 -1.301395 -69.643089
v 85.585403 -1.351969 -64.778893
v 90.371498 -4.625849 -69.482590
v 85.661697 -4.675949 -63.738804
v 90.303589 3.527181 -66.816193
v 86.708801 3.215362 -62.620094
v 87.636902 -4.662100 -66.577393
v 84.231094 -4.572659 -61.599197
v 87.969299 3.239340 -64.334694
v 85.500992 3.105230 -39.726295
v 94.208199 4.548490 -29.720999
v 99.679596 5.222130 -33.778294
v 105.938995 9.393230 -43.110802
v 99.680389 8.036629 -39.757099
v 94.208603 -3.330739 -46.687599
v 104.949005 5.047210 -37.483299
v 111.718994 -3.849789 -46.558800
v 104.996010 -3.931650 -43.201702
v 99.706497 -6.964536 -29.826700
v 99.735092 -3.371572 -33.761002
v 105.904999 -7.049139 -37.572098
v 111.920990 5.698440 -37.944595
v 103.253990 1.007210 -55.521797
v 98.365692 -0.143189 -54.771698
v 97.888496 5.902530 -54.639191
v 98.293793 -6.360159 -52.135082
v 95.027176 -8.485257 -50.104496
v 90.463501 -1.510556 -54.343300
v 90.301811 -3.941880 44.823204
v 91.557800 -2.953821 46.951496
v 87.796898 -9.110332 54.192997
v 89.966202 -9.735113 54.229893
v 82.092102 -12.072172 50.332096
v 84.435196 -11.311941 54.438393
v 87.560303 -10.586802 56.184696
v 85.002792 -10.837172 55.907597
v 84.047791 -13.196972 56.184696
v 85.002792 -10.837172 50.247501
v 90.759201 6.159316 57.749290
v 89.714310 7.287436 57.939804
v 90.325500 -8.897743 62.025303
v 87.708603 -8.748052 65.166992
v 85.152603 -8.608191 67.823593
v 86.401993 -8.612741 45.159592
v 91.617004 4.176143 68.310593
v 86.241699 -5.505913 68.226395
v 86.261200 2.381947 68.720795
v 86.142700 -0.798223 65.661995
v 85.006592 -5.402622 64.525192
v 90.367996 -5.077791 62.366302
v 87.633499 -5.114034 68.310593
v 86.241699 -5.505913 58.530304
v 90.488602 -4.723693 60.727303
v 93.951401 -4.553981 65.547989
v 85.084900 2.343606 64.454796
v 90.170792 2.935998 62.429897
v 87.489090 2.776877 68.226395
v 86.261200 2.381947 58.285393
v 90.179703 3.346556 60.455994
v 93.531189 3.715658 66.021996
v 84.934494 -0.747643 64.803291
v 90.311089 -0.630842 68.720795
v 86.142700 -0.798223 62.696793
v 87.560898 -0.623043 58.706200
v 90.390198 -0.818724 61.088097
v 94.013992 -0.674811 69.482590
v 85.661697 -4.675952 69.643089
v 85.585403 -1.351973 61.097187
v 87.991890 6.638117 63.883198
v 85.406693 5.890466 66.392990
v 86.566101 5.960826 66.816193
v 86.708794 3.215357 66.577393
v 84.231094 -4.572662 64.778900
v 90.371490 -4.625852 69.482590
v 85.661697 -4.675952 62.620102
v 87.636902 -4.662103 58.530304
v 90.488602 -4.723693 60.727303
v 93.951401 -4.553981 64.334694
v 85.500992 3.105226 63.738792
v 90.303589 3.527178 66.816193
v 86.708794 3.215357 61.599197
v 87.969299 3.239336 58.285393
v 90.179703 3.346556 60.455994
v 93.531189 3.715658 66.748390
v 84.166199 -1.301399 64.963387
v 90.332901 -0.963432 62.856892
v 87.582703 -0.955644 69.643089
v 85.585403 -1.351973 58.706200
v 90.390198 -0.818724 61.088097
v 94.013992 -0.674811 45.159592
v 91.617004 4.176143 48.282192
v 96.583412 7.233468 45.159592
v 91.617004 4.176143 39.726295
v 94.208214 4.548497 47.983910
v 96.514999 -6.804322 44.823204
v 91.557800 -2.953821 51.514290
v 101.294006 4.763334 51.290901
v 101.503998 -4.010116 29.720993
v 99.679604 5.222141 29.720993
v 99.679604 5.222141 33.778278
v 105.939018 9.393227 33.761017
v 105.904961 -7.049144 29.826714
v 99.735085 -3.371560 37.483307
v 111.718979 -3.849805 37.572086
v 111.921013 5.698425 -44.823193
v 91.557800 -2.953826 -46.951496
v 87.796898 -9.110327 -54.192997
v 89.966202 -9.735109 -54.229900
v 82.092102 -12.072168 -50.332100
v 84.435196 -11.311939 -54.438393
v 87.560303 -10.586798 -56.184696
v 85.002800 -10.837168 -55.907597
v 84.047791 -13.196968 -56.184696
v 85.002800 -10.837168 -50.247498
v 90.759201 6.159318 -57.749298
v 89.714294 7.287438 -57.939796
v 90.325500 -8.897739 -62.025299
v 87.708603 -8.748049 -65.166992
v 85.152603 -8.608190 -67.823593
v 86.401993 -8.612739 -45.159595
v 91.616989 4.176140 -68.310593
v 86.241699 -5.505909 -68.226395
v 86.261200 2.381950 -68.720795
v 86.142700 -0.798219 -64.525192
v 90.367996 -5.077789 -65.661995
v 85.006592 -5.402620 -62.366302
v 87.633499 -5.114030 -68.310593
v 86.241699 -5.505909 -58.530296
v 90.488602 -4.723689 -60.727287
v 93.951401 -4.553978 -64.454796
v 90.170799 2.936001 -65.547989
v 85.084900 2.343612 -62.429893
v 87.489090 2.776880 -68.226395
v 86.261200 2.381950 -58.285400
v 90.179703 3.346560 -60.455997
v 93.531189 3.715660 -64.803291
v 90.311096 -0.630839 -66.021996
v 84.934494 -0.747640 -68.720795
v 86.142700 -0.798219 -62.696800
v 87.560898 -0.623040 -58.706196
v 90.390198 -0.818720 -61.088097
v 94.013992 -0.674809 -69.482590
v 85.661697 -4.675949 -69.643089
v 85.585403 -1.351969 -61.097195
v 87.991898 6.638120 -63.883202
v 85.406693 5.890468 -66.392982
v 86.566078 5.960832 -66.816193
v 86.708801 3.215362 -64.778893
v 90.371498 -4.625849 -66.577393
v 84.231094 -4.572659 -69.482590
v 85.661697 -4.675949 -62.620094
v 87.636902 -4.662100 -58.530296
v 90.488602 -4.723689 -60.727287
v 93.951401 -4.553978 -63.738804
v 90.303589 3.527181 -64.334694
v 85.500992 3.105230 -66.816193
v 86.708801 3.215362 -61.599197
v 87.969299 3.239340 -58.285400
v 90.179703 3.346560 -60.455997
v 93.531189 3.715660 -64.963394
v 90.332901 -0.963429 -66.748390
v 84.166199 -1.301395 -62.856899
v 87.582703 -0.955639 -69.643089
v 85.585403 -1.351969 -58.706196
v 90.390198 -0.818720 -61.088097
v 94.013992 -0.674809 -45.159595
v 91.616989 4.176140 -48.282196
v 96.583405 7.233470 -39.726295
v 94.208199 4.548490 -45.159595
v 91.616989 4.176140 -47.983894
v 96.514999 -6.804318 -44.823193
v 91.557800 -2.953826 -51.514297
v 101.293991 4.763340 -51.290897
v 101.503998 -4.010108 -29.720999
v 99.679596 5.222130 -29.720999
v 99.679596 5.222130 -33.778294
v 105.938995 9.393230 -33.761002
v 105.904999 -7.049139 -29.826700
v 99.735092 -3.371572 -37.483299
v 111.718994 -3.849789 -37.572098
v 111.920990 5.698440 0.311337
v 20.538389 -33.699593 -30.955879
v 20.538389 -33.699600 -33.665779
v 20.538389 -30.938553 33.665787
v 20.538395 33.699589 30.955879
v 20.538395 33.699596 33.665779
v 20.538393 30.938549 33.665615
v 120.157784 -33.699768 30.955708
v 120.157784 -33.699760 33.665623
v 120.157784 -30.938730 0.000000
v 83.436050 -29.623140 57.364590
v 88.117157 -33.059296 58.683704
v 87.331551 -34.533356 58.339291
v 82.955704 -36.881016 45.019787
v 91.445480 -52.536926 53.551910
v 85.974358 -44.603004 54.235672
v 89.598076 -43.240959 43.673187
v 95.246750 -54.389824 39.079754
v 95.041306 -65.887154 41.972088
v 92.974518 -60.026226 42.718361
v 95.639244 -59.621986 39.705200
v 97.165810 -65.835548 33.291683
v 100.098717 -90.375099 33.286148
v 98.740379 -90.479362 36.482235
v 96.917404 -76.991280 35.635448
v 99.053207 -80.466888 31.653639
v 100.673729 -102.866745 34.561642
v 99.375755 -90.600815 42.100071
v 95.779305 -67.089500 37.249279
v 96.229897 -71.915298 40.260220
v 96.668663 -72.413239 44.780308
v 94.413986 -61.827789 48.397865
v 92.548531 -55.536301 56.346436
v 88.310707 -46.683067 62.013103
v 85.312485 -39.549240 65.778587
v 83.386017 -32.454437 36.555065
v 98.718399 -73.882614 38.204266
v 97.654121 -78.660820 55.256786
v 89.776550 -16.254938 56.760609
v 84.915443 -19.473513 56.206802
v 85.849243 -13.050655 60.564922
v 86.851532 -13.737984 53.484474
v 90.837006 -14.097702 54.934673
v 87.253021 -8.777564 65.718300
v 84.144287 -6.556827 60.375343
v 87.090622 -9.014251 54.111725
v 90.605011 -9.736576 54.598545
v 87.978477 1.265291 53.787365
v 91.097420 1.325995 58.365234
v 88.256546 -7.883751 57.824951
v 88.812210 1.083420 56.472927
v 88.993271 -19.723669 57.066433
v 84.169556 -23.366026 60.489319
v 86.716095 -20.106564 61.806625
v 85.892899 -22.961163 54.058193
v 90.105988 -28.660690 61.719692
v 81.863533 -25.154978 72.651222
v 80.128677 -10.251740 65.225693
v 83.982742 -22.273214 66.133736
v 80.404160 -22.719240 68.331177
v 82.171646 -24.370707 55.953079
v 89.164177 -24.102144 48.639702
v 90.421036 -34.483532 50.085358
v 92.155128 -35.552731 49.118752
v 92.767189 -33.171253 39.779957
v 97.804970 -41.472378 34.517368
v 97.807945 -55.308384 35.963032
v 99.542038 -56.377590 45.877098
v 94.148354 -49.194893 35.160435
v 100.068710 -53.740047 25.122206
v 105.503334 -61.964111 27.258961
v 102.466454 -75.714340 28.219883
v 103.341530 -76.759521 37.749146
v 98.171768 -69.334641 27.239697
v 103.954391 -74.623528 17.914474
v 108.991371 -82.679161 31.534002
v 100.385262 -84.460114 32.380249
v 100.770851 -84.732239 36.229752
v 98.839584 -76.113716 31.493395
v 101.295387 -83.871330 28.254465
v 102.901886 -91.782494 61.401554
v 83.160873 31.531237 61.282848
v 87.810699 35.046043 62.761898
v 87.012589 36.351990 62.686737
v 82.615685 38.684311 51.254959
v 90.957817 55.839970 58.818081
v 85.562485 46.931152 59.342999
v 89.198624 45.532234 50.131699
v 94.741623 57.869091 46.887016
v 94.430695 69.815041 49.087048
v 92.418053 63.642784 49.783413
v 95.086678 63.179543 47.503513
v 96.555893 69.711098 43.948101
v 99.265251 94.849609 43.953854
v 97.906036 94.941612 45.581051
v 96.205772 81.160179 45.139549
v 98.309883 84.729004 43.753735
v 99.727356 107.451347 45.235191
v 98.540962 94.921692 50.025673
v 95.159431 70.669655 45.760555
v 95.564217 76.023750 48.808956
v 96.000053 76.177025 52.084095
v 93.842751 65.123245 54.955292
v 92.035660 58.441914 61.833920
v 87.881516 48.697876 66.643524
v 84.950325 40.934647 69.569519
v 83.089516 33.437828 45.297821
v 98.034622 78.079941 47.483570
v 96.928375 82.627754 57.262638
v 89.619667 18.609854 59.123146
v 84.730667 21.591002 57.836884
v 85.721756 15.282666 62.245590
v 86.720085 15.474622 55.255169
v 90.698517 16.679707 56.083820
v 87.163147 11.196423 66.540016
v 84.080017 7.725850 61.515652
v 87.001434 10.806132 55.378014
v 90.505974 12.273515 59.389763
v 88.176422 9.924119 58.868153
v 88.805939 21.909061 59.872974
v 83.950050 25.415911 62.900780
v 86.527489 21.808382 64.536339
v 85.679405 24.485573 57.494850
v 89.837196 31.073662 64.699501
v 81.630478 26.638651 73.848862
v 80.035004 10.565130 67.852974
v 83.777260 23.392950 68.804329
v 80.195290 23.699780 71.177574
v 81.949028 25.104128 58.853958
v 88.937294 26.319622 52.780052
v 90.097206 37.482090 54.339680
v 91.822388 38.393948 53.106655
v 92.455292 36.144623 44.784069
v 97.413589 45.506828 41.142956
v 97.289749 59.854549 42.702591
v 99.014923 60.766407 51.724739
v 93.691002 52.446045 41.603085
v 99.564819 58.243141 32.577049
v 104.920280 67.612579 36.275051
v 101.761292 80.999252 37.349953
v 102.627457 81.935143 45.962166
v 97.529419 73.420319 36.131584
v 103.258942 79.931229 27.794331
v 108.218658 89.048004 41.523804
v 99.603943 89.178024 42.395874
v 99.987511 89.354752 45.230583
v 98.135620 80.334648 41.416409
v 100.519287 88.605972 39.106968
v 102.053085 96.850479 61.719784
v 90.234825 -29.813272 62.192986
v 89.784798 -37.071995 47.666050
v 96.134895 -52.668072 56.949558
v 91.995300 -44.771389 41.198002
v 98.795036 -65.992126 44.602390
v 97.635666 -60.156578 34.448399
v 100.799995 -90.536964 37.983795
v 99.578308 -77.065697 39.090153
v 99.492088 -72.006523 60.116341
v 90.862106 -19.639818 59.184685
v 91.126328 -13.198235 57.427986
v 91.671402 -8.901128 56.873775
v 92.010391 1.152534 60.819508
v 90.820351 -23.552025 65.156349
v 87.953590 -25.325291 68.746201
v 85.033699 -22.848709 50.846741
v 94.332108 -34.592907 36.724403
v 101.719025 -55.417767 28.496510
v 104.659508 -75.775673 32.278931
v 101.705345 -84.497032 65.238136
v 89.959648 31.341101 66.540428
v 89.444778 38.493328 53.901222
v 95.647240 55.708820 62.215729
v 91.583420 46.762775 49.005264
v 98.184425 69.710075 51.717350
v 97.079193 63.512428 45.116108
v 99.965652 94.884026 47.082611
v 98.866676 81.085770 47.601425
v 98.826408 75.932541 62.478874
v 90.677330 21.424694 60.814766
v 90.998833 15.135086 58.577133
v 91.581528 11.072858 63.626045
v 90.600845 25.229912 68.136162
v 87.720535 26.468332 71.416801
v 84.824829 23.570312 54.987087
v 94.008286 37.372711 43.349991
v 101.200821 59.745163 37.512604
v 103.954346 80.937920 42.268734
v 100.924026 89.141113 0.904186
v 106.341309 -1.869012 22.695423
v 106.206184 5.046427 25.048777
v 110.293633 7.777381 25.335707
v 110.598381 -4.776831 28.077795
v 114.770020 -1.702823 28.095201
v 114.915413 5.239617 28.039494
v 103.616974 4.178173 28.232897
v 103.764046 -1.497693 33.137112
v 111.676994 4.078186 30.670496
v 107.721069 -3.808866 32.970802
v 111.517059 -1.790991 29.871994
v 108.091919 6.665506 30.468100
v 102.177010 3.758451 35.256195
v 110.276001 4.065458 33.851284
v 105.701050 6.446950 31.771591
v 106.961945 6.690111 35.132008
v 110.077957 -1.858853 32.968922
v 106.254944 -3.921005 30.569313
v 102.282959 -1.550603 35.612427
v 98.507553 -2.380192 38.209145
v 102.813934 -5.217825 40.890636
v 106.898956 -2.849505 40.991188
v 106.862015 4.162083 38.138863
v 102.795044 6.773981 35.588295
v 98.507309 3.772690 -22.751524
v 106.341240 -1.868941 -22.695423
v 106.206238 5.046518 -25.048756
v 110.287933 7.773239 -25.335712
v 110.605988 -4.780596 -28.077793
v 114.774384 -1.701756 -28.095196
v 114.912392 5.240830 -28.039505
v 103.617004 4.178239 -28.232901
v 103.763992 -1.497625 -33.137096
v 111.677002 4.078110 -30.670506
v 107.721016 -3.808868 -32.970791
v 111.516998 -1.791065 -29.872009
v 108.092018 6.665499 -30.468100
v 102.177010 3.758449 -35.256207
v 110.276001 4.065462 -33.851303
v 105.701042 6.446951 -31.771606
v 106.962021 6.690108 -35.132004
v 110.077995 -1.858844 -32.968903
v 106.254990 -3.920999 -30.569298
v 102.282974 -1.550607 -35.612400
v 98.507599 -2.380221 -38.209091
v 102.813995 -5.217817 -40.890598
v 106.899002 -2.849472 -40.991203
v 106.862000 4.162110 -38.138893
v 102.794975 6.773984 -35.588291
v 98.507294 3.772660 13.304849
v 137.928558 20.603069 22.159460
v 138.587082 13.113920 21.593260
v 135.846863 -9.065402 12.663193
v 132.277679 -17.949387 16.983807
v 120.307823 6.644760 15.275784
v 116.017807 -4.188021 9.835177
v 113.980736 -8.920156 13.256873
v 128.396912 16.330765 17.728855
v 129.153244 10.633042 17.798573
v 127.402039 -6.624386 13.739103
v 121.487053 17.991253 18.980295
v 122.563049 11.081381 19.670795
v 120.890717 -7.119431 10.775465
v 118.320808 -15.109686 10.554203
v 115.766762 9.565935 9.976817
v 124.869316 -13.906550 0.000001
v 126.758675 0.481268 -0.003527
v 127.979088 18.858860 -0.000001
v 120.858734 20.535393 0.000001
v 123.525482 -16.123274 -0.000000
v 116.985832 -17.819820 -0.000000
v 112.480057 -11.603788 -0.000001
v 137.498932 22.348272 0.000002
v 130.637558 -20.985241 -13.304846
v 137.928543 20.603069 -22.159456
v 138.587021 13.113919 -21.593239
v 135.846863 -9.065412 -12.663187
v 132.277664 -17.949381 -16.983801
v 120.297989 6.653808 -15.275769
v 116.030167 -4.188963 -9.835169
v 113.980736 -8.920159 -13.262864
v 128.352158 16.330763 -17.732452
v 129.093430 10.633051 -17.794710
v 127.342010 -6.624382 -13.745365
v 121.427490 17.994947 -18.983730
v 122.484734 11.092656 -19.670795
v 120.908195 -7.110617 -10.775456
v 118.320778 -15.109695 -10.554194
v 115.742004 9.559831 -9.969716
v 124.835686 -13.906548 0.159153
v 132.437302 21.526800 14.296833
v 133.259491 19.286800 22.162128
v 133.973083 12.374411 21.886272
v 131.618713 -8.297852 11.865742
v 128.427063 -16.771933 0.000002
v 126.871719 -19.525272 -14.304359
v 133.211258 19.286797 -22.162127
v 133.973068 12.374414 -21.886267
v 131.618652 -8.297846 -11.865736
v 128.427063 -16.771933 22.676590
v 106.220085 -1.970230 22.618795
v 106.080940 5.145935 25.040499
v 110.286880 7.956042 25.335720
v 110.600227 -4.962555 28.157402
v 114.893570 -1.799328 28.175303
v 115.043106 5.344619 -0.000000
v 98.421974 -13.563565 9.360791
v 98.485451 -10.276057 12.405213
v 98.645233 -2.068632 9.026847
v 98.817688 6.821236 -0.000001
v 98.861076 9.013101 12.381106
v 119.908768 -2.025101 12.000805
v 120.854263 6.832918 11.164600
v 107.775993 -7.905967 10.554201
v 115.766762 9.565936 12.968099
v 109.414604 -2.004827 13.338801
v 108.739243 5.838026 12.403702
v 115.299049 -5.377931 16.983803
v 120.307831 6.644760 12.752409
v 122.255630 2.814957 15.642698
v 110.453377 5.433551 15.068602
v 115.157135 8.921926 18.071796
v 114.267906 7.973865 14.426597
v 110.789825 -1.899423 16.915600
v 120.198700 -1.949769 18.004601
v 114.404472 -4.263856 21.556007
v 118.721375 5.341835 17.456703
v 121.242233 2.502018 21.422401
v 118.674744 -1.355573 7.038141
v 115.215805 -8.942102 0.000000
v 107.179993 -12.842771 7.382107
v 107.280991 -11.714652 -0.000000
v 115.152992 -10.578753 -0.000001
v 116.402008 9.901630 6.170482
v 122.470032 7.702557 15.331703
v 115.217506 -4.516200 9.714615
v 107.882996 8.698932 -0.000001
v 108.118996 9.934629 25.374903
v 102.930908 6.026944 25.446995
v 103.105080 -2.866399 28.401287
v 108.179840 9.533622 28.770306
v 108.589157 -6.610732 32.296600
v 113.950073 -2.651192 32.319004
v 114.126923 6.277055 0.000000
v 91.142357 -12.580467 9.551315
v 91.344788 -9.823213 12.434780
v 91.857666 -2.152269 8.903832
v 92.401184 5.876247 0.000001
v 92.554398 8.081527 -0.000001
v 81.839897 10.277533 7.424480
v 80.840698 -10.927930 16.196793
v 80.236588 -0.565861 12.699301
v 82.724503 -8.030142 9.508126
v 81.243683 9.580825 14.252199
v 83.082596 5.036309 9.778994
v 22.092659 -4.634943 19.161671
v 22.093666 -4.256248 1.371489
v 73.982910 -1.251224 2.426576
v 75.135986 -8.818460 19.847597
v 68.453293 4.725329 9.484247
v 65.823090 -12.860669 3.167778
v 65.117668 -10.077264 1.230019
v 64.652893 -0.324951 10.413498
v 77.637268 8.249124 15.521696
v 66.574593 -9.927120 4.151953
v 53.983284 -11.262203 4.934117
v 46.640778 0.574346 7.181026
v 47.956375 7.620874 14.041698
v 48.502579 7.498437 17.023697
v 55.408081 -10.927226 18.299202
v 48.014374 1.233163 4.023211
v 65.208611 9.927924 12.919998
v 66.742096 9.775625 11.226200
v 49.342682 -12.691671 5.179159
v 49.181686 -10.201841 17.214397
v 50.253693 -9.723503 11.846597
v 45.985382 -8.377091 16.562498
v 47.054489 -5.545853 6.983570
v 46.225983 -6.317074 20.219297
v 39.115173 2.053337 15.545597
v 39.438477 8.968526 7.938616
v 39.078880 9.248127 4.905757
v 37.495186 1.580105 3.144536
v 74.703094 8.126818 10.538097
v 54.522095 -13.983579 -0.000000
v 75.339912 -9.323174 -0.000000
v 74.428001 -1.307289 -0.000001
v 75.816483 5.039678 20.578003
v 52.046188 1.497362 14.868498
v 51.575188 9.906421 5.948819
v 50.682480 10.079224 2.772328
v 49.304596 0.471616 14.499192
v 22.093163 -6.389076 7.947812
v 77.370880 -10.925730 13.330099
v 79.181885 -8.293953 1.938810
v 77.910187 9.551126 14.930199
v 79.534180 5.303457 20.821600
v 56.940292 1.429529 14.176697
v 56.635498 11.197323 4.861490
v 55.061195 11.328922 1.477290
v 54.068771 0.351040 -0.000001
v 79.821205 -11.707798 12.101201
v 86.701279 -7.928892 8.334930
v 88.028694 8.973429 14.105203
v 87.234299 -1.338279 0.000000
v 86.365891 -12.445370 -0.000000
v 88.115311 9.877730 6.838067
v 86.450882 -10.931993 12.853200
v 87.638092 4.575049 15.333899
v 83.569092 -1.058257 18.436392
v 67.515778 -5.649835 20.489397
v 57.571388 -5.635584 16.717699
v 67.588600 7.178748 18.406994
v 57.686783 8.334124 15.632301
v 79.640778 -5.650109 17.637396
v 77.558289 3.389279 21.296001
v 60.248688 5.269187 20.876099
v 68.452095 -2.106290 22.336195
v 60.097893 -1.699365 18.443497
v 77.608490 -2.106544 -22.676598
v 106.219986 -1.970179 -22.618797
v 106.080994 5.146027 -25.040482
v 110.280937 7.951888 -25.335739
v 110.608086 -4.966315 -28.157398
v 114.897995 -1.798118 -28.175301
v 115.040001 5.345980 -9.360787
v 98.485451 -10.276061 -12.405214
v 98.645218 -2.068823 -9.026848
v 98.817688 6.821237 -12.381104
v 119.932022 -2.011709 -12.000806
v 120.829987 6.850830 -11.164599
v 107.775993 -7.905962 -10.554194
v 115.741982 9.559830 -12.968095
v 109.423996 -2.020390 -13.338797
v 108.732010 5.821310 -12.403697
v 115.316025 -5.382122 -16.983799
v 120.297981 6.653808 -12.752401
v 122.253021 2.841070 -15.642698
v 110.446991 5.421371 -15.068594
v 115.141983 8.918629 -18.071795
v 114.254982 7.970130 -14.426596
v 110.799011 -1.911542 -16.915600
v 120.208984 -1.940749 -18.004585
v 114.419975 -4.267294 -21.556000
v 118.716003 5.347698 -17.456699
v 121.241989 2.513439 -21.422401
v 118.680992 -1.349825 -7.038138
v 115.215973 -8.942156 -7.382100
v 107.280991 -11.714655 -6.170483
v 122.454994 7.711731 -15.331694
v 115.234001 -4.519286 -9.714604
v 107.882996 8.698935 -25.374901
v 102.930984 6.027048 -25.446999
v 103.104996 -2.866285 -28.401264
v 108.179932 9.533631 -28.770367
v 108.589111 -6.610726 -32.296597
v 113.949982 -2.651307 -32.318996
v 114.126991 6.276937 -9.551308
v 91.344757 -9.823219 -12.434784
v 91.857651 -2.152267 -8.903832
v 92.401184 5.876246 -7.424479
v 80.840683 -10.927935 -16.196789
v 80.236588 -0.565855 -12.699300
v 82.724487 -8.030146 -9.508131
v 81.243698 9.580831 -14.252199
v 83.082596 5.036311 -9.778997
v 22.092667 -4.634945 -19.161673
v 22.093666 -4.256248 -1.371491
v 73.982895 -1.251228 -2.426582
v 75.136002 -8.818464 -19.847603
v 68.453293 4.725331 -9.484252
v 65.823082 -12.860675 -3.167780
v 65.117683 -10.077267 -1.230024
v 64.652893 -0.324972 -10.413500
v 77.637283 8.249125 -15.521704
v 66.574585 -9.927115 -4.151961
v 53.983276 -11.262207 -4.934121
v 46.640785 0.574337 -7.181033
v 47.956375 7.620878 -14.041699
v 48.502594 7.498434 -17.023706
v 55.408112 -10.927220 -18.299194
v 48.014374 1.233342 -4.023210
v 65.208580 9.927929 -12.920003
v 66.742096 9.775626 -11.226198
v 49.342690 -12.691673 -5.179162
v 49.181694 -10.201845 -17.214397
v 50.253693 -9.723503 -11.846601
v 45.985382 -8.377095 -16.562498
v 47.054482 -5.545854 -6.983573
v 46.225983 -6.317074 -20.219301
v 39.115181 2.053360 -15.545598
v 39.438477 8.968523 -7.938619
v 39.078873 9.248127 -4.905762
v 37.495178 1.580081 -3.144528
v 74.703072 8.126829 -10.538105
v 54.522095 -13.983573 -20.577990
v 52.046188 1.497405 -14.868498
v 51.575188 9.906424 -5.948822
v 50.682495 10.079226 -2.772332
v 49.304596 0.471598 -14.499206
v 22.093163 -6.389077 -7.947812
v 77.370895 -10.925734 -13.330103
v 79.181900 -8.293957 -1.938812
v 77.910194 9.551129 -14.930201
v 79.534195 5.303458 -20.821600
v 56.940277 1.429565 -14.176702
v 56.635483 11.197327 -4.861491
v 55.061180 11.328929 -1.477293
v 54.068787 0.350994 -12.101196
v 86.701302 -7.928891 -8.334931
v 88.028687 8.973429 -14.105203
v 87.234283 -1.338279 -6.838067
v 86.450882 -10.931993 -12.853200
v 87.638084 4.575049 -15.333899
v 83.569092 -1.058246 -18.436398
v 67.515778 -5.649833 -20.489403
v 57.571396 -5.635585 -16.717703
v 67.588600 7.178750 -18.407001
v 57.686783 8.334126 -15.632305
v 79.640793 -5.650114 -17.637398
v 77.558289 3.389277 -21.295996
v 60.248688 5.269187 -20.876102
v 68.452095 -2.106301 -22.336199
v 60.097885 -1.699358 -18.443499
v 77.608490 -2.106589 28.039494
v 103.616974 4.178173 22.695423
v 106.206184 5.046427 30.468100
v 102.177010 3.758451 35.588295
v 98.507309 3.772690 -22.695423
v 106.206238 5.046518 -28.039505
v 103.617004 4.178239 -30.468100
v 102.177010 3.758449 -35.588291
v 98.507294 3.772660 -0.000001
v 137.498932 22.348272 0.000001
v 126.758675 0.481268 -0.000001
v 120.858734 20.535393 -0.003527
v 127.979088 18.858860 0.159153
v 132.437302 21.526800 -0.000001
v 116.402008 9.901630 0.000002
v 130.637558 -20.985241 0.000001
v 123.525482 -16.123274 0.000002
v 126.871719 -19.525272 -0.000000
v 116.985832 -17.819820 -0.000000
v 112.480057 -11.603788 -0.000001
v 137.498932 22.348272 13.304849
v 137.928558 20.603069 22.159460
v 138.587082 13.113920 21.593260
v 135.846863 -9.065402 12.663193
v 132.277679 -17.949387 0.000002
v 130.637558 -20.985241 -0.000001
v 137.498932 22.348272 -13.304846
v 137.928543 20.603069 -22.159456
v 138.587021 13.113919 -21.593239
v 135.846863 -9.065412 -12.663187
v 132.277664 -17.949381 0.000002
v 130.637558 -20.985241 15.642698
v 110.453377 5.433551 13.338801
v 108.739243 5.838026 12.405213
v 98.645233 -2.068632 -0.000001
v 116.402008 9.901630 22.618795
v 106.080940 5.145935 22.676590
v 106.220085 -1.970230 22.618795
v 106.080940 5.145935 22.618795
v 106.080940 5.145935 25.374903
v 102.930908 6.026944 25.040499
v 110.286880 7.956042 25.335720
v 110.600227 -4.962555 28.157402
v 114.893570 -1.799328 28.175303
v 115.043106 5.344619 12.434780
v 91.857666 -2.152269 1.371489
v 73.982910 -1.251224 2.772328
v 49.304596 0.471616 1.477290
v 54.068771 0.351040 14.041698
v 48.502579 7.498437 6.983570
v 46.225983 -6.317074 4.934117
v 46.640778 0.574346 7.181026
v 47.956375 7.620874 4.905757
v 37.495186 1.580105 18.299202
v 48.014374 1.233163 16.562498
v 47.054489 -5.545853 11.846597
v 45.985382 -8.377091 4.934117
v 46.640778 0.574346 1.230019
v 64.652893 -0.324951 -0.000000
v 74.428001 -1.307289 4.934117
v 46.640778 0.574346 8.903832
v 92.401184 5.876247 12.434780
v 91.857666 -2.152269 0.000001
v 92.554398 8.081527 9.551315
v 91.344788 -9.823213 0.000000
v 91.142357 -12.580467 -15.642698
v 110.446991 5.421371 -13.338797
v 108.732010 5.821310 -12.405214
v 98.645218 -2.068823 -22.618797
v 106.080994 5.146027 -22.676598
v 106.219986 -1.970179 -22.618797
v 106.080994 5.146027 -25.374901
v 102.930984 6.027048 -22.618797
v 106.080994 5.146027 -25.040482
v 110.280937 7.951888 -25.335739
v 110.608086 -4.966315 -28.157398
v 114.897995 -1.798118 -28.175301
v 115.040001 5.345980 -12.434784
v 91.857651 -2.152267 -1.371491
v 73.982895 -1.251228 -2.772332
v 49.304596 0.471598 -1.477293
v 54.068787 0.350994 -14.041699
v 48.502594 7.498434 -6.983573
v 46.225983 -6.317074 -4.934121
v 46.640785 0.574337 -7.181033
v 47.956375 7.620878 -4.905762
v 37.495178 1.580081 -18.299194
v 48.014374 1.233342 -16.562498
v 47.054482 -5.545854 -11.846601
v 45.985382 -8.377095 -4.934121
v 46.640785 0.574337 -1.230024
v 64.652893 -0.324972 -4.934121
v 46.640785 0.574337 -8.903832
v 92.401184 5.876246 -12.434784
v 91.857651 -2.152267 -9.551308
v 91.344757 -9.823219 0.812810

vt 0.952106 0.525459
vt 0.835853 0.491648
vt 0.704590 0.497514
vt 0.740557 0.575077
vt 0.902819 0.771936
vt 0.849132 0.852354
vt 0.830055 0.659718
vt 0.784180 0.667981
vt 0.849285 0.597894
vt 0.799296 0.909519
vt 0.788929 0.840103
vt 0.767022 0.751398
vt 0.769220 0.634073
vt 0.686922 0.567625
vt 0.707513 0.916304
vt 0.684367 0.833500
vt 0.660889 0.753277
vt 0.653694 0.634409
vt 0.645281 0.561981
vt 0.671224 0.916077
vt 0.733882 0.838923
vt 0.708837 0.759476
vt 0.695284 0.462508
vt 0.998338 0.456290
vt 0.733419 0.465367
vt 0.790257 0.459530
vt 0.858452 0.462377
vt 0.924307 0.399686
vt 0.684760 0.912847
vt 0.901854 0.968504
vt 0.820676 0.995122
vt 0.665228 0.987414
vt 0.757502 0.824916
vt 0.948315 0.771936
vt 0.849132 0.852354
vt 0.830055 0.659718
vt 0.784180 0.667981
vt 0.849285 0.597894
vt 0.799296 0.909519
vt 0.788929 0.840103
vt 0.767022 0.751398
vt 0.769220 0.634073
vt 0.686922 0.567625
vt 0.707513 0.916304
vt 0.684367 0.833500
vt 0.660889 0.753277
vt 0.653694 0.634409
vt 0.645281 0.561981
vt 0.671224 0.916077
vt 0.733882 0.838923
vt 0.708837 0.759476
vt 0.695284 0.456290
vt 0.733419 0.465367
vt 0.790257 0.459530
vt 0.858452 0.462377
vt 0.924307 0.399686
vt 0.684760 0.521340
vt 0.990751 0.501833
vt 0.973274 0.498002
vt 0.937848 0.516122
vt 0.912827 0.870309
vt 0.986180 0.873762
vt 0.990968 0.902972
vt 0.938345 0.923878
vt 0.971420 0.926454
vt 0.997171 0.951184
vt 0.922288 0.972808
vt 0.971786 0.990729
vt 0.927165 0.541202
vt 0.969660 0.517714
vt 0.967503 0.533147
vt 0.931316 0.512644
vt 0.941331 0.870309
vt 0.986180 0.873762
vt 0.990968 0.902972
vt 0.938345 0.923878
vt 0.971420 0.926454
vt 0.997171 0.951184
vt 0.922288 0.972808
vt 0.971786 0.990729
vt 0.927165 0.541202
vt 0.969660 0.517714
vt 0.967503 0.533147
vt 0.931316 0.512644
vt 0.941331 0.993591
vt 0.683560 0.205349
vt 0.648705 0.272096
vt 0.652795 0.205349
vt 0.648705 0.223580
vt 0.697894 0.290340
vt 0.770722 0.263996
vt 0.785315 0.317958
vt 0.738112 0.170924
vt 0.886731 0.144130
vt 0.734457 0.264232
vt 0.869944 0.317958
vt 0.782034 0.223583
vt 0.732607 0.244751
vt 0.890660 0.152945
vt 0.772595 0.317958
vt 0.768058 0.317958
vt 0.809553 0.317958
vt 0.892120 0.153341
vt 0.756241 0.221833
vt 0.756757 0.145313
vt 0.687243 0.317958
vt 0.863920 0.317958
vt 0.681451 0.167266
vt 0.868837 0.223580
vt 0.697894 0.290340
vt 0.770722 0.263996
vt 0.785315 0.170924
vt 0.886731 0.144130
vt 0.734457 0.264232
vt 0.869944 0.223583
vt 0.732607 0.244751
vt 0.890660 0.152945
vt 0.772595 0.153341
vt 0.756241 0.221833
vt 0.756757 0.145313
vt 0.687243 0.167266
vt 0.868837 0.339260
vt 0.715145 0.345251
vt 0.778970 0.355619
vt 0.857095 0.356833
vt 0.923477 0.355732
vt 0.997819 0.335220
vt 0.643315 0.339260
vt 0.715145 0.345251
vt 0.778970 0.355619
vt 0.857095 0.356833
vt 0.923477 0.335220
vt 0.643315 1.000000
vt 0.072163 0.929336
vt 0.107118 0.895388
vt 0.139737 0.898297
vt 0.081432 0.763599
vt 0.101338 0.721415
vt 0.100726 0.881707
vt 0.047035 0.930807
vt 0.051714 0.753197
vt 0.008514 0.718716
vt 0.008556 0.822679
vt 0.067848 0.882573
vt 0.008525 0.942633
vt 0.008691 0.814133
vt 0.008504 0.990564
vt 0.021952 0.855238
vt 0.119725 0.810821
vt 0.107358 0.772910
vt 0.161037 0.832822
vt 0.165823 0.721665
vt 0.160348 0.877408
vt 0.172886 0.719781
vt 0.314200 0.772702
vt 0.314231 0.719631
vt 0.260661 0.772794
vt 0.260764 0.829423
vt 0.314262 0.874378
vt 0.314292 0.875447
vt 0.261087 0.829825
vt 0.260979 0.961329
vt 0.138422 0.685941
vt 0.314184 0.685758
vt 0.260584 0.686407
vt 0.161496 0.686262
vt 0.102843 0.685723
vt 0.008587 0.930807
vt 0.051714 0.898297
vt 0.081432 0.718716
vt 0.008556 0.721415
vt 0.100726 0.753197
vt 0.008514 0.763599
vt 0.101338 0.881707
vt 0.047035 0.822679
vt 0.067848 0.985529
vt 0.307186 0.994656
vt 0.274182 0.989371
vt 0.234040 0.855238
vt 0.119725 0.810821
vt 0.107358 0.832822
vt 0.165823 0.721665
vt 0.160348 0.772910
vt 0.161037 0.772794
vt 0.260764 0.829423
vt 0.314262 0.719781
vt 0.314200 0.719631
vt 0.260661 0.772702
vt 0.314231 0.829825
vt 0.260979 0.962632
vt 0.072163 0.929336
vt 0.107118 0.895388
vt 0.139737 0.898297
vt 0.081432 0.763599
vt 0.101338 0.721415
vt 0.100726 0.881707
vt 0.047035 0.930807
vt 0.051714 0.753197
vt 0.008514 0.718716
vt 0.008556 0.822679
vt 0.067848 0.882573
vt 0.008525 0.942633
vt 0.008691 0.814133
vt 0.008504 0.990564
vt 0.021952 0.855238
vt 0.119725 0.810821
vt 0.107358 0.772910
vt 0.161037 0.832822
vt 0.165823 0.721665
vt 0.160348 0.877408
vt 0.172886 0.719781
vt 0.314200 0.772702
vt 0.314231 0.719631
vt 0.260661 0.772794
vt 0.260764 0.829423
vt 0.314262 0.874378
vt 0.314292 0.875447
vt 0.261087 0.829825
vt 0.260979 0.961329
vt 0.138422 0.685941
vt 0.314184 0.685758
vt 0.260584 0.686407
vt 0.161496 0.686262
vt 0.102843 0.685723
vt 0.008587 0.930807
vt 0.051714 0.898297
vt 0.081432 0.718716
vt 0.008556 0.721415
vt 0.100726 0.753197
vt 0.008514 0.763599
vt 0.101338 0.881707
vt 0.047035 0.822679
vt 0.067848 0.985529
vt 0.307186 0.994656
vt 0.274182 0.989371
vt 0.234040 0.855238
vt 0.119725 0.810821
vt 0.107358 0.832822
vt 0.165823 0.721665
vt 0.160348 0.772910
vt 0.161037 0.772794
vt 0.260764 0.829423
vt 0.314262 0.719781
vt 0.314200 0.719631
vt 0.260661 0.772702
vt 0.314231 0.829825
vt 0.260979 0.947465
vt 0.107590 0.921583
vt 0.131848 0.924412
vt 0.152429 0.981598
vt 0.111648 0.997413
vt 0.129756 0.929119
vt 0.306885 0.916031
vt 0.274319 0.921091
vt 0.234645 0.942633
vt 0.008691 0.882573
vt 0.008525 0.814133
vt 0.008504 0.956771
vt 0.316521 0.984794
vt 0.202445 0.928867
vt 0.200516 0.941104
vt 0.183214 0.976467
vt 0.184469 0.933034
vt 0.168614 0.965188
vt 0.172277 0.993561
vt 0.153062 0.959825
vt 0.179216 0.947465
vt 0.107590 0.921583
vt 0.131848 0.924412
vt 0.152429 0.981598
vt 0.111648 0.997413
vt 0.129756 0.929119
vt 0.306885 0.916031
vt 0.274319 0.921091
vt 0.234645 0.942633
vt 0.008691 0.882573
vt 0.008525 0.814133
vt 0.008504 0.956771
vt 0.316521 0.984794
vt 0.202445 0.928867
vt 0.200516 0.941104
vt 0.183214 0.976467
vt 0.184469 0.933034
vt 0.168614 0.965188
vt 0.172277 0.993561
vt 0.153062 0.959825
vt 0.179216 1.000000
vt 0.333382 0.789345
vt 0.498041 0.952478
vt 0.512481 0.826913
vt 0.498074 0.919888
vt 0.498212 0.879859
vt 0.498078 0.973408
vt 0.479173 0.809018
vt 0.419104 0.765782
vt 0.376396 0.928712
vt 0.418738 0.789554
vt 0.366406 0.775938
vt 0.369845 0.799019
vt 0.345582 0.780044
vt 0.333240 0.791970
vt 0.465199 0.704940
vt 0.375647 0.753344
vt 0.351047 0.772935
vt 0.349606 0.789474
vt 0.355253 0.905530
vt 0.418193 0.948552
vt 0.465444 0.921103
vt 0.446782 0.983506
vt 0.416214 0.968337
vt 0.441035 0.721603
vt 0.394762 0.857335
vt 0.415993 0.764888
vt 0.465031 0.907626
vt 0.389382 0.926656
vt 0.389918 0.718737
vt 0.417492 0.856174
vt 0.384127 0.759831
vt 0.450066 0.760379
vt 0.436055 0.717515
vt 0.437141 0.717715
vt 0.450870 0.786443
vt 0.418755 0.880767
vt 0.416793 0.882418
vt 0.385940 0.744837
vt 0.451237 0.830540
vt 0.418005 0.829994
vt 0.388545 0.702884
vt 0.448964 0.740117
vt 0.394820 0.742594
vt 0.417095 0.744920
vt 0.437271 0.701827
vt 0.394327 0.702903
vt 0.417166 0.703085
vt 0.435382 0.806879
vt 0.367774 0.791717
vt 0.373656 0.791561
vt 0.396435 0.808701
vt 0.395388 0.722043
vt 0.418099 0.856174
vt 0.384127 0.722941
vt 0.442231 0.856346
vt 0.347120 0.882418
vt 0.385940 0.879809
vt 0.344210 0.829994
vt 0.388545 0.822611
vt 0.363090 0.739002
vt 0.417384 0.738184
vt 0.441681 0.699740
vt 0.412789 0.698056
vt 0.429873 0.685403
vt 0.558644 0.685359
vt 0.634549 0.734615
vt 0.634585 0.734785
vt 0.558718 0.942071
vt 0.558703 0.782395
vt 0.558742 0.843856
vt 0.634600 0.843861
vt 0.558747 0.891361
vt 0.558728 0.942196
vt 0.634578 0.891454
vt 0.634590 0.782382
vt 0.634602 0.965727
vt 0.360164 0.855442
vt 0.461592 0.819182
vt 0.465128 0.892650
vt 0.465104 0.920089
vt 0.465295 0.721810
vt 0.351452 0.736820
vt 0.372873 0.688663
vt 0.333382 0.789345
vt 0.498041 0.952478
vt 0.512481 0.826913
vt 0.498074 0.919888
vt 0.498212 0.879859
vt 0.498078 0.973408
vt 0.479173 0.809018
vt 0.419104 0.765782
vt 0.376396 0.928712
vt 0.418738 0.789554
vt 0.366406 0.775938
vt 0.369845 0.799019
vt 0.345582 0.780044
vt 0.333240 0.791970
vt 0.465199 0.704940
vt 0.375647 0.753344
vt 0.351047 0.772935
vt 0.349606 0.789474
vt 0.355253 0.905530
vt 0.418193 0.948552
vt 0.465444 0.921103
vt 0.446782 0.983506
vt 0.416214 0.968337
vt 0.441035 0.721603
vt 0.394762 0.857335
vt 0.415993 0.764888
vt 0.465031 0.907626
vt 0.389382 0.926656
vt 0.389918 0.718737
vt 0.417492 0.856174
vt 0.384127 0.759831
vt 0.450066 0.760379
vt 0.436055 0.717515
vt 0.437141 0.717715
vt 0.450870 0.786443
vt 0.418755 0.880767
vt 0.416793 0.882418
vt 0.385940 0.744837
vt 0.451237 0.830540
vt 0.418005 0.829994
vt 0.388545 0.702884
vt 0.448964 0.740117
vt 0.394820 0.742594
vt 0.417095 0.744920
vt 0.437271 0.701827
vt 0.394327 0.702903
vt 0.417166 0.703085
vt 0.435382 0.806879
vt 0.367774 0.791717
vt 0.373656 0.791561
vt 0.396435 0.808701
vt 0.395388 0.722043
vt 0.418099 0.856174
vt 0.384127 0.722941
vt 0.442231 0.856346
vt 0.347120 0.882418
vt 0.385940 0.879809
vt 0.344210 0.829994
vt 0.388545 0.822611
vt 0.363090 0.739002
vt 0.417384 0.738184
vt 0.441681 0.699740
vt 0.412789 0.698056
vt 0.429873 0.685403
vt 0.558644 0.685359
vt 0.634549 0.734615
vt 0.634585 0.734785
vt 0.558718 0.942071
vt 0.558703 0.782395
vt 0.558742 0.843856
vt 0.634600 0.843861
vt 0.558747 0.891361
vt 0.558728 0.942196
vt 0.634578 0.891454
vt 0.634590 0.782382
vt 0.634602 0.965727
vt 0.360164 0.855442
vt 0.461592 0.819182
vt 0.465128 0.892650
vt 0.465104 0.920089
vt 0.465295 0.721810
vt 0.351452 0.736820
vt 0.372873 0.720154
vt 0.323735 0.756444
vt 0.323785 0.940583
vt 0.437627 0.992134
vt 0.424730 0.984927
vt 0.450077 0.955696
vt 0.429296 0.970710
vt 0.411319 0.807624
vt 0.356372 0.797107
vt 0.364981 0.684415
vt 0.358470 0.683249
vt 0.393934 0.759623
vt 0.393752 0.760028
vt 0.416803 0.926552
vt 0.365894 0.909469
vt 0.358573 0.749410
vt 0.498083 0.888893
vt 0.355495 0.833838
vt 0.353551 0.856346
vt 0.347120 0.738687
vt 0.495045 0.713269
vt 0.512230 0.714253
vt 0.493801 0.745251
vt 0.510058 0.687368
vt 0.490438 0.683725
vt 0.512281 0.738687
vt 0.495045 0.713269
vt 0.512230 0.714253
vt 0.493801 0.745251
vt 0.510058 0.687368
vt 0.490438 0.683725
vt 0.512281 0.737981
vt 0.467254 0.713146
vt 0.484581 0.744182
vt 0.482166 0.714518
vt 0.466124 0.688790
vt 0.463003 0.685123
vt 0.484842 0.738634
vt 0.456759 0.723144
vt 0.457241 0.683870
vt 0.411262 0.684995
vt 0.428844 0.684930
vt 0.441658 0.697797
vt 0.442679 0.737981
vt 0.467254 0.713146
vt 0.484581 0.744182
vt 0.482166 0.714518
vt 0.466124 0.688790
vt 0.463003 0.685123
vt 0.484842 0.737981
vt 0.467254 0.713146
vt 0.484581 0.744182
vt 0.482166 0.714518
vt 0.466124 0.688790
vt 0.463003 0.685123
vt 0.484842 0.738687
vt 0.495045 0.713269
vt 0.512230 0.714253
vt 0.493801 0.745251
vt 0.510058 0.687368
vt 0.490438 0.683725
vt 0.512281 0.685431
vt 0.519132 0.734905
vt 0.519158 0.994417
vt 0.519132 0.994500
vt 0.558652 0.891322
vt 0.519167 0.942022
vt 0.519157 0.782401
vt 0.519166 0.843869
vt 0.519171 0.994643
vt 0.634555 0.931731
vt 0.342898 0.965788
vt 0.326257 0.966939
vt 0.395443 0.933426
vt 0.380153 0.997260
vt 0.380619 0.997259
vt 0.339053 0.720154
vt 0.323735 0.756444
vt 0.323785 0.940583
vt 0.437627 0.992134
vt 0.424730 0.984927
vt 0.450077 0.955696
vt 0.429296 0.970710
vt 0.411319 0.807624
vt 0.356372 0.797107
vt 0.364981 0.684415
vt 0.358470 0.683249
vt 0.393934 0.759623
vt 0.393752 0.760028
vt 0.416803 0.926552
vt 0.365894 0.909469
vt 0.358573 0.749410
vt 0.498083 0.888893
vt 0.355495 0.833838
vt 0.353551 0.856346
vt 0.347120 0.713269
vt 0.512230 0.738687
vt 0.495045 0.714253
vt 0.493801 0.745251
vt 0.510058 0.687368
vt 0.490438 0.683725
vt 0.512281 0.713269
vt 0.512230 0.738687
vt 0.495045 0.714253
vt 0.493801 0.745251
vt 0.510058 0.687368
vt 0.490438 0.683725
vt 0.512281 0.713146
vt 0.484581 0.737981
vt 0.467254 0.744182
vt 0.482166 0.714518
vt 0.466124 0.688790
vt 0.463003 0.685123
vt 0.484842 0.738634
vt 0.456759 0.723144
vt 0.457241 0.683870
vt 0.411262 0.684995
vt 0.428844 0.684930
vt 0.441658 0.697797
vt 0.442679 0.713146
vt 0.484581 0.737981
vt 0.467254 0.744182
vt 0.482166 0.714518
vt 0.466124 0.688790
vt 0.463003 0.685123
vt 0.484842 0.713146
vt 0.484581 0.737981
vt 0.467254 0.744182
vt 0.482166 0.714518
vt 0.466124 0.688790
vt 0.463003 0.685123
vt 0.484842 0.713269
vt 0.512230 0.738687
vt 0.495045 0.714253
vt 0.493801 0.745251
vt 0.510058 0.687368
vt 0.490438 0.683725
vt 0.512281 0.685431
vt 0.519132 0.734905
vt 0.519158 0.994500
vt 0.558652 0.994417
vt 0.519132 0.891322
vt 0.519167 0.942022
vt 0.519157 0.782401
vt 0.519166 0.843869
vt 0.519171 0.994643
vt 0.634555 0.931731
vt 0.342898 0.965788
vt 0.326257 0.966939
vt 0.395443 0.933426
vt 0.380153 0.997260
vt 0.380619 0.997259
vt 0.339053 1.000000
vt 0.000000 0.000000
vt 0.000000 1.000000
vt 1.000000 1.000000
vt 0.000000 0.000000
vt 0.000000 1.000000
vt 1.000000 1.000000
vt 0.000000 0.000000
vt 0.000000 1.000000
vt 1.000000 1.000000
vt 0.822894 0.090343
vt 0.831272 0.093765
vt 0.834623 0.097965
vt 0.840263 0.066219
vt 0.879810 0.086821
vt 0.859510 0.084144
vt 0.856182 0.059962
vt 0.884489 0.052967
vt 0.912745 0.059821
vt 0.898242 0.058369
vt 0.897196 0.051895
vt 0.912558 0.039704
vt 0.972434 0.041126
vt 0.972670 0.047439
vt 0.939803 0.044027
vt 0.948293 0.037463
vt 1.002678 0.042831
vt 0.972793 0.057909
vt 0.915224 0.049012
vt 0.927494 0.054171
vt 0.928279 0.063704
vt 0.902198 0.071639
vt 0.886562 0.089772
vt 0.864147 0.102584
vt 0.846192 0.110767
vt 0.828604 0.045346
vt 0.932343 0.050036
vt 0.943584 0.082849
vt 0.791208 0.091067
vt 0.798680 0.088355
vt 0.783335 0.095434
vt 0.784395 0.078226
vt 0.786281 0.084062
vt 0.773260 0.106988
vt 0.766400 0.094310
vt 0.773075 0.079144
vt 0.775714 0.081568
vt 0.749477 0.076802
vt 0.749477 0.089252
vt 0.770649 0.086677
vt 0.749477 0.086300
vt 0.799365 0.092844
vt 0.807982 0.096143
vt 0.799705 0.099754
vt 0.806372 0.081667
vt 0.821182 0.104050
vt 0.811612 0.124405
vt 0.774276 0.107991
vt 0.804226 0.113460
vt 0.805134 0.115855
vt 0.808817 0.085646
vt 0.809958 0.071974
vt 0.835925 0.072950
vt 0.838312 0.070260
vt 0.832731 0.048661
vt 0.854020 0.040472
vt 0.887990 0.041448
vt 0.890377 0.064606
vt 0.871692 0.039122
vt 0.884157 0.015807
vt 0.905362 0.024456
vt 0.938070 0.025433
vt 0.940458 0.047618
vt 0.921246 0.022744
vt 0.935468 0.001144
vt 0.956165 0.035501
vt 0.958469 0.036691
vt 0.959010 0.044866
vt 0.937750 0.034409
vt 0.957070 0.027624
vt 0.976542 0.095814
vt 0.822894 0.090343
vt 0.831272 0.093765
vt 0.834623 0.097965
vt 0.840263 0.066219
vt 0.879810 0.086821
vt 0.859510 0.084144
vt 0.856182 0.059962
vt 0.884489 0.052967
vt 0.912745 0.059821
vt 0.898242 0.058369
vt 0.897196 0.051895
vt 0.912558 0.039704
vt 0.972434 0.041126
vt 0.972670 0.047439
vt 0.939803 0.044027
vt 0.948293 0.037463
vt 1.002678 0.042831
vt 0.972793 0.057909
vt 0.915224 0.049012
vt 0.927494 0.054171
vt 0.928279 0.063704
vt 0.902198 0.071639
vt 0.886562 0.089772
vt 0.864147 0.102584
vt 0.846192 0.110767
vt 0.828604 0.045346
vt 0.932343 0.050036
vt 0.943584 0.082849
vt 0.791208 0.091067
vt 0.798680 0.088355
vt 0.783335 0.095434
vt 0.784395 0.078226
vt 0.786281 0.084062
vt 0.773260 0.106988
vt 0.766400 0.094310
vt 0.773075 0.079144
vt 0.775714 0.089252
vt 0.770649 0.086300
vt 0.799365 0.092844
vt 0.807982 0.096143
vt 0.799705 0.099754
vt 0.806372 0.081667
vt 0.821182 0.104050
vt 0.811612 0.124405
vt 0.774276 0.107991
vt 0.804226 0.113460
vt 0.805134 0.115855
vt 0.808817 0.085646
vt 0.809958 0.071974
vt 0.835925 0.072950
vt 0.838312 0.070260
vt 0.832731 0.048661
vt 0.854020 0.040472
vt 0.887990 0.041448
vt 0.890377 0.064606
vt 0.871692 0.039122
vt 0.884157 0.015807
vt 0.905362 0.024456
vt 0.938070 0.025433
vt 0.940458 0.047618
vt 0.921246 0.022744
vt 0.935468 0.001144
vt 0.956165 0.035501
vt 0.958469 0.036691
vt 0.959010 0.044866
vt 0.937750 0.034409
vt 0.957070 0.027624
vt 0.976542 0.095814
vt 0.822894 0.097965
vt 0.840263 0.066219
vt 0.879810 0.086821
vt 0.859510 0.052967
vt 0.912745 0.059821
vt 0.898242 0.041126
vt 0.972670 0.047439
vt 0.939803 0.049012
vt 0.927494 0.091067
vt 0.798680 0.088355
vt 0.783335 0.084062
vt 0.773260 0.081568
vt 0.749477 0.092844
vt 0.807982 0.104050
vt 0.811612 0.113460
vt 0.805134 0.071974
vt 0.835925 0.040472
vt 0.887990 0.024456
vt 0.938070 0.035501
vt 0.958469 0.095814
vt 0.822894 0.097965
vt 0.840263 0.066219
vt 0.879810 0.086821
vt 0.859510 0.052967
vt 0.912745 0.059821
vt 0.898242 0.041126
vt 0.972670 0.047439
vt 0.939803 0.049012
vt 0.927494 0.091067
vt 0.798680 0.088355
vt 0.783335 0.084062
vt 0.773260 0.092844
vt 0.807982 0.104050
vt 0.811612 0.113460
vt 0.805134 0.071974
vt 0.835925 0.040472
vt 0.887990 0.024456
vt 0.938070 0.035501
vt 0.958469 1.000000
vt 0.634011 0.011520
vt 0.623417 0.041332
vt 0.629243 0.149488
vt 0.635112 0.114665
vt 0.634861 0.073920
vt 0.633151 0.014375
vt 0.580420 0.183504
vt 0.580575 0.079397
vt 0.580675 0.149004
vt 0.580672 0.116830
vt 0.580711 0.045518
vt 0.585959 0.015236
vt 0.563299 0.079739
vt 0.563529 0.048229
vt 0.557543 0.046969
vt 0.572437 0.117212
vt 0.563535 0.148503
vt 0.563442 0.182262
vt 0.563372 0.179947
vt 0.521481 0.148336
vt 0.521508 0.118372
vt 0.521533 0.079949
vt 0.521591 0.048978
vt 0.521603 0.214072
vt 0.521470 0.187190
vt 0.634011 0.011520
vt 0.623417 0.041332
vt 0.629243 0.149488
vt 0.635112 0.114665
vt 0.634861 0.073920
vt 0.633151 0.014375
vt 0.580420 0.183504
vt 0.580575 0.079397
vt 0.580675 0.149004
vt 0.580672 0.116830
vt 0.580711 0.045518
vt 0.585959 0.015236
vt 0.563299 0.079739
vt 0.563529 0.048229
vt 0.557543 0.046969
vt 0.572437 0.117212
vt 0.563535 0.148503
vt 0.563442 0.182262
vt 0.563372 0.179947
vt 0.521481 0.148336
vt 0.521508 0.118372
vt 0.521533 0.079949
vt 0.521591 0.048978
vt 0.521603 0.214072
vt 0.521470 0.361379
vt 0.089046 0.333038
vt 0.064438 0.331548
vt 0.042795 0.352660
vt 0.020251 0.526688
vt 0.552984 0.569993
vt 0.493910 0.592501
vt 0.452806 0.532630
vt 0.604678 0.557336
vt 0.578441 0.605286
vt 0.523981 0.511692
vt 0.586720 0.534959
vt 0.560392 0.584214
vt 0.508027 0.605096
vt 0.465437 0.494379
vt 0.574907 0.627653
vt 0.479999 0.381815
vt 0.051343 0.501668
vt 0.639883 0.479631
vt 0.622038 0.649198
vt 0.446973 0.628428
vt 0.430153 0.614117
vt 0.418565 0.381750
vt 0.092327 0.381794
vt 0.008358 0.361379
vt 0.089046 0.333038
vt 0.064438 0.331548
vt 0.042795 0.352660
vt 0.020251 0.526688
vt 0.552984 0.569993
vt 0.493910 0.592501
vt 0.452806 0.532630
vt 0.604678 0.557336
vt 0.578441 0.605286
vt 0.523981 0.511692
vt 0.586720 0.534959
vt 0.560392 0.584214
vt 0.508027 0.605096
vt 0.465437 0.494379
vt 0.574907 0.627653
vt 0.479999 0.516399
vt 0.651812 0.547547
vt 0.616487 0.571918
vt 0.590547 0.618234
vt 0.535509 0.637850
vt 0.491515 0.660492
vt 0.456118 0.547547
vt 0.616487 0.571918
vt 0.590547 0.618234
vt 0.535509 0.637850
vt 0.491515 0.384829
vt 0.159063 0.363859
vt 0.117954 0.384196
vt 0.328690 0.389074
vt 0.197558 0.387522
vt 0.238406 0.386225
vt 0.286487 0.615446
vt 0.046799 0.549883
vt 0.049107 0.494976
vt 0.045453 0.436990
vt 0.460399 0.490525
vt 0.493312 0.518649
vt 0.231178 0.509218
vt 0.318586 0.527997
vt 0.103676 0.494204
vt 0.362607 0.474436
vt 0.115845 0.438934
vt 0.393010 0.511361
vt 0.176073 0.473265
vt 0.304185 0.516225
vt 0.281349 0.431646
vt 0.374208 0.464064
vt 0.346802 0.440779
vt 0.337667 0.463292
vt 0.131860 0.480880
vt 0.237856 0.455319
vt 0.189371 0.439517
vt 0.290947 0.476509
vt 0.273079 0.443961
vt 0.240975 0.567882
vt 0.157067 0.616704
vt 0.091881 0.566440
vt 0.096397 0.619484
vt 0.147545 0.462147
vt 0.607880 0.553896
vt 0.340453 0.481771
vt 0.185311 0.465304
vt 0.412109 0.521838
vt 0.451432 0.342762
vt 0.135232 0.342716
vt 0.178201 0.342811
vt 0.357991 0.342732
vt 0.221456 0.342704
vt 0.264958 0.342764
vt 0.316139 0.614431
vt 0.014553 0.550272
vt 0.014454 0.497266
vt 0.014406 0.419734
vt 0.491516 0.473727
vt 0.520443 0.260356
vt 0.382465 0.256694
vt 0.133000 0.238218
vt 0.237647 0.261818
vt 0.180875 0.253774
vt 0.320493 0.258664
vt 0.276635 0.411668
vt 0.523464 0.367368
vt 0.523370 0.200916
vt 0.438379 0.220247
vt 0.075274 0.173316
vt 0.265787 0.162918
vt 0.134305 0.155992
vt 0.090603 0.141115
vt 0.032314 0.228660
vt 0.316410 0.168445
vt 0.178022 0.080943
vt 0.099303 0.014823
vt 0.058254 0.035079
vt 0.354330 0.039452
vt 0.304142 0.097752
vt 0.180277 0.333894
vt 0.633005 0.164007
vt 0.366107 0.169288
vt 0.313282 0.060243
vt 0.149441 0.052006
vt 0.104291 0.064424
vt 0.185440 0.028726
vt 0.156039 0.032485
vt 0.198728 0.022890
vt 0.111319 0.334770
vt 0.593248 0.300789
vt 0.594189 0.269697
vt 0.594930 0.447765
vt 0.593717 0.212642
vt 0.373774 0.089494
vt 0.143181 0.232834
vt 0.059826 0.216836
vt 0.439746 0.226694
vt 0.405953 0.069928
vt 0.251254 0.071240
vt 0.308036 0.062847
vt 0.356422 0.047648
vt 0.416763 0.389655
vt 0.523433 0.229036
vt 0.131308 0.235688
vt 0.178196 0.235461
vt 0.375901 0.234944
vt 0.278482 0.103080
vt 0.249223 0.104670
vt 0.312683 0.095804
vt 0.362103 0.073098
vt 0.425534 0.270106
vt 0.073153 0.289583
vt 0.184315 0.293225
vt 0.312571 0.288052
vt 0.234122 0.307070
vt 0.086885 0.298548
vt 0.368572 0.294230
vt 0.141633 0.288969
vt 0.275604 0.261653
vt 0.234675 0.170072
vt 0.204897 0.105403
vt 0.212054 0.171721
vt 0.287388 0.109291
vt 0.286849 0.235046
vt 0.202156 0.220056
vt 0.261024 0.121947
vt 0.265824 0.172885
vt 0.228754 0.119873
vt 0.232531 0.219458
vt 0.228250 0.384829
vt 0.159063 0.363859
vt 0.117954 0.384196
vt 0.328690 0.389074
vt 0.197558 0.387522
vt 0.238406 0.386225
vt 0.286487 0.549883
vt 0.049107 0.494976
vt 0.045453 0.436990
vt 0.460399 0.518649
vt 0.231178 0.509218
vt 0.318586 0.527997
vt 0.103676 0.494204
vt 0.362607 0.474436
vt 0.115845 0.438934
vt 0.393010 0.511361
vt 0.176073 0.473265
vt 0.304185 0.516225
vt 0.281349 0.431646
vt 0.374208 0.464064
vt 0.346802 0.440779
vt 0.337667 0.463292
vt 0.131860 0.480880
vt 0.237856 0.455319
vt 0.189371 0.439517
vt 0.290947 0.476509
vt 0.273079 0.443961
vt 0.240975 0.567882
vt 0.157067 0.566440
vt 0.096397 0.553896
vt 0.340453 0.481771
vt 0.185311 0.465304
vt 0.412109 0.342762
vt 0.135232 0.342716
vt 0.178201 0.342811
vt 0.357991 0.342732
vt 0.221456 0.342704
vt 0.264958 0.342764
vt 0.316139 0.550272
vt 0.014454 0.497266
vt 0.014406 0.419734
vt 0.491516 0.256694
vt 0.133000 0.238218
vt 0.237647 0.261818
vt 0.180875 0.253774
vt 0.320493 0.258664
vt 0.276635 0.411668
vt 0.523464 0.367368
vt 0.523370 0.200916
vt 0.438379 0.220247
vt 0.075274 0.173316
vt 0.265787 0.162918
vt 0.134305 0.155992
vt 0.090603 0.141115
vt 0.032314 0.228660
vt 0.316410 0.168445
vt 0.178022 0.080943
vt 0.099303 0.014823
vt 0.058254 0.035079
vt 0.354330 0.039452
vt 0.304142 0.097752
vt 0.180277 0.333894
vt 0.633005 0.164007
vt 0.366107 0.169288
vt 0.313282 0.060243
vt 0.149441 0.052006
vt 0.104291 0.064424
vt 0.185440 0.028726
vt 0.156039 0.032485
vt 0.198728 0.022890
vt 0.111319 0.334770
vt 0.593248 0.300789
vt 0.594189 0.269697
vt 0.594930 0.447765
vt 0.593717 0.212642
vt 0.373774 0.089494
vt 0.143181 0.069928
vt 0.251254 0.071240
vt 0.308036 0.062847
vt 0.356422 0.047648
vt 0.416763 0.389655
vt 0.523433 0.229036
vt 0.131308 0.235688
vt 0.178196 0.235461
vt 0.375901 0.234944
vt 0.278482 0.103080
vt 0.249223 0.104670
vt 0.312683 0.095804
vt 0.362103 0.073098
vt 0.425534 0.289583
vt 0.184315 0.293225
vt 0.312571 0.288052
vt 0.234122 0.294230
vt 0.141633 0.288969
vt 0.275604 0.261653
vt 0.234675 0.170072
vt 0.204897 0.105403
vt 0.212054 0.171721
vt 0.287388 0.109291
vt 0.286849 0.235046
vt 0.202156 0.220056
vt 0.261024 0.121947
vt 0.265824 0.172885
vt 0.228754 0.119873
vt 0.232531 0.219458
vt 0.228250 0.217094
vt 0.580406 0.225331
vt 0.623263 0.214497
vt 0.563298 0.016209
vt 0.521425 0.225331
vt 0.623263 0.217094
vt 0.580406 0.214497
vt 0.563298 0.016209
vt 0.521425 0.381750
vt 0.092327 0.381815
vt 0.051343 0.479631
vt 0.622038 0.501668
vt 0.639883 0.516399
vt 0.651812 0.462147
vt 0.607880 0.381794
vt 0.008358 0.649198
vt 0.446973 0.660492
vt 0.456118 0.628428
vt 0.430153 0.614117
vt 0.418565 0.531130
vt 0.663741 0.562464
vt 0.628295 0.586499
vt 0.602653 0.631183
vt 0.547036 0.648047
vt 0.503032 0.671786
vt 0.465264 0.531130
vt 0.663741 0.562464
vt 0.628295 0.586499
vt 0.602653 0.631183
vt 0.547036 0.648047
vt 0.503032 0.671786
vt 0.465264 0.410669
vt 0.092281 0.421661
vt 0.074697 0.372623
vt 0.437528 0.556426
vt 0.406541 0.377188
vt 0.365277 0.365549
vt 0.185524 0.365534
vt 0.146107 0.365585
vt 0.379505 0.342814
vt 0.389853 0.365584
vt 0.350118 0.365557
vt 0.225215 0.365553
vt 0.264947 0.365572
vt 0.311940 0.363858
vt 0.470722 0.196553
vt 0.022013 0.040358
vt 0.050425 0.069553
vt 0.044578 0.299012
vt 0.633048 0.413944
vt 0.633034 0.233888
vt 0.632913 0.268003
vt 0.633024 0.234309
vt 0.589727 0.036556
vt 0.252571 0.366425
vt 0.632996 0.390910
vt 0.632906 0.445485
vt 0.633048 0.149336
vt 0.433300 0.214466
vt 0.016733 0.022629
vt 0.405331 0.326680
vt 0.295305 0.324993
vt 0.231575 0.332866
vt 0.362692 0.327365
vt 0.171472 0.335137
vt 0.098687 0.410669
vt 0.092281 0.421661
vt 0.074697 0.372623
vt 0.437528 0.377188
vt 0.365277 0.365549
vt 0.185524 0.365534
vt 0.146107 0.342814
vt 0.389853 0.365585
vt 0.379505 0.365584
vt 0.350118 0.365557
vt 0.225215 0.365553
vt 0.264947 0.365572
vt 0.311940 0.363858
vt 0.470722 0.196553
vt 0.022013 0.040358
vt 0.050425 0.069553
vt 0.044578 0.299012
vt 0.633048 0.413944
vt 0.633034 0.233888
vt 0.632913 0.268003
vt 0.633024 0.234309
vt 0.589727 0.036556
vt 0.252571 0.366425
vt 0.632996 0.390910
vt 0.632906 0.445485
vt 0.633048 0.149336
vt 0.433300 0.022629
vt 0.405331 0.326680
vt 0.295305 0.324993
vt 0.231575 0.327365
vt 0.171472 1.000000

f 7/7 30/30 34/34
f 7/7 6/6 13/13
f 8/8 6/6 9/9
f 9/9 6/6 1/1
f 10/10 5/5 2/2
f 5/5 9/9 1/1
f 11/11 31/31 30/30
f 7/7 11/11 30/30
f 12/12 11/11 7/7
f 7/7 34/34 6/6
f 13/13 12/12 7/7
f 8/8 13/13 6/6
f 23/23 13/13 14/14
f 14/14 8/8 15/15
f 10/10 8/8 9/9
f 4/4 15/15 10/10
f 32/32 86/86 16/16
f 22/22 16/16 21/21
f 23/23 17/17 22/22
f 14/14 19/19 23/23
f 15/15 20/20 14/14
f 21/21 33/33 31/31
f 11/11 21/21 31/31
f 17/17 16/16 22/22
f 22/22 21/21 11/11
f 12/12 22/22 11/11
f 18/18 17/17 23/23
f 23/23 22/22 12/12
f 19/19 18/18 23/23
f 20/20 19/19 14/14
f 3/3 15/15 4/4
f 3/3 20/20 15/15
f 2/2 4/4 10/10
f 10/10 9/9 5/5
f 6/6 34/34 1/1
f 13/13 23/23 12/12
f 15/15 8/8 10/10
f 14/14 13/13 8/8
f 29/29 123/123 25/25
f 25/25 123/123 26/26
f 124/124 26/26 123/123
f 26/26 124/124 27/27
f 125/125 27/27 124/124
f 27/27 125/125 28/28
f 126/126 28/28 125/125
f 28/28 126/126 24/24
f 127/127 24/24 126/126
f 128/128 123/123 29/29
f 30/30 36/36 34/34
f 35/35 36/36 42/42
f 35/35 37/37 38/38
f 35/35 38/38 1/1
f 5/5 39/39 2/2
f 38/38 5/5 1/1
f 31/31 40/40 30/30
f 40/40 36/36 30/30
f 40/40 41/41 36/36
f 34/34 36/36 35/35
f 41/41 42/42 36/36
f 42/42 37/37 35/35
f 42/42 52/52 43/43
f 37/37 43/43 44/44
f 37/37 39/39 38/38
f 44/44 4/4 39/39
f 32/32 45/45 86/86
f 45/45 51/51 50/50
f 46/46 52/52 51/51
f 48/48 43/43 52/52
f 49/49 44/44 43/43
f 33/33 50/50 31/31
f 50/50 40/40 31/31
f 45/45 46/46 51/51
f 50/50 51/51 40/40
f 51/51 41/41 40/40
f 46/46 47/47 52/52
f 51/51 52/52 41/41
f 47/47 48/48 52/52
f 48/48 49/49 43/43
f 44/44 3/3 4/4
f 49/49 3/3 44/44
f 4/4 2/2 39/39
f 38/38 39/39 5/5
f 34/34 35/35 1/1
f 52/52 42/42 41/41
f 37/37 44/44 39/39
f 42/42 43/43 37/37
f 129/129 57/57 53/53
f 130/130 129/129 54/54
f 53/53 54/54 129/129
f 131/131 130/130 55/55
f 54/54 55/55 130/130
f 132/132 131/131 56/56
f 55/55 56/56 131/131
f 127/127 132/132 24/24
f 56/56 24/24 132/132
f 129/129 133/133 57/57
f 64/64 65/65 62/62
f 63/63 62/62 65/65
f 65/65 66/66 63/63
f 67/67 65/65 64/64
f 65/65 68/68 66/66
f 67/67 69/69 65/65
f 65/65 69/69 68/68
f 71/71 70/70 58/58
f 59/59 71/71 58/58
f 70/70 71/71 73/73
f 73/73 72/72 70/70
f 71/71 59/59 60/60
f 60/60 73/73 71/71
f 72/72 73/73 61/61
f 73/73 60/60 61/61
f 77/77 76/76 74/74
f 74/74 75/75 77/77
f 78/78 77/77 75/75
f 77/77 79/79 76/76
f 80/80 77/77 78/78
f 81/81 79/79 77/77
f 81/81 77/77 80/80
f 82/82 83/83 58/58
f 83/83 59/59 58/58
f 85/85 83/83 82/82
f 82/82 84/84 85/85
f 60/60 59/59 83/83
f 83/83 85/85 60/60
f 85/85 84/84 61/61
f 60/60 85/85 61/61
f 33/33 86/86 50/50
f 45/45 50/50 86/86
f 33/33 21/21 86/86
f 16/16 86/86 21/21
f 92/92 91/91 102/102
f 93/93 91/91 105/105
f 105/105 98/98 93/93
f 98/98 90/90 108/108
f 108/108 93/93 98/98
f 105/105 91/91 92/92
f 102/102 107/107 96/96
f 96/96 92/92 102/102
f 104/104 95/95 98/98
f 98/98 105/105 104/104
f 95/95 90/90 98/98
f 90/90 88/88 108/108
f 99/99 107/107 103/103
f 105/105 92/92 100/100
f 100/100 104/104 105/105
f 99/99 94/94 109/109
f 109/109 96/96 99/99
f 87/87 88/88 90/90
f 91/91 101/101 97/97
f 97/97 102/102 91/91
f 93/93 101/101 91/91
f 106/106 87/87 90/90
f 106/106 90/90 95/95
f 96/96 107/107 99/99
f 92/92 96/96 109/109
f 109/109 100/100 92/92
f 111/111 112/112 102/102
f 111/111 93/93 120/120
f 116/116 120/120 93/93
f 110/110 116/116 108/108
f 93/93 108/108 116/116
f 111/111 120/120 112/112
f 107/107 102/102 115/115
f 112/112 115/115 102/102
f 114/114 119/119 116/116
f 120/120 116/116 119/119
f 110/110 114/114 116/116
f 88/88 110/110 108/108
f 107/107 117/117 103/103
f 112/112 120/120 118/118
f 119/119 118/118 120/120
f 113/113 117/117 122/122
f 115/115 122/122 117/117
f 88/88 89/89 110/110
f 101/101 111/111 97/97
f 102/102 97/97 111/111
f 101/101 93/93 111/111
f 89/89 121/121 110/110
f 110/110 121/121 114/114
f 107/107 115/115 117/117
f 115/115 112/112 122/122
f 118/118 122/122 112/112
f 137/137 136/136 135/135
f 143/143 139/139 142/142
f 138/138 142/142 139/139
f 149/149 136/136 137/137
f 149/149 144/144 150/150
f 134/134 141/141 135/135
f 140/140 145/145 147/147
f 147/147 144/144 140/140
f 140/140 146/146 145/145
f 146/146 140/140 141/141
f 134/134 148/148 141/141
f 146/146 141/141 148/148
f 168/168 167/167 139/139
f 149/149 137/137 140/140
f 138/138 144/144 142/142
f 149/149 140/140 144/144
f 135/135 141/141 137/137
f 140/140 137/137 141/141
f 147/147 142/142 144/144
f 138/138 150/150 144/144
f 138/138 139/139 153/153
f 136/136 152/152 154/154
f 166/166 153/153 167/167
f 153/153 151/151 138/138
f 152/152 149/149 150/150
f 152/152 136/136 149/149
f 155/155 156/156 158/158
f 158/158 157/157 155/155
f 157/157 165/165 164/164
f 164/164 155/155 157/157
f 151/151 158/158 152/152
f 159/159 162/162 158/158
f 156/156 159/159 158/158
f 160/160 161/161 162/162
f 162/162 159/159 160/160
f 157/157 151/151 153/153
f 151/151 157/157 158/158
f 165/165 157/157 153/153
f 152/152 161/161 154/154
f 152/152 162/162 161/161
f 162/162 152/152 158/158
f 152/152 150/150 151/151
f 138/138 151/151 150/150
f 248/248 249/249 163/163
f 249/249 250/250 163/163
f 251/251 248/248 163/163
f 252/252 251/251 163/163
f 166/166 165/165 153/153
f 139/139 167/167 153/153
f 168/168 139/139 143/143
f 172/172 167/167 168/168
f 174/174 172/172 173/173
f 170/170 175/175 169/169
f 170/170 180/180 175/175
f 180/180 181/181 176/176
f 174/174 176/176 181/181
f 253/253 177/177 254/254
f 177/177 178/178 254/254
f 254/254 178/178 255/255
f 179/179 255/255 178/178
f 180/180 176/176 175/175
f 135/135 136/136 170/170
f 180/180 170/170 136/136
f 169/169 256/256 148/148
f 148/148 134/134 169/169
f 175/175 257/257 256/256
f 256/256 169/169 175/175
f 175/175 258/258 257/257
f 258/258 175/175 176/176
f 259/259 177/177 253/253
f 260/260 261/261 179/179
f 255/255 179/179 261/261
f 173/173 172/172 171/171
f 262/262 260/260 263/263
f 262/262 261/261 260/260
f 176/176 173/173 258/258
f 169/169 135/135 170/170
f 169/169 134/134 135/135
f 176/176 174/174 173/173
f 167/167 172/172 166/166
f 174/174 183/183 172/172
f 136/136 154/154 182/182
f 183/183 174/174 184/184
f 182/182 180/180 136/136
f 181/181 182/182 184/184
f 184/184 182/182 185/185
f 190/190 185/185 182/182
f 187/187 188/188 185/185
f 185/185 189/189 187/187
f 189/189 185/185 186/186
f 182/182 161/161 190/190
f 165/165 166/166 183/183
f 184/184 188/188 183/183
f 188/188 184/184 185/185
f 190/190 160/160 186/186
f 154/154 161/161 182/182
f 190/190 161/161 160/160
f 186/186 185/185 190/190
f 180/180 182/182 181/181
f 174/174 181/181 184/184
f 264/264 265/265 163/163
f 265/265 266/266 163/163
f 266/266 252/252 163/163
f 187/187 164/164 188/188
f 250/250 264/264 163/163
f 165/165 188/188 164/164
f 183/183 166/166 172/172
f 165/165 183/183 188/188
f 267/267 262/262 263/263
f 171/171 172/172 168/168
f 194/194 192/192 193/193
f 200/200 199/199 196/196
f 195/195 196/196 199/199
f 206/206 194/194 193/193
f 206/206 207/207 201/201
f 191/191 192/192 198/198
f 197/197 204/204 202/202
f 204/204 197/197 201/201
f 197/197 202/202 203/203
f 203/203 198/198 197/197
f 191/191 198/198 205/205
f 203/203 205/205 198/198
f 225/225 196/196 224/224
f 206/206 197/197 194/194
f 195/195 199/199 201/201
f 206/206 201/201 197/197
f 192/192 194/194 198/198
f 197/197 198/198 194/194
f 204/204 201/201 199/199
f 195/195 201/201 207/207
f 195/195 210/210 196/196
f 193/193 211/211 209/209
f 223/223 224/224 210/210
f 210/210 195/195 208/208
f 209/209 207/207 206/206
f 209/209 206/206 193/193
f 212/212 215/215 213/213
f 215/215 212/212 214/214
f 214/214 221/221 222/222
f 221/221 214/214 212/212
f 208/208 209/209 215/215
f 216/216 215/215 219/219
f 213/213 215/215 216/216
f 217/217 219/219 218/218
f 219/219 217/217 216/216
f 214/214 210/210 208/208
f 208/208 215/215 214/214
f 222/222 210/210 214/214
f 209/209 211/211 218/218
f 209/209 218/218 219/219
f 219/219 215/215 209/209
f 209/209 208/208 207/207
f 195/195 207/207 208/208
f 268/268 220/220 269/269
f 269/269 220/220 270/270
f 271/271 220/220 268/268
f 272/272 220/220 271/271
f 223/223 210/210 222/222
f 196/196 210/210 224/224
f 225/225 200/200 196/196
f 229/229 225/225 224/224
f 231/231 230/230 229/229
f 227/227 226/226 232/232
f 227/227 232/232 237/237
f 237/237 233/233 238/238
f 231/231 238/238 233/233
f 273/273 274/274 234/234
f 234/234 274/274 235/235
f 274/274 275/275 235/235
f 236/236 235/235 275/275
f 237/237 232/232 233/233
f 192/192 227/227 193/193
f 237/237 193/193 227/227
f 226/226 205/205 276/276
f 205/205 226/226 191/191
f 232/232 276/276 277/277
f 276/276 232/232 226/226
f 232/232 277/277 278/278
f 278/278 233/233 232/232
f 279/279 273/273 234/234
f 280/280 236/236 281/281
f 275/275 281/281 236/236
f 230/230 228/228 229/229
f 282/282 283/283 280/280
f 282/282 280/280 281/281
f 233/233 278/278 230/230
f 226/226 227/227 192/192
f 226/226 192/192 191/191
f 233/233 230/230 231/231
f 224/224 223/223 229/229
f 231/231 229/229 240/240
f 193/193 239/239 211/211
f 240/240 241/241 231/231
f 239/239 193/193 237/237
f 238/238 241/241 239/239
f 241/241 242/242 239/239
f 247/247 239/239 242/242
f 244/244 242/242 245/245
f 242/242 244/244 246/246
f 246/246 243/243 242/242
f 239/239 247/247 218/218
f 222/222 240/240 223/223
f 241/241 240/240 245/245
f 245/245 242/242 241/241
f 247/247 243/243 217/217
f 211/211 239/239 218/218
f 247/247 217/217 218/218
f 243/243 247/247 242/242
f 237/237 238/238 239/239
f 231/231 241/241 238/238
f 284/284 220/220 285/285
f 285/285 220/220 286/286
f 286/286 220/220 272/272
f 244/244 245/245 221/221
f 270/270 220/220 284/284
f 222/222 221/221 245/245
f 240/240 229/229 223/223
f 222/222 245/245 240/240
f 287/287 283/283 282/282
f 228/228 225/225 229/229
f 289/289 366/366 291/291
f 302/302 323/323 295/295
f 302/302 366/366 289/289
f 294/294 290/290 292/292
f 323/323 302/302 314/314
f 454/454 304/304 369/369
f 298/298 299/299 305/305
f 305/305 306/306 298/298
f 299/299 296/296 305/305
f 304/304 305/305 296/296
f 369/369 304/304 370/370
f 306/306 305/305 301/301
f 301/301 300/300 306/306
f 301/301 304/304 455/455
f 454/454 455/455 304/304
f 370/370 330/330 312/312
f 313/313 365/365 327/327
f 456/456 308/308 309/309
f 367/367 307/307 309/309
f 307/307 297/297 309/309
f 310/310 457/457 458/458
f 458/458 311/311 310/310
f 311/311 458/458 294/294
f 294/294 308/308 311/311
f 292/292 368/368 308/308
f 368/368 309/309 308/308
f 456/456 459/459 311/311
f 311/311 308/308 456/456
f 459/459 460/460 310/310
f 310/310 311/311 459/459
f 294/294 292/292 308/308
f 327/327 366/366 295/295
f 300/300 461/461 462/462
f 456/456 309/309 297/297
f 462/462 306/306 300/300
f 301/301 305/305 304/304
f 319/319 332/332 320/320
f 332/332 319/319 326/326
f 365/365 324/324 367/367
f 293/293 291/291 365/365
f 369/369 288/288 454/454
f 303/303 463/463 369/369
f 303/303 333/333 464/464
f 333/333 303/303 312/312
f 370/370 312/312 303/303
f 330/330 296/296 465/465
f 297/297 307/307 315/315
f 315/315 316/316 297/297
f 466/466 330/330 465/465
f 330/330 466/466 331/331
f 467/467 315/315 468/468
f 315/315 467/467 316/316
f 320/320 331/331 466/466
f 331/331 320/320 332/332
f 321/321 329/329 335/335
f 329/329 321/321 322/322
f 334/334 312/312 317/317
f 312/312 334/334 333/333
f 335/335 317/317 321/321
f 317/317 335/335 334/334
f 302/302 289/289 314/314
f 469/469 314/314 289/289
f 303/303 464/464 463/463
f 324/324 315/315 307/307
f 315/315 324/324 325/325
f 325/325 468/468 315/315
f 468/468 325/325 470/470
f 313/313 328/328 318/318
f 328/328 313/313 327/327
f 318/318 471/471 472/472
f 471/471 318/318 328/328
f 473/473 474/474 475/475
f 474/474 473/473 476/476
f 477/477 474/474 478/478
f 474/474 477/477 475/475
f 479/479 480/480 481/481
f 480/480 479/479 482/482
f 483/483 480/480 484/484
f 480/480 483/483 481/481
f 485/485 486/486 487/487
f 486/486 485/485 488/488
f 486/486 489/489 490/490
f 489/489 486/486 488/488
f 344/344 313/313 341/341
f 313/313 344/344 324/324
f 345/345 341/341 343/343
f 341/341 345/345 344/344
f 339/339 323/323 338/338
f 323/323 339/339 295/295
f 339/339 327/327 295/295
f 327/327 339/339 346/346
f 336/336 338/338 337/337
f 338/338 336/336 339/339
f 336/336 346/346 339/339
f 346/346 336/336 347/347
f 312/312 348/348 340/340
f 348/348 312/312 330/330
f 340/340 349/349 342/342
f 349/349 340/340 348/348
f 342/342 491/491 492/492
f 491/491 342/342 349/349
f 333/333 493/493 464/464
f 493/493 333/333 350/350
f 350/350 494/494 493/493
f 494/494 350/350 351/351
f 351/351 495/495 494/494
f 495/495 351/351 496/496
f 497/497 498/498 499/499
f 498/498 497/497 500/500
f 498/498 501/501 502/502
f 501/501 498/498 500/500
f 503/503 504/504 505/505
f 504/504 503/503 506/506
f 504/504 507/507 508/508
f 507/507 504/504 506/506
f 509/509 510/510 511/511
f 510/510 509/509 512/512
f 513/513 510/510 514/514
f 510/510 513/513 511/511
f 324/324 365/365 313/313
f 352/352 515/515 516/516
f 355/355 354/354 353/353
f 517/517 518/518 356/356
f 359/359 358/358 357/357
f 360/360 519/519 520/520
f 519/519 360/360 359/359
f 521/521 357/357 355/355
f 354/354 355/355 357/357
f 359/359 522/522 519/519
f 521/521 522/522 359/359
f 361/361 356/356 518/518
f 356/356 361/361 362/362
f 356/356 520/520 517/517
f 520/520 356/356 360/360
f 360/360 362/362 358/358
f 362/362 360/360 356/356
f 521/521 359/359 357/357
f 358/358 359/359 360/360
f 357/357 363/363 354/354
f 357/357 358/358 363/363
f 355/355 516/516 521/521
f 516/516 355/355 352/352
f 518/518 523/523 361/361
f 353/353 352/352 355/355
f 364/364 524/524 525/525
f 364/364 526/526 527/527
f 364/364 528/528 526/526
f 364/364 525/525 529/529
f 364/364 529/529 528/528
f 364/364 527/527 524/524
f 367/367 324/324 307/307
f 365/365 291/291 366/366
f 365/365 366/366 327/327
f 302/302 295/295 366/366
f 293/293 365/365 367/367
f 293/293 367/367 292/292
f 367/367 309/309 368/368
f 292/292 367/367 368/368
f 463/463 288/288 369/369
f 369/369 370/370 303/303
f 296/296 330/330 370/370
f 370/370 304/304 296/296
f 449/449 372/372 374/374
f 406/406 385/385 378/378
f 449/449 385/385 372/372
f 373/373 377/377 375/375
f 385/385 406/406 397/397
f 387/387 530/530 452/452
f 382/382 381/381 388/388
f 389/389 388/388 381/381
f 379/379 382/382 388/388
f 388/388 387/387 379/379
f 387/387 452/452 453/453
f 388/388 389/389 384/384
f 383/383 384/384 389/389
f 387/387 384/384 531/531
f 531/531 530/530 387/387
f 413/413 453/453 395/395
f 448/448 396/396 410/410
f 391/391 532/532 392/392
f 390/390 450/450 392/392
f 380/380 390/390 392/392
f 533/533 393/393 534/534
f 394/394 534/534 393/393
f 534/534 394/394 377/377
f 391/391 377/377 394/394
f 451/451 375/375 391/391
f 392/392 451/451 391/391
f 535/535 532/532 394/394
f 391/391 394/394 532/532
f 536/536 535/535 393/393
f 394/394 393/393 535/535
f 375/375 377/377 391/391
f 449/449 410/410 378/378
f 537/537 383/383 538/538
f 392/392 532/532 380/380
f 389/389 538/538 383/383
f 388/388 384/384 387/387
f 415/415 402/402 403/403
f 402/402 415/415 409/409
f 407/407 448/448 450/450
f 374/374 376/376 448/448
f 371/371 452/452 530/530
f 539/539 386/386 452/452
f 416/416 386/386 540/540
f 386/386 416/416 395/395
f 395/395 453/453 386/386
f 379/379 413/413 541/541
f 390/390 380/380 398/398
f 399/399 398/398 380/380
f 413/413 542/542 541/541
f 542/542 413/413 414/414
f 398/398 543/543 544/544
f 543/543 398/398 399/399
f 414/414 403/403 542/542
f 403/403 414/414 415/415
f 412/412 404/404 418/418
f 404/404 412/412 405/405
f 395/395 417/417 400/400
f 417/417 395/395 416/416
f 400/400 418/418 404/404
f 418/418 400/400 417/417
f 372/372 385/385 397/397
f 397/397 545/545 372/372
f 540/540 386/386 539/539
f 398/398 407/407 390/390
f 407/407 398/398 408/408
f 544/544 408/408 398/398
f 408/408 544/544 546/546
f 411/411 396/396 401/401
f 396/396 411/411 410/410
f 547/547 401/401 548/548
f 401/401 547/547 411/411
f 549/549 550/550 551/551
f 550/550 549/549 552/552
f 549/549 553/553 554/554
f 553/553 549/549 551/551
f 555/555 556/556 557/557
f 556/556 555/555 558/558
f 555/555 559/559 560/560
f 559/559 555/555 557/557
f 561/561 562/562 563/563
f 562/562 561/561 564/564
f 565/565 561/561 566/566
f 561/561 565/565 564/564
f 396/396 427/427 424/424
f 427/427 396/396 407/407
f 424/424 428/428 426/426
f 428/428 424/424 427/427
f 406/406 422/422 421/421
f 422/422 406/406 378/378
f 410/410 422/422 378/378
f 422/422 410/410 429/429
f 421/421 419/419 420/420
f 419/419 421/421 422/422
f 429/429 419/419 422/422
f 419/419 429/429 430/430
f 431/431 395/395 423/423
f 395/395 431/431 413/413
f 432/432 423/423 425/425
f 423/423 432/432 431/431
f 567/567 425/425 568/568
f 425/425 567/567 432/432
f 569/569 416/416 540/540
f 416/416 569/569 433/433
f 570/570 433/433 569/569
f 433/433 570/570 434/434
f 571/571 434/434 570/570
f 434/434 571/571 572/572
f 573/573 574/574 575/575
f 574/574 573/573 576/576
f 577/577 573/573 578/578
f 573/573 577/577 576/576
f 579/579 580/580 581/581
f 580/580 579/579 582/582
f 583/583 579/579 584/584
f 579/579 583/583 582/582
f 585/585 586/586 587/587
f 586/586 585/585 588/588
f 585/585 589/589 590/590
f 589/589 585/585 587/587
f 448/448 407/407 396/396
f 591/591 435/435 592/592
f 437/437 438/438 436/436
f 593/593 594/594 439/439
f 441/441 442/442 440/440
f 595/595 443/443 596/596
f 443/443 595/595 442/442
f 440/440 597/597 438/438
f 438/438 437/437 440/440
f 598/598 442/442 595/595
f 598/598 597/597 442/442
f 439/439 444/444 593/593
f 444/444 439/439 445/445
f 596/596 439/439 594/594
f 439/439 596/596 443/443
f 445/445 443/443 441/441
f 443/443 445/445 439/439
f 442/442 597/597 440/440
f 442/442 441/441 443/443
f 446/446 440/440 437/437
f 441/441 440/440 446/446
f 592/592 438/438 597/597
f 438/438 592/592 435/435
f 599/599 593/593 444/444
f 435/435 436/436 438/438
f 600/600 447/447 601/601
f 602/602 447/447 603/603
f 604/604 447/447 602/602
f 601/601 447/447 605/605
f 605/605 447/447 604/604
f 603/603 447/447 600/600
f 407/407 450/450 390/390
f 374/374 448/448 449/449
f 449/449 448/448 410/410
f 378/378 385/385 449/449
f 448/448 376/376 450/450
f 450/450 376/376 375/375
f 392/392 450/450 451/451
f 450/450 375/375 451/451
f 371/371 539/539 452/452
f 453/453 452/452 386/386
f 413/413 379/379 453/453
f 387/387 453/453 379/379
f 608/608 607/607 606/606
f 611/611 610/610 609/609
f 614/614 612/612 613/613
f 617/617 615/615 616/616
f 615/615 617/617 618/618
f 621/621 673/673 620/620
f 625/625 623/623 624/624
f 623/623 625/625 626/626
f 629/629 630/630 628/628
f 627/627 628/628 630/630
f 628/628 627/627 631/631
f 628/628 631/631 632/632
f 634/634 633/633 623/623
f 633/633 634/634 635/635
f 636/636 619/619 624/624
f 619/619 636/636 637/637
f 620/620 617/617 621/621
f 617/617 620/620 618/618
f 639/639 618/618 638/638
f 620/620 638/638 618/618
f 664/664 618/618 640/640
f 639/639 640/640 618/618
f 634/634 642/642 635/635
f 642/642 634/634 629/629
f 641/641 629/629 634/634
f 628/628 642/642 629/629
f 642/642 628/628 632/632
f 645/645 643/643 644/644
f 645/645 644/644 646/646
f 648/648 647/647 645/645
f 650/650 645/645 649/649
f 652/652 651/651 648/648
f 651/651 652/652 653/653
f 655/655 648/648 654/654
f 648/648 655/655 652/652
f 657/657 644/644 656/656
f 659/659 658/658 657/657
f 615/615 657/657 666/666
f 661/661 659/659 657/657
f 619/619 637/637 620/620
f 638/638 620/620 637/637
f 624/624 622/622 625/625
f 622/622 624/624 619/619
f 624/624 633/633 636/636
f 633/633 624/624 623/623
f 664/664 662/662 663/663
f 618/618 664/664 661/661
f 664/664 640/640 665/665
f 649/649 645/645 646/646
f 658/658 646/646 644/644
f 656/656 644/644 643/643
f 647/647 643/643 645/645
f 648/648 645/645 650/650
f 654/654 648/648 650/650
f 651/651 647/647 648/648
f 618/618 661/661 615/615
f 615/615 661/661 657/657
f 663/663 661/661 664/664
f 661/661 663/663 659/659
f 662/662 664/664 665/665
f 666/666 660/660 615/615
f 666/666 657/657 656/656
f 644/644 657/657 658/658
f 667/667 616/616 615/615
f 616/616 667/667 668/668
f 669/669 667/667 660/660
f 615/615 660/660 667/667
f 670/670 667/667 669/669
f 670/670 668/668 667/667
f 671/671 622/622 619/619
f 622/622 671/671 672/672
f 674/674 671/671 673/673
f 619/619 673/673 671/671
f 675/675 671/671 674/674
f 675/675 672/672 671/671
f 676/676 641/641 634/634
f 641/641 676/676 677/677
f 679/679 676/676 678/678
f 634/634 678/678 676/676
f 680/680 676/676 679/679
f 680/680 677/677 676/676
f 681/681 630/630 629/629
f 630/630 681/681 682/682
f 684/684 681/681 683/683
f 629/629 683/683 681/681
f 685/685 681/681 684/684
f 685/685 682/682 681/681
f 619/619 620/620 673/673
f 623/623 678/678 634/634
f 678/678 623/623 626/626
f 629/629 641/641 683/683
f 687/687 686/686 688/688
f 689/689 688/688 686/686
f 691/691 741/741 692/692
f 695/695 694/694 696/696
f 697/697 696/696 694/694
f 699/699 701/701 700/700
f 701/701 699/699 698/698
f 702/702 698/698 699/699
f 703/703 702/702 699/699
f 694/694 704/704 705/705
f 706/706 705/705 704/704
f 695/695 690/690 707/707
f 708/708 707/707 690/690
f 692/692 688/688 691/691
f 689/689 691/691 688/688
f 709/709 691/691 689/689
f 689/689 710/710 709/709
f 729/729 689/689 686/686
f 689/689 711/711 710/710
f 706/706 713/713 705/705
f 700/700 705/705 713/713
f 705/705 700/700 712/712
f 700/700 713/713 699/699
f 703/703 699/699 713/713
f 715/715 714/714 716/716
f 717/717 715/715 716/716
f 716/716 718/718 719/719
f 720/720 716/716 721/721
f 719/719 722/722 652/652
f 653/653 652/652 722/722
f 723/723 719/719 655/655
f 652/652 655/655 719/719
f 724/724 715/715 725/725
f 725/725 726/726 727/727
f 734/734 725/725 686/686
f 725/725 727/727 729/729
f 691/691 709/709 708/708
f 708/708 690/690 691/691
f 696/696 693/693 695/695
f 690/690 695/695 693/693
f 707/707 704/704 695/695
f 694/694 695/695 704/704
f 731/731 730/730 732/732
f 689/689 732/732 711/711
f 733/733 711/711 732/732
f 717/717 716/716 720/720
f 715/715 717/717 726/726
f 714/714 715/715 724/724
f 716/716 714/714 718/718
f 721/721 716/716 719/719
f 721/721 719/719 723/723
f 719/719 718/718 722/722
f 689/689 729/729 732/732
f 725/725 729/729 686/686
f 732/732 729/729 731/731
f 727/727 731/731 729/729
f 733/733 732/732 730/730
f 686/686 728/728 734/734
f 724/724 725/725 734/734
f 726/726 725/725 715/715
f 686/686 687/687 735/735
f 736/736 735/735 687/687
f 728/728 735/735 737/737
f 735/735 728/728 686/686
f 737/737 735/735 738/738
f 735/735 736/736 738/738
f 690/690 693/693 739/739
f 740/740 739/739 693/693
f 741/741 739/739 742/742
f 739/739 741/741 690/690
f 742/742 739/739 743/743
f 739/739 740/740 743/743
f 705/705 712/712 744/744
f 745/745 744/744 712/712
f 746/746 744/744 747/747
f 744/744 746/746 705/705
f 747/747 744/744 748/748
f 744/744 745/745 748/748
f 700/700 701/701 749/749
f 750/750 749/749 701/701
f 751/751 749/749 752/752
f 749/749 751/751 700/700
f 752/752 749/749 753/753
f 749/749 750/750 753/753
f 741/741 691/691 690/690
f 705/705 746/746 694/694
f 697/697 694/694 746/746
f 751/751 712/712 700/700
f 616/616 754/754 617/617
f 755/755 617/617 754/754
f 757/757 673/673 621/621
f 759/759 758/758 625/625
f 626/626 625/625 758/758
f 760/760 630/630 761/761
f 630/630 760/760 627/627
f 631/631 627/627 760/760
f 632/632 631/631 760/760
f 758/758 633/633 762/762
f 635/635 762/762 633/633
f 759/759 756/756 636/636
f 637/637 636/636 756/756
f 621/621 617/617 757/757
f 755/755 757/757 617/617
f 638/638 755/755 639/639
f 755/755 638/638 757/757
f 640/640 755/755 769/769
f 755/755 640/640 639/639
f 635/635 642/642 762/762
f 761/761 762/762 642/642
f 762/762 761/761 641/641
f 761/761 642/642 760/760
f 632/632 760/760 642/642
f 763/763 643/643 764/764
f 646/646 763/763 764/764
f 764/764 647/647 765/765
f 649/649 764/764 650/650
f 765/765 651/651 766/766
f 653/653 766/766 651/651
f 654/654 765/765 655/655
f 766/766 655/655 765/765
f 656/656 763/763 767/767
f 767/767 658/658 659/659
f 666/666 767/767 754/754
f 767/767 659/659 768/768
f 757/757 637/637 756/756
f 637/637 757/757 638/638
f 625/625 622/622 759/759
f 756/756 759/759 622/622
f 636/636 633/633 759/759
f 758/758 759/759 633/633
f 663/663 662/662 769/769
f 768/768 769/769 755/755
f 665/665 640/640 769/769
f 646/646 764/764 649/649
f 763/763 646/646 658/658
f 643/643 763/763 656/656
f 764/764 643/643 647/647
f 650/650 764/764 765/765
f 650/650 765/765 654/654
f 765/765 647/647 651/651
f 754/754 768/768 755/755
f 767/767 768/768 754/754
f 769/769 768/768 663/663
f 659/659 663/663 768/768
f 665/665 769/769 662/662
f 754/754 660/660 666/666
f 656/656 767/767 666/666
f 658/658 767/767 763/763
f 754/754 616/616 770/770
f 668/668 770/770 616/616
f 660/660 770/770 669/669
f 770/770 660/660 754/754
f 669/669 770/770 670/670
f 770/770 668/668 670/670
f 756/756 622/622 771/771
f 672/672 771/771 622/622
f 673/673 771/771 674/674
f 771/771 673/673 756/756
f 674/674 771/771 675/675
f 771/771 672/672 675/675
f 762/762 641/641 772/772
f 677/677 772/772 641/641
f 678/678 772/772 679/679
f 772/772 678/678 762/762
f 679/679 772/772 680/680
f 772/772 677/677 680/680
f 761/761 630/630 773/773
f 682/682 773/773 630/630
f 683/683 773/773 684/684
f 773/773 683/683 761/761
f 684/684 773/773 685/685
f 773/773 682/682 685/685
f 673/673 757/757 756/756
f 762/762 678/678 758/758
f 626/626 758/758 678/678
f 683/683 641/641 761/761
f 688/688 774/774 687/687
f 774/774 688/688 775/775
f 692/692 741/741 777/777
f 696/696 778/778 779/779
f 778/778 696/696 697/697
f 781/781 701/701 780/780
f 698/698 780/780 701/701
f 780/780 698/698 702/702
f 780/780 702/702 703/703
f 782/782 704/704 778/778
f 704/704 782/782 706/706
f 707/707 776/776 779/779
f 776/776 707/707 708/708
f 777/777 688/688 692/692
f 688/688 777/777 775/775
f 775/775 777/777 709/709
f 709/709 710/710 775/775
f 774/774 775/775 787/787
f 710/710 711/711 775/775
f 782/782 713/713 706/706
f 713/713 782/782 781/781
f 712/712 781/781 782/782
f 780/780 713/713 781/781
f 713/713 780/780 703/703
f 784/784 714/714 783/783
f 784/784 783/783 717/717
f 785/785 718/718 784/784
f 721/721 784/784 720/720
f 766/766 722/722 785/785
f 722/722 766/766 653/653
f 655/655 785/785 723/723
f 785/785 655/655 766/766
f 786/786 783/783 724/724
f 727/727 726/726 786/786
f 774/774 786/786 734/734
f 787/787 727/727 786/786
f 708/708 709/709 777/777
f 777/777 776/776 708/708
f 779/779 693/693 696/696
f 693/693 779/779 776/776
f 779/779 704/704 707/707
f 704/704 779/779 778/778
f 788/788 730/730 731/731
f 711/711 788/788 775/775
f 788/788 711/711 733/733
f 720/720 784/784 717/717
f 726/726 717/717 783/783
f 724/724 783/783 714/714
f 718/718 714/714 784/784
f 785/785 784/784 721/721
f 723/723 785/785 721/721
f 722/722 718/718 785/785
f 788/788 787/787 775/775
f 774/774 787/787 786/786
f 731/731 787/787 788/788
f 787/787 731/731 727/727
f 730/730 788/788 733/733
f 734/734 728/728 774/774
f 734/734 786/786 724/724
f 783/783 786/786 726/726
f 789/789 687/687 774/774
f 687/687 789/789 736/736
f 737/737 789/789 728/728
f 774/774 728/728 789/789
f 738/738 789/789 737/737
f 738/738 736/736 789/789
f 790/790 693/693 776/776
f 693/693 790/790 740/740
f 742/742 790/790 741/741
f 776/776 741/741 790/790
f 743/743 790/790 742/742
f 743/743 740/740 790/790
f 791/791 712/712 782/782
f 712/712 791/791 745/745
f 747/747 791/791 746/746
f 782/782 746/746 791/791
f 748/748 791/791 747/747
f 748/748 745/745 791/791
f 792/792 701/701 781/781
f 701/701 792/792 750/750
f 752/752 792/792 751/751
f 781/781 751/751 792/792
f 753/753 792/792 752/752
f 753/753 750/750 792/792
f 776/776 777/777 741/741
f 778/778 746/746 782/782
f 746/746 778/778 697/697
f 781/781 712/712 751/751
f 794/794 799/799 795/795
f 804/804 795/795 799/799
f 1118/1118 1119/1119 800/800
f 793/793 800/800 1119/1119
f 798/798 801/801 803/803
f 803/803 797/797 798/798
f 796/796 797/797 803/803
f 803/803 802/802 796/796
f 795/795 804/804 798/798
f 801/801 798/798 804/804
f 800/800 793/793 796/796
f 796/796 802/802 800/800
f 816/816 807/807 805/805
f 800/800 811/811 1120/1120
f 814/814 809/809 815/815
f 803/803 806/806 809/809
f 811/811 800/800 802/802
f 803/803 809/809 802/802
f 807/807 816/816 815/815
f 805/805 807/807 808/808
f 800/800 1120/1120 1118/1118
f 803/803 801/801 806/806
f 808/808 806/806 801/801
f 808/808 799/799 805/805
f 801/801 804/804 808/808
f 808/808 807/807 806/806
f 808/808 804/804 799/799
f 810/810 802/802 809/809
f 802/802 810/810 811/811
f 811/811 812/812 817/817
f 812/812 811/811 810/810
f 813/813 810/810 809/809
f 810/810 813/813 812/812
f 809/809 814/814 813/813
f 815/815 806/806 807/807
f 815/815 809/809 806/806
f 817/817 1120/1120 811/811
f 805/805 1121/1121 816/816
f 824/824 819/819 820/820
f 820/820 829/829 824/824
f 1122/1122 1123/1123 825/825
f 825/825 818/818 1122/1122
f 826/826 823/823 828/828
f 822/822 828/828 823/823
f 822/822 821/821 828/828
f 827/827 828/828 821/821
f 829/829 820/820 823/823
f 823/823 826/826 829/829
f 818/818 825/825 821/821
f 827/827 821/821 825/825
f 832/832 841/841 830/830
f 836/836 825/825 1124/1124
f 834/834 839/839 840/840
f 831/831 828/828 834/834
f 825/825 836/836 827/827
f 834/834 828/828 827/827
f 841/841 832/832 840/840
f 832/832 830/830 833/833
f 1124/1124 825/825 1123/1123
f 826/826 828/828 831/831
f 831/831 833/833 826/826
f 824/824 833/833 830/830
f 829/829 826/826 833/833
f 832/832 833/833 831/831
f 829/829 833/833 824/824
f 827/827 835/835 834/834
f 835/835 827/827 836/836
f 837/837 836/836 842/842
f 836/836 837/837 835/835
f 835/835 838/838 834/834
f 838/838 835/835 837/837
f 839/839 834/834 838/838
f 831/831 834/834 832/832
f 834/834 840/840 832/832
f 1124/1124 842/842 836/836
f 1125/1125 830/830 841/841
f 865/865 843/843 859/859
f 843/843 844/844 859/859
f 844/844 845/845 859/859
f 845/845 846/846 859/859
f 860/860 861/861 853/853
f 853/853 850/850 860/860
f 850/850 853/853 854/854
f 854/854 851/851 850/850
f 851/851 854/854 855/855
f 855/855 852/852 851/851
f 852/852 855/855 856/856
f 856/856 858/858 852/852
f 860/860 850/850 883/883
f 884/884 883/883 850/850
f 850/850 851/851 884/884
f 885/885 884/884 851/851
f 885/885 851/851 886/886
f 852/852 886/886 851/851
f 886/886 852/852 887/887
f 858/858 887/887 852/852
f 857/857 853/853 861/861
f 861/861 926/926 857/857
f 847/847 854/854 853/853
f 853/853 857/857 847/847
f 847/847 848/848 855/855
f 855/855 854/854 847/847
f 848/848 849/849 856/856
f 856/856 855/855 848/848
f 846/846 866/866 859/859
f 887/887 858/858 888/888
f 862/862 888/888 858/858
f 863/863 862/862 858/858
f 858/858 856/856 863/863
f 863/863 856/856 849/849
f 849/849 864/864 863/863
f 867/867 1126/1126 1127/1127
f 868/868 867/867 1127/1127
f 869/869 868/868 1127/1127
f 870/870 869/869 1127/1127
f 1128/1128 1129/1129 877/877
f 874/874 877/877 1129/1129
f 877/877 874/874 878/878
f 875/875 878/878 874/874
f 878/878 875/875 879/879
f 876/876 879/879 875/875
f 879/879 876/876 880/880
f 882/882 880/880 876/876
f 1129/1129 1130/1130 874/874
f 889/889 874/874 1130/1130
f 874/874 889/889 875/875
f 890/890 875/875 889/889
f 876/876 875/875 891/891
f 890/890 891/891 875/875
f 882/882 876/876 892/892
f 891/891 892/892 876/876
f 877/877 881/881 1128/1128
f 1131/1131 1128/1128 881/881
f 878/878 871/871 877/877
f 881/881 877/877 871/871
f 872/872 871/871 879/879
f 878/878 879/879 871/871
f 873/873 872/872 880/880
f 879/879 880/880 872/872
f 1132/1132 870/870 1127/1127
f 1133/1133 882/882 1134/1134
f 892/892 1134/1134 882/882
f 1133/1133 1135/1135 882/882
f 880/880 882/882 1135/1135
f 880/880 1135/1135 873/873
f 1136/1136 873/873 1135/1135
f 883/883 884/884 1137/1137
f 1138/1138 1137/1137 884/884
f 884/884 885/885 1138/1138
f 1139/1139 1138/1138 885/885
f 886/886 1140/1140 885/885
f 1139/1139 885/885 1140/1140
f 887/887 1141/1141 886/886
f 1140/1140 886/886 1141/1141
f 888/888 1142/1142 887/887
f 1141/1141 887/887 1142/1142
f 1130/1130 1143/1143 889/889
f 1144/1144 889/889 1143/1143
f 889/889 1144/1144 890/890
f 1145/1145 890/890 1144/1144
f 891/891 890/890 1146/1146
f 1145/1145 1146/1146 890/890
f 892/892 891/891 1147/1147
f 1146/1146 1147/1147 891/891
f 1134/1134 892/892 1148/1148
f 1147/1147 1148/1148 892/892
f 941/941 902/902 903/903
f 938/938 900/900 939/939
f 938/938 899/899 900/900
f 924/924 900/900 899/899
f 930/930 929/929 907/907
f 914/914 913/913 915/915
f 913/913 914/914 909/909
f 908/908 1149/1149 1150/1150
f 1149/1149 908/908 916/916
f 1150/1150 901/901 908/908
f 1151/1151 909/909 902/902
f 903/903 929/929 930/930
f 906/906 910/910 908/908
f 917/917 912/912 920/920
f 912/912 917/917 904/904
f 911/911 920/920 912/912
f 910/910 904/904 928/928
f 910/910 906/906 922/922
f 929/929 902/902 909/909
f 912/912 905/905 911/911
f 905/905 907/907 914/914
f 905/905 914/914 911/911
f 923/923 925/925 924/924
f 924/924 922/922 906/906
f 925/925 922/922 924/924
f 906/906 900/900 924/924
f 922/922 904/904 910/910
f 899/899 923/923 924/924
f 907/907 905/905 927/927
f 929/929 903/903 902/902
f 927/927 1152/1152 907/907
f 918/918 916/916 928/928
f 911/911 914/914 915/915
f 917/917 918/918 928/928
f 918/918 917/917 921/921
f 915/915 919/919 911/911
f 920/920 921/921 917/917
f 921/921 920/920 919/919
f 911/911 919/919 920/920
f 893/893 894/894 1149/1149
f 1149/1149 916/916 893/893
f 1153/1153 895/895 915/915
f 915/915 913/913 1153/1153
f 896/896 916/916 918/918
f 916/916 896/896 893/893
f 897/897 896/896 918/918
f 918/918 921/921 897/897
f 895/895 898/898 919/919
f 919/919 915/915 895/895
f 898/898 897/897 921/921
f 919/919 898/898 921/921
f 928/928 916/916 910/910
f 917/917 928/928 904/904
f 914/914 929/929 909/909
f 929/929 914/914 907/907
f 1152/1152 930/930 907/907
f 908/908 910/910 916/916
f 900/900 906/906 901/901
f 901/901 906/906 908/908
f 1154/1154 932/932 931/931
f 931/931 1155/1155 1154/1154
f 1156/1156 1157/1157 933/933
f 933/933 1158/1158 1156/1156
f 1159/1159 934/934 932/932
f 932/932 1154/1154 1159/1159
f 1160/1160 935/935 1159/1159
f 934/934 1159/1159 935/935
f 1158/1158 933/933 936/936
f 936/936 1161/1161 1158/1158
f 1161/1161 936/936 935/935
f 935/935 1160/1160 1161/1161
f 937/937 899/899 938/938
f 902/902 1162/1162 1151/1151
f 939/939 900/900 901/901
f 940/940 1162/1162 902/902
f 940/940 902/902 941/941
f 950/950 980/980 979/979
f 946/946 988/988 956/956
f 1007/1007 987/987 945/945
f 1012/1012 1008/1008 1010/1010
f 953/953 986/986 987/987
f 945/945 987/987 943/943
f 976/976 964/964 956/956
f 956/956 989/989 947/947
f 951/951 954/954 955/955
f 1163/1163 951/951 955/955
f 953/953 958/958 954/954
f 958/958 953/953 977/977
f 984/984 992/992 993/993
f 1006/1006 991/991 982/982
f 957/957 962/962 977/977
f 977/977 953/953 957/957
f 971/971 959/959 1164/1164
f 1165/1165 954/954 958/958
f 968/968 1004/1004 981/981
f 961/961 983/983 960/960
f 983/983 961/961 982/982
f 964/964 965/965 956/956
f 958/958 966/966 967/967
f 966/966 958/958 977/977
f 962/962 966/966 977/977
f 966/966 962/962 968/968
f 981/981 970/970 968/968
f 1164/1164 958/958 967/967
f 973/973 963/963 1166/1166
f 963/963 973/973 972/972
f 969/969 967/967 966/966
f 967/967 969/969 971/971
f 968/968 969/969 966/966
f 969/969 968/968 970/970
f 948/948 975/975 1167/1167
f 1168/1168 974/974 1169/1169
f 974/974 1168/1168 1170/1170
f 1166/1166 974/974 973/973
f 974/974 1166/1166 1169/1169
f 1171/1171 970/970 981/981
f 972/972 949/949 1172/1172
f 972/972 1172/1172 963/963
f 1164/1164 967/967 971/971
f 1172/1172 949/949 1173/1173
f 985/985 1173/1173 949/949
f 1167/1167 975/975 1174/1174
f 1175/1175 964/964 976/976
f 976/976 950/950 1175/1175
f 1167/1167 1173/1173 948/948
f 988/988 976/976 956/956
f 978/978 943/943 951/951
f 951/951 953/953 954/954
f 953/953 951/951 986/986
f 1176/1176 978/978 1163/1163
f 956/956 947/947 946/946
f 982/982 961/961 1171/1171
f 1004/1004 962/962 1003/1003
f 984/984 1177/1177 983/983
f 978/978 994/994 943/943
f 951/951 1163/1163 978/978
f 976/976 988/988 980/980
f 976/976 980/980 950/950
f 982/982 1171/1171 981/981
f 962/962 957/957 1003/1003
f 964/964 991/991 965/965
f 1177/1177 960/960 983/983
f 991/991 964/964 992/992
f 954/954 1165/1165 955/955
f 1175/1175 993/993 964/964
f 948/948 1173/1173 985/985
f 986/986 943/943 987/987
f 986/986 951/951 943/943
f 987/987 957/957 953/953
f 1007/1007 957/957 987/987
f 988/988 942/942 980/980
f 942/942 988/988 946/946
f 1005/1005 989/989 965/965
f 989/989 944/944 947/947
f 968/968 962/962 1004/1004
f 981/981 1006/1006 982/982
f 1006/1006 1005/1005 991/991
f 992/992 982/982 991/991
f 982/982 992/992 983/983
f 984/984 983/983 992/992
f 993/993 992/992 964/964
f 958/958 1164/1164 1165/1165
f 998/998 1000/1000 943/943
f 943/943 1000/1000 945/945
f 994/994 998/998 943/943
f 945/945 1002/1002 1007/1007
f 997/997 1002/1002 995/995
f 947/947 996/996 946/946
f 996/996 947/947 1001/1001
f 946/946 996/996 999/999
f 999/999 942/942 946/946
f 1002/1002 997/997 947/947
f 1001/1001 947/947 997/997
f 995/995 945/945 1000/1000
f 1002/1002 945/945 995/995
f 944/944 1002/1002 947/947
f 1178/1178 996/996 1001/1001
f 1178/1178 1001/1001 1179/1179
f 996/996 1178/1178 1180/1180
f 1180/1180 999/999 996/996
f 1181/1181 1179/1179 995/995
f 995/995 1000/1000 1181/1181
f 1001/1001 997/997 1179/1179
f 997/997 995/995 1179/1179
f 1182/1182 1000/1000 998/998
f 1000/1000 1182/1182 1181/1181
f 1009/1009 1010/1010 952/952
f 1010/1010 1008/1008 952/952
f 981/981 1004/1004 990/990
f 1009/1009 1011/1011 1010/1010
f 991/991 1005/1005 965/965
f 965/965 989/989 956/956
f 990/990 1006/1006 981/981
f 1003/1003 957/957 1007/1007
f 944/944 1007/1007 1002/1002
f 1012/1012 1007/1007 944/944
f 944/944 1008/1008 1012/1012
f 1010/1010 1003/1003 1007/1007
f 1007/1007 1012/1012 1010/1010
f 1008/1008 944/944 989/989
f 1011/1011 1004/1004 1003/1003
f 1003/1003 1010/1010 1011/1011
f 1008/1008 989/989 1005/1005
f 1005/1005 952/952 1008/1008
f 952/952 1005/1005 1006/1006
f 1006/1006 1009/1009 952/952
f 1009/1009 990/990 1011/1011
f 1004/1004 1011/1011 990/990
f 1009/1009 1006/1006 990/990
f 1021/1021 941/941 903/903
f 1019/1019 1051/1051 1052/1052
f 899/899 1051/1051 1019/1019
f 1019/1019 1041/1041 899/899
f 1044/1044 930/930 1025/1025
f 1031/1031 1032/1032 1033/1033
f 1032/1032 1031/1031 1027/1027
f 1183/1183 1026/1026 1184/1184
f 1026/1026 1183/1183 1034/1034
f 1020/1020 1184/1184 1026/1026
f 1027/1027 1185/1185 1021/1021
f 1044/1044 903/903 930/930
f 1028/1028 1024/1024 1026/1026
f 1030/1030 1035/1035 1038/1038
f 1035/1035 1030/1030 1022/1022
f 1038/1038 1029/1029 1030/1030
f 1022/1022 1028/1028 1043/1043
f 1041/1041 1024/1024 1040/1040
f 1021/1021 1044/1044 1027/1027
f 1023/1023 1030/1030 1029/1029
f 1025/1025 1023/1023 1032/1032
f 1032/1032 1023/1023 1029/1029
f 925/925 923/923 1041/1041
f 1028/1028 1040/1040 1024/1024
f 1040/1040 925/925 1041/1041
f 1019/1019 1024/1024 1041/1041
f 1022/1022 1040/1040 1028/1028
f 923/923 899/899 1041/1041
f 1023/1023 1025/1025 1042/1042
f 903/903 1044/1044 1021/1021
f 1152/1152 1042/1042 1025/1025
f 1034/1034 1036/1036 1043/1043
f 1032/1032 1029/1029 1033/1033
f 1036/1036 1035/1035 1043/1043
f 1035/1035 1036/1036 1039/1039
f 1037/1037 1033/1033 1029/1029
f 1039/1039 1038/1038 1035/1035
f 1038/1038 1039/1039 1037/1037
f 1037/1037 1029/1029 1038/1038
f 1014/1014 1013/1013 1183/1183
f 1034/1034 1183/1183 1013/1013
f 1015/1015 1186/1186 1033/1033
f 1031/1031 1033/1033 1186/1186
f 1013/1013 1016/1016 1034/1034
f 1036/1036 1034/1034 1016/1016
f 1017/1017 1039/1039 1036/1036
f 1036/1036 1016/1016 1017/1017
f 1018/1018 1015/1015 1037/1037
f 1033/1033 1037/1037 1015/1015
f 1017/1017 1018/1018 1039/1039
f 1018/1018 1037/1037 1039/1039
f 1034/1034 1043/1043 1028/1028
f 1043/1043 1035/1035 1022/1022
f 1044/1044 1032/1032 1027/1027
f 1032/1032 1044/1044 1025/1025
f 930/930 1152/1152 1025/1025
f 1028/1028 1026/1026 1034/1034
f 1024/1024 1019/1019 1020/1020
f 1024/1024 1020/1020 1026/1026
f 1046/1046 1187/1187 1045/1045
f 1188/1188 1045/1045 1187/1187
f 1189/1189 1190/1190 1047/1047
f 1191/1191 1047/1047 1190/1190
f 1048/1048 1192/1192 1046/1046
f 1187/1187 1046/1046 1192/1192
f 1049/1049 1193/1193 1192/1192
f 1192/1192 1048/1048 1049/1049
f 1047/1047 1191/1191 1050/1050
f 1194/1194 1050/1050 1191/1191
f 1050/1050 1194/1194 1049/1049
f 1193/1193 1049/1049 1194/1194
f 899/899 937/937 1051/1051
f 1195/1195 1021/1021 1185/1185
f 1019/1019 1052/1052 1020/1020
f 1195/1195 1053/1053 1021/1021
f 1021/1021 1053/1053 941/941
f 980/980 1061/1061 979/979
f 1096/1096 1057/1057 1067/1067
f 1095/1095 1112/1112 1056/1056
f 1113/1113 1117/1117 1115/1115
f 1094/1094 1064/1064 1095/1095
f 1095/1095 1056/1056 1054/1054
f 1075/1075 1087/1087 1067/1067
f 1097/1097 1067/1067 1058/1058
f 1065/1065 1062/1062 1066/1066
f 1062/1062 1196/1196 1066/1066
f 1069/1069 1064/1064 1065/1065
f 1064/1064 1069/1069 1088/1088
f 1100/1100 1092/1092 1101/1101
f 1099/1099 1111/1111 1090/1090
f 1073/1073 1068/1068 1088/1088
f 1064/1064 1088/1088 1068/1068
f 1070/1070 1082/1082 1197/1197
f 1065/1065 1198/1198 1069/1069
f 1109/1109 1079/1079 1089/1089
f 1091/1091 1072/1072 1071/1071
f 1072/1072 1091/1091 1090/1090
f 1076/1076 1075/1075 1067/1067
f 1077/1077 1069/1069 1078/1078
f 1069/1069 1077/1077 1088/1088
f 1077/1077 1073/1073 1088/1088
f 1073/1073 1077/1077 1079/1079
f 1081/1081 1089/1089 1079/1079
f 1069/1069 1197/1197 1078/1078
f 1074/1074 1084/1084 1199/1199
f 1084/1084 1074/1074 1083/1083
f 1078/1078 1080/1080 1077/1077
f 1080/1080 1078/1078 1082/1082
f 1080/1080 1079/1079 1077/1077
f 1079/1079 1080/1080 1081/1081
f 1086/1086 1059/1059 1200/1200
f 1085/1085 1201/1201 1202/1202
f 1201/1201 1085/1085 1203/1203
f 1085/1085 1199/1199 1084/1084
f 1199/1199 1085/1085 1202/1202
f 1081/1081 1204/1204 1089/1089
f 1060/1060 1083/1083 1205/1205
f 1205/1205 1083/1083 1074/1074
f 1078/1078 1197/1197 1082/1082
f 1060/1060 1205/1205 1206/1206
f 1206/1206 1093/1093 1060/1060
f 1086/1086 1200/1200 1207/1207
f 1075/1075 1208/1208 1087/1087
f 1061/1061 1087/1087 1208/1208
f 1206/1206 1200/1200 1059/1059
f 1087/1087 1096/1096 1067/1067
f 1054/1054 978/978 1062/1062
f 1064/1064 1062/1062 1065/1065
f 1062/1062 1064/1064 1094/1094
f 978/978 1176/1176 1196/1196
f 1058/1058 1067/1067 1057/1057
f 1072/1072 1090/1090 1204/1204
f 1073/1073 1109/1109 1108/1108
f 1209/1209 1092/1092 1091/1091
f 994/994 978/978 1054/1054
f 1196/1196 1062/1062 978/978
f 1096/1096 1087/1087 980/980
f 980/980 1087/1087 1061/1061
f 1204/1204 1090/1090 1089/1089
f 1068/1068 1073/1073 1108/1108
f 1099/1099 1075/1075 1076/1076
f 1071/1071 1209/1209 1091/1091
f 1075/1075 1099/1099 1100/1100
f 1198/1198 1065/1065 1066/1066
f 1101/1101 1208/1208 1075/1075
f 1206/1206 1059/1059 1093/1093
f 1054/1054 1094/1094 1095/1095
f 1062/1062 1094/1094 1054/1054
f 1068/1068 1095/1095 1064/1064
f 1068/1068 1112/1112 1095/1095
f 942/942 1096/1096 980/980
f 1096/1096 942/942 1057/1057
f 1097/1097 1110/1110 1076/1076
f 1055/1055 1097/1097 1058/1058
f 1073/1073 1079/1079 1109/1109
f 1111/1111 1089/1089 1090/1090
f 1110/1110 1111/1111 1099/1099
f 1090/1090 1100/1100 1099/1099
f 1100/1100 1090/1090 1091/1091
f 1091/1091 1092/1092 1100/1100
f 1100/1100 1101/1101 1075/1075
f 1197/1197 1069/1069 1198/1198
f 1105/1105 998/998 1054/1054
f 1105/1105 1054/1054 1056/1056
f 998/998 994/994 1054/1054
f 1107/1107 1056/1056 1112/1112
f 1107/1107 1104/1104 1102/1102
f 1103/1103 1058/1058 1057/1057
f 1058/1058 1103/1103 1106/1106
f 1103/1103 1057/1057 999/999
f 942/942 999/999 1057/1057
f 1104/1104 1107/1107 1058/1058
f 1058/1058 1106/1106 1104/1104
f 1056/1056 1102/1102 1105/1105
f 1056/1056 1107/1107 1102/1102
f 1107/1107 1055/1055 1058/1058
f 1103/1103 1210/1210 1106/1106
f 1106/1106 1210/1210 1211/1211
f 1210/1210 1103/1103 1180/1180
f 999/999 1180/1180 1103/1103
f 1211/1211 1212/1212 1102/1102
f 1105/1105 1102/1102 1212/1212
f 1104/1104 1106/1106 1211/1211
f 1102/1102 1104/1104 1211/1211
f 1105/1105 1182/1182 998/998
f 1182/1182 1105/1105 1212/1212
f 1115/1115 1114/1114 1063/1063
f 1113/1113 1115/1115 1063/1063
f 1109/1109 1089/1089 1098/1098
f 1116/1116 1114/1114 1115/1115
f 1110/1110 1099/1099 1076/1076
f 1097/1097 1076/1076 1067/1067
f 1111/1111 1098/1098 1089/1089
f 1068/1068 1108/1108 1112/1112
f 1112/1112 1055/1055 1107/1107
f 1112/1112 1117/1117 1055/1055
f 1113/1113 1055/1055 1117/1117
f 1108/1108 1115/1115 1112/1112
f 1117/1117 1112/1112 1115/1115
f 1055/1055 1113/1113 1097/1097
f 1109/1109 1116/1116 1108/1108
f 1115/1115 1108/1108 1116/1116
f 1097/1097 1113/1113 1110/1110
f 1063/1063 1110/1110 1113/1113
f 1110/1110 1063/1063 1111/1111
f 1114/1114 1111/1111 1063/1063
f 1098/1098 1114/1114 1116/1116
f 1116/1116 1109/1109 1098/1098
f 1111/1111 1114/1114 1098/1098
