# MOD converted: m210.mod
# 1828 verts, 1574 faces

v 84.434799 8.316241 55.887680
v 91.715927 17.151896 40.266830
v 101.548691 9.454426 36.968044
v 96.228279 -0.811884 43.698788
v 106.660721 6.525237 55.985504
v 100.841446 -4.349412 45.773052
v 86.466995 -3.743258 49.880466
v 95.694176 -8.404763 59.157791
v 100.255753 8.919965 36.938416
v 96.227936 6.088491 43.575188
v 106.706665 -1.338169 40.353096
v 101.572258 -3.994229 42.774269
v 99.916809 2.626929 -48.232193
v 84.434799 8.316236 -55.887688
v 91.715904 17.151896 -40.266823
v 101.548660 9.454424 -36.968040
v 96.228287 -0.811892 -43.698792
v 106.660706 6.525239 -55.985497
v 100.841454 -4.349411 -45.773048
v 86.466995 -3.743256 -49.880463
v 95.694191 -8.404761 -59.157791
v 100.255753 8.919962 -36.938416
v 96.227936 6.088485 -43.575191
v 106.706673 -1.338166 -40.353096
v 101.572281 -3.994229 -42.774269
v 99.916809 2.626928 51.782692
v 93.641487 -3.695552 52.892220
v 90.306168 -5.578042 53.358246
v 87.455833 -6.799511 48.833397
v 94.769882 -4.340679 50.984795
v 88.439491 -7.570209 49.774475
v 91.932961 -6.141131 55.588844
v 84.424431 -8.115048 52.106705
v 85.625626 -9.014677 55.735058
v 81.715508 -9.314731 49.995007
v 91.922424 -2.662952 51.581020
v 89.389900 -3.466685 52.275047
v 86.747215 -5.363716 53.771275
v 83.567383 -6.043486 50.688206
v 95.016777 -2.031798 50.831825
v 94.103569 0.368034 53.764477
v 93.427940 -0.305146 57.979950
v 90.929832 -0.862094 52.581528
v 97.991020 -1.711204 59.475571
v 93.321648 -2.207923 54.688705
v 96.040680 -1.782950 62.050549
v 87.139313 -0.853473 63.799568
v 89.959915 -2.559235 67.645164
v 84.237915 -2.972963 50.636848
v 94.796837 -3.034683 53.307335
v 93.147369 -2.896263 57.774124
v 90.752121 -3.264593 61.755653
v 87.173019 -3.916625 48.492645
v 96.074982 -0.932189 50.844852
v 94.259842 5.533134 53.907616
v 93.536530 5.101058 57.954628
v 91.154449 5.224385 52.951561
v 98.041962 2.675747 59.685341
v 93.474960 3.038930 55.094467
v 96.069977 2.804005 61.900326
v 87.426666 5.787639 63.939587
v 90.161682 3.310161 68.166420
v 84.231941 3.375582 51.277077
v 94.762642 0.188509 53.942345
v 93.103363 0.513837 58.206993
v 90.833542 0.783736 62.168880
v 87.289841 0.841990 48.774593
v 96.146561 2.601964 54.696995
v 96.040680 7.240410 53.530186
v 93.427940 8.535271 50.525188
v 94.103569 8.688974 57.778336
v 90.929832 8.718794 59.484932
v 93.321648 7.653122 63.804234
v 89.959915 8.058002 61.787243
v 87.141136 9.434067 67.663254
v 84.237915 8.318338 52.609375
v 97.991013 6.945158 53.529930
v 93.147369 5.904137 50.924053
v 94.796829 5.304095 57.992821
v 90.752121 6.317054 62.027081
v 87.173019 6.366311 48.447327
v 96.074966 7.002312 -51.782688
v 93.641487 -3.695553 -52.892223
v 90.306168 -5.578043 -53.358242
v 87.455833 -6.799514 -48.833393
v 94.769882 -4.340679 -50.984791
v 88.439491 -7.570210 -49.774475
v 91.932968 -6.141133 -55.588848
v 84.424431 -8.115048 -52.106701
v 85.625626 -9.014677 -55.735058
v 81.715508 -9.314730 -49.995007
v 91.922424 -2.662952 -51.581020
v 89.389900 -3.466683 -52.275043
v 86.747215 -5.363716 -53.771275
v 83.567383 -6.043486 -50.688206
v 95.016777 -2.031799 -50.831821
v 94.103561 0.368034 -53.764477
v 93.427940 -0.305147 -57.979958
v 90.929832 -0.862095 -52.581535
v 97.991013 -1.711205 -59.475567
v 93.321648 -2.207924 -54.688709
v 96.040680 -1.782949 -62.050549
v 87.139313 -0.853473 -63.799576
v 89.959915 -2.559235 -67.645172
v 84.237915 -2.972965 -50.636848
v 94.796829 -3.034684 -53.307331
v 93.147369 -2.896265 -57.774120
v 90.752121 -3.264592 -61.755646
v 87.173012 -3.916625 -48.492649
v 96.074974 -0.932189 -50.844852
v 94.259842 5.533134 -53.907619
v 93.536530 5.101058 -57.954632
v 91.154449 5.224385 -52.951565
v 98.041962 2.675745 -59.685345
v 93.474968 3.038929 -55.094463
v 96.069977 2.804004 -61.900326
v 87.426666 5.787639 -63.939583
v 90.161682 3.310161 -68.166428
v 84.231941 3.375582 -51.277073
v 94.762642 0.188509 -53.942348
v 93.103363 0.513837 -58.206997
v 90.833542 0.783736 -62.168880
v 87.289841 0.841990 -48.774597
v 96.146561 2.601963 -54.696995
v 96.040680 7.240409 -53.530186
v 93.427940 8.535272 -50.525185
v 94.103569 8.688974 -57.778328
v 90.929832 8.718794 -59.484928
v 93.321648 7.653122 -63.804241
v 89.959908 8.058003 -61.787262
v 87.141159 9.434066 -67.663254
v 84.237915 8.318338 -52.609375
v 97.991020 6.945155 -53.529926
v 93.147369 5.904136 -50.924057
v 94.796829 5.304094 -57.992825
v 90.752121 6.317054 -62.027077
v 87.173019 6.366313 -48.447334
v 96.074974 7.002311 -54.060619
v 92.461044 0.033708 -56.032070
v 91.318481 -0.138772 -53.750881
v 92.461044 -3.506649 -55.722332
v 91.318481 -3.679129 -55.929882
v 95.863533 -1.913559 -57.901333
v 94.720970 -2.086039 -59.432816
v 88.923874 -0.484233 -60.334171
v 88.440102 -0.553672 -59.110687
v 88.931496 -4.023397 -60.012035
v 88.447723 -4.092837 -61.317165
v 92.317070 -2.432951 -62.218510
v 91.833298 -2.502392 54.688091
v 92.252998 0.218656 57.312134
v 90.794655 0.440325 59.516354
v 94.599945 3.342171 56.892319
v 96.058281 3.120502 54.521015
v 92.730453 5.466756 57.145050
v 91.272110 5.688426 59.297081
v 97.040375 1.009256 60.431389
v 99.005051 3.277876 57.332397
v 98.174675 3.277875 58.162773
v 95.075684 3.277874 61.261757
v 95.906059 3.277874 59.297073
v 97.040367 5.546493 -54.688091
v 92.252998 0.218656 -57.312130
v 90.794655 0.440325 -59.516350
v 94.599937 3.342170 -56.892319
v 96.058281 3.120501 -54.521011
v 92.730453 5.466756 -57.145046
v 91.272110 5.688427 -59.297077
v 97.040375 1.009256 -60.431389
v 99.005051 3.277874 -57.332397
v 98.174675 3.277873 -58.162769
v 95.075684 3.277873 -61.261757
v 95.906059 3.277872 -59.297073
v 97.040367 5.546490 48.232193
v 84.434799 8.316241 36.938416
v 96.227936 6.088491 48.232193
v 84.434799 8.316241 55.887680
v 91.715927 17.151896 49.880466
v 95.694176 -8.404763 45.773052
v 86.466995 -3.743258 55.985504
v 100.841446 -4.349412 59.157791
v 100.255753 8.919965 -48.232193
v 84.434799 8.316236 -36.938416
v 96.227936 6.088485 -48.232193
v 84.434799 8.316236 -55.887688
v 91.715904 17.151896 -49.880463
v 95.694191 -8.404761 -45.773048
v 86.466995 -3.743256 -55.985497
v 100.841454 -4.349411 -59.157791
v 100.255753 8.919962 49.995007
v 91.922424 -2.662952 52.275047
v 86.747215 -5.363716 51.581020
v 89.389900 -3.466685 53.771275
v 83.567383 -6.043486 50.831825
v 94.103569 0.368034 57.979950
v 90.929832 -0.862094 53.764477
v 93.427940 -0.305146 62.050549
v 87.139313 -0.853473 51.277077
v 94.762642 0.188509 58.206993
v 90.833542 0.783736 53.942345
v 93.103363 0.513837 62.168880
v 87.289841 0.841990 68.166420
v 84.231941 3.375582 48.774593
v 96.146561 2.601964 50.525188
v 94.103569 8.688974 57.778336
v 90.929832 8.718794 53.530186
v 93.427940 8.535271 61.787243
v 87.141136 9.434067 -49.995007
v 91.922424 -2.662952 -52.275043
v 86.747215 -5.363716 -51.581020
v 89.389900 -3.466683 -53.771275
v 83.567383 -6.043486 -50.831821
v 94.103561 0.368034 -57.979958
v 90.929832 -0.862095 -53.764477
v 93.427940 -0.305147 -62.050549
v 87.139313 -0.853473 -51.277073
v 94.762642 0.188509 -58.206997
v 90.833542 0.783736 -53.942348
v 93.103363 0.513837 -62.168880
v 87.289841 0.841990 -68.166428
v 84.231941 3.375582 -48.774597
v 96.146561 2.601963 -50.525185
v 94.103569 8.688974 -57.778328
v 90.929832 8.718794 -53.530186
v 93.427940 8.535272 -61.787262
v 87.141159 9.434066 -55.722332
v 91.318481 -3.679129 -53.750881
v 92.461044 -3.506649 -60.012035
v 88.447723 -4.092837 -59.110687
v 88.931496 -4.023397 57.312134
v 90.794655 0.440325 54.688091
v 92.252998 0.218656 59.297081
v 97.040375 1.009256 57.332397
v 98.174675 3.277875 61.261757
v 95.906059 3.277874 59.297073
v 97.040367 5.546493 -57.312130
v 90.794655 0.440325 -54.688091
v 92.252998 0.218656 -59.297077
v 97.040375 1.009256 -57.332397
v 98.174675 3.277873 -61.261757
v 95.906059 3.277872 -59.297073
v 97.040367 5.546490 0.747878
v 176.814514 -18.549759 21.356461
v 157.363785 -6.408642 33.652374
v 173.174576 -3.838527 36.831493
v 157.574509 7.967454 48.312496
v 165.900757 7.949017 48.038975
v 163.911285 14.073708 34.683075
v 165.004395 22.070984 18.816460
v 164.767365 40.878410 12.099150
v 150.620544 30.539454 -0.000000
v 165.304749 50.992645 -0.000001
v 149.182968 35.097961 24.183229
v 154.445267 6.817866 21.356462
v 153.624542 21.013901 9.119270
v 202.861145 -17.770126 22.318420
v 193.278595 -17.050049 0.000002
v 179.008530 -26.776211 0.000001
v 205.535889 -26.027935 0.000001
v 188.510010 17.232418 -0.000001
v 189.016220 -0.103979 15.925430
v 184.209808 16.858828 0.000001
v 179.403381 31.993061 0.000002
v 180.786438 -15.370850 15.425888
v 179.386627 -11.775095 14.508352
v 165.713394 34.957726 0.000001
v 164.136505 40.222832 0.000001
v 169.505112 -22.540287 14.390704
v 166.602814 -15.030958 27.837433
v 165.492310 -4.260696 27.442200
v 172.461487 12.426001 27.837416
v 160.240356 23.831051 15.767140
v 157.030228 34.427612 -0.000000
v 154.856018 39.437687 12.099159
v 160.585052 -15.652298 -0.000000
v 161.669891 -21.238449 35.858013
v 157.574509 7.967455 0.000000
v 158.176422 7.206672 -19.555523
v 176.814499 -18.549765 -33.652378
v 173.174545 -3.838525 -21.356459
v 157.363754 -6.408642 -36.831501
v 157.574478 7.967459 -48.312500
v 165.900726 7.949009 -48.038971
v 163.911255 14.073713 -34.683067
v 165.004364 22.070993 -18.816465
v 164.767349 40.878410 -12.099154
v 150.620529 30.539450 -24.183226
v 154.445251 6.817872 -21.356461
v 153.624527 21.013908 -9.119271
v 202.861145 -17.770124 -22.318420
v 193.278595 -17.050049 -15.925430
v 184.209808 16.858829 -15.425888
v 179.386627 -11.775091 -14.508352
v 165.713394 34.957726 -27.837425
v 165.492279 -4.260695 -14.390698
v 166.602814 -15.030964 -27.442202
v 172.461487 12.426008 -27.837416
v 160.240326 23.831051 -15.767143
v 157.030228 34.427612 -12.099156
v 160.585052 -15.652306 -35.858025
v 157.574478 7.967456 16.584291
v 156.700653 -8.853306 19.794479
v 137.640045 0.812814 17.553116
v 122.726944 -7.059071 21.503969
v 139.088623 -3.130939 18.345011
v 129.723572 -4.646616 16.804499
v 129.070404 -1.282925 15.029145
v 131.737839 -7.188332 17.095659
v 140.468369 -6.936090 21.680634
v 155.023605 -0.332079 21.780165
v 158.240433 11.813077 20.490402
v 145.908997 11.808096 13.712868
v 156.062103 24.869814 12.326280
v 146.113007 24.425301 13.380701
v 130.704590 13.403552 16.297211
v 130.078156 6.691479 17.933838
v 121.932755 9.969854 18.356928
v 139.124191 14.267411 14.588433
v 138.915588 20.358900 14.012758
v 128.475266 13.403554 11.569648
v 119.538406 16.945555 0.844664
v 128.213120 21.223944 8.194261
v 128.368759 18.393440 4.404906
v 117.381165 19.934574 18.762300
v 134.126923 18.732618 18.986111
v 145.004349 18.994860 4.043763
v 128.356461 22.062782 6.515258
v 138.277344 26.741512 12.374376
v 128.874084 18.249575 14.671265
v 138.107224 19.580490 17.456003
v 134.466797 10.116015 14.185639
v 146.771988 -10.378201 12.625175
v 157.125061 -13.341228 18.959169
v 156.169983 -6.737177 16.521828
v 138.026932 -12.039394 20.093319
v 146.019440 -5.579796 18.019753
v 148.434204 -9.351322 17.768188
v 156.374146 -11.020779 15.867600
v 165.620407 -6.137604 21.760948
v 165.618362 1.026598 19.767540
v 165.619812 -4.021481 12.547829
v 165.620865 -10.942307 19.798264
v 137.894104 2.240674 19.503738
v 142.615005 -2.703140 16.681046
v 131.536118 -1.032571 13.749054
v 122.452911 0.185434 14.956352
v 130.870483 5.390981 18.858856
v 154.415955 -3.820101 19.504639
v 146.827759 2.380103 2.754020
v 129.770569 25.455492 -21.612213
v 154.635498 -0.890769 -16.584282
v 156.700653 -8.853304 -19.794479
v 137.640015 0.812815 -17.553116
v 122.726929 -7.059071 -21.503965
v 139.088623 -3.130953 -18.345016
v 129.723572 -4.646614 -16.804497
v 129.070374 -1.282923 -15.029144
v 131.737808 -7.188332 -17.095659
v 140.468338 -6.936092 -21.780169
v 158.240417 11.813082 -20.490400
v 145.908966 11.808096 -13.712869
v 156.062103 24.869814 0.000001
v 154.934448 31.400803 -12.326279
v 146.112991 24.425303 -0.000000
v 146.852982 30.347200 -13.380700
v 130.704590 13.403552 -16.297211
v 130.078156 6.691483 -17.933838
v 121.932747 9.969858 -18.356926
v 139.124176 14.267414 -14.588432
v 138.915588 20.358906 -8.194261
v 128.368759 18.393438 -14.012749
v 128.475266 13.403559 -11.092505
v 118.743347 15.880935 -0.205117
v 113.631393 19.934574 -18.762299
v 134.126907 18.732628 -2.897094
v 126.307793 22.080132 -6.400925
v 135.832108 27.524229 -12.374373
v 128.874069 18.249577 -14.671265
v 138.107224 19.580494 -17.456007
v 134.466797 10.116021 -18.142942
v 144.725311 18.994865 -13.521360
v 146.771988 -10.378204 -14.150227
v 157.125046 -11.604462 -20.484222
v 156.169983 -5.000414 -16.521822
v 138.026932 -10.376984 -20.093307
v 146.019440 -5.579802 -18.019743
v 148.434204 -9.171898 -17.768179
v 156.374146 -11.020790 -21.760948
v 165.618347 1.026604 -15.867599
v 165.620407 -6.137617 -19.767540
v 165.619781 -4.021507 -12.547828
v 165.620865 -10.942310 -19.798256
v 137.894104 2.240674 -19.503738
v 142.614975 -2.703129 -16.681044
v 131.536118 -1.032580 -13.749056
v 122.452896 0.185442 -14.956352
v 130.870483 5.390987 -18.858849
v 154.415955 -3.820117 -19.504639
v 146.827759 2.380113 -8.573106
v 126.739243 26.795515 -0.000001
v 139.801590 26.479227 17.310516
v 140.859680 6.106157 -17.310516
v 140.859680 6.106160 -2.400010
v 156.135025 -18.580036 -4.758565
v 155.802551 -16.238665 -7.661661
v 145.644470 -14.868196 -3.108746
v 149.501038 -15.669052 1.385820
v 156.167206 -16.945774 6.274131
v 165.605331 -15.261673 -3.303946
v 165.606110 -14.384569 -3.771709
v 162.997391 -16.000105 -9.081824
v 163.618393 -12.702461 -10.326077
v 156.140015 -13.800478 -12.537480
v 149.759064 -13.148296 -6.403312
v 156.530396 -15.838856 -0.000001
v 139.801590 26.479227 15.925385
v 137.686127 13.403548 -15.925385
v 137.686096 13.403554 -10.627328
v 140.196014 22.700661 10.627325
v 140.196030 22.700657 0.000022
v 148.364792 -15.635712 0.000024
v 146.260437 -16.865046 0.000032
v 157.568512 -16.700336 0.000024
v 168.637878 -12.083126 0.000024
v 140.371460 -17.287750 0.000011
v 131.553711 -13.728050 0.000011
v 129.086121 -13.276993 0.000009
v 127.405457 -11.344322 8.981018
v 138.774384 2.139783 3.975791
v 144.054642 -15.453732 8.223315
v 144.809494 -11.997505 3.009936
v 148.694305 -11.914141 6.580536
v 156.293167 -12.665089 7.760438
v 158.557785 -14.009521 13.726616
v 155.590393 -6.307026 7.610290
v 168.151581 -10.046257 14.320382
v 166.569580 1.140154 14.996957
v 146.359711 -1.147255 15.703407
v 141.634277 -2.904247 17.193130
v 154.866348 -0.313676 9.138604
v 139.905579 -4.240070 10.582832
v 130.476471 -2.464700 10.685975
v 138.854431 -1.881870 8.743310
v 132.788910 -4.254599 4.315279
v 140.596970 -15.546799 13.029807
v 142.525742 -10.667667 7.610543
v 140.561890 -13.115370 3.615192
v 135.507965 -15.770554 5.521748
v 129.497009 -10.951077 4.842525
v 130.502731 -12.020706 4.130970
v 134.480362 -12.511032 1.565763
v 135.542831 -13.256645 10.130427
v 140.451965 -9.379639 13.396133
v 147.173950 -6.167873 6.482699
v 136.965378 -12.209377 8.671974
v 129.603729 -1.285130 4.770676
v 127.784439 -9.021683 0.360127
v 134.364029 -16.385065 -8.981033
v 138.774460 2.139785 -3.975769
v 144.054688 -15.453726 -8.223278
v 144.809570 -11.997509 -3.009901
v 148.694336 -11.914131 -6.580489
v 156.293228 -12.665087 -7.760397
v 158.557861 -14.009516 -13.726594
v 155.590500 -6.307009 -7.610251
v 168.151642 -10.046257 -14.320366
v 166.569702 1.140177 -14.996947
v 146.359848 -1.147242 -15.703404
v 141.634399 -2.904240 -17.193123
v 154.866455 -0.313659 -9.138597
v 139.905655 -4.240065 -10.582841
v 130.476547 -2.464693 -10.685974
v 138.854507 -1.881862 -8.743315
v 132.788971 -4.254595 -4.315258
v 140.597000 -15.546791 -13.029787
v 142.525833 -10.667648 -7.610509
v 140.561951 -13.115368 -3.787831
v 136.416748 -14.865849 -0.532772
v 135.272812 -15.480358 -5.521735
v 129.497040 -10.951082 -4.842503
v 130.502777 -12.020702 -4.130935
v 134.480408 -12.511028 -1.565740
v 135.542862 -13.256645 -10.130399
v 140.452057 -9.379642 -13.396119
v 147.174042 -6.167870 -6.482675
v 136.965424 -12.209370 -8.671989
v 129.603790 -1.285127 -4.770668
v 127.784470 -9.021679 -6.883288
v 135.693390 -9.230148 -8.309030
v 136.028732 -6.680206 -6.427483
v 131.421692 -8.867073 -8.743317
v 132.788971 -4.254589 0.000000
v 158.176422 7.206672 0.000000
v 158.176422 7.206672 0.000000
v 158.176422 7.206672 0.000000
v 158.176422 7.206672 0.000000
v 158.176422 7.206672 -0.000000
v 165.304749 50.992645 -0.000001
v 149.182968 35.097961 0.000002
v 179.008530 -26.776211 0.000001
v 205.535889 -26.027935 0.000001
v 188.510010 17.232418 -0.000001
v 189.016220 -0.103979 0.000001
v 179.403381 31.993061 0.000002
v 180.786438 -15.370850 0.000001
v 164.136505 40.222832 0.000001
v 169.505112 -22.540287 -0.000000
v 154.856018 39.437687 -0.000000
v 161.669891 -21.238449 0.000000
v 158.176422 7.206672 0.000000
v 158.176422 7.206672 0.000000
v 158.176422 7.206672 0.000000
v 158.176422 7.206672 0.000000
v 158.176422 7.206672 0.000000
v 158.176422 7.206672 20.490402
v 145.908997 11.808096 12.326280
v 146.113007 24.425301 19.504639
v 146.827759 2.380103 21.680634
v 155.023605 -0.332079 21.780165
v 158.240433 11.813077 10.627325
v 140.196030 22.700657 8.194261
v 128.368759 18.393440 10.627325
v 140.196030 22.700657 17.310516
v 140.859680 6.106157 19.504639
v 146.827759 2.380103 -0.000001
v 139.801590 26.479227 6.515258
v 138.277344 26.741512 10.627325
v 140.196030 22.700657 -0.000001
v 139.801590 26.479227 -0.000000
v 146.852982 30.347200 0.000001
v 154.934448 31.400803 -20.490400
v 145.908966 11.808096 -12.326279
v 146.112991 24.425303 -19.504639
v 146.827759 2.380113 -21.612213
v 154.635498 -0.890769 -21.780169
v 158.240417 11.813082 -10.627328
v 140.196014 22.700661 -8.194261
v 128.368759 18.393438 -10.627328
v 140.196014 22.700661 -0.000001
v 139.801590 26.479227 -17.310516
v 140.859680 6.106160 -19.504639
v 146.827759 2.380113 -0.000001
v 139.801590 26.479227 -6.400925
v 135.832108 27.524229 -10.627328
v 140.196014 22.700661 21.760948
v 165.618362 1.026598 -21.760948
v 165.618347 1.026604 0.000022
v 148.364792 -15.635712 0.000024
v 146.260437 -16.865046 0.000032
v 157.568512 -16.700336 0.000024
v 168.637878 -12.083126 0.000024
v 140.371460 -17.287750 0.000011
v 129.086121 -13.276993 0.000011
v 131.553711 -13.728050 0.000009
v 127.405457 -11.344322 0.736410
v 22.147648 -2.086149 -7.039616
v 22.091602 9.581748 -21.476276
v 22.094803 5.076165 -5.883204
v 22.091206 4.220478 -20.466257
v 22.182436 -1.677987 -18.896969
v 22.093704 10.269796 -14.277545
v 21.993135 -5.952842 -9.086810
v 6.731476 -20.758972 -16.449800
v 7.034408 -23.217369 -9.203552
v 12.406548 -17.352554 -15.879247
v 13.506393 -19.022255 -15.101311
v 16.939728 -10.198557 -22.524105
v 12.482460 -15.821978 -21.062977
v 12.905800 12.415977 -26.221203
v 6.105828 -10.954601 -23.353199
v 6.740227 -19.769367 -21.076080
v -0.001326 13.020141 -24.626699
v 10.108002 0.013043 -7.497978
v 12.864601 10.530072 -7.885110
v 0.000778 11.402979 -6.263210
v 6.133026 -12.370701 -6.102142
v 9.998007 -1.636063 -26.883402
v 0.000196 -11.024179 -23.527500
v 0.000228 -20.405834 -8.894968
v 0.000230 -21.410835 -5.797532
v 0.000228 -12.236700 -26.293800
v -0.001251 -3.716490 -5.701670
v 0.001862 -4.911601 -16.475700
v -0.001221 -24.218838 -24.184198
v -0.001068 3.830397 -6.453732
v 0.001923 2.598588 -21.641195
v 15.848625 -6.669478 -8.598110
v 15.805527 -7.489326 -12.251648
v 38.552826 3.248733 -17.341810
v 46.224594 9.326283 -20.497108
v 46.568352 3.117603 -3.046832
v 45.305733 2.630006 -4.455061
v 45.548210 9.256753 -24.402302
v 4.216256 3.741587 -6.472210
v 4.219270 2.577210 -12.540014
v 45.842133 -8.591038 -18.706951
v 46.470581 -3.880267 -4.828126
v 45.526970 -4.469788 -13.986285
v -0.001251 14.988161 -13.475403
v 13.011560 15.215816 -12.925596
v 22.092606 12.664396 -10.757178
v 45.865021 12.235122 -5.578669
v 26.419931 -4.659407 -14.477568
v 26.555887 -9.374193 -22.646904
v 26.680689 -4.030651 -24.485140
v 26.708776 5.120120 -20.771797
v 26.652044 12.629214 -12.517463
v 26.525944 15.260354 -4.478063
v 26.403116 11.891918 -2.828053
v 26.377920 4.210823 -13.705776
v 34.944077 -7.130208 -20.151272
v 35.228996 -2.423095 -21.808243
v 35.302246 4.627703 -6.200286
v 34.612312 -2.960676 -4.188656
v 34.523384 3.875613 -18.659584
v 35.163063 10.632017 -11.998449
v 34.868607 13.700603 -5.536135
v 34.582954 10.636879 11.734884
v 45.916031 6.053419 15.175670
v 46.122623 2.599490 11.734881
v 45.916023 -0.854436 8.294099
v 45.709431 2.599491 16.593552
v 0.130998 4.658958 18.653011
v 0.130996 2.599497 16.593548
v 0.130997 0.540040 14.534091
v 0.130998 2.599500 -8.894968
v 0.000230 -21.410835 -5.797532
v 0.000228 -12.236700 -5.701670
v 0.001862 -4.911601 -26.883402
v 0.000196 -11.024179 -26.293800
v -0.001251 -3.716490 -23.527500
v 0.000228 -20.405834 -16.475700
v -0.001221 -24.218838 -7.885110
v 0.000778 11.402979 -6.453732
v 0.001923 2.598588 -21.076080
v -0.001326 13.020141 -13.986285
v -0.001251 14.988161 -6.472210
v 4.219270 2.577210 -24.402302
v 4.216256 3.741587 -24.184198
v -0.001068 3.830397 -20.497108
v 46.568352 3.117603 -17.341810
v 46.224594 9.326283 -18.706951
v 46.470581 -3.880267 -12.540014
v 45.842133 -8.591038 -4.455061
v 45.548210 9.256753 -10.757178
v 45.865021 12.235122 -4.828126
v 45.526970 -4.469788 -14.277545
v 21.993135 -5.952842 -8.240569
v 22.147648 -2.086149 -20.466257
v 22.182436 -1.677987 -21.476276
v 22.094803 5.076165 -18.896969
v 22.093704 10.269796 -12.925596
v 22.092606 12.664396 -7.039616
v 22.091602 9.581748 -5.883204
v 22.091206 4.220478 -3.046832
v 45.305733 2.630006 0.892456
v 122.244141 -2.045422 8.478632
v 126.692261 11.880590 15.275389
v 118.623291 -8.445028 6.364282
v 130.139709 8.282809 -0.000000
v 130.286285 10.835081 3.663021
v 130.715485 10.148045 7.831823
v 126.782135 -0.249813 12.419010
v 97.101257 -9.951761 6.619753
v 97.303360 -14.330182 6.076919
v 95.763351 -13.180443 6.364282
v 130.139709 8.282809 11.934000
v 122.642960 -8.413915 -13.713890
v 122.255951 -2.031619 -15.275387
v 118.636856 -8.441355 -11.934000
v 122.656479 -8.407253 -431602080.000000
v -431602080.000000 -431602080.000000 -12.419012
v 97.101257 -9.951757 -6.619753
v 97.303360 -14.330184 -6.076919
v 95.763351 -13.180443 14.853089
v 121.392517 -0.331382 19.170059
v 119.729156 -0.584657 19.682552
v 121.514313 4.078714 6.013257
v 89.715233 -15.402353 7.204905
v 84.044754 -16.889498 11.164908
v 105.643845 -9.549217 10.783337
v 115.505676 -6.796146 14.907649
v 115.036942 -5.104674 14.052190
v 89.718399 -11.545797 14.971500
v 83.997749 -11.991475 5.685286
v 99.331795 13.649811 5.094517
v 90.098633 13.570646 5.859902
v 85.154991 15.191885 -0.000000
v 85.165558 16.271105 13.099220
v 118.303543 12.673214 19.096647
v 120.097748 8.721283 17.807951
v 114.286873 -4.071940 18.037931
v 113.622597 12.034729 17.761021
v 98.235092 4.341601 11.593366
v 108.937592 12.817807 17.633629
v 98.272034 -3.721641 19.391350
v 89.719269 -4.230234 13.437752
v 90.098495 10.456177 20.174093
v 84.179413 -4.481613 20.318344
v 84.411392 3.612185 14.703405
v 85.050888 11.739885 16.933809
v 106.771759 8.511961 16.933281
v 106.437965 -2.091746 7.961207
v 76.548172 -17.254333 6.682460
v 78.618141 17.844398 0.000000
v 78.710533 19.391130 21.628956
v 77.810669 4.232613 16.103327
v 78.400703 13.322422 10.872254
v 65.438644 -18.239836 23.910671
v 66.322021 4.794467 8.952917
v 66.898254 20.870012 19.419167
v 66.729584 15.261671 7.672713
v 118.845856 13.992990 14.873783
v 122.089569 8.375051 25.578732
v 115.780342 -0.863850 19.671667
v 105.416336 8.149364 20.144417
v 105.489754 -1.221072 16.174654
v 122.546928 4.114431 11.513866
v 99.173073 11.118648 34.003422
v 36.989468 5.199552 0.000002
v 36.984444 33.240097 5.540948
v 115.371185 -10.974813 5.532027
v 104.994888 -13.658669 11.310278
v 122.566940 -0.264166 8.955579
v 124.655632 8.286264 6.979428
v 90.335327 -16.307631 6.164877
v 84.044754 -14.944385 -0.000002
v 78.227066 -16.058857 5.785637
v 78.357704 -14.036664 -0.000003
v 64.528145 -18.035604 5.556424
v 65.086121 -12.818250 14.134419
v 89.718399 -9.616282 14.788197
v 78.357704 -9.543522 13.759487
v 66.623032 -10.220793 27.158710
v 101.571167 7.563455 27.564308
v 101.790833 -0.915713 34.058102
v 111.961952 7.413990 30.884501
v 107.702225 -4.368404 39.565746
v 92.638718 7.516487 43.985947
v 99.500710 11.863453 39.236286
v 92.630112 -2.156132 48.135986
v 105.795822 8.243105 43.608601
v 99.421242 -7.100621 33.809662
v 111.722977 -1.353953 47.779472
v 106.068657 -3.307189 29.355793
v 100.251617 7.276708 35.997837
v 111.053810 7.765710 34.431393
v 105.395020 12.201055 31.802738
v 107.003479 11.507444 35.800037
v 110.738434 -1.669811 32.866169
v 106.431473 -4.954159 29.605839
v 100.420403 -1.178895 34.502659
v 96.340248 -1.941185 38.353188
v 102.581299 -6.180895 42.029346
v 107.909317 -2.642334 42.179634
v 107.854057 7.833768 38.248272
v 102.552994 11.736207 34.449013
v 96.339836 7.251911 34.412643
v 112.543427 3.723707 36.368187
v 111.594337 3.531838 42.494164
v 108.458817 2.662520 15.594767
v 83.997749 -10.031527 12.419012
v 97.101257 -10.637440 19.238163
v 89.717400 3.372522 15.880633
v 76.705467 -11.359980 20.923168
v 77.164383 -4.687342 25.615931
v 116.311066 8.816841 23.222736
v 111.773605 11.982057 23.566025
v 111.639267 -4.916112 26.232307
v 117.221184 3.691646 11.043344
v 123.917618 4.119214 27.553881
v 36.987381 -9.805810 20.338402
v 66.017387 -7.938359 14.349500
v 50.508881 -19.348150 -0.000001
v 51.421692 27.657742 11.831182
v 51.384094 24.507547 23.716658
v 51.153961 17.582939 29.703264
v 50.874298 4.910644 24.664488
v 50.677376 -8.859872 7.160499
v 109.115982 15.174794 -0.000000
v 109.085747 15.487741 -14.853091
v 121.397644 -0.322830 -19.170059
v 119.733307 -0.578411 -19.682552
v 121.512909 4.087014 0.000000
v 95.764282 -15.742067 0.000000
v 89.700630 -16.659901 -6.013255
v 89.715233 -15.402355 -7.204904
v 84.044754 -16.889496 -11.164907
v 105.643845 -9.549217 -14.907648
v 115.046509 -5.104899 -14.052183
v 89.718399 -11.545805 -14.971498
v 83.997765 -11.991480 -5.685286
v 99.331795 13.649811 -5.094516
v 90.098633 13.570644 -0.000000
v 90.100891 13.866577 -5.859902
v 85.154991 15.191885 -13.099218
v 118.291855 12.675746 -19.096649
v 120.090805 8.727881 -11.593366
v 108.937592 12.817807 -17.807951
v 114.289612 -4.071927 -18.037930
v 113.619011 12.034538 -16.933281
v 106.437965 -2.091735 -17.761017
v 98.235085 4.341605 -17.633633
v 98.272034 -3.721638 -19.391350
v 89.719269 -4.230235 -13.437752
v 90.098495 10.456179 -20.174093
v 84.179413 -4.481614 -20.318344
v 84.411392 3.612186 -14.703405
v 85.050888 11.739884 -0.000000
v 99.210854 13.692477 -16.933809
v 106.771782 8.511968 -7.961209
v 76.548172 -17.254333 -6.682460
v 78.618141 17.844397 -21.628956
v 77.810669 4.232615 -16.103329
v 78.400703 13.322421 -19.419167
v 66.729584 15.261671 -7.672711
v 118.845856 13.992990 -14.873783
v 122.083046 8.382189 -25.578732
v 115.780312 -0.863888 -19.671669
v 105.416374 8.149399 -20.144417
v 105.489723 -1.221035 -16.174658
v 122.544678 4.126908 0.000000
v 97.473969 -15.897113 -11.513863
v 99.173073 11.118649 -5.540941
v 115.371185 -10.974817 -5.532022
v 104.994888 -13.658672 -6.979424
v 90.335335 -16.307632 0.000000
v 83.914108 -16.492455 -6.164872
v 84.044754 -14.944387 -5.785637
v 78.357704 -14.036665 -5.556424
v 65.086121 -12.818250 -14.134415
v 89.718399 -9.616285 -14.788197
v 78.357712 -9.543523 -13.759488
v 66.623032 -10.220790 -27.158710
v 101.571182 7.563476 -27.564312
v 101.790802 -0.915688 -34.058105
v 111.961975 7.413955 -30.884501
v 107.702187 -4.368412 -39.565758
v 92.638718 7.516479 -43.985962
v 99.500710 11.863451 -39.236282
v 92.630127 -2.156138 -48.135994
v 105.795815 8.243106 -43.608597
v 99.421249 -7.100620 -33.809662
v 111.722969 -1.353987 -47.779472
v 106.068665 -3.307186 -29.691624
v 108.256363 11.279216 -29.355797
v 100.251610 7.276713 -35.997841
v 111.053802 7.765697 -34.431412
v 105.395050 12.201047 -31.802750
v 107.003510 11.507438 -35.800037
v 110.738434 -1.669815 -32.866169
v 106.431488 -4.954161 -29.605835
v 100.420410 -1.178895 -34.502655
v 96.340256 -1.941194 -38.353233
v 102.581406 -6.180898 -42.029339
v 107.909317 -2.642329 -42.179642
v 107.854050 7.833770 -38.248276
v 102.552979 11.736204 -34.449020
v 96.339828 7.251901 -34.412643
v 112.543419 3.723672 -36.368187
v 111.594337 3.531825 -42.494171
v 108.458817 2.662523 -15.594768
v 83.997749 -10.031524 -12.419010
v 97.101257 -10.637444 -19.238163
v 89.717400 3.372522 -15.880631
v 76.705467 -11.359985 -20.923168
v 77.164375 -4.687346 -25.615927
v 116.311111 8.816797 -23.222773
v 111.773735 11.982048 -23.566032
v 111.639221 -4.916121 -26.232309
v 117.221184 3.691594 -11.043344
v 123.916153 4.126882 -7.160500
v 109.115982 15.174792 25.753939
v 63.072704 7.349335 19.778635
v 68.913986 14.589954 8.323546
v 82.504997 15.647164 -14.628616
v 117.206604 12.474352 -17.377632
v 123.216789 1.954633 -14.246979
v 117.206596 -5.647484 19.778641
v 68.913986 -9.404866 27.705261
v 69.417877 -1.101910 21.994106
v 75.000931 12.046148 13.629679
v 86.185036 13.786427 -9.457076
v 120.639359 14.178688 -11.880993
v 124.224068 1.954634 -9.075439
v 120.665970 -5.647852 0.296998
v 105.261444 -16.558514 22.251499
v 75.000931 -9.168581 -17.007421
v 123.385719 8.102243 -11.510789
v 125.036530 8.102244 25.753935
v 63.072704 -1.169082 27.705267
v 69.417885 5.993080 -7.221618
v 105.147980 15.663750 -1.946442
v 108.781342 17.073074 0.550964
v 93.826485 15.970319 5.841620
v 97.509377 15.537071 0.297006
v 105.261444 -16.558514 1.657208
v 92.025528 -24.229279 6.963342
v 95.740921 -23.185097 -9.628056
v 109.376320 -11.817471 -4.389222
v 112.963715 -12.930901 4.323746
v 88.217316 -18.962713 9.629885
v 91.932716 -16.434828 11.760082
v 78.427704 -15.976241 16.216228
v 82.854561 -14.688780 -26.038137
v 70.287132 -5.326994 -22.847672
v 69.828247 -11.849594 -27.630497
v 70.933441 2.793377 -20.444691
v 77.028412 -4.524065 -16.045986
v 76.569504 -10.843048 -20.828815
v 77.674713 3.774882 31.209780
v 96.481339 8.102890 36.216789
v 104.597221 12.958996 31.118734
v 96.471153 -2.702638 41.125183
v 112.042656 8.914609 35.764965
v 104.493835 -8.226063 40.703522
v 112.365356 -3.988519 39.565746
v 92.638718 7.516487 43.985947
v 99.500710 11.863453 39.236286
v 92.630112 -2.156132 48.135986
v 105.795822 8.243105 43.608601
v 99.421242 -7.100621 47.779472
v 106.068657 -3.307189 38.548882
v 102.480354 2.510267 -31.209789
v 96.481331 8.102881 -36.216793
v 104.597206 12.958995 -31.118727
v 96.471161 -2.702649 -41.125191
v 112.042648 8.914615 -35.764969
v 104.493866 -8.226061 -40.703518
v 112.365356 -3.988512 -39.565758
v 92.638718 7.516479 -43.985962
v 99.500710 11.863451 -39.236282
v 92.630127 -2.156138 -48.135994
v 105.795815 8.243106 -43.608597
v 99.421249 -7.100620 -47.779472
v 106.068665 -3.307185 -38.548882
v 102.480354 2.510265 0.000000
v 104.184296 -13.570806 8.113920
v 128.787628 4.130276 7.831823
v 126.782135 -0.249813 3.727744
v 113.459587 -14.109279 -3.727743
v 113.459587 -14.109278 11.949314
v 125.495850 4.130275 -14.594520
v 36.985825 28.799187 -14.349504
v 50.508881 -19.348148 -11.831184
v 51.384098 24.507540 -23.716658
v 51.153961 17.582932 -29.703262
v 50.874294 4.910643 -24.664494
v 50.677376 -8.859870 -10.872259
v 65.438644 -18.239838 -23.910675
v 66.322021 4.794471 0.000000
v 66.950607 23.366829 -8.952918
v 66.898254 20.870010 -20.338400
v 66.017395 -7.938363 16.233744
v 38.933357 -20.553022 19.819963
v 38.316868 -17.148310 23.398680
v 41.703262 -12.631791 31.159340
v 36.987587 11.645421 26.943029
v 39.349133 19.377626 19.680447
v 42.412613 23.009373 6.818182
v 36.985092 31.165428 -25.262627
v 36.985329 21.359457 -31.614723
v 39.322849 2.676697 -27.573814
v 47.859737 -3.169177 -15.150933
v 44.741905 -19.860620 -5.009131
v 101.546051 -18.080460 -0.000000
v 126.805481 12.972939 6.821046
v 121.155907 -8.321489 3.663021
v 130.715485 10.148045 -28.755520
v 40.419510 12.980926 -18.492907
v 46.673264 -16.174381 -25.003845
v 42.877422 -7.911316 -22.451479
v 41.328671 -11.844327 1.513019
v 75.596901 -9.825003 18.880997
v 65.843292 3.231101 9.737609
v 65.818207 -10.868899 2.635175
v 65.492096 -7.208719 0.983318
v 65.235901 1.692932 16.533697
v 65.954094 -7.045040 4.273870
v 53.147705 -6.196949 5.313902
v 50.121704 10.169898 13.896299
v 50.413200 9.962450 16.980293
v 54.045303 -5.642481 19.180195
v 50.164001 3.296160 3.869046
v 65.593300 10.966300 13.054399
v 65.843803 10.800300 11.430000
v 50.064201 -8.517311 4.257622
v 49.576500 -5.892859 17.279797
v 50.761795 -5.388669 11.831799
v 46.406208 -7.195261 17.683191
v 47.475296 -4.037691 5.090683
v 46.646805 -4.897800 19.924610
v 29.735144 11.833641 6.218240
v 28.370573 14.084513 3.169936
v 30.396475 4.766238 6.441390
v 76.170197 10.642851 10.943599
v 54.012699 -8.864100 18.972397
v 52.946701 3.232379 13.524300
v 52.648201 9.915769 5.071542
v 52.214600 10.097899 2.678530
v 51.866104 2.542249 13.876198
v 79.907600 -7.718826 15.410851
v 80.443146 3.299279 17.744659
v 32.299210 -6.793802 17.416866
v 37.226864 11.910176 20.709698
v 41.584198 3.782190 6.931739
v 41.560699 11.783600 19.203796
v 37.089394 -3.174098 12.447999
v 39.507996 -6.440942 0.318321
v 74.610397 0.705104 2.744503
v 48.839401 2.561199 3.582268
v 40.846695 4.100555 -15.410851
v 80.443146 3.299279 -1.513019
v 75.596901 -9.825005 -18.880997
v 65.843300 3.231101 -9.737610
v 65.818199 -10.868899 -2.635176
v 65.492096 -7.208721 -0.983317
v 65.235901 1.692932 -6.441390
v 76.170197 10.642851 -16.533699
v 65.954094 -7.045040 -4.273872
v 53.147705 -6.196951 -5.313902
v 50.121704 10.169898 -13.896299
v 50.413200 9.962450 -16.980293
v 54.045303 -5.642479 -20.066429
v 50.164001 3.296160 -3.869046
v 65.593300 10.966301 -13.054399
v 65.843796 10.800300 -11.430000
v 50.064201 -8.517310 -3.681233
v 49.576500 -5.892861 -18.166031
v 50.761795 -5.388669 -11.831801
v 46.406208 -7.195260 -17.683193
v 47.475296 -4.037690 -5.090684
v 46.646805 -4.897801 -10.943604
v 54.012699 -8.864100 -18.972397
v 52.946701 3.232380 -13.524300
v 52.648197 9.915768 -5.071542
v 52.214600 10.097899 -13.876200
v 79.907608 -7.718825 -17.505421
v 43.873230 7.791291 -7.558482
v 43.710930 10.263877 -4.735683
v 42.996925 2.949034 -17.000813
v 42.249832 -3.696865 -6.853203
v 41.788734 -4.405510 -0.318322
v 74.610397 0.705104 -2.168111
v 48.839401 2.561201 -2.678530
v 51.866104 2.542250 10.488447
v 29.909838 -5.712005 6.569270
v 33.217896 -3.006033 4.813821
v 28.659204 1.133745 21.207575
v 31.997122 0.626598 21.618851
v 26.702402 6.753062 13.127657
v 41.073677 2.947474 -8.478632
v 126.681534 11.890221 -6.364280
v 130.139709 8.282810 -7.831821
v 126.782135 -0.249815 0.000000
v 130.286285 10.835081 -11.949314
v 125.495850 4.130274 -7.831821
v 126.782135 -0.249815 -6.364280
v 130.139709 8.282810 -8.113918
v 128.787628 4.130276 -3.663022
v 130.715485 10.148045 -6.821045
v 121.155907 -8.321489 -8.955580
v 124.655632 8.286264 -10.783337
v 115.505684 -6.796148 0.000001
v 118.845856 14.396036 -11.310280
v 122.573807 -0.252619 -0.000000
v 130.286285 10.835081 8.113920
v 128.787628 4.130276 -5.009131
v 101.546051 -18.080460 -0.000000
v 126.805481 12.972939 6.821046
v 121.155907 -8.321489 3.663021
v 130.715485 10.148045 -8.113918
v 128.787628 4.130276 -3.663022
v 130.715485 10.148045 -6.821045
v 121.155907 -8.321489 5.679572
v 92.060150 -14.886272 0.000000
v 86.917458 -16.911163 3.097013
v 91.460129 -17.416544 4.014128
v 90.187546 -15.766418 2.451068
v 86.905350 -16.910793 0.000000
v 91.151360 -19.378099 -4.090856
v 96.995728 -12.828470 -2.628547
v 98.228912 -15.356434 -4.014123
v 90.187546 -15.766418 0.000000
v 98.625526 -13.730901 5.679572
v 92.060150 -14.886272 4.090858
v 96.995728 -12.828470 4.014128
v 90.187546 -15.766418 2.628547
v 98.228912 -15.356434 -4.014123
v 90.187546 -15.766418 -2.451063
v 86.905350 -16.910793 -3.097012
v 91.460129 -17.416544 -4.090856
v 96.995728 -12.828470 -5.679572
v 92.060150 -14.886272 2.628547
v 98.228920 -15.356434 4.090858
v 96.995728 -12.828470 3.730854
v 90.444077 -12.329401 -5.679572
v 92.060150 -14.886272 0.000000
v 98.625526 -13.730901 -3.730853
v 90.444077 -12.329401 0.000000
v 97.861664 -17.342960 -0.000019
v 129.812057 0.726725 -4.123363
v 129.709534 4.677879 0.000004
v 131.479401 7.911783 -0.000000
v 113.872345 6.286261 -3.595292
v 124.501076 6.198242 0.000008
v 125.865654 9.168831 -3.855920
v 114.955551 9.630806 0.000019
v 115.513046 12.101845 -0.000011
v 123.242294 3.073563 4.123348
v 129.709549 4.677853 3.595291
v 124.501076 6.198217 3.855942
v 114.955551 9.630781 -0.000000
v 102.687050 7.652772 -3.131367
v 102.884087 9.873616 -3.795765
v 114.554497 8.391438 0.000008
v 115.966354 10.728130 -2.782959
v 94.350449 7.790524 -0.000000
v 94.551064 7.009577 -0.000011
v 88.265747 3.511531 -0.000008
v 113.362000 5.259912 3.131383
v 102.884087 9.873602 3.795773
v 114.554497 8.391417 2.782959
v 94.350433 7.790511 1.474964
v 106.579552 10.900255 7.165558
v 105.339050 11.752049 9.369133
v 102.102936 3.813395 5.985135
v 102.258087 -1.144028 1.199070
v 106.854126 0.259139 1.206146
v 109.535294 8.752351 7.012735
v 108.065918 9.273360 8.811381
v 105.800537 2.053545 6.408310
v 105.650749 -1.545327 1.140351
v 108.950287 11.723480 8.653260
v 107.392189 13.163864 10.792491
v 104.118622 2.995693 6.679382
v 103.556450 -3.403191 1.454578
v 111.334839 10.853536 8.502702
v 109.974403 11.278478 11.825961
v 107.039597 1.413492 5.526841
v 107.052353 -4.825147 0.804512
v 111.902870 -3.146023 1.530594
v 116.579651 8.484959 8.854012
v 114.776199 8.457535 11.122507
v 111.995377 -0.683013 6.060558
v 111.609451 -5.213643 1.447613
v 115.813004 12.227075 10.923082
v 113.899376 13.360788 13.621136
v 109.743294 0.449077 6.402444
v 108.782433 -7.640419 1.382255
v 118.536026 8.986741 8.034862
v 117.883011 10.383696 11.619074
v 113.734375 0.237483 6.004464
v 111.565216 -6.587807 0.856554
v 115.896881 -5.703705 1.464245
v 123.464340 6.184733 8.413757
v 122.241623 7.158512 10.860388
v 118.272659 -2.238111 6.580094
v 116.535217 -7.644536 1.374744
v 122.728897 9.777884 10.239076
v 121.337570 10.750504 13.555210
v 115.976357 -0.704369 6.948829
v 114.055542 -9.663150 10.120550
v 119.527763 -1.185393 3.069138
v 118.746971 -3.629821 1.352211
v 117.654617 -2.564087 10.861481
v 121.638252 -1.099208 3.107858
v 120.032776 -4.094306 11.265505
v 120.348328 -1.790577 3.511589
v 118.931702 -5.333920 -10.120557
v 119.532303 -1.182206 -3.069142
v 118.746964 -3.629823 -1.352214
v 117.654617 -2.564087 -10.861486
v 121.642693 -1.093798 -3.107862
v 120.032768 -4.094306 -11.265510
v 120.353531 -1.786151 -3.511590
v 118.931702 -5.333922 -1.382206
v 118.536026 8.986698 -8.034802
v 117.883011 10.383699 -11.619081
v 113.736008 0.236755 -6.004515
v 111.565224 -6.587821 -0.856600
v 115.896881 -5.703751 -1.464211
v 123.464333 6.184694 -8.413715
v 122.241623 7.158517 -10.860408
v 118.278381 -2.235708 -6.580150
v 116.535217 -7.644547 -1.374687
v 122.728897 9.777843 -10.239011
v 121.337570 10.750524 -13.555222
v 115.978561 -0.703509 -6.948898
v 114.055542 -9.663157 -1.454529
v 111.334839 10.853493 -8.502652
v 109.974403 11.278481 -11.825978
v 107.039589 1.413525 -5.526893
v 107.052353 -4.825164 -0.804557
v 111.902870 -3.146070 -1.530564
v 116.579651 8.484916 -8.853981
v 114.772797 8.456636 -11.122540
v 111.997574 -0.684726 -6.060614
v 111.609459 -5.213657 -1.447555
v 115.813004 12.227034 -10.923012
v 113.892975 13.359970 -13.621156
v 109.743294 0.449107 -6.402516
v 108.782433 -7.640430 -1.474929
v 106.579544 10.900221 -7.165516
v 105.339050 11.752055 -9.369144
v 102.102936 3.813413 -5.985180
v 102.258095 -1.144033 -1.199108
v 106.854126 0.259103 -1.206123
v 109.535294 8.752316 -7.012711
v 108.065918 9.273363 -8.811406
v 105.800537 2.053570 -6.408360
v 105.650749 -1.545327 -1.140309
v 108.950287 11.723445 -8.653209
v 107.392181 13.163881 -10.792508
v 104.118622 2.995730 -6.679442
v 103.556442 -3.403193 13.060793
v 121.505943 2.750484 13.724376
v 122.353050 3.105757 12.690324
v 120.450684 2.705955 14.383806
v 120.990349 2.633715 -13.724383
v 122.352852 3.111933 -13.060799
v 121.506027 2.753921 -12.690333
v 120.450836 2.709720 -14.383813
v 120.990593 2.639098 6.619753
v 97.303360 -14.330182 6.076919
v 95.763351 -13.180443 6.619753
v 97.303360 -14.330182 19.682552
v 121.514313 4.078714 8.952917
v 66.898254 20.870012 21.628956
v 77.810669 4.232613 23.910671
v 66.322021 4.794467 20.923168
v 77.164383 -4.687342 19.419167
v 66.729584 15.261671 0.000000
v 66.950607 23.366829 16.103327
v 78.400703 13.322422 19.419167
v 66.729584 15.261671 19.096647
v 120.097748 8.721283 19.682552
v 121.514313 4.078714 19.170059
v 119.729156 -0.584657 18.037931
v 113.622597 12.034729 16.933281
v 106.437965 -2.091746 16.933809
v 106.771759 8.511961 17.807951
v 114.286873 -4.071940 19.671667
v 105.416336 8.149364 16.933809
v 106.771759 8.511961 16.174654
v 122.546928 4.114431 6.364282
v 130.139709 8.282809 11.043344
v 123.917618 4.119214 8.113920
v 128.787628 4.130276 8.955579
v 124.655632 8.286264 7.831823
v 126.782135 -0.249813 5.540948
v 115.371185 -10.974813 3.663021
v 130.715485 10.148045 5.540948
v 115.371185 -10.974813 5.532027
v 104.994888 -13.658669 0.000000
v 104.184296 -13.570806 12.419010
v 97.101257 -9.951761 27.158710
v 101.571167 7.563455 39.565746
v 92.638718 7.516487 34.449013
v 96.339836 7.251911 29.355793
v 100.251617 7.276708 20.338402
v 66.017387 -7.938359 15.880633
v 76.705467 -11.359980 20.338402
v 66.017387 -7.938359 10.872254
v 65.438644 -18.239836 0.000000
v 97.473969 -15.897113 -6.619753
v 97.303360 -14.330184 0.000000
v 104.184296 -13.570806 0.000000
v 95.764282 -15.742067 -6.076919
v 95.763351 -13.180443 0.000000
v 89.700630 -16.659901 -6.619753
v 97.303360 -14.330184 -0.000000
v 85.165558 16.271105 -0.000000
v 90.100891 13.866577 -19.682552
v 121.512909 4.087014 -0.000000
v 99.210854 13.692477 0.000000
v 78.710533 19.391130 0.000000
v 66.950607 23.366829 -0.000000
v 109.085747 15.487741 0.000001
v 118.845856 14.396036 -19.096649
v 120.090805 8.727881 -19.682552
v 121.512909 4.087014 -19.170059
v 119.733307 -0.578411 -18.037930
v 113.619011 12.034538 -16.933281
v 106.437965 -2.091735 -16.933809
v 106.771782 8.511968 -17.807951
v 114.289612 -4.071927 -19.671669
v 105.416374 8.149399 -16.933809
v 106.771782 8.511968 -16.174658
v 122.544678 4.126908 -5.540941
v 115.371185 -10.974817 -5.532022
v 104.994888 -13.658672 0.000000
v 104.184296 -13.570806 -5.540941
v 115.371185 -10.974817 -11.043344
v 123.916153 4.126882 0.000000
v 83.914108 -16.492455 -0.000002
v 78.227066 -16.058857 -0.000003
v 64.528145 -18.035604 -12.419012
v 97.101257 -9.951757 -27.158710
v 101.571182 7.563476 -34.449020
v 96.339828 7.251901 -39.565758
v 92.638718 7.516479 -29.355797
v 100.251610 7.276713 -11.510789
v 125.036530 8.102244 -17.007421
v 123.385719 8.102243 25.753935
v 63.072704 -1.169082 27.705261
v 69.417877 -1.101910 -9.628056
v 109.376320 -11.817471 -4.389222
v 112.963715 -12.930901 -5.009131
v 101.546051 -18.080460 31.209780
v 96.481339 8.102890 39.565746
v 92.638718 7.516487 38.548882
v 102.480354 2.510267 38.548882
v 102.480354 2.510267 -31.209789
v 96.481331 8.102881 -39.565758
v 92.638718 7.516479 -38.548882
v 102.480354 2.510265 -38.548882
v 102.480354 2.510265 -10.872259
v 65.438644 -18.239838 -20.338400
v 66.017395 -7.938363 0.000000
v 66.950607 23.366829 -8.952918
v 66.898254 20.870010 -0.000001
v 51.421692 27.657742 -19.419167
v 66.729584 15.261671 -23.910675
v 66.322021 4.794471 0.000002
v 36.984444 33.240097 0.296998
v 105.261444 -16.558514 3.582268
v 40.846695 4.100555 2.744503
v 48.839401 2.561199 2.678530
v 51.866104 2.542249 0.318321
v 74.610397 0.705104 0.983318
v 65.235901 1.692932 -4.735683
v 42.996925 2.949034 -2.168111
v 48.839401 2.561201 -2.678530
v 51.866104 2.542250 -0.318322
v 74.610397 0.705104 -0.983317
v 65.235901 1.692932 3.169936
v 30.396475 4.766238 13.127657
v 41.073677 2.947474 13.127657
v 41.073677 2.947474 -8.955580
v 124.655632 8.286264 -13.713890
v 122.255951 -2.031619 -0.000000
v 126.805481 12.972939 -0.000000
v 130.286285 10.835081 -11.934000
v 122.656479 -8.407253 -5.540941
v 115.371185 -10.974817 -10.783337
v 115.505684 -6.796148 -11.310280
v 122.573807 -0.252619 -11.043344
v 123.916153 4.126882 -6.364280
v 130.139709 8.282810 -8.113918
v 128.787628 4.130276 -11.043344
v 123.916153 4.126882 -8.955580
v 124.655632 8.286264 -7.831821
v 126.782135 -0.249815 -6.821045
v 121.155907 -8.321489 -5.540941
v 115.371185 -10.974817 0.000001
v 118.845856 14.396036 -3.663022
v 130.715485 10.148045 -7.672711
v 118.845856 13.992990 0.000008
v 125.865654 9.168831 0.000004
v 131.479401 7.911783 -0.000011
v 123.242294 3.073563 -0.000019
v 129.812057 0.726725 0.000019
v 115.513046 12.101845 -0.000000
v 113.872345 6.286261 -0.000000
v 102.687050 7.652772 -0.000000
v 94.551064 7.009577 -0.000011
v 88.265747 3.511531 -0.000008
v 113.362000 5.259912 0.000008
v 115.966354 10.728130 1.474964
v 106.579552 10.900255 7.165558
v 105.339050 11.752049 9.369133
v 102.102936 3.813395 5.985135
v 102.258087 -1.144028 1.454578
v 111.334839 10.853536 8.502702
v 109.974403 11.278478 11.825961
v 107.039597 1.413492 5.526841
v 107.052353 -4.825147 1.382255
v 118.536026 8.986741 8.034862
v 117.883011 10.383696 11.619074
v 113.734375 0.237483 6.004464
v 111.565216 -6.587807 12.690324
v 120.450684 2.705955 10.120550
v 119.527763 -1.185393 3.069138
v 118.746971 -3.629821 -10.120557
v 119.532303 -1.182206 -3.069142
v 118.746964 -3.629823 -1.382206
v 118.536026 8.986698 -8.034802
v 117.883011 10.383699 -11.619081
v 113.736008 0.236755 -6.004515
v 111.565224 -6.587821 -1.454529
v 111.334839 10.853493 -8.502652
v 109.974403 11.278481 -11.825978
v 107.039589 1.413525 -5.526893
v 107.052353 -4.825164 -1.474929
v 106.579544 10.900221 -7.165516
v 105.339050 11.752055 -9.369144
v 102.102936 3.813413 -5.985180
v 102.258095 -1.144033 -12.690333
v 120.450836 2.709720 0.363141
v 86.465378 -18.919407 -55.439346
v 82.979210 -18.919405 -58.925507
v 86.465393 23.270504 -55.439331
v 82.979225 23.270535 -55.439362
v 89.951553 -18.919407 -51.953171
v 86.465393 -18.919409 -55.439346
v 89.951576 23.270500 -51.953156
v 86.465408 23.270500 -55.168213
v 89.223793 -20.914038 -55.440933
v 86.496521 -17.914038 -58.168198
v 86.769226 -20.914036 -55.440918
v 86.496513 -23.914005 -52.713654
v 86.223793 -20.914042 -55.713654
v 83.769241 -20.914005 -48.370361
v 86.605652 -239.932770 -54.913177
v 86.605637 -235.150284 -61.483459
v 86.605598 -239.895004 -59.001282
v 86.605629 -247.609894 -50.896942
v 86.605621 -247.633240 -50.404114
v 86.605637 -240.587097 -54.919342
v 86.605637 -237.286682 -59.453506
v 86.605652 -240.561050 -57.740540
v 86.605629 -245.885101 -52.147720
v 86.605629 -245.901215 -59.123047
v 86.858406 -20.043737 -59.859848
v 88.711861 -27.730688 -55.503113
v 86.566940 -32.547768 -51.118011
v 84.340981 -27.837927 -51.755676
v 86.121689 -20.109993 -57.994324
v 86.745537 -21.782322 -58.501724
v 88.032799 -27.087133 -55.494370
v 86.558212 -30.411413 -52.468964
v 85.016426 -27.161169 -52.910080
v 86.237122 -21.828070 -49.956451
v 84.571335 -307.358765 -49.956451
v 81.639160 -295.821045 -49.956451
v 88.706985 -307.358765 -49.956451
v 91.639160 -295.821045 -39.956451
v 84.571335 -303.958649 -39.956451
v 82.229996 -292.420898 -39.956451
v 91.048325 -292.420898 -39.956451
v 88.706993 -303.958649 -29.956451
v 84.571335 -292.609192 -33.479431
v 82.778923 -286.196655 -33.479431
v 90.499397 -286.196655 -29.956451
v 88.706993 -292.609192 -26.589386
v 85.142082 -278.971130 -29.453018
v 83.370079 -278.071045 -29.453018
v 89.908241 -278.071045 -57.652496
v 83.943123 -244.592575 -52.260406
v 89.335213 -244.592575 -52.260406
v 83.943123 -244.592575 -28.604141
v 86.639198 -269.035767 -31.266251
v 83.904945 -290.225098 -31.266251
v 89.373375 -290.225098 -26.589386
v 88.136253 -278.971130 -33.806198
v 79.904869 -286.304871 -33.806198
v 93.373451 -286.304871 -59.956451
v 84.571335 -307.358765 -59.956451
v 88.706985 -307.358765 -59.956451
v 91.639160 -295.821045 -59.956451
v 81.639160 -295.821045 -54.956451
v 84.571335 -310.115845 -54.956451
v 88.706985 -310.115845 -69.956451
v 84.571342 -303.958649 -69.956451
v 82.230003 -292.420898 -69.956451
v 91.048325 -292.420929 -69.956451
v 88.706985 -303.958649 -79.956451
v 84.571342 -292.609192 -76.433472
v 82.778931 -286.196655 -76.433472
v 90.499397 -286.196655 -79.956451
v 88.706985 -292.609192 -83.323517
v 85.142075 -278.971130 -80.459869
v 83.370094 -278.071045 -80.459869
v 89.908234 -278.071045 -57.652496
v 89.335213 -244.592575 -81.308762
v 86.639198 -269.035767 -78.646667
v 83.904945 -290.225098 -78.646667
v 89.373375 -290.225098 -83.323517
v 88.136230 -278.971130 -76.106720
v 79.904877 -286.304871 -76.106720
v 93.373444 -286.304871 -52.642883
v 89.035332 -239.083496 -57.428345
v 84.249886 -239.083496 -52.642883
v 89.035324 -229.553604 -57.428345
v 84.249886 -229.553604 -53.879700
v 87.798531 -237.329605 -56.191528
v 85.486687 -237.329605 -53.879700
v 87.798531 -231.307510 -56.191528
v 85.486679 -231.307510 -57.428345
v 89.035324 -233.069382 -52.642883
v 84.249886 -233.069382 -57.428345
v 89.035332 -223.539505 -52.642883
v 84.249886 -223.539505 -56.191528
v 87.798523 -231.315506 -53.879700
v 85.486679 -231.315506 -56.191528
v 87.798523 -225.293411 -53.879700
v 85.486687 -225.293411 -57.428345
v 89.035332 -221.041229 -52.642883
v 84.249886 -221.041229 -57.428345
v 89.035332 -211.511353 -52.642883
v 84.249886 -211.511353 -56.191528
v 87.798523 -219.287323 -53.879700
v 85.486687 -219.287323 -56.191528
v 87.798523 -213.265259 -53.879700
v 85.486687 -213.265259 -52.642883
v 89.035332 -227.055344 -57.428345
v 84.249886 -227.055344 -52.642883
v 89.035332 -217.525452 -57.428345
v 84.249878 -217.525452 -53.879700
v 87.798531 -225.301437 -56.191528
v 85.486687 -225.301437 -53.879700
v 87.798523 -219.279343 -56.191528
v 85.486687 -219.279343 -52.642883
v 89.035332 -215.027161 -57.428345
v 84.249878 -215.027161 -52.587708
v 88.646629 -205.494766 -57.428009
v 84.668396 -205.499542 -53.879700
v 87.798523 -213.273254 -56.191528
v 85.486687 -213.273254 -53.836853
v 87.618835 -207.249893 -56.175171
v 85.696960 -207.252197 -56.993286
v 89.078453 -209.010162 -53.015015
v 84.238144 -209.015671 -55.870010
v 89.185699 -199.472824 -54.044205
v 84.199097 -199.492996 -55.966949
v 87.827080 -207.257706 -54.045059
v 85.488739 -207.260361 -55.391342
v 87.898338 -201.231873 -54.509323
v 85.489319 -201.241623 -52.450287
v 87.608070 -202.982971 -57.436813
v 85.782433 -203.000473 -52.435181
v 87.122009 -193.450363 -57.488739
v 86.282959 -193.473679 -53.745834
v 87.134804 -201.233627 -56.154816
v 86.252838 -201.242081 -53.732254
v 86.907051 -195.210220 -56.173615
v 86.501701 -195.221497 -55.363480
v 89.233124 -196.964233 -54.524231
v 84.179459 -196.991165 -55.160599
v 89.246246 -187.432968 -54.814636
v 84.159058 -187.463257 -55.155594
v 87.925095 -195.217346 -54.750168
v 85.483688 -195.230347 -55.061020
v 87.933586 -189.194626 -54.893890
v 85.475983 -189.209259 -54.924728
v 89.266304 -184.933105 -55.072037
v 84.145592 -184.966751 -54.497650
v 89.297028 -175.400314 -55.631516
v 84.109261 -175.440689 -54.974091
v 87.940475 -183.187958 -55.045258
v 85.466682 -183.204208 -54.777145
v 87.959084 -177.164551 -55.324921
v 85.452904 -177.184082 -52.423706
v 86.879799 -190.950653 -57.510773
v 86.534058 -190.976913 -52.460739
v 86.627411 -181.419678 -57.581329
v 86.774971 -181.448868 -53.748627
v 86.788307 -189.203598 -56.206177
v 86.621277 -189.216278 -53.772858
v 86.667923 -183.181061 -56.246597
v 86.739197 -183.195145 -52.443619
v 86.141777 -178.918640 -57.631226
v 87.275932 -178.953659 -52.471588
v 85.068481 -169.383133 -57.805435
v 88.355225 -169.430878 -53.797913
v 86.432045 -177.173874 -56.304031
v 86.979950 -177.190796 -53.831650
v 85.921829 -171.149246 -56.408417
v 87.509628 -171.172333 -53.457123
v 89.386909 -173.005173 -56.743469
v 84.052841 -173.060242 -53.155426
v 89.373795 -163.475647 -57.301743
v 84.029846 -163.531754 -54.324966
v 88.004425 -171.265625 -55.912598
v 85.427567 -171.292236 -54.208237
v 87.996590 -165.243942 -56.211319
v 85.414955 -165.271042 -53.145279
v 89.315437 -160.982483 -57.404694
v 84.067856 -161.029007 -53.194199
v 89.266014 -151.456223 -57.526794
v 84.080788 -151.496536 -54.261658
v 87.955925 -159.240707 -56.319366
v 85.420853 -159.263184 -54.300568
v 87.928696 -153.220459 -56.393631
v 85.423744 -153.239960 -52.519028
v 84.636383 -166.995056 -57.862747
v 88.783089 -167.043488 -52.682404
v 84.555244 -157.470276 -57.929810
v 88.814980 -157.510025 -53.918915
v 85.704163 -165.253784 -56.500458
v 87.707405 -165.277206 -54.023071
v 85.659439 -159.234360 -56.558090
v 87.717300 -159.253571 -52.741089
v 84.512611 -154.974976 -57.926178
v 88.845474 -155.009079 -52.831467
v 84.472427 -145.447464 -57.972916
v 88.856483 -145.477631 -54.094589
v 85.629639 -153.229980 -56.599487
v 87.722809 -153.246460 -54.148361
v 85.608002 -147.209106 -56.632187
v 87.725906 -147.223679 -53.186371
v 89.240265 -148.960220 -57.570206
v 84.098679 -148.996201 -53.185059
v 89.188782 -139.434708 -57.665665
v 84.129646 -139.462509 -54.331299
v 87.908905 -147.215698 -56.449127
v 85.425034 -147.233078 -54.333969
v 87.883148 -141.195740 -56.498535
v 85.439110 -141.209152 -52.877609
v 84.422661 -142.946045 -57.936646
v 88.903419 -142.968750 -52.941010
v 84.369278 -133.419952 -57.917648
v 88.946732 -133.435211 -54.194244
v 85.578819 -141.198059 -56.638245
v 87.743439 -141.209045 -54.220917
v 85.553658 -135.177780 -56.625122
v 87.764999 -135.185165 -53.127991
v 89.149002 -136.933548 -57.705353
v 84.172318 -136.953140 -53.101334
v 89.117638 -127.406563 -57.747818
v 84.199837 -127.420296 -54.317337
v 87.861443 -135.184738 -56.528641
v 85.457230 -135.194199 -54.297913
v 87.847527 -129.164032 -56.542633
v 85.471771 -129.170639 -53.075836
v 89.092781 -124.910728 -57.775497
v 84.223709 -124.919479 -53.079987
v 89.076500 -115.382195 -57.805176
v 84.232582 -115.388298 -54.293167
v 87.833786 -123.159088 -56.563568
v 85.481567 -123.163307 -54.299332
v 87.824974 -117.137672 -56.582062
v 85.484901 -117.140625 -52.957062
v 84.337280 -130.924240 -57.874832
v 88.983810 -130.934189 -52.996552
v 84.307266 -121.396278 -57.865601
v 89.006950 -121.402313 -54.232376
v 85.537292 -129.172928 -56.608139
v 87.781998 -129.177734 -54.252258
v 85.522476 -123.151749 -56.604492
v 87.792870 -123.154663 -53.016861
v 84.292725 -118.898903 -57.860748
v 89.017937 -118.903160 -53.035156
v 84.282043 -109.369644 -57.862259
v 89.024269 -109.372711 -54.270645
v 85.513580 -117.146118 -56.610718
v 87.796303 -117.148170 -54.281372
v 85.507965 -111.124336 -56.613342
v 87.798904 -111.125832 -53.074326
v 89.067406 -113.637794 -57.816528
v 84.240288 -113.642120 -56.592255
v 85.487587 -111.887108 -54.301300
v 87.819542 -111.885025 -57.830414
v 84.247437 -104.111382 -56.599564
v 85.490860 -105.864616 -53.071167
v 89.057793 -104.108818 -54.300400
v 87.814705 -105.863388 -53.044006
v 84.273331 -107.624954 -57.854340
v 89.032578 -107.626823 -56.611908
v 87.802361 -105.872444 -54.288055
v 85.503204 -105.871552 -57.846512
v 89.040855 -98.096367 -56.607361
v 87.806480 -99.850090 -53.052979
v 84.264587 -98.095680 -54.291595
v 85.499084 -99.849770 -53.061081
v 89.049622 -101.611420 -57.837326
v 84.256050 -101.612213 -56.603165
v 85.494911 -99.858116 -54.295776
v 87.810646 -99.857735 -57.843063
v 84.269951 -92.081055 -56.602570
v 85.502251 -93.835411 -53.041275
v 89.038353 -92.082901 -54.282852
v 87.805832 -93.836311 -53.059067
v 84.253029 -95.591393 -57.827438
v 89.054832 -95.590294 -56.594498
v 87.813904 -93.836693 -54.290924
v 85.494179 -93.837234 -57.801483
v 89.068756 -86.059669 -56.575836
v 87.821846 -87.814255 -53.054428
v 84.245239 -86.062294 -54.282532
v 85.491638 -87.815529 -53.018661
v 89.030022 -89.578842 -57.842163
v 84.282944 -89.574768 -56.594299
v 85.510109 -87.821907 -54.264069
v 87.803383 -87.823883 -57.831543
v 84.281647 -80.045197 -56.587463
v 85.509857 -81.799995 -53.013885
v 89.034630 -80.048645 -54.260071
v 87.805992 -81.801659 -53.015213
v 89.039017 -77.549942 -57.825287
v 84.278381 -77.547302 -56.581329
v 85.508949 -75.794075 -54.257599
v 87.808784 -75.795349 -57.819275
v 84.277412 -68.017616 -56.577744
v 85.508636 -69.772095 -53.012909
v 89.041779 -68.019852 -54.255798
v 87.810272 -69.773178 -53.048325
v 84.248878 -83.563820 -57.801285
v 89.066536 -83.561607 -56.571838
v 87.821609 -81.808273 -54.275696
v 85.494232 -81.809341 -57.798965
v 89.064072 -74.031967 -56.569366
v 87.820732 -75.786308 -53.038345
v 84.253998 -74.033661 -54.269531
v 85.497002 -75.787125 -53.035278
v 84.256119 -71.535240 -57.799622
v 89.062500 -71.533806 -56.567596
v 87.820419 -69.780289 -54.265961
v 85.498489 -69.780983 -57.799408
v 89.060516 -62.004108 -56.567200
v 87.819534 -63.758297 -53.029785
v 84.259377 -62.005184 -54.263000
v 85.500137 -63.758816 -53.015259
v 89.044502 -66.250572 -57.816391
v 84.274864 -66.248886 -56.575012
v 85.507698 -64.495422 -54.255615
v 87.811882 -64.496246 -57.812134
v 84.272125 -56.719337 -56.573151
v 85.506363 -58.473499 -53.017059
v 89.047859 -56.720394 -54.256668
v 87.813492 -58.474018 -53.027359
v 84.262306 -60.229088 -57.803085
v 89.057404 -60.228409 -56.568481
v 87.818169 -58.474693 -54.261337
v 85.501686 -58.475025 -57.809784
v 89.052254 -50.698845 -56.572968
v 87.815445 -52.452751 -53.024292
v 84.266823 -50.698875 -54.261108
v 85.503632 -52.452782 -53.024323
v 89.052284 -54.214684 -57.809753
v 84.266792 -54.214684 -56.572937
v 85.503616 -52.460777 -54.261124
v 87.815460 -52.460777 -56.735733
v 84.238052 -44.684784 -56.069778
v 85.474876 -46.438690 -54.158997
v 89.023537 -44.684818 -54.824951
v 87.786713 -46.438725 -55.048920
v 89.000977 -42.186523 -55.893372
v 84.215508 -42.186493 -55.675125
v 85.452324 -40.432587 -55.267166
v 87.764160 -40.432617 -55.072083
v 84.193535 -32.656620 -55.290344
v 85.430351 -34.410522 -55.916595
v 88.978996 -32.656620 -55.698334
v 87.742180 -34.410522 -53.054626
v 85.342407 -48.200596 -57.840103
v 87.919174 -48.200592 -56.603287
v 87.253197 -46.446686 -54.291443
v 86.008385 -46.446686 -57.863892
v 87.030487 -38.670685 -56.627075
v 86.812218 -40.424591 -53.078415
v 86.186012 -38.670715 -54.315231
v 86.404266 -40.424625 -53.090012
v 86.597260 -36.172428 -57.875488
v 86.597244 -36.172428 -56.638672
v 86.597244 -34.418526 -54.326828
v 86.597260 -34.418556 -57.897369
v 85.778908 -26.642553 -56.660568
v 86.191185 -28.396460 -53.111923
v 87.374077 -26.642557 -54.348724
v 86.961800 -28.396460 -54.956451
v 88.706985 -310.115845 -54.956451
v 84.571335 -310.115845 -49.956451
v 84.571335 -307.358765 -49.956451
v 81.639160 -295.821045 -49.956451
v 91.639160 -295.821045 -39.956451
v 82.229996 -292.420898 -49.956451
v 88.706985 -307.358765 -39.956451
v 91.048325 -292.420898 -39.956451
v 84.571335 -303.958649 -39.956451
v 88.706993 -303.958649 -33.479431
v 90.499397 -286.196655 -29.956451
v 84.571335 -292.609192 -52.260406
v 89.335213 -244.592575 -57.652496
v 89.335213 -244.592575 -49.956451
v 91.639160 -295.821045 -52.260406
v 83.943123 -244.592575 -49.956451
v 81.639160 -295.821045 -52.260406
v 89.335213 -244.592575 -57.652496
v 83.943123 -244.592575 -52.260406
v 83.943123 -244.592575 -28.604141
v 86.639198 -269.035767 -26.589386
v 85.142082 -278.971130 -26.589386
v 88.136253 -278.971130 -29.956451
v 88.706993 -292.609192 -28.604141
v 86.639198 -269.035767 -29.453018
v 83.370079 -278.071045 -29.453018
v 89.908241 -278.071045 -33.806198
v 79.904869 -286.304871 -31.266251
v 83.904945 -290.225098 -33.806198
v 79.904869 -286.304871 -33.479431
v 82.778923 -286.196655 -33.479431
v 90.499397 -286.196655 -33.806198
v 93.373451 -286.304871 -31.266251
v 89.373375 -290.225098 -33.806198
v 93.373451 -286.304871 -33.479431
v 82.778923 -286.196655 -59.956451
v 84.571335 -307.358765 -59.956451
v 88.706985 -307.358765 -59.956451
v 81.639160 -295.821045 -69.956451
v 82.230003 -292.420898 -59.956451
v 91.639160 -295.821045 -69.956451
v 91.048325 -292.420929 -69.956451
v 84.571342 -303.958649 -69.956451
v 88.706985 -303.958649 -76.433472
v 90.499397 -286.196655 -79.956451
v 84.571342 -292.609192 -59.956451
v 91.639160 -295.821045 -57.652496
v 83.943123 -244.592575 -57.652496
v 89.335213 -244.592575 -59.956451
v 81.639160 -295.821045 -81.308762
v 86.639198 -269.035767 -83.323517
v 85.142075 -278.971130 -79.956451
v 88.706985 -292.609192 -83.323517
v 88.136230 -278.971130 -80.459869
v 83.370094 -278.071045 -81.308762
v 86.639198 -269.035767 -80.459869
v 89.908234 -278.071045 -76.106720
v 79.904877 -286.304871 -78.646667
v 83.904945 -290.225098 -76.433472
v 82.778931 -286.196655 -76.106720
v 79.904877 -286.304871 -76.433472
v 90.499397 -286.196655 -78.646667
v 89.373375 -290.225098 -76.106720
v 93.373444 -286.304871 -76.106720
v 93.373444 -286.304871 -76.433472
v 82.778931 -286.196655 0.699025

vt 0.222035 0.293231
vt 0.239641 0.305543
vt 0.187630 0.438459
vt 0.173488 0.337072
vt 0.193134 0.381806
vt 0.241750 0.458592
vt 0.223706 0.418602
vt 0.235862 0.333500
vt 0.244957 0.467058
vt 0.156389 0.374568
vt 0.190612 0.405842
vt 0.183375 0.408373
vt 0.159975 0.252122
vt 0.222035 0.293231
vt 0.239641 0.305543
vt 0.187630 0.438459
vt 0.173488 0.337072
vt 0.193134 0.381806
vt 0.241750 0.458592
vt 0.223706 0.418602
vt 0.235862 0.333500
vt 0.244957 0.467058
vt 0.156389 0.374568
vt 0.190612 0.405842
vt 0.183375 0.408373
vt 0.159975 0.820759
vt 0.809890 0.829960
vt 0.818704 0.847065
vt 0.836630 0.828485
vt 0.802829 0.854093
vt 0.832304 0.837899
vt 0.811892 0.862943
vt 0.857803 0.870947
vt 0.852222 0.882165
vt 0.867183 0.811659
vt 0.819119 0.819254
vt 0.829113 0.836766
vt 0.846349 0.852518
vt 0.866988 0.814544
vt 0.791599 0.840286
vt 0.794807 0.846838
vt 0.807447 0.860637
vt 0.824602 0.828713
vt 0.802670 0.853920
vt 0.831376 0.837848
vt 0.812429 0.879240
vt 0.844585 0.871281
vt 0.852581 0.882182
vt 0.867615 0.820452
vt 0.809628 0.830645
vt 0.818685 0.846890
vt 0.836555 0.862619
vt 0.858096 0.814361
vt 0.791655 0.867658
vt 0.777221 0.875621
vt 0.787749 0.889183
vt 0.806368 0.854134
vt 0.786165 0.876326
vt 0.814985 0.862386
vt 0.796169 0.903968
vt 0.828473 0.893335
vt 0.836666 0.909785
vt 0.860629 0.883477
vt 0.765438 0.891027
vt 0.778339 0.902914
vt 0.799661 0.915305
vt 0.819687 0.841374
vt 0.774532 0.837848
vt 0.812429 0.846838
vt 0.807447 0.840286
vt 0.794807 0.860637
vt 0.824602 0.853920
vt 0.831376 0.871281
vt 0.852581 0.879240
vt 0.844585 0.882182
vt 0.867615 0.828713
vt 0.802670 0.830645
vt 0.818685 0.820452
vt 0.809628 0.846890
vt 0.836555 0.862619
vt 0.858096 0.814361
vt 0.791655 0.820759
vt 0.809890 0.829960
vt 0.818704 0.847065
vt 0.836630 0.828485
vt 0.802829 0.854093
vt 0.832304 0.837899
vt 0.811892 0.862943
vt 0.857803 0.870947
vt 0.852222 0.882165
vt 0.867183 0.811659
vt 0.819119 0.819254
vt 0.829113 0.836766
vt 0.846349 0.852518
vt 0.866988 0.814544
vt 0.791599 0.840286
vt 0.794807 0.846838
vt 0.807447 0.860637
vt 0.824602 0.828713
vt 0.802670 0.853920
vt 0.831376 0.837848
vt 0.812429 0.879240
vt 0.844585 0.871281
vt 0.852581 0.882182
vt 0.867615 0.820452
vt 0.809628 0.830645
vt 0.818685 0.846890
vt 0.836555 0.862619
vt 0.858096 0.814361
vt 0.791655 0.867658
vt 0.777221 0.875621
vt 0.787749 0.889183
vt 0.806368 0.854134
vt 0.786165 0.876326
vt 0.814985 0.862386
vt 0.796169 0.903968
vt 0.828473 0.893335
vt 0.836666 0.909785
vt 0.860629 0.883477
vt 0.765438 0.891027
vt 0.778339 0.902914
vt 0.799661 0.915305
vt 0.819687 0.841374
vt 0.774532 0.837848
vt 0.812429 0.846838
vt 0.807447 0.840286
vt 0.794807 0.860637
vt 0.824602 0.853920
vt 0.831376 0.871281
vt 0.852581 0.879240
vt 0.844585 0.882182
vt 0.867615 0.828713
vt 0.802670 0.830645
vt 0.818685 0.820452
vt 0.809628 0.846890
vt 0.836555 0.862619
vt 0.858096 0.814361
vt 0.791655 0.505447
vt 0.273040 0.521704
vt 0.273275 0.505332
vt 0.194985 0.521705
vt 0.195258 0.505274
vt 0.234118 0.521666
vt 0.234255 0.513077
vt 0.273040 0.521704
vt 0.273275 0.513045
vt 0.194985 0.521705
vt 0.195258 0.513025
vt 0.234118 0.521666
vt 0.234255 0.505332
vt 0.194985 0.521705
vt 0.195258 0.521666
vt 0.234255 0.505274
vt 0.234118 0.505447
vt 0.273040 0.521704
vt 0.273275 0.649759
vt 0.109052 0.649756
vt 0.085284 0.673527
vt 0.085284 0.733526
vt 0.077867 0.717208
vt 0.077867 0.649759
vt 0.061516 0.505332
vt 0.194985 0.521705
vt 0.195258 0.521666
vt 0.234255 0.505274
vt 0.234118 0.505447
vt 0.273040 0.521704
vt 0.273275 0.649759
vt 0.109052 0.649756
vt 0.085284 0.673527
vt 0.085284 0.733526
vt 0.077867 0.717208
vt 0.077867 0.649759
vt 0.061516 0.496977
vt 0.199402 0.274176
vt 0.175231 0.322438
vt 0.173190 0.322245
vt 0.147802 0.322245
vt 0.147802 0.322438
vt 0.173190 0.322438
vt 0.173190 0.322438
vt 0.173190 0.496977
vt 0.199402 0.274176
vt 0.175231 0.322438
vt 0.173190 0.322245
vt 0.147802 0.322245
vt 0.147802 0.322438
vt 0.173190 0.322438
vt 0.173190 0.322438
vt 0.173190 0.839763
vt 0.795512 0.860646
vt 0.824610 0.846862
vt 0.807155 0.878957
vt 0.844846 0.810884
vt 0.819144 0.836534
vt 0.845839 0.819825
vt 0.829288 0.852680
vt 0.867856 0.843028
vt 0.794916 0.865903
vt 0.822407 0.852998
vt 0.805442 0.881545
vt 0.844235 0.927060
vt 0.847602 0.867154
vt 0.756588 0.810884
vt 0.819144 0.836534
vt 0.845839 0.819825
vt 0.829288 0.852680
vt 0.867856 0.839763
vt 0.795512 0.860646
vt 0.824610 0.846862
vt 0.807155 0.878957
vt 0.844846 0.810884
vt 0.819144 0.836534
vt 0.845839 0.819825
vt 0.829288 0.852680
vt 0.867856 0.843028
vt 0.794916 0.865903
vt 0.822407 0.852998
vt 0.805442 0.881545
vt 0.844235 0.927060
vt 0.847602 0.867154
vt 0.756588 0.810884
vt 0.819144 0.836534
vt 0.845839 0.819825
vt 0.829288 0.852680
vt 0.867856 0.521675
vt 0.312294 0.505302
vt 0.312020 0.521675
vt 0.312294 0.513015
vt 0.312020 0.521675
vt 0.312294 0.505302
vt 0.312020 0.733523
vt 0.094182 0.749838
vt 0.077867 0.625992
vt 0.085284 0.733523
vt 0.061552 0.521675
vt 0.312294 0.505302
vt 0.312020 0.733523
vt 0.094182 0.749838
vt 0.077867 0.625992
vt 0.085284 0.733523
vt 0.061552 1.000000
vt 0.407513 0.201222
vt 0.414185 0.239317
vt 0.461351 0.177231
vt 0.473715 0.201337
vt 0.504790 0.188098
vt 0.510555 0.134746
vt 0.517613 0.063407
vt 0.523922 0.072754
vt 0.459963 0.000257
vt 0.523832 0.030594
vt 0.448942 0.161729
vt 0.450414 0.117385
vt 0.463336 0.344460
vt 0.422582 0.290436
vt 0.445742 0.300185
vt 0.355932 0.364271
vt 0.403455 0.383564
vt 0.515581 0.410570
vt 0.494498 0.373671
vt 0.492024 0.351543
vt 0.524815 0.427642
vt 0.465411 0.403209
vt 0.459249 0.330133
vt 0.496604 0.319431
vt 0.520576 0.433862
vt 0.428251 0.408066
vt 0.423828 0.380131
vt 0.427548 0.360733
vt 0.466842 0.325283
vt 0.458624 0.305985
vt 0.482526 0.293657
vt 0.507941 0.226506
vt 0.370771 0.254060
vt 0.334621 0.350178
vt 0.438680 0.050732
vt 0.455359 0.107668
vt 0.374894 0.131941
vt 0.321056 0.170724
vt 0.368910 0.194028
vt 0.308692 0.169921
vt 0.277617 0.183161
vt 0.271851 0.236512
vt 0.264793 0.307851
vt 0.258485 0.298116
vt 0.323606 0.208367
vt 0.331605 0.252711
vt 0.317908 0.026798
vt 0.359825 0.080822
vt 0.336665 0.373671
vt 0.492024 0.403209
vt 0.459249 0.330133
vt 0.496604 0.380131
vt 0.427548 0.408066
vt 0.423828 0.360733
vt 0.466842 0.325283
vt 0.458624 0.305985
vt 0.482526 0.144753
vt 0.411407 0.350178
vt 0.438680 0.990949
vt 0.969770 0.928391
vt 0.872027 0.993215
vt 0.778820 0.951053
vt 0.886460 0.967904
vt 0.827097 0.949577
vt 0.817623 0.992367
vt 0.836346 0.991152
vt 0.891944 0.926147
vt 0.964115 0.722139
vt 0.867895 0.744829
vt 0.870411 0.716377
vt 0.924893 0.744872
vt 0.933898 0.656546
vt 0.930149 0.656427
vt 0.978140 0.684743
vt 0.961030 0.776051
vt 0.874707 0.775353
vt 0.926836 0.667747
vt 0.923436 0.696710
vt 0.893497 0.862288
vt 0.917613 0.664066
vt 0.862555 0.885440
vt 0.933204 0.800318
vt 0.897568 0.753640
vt 0.896242 0.872015
vt 0.902109 0.759489
vt 0.956729 0.660190
vt 0.894231 0.625530
vt 0.898374 0.641552
vt 0.958177 0.860923
vt 0.934225 0.875136
vt 0.974503 0.815645
vt 0.974888 0.835376
vt 0.874952 0.811728
vt 0.931785 0.834285
vt 0.947337 0.844700
vt 0.974908 0.991283
vt 0.994972 0.915349
vt 0.982867 0.815828
vt 0.997101 0.881498
vt 0.996679 0.839493
vt 0.961122 0.876738
vt 0.975017 0.860923
vt 0.934225 0.835376
vt 0.874952 0.811728
vt 0.931785 0.844700
vt 0.974908 0.910915
vt 0.928565 0.805863
vt 0.967310 0.929281
vt 0.960868 0.990949
vt 0.969770 0.928391
vt 0.872027 0.993215
vt 0.778820 0.951053
vt 0.886460 0.967904
vt 0.827097 0.949577
vt 0.817623 0.992367
vt 0.836346 0.991152
vt 0.891944 0.722139
vt 0.867895 0.744829
vt 0.870411 0.716377
vt 0.924893 0.716540
vt 0.993615 0.744872
vt 0.933898 0.743316
vt 0.993379 0.656546
vt 0.930149 0.656427
vt 0.978140 0.684743
vt 0.961030 0.776051
vt 0.874707 0.775353
vt 0.926836 0.664066
vt 0.862555 0.667747
vt 0.923436 0.696710
vt 0.893497 0.885440
vt 0.933204 0.800318
vt 0.897568 0.876049
vt 0.913186 0.772045
vt 0.966104 0.660190
vt 0.894231 0.625530
vt 0.898374 0.641552
vt 0.958177 0.752060
vt 0.899451 0.860923
vt 0.934225 0.870779
vt 0.975645 0.810531
vt 0.974162 0.835376
vt 0.874952 0.811728
vt 0.931785 0.834285
vt 0.947337 0.844700
vt 0.974908 0.915349
vt 0.982867 0.991283
vt 0.994972 0.815828
vt 0.997101 0.881498
vt 0.996679 0.839493
vt 0.961122 0.876738
vt 0.975017 0.860923
vt 0.934225 0.835376
vt 0.874952 0.811728
vt 0.931785 0.844700
vt 0.974908 0.910915
vt 0.928565 0.805863
vt 0.967310 0.861806
vt 0.880226 0.611466
vt 0.970976 0.613147
vt 0.973095 0.839493
vt 0.961122 0.865904
vt 0.954189 0.821611
vt 0.881107 0.812908
vt 0.915207 0.810856
vt 0.962447 0.815828
vt 0.997101 0.881498
vt 0.996679 0.814866
vt 0.996838 0.880535
vt 0.996416 0.855070
vt 0.933362 0.821611
vt 0.881107 0.811776
vt 0.932331 0.773170
vt 0.992128 0.633462
vt 0.929518 0.633462
vt 0.929518 0.772802
vt 0.942967 0.772802
vt 0.942967 0.696091
vt 0.775959 0.696091
vt 0.768521 0.696091
vt 0.809569 0.696091
vt 0.846943 0.696091
vt 0.739986 0.675056
vt 0.691579 0.674248
vt 0.676709 0.669252
vt 0.667959 0.583094
vt 0.724949 0.679049
vt 0.758387 0.651399
vt 0.756410 0.668073
vt 0.778484 0.648096
vt 0.803837 0.644461
vt 0.811862 0.617031
vt 0.801565 0.638245
vt 0.844090 0.591027
vt 0.837977 0.599789
vt 0.762700 0.608179
vt 0.750931 0.592848
vt 0.797903 0.612251
vt 0.736806 0.603564
vt 0.695549 0.602525
vt 0.724868 0.620601
vt 0.704287 0.677902
vt 0.739120 0.636963
vt 0.746204 0.658078
vt 0.739222 0.678419
vt 0.713734 0.639126
vt 0.684204 0.642680
vt 0.692807 0.655727
vt 0.713705 0.671295
vt 0.713443 0.641151
vt 0.736951 0.623731
vt 0.766465 0.659184
vt 0.717373 0.594562
vt 0.689279 0.638523
vt 0.674233 0.693807
vt 0.708005 0.809088
vt 0.724949 0.713133
vt 0.758387 0.740783
vt 0.756410 0.724110
vt 0.778484 0.744087
vt 0.803837 0.747722
vt 0.811862 0.775151
vt 0.801565 0.753937
vt 0.844090 0.801155
vt 0.837977 0.792393
vt 0.762700 0.784004
vt 0.750931 0.799334
vt 0.797903 0.779932
vt 0.736806 0.788619
vt 0.695549 0.789657
vt 0.724868 0.771581
vt 0.704287 0.714280
vt 0.739120 0.755219
vt 0.746204 0.734104
vt 0.739222 0.713763
vt 0.713734 0.698376
vt 0.708005 0.753056
vt 0.684204 0.749502
vt 0.692807 0.736456
vt 0.713705 0.720888
vt 0.713443 0.748968
vt 0.736951 0.768451
vt 0.766465 0.730934
vt 0.717373 0.797620
vt 0.689279 0.753659
vt 0.674233 0.769615
vt 0.726007 0.769876
vt 0.713419 0.747750
vt 0.729768 0.748978
vt 0.700373 0.180847
vt 0.432496 0.140955
vt 0.456389 0.094488
vt 0.461553 0.213858
vt 0.392660 0.240718
vt 0.352173 0.371388
vt 0.259737 0.339889
vt 0.333826 0.071073
vt 0.426475 0.006987
vt 0.378951 0.383564
vt 0.515581 0.410570
vt 0.494498 0.351543
vt 0.524815 0.427642
vt 0.465411 0.319431
vt 0.520576 0.433862
vt 0.428251 0.293657
vt 0.507941 0.117198
vt 0.447786 0.316708
vt 0.328261 0.191574
vt 0.348775 0.230356
vt 0.324905 0.277986
vt 0.321033 0.159016
vt 0.390734 0.117198
vt 0.447786 0.586719
vt 0.945814 0.584092
vt 0.872840 0.578095
vt 0.995381 0.551564
vt 0.996969 0.550110
vt 0.942825 0.618464
vt 0.856587 0.903867
vt 0.918792 0.910967
vt 0.879858 0.809064
vt 0.972867 0.844700
vt 0.974908 0.773170
vt 0.992128 0.759197
vt 0.955900 0.772802
vt 0.942967 0.862328
vt 0.880276 0.743316
vt 0.993379 0.716540
vt 0.993615 0.586719
vt 0.945814 0.584092
vt 0.872840 0.578095
vt 0.995381 0.551564
vt 0.996969 0.550110
vt 0.942825 0.618464
vt 0.856587 0.903867
vt 0.918792 0.910967
vt 0.879858 0.773170
vt 0.992128 0.811118
vt 0.972314 0.844700
vt 0.974908 0.773170
vt 0.992128 0.772045
vt 0.966104 0.772802
vt 0.942967 0.535524
vt 0.996628 0.535524
vt 0.996628 0.696091
vt 0.775959 0.696091
vt 0.768521 0.696091
vt 0.809569 0.696091
vt 0.846943 0.696091
vt 0.739986 0.717934
vt 0.676709 0.717126
vt 0.691579 0.722930
vt 0.667959 1.000000
vt 0.137493 0.037328
vt 0.139645 0.066977
vt 0.139632 0.066654
vt 0.139647 0.107430
vt 0.137349 0.037346
vt 0.139637 0.136430
vt 0.126392 0.170885
vt 0.216773 0.199973
vt 0.201069 0.156044
vt 0.192073 0.182205
vt 0.175340 0.155573
vt 0.152098 0.156365
vt 0.191758 0.040771
vt 0.183246 0.135028
vt 0.220174 0.170856
vt 0.216736 0.219872
vt 0.243211 0.095197
vt 0.199629 0.040261
vt 0.183274 0.034914
vt 0.239869 0.134603
vt 0.220061 0.094997
vt 0.199345 0.211871
vt 0.195173 0.216291
vt 0.179048 0.240196
vt 0.179981 0.244946
vt 0.196723 0.212551
vt 0.209203 0.244757
vt 0.209244 0.209683
vt 0.231728 0.215649
vt 0.227243 0.074019
vt 0.240235 0.127368
vt 0.171062 0.127064
vt 0.171241 0.239452
vt 0.167005 0.247194
vt 0.170215 0.246037
vt 0.163321 0.233678
vt 0.171338 0.238310
vt 0.175812 0.215150
vt 0.223051 0.074108
vt 0.221269 0.234493
vt 0.158569 0.241226
vt 0.158913 0.231398
vt 0.164660 0.003775
vt 0.239507 0.002831
vt 0.182294 0.006899
vt 0.139641 0.244120
vt 0.175220 0.105155
vt 0.088462 0.146125
vt 0.096238 0.105155
vt 0.088462 0.068903
vt 0.089552 0.039328
vt 0.090114 0.004482
vt 0.095440 0.039328
vt 0.090114 0.068903
vt 0.089552 0.142760
vt 0.054356 0.102358
vt 0.052001 0.069251
vt 0.052675 0.102358
vt 0.052001 0.069251
vt 0.052675 0.039537
vt 0.054883 0.006678
vt 0.055814 0.039537
vt 0.054883 0.278907
vt 0.962095 0.278150
vt 0.995405 0.278907
vt 0.962095 0.279665
vt 0.928784 0.527975
vt 0.975838 0.528562
vt 0.995845 0.527975
vt 0.975838 0.527379
vt 0.956156 0.178034
vt 0.245428 0.134801
vt 0.246910 0.105165
vt 0.240235 0.134589
vt 0.246910 0.104654
vt 0.240248 0.178311
vt 0.245428 0.227890
vt 0.172017 0.240316
vt 0.242523 0.243327
vt 0.226152 0.034828
vt 0.239878 0.230580
vt 0.246306 0.243145
vt 0.221946 0.074124
vt 0.221281 0.074325
vt 0.239963 0.071194
vt 0.005051 0.041625
vt 0.006344 0.103700
vt 0.002875 0.142639
vt 0.004037 0.041625
vt 0.006344 0.010376
vt 0.007358 0.103700
vt 0.002875 0.135264
vt 0.119225 0.101758
vt 0.115606 0.101758
vt 0.115606 0.068780
vt 0.113566 0.041954
vt 0.111990 0.012478
vt 0.117322 0.041954
vt 0.111990 0.068780
vt 0.113566 0.071194
vt 0.005051 1.000000
vt 0.481327 0.540803
vt 0.463404 0.681353
vt 0.495781 0.840094
vt 0.491623 0.519554
vt 0.409818 0.538903
vt 0.422895 0.615561
vt 0.438884 0.934944
vt 0.404389 0.961331
vt 0.409306 0.961213
vt 0.397114 0.556768
vt 0.433574 0.679182
vt 0.472986 0.636859
vt 0.481327 0.681353
vt 0.495781 0.679182
vt 0.472986 431602081.000000
vt -431602080.000000 0.934944
vt 0.404389 0.961331
vt 0.409306 0.961213
vt 0.397114 0.727121
vt 0.441187 0.738658
vt 0.438622 0.739570
vt 0.462227 0.960708
vt 0.366825 0.704872
vt 0.282169 0.717920
vt 0.364140 0.712778
vt 0.407033 0.731316
vt 0.408585 0.735452
vt 0.301012 0.734577
vt 0.275085 0.845252
vt 0.350879 0.855406
vt 0.311004 0.865811
vt 0.285867 0.888886
vt 0.295846 0.813291
vt 0.431030 0.790837
vt 0.443630 0.737785
vt 0.409687 0.799020
vt 0.414720 0.787158
vt 0.340568 0.817679
vt 0.392539 0.755945
vt 0.337709 0.761860
vt 0.299807 0.820614
vt 0.308358 0.762190
vt 0.273317 0.790810
vt 0.271544 0.826607
vt 0.279289 0.792911
vt 0.380971 0.755263
vt 0.374414 0.696443
vt 0.255020 0.875172
vt 0.257097 0.903462
vt 0.266434 0.791325
vt 0.238354 0.832886
vt 0.247484 0.207191
vt 0.156392 0.315136
vt 0.131549 0.412946
vt 0.147198 0.362762
vt 0.135187 0.836717
vt 0.436735 0.800710
vt 0.453143 0.639872
vt 0.306593 0.645694
vt 0.200171 0.644490
vt 0.241645 0.725390
vt 0.463314 0.819340
vt 0.349816 0.299385
vt 0.001436 0.971916
vt 0.086557 0.690613
vt 0.400062 0.699127
vt 0.356847 0.710430
vt 0.448357 0.823666
vt 0.470433 0.708287
vt 0.303451 0.959157
vt 0.338986 0.990045
vt 0.311051 0.961343
vt 0.310612 0.991369
vt 0.253196 0.962693
vt 0.253275 0.925401
vt 0.375014 0.917694
vt 0.317012 0.924579
vt 0.252750 0.601242
vt 0.425996 0.605240
vt 0.238252 0.603681
vt 0.348624 0.605452
vt 0.273988 0.519798
vt 0.389401 0.528455
vt 0.365330 0.531557
vt 0.238074 0.531513
vt 0.338381 0.532781
vt 0.270230 0.604434
vt 0.308227 0.533327
vt 0.301028 0.579970
vt 0.428418 0.595890
vt 0.349411 0.583523
vt 0.387647 0.598068
vt 0.388473 0.596747
vt 0.308757 0.594904
vt 0.273878 0.592958
vt 0.236257 0.567356
vt 0.233739 0.567674
vt 0.270408 0.568012
vt 0.303406 0.568074
vt 0.345626 0.564731
vt 0.380942 0.546237
vt 0.418536 0.605997
vt 0.331689 0.597904
vt 0.330986 0.567045
vt 0.324124 0.917284
vt 0.338916 0.731737
vt 0.334538 0.789794
vt 0.300905 0.729706
vt 0.245426 0.759169
vt 0.242254 0.640434
vt 0.351766 0.644282
vt 0.384014 0.639962
vt 0.275801 0.640722
vt 0.328490 0.711844
vt 0.468352 0.231402
vt 0.016356 0.260531
vt 0.139476 0.186982
vt 0.095797 0.476430
vt 0.091121 0.424966
vt 0.077636 0.365497
vt 0.065433 0.306166
vt 0.062259 0.245006
vt 0.074513 0.838740
vt 0.394784 0.868224
vt 0.394826 0.727121
vt 0.441187 0.738658
vt 0.438622 0.739570
vt 0.462227 0.989773
vt 0.395106 0.988902
vt 0.365987 0.960708
vt 0.366825 0.704872
vt 0.282169 0.717920
vt 0.364140 0.731316
vt 0.408585 0.735452
vt 0.301012 0.734577
vt 0.275085 0.845252
vt 0.350879 0.855406
vt 0.311004 0.877135
vt 0.318504 0.865806
vt 0.285892 0.813291
vt 0.431030 0.790837
vt 0.443630 0.817633
vt 0.392333 0.737785
vt 0.409687 0.799020
vt 0.414720 0.755263
vt 0.374414 0.787158
vt 0.340568 0.755945
vt 0.337709 0.761860
vt 0.299807 0.820614
vt 0.308358 0.762190
vt 0.273317 0.790810
vt 0.271544 0.826672
vt 0.278839 0.868171
vt 0.352879 0.792911
vt 0.380971 0.696443
vt 0.255020 0.875172
vt 0.257097 0.791325
vt 0.238354 0.832886
vt 0.247484 0.837235
vt 0.191873 0.836717
vt 0.436735 0.800710
vt 0.453143 0.639872
vt 0.306593 0.645694
vt 0.200171 0.644490
vt 0.241645 0.725390
vt 0.463314 0.992040
vt 0.404316 0.819479
vt 0.348930 0.690613
vt 0.400062 0.699127
vt 0.356847 0.708287
vt 0.303451 0.989026
vt 0.338036 0.959157
vt 0.338986 0.961343
vt 0.310612 0.962693
vt 0.253275 0.925401
vt 0.375014 0.917694
vt 0.317012 0.924579
vt 0.252750 0.601242
vt 0.425996 0.605240
vt 0.238252 0.603681
vt 0.348624 0.605452
vt 0.273988 0.519798
vt 0.389401 0.528455
vt 0.365330 0.531557
vt 0.238074 0.531513
vt 0.338381 0.532781
vt 0.270230 0.604434
vt 0.308227 0.533327
vt 0.301028 0.610689
vt 0.387281 0.579970
vt 0.428418 0.595890
vt 0.349411 0.583523
vt 0.387647 0.598068
vt 0.388473 0.596747
vt 0.308757 0.594904
vt 0.273878 0.592958
vt 0.236257 0.567356
vt 0.233739 0.567674
vt 0.270408 0.568012
vt 0.303406 0.568074
vt 0.345626 0.564731
vt 0.380942 0.546237
vt 0.418536 0.605997
vt 0.331689 0.597904
vt 0.330986 0.567045
vt 0.324124 0.917284
vt 0.338916 0.731737
vt 0.334538 0.789794
vt 0.300905 0.729706
vt 0.245426 0.759169
vt 0.242254 0.640434
vt 0.351766 0.644282
vt 0.384014 0.639962
vt 0.275801 0.640722
vt 0.328490 0.711844
vt 0.468352 0.838740
vt 0.394784 0.614594
vt 0.006605 0.683529
vt 0.006524 0.750809
vt 0.006411 0.955742
vt 0.006391 0.942571
vt 0.006228 0.882538
vt 0.006220 0.659283
vt 0.006532 0.558413
vt 0.051015 0.683158
vt 0.051000 0.751799
vt 0.050992 0.956070
vt 0.050986 0.942573
vt 0.050656 0.881598
vt 0.050650 0.843393
vt 0.051000 0.658370
vt 0.051005 0.987656
vt 0.006461 0.987815
vt 0.050992 0.558290
vt 0.006601 0.614597
vt 0.051015 0.886053
vt 0.006374 0.886933
vt 0.050984 0.818431
vt 0.006392 0.819474
vt 0.050988 0.503981
vt 0.109869 0.550306
vt 0.010792 0.503987
vt 0.010693 0.823188
vt 0.006213 0.822681
vt 0.050624 0.786199
vt 0.006454 0.786143
vt 0.051000 0.694116
vt 0.006493 0.693632
vt 0.051002 0.654690
vt 0.167300 0.654679
vt 0.141528 0.654684
vt 0.195562 0.614712
vt 0.167445 0.614697
vt 0.141706 0.614704
vt 0.195286 0.462422
vt 0.254084 0.479989
vt 0.301529 0.478426
vt 0.504611 0.490535
vt 0.346532 0.491228
vt 0.454997 0.496958
vt 0.407160 0.422839
vt 0.272438 0.437385
vt 0.313763 0.437777
vt 0.492092 0.446325
vt 0.352449 0.447245
vt 0.448210 0.452020
vt 0.407025 0.437362
vt 0.313943 0.462422
vt 0.254084 0.479989
vt 0.301529 0.478426
vt 0.504611 0.490535
vt 0.346532 0.491228
vt 0.454997 0.496958
vt 0.407160 0.422839
vt 0.272438 0.437385
vt 0.313763 0.437777
vt 0.492092 0.446325
vt 0.352449 0.447245
vt 0.448210 0.452020
vt 0.407025 0.437362
vt 0.313943 0.996949
vt 0.438107 0.689502
vt 0.477734 0.687466
vt 0.458298 0.996720
vt 0.133818 0.996074
vt 0.143117 0.593702
vt 0.470269 0.909490
vt 0.069745 0.661455
vt 0.152483 0.899439
vt 0.134322 0.839970
vt 0.122119 0.780639
vt 0.118945 0.719479
vt 0.131199 0.681664
vt 0.213078 0.789610
vt 0.188235 0.451010
vt 0.158327 0.887419
vt 0.203883 0.735005
vt 0.196161 0.171005
vt 0.047985 0.190139
vt 0.037965 0.218035
vt 0.043156 0.329422
vt 0.001715 0.366856
vt 0.012638 0.399112
vt 0.032028 0.467603
vt 0.022107 0.853756
vt 0.060720 0.764050
vt 0.073076 0.743095
vt 0.113603 0.653282
vt 0.128995 0.550304
vt 0.109967 0.501506
vt 0.427671 0.680672
vt 0.441156 0.538903
vt 0.422895 0.815654
vt 0.074172 0.676557
vt 0.128752 0.712973
vt 0.097192 0.691318
vt 0.096036 0.543900
vt 0.927725 0.451025
vt 0.881167 0.515969
vt 0.887878 0.544057
vt 0.889121 0.577922
vt 0.886301 0.488493
vt 0.884688 0.542346
vt 0.841102 0.382089
vt 0.821046 0.416793
vt 0.818310 0.488979
vt 0.838903 0.453465
vt 0.817214 0.381317
vt 0.884628 0.415690
vt 0.882599 0.515529
vt 0.827122 0.543052
vt 0.827466 0.489528
vt 0.825217 0.515630
vt 0.810405 0.486448
vt 0.810285 0.544038
vt 0.814695 0.426588
vt 0.734181 0.374065
vt 0.737558 0.586379
vt 0.754531 0.394818
vt 0.924264 0.515499
vt 0.842734 0.452992
vt 0.829697 0.416025
vt 0.828196 0.381660
vt 0.829897 0.350718
vt 0.830602 0.489238
vt 0.937167 0.448594
vt 0.937615 0.500223
vt 0.749655 0.422030
vt 0.761816 0.455811
vt 0.780598 0.382823
vt 0.785229 0.486127
vt 0.766477 0.517580
vt 0.780658 0.575981
vt 0.922602 0.349877
vt 0.818945 0.351846
vt 0.788586 0.448594
vt 0.719743 0.543900
vt 0.709853 0.451025
vt 0.663295 0.515969
vt 0.670006 0.544057
vt 0.671249 0.577922
vt 0.668429 0.394818
vt 0.706392 0.488493
vt 0.666816 0.542346
vt 0.623230 0.382089
vt 0.603174 0.416793
vt 0.600438 0.488979
vt 0.621031 0.453465
vt 0.599342 0.381317
vt 0.666756 0.415690
vt 0.664727 0.515529
vt 0.609250 0.543052
vt 0.609594 0.489528
vt 0.607345 0.515630
vt 0.592533 0.486448
vt 0.592413 0.544038
vt 0.596823 0.515499
vt 0.624862 0.452992
vt 0.611825 0.416025
vt 0.610324 0.381660
vt 0.612025 0.489238
vt 0.719295 0.416294
vt 0.561874 0.382823
vt 0.567357 0.348292
vt 0.571218 0.490922
vt 0.561268 0.543650
vt 0.567505 0.575981
vt 0.704730 0.349877
vt 0.601073 0.350718
vt 0.612730 0.534971
vt 0.746310 0.550877
vt 0.761356 0.570589
vt 0.746446 0.471468
vt 0.745250 0.446028
vt 0.723159 0.424546
vt 0.745551 0.540803
vt 0.463404 0.556768
vt 0.433574 0.615561
vt 0.438884 0.869971
vt 0.487225 0.593702
vt 0.470269 0.687466
vt 0.458298 0.840094
vt 0.491623 0.689502
vt 0.477734 0.853912
vt 0.490039 0.680672
vt 0.441156 0.823666
vt 0.470433 0.712778
vt 0.407033 0.869142
vt 0.435994 0.710430
vt 0.448357 0.869971
vt 0.487225 0.585455
vt 0.439913 0.843450
vt 0.006455 0.501506
vt 0.427671 0.981551
vt 0.190563 0.853912
vt 0.490039 0.585455
vt 0.439913 0.538903
vt 0.422895 0.981551
vt 0.190563 0.308581
vt 0.622680 0.331015
vt 0.603679 0.321046
vt 0.621353 0.316732
vt 0.614042 0.324448
vt 0.605863 0.331015
vt 0.620292 0.309985
vt 0.647469 0.320755
vt 0.650732 0.316732
vt 0.614042 0.331015
vt 0.653458 0.308581
vt 0.622680 0.309985
vt 0.647469 0.316732
vt 0.614042 0.320755
vt 0.650732 0.316732
vt 0.614042 0.324448
vt 0.605863 0.321046
vt 0.621353 0.309985
vt 0.647469 0.308581
vt 0.622680 0.320755
vt 0.650732 0.309985
vt 0.647469 0.299915
vt 0.616480 0.308581
vt 0.622680 0.331015
vt 0.653458 0.299915
vt 0.616480 0.331015
vt 0.641606 0.580710
vt 0.502190 0.586063
vt 0.517072 0.580772
vt 0.536967 0.658778
vt 0.503158 0.625349
vt 0.519985 0.622381
vt 0.536841 0.663155
vt 0.517306 0.659301
vt 0.532977 0.619145
vt 0.503912 0.586063
vt 0.517072 0.625349
vt 0.519985 0.663155
vt 0.517306 0.721229
vt 0.501269 0.724097
vt 0.517206 0.672532
vt 0.518372 0.664984
vt 0.533290 0.753111
vt 0.515872 0.748240
vt 0.501645 0.782599
vt 0.510963 0.665055
vt 0.502222 0.724097
vt 0.517206 0.672532
vt 0.518372 0.753111
vt 0.515872 0.584377
vt 0.599726 0.631784
vt 0.598855 0.673609
vt 0.595515 0.708849
vt 0.592238 0.738939
vt 0.554896 0.585756
vt 0.580640 0.631683
vt 0.577086 0.668350
vt 0.575383 0.707299
vt 0.572940 0.594999
vt 0.565015 0.626633
vt 0.561486 0.669249
vt 0.557498 0.711174
vt 0.556001 0.583003
vt 0.600871 0.632456
vt 0.600294 0.674183
vt 0.597154 0.709930
vt 0.594551 0.742107
vt 0.553566 0.584367
vt 0.580815 0.632209
vt 0.576409 0.668825
vt 0.575093 0.708186
vt 0.572674 0.593777
vt 0.564763 0.627517
vt 0.561226 0.670040
vt 0.557614 0.711743
vt 0.556161 0.583951
vt 0.600323 0.633667
vt 0.599457 0.675316
vt 0.596242 0.710537
vt 0.592924 0.740504
vt 0.554303 0.585018
vt 0.580454 0.633048
vt 0.576490 0.669878
vt 0.575156 0.708952
vt 0.571983 0.594452
vt 0.564695 0.628557
vt 0.560727 0.671024
vt 0.558273 0.712781
vt 0.556280 0.657373
vt 0.635144 0.709807
vt 0.624921 0.737203
vt 0.599883 0.659079
vt 0.625018 0.709451
vt 0.617167 0.659703
vt 0.614510 0.709165
vt 0.608461 0.657373
vt 0.635144 0.709807
vt 0.624921 0.737203
vt 0.599883 0.659079
vt 0.625018 0.709451
vt 0.617167 0.659703
vt 0.614510 0.709165
vt 0.608461 0.583951
vt 0.600323 0.633667
vt 0.599457 0.675316
vt 0.596242 0.710537
vt 0.592924 0.740504
vt 0.554303 0.585018
vt 0.580454 0.633048
vt 0.576490 0.669878
vt 0.575156 0.708952
vt 0.571983 0.594452
vt 0.564695 0.628557
vt 0.560727 0.671024
vt 0.558273 0.712781
vt 0.556280 0.583003
vt 0.600871 0.632456
vt 0.600294 0.674183
vt 0.597154 0.709930
vt 0.594551 0.742107
vt 0.553566 0.584367
vt 0.580815 0.632209
vt 0.576409 0.668825
vt 0.575093 0.708186
vt 0.572674 0.593777
vt 0.564763 0.627517
vt 0.561226 0.670040
vt 0.557614 0.711743
vt 0.556161 0.584377
vt 0.599726 0.631784
vt 0.598855 0.673609
vt 0.595515 0.708849
vt 0.592238 0.738939
vt 0.554896 0.585756
vt 0.580640 0.631683
vt 0.577086 0.668350
vt 0.575383 0.707299
vt 0.572940 0.594999
vt 0.565015 0.626633
vt 0.561486 0.669249
vt 0.557498 0.711174
vt 0.556001 0.620946
vt 0.633279 0.621339
vt 0.626924 0.620093
vt 0.638342 0.623691
vt 0.617009 0.621339
vt 0.626924 0.620946
vt 0.633279 0.620093
vt 0.638342 0.623691
vt 0.617009 0.960785
vt 0.409795 0.960266
vt 0.397531 0.707386
vt 0.327998 0.780307
vt 0.463568 0.887419
vt 0.203883 0.564557
vt 0.121717 0.614676
vt 0.120002 0.560657
vt 0.089561 0.837235
vt 0.191873 0.925484
vt 0.215012 0.555427
vt 0.163278 0.611038
vt 0.167628 0.684008
vt 0.352956 0.683666
vt 0.326835 0.678494
vt 0.300414 0.681349
vt 0.387138 0.659217
vt 0.242295 0.664118
vt 0.198188 0.678050
vt 0.269140 0.645203
vt 0.418996 0.672098
vt 0.419992 0.796600
vt 0.472255 0.840094
vt 0.491623 0.804609
vt 0.478740 0.820847
vt 0.496955 0.823666
vt 0.470433 0.932124
vt 0.241812 0.976570
vt 0.156903 0.853912
vt 0.490039 0.980021
vt 0.498720 0.970710
vt 0.446170 0.992018
vt 0.070473 0.931609
vt 0.404385 0.609737
vt 0.198112 0.527420
vt 0.207898 0.569569
vt 0.187746 0.599139
vt 0.197389 0.606750
vt 0.065397 0.557486
vt 0.060098 0.735005
vt 0.196161 0.681664
vt 0.213078 0.992040
vt 0.404316 0.960785
vt 0.409795 0.996949
vt 0.438107 0.989773
vt 0.395106 0.960266
vt 0.397531 0.988902
vt 0.365987 0.707386
vt 0.327998 0.888886
vt 0.295846 0.877135
vt 0.318504 0.780307
vt 0.463568 0.868171
vt 0.352879 0.903462
vt 0.266434 0.925484
vt 0.215012 0.868224
vt 0.394826 0.869142
vt 0.435994 0.684008
vt 0.352956 0.683666
vt 0.326835 0.678494
vt 0.300414 0.681349
vt 0.387138 0.659217
vt 0.242295 0.664118
vt 0.198188 0.678050
vt 0.269140 0.645203
vt 0.418996 0.672098
vt 0.419992 0.796600
vt 0.472255 0.980021
vt 0.498720 0.970710
vt 0.446170 0.992018
vt 0.070473 0.976570
vt 0.156903 0.804609
vt 0.478740 0.989026
vt 0.338036 0.990045
vt 0.311051 0.991369
vt 0.253196 0.931609
vt 0.404385 0.609737
vt 0.198112 0.569569
vt 0.187746 0.527420
vt 0.207898 0.599139
vt 0.197389 0.987160
vt 0.050696 0.986461
vt 0.006237 0.557812
vt 0.006601 0.557688
vt 0.051015 0.550276
vt 0.185694 0.503871
vt 0.185030 0.550304
vt 0.109967 0.459892
vt 0.552523 0.420228
vt 0.534437 0.437639
vt 0.491812 0.452193
vt 0.406923 0.459892
vt 0.552523 0.420228
vt 0.534437 0.437639
vt 0.491812 0.452193
vt 0.406923 0.681664
vt 0.213078 0.735005
vt 0.196161 0.925484
vt 0.215012 0.887419
vt 0.203883 0.950903
vt 0.147807 0.837235
vt 0.191873 0.789610
vt 0.188235 0.497443
vt 0.029871 0.503981
vt 0.109869 0.580096
vt 0.792006 0.574972
vt 0.821546 0.575871
vt 0.833479 0.339557
vt 0.918869 0.344672
vt 0.882776 0.576422
vt 0.574091 0.574972
vt 0.603674 0.575871
vt 0.615607 0.339557
vt 0.700997 0.344672
vt 0.664904 0.345518
vt 0.750418 0.569282
vt 0.754111 0.517597
vt 0.747982 0.823666
vt 0.470433 0.636859
vt 0.481327 0.501506
vt 0.427671 0.519554
vt 0.409818 0.679182
vt 0.472986 0.690613
vt 0.400062 0.712778
vt 0.407033 0.710430
vt 0.448357 0.711844
vt 0.468352 0.840094
vt 0.491623 0.820847
vt 0.496955 0.804609
vt 0.478740 0.823666
vt 0.470433 0.932124
vt 0.241812 0.981551
vt 0.190563 0.976570
vt 0.156903 0.869142
vt 0.435994 0.853912
vt 0.490039 0.836717
vt 0.436735 0.622381
vt 0.536841 0.580772
vt 0.536967 0.619145
vt 0.503912 0.580710
vt 0.502190 0.659301
vt 0.532977 0.658778
vt 0.503158 0.721229
vt 0.501269 0.748240
vt 0.501645 0.782599
vt 0.510963 0.665055
vt 0.502222 0.664984
vt 0.533290 0.589650
vt 0.547989 0.631058
vt 0.546857 0.670705
vt 0.543203 0.705247
vt 0.542953 0.588757
vt 0.546529 0.632481
vt 0.544990 0.671913
vt 0.541264 0.705067
vt 0.540813 0.589576
vt 0.547508 0.633320
vt 0.545780 0.672546
vt 0.542227 0.706372
vt 0.542198 0.621427
vt 0.607138 0.658241
vt 0.605067 0.707416
vt 0.602729 0.658241
vt 0.605067 0.707416
vt 0.602729 0.589576
vt 0.547508 0.633320
vt 0.545780 0.672546
vt 0.542227 0.706372
vt 0.542198 0.588757
vt 0.546529 0.632481
vt 0.544990 0.671913
vt 0.541264 0.705067
vt 0.540813 0.589650
vt 0.547989 0.631058
vt 0.546857 0.670705
vt 0.543203 0.705247
vt 0.542953 0.621427
vt 0.607138 1.000000
vt 0.589333 0.300975
vt 0.564898 0.005462
vt 0.589333 0.005462
vt 0.564898 0.300975
vt 0.564898 0.300975
vt 0.540496 0.005462
vt 0.564898 0.005462
vt 0.540496 0.323084
vt 0.564912 0.302071
vt 0.564912 0.323084
vt 0.585925 0.344097
vt 0.564912 0.323084
vt 0.543899 0.323084
vt 0.564912 0.080471
vt 0.640588 0.041263
vt 0.668916 0.002205
vt 0.640381 0.017274
vt 0.594417 0.065646
vt 0.594544 0.068355
vt 0.636615 0.041297
vt 0.656165 0.014343
vt 0.636472 0.024742
vt 0.604752 0.058123
vt 0.604841 0.017274
vt 0.594417 0.002205
vt 0.640381 0.041263
vt 0.668916 0.080471
vt 0.640588 0.065646
vt 0.594544 0.024742
vt 0.604752 0.014343
vt 0.636472 0.041297
vt 0.656165 0.068355
vt 0.636615 0.058123
vt 0.604841 0.098035
vt 0.961260 0.203432
vt 0.690276 0.075669
vt 0.961260 0.203432
vt 0.690276 0.261054
vt 0.642294 0.261811
vt 0.709393 0.217494
vt 0.836619 0.261054
vt 0.642294 0.319931
vt 0.707638 0.269999
vt 0.903342 0.220979
vt 0.903342 0.075669
vt 0.849078 0.094948
vt 0.775322 0.266246
vt 0.944825 0.224733
vt 0.944825 0.320433
vt 0.844503 0.280466
vt 0.804536 0.280466
vt 0.844503 0.245489
vt 0.979610 0.312494
vt 0.721592 0.312494
vt 0.721592 0.078755
vt 0.775322 0.298934
vt 0.744861 0.298934
vt 0.744861 0.144451
vt 0.623925 0.144451
vt 0.623925 0.145276
vt 0.690932 0.145276
vt 0.690932 0.173416
vt 0.607472 0.173416
vt 0.607472 0.086586
vt 0.644264 0.087344
vt 0.711363 0.273485
vt 0.836619 0.086586
vt 0.644264 0.029197
vt 0.710771 0.220979
vt 0.903342 0.269999
vt 0.903342 0.075669
vt 0.849078 0.094948
vt 0.775322 0.224733
vt 0.944825 0.266246
vt 0.944825 0.320433
vt 0.804536 0.245489
vt 0.979610 0.036950
vt 0.724703 0.036950
vt 0.724703 0.078755
vt 0.775322 0.051032
vt 0.747660 0.051032
vt 0.747660 0.063016
vt 0.991387 0.004539
vt 0.991386 0.063016
vt 0.909043 0.004540
vt 0.909043 0.047903
vt 0.976232 0.019653
vt 0.976232 0.047903
vt 0.924197 0.019653
vt 0.924197 0.063016
vt 0.991387 0.004539
vt 0.991386 0.063016
vt 0.909043 0.004540
vt 0.909043 0.047903
vt 0.976232 0.019653
vt 0.976232 0.047903
vt 0.924197 0.019653
vt 0.924197 0.004540
vt 0.991387 0.063016
vt 0.991386 0.004539
vt 0.909043 0.063016
vt 0.909043 0.019653
vt 0.976232 0.047903
vt 0.976232 0.019653
vt 0.924197 0.047903
vt 0.924197 0.004540
vt 0.909043 0.063016
vt 0.909043 0.004539
vt 0.991387 0.063016
vt 0.991387 0.019653
vt 0.924197 0.047903
vt 0.924198 0.019653
vt 0.976232 0.047903
vt 0.976232 0.063016
vt 0.909043 0.004539
vt 0.909043 0.063016
vt 0.991387 0.004540
vt 0.991387 0.047903
vt 0.924197 0.019653
vt 0.924198 0.047903
vt 0.976232 0.019653
vt 0.976232 0.063016
vt 0.909043 0.004539
vt 0.909043 0.063016
vt 0.991387 0.004540
vt 0.991387 0.047903
vt 0.924197 0.019653
vt 0.924198 0.047903
vt 0.976232 0.019653
vt 0.976232 0.004540
vt 0.991387 0.063016
vt 0.991386 0.004539
vt 0.909043 0.063016
vt 0.909043 0.019653
vt 0.976232 0.047903
vt 0.976232 0.019653
vt 0.924197 0.047903
vt 0.924197 0.004540
vt 0.909043 0.063016
vt 0.909043 0.004539
vt 0.991387 0.063016
vt 0.991387 0.019653
vt 0.924197 0.047903
vt 0.924198 0.019653
vt 0.976232 0.047903
vt 0.976232 0.063016
vt 0.991387 0.004539
vt 0.991386 0.063016
vt 0.909043 0.004540
vt 0.909043 0.047903
vt 0.976232 0.019653
vt 0.976232 0.047903
vt 0.924197 0.019653
vt 0.924197 0.063016
vt 0.909043 0.004539
vt 0.909043 0.063016
vt 0.991387 0.004540
vt 0.991387 0.047903
vt 0.924197 0.019653
vt 0.924198 0.047903
vt 0.976232 0.019653
vt 0.976232 0.004540
vt 0.991387 0.063016
vt 0.991386 0.004539
vt 0.909043 0.063016
vt 0.909043 0.019653
vt 0.976232 0.047903
vt 0.976232 0.019653
vt 0.924197 0.047903
vt 0.924197 0.063016
vt 0.991387 0.004539
vt 0.991386 0.063016
vt 0.909043 0.004540
vt 0.909043 0.047903
vt 0.976232 0.019653
vt 0.976232 0.047903
vt 0.924197 0.019653
vt 0.924197 0.004540
vt 0.991387 0.063016
vt 0.991386 0.004539
vt 0.909043 0.063016
vt 0.909043 0.019653
vt 0.976232 0.047903
vt 0.976232 0.019653
vt 0.924197 0.047903
vt 0.924197 0.004540
vt 0.909043 0.063016
vt 0.909043 0.004539
vt 0.991387 0.063016
vt 0.991387 0.019653
vt 0.924197 0.047903
vt 0.924198 0.019653
vt 0.976232 0.047903
vt 0.976232 0.063016
vt 0.909043 0.004539
vt 0.909043 0.063016
vt 0.991387 0.004540
vt 0.991387 0.047903
vt 0.924197 0.019653
vt 0.924198 0.047903
vt 0.976232 0.019653
vt 0.976232 0.063016
vt 0.909043 0.004539
vt 0.909043 0.063016
vt 0.991387 0.004540
vt 0.991387 0.047903
vt 0.924197 0.019653
vt 0.924198 0.047903
vt 0.976232 0.019653
vt 0.976232 0.004540
vt 0.991387 0.063016
vt 0.991386 0.004539
vt 0.909043 0.063016
vt 0.909043 0.019653
vt 0.976232 0.047903
vt 0.976232 0.019653
vt 0.924197 0.047903
vt 0.924197 0.004540
vt 0.909043 0.063016
vt 0.909043 0.004539
vt 0.991387 0.063016
vt 0.991387 0.019653
vt 0.924197 0.047903
vt 0.924198 0.019653
vt 0.976232 0.047903
vt 0.976232 0.063016
vt 0.991387 0.004539
vt 0.991386 0.063016
vt 0.909043 0.004540
vt 0.909043 0.047903
vt 0.976232 0.019653
vt 0.976232 0.047903
vt 0.924197 0.019653
vt 0.924197 0.063016
vt 0.909043 0.004539
vt 0.909043 0.063016
vt 0.991387 0.004540
vt 0.991387 0.047903
vt 0.924197 0.019653
vt 0.924198 0.047903
vt 0.976232 0.019653
vt 0.976232 0.004540
vt 0.991387 0.063016
vt 0.991386 0.004539
vt 0.909043 0.063016
vt 0.909043 0.019653
vt 0.976232 0.047903
vt 0.976232 0.019653
vt 0.924197 0.047903
vt 0.924197 0.004540
vt 0.991387 0.063016
vt 0.991386 0.047903
vt 0.976232 0.019653
vt 0.976232 0.063016
vt 0.909043 0.047903
vt 0.924197 0.004539
vt 0.909043 0.019653
vt 0.924197 0.063016
vt 0.909043 0.004539
vt 0.909043 0.019653
vt 0.924198 0.047903
vt 0.924197 0.004540
vt 0.991387 0.019653
vt 0.976232 0.063016
vt 0.991387 0.047903
vt 0.976232 0.063016
vt 0.909043 0.004539
vt 0.909043 0.019653
vt 0.924198 0.047903
vt 0.924197 0.004540
vt 0.991387 0.019653
vt 0.976232 0.063016
vt 0.991387 0.047903
vt 0.976232 0.004540
vt 0.991387 0.063016
vt 0.991386 0.047903
vt 0.976232 0.019653
vt 0.976232 0.063016
vt 0.909043 0.047903
vt 0.924197 0.004539
vt 0.909043 0.019653
vt 0.924197 0.004540
vt 0.909043 0.063016
vt 0.909043 0.047903
vt 0.924198 0.019653
vt 0.924197 0.063016
vt 0.991387 0.047903
vt 0.976232 0.004539
vt 0.991387 0.019653
vt 0.976232 0.063016
vt 0.991387 0.004539
vt 0.991386 0.019653
vt 0.976232 0.047903
vt 0.976232 0.004540
vt 0.909043 0.019653
vt 0.924197 0.063016
vt 0.909043 0.047903
vt 0.924197 0.063016
vt 0.909043 0.004539
vt 0.909043 0.019653
vt 0.924198 0.047903
vt 0.924197 0.004540
vt 0.991387 0.019653
vt 0.976232 0.063016
vt 0.991387 0.047903
vt 0.976232 0.004540
vt 0.991387 0.063016
vt 0.991386 0.047903
vt 0.976232 0.019653
vt 0.976232 0.063016
vt 0.909043 0.047903
vt 0.924197 0.004539
vt 0.909043 0.019653
vt 0.924197 0.063016
vt 0.909043 0.004539
vt 0.909043 0.019653
vt 0.924198 0.047903
vt 0.924197 0.004540
vt 0.991387 0.019653
vt 0.976232 0.063016
vt 0.991387 0.047903
vt 0.976232 0.004540
vt 0.991387 0.063016
vt 0.991386 0.047903
vt 0.976232 0.019653
vt 0.976232 0.063016
vt 0.909043 0.047903
vt 0.924197 0.004539
vt 0.909043 0.019653
vt 0.924197 0.004540
vt 0.909043 0.063016
vt 0.909043 0.047903
vt 0.924198 0.019653
vt 0.924197 0.063016
vt 0.991387 0.047903
vt 0.976232 0.004539
vt 0.991387 0.019653
vt 0.976232 0.063016
vt 0.991387 0.004539
vt 0.991386 0.019653
vt 0.976232 0.047903
vt 0.976232 0.004540
vt 0.909043 0.019653
vt 0.924197 0.063016
vt 0.909043 0.047903
vt 0.924197 0.063016
vt 0.909043 0.004539
vt 0.909043 0.019653
vt 0.924198 0.047903
vt 0.924197 0.004540
vt 0.991387 0.019653
vt 0.976232 0.063016
vt 0.991387 0.047903
vt 0.976232 0.004540
vt 0.991387 0.063016
vt 0.991386 0.047903
vt 0.976232 0.019653
vt 0.976232 0.063016
vt 0.909043 0.047903
vt 0.924197 0.004539
vt 0.909043 0.019653
vt 0.924197 0.075669
vt 0.995079 0.098035
vt 0.995079 0.202743
vt 0.623117 0.277236
vt 0.733599 0.213742
vt 0.733599 0.273485
vt 0.836619 0.202743
vt 0.623117 0.261811
vt 0.709393 0.098035
vt 0.910457 0.075669
vt 0.910457 0.298934
vt 0.744861 0.098035
vt 0.849078 0.193525
vt 0.988415 0.162167
vt 0.988786 0.155900
vt 0.977293 0.107474
vt 0.723192 0.106004
vt 0.979250 0.134378
vt 0.722137 0.162167
vt 0.988786 0.193525
vt 0.988415 0.086851
vt 0.721591 0.340451
vt 0.786719 0.340451
vt 0.786719 0.319931
vt 0.707638 0.329367
vt 0.844646 0.323837
vt 0.792156 0.323837
vt 0.792156 0.288248
vt 0.899945 0.219471
vt 0.873745 0.202731
vt 0.899945 0.220979
vt 0.903342 0.269999
vt 0.903342 0.288248
vt 0.899945 0.271507
vt 0.873745 0.202731
vt 0.899945 0.298934
vt 0.744861 0.098035
vt 0.961260 0.075669
vt 0.961260 0.213742
vt 0.733599 0.217494
vt 0.836619 0.277236
vt 0.733599 0.087344
vt 0.711363 0.098035
vt 0.910457 0.075669
vt 0.910457 0.051032
vt 0.747660 0.098035
vt 0.849078 0.155900
vt 0.977293 0.107474
vt 0.723192 0.134378
vt 0.722137 0.106004
vt 0.979250 0.086851
vt 0.721591 0.010490
vt 0.790459 0.029197
vt 0.710771 0.010490
vt 0.790459 0.027203
vt 0.795505 0.022859
vt 0.848106 0.027203
vt 0.795505 0.202731
vt 0.899945 0.271507
vt 0.873745 0.269999
vt 0.903342 0.288248
vt 0.899945 0.220979
vt 0.903342 0.219471
vt 0.873745 0.202731
vt 0.899945 0.288248
vt 0.899945 0.051032
vt 0.747660 1.000000

f 2/2 3/3 1/1
f 6/6 11/11 5/5
f 3/3 2/2 5/5
f 4/4 7/7 10/10
f 7/7 4/4 8/8
f 8/8 12/12 6/6
f 12/12 8/8 4/4
f 11/11 6/6 12/12
f 9/9 5/5 2/2
f 6/6 5/5 9/9
f 175/175 10/10 7/7
f 176/176 1/1 3/3
f 177/177 13/13 178/178
f 179/179 13/13 180/180
f 181/181 13/13 179/179
f 178/178 13/13 182/182
f 182/182 13/13 181/181
f 180/180 13/13 177/177
f 15/15 14/14 16/16
f 19/19 18/18 24/24
f 16/16 18/18 15/15
f 17/17 23/23 20/20
f 20/20 21/21 17/17
f 21/21 19/19 25/25
f 25/25 17/17 21/21
f 24/24 25/25 19/19
f 22/22 15/15 18/18
f 19/19 22/22 18/18
f 183/183 20/20 23/23
f 184/184 16/16 14/14
f 185/185 186/186 26/26
f 187/187 188/188 26/26
f 189/189 187/187 26/26
f 186/186 190/190 26/26
f 190/190 189/189 26/26
f 188/188 185/185 26/26
f 32/32 27/27 28/28
f 29/29 31/31 32/32
f 34/34 29/29 33/33
f 29/29 34/34 31/31
f 34/34 33/33 35/35
f 30/30 27/27 32/32
f 32/32 28/28 29/29
f 27/27 36/36 37/37
f 29/29 28/28 38/38
f 30/30 32/32 191/191
f 192/192 193/193 32/32
f 38/38 39/39 33/33
f 33/33 29/29 38/38
f 31/31 34/34 192/192
f 194/194 192/192 34/34
f 39/39 35/35 33/33
f 34/34 35/35 194/194
f 37/37 38/38 28/28
f 191/191 32/32 193/193
f 32/32 31/31 192/192
f 37/37 28/28 27/27
f 27/27 30/30 40/40
f 191/191 40/40 30/30
f 27/27 40/40 36/36
f 46/46 41/41 42/42
f 43/43 45/45 46/46
f 48/48 43/43 47/47
f 43/43 48/48 45/45
f 48/48 47/47 49/49
f 44/44 41/41 46/46
f 46/46 42/42 43/43
f 195/195 50/50 51/51
f 196/196 197/197 52/52
f 44/44 46/46 50/50
f 52/52 51/51 46/46
f 52/52 53/53 198/198
f 198/198 196/196 52/52
f 45/45 48/48 52/52
f 53/53 52/52 48/48
f 53/53 49/49 198/198
f 48/48 49/49 53/53
f 51/51 52/52 197/197
f 50/50 46/46 51/51
f 46/46 45/45 52/52
f 51/51 197/197 195/195
f 41/41 44/44 54/54
f 50/50 54/54 44/44
f 195/195 54/54 50/50
f 60/60 55/55 56/56
f 57/57 59/59 60/60
f 62/62 57/57 61/61
f 57/57 62/62 59/59
f 62/62 61/61 63/63
f 58/58 55/55 60/60
f 60/60 56/56 57/57
f 55/55 64/64 65/65
f 57/57 56/56 66/66
f 58/58 60/60 199/199
f 200/200 201/201 60/60
f 66/66 67/67 61/61
f 61/61 57/57 66/66
f 59/59 62/62 200/200
f 202/202 200/200 62/62
f 67/67 203/203 61/61
f 62/62 63/63 202/202
f 65/65 66/66 56/56
f 199/199 60/60 201/201
f 60/60 59/59 200/200
f 65/65 56/56 55/55
f 55/55 58/58 68/68
f 199/199 68/68 58/58
f 55/55 204/204 64/64
f 69/69 71/71 70/70
f 72/72 73/73 69/69
f 74/74 72/72 75/75
f 72/72 74/74 73/73
f 74/74 75/75 76/76
f 77/77 71/71 69/69
f 69/69 70/70 72/72
f 205/205 79/79 78/78
f 206/206 207/207 80/80
f 77/77 69/69 79/79
f 80/80 78/78 69/69
f 80/80 81/81 208/208
f 208/208 206/206 80/80
f 73/73 74/74 80/80
f 81/81 80/80 74/74
f 81/81 76/76 208/208
f 74/74 76/76 81/81
f 78/78 80/80 207/207
f 79/79 69/69 78/78
f 69/69 73/73 80/80
f 78/78 207/207 205/205
f 71/71 77/77 82/82
f 79/79 82/82 77/77
f 205/205 82/82 79/79
f 88/88 84/84 83/83
f 85/85 88/88 87/87
f 90/90 89/89 85/85
f 85/85 87/87 90/90
f 90/90 91/91 89/89
f 86/86 88/88 83/83
f 88/88 85/85 84/84
f 83/83 93/93 92/92
f 85/85 94/94 84/84
f 86/86 209/209 88/88
f 210/210 88/88 211/211
f 94/94 89/89 95/95
f 89/89 94/94 85/85
f 87/87 210/210 90/90
f 212/212 90/90 210/210
f 95/95 89/89 91/91
f 90/90 212/212 91/91
f 93/93 84/84 94/94
f 209/209 211/211 88/88
f 88/88 210/210 87/87
f 93/93 83/83 84/84
f 83/83 96/96 86/86
f 209/209 86/86 96/96
f 83/83 92/92 96/96
f 102/102 98/98 97/97
f 99/99 102/102 101/101
f 104/104 103/103 99/99
f 99/99 101/101 104/104
f 104/104 105/105 103/103
f 100/100 102/102 97/97
f 102/102 99/99 98/98
f 213/213 107/107 106/106
f 214/214 108/108 215/215
f 100/100 106/106 102/102
f 108/108 102/102 107/107
f 108/108 216/216 109/109
f 216/216 108/108 214/214
f 101/101 108/108 104/104
f 109/109 104/104 108/108
f 109/109 216/216 105/105
f 104/104 109/109 105/105
f 107/107 215/215 108/108
f 106/106 107/107 102/102
f 102/102 108/108 101/101
f 107/107 213/213 215/215
f 97/97 110/110 100/100
f 106/106 100/100 110/110
f 213/213 106/106 110/110
f 116/116 112/112 111/111
f 113/113 116/116 115/115
f 118/118 117/117 113/113
f 113/113 115/115 118/118
f 118/118 119/119 117/117
f 114/114 116/116 111/111
f 116/116 113/113 112/112
f 111/111 121/121 120/120
f 113/113 122/122 112/112
f 114/114 217/217 116/116
f 218/218 116/116 219/219
f 122/122 117/117 123/123
f 117/117 122/122 113/113
f 115/115 218/218 118/118
f 220/220 118/118 218/218
f 123/123 117/117 221/221
f 118/118 220/220 119/119
f 121/121 112/112 122/122
f 217/217 219/219 116/116
f 116/116 218/218 115/115
f 121/121 111/111 112/112
f 111/111 124/124 114/114
f 217/217 114/114 124/124
f 111/111 120/120 222/222
f 125/125 126/126 127/127
f 128/128 125/125 129/129
f 130/130 131/131 128/128
f 128/128 129/129 130/130
f 130/130 132/132 131/131
f 133/133 125/125 127/127
f 125/125 128/128 126/126
f 223/223 134/134 135/135
f 224/224 136/136 225/225
f 133/133 135/135 125/125
f 136/136 125/125 134/134
f 136/136 226/226 137/137
f 226/226 136/136 224/224
f 129/129 136/136 130/130
f 137/137 130/130 136/136
f 137/137 226/226 132/132
f 130/130 137/137 132/132
f 134/134 225/225 136/136
f 135/135 134/134 125/125
f 125/125 136/136 129/129
f 134/134 223/223 225/225
f 127/127 138/138 133/133
f 135/135 133/133 138/138
f 223/223 135/135 138/138
f 141/141 142/142 144/144
f 144/144 143/143 141/141
f 139/139 140/140 227/227
f 227/227 228/228 139/139
f 140/140 139/139 143/143
f 143/143 144/144 140/140
f 147/147 148/148 150/150
f 150/150 149/149 147/147
f 145/145 146/146 229/229
f 229/229 230/230 145/145
f 146/146 145/145 149/149
f 149/149 150/150 146/146
f 151/151 153/153 152/152
f 153/153 151/151 154/154
f 155/155 231/231 156/156
f 231/231 155/155 232/232
f 156/156 154/154 155/155
f 154/154 156/156 153/153
f 157/157 159/159 158/158
f 233/233 160/160 234/234
f 233/233 161/161 160/160
f 157/157 158/158 235/235
f 162/162 158/158 159/159
f 236/236 234/234 160/160
f 236/236 160/160 161/161
f 162/162 235/235 158/158
f 163/163 164/164 165/165
f 165/165 166/166 163/163
f 167/167 168/168 237/237
f 237/237 238/238 167/167
f 168/168 167/167 166/166
f 166/166 165/165 168/168
f 169/169 170/170 171/171
f 239/239 240/240 172/172
f 239/239 172/172 173/173
f 169/169 241/241 170/170
f 174/174 171/171 170/170
f 242/242 172/172 240/240
f 242/242 173/173 172/172
f 174/174 170/170 241/241
f 430/430 422/422 421/421
f 431/431 430/430 432/432
f 433/433 423/423 434/434
f 424/424 436/436 423/423
f 434/434 423/423 436/436
f 436/436 435/435 434/434
f 430/430 445/445 425/425
f 446/446 447/447 431/431
f 425/425 445/445 448/448
f 448/448 458/458 425/425
f 432/432 430/430 421/421
f 430/430 425/425 422/422
f 431/431 447/447 430/430
f 447/447 445/445 430/430
f 439/439 441/441 453/453
f 439/439 453/453 446/446
f 438/438 439/439 454/454
f 439/439 446/446 454/454
f 437/437 440/440 435/435
f 433/433 421/421 423/423
f 435/435 433/433 434/434
f 440/440 438/438 435/435
f 438/438 454/454 435/435
f 447/447 455/455 445/445
f 437/437 435/435 436/436
f 433/433 432/432 421/421
f 447/447 453/453 455/455
f 453/453 447/447 446/446
f 454/454 446/446 431/431
f 435/435 432/432 433/433
f 454/454 432/432 435/435
f 431/431 432/432 454/454
f 548/548 549/549 460/460
f 462/462 460/460 461/461
f 464/464 550/550 463/463
f 550/550 466/466 551/551
f 466/466 550/550 464/464
f 464/464 465/465 466/466
f 552/552 475/475 460/460
f 461/461 477/477 476/476
f 478/478 475/475 552/552
f 552/552 479/479 478/478
f 548/548 460/460 462/462
f 549/549 552/552 460/460
f 460/460 477/477 461/461
f 460/460 475/475 477/477
f 484/484 471/471 469/469
f 476/476 484/484 469/469
f 485/485 469/469 468/468
f 485/485 476/476 469/469
f 465/465 470/470 467/467
f 550/550 548/548 463/463
f 464/464 463/463 465/465
f 465/465 468/468 470/470
f 465/465 485/485 468/468
f 475/475 486/486 477/477
f 466/466 465/465 467/467
f 548/548 462/462 463/463
f 486/486 484/484 477/477
f 476/476 477/477 484/484
f 461/461 476/476 485/485
f 463/463 462/462 465/465
f 465/465 462/462 485/485
f 485/485 462/462 461/461
f 439/439 438/438 441/441
f 426/426 450/450 451/451
f 451/451 450/450 441/441
f 439/439 443/443 429/429
f 443/443 439/439 442/442
f 456/456 442/442 457/457
f 457/457 449/449 428/428
f 428/428 427/427 472/472
f 474/474 472/472 480/480
f 481/481 480/480 553/553
f 553/553 480/480 483/483
f 554/554 482/482 481/481
f 482/482 554/554 473/473
f 472/472 488/488 480/480
f 480/480 555/555 553/553
f 555/555 480/480 489/489
f 491/491 490/490 492/492
f 568/568 567/567 566/566
f 600/600 569/569 599/599
f 567/567 560/560 562/562
f 587/587 567/567 568/568
f 587/587 573/573 558/558
f 569/569 600/600 561/561
f 601/601 561/561 600/600
f 565/565 576/576 563/563
f 565/565 588/588 576/576
f 586/586 595/595 575/575
f 588/588 559/559 577/577
f 574/574 577/577 559/559
f 579/579 580/580 578/578
f 580/580 581/581 578/578
f 578/578 581/581 582/582
f 583/583 582/582 581/581
f 588/588 577/577 576/576
f 564/564 571/571 566/566
f 566/566 567/567 565/565
f 567/567 562/562 556/556
f 588/588 565/565 567/567
f 563/563 627/627 584/584
f 584/584 564/564 563/563
f 576/576 628/628 627/627
f 627/627 563/563 576/576
f 576/576 629/629 628/628
f 629/629 576/576 577/577
f 570/570 630/630 631/631
f 631/631 573/573 570/570
f 570/570 632/632 630/630
f 632/632 570/570 571/571
f 564/564 584/584 571/571
f 632/632 571/571 584/584
f 633/633 580/580 579/579
f 634/634 572/572 635/635
f 585/585 635/635 572/572
f 599/599 569/569 636/636
f 572/572 634/634 637/637
f 557/557 574/574 559/559
f 561/561 558/558 569/569
f 587/587 568/568 570/570
f 638/638 635/635 594/594
f 585/585 594/594 635/635
f 639/639 640/640 636/636
f 569/569 639/639 636/636
f 574/574 575/575 595/595
f 563/563 566/566 565/565
f 587/587 570/570 573/573
f 560/560 587/587 558/558
f 560/560 567/567 587/587
f 556/556 588/588 567/567
f 588/588 556/556 559/559
f 566/566 571/571 568/568
f 570/570 568/568 571/571
f 563/563 564/564 566/566
f 591/591 590/590 589/589
f 603/603 615/615 610/610
f 615/615 603/603 614/614
f 592/592 589/589 593/593
f 590/590 602/602 589/589
f 613/613 641/641 612/612
f 589/589 597/597 591/591
f 589/589 596/596 597/597
f 642/642 613/613 616/616
f 613/613 642/642 641/641
f 609/609 615/615 618/618
f 615/615 609/609 610/610
f 631/631 639/639 573/573
f 594/594 582/582 638/638
f 583/583 638/638 582/582
f 595/595 629/629 577/577
f 639/639 569/569 573/573
f 569/569 558/558 573/573
f 577/577 574/574 595/595
f 643/643 611/611 612/612
f 611/611 643/643 644/644
f 643/643 612/612 641/641
f 598/598 596/596 589/589
f 589/589 592/592 598/598
f 574/574 599/599 575/575
f 574/574 600/600 599/599
f 557/557 600/600 574/574
f 557/557 601/601 600/600
f 617/617 618/618 645/645
f 646/646 616/616 617/617
f 616/616 646/646 642/642
f 645/645 646/646 617/617
f 602/602 593/593 589/589
f 614/614 644/644 647/647
f 644/644 614/614 611/611
f 648/648 604/604 649/649
f 650/650 604/604 648/648
f 604/604 612/612 611/611
f 612/612 604/604 605/605
f 650/650 605/605 604/604
f 605/605 651/651 606/606
f 651/651 605/605 650/650
f 606/606 651/651 652/652
f 652/652 607/607 606/606
f 653/653 607/607 652/652
f 607/607 617/617 616/616
f 617/617 607/607 608/608
f 608/608 607/607 653/653
f 608/608 654/654 609/609
f 654/654 608/608 653/653
f 609/609 655/655 610/610
f 655/655 609/609 654/654
f 655/655 649/649 610/610
f 603/603 610/610 649/649
f 649/649 604/604 603/603
f 603/603 611/611 614/614
f 611/611 603/603 604/604
f 612/612 606/606 613/613
f 606/606 612/612 605/605
f 614/614 656/656 615/615
f 656/656 614/614 647/647
f 618/618 615/615 656/656
f 613/613 607/607 616/616
f 607/607 613/613 606/606
f 617/617 609/609 618/618
f 609/609 617/617 608/608
f 656/656 645/645 618/618
f 623/623 626/626 619/619
f 619/619 623/623 620/620
f 620/620 624/624 621/621
f 621/621 625/625 622/622
f 1103/1103 1106/1106 1107/1107
f 1107/1107 1104/1104 1103/1103
f 1102/1102 1110/1110 1106/1106
f 1110/1110 1108/1108 1106/1106
f 1107/1107 1108/1108 1109/1109
f 1106/1106 1108/1108 1107/1107
f 1108/1108 1110/1110 1105/1105
f 1106/1106 1103/1103 1102/1102
f 1102/1102 1103/1103 1104/1104
f 1360/1360 1112/1112 1111/1111
f 1111/1111 1361/1361 1360/1360
f 1112/1112 1362/1362 1363/1363
f 1112/1112 1113/1113 1362/1362
f 1364/1364 1113/1113 1360/1360
f 1360/1360 1113/1113 1112/1112
f 1365/1365 1362/1362 1113/1113
f 1363/1363 1111/1111 1112/1112
f 1361/1361 1111/1111 1363/1363
f 1115/1115 1116/1116 1114/1114
f 1114/1114 1119/1119 1118/1118
f 1118/1118 1115/1115 1114/1114
f 1119/1119 1120/1120 1118/1118
f 1121/1121 1114/1114 1116/1116
f 1117/1117 1121/1121 1116/1116
f 1366/1366 1123/1123 1122/1122
f 1124/1124 1367/1367 1366/1366
f 1366/1366 1122/1122 1124/1124
f 1124/1124 1368/1368 1367/1367
f 1123/1123 1366/1366 1369/1369
f 1123/1123 1369/1369 1370/1370
f 1125/1125 1131/1131 1126/1126
f 1131/1131 1125/1125 1130/1130
f 1126/1126 1132/1132 1127/1127
f 1132/1132 1126/1126 1131/1131
f 1127/1127 1133/1133 1128/1128
f 1133/1133 1127/1127 1132/1132
f 1133/1133 1129/1129 1128/1128
f 1371/1371 1135/1135 1134/1134
f 1135/1135 1371/1371 1372/1372
f 1372/1372 1136/1136 1135/1135
f 1136/1136 1372/1372 1373/1373
f 1373/1373 1137/1137 1136/1136
f 1137/1137 1373/1373 1374/1374
f 1137/1137 1374/1374 1129/1129
f 1133/1133 1137/1137 1129/1129
f 1133/1133 1136/1136 1137/1137
f 1136/1136 1133/1133 1132/1132
f 1132/1132 1135/1135 1136/1136
f 1135/1135 1132/1132 1131/1131
f 1131/1131 1134/1134 1135/1135
f 1134/1134 1131/1131 1130/1130
f 1371/1371 1134/1134 1130/1130
f 1138/1138 1144/1144 1139/1139
f 1144/1144 1138/1138 1143/1143
f 1139/1139 1145/1145 1140/1140
f 1145/1145 1139/1139 1144/1144
f 1140/1140 1146/1146 1141/1141
f 1146/1146 1140/1140 1145/1145
f 1146/1146 1142/1142 1141/1141
f 1375/1375 1148/1148 1147/1147
f 1148/1148 1375/1375 1376/1376
f 1376/1376 1149/1149 1148/1148
f 1149/1149 1376/1376 1377/1377
f 1377/1377 1150/1150 1149/1149
f 1150/1150 1377/1377 1378/1378
f 1150/1150 1378/1378 1142/1142
f 1146/1146 1150/1150 1142/1142
f 1146/1146 1149/1149 1150/1150
f 1149/1149 1146/1146 1145/1145
f 1145/1145 1148/1148 1149/1149
f 1148/1148 1145/1145 1144/1144
f 1144/1144 1147/1147 1148/1148
f 1147/1147 1144/1144 1143/1143
f 1375/1375 1147/1147 1143/1143
f 1151/1151 1157/1157 1152/1152
f 1157/1157 1151/1151 1156/1156
f 1152/1152 1158/1158 1153/1153
f 1158/1158 1152/1152 1157/1157
f 1153/1153 1159/1159 1154/1154
f 1159/1159 1153/1153 1158/1158
f 1159/1159 1155/1155 1154/1154
f 1379/1379 1161/1161 1160/1160
f 1161/1161 1379/1379 1380/1380
f 1380/1380 1162/1162 1161/1161
f 1162/1162 1380/1380 1381/1381
f 1381/1381 1163/1163 1162/1162
f 1163/1163 1381/1381 1382/1382
f 1163/1163 1382/1382 1155/1155
f 1159/1159 1163/1163 1155/1155
f 1159/1159 1162/1162 1163/1163
f 1162/1162 1159/1159 1158/1158
f 1158/1158 1161/1161 1162/1162
f 1161/1161 1158/1158 1157/1157
f 1157/1157 1160/1160 1161/1161
f 1160/1160 1157/1157 1156/1156
f 1379/1379 1160/1160 1156/1156
f 1164/1164 1217/1217 1167/1167
f 1217/1217 1164/1164 1219/1219
f 1167/1167 1168/1168 1164/1164
f 1165/1165 1164/1164 1168/1168
f 1168/1168 1166/1166 1165/1165
f 1383/1383 1169/1169 1220/1220
f 1169/1169 1383/1383 1384/1384
f 1385/1385 1170/1170 1384/1384
f 1169/1169 1384/1384 1170/1170
f 1170/1170 1385/1385 1166/1166
f 1168/1168 1170/1170 1166/1166
f 1167/1167 1169/1169 1168/1168
f 1170/1170 1168/1168 1169/1169
f 1171/1171 1222/1222 1223/1223
f 1222/1222 1171/1171 1174/1174
f 1171/1171 1175/1175 1174/1174
f 1175/1175 1171/1171 1172/1172
f 1172/1172 1173/1173 1175/1175
f 1386/1386 1177/1177 1387/1387
f 1177/1177 1386/1386 1176/1176
f 1173/1173 1387/1387 1177/1177
f 1173/1173 1177/1177 1175/1175
f 1175/1175 1176/1176 1174/1174
f 1176/1176 1175/1175 1177/1177
f 1174/1174 1224/1224 1221/1221
f 1224/1224 1174/1174 1176/1176
f 1184/1184 1178/1178 1179/1179
f 1178/1178 1184/1184 1183/1183
f 1185/1185 1179/1179 1180/1180
f 1179/1179 1185/1185 1184/1184
f 1186/1186 1180/1180 1181/1181
f 1180/1180 1186/1186 1185/1185
f 1181/1181 1182/1182 1186/1186
f 1188/1188 1388/1388 1187/1187
f 1388/1388 1188/1188 1389/1389
f 1189/1189 1389/1389 1188/1188
f 1389/1389 1189/1189 1390/1390
f 1190/1190 1390/1390 1189/1189
f 1390/1390 1190/1190 1391/1391
f 1182/1182 1391/1391 1190/1190
f 1182/1182 1190/1190 1186/1186
f 1189/1189 1186/1186 1190/1190
f 1186/1186 1189/1189 1185/1185
f 1188/1188 1185/1185 1189/1189
f 1185/1185 1188/1188 1184/1184
f 1187/1187 1184/1184 1188/1188
f 1184/1184 1187/1187 1183/1183
f 1183/1183 1187/1187 1388/1388
f 1197/1197 1191/1191 1192/1192
f 1191/1191 1197/1197 1196/1196
f 1198/1198 1192/1192 1193/1193
f 1192/1192 1198/1198 1197/1197
f 1199/1199 1193/1193 1194/1194
f 1193/1193 1199/1199 1198/1198
f 1194/1194 1195/1195 1199/1199
f 1201/1201 1392/1392 1200/1200
f 1392/1392 1201/1201 1393/1393
f 1202/1202 1393/1393 1201/1201
f 1393/1393 1202/1202 1394/1394
f 1203/1203 1394/1394 1202/1202
f 1394/1394 1203/1203 1395/1395
f 1195/1195 1395/1395 1203/1203
f 1195/1195 1203/1203 1199/1199
f 1202/1202 1199/1199 1203/1203
f 1199/1199 1202/1202 1198/1198
f 1201/1201 1198/1198 1202/1202
f 1198/1198 1201/1201 1197/1197
f 1200/1200 1197/1197 1201/1201
f 1197/1197 1200/1200 1196/1196
f 1196/1196 1200/1200 1392/1392
f 1210/1210 1204/1204 1205/1205
f 1204/1204 1210/1210 1209/1209
f 1211/1211 1205/1205 1206/1206
f 1205/1205 1211/1211 1210/1210
f 1212/1212 1206/1206 1207/1207
f 1206/1206 1212/1212 1211/1211
f 1207/1207 1208/1208 1212/1212
f 1214/1214 1396/1396 1213/1213
f 1396/1396 1214/1214 1397/1397
f 1215/1215 1397/1397 1214/1214
f 1397/1397 1215/1215 1398/1398
f 1216/1216 1398/1398 1215/1215
f 1398/1398 1216/1216 1399/1399
f 1208/1208 1399/1399 1216/1216
f 1208/1208 1216/1216 1212/1212
f 1215/1215 1212/1212 1216/1216
f 1212/1212 1215/1215 1211/1211
f 1214/1214 1211/1211 1215/1215
f 1211/1211 1214/1214 1210/1210
f 1213/1213 1210/1210 1214/1214
f 1210/1210 1213/1213 1209/1209
f 1209/1209 1213/1213 1396/1396
f 1217/1217 1218/1218 1167/1167
f 1167/1167 1220/1220 1169/1169
f 1220/1220 1167/1167 1218/1218
f 1221/1221 1222/1222 1174/1174
f 1400/1400 1176/1176 1386/1386
f 1176/1176 1400/1400 1224/1224
f 667/667 969/969 660/660
f 1072/1072 725/725 657/657
f 663/663 943/943 1068/1068
f 969/969 967/967 661/661
f 1070/1070 662/662 657/657
f 659/659 668/668 663/663
f 668/668 968/968 657/657
f 668/668 663/663 665/665
f 664/664 666/666 669/669
f 671/671 670/670 674/674
f 675/675 673/673 678/678
f 677/677 676/676 823/823
f 938/938 1225/1225 785/785
f 786/786 785/785 682/682
f 677/677 683/683 681/681
f 1227/1227 723/723 688/688
f 688/688 687/687 714/714
f 691/691 1228/1228 780/780
f 695/695 690/690 691/691
f 690/690 693/693 703/703
f 703/703 681/681 692/692
f 683/683 677/677 703/703
f 702/702 694/694 695/695
f 702/702 693/693 703/703
f 696/696 681/681 684/684
f 684/684 763/763 764/764
f 764/764 694/694 697/697
f 697/697 696/696 684/684
f 685/685 684/684 700/700
f 700/700 764/764 699/699
f 699/699 697/697 701/701
f 701/701 698/698 687/687
f 687/687 686/686 719/719
f 698/698 719/719 704/704
f 704/704 680/680 705/705
f 705/705 688/688 765/765
f 765/765 685/685 707/707
f 707/707 700/700 766/766
f 766/766 699/699 708/708
f 708/708 701/701 779/779
f 779/779 774/774 776/776
f 776/776 711/711 706/706
f 1229/1229 705/705 778/778
f 778/778 710/710 1230/1230
f 1231/1231 1232/1232 777/777
f 777/777 712/712 705/705
f 1233/1233 708/708 961/961
f 960/960 776/776 959/959
f 958/958 777/777 960/960
f 959/959 777/777 1229/1229
f 706/706 1234/1234 1233/1233
f 705/705 1229/1229 1235/1235
f 1236/1236 1231/1231 1235/1235
f 1231/1231 1230/1230 781/781
f 781/781 810/810 1065/1065
f 1065/1065 781/781 690/690
f 691/691 714/714 718/718
f 678/678 676/676 770/770
f 1238/1238 770/770 767/767
f 767/767 1237/1237 716/716
f 716/716 1242/1242 769/769
f 769/769 1243/1243 1244/1244
f 1244/1244 768/768 717/717
f 717/717 1241/1241 714/714
f 1228/1228 1246/1246 785/785
f 1225/1225 1226/1226 681/681
f 763/763 1227/1227 696/696
f 763/763 681/681 940/940
f 940/940 724/724 714/714
f 713/713 690/690 939/939
f 939/939 771/771 1247/1247
f 1247/1247 1250/1250 1251/1251
f 1252/1252 1071/1071 1065/1065
f 1065/1065 713/713 1254/1254
f 1225/1225 938/938 1252/1252
f 1252/1252 1256/1256 682/682
f 771/771 718/718 1246/1246
f 1250/1250 714/714 713/713
f 1253/1253 713/713 726/726
f 1227/1227 684/684 763/763
f 684/684 1227/1227 680/680
f 726/726 685/685 684/684
f 685/685 726/726 786/786
f 828/828 786/786 728/728
f 728/728 828/828 729/729
f 729/729 731/731 732/732
f 732/732 679/679 727/727
f 729/729 733/733 767/767
f 749/749 737/737 768/768
f 749/749 767/767 1244/1244
f 749/749 768/768 1244/1244
f 735/735 749/749 717/717
f 717/717 736/736 737/737
f 737/737 759/759 769/769
f 769/769 715/715 736/736
f 736/736 717/717 740/740
f 758/758 739/739 746/746
f 757/757 748/748 753/753
f 1259/1259 1260/1260 1261/1261
f 736/736 752/752 756/756
f 759/759 747/747 738/738
f 752/752 736/736 741/741
f 754/754 743/743 738/738
f 744/744 750/750 755/755
f 743/743 754/754 757/757
f 748/748 757/757 749/749
f 746/746 748/748 1258/1258
f 736/736 1261/1261 747/747
f 749/749 747/747 746/746
f 749/749 735/735 747/747
f 749/749 748/748 743/743
f 755/755 745/745 761/761
f 742/742 745/745 750/750
f 751/751 738/738 752/752
f 738/738 751/751 1260/1260
f 752/752 753/753 751/751
f 753/753 752/752 1259/1259
f 753/753 741/741 754/754
f 741/741 753/753 750/750
f 754/754 751/751 753/753
f 751/751 754/754 756/756
f 742/742 761/761 754/754
f 750/750 755/755 748/748
f 756/756 760/760 742/742
f 757/757 740/740 758/758
f 740/740 757/757 752/752
f 1260/1260 1261/1261 757/757
f 746/746 758/758 744/744
f 744/744 715/715 750/750
f 744/744 759/759 750/750
f 755/755 750/750 761/761
f 755/755 760/760 761/761
f 745/745 755/755 762/762
f 762/762 727/727 733/733
f 727/727 762/762 778/778
f 778/778 779/779 720/720
f 720/720 772/772 1232/1232
f 1262/1262 1263/1263 765/765
f 1264/1264 1265/1265 695/695
f 695/695 780/780 693/693
f 690/690 695/695 1232/1232
f 1231/1231 1262/1262 765/765
f 1265/1265 704/704 784/784
f 782/782 783/783 1266/1266
f 1267/1267 1268/1268 1269/1269
f 1269/1269 1271/1271 1064/1064
f 790/790 783/783 789/789
f 826/826 1272/1272 796/796
f 794/794 796/796 818/818
f 1275/1275 798/798 873/873
f 817/817 797/797 798/798
f 801/801 797/797 811/811
f 789/789 802/802 800/800
f 783/783 790/790 799/799
f 801/801 811/811 802/802
f 789/789 804/804 791/791
f 864/864 791/791 865/865
f 803/803 865/865 805/805
f 804/804 805/805 791/791
f 791/791 792/792 808/808
f 865/865 808/808 807/807
f 805/805 807/807 809/809
f 806/806 809/809 794/794
f 793/793 794/794 824/824
f 824/824 806/806 812/812
f 788/788 812/812 813/813
f 796/796 813/813 866/866
f 792/792 866/866 814/814
f 808/808 814/814 867/867
f 807/807 867/867 815/815
f 809/809 815/815 1277/1277
f 813/813 953/953 814/814
f 867/867 951/951 813/813
f 815/815 816/816 953/953
f 1278/1278 1277/1277 816/816
f 953/953 813/813 815/815
f 951/951 816/816 815/815
f 814/814 951/951 1279/1279
f 1279/1279 873/873 1280/1280
f 1279/1279 1280/1280 797/797
f 818/818 798/798 822/822
f 782/782 784/784 871/871
f 871/871 868/868 1282/1282
f 1282/1282 1283/1283 868/868
f 868/868 869/869 820/820
f 820/820 821/821 870/870
f 870/870 819/819 1288/1288
f 1288/1288 1289/1289 821/821
f 821/821 870/870 818/818
f 1290/1290 1275/1275 1269/1269
f 1270/1270 1267/1267 789/789
f 1272/1272 864/864 804/804
f 789/789 864/864 818/818
f 797/797 817/817 1291/1291
f 1268/1268 1267/1267 942/942
f 1075/1075 942/942 1064/1064
f 822/822 872/872 1290/1290
f 818/818 1063/1063 817/817
f 1063/1063 818/818 827/827
f 791/791 1272/1272 864/864
f 1272/1272 791/791 788/788
f 792/792 827/827 791/791
f 827/827 792/792 1271/1271
f 1271/1271 1296/1296 1297/1297
f 1296/1296 1297/1297 830/830
f 830/830 1297/1297 832/832
f 787/787 832/832 829/829
f 830/830 831/831 846/846
f 869/869 846/846 836/836
f 836/836 821/821 871/871
f 837/837 868/868 844/844
f 838/838 844/844 837/837
f 868/868 837/837 870/870
f 838/838 870/870 840/840
f 839/839 859/859 847/847
f 849/849 858/858 854/854
f 1301/1301 1302/1302 1303/1303
f 853/853 836/836 857/857
f 848/848 860/860 838/838
f 836/836 853/853 841/841
f 843/843 855/855 838/838
f 851/851 844/844 856/856
f 855/855 843/843 858/858
f 858/858 849/849 850/850
f 849/849 847/847 1300/1300
f 1303/1303 836/836 848/848
f 848/848 850/850 847/847
f 846/846 837/837 848/848
f 849/849 850/850 835/835
f 846/846 850/850 843/843
f 845/845 856/856 862/862
f 845/845 842/842 851/851
f 838/838 852/852 853/853
f 852/852 838/838 1301/1301
f 854/854 853/853 852/852
f 853/853 854/854 1302/1302
f 841/841 854/854 855/855
f 854/854 841/841 851/851
f 852/852 855/855 854/854
f 855/855 852/852 857/857
f 862/862 842/842 855/855
f 856/856 851/851 849/849
f 861/861 857/857 842/842
f 840/840 858/858 859/859
f 858/858 840/840 853/853
f 1303/1303 1301/1301 858/858
f 859/859 847/847 871/871
f 819/819 844/844 860/860
f 837/837 871/871 844/844
f 860/860 871/871 851/851
f 860/860 844/844 851/851
f 851/851 856/856 862/862
f 861/861 856/856 862/862
f 856/856 845/845 863/863
f 829/829 863/863 833/833
f 863/863 829/829 867/867
f 950/950 954/954 799/799
f 799/799 824/824 801/801
f 799/799 797/797 867/867
f 954/954 951/951 866/866
f 812/812 950/950 892/892
f 874/874 892/892 875/875
f 875/875 882/882 895/895
f 895/895 876/876 889/889
f 889/889 877/877 878/878
f 878/878 885/885 879/879
f 879/879 886/886 1069/1069
f 1069/1069 887/887 880/880
f 880/880 888/888 878/878
f 878/878 1305/1305 892/892
f 892/892 874/874 893/893
f 893/893 895/895 966/966
f 966/966 897/897 1308/1308
f 1309/1309 1310/1310 904/904
f 904/904 902/902 905/905
f 904/904 905/905 907/907
f 908/908 909/909 911/911
f 909/909 908/908 694/694
f 702/702 719/719 811/811
f 802/802 804/804 703/703
f 694/694 696/696 719/719
f 702/702 695/695 811/811
f 824/824 799/799 918/918
f 918/918 919/919 922/922
f 922/922 920/920 923/923
f 923/923 922/922 921/921
f 921/921 923/923 920/920
f 920/920 1312/1312 919/919
f 919/919 921/921 918/918
f 924/924 919/919 922/922
f 1313/1313 920/920 923/923
f 1314/1314 922/922 921/921
f 1314/1314 923/923 920/920
f 1313/1313 1312/1312 919/919
f 924/924 921/921 931/931
f 931/931 925/925 935/935
f 935/935 929/929 936/936
f 936/936 930/930 934/934
f 934/934 928/928 933/933
f 933/933 927/927 932/932
f 932/932 926/926 931/931
f 932/932 937/937 935/935
f 933/933 1317/1317 936/936
f 935/935 1318/1318 934/934
f 936/936 1318/1318 933/933
f 1316/1316 1317/1317 932/932
f 934/934 937/937 949/949
f 949/949 1320/1320 946/946
f 946/946 1323/1323 948/948
f 947/947 946/946 944/944
f 944/944 721/721 963/963
f 970/970 948/948 944/944
f 944/944 946/946 948/948
f 948/948 1325/1325 957/957
f 956/956 774/774 957/957
f 779/779 772/772 957/957
f 956/956 955/955 960/960
f 777/777 776/776 961/961
f 775/775 1326/1326 961/961
f 776/776 775/775 778/778
f 958/958 720/720 777/777
f 958/958 778/778 947/947
f 948/948 970/970 947/947
f 970/970 962/962 948/948
f 964/964 963/963 949/949
f 964/964 948/948 945/945
f 971/971 949/949 965/965
f 973/973 949/949 722/722
f 681/681 723/723 789/789
f 825/825 826/826 1310/1310
f 1309/1309 1327/1327 949/949
f 973/973 972/972 949/949
f 972/972 964/964 780/780
f 690/690 713/713 873/873
f 797/797 799/799 984/984
f 982/982 1006/1006 981/981
f 981/981 1011/1011 993/993
f 1051/1051 1050/1050 1004/1004
f 1009/1009 1008/1008 992/992
f 1048/1048 1328/1328 1007/1007
f 1012/1012 994/994 1007/1007
f 1007/1007 1005/1005 1006/1006
f 1009/1009 991/991 990/990
f 1328/1328 1329/1329 975/975
f 976/976 974/974 978/978
f 974/974 977/977 978/978
f 1010/1010 974/974 977/977
f 976/976 980/980 997/997
f 980/980 976/976 985/985
f 1001/1001 1000/1000 999/999
f 998/998 975/975 997/997
f 997/997 976/976 1330/1330
f 988/988 1329/1329 980/980
f 1330/1330 977/977 998/998
f 989/989 983/983 981/981
f 982/982 1000/1000 999/999
f 1000/1000 982/982 996/996
f 985/985 986/986 988/988
f 980/980 987/987 997/997
f 987/987 980/980 997/997
f 983/983 987/987 989/989
f 987/987 983/983 989/989
f 998/998 984/984 988/988
f 1330/1330 980/980 987/987
f 990/990 988/988 992/992
f 988/988 990/990 987/987
f 989/989 990/990 991/991
f 984/984 991/991 992/992
f 1329/1329 988/988 996/996
f 1331/1331 985/985 977/977
f 974/974 976/976 984/984
f 998/998 982/982 979/979
f 975/975 983/983 981/981
f 1001/1001 1011/1011 1003/1003
f 986/986 975/975 998/998
f 999/999 982/982 975/975
f 998/998 983/983 986/986
f 985/985 999/999 986/986
f 999/999 975/975 1000/1000
f 1001/1001 981/981 1000/1000
f 999/999 985/985 978/978
f 977/977 1330/1330 985/985
f 1332/1332 1001/1001 976/976
f 1002/1002 979/979 996/996
f 986/986 1003/1003 1039/1039
f 1023/1023 1025/1025 1041/1041
f 1045/1045 1040/1040 1023/1023
f 1039/1039 1040/1040 1032/1032
f 1042/1042 1025/1025 1031/1031
f 1043/1043 1042/1042 1333/1333
f 1043/1043 1334/1334 1015/1015
f 1014/1014 1016/1016 1018/1018
f 1017/1017 1014/1014 1018/1018
f 1014/1014 1044/1044 1017/1017
f 1021/1021 1016/1016 1034/1034
f 1016/1016 1021/1021 1026/1026
f 1037/1037 1046/1046 1036/1036
f 1015/1015 1035/1035 1034/1034
f 1016/1016 1034/1034 1335/1335
f 1334/1334 1029/1029 1021/1021
f 1017/1017 1335/1335 1035/1035
f 1024/1024 1030/1030 1022/1022
f 1037/1037 1023/1023 1036/1036
f 1023/1023 1037/1037 1019/1019
f 1027/1027 1026/1026 1029/1029
f 1028/1028 1021/1021 1034/1034
f 1021/1021 1028/1028 1034/1034
f 1028/1028 1024/1024 1030/1030
f 1024/1024 1028/1028 1030/1030
f 1025/1025 1035/1035 1029/1029
f 1021/1021 1335/1335 1028/1028
f 1029/1029 1031/1031 1033/1033
f 1031/1031 1029/1029 1028/1028
f 1031/1031 1030/1030 1032/1032
f 1032/1032 1025/1025 1033/1033
f 1029/1029 1334/1334 1019/1019
f 1026/1026 1336/1336 1017/1017
f 1016/1016 1014/1014 1025/1025
f 1023/1023 1035/1035 1020/1020
f 1024/1024 1015/1015 1022/1022
f 1045/1045 1046/1046 1013/1013
f 1015/1015 1027/1027 1035/1035
f 1023/1023 1036/1036 1015/1015
f 1024/1024 1035/1035 1027/1027
f 1036/1036 1026/1026 1027/1027
f 1015/1015 1036/1036 1037/1037
f 1022/1022 1046/1046 1037/1037
f 1026/1026 1036/1036 1018/1018
f 1335/1335 1017/1017 1026/1026
f 1046/1046 1337/1337 1016/1016
f 1020/1020 1038/1038 1019/1019
f 1013/1013 1027/1027 1031/1031
f 1042/1042 1032/1032 1043/1043
f 1031/1031 1033/1033 1040/1040
f 1045/1045 1022/1022 1334/1334
f 1043/1043 1033/1033 1039/1039
f 1025/1025 1042/1042 1023/1023
f 1040/1040 1022/1022 985/985
f 1331/1331 1332/1332 1336/1336
f 1026/1026 1337/1337 975/975
f 1002/1002 1003/1003 1015/1015
f 1038/1038 1020/1020 1047/1047
f 1048/1048 992/992 1006/1006
f 1050/1050 1008/1008 991/991
f 1009/1009 990/990 994/994
f 1005/1005 1007/1007 1006/1006
f 982/982 1005/1005 993/993
f 991/991 984/984 1047/1047
f 1009/1009 1004/1004 1328/1328
f 1049/1049 995/995 1328/1328
f 1048/1048 1049/1049 994/994
f 1012/1012 1338/1338 1008/1008
f 1052/1052 1004/1004 1049/1049
f 1339/1339 995/995 1338/1338
f 1052/1052 994/994 1050/1050
f 1052/1052 1008/1008 1004/1004
f 1339/1339 1049/1049 1051/1051
f 1052/1052 1050/1050 993/993
f 1052/1052 1051/1051 1005/1005
f 1052/1052 993/993 994/994
f 1052/1052 1005/1005 1053/1053
f 1074/1074 1054/1054 1059/1059
f 1341/1341 1061/1061 1342/1342
f 1057/1057 1055/1055 1073/1073
f 1343/1343 1074/1074 1344/1344
f 1074/1074 1343/1343 1055/1055
f 1062/1062 1345/1345 1342/1342
f 1055/1055 1345/1345 1058/1058
f 1348/1348 1058/1058 1060/1060
f 1349/1349 1060/1060 1350/1350
f 1353/1353 1350/1350 1354/1354
f 1355/1355 1356/1356 1357/1357
f 1359/1359 1357/1357 1353/1353
f 1359/1359 1358/1358 1096/1096
f 1097/1097 1076/1076 1078/1078
f 1079/1079 1080/1080 1078/1078
f 1080/1080 1077/1077 1097/1097
f 1076/1076 1097/1097 1078/1078
f 1081/1081 1101/1101 1095/1095
f 1095/1095 1086/1086 1087/1087
f 1088/1088 1078/1078 1085/1085
f 1096/1096 1095/1095 1101/1101
f 1085/1085 1089/1089 1100/1100
f 1082/1082 1094/1094 1084/1084
f 1092/1092 1081/1081 1091/1091
f 1081/1081 1077/1077 1091/1091
f 1100/1100 1090/1090 1094/1094
f 1090/1090 1100/1100 1081/1081
f 1092/1092 1101/1101 1083/1083
f 1083/1083 1101/1101 1090/1090
f 1094/1094 1092/1092 1082/1082
f 1099/1099 1083/1083 1093/1093
f 1083/1083 1094/1094 1085/1085
f 1401/1401 1404/1404 1403/1403
f 1404/1404 1401/1401 1402/1402
f 1405/1405 1408/1408 1406/1406
f 1408/1408 1405/1405 1407/1407
f 1401/1401 1406/1406 1402/1402
f 1406/1406 1401/1401 1405/1405
f 1402/1402 1408/1408 1404/1404
f 1408/1408 1402/1402 1406/1406
f 1404/1404 1407/1407 1403/1403
f 1407/1407 1404/1404 1408/1408
f 1403/1403 1405/1405 1401/1401
f 1405/1405 1403/1403 1407/1407
f 1409/1409 1411/1411 1410/1410
f 1409/1409 1412/1412 1411/1411
f 1409/1409 1413/1413 1412/1412
f 1409/1409 1410/1410 1413/1413
f 1414/1414 1410/1410 1411/1411
f 1414/1414 1411/1411 1412/1412
f 1414/1414 1412/1412 1413/1413
f 1414/1414 1413/1413 1410/1410
f 1415/1415 1421/1421 1416/1416
f 1421/1421 1415/1415 1420/1420
f 1416/1416 1422/1422 1417/1417
f 1422/1422 1416/1416 1421/1421
f 1417/1417 1423/1423 1418/1418
f 1423/1423 1417/1417 1422/1422
f 1418/1418 1424/1424 1419/1419
f 1424/1424 1418/1418 1423/1423
f 1419/1419 1420/1420 1415/1415
f 1420/1420 1419/1419 1424/1424
f 1425/1425 1431/1431 1426/1426
f 1431/1431 1425/1425 1430/1430
f 1426/1426 1432/1432 1427/1427
f 1432/1432 1426/1426 1431/1431
f 1427/1427 1433/1433 1428/1428
f 1433/1433 1427/1427 1432/1432
f 1428/1428 1434/1434 1429/1429
f 1434/1434 1428/1428 1433/1433
f 1429/1429 1430/1430 1425/1425
f 1430/1430 1429/1429 1434/1434
f 1450/1450 1451/1451 1476/1476
f 1451/1451 1450/1450 1452/1452
f 1462/1462 1463/1463 1436/1436
f 1464/1464 1461/1461 1438/1438
f 1435/1435 1763/1763 1437/1437
f 1763/1763 1435/1435 1764/1764
f 1765/1765 1440/1440 1436/1436
f 1440/1440 1765/1765 1439/1439
f 1766/1766 1441/1441 1767/1767
f 1441/1441 1766/1766 1768/1768
f 1438/1438 1442/1442 1769/1769
f 1442/1442 1438/1438 1770/1770
f 1437/1437 1771/1771 1435/1435
f 1771/1771 1437/1437 1772/1772
f 1440/1440 1443/1443 1454/1454
f 1443/1443 1440/1440 1439/1439
f 1768/1768 1445/1445 1441/1441
f 1445/1445 1768/1768 1444/1444
f 1770/1770 1773/1773 1455/1455
f 1772/1772 1774/1774 1771/1771
f 1774/1774 1772/1772 1446/1446
f 1444/1444 1449/1449 1445/1445
f 1449/1449 1444/1444 1448/1448
f 1446/1446 1447/1447 1774/1774
f 1447/1447 1446/1446 1456/1456
f 1461/1461 1775/1775 1438/1438
f 1775/1775 1461/1461 1776/1776
f 1777/1777 1778/1778 1779/1779
f 1778/1778 1777/1777 1780/1780
f 1436/1436 1781/1781 1462/1462
f 1781/1781 1436/1436 1782/1782
f 1448/1448 1453/1453 1449/1449
f 1456/1456 1783/1783 1447/1447
f 1454/1454 1784/1784 1457/1457
f 1784/1784 1454/1454 1443/1443
f 1455/1455 1785/1785 1786/1786
f 1785/1785 1455/1455 1458/1458
f 1784/1784 1787/1787 1788/1788
f 1787/1787 1785/1785 1789/1789
f 1444/1444 1790/1790 1448/1448
f 1791/1791 1792/1792 1793/1793
f 1794/1794 1795/1795 1796/1796
f 1449/1449 1797/1797 1445/1445
f 1440/1440 1454/1454 1798/1798
f 1770/1770 1786/1786 1442/1442
f 1786/1786 1770/1770 1455/1455
f 1457/1457 1784/1784 1788/1788
f 1785/1785 1458/1458 1789/1789
f 1462/1462 1459/1459 1463/1463
f 1464/1464 1460/1460 1461/1461
f 1799/1799 1763/1763 1764/1764
f 1763/1763 1799/1799 1800/1800
f 1459/1459 1466/1466 1465/1465
f 1466/1466 1459/1459 1462/1462
f 1801/1801 1467/1467 1802/1802
f 1467/1467 1801/1801 1803/1803
f 1461/1461 1468/1468 1804/1804
f 1468/1468 1461/1461 1460/1460
f 1800/1800 1805/1805 1806/1806
f 1805/1805 1800/1800 1799/1799
f 1466/1466 1469/1469 1465/1465
f 1469/1469 1466/1466 1478/1478
f 1802/1802 1471/1471 1470/1470
f 1471/1471 1802/1802 1467/1467
f 1804/1804 1479/1479 1807/1807
f 1806/1806 1808/1808 1472/1472
f 1808/1808 1806/1806 1805/1805
f 1470/1470 1475/1475 1474/1474
f 1475/1475 1470/1470 1471/1471
f 1472/1472 1473/1473 1480/1480
f 1473/1473 1472/1472 1808/1808
f 1809/1809 1810/1810 1811/1811
f 1810/1810 1809/1809 1812/1812
f 1474/1474 1475/1475 1477/1477
f 1480/1480 1473/1473 1813/1813
f 1478/1478 1481/1481 1814/1814
f 1814/1814 1469/1469 1478/1478
f 1479/1479 1815/1815 1816/1816
f 1816/1816 1482/1482 1479/1479
f 1814/1814 1817/1817 1818/1818
f 1818/1818 1819/1819 1816/1816
f 1470/1470 1474/1474 1820/1820
f 1821/1821 1822/1822 1823/1823
f 1824/1824 1825/1825 1826/1826
f 1475/1475 1471/1471 1827/1827
f 1466/1466 1828/1828 1478/1478
f 1804/1804 1815/1815 1479/1479
f 1815/1815 1804/1804 1468/1468
f 1481/1481 1817/1817 1814/1814
f 1816/1816 1819/1819 1482/1482
f 1436/1436 1463/1463 1765/1765
f 1464/1464 1438/1438 1769/1769
f 1483/1483 1488/1488 1484/1484
f 1488/1488 1483/1483 1487/1487
f 1484/1484 1490/1490 1486/1486
f 1490/1490 1484/1484 1488/1488
f 1486/1486 1489/1489 1485/1485
f 1489/1489 1486/1486 1490/1490
f 1485/1485 1487/1487 1483/1483
f 1487/1487 1485/1485 1489/1489
f 1491/1491 1496/1496 1492/1492
f 1496/1496 1491/1491 1495/1495
f 1492/1492 1498/1498 1494/1494
f 1498/1498 1492/1492 1496/1496
f 1494/1494 1497/1497 1493/1493
f 1497/1497 1494/1494 1498/1498
f 1493/1493 1495/1495 1491/1491
f 1495/1495 1493/1493 1497/1497
f 1499/1499 1504/1504 1500/1500
f 1504/1504 1499/1499 1503/1503
f 1500/1500 1506/1506 1502/1502
f 1506/1506 1500/1500 1504/1504
f 1502/1502 1505/1505 1501/1501
f 1505/1505 1502/1502 1506/1506
f 1501/1501 1503/1503 1499/1499
f 1503/1503 1501/1501 1505/1505
f 1507/1507 1512/1512 1508/1508
f 1512/1512 1507/1507 1511/1511
f 1508/1508 1514/1514 1510/1510
f 1514/1514 1508/1508 1512/1512
f 1510/1510 1513/1513 1509/1509
f 1513/1513 1510/1510 1514/1514
f 1509/1509 1511/1511 1507/1507
f 1511/1511 1509/1509 1513/1513
f 1515/1515 1520/1520 1516/1516
f 1520/1520 1515/1515 1519/1519
f 1516/1516 1522/1522 1518/1518
f 1522/1522 1516/1516 1520/1520
f 1518/1518 1521/1521 1517/1517
f 1521/1521 1518/1518 1522/1522
f 1517/1517 1519/1519 1515/1515
f 1519/1519 1517/1517 1521/1521
f 1523/1523 1528/1528 1524/1524
f 1528/1528 1523/1523 1527/1527
f 1524/1524 1530/1530 1526/1526
f 1530/1530 1524/1524 1528/1528
f 1526/1526 1529/1529 1525/1525
f 1529/1529 1526/1526 1530/1530
f 1525/1525 1527/1527 1523/1523
f 1527/1527 1525/1525 1529/1529
f 1531/1531 1536/1536 1532/1532
f 1536/1536 1531/1531 1535/1535
f 1532/1532 1538/1538 1534/1534
f 1538/1538 1532/1532 1536/1536
f 1534/1534 1537/1537 1533/1533
f 1537/1537 1534/1534 1538/1538
f 1533/1533 1535/1535 1531/1531
f 1535/1535 1533/1533 1537/1537
f 1539/1539 1544/1544 1540/1540
f 1544/1544 1539/1539 1543/1543
f 1540/1540 1546/1546 1542/1542
f 1546/1546 1540/1540 1544/1544
f 1542/1542 1545/1545 1541/1541
f 1545/1545 1542/1542 1546/1546
f 1541/1541 1543/1543 1539/1539
f 1543/1543 1541/1541 1545/1545
f 1547/1547 1552/1552 1548/1548
f 1552/1552 1547/1547 1551/1551
f 1548/1548 1554/1554 1550/1550
f 1554/1554 1548/1548 1552/1552
f 1550/1550 1553/1553 1549/1549
f 1553/1553 1550/1550 1554/1554
f 1549/1549 1551/1551 1547/1547
f 1551/1551 1549/1549 1553/1553
f 1555/1555 1560/1560 1556/1556
f 1560/1560 1555/1555 1559/1559
f 1556/1556 1562/1562 1558/1558
f 1562/1562 1556/1556 1560/1560
f 1558/1558 1561/1561 1557/1557
f 1561/1561 1558/1558 1562/1562
f 1557/1557 1559/1559 1555/1555
f 1559/1559 1557/1557 1561/1561
f 1563/1563 1568/1568 1564/1564
f 1568/1568 1563/1563 1567/1567
f 1564/1564 1570/1570 1566/1566
f 1570/1570 1564/1564 1568/1568
f 1566/1566 1569/1569 1565/1565
f 1569/1569 1566/1566 1570/1570
f 1565/1565 1567/1567 1563/1563
f 1567/1567 1565/1565 1569/1569
f 1571/1571 1576/1576 1572/1572
f 1576/1576 1571/1571 1575/1575
f 1572/1572 1578/1578 1574/1574
f 1578/1578 1572/1572 1576/1576
f 1574/1574 1577/1577 1573/1573
f 1577/1577 1574/1574 1578/1578
f 1573/1573 1575/1575 1571/1571
f 1575/1575 1573/1573 1577/1577
f 1579/1579 1584/1584 1580/1580
f 1584/1584 1579/1579 1583/1583
f 1580/1580 1586/1586 1582/1582
f 1586/1586 1580/1580 1584/1584
f 1582/1582 1585/1585 1581/1581
f 1585/1585 1582/1582 1586/1586
f 1581/1581 1583/1583 1579/1579
f 1583/1583 1581/1581 1585/1585
f 1587/1587 1592/1592 1588/1588
f 1592/1592 1587/1587 1591/1591
f 1588/1588 1594/1594 1590/1590
f 1594/1594 1588/1588 1592/1592
f 1590/1590 1593/1593 1589/1589
f 1593/1593 1590/1590 1594/1594
f 1589/1589 1591/1591 1587/1587
f 1591/1591 1589/1589 1593/1593
f 1595/1595 1600/1600 1596/1596
f 1600/1600 1595/1595 1599/1599
f 1596/1596 1602/1602 1598/1598
f 1602/1602 1596/1596 1600/1600
f 1598/1598 1601/1601 1597/1597
f 1601/1601 1598/1598 1602/1602
f 1597/1597 1599/1599 1595/1595
f 1599/1599 1597/1597 1601/1601
f 1603/1603 1608/1608 1604/1604
f 1608/1608 1603/1603 1607/1607
f 1604/1604 1610/1610 1606/1606
f 1610/1610 1604/1604 1608/1608
f 1606/1606 1609/1609 1605/1605
f 1609/1609 1606/1606 1610/1610
f 1605/1605 1607/1607 1603/1603
f 1607/1607 1605/1605 1609/1609
f 1611/1611 1616/1616 1612/1612
f 1616/1616 1611/1611 1615/1615
f 1612/1612 1618/1618 1614/1614
f 1618/1618 1612/1612 1616/1616
f 1614/1614 1617/1617 1613/1613
f 1617/1617 1614/1614 1618/1618
f 1613/1613 1615/1615 1611/1611
f 1615/1615 1613/1613 1617/1617
f 1619/1619 1624/1624 1620/1620
f 1624/1624 1619/1619 1623/1623
f 1620/1620 1626/1626 1622/1622
f 1626/1626 1620/1620 1624/1624
f 1622/1622 1625/1625 1621/1621
f 1625/1625 1622/1622 1626/1626
f 1621/1621 1623/1623 1619/1619
f 1623/1623 1621/1621 1625/1625
f 1627/1627 1632/1632 1628/1628
f 1632/1632 1627/1627 1631/1631
f 1628/1628 1634/1634 1630/1630
f 1634/1634 1628/1628 1632/1632
f 1630/1630 1633/1633 1629/1629
f 1633/1633 1630/1630 1634/1634
f 1629/1629 1631/1631 1627/1627
f 1631/1631 1629/1629 1633/1633
f 1635/1635 1640/1640 1636/1636
f 1640/1640 1635/1635 1639/1639
f 1636/1636 1642/1642 1638/1638
f 1642/1642 1636/1636 1640/1640
f 1638/1638 1641/1641 1637/1637
f 1641/1641 1638/1638 1642/1642
f 1637/1637 1639/1639 1635/1635
f 1639/1639 1637/1637 1641/1641
f 1643/1643 1648/1648 1644/1644
f 1648/1648 1643/1643 1647/1647
f 1644/1644 1650/1650 1646/1646
f 1650/1650 1644/1644 1648/1648
f 1646/1646 1649/1649 1645/1645
f 1649/1649 1646/1646 1650/1650
f 1645/1645 1647/1647 1643/1643
f 1647/1647 1645/1645 1649/1649
f 1651/1651 1653/1653 1652/1652
f 1653/1653 1651/1651 1654/1654
f 1652/1652 1656/1656 1655/1655
f 1656/1656 1652/1652 1653/1653
f 1655/1655 1658/1658 1657/1657
f 1658/1658 1655/1655 1656/1656
f 1657/1657 1654/1654 1651/1651
f 1654/1654 1657/1657 1658/1658
f 1659/1659 1661/1661 1660/1660
f 1661/1661 1659/1659 1662/1662
f 1660/1660 1664/1664 1663/1663
f 1664/1664 1660/1660 1661/1661
f 1663/1663 1666/1666 1665/1665
f 1666/1666 1663/1663 1664/1664
f 1665/1665 1662/1662 1659/1659
f 1662/1662 1665/1665 1666/1666
f 1667/1667 1669/1669 1668/1668
f 1669/1669 1667/1667 1670/1670
f 1668/1668 1672/1672 1671/1671
f 1672/1672 1668/1668 1669/1669
f 1671/1671 1674/1674 1673/1673
f 1674/1674 1671/1671 1672/1672
f 1673/1673 1670/1670 1667/1667
f 1670/1670 1673/1673 1674/1674
f 1675/1675 1677/1677 1676/1676
f 1677/1677 1675/1675 1678/1678
f 1676/1676 1680/1680 1679/1679
f 1680/1680 1676/1676 1677/1677
f 1679/1679 1682/1682 1681/1681
f 1682/1682 1679/1679 1680/1680
f 1681/1681 1678/1678 1675/1675
f 1678/1678 1681/1681 1682/1682
f 1683/1683 1685/1685 1684/1684
f 1685/1685 1683/1683 1686/1686
f 1684/1684 1688/1688 1687/1687
f 1688/1688 1684/1684 1685/1685
f 1687/1687 1690/1690 1689/1689
f 1690/1690 1687/1687 1688/1688
f 1689/1689 1686/1686 1683/1683
f 1686/1686 1689/1689 1690/1690
f 1691/1691 1693/1693 1692/1692
f 1693/1693 1691/1691 1694/1694
f 1692/1692 1696/1696 1695/1695
f 1696/1696 1692/1692 1693/1693
f 1695/1695 1698/1698 1697/1697
f 1698/1698 1695/1695 1696/1696
f 1697/1697 1694/1694 1691/1691
f 1694/1694 1697/1697 1698/1698
f 1699/1699 1701/1701 1700/1700
f 1701/1701 1699/1699 1702/1702
f 1700/1700 1704/1704 1703/1703
f 1704/1704 1700/1700 1701/1701
f 1703/1703 1706/1706 1705/1705
f 1706/1706 1703/1703 1704/1704
f 1705/1705 1702/1702 1699/1699
f 1702/1702 1705/1705 1706/1706
f 1707/1707 1709/1709 1708/1708
f 1709/1709 1707/1707 1710/1710
f 1708/1708 1712/1712 1711/1711
f 1712/1712 1708/1708 1709/1709
f 1711/1711 1714/1714 1713/1713
f 1714/1714 1711/1711 1712/1712
f 1713/1713 1710/1710 1707/1707
f 1710/1710 1713/1713 1714/1714
f 1715/1715 1717/1717 1716/1716
f 1717/1717 1715/1715 1718/1718
f 1716/1716 1720/1720 1719/1719
f 1720/1720 1716/1716 1717/1717
f 1719/1719 1722/1722 1721/1721
f 1722/1722 1719/1719 1720/1720
f 1721/1721 1718/1718 1715/1715
f 1718/1718 1721/1721 1722/1722
f 1723/1723 1725/1725 1724/1724
f 1725/1725 1723/1723 1726/1726
f 1724/1724 1728/1728 1727/1727
f 1728/1728 1724/1724 1725/1725
f 1727/1727 1730/1730 1729/1729
f 1730/1730 1727/1727 1728/1728
f 1729/1729 1726/1726 1723/1723
f 1726/1726 1729/1729 1730/1730
f 1731/1731 1733/1733 1732/1732
f 1733/1733 1731/1731 1734/1734
f 1732/1732 1736/1736 1735/1735
f 1736/1736 1732/1732 1733/1733
f 1735/1735 1738/1738 1737/1737
f 1738/1738 1735/1735 1736/1736
f 1737/1737 1734/1734 1731/1731
f 1734/1734 1737/1737 1738/1738
f 1739/1739 1741/1741 1740/1740
f 1741/1741 1739/1739 1742/1742
f 1740/1740 1744/1744 1743/1743
f 1744/1744 1740/1740 1741/1741
f 1743/1743 1746/1746 1745/1745
f 1746/1746 1743/1743 1744/1744
f 1745/1745 1742/1742 1739/1739
f 1742/1742 1745/1745 1746/1746
f 1747/1747 1749/1749 1748/1748
f 1749/1749 1747/1747 1750/1750
f 1748/1748 1752/1752 1751/1751
f 1752/1752 1748/1748 1749/1749
f 1751/1751 1754/1754 1753/1753
f 1754/1754 1751/1751 1752/1752
f 1753/1753 1750/1750 1747/1747
f 1750/1750 1753/1753 1754/1754
f 1755/1755 1757/1757 1756/1756
f 1757/1757 1755/1755 1758/1758
f 1756/1756 1760/1760 1759/1759
f 1760/1760 1756/1756 1757/1757
f 1759/1759 1762/1762 1761/1761
f 1762/1762 1759/1759 1760/1760
f 1761/1761 1758/1758 1755/1755
f 1758/1758 1761/1761 1762/1762
