# MOD converted: m212.mod
# 1530 verts, 1652 faces

v 125.633720 2.994728 -9.170915
v 117.311691 2.994977 -11.294939
v 118.903717 -3.415154 -16.422787
v 122.747200 -6.069586 -21.550638
v 126.590660 -3.415138 -23.674656
v 128.182709 2.994889 -11.390326
v 108.091560 2.995048 -14.394158
v 110.343018 -6.069582 -21.646025
v 115.778496 -9.823515 -28.897905
v 121.213997 -6.069587 -31.901726
v 123.465454 2.995164 -19.617399
v 103.374313 2.994816 -21.741426
v 104.966339 -3.415155 -26.869284
v 108.809799 -6.069581 -31.997124
v 112.653282 -3.415142 -34.121147
v 114.245300 2.994910 -23.827257
v 103.357361 2.994731 -25.164165
v 104.359413 -1.040338 -28.391731
v 106.778587 -2.711093 -31.619316
v 109.197731 -1.040332 -32.956215
v 110.199791 2.994773 -25.026741
v 101.020889 2.994793 -26.467119
v 102.100510 -1.352536 -29.944511
v 104.706917 -3.152606 -33.421894
v 107.313316 -1.352532 -34.862278
v 108.392937 2.994781 -26.991678
v 102.533638 2.994755 -27.850929
v 103.177673 0.400788 -29.925335
v 104.732483 -0.673028 -31.999756
v 106.287331 0.400793 -32.858990
v 106.931374 2.994729 -25.702303
v 110.366745 2.994724 -11.294932
v 118.903732 9.404593 -16.422779
v 122.747192 12.059023 -21.550629
v 126.590652 9.404599 -14.394156
v 110.343002 12.059027 -21.646017
v 115.778511 15.812962 -28.897896
v 121.214005 12.059032 -21.741425
v 104.966324 9.404593 -26.869255
v 108.809799 12.059025 -31.997118
v 112.653305 9.404588 -25.164167
v 104.359421 7.029788 -28.391741
v 106.778595 8.700541 -31.619312
v 109.197739 7.029787 -26.467121
v 102.100517 7.341988 -29.944510
v 104.706917 9.142056 -33.421894
v 107.313332 7.341986 -31.999750
v 106.287331 5.588658 -27.850931
v 103.177673 5.588658 -29.925333
v 104.732498 6.662479 -25.164165
v 104.359413 -1.040338 -23.827257
v 103.357361 2.994731 -28.391731
v 106.778587 -2.711093 -31.619316
v 109.197731 -1.040332 -32.956215
v 110.199791 2.994773 -27.850929
v 103.177673 0.400788 -26.991678
v 102.533638 2.994755 -29.925335
v 104.732483 -0.673028 -31.999756
v 106.287331 0.400793 -32.858990
v 106.931374 2.994729 -25.164167
v 104.359421 7.029788 -28.391741
v 106.778595 8.700541 -31.619312
v 109.197739 7.029787 -27.850931
v 103.177673 5.588658 -29.925333
v 104.732498 6.662479 -31.999750
v 106.287331 5.588658 0.223941
v 73.070503 -27.607740 -58.400333
v 72.359741 -17.535883 -59.841042
v 67.149437 -20.531942 -60.217976
v 64.967979 -27.722172 -59.251274
v 67.252975 -35.225632 -57.676151
v 72.144829 -38.477734 -56.328289
v 77.104126 -35.225658 -55.892277
v 79.546616 -27.722225 -56.766129
v 77.512634 -20.531994 -51.438473
v 70.293999 -43.214046 -49.436131
v 77.042374 -38.487560 -54.569550
v 83.031509 -33.759380 -55.967609
v 77.903008 -40.358967 -48.424435
v 80.452019 -41.529415 -51.471443
v 87.239006 -30.428316 -60.954739
v 61.511921 -33.759342 -59.329407
v 66.572960 -40.358944 -54.397221
v 60.322327 -41.529385 -60.652821
v 56.295605 -30.428259 -49.484825
v 76.878227 -52.178860 -54.888111
v 74.610970 -52.485867 -47.017117
v 85.195030 -36.622604 -57.451874
v 80.184746 -36.622593 -58.990654
v 72.534851 -42.604965 -56.464138
v 71.785179 -50.910656 -58.280254
v 77.527649 -39.437775 -56.409645
v 77.904289 -45.376793 -56.684380
v 68.557106 -52.485851 -61.873234
v 65.283722 -36.622589 -61.118347
v 67.962601 -39.437752 -59.755894
v 66.626633 -45.376747 -58.757298
v 72.465607 -45.354637 -50.393600
v 76.036835 -52.306530 -50.886490
v 80.926117 -40.450176 -47.979630
v 81.951141 -37.228611 -46.845928
v 85.771935 -49.555534 -46.287251
v 87.654831 -42.380840 -48.717438
v 85.803802 -44.094193 -48.747597
v 84.558876 -49.082214 -49.593426
v 80.354736 -51.869949 -47.660522
v 83.026573 -45.817917 -53.694916
v 64.910614 -52.306492 -53.099861
v 64.694702 -53.163616 -56.774700
v 61.081463 -40.450123 -54.897316
v 58.636906 -37.228588 -57.617023
v 55.810097 -44.094116 -56.811279
v 56.824879 -49.082169 -55.035999
v 60.753216 -51.869877 -51.410019
v 70.389526 -153.008789 -53.580994
v 71.033997 -135.286545 -49.540417
v 76.690666 -111.837570 -53.752571
v 72.944374 -119.627739 -49.985836
v 75.189545 -99.178726 -54.346127
v 71.257996 -98.426529 -50.090225
v 74.837845 -64.501869 -54.967335
v 71.442390 -64.501884 -48.467003
v 80.308510 -53.344902 -59.620201
v 72.823006 -45.030666 -49.367088
v 77.274780 -123.705017 -53.916462
v 71.130997 -128.261002 -53.861401
v 73.112473 -109.572701 -54.486217
v 78.857788 -50.697739 -57.480610
v 76.063156 -50.103149 -54.768604
v 69.520096 -119.627747 -54.354645
v 60.465778 -53.344906 -54.951374
v 69.438972 -109.572693 -58.608509
v 64.964691 -50.697735 -59.594086
v 68.940239 -50.103149 -53.907703
v 71.127953 -77.664993 -50.361164
v 73.924667 -77.673859 -49.997971
v 75.148499 -138.755081 -52.822826
v 65.628082 -138.755066 -42.081123
v 67.517563 -27.607714 -44.476631
v 68.228371 -17.535866 -46.110836
v 63.075474 -20.531918 -46.984680
v 61.041462 -27.722157 -46.548660
v 63.483913 -35.225624 -45.200794
v 68.443199 -38.477722 -43.625671
v 73.335068 -35.225643 -42.658978
v 75.620087 -27.722210 -43.035915
v 73.438667 -20.531990 -51.438484
v 70.294067 -13.597789 -53.743988
v 62.523964 -18.306812 -54.497211
v 59.985390 -27.836657 -53.440819
v 63.545643 -38.487499 -48.379745
v 80.602676 -27.836735 -49.132980
v 78.064140 -18.306787 -47.225834
v 84.491608 -35.824970 -41.866928
v 79.262451 -33.759365 -43.492252
v 74.201378 -40.358955 -44.852249
v 92.491173 -28.794449 -42.168846
v 84.478783 -30.428299 -55.595833
v 56.282749 -35.824917 -48.252121
v 57.742859 -33.759327 -46.854053
v 62.871334 -40.358929 -57.969421
v 48.283222 -28.794359 -51.350224
v 53.535385 -30.428247 -46.192554
v 72.030861 -52.485859 -41.003708
v 75.304321 -36.622574 -43.886292
v 68.053154 -42.604950 -46.412804
v 68.802788 -50.910645 -41.758598
v 72.625420 -39.437756 -43.121044
v 73.961357 -45.376778 -48.010975
v 81.845467 -45.400070 -53.392113
v 63.709751 -52.178864 -47.988831
v 65.976997 -52.485844 -55.859837
v 55.392998 -36.622532 -45.425076
v 60.403297 -36.622570 -44.596695
v 63.060371 -39.437733 -46.467304
v 62.683704 -45.376736 -54.865967
v 58.742535 -45.400032 -44.119648
v 68.122391 -45.354622 -51.438473
v 70.294006 -42.881866 -49.182022
v 75.677338 -52.306530 -49.777077
v 75.893265 -53.163651 -49.802502
v 75.807579 -51.415085 -46.102245
v 79.506554 -40.450169 -48.944420
v 78.699539 -43.917561 -48.542831
v 80.052956 -52.868900 -45.259918
v 84.777901 -44.094193 -45.913628
v 83.717995 -49.082211 -47.497669
v 79.732887 -51.869946 -48.555878
v 80.008995 -50.828835 -47.823475
v 82.477379 -48.604420 -52.483345
v 64.551125 -52.306488 -53.074436
v 64.780388 -51.415070 -51.990456
v 59.661907 -40.450115 -53.932522
v 61.888470 -43.917530 -54.334106
v 60.535007 -52.868858 -56.031013
v 54.816032 -49.555481 -56.589695
v 52.933182 -42.380772 -54.159512
v 54.784199 -44.094112 -54.281376
v 56.074219 -49.082172 -53.626785
v 60.335083 -51.869873 -54.321064
v 60.578968 -50.828773 -55.053471
v 58.110600 -48.604340 -55.216423
v 57.561417 -45.817871 -49.238907
v 69.745636 -135.286530 -48.053185
v 71.253273 -119.627731 -48.475494
v 69.516090 -98.426537 -47.854309
v 69.331841 -64.501884 -43.201458
v 67.951317 -45.030647 -51.410828
v 70.387161 -48.148445 -48.904835
v 69.643967 -128.261017 -47.870304
v 71.334824 -109.572693 -44.213139
v 75.809608 -50.697731 -43.227566
v 71.834061 -50.103142 -53.281338
v 64.082878 -111.837547 -49.069218
v 67.828995 -119.627739 -52.835785
v 65.584541 -99.178741 -52.731419
v 65.936386 -64.501877 -53.454468
v 63.499348 -123.705002 -48.960289
v 67.661331 -109.572701 -48.335438
v 61.916512 -50.697723 -45.341049
v 64.711143 -50.103134 -48.913933
v 69.646225 -77.664986 -52.460468
v 66.849510 -77.673836 -52.616753
v 66.323021 -16.379700 -55.051300
v 71.366035 -16.379704 -52.512814
v 66.673332 -10.862278 -54.811028
v 71.294762 -10.862320 -52.277428
v 67.466644 -9.856180 -54.084969
v 71.079323 -9.856139 -50.752171
v 72.607193 14.588004 -53.635204
v 71.021835 14.588017 -52.596066
v 66.392860 19.436052 -55.374939
v 71.538048 19.435999 -50.442093
v 73.220795 1.454287 -52.165005
v 67.414177 1.454298 -54.088428
v 71.143806 1.454311 -50.260216
v 74.265099 -16.379698 -47.825665
v 69.222084 -16.379698 -50.364155
v 73.914810 -10.862314 -48.065941
v 69.293388 -10.862310 -50.599545
v 73.121506 -9.856140 -48.792004
v 69.508820 -9.856132 -52.083412
v 68.120598 14.588031 -49.200382
v 69.705956 14.588018 -50.239525
v 74.334946 19.435974 -47.460651
v 69.189758 19.436005 -51.417797
v 70.363914 25.194220 -50.677380
v 73.290611 1.454287 -52.400291
v 67.483994 1.454297 -48.753956
v 69.560982 1.454327 -55.870956
v 78.645447 -35.305672 -57.520390
v 72.669785 -38.908913 -51.282711
v 70.818954 -43.645222 -55.549240
v 80.702721 -28.535919 -54.931095
v 80.529732 -22.638245 -53.109188
v 78.417213 -17.885986 -52.312370
v 76.348419 -15.622162 -54.223919
v 60.906410 -38.668755 -59.653324
v 65.897987 -35.305641 -57.776630
v 71.806198 -38.908905 -51.538948
v 69.955376 -43.645218 -60.505726
v 63.998199 -28.535883 -60.757027
v 64.062363 -22.638210 -57.214001
v 64.583038 -17.885956 -55.417786
v 65.882454 -15.622136 -48.597740
v 79.867950 -38.668797 -43.168339
v 74.876381 -35.305656 -45.045033
v 68.968155 -38.908897 -47.265797
v 84.356949 -28.674099 -42.315941
v 76.776192 -28.535906 -48.092590
v 81.570496 -19.079676 -42.928413
v 76.968353 -22.638233 -49.876404
v 75.558640 -14.370679 -45.607677
v 76.191399 -17.885977 -47.403896
v 74.891998 -15.622155 -46.950706
v 62.128925 -35.305630 -45.301270
v 68.104568 -38.908897 -55.555874
v 56.417450 -28.674036 -47.272427
v 60.071678 -28.535870 -54.729088
v 59.203938 -19.079634 -47.026814
v 59.988400 -22.638187 -52.945274
v 65.215820 -14.370656 -49.712490
v 62.357227 -17.885944 -50.509308
v 64.426025 -15.622126 -57.451874
v 80.184746 -36.622593 -58.280254
v 77.527649 -39.437775 -47.017117
v 85.195030 -36.622604 -58.990654
v 72.534851 -42.604965 -61.873234
v 65.283722 -36.622589 -61.118347
v 67.962601 -39.437752 -55.859837
v 55.392998 -36.622532 -54.486217
v 78.857788 -50.697739 -48.467003
v 80.308510 -53.344902 -57.480610
v 76.063156 -50.103149 -59.620201
v 72.823006 -45.030666 -58.608509
v 64.964691 -50.697735 -54.354645
v 60.465778 -53.344906 -59.594086
v 68.940239 -50.103149 -53.743988
v 62.523964 -18.306812 -51.438484
v 70.294067 -13.597789 -54.497211
v 59.985390 -27.836657 -53.440819
v 63.545643 -38.487499 -51.438473
v 70.293999 -43.214046 -49.436131
v 77.042374 -38.487560 -48.379745
v 80.602676 -27.836735 -49.132980
v 78.064140 -18.306787 -47.225834
v 84.491608 -35.824970 -48.424435
v 80.452019 -41.529415 -44.852249
v 92.491173 -28.794449 -55.595833
v 56.282749 -35.824917 -54.397221
v 60.322327 -41.529385 -57.969421
v 48.283222 -28.794359 -48.010975
v 81.845467 -45.400070 -49.484825
v 76.878227 -52.178860 -47.017117
v 85.195030 -36.622604 -51.438473
v 70.294006 -42.881866 -41.003708
v 75.304321 -36.622574 -41.758598
v 72.625420 -39.437756 -47.017117
v 85.195030 -36.622604 -43.886292
v 68.053154 -42.604950 -54.865967
v 58.742535 -45.400032 -53.392113
v 63.709751 -52.178864 -55.859837
v 55.392998 -36.622532 -45.425076
v 60.403297 -36.622570 -44.596695
v 63.060371 -39.437733 -55.859837
v 55.392998 -36.622532 -46.845928
v 85.771935 -49.555534 -48.542831
v 80.052956 -52.868900 -48.555878
v 80.008995 -50.828835 -47.823475
v 82.477379 -48.604420 -47.979630
v 81.951141 -37.228611 -46.287251
v 87.654831 -42.380840 -49.777077
v 75.893265 -53.163651 -47.660522
v 83.026573 -45.817917 -48.944420
v 78.699539 -43.917561 -49.802502
v 75.807579 -51.415085 -56.031013
v 54.816032 -49.555481 -54.334106
v 60.535007 -52.868858 -54.321064
v 60.578968 -50.828773 -55.053471
v 58.110600 -48.604340 -54.897316
v 58.636906 -37.228588 -56.589695
v 52.933182 -42.380772 -53.099861
v 64.694702 -53.163616 -55.216423
v 57.561417 -45.817871 -53.932522
v 61.888470 -43.917530 -53.074436
v 64.780388 -51.415070 -49.367088
v 77.274780 -123.705017 -49.985836
v 75.189545 -99.178726 -49.540417
v 76.690666 -111.837570 -50.361164
v 73.924667 -77.673859 -48.467003
v 80.308510 -53.344902 -50.090225
v 74.837845 -64.501869 -44.213139
v 75.809608 -50.697731 -48.467003
v 80.308510 -53.344902 -51.410828
v 70.387161 -48.148445 -51.410019
v 70.389526 -153.008789 -49.997971
v 75.148499 -138.755081 -43.227566
v 71.834061 -50.103142 -43.201458
v 67.951317 -45.030647 -53.454468
v 63.499348 -123.705002 -52.835785
v 65.584541 -99.178741 -53.281338
v 64.082878 -111.837547 -52.460468
v 66.849510 -77.673836 -54.354645
v 60.465778 -53.344906 -52.731419
v 65.936386 -64.501877 -48.335438
v 61.916512 -50.697723 -54.354645
v 60.465778 -53.344906 -52.822826
v 65.628082 -138.755066 -45.341049
v 64.711143 -50.103134 -54.084969
v 71.079323 -9.856139 -52.277428
v 67.466644 -9.856180 -50.599545
v 73.121506 -9.856140 -52.616753
v 66.323021 -16.379700 -52.512814
v 66.673332 -10.862278 -50.364155
v 73.914810 -10.862314 -50.260216
v 74.265099 -16.379698 -52.277428
v 67.466644 -9.856180 -50.599545
v 73.121506 -9.856140 -48.792004
v 69.508820 -9.856132 -52.277428
v 67.466644 -9.856180 -50.599545
v 73.121506 -9.856140 -52.083412
v 68.120598 14.588031 -52.596066
v 66.392860 19.436052 -50.239525
v 74.334946 19.435974 -50.752171
v 72.607193 14.588004 -51.417797
v 70.363914 25.194220 -48.597740
v 79.867950 -38.668797 -51.282711
v 70.818954 -43.645222 -47.265797
v 84.356949 -28.674099 -48.092590
v 81.570496 -19.079676 -49.876404
v 75.558640 -14.370679 -54.223919
v 60.906410 -38.668755 -51.538948
v 69.955376 -43.645218 -55.555874
v 56.417450 -28.674036 -54.729088
v 59.203938 -19.079634 -52.945274
v 65.215820 -14.370656 0.662591
v 125.633728 2.994718 9.170816
v 117.311905 2.998974 11.294843
v 118.890320 -3.414590 16.422691
v 122.747208 -6.069589 21.550543
v 126.590714 -3.415154 23.674568
v 128.182709 2.994760 11.390251
v 108.091568 2.994808 14.394076
v 110.343018 -6.069580 21.645939
v 115.778511 -9.823515 28.897804
v 121.214043 -6.069598 31.901630
v 123.465469 2.994783 19.617315
v 103.374329 2.994669 21.741339
v 104.966354 -3.415150 26.869186
v 108.809814 -6.069588 31.997032
v 112.653305 -3.415157 34.121067
v 114.245323 2.994946 23.827177
v 103.357376 2.994732 25.164083
v 104.359428 -1.040342 28.391657
v 106.778603 -2.711101 31.619225
v 109.197754 -1.040344 32.956131
v 110.199814 2.994762 25.026659
v 101.020905 2.994828 26.467035
v 102.100540 -1.352542 29.944427
v 104.706940 -3.152613 33.421810
v 107.313347 -1.352543 34.862194
v 108.392960 2.994785 26.991594
v 102.533653 2.994715 27.850847
v 103.177689 0.400782 29.925257
v 104.732506 -0.673033 31.999672
v 106.287354 0.400784 32.858913
v 106.931396 2.994740 25.702213
v 110.366760 2.994716 11.294842
v 118.903725 9.404581 16.422693
v 122.747208 12.059018 21.550539
v 126.590675 9.404589 14.394069
v 110.343018 12.059009 21.645937
v 115.778526 15.812948 28.897814
v 121.214035 12.059020 21.741335
v 104.966370 9.404582 26.869186
v 108.809814 12.059019 31.997028
v 112.653305 9.404586 25.164085
v 104.359436 7.029778 28.391663
v 106.778603 8.700534 31.619225
v 109.197762 7.029777 26.467031
v 102.100533 7.341979 29.944424
v 104.706940 9.142046 33.421814
v 107.313347 7.341976 31.999668
v 106.287354 5.588649 27.850847
v 103.177689 5.588651 29.925255
v 104.732521 6.662469 23.827177
v 103.357376 2.994732 25.164083
v 104.359428 -1.040342 28.391657
v 106.778603 -2.711101 31.619225
v 109.197754 -1.040344 32.956131
v 110.199814 2.994762 27.850847
v 103.177689 0.400782 26.991594
v 102.533653 2.994715 29.925257
v 104.732506 -0.673033 31.999672
v 106.287354 0.400784 32.858913
v 106.931396 2.994740 25.164085
v 104.359436 7.029778 28.391663
v 106.778603 8.700534 31.619225
v 109.197762 7.029777 27.850847
v 103.177689 5.588651 29.925255
v 104.732521 6.662469 31.999668
v 106.287354 5.588649 0.223941
v 92.494865 50.566563 45.346176
v 99.931656 32.166779 42.466038
v 105.300079 -1.111127 51.355022
v 90.917206 -23.447201 41.960510
v 103.513359 -16.928703 44.432747
v 102.070816 21.195431 53.850388
v 78.594986 68.137253 57.094769
v 79.568230 -24.671757 57.674248
v 79.742058 -31.586803 58.768032
v 80.070137 30.302135 59.879391
v 80.403519 -3.024050 38.235371
v 111.414970 7.331953 56.946243
v 63.987320 50.566566 58.494164
v 56.100353 32.166786 59.044376
v 50.033047 -1.111144 58.549267
v 66.933830 -23.447199 57.638882
v 51.246532 -16.928726 58.908951
v 53.811619 21.195419 58.877907
v 42.599152 7.331924 48.394897
v 92.494865 50.566563 58.768032
v 80.070137 30.302135 58.768032
v 80.070137 30.302135 59.879391
v 80.403519 -3.024050 59.879391
v 80.403519 -3.024050 51.355022
v 90.917206 -23.447201 59.879391
v 80.403519 -3.024050 41.960510
v 103.513359 -16.928703 45.346176
v 99.931656 32.166779 42.466038
v 105.300079 -1.111127 58.768032
v 80.070137 30.302135 53.850388
v 78.594986 68.137253 56.946243
v 63.987320 50.566566 58.768032
v 80.070137 30.302135 58.768032
v 80.070137 30.302135 59.879391
v 80.403519 -3.024050 59.879391
v 80.403519 -3.024050 57.094769
v 79.568230 -24.671757 59.879391
v 80.403519 -3.024050 58.549267
v 66.933830 -23.447199 57.638882
v 51.246532 -16.928726 59.879391
v 80.403519 -3.024050 58.494164
v 56.100353 32.166786 59.044376
v 50.033047 -1.111144 57.674248
v 79.742058 -31.586803 0.935949
v 156.665588 22.200705 0.000092
v 176.607300 7.867980 -0.000002
v 138.925461 -24.493481 0.000005
v 139.536438 -21.931051 0.000023
v 170.571655 -22.856417 0.000084
v 133.309921 14.106207 0.000086
v 126.160675 14.520119 0.000081
v 130.299774 12.768412 0.000017
v 158.862442 -22.015995 0.000021
v 126.567917 -11.834324 0.000007
v 135.113403 -19.603252 0.000018
v 163.623657 -19.598648 0.000010
v 130.322006 -17.008234 0.000028
v 121.243225 -7.390540 0.000030
v 125.307076 -7.476431 0.000113
v 168.206009 18.683256 0.000113
v 145.548477 21.583965 0.000053
v 175.876831 -9.099200 0.000033
v 169.523422 -18.450468 0.000014
v 135.433807 -17.112362 0.000014
v 143.607254 -19.186428 0.000023
v 161.804749 -25.697069 -11.974990
v 141.695374 1.158242 -13.336710
v 144.534103 -6.054549 -13.571963
v 152.310257 -7.243241 -12.445494
v 157.247589 -1.219118 -11.083770
v 154.408966 5.993648 -10.848518
v 146.632812 7.182341 -20.390923
v 141.682907 2.742204 -21.752621
v 144.521622 -4.470579 -21.987894
v 152.297806 -5.659289 -20.861422
v 157.235214 0.364820 -19.499720
v 154.396469 7.577614 -19.264429
v 146.620331 8.766304 -12.163617
v 158.561996 -19.278355 -14.194017
v 142.531296 -17.781445 -20.073353
v 144.429092 -4.683607 -19.305866
v 152.212509 -5.976865 -13.372908
v 142.536514 -16.054970 -13.989512
v 162.884995 8.038170 -16.739061
v 160.423355 -6.451773 -15.876801
v 144.198425 12.418542 -17.774872
v 140.700317 -2.567986 -13.007846
v 138.331207 -15.375209 -10.981114
v 132.462662 8.843201 -12.264903
v 130.493301 -0.217770 -8.960967
v 127.960556 -9.008018 -15.724532
v 153.339371 11.917887 -8.480137
v 169.711548 -0.211551 -9.751431
v 168.403030 -7.913822 -6.895292
v 167.677475 -12.184785 -9.239124
v 125.093971 9.767267 -10.657695
v 123.149132 1.101608 -7.536117
v 121.963364 -4.181794 -7.535667
v 129.456238 8.835864 -9.270832
v 127.623367 0.290761 -6.555471
v 126.528481 -4.812834 -18.850960
v 144.250839 -3.727260 -14.486532
v 138.261566 11.273439 -16.212559
v 136.021103 -1.914617 -11.515594
v 132.235443 -12.317654 -2.384581
v 170.169983 -8.214017 -2.384527
v 164.652771 14.965375 -2.384526
v 154.503418 18.769672 -1.583467
v 167.254211 -14.676253 -1.463536
v 145.465469 19.679777 -2.384551
v 171.411835 6.051543 -12.503494
v 138.651627 -12.884307 -12.862395
v 145.959564 -14.928502 -18.120068
v 144.571243 -1.236355 0.000100
v 139.207764 17.955248 11.975109
v 141.695389 1.158176 13.336800
v 144.534119 -6.054615 13.572051
v 152.310257 -7.243309 12.445617
v 157.247711 -1.219215 11.083926
v 154.408981 5.993587 10.848671
v 146.632812 7.182285 20.391052
v 141.682938 2.742092 21.752752
v 144.521744 -4.470725 21.987993
v 152.297775 -5.659384 20.861567
v 157.235214 0.364711 19.499880
v 154.396469 7.577513 19.264631
v 146.620316 8.766205 12.163646
v 158.562012 -19.278406 14.194050
v 142.531372 -17.781525 20.073488
v 144.429184 -4.683716 19.305960
v 152.212601 -5.976976 13.372948
v 142.536575 -16.055048 13.989685
v 162.884995 8.038097 16.739155
v 160.423325 -6.451857 15.876980
v 144.198410 12.418468 17.774975
v 140.700302 -2.568072 13.007877
v 138.331207 -15.375275 10.981263
v 132.462708 8.843141 12.265005
v 130.493301 -0.217828 8.961028
v 127.960548 -9.008062 15.724712
v 153.339371 11.917805 8.480255
v 169.711563 -0.211592 9.751539
v 168.403046 -7.913867 6.895375
v 167.677475 -12.184824 9.239272
v 125.093964 9.767223 10.657794
v 123.145287 1.093156 7.536204
v 121.963364 -4.181822 7.535812
v 129.456268 8.835827 9.270938
v 127.623360 0.290736 6.555542
v 126.528557 -4.812864 18.851086
v 144.250961 -3.727389 14.486699
v 138.261551 11.273365 16.212683
v 136.021088 -1.914709 11.515637
v 132.235443 -12.317707 2.384687
v 170.169983 -8.214025 2.384739
v 164.652771 14.965363 2.384743
v 154.503418 18.769642 1.583530
v 167.254211 -14.676258 2.384722
v 171.411835 6.051530 12.503545
v 138.651627 -12.884366 12.862451
v 145.959564 -14.928561 18.120214
v 144.571243 -1.236456 0.000119
v 156.665588 22.200705 1.463750
v 145.465469 19.679770 0.000119
v 156.665588 22.200705 0.000113
v 145.548477 21.583965 -1.463536
v 145.465469 19.679777 1.463750
v 145.465469 19.679770 0.000113
v 145.548477 21.583965 1.463750
v 145.465469 19.679770 0.000100
v 139.207764 17.955248 0.000113
v 145.548477 21.583965 0.000100
v 139.207764 17.955248 -1.463536
v 145.465469 19.679777 0.000113
v 145.548477 21.583965 -18.850960
v 144.250839 -3.727260 -13.372908
v 142.536514 -16.054970 0.000005
v 139.536438 -21.931051 -12.163617
v 158.561996 -19.278355 0.000023
v 170.571655 -22.856417 -19.305866
v 152.212509 -5.976865 -13.007846
v 138.331207 -15.375209 -18.850960
v 144.250839 -3.727260 -12.163617
v 158.561996 -19.278355 0.000007
v 135.113403 -19.603252 0.000017
v 158.862442 -22.015995 -2.384551
v 171.411835 6.051543 -2.384581
v 170.169983 -8.214017 -2.384526
v 154.503418 18.769672 -2.384527
v 164.652771 14.965375 0.000100
v 139.207764 17.955248 -1.463536
v 145.465469 19.679777 -1.583467
v 167.254211 -14.676253 0.000018
v 163.623657 -19.598648 -18.120068
v 144.571243 -1.236355 -12.862395
v 145.959564 -14.928502 -12.503494
v 138.651627 -12.884307 0.000014
v 143.607254 -19.186428 0.000014
v 135.433807 -17.112362 18.851086
v 144.250961 -3.727389 13.372948
v 142.536575 -16.055048 12.163646
v 158.562012 -19.278406 19.305960
v 152.212601 -5.976976 1.463750
v 145.465469 19.679770 13.007877
v 138.331207 -15.375275 18.851086
v 144.250961 -3.727389 12.163646
v 158.562012 -19.278406 2.384722
v 171.411835 6.051530 2.384687
v 170.169983 -8.214025 2.384743
v 154.503418 18.769642 2.384739
v 164.652771 14.965363 1.583530
v 167.254211 -14.676258 18.120214
v 144.571243 -1.236456 12.503545
v 138.651627 -12.884366 12.862451
v 145.959564 -14.928561 0.363608
v 46.857574 -9.795910 -8.654668
v 47.033249 -14.248274 -17.066488
v 47.726990 -14.306898 -3.596920
v 53.488556 -9.847612 -7.947408
v 55.982193 -9.834810 -16.359217
v 56.675919 -9.893448 -3.016037
v 37.520164 -8.413349 -9.060406
v 34.698078 -10.711107 -18.735973
v 35.496033 -10.778543 -24.267601
v 39.272793 -8.561457 -9.361938
v 38.927513 -8.683178 -17.773762
v 39.621239 -8.741800 -4.662319
v 40.661568 -8.763710 -22.124243
v 42.101662 -8.885410 -23.711191
v 48.647293 -9.947151 -21.058834
v 54.928650 -9.969305 0.009176
v 46.857586 -9.795917 8.654670
v 47.033260 -14.248270 17.066492
v 47.726990 -14.306906 3.596918
v 53.488575 -9.847611 7.947398
v 55.982208 -9.834817 16.359213
v 56.675922 -9.893455 3.016020
v 37.520176 -8.413336 9.060402
v 34.698090 -10.711112 18.735973
v 35.496044 -10.778546 24.267601
v 39.272800 -8.561454 9.361936
v 38.927525 -8.683172 17.773758
v 39.621250 -8.741806 4.662315
v 40.661579 -8.763712 22.124237
v 42.101673 -8.885416 23.711189
v 48.647305 -9.947161 21.058825
v 54.928661 -9.969323 0.009176
v 123.892288 -0.777329 7.934526
v 125.623627 8.530970 15.782293
v 93.390564 -1.407062 12.472774
v 93.391258 11.663195 17.885353
v 120.318970 -0.828137 16.382946
v 122.312920 11.739359 17.558701
v 114.329773 15.946281 18.312916
v 103.684402 -2.174359 10.943680
v 102.857674 -13.979027 16.294603
v 103.666283 15.694626 12.610354
v 87.736137 -0.750718 7.193411
v 129.263687 -2.644861 7.571609
v 131.235641 5.189078 10.318386
v 87.277344 7.541346 9.664671
v 118.850784 -8.729546 8.923142
v 91.942863 -11.587831 7.711874
v 85.466599 -8.388927 11.422168
v 112.487495 -12.979298 27.196608
v 67.372200 -2.119784 23.544233
v 65.990532 16.048048 16.628756
v 63.601166 -15.960236 19.203979
v 81.141953 -1.247346 23.596151
v 73.982025 -1.480307 16.153187
v 82.033997 11.168556 20.428293
v 73.909264 14.458717 11.744229
v 79.402954 -11.538223 14.430272
v 72.178131 -13.842720 20.077969
v 113.511383 -1.914287 0.000002
v 128.071136 -6.205096 -0.000001
v 126.501907 12.071178 -0.000002
v 132.309326 9.108508 10.619703
v 71.986076 -14.905712 6.335013
v 76.725693 -14.140121 -0.000001
v 114.434692 19.449209 -0.000000
v 122.411942 -4.552063 0.000000
v 90.977539 -14.492664 0.000003
v 71.791061 21.194605 0.000022
v 62.663353 -18.940430 0.000020
v 71.398094 -17.027405 12.082480
v 63.091187 -17.210695 12.499815
v 55.255524 -17.210619 0.000025
v 78.698563 -15.082582 0.000000
v 84.240440 -10.754721 -0.000000
v 86.690399 11.571577 -0.000003
v 103.327568 17.423855 -0.000001
v 93.426865 13.354239 0.000000
v 102.033401 -17.199594 14.116426
v 63.319336 -16.651228 14.821381
v 55.255516 -16.648926 -0.000001
v 124.047485 15.364204 -7.245344
v 123.900085 -0.767551 -7.934527
v 125.623627 8.530968 -15.782300
v 93.390564 -1.407040 -12.472787
v 93.391258 11.663194 -17.885347
v 120.350990 -0.816664 -16.382935
v 122.255600 11.760331 -17.558714
v 114.329781 15.946278 -18.312914
v 103.684402 -2.174299 -10.943674
v 102.857674 -13.979029 -16.294609
v 103.666290 15.694633 -12.610358
v 87.736145 -0.750715 -7.193408
v 129.263657 -2.644864 -7.571609
v 131.235641 5.189078 -10.318383
v 87.277374 7.541348 -9.664644
v 118.850784 -8.729546 -8.923142
v 91.942863 -11.587833 -7.711868
v 85.466599 -8.388931 -11.422158
v 112.487495 -12.979294 -27.196575
v 67.372185 -2.119769 -23.544188
v 65.990532 16.048044 -16.628700
v 63.601120 -15.960217 -19.203945
v 81.141953 -1.247345 -23.596117
v 73.981979 -1.480306 -16.153141
v 82.033981 11.168571 -20.428247
v 73.909286 14.458735 -11.744178
v 79.402939 -11.538223 -14.430217
v 72.178093 -13.842720 -20.077972
v 113.511383 -1.914283 -10.619653
v 71.986053 -14.905708 -6.334963
v 76.725708 -14.140123 -0.000000
v 118.325317 -12.519499 0.000025
v 80.868179 17.277744 0.000000
v 111.576248 -16.289837 -12.082432
v 63.091133 -17.210575 0.000022
v 54.827721 -18.940435 -12.499758
v 55.255512 -17.210632 0.000028
v 62.805168 23.028627 -14.116381
v 63.319305 -16.651207 -14.821322
v 55.255508 -16.648935 41.813499
v 76.663635 5.858945 45.764992
v 79.295410 8.333197 41.545525
v 76.731430 0.088759 49.712547
v 81.702026 6.334146 36.231613
v 82.587013 6.791480 41.339111
v 86.043434 10.134803 36.258709
v 82.575249 -0.760634 46.534893
v 89.246353 7.269490 46.440712
v 89.337959 -1.336618 41.427357
v 86.029465 -4.243546 35.971428
v 94.237617 13.930559 28.298042
v 88.690125 -2.190169 35.965725
v 94.208832 -6.927250 28.167959
v 88.680336 8.721304 43.137402
v 99.208282 -2.840133 45.522079
v 79.343765 -3.027408 49.617214
v 81.931099 -0.766096 41.160461
v 70.136597 -7.018262 55.632614
v 69.277573 9.936879 48.900078
v 69.117676 -7.663465 52.581886
v 67.871559 -6.798720 48.677307
v 63.599354 -8.801516 48.113758
v 66.747307 -8.542965 45.604687
v 61.683941 -10.076864 42.923546
v 65.539795 -9.291775 48.944645
v 74.308426 10.469707 49.369820
v 69.536194 4.801923 44.795959
v 67.898262 -3.913137 44.987183
v 65.351669 -6.447747 46.723248
v 62.674263 -7.639891 56.127403
v 69.936447 -6.653422 45.191940
v 72.381317 -8.285284 50.938194
v 72.588005 -7.237408 48.012360
v 62.816856 -11.238415 46.072620
v 67.302284 -10.837421 53.331261
v 67.608383 1.544240 57.107841
v 70.014984 1.692861 45.518421
v 71.533432 8.750270 58.374153
v 65.168381 -6.674033 55.324051
v 63.678314 -6.644144 55.894203
v 63.255196 1.746309 59.041866
v 64.955246 1.738265 60.234028
v 59.995121 -6.504415 57.202843
v 59.941628 -6.499716 57.916096
v 59.374550 1.617648 60.969597
v 59.371418 1.565170 52.143902
v 67.376328 9.915249 56.741478
v 70.108597 -2.313052 58.803917
v 65.126465 -2.853973 60.625008
v 59.638142 -3.296083 56.308174
v 69.827484 6.226766 58.654209
v 64.970444 5.421636 60.553947
v 59.692120 4.849483 53.207176
v 67.775475 -2.488303 55.613548
v 63.463348 -2.891397 57.607437
v 59.594727 -3.189414 52.845810
v 67.588043 5.845609 55.612396
v 63.300430 5.257317 57.533146
v 59.716705 4.809893 58.955647
v 60.754772 8.545288 56.100845
v 60.723965 8.472632 54.569511
v 64.337730 9.244703 57.441963
v 65.380630 9.373158 56.054253
v 63.208023 1.402853 59.201912
v 64.908066 1.394808 58.275497
v 58.343536 1.045799 61.602798
v 58.456303 0.993583 59.044403
v 65.022461 -2.387268 61.483856
v 58.596058 -2.439007 58.035820
v 65.398384 6.032128 59.414703
v 60.710228 5.710122 55.854095
v 63.359238 -2.424702 58.141853
v 58.476990 -2.332341 55.032898
v 64.104141 5.734885 56.566093
v 60.621861 5.596393 53.704304
v 76.468811 2.241833 52.795815
v 76.336517 8.485080 52.842415
v 76.774353 -4.178246 49.101776
v 74.755959 -6.372767 45.258652
v 71.315308 0.829826 49.183605
v 69.370285 -1.680947 43.396217
v 99.223869 9.327908 -47.874237
v 79.343765 -3.027410 -51.969368
v 81.931091 -0.766093 -38.583786
v 82.587029 6.791483 -43.691284
v 86.043449 10.134803 -38.610889
v 82.575287 -0.760644 -48.887062
v 89.246368 7.269493 -48.792889
v 89.337975 -1.336608 -43.779522
v 86.029510 -4.243547 -38.323597
v 94.237617 13.930553 -30.650208
v 88.690125 -2.190167 -38.317886
v 94.208832 -6.927250 -45.489559
v 99.208282 -2.840127 -45.748383
v 99.223869 9.327907 -44.165657
v 76.663635 5.858945 -48.117142
v 79.295410 8.333195 -43.897682
v 76.731430 0.088746 -52.064697
v 81.702026 6.334147 -43.512619
v 70.136597 -7.018261 -57.984772
v 69.277573 9.936886 -51.252235
v 69.117676 -7.663456 -54.934059
v 67.871567 -6.798722 -51.029465
v 63.599331 -8.801516 -50.465919
v 66.747307 -8.542969 -47.956837
v 61.683929 -10.076862 -45.275703
v 65.539810 -9.291792 -51.296806
v 74.308426 10.469695 -51.721973
v 69.536186 4.801922 -47.148117
v 67.898270 -3.913142 -47.339348
v 65.351669 -6.447749 -49.075405
v 62.674263 -7.639889 -58.479568
v 69.936447 -6.653420 -47.544106
v 72.381317 -8.285282 -53.290348
v 72.587997 -7.237404 -50.364525
v 62.816841 -11.238413 -48.424774
v 67.302277 -10.837420 -55.683426
v 67.608383 1.544244 -59.459999
v 70.014984 1.692847 -47.870571
v 71.533432 8.750272 -60.726303
v 65.168381 -6.674033 -57.676231
v 63.678337 -6.644145 -58.246361
v 63.255196 1.746309 -61.394024
v 64.955246 1.738266 -62.586189
v 59.995140 -6.504412 -59.555004
v 59.941635 -6.499716 -60.268253
v 59.374554 1.617649 -63.321754
v 59.371418 1.565170 -54.496063
v 67.376328 9.915245 -59.093636
v 70.108597 -2.313048 -61.156075
v 65.126465 -2.853974 -62.977169
v 59.638153 -3.296078 -58.660324
v 69.827484 6.226765 -61.006367
v 64.970444 5.421637 -62.906113
v 59.692108 4.849483 -55.559334
v 67.775467 -2.488300 -57.965706
v 63.463341 -2.891399 -59.959599
v 59.594723 -3.189416 -55.197975
v 67.588043 5.845608 -57.964554
v 63.300415 5.257315 -59.885303
v 59.716717 4.809888 -61.307804
v 60.754768 8.545288 -58.453003
v 60.723969 8.472631 -56.921669
v 64.337723 9.244705 -59.794121
v 65.380615 9.373158 -58.406410
v 63.208023 1.402852 -61.554070
v 64.908066 1.394808 -60.627655
v 58.343533 1.045802 -63.954956
v 58.456303 0.993573 -61.396561
v 65.022461 -2.387266 -63.836018
v 58.596062 -2.439004 -60.387978
v 65.398376 6.032127 -61.766861
v 60.710232 5.710120 -58.206253
v 63.359230 -2.424702 -60.494011
v 58.476990 -2.332339 -57.385056
v 64.104141 5.734884 -58.918251
v 60.621853 5.596394 -56.056473
v 76.468811 2.241841 -55.147972
v 76.336517 8.485085 -55.194569
v 76.774353 -4.178240 -51.453926
v 74.755959 -6.372769 -47.610813
v 71.315315 0.829813 -51.535767
v 69.370285 -1.680949 -30.520111
v 88.680336 8.721312 24.752588
v 9.823035 -17.327164 25.060963
v 7.761800 7.713783 20.854317
v 7.669109 13.827681 29.091806
v 3.580188 -12.586258 24.549328
v 4.328084 -21.632133 27.794035
v 4.417011 -1.881711 24.414057
v 12.441879 -7.602186 25.571663
v 10.638302 0.316514 20.512779
v 21.727161 4.222724 19.425303
v 21.696739 -1.434086 17.765274
v 21.651093 9.771312 16.678904
v 44.984051 9.720052 20.314219
v 45.091404 2.237541 18.824726
v 34.020622 11.484254 23.410465
v 33.679344 3.455581 18.654455
v 44.828934 -4.926886 20.459728
v 32.872429 -4.527543 19.035969
v 15.247313 11.254448 22.390009
v 15.288486 6.051042 21.510788
v 16.911049 -2.111808 22.614899
v 15.897493 2.793639 18.526186
v 4.625107 -23.977802 17.923637
v 11.776817 -18.886023 17.012562
v 14.320445 -11.304131 26.082220
v -1.146099 8.505949 21.535183
v -1.147574 14.064224 30.323830
v -0.766093 -12.664703 26.425468
v -1.145160 -21.302830 29.414095
v -1.146645 -1.254520 18.624617
v -1.146710 -24.538689 15.426883
v 21.586548 -4.862229 14.544361
v 31.672281 -8.370604 11.969992
v 44.596344 10.098714 12.916700
v 33.547836 12.309555 14.346321
v 21.556524 9.977827 15.046286
v 7.673260 14.720491 15.008674
v -1.146758 14.921104 13.263845
v 43.813839 -8.873005 16.066257
v 18.246115 -5.466052 14.610317
v 15.248799 11.748262 11.684614
v 4.319248 -22.657917 10.677467
v 9.768572 -18.442097 9.377778
v -1.145954 13.132038 9.707891
v 7.677799 12.945862 6.852493
v -1.143186 7.048039 7.179601
v 7.669926 6.724940 7.484015
v 4.093135 -13.365223 6.826874
v 4.617382 -3.748730 10.205500
v -1.145164 -22.297112 6.352700
v -0.766090 -12.884136 5.879633
v -1.143382 -2.176961 9.663162
v 12.313648 -9.238335 7.270092
v 10.555088 -1.378463 11.435116
v 21.476591 -1.744358 11.121582
v 21.467344 9.234313 9.495888
v 21.422489 3.573997 4.670283
v 32.116089 2.939210 7.610868
v 44.271187 9.075676 7.195479
v 32.857513 10.750225 5.436926
v 43.666946 1.535182 8.056200
v 31.866184 -5.405041 7.401031
v 43.536224 -4.882336 10.496601
v 15.250474 10.604504 8.494745
v 15.246888 5.299535 10.648273
v 16.854160 -2.983463 8.534596
v 15.859685 1.731195 -24.752583
v 9.823029 -17.327166 -25.060957
v 7.761797 7.713780 -20.854315
v 7.669109 13.827675 -29.091803
v 3.580189 -12.586258 -24.549330
v 4.328078 -21.632133 -27.794031
v 4.417007 -1.881708 -24.414053
v 12.441877 -7.602185 -25.571665
v 10.638304 0.316513 -20.512779
v 21.727161 4.222730 -19.425299
v 21.696739 -1.434087 -17.765274
v 21.651083 9.771313 -16.678900
v 44.984051 9.720052 -20.314219
v 45.091400 2.237577 -18.824728
v 34.020622 11.484252 -23.410461
v 33.679344 3.455625 -18.654461
v 44.828930 -4.926882 -20.459728
v 32.872429 -4.527543 -19.035969
v 15.247309 11.254448 -22.390005
v 15.288480 6.051051 -21.510784
v 16.911049 -2.111810 -22.614899
v 15.897491 2.793635 -18.526188
v 4.625102 -23.977804 -17.923639
v 11.776814 -18.886021 -17.012566
v 14.320444 -11.304125 -26.082222
v -1.146096 8.505947 -21.535181
v -1.147576 14.064228 -30.323826
v -0.766088 -12.664707 -26.425467
v -1.145164 -21.302828 -29.414099
v -1.146641 -1.254519 -18.624617
v -1.146710 -24.538689 -15.426886
v 21.586548 -4.862229 -14.544360
v 31.672272 -8.370605 -11.969991
v 44.596344 10.098711 -12.916700
v 33.547836 12.309568 -14.346321
v 21.556536 9.977827 -15.046290
v 7.673261 14.720484 -15.008675
v -1.146753 14.921101 -13.263846
v 43.813839 -8.873005 -16.066259
v 18.246117 -5.466052 -14.610326
v 15.248799 11.748264 -11.684616
v 4.319246 -22.657917 -10.677471
v 9.768572 -18.442097 -9.377781
v -1.145953 13.132038 -9.707893
v 7.677801 12.945862 -6.852497
v -1.143186 7.048037 -7.179608
v 7.669923 6.724941 -7.484018
v 4.093134 -13.365223 -6.826875
v 4.617384 -3.748733 -10.205501
v -1.145165 -22.297112 -6.352711
v -0.766089 -12.884138 -5.879638
v -1.143384 -2.176962 -9.663166
v 12.313653 -9.238346 -7.270094
v 10.555073 -1.378447 -11.435118
v 21.476593 -1.744355 -11.121578
v 21.467340 9.234319 -9.495890
v 21.422495 3.574013 -4.670283
v 32.116089 2.939218 -7.610869
v 44.271187 9.075684 -7.195484
v 32.857513 10.750224 -5.436925
v 43.666946 1.535207 -8.056201
v 31.866171 -5.405040 -7.401031
v 43.536224 -4.882338 -10.496602
v 15.250474 10.604506 -8.494746
v 15.246885 5.299538 -10.648273
v 16.854160 -2.983466 -8.534597
v 15.859685 1.731196 10.619703
v 71.986076 -14.905712 6.335013
v 76.725693 -14.140121 0.000025
v 78.698563 -15.082582 14.116426
v 63.319336 -16.651228 12.082480
v 63.091187 -17.210695 -0.000000
v 86.690399 11.571577 -0.000001
v 93.426865 13.354239 -0.000003
v 103.327568 17.423855 -0.000001
v 114.434692 19.449209 -0.000001
v 124.047485 15.364204 -0.000000
v 122.411942 -4.552063 -0.000000
v 118.325317 -12.519499 -0.000001
v 126.501907 12.071178 -0.000002
v 132.309326 9.108508 0.000002
v 128.071136 -6.205096 0.000000
v 111.576248 -16.289837 0.000000
v 102.033401 -17.199594 0.000000
v 90.977539 -14.492664 0.000000
v 84.240440 -10.754721 0.000025
v 80.868179 17.277744 0.000003
v 71.791061 21.194605 0.000025
v 78.698563 -15.082582 0.000028
v 62.805168 23.028627 -10.619653
v 71.986053 -14.905708 0.000020
v 71.398094 -17.027405 -6.334963
v 76.725708 -14.140123 0.000025
v 78.698563 -15.082582 0.000022
v 62.663353 -18.940430 0.000022
v 54.827721 -18.940435 -14.116381
v 63.319305 -16.651207 -12.082432
v 63.091133 -17.210575 41.813499
v 76.663635 5.858945 36.231613
v 82.587013 6.791480 28.167959
v 88.680336 8.721304 49.712547
v 81.702026 6.334146 45.764992
v 79.295410 8.333197 45.522079
v 79.343765 -3.027408 41.545525
v 76.731430 0.088759 41.545525
v 76.731430 0.088759 41.160461
v 70.136597 -7.018262 48.900078
v 69.117676 -7.663465 42.923546
v 65.539795 -9.291775 45.604687
v 61.683941 -10.076864 48.113758
v 66.747307 -8.542965 48.677307
v 63.599354 -8.801516 48.012360
v 62.816856 -11.238415 49.617214
v 81.931099 -0.766096 41.813499
v 76.663635 5.858945 45.518421
v 71.533432 8.750270 52.143902
v 67.376328 9.915249 52.581886
v 67.871559 -6.798720 55.324051
v 63.678314 -6.644144 60.234028
v 59.995121 -6.504415 57.202843
v 59.941628 -6.499716 41.813499
v 76.663635 5.858945 60.625008
v 59.638142 -3.296083 60.969597
v 59.371418 1.565170 60.553947
v 59.692120 4.849483 55.613548
v 63.463348 -2.891397 57.607437
v 59.594727 -3.189414 58.803917
v 65.126465 -2.853973 60.625008
v 59.638142 -3.296083 56.741478
v 70.108597 -2.313052 53.207176
v 67.775475 -2.488303 55.612396
v 63.300430 5.257317 57.533146
v 59.716705 4.809893 58.654209
v 64.970444 5.421636 60.553947
v 59.692120 4.849483 56.308174
v 69.827484 6.226766 52.845810
v 67.588043 5.845609 60.969597
v 59.371418 1.565170 57.916096
v 59.374550 1.617648 59.041866
v 64.955246 1.738265 55.894203
v 63.255196 1.746309 57.107841
v 70.014984 1.692861 53.331261
v 67.608383 1.544240 61.602798
v 58.456303 0.993583 61.483856
v 58.596058 -2.439007 54.569511
v 64.337730 9.244703 56.100845
v 60.723965 8.472632 58.955647
v 60.754772 8.545288 59.414703
v 60.710228 5.710122 61.483856
v 58.596058 -2.439007 58.141853
v 58.476990 -2.332341 59.044403
v 65.022461 -2.387268 55.854095
v 63.359238 -2.424702 59.414703
v 60.710228 5.710122 56.566093
v 60.621861 5.596393 58.035820
v 65.398384 6.032128 55.032898
v 64.104141 5.734885 56.054253
v 63.208023 1.402853 58.275497
v 58.343536 1.045799 59.201912
v 64.908066 1.394808 61.602798
v 58.456303 0.993583 -38.583786
v 82.587029 6.791483 -44.165657
v 76.663635 5.858945 -30.520111
v 88.680336 8.721312 -52.064697
v 81.702026 6.334147 -48.117142
v 79.295410 8.333195 -47.874237
v 79.343765 -3.027410 -43.897682
v 76.731430 0.088746 -43.897682
v 76.731430 0.088746 -43.512619
v 70.136597 -7.018261 -51.252235
v 69.117676 -7.663456 -45.275703
v 65.539810 -9.291792 -47.956837
v 61.683929 -10.076862 -50.465919
v 66.747307 -8.542969 -51.029465
v 63.599331 -8.801516 -50.364525
v 62.816841 -11.238413 -51.969368
v 81.931091 -0.766093 -44.165657
v 76.663635 5.858945 -47.870571
v 71.533432 8.750272 -54.496063
v 67.376328 9.915245 -54.934059
v 67.871567 -6.798722 -57.676231
v 63.678337 -6.644145 -62.586189
v 59.995140 -6.504412 -59.555004
v 59.941635 -6.499716 -44.165657
v 76.663635 5.858945 -62.977169
v 59.638153 -3.296078 -63.321754
v 59.371418 1.565170 -62.906113
v 59.692108 4.849483 -57.965706
v 63.463341 -2.891399 -61.156075
v 65.126465 -2.853974 -59.959599
v 59.594723 -3.189416 -62.977169
v 59.638153 -3.296078 -59.093636
v 70.108597 -2.313048 -55.559334
v 67.775467 -2.488300 -57.964554
v 63.300415 5.257315 -61.006367
v 64.970444 5.421637 -59.885303
v 59.716717 4.809888 -62.906113
v 59.692108 4.849483 -58.660324
v 69.827484 6.226765 -55.197975
v 67.588043 5.845608 -63.321754
v 59.371418 1.565170 -61.394024
v 64.955246 1.738266 -60.268253
v 59.374554 1.617649 -58.246361
v 63.255196 1.746309 -59.459999
v 70.014984 1.692847 -55.683426
v 67.608383 1.544244 -63.954956
v 58.456303 0.993573 -63.836018
v 58.596062 -2.439004 -56.921669
v 64.337723 9.244705 -58.453003
v 60.723969 8.472631 -61.307804
v 60.754768 8.545288 -61.766861
v 60.710232 5.710120 -63.836018
v 58.596062 -2.439004 -61.396561
v 65.022461 -2.387266 -60.494011
v 58.476990 -2.332339 -58.206253
v 63.359230 -2.424702 -61.766861
v 60.710232 5.710120 -60.387978
v 65.398376 6.032127 -58.918251
v 60.621853 5.596394 -57.385056
v 64.104141 5.734884 -58.406410
v 63.208023 1.402852 -61.554070
v 64.908066 1.394808 -60.627655
v 58.343533 1.045802 -63.954956
v 58.456303 0.993573 26.425468
v -1.145160 -21.302830 30.323830
v -0.766093 -12.664703 29.414095
v -1.146645 -1.254520 10.205500
v -1.145164 -22.297112 6.352700
v -0.766090 -12.884136 5.879633
v -1.143382 -2.176961 18.624617
v -1.146710 -24.538689 6.852493
v -1.143186 7.048039 26.082220
v -1.146099 8.505949 21.535183
v -1.147574 14.064224 9.377778
v -1.145954 13.132038 15.008674
v -1.146758 14.921104 -26.425467
v -1.145164 -21.302828 -30.323826
v -0.766088 -12.664707 -29.414099
v -1.146641 -1.254519 -10.205501
v -1.145165 -22.297112 -6.352711
v -0.766089 -12.884138 -5.879638
v -1.143384 -2.176962 -18.624617
v -1.146710 -24.538689 -6.852497
v -1.143186 7.048037 -26.082222
v -1.146096 8.505947 -21.535181
v -1.147576 14.064228 -9.377781
v -1.145953 13.132038 -15.008675
v -1.146753 14.921101 0.187833
v 126.216850 28.446732 -0.000000
v 122.050858 32.449123 11.782352
v 132.477859 -13.996268 5.323106
v 124.692871 -3.537864 17.777655
v 123.463860 -0.934229 7.173962
v 118.419868 -10.682387 20.845203
v 126.161865 1.652785 0.000013
v 118.733864 -14.171040 7.330632
v 120.171867 -16.048239 9.895781
v 119.712852 25.180328 16.532114
v 125.403854 19.929232 8.899341
v 111.739853 21.849529 10.413803
v 114.345856 24.591423 17.980312
v 128.753845 13.830938 5.287835
v 122.330856 -15.916140 15.975611
v 133.754852 11.030305 20.335304
v 124.534859 12.607225 19.544018
v 127.272049 -9.117363 22.809195
v 129.655380 0.803253 20.608513
v 129.030853 13.387034 19.733940
v 132.984299 0.734245 16.141508
v 127.973869 -12.024356 13.788610
v 122.111862 -9.348833 0.000003
v 109.765854 25.173925 15.032044
v 124.435699 -11.649967 11.771904
v 125.709862 -0.829501 13.032104
v 122.734863 -1.873582 6.248536
v 121.197861 -3.743112 16.591703
v 126.261864 3.328567 14.142703
v 116.707863 18.551624 17.546104
v 121.468857 16.793226 18.612001
v 123.332855 19.726227 17.090603
v 127.880859 9.504347 8.300432
v 112.377861 20.368929 0.000002
v 116.150856 21.786030 13.412802
v 122.193855 18.472332 6.895533
v 117.736855 21.049429 16.165899
v 125.931854 14.038269 16.982357
v 137.360855 -0.771784 13.848710
v 127.908867 -10.788074 12.904381
v 129.064880 6.401393 9.829144
v 130.665863 12.990234 7.993501
v 122.771851 21.928427 12.991406
v 126.969856 17.158529 6.910447
v 127.922852 19.597233 12.993216
v 130.892853 12.019439 14.689715
v 131.952866 23.326328 17.339466
v 137.790863 3.056896 2.808113
v 127.316864 -15.457937 10.499601
v 126.005859 25.907228 -11.695203
v 126.216850 28.446726 -17.339460
v 137.790863 3.056889 -11.782338
v 132.477859 -13.996276 0.000006
v 124.511864 -10.675583 -5.323095
v 124.692863 -3.537866 -17.777643
v 123.463860 -0.934239 -7.173941
v 118.419861 -10.682395 -20.845196
v 126.161865 1.652772 -7.330620
v 120.171860 -16.048235 -9.895780
v 119.712852 25.180332 0.000000
v 118.107857 28.314526 -16.532093
v 125.403862 19.929230 -8.899340
v 111.739853 21.849522 -10.413801
v 114.345856 24.591423 -17.980291
v 128.753860 13.830928 -5.287822
v 122.330856 -15.916140 -2.808100
v 127.316864 -15.457939 -15.975592
v 133.754868 11.030303 0.000003
v 122.432869 -15.746039 -20.335297
v 124.534851 12.607226 -19.544003
v 127.272049 -9.117369 -22.809185
v 129.655380 0.803232 -20.608490
v 129.030869 13.387032 -19.733932
v 132.984299 0.734226 -16.141491
v 127.973862 -12.024365 0.000002
v 109.800858 21.761921 -13.788598
v 122.111862 -9.348839 -15.027530
v 124.435692 -11.649967 -11.771898
v 125.709862 -0.829505 -13.032096
v 122.734863 -1.873587 -6.248525
v 121.197861 -3.743116 -16.591696
v 126.261864 3.328561 -10.499603
v 126.005852 25.907230 -14.142695
v 116.707863 18.551624 -17.546097
v 121.468857 16.793232 -18.611994
v 123.332855 19.726229 -17.090590
v 127.880859 9.504349 -8.300428
v 112.377853 20.368921 -13.412795
v 122.193863 18.472328 -6.895528
v 117.736855 21.049423 -16.165895
v 125.931862 14.038229 -16.982347
v 137.360855 -0.771794 -13.848694
v 127.908867 -10.788084 -12.904388
v 129.064865 6.401471 -9.829122
v 130.665863 12.990231 -7.993500
v 122.771851 21.928425 -0.000001
v 121.632858 24.387228 -12.991395
v 126.969856 17.158529 0.000010
v 129.037857 20.318628 -6.910435
v 127.922859 19.597227 -12.993193
v 130.892868 12.019433 -14.689693
v 131.952850 23.326332 0.000004
v 123.640854 27.660736 0.000011
v 131.774857 14.343435 6.835155
v 114.379051 -17.312038 6.918508
v 116.076042 -17.367334 8.462972
v 116.204041 -16.784834 6.897120
v 118.016052 -17.041435 8.474992
v 118.528046 -16.456633 6.772557
v 120.078041 -16.395035 2.898897
v 117.541054 -16.988234 1.827664
v 116.529053 -16.599239 3.836346
v 120.838043 -16.455738 4.728391
v 115.838043 -17.467737 4.040884
v 114.538048 -17.057934 4.617595
v 119.297050 -16.943537 1.864865
v 119.265045 -16.162941 1.418590
v 120.745041 -15.956140 0.463747
v 118.781052 -15.658739 -0.462998
v 118.781052 -15.658735 -6.834414
v 114.379044 -17.312038 -6.917776
v 116.076042 -17.367336 -8.462228
v 116.204041 -16.784840 -6.896373
v 118.016045 -17.041435 -8.474258
v 118.528046 -16.456638 0.000371
v 121.225052 -15.746039 -6.771821
v 120.078041 -16.395037 -2.898164
v 117.541054 -16.988237 -1.826913
v 116.529053 -16.599237 -3.835611
v 120.838043 -16.455740 -4.727650
v 115.838043 -17.467737 -4.040126
v 114.538048 -17.057941 -4.616853
v 119.297050 -16.943539 -1.864120
v 119.265045 -16.162939 -1.417836
v 120.745041 -15.956138 0.000370
v 120.449051 -16.226742 0.265108
v 124.535049 -15.962912 -2.028753
v 123.599197 -16.154318 -2.978900
v 121.339821 -16.616421 -2.028758
v 119.080460 -17.078518 0.265105
v 118.144608 -17.269932 2.558973
v 119.080460 -17.078518 3.509131
v 121.339821 -16.616417 2.558983
v 123.599197 -16.154312 0.265112
v 121.420975 -18.064011 0.000011
v 131.774857 14.343435 0.000006
v 98.026962 21.921619 28.579405
v 98.162766 13.785920 52.130302
v 44.119743 22.576302 35.382214
v 36.660515 34.018810 36.029308
v 80.564552 15.973816 14.587112
v 34.230251 32.894009 42.782108
v 60.109646 17.385408 29.178909
v 57.318066 27.596708 20.335304
v 124.534859 12.607225 14.731806
v 98.054665 19.518919 18.213306
v 79.622856 21.859219 15.046307
v 56.758762 27.231615 9.829144
v 130.665863 12.990234 12.317001
v 112.449860 18.917421 24.928202
v 112.239853 14.787524 11.876699
v 120.687851 18.692730 22.631702
v 120.200859 14.122425 17.090603
v 127.880859 9.504347 10.981302
v 125.299850 16.961929 12.904381
v 129.064880 6.401393 -28.579395
v 98.162766 13.785923 -52.130287
v 44.119747 22.576311 -35.382175
v 36.660515 34.018810 0.000008
v 79.156143 24.944115 -36.029293
v 80.564545 15.973818 -14.587085
v 34.230244 32.894009 -42.782093
v 60.109653 17.385416 -29.178892
v 57.318066 27.596718 -20.335297
v 124.534851 12.607226 -14.731794
v 98.054649 19.518921 -18.213287
v 79.622864 21.859221 -15.046292
v 56.758762 27.231623 -9.829122
v 130.665863 12.990231 0.000002
v 112.538857 21.580727 -12.316995
v 112.449852 18.917425 0.000010
v 56.199455 29.208412 0.000024
v 32.790051 37.447094 0.000010
v 125.622856 18.972027 -24.928194
v 112.239845 14.787517 -11.876699
v 120.687851 18.692722 0.000002
v 120.893852 20.701427 -22.631695
v 120.200851 14.122414 -17.090590
v 127.880859 9.504349 -10.981298
v 125.299850 16.961922 -12.904388
v 129.064865 6.401471 3.301099
v 101.947395 -19.835238 4.868619
v 102.223793 -19.835234 2.868303
v 108.130783 -18.651804 4.435815
v 108.406784 -18.651804 1.624338
v 113.427055 -16.655241 3.191848
v 113.703049 -16.655239 -0.526230
v 119.481049 -15.554736 1.041281
v 119.757050 -15.554739 -3.150344
v 103.611900 -19.797209 -4.717851
v 103.888298 -19.797209 -2.717544
v 109.795296 -18.481548 -4.285056
v 110.071289 -18.481544 -1.473590
v 114.557510 -16.655239 -3.041092
v 114.833504 -16.655241 0.526255
v 119.481049 -15.554742 -1.041256
v 119.757050 -15.554741 -0.000000
v 122.050858 32.449123 11.695196
v 126.216850 28.446732 0.000006
v 124.511864 -10.675583 14.689715
v 131.952866 23.326328 12.904381
v 129.064880 6.401393 15.975611
v 133.754852 11.030305 17.339466
v 137.790863 3.056896 5.323106
v 124.692871 -3.537864 11.782352
v 132.477859 -13.996268 2.808113
v 127.316864 -15.457937 11.771904
v 125.709862 -0.829501 16.982357
v 137.360855 -0.771784 0.000006
v 124.511864 -10.675583 0.000000
v 118.107857 28.314526 0.000003
v 109.765854 25.173925 -0.000000
v 122.050858 32.449123 0.000004
v 123.640854 27.660736 0.000002
v 116.150856 21.786030 0.000002
v 109.800858 21.761921 -0.000001
v 121.632858 24.387228 0.000013
v 118.733864 -14.171040 -0.000000
v 122.050858 32.449123 -11.695203
v 126.216850 28.446726 0.000003
v 122.432869 -15.746039 0.000006
v 124.511864 -10.675583 0.000006
v 124.511864 -10.675583 -14.689693
v 131.952850 23.326332 -12.904388
v 129.064865 6.401471 -17.339460
v 137.790863 3.056889 -15.975592
v 133.754868 11.030303 -5.323095
v 124.692863 -3.537866 -2.808100
v 127.316864 -15.457939 -11.782338
v 132.477859 -13.996276 -11.771898
v 125.709862 -0.829505 -16.982347
v 137.360855 -0.771794 0.000006
v 124.511864 -10.675583 0.000011
v 131.774857 14.343435 0.000010
v 129.037857 20.318628 -1.417836
v 120.745041 -15.956138 -0.462998
v 118.781052 -15.658735 0.000024
v 32.790051 37.447094 0.000010
v 56.199455 29.208412 0.000006
v 98.026962 21.921619 0.000002
v 112.538857 21.580727 0.000002
v 120.893852 20.701427 0.000008
v 79.156143 24.944115 0.000011
v 131.774857 14.343435 0.000010
v 125.622856 18.972027 0.490170

vt 0.182999 0.752530
vt 0.108472 0.721485
vt 0.142910 0.717043
vt 0.182821 0.721255
vt 0.222771 0.747054
vt 0.267460 0.686866
vt 0.069642 0.658009
vt 0.124401 0.650327
vt 0.182630 0.657670
vt 0.240913 0.686200
vt 0.295827 0.611605
vt 0.086559 0.594032
vt 0.133785 0.591441
vt 0.182455 0.593750
vt 0.231142 0.619101
vt 0.285520 0.580505
vt 0.107939 0.564010
vt 0.142770 0.560000
vt 0.182358 0.563782
vt 0.221970 0.580068
vt 0.256899 0.512341
vt 0.045785 0.469153
vt 0.045809 0.421463
vt 0.045816 0.373578
vt 0.045810 0.330586
vt 0.045785 0.492220
vt 0.016154 0.459077
vt 0.016158 0.421540
vt 0.016160 0.384192
vt 0.016159 0.351066
vt 0.016154 0.911863
vt 0.960654 0.721485
vt 0.142910 0.717043
vt 0.182821 0.721255
vt 0.222771 0.658009
vt 0.124401 0.650327
vt 0.182630 0.657670
vt 0.240913 0.594032
vt 0.133785 0.591441
vt 0.182455 0.593750
vt 0.231142 0.564010
vt 0.142770 0.560000
vt 0.182358 0.563782
vt 0.221970 0.469153
vt 0.045809 0.421463
vt 0.045816 0.373578
vt 0.045810 0.384192
vt 0.016159 0.459077
vt 0.016158 0.421540
vt 0.016160 0.469259
vt 0.080111 0.512478
vt 0.080101 0.421437
vt 0.080114 0.373475
vt 0.080111 0.330550
vt 0.080100 0.960572
vt 0.916806 0.939902
vt 0.902683 0.974135
vt 0.939219 0.976930
vt 0.965261 0.969045
vt 0.988964 0.469259
vt 0.080111 0.421437
vt 0.080114 0.373475
vt 0.080111 0.960572
vt 0.916806 0.974135
vt 0.939219 0.976930
vt 0.965261 1.000000
vt 0.566586 0.337409
vt 0.678821 0.369792
vt 0.645948 0.383205
vt 0.566586 0.369792
vt 0.487223 0.337409
vt 0.454350 0.305026
vt 0.487223 0.291613
vt 0.566586 0.305026
vt 0.645948 0.337409
vt 0.380473 0.283711
vt 0.434984 0.210882
vt 0.165067 0.217679
vt 0.038939 0.252239
vt 0.075134 0.219258
vt 0.252364 0.210882
vt 0.165067 0.217679
vt 0.038939 0.252239
vt 0.075134 0.219258
vt 0.252364 0.292432
vt 0.778942 0.314150
vt 0.774419 0.365915
vt 0.234239 0.344487
vt 0.265772 0.345402
vt 0.297306 0.332864
vt 0.797042 0.308533
vt 0.947540 0.301733
vt 0.869994 0.351577
vt 0.774419 0.344487
vt 0.328839 0.357195
vt 0.947540 0.363995
vt 0.869994 0.332864
vt 0.870278 0.356180
vt 0.048598 0.330124
vt 0.288515 0.317340
vt 0.381489 0.258404
vt 0.102973 0.258991
vt 0.264797 0.283943
vt 0.215919 0.285502
vt 0.117229 0.317996
vt 0.061659 0.301547
vt 0.179813 0.356180
vt 0.048598 0.352615
vt 0.006015 0.330124
vt 0.288515 0.317340
vt 0.381489 0.283943
vt 0.215919 0.285502
vt 0.117229 0.317996
vt 0.061659 0.452739
vt 0.015056 0.452746
vt 0.276553 0.421104
vt 0.512636 0.444480
vt 0.454740 0.428559
vt 0.636703 0.452760
vt 0.684677 0.431348
vt 0.773045 0.452760
vt 0.773045 0.407002
vt 0.888039 0.374776
vt 0.157589 0.423665
vt 0.394654 0.452758
vt 0.371182 0.443830
vt 0.550652 0.421123
vt 0.915965 0.372853
vt 0.141648 0.461043
vt 0.454740 0.498518
vt 0.888039 0.461691
vt 0.550652 0.484398
vt 0.915965 0.372853
vt 0.173530 0.452760
vt 0.728861 0.429954
vt 0.704874 0.438202
vt 0.204855 0.467297
vt 0.204855 0.337409
vt 0.566586 0.337409
vt 0.678821 0.369792
vt 0.645948 0.383205
vt 0.566586 0.369792
vt 0.487223 0.337409
vt 0.454350 0.305026
vt 0.487223 0.291613
vt 0.566586 0.305026
vt 0.645948 0.337409
vt 0.752699 0.391107
vt 0.698187 0.413350
vt 0.566586 0.391107
vt 0.434984 0.261469
vt 0.566586 0.283711
vt 0.698188 0.244355
vt 0.180134 0.210882
vt 0.165067 0.217679
vt 0.038939 0.251302
vt 0.342901 0.219258
vt 0.252364 0.244355
vt 0.180134 0.210882
vt 0.165067 0.217679
vt 0.038939 0.251302
vt 0.342901 0.219258
vt 0.252364 0.314150
vt 0.774419 0.344487
vt 0.265772 0.345402
vt 0.297306 0.332864
vt 0.797042 0.308533
vt 0.947540 0.301733
vt 0.869994 0.269071
vt 0.869697 0.373295
vt 0.778942 0.351577
vt 0.774419 0.365915
vt 0.360372 0.344487
vt 0.328839 0.357195
vt 0.947540 0.363995
vt 0.869994 0.396656
vt 0.869697 0.332864
vt 0.870278 0.365915
vt 0.297306 0.356180
vt 0.048598 0.352615
vt 0.006015 0.358074
vt 0.075004 0.330124
vt 0.288515 0.338900
vt 0.219381 0.312711
vt 0.010699 0.283943
vt 0.215919 0.285502
vt 0.117229 0.317996
vt 0.061659 0.321277
vt 0.096442 0.302912
vt 0.128079 0.356180
vt 0.048598 0.358074
vt 0.075004 0.330124
vt 0.288515 0.338900
vt 0.219381 0.312711
vt 0.010699 0.258404
vt 0.102973 0.258991
vt 0.264797 0.283943
vt 0.215919 0.285502
vt 0.117229 0.317996
vt 0.061659 0.321277
vt 0.096442 0.302912
vt 0.128079 0.301547
vt 0.179813 0.452746
vt 0.276553 0.444480
vt 0.454740 0.452760
vt 0.684677 0.452760
vt 0.773045 0.374776
vt 0.157589 0.354842
vt 0.157589 0.452758
vt 0.371182 0.443830
vt 0.550652 0.421123
vt 0.915965 0.372853
vt 0.141648 0.484419
vt 0.512637 0.461043
vt 0.454740 0.476961
vt 0.636703 0.474172
vt 0.773045 0.481854
vt 0.394654 0.461691
vt 0.550652 0.484398
vt 0.915965 0.372853
vt 0.173530 0.452760
vt 0.728861 0.475567
vt 0.704874 0.419675
vt 0.011821 0.398533
vt 0.011821 0.417810
vt 0.067324 0.398533
vt 0.067324 0.413587
vt 0.079790 0.398533
vt 0.079790 0.384702
vt 0.302249 0.398352
vt 0.302249 0.418487
vt 0.362314 0.398352
vt 0.362314 0.384359
vt 0.205493 0.412345
vt 0.205493 0.398352
vt 0.205493 0.377392
vt 0.011821 0.398533
vt 0.011821 0.379257
vt 0.067324 0.398533
vt 0.067324 0.383480
vt 0.079790 0.398533
vt 0.079790 0.412001
vt 0.302249 0.398352
vt 0.302249 0.378217
vt 0.362314 0.398352
vt 0.362314 0.398352
vt 0.433657 0.384359
vt 0.205493 0.412345
vt 0.205493 0.398352
vt 0.205493 0.246429
vt 0.478616 0.274180
vt 0.434381 0.260369
vt 0.384460 0.239309
vt 0.552255 0.242520
vt 0.614427 0.253085
vt 0.662845 0.266696
vt 0.702181 0.217554
vt 0.446760 0.246429
vt 0.478616 0.274180
vt 0.434381 0.260369
vt 0.384460 0.239309
vt 0.552255 0.242520
vt 0.614427 0.253085
vt 0.662845 0.266696
vt 0.702181 0.217554
vt 0.446760 0.246429
vt 0.478616 0.274180
vt 0.434381 0.200910
vt 0.558530 0.239309
vt 0.552255 0.224092
vt 0.656434 0.242520
vt 0.614427 0.266483
vt 0.730233 0.253085
vt 0.662845 0.266696
vt 0.702181 0.246429
vt 0.478616 0.274180
vt 0.434381 0.200910
vt 0.558530 0.239309
vt 0.552255 0.224092
vt 0.656434 0.242520
vt 0.614427 0.266483
vt 0.730233 0.253085
vt 0.662845 0.266696
vt 0.702181 0.296884
vt 0.988165 0.343955
vt 0.275981 0.260904
vt 0.988165 0.332864
vt 0.905544 0.368844
vt 0.988165 0.343955
vt 0.318630 0.404824
vt 0.988165 0.367885
vt 0.126403 0.354842
vt 0.112484 0.436588
vt 0.922277 0.452760
vt 0.976789 0.367885
vt 0.188774 0.354842
vt 0.202693 0.468932
vt 0.922277 0.391107
vt 0.698187 0.337409
vt 0.752699 0.413350
vt 0.566586 0.391107
vt 0.434984 0.337409
vt 0.380473 0.283711
vt 0.434984 0.261469
vt 0.566586 0.283711
vt 0.698188 0.244355
vt 0.180134 0.252239
vt 0.075134 0.251302
vt 0.342901 0.244355
vt 0.180134 0.252239
vt 0.075134 0.251302
vt 0.342901 0.269071
vt 0.869697 0.292432
vt 0.778942 0.365915
vt 0.234239 0.365915
vt 0.297306 0.296884
vt 0.988165 0.343955
vt 0.275981 0.260904
vt 0.988165 0.332864
vt 0.905544 0.396656
vt 0.869697 0.373295
vt 0.778942 0.365915
vt 0.360372 0.368844
vt 0.988165 0.343955
vt 0.318630 0.404824
vt 0.988165 0.258404
vt 0.102973 0.312711
vt 0.010699 0.321277
vt 0.096442 0.302912
vt 0.128079 0.317340
vt 0.381489 0.258991
vt 0.264797 0.352615
vt 0.006015 0.301547
vt 0.179813 0.338900
vt 0.219381 0.358074
vt 0.075004 0.258404
vt 0.102973 0.312711
vt 0.010699 0.321277
vt 0.096442 0.302912
vt 0.128079 0.317340
vt 0.381489 0.258991
vt 0.264797 0.352615
vt 0.006015 0.301547
vt 0.179813 0.338900
vt 0.219381 0.358074
vt 0.075004 0.423665
vt 0.394654 0.428559
vt 0.636703 0.421104
vt 0.512636 0.429954
vt 0.704874 0.407002
vt 0.888039 0.431348
vt 0.773045 0.367885
vt 0.126403 0.354842
vt 0.112484 0.354842
vt 0.157589 0.452739
vt 0.015056 0.438202
vt 0.204855 0.436588
vt 0.922277 0.452760
vt 0.976789 0.481854
vt 0.394654 0.476961
vt 0.636703 0.484419
vt 0.512637 0.475567
vt 0.704874 0.498518
vt 0.888039 0.474172
vt 0.773045 0.367885
vt 0.188774 0.354842
vt 0.202693 0.467297
vt 0.204855 0.468932
vt 0.922277 0.398352
vt 0.108738 0.412688
vt 0.108738 0.384015
vt 0.108738 0.419675
vt 0.011821 0.417810
vt 0.067324 0.379257
vt 0.067324 0.377392
vt 0.011821 0.413587
vt 0.079790 0.383480
vt 0.079790 0.398352
vt 0.108738 0.412688
vt 0.108738 0.384015
vt 0.108738 0.412001
vt 0.302249 0.418487
vt 0.362314 0.378217
vt 0.362314 0.384702
vt 0.302249 0.398352
vt 0.433657 0.217554
vt 0.446760 0.260369
vt 0.384460 0.200910
vt 0.558530 0.224092
vt 0.656434 0.266483
vt 0.730233 0.217554
vt 0.446760 0.260369
vt 0.384460 0.200910
vt 0.558530 0.224092
vt 0.656434 0.266483
vt 0.730233 1.000000
vt 0.182999 0.752530
vt 0.108472 0.721485
vt 0.142910 0.717043
vt 0.182821 0.721255
vt 0.222771 0.747054
vt 0.267460 0.686866
vt 0.069642 0.658009
vt 0.124401 0.650327
vt 0.182630 0.657670
vt 0.240913 0.686200
vt 0.295827 0.611605
vt 0.086559 0.594032
vt 0.133785 0.591441
vt 0.182455 0.593750
vt 0.231142 0.619101
vt 0.285520 0.580505
vt 0.107939 0.564010
vt 0.142770 0.560000
vt 0.182358 0.563782
vt 0.221970 0.580068
vt 0.256899 0.512341
vt 0.045785 0.469153
vt 0.045809 0.421463
vt 0.045816 0.373578
vt 0.045810 0.330586
vt 0.045785 0.492220
vt 0.016154 0.459077
vt 0.016158 0.421540
vt 0.016160 0.384192
vt 0.016159 0.351066
vt 0.016154 0.911863
vt 0.960654 0.721485
vt 0.142910 0.717043
vt 0.182821 0.721255
vt 0.222771 0.658009
vt 0.124401 0.650327
vt 0.182630 0.657670
vt 0.240913 0.594032
vt 0.133785 0.591441
vt 0.182455 0.593750
vt 0.231142 0.564010
vt 0.142770 0.560000
vt 0.182358 0.563782
vt 0.221970 0.469153
vt 0.045809 0.421463
vt 0.045816 0.373578
vt 0.045810 0.384192
vt 0.016159 0.459077
vt 0.016158 0.421540
vt 0.016160 0.512478
vt 0.080101 0.469259
vt 0.080111 0.421437
vt 0.080114 0.373475
vt 0.080111 0.330550
vt 0.080100 0.960572
vt 0.916806 0.939902
vt 0.902683 0.974135
vt 0.939219 0.976930
vt 0.965261 0.969045
vt 0.988964 0.469259
vt 0.080111 0.421437
vt 0.080114 0.373475
vt 0.080111 0.960572
vt 0.916806 0.974135
vt 0.939219 0.976930
vt 0.965261 1.000000
vt 0.171651 0.101744
vt 0.370256 0.121858
vt 0.648613 0.055381
vt 0.827476 0.121858
vt 0.787791 0.107690
vt 0.452540 0.004422
vt 0.053586 0.004422
vt 0.837758 0.004422
vt 0.905389 0.004422
vt 0.370256 0.004422
vt 0.648613 0.163724
vt 0.568615 0.064051
vt 0.171651 0.101744
vt 0.370256 0.121858
vt 0.648613 0.055381
vt 0.827476 0.121858
vt 0.787791 0.107690
vt 0.452540 0.163724
vt 0.568615 0.064051
vt 0.171651 0.004422
vt 0.370256 0.004422
vt 0.370256 0.004422
vt 0.648613 0.004422
vt 0.648613 0.055381
vt 0.827476 0.004422
vt 0.648613 0.121858
vt 0.787791 0.101744
vt 0.370256 0.121858
vt 0.648613 0.004422
vt 0.370256 0.004422
vt 0.053586 0.064051
vt 0.171651 0.004422
vt 0.370256 0.004422
vt 0.370256 0.004422
vt 0.648613 0.004422
vt 0.648613 0.004422
vt 0.837758 0.004422
vt 0.648613 0.055381
vt 0.827476 0.121858
vt 0.787791 0.004422
vt 0.648613 0.101744
vt 0.370256 0.121858
vt 0.648613 0.004422
vt 0.905389 1.000000
vt 0.050448 0.795881
vt 0.062826 0.585155
vt 0.525502 0.575001
vt 0.505527 0.563336
vt 0.714805 0.246813
vt 0.190814 0.261760
vt 0.140058 0.262805
vt 0.165329 0.984240
vt 0.832820 0.476976
vt 0.131097 0.519923
vt 0.988403 0.526426
vt 0.464598 0.517740
vt 0.157165 0.437835
vt 0.100842 0.448410
vt 0.121014 0.713501
vt 0.058794 0.575516
vt 0.034809 0.880832
vt 0.065369 0.946205
vt 0.041781 0.519893
vt 0.973989 0.790127
vt 0.973831 0.577818
vt 0.662168 0.572325
vt 0.754679 0.614444
vt 0.829125 0.571242
vt 0.902714 0.485952
vt 0.902641 0.443377
vt 0.828753 0.486506
vt 0.754476 0.552673
vt 0.786618 0.574318
vt 0.828260 0.551685
vt 0.867136 0.506654
vt 0.867109 0.482337
vt 0.825431 0.507386
vt 0.786425 0.492913
vt 0.642759 0.489713
vt 0.542213 0.405509
vt 0.551298 0.399645
vt 0.602501 0.483274
vt 0.519749 0.331625
vt 0.408025 0.419965
vt 0.395435 0.305299
vt 0.296639 0.395869
vt 0.267630 0.583877
vt 0.988326 0.318517
vt 0.208839 0.376852
vt 0.191623 0.435530
vt 0.172517 0.307597
vt 0.349717 0.377905
vt 0.469427 0.428631
vt 0.460640 0.458835
vt 0.468162 0.308026
vt 0.138890 0.360513
vt 0.128692 0.394157
vt 0.121756 0.310203
vt 0.171518 0.365597
vt 0.160593 0.411397
vt 0.149352 0.405094
vt 0.529802 0.311025
vt 0.255711 0.390306
vt 0.235377 0.462523
vt 0.205362 0.429716
vt 0.507814 0.253569
vt 0.444798 0.216166
vt 0.364973 0.484707
vt 0.492222 0.576170
vt 0.007518 0.326034
vt 0.496392 0.583912
vt 0.973838 0.715816
vt 0.973862 0.646277
vt 0.973804 0.216154
vt 0.231259 0.572325
vt 0.754679 0.614444
vt 0.829125 0.571242
vt 0.902714 0.485952
vt 0.902641 0.443377
vt 0.828753 0.486506
vt 0.754476 0.552673
vt 0.786618 0.574318
vt 0.828260 0.551685
vt 0.867136 0.506654
vt 0.867109 0.482337
vt 0.825431 0.507386
vt 0.786425 0.492913
vt 0.642759 0.489713
vt 0.542213 0.405509
vt 0.551298 0.399645
vt 0.602501 0.483274
vt 0.519749 0.331625
vt 0.408025 0.419965
vt 0.395435 0.305299
vt 0.296639 0.395869
vt 0.267630 0.583877
vt 0.988326 0.318517
vt 0.208839 0.376852
vt 0.191623 0.435530
vt 0.172517 0.307597
vt 0.349717 0.377905
vt 0.469427 0.428631
vt 0.460640 0.458835
vt 0.468162 0.308026
vt 0.138890 0.360513
vt 0.128692 0.394157
vt 0.121756 0.310203
vt 0.171518 0.365597
vt 0.160593 0.411397
vt 0.149352 0.405094
vt 0.529802 0.311025
vt 0.255711 0.390306
vt 0.235377 0.462523
vt 0.205362 0.429716
vt 0.507814 0.253569
vt 0.444798 0.216166
vt 0.364973 0.484707
vt 0.492222 0.326034
vt 0.496392 0.583912
vt 0.973838 0.715816
vt 0.973862 0.646277
vt 0.973804 0.636392
vt 0.050448 0.576170
vt 0.007518 0.636392
vt 0.050448 0.575516
vt 0.034809 0.210748
vt 0.294404 0.576170
vt 0.007518 0.575516
vt 0.034809 0.576170
vt 0.007518 0.541967
vt 0.007150 0.575516
vt 0.034809 0.541967
vt 0.007150 0.576170
vt 0.007518 0.575516
vt 0.034809 0.646293
vt 0.988308 0.715822
vt 0.988369 0.790329
vt 0.988372 0.948048
vt 0.834299 0.984240
vt 0.871127 0.414392
vt 0.342064 0.475758
vt 0.240447 0.404263
vt 0.290982 0.493515
vt 0.396648 0.543618
vt 0.185606 0.557396
vt 0.431536 0.795665
vt 0.007280 0.880581
vt 0.007621 0.636281
vt 0.007151 0.713957
vt 0.007286 0.541967
vt 0.007150 0.576170
vt 0.007518 0.946287
vt 0.007290 0.983566
vt 0.007130 0.182558
vt 0.554719 0.101141
vt 0.568370 0.099352
vt 0.520708 0.014628
vt 0.558032 0.015176
vt 0.504988 0.646293
vt 0.988308 0.715822
vt 0.988369 0.948048
vt 0.834299 0.414392
vt 0.342064 0.210748
vt 0.294404 0.475758
vt 0.240447 0.404263
vt 0.290982 0.493515
vt 0.396648 0.795665
vt 0.007280 0.880581
vt 0.007621 0.636281
vt 0.007151 0.713957
vt 0.007286 0.946287
vt 0.007290 0.182558
vt 0.554719 0.099352
vt 0.520708 0.101141
vt 0.568370 1.000000
vt 0.204799 0.925105
vt 0.201397 0.852132
vt 0.200814 0.967851
vt 0.261939 0.925753
vt 0.283164 0.850115
vt 0.282554 0.983993
vt 0.110093 0.931203
vt 0.080578 0.847662
vt 0.079924 0.794458
vt 0.108667 0.928320
vt 0.123153 0.850179
vt 0.122525 0.976132
vt 0.143233 0.802022
vt 0.141878 0.786348
vt 0.203183 0.808380
vt 0.260658 1.000000
vt 0.204799 0.925105
vt 0.201397 0.852132
vt 0.200814 0.967851
vt 0.261939 0.925753
vt 0.283164 0.850115
vt 0.282554 0.983993
vt 0.110093 0.931203
vt 0.080578 0.847662
vt 0.079924 0.794458
vt 0.108667 0.928320
vt 0.123153 0.850179
vt 0.122525 0.976132
vt 0.143233 0.802022
vt 0.141878 0.786348
vt 0.203183 0.808380
vt 0.260658 1.000000
vt 0.880524 0.745886
vt 0.887617 0.793572
vt 0.620214 0.702135
vt 0.623803 0.806226
vt 0.809062 0.741027
vt 0.819434 0.713362
vt 0.767706 0.801812
vt 0.688344 0.885983
vt 0.704974 0.699024
vt 0.696278 0.790372
vt 0.565629 0.805452
vt 0.924508 0.756728
vt 0.925041 0.710563
vt 0.565610 0.861233
vt 0.834406 0.878950
vt 0.630783 0.872403
vt 0.568691 0.882219
vt 0.778267 0.805639
vt 0.337092 0.707551
vt 0.335747 0.897208
vt 0.356606 0.794774
vt 0.493346 0.800048
vt 0.423640 0.709038
vt 0.497369 0.706117
vt 0.420898 0.879850
vt 0.503917 0.889532
vt 0.438703 0.807092
vt 0.756517 0.849984
vt 0.927725 0.696510
vt 0.903829 0.711784
vt 0.932249 0.911492
vt 0.442766 0.920693
vt 0.489067 0.626164
vt 0.807171 0.867374
vt 0.891653 0.945498
vt 0.643981 0.589865
vt 0.433858 0.177354
vt 0.390979 0.177354
vt 0.461075 0.080392
vt 0.394412 0.077043
vt 0.331531 0.957043
vt 0.514841 0.940499
vt 0.573757 0.625537
vt 0.575825 0.610640
vt 0.718832 0.618631
vt 0.638967 0.951795
vt 0.721249 0.909986
vt 0.359927 0.058413
vt 0.331531 0.672787
vt 0.871137 0.812167
vt 0.880524 0.745886
vt 0.887617 0.793572
vt 0.620214 0.702135
vt 0.623803 0.806226
vt 0.809062 0.741027
vt 0.819434 0.713362
vt 0.767706 0.801812
vt 0.688344 0.885983
vt 0.704974 0.699024
vt 0.696278 0.790372
vt 0.565629 0.805452
vt 0.924508 0.756728
vt 0.925041 0.710563
vt 0.565610 0.861233
vt 0.834406 0.878950
vt 0.630783 0.872403
vt 0.568691 0.882219
vt 0.778267 0.805639
vt 0.337092 0.707551
vt 0.335747 0.897208
vt 0.356606 0.794774
vt 0.493346 0.800048
vt 0.423640 0.709038
vt 0.497369 0.706117
vt 0.420898 0.879850
vt 0.503917 0.889532
vt 0.438703 0.807092
vt 0.756517 0.911492
vt 0.442766 0.920693
vt 0.489067 0.914284
vt 0.850536 0.606446
vt 0.509432 0.942866
vt 0.797367 0.080392
vt 0.394412 0.177354
vt 0.328098 0.077043
vt 0.331531 0.584088
vt 0.357426 0.909986
vt 0.359927 0.058413
vt 0.331531 0.091869
vt 0.817688 0.132344
vt 0.834234 0.322048
vt 0.815409 0.174479
vt 0.840853 0.061134
vt 0.868107 0.113174
vt 0.893705 0.353867
vt 0.877182 0.167949
vt 0.905830 0.240031
vt 0.906304 0.296513
vt 0.896576 0.081562
vt 0.969816 0.392221
vt 0.954547 0.316224
vt 0.977454 0.464809
vt 0.908824 0.247417
vt 0.989799 0.278440
vt 0.832212 0.234397
vt 0.840807 0.407066
vt 0.735196 0.214762
vt 0.664927 0.138485
vt 0.649956 0.354780
vt 0.664499 0.163467
vt 0.640251 0.147695
vt 0.644015 0.168625
vt 0.622013 0.151418
vt 0.610821 0.194818
vt 0.718850 0.083312
vt 0.649277 0.127206
vt 0.626969 0.144972
vt 0.625662 0.159970
vt 0.630783 0.327662
vt 0.663862 0.377989
vt 0.719136 0.345878
vt 0.697305 0.418878
vt 0.661546 0.401134
vt 0.690582 0.098423
vt 0.666610 0.271283
vt 0.661288 0.163138
vt 0.718652 0.330114
vt 0.630157 0.352375
vt 0.630785 0.097323
vt 0.687498 0.269924
vt 0.624011 0.133088
vt 0.716762 0.133585
vt 0.704057 0.097176
vt 0.707349 0.097359
vt 0.720380 0.188353
vt 0.664519 0.298694
vt 0.662223 0.300625
vt 0.626131 0.116679
vt 0.720327 0.239938
vt 0.663642 0.239299
vt 0.629179 0.081448
vt 0.715763 0.115211
vt 0.666663 0.115829
vt 0.686994 0.116513
vt 0.707159 0.080489
vt 0.666217 0.080031
vt 0.684943 0.078511
vt 0.703987 0.212260
vt 0.604881 0.194522
vt 0.611762 0.194341
vt 0.638408 0.214390
vt 0.637184 0.097323
vt 0.687498 0.269924
vt 0.624011 0.097176
vt 0.707349 0.274151
vt 0.576656 0.300625
vt 0.626131 0.297573
vt 0.577315 0.239299
vt 0.629179 0.230663
vt 0.599401 0.115829
vt 0.686994 0.116513
vt 0.707159 0.080031
vt 0.684943 0.078511
vt 0.703987 0.269068
vt 0.714629 0.226651
vt 0.718766 0.312595
vt 0.718738 0.344693
vt 0.718961 0.098611
vt 0.627336 0.112221
vt 0.646762 0.155342
vt 0.989733 0.278440
vt 0.832212 0.234397
vt 0.840807 0.061134
vt 0.868107 0.113174
vt 0.893705 0.353867
vt 0.877182 0.167949
vt 0.905830 0.240031
vt 0.906304 0.296513
vt 0.896576 0.081562
vt 0.969816 0.392221
vt 0.954547 0.316224
vt 0.977454 0.247417
vt 0.989799 0.155342
vt 0.989733 0.091869
vt 0.817688 0.132344
vt 0.834234 0.322048
vt 0.815409 0.174479
vt 0.840853 0.407066
vt 0.735196 0.214762
vt 0.664927 0.138485
vt 0.649956 0.354780
vt 0.664499 0.163467
vt 0.640251 0.147695
vt 0.644015 0.168625
vt 0.622013 0.151418
vt 0.610821 0.194818
vt 0.718850 0.083312
vt 0.649277 0.127206
vt 0.626969 0.144972
vt 0.625662 0.159970
vt 0.630783 0.327662
vt 0.663862 0.377989
vt 0.719136 0.345878
vt 0.697305 0.418878
vt 0.661546 0.401134
vt 0.690582 0.098423
vt 0.666610 0.271283
vt 0.661288 0.163138
vt 0.718652 0.330114
vt 0.630157 0.352375
vt 0.630785 0.097323
vt 0.687498 0.269924
vt 0.624011 0.133088
vt 0.716762 0.133585
vt 0.704057 0.097176
vt 0.707349 0.097359
vt 0.720380 0.188353
vt 0.664519 0.298694
vt 0.662223 0.300625
vt 0.626131 0.116679
vt 0.720327 0.239938
vt 0.663642 0.239299
vt 0.629179 0.081448
vt 0.715763 0.115211
vt 0.666663 0.115829
vt 0.686994 0.116513
vt 0.707159 0.080489
vt 0.666217 0.080031
vt 0.684943 0.078511
vt 0.703987 0.212260
vt 0.604881 0.194522
vt 0.611762 0.194341
vt 0.638408 0.214390
vt 0.637184 0.097323
vt 0.687498 0.269924
vt 0.624011 0.097176
vt 0.707349 0.274151
vt 0.576656 0.300625
vt 0.626131 0.297573
vt 0.577315 0.239299
vt 0.629179 0.230663
vt 0.599401 0.115829
vt 0.686994 0.116513
vt 0.707159 0.080031
vt 0.684943 0.078511
vt 0.703987 0.269068
vt 0.714629 0.226651
vt 0.718766 0.312595
vt 0.718738 0.344693
vt 0.718961 0.098611
vt 0.627336 0.112221
vt 0.646762 0.464809
vt 0.908824 0.243125
vt 0.076820 0.084773
vt 0.059286 0.051006
vt 0.062031 0.213772
vt 0.035976 0.267420
vt 0.049067 0.151109
vt 0.037490 0.187657
vt 0.098496 0.138159
vt 0.086262 0.103923
vt 0.160781 0.154791
vt 0.166480 0.057785
vt 0.161423 0.052109
vt 0.306001 0.103575
vt 0.306558 0.054215
vt 0.237478 0.102028
vt 0.235762 0.156859
vt 0.309383 0.153773
vt 0.237428 0.057317
vt 0.120481 0.097867
vt 0.118535 0.159682
vt 0.133605 0.120153
vt 0.123120 0.300745
vt 0.064152 0.268615
vt 0.106272 0.225122
vt 0.135087 0.086916
vt 0.011404 0.044032
vt 0.016381 0.214929
vt 0.007131 0.272317
vt 0.012590 0.146966
vt 0.006369 0.316739
vt 0.030512 0.181035
vt 0.175832 0.183610
vt 0.236111 0.022133
vt 0.306460 0.020938
vt 0.237182 0.032052
vt 0.163243 0.019251
vt 0.069142 0.005304
vt 0.025192 0.188173
vt 0.307648 0.189327
vt 0.157248 0.029607
vt 0.125228 0.267420
vt 0.049067 0.243125
vt 0.076820 0.044032
vt 0.016381 0.051006
vt 0.062031 0.086916
vt 0.011404 0.084773
vt 0.059286 0.213772
vt 0.035976 0.151109
vt 0.037490 0.450602
vt 0.277081 0.482952
vt 0.267339 0.518505
vt 0.269183 0.187657
vt 0.098496 0.138159
vt 0.086262 0.154791
vt 0.166480 0.057785
vt 0.161423 0.103923
vt 0.160781 0.102028
vt 0.235762 0.052109
vt 0.306001 0.054215
vt 0.237478 0.103575
vt 0.306558 0.153773
vt 0.237428 0.156859
vt 0.309383 0.057317
vt 0.120481 0.097867
vt 0.118535 0.159682
vt 0.133605 0.120153
vt 0.123120 0.243125
vt 0.076820 0.084773
vt 0.059286 0.051006
vt 0.062031 0.213772
vt 0.035976 0.267420
vt 0.049067 0.151109
vt 0.037490 0.187657
vt 0.098496 0.138159
vt 0.086262 0.103923
vt 0.160781 0.154791
vt 0.166480 0.057785
vt 0.161423 0.052109
vt 0.306001 0.103575
vt 0.306558 0.054215
vt 0.237478 0.102028
vt 0.235762 0.156859
vt 0.309383 0.153773
vt 0.237428 0.057317
vt 0.120481 0.097867
vt 0.118535 0.159682
vt 0.133605 0.120153
vt 0.123120 0.300745
vt 0.064152 0.268615
vt 0.106272 0.225122
vt 0.135087 0.086916
vt 0.011404 0.044032
vt 0.016381 0.214929
vt 0.007131 0.272317
vt 0.012590 0.146966
vt 0.006369 0.316739
vt 0.030512 0.181035
vt 0.175832 0.183610
vt 0.236111 0.022133
vt 0.306460 0.020938
vt 0.237182 0.032052
vt 0.163243 0.019251
vt 0.069142 0.005304
vt 0.025192 0.188173
vt 0.307648 0.189327
vt 0.157248 0.029607
vt 0.125228 0.267420
vt 0.049067 0.243125
vt 0.076820 0.044032
vt 0.016381 0.051006
vt 0.062031 0.086916
vt 0.011404 0.084773
vt 0.059286 0.213772
vt 0.035976 0.151109
vt 0.037490 0.450602
vt 0.277081 0.482952
vt 0.267339 0.518505
vt 0.269183 0.187657
vt 0.098496 0.138159
vt 0.086262 0.154791
vt 0.166480 0.057785
vt 0.161423 0.103923
vt 0.160781 0.102028
vt 0.235762 0.052109
vt 0.306001 0.054215
vt 0.237478 0.103575
vt 0.306558 0.153773
vt 0.237428 0.156859
vt 0.309383 0.057317
vt 0.120481 0.097867
vt 0.118535 0.159682
vt 0.133605 0.120153
vt 0.123120 0.092131
vt 0.465794 0.126516
vt 0.503829 0.177354
vt 0.519662 0.064070
vt 0.396243 0.920331
vt 0.362616 0.625537
vt 0.575825 0.618631
vt 0.638967 0.610640
vt 0.718832 0.626164
vt 0.807171 0.672787
vt 0.871137 0.867374
vt 0.891653 0.914284
vt 0.850536 0.696510
vt 0.903829 0.711784
vt 0.932249 0.849984
vt 0.927725 0.942866
vt 0.797367 0.951795
vt 0.721249 0.945498
vt 0.643981 0.940499
vt 0.573757 0.606446
vt 0.509432 0.589865
vt 0.433858 0.957043
vt 0.514841 0.584088
vt 0.357426 0.092131
vt 0.465794 0.177354
vt 0.461075 0.126516
vt 0.503829 0.177354
vt 0.519662 0.177354
vt 0.390979 0.177354
vt 0.328098 0.064070
vt 0.396243 0.920331
vt 0.362616 0.359006
vt 0.788036 0.405940
vt 0.843401 0.007469
vt 0.925061 0.236481
vt 0.760551 0.191749
vt 0.755762 0.344458
vt 0.755776 0.384737
vt 0.775397 0.097108
vt 0.602202 0.130017
vt 0.602247 0.368666
vt 0.686596 0.420540
vt 0.701159 0.428972
vt 0.671508 0.386345
vt 0.676850 0.403910
vt 0.655820 0.176429
vt 0.631798 0.297632
vt 0.755765 0.068552
vt 0.610950 0.064700
vt 0.633701 0.063643
vt 0.665860 0.132900
vt 0.665695 0.133267
vt 0.686599 0.332270
vt 0.594118 0.352253
vt 0.602682 0.159522
vt 0.755765 0.308200
vt 0.590517 0.266101
vt 0.584784 0.243796
vt 0.588243 0.266389
vt 0.769261 0.292853
vt 0.770328 0.265321
vt 0.788942 0.299962
vt 0.786589 0.233320
vt 0.788997 0.236481
vt 0.760551 0.266389
vt 0.769261 0.292853
vt 0.770328 0.265321
vt 0.788942 0.299962
vt 0.786589 0.233320
vt 0.788997 0.236481
vt 0.760551 0.299962
vt 0.786589 0.292853
vt 0.770328 0.265321
vt 0.788942 0.266389
vt 0.769261 0.233320
vt 0.788997 0.236481
vt 0.760551 0.097359
vt 0.720380 0.116679
vt 0.720327 0.064206
vt 0.681573 0.065226
vt 0.697518 0.065166
vt 0.709137 0.078511
vt 0.703987 0.299962
vt 0.786589 0.292853
vt 0.770328 0.265321
vt 0.788942 0.266389
vt 0.769261 0.299962
vt 0.786589 0.292853
vt 0.770328 0.265321
vt 0.788942 0.266389
vt 0.769261 0.266389
vt 0.769261 0.292853
vt 0.770328 0.265321
vt 0.788942 0.299962
vt 0.786589 0.405940
vt 0.843401 0.359006
vt 0.788036 0.007469
vt 0.925061 0.236481
vt 0.760551 0.191749
vt 0.755762 0.344458
vt 0.755776 0.384737
vt 0.775397 0.097108
vt 0.602202 0.130017
vt 0.602247 0.368666
vt 0.686596 0.420540
vt 0.701159 0.428972
vt 0.671508 0.386345
vt 0.676850 0.403910
vt 0.655820 0.176429
vt 0.631798 0.297632
vt 0.755765 0.068552
vt 0.610950 0.064700
vt 0.633701 0.063643
vt 0.665860 0.132900
vt 0.665695 0.133267
vt 0.686599 0.332270
vt 0.594118 0.352253
vt 0.602682 0.159522
vt 0.755765 0.308200
vt 0.590517 0.266101
vt 0.584784 0.243796
vt 0.588243 0.266389
vt 0.769261 0.265321
vt 0.788942 0.292853
vt 0.770328 0.299962
vt 0.786589 0.233320
vt 0.788997 0.236481
vt 0.760551 0.266389
vt 0.769261 0.265321
vt 0.788942 0.292853
vt 0.770328 0.299962
vt 0.786589 0.233320
vt 0.788997 0.236481
vt 0.760551 0.299962
vt 0.786589 0.265321
vt 0.788942 0.292853
vt 0.770328 0.266389
vt 0.769261 0.233320
vt 0.788997 0.236481
vt 0.760551 0.097359
vt 0.720380 0.116679
vt 0.720327 0.064206
vt 0.681573 0.065226
vt 0.697518 0.065166
vt 0.709137 0.078511
vt 0.703987 0.299962
vt 0.786589 0.265321
vt 0.788942 0.292853
vt 0.770328 0.266389
vt 0.769261 0.299962
vt 0.786589 0.265321
vt 0.788942 0.292853
vt 0.770328 0.266389
vt 0.769261 0.266389
vt 0.769261 0.265321
vt 0.788942 0.292853
vt 0.770328 0.299962
vt 0.786589 0.448725
vt 0.331036 0.476045
vt 0.346676 0.514062
vt 0.347301 0.272317
vt 0.012590 0.214929
vt 0.007131 0.146966
vt 0.006369 0.440509
vt 0.304213 0.548697
vt 0.275337 0.547395
vt 0.339391 0.567221
vt 0.326126 0.568010
vt 0.285623 0.572132
vt 0.304820 0.448725
vt 0.331036 0.476045
vt 0.346676 0.514062
vt 0.347301 0.272317
vt 0.012590 0.214929
vt 0.007131 0.146966
vt 0.006369 0.440509
vt 0.304213 0.548697
vt 0.275337 0.547395
vt 0.339391 0.567221
vt 0.326126 0.568010
vt 0.285623 0.572132
vt 0.304820 1.000000
vt 0.356016 0.510291
vt 0.185133 0.891135
vt 0.902558 0.885940
vt 0.632768 0.819639
vt 0.767433 0.904105
vt 0.704530 0.796051
vt 0.793684 0.950932
vt 0.691396 0.914999
vt 0.742725 0.601611
vt 0.858555 0.670668
vt 0.885660 0.590830
vt 0.755878 0.595322
vt 0.795697 0.719115
vt 0.904965 0.929704
vt 0.761873 0.746128
vt 0.968860 0.721828
vt 0.799291 0.835580
vt 0.807722 0.801185
vt 0.843930 0.725563
vt 0.871143 0.810210
vt 0.907764 0.863336
vt 0.830780 0.863128
vt 0.749006 0.531564
vt 0.729749 0.873224
vt 0.780505 0.833469
vt 0.675361 0.844827
vt 0.710707 0.892075
vt 0.668624 0.793594
vt 0.723647 0.640345
vt 0.773532 0.681179
vt 0.789779 0.674386
vt 0.843808 0.747457
vt 0.721875 0.594751
vt 0.741500 0.580459
vt 0.628512 0.668244
vt 0.732251 0.617675
vt 0.686905 0.710165
vt 0.737087 0.833382
vt 0.972994 0.873149
vt 0.844269 0.776672
vt 0.658260 0.613896
vt 0.454471 0.561877
vt 0.333380 0.573963
vt 0.432792 0.594621
vt 0.359470 0.602468
vt 0.498980 0.663937
vt 0.990207 0.805664
vt 0.987122 0.947777
vt 0.824248 0.527410
vt 0.355318 0.509830
vt 0.356016 0.805664
vt 0.987122 0.891135
vt 0.902558 0.979432
vt 0.793975 0.885940
vt 0.632768 0.819639
vt 0.767433 0.904105
vt 0.704530 0.796051
vt 0.793684 0.914999
vt 0.742725 0.601611
vt 0.858555 0.530529
vt 0.857560 0.670668
vt 0.885660 0.590830
vt 0.755878 0.595322
vt 0.795697 0.719115
vt 0.904965 0.929704
vt 0.761873 0.947777
vt 0.824248 0.746128
vt 0.968860 0.960909
vt 0.750729 0.721828
vt 0.799291 0.835580
vt 0.807722 0.801185
vt 0.843930 0.725563
vt 0.871143 0.810210
vt 0.907764 0.863336
vt 0.830780 0.546500
vt 0.682624 0.863128
vt 0.749006 0.873224
vt 0.780505 0.833469
vt 0.675361 0.844827
vt 0.710707 0.892075
vt 0.668624 0.793594
vt 0.723647 0.527410
vt 0.355318 0.640345
vt 0.773532 0.681179
vt 0.789779 0.674386
vt 0.843808 0.747457
vt 0.721875 0.594751
vt 0.741500 0.668244
vt 0.732251 0.617675
vt 0.686905 0.710165
vt 0.737087 0.833382
vt 0.972994 0.873149
vt 0.844269 0.776672
vt 0.658260 0.613896
vt 0.454471 0.561877
vt 0.333380 0.568950
vt 0.229887 0.573963
vt 0.432792 0.621354
vt 0.284998 0.594621
vt 0.359470 0.602468
vt 0.498980 0.663937
vt 0.990207 0.541258
vt 0.214410 0.655659
vt 0.346038 0.781275
vt 0.422127 0.780129
vt 0.468820 0.758898
vt 0.472342 0.780423
vt 0.522199 0.758733
vt 0.536287 0.782136
vt 0.578936 0.835386
vt 0.509130 0.850112
vt 0.481284 0.822499
vt 0.599847 0.810236
vt 0.462271 0.819687
vt 0.426502 0.811760
vt 0.557446 0.849601
vt 0.556566 0.855736
vt 0.597288 0.868862
vt 0.543249 0.868862
vt 0.543249 0.781275
vt 0.422127 0.780129
vt 0.468820 0.758898
vt 0.472342 0.780423
vt 0.522199 0.758733
vt 0.536287 0.875198
vt 0.610574 0.782136
vt 0.578936 0.835386
vt 0.509130 0.850112
vt 0.481284 0.822499
vt 0.599847 0.810236
vt 0.462271 0.819687
vt 0.426502 0.811760
vt 0.557446 0.849601
vt 0.556566 0.855736
vt 0.597288 0.875198
vt 0.589222 0.696362
vt 0.552724 0.734359
vt 0.521221 0.750098
vt 0.445166 0.734359
vt 0.369110 0.696362
vt 0.337607 0.658364
vt 0.369110 0.642625
vt 0.445166 0.658364
vt 0.521221 0.696362
vt 0.445166 0.519181
vt 0.014373 0.682203
vt 0.014822 0.673175
vt 0.290002 0.929596
vt 0.511608 0.982595
vt 0.339211 0.753935
vt 0.360087 0.984541
vt 0.148027 0.845111
vt 0.436396 0.872119
vt 0.286866 0.552582
vt 0.204713 0.679077
vt 0.152833 0.764710
vt 0.188153 0.873148
vt 0.156213 0.524225
vt 0.108359 0.613651
vt 0.125110 0.610254
vt 0.245914 0.576825
vt 0.117326 0.574145
vt 0.222494 0.529008
vt 0.185420 0.554637
vt 0.111577 0.506629
vt 0.166338 0.673175
vt 0.290002 0.929596
vt 0.511608 0.982595
vt 0.339211 0.769775
vt 0.014348 0.753935
vt 0.360087 0.984541
vt 0.148027 0.845111
vt 0.436396 0.872119
vt 0.286866 0.552582
vt 0.204713 0.679077
vt 0.152833 0.764710
vt 0.188153 0.873148
vt 0.156213 0.524225
vt 0.108359 0.615735
vt 0.015876 0.613651
vt 0.125110 0.876776
vt 0.014571 0.995262
vt 0.016088 0.554120
vt 0.015725 0.610254
vt 0.245914 0.576825
vt 0.117326 0.577087
vt 0.016088 0.574145
vt 0.222494 0.529008
vt 0.185420 0.554637
vt 0.111577 0.506629
vt 0.166338 0.997931
vt 0.368467 0.980782
vt 0.368530 0.997600
vt 0.497279 0.980994
vt 0.497344 0.997745
vt 0.628396 0.980901
vt 0.628461 0.997931
vt 0.763372 0.980783
vt 0.763434 0.997931
vt 0.368467 0.980782
vt 0.368530 0.997600
vt 0.497279 0.980994
vt 0.497344 0.997745
vt 0.628396 0.980901
vt 0.628461 0.997931
vt 0.763372 0.980783
vt 0.763434 0.529355
vt 0.940284 0.614606
vt 0.949491 0.932968
vt 0.608749 0.525178
vt 0.456114 0.637792
vt 0.539406 0.588782
vt 0.555184 0.614021
vt 0.663299 0.737078
vt 0.573361 0.702004
vt 0.690883 0.765874
vt 0.658976 0.689946
vt 0.565972 0.637779
vt 0.689786 0.778078
vt 0.594142 0.530529
vt 0.857560 0.531564
vt 0.729749 0.510291
vt 0.185133 0.541258
vt 0.214410 0.580459
vt 0.628512 0.546500
vt 0.682624 0.568950
vt 0.229887 0.950932
vt 0.691396 0.529355
vt 0.940284 0.614606
vt 0.949491 0.960909
vt 0.750729 0.979432
vt 0.793975 0.932968
vt 0.608749 0.525178
vt 0.456114 0.637792
vt 0.539406 0.614021
vt 0.663299 0.588782
vt 0.555184 0.737078
vt 0.573361 0.765874
vt 0.658976 0.702004
vt 0.690883 0.689946
vt 0.565972 0.637779
vt 0.689786 0.778078
vt 0.594142 0.655659
vt 0.346038 0.621354
vt 0.284998 0.894694
vt 0.597367 0.881568
vt 0.543327 0.995262
vt 0.016088 0.876776
vt 0.014571 0.682203
vt 0.014822 0.615735
vt 0.015876 0.577087
vt 0.016088 0.769775
vt 0.014348 0.519181
vt 0.014373 0.554120
vt 0.015725 1.000000

f 1/1 2/2 3/3
f 1/1 3/3 4/4
f 1/1 4/4 5/5
f 1/1 5/5 6/6
f 2/2 8/8 3/3
f 8/8 2/2 7/7
f 3/3 9/9 4/4
f 9/9 3/3 8/8
f 4/4 10/10 5/5
f 10/10 4/4 9/9
f 5/5 11/11 6/6
f 11/11 5/5 10/10
f 12/12 13/13 8/8
f 8/8 7/7 12/12
f 13/13 14/14 9/9
f 9/9 8/8 13/13
f 9/9 15/15 10/10
f 15/15 9/9 14/14
f 10/10 16/16 11/11
f 16/16 10/10 15/15
f 17/17 13/13 12/12
f 13/13 17/17 18/18
f 18/18 14/14 13/13
f 14/14 18/18 19/19
f 19/19 15/15 14/14
f 15/15 19/19 20/20
f 20/20 16/16 15/15
f 16/16 20/20 21/21
f 22/22 51/51 52/52
f 51/51 22/22 23/23
f 23/23 53/53 51/51
f 53/53 23/23 24/24
f 24/24 54/54 53/53
f 54/54 24/24 25/25
f 25/25 55/55 54/54
f 55/55 25/25 26/26
f 27/27 23/23 45/45
f 23/23 27/27 28/28
f 28/28 24/24 23/23
f 24/24 28/28 29/29
f 29/29 25/25 24/24
f 25/25 29/29 30/30
f 30/30 26/26 25/25
f 26/26 30/30 31/31
f 56/56 57/57 32/32
f 58/58 56/56 32/32
f 59/59 58/58 32/32
f 60/60 59/59 32/32
f 1/1 33/33 2/2
f 1/1 34/34 33/33
f 1/1 35/35 34/34
f 1/1 6/6 35/35
f 2/2 36/36 7/7
f 36/36 2/2 33/33
f 33/33 37/37 36/36
f 37/37 33/33 34/34
f 34/34 38/38 37/37
f 38/38 34/34 35/35
f 35/35 11/11 38/38
f 11/11 35/35 6/6
f 7/7 39/39 12/12
f 39/39 7/7 36/36
f 36/36 40/40 39/39
f 40/40 36/36 37/37
f 37/37 41/41 40/40
f 41/41 37/37 38/38
f 38/38 16/16 41/41
f 16/16 38/38 11/11
f 17/17 39/39 42/42
f 39/39 17/17 12/12
f 42/42 40/40 43/43
f 40/40 42/42 39/39
f 43/43 41/41 44/44
f 41/41 43/43 40/40
f 44/44 16/16 21/21
f 16/16 44/44 41/41
f 22/22 61/61 45/45
f 61/61 22/22 52/52
f 45/45 62/62 46/46
f 62/62 45/45 61/61
f 46/46 63/63 47/47
f 63/63 46/46 62/62
f 47/47 55/55 26/26
f 55/55 47/47 63/63
f 27/27 45/45 49/49
f 45/45 23/23 22/22
f 49/49 46/46 50/50
f 46/46 49/49 45/45
f 50/50 47/47 48/48
f 47/47 50/50 46/46
f 48/48 26/26 31/31
f 26/26 48/48 47/47
f 64/64 32/32 57/57
f 65/65 32/32 64/64
f 66/66 32/32 65/65
f 60/60 32/32 66/66
f 67/67 69/69 68/68
f 67/67 70/70 69/69
f 67/67 71/71 70/70
f 67/67 72/72 71/71
f 67/67 73/73 72/72
f 67/67 74/74 73/73
f 67/67 75/75 74/74
f 67/67 68/68 75/75
f 68/68 149/149 148/148
f 149/149 68/68 69/69
f 69/69 150/150 149/149
f 150/150 69/69 70/70
f 70/70 151/151 150/150
f 151/151 70/70 71/71
f 71/71 76/76 151/151
f 76/76 71/71 72/72
f 72/72 77/77 76/76
f 77/77 72/72 73/73
f 73/73 152/152 77/77
f 152/152 73/73 74/74
f 74/74 153/153 152/152
f 153/153 74/74 75/75
f 75/75 148/148 153/153
f 148/148 75/75 68/68
f 79/79 154/154 80/80
f 154/154 79/79 78/78
f 157/157 154/154 81/81
f 81/81 154/154 78/78
f 83/83 159/159 82/82
f 159/159 83/83 84/84
f 162/162 85/85 159/159
f 85/85 82/82 159/159
f 170/170 87/87 93/93
f 87/87 170/170 86/86
f 89/89 179/179 88/88
f 93/93 92/92 285/285
f 90/90 179/179 286/286
f 286/286 179/179 89/89
f 285/285 170/170 93/93
f 170/170 285/285 287/287
f 87/87 98/98 93/93
f 98/98 87/87 91/91
f 92/92 98/98 288/288
f 92/92 93/93 98/98
f 177/177 94/94 171/171
f 94/94 177/177 97/97
f 95/95 173/173 179/179
f 97/97 289/289 96/96
f 90/90 290/290 179/179
f 290/290 95/95 179/179
f 289/289 177/177 291/291
f 177/177 289/289 97/97
f 94/94 98/98 91/91
f 98/98 94/94 97/97
f 96/96 288/288 98/98
f 96/96 98/98 97/97
f 106/106 102/102 185/185
f 102/102 106/106 105/105
f 189/189 105/105 106/106
f 105/105 189/189 190/190
f 104/104 101/101 103/103
f 101/101 104/104 100/100
f 105/105 103/103 102/102
f 103/103 105/105 104/104
f 185/185 99/99 106/106
f 99/99 185/185 181/181
f 107/107 100/100 104/104
f 100/100 107/107 184/184
f 190/190 104/104 105/105
f 104/104 190/190 107/107
f 106/106 182/182 189/189
f 182/182 106/106 99/99
f 114/114 196/196 113/113
f 196/196 114/114 195/195
f 201/201 113/113 202/202
f 113/113 201/201 114/114
f 112/112 111/111 110/110
f 111/111 112/112 197/197
f 113/113 197/197 112/112
f 197/197 113/113 196/196
f 195/195 108/108 109/109
f 108/108 195/195 114/114
f 203/203 110/110 194/194
f 110/110 203/203 112/112
f 202/202 112/112 203/203
f 112/112 202/202 113/113
f 114/114 192/192 108/108
f 192/192 114/114 201/201
f 116/116 126/126 125/125
f 127/127 120/120 119/119
f 127/127 119/119 117/117
f 120/120 136/136 119/119
f 136/136 120/120 135/135
f 122/122 128/128 123/123
f 122/122 123/123 121/121
f 292/292 209/209 293/293
f 126/126 118/118 125/125
f 125/125 118/118 117/117
f 116/116 137/137 115/115
f 126/126 120/120 127/127
f 126/126 127/127 118/118
f 118/118 127/127 117/117
f 129/129 209/209 292/292
f 122/122 294/294 128/128
f 124/124 209/209 129/129
f 122/122 295/295 294/294
f 116/116 218/218 126/126
f 132/132 216/216 120/120
f 132/132 214/214 216/216
f 120/120 223/223 135/135
f 223/223 120/120 216/216
f 122/122 131/131 133/133
f 122/122 217/217 131/131
f 296/296 297/297 209/209
f 126/126 218/218 130/130
f 218/218 214/214 130/130
f 116/116 115/115 138/138
f 126/126 132/132 120/120
f 126/126 130/130 132/132
f 130/130 214/214 132/132
f 134/134 296/296 209/209
f 122/122 133/133 298/298
f 124/124 134/134 209/209
f 122/122 298/298 295/295
f 121/121 135/135 122/122
f 135/135 121/121 136/136
f 135/135 217/217 122/122
f 217/217 135/135 223/223
f 137/137 116/116 125/125
f 116/116 138/138 218/218
f 139/139 140/140 141/141
f 139/139 141/141 142/142
f 139/139 142/142 143/143
f 139/139 143/143 144/144
f 139/139 144/144 145/145
f 139/139 145/145 146/146
f 139/139 146/146 147/147
f 139/139 147/147 140/140
f 140/140 299/299 141/141
f 299/299 140/140 300/300
f 141/141 301/301 142/142
f 301/301 141/141 299/299
f 142/142 302/302 143/143
f 302/302 142/142 301/301
f 143/143 303/303 144/144
f 303/303 143/143 302/302
f 144/144 304/304 145/145
f 304/304 144/144 303/303
f 145/145 305/305 146/146
f 305/305 145/145 304/304
f 146/146 306/306 147/147
f 306/306 146/146 305/305
f 147/147 300/300 140/140
f 300/300 147/147 306/306
f 156/156 307/307 155/155
f 307/307 156/156 308/308
f 309/309 158/158 307/307
f 158/158 155/155 307/307
f 161/161 310/310 311/311
f 310/310 161/161 160/160
f 312/312 310/310 163/163
f 163/163 310/310 160/160
f 313/313 164/164 314/314
f 164/164 313/313 169/169
f 165/165 315/315 316/316
f 169/169 317/317 168/168
f 166/166 318/318 316/316
f 318/318 165/165 316/316
f 317/317 313/313 319/319
f 313/313 317/317 169/169
f 164/164 178/178 167/167
f 178/178 164/164 169/169
f 168/168 320/320 178/178
f 168/168 178/178 169/169
f 321/321 172/172 176/176
f 172/172 321/321 322/322
f 174/174 316/316 323/323
f 176/176 175/175 324/324
f 166/166 316/316 325/325
f 325/325 316/316 174/174
f 324/324 321/321 176/176
f 321/321 324/324 326/326
f 172/172 178/178 176/176
f 178/178 172/172 167/167
f 175/175 178/178 320/320
f 175/175 176/176 178/178
f 188/188 327/327 187/187
f 327/327 188/188 328/328
f 329/329 187/187 330/330
f 187/187 329/329 188/188
f 186/186 331/331 183/183
f 331/331 186/186 332/332
f 187/187 332/332 186/186
f 332/332 187/187 327/327
f 328/328 180/180 333/333
f 180/180 328/328 188/188
f 334/334 183/183 335/335
f 183/183 334/334 186/186
f 330/330 186/186 334/334
f 186/186 330/330 187/187
f 188/188 336/336 180/180
f 336/336 188/188 329/329
f 200/200 337/337 338/338
f 337/337 200/200 199/199
f 339/339 199/199 200/200
f 199/199 339/339 340/340
f 198/198 341/341 342/342
f 341/341 198/198 193/193
f 199/199 342/342 337/337
f 342/342 199/199 198/198
f 338/338 191/191 200/200
f 191/191 338/338 343/343
f 344/344 193/193 198/198
f 193/193 344/344 345/345
f 340/340 198/198 199/199
f 198/198 340/340 344/344
f 200/200 346/346 339/339
f 346/346 200/200 191/191
f 204/204 347/347 210/210
f 211/211 348/348 206/206
f 211/211 349/349 348/348
f 206/206 350/350 222/222
f 350/350 206/206 348/348
f 207/207 351/351 212/212
f 207/207 352/352 351/351
f 353/353 354/354 355/355
f 210/210 347/347 205/205
f 347/347 349/349 205/205
f 204/204 356/356 357/357
f 210/210 211/211 206/206
f 210/210 205/205 211/211
f 205/205 349/349 211/211
f 213/213 353/353 355/355
f 207/207 212/212 358/358
f 208/208 213/213 355/355
f 207/207 358/358 359/359
f 204/204 210/210 360/360
f 219/219 206/206 361/361
f 219/219 361/361 362/362
f 206/206 363/363 361/361
f 363/363 206/206 222/222
f 207/207 220/220 364/364
f 207/207 364/364 365/365
f 366/366 355/355 367/367
f 210/210 215/215 360/360
f 360/360 215/215 362/362
f 204/204 368/368 356/356
f 210/210 206/206 219/219
f 210/210 219/219 215/215
f 215/215 219/219 362/362
f 221/221 355/355 366/366
f 207/207 369/369 220/220
f 208/208 355/355 221/221
f 207/207 359/359 369/369
f 352/352 222/222 350/350
f 222/222 352/352 207/207
f 222/222 365/365 363/363
f 365/365 222/222 207/207
f 357/357 347/347 204/204
f 204/204 360/360 368/368
f 224/224 227/227 225/225
f 227/227 224/224 226/226
f 225/225 239/239 237/237
f 239/239 225/225 227/227
f 226/226 229/229 227/227
f 229/229 226/226 228/228
f 227/227 241/241 239/239
f 241/241 227/227 229/229
f 370/370 235/235 236/236
f 235/235 370/370 371/371
f 370/370 234/234 372/372
f 234/234 370/370 236/236
f 243/243 233/233 231/231
f 233/233 243/243 232/232
f 231/231 245/245 230/230
f 245/245 231/231 233/233
f 232/232 247/247 233/233
f 233/233 247/247 245/245
f 231/231 235/235 243/243
f 235/235 231/231 236/236
f 230/230 236/236 231/231
f 236/236 230/230 234/234
f 373/373 240/240 374/374
f 240/240 373/373 238/238
f 238/238 375/375 240/240
f 375/375 238/238 376/376
f 374/374 242/242 377/377
f 242/242 374/374 240/240
f 240/240 378/378 242/242
f 378/378 240/240 375/375
f 379/379 249/249 380/380
f 249/249 379/379 250/250
f 379/379 248/248 250/250
f 248/248 379/379 381/381
f 382/382 246/246 383/383
f 246/246 382/382 244/244
f 244/244 384/384 246/246
f 384/384 244/244 385/385
f 383/383 246/246 386/386
f 246/246 384/384 386/386
f 244/244 249/249 250/250
f 249/249 244/244 382/382
f 385/385 250/250 248/248
f 250/250 385/385 244/244
f 252/252 266/266 253/253
f 266/266 252/252 251/251
f 251/251 269/269 266/266
f 269/269 251/251 254/254
f 255/255 269/269 254/254
f 256/256 271/271 255/255
f 271/271 257/257 273/273
f 257/257 271/271 256/256
f 269/269 255/255 271/271
f 260/260 258/258 259/259
f 258/258 260/260 261/261
f 259/259 278/278 262/262
f 278/278 259/259 258/258
f 263/263 262/262 278/278
f 264/264 263/263 280/280
f 280/280 282/282 265/265
f 265/265 264/264 280/280
f 278/278 280/280 263/263
f 268/268 387/387 267/267
f 387/387 268/268 388/388
f 267/267 389/389 270/270
f 389/389 267/267 387/387
f 272/272 270/270 389/389
f 274/274 272/272 390/390
f 390/390 391/391 275/275
f 275/275 274/274 390/390
f 389/389 390/390 272/272
f 277/277 392/392 393/393
f 392/392 277/277 276/276
f 276/276 394/394 392/392
f 394/394 276/276 279/279
f 281/281 394/394 279/279
f 283/283 395/395 281/281
f 395/395 284/284 396/396
f 284/284 395/395 283/283
f 394/394 281/281 395/395
f 397/397 399/399 398/398
f 397/397 400/400 399/399
f 397/397 401/401 400/400
f 397/397 402/402 401/401
f 398/398 399/399 404/404
f 404/404 403/403 398/398
f 399/399 400/400 405/405
f 405/405 404/404 399/399
f 400/400 401/401 406/406
f 406/406 405/405 400/400
f 401/401 402/402 407/407
f 407/407 406/406 401/401
f 403/403 404/404 408/408
f 409/409 408/408 404/404
f 404/404 405/405 409/409
f 410/410 409/409 405/405
f 405/405 406/406 411/411
f 411/411 410/410 405/405
f 406/406 407/407 412/412
f 412/412 411/411 406/406
f 413/413 408/408 409/409
f 409/409 414/414 413/413
f 414/414 409/409 410/410
f 410/410 415/415 414/414
f 415/415 410/410 411/411
f 411/411 416/416 415/415
f 416/416 411/411 412/412
f 412/412 417/417 416/416
f 418/418 447/447 448/448
f 448/448 419/419 418/418
f 419/419 448/448 449/449
f 449/449 420/420 419/419
f 420/420 449/449 450/450
f 450/450 421/421 420/420
f 421/421 450/450 451/451
f 451/451 422/422 421/421
f 423/423 418/418 419/419
f 419/419 424/424 423/423
f 424/424 419/419 420/420
f 420/420 425/425 424/424
f 425/425 420/420 421/421
f 421/421 426/426 425/425
f 426/426 421/421 422/422
f 422/422 427/427 426/426
f 452/452 428/428 453/453
f 454/454 428/428 452/452
f 455/455 428/428 454/454
f 456/456 428/428 455/455
f 397/397 398/398 429/429
f 397/397 429/429 430/430
f 397/397 430/430 431/431
f 397/397 431/431 402/402
f 398/398 403/403 432/432
f 432/432 429/429 398/398
f 429/429 432/432 433/433
f 433/433 430/430 429/429
f 430/430 433/433 434/434
f 434/434 431/431 430/430
f 431/431 434/434 407/407
f 407/407 402/402 431/431
f 403/403 408/408 435/435
f 435/435 432/432 403/403
f 432/432 435/435 436/436
f 436/436 433/433 432/432
f 433/433 436/436 437/437
f 437/437 434/434 433/433
f 434/434 437/437 412/412
f 412/412 407/407 434/434
f 413/413 438/438 435/435
f 435/435 408/408 413/413
f 438/438 439/439 436/436
f 436/436 435/435 438/438
f 439/439 440/440 437/437
f 437/437 436/436 439/439
f 440/440 417/417 412/412
f 412/412 437/437 440/440
f 418/418 441/441 457/457
f 457/457 447/447 418/418
f 441/441 442/442 458/458
f 458/458 457/457 441/441
f 442/442 443/443 459/459
f 459/459 458/458 442/442
f 443/443 422/422 451/451
f 451/451 459/459 443/443
f 423/423 445/445 441/441
f 441/441 418/418 423/423
f 445/445 446/446 442/442
f 442/442 441/441 445/445
f 446/446 444/444 443/443
f 443/443 442/442 446/446
f 444/444 427/427 422/422
f 422/422 443/443 444/444
f 460/460 453/453 428/428
f 461/461 460/460 428/428
f 462/462 461/461 428/428
f 456/456 462/462 428/428
f 469/469 472/472 463/463
f 464/464 482/482 483/483
f 468/468 484/484 473/473
f 466/466 485/485 470/470
f 467/467 486/486 487/487
f 488/488 489/489 465/465
f 490/490 484/484 468/468
f 491/491 468/468 473/473
f 470/470 471/471 466/466
f 491/491 474/474 468/468
f 492/492 493/493 475/475
f 494/494 476/476 495/495
f 496/496 480/480 497/497
f 498/498 478/478 499/499
f 500/500 479/479 501/501
f 502/502 503/503 477/477
f 496/496 504/504 480/480
f 480/480 505/505 497/497
f 506/506 499/499 478/478
f 481/481 505/505 480/480
f 536/536 529/529 535/535
f 529/529 536/536 530/530
f 537/537 530/530 536/536
f 530/530 537/537 531/531
f 538/538 531/531 537/537
f 531/531 538/538 532/532
f 539/539 532/532 538/538
f 532/532 539/539 533/533
f 540/540 533/533 539/539
f 533/533 540/540 534/534
f 535/535 534/534 540/540
f 534/534 535/535 529/529
f 538/538 540/540 539/539
f 540/540 536/536 535/535
f 538/538 536/536 540/540
f 538/538 537/537 536/536
f 541/541 528/528 509/509
f 541/541 511/511 528/528
f 541/541 543/543 544/544
f 543/543 541/541 542/542
f 564/564 542/542 545/545
f 542/542 564/564 543/543
f 545/545 509/509 510/510
f 509/509 545/545 542/542
f 638/638 574/574 550/550
f 526/526 550/550 574/574
f 550/550 526/526 517/517
f 639/639 575/575 638/638
f 575/575 640/640 527/527
f 640/640 575/575 639/639
f 638/638 576/576 574/574
f 575/575 576/576 638/638
f 641/641 515/515 642/642
f 568/568 555/555 573/573
f 568/568 556/556 555/555
f 568/568 557/557 556/556
f 554/554 570/570 546/546
f 569/569 546/546 570/570
f 643/643 554/554 546/546
f 546/546 547/547 643/643
f 548/548 577/577 629/629
f 577/577 548/548 565/565
f 549/549 565/565 548/548
f 565/565 549/549 566/566
f 567/567 549/549 644/644
f 549/549 567/567 566/566
f 554/554 629/629 570/570
f 629/629 554/554 548/548
f 645/645 548/548 554/554
f 548/548 645/645 549/549
f 573/573 546/546 569/569
f 546/546 573/573 555/555
f 555/555 547/547 546/546
f 547/547 555/555 556/556
f 556/556 646/646 547/547
f 646/646 556/556 557/557
f 561/561 512/512 551/551
f 512/512 561/561 514/514
f 562/562 551/551 552/552
f 551/551 562/562 561/561
f 563/563 552/552 553/553
f 552/552 563/563 562/562
f 521/521 553/553 516/516
f 553/553 521/521 563/563
f 561/561 513/513 514/514
f 513/513 561/561 558/558
f 562/562 558/558 561/561
f 558/558 562/562 559/559
f 563/563 559/559 562/562
f 559/559 563/563 560/560
f 521/521 560/560 563/563
f 560/560 521/521 520/520
f 549/549 645/645 644/644
f 647/647 567/567 644/644
f 567/567 647/647 519/519
f 565/565 512/512 577/577
f 512/512 565/565 551/551
f 566/566 551/551 565/565
f 551/551 566/566 552/552
f 553/553 566/566 567/567
f 566/566 553/553 552/552
f 519/519 553/553 567/567
f 553/553 519/519 516/516
f 554/554 643/643 645/645
f 568/568 571/571 557/557
f 571/571 646/646 557/557
f 571/571 648/648 646/646
f 571/571 518/518 648/648
f 646/646 643/643 547/547
f 524/524 649/649 508/508
f 649/649 524/524 650/650
f 522/522 651/651 507/507
f 651/651 522/522 652/652
f 653/653 631/631 654/654
f 507/507 654/654 631/631
f 654/654 507/507 651/651
f 508/508 652/652 522/522
f 652/652 508/508 649/649
f 525/525 650/650 524/524
f 650/650 525/525 655/655
f 655/655 525/525 656/656
f 657/657 658/658 659/659
f 660/660 659/659 658/658
f 659/659 660/660 661/661
f 509/509 542/542 541/541
f 653/653 630/630 631/631
f 507/507 631/631 630/630
f 585/585 584/584 578/578
f 578/578 579/579 585/585
f 586/586 585/585 579/579
f 579/579 580/580 586/586
f 587/587 586/586 580/580
f 580/580 581/581 587/587
f 588/588 587/587 582/582
f 581/581 582/582 587/587
f 589/589 588/588 582/582
f 582/582 583/583 589/589
f 584/584 589/589 583/583
f 583/583 578/578 584/584
f 587/587 588/588 589/589
f 589/589 584/584 585/585
f 587/587 589/589 585/585
f 587/587 585/585 586/586
f 590/590 509/509 528/528
f 590/590 528/528 511/511
f 590/590 593/593 592/592
f 592/592 591/591 590/590
f 613/613 594/594 591/591
f 591/591 592/592 613/613
f 594/594 510/510 509/509
f 509/509 591/591 594/594
f 662/662 599/599 622/622
f 526/526 622/622 599/599
f 599/599 517/517 526/526
f 663/663 662/662 623/623
f 623/623 527/527 640/640
f 640/640 663/663 623/623
f 662/662 622/622 624/624
f 623/623 662/662 624/624
f 664/664 642/642 515/515
f 617/617 621/621 604/604
f 617/617 604/604 605/605
f 617/617 605/605 606/606
f 595/595 619/619 603/603
f 619/619 595/595 618/618
f 596/596 595/595 665/665
f 603/603 665/665 595/595
f 597/597 666/666 577/577
f 577/577 614/614 597/597
f 598/598 597/597 614/614
f 614/614 615/615 598/598
f 616/616 667/667 598/598
f 598/598 615/615 616/616
f 603/603 619/619 666/666
f 666/666 597/597 603/603
f 668/668 603/603 597/597
f 597/597 598/598 668/668
f 621/621 618/618 595/595
f 595/595 604/604 621/621
f 604/604 595/595 596/596
f 596/596 605/605 604/604
f 605/605 596/596 669/669
f 669/669 606/606 605/605
f 610/610 600/600 512/512
f 512/512 514/514 610/610
f 611/611 601/601 600/600
f 600/600 610/610 611/611
f 612/612 602/602 601/601
f 601/601 611/611 612/612
f 521/521 516/516 602/602
f 602/602 612/612 521/521
f 610/610 514/514 513/513
f 513/513 607/607 610/610
f 611/611 610/610 607/607
f 607/607 608/608 611/611
f 612/612 611/611 608/608
f 608/608 609/609 612/612
f 521/521 612/612 609/609
f 609/609 520/520 521/521
f 598/598 667/667 668/668
f 647/647 667/667 616/616
f 616/616 519/519 647/647
f 614/614 577/577 512/512
f 512/512 600/600 614/614
f 615/615 614/614 600/600
f 600/600 601/601 615/615
f 602/602 616/616 615/615
f 615/615 601/601 602/602
f 519/519 616/616 602/602
f 602/602 516/516 519/519
f 603/603 668/668 665/665
f 617/617 606/606 620/620
f 620/620 606/606 669/669
f 620/620 669/669 648/648
f 620/620 648/648 518/518
f 669/669 596/596 665/665
f 524/524 508/508 670/670
f 670/670 671/671 524/524
f 522/522 507/507 672/672
f 672/672 673/673 522/522
f 625/625 523/523 626/626
f 630/630 672/672 507/507
f 508/508 522/522 673/673
f 673/673 670/670 508/508
f 525/525 524/524 671/671
f 671/671 674/674 525/525
f 674/674 656/656 525/525
f 675/675 676/676 677/677
f 660/660 677/677 676/676
f 676/676 661/661 660/660
f 509/509 590/590 591/591
f 627/627 572/572 628/628
f 633/633 632/632 634/634
f 635/635 637/637 636/636
f 690/690 688/688 679/679
f 688/688 689/689 680/680
f 680/680 679/679 688/688
f 680/680 691/691 692/692
f 681/681 679/679 682/682
f 679/679 680/680 683/683
f 683/683 682/682 679/679
f 683/683 680/680 693/693
f 681/681 678/678 679/679
f 680/680 692/692 693/693
f 680/680 689/689 691/691
f 679/679 678/678 690/690
f 688/688 690/690 684/684
f 684/684 685/685 688/688
f 689/689 688/688 685/685
f 685/685 686/686 689/689
f 691/691 689/689 686/686
f 686/686 687/687 691/691
f 706/706 695/695 704/704
f 704/704 696/696 705/705
f 696/696 704/704 695/695
f 696/696 708/708 707/707
f 697/697 698/698 695/695
f 695/695 699/699 696/696
f 699/699 695/695 698/698
f 699/699 709/709 696/696
f 697/697 695/695 694/694
f 696/696 709/709 708/708
f 696/696 707/707 705/705
f 695/695 706/706 694/694
f 704/704 700/700 706/706
f 700/700 704/704 701/701
f 705/705 701/701 704/704
f 701/701 705/705 702/702
f 707/707 702/702 705/705
f 702/702 707/707 703/703
f 800/800 803/803 799/799
f 804/804 809/809 803/803
f 805/805 1126/1126 1127/1127
f 807/807 814/814 808/808
f 804/804 802/802 806/806
f 814/814 807/807 815/815
f 807/807 802/802 815/815
f 810/810 805/805 1127/1127
f 805/805 811/811 808/808
f 1126/1126 805/805 801/801
f 808/808 801/801 805/805
f 806/806 802/802 807/807
f 802/802 804/804 800/800
f 803/803 800/800 804/804
f 811/811 805/805 810/810
f 810/810 1127/1127 812/812
f 803/803 809/809 1128/1128
f 811/811 807/807 808/808
f 806/806 809/809 804/804
f 811/811 813/813 807/807
f 813/813 806/806 807/807
f 806/806 813/813 880/880
f 880/880 809/809 806/806
f 801/801 808/808 814/814
f 1129/1129 1130/1130 875/875
f 817/817 824/824 845/845
f 1130/1130 824/824 875/875
f 1131/1131 816/816 1132/1132
f 836/836 845/845 824/824
f 878/878 1133/1133 826/826
f 827/827 820/820 821/821
f 820/820 827/827 828/828
f 827/827 821/821 818/818
f 818/818 826/826 827/827
f 879/879 878/878 826/826
f 823/823 828/828 827/827
f 828/828 823/823 822/822
f 1134/1134 823/823 826/826
f 826/826 1133/1133 1134/1134
f 834/834 879/879 852/852
f 849/849 835/835 874/874
f 831/831 1135/1135 830/830
f 831/831 876/876 829/829
f 831/831 829/829 819/819
f 1136/1136 832/832 1137/1137
f 832/832 1136/1136 833/833
f 816/816 833/833 1136/1136
f 833/833 816/816 830/830
f 830/830 1131/1131 877/877
f 830/830 877/877 831/831
f 833/833 1135/1135 1138/1138
f 1135/1135 833/833 830/830
f 832/832 1138/1138 1139/1139
f 1138/1138 832/832 833/833
f 830/830 816/816 1131/1131
f 817/817 849/849 875/875
f 820/820 822/822 1140/1140
f 819/819 1135/1135 831/831
f 822/822 820/820 828/828
f 826/826 823/823 827/827
f 842/842 841/841 854/854
f 848/848 854/854 841/841
f 876/876 874/874 846/846
f 874/874 1141/1141 1129/1129
f 1133/1133 878/878 1142/1142
f 878/878 825/825 1143/1143
f 1144/1144 825/825 855/855
f 834/834 855/855 825/825
f 825/825 879/879 834/834
f 1145/1145 852/852 818/818
f 837/837 819/819 829/829
f 819/819 837/837 838/838
f 1145/1145 1146/1146 852/852
f 853/853 852/852 1146/1146
f 1147/1147 1148/1148 837/837
f 838/838 837/837 1148/1148
f 1146/1146 842/842 853/853
f 854/854 853/853 842/842
f 857/857 843/843 851/851
f 844/844 851/851 843/843
f 839/839 856/856 834/834
f 855/855 834/834 856/856
f 843/843 857/857 839/839
f 856/856 839/839 857/857
f 836/836 824/824 1130/1130
f 1130/1130 1149/1149 836/836
f 1143/1143 825/825 1144/1144
f 829/829 846/846 837/837
f 847/847 837/837 846/846
f 837/837 847/847 1147/1147
f 1150/1150 1147/1147 847/847
f 840/840 835/835 850/850
f 849/849 850/850 835/835
f 1151/1151 840/840 1152/1152
f 850/850 1152/1152 840/840
f 1153/1153 1154/1154 1155/1155
f 1156/1156 1155/1155 1154/1154
f 1157/1157 1158/1158 1155/1155
f 1153/1153 1155/1155 1158/1158
f 1159/1159 1160/1160 1161/1161
f 1162/1162 1161/1161 1160/1160
f 1163/1163 1164/1164 1161/1161
f 1159/1159 1161/1161 1164/1164
f 1165/1165 1166/1166 1167/1167
f 1168/1168 1167/1167 1166/1166
f 1169/1169 1167/1167 1170/1170
f 1168/1168 1170/1170 1167/1167
f 863/863 866/866 835/835
f 846/846 835/835 866/866
f 865/865 867/867 863/863
f 866/866 863/863 867/867
f 860/860 861/861 845/845
f 817/817 845/845 861/861
f 817/817 861/861 849/849
f 868/868 849/849 861/861
f 859/859 858/858 860/860
f 861/861 860/860 858/858
f 861/861 858/858 868/868
f 869/869 868/868 858/858
f 862/862 834/834 870/870
f 852/852 870/870 834/834
f 864/864 862/862 871/871
f 870/870 871/871 862/862
f 1171/1171 864/864 1172/1172
f 871/871 1172/1172 864/864
f 1144/1144 855/855 1173/1173
f 872/872 1173/1173 855/855
f 1173/1173 872/872 1174/1174
f 873/873 1174/1174 872/872
f 1174/1174 873/873 1175/1175
f 1176/1176 1175/1175 873/873
f 1177/1177 1178/1178 1179/1179
f 1180/1180 1179/1179 1178/1178
f 1157/1157 1179/1179 1158/1158
f 1180/1180 1158/1158 1179/1179
f 1181/1181 1182/1182 1183/1183
f 1184/1184 1183/1183 1182/1182
f 1163/1163 1183/1183 1164/1164
f 1184/1184 1164/1164 1183/1183
f 1185/1185 1186/1186 1187/1187
f 1188/1188 1187/1187 1186/1186
f 1169/1169 1170/1170 1187/1187
f 1185/1185 1187/1187 1170/1170
f 835/835 846/846 874/874
f 829/829 876/876 846/846
f 875/875 874/874 1129/1129
f 849/849 874/874 875/875
f 875/875 824/824 817/817
f 876/876 1141/1141 874/874
f 1131/1131 1141/1141 876/876
f 877/877 876/876 831/831
f 877/877 1131/1131 876/876
f 878/878 1143/1143 1142/1142
f 825/825 878/878 879/879
f 879/879 818/818 852/852
f 818/818 879/879 826/826
f 895/895 894/894 883/883
f 884/884 883/883 889/889
f 885/885 1189/1189 1190/1190
f 887/887 888/888 881/881
f 884/884 886/886 897/897
f 881/881 882/882 887/887
f 887/887 882/882 897/897
f 890/890 1189/1189 885/885
f 885/885 888/888 891/891
f 1190/1190 896/896 885/885
f 888/888 885/885 896/896
f 886/886 887/887 897/897
f 897/897 895/895 884/884
f 883/883 884/884 895/895
f 891/891 890/890 885/885
f 890/890 962/962 1189/1189
f 883/883 1191/1191 889/889
f 891/891 888/888 887/887
f 886/886 884/884 889/889
f 891/891 887/887 892/892
f 892/892 887/887 886/886
f 886/886 893/893 892/892
f 893/893 886/886 889/889
f 896/896 881/881 888/888
f 1192/1192 957/957 1193/1193
f 899/899 927/927 906/906
f 1193/1193 957/957 906/906
f 1194/1194 1195/1195 898/898
f 918/918 906/906 927/927
f 960/960 908/908 1196/1196
f 909/909 903/903 902/902
f 902/902 910/910 909/909
f 909/909 900/900 903/903
f 900/900 909/909 908/908
f 961/961 908/908 960/960
f 905/905 909/909 910/910
f 910/910 904/904 905/905
f 1197/1197 908/908 905/905
f 908/908 1197/1197 1196/1196
f 916/916 934/934 961/961
f 931/931 956/956 917/917
f 913/913 912/912 1198/1198
f 913/913 911/911 958/958
f 913/913 901/901 911/911
f 1199/1199 1200/1200 914/914
f 914/914 915/915 1199/1199
f 898/898 1199/1199 915/915
f 915/915 912/912 898/898
f 912/912 959/959 1194/1194
f 912/912 913/913 959/959
f 915/915 1201/1201 1198/1198
f 1198/1198 912/912 915/915
f 914/914 1202/1202 1201/1201
f 1201/1201 915/915 914/914
f 912/912 1194/1194 898/898
f 899/899 957/957 931/931
f 902/902 1203/1203 904/904
f 901/901 913/913 1198/1198
f 904/904 910/910 902/902
f 908/908 909/909 905/905
f 924/924 936/936 923/923
f 930/930 923/923 936/936
f 958/958 928/928 956/956
f 956/956 1192/1192 1204/1204
f 1196/1196 1205/1205 960/960
f 960/960 1206/1206 907/907
f 1207/1207 937/937 907/907
f 916/916 907/907 937/937
f 907/907 916/916 961/961
f 1208/1208 900/900 934/934
f 919/919 911/911 901/901
f 901/901 920/920 919/919
f 1208/1208 934/934 1209/1209
f 935/935 1209/1209 934/934
f 1210/1210 919/919 1211/1211
f 920/920 1211/1211 919/919
f 1209/1209 935/935 924/924
f 936/936 924/924 935/935
f 939/939 933/933 925/925
f 926/926 925/925 933/933
f 921/921 916/916 938/938
f 937/937 938/938 916/916
f 925/925 921/921 939/939
f 938/938 939/939 921/921
f 918/918 1193/1193 906/906
f 1193/1193 918/918 1212/1212
f 1206/1206 1207/1207 907/907
f 911/911 919/919 928/928
f 929/929 928/928 919/919
f 919/919 1210/1210 929/929
f 1213/1213 929/929 1210/1210
f 922/922 932/932 917/917
f 931/931 917/917 932/932
f 1214/1214 1215/1215 922/922
f 932/932 922/922 1215/1215
f 1216/1216 1217/1217 1218/1218
f 1219/1219 1218/1218 1217/1217
f 1220/1220 1217/1217 1221/1221
f 1216/1216 1221/1221 1217/1217
f 1222/1222 1223/1223 1224/1224
f 1225/1225 1224/1224 1223/1223
f 1226/1226 1223/1223 1227/1227
f 1222/1222 1227/1227 1223/1223
f 1228/1228 1229/1229 1230/1230
f 1231/1231 1230/1230 1229/1229
f 1232/1232 1233/1233 1229/1229
f 1231/1231 1229/1229 1233/1233
f 945/945 917/917 948/948
f 928/928 948/948 917/917
f 947/947 945/945 949/949
f 948/948 949/949 945/945
f 942/942 927/927 943/943
f 899/899 943/943 927/927
f 899/899 931/931 943/943
f 950/950 943/943 931/931
f 941/941 942/942 940/940
f 943/943 940/940 942/942
f 943/943 950/950 940/940
f 951/951 940/940 950/950
f 944/944 952/952 916/916
f 934/934 916/916 952/952
f 946/946 953/953 944/944
f 952/952 944/944 953/953
f 1234/1234 1235/1235 946/946
f 953/953 946/946 1235/1235
f 1207/1207 1236/1236 937/937
f 954/954 937/937 1236/1236
f 1236/1236 1237/1237 954/954
f 955/955 954/954 1237/1237
f 1237/1237 1238/1238 955/955
f 1239/1239 955/955 1238/1238
f 1240/1240 1241/1241 1242/1242
f 1243/1243 1242/1242 1241/1241
f 1220/1220 1221/1221 1241/1241
f 1243/1243 1241/1241 1221/1221
f 1244/1244 1245/1245 1246/1246
f 1247/1247 1246/1246 1245/1245
f 1226/1226 1227/1227 1245/1245
f 1247/1247 1245/1245 1227/1227
f 1248/1248 1249/1249 1250/1250
f 1251/1251 1250/1250 1249/1249
f 1232/1232 1249/1249 1233/1233
f 1248/1248 1233/1233 1249/1249
f 917/917 956/956 928/928
f 911/911 928/928 958/958
f 957/957 1192/1192 956/956
f 931/931 957/957 956/956
f 957/957 899/899 906/906
f 958/958 956/956 1204/1204
f 1194/1194 958/958 1204/1204
f 959/959 913/913 958/958
f 959/959 958/958 1194/1194
f 960/960 1205/1205 1206/1206
f 907/907 961/961 960/960
f 961/961 934/934 900/900
f 900/900 908/908 961/961
f 755/755 753/753 726/726
f 725/725 718/718 716/716
f 719/719 716/716 714/714
f 715/715 714/714 717/717
f 717/717 719/719 755/755
f 754/754 755/755 718/718
f 717/717 718/718 716/716
f 743/743 716/716 714/714
f 724/724 710/710 744/744
f 790/790 744/744 759/759
f 739/739 711/711 710/710
f 721/721 710/710 712/712
f 720/720 712/712 718/718
f 727/727 718/718 745/745
f 725/725 745/745 726/726
f 725/725 726/726 727/727
f 727/727 724/724 790/790
f 792/792 790/790 791/791
f 791/791 746/746 733/733
f 731/731 733/733 735/735
f 735/735 731/731 751/751
f 735/735 751/751 746/746
f 746/746 796/796 733/733
f 733/733 723/723 734/734
f 732/732 734/734 731/731
f 733/733 731/731 732/732
f 736/736 732/732 731/731
f 731/731 735/735 716/716
f 711/711 759/759 757/757
f 742/742 751/751 741/741
f 742/742 735/735 1095/1095
f 749/749 748/748 1095/1095
f 749/749 1098/1098 741/741
f 736/736 730/730 1100/1100
f 1100/1100 1101/1101 776/776
f 768/768 775/775 766/766
f 766/766 769/769 764/764
f 764/764 765/765 767/767
f 769/769 767/767 1101/1101
f 1101/1101 1102/1102 768/768
f 768/768 767/767 766/766
f 766/766 1103/1103 764/764
f 760/760 774/774 1105/1105
f 1105/1105 1106/1106 1104/1104
f 761/761 1107/1107 760/760
f 760/760 771/771 762/762
f 762/762 770/770 768/768
f 768/768 777/777 1112/1112
f 1112/1112 775/775 776/776
f 776/776 775/775 777/777
f 774/774 777/777 1106/1106
f 1106/1106 1110/1110 1114/1114
f 1115/1115 1114/1114 783/783
f 783/783 781/781 785/785
f 781/781 785/785 1116/1116
f 1116/1116 785/785 1115/1115
f 1117/1117 1115/1115 783/783
f 773/773 783/783 784/784
f 784/784 782/782 781/781
f 781/781 783/783 782/782
f 782/782 786/786 781/781
f 785/785 781/781 766/766
f 1104/1104 761/761 797/797
f 786/786 788/788 789/789
f 785/785 1116/1116 788/788
f 785/785 789/789 788/788
f 786/786 785/785 1118/1118
f 1119/1119 793/793 1118/1118
f 793/793 795/795 788/788
f 780/780 786/786 963/963
f 985/985 986/986 988/988
f 987/987 965/965 964/964
f 965/965 987/987 969/969
f 963/963 986/986 969/969
f 970/970 968/968 984/984
f 985/985 967/967 966/966
f 967/967 966/966 984/984
f 967/967 992/992 990/990
f 992/992 967/967 999/999
f 965/965 998/998 969/969
f 966/966 963/963 964/964
f 991/991 968/968 969/969
f 968/968 966/966 985/985
f 963/963 967/967 966/966
f 967/967 963/963 991/991
f 968/968 970/970 980/980
f 980/980 965/965 982/982
f 982/982 969/969 973/973
f 973/973 997/997 983/983
f 983/983 982/982 974/974
f 976/976 974/974 977/977
f 977/977 971/971 978/978
f 977/977 979/979 975/975
f 977/977 978/978 976/976
f 973/973 976/976 979/979
f 994/994 979/979 981/981
f 981/981 964/964 999/999
f 988/988 965/965 1000/1000
f 994/994 1000/1000 973/973
f 973/973 980/980 982/982
f 982/982 1001/1001 980/980
f 980/980 1002/1002 982/982
f 971/971 981/981 1006/1006
f 999/999 998/998 1008/1008
f 1007/1007 1006/1006 1004/1004
f 1003/1003 1009/1009 1004/1004
f 1010/1010 1015/1015 1008/1008
f 1015/1015 1010/1010 1252/1252
f 1254/1254 1012/1012 1013/1013
f 1012/1012 1254/1254 1014/1014
f 1009/1009 1010/1010 985/985
f 1004/1004 986/986 1014/1014
f 986/986 1004/1004 1003/1003
f 1003/1003 984/984 1009/1009
f 1010/1010 1009/1009 1258/1258
f 1252/1252 1011/1011 1259/1259
f 1013/1013 1260/1260 1254/1254
f 1260/1260 1013/1013 1007/1007
f 1005/1005 1006/1006 1261/1261
f 1262/1262 1259/1259 1261/1261
f 1259/1259 1260/1260 1010/1010
f 1257/1257 1008/1008 1003/1003
f 1004/1004 985/985 1003/1003
f 985/985 984/984 1257/1257
f 1007/1007 1008/1008 1006/1006
f 1006/1006 998/998 1025/1025
f 1025/1025 1026/1026 1001/1001
f 1001/1001 986/986 1027/1027
f 1027/1027 1014/1014 1016/1016
f 1016/1016 1018/1018 1020/1020
f 1024/1024 1019/1019 993/993
f 994/994 993/993 1017/1017
f 1017/1017 997/997 1018/1018
f 1018/1018 1017/1017 1023/1023
f 1000/1000 994/994 1024/1024
f 1023/1023 1019/1019 1026/1026
f 1026/1026 1028/1028 1020/1020
f 1021/1021 995/995 996/996
f 995/995 1021/1021 1263/1263
f 1262/1262 1261/1261 1005/1005
f 999/999 1006/1006 1000/1000
f 1023/1023 1024/1024 1025/1025
f 1025/1025 1002/1002 1026/1026
f 1026/1026 1025/1025 993/993
f 993/993 1001/1001 1016/1016
f 1016/1016 1027/1027 1026/1026
f 1018/1018 1028/1028 1029/1029
f 1052/1052 1051/1051 1054/1054
f 1031/1031 1053/1053 1030/1030
f 1053/1053 1031/1031 1035/1035
f 1052/1052 1029/1029 1035/1035
f 1034/1034 1036/1036 1050/1050
f 1033/1033 1051/1051 1032/1032
f 1032/1032 1033/1033 1050/1050
f 1058/1058 1033/1033 1056/1056
f 1033/1033 1058/1058 1065/1065
f 1064/1064 1031/1031 1035/1035
f 1029/1029 1032/1032 1030/1030
f 1034/1034 1057/1057 1035/1035
f 1032/1032 1034/1034 1051/1051
f 1033/1033 1029/1029 1032/1032
f 1029/1029 1033/1033 1057/1057
f 1036/1036 1034/1034 1046/1046
f 1031/1031 1046/1046 1048/1048
f 1035/1035 1048/1048 1039/1039
f 1063/1063 1039/1039 1049/1049
f 1048/1048 1049/1049 1040/1040
f 1040/1040 1042/1042 1043/1043
f 1037/1037 1043/1043 1044/1044
f 1045/1045 1043/1043 1041/1041
f 1044/1044 1043/1043 1042/1042
f 1042/1042 1039/1039 1045/1045
f 1045/1045 1060/1060 1047/1047
f 1030/1030 1047/1047 1065/1065
f 1031/1031 1054/1054 1066/1066
f 1066/1066 1060/1060 1039/1039
f 1046/1046 1039/1039 1048/1048
f 1067/1067 1048/1048 1046/1046
f 1068/1068 1046/1046 1048/1048
f 1047/1047 1037/1037 1072/1072
f 1064/1064 1065/1065 1074/1074
f 1072/1072 1073/1073 1070/1070
f 1075/1075 1069/1069 1070/1070
f 1081/1081 1076/1076 1074/1074
f 1076/1076 1081/1081 1264/1264
f 1078/1078 1266/1266 1079/1079
f 1266/1266 1078/1078 1080/1080
f 1076/1076 1075/1075 1051/1051
f 1052/1052 1070/1070 1080/1080
f 1070/1070 1052/1052 1069/1069
f 1050/1050 1069/1069 1075/1075
f 1075/1075 1076/1076 1270/1270
f 1077/1077 1264/1264 1271/1271
f 1272/1272 1079/1079 1266/1266
f 1079/1079 1272/1272 1073/1073
f 1072/1072 1071/1071 1273/1273
f 1271/1271 1274/1274 1273/1273
f 1272/1272 1271/1271 1076/1076
f 1074/1074 1269/1269 1069/1069
f 1051/1051 1070/1070 1069/1069
f 1050/1050 1051/1051 1269/1269
f 1074/1074 1073/1073 1072/1072
f 1064/1064 1072/1072 1091/1091
f 1092/1092 1091/1091 1067/1067
f 1052/1052 1067/1067 1093/1093
f 1080/1080 1093/1093 1082/1082
f 1084/1084 1082/1082 1086/1086
f 1085/1085 1090/1090 1059/1059
f 1059/1059 1060/1060 1083/1083
f 1063/1063 1083/1083 1084/1084
f 1083/1083 1084/1084 1089/1089
f 1060/1060 1066/1066 1090/1090
f 1085/1085 1089/1089 1092/1092
f 1094/1094 1092/1092 1086/1086
f 1061/1061 1087/1087 1062/1062
f 1087/1087 1061/1061 1275/1275
f 1273/1273 1274/1274 1071/1071
f 1072/1072 1065/1065 1066/1066
f 1090/1090 1089/1089 1091/1091
f 1068/1068 1091/1091 1092/1092
f 1091/1091 1092/1092 1059/1059
f 1067/1067 1059/1059 1082/1082
f 1093/1093 1082/1082 1092/1092
f 1336/1336 1288/1288 1285/1285
f 1288/1288 1336/1336 1299/1299
f 1294/1294 1280/1280 1293/1293
f 1280/1280 1294/1294 1282/1282
f 1300/1300 1280/1280 1298/1298
f 1280/1280 1300/1300 1293/1293
f 1292/1292 1304/1304 1282/1282
f 1304/1304 1292/1292 1308/1308
f 1300/1300 1281/1281 1284/1284
f 1281/1281 1300/1300 1298/1298
f 1301/1301 1303/1303 1302/1302
f 1303/1303 1301/1301 1279/1279
f 1325/1325 1277/1277 1276/1276
f 1277/1277 1325/1325 1378/1378
f 1309/1309 1310/1310 1312/1312
f 1310/1310 1309/1309 1351/1351
f 1325/1325 1372/1372 1378/1378
f 1372/1372 1325/1325 1318/1318
f 1294/1294 1296/1296 1295/1295
f 1288/1288 1307/1307 1285/1285
f 1283/1283 1290/1290 1284/1284
f 1322/1322 1289/1289 1291/1291
f 1292/1292 1282/1282 1294/1294
f 1284/1284 1281/1281 1283/1283
f 1283/1283 1281/1281 1303/1303
f 1281/1281 1298/1298 1302/1302
f 1280/1280 1282/1282 1304/1304
f 1336/1336 1285/1285 1483/1483
f 1285/1285 1286/1286 1484/1484
f 1286/1286 1289/1289 1322/1322
f 1287/1287 1309/1309 1305/1305
f 1309/1309 1287/1287 1351/1351
f 1287/1287 1305/1305 1288/1288
f 1288/1288 1299/1299 1287/1287
f 1291/1291 1296/1296 1323/1323
f 1296/1296 1315/1315 1314/1314
f 1315/1315 1290/1290 1278/1278
f 1289/1289 1286/1286 1295/1295
f 1290/1290 1283/1283 1344/1344
f 1324/1324 1290/1290 1344/1344
f 1290/1290 1324/1324 1278/1278
f 1324/1324 1344/1344 1329/1329
f 1294/1294 1295/1295 1292/1292
f 1295/1295 1296/1296 1289/1289
f 1293/1293 1300/1300 1297/1297
f 1281/1281 1302/1302 1303/1303
f 1301/1301 1304/1304 1316/1316
f 1296/1296 1297/1297 1315/1315
f 1296/1296 1291/1291 1289/1289
f 1296/1296 1294/1294 1293/1293
f 1297/1297 1296/1296 1293/1293
f 1297/1297 1300/1300 1290/1290
f 1315/1315 1297/1297 1290/1290
f 1290/1290 1300/1300 1284/1284
f 1283/1283 1303/1303 1485/1485
f 1302/1302 1304/1304 1301/1301
f 1304/1304 1308/1308 1316/1316
f 1302/1302 1298/1298 1280/1280
f 1280/1280 1304/1304 1302/1302
f 1486/1486 1325/1325 1276/1276
f 1351/1351 1287/1287 1299/1299
f 1485/1485 1303/1303 1279/1279
f 1286/1286 1307/1307 1295/1295
f 1295/1295 1307/1307 1292/1292
f 1307/1307 1288/1288 1305/1305
f 1292/1292 1307/1307 1306/1306
f 1307/1307 1305/1305 1306/1306
f 1285/1285 1307/1307 1286/1286
f 1305/1305 1309/1309 1312/1312
f 1305/1305 1311/1311 1306/1306
f 1292/1292 1313/1313 1308/1308
f 1313/1313 1306/1306 1311/1311
f 1313/1313 1292/1292 1306/1306
f 1305/1305 1312/1312 1311/1311
f 1314/1314 1315/1315 1278/1278
f 1296/1296 1314/1314 1323/1323
f 1484/1484 1286/1286 1322/1322
f 1483/1483 1285/1285 1484/1484
f 1487/1487 1488/1488 1489/1489
f 1490/1490 1491/1491 1492/1492
f 1493/1493 1494/1494 1491/1491
f 1490/1490 1492/1492 1495/1495
f 1493/1493 1491/1491 1490/1490
f 1488/1488 1487/1487 1321/1321
f 1379/1379 1320/1320 1317/1317
f 1488/1488 1321/1321 1319/1319
f 1488/1488 1319/1319 1486/1486
f 1319/1319 1318/1318 1325/1325
f 1319/1319 1320/1320 1318/1318
f 1318/1318 1320/1320 1372/1372
f 1320/1320 1379/1379 1374/1374
f 1317/1317 1320/1320 1319/1319
f 1372/1372 1320/1320 1374/1374
f 1319/1319 1325/1325 1486/1486
f 1487/1487 1489/1489 1493/1493
f 1494/1494 1493/1493 1489/1489
f 1319/1319 1321/1321 1317/1317
f 1321/1321 1487/1487 1317/1317
f 1496/1496 1339/1339 1497/1497
f 1339/1339 1496/1496 1335/1335
f 1347/1347 1331/1331 1333/1333
f 1331/1331 1347/1347 1346/1346
f 1353/1353 1331/1331 1346/1346
f 1331/1331 1353/1353 1352/1352
f 1345/1345 1357/1357 1362/1362
f 1357/1357 1345/1345 1333/1333
f 1353/1353 1332/1332 1352/1352
f 1332/1332 1353/1353 1334/1334
f 1354/1354 1356/1356 1330/1330
f 1356/1356 1354/1354 1355/1355
f 1358/1358 1498/1498 1499/1499
f 1498/1498 1358/1358 1326/1326
f 1363/1363 1500/1500 1501/1501
f 1500/1500 1363/1363 1365/1365
f 1358/1358 1502/1502 1371/1371
f 1502/1502 1358/1358 1499/1499
f 1347/1347 1348/1348 1349/1349
f 1339/1339 1335/1335 1361/1361
f 1503/1503 1334/1334 1341/1341
f 1377/1377 1343/1343 1340/1340
f 1345/1345 1347/1347 1333/1333
f 1334/1334 1503/1503 1332/1332
f 1503/1503 1356/1356 1332/1332
f 1332/1332 1355/1355 1352/1352
f 1331/1331 1357/1357 1333/1333
f 1496/1496 1504/1504 1335/1335
f 1335/1335 1505/1505 1337/1337
f 1337/1337 1377/1377 1340/1340
f 1338/1338 1359/1359 1363/1363
f 1363/1363 1501/1501 1338/1338
f 1338/1338 1339/1339 1359/1359
f 1339/1339 1338/1338 1497/1497
f 1343/1343 1327/1327 1349/1349
f 1349/1349 1367/1367 1368/1368
f 1368/1368 1328/1328 1341/1341
f 1340/1340 1348/1348 1337/1337
f 1341/1341 1506/1506 1503/1503
f 1342/1342 1506/1506 1341/1341
f 1341/1341 1328/1328 1342/1342
f 1342/1342 1507/1507 1506/1506
f 1347/1347 1345/1345 1348/1348
f 1348/1348 1340/1340 1349/1349
f 1346/1346 1350/1350 1353/1353
f 1332/1332 1356/1356 1355/1355
f 1354/1354 1369/1369 1357/1357
f 1349/1349 1368/1368 1350/1350
f 1349/1349 1340/1340 1343/1343
f 1349/1349 1346/1346 1347/1347
f 1350/1350 1346/1346 1349/1349
f 1350/1350 1341/1341 1353/1353
f 1368/1368 1341/1341 1350/1350
f 1341/1341 1334/1334 1353/1353
f 1503/1503 1508/1508 1356/1356
f 1355/1355 1354/1354 1357/1357
f 1357/1357 1369/1369 1362/1362
f 1355/1355 1331/1331 1352/1352
f 1331/1331 1355/1355 1357/1357
f 1509/1509 1326/1326 1358/1358
f 1501/1501 1497/1497 1338/1338
f 1508/1508 1330/1330 1356/1356
f 1337/1337 1348/1348 1361/1361
f 1348/1348 1345/1345 1361/1361
f 1361/1361 1359/1359 1339/1339
f 1345/1345 1360/1360 1361/1361
f 1361/1361 1360/1360 1359/1359
f 1335/1335 1337/1337 1361/1361
f 1359/1359 1365/1365 1363/1363
f 1359/1359 1360/1360 1364/1364
f 1345/1345 1362/1362 1366/1366
f 1366/1366 1364/1364 1360/1360
f 1366/1366 1360/1360 1345/1345
f 1359/1359 1364/1364 1365/1365
f 1367/1367 1328/1328 1368/1368
f 1349/1349 1327/1327 1367/1367
f 1505/1505 1377/1377 1337/1337
f 1504/1504 1505/1505 1335/1335
f 1510/1510 1511/1511 1512/1512
f 1513/1513 1514/1514 1515/1515
f 1516/1516 1515/1515 1517/1517
f 1513/1513 1518/1518 1514/1514
f 1516/1516 1513/1513 1515/1515
f 1512/1512 1376/1376 1510/1510
f 1519/1519 1370/1370 1375/1375
f 1512/1512 1373/1373 1376/1376
f 1512/1512 1509/1509 1373/1373
f 1373/1373 1358/1358 1371/1371
f 1373/1373 1371/1371 1375/1375
f 1371/1371 1502/1502 1375/1375
f 1375/1375 1520/1520 1519/1519
f 1370/1370 1373/1373 1375/1375
f 1502/1502 1520/1520 1375/1375
f 1373/1373 1509/1509 1358/1358
f 1510/1510 1516/1516 1511/1511
f 1517/1517 1511/1511 1516/1516
f 1373/1373 1370/1370 1376/1376
f 1376/1376 1370/1370 1510/1510
f 1381/1381 1382/1382 1380/1380
f 1383/1383 1384/1384 1382/1382
f 1387/1387 1386/1386 1389/1389
f 1392/1392 1388/1388 1391/1391
f 1385/1385 1384/1384 1383/1383
f 1387/1387 1389/1389 1390/1390
f 1391/1391 1388/1388 1385/1385
f 1390/1390 1389/1389 1380/1380
f 1391/1391 1385/1385 1383/1383
f 1394/1394 1392/1392 1386/1386
f 1392/1392 1393/1393 1388/1388
f 1401/1401 1393/1393 1411/1411
f 1394/1394 1386/1386 1387/1387
f 1383/1383 1382/1382 1381/1381
f 1394/1394 1393/1393 1392/1392
f 1380/1380 1389/1389 1381/1381
f 1397/1397 1396/1396 1398/1398
f 1399/1399 1398/1398 1400/1400
f 1404/1404 1406/1406 1403/1403
f 1409/1409 1408/1408 1405/1405
f 1402/1402 1399/1399 1400/1400
f 1404/1404 1407/1407 1406/1406
f 1408/1408 1402/1402 1405/1405
f 1407/1407 1396/1396 1406/1406
f 1408/1408 1399/1399 1402/1402
f 1395/1395 1403/1403 1409/1409
f 1409/1409 1405/1405 1410/1410
f 1401/1401 1411/1411 1521/1521
f 1395/1395 1404/1404 1403/1403
f 1399/1399 1397/1397 1398/1398
f 1395/1395 1409/1409 1410/1410
f 1396/1396 1397/1397 1406/1406
f 1411/1411 1394/1394 1522/1522
f 1411/1411 1393/1393 1394/1394
f 1521/1521 1411/1411 1522/1522
f 1413/1413 1420/1420 1414/1414
f 1415/1415 1420/1420 1416/1416
f 1417/1417 1420/1420 1418/1418
f 1413/1413 1412/1412 1420/1420
f 1414/1414 1420/1420 1415/1415
f 1418/1418 1420/1420 1419/1419
f 1416/1416 1420/1420 1417/1417
f 1420/1420 1412/1412 1419/1419
f 1458/1458 1433/1433 1457/1457
f 1433/1433 1458/1458 1427/1427
f 1436/1436 1437/1437 1435/1435
f 1437/1437 1436/1436 1438/1438
f 1422/1422 1435/1435 1455/1455
f 1435/1435 1422/1422 1431/1431
f 1455/1455 1437/1437 1462/1462
f 1437/1437 1455/1455 1435/1435
f 1433/1433 1445/1445 1457/1457
f 1445/1445 1433/1433 1432/1432
f 1426/1426 1429/1429 1428/1428
f 1429/1429 1426/1426 1432/1432
f 1445/1445 1431/1431 1422/1422
f 1431/1431 1445/1445 1432/1432
f 1432/1432 1423/1423 1431/1431
f 1423/1423 1432/1432 1426/1426
f 1436/1436 1431/1431 1423/1423
f 1431/1431 1436/1436 1435/1435
f 1428/1428 1429/1429 1424/1424
f 1434/1434 1421/1421 1440/1440
f 1427/1427 1429/1429 1433/1433
f 1429/1429 1427/1427 1425/1425
f 1429/1429 1432/1432 1433/1433
f 1424/1424 1429/1429 1425/1425
f 1440/1440 1459/1459 1462/1462
f 1440/1440 1462/1462 1437/1437
f 1434/1434 1440/1440 1439/1439
f 1440/1440 1438/1438 1430/1430
f 1437/1437 1438/1438 1440/1440
f 1439/1439 1440/1440 1430/1430
f 1459/1459 1440/1440 1421/1421
f 1434/1434 1439/1439 1441/1441
f 1523/1523 1453/1453 1447/1447
f 1453/1453 1523/1523 1524/1524
f 1460/1460 1461/1461 1463/1463
f 1461/1461 1460/1460 1456/1456
f 1525/1525 1456/1456 1451/1451
f 1456/1456 1525/1525 1526/1526
f 1526/1526 1461/1461 1456/1456
f 1461/1461 1526/1526 1527/1527
f 1453/1453 1524/1524 1528/1528
f 1528/1528 1452/1452 1453/1453
f 1446/1446 1448/1448 1449/1449
f 1449/1449 1452/1452 1446/1446
f 1528/1528 1525/1525 1451/1451
f 1451/1451 1452/1452 1528/1528
f 1452/1452 1451/1451 1442/1442
f 1442/1442 1446/1446 1452/1452
f 1460/1460 1442/1442 1451/1451
f 1451/1451 1456/1456 1460/1460
f 1448/1448 1443/1443 1449/1449
f 1454/1454 1465/1465 1529/1529
f 1447/1447 1453/1453 1449/1449
f 1449/1449 1444/1444 1447/1447
f 1449/1449 1453/1453 1452/1452
f 1443/1443 1444/1444 1449/1449
f 1465/1465 1527/1527 1530/1530
f 1465/1465 1461/1461 1527/1527
f 1454/1454 1464/1464 1465/1465
f 1465/1465 1450/1450 1463/1463
f 1461/1461 1465/1465 1463/1463
f 1464/1464 1450/1450 1465/1465
f 1530/1530 1529/1529 1465/1465
f 1454/1454 1466/1466 1464/1464
f 1467/1467 1470/1470 1468/1468
f 1470/1470 1467/1467 1469/1469
f 1469/1469 1472/1472 1470/1470
f 1472/1472 1469/1469 1471/1471
f 1471/1471 1474/1474 1472/1472
f 1474/1474 1471/1471 1473/1473
f 1475/1475 1478/1478 1477/1477
f 1478/1478 1475/1475 1476/1476
f 1477/1477 1480/1480 1479/1479
f 1480/1480 1477/1477 1478/1478
f 1479/1479 1482/1482 1481/1481
f 1482/1482 1479/1479 1480/1480
