# MOD converted: m234.mod
# 1821 verts, 299 faces

v 174.210785 -159.298126 14.304996
v 174.372559 -155.214325 12.641255
v 174.210785 -150.679352 13.351766
v 161.205246 -155.619598 15.036840
v 167.700409 -154.935272 12.370321
v 166.927261 -156.838638 12.511300
v 168.385986 -152.372299 11.816193
v 170.927917 -166.230042 14.304254
v 171.023605 -163.650635 12.911246
v 170.927917 -160.782806 12.278615
v 163.236633 -163.850449 6.821918
v 170.951965 -175.841568 5.838372
v 163.164993 -174.397766 3.134255
v 170.856293 -176.133118 8.720731
v 170.856293 -173.282272 11.479184
v 169.514206 -170.702179 9.807536
v 163.236633 -169.711365 9.677554
v 170.927917 -172.378342 11.936199
v 170.927933 -167.451767 12.276096
v 161.439682 -159.925430 11.654692
v 169.433426 -159.585968 11.910911
v 161.736343 -157.173141 10.622255
v 161.928345 -162.596252 13.302689
v 163.195557 -149.128647 13.534317
v 171.220627 -150.237274 13.420655
v 165.693130 -146.784592 12.788593
v 163.190308 -151.920288 10.534207
v 161.955597 -166.559921 9.759261
v 168.051498 -166.329697 10.015484
v 162.084564 -163.860428 8.726824
v 162.457825 -168.273392 7.562745
v 162.057541 -171.432617 6.896181
v 168.051514 -170.961746 8.341372
v 162.084564 -168.823822 5.124390
v 162.457840 -172.285522 -0.000001
v 95.570694 123.768982 -0.000002
v 65.537163 136.539734 0.000001
v 51.099335 99.499542 -0.000004
v 89.388458 135.072083 -0.000003
v 101.588593 125.098053 -0.000001
v 57.333374 133.057739 16.454237
v 226.902359 -132.748291 14.735167
v 222.287613 -136.807434 21.697624
v 231.947540 -126.901207 14.449065
v 229.794586 -133.598907 9.194155
v 222.929291 -140.779724 28.221842
v 192.842804 -111.671768 14.395378
v 214.423386 -103.795433 26.867079
v 205.133072 -108.064087 9.268494
v 220.138519 -126.842621 9.963000
v 195.608841 -76.959175 10.384010
v 210.955139 -79.072464 8.353223
v 227.102859 -100.638596 20.581148
v 184.015625 -82.709869 31.850626
v 191.805923 -100.108932 30.415350
v 184.305206 -101.530350 22.702564
v 197.113983 -92.916275 41.593277
v 174.375305 -94.959564 29.383535
v 203.946716 -105.522484 26.905779
v 215.762573 -111.413811 19.356884
v 213.638275 -96.268600 19.127914
v 197.355835 -87.306198 15.685361
v 190.190552 -82.927605 13.136706
v 197.650848 -80.269775 9.335781
v 184.675003 -68.751762 17.518955
v 191.951248 -85.610390 0.000000
v 230.166626 -139.340240 -0.000002
v 229.735001 -125.690331 23.129442
v 195.082809 -94.613564 26.867079
v 205.133072 -108.064087 28.221842
v 192.838562 -111.797028 19.497490
v 210.981827 -118.733948 23.129448
v 195.087509 -94.496765 19.497490
v 210.981827 -118.733948 26.973627
v 204.946808 -123.067276 -0.000008
v 226.360779 -96.752625 2.075869
v 229.794571 -138.489594 7.032153
v 213.005020 -142.696960 4.784457
v 222.929306 -142.146011 27.702744
v 221.855362 -132.394485 32.706272
v 231.844208 -137.495193 30.074762
v 55.233170 -57.322037 34.049862
v 56.225578 -46.963501 18.741201
v 62.985680 -60.297546 23.798199
v 214.425232 -131.800903 27.930532
v 25.581406 -50.951591 9.763792
v 168.740021 -174.385056 20.840166
v 169.634842 -73.872536 33.146610
v 152.663116 -67.639755 7.648270
v 159.480255 -144.658936 31.032415
v 126.329590 -86.255859 11.609130
v 197.726410 -152.187469 13.693130
v 114.788422 -91.367683 24.036572
v 230.334351 -129.819153 9.435914
v 91.586037 32.830719 27.427919
v 184.734695 -134.322327 26.156063
v 128.919464 25.886108 21.597878
v 200.563782 -103.647926 7.671121
v 178.986588 -180.091324 17.773304
v 196.929062 -148.245331 12.990780
v 43.986832 95.537079 20.017288
v 158.767365 -125.472870 5.401567
v 146.300140 75.789368 12.936637
v 154.758636 -139.220322 10.762586
v 139.652283 76.064804 25.466105
v 129.760239 49.035110 21.135292
v 141.780853 26.966522 14.032431
v 144.622665 50.910797 5.980174
v 151.163193 51.213287 22.051672
v 169.929749 -133.170929 10.201101
v 148.199158 27.096863 27.898396
v 96.652100 -35.385628 26.373672
v 151.019318 10.260773 33.307564
v 168.213303 -110.161835 28.662895
v 148.530899 10.015015 18.548330
v 54.946083 -57.632469 25.102236
v 106.321915 25.576263 25.610113
v 97.653191 9.968842 15.323554
v 15.889938 -59.540146 0.000010
v 84.528694 -68.695328 0.000007
v 180.305145 -183.725571 0.000009
v 86.540092 10.463760 0.000013
v 111.745544 -94.654488 6.413997
v 191.964371 -158.313858 14.914721
v 169.941910 -163.450516 22.029781
v 198.459061 -143.356995 14.598396
v 173.454681 -155.569550 0.000013
v 147.683395 -133.465515 12.295069
v 182.287888 -158.586029 10.837359
v 177.361191 -173.658783 21.242380
v 211.954346 -134.968918 10.170614
v 204.489960 -149.617340 25.448349
v 54.936005 94.915222 26.477644
v 44.797806 88.988953 15.490324
v 44.145721 86.686798 15.232566
v 209.496445 -140.931702 16.308762
v 48.536263 70.149963 14.510272
v 62.439117 81.819641 25.559942
v 63.681465 81.746094 28.813313
v 55.291092 75.825653 31.568407
v 69.503616 60.241470 30.125477
v 59.480034 45.878998 21.118240
v 54.179626 42.523636 11.608608
v 56.041840 46.285858 9.108210
v 62.961113 66.565491 16.712820
v 69.936264 79.322891 26.488520
v 71.074203 72.801331 28.221846
v 190.756500 -108.796532 14.911995
v 112.493828 80.288086 8.186575
v 173.270218 -181.169495 4.620932
v 94.814003 59.577713 17.015495
v 80.989235 75.946777 29.964602
v 86.995056 69.895325 37.079266
v 85.773651 53.191650 36.070961
v 77.852440 31.681442 31.176659
v 113.284897 51.079651 32.004875
v 109.365303 30.657547 25.726297
v 114.420380 72.184845 19.861341
v 188.405701 -144.655243 6.668647
v 181.305801 -172.037247 10.853180
v 187.165298 -153.632965 7.980612
v 77.156639 -52.214615 0.000014
v 94.091225 30.507248 38.705090
v 12.153687 -43.399826 34.165936
v 61.537949 -47.831802 45.677036
v 108.243439 -52.230225 8.338347
v 8.125732 96.665741 11.781970
v 11.582352 82.154480 29.218771
v 12.062897 85.932007 21.378502
v 14.364777 77.704376 17.969856
v 126.091560 75.062134 26.431389
v 62.571030 -35.791611 14.764749
v 167.731171 -144.666733 5.087565
v 198.246094 -156.647614 17.901102
v 159.853668 -23.755844 22.930592
v 154.976868 -24.063416 33.215004
v 152.662796 -38.844833 26.560844
v 151.113922 -117.508331 38.154720
v 134.197098 -25.777649 39.219078
v 135.484390 -38.229286 28.891632
v 120.921585 -38.083313 17.161823
v 191.514923 -148.700912 29.772196
v 146.546219 -57.572052 11.666175
v 191.535751 -152.729248 27.545826
v 198.217850 -133.857208 35.649853
v 128.386322 -59.815086 17.155811
v 202.465408 -147.994812 17.607933
v 176.739883 -145.221161 37.222603
v 134.992844 -75.657997 5.104070
v 105.247971 78.011322 30.472475
v 63.459702 -59.832077 18.334606
v 206.134491 -142.876282 14.724420
v 82.015160 -28.068756 28.218847
v 45.290581 -50.095566 14.470981
v 23.222641 -32.857552 10.878110
v 96.412643 -82.019974 22.161245
v 101.474197 -79.579224 14.075027
v 78.944778 -37.347885 9.745665
v 85.090240 -67.655273 25.649078
v 140.566559 -38.749626 18.410538
v 157.188461 -55.412338 19.262827
v 161.126389 -38.708908 15.124402
v 150.246384 -39.151489 14.477027
v 43.022125 -40.366478 29.218437
v 109.917358 -25.735527 27.490473
v 95.670227 -26.529770 17.637709
v 158.372528 -6.947723 16.045767
v 81.965561 -9.569946 33.797489
v 24.892746 -40.236176 10.711912
v 23.962585 -39.862137 24.773468
v 94.733017 -10.481155 26.343998
v 109.442444 -9.884995 36.208099
v 133.522385 -8.845398 27.207033
v 110.483093 9.656189 43.747963
v 108.281494 -72.780258 30.703508
v 148.331665 -7.629822 30.364786
v 146.285950 9.848785 15.344056
v 187.075073 -149.329803 8.247314
v 191.030807 -154.727402 32.908730
v 45.309143 -41.595848 26.401928
v 44.357010 -28.176933 16.812012
v 89.345421 10.302490 20.506355
v 71.567703 21.617615 15.632125
v 8.649185 108.060028 17.894091
v 45.068817 104.271912 29.149847
v 197.325272 -119.435539 13.831865
v 215.179871 -135.347626 32.663048
v 219.697205 -127.074066 11.686171
v 8.913788 -28.931015 17.781601
v 55.504730 102.129089 18.516951
v 66.288139 87.826843 19.086645
v 44.135757 -50.343506 16.957340
v 24.971924 -50.632736 22.830790
v 47.598526 68.227081 20.928188
v 43.079041 84.148407 0.000001
v 155.458099 -164.001129 13.308090
v 161.430099 -157.290070 8.327729
v 157.517471 -165.914215 10.268930
v 162.236069 -168.267212 29.875853
v 173.744873 -119.764236 30.195444
v 182.915894 -118.855911 18.407345
v 224.972961 -127.594307 30.282925
v 9.016754 -28.518478 24.279322
v 8.866608 105.680542 32.241962
v 9.886719 96.545074 26.419971
v 23.710068 -29.511665 11.786929
v 59.371323 -46.286179 12.177545
v 56.111259 -46.064392 16.320190
v 62.588150 -37.262680 10.611405
v 72.695427 40.110352 7.204279
v 77.325096 63.600571 35.432453
v 80.443230 -68.885155 27.358889
v 81.032684 -36.106560 20.581074
v 80.271027 -71.462646 38.470867
v 83.767242 -52.390236 16.573874
v 89.614449 20.382111 22.230034
v 97.610237 19.673004 29.391233
v 133.058289 -112.177071 30.920677
v 152.587982 -98.015457 29.330173
v 169.931717 -88.060860 21.832211
v 181.796677 -61.963318 24.607893
v 111.606987 23.580048 26.482506
v 147.794189 26.104965 15.361604
v 154.378647 26.251419 0.000005
v 153.495819 -39.553879 35.661411
v 114.813087 -25.815681 34.329510
v 114.464279 -9.379425 33.650005
v 115.378830 8.766235 31.050861
v 116.502731 23.499893 32.451401
v 135.156799 25.024536 29.055031
v 110.404297 -37.471268 37.602497
v 115.300018 -37.551422 11.306698
v 161.455139 -23.492874 32.920971
v 151.668152 -34.760330 37.032093
v 140.775131 -25.069138 31.464928
v 149.296417 -14.273499 42.734222
v 170.224747 -21.927536 16.943007
v 155.142670 21.454880 5.943409
v 157.700897 11.045197 17.621973
v 157.311203 0.541290 35.292984
v 133.802551 -0.989136 33.909515
v 123.289307 9.080078 33.160202
v 134.754150 20.255920 21.855207
v 180.848755 13.468765 50.882683
v 153.469299 11.892319 30.358603
v 209.017044 -123.506767 28.238699
v 222.204193 -121.482002 22.997732
v 214.967834 -118.743935 30.839308
v 225.333893 -135.158295 31.184052
v 220.633804 -137.451813 21.242380
v 211.954346 -134.968918 26.973623
v 204.946808 -123.067276 17.808802
v 219.391068 -135.252960 23.157818
v 215.522171 -135.636978 27.170111
v 212.873367 -130.259552 25.039984
v 221.098572 -135.397629 22.365479
v 223.033005 -135.205612 9.621988
v 211.956345 -141.192932 9.268493
v 220.138504 -126.842606 19.497490
v 210.981842 -118.733955 13.405742
v 143.797302 -118.835037 11.336708
v 128.350189 -107.366829 38.118927
v 212.461594 -126.663383 30.770439
v 210.525131 -125.445885 30.576323
v 213.824814 -129.042007 17.508970
v 186.128555 -82.317101 8.921121
v 177.124863 -55.311996 10.960167
v 179.675110 -65.968399 45.045425
v 162.450119 -86.668411 19.475571
v 164.792358 -43.277321 20.157869
v 164.583511 -58.574936 9.853008
v 166.756195 -54.656754 38.910652
v 153.269333 -48.766602 45.402039
v 146.286407 -75.847191 36.111362
v 147.058319 -87.152542 36.420094
v 151.867645 -82.238792 35.533207
v 176.504654 -99.179871 35.554501
v 161.081299 -118.501892 38.777592
v 113.806458 -33.866013 37.343071
v 104.849060 -28.660652 36.345581
v 104.952667 -18.249954 36.782623
v 114.013672 -13.044586 38.217152
v 122.971069 -18.249954 39.214642
v 122.867470 -28.660667 35.262165
v 114.171593 -34.206482 33.827641
v 105.214211 -29.001114 32.830151
v 105.317825 -18.590393 33.267189
v 114.378830 -13.385056 34.701721
v 123.336227 -18.590408 35.699207
v 123.232613 -29.001129 36.630375
v 113.910065 -3.339996 36.630375
v 104.852394 1.889435 36.630375
v 104.852402 12.348358 36.630371
v 113.910065 17.577789 36.630375
v 122.967743 12.348343 36.630371
v 122.967735 1.889435 33.079666
v 113.910065 -3.339996 33.079666
v 104.852394 1.889435 33.079662
v 104.852402 12.348343 33.079662
v 113.910065 17.577789 33.079666
v 122.967743 12.348358 33.079662
v 122.967735 1.889450 17.254173
v 44.453537 -29.680511 19.744154
v 15.599670 -29.748749 23.272091
v 9.366928 -26.710587 26.106922
v 16.635605 -29.640816 31.529032
v 14.606339 -32.663635 35.743179
v 11.109528 -38.446426 34.652687
v 17.135681 -40.019073 32.933681
v 17.520859 -46.910995 34.712891
v 14.356308 -52.056580 30.711817
v 17.704865 -52.991455 29.402813
v 15.940918 -58.307663 22.719885
v 20.295731 -54.664047 20.152201
v 15.907425 -59.117462 18.084738
v 21.385773 -54.000984 13.049585
v 17.693649 -52.552200 10.062581
v 13.957672 -50.988075 10.449288
v 17.811600 -46.965164 6.103838
v 12.343552 -43.984703 9.404907
v 15.415009 -39.258560 9.428830
v 10.300690 -37.809616 12.940039
v 16.411392 -31.765701 12.888692
v 28.727478 -40.051331 25.896776
v 28.871796 -30.530411 32.205822
v 29.996857 -40.569077 18.031626
v 29.762878 -49.362602 27.295328
v 30.508698 -49.518631 15.984761
v 28.530365 -33.071587 17.419436
v 19.512177 104.040924 24.243410
v 20.095810 101.454865 15.346546
v 21.891846 84.628876 12.364751
v 20.259232 95.970184 21.069130
v 22.200470 82.948975 27.613750
v 20.891861 96.015244 26.614393
v 21.753372 87.700775 26.899672
v 14.416656 101.507263 29.506742
v 9.060135 100.546295 29.608854
v 14.131531 98.823730 29.174891
v 16.571075 90.643372 26.366743
v 17.735352 85.221436 27.874033
v 13.630829 80.362640 23.540461
v 17.421600 81.425323 18.153643
v 16.045288 80.773590 16.977453
v 13.610123 79.827301 14.383931
v 16.156845 82.179688 12.348310
v 15.885132 90.155548 10.746757
v 13.121765 99.745148 11.502505
v 8.518967 101.654114 14.101658
v 13.736221 103.213654 19.125132
v 13.206024 104.344391 14.682735
v 16.800613 85.424347 24.171698
v 27.521988 98.156891 13.973419
v 27.489853 95.376068 25.567724
v 28.558990 89.030731 18.127310
v 27.468399 103.156281 16.288282
v 28.407227 86.718567 20.951952
v 28.202347 84.625977 25.813658
v 27.942566 95.468719 22.808817
v 1.885391 65.028442 19.959457
v 12.675949 -81.666077 29.322968
v 12.675934 -79.773972 24.961042
v 4.097214 -77.483902 29.828802
v 1.976791 -85.477013 36.779064
v 12.675949 -77.397369 33.365963
v 4.097214 -75.471207 39.277401
v 4.097214 -74.143723 27.184076
v 1.887589 -71.827667 14.231624
v 11.583664 55.810501 11.527734
v 3.678375 58.819031 23.659412
v 1.959854 51.468842 31.740660
v 11.583679 60.673691 39.543938
v 1.887589 -70.119698 32.228962
v 12.905746 -71.075226 35.742104
v 15.836395 -69.937767 18.795654
v 15.152298 -73.712410 15.440210
v 10.404434 -72.769066 13.823674
v 14.667557 64.772919 39.179008
v 11.707718 -68.529671 23.343393
v 14.810806 62.200729 21.342081
v 13.230362 80.667084 30.955694
v 14.610428 64.915894 34.961048
v 9.926346 66.012787 27.878569
v 12.488235 84.312744 16.964836
v 1.873444 99.640625 23.182131
v 1.878036 99.139893 32.404747
v 11.281204 -45.743118 27.692520
v 17.305664 -71.661324 19.959457
v 1.976791 -87.397644 37.771729
v 1.976791 -83.018547 17.934809
v 3.678391 60.298584 14.921054
v 1.959854 49.280731 32.071758
v 4.097214 -75.870453 28.327559
v 3.678391 61.734314 32.733326
v 1.959854 54.269653 27.312170
v 3.678391 61.344757 19.922634
v 3.678391 60.575104 10.645217
v 1.883102 63.679871 16.945702
v 4.097214 -79.025299 34.239002
v 3.678391 64.380463 28.021980
v 1.881393 92.797714 15.149920
v 1.887589 -73.490608 12.938026
v 11.646362 84.487488 29.698914
v 9.982544 90.151855 22.973234
v 4.097214 -77.762695 14.107157
v 13.844269 -51.169334 34.341000
v 1.887558 66.307007 14.484863
v 1.887573 -38.942749 21.839085
v 1.887573 -34.990524 12.042859
v 1.869461 93.651367 31.659258
v 1.887573 -39.045807 24.571428
v 15.200378 -51.533401 23.513306
v 11.583664 57.966278 23.531549
v 13.794388 -72.757080 27.763113
v 11.277267 62.727158 9.892259
v 8.294449 66.510498 19.088808
v 11.381836 62.991898 18.031626
v 29.762878 -49.362602 32.205822
v 29.996857 -40.569077 27.295328
v 30.508698 -49.518631 13.008011
v 12.825607 95.144196 15.904423
v 16.282227 86.949799 25.944082
v 16.762772 89.225159 21.086790
v 17.398575 85.532593 17.526735
v 11.962845 101.405212 15.984761
v 28.530365 -33.071587 25.896776
v 28.871796 -30.530411 22.883938
v 12.180252 101.500931 27.817038
v 14.586594 95.077637 12.888692
v 28.727478 -40.051331 13.973418
v 27.489853 95.376053 16.288282
v 28.407227 86.718567 25.567724
v 28.558990 89.030731 20.951950
v 28.202347 84.792633 18.127308
v 27.468399 103.156281 24.171696
v 27.521988 98.156891 25.813658
v 27.942566 95.468719 -431602080.000000
v -431602080.000000 -431602080.000000 -431602080.000000
v -431602080.000000 -431602080.000000 -431602080.000000
v -431602080.000000 -431602080.000000 25.779165
v 44.330246 95.740997 13.030054
v 54.443909 94.653900 13.200730
v 49.276901 102.178802 17.503510
v 53.014175 107.300644 23.834391
v 50.534943 101.755280 17.615993
v 46.039917 114.373077 17.747614
v 47.559151 106.339630 26.265678
v 48.100723 99.152313 22.161110
v 41.515182 106.625336 22.014631
v 47.039215 104.101624 26.780882
v 46.981293 104.108704 11.944038
v 49.153786 100.543823 11.617155
v 43.768768 106.481049 10.446224
v 46.424683 99.332275 14.480704
v 44.311279 102.386078 17.920250
v 59.941780 97.433044 0.000003
v 121.216644 82.756348 8.273719
v 134.746140 88.331543 7.456387
v 126.475204 84.199249 11.250691
v 99.660950 94.693573 17.021425
v 81.402290 109.073639 10.576657
v 75.164230 102.593048 9.077987
v 63.684235 127.945679 3.807922
v 78.662262 130.594177 10.738879
v 97.970795 94.039368 12.380867
v 104.869995 102.305450 15.388485
v 77.248192 103.101837 18.969177
v 83.953270 111.408783 21.553919
v 67.458206 118.951385 7.764823
v 95.936928 90.486603 8.004902
v 72.170563 97.323639 4.214335
v 60.840073 100.279541 21.549026
v 79.502434 105.721039 13.555539
v 101.070656 97.669098 8.755099
v 98.027733 120.414215 6.428792
v 88.801620 131.207886 12.606780
v 75.522491 125.504456 10.782683
v 77.909470 131.176147 16.853146
v 59.971390 132.753784 14.760737
v 74.988434 130.182678 10.225143
v 98.536804 121.349518 7.630402
v 93.694656 129.727722 15.732863
v 83.435852 127.763306 18.546556
v 81.646675 126.720154 18.558449
v 82.485672 123.354370 22.461214
v 74.558090 131.878601 12.162902
v 97.970795 94.039398 13.804901
v 104.870003 102.305450 24.723375
v 84.956306 103.597137 21.753408
v 83.108841 101.392853 23.014727
v 87.835327 107.146362 31.581722
v 72.637054 108.458130 10.802684
v 105.082909 105.773346 7.764823
v 95.936928 90.486603 16.351801
v 90.073784 121.549927 11.458115
v 92.839256 120.692383 8.082600
v 115.200981 87.530731 7.298481
v 121.575356 93.670532 7.298481
v 121.575356 93.670532 10.802684
v 105.082909 105.773346 8.082600
v 115.200981 87.530731 9.132926
v 94.081314 122.253418 16.351801
v 90.073784 121.549927 14.979557
v 101.070656 97.669098 4.866340
v 53.911499 130.594116 4.165354
v 51.882133 125.766418 7.676025
v 59.721268 118.203003 5.018489
v 161.953949 -174.866150 0.000001
v 161.698853 -176.672623 14.723219
v 172.044800 -148.850830 13.733403
v 163.269882 -149.298233 8.121036
v 168.087753 -173.095810 12.694427
v 169.289658 -163.482941 12.378114
v 172.802444 -155.610992 12.502918
v 171.392563 -148.882614 11.612486
v 162.511948 -157.494705 3.322880
v 163.035797 -173.535812 12.037793
v 164.351730 -149.501099 8.573324
v 163.317917 -167.742203 0.000006
v 170.658081 -137.807770 12.614430
v 167.755753 -145.510483 10.778065
v 170.633759 -142.253647 25.202106
v 210.450912 -98.841797 -0.000001
v 124.924721 97.257965 0.000001
v 43.162239 128.860046 0.000002
v 69.006355 94.283752 -0.000002
v 94.777847 133.824097 -0.000002
v 61.149750 111.887939 -0.000009
v 221.769897 -77.213943 -0.000014
v 181.814255 -66.840698 -0.000007
v 219.829346 -78.298828 -0.000001
v 229.735001 -125.690338 -0.000000
v 157.860245 -145.981293 0.000023
v 168.083405 -177.573746 0.000002
v 198.736542 -157.576935 -0.000003
v 149.670258 27.614700 0.000001
v 146.731537 72.187561 0.000008
v 105.942871 73.061554 0.000008
v 205.669601 -150.676773 -0.000001
v 153.474274 -137.410706 -0.000001
v 188.021667 -81.452782 -0.000004
v 120.816811 -116.929039 0.000027
v 157.464554 26.170929 -0.000001
v 108.942650 109.528839 13.831869
v 215.156082 -135.361603 16.945509
v 196.714203 -90.993050 17.289194
v 86.669243 116.631805 0.000004
v 213.623871 -145.642334 14.395378
v 214.423386 -103.795433 15.032308
v 225.755524 -113.892715 37.133698
v 89.220032 -69.682045 21.006678
v 88.812485 -73.648758 34.500614
v 86.323456 28.170166 19.531347
v 81.248108 19.824356 9.653875
v 78.687279 41.348267 -12.359267
v 174.210785 -159.298141 -14.304985
v 174.372543 -155.214325 -12.641242
v 174.210770 -150.679367 -13.351746
v 161.205246 -155.619568 -15.036828
v 167.700409 -154.935287 -12.370286
v 166.927246 -156.838654 -12.511284
v 168.385971 -152.372314 -11.816165
v 170.927902 -166.230057 -14.304214
v 171.023590 -163.650650 -12.911214
v 170.927917 -160.782806 -12.278569
v 163.236603 -163.850433 -6.821901
v 170.951965 -175.841568 -5.838363
v 163.164993 -174.397766 -3.134195
v 170.856277 -176.133118 -8.720692
v 170.856293 -173.282257 -11.479167
v 169.514191 -170.702194 -9.807526
v 163.236603 -169.711365 -9.677536
v 170.927917 -172.378357 -11.936161
v 170.927917 -167.451767 -12.276091
v 161.439682 -159.925476 -11.654688
v 169.433411 -159.585999 -11.910912
v 161.736343 -157.173157 -10.622254
v 161.928329 -162.596283 -13.302684
v 163.195572 -149.128677 -13.534315
v 171.220596 -150.237320 -13.420653
v 165.693115 -146.784622 -12.788589
v 163.190292 -151.920303 -10.534206
v 161.955597 -166.559952 -9.759261
v 168.051498 -166.329727 -10.015484
v 162.084549 -163.860474 -8.726824
v 162.457825 -168.273407 -7.562745
v 162.057556 -171.432648 -6.896180
v 168.051498 -170.961761 -8.341372
v 162.084564 -168.823853 -5.124391
v 162.457825 -172.285538 -0.000001
v 234.674042 -133.190323 0.000002
v 223.570984 -143.413147 0.000045
v 189.451126 -21.529663 -0.000003
v 94.627975 128.925110 -0.000002
v 101.178200 124.186401 -0.000003
v 74.909882 140.421692 -0.000001
v 108.942650 109.528839 -0.000001
v 52.626541 122.508362 -0.000002
v 70.114723 132.907776 -16.454235
v 226.902359 -132.748245 -14.735164
v 222.287598 -136.807419 -21.697626
v 231.947510 -126.901199 -14.449065
v 229.794571 -133.598892 -9.194150
v 222.929291 -140.779739 -28.221840
v 192.842773 -111.671761 -14.395385
v 214.423370 -103.795433 -26.867085
v 205.133026 -108.064079 -9.268495
v 220.138504 -126.842613 -9.963014
v 195.608841 -76.959183 -10.384023
v 210.955124 -79.072456 -8.353237
v 227.102844 -100.638596 -20.581161
v 184.015610 -82.709862 -31.850628
v 191.805893 -100.108925 -30.415359
v 184.305176 -101.530357 -22.702572
v 197.113968 -92.916260 -41.593281
v 174.375275 -94.959564 -29.383543
v 203.946686 -105.522484 -26.905783
v 215.762543 -111.413811 -19.356897
v 213.638245 -96.268600 -19.127922
v 197.355820 -87.306190 -15.685370
v 190.190552 -82.927605 -13.136720
v 197.650833 -80.269768 -9.335786
v 184.675003 -68.751755 -17.518969
v 191.951233 -85.610397 -23.129446
v 195.082779 -94.613556 -26.867085
v 205.133026 -108.064079 -28.221842
v 192.838531 -111.797020 -19.497488
v 210.981812 -118.733948 -23.129450
v 195.087494 -94.496758 -19.497488
v 210.981812 -118.733948 -2.075869
v 229.794571 -138.489594 -4.784453
v 222.929291 -142.146011 -27.702742
v 221.855347 -132.394470 -32.706276
v 231.844147 -137.495178 -30.074766
v 55.233170 -57.322029 -34.049862
v 56.225594 -46.963470 -18.741201
v 62.985680 -60.297546 -23.798191
v 214.425201 -131.800903 -27.930536
v 25.581406 -50.951599 -9.763770
v 168.739990 -174.385071 -20.840160
v 169.634842 -73.872536 -33.146606
v 152.663132 -67.639748 -7.648271
v 159.480270 -144.658966 -31.032417
v 126.329582 -86.255859 -11.609117
v 197.726410 -152.187485 -13.693127
v 114.788422 -91.367683 -24.036572
v 230.334320 -129.819153 -9.435917
v 91.586037 32.830719 -27.427914
v 184.734665 -134.322327 -26.156063
v 128.919449 25.886093 -21.597878
v 200.563766 -103.647919 -7.671078
v 178.986572 -180.091324 -17.773287
v 196.929031 -148.245331 -12.990789
v 43.986832 95.537079 -20.017286
v 158.767365 -125.472908 -5.401563
v 146.300125 75.789368 -12.936632
v 154.758636 -139.220322 -10.762585
v 139.652283 76.064819 -25.466105
v 129.760223 49.035110 -21.135294
v 141.780853 26.966522 -14.032429
v 144.622696 50.910797 -5.980178
v 151.163208 51.213287 -22.051659
v 169.929733 -133.170929 -10.201106
v 148.199158 27.096863 -27.898397
v 96.652107 -35.385635 -26.373669
v 151.019318 10.260773 -33.307564
v 168.213287 -110.161850 -28.662891
v 148.187424 10.015015 -18.548332
v 54.946083 -57.632477 -25.102242
v 106.321907 25.576263 -25.610107
v 97.653175 9.968842 -15.323552
v 15.889938 -59.540146 0.000007
v 192.516525 -159.465988 -6.413979
v 191.964371 -158.313858 0.000011
v 173.980179 -66.036156 -14.914687
v 169.941879 -163.450531 -22.029772
v 198.459045 -143.356979 -14.598378
v 173.454681 -155.569534 -12.295061
v 182.287872 -158.586029 -0.000004
v 207.582870 -102.936958 -10.837356
v 177.361176 -173.658783 -21.242376
v 211.954315 -134.968918 -10.170610
v 204.489929 -149.617355 -25.448360
v 54.936005 94.915222 -26.477655
v 44.797806 88.988953 -15.490336
v 44.145721 86.686798 -15.232558
v 209.496429 -140.931702 -16.308773
v 48.536255 70.149963 -14.510281
v 62.439117 81.819641 -25.559950
v 63.681465 81.746094 -28.813324
v 55.291092 75.825653 -31.568417
v 69.503616 60.241455 -30.125488
v 59.480026 45.878998 -21.118229
v 54.179626 42.523651 -11.608612
v 56.041840 46.285858 -9.108218
v 62.961121 66.565491 -16.712830
v 69.936272 79.322906 -26.488531
v 71.074211 72.801331 -28.221849
v 190.756470 -108.796532 -14.911992
v 112.493835 80.288086 -8.186555
v 173.270203 -181.169495 -4.620971
v 94.814003 59.577713 -17.015495
v 80.989235 75.946777 -29.964602
v 86.995049 69.895325 -37.079266
v 89.560486 53.191650 -36.070969
v 77.852448 31.681442 -31.176661
v 113.284897 51.079636 -32.004879
v 109.365303 30.657562 -25.726297
v 114.420387 72.184845 -19.861317
v 188.405670 -144.655243 0.000040
v 78.434326 -52.406349 -0.000000
v 95.821640 -83.272789 -6.668621
v 181.305786 -172.037247 -10.853167
v 187.165283 -153.632965 -7.980605
v 77.156647 -52.214630 -38.705090
v 12.153687 -43.399826 -34.165936
v 61.537949 -47.831818 -45.677036
v 108.243446 -52.230225 -8.338360
v 8.125732 96.665741 -11.781979
v 11.582352 82.154480 -29.218781
v 12.062897 85.932007 -21.378508
v 14.364777 77.704376 -17.969856
v 126.091568 75.062134 -26.431389
v 62.571030 -35.791611 -14.764734
v 167.731171 -144.666748 -5.087549
v 198.246078 -156.647614 -17.901108
v 159.853653 -23.755844 -22.930590
v 154.976868 -24.063416 -33.215004
v 152.662796 -38.844833 -26.560848
v 151.113922 -117.508331 -38.154716
v 134.197083 -25.777641 -39.219082
v 135.484390 -38.229294 -28.891634
v 120.921585 -38.083321 -17.161808
v 191.514893 -148.700928 -29.772200
v 146.546219 -57.572052 -11.666162
v 191.535751 -152.729263 -27.545820
v 198.217804 -133.857224 -35.649849
v 128.386322 -59.815086 -17.155794
v 202.465393 -147.994812 -17.607925
v 176.739868 -145.221161 -37.222599
v 134.992844 -75.657997 -5.104073
v 105.247971 78.011322 -30.472477
v 63.459694 -59.832069 -18.334600
v 206.134491 -142.876266 -14.724422
v 82.015175 -28.068764 -28.218849
v 45.290573 -50.095566 -14.470982
v 23.222641 -32.857552 -10.878117
v 96.412643 -82.019974 -22.161247
v 101.474182 -79.579224 -14.075023
v 78.944771 -37.347885 -9.745669
v 85.090240 -67.655273 -25.649080
v 140.566544 -38.749634 -18.410538
v 157.188461 -55.412338 -19.262823
v 161.126389 -38.708908 -15.124403
v 150.246384 -39.151489 -14.477029
v 43.022125 -40.366478 -29.218435
v 109.917358 -25.735527 -27.490471
v 95.670227 -26.529770 -17.637718
v 158.372528 -6.947723 -16.045767
v 81.965561 -9.569946 -33.797485
v 24.892746 -40.236176 -10.711914
v 23.962585 -39.862137 -24.773468
v 94.733025 -10.481155 -26.343998
v 109.442444 -9.884995 -36.208099
v 133.522385 -8.845398 -27.207037
v 110.483093 9.656189 -43.747959
v 108.281487 -72.780266 -30.703506
v 148.331680 -7.629822 -30.364788
v 146.285950 9.848785 -15.344039
v 187.075058 -149.329819 -8.247286
v 191.030777 -154.727402 -32.908730
v 45.309151 -41.595856 -26.401928
v 44.357010 -28.176933 -16.812016
v 89.345421 10.302490 -20.506351
v 71.567703 21.617615 -15.632142
v 8.649185 108.060028 -17.894100
v 45.068817 104.271912 -29.149843
v 197.325256 -119.435524 -13.831864
v 215.179871 -135.347626 -32.663052
v 219.697174 -127.074066 -11.686171
v 8.913788 -28.931015 -17.781610
v 55.504730 102.129105 -18.516958
v 66.288139 87.826843 -19.086647
v 44.135757 -50.343506 -16.957342
v 24.971924 -50.632744 -22.830788
v 47.598526 68.227081 -20.928198
v 43.079041 84.148407 -13.308090
v 161.430099 -157.290115 -8.327729
v 157.517456 -165.914246 -10.268930
v 162.236069 -168.267242 -29.875853
v 173.744873 -119.764236 -30.195440
v 182.915863 -118.855904 -18.407345
v 224.972931 -127.594307 -30.282919
v 9.016754 -28.518478 -24.279331
v 8.866608 105.680542 -32.241978
v 9.886719 96.545074 -26.419971
v 23.710068 -29.511665 -11.786926
v 59.371323 -46.286194 -12.177544
v 56.111259 -46.064407 -16.320190
v 62.588158 -37.262680 -10.611411
v 72.695427 40.110352 -7.204287
v 77.325096 63.600555 -35.432457
v 80.443237 -68.885162 -27.358887
v 81.032677 -36.106560 -20.581074
v 80.271011 -71.462646 -38.470867
v 83.767242 -52.390236 -16.573870
v 89.614449 20.382111 -22.230028
v 97.610237 19.673004 -29.391228
v 133.058289 -112.177086 -30.920681
v 152.587952 -98.015472 -29.330173
v 169.931732 -88.060852 -21.832226
v 181.796661 -61.963318 -24.607887
v 111.606987 23.580048 -26.482508
v 147.794189 26.104965 -15.361608
v 154.378647 26.251419 -0.000013
v 164.904160 -38.622925 -35.661411
v 114.813103 -25.815674 -34.329510
v 114.464272 -9.379425 -33.650002
v 115.378830 8.766251 -31.050861
v 116.502716 23.499893 -32.451397
v 135.156799 25.024536 -29.055035
v 110.404297 -37.471268 -37.602489
v 115.300011 -37.551422 -11.306696
v 161.455139 -23.492874 0.000014
v 162.162109 -12.285400 -32.920979
v 151.668137 -34.760330 -37.032093
v 140.775131 -25.069145 -31.464930
v 149.296432 -14.273499 -42.734222
v 170.224747 -21.927536 -16.943001
v 155.142670 21.454895 -5.943425
v 157.700882 11.045197 -17.621960
v 157.311218 0.541290 -35.292984
v 133.802551 -0.989136 -33.909515
v 123.289307 9.080063 -33.160202
v 134.754135 20.255905 -21.855211
v 180.848755 13.468765 -50.882683
v 153.469299 11.892319 -30.358597
v 209.017044 -123.506752 -28.238701
v 222.204163 -121.482002 -22.997732
v 214.967804 -118.743935 -30.839306
v 225.333862 -135.158279 -31.184046
v 220.633759 -137.451813 -21.242376
v 211.954315 -134.968918 -26.973621
v 204.946777 -123.067284 -17.808804
v 219.391052 -135.252960 -23.157816
v 215.522156 -135.636978 -27.170109
v 212.873337 -130.259552 -25.039984
v 221.098541 -135.397629 -22.365479
v 223.032974 -135.205627 -9.621978
v 211.956329 -141.192932 -9.268496
v 220.138504 -126.842606 -19.497488
v 210.981827 -118.733955 -13.405741
v 143.797302 -118.835037 -11.336709
v 128.350189 -107.366829 -38.118927
v 212.461548 -126.663399 -30.770435
v 210.525085 -125.445900 -30.576315
v 213.824768 -129.042053 -17.508974
v 186.128540 -82.317101 -8.921121
v 177.124863 -55.311996 -10.960158
v 179.675110 -65.968384 -45.045425
v 162.450119 -86.668404 -19.475573
v 164.792374 -43.277328 -20.157869
v 164.583511 -58.574936 -9.853004
v 166.756195 -54.656754 -38.910648
v 153.269333 -48.766602 -45.402039
v 146.286407 -75.847183 -36.111355
v 147.058319 -87.152550 -36.420090
v 151.867645 -82.238785 -35.533207
v 176.504623 -99.179871 -35.554493
v 161.081284 -118.501900 -38.777599
v 113.806458 -33.866013 -37.343063
v 104.849060 -28.660660 -36.345585
v 104.952667 -18.249954 -36.782631
v 114.013672 -13.044586 -38.217152
v 122.971077 -18.249954 -39.214642
v 122.867470 -28.660660 -35.262165
v 114.171593 -34.206482 -33.827637
v 105.214211 -29.001122 -32.830151
v 105.317825 -18.590393 -33.267193
v 114.378822 -13.385056 -34.701729
v 123.336220 -18.590408 -35.699207
v 123.232605 -29.001129 -36.630375
v 113.910057 -3.339996 -36.630375
v 104.852386 1.889435 -36.630379
v 104.852402 12.348343 -36.630371
v 113.910065 17.577789 -36.630375
v 122.967751 12.348358 -36.630379
v 122.967735 1.889450 -33.079670
v 113.910065 -3.339996 -33.079666
v 104.852386 1.889450 -33.079670
v 104.852402 12.348358 -33.079666
v 113.910072 17.577789 -33.079666
v 122.967728 12.348343 -33.079666
v 122.967735 1.889435 -17.254173
v 44.453537 -29.680511 -19.744152
v 15.599670 -29.748749 -23.272104
v 9.366928 -26.710587 -26.106920
v 16.635605 -29.640816 -31.529028
v 14.606339 -32.663635 -35.743176
v 11.109528 -38.446426 -34.652683
v 17.135681 -40.019073 -32.933681
v 17.520859 -46.910995 -34.712891
v 14.356308 -52.056564 -30.711817
v 17.704865 -52.991470 -29.402811
v 15.940918 -58.307678 -22.719889
v 20.295731 -54.664047 -20.152201
v 15.907425 -59.117462 -18.084738
v 21.385773 -54.000992 -13.049588
v 17.693649 -52.552200 -10.062584
v 13.957672 -50.988083 -10.449288
v 17.811600 -46.965172 -6.103839
v 12.343552 -43.984711 -9.404906
v 15.415009 -39.258560 -9.428827
v 10.300690 -37.809616 -12.940039
v 16.411392 -31.765701 -12.888691
v 28.727478 -40.051331 -25.896778
v 28.871796 -30.530411 -32.205822
v 29.996857 -40.569077 -18.031626
v 29.762878 -49.362595 -27.295328
v 30.508698 -49.518631 -15.984761
v 28.530365 -33.071587 -17.419449
v 19.512177 104.040924 -24.243422
v 20.095810 101.454865 -15.346558
v 21.891846 84.628876 -12.364761
v 20.259232 95.970184 -21.069139
v 22.200470 82.948975 -27.613762
v 20.891861 96.015228 -26.614403
v 21.753372 87.700775 -26.899691
v 14.416656 101.507263 -29.506760
v 9.060135 100.546295 -29.608870
v 14.131531 98.823746 -29.174902
v 16.571075 90.643372 -26.366751
v 17.735352 85.221436 -27.874039
v 13.630829 80.362640 -23.540468
v 17.421600 81.425323 -18.153650
v 16.045288 80.773590 -16.977459
v 13.610123 79.827301 -14.383941
v 16.156845 82.179688 -12.348318
v 15.885132 90.155548 -10.746771
v 13.121765 99.745148 -11.502517
v 8.518967 101.654114 -14.101673
v 13.736221 103.213669 -19.125149
v 13.206024 104.344391 -14.682743
v 16.800613 85.424347 -24.171707
v 27.521988 98.156891 -13.973431
v 27.489853 95.376053 -25.567734
v 28.558990 89.030731 -18.127323
v 27.468399 103.156281 -16.288296
v 28.407227 86.718567 -20.951962
v 28.202347 84.625977 -25.813669
v 27.942566 95.468719 -22.808817
v 1.885391 65.028458 -19.959459
v 12.675949 -81.666084 -29.322971
v 12.675934 -79.773987 -24.961040
v 4.097214 -77.483925 -29.828804
v 1.976791 -85.477028 -36.779064
v 12.675949 -77.397385 -33.365963
v 4.097214 -75.471214 -39.277405
v 4.097214 -74.143730 -27.184074
v 1.887589 -71.827682 -14.231622
v 11.583664 55.810486 -11.527728
v 3.678375 58.819031 -23.659405
v 1.959854 51.468842 -31.740656
v 11.583679 60.673676 -39.543934
v 1.887589 -70.119705 -32.228962
v 12.905746 -71.075233 -35.742104
v 15.836395 -69.937775 -18.795654
v 15.152298 -73.712418 -15.440210
v 10.404434 -72.769073 -13.823678
v 14.667557 64.772919 -39.179008
v 11.707718 -68.529678 -23.343399
v 14.810806 62.200714 -21.342087
v 13.230362 80.667084 -30.955692
v 14.610428 64.915878 -34.961048
v 9.926346 66.012787 -27.878578
v 12.488235 84.312744 -16.964851
v 1.873444 99.640625 -23.182135
v 1.878036 99.139893 -32.404747
v 11.281204 -45.743126 -27.692524
v 17.305664 -71.661331 -19.959459
v 1.976791 -87.397659 -37.771729
v 1.976791 -83.018555 -17.934807
v 3.678391 60.298584 -14.921046
v 1.959854 49.280731 -32.071758
v 4.097214 -75.870461 -28.327557
v 3.678391 61.734314 -32.733318
v 1.959854 54.269653 -27.312170
v 3.678391 61.344757 -19.922632
v 3.678391 60.575104 -10.645216
v 1.883102 63.679886 -16.945702
v 4.097214 -79.025322 -34.238998
v 3.678391 64.380463 -28.021992
v 1.881393 92.797699 -15.149919
v 1.887589 -73.490631 -12.938033
v 11.646362 84.487488 -29.698925
v 9.982544 90.151855 -22.973238
v 4.097214 -77.762711 -14.107161
v 13.844269 -51.169334 -34.340996
v 1.887558 66.307007 -14.484859
v 1.887573 -38.942757 -21.839081
v 1.887573 -34.990524 -12.042869
v 1.869461 93.651367 -31.659264
v 1.887573 -39.045815 -24.571428
v 15.200378 -51.533401 -23.513304
v 11.583664 57.966263 -23.531551
v 13.794388 -72.757088 -27.763115
v 11.277267 62.727173 -9.892260
v 8.294449 66.510498 -19.088808
v 11.381836 62.991913 -18.031626
v 29.762878 -49.362595 -32.205822
v 29.996857 -40.569077 -27.295328
v 30.508698 -49.518631 -13.008022
v 12.825607 95.144196 -15.904433
v 16.282227 86.949799 -25.944090
v 16.762772 89.225159 -21.086798
v 17.398575 85.532593 -17.526749
v 11.962845 101.405228 -15.984761
v 28.530365 -33.071587 -25.896778
v 28.871796 -30.530411 -22.883949
v 12.180252 101.500946 -27.817051
v 14.586594 95.077637 -12.888691
v 28.727478 -40.051331 -13.973431
v 27.489853 95.376053 -16.288296
v 28.407227 86.718567 -25.567734
v 28.558990 89.030731 -20.951962
v 28.202347 84.625977 -18.127323
v 27.468399 103.156281 -24.171707
v 27.521988 98.156891 -25.813669
v 27.942566 95.468719 -431602080.000000
v -431602080.000000 -431602080.000000 -431602080.000000
v -431602080.000000 -431602080.000000 -431602080.000000
v -431602080.000000 -431602080.000000 -25.779175
v 44.330246 95.740997 -13.030064
v 54.443909 94.653900 -13.200740
v 49.276901 102.178802 -17.503519
v 53.014175 107.300644 -23.834398
v 50.534935 101.755280 -17.616005
v 46.039917 114.373077 -17.747623
v 47.559151 106.339630 -26.265688
v 48.100723 99.152313 -22.161121
v 41.515182 106.625336 -22.014643
v 47.039215 104.101624 -26.780891
v 46.981293 104.108704 -11.944049
v 49.153786 100.543823 -11.617167
v 43.768768 106.481049 -10.446234
v 46.424683 99.332275 -14.480713
v 44.311279 102.386078 -17.920258
v 59.941780 97.433044 -8.273720
v 134.746140 88.331543 -7.456385
v 126.475212 84.199249 -10.802686
v 105.082909 105.773315 -11.250691
v 99.660950 94.693542 -17.021429
v 81.402298 109.073669 -10.576655
v 75.164223 102.593048 -9.077987
v 63.684242 127.945679 -3.807925
v 78.662262 130.594177 -10.738883
v 97.970795 94.039398 -12.380867
v 104.870003 102.305450 -15.388488
v 77.248199 103.101837 -18.969179
v 83.953293 111.408813 -21.553919
v 67.458206 118.951355 -7.764823
v 95.936928 90.486603 -8.004904
v 72.170563 97.323639 -4.214335
v 60.840080 100.279541 -21.549026
v 79.502434 105.721008 -13.555539
v 101.070656 97.669128 -8.755105
v 98.027718 120.414215 -6.428800
v 88.801620 131.207886 -12.606787
v 75.522491 125.504456 -10.782688
v 77.909462 131.176147 -16.853148
v 59.971390 132.753784 -14.760738
v 74.988426 130.182678 -10.225144
v 98.536797 121.349518 -7.630408
v 93.694649 129.727722 -15.732872
v 83.435844 127.763306 -18.546558
v 81.646675 126.720123 -18.558453
v 82.485672 123.354370 -22.461218
v 74.558105 131.878601 -12.162903
v 97.970795 94.039398 -13.804902
v 104.869995 102.305450 -24.723379
v 84.956314 103.597137 -21.753408
v 83.108841 101.392853 -23.014727
v 87.835327 107.146332 -31.581722
v 72.637054 108.458115 -10.802686
v 105.082909 105.773315 -7.764823
v 95.936928 90.486603 -16.351803
v 90.073784 121.549927 -8.082600
v 115.200989 87.530731 -7.298482
v 121.575363 93.670547 -7.298482
v 121.575363 93.670547 -10.802686
v 105.082909 105.773315 -8.082600
v 115.200989 87.530731 -9.132929
v 94.081306 122.253418 -16.351803
v 90.073784 121.549927 -14.979556
v 101.070679 97.669128 -4.866341
v 53.911499 130.594116 -4.165357
v 51.882133 125.766418 -7.676026
v 59.721260 118.203003 -5.018489
v 161.953949 -174.866150 -14.723199
v 172.044800 -148.850876 -13.733396
v 163.269867 -149.298264 -8.121005
v 168.087738 -173.095810 -12.694395
v 169.289627 -163.482941 -12.378076
v 172.802429 -155.611008 -12.502910
v 171.392532 -148.882645 -11.612486
v 162.511948 -157.494720 -3.322881
v 163.035797 -173.535828 -12.037788
v 164.351730 -149.501114 -8.573321
v 163.317917 -167.742218 -12.614421
v 167.755753 -145.510498 -10.778047
v 170.633728 -142.253632 -25.202112
v 210.450882 -98.841797 0.000018
v 133.655457 -126.771469 -0.000001
v 111.579636 83.878113 -0.000003
v 79.482239 133.404968 0.000001
v 59.956589 97.884857 -0.000003
v 87.184822 139.651428 0.000002
v 72.138954 96.491058 -0.000007
v 215.279495 -74.575493 -0.000010
v 203.022003 -60.552383 -0.000008
v 202.308578 -67.438034 -0.000005
v 233.625793 -104.699463 0.000017
v 77.874466 -9.191391 0.000024
v 77.946053 -28.135880 0.000009
v 91.428810 56.064026 0.000033
v 173.757568 -182.969757 0.000018
v 183.209427 -173.666687 0.000000
v 157.305893 -175.196442 0.000001
v 159.107895 11.359283 0.000006
v 161.389404 -6.285934 0.000003
v 164.066574 -34.934029 -0.000002
v 161.685028 -52.312256 -0.000001
v 220.664627 -125.224670 0.000001
v 162.780701 -175.356506 -0.000001
v 162.113754 -155.672195 0.000009
v 174.062302 -153.030350 0.000009
v 173.985138 -136.955765 0.000018
v 167.431152 -176.154541 -15.032314
v 225.755508 -113.892723 -16.945520
v 196.714172 -90.993050 -7.032150
v 213.005005 -142.696960 -11.458116
v 92.839256 120.692383 -17.289198
v 86.669250 116.631805 -0.000002
v 92.187950 86.364105 -13.831864
v 215.156067 -135.361588 -14.395385
v 214.423370 -103.795433 -15.032314
v 225.755508 -113.892723 -26.973623
v 204.946777 -123.067284 -37.133698
v 89.220024 -69.682045 -21.006680
v 88.812485 -73.648758 -34.500618
v 90.502083 30.505966 -19.531359
v 81.675247 19.902695 -9.653882
v 78.687271 41.348267 13.831869
v 215.156082 -135.361603 26.867079
v 205.133072 -108.064087 15.032308
v 225.755524 -113.892715 14.395378
v 214.423386 -103.795433 19.497490
v 210.981827 -118.733948 15.032308
v 225.755524 -113.892715 15.032308
v 225.755524 -113.892715 28.221842
v 192.842804 -111.671768 14.395378
v 214.423386 -103.795433 16.945509
v 196.714203 -90.993050 23.129448
v 195.087509 -94.496765 14.395378
v 214.423386 -103.795433 -0.000008
v 226.360779 -96.752625 -0.000008
v 226.360779 -96.752625 16.945509
v 196.714203 -90.993050 26.973627
v 204.946808 -123.067276 7.032153
v 213.005020 -142.696960 0.000004
v 213.623871 -145.642334 13.030054
v 54.443909 94.653900 7.204279
v 77.325096 63.600571 9.108210
v 62.961113 66.565491 4.620932
v 94.814003 59.577713 26.973623
v 204.946808 -123.067276 33.146610
v 152.663116 -67.639755 14.075027
v 78.944778 -37.347885 31.032415
v 126.329590 -86.255859 18.410538
v 157.188461 -55.412338 -0.000002
v 161.685028 -52.312256 0.000024
v 77.946053 -28.135880 0.000004
v 213.623871 -145.642334 29.149847
v 197.325272 -119.435539 37.222603
v 134.992844 -75.657997 29.772196
v 146.546219 -57.572052 28.891632
v 120.921585 -38.083313 15.124402
v 150.246384 -39.151489 20.840166
v 169.634842 -73.872536 0.000005
v 153.495819 -39.553879 25.649078
v 140.566559 -38.749626 13.831865
v 215.179871 -135.347626 18.407345
v 224.972961 -127.594307 9.268493
v 220.138504 -126.842606 19.497490
v 210.981842 -118.733955 21.242380
v 211.954346 -134.968918 26.973623
v 204.946808 -123.067276 18.410538
v 157.188461 -55.412338 14.510272
v 62.439117 81.819641 13.030054
v 54.443909 94.653900 25.448349
v 54.936005 94.915222 28.221846
v 190.756500 -108.796532 0.000009
v 91.428810 56.064026 16.320190
v 62.588150 -37.262680 29.330173
v 169.931717 -88.060860 30.920677
v 152.587982 -98.015457 29.330173
v 169.931717 -88.060860 21.135292
v 141.780853 26.966522 10.201101
v 148.199158 27.096863 -0.000003
v 149.670258 27.614700 29.055031
v 110.404297 -37.471268 29.218437
v 109.917358 -25.735527 26.343998
v 109.442444 -9.884995 27.207033
v 110.483093 9.656189 24.607893
v 111.606987 23.580048 24.607893
v 111.606987 23.580048 26.156063
v 128.919464 25.886108 29.055031
v 110.404297 -37.471268 0.000003
v 164.066574 -34.934029 11.306698
v 161.455139 -23.492874 0.000014
v 162.162109 -12.285400 22.930592
v 154.976868 -24.063416 32.920971
v 151.668152 -34.760330 32.920971
v 151.668152 -34.760330 37.032093
v 140.775131 -25.069138 31.464928
v 149.296417 -14.273499 26.373672
v 151.019318 10.260773 16.943007
v 155.142670 21.454880 5.943409
v 157.700897 11.045197 17.621973
v 157.311203 0.541290 17.621973
v 157.311203 0.541290 30.364786
v 146.285950 9.848785 35.292984
v 133.802551 -0.989136 35.292984
v 133.802551 -0.989136 33.909515
v 123.289307 9.080078 33.160202
v 134.754150 20.255920 9.268493
v 220.138504 -126.842606 24.036572
v 230.334351 -129.819153 13.831869
v 215.156082 -135.361603 26.973627
v 204.946808 -123.067276 -0.000001
v 220.664627 -125.224670 9.268493
v 220.138504 -126.842606 21.832211
v 181.796677 -61.963318 0.000011
v 173.980179 -66.036156 29.330173
v 169.931717 -88.060860 10.960167
v 179.675110 -65.968399 8.921121
v 177.124863 -55.311996 45.045425
v 162.450119 -86.668411 35.533207
v 176.504654 -99.179871 45.045425
v 162.450119 -86.668411 0.000011
v 173.980179 -66.036156 -0.000002
v 161.685028 -52.312256 19.475571
v 164.792358 -43.277321 38.910652
v 153.269333 -48.766602 18.410538
v 157.188461 -55.412338 45.402039
v 146.286407 -75.847191 30.920677
v 152.587982 -98.015457 45.402039
v 146.286407 -75.847191 36.111362
v 147.058319 -87.152542 32.830151
v 105.317825 -18.590393 36.345581
v 104.952667 -18.249954 36.345581
v 104.952667 -18.249954 37.343071
v 104.849060 -28.660652 38.777592
v 113.806458 -33.866013 39.214642
v 122.867470 -28.660667 38.217152
v 122.971069 -18.249954 36.782623
v 114.013672 -13.044586 33.079666
v 104.852394 1.889435 36.630375
v 104.852394 1.889435 36.630375
v 104.852402 12.348358 36.630375
v 104.852394 1.889435 36.630375
v 113.910065 -3.339996 36.630371
v 122.967735 1.889435 36.630375
v 122.967743 12.348343 36.630371
v 113.910065 17.577789 25.896776
v 28.871796 -30.530411 17.254173
v 44.453537 -29.680511 15.984761
v 28.530365 -33.071587 12.940039
v 16.411392 -31.765701 14.470981
v 23.222641 -32.857552 32.205822
v 29.996857 -40.569077 18.031626
v 29.762878 -49.362602 27.295328
v 30.508698 -49.518631 12.888692
v 28.727478 -40.051331 15.984761
v 28.530365 -33.071587 15.984761
v 28.530365 -33.071587 24.171698
v 27.521988 98.156891 20.951952
v 28.202347 84.625977 13.973419
v 27.489853 95.376068 12.364751
v 20.259232 95.970184 25.567724
v 28.558990 89.030731 25.813658
v 27.942566 95.468719 8.338347
v 8.125732 96.665741 18.127310
v 27.468399 103.156281 16.288282
v 28.407227 86.718567 13.973419
v 27.489853 95.376068 12.990780
v 43.986832 95.537079 13.973419
v 27.489853 95.376068 28.327559
v 3.678391 61.734314 16.945702
v 4.097214 -79.025299 19.959457
v 1.976791 -87.397644 22.973234
v 4.097214 -77.762695 19.922634
v 3.678391 60.575104 24.961042
v 4.097214 -77.483902 29.828802
v 1.976791 -85.477013 32.071758
v 4.097214 -75.870453 33.365963
v 4.097214 -75.471207 37.771729
v 1.976791 -83.018547 39.277401
v 4.097214 -74.143723 17.934809
v 3.678391 60.298584 22.973234
v 4.097214 -77.762695 11.527734
v 3.678375 58.819031 14.921054
v 1.959854 49.280731 27.312170
v 3.678391 61.344757 15.149920
v 1.887589 -73.490608 24.961042
v 4.097214 -77.483902 32.071758
v 4.097214 -75.870453 23.659412
v 1.959854 51.468842 32.733326
v 1.959854 54.269653 34.239002
v 3.678391 64.380463 10.645217
v 1.883102 63.679871 34.341000
v 1.887558 66.307007 16.945702
v 4.097214 -79.025299 22.973234
v 4.097214 -77.762695 34.239002
v 3.678391 64.380463 28.021980
v 1.881393 92.797714 39.543938
v 1.887589 -70.119698 12.042859
v 1.869461 93.651367 13.008011
v 12.825607 95.144196 23.182131
v 1.878036 99.139893 16.964836
v 1.873444 99.640625 22.973234
v 4.097214 -77.762695 24.961042
v 4.097214 -77.483902 33.365963
v 4.097214 -75.471207 39.277401
v 4.097214 -74.143723 14.484863
v 1.887573 -38.942749 21.839085
v 1.887573 -34.990524 14.484863
v 1.887573 -38.942749 11.527734
v 3.678375 58.819031 16.964836
v 1.873444 99.640625 12.042859
v 1.869461 93.651367 12.042859
v 1.869461 93.651367 12.042859
v 1.869461 93.651367 15.984761
v 28.530365 -33.071587 14.484863
v 1.887573 -38.942749 31.659258
v 1.887573 -39.045807 32.071758
v 4.097214 -75.870453 33.365963
v 4.097214 -75.471207 33.365963
v 4.097214 -75.471207 14.484863
v 1.887573 -38.942749 13.973418
v 27.489853 95.376053 17.894091
v 45.068817 104.271912 13.200730
v 49.276901 102.178802 13.030054
v 54.443909 94.653900 23.834391
v 50.534943 101.755280 17.615993
v 46.039917 114.373077 25.448349
v 54.936005 94.915222 26.265678
v 48.100723 99.152313 17.894091
v 45.068817 104.271912 17.894091
v 45.068817 104.271912 22.161110
v 41.515182 106.625336 22.014631
v 47.039215 104.101624 22.014631
v 47.039215 104.101624 26.780882
v 46.981293 104.108704 26.265678
v 48.100723 99.152313 26.780882
v 46.981293 104.108704 26.265678
v 48.100723 99.152313 11.944038
v 49.153786 100.543823 17.894091
v 45.068817 104.271912 10.446224
v 46.424683 99.332275 17.894091
v 45.068817 104.271912 11.944038
v 49.153786 100.543823 14.480704
v 44.311279 102.386078 12.990780
v 43.986832 95.537079 11.617155
v 43.768768 106.481049 11.617155
v 43.768768 106.481049 17.920250
v 59.941780 97.433044 7.456387
v 126.475204 84.199249 8.273719
v 134.746140 88.331543 0.000001
v 146.731537 72.187561 -0.000001
v 108.942650 109.528839 10.802684
v 105.082909 105.773346 7.456387
v 126.475204 84.199249 0.000003
v 121.216644 82.756348 8.082600
v 115.200981 87.530731 8.082600
v 115.200981 87.530731 7.764823
v 95.936928 90.486603 -0.000002
v 92.187950 86.364105 10.802684
v 105.082909 105.773346 -0.000001
v 108.942650 109.528839 11.458115
v 92.839256 120.692383 -0.000001
v 108.942650 109.528839 9.132926
v 94.081314 122.253418 8.004902
v 72.170563 97.323639 7.298481
v 121.575356 93.670532 17.289194
v 86.669243 116.631805 11.458115
v 92.839256 120.692383 10.802684
v 105.082909 105.773346 10.802684
v 105.082909 105.773346 16.351801
v 90.073784 121.549927 17.289194
v 86.669243 116.631805 16.351801
v 90.073784 121.549927 11.458115
v 92.839256 120.692383 15.732863
v 83.435852 127.763306 16.351801
v 90.073784 121.549927 17.289194
v 86.669243 116.631805 18.558449
v 82.485672 123.354370 7.298481
v 121.575356 93.670532 14.979557
v 101.070656 97.669098 8.082600
v 115.200981 87.530731 12.614430
v 167.755753 -145.510483 11.612486
v 162.511948 -157.494705 12.037793
v 164.351730 -149.501099 0.000001
v 162.780701 -175.356506 3.322880
v 163.035797 -173.535812 12.614430
v 167.755753 -145.510483 8.573324
v 163.317917 -167.742203 12.694427
v 169.289658 -163.482941 8.121036
v 168.087753 -173.095810 12.378114
v 172.802444 -155.610992 0.000018
v 167.431152 -176.154541 12.502918
v 171.392563 -148.882614 12.614430
v 167.755753 -145.510483 10.778065
v 170.633759 -142.253647 0.000009
v 173.985138 -136.955765 -13.831864
v 215.156067 -135.361588 -0.000002
v 229.735001 -125.690331 -26.867085
v 205.133026 -108.064079 -14.395385
v 214.423370 -103.795433 -0.000008
v 226.360779 -96.752625 -19.497488
v 210.981812 -118.733948 -15.032314
v 225.755508 -113.892723 -15.032314
v 225.755508 -113.892723 0.000000
v 230.166626 -139.340240 -0.000001
v 234.674042 -133.190323 -0.000005
v 233.625793 -104.699463 -0.000009
v 221.769897 -77.213943 -0.000007
v 219.829346 -78.298828 -0.000010
v 203.022003 -60.552383 -0.000008
v 202.308578 -67.438034 -0.000014
v 181.814255 -66.840698 -0.000007
v 215.279495 -74.575493 -28.221840
v 192.842773 -111.671761 -14.395385
v 214.423370 -103.795433 -23.129450
v 195.087494 -94.496758 -16.945520
v 196.714172 -90.993050 -14.395385
v 214.423370 -103.795433 -0.000008
v 226.360779 -96.752625 -0.000002
v 229.735001 -125.690331 -0.000008
v 226.360779 -96.752625 -16.945520
v 196.714172 -90.993050 -14.395385
v 214.423370 -103.795433 -26.973623
v 204.946777 -123.067284 -15.032314
v 225.755508 -113.892723 -7.032150
v 213.005005 -142.696960 0.000002
v 223.570984 -143.413147 0.000004
v 213.623871 -145.642334 0.000004
v 213.623871 -145.642334 -13.030064
v 54.443909 94.653900 0.000018
v 183.209427 -173.666687 0.000007
v 180.305145 -183.725571 0.000008
v 105.942871 73.061554 0.000003
v 121.216644 82.756348 0.000018
v 133.655457 -126.771469 -7.204287
v 77.325096 63.600555 -9.108218
v 62.961121 66.565491 0.000009
v 91.428810 56.064026 -4.620971
v 94.814003 59.577713 0.000002
v 198.736542 -157.576935 -26.973621
v 204.946777 -123.067284 0.000013
v 147.683395 -133.465515 -0.000000
v 157.860245 -145.981293 -0.000001
v 153.474274 -137.410706 0.000014
v 94.091225 30.507248 0.000033
v 173.757568 -182.969757 -33.146606
v 152.663132 -67.639748 0.000013
v 111.745544 -94.654488 0.000007
v 192.516525 -159.465988 0.000001
v 146.731537 72.187561 0.000023
v 168.083405 -177.573746 0.000001
v 159.107895 11.359283 0.000027
v 157.464554 26.170929 0.000024
v 77.946053 -28.135880 0.000040
v 78.434326 -52.406349 -14.075023
v 78.944771 -37.347885 0.000006
v 161.389404 -6.285934 -0.000002
v 161.685028 -52.312256 0.000005
v 153.495819 -39.553879 -31.032417
v 126.329582 -86.255859 -18.410538
v 157.188461 -55.412338 -0.000002
v 161.685028 -52.312256 0.000024
v 77.946053 -28.135880 -0.000000
v 95.821640 -83.272789 0.000010
v 84.528694 -68.695328 0.000008
v 205.669601 -150.676773 0.000004
v 213.623871 -145.642334 0.000009
v 86.540092 10.463760 0.000017
v 77.874466 -9.191391 -29.149843
v 197.325256 -119.435524 -37.222599
v 134.992844 -75.657997 -29.772200
v 146.546219 -57.572052 -28.891634
v 120.921585 -38.083321 -15.124403
v 150.246384 -39.151489 -0.000004
v 120.816811 -116.929039 -0.000003
v 149.670258 27.614700 -20.840160
v 169.634842 -73.872536 0.000011
v 173.980179 -66.036156 -0.000013
v 164.904160 -38.622925 0.000005
v 153.495819 -39.553879 -25.649080
v 140.566544 -38.749634 -13.831864
v 215.179871 -135.347626 0.000003
v 164.066574 -34.934029 0.000014
v 162.162109 -12.285400 -18.407345
v 224.972931 -127.594307 -19.497488
v 210.981827 -118.733955 -9.268496
v 220.138504 -126.842606 -21.242376
v 211.954315 -134.968918 -26.973621
v 204.946777 -123.067284 -18.410538
v 157.188461 -55.412338 -13.030064
v 54.443909 94.653900 -14.510281
v 62.439117 81.819641 -25.448360
v 54.936005 94.915222 -28.221849
v 190.756470 -108.796532 0.000009
v 91.428810 56.064026 0.000001
v 161.698853 -176.672623 0.000000
v 157.305893 -175.196442 0.000001
v 155.458099 -164.001129 -16.320190
v 62.588158 -37.262680 -29.330173
v 169.931732 -88.060852 -30.920681
v 152.587952 -98.015472 -29.330173
v 169.931732 -88.060852 -0.000001
v 188.021667 -81.452782 -0.000004
v 207.582870 -102.936958 -21.135294
v 141.780853 26.966522 -10.201106
v 148.199158 27.096863 -0.000003
v 149.670258 27.614700 -29.055035
v 110.404297 -37.471268 -29.218435
v 109.917358 -25.735527 -26.343998
v 109.442444 -9.884995 -27.207037
v 110.483093 9.656189 -24.607887
v 111.606987 23.580048 -24.607887
v 111.606987 23.580048 -26.156063
v 128.919449 25.886093 -29.055035
v 110.404297 -37.471268 0.000003
v 164.066574 -34.934029 -11.306696
v 161.455139 -23.492874 0.000045
v 189.451126 -21.529663 0.000014
v 162.162109 -12.285400 -22.930590
v 154.976868 -24.063416 -32.920979
v 151.668137 -34.760330 -32.920979
v 151.668137 -34.760330 -37.032093
v 140.775131 -25.069145 -31.464930
v 149.296432 -14.273499 -26.373669
v 151.019318 10.260773 -16.943001
v 155.142670 21.454895 -5.943425
v 157.700882 11.045197 -17.621960
v 157.311218 0.541290 -17.621960
v 157.311218 0.541290 -30.364788
v 146.285950 9.848785 -35.292984
v 133.802551 -0.989136 -35.292984
v 133.802551 -0.989136 -33.909515
v 123.289307 9.080063 -33.160202
v 134.754135 20.255905 -9.268496
v 220.138504 -126.842606 -0.000001
v 220.664627 -125.224670 -24.036572
v 230.334320 -129.819153 -13.831864
v 215.156067 -135.361588 -26.973623
v 204.946777 -123.067284 -9.268496
v 220.138504 -126.842606 -0.000001
v 220.664627 -125.224670 -21.832226
v 181.796661 -61.963318 0.000011
v 173.980179 -66.036156 -29.330173
v 169.931732 -88.060852 -10.960158
v 179.675110 -65.968384 -8.921121
v 177.124863 -55.311996 -45.045425
v 162.450119 -86.668404 -35.533207
v 176.504623 -99.179871 -45.045425
v 162.450119 -86.668404 0.000011
v 173.980179 -66.036156 -0.000002
v 161.685028 -52.312256 -19.475573
v 164.792374 -43.277328 -38.910648
v 153.269333 -48.766602 -18.410538
v 157.188461 -55.412338 -45.402039
v 146.286407 -75.847183 -30.920681
v 152.587952 -98.015472 -45.402039
v 146.286407 -75.847183 -36.111355
v 147.058319 -87.152550 -36.345585
v 104.952667 -18.249954 -32.830151
v 105.317825 -18.590393 -36.345585
v 104.952667 -18.249954 -38.777599
v 113.806458 -33.866013 -37.343063
v 104.849060 -28.660660 -38.217152
v 122.971077 -18.249954 -39.214642
v 122.867470 -28.660660 -36.782631
v 114.013672 -13.044586 -36.630375
v 104.852386 1.889435 -33.079666
v 104.852386 1.889450 -36.630379
v 104.852402 12.348343 -36.630375
v 113.910057 -3.339996 -36.630375
v 104.852386 1.889435 -36.630375
v 122.967751 12.348358 -36.630379
v 122.967735 1.889450 -36.630371
v 113.910065 17.577789 -25.896778
v 28.871796 -30.530411 -17.254173
v 44.453537 -29.680511 -15.984761
v 28.530365 -33.071587 -12.940039
v 16.411392 -31.765701 -14.470982
v 23.222641 -32.857552 -32.205822
v 29.996857 -40.569077 -18.031626
v 29.762878 -49.362595 -27.295328
v 30.508698 -49.518631 -12.888691
v 28.727478 -40.051331 -15.984761
v 28.530365 -33.071587 -15.984761
v 28.530365 -33.071587 -24.171707
v 27.521988 98.156891 -20.951962
v 28.202347 84.625977 -12.364761
v 20.259232 95.970184 -13.973431
v 27.489853 95.376053 -25.813669
v 27.942566 95.468719 -25.567734
v 28.558990 89.030731 -8.338360
v 8.125732 96.665741 -18.127323
v 27.468399 103.156281 -16.288296
v 28.407227 86.718567 -13.973431
v 27.489853 95.376053 -12.990789
v 43.986832 95.537079 -13.973431
v 27.489853 95.376053 -28.327557
v 3.678391 61.734314 -16.945702
v 4.097214 -79.025322 -22.973238
v 4.097214 -77.762711 -19.959459
v 1.976791 -87.397659 -19.922632
v 3.678391 60.575104 -24.961040
v 4.097214 -77.483925 -32.071758
v 4.097214 -75.870461 -29.828804
v 1.976791 -85.477028 -33.365963
v 4.097214 -75.471214 -39.277405
v 4.097214 -74.143730 -37.771729
v 1.976791 -83.018555 -17.934807
v 3.678391 60.298584 -22.973238
v 4.097214 -77.762711 -11.527728
v 3.678375 58.819031 -14.921046
v 1.959854 49.280731 -27.312170
v 3.678391 61.344757 -15.149919
v 1.887589 -73.490631 -24.961040
v 4.097214 -77.483925 -32.071758
v 4.097214 -75.870461 -23.659405
v 1.959854 51.468842 -34.238998
v 3.678391 64.380463 -32.733318
v 1.959854 54.269653 -10.645216
v 1.883102 63.679886 -34.340996
v 1.887558 66.307007 -16.945702
v 4.097214 -79.025322 -22.973238
v 4.097214 -77.762711 -34.238998
v 3.678391 64.380463 -28.021992
v 1.881393 92.797699 -39.543934
v 1.887589 -70.119705 -12.042869
v 1.869461 93.651367 -13.008022
v 12.825607 95.144196 -16.964851
v 1.873444 99.640625 -23.182135
v 1.878036 99.139893 -22.973238
v 4.097214 -77.762711 -24.961040
v 4.097214 -77.483925 -33.365963
v 4.097214 -75.471214 -39.277405
v 4.097214 -74.143730 -14.484859
v 1.887573 -38.942757 -14.484859
v 1.887573 -38.942757 -21.839081
v 1.887573 -34.990524 -11.527728
v 3.678375 58.819031 -12.042869
v 1.869461 93.651367 -16.964851
v 1.873444 99.640625 -12.042869
v 1.869461 93.651367 -12.042869
v 1.869461 93.651367 -15.984761
v 28.530365 -33.071587 -14.484859
v 1.887573 -38.942757 -31.659264
v 1.887573 -39.045815 -32.071758
v 4.097214 -75.870461 -33.365963
v 4.097214 -75.471214 -33.365963
v 4.097214 -75.471214 -14.484859
v 1.887573 -38.942757 -13.973431
v 27.489853 95.376053 -17.894100
v 45.068817 104.271912 -13.200740
v 49.276901 102.178802 -13.030064
v 54.443909 94.653900 -17.616005
v 46.039917 114.373077 -23.834398
v 50.534935 101.755280 -25.448360
v 54.936005 94.915222 -26.265688
v 48.100723 99.152313 -17.894100
v 45.068817 104.271912 -17.894100
v 45.068817 104.271912 -22.014643
v 47.039215 104.101624 -22.161121
v 41.515182 106.625336 -22.014643
v 47.039215 104.101624 -26.265688
v 48.100723 99.152313 -26.780891
v 46.981293 104.108704 -26.780891
v 46.981293 104.108704 -26.265688
v 48.100723 99.152313 -11.944049
v 49.153786 100.543823 -17.894100
v 45.068817 104.271912 -10.446234
v 46.424683 99.332275 -17.894100
v 45.068817 104.271912 -14.480713
v 44.311279 102.386078 -11.944049
v 49.153786 100.543823 -12.990789
v 43.986832 95.537079 -11.617167
v 43.768768 106.481049 -11.617167
v 43.768768 106.481049 -17.920258
v 59.941780 97.433044 -7.456385
v 126.475212 84.199249 -8.273720
v 134.746140 88.331543 -0.000001
v 124.924721 97.257965 0.000001
v 146.731537 72.187561 -0.000001
v 108.942650 109.528839 -0.000001
v 95.570694 123.768982 -0.000001
v 108.942650 109.528839 -10.802686
v 105.082909 105.773315 -7.456385
v 126.475212 84.199249 0.000003
v 121.216644 82.756348 -0.000001
v 111.579636 83.878113 -8.082600
v 115.200989 87.530731 -0.000002
v 92.187950 86.364105 -8.082600
v 115.200989 87.530731 -7.764823
v 95.936928 90.486603 -0.000002
v 92.187950 86.364105 0.000002
v 72.138954 96.491058 -10.802686
v 105.082909 105.773315 -11.458116
v 92.839256 120.692383 -0.000001
v 108.942650 109.528839 -0.000002
v 70.114723 132.907776 -0.000002
v 61.149750 111.887939 -0.000001
v 57.333374 133.057739 -0.000001
v 52.626541 122.508362 -0.000003
v 94.627975 128.925110 -0.000001
v 108.942650 109.528839 -9.132929
v 94.081306 122.253418 -0.000003
v 79.482239 133.404968 -0.000002
v 65.537163 136.539734 0.000002
v 69.006355 94.283752 -8.004904
v 72.170563 97.323639 0.000001
v 59.956589 97.884857 0.000001
v 51.099335 99.499542 -7.298482
v 121.575363 93.670547 -0.000004
v 89.388458 135.072083 -0.000002
v 101.178200 124.186401 -0.000003
v 74.909882 140.421692 -17.289198
v 86.669250 116.631805 -11.458116
v 92.839256 120.692383 -0.000003
v 101.588593 125.098053 -10.802686
v 105.082909 105.773315 -0.000002
v 94.777847 133.824097 -0.000003
v 87.184822 139.651428 -16.351803
v 90.073784 121.549927 -17.289198
v 86.669250 116.631805 -16.351803
v 90.073784 121.549927 -15.732872
v 83.435844 127.763306 -11.458116
v 92.839256 120.692383 -16.351803
v 90.073784 121.549927 -17.289198
v 86.669250 116.631805 -18.558453
v 82.485672 123.354370 -7.298482
v 121.575363 93.670547 -8.082600
v 115.200989 87.530731 -14.979556
v 101.070679 97.669128 0.000001
v 43.162239 128.860046 0.000018
v 167.431152 -176.154541 0.000001
v 162.780701 -175.356506 -12.614421
v 167.755753 -145.510498 -11.612486
v 162.511948 -157.494720 -12.037788
v 164.351730 -149.501114 -0.000001
v 162.113754 -155.672195 0.000001
v 162.780701 -175.356506 -3.322881
v 163.035797 -173.535828 -12.614421
v 167.755753 -145.510498 -8.573321
v 163.317917 -167.742218 0.000006
v 170.658081 -137.807770 0.000009
v 173.985138 -136.955765 -12.694395
v 169.289627 -163.482941 -8.121005
v 168.087738 -173.095810 0.000009
v 174.062302 -153.030350 -12.378076
v 172.802429 -155.611008 0.000018
v 167.431152 -176.154541 -12.502910
v 171.392532 -148.882645 -10.778047
v 170.633728 -142.253632 -12.614421
v 167.755753 -145.510498 0.000009
v 173.985138 -136.955765 0.964966

vt 0.908108 0.069092
vt 0.902238 0.106222
vt 0.889345 0.043103
vt 0.808488 0.058399
vt 0.854429 0.034866
vt 0.855112 0.084024
vt 0.848727 0.263742
vt 0.995635 0.270330
vt 0.962407 0.296776
vt 0.935292 0.352361
vt 0.994795 0.270330
vt 0.962407 0.352361
vt 0.994795 0.263742
vt 0.995635 0.296776
vt 0.935292 0.270330
vt 0.962407 0.352361
vt 0.994795 0.263742
vt 0.995635 0.296776
vt 0.935292 0.270330
vt 0.962407 0.352361
vt 0.994795 0.296776
vt 0.935292 0.263742
vt 0.995635 0.270330
vt 0.962407 0.352361
vt 0.994795 0.296776
vt 0.935292 0.263742
vt 0.995635 0.270330
vt 0.962407 0.352361
vt 0.994795 0.296776
vt 0.935292 0.263742
vt 0.995635 0.270330
vt 0.962407 0.352361
vt 0.994795 0.296776
vt 0.935292 0.263742
vt 0.995635 0.222790
vt 0.556091 0.259691
vt 0.354271 0.006454
vt 0.467502 0.007536
vt 0.862967 0.162058
vt 0.405183 0.244123
vt 0.412144 0.869859
vt 0.614457 0.879382
vt 0.569406 0.886331
vt 0.681825 0.844485
vt 0.619636 0.843221
vt 0.547030 0.832979
vt 0.599784 0.506317
vt 0.635588 0.794995
vt 0.616326 0.892086
vt 0.676827 0.583338
vt 0.642793 0.646510
vt 0.582307 0.449020
vt 0.659179 0.491539
vt 0.733865 0.807966
vt 0.566747 0.833295
vt 0.562517 0.778202
vt 0.566229 0.841582
vt 0.517209 0.982779
vt 0.545722 0.940215
vt 0.586379 0.913432
vt 0.535910 0.944973
vt 0.473260 0.511017
vt 0.743444 0.535991
vt 0.751950 0.531405
vt 0.696155 0.522910
vt 0.752327 0.459614
vt 0.742457 0.680849
vt 0.709057 0.492463
vt 0.785164 0.794995
vt 0.616326 0.833285
vt 0.600065 0.938080
vt 0.630399 0.576032
vt 0.785396 0.809674
vt 0.656621 0.841187
vt 0.653171 0.685428
vt 0.636351 0.468417
vt 0.751553 0.862219
vt 0.496845 0.447320
vt 0.800254 0.071089
vt 0.957190 0.083472
vt 0.994640 0.399470
vt 0.310073 0.428876
vt 0.301167 0.364749
vt 0.331639 0.062954
vt 0.930463 0.294899
vt 0.171336 0.064208
vt 0.732027 0.447086
vt 0.941130 0.346706
vt 0.890880 0.177267
vt 0.669135 0.253994
vt 0.916321 0.160156
vt 0.847954 0.330510
vt 0.503137 0.052100
vt 0.978692 0.660474
vt 0.212716 0.250000
vt 0.758111 0.754806
vt 0.383933 0.572744
vt 0.916813 0.041450
vt 0.771035 0.183994
vt 0.836598 0.812486
vt 0.039211 0.277696
vt 0.658852 0.920428
vt 0.411814 0.210906
vt 0.657976 0.914253
vt 0.388569 0.822269
vt 0.371498 0.774369
vt 0.423673 0.846324
vt 0.418002 0.857770
vt 0.444084 0.246094
vt 0.703423 0.789776
vt 0.457144 0.529789
vt 0.386504 0.879557
vt 0.863535 0.336133
vt 0.681098 0.878167
vt 0.850993 0.368843
vt 0.306749 0.719016
vt 0.324205 0.666342
vt 0.322239 0.235596
vt 0.155451 0.301552
vt 0.396471 0.012549
vt 0.785049 0.619491
vt 0.240291 0.292735
vt 0.491157 0.124943
vt 0.827235 0.114657
vt 0.738643 0.214844
vt 0.832329 0.142529
vt 0.743125 0.219378
vt 0.608544 0.132970
vt 0.783434 0.070667
vt 0.768001 0.261719
vt 0.875298 0.182152
vt 0.871390 0.877630
vt 0.097208 0.860454
vt 0.090379 0.822288
vt 0.065383 0.215490
vt 0.888854 0.795844
vt 0.106843 0.780637
vt 0.078191 0.860225
vt 0.142421 0.836668
vt 0.136384 0.815155
vt 0.193140 0.780887
vt 0.187455 0.762288
vt 0.175044 0.749506
vt 0.160262 0.740852
vt 0.104805 0.894194
vt 0.172498 0.861220
vt 0.183569 0.543494
vt 0.914067 0.914893
vt 0.308540 0.040352
vt 0.752446 0.647627
vt 0.133563 0.900589
vt 0.216264 0.861143
vt 0.239096 0.811388
vt 0.248515 0.755099
vt 0.250786 0.816830
vt 0.324687 0.755226
vt 0.326764 0.878762
vt 0.316639 0.203125
vt 0.797173 0.070485
vt 0.788911 0.137615
vt 0.811217 0.302042
vt 0.351615 0.637638
vt 0.213901 0.338101
vt 0.121499 0.433457
vt 0.316915 0.476974
vt 0.445053 0.430469
vt 0.073760 0.378551
vt 0.049568 0.301760
vt 0.040259 0.341609
vt 0.044080 0.898071
vt 0.348738 0.465228
vt 0.287258 0.187809
vt 0.714467 0.130393
vt 0.859188 0.757041
vt 0.927079 0.755133
vt 0.896325 0.709776
vt 0.860270 0.306099
vt 0.633983 0.745514
vt 0.786581 0.703431
vt 0.797109 0.654532
vt 0.751978 0.178665
vt 0.816246 0.346976
vt 0.854429 0.152697
vt 0.822772 0.253906
vt 0.808892 0.484389
vt 0.509411 0.189567
vt 0.856496 0.195312
vt 0.758111 0.443578
vt 0.544425 0.940303
vt 0.285625 0.399971
vt 0.335104 0.212993
vt 0.869006 0.532410
vt 0.328450 0.399780
vt 0.274194 0.411742
vt 0.206136 0.331904
vt 0.444680 0.363467
vt 0.458066 0.509688
vt 0.330008 0.332955
vt 0.394976 0.662719
vt 0.837897 0.541266
vt 0.587457 0.701132
vt 0.915107 0.579794
vt 0.554650 0.342391
vt 0.251704 0.575750
vt 0.408296 0.557057
vt 0.375307 0.820724
vt 0.915134 0.588693
vt 0.308734 0.337660
vt 0.169282 0.240678
vt 0.229563 0.605973
vt 0.344815 0.625456
vt 0.381102 0.808025
vt 0.788518 0.679787
vt 0.352520 0.425685
vt 0.470165 0.810809
vt 0.851223 0.877345
vt 0.842821 0.167969
vt 0.801079 0.134301
vt 0.826879 0.427476
vt 0.266346 0.462476
vt 0.246151 0.649629
vt 0.283633 0.713762
vt 0.233659 0.190682
vt 0.077044 0.913378
vt 0.093487 0.309400
vt 0.779610 0.245271
vt 0.917251 0.091109
vt 0.947480 0.449962
vt 0.176016 0.727636
vt 0.656316 0.888153
vt 0.141240 0.371242
vt 0.268621 0.261227
vt 0.191144 0.812589
vt 0.122781 0.838186
vt 0.080543 0.078564
vt 0.662497 0.132405
vt 0.699332 0.082031
vt 0.679986 0.075755
vt 0.700544 0.300781
vt 0.707329 0.304688
vt 0.734673 0.038397
vt 0.960773 0.400107
vt 0.137171 0.217572
vt 0.057056 0.259679
vt 0.039010 0.379639
vt 0.184756 0.331399
vt 0.300169 0.336058
vt 0.291930 0.493531
vt 0.278886 0.706957
vt 0.182885 0.694328
vt 0.116209 0.405883
vt 0.400718 0.496430
vt 0.349209 0.362967
vt 0.400725 0.450661
vt 0.380853 0.674456
vt 0.260519 0.697704
vt 0.310968 0.325849
vt 0.586641 0.371855
vt 0.628372 0.399326
vt 0.942093 0.397899
vt 0.994628 0.720777
vt 0.341764 0.936552
vt 0.851453 0.945179
vt 0.897181 0.610301
vt 0.585445 0.740898
vt 0.713351 0.806937
vt 0.713921 0.877355
vt 0.721710 0.935540
vt 0.730039 0.935149
vt 0.801324 0.539589
vt 0.427561 0.690790
vt 0.722685 0.757026
vt 0.952751 0.723185
vt 0.857886 0.749414
vt 0.809995 0.785382
vt 0.853754 0.692661
vt 0.107222 0.925817
vt 0.896754 0.892595
vt 0.940972 0.849027
vt 0.909585 0.836892
vt 0.790933 0.877319
vt 0.751789 0.917727
vt 0.798678 0.692661
vt 0.107222 0.692661
vt 0.107222 0.094209
vt 0.914721 0.111123
vt 0.945517 0.123545
vt 0.922974 0.627373
vt 0.788575 0.615124
vt 0.778696 0.604561
vt 0.714432 0.552302
vt 0.959933 0.639901
vt 0.720271 0.613640
vt 0.731898 0.582339
vt 0.738553 0.627824
vt 0.754082 0.640954
vt 0.748269 0.203373
vt 0.913343 0.010380
vt 0.947359 0.576783
vt 0.959347 0.275017
vt 0.603760 0.292542
vt 0.551834 0.545169
vt 0.780011 0.554378
vt 0.744605 0.574331
vt 0.754246 0.580797
vt 0.855576 0.617300
vt 0.790755 0.420759
vt 0.975378 0.199706
vt 0.996934 0.177808
vt 0.956972 0.490332
vt 0.930203 0.506947
vt 0.956786 0.480928
vt 0.853391 0.325527
vt 0.927873 0.378955
vt 0.885364 0.397509
vt 0.891476 0.520007
vt 0.878491 0.315983
vt 0.663075 0.367168
vt 0.020908 0.411386
vt 0.020961 0.448998
vt 0.020948 0.234540
vt 0.019813 0.278729
vt 0.020239 0.322940
vt 0.020663 0.367219
vt 0.005904 0.411393
vt 0.005957 0.448994
vt 0.005944 0.234670
vt 0.004809 0.278872
vt 0.005235 0.323053
vt 0.005659 0.234540
vt 0.019813 0.190350
vt 0.019474 0.411386
vt 0.020961 0.367168
vt 0.020908 0.322940
vt 0.020663 0.278729
vt 0.020239 0.234670
vt 0.004809 0.190465
vt 0.004470 0.411393
vt 0.005957 0.367219
vt 0.005904 0.323053
vt 0.005659 0.278872
vt 0.005235 0.485495
vt 0.239729 0.414431
vt 0.177800 0.419051
vt 0.151630 0.395145
vt 0.167148 0.377388
vt 0.147719 0.360246
vt 0.126334 0.348304
vt 0.144555 0.316430
vt 0.142668 0.302932
vt 0.125858 0.294231
vt 0.141780 0.276353
vt 0.133839 0.267829
vt 0.162456 0.249174
vt 0.148810 0.256524
vt 0.174351 0.233775
vt 0.181044 0.216866
vt 0.184355 0.226519
vt 0.200796 0.201476
vt 0.207727 0.211192
vt 0.228026 0.193445
vt 0.231714 0.208562
vt 0.250738 0.355433
vt 0.213691 0.445889
vt 0.207819 0.417800
vt 0.223859 0.376995
vt 0.227683 0.395798
vt 0.232066 0.396490
vt 0.216872 0.224019
vt 0.106808 0.248310
vt 0.090836 0.356569
vt 0.085909 0.396037
vt 0.107917 0.333871
vt 0.079317 0.272227
vt 0.082601 0.304784
vt 0.078914 0.243551
vt 0.067454 0.241153
vt 0.044695 0.255368
vt 0.059264 0.288050
vt 0.060732 0.311449
vt 0.062305 0.318803
vt 0.038648 0.328622
vt 0.058502 0.351516
vt 0.058107 0.357798
vt 0.049228 0.365497
vt 0.063635 0.389964
vt 0.081801 0.185284
vt 0.114844 0.175867
vt 0.098304 0.198433
vt 0.102270 0.214909
vt 0.082763 0.371814
vt 0.073690 0.898502
vt 0.044980 0.376239
vt 0.127939 0.872185
vt 0.045896 0.247095
vt 0.127557 0.347077
vt 0.110175 0.861264
vt 0.042749 0.890747
vt 0.046568 0.704322
vt 0.395311 0.484045
vt 0.038052 0.518532
vt 0.037240 0.501696
vt 0.024170 0.519827
vt 0.005967 0.550793
vt 0.043496 0.542432
vt 0.027844 0.576568
vt 0.045674 0.704322
vt 0.395311 0.044867
vt 0.100524 0.017811
vt 0.102211 0.089293
vt 0.066704 0.120692
vt 0.112728 0.677870
vt 0.412427 0.533847
vt 0.054938 0.543955
vt 0.061376 0.488731
vt 0.057462 0.473472
vt 0.058781 0.051602
vt 0.126256 0.557428
vt 0.063142 0.086887
vt 0.118424 0.082237
vt 0.178390 0.116402
vt 0.125661 0.133482
vt 0.126068 0.109935
vt 0.189447 0.184614
vt 0.239487 0.170690
vt 0.225682 0.555727
vt 0.125754 0.517146
vt 0.059683 0.471325
vt 0.010571 0.565123
vt 0.016666 0.710544
vt 0.381176 0.030465
vt 0.068228 0.536948
vt 0.026302 0.688075
vt 0.397195 0.139454
vt 0.081158 0.693320
vt 0.393564 0.706165
vt 0.384081 0.731151
vt 0.377977 0.463126
vt 0.034062 0.150043
vt 0.114720 0.721295
vt 0.457370 0.731151
vt 0.377977 0.048864
vt 0.189308 0.130571
vt 0.204260 0.496464
vt 0.024380 0.482473
vt 0.118947 0.677870
vt 0.412427 0.435539
vt 0.140447 0.609727
vt 0.153063 0.202113
vt 0.257087 0.721295
vt 0.457370 0.520261
vt 0.114502 0.087923
vt 0.104024 0.502478
vt 0.055562 0.104837
vt 0.116438 0.028791
vt 0.130605 0.069472
vt 0.116485 0.507236
vt 0.155755 0.533352
vt 0.171083 0.520080
vt 0.157505 0.034454
vt 0.219732 0.061451
vt 0.207687 0.104791
vt 0.213104 0.082307
vt 0.204788 0.156998
vt 0.257460 0.568913
vt 0.213902 0.549528
vt 0.194354 0.146415
vt 0.244945 0.124641
vt 0.224725 0.495195
vt 0.170889 0.051729
vt 0.257008 0.073927
vt 0.245625 0.087932
vt 0.247473 0.079137
vt 0.241399 0.118083
vt 0.288706 0.103100
vt 0.267545 0.098566
vt 0.259019 431602081.000000
vt -431602080.000000 431602081.000000
vt -431602080.000000 431602081.000000
vt -431602080.000000 0.880868
vt 0.087814 0.807882
vt 0.043993 0.748788
vt 0.650746 0.727682
vt 0.642146 0.704432
vt 0.654003 0.727800
vt 0.613140 0.521821
vt 0.247475 0.898708
vt 0.492426 0.889136
vt 0.005582 0.972350
vt 0.439828 0.896324
vt 0.463685 0.792799
vt 0.042191 0.779903
vt 0.023561 0.798513
vt 0.034717 0.630834
vt 0.123643 0.727757
vt 0.670659 0.957140
vt 0.332624 0.949234
vt 0.372768 0.937170
vt 0.349391 0.103221
vt 0.567687 0.155511
vt 0.507073 0.131016
vt 0.482608 0.220380
vt 0.441427 0.262719
vt 0.400145 0.045867
vt 0.651882 0.067160
vt 0.648955 0.039986
vt 0.600985 0.066204
vt 0.594685 0.065132
vt 0.549740 0.030023
vt 0.585627 0.031043
vt 0.521147 0.021433
vt 0.491642 0.052448
vt 0.595598 0.057115
vt 0.650071 0.025598
vt 0.915730 0.023559
vt 0.859964 0.030737
vt 0.383686 0.007473
vt 0.378251 0.052499
vt 0.323229 0.022867
vt 0.374182 0.140181
vt 0.390612 0.167381
vt 0.375594 0.278669
vt 0.284697 0.275946
vt 0.272597 0.263496
vt 0.269709 0.302787
vt 0.252193 0.049662
vt 0.411337 0.078196
vt 0.417184 0.064637
vt 0.360786 0.059105
vt 0.362013 0.078835
vt 0.365787 0.069352
vt 0.322197 0.240671
vt 0.511556 0.030023
vt 0.585627 0.244311
vt 0.294206 0.195286
vt 0.543389 0.039480
vt 0.458951 0.062872
vt 0.468221 0.062872
vt 0.468221 0.092017
vt 0.417908 0.039480
vt 0.458951 0.262031
vt 0.456587 0.015057
vt 0.440568 0.060501
vt 0.411737 0.228735
vt 0.405563 0.211479
vt 0.398381 0.185560
vt 0.427398 0.041186
vt 0.700019 0.015682
vt 0.699931 0.169347
vt 0.738958 0.167965
vt 0.697699 0.057620
vt 0.721331 0.104968
vt 0.728481 0.141298
vt 0.735289 0.166751
vt 0.727597 0.130133
vt 0.706473 0.044432
vt 0.706835 0.161604
vt 0.706722 0.077703
vt 0.705738 0.190962
vt 0.059440 0.176773
vt 0.716739 0.170051
vt 0.015064 0.937002
vt 0.531817 0.081953
vt 0.480341 0.221432
vt 0.366181 0.006048
vt 0.516050 0.187388
vt 0.382718 0.157905
vt 0.423941 0.517211
vt 0.584714 0.629354
vt 0.646815 0.680270
vt 0.585828 0.422082
vt 0.763292 0.157486
vt 0.643328 0.010315
vt 0.733045 0.115103
vt 0.869674 0.802131
vt 0.483594 0.918657
vt 0.427221 0.960739
vt 0.283345 0.131427
vt 0.898924 0.183007
vt 0.616865 0.622764
vt 0.859272 0.254158
vt 0.539177 0.960507
vt 0.954388 0.114748
vt 0.434865 0.909150
vt 0.525095 0.555055
vt 0.619454 0.182325
vt 0.525115 0.382433
vt 0.823413 0.577100
vt 0.760719 0.398373
vt 0.689461 0.409934
vt 0.414926 0.363102
vt 0.416169 0.751323
vt 0.266315 0.704120
vt 0.245938 0.691592
vt 0.181671 0.035034
vt 0.908108 0.069092
vt 0.902238 0.106222
vt 0.889345 0.043103
vt 0.808488 0.058399
vt 0.854429 0.034866
vt 0.855112 0.084024
vt 0.848727 0.263742
vt 0.995635 0.270330
vt 0.962407 0.296776
vt 0.935292 0.352361
vt 0.994795 0.270330
vt 0.962407 0.352361
vt 0.994795 0.263742
vt 0.995635 0.296776
vt 0.935292 0.270330
vt 0.962407 0.352361
vt 0.994795 0.263742
vt 0.995635 0.296776
vt 0.935292 0.270330
vt 0.962407 0.352361
vt 0.994795 0.296776
vt 0.935292 0.263742
vt 0.995635 0.270330
vt 0.962407 0.352361
vt 0.994795 0.296776
vt 0.935292 0.263742
vt 0.995635 0.270330
vt 0.962407 0.352361
vt 0.994795 0.296776
vt 0.935292 0.263742
vt 0.995635 0.270330
vt 0.962407 0.352361
vt 0.994795 0.296776
vt 0.935292 0.263742
vt 0.995635 0.503078
vt 0.712609 0.427350
vt 0.778277 0.735444
vt 0.601174 0.289864
vt 0.442929 0.003840
vt 0.918035 0.011367
vt 0.800295 0.114748
vt 0.434865 0.197568
vt 0.396266 0.249598
vt 0.461072 0.869859
vt 0.614457 0.879382
vt 0.569406 0.886331
vt 0.681825 0.844485
vt 0.619636 0.843221
vt 0.547030 0.832979
vt 0.599784 0.506317
vt 0.635588 0.794995
vt 0.616326 0.892086
vt 0.676827 0.583338
vt 0.642793 0.646510
vt 0.582307 0.449020
vt 0.659179 0.491539
vt 0.733865 0.807966
vt 0.566747 0.833295
vt 0.562517 0.778202
vt 0.566229 0.841582
vt 0.517209 0.982779
vt 0.545722 0.940215
vt 0.586379 0.913432
vt 0.535910 0.944973
vt 0.473260 0.511017
vt 0.743444 0.535991
vt 0.751950 0.531405
vt 0.696155 0.522910
vt 0.752327 0.492463
vt 0.785164 0.794995
vt 0.616326 0.833285
vt 0.600065 0.938080
vt 0.630399 0.576032
vt 0.785396 0.809674
vt 0.656621 0.468417
vt 0.751553 0.447320
vt 0.800254 0.071089
vt 0.957190 0.083472
vt 0.994640 0.399470
vt 0.310073 0.428876
vt 0.301167 0.364749
vt 0.331639 0.062954
vt 0.930463 0.294899
vt 0.171336 0.064208
vt 0.732027 0.447086
vt 0.941130 0.346706
vt 0.890880 0.177267
vt 0.669135 0.253994
vt 0.916321 0.160156
vt 0.847954 0.330510
vt 0.503137 0.052100
vt 0.978692 0.660474
vt 0.212716 0.250000
vt 0.758111 0.754806
vt 0.383933 0.572744
vt 0.916813 0.041450
vt 0.771035 0.183994
vt 0.836598 0.812486
vt 0.039211 0.277696
vt 0.658852 0.920428
vt 0.411814 0.210906
vt 0.657976 0.914253
vt 0.388569 0.822269
vt 0.371498 0.774369
vt 0.423673 0.846324
vt 0.418002 0.857770
vt 0.444084 0.246094
vt 0.703423 0.789776
vt 0.457144 0.529789
vt 0.386504 0.879557
vt 0.863535 0.336133
vt 0.681098 0.878167
vt 0.850993 0.368843
vt 0.306749 0.719016
vt 0.324205 0.666342
vt 0.322239 0.235596
vt 0.155451 0.104604
vt 0.844174 0.124943
vt 0.827235 0.445278
vt 0.952105 0.114657
vt 0.738643 0.214844
vt 0.832329 0.142529
vt 0.743125 0.132970
vt 0.783434 0.624195
vt 0.925179 0.070667
vt 0.768001 0.261719
vt 0.875298 0.182152
vt 0.871390 0.877630
vt 0.097208 0.860454
vt 0.090379 0.822288
vt 0.065383 0.215490
vt 0.888854 0.795844
vt 0.106843 0.780637
vt 0.078191 0.860225
vt 0.142421 0.836668
vt 0.136384 0.815155
vt 0.193140 0.780887
vt 0.187455 0.762288
vt 0.175044 0.749506
vt 0.160262 0.740852
vt 0.104805 0.894194
vt 0.172498 0.861220
vt 0.183569 0.543494
vt 0.914067 0.914893
vt 0.308540 0.040352
vt 0.752446 0.647627
vt 0.133563 0.900589
vt 0.216264 0.861143
vt 0.239096 0.811388
vt 0.248515 0.755099
vt 0.250786 0.816830
vt 0.324687 0.755226
vt 0.326764 0.878762
vt 0.316639 0.203125
vt 0.797173 0.275941
vt 0.352018 0.302573
vt 0.440551 0.070485
vt 0.788911 0.137615
vt 0.811217 0.302042
vt 0.351615 0.338101
vt 0.121499 0.433457
vt 0.316915 0.476974
vt 0.445053 0.430469
vt 0.073760 0.378551
vt 0.049568 0.301760
vt 0.040259 0.341609
vt 0.044080 0.898071
vt 0.348738 0.465228
vt 0.287258 0.187809
vt 0.714467 0.130393
vt 0.859188 0.757041
vt 0.927079 0.755133
vt 0.896325 0.709776
vt 0.860270 0.306099
vt 0.633983 0.745514
vt 0.786581 0.703431
vt 0.797109 0.654532
vt 0.751978 0.178665
vt 0.816246 0.346976
vt 0.854429 0.152697
vt 0.822772 0.253906
vt 0.808892 0.484389
vt 0.509411 0.189567
vt 0.856496 0.195312
vt 0.758111 0.443578
vt 0.544425 0.940303
vt 0.285625 0.399971
vt 0.335104 0.212993
vt 0.869006 0.532410
vt 0.328450 0.399780
vt 0.274194 0.411742
vt 0.206136 0.331904
vt 0.444680 0.363467
vt 0.458066 0.509688
vt 0.330008 0.332955
vt 0.394976 0.662719
vt 0.837897 0.541266
vt 0.587457 0.701132
vt 0.915107 0.579794
vt 0.554650 0.342391
vt 0.251704 0.575750
vt 0.408296 0.557057
vt 0.375307 0.820724
vt 0.915134 0.588693
vt 0.308734 0.337660
vt 0.169282 0.240678
vt 0.229563 0.605973
vt 0.344815 0.625456
vt 0.381102 0.808025
vt 0.788518 0.679787
vt 0.352520 0.425685
vt 0.470165 0.810809
vt 0.851223 0.877345
vt 0.842821 0.167969
vt 0.801079 0.134301
vt 0.826879 0.427476
vt 0.266346 0.462476
vt 0.246151 0.649629
vt 0.283633 0.713762
vt 0.233659 0.190682
vt 0.077044 0.913378
vt 0.093487 0.309400
vt 0.779610 0.245271
vt 0.917251 0.091109
vt 0.947480 0.449962
vt 0.176016 0.727636
vt 0.656316 0.888153
vt 0.141240 0.371242
vt 0.268621 0.261227
vt 0.191144 0.812589
vt 0.122781 0.838186
vt 0.080543 0.132405
vt 0.699332 0.082031
vt 0.679986 0.075755
vt 0.700544 0.300781
vt 0.707329 0.304688
vt 0.734673 0.038397
vt 0.960773 0.400107
vt 0.137171 0.217572
vt 0.057056 0.259679
vt 0.039010 0.379639
vt 0.184756 0.331399
vt 0.300169 0.336058
vt 0.291930 0.493531
vt 0.278886 0.706957
vt 0.182885 0.694328
vt 0.116209 0.405883
vt 0.400718 0.496430
vt 0.349209 0.362967
vt 0.400725 0.450661
vt 0.380853 0.674456
vt 0.260519 0.697704
vt 0.310968 0.325849
vt 0.586641 0.371855
vt 0.628372 0.399326
vt 0.942093 0.397899
vt 0.994628 0.720777
vt 0.341764 0.936552
vt 0.851453 0.945179
vt 0.897181 0.685395
vt 0.986034 0.740898
vt 0.713351 0.806937
vt 0.713921 0.877355
vt 0.721710 0.935540
vt 0.730039 0.935149
vt 0.801324 0.539589
vt 0.427561 0.690790
vt 0.722685 0.757026
vt 0.952751 0.810507
vt 0.987796 0.723185
vt 0.857886 0.749414
vt 0.809995 0.785382
vt 0.853754 0.692661
vt 0.107222 0.925817
vt 0.896754 0.892595
vt 0.940972 0.849027
vt 0.909585 0.836892
vt 0.790933 0.877319
vt 0.751789 0.917727
vt 0.798678 0.692661
vt 0.107222 0.692661
vt 0.107222 0.094209
vt 0.914721 0.111123
vt 0.945517 0.123545
vt 0.922974 0.627373
vt 0.788575 0.615124
vt 0.778696 0.604561
vt 0.714432 0.552302
vt 0.959933 0.639901
vt 0.720271 0.613640
vt 0.731898 0.582339
vt 0.738553 0.627824
vt 0.754082 0.640954
vt 0.748269 0.203373
vt 0.913343 0.010380
vt 0.947359 0.576783
vt 0.959347 0.275017
vt 0.603760 0.292542
vt 0.551834 0.545169
vt 0.780011 0.554378
vt 0.744605 0.574331
vt 0.754246 0.580797
vt 0.855576 0.617300
vt 0.790755 0.420759
vt 0.975378 0.199706
vt 0.996934 0.177808
vt 0.956972 0.490332
vt 0.930203 0.506947
vt 0.956786 0.480928
vt 0.853391 0.325527
vt 0.927873 0.378955
vt 0.885364 0.397509
vt 0.891476 0.520007
vt 0.878491 0.315983
vt 0.663075 0.367168
vt 0.020908 0.411386
vt 0.020961 0.448998
vt 0.020948 0.234540
vt 0.019813 0.278729
vt 0.020239 0.322940
vt 0.020663 0.367219
vt 0.005904 0.411393
vt 0.005957 0.448994
vt 0.005944 0.234670
vt 0.004809 0.278872
vt 0.005235 0.323053
vt 0.005659 0.234540
vt 0.019813 0.190350
vt 0.019474 0.411386
vt 0.020961 0.367168
vt 0.020908 0.322940
vt 0.020663 0.278729
vt 0.020239 0.234670
vt 0.004809 0.190465
vt 0.004470 0.411393
vt 0.005957 0.367219
vt 0.005904 0.323053
vt 0.005659 0.278872
vt 0.005235 0.485495
vt 0.239729 0.414431
vt 0.177800 0.419051
vt 0.151630 0.395145
vt 0.167148 0.377388
vt 0.147719 0.360246
vt 0.126334 0.348304
vt 0.144555 0.316430
vt 0.142668 0.302932
vt 0.125858 0.294231
vt 0.141780 0.276353
vt 0.133839 0.267829
vt 0.162456 0.249174
vt 0.148810 0.256524
vt 0.174351 0.233775
vt 0.181044 0.216866
vt 0.184355 0.226519
vt 0.200796 0.201476
vt 0.207727 0.211192
vt 0.228026 0.193445
vt 0.231714 0.208562
vt 0.250738 0.355433
vt 0.213691 0.445889
vt 0.207819 0.417800
vt 0.223859 0.376995
vt 0.227683 0.395798
vt 0.232066 0.396490
vt 0.216872 0.224019
vt 0.106808 0.248310
vt 0.090836 0.356569
vt 0.085909 0.396037
vt 0.107917 0.333871
vt 0.079317 0.272227
vt 0.082601 0.304784
vt 0.078914 0.243551
vt 0.067454 0.241153
vt 0.044695 0.255368
vt 0.059264 0.288050
vt 0.060732 0.311449
vt 0.062305 0.318803
vt 0.038648 0.328622
vt 0.058502 0.351516
vt 0.058107 0.357798
vt 0.049228 0.365497
vt 0.063635 0.389964
vt 0.081801 0.185284
vt 0.114844 0.175867
vt 0.098304 0.198433
vt 0.102270 0.214909
vt 0.082763 0.371814
vt 0.073690 0.898502
vt 0.044980 0.376239
vt 0.127939 0.872185
vt 0.045896 0.247095
vt 0.127557 0.347077
vt 0.110175 0.861264
vt 0.042749 0.890747
vt 0.046568 0.704322
vt 0.395311 0.484045
vt 0.038052 0.518532
vt 0.037240 0.501696
vt 0.024170 0.519827
vt 0.005967 0.550793
vt 0.043496 0.542432
vt 0.027844 0.576568
vt 0.045674 0.704322
vt 0.395311 0.044867
vt 0.100524 0.017811
vt 0.102211 0.089293
vt 0.066704 0.120692
vt 0.112728 0.677870
vt 0.412427 0.533847
vt 0.054938 0.543955
vt 0.061376 0.488731
vt 0.057462 0.473472
vt 0.058781 0.051602
vt 0.126256 0.557428
vt 0.063142 0.086887
vt 0.118424 0.082237
vt 0.178390 0.116402
vt 0.125661 0.133482
vt 0.126068 0.109935
vt 0.189447 0.184614
vt 0.239487 0.170690
vt 0.225682 0.555727
vt 0.125754 0.517146
vt 0.059683 0.471325
vt 0.010571 0.565123
vt 0.016666 0.710544
vt 0.381176 0.030465
vt 0.068228 0.536948
vt 0.026302 0.688075
vt 0.397195 0.139454
vt 0.081158 0.693320
vt 0.393564 0.706165
vt 0.384081 0.731151
vt 0.377977 0.463126
vt 0.034062 0.150043
vt 0.114720 0.721295
vt 0.457370 0.731151
vt 0.377977 0.048864
vt 0.189308 0.130571
vt 0.204260 0.496464
vt 0.024380 0.482473
vt 0.118947 0.677870
vt 0.412427 0.435539
vt 0.140447 0.609727
vt 0.153063 0.202113
vt 0.257087 0.721295
vt 0.457370 0.520261
vt 0.114502 0.087923
vt 0.104024 0.502478
vt 0.055562 0.104837
vt 0.116438 0.028791
vt 0.130605 0.069472
vt 0.116485 0.507236
vt 0.155755 0.533352
vt 0.171083 0.520080
vt 0.157505 0.034454
vt 0.219732 0.061451
vt 0.207687 0.104791
vt 0.213104 0.082307
vt 0.204788 0.156998
vt 0.257460 0.568913
vt 0.213902 0.549528
vt 0.194354 0.146415
vt 0.244945 0.124641
vt 0.224725 0.495195
vt 0.170889 0.051729
vt 0.257008 0.073927
vt 0.245625 0.087932
vt 0.247473 0.079137
vt 0.241399 0.118083
vt 0.288706 0.103100
vt 0.267545 0.098566
vt 0.259019 431602081.000000
vt -431602080.000000 431602081.000000
vt -431602080.000000 431602081.000000
vt -431602080.000000 0.880868
vt 0.087814 0.807882
vt 0.043993 0.748788
vt 0.650746 0.727682
vt 0.642146 0.704432
vt 0.654003 0.727800
vt 0.613140 0.521821
vt 0.247475 0.898708
vt 0.492426 0.889136
vt 0.005582 0.972350
vt 0.439828 0.896324
vt 0.463685 0.792799
vt 0.042191 0.779903
vt 0.023561 0.798513
vt 0.034717 0.630834
vt 0.123643 0.727757
vt 0.670659 0.949234
vt 0.372768 0.937170
vt 0.349391 0.092017
vt 0.417908 0.103221
vt 0.567687 0.155511
vt 0.507073 0.131016
vt 0.482608 0.220380
vt 0.441427 0.262719
vt 0.400145 0.045867
vt 0.651882 0.067160
vt 0.648955 0.039986
vt 0.600985 0.066204
vt 0.594685 0.065132
vt 0.549740 0.030023
vt 0.585627 0.031043
vt 0.521147 0.021433
vt 0.491642 0.052448
vt 0.595598 0.057115
vt 0.650071 0.025598
vt 0.915730 0.023559
vt 0.859964 0.030737
vt 0.383686 0.007473
vt 0.378251 0.052499
vt 0.323229 0.022867
vt 0.374182 0.140181
vt 0.390612 0.167381
vt 0.375594 0.278669
vt 0.284697 0.275946
vt 0.272597 0.263496
vt 0.269709 0.302787
vt 0.252193 0.049662
vt 0.411337 0.078196
vt 0.417184 0.064637
vt 0.360786 0.059105
vt 0.362013 0.078835
vt 0.365787 0.069352
vt 0.322197 0.240671
vt 0.511556 0.030023
vt 0.585627 0.244311
vt 0.294206 0.039480
vt 0.458951 0.062872
vt 0.468221 0.062872
vt 0.468221 0.092017
vt 0.417908 0.039480
vt 0.458951 0.262031
vt 0.456587 0.015057
vt 0.440568 0.060501
vt 0.411737 0.228735
vt 0.405563 0.211479
vt 0.398381 0.185560
vt 0.427398 0.041186
vt 0.700019 0.169347
vt 0.738958 0.167965
vt 0.697699 0.057620
vt 0.721331 0.104968
vt 0.728481 0.141298
vt 0.735289 0.166751
vt 0.727597 0.130133
vt 0.706473 0.044432
vt 0.706835 0.161604
vt 0.706722 0.077703
vt 0.705738 0.176773
vt 0.716739 0.170051
vt 0.015064 0.937002
vt 0.531817 0.231203
vt 0.570307 0.007766
vt 0.630897 0.275313
vt 0.395993 0.007552
vt 0.491237 0.202960
vt 0.361115 0.106873
vt 0.467202 0.560108
vt 0.689323 0.662664
vt 0.527249 0.592513
vt 0.677343 0.474609
vt 0.696010 0.566938
vt 0.265303 0.247110
vt 0.335550 0.636959
vt 0.143685 0.008492
vt 0.754954 0.050677
vt 0.809765 0.035265
vt 0.681227 0.902886
vt 0.970298 0.833946
vt 0.983176 0.701983
vt 0.989088 0.584894
vt 0.619450 0.622858
vt 0.985024 0.020551
vt 0.706909 0.098578
vt 0.058342 0.991351
vt 0.120008 0.211103
vt 0.049104 0.011581
vt 0.723159 0.647228
vt 0.681354 0.555055
vt 0.619454 0.862219
vt 0.496845 0.195286
vt 0.543389 0.182325
vt 0.525115 0.003951
vt 0.579235 0.909150
vt 0.525095 0.577100
vt 0.760719 0.398373
vt 0.689461 0.841187
vt 0.653171 0.409934
vt 0.414926 0.363102
vt 0.416169 0.751323
vt 0.266315 0.704120
vt 0.245938 0.691592
vt 0.181671 0.338383
vt 0.759071 0.596387
vt 0.765839 0.647228
vt 0.681354 0.635032
vt 0.646157 0.938080
vt 0.630399 0.889680
vt 0.604843 0.764668
vt 0.677814 0.595803
vt 0.796214 0.530405
vt 0.838790 0.509931
vt 0.775651 0.492686
vt 0.784931 0.760856
vt 0.629661 0.502712
vt 0.682070 0.685428
vt 0.636351 0.509931
vt 0.775651 0.988168
vt 0.629061 0.429909
vt 0.846596 0.360066
vt 0.814657 0.754633
vt 0.676835 0.942649
vt 0.202603 0.938955
vt 0.167672 0.971111
vt 0.234644 0.308594
vt 0.840142 0.438597
vt 0.884289 0.285939
vt 0.321980 0.386284
vt 0.538547 0.185911
vt 0.992210 0.137605
vt 0.993925 0.515979
vt 0.288369 0.170760
vt 0.933464 0.541155
vt 0.943034 0.287842
vt 0.887142 0.512363
vt 0.553869 0.541968
vt 0.464915 0.658636
vt 0.903235 0.383399
vt 0.951329 0.643557
vt 0.964920 0.558841
vt 0.520140 0.030998
vt 0.922101 0.138804
vt 0.962381 0.165061
vt 0.946090 0.130591
vt 0.909983 0.053727
vt 0.918756 0.094621
vt 0.901379 0.498063
vt 0.909200 0.910655
vt 0.143937 0.913642
vt 0.102964 0.695927
vt 0.675594 0.330765
vt 0.746458 0.988907
vt 0.227553 0.313633
vt 0.277758 0.228511
vt 0.981498 0.198964
vt 0.958333 0.531879
vt 0.847848 0.965290
vt 0.844308 0.975734
vt 0.899113 0.988717
vt 0.939175 0.653484
vt 0.709468 0.742459
vt 0.683209 0.808006
vt 0.677680 0.885348
vt 0.691940 0.941272
vt 0.698647 0.960005
vt 0.710970 0.962288
vt 0.782592 0.695072
vt 0.683424 0.678793
vt 0.507263 0.736422
vt 0.485504 0.794247
vt 0.506495 0.715609
vt 0.014105 0.763516
vt 0.048744 0.600583
vt 0.081297 0.617140
vt 0.030586 0.667612
vt 0.013899 0.617140
vt 0.030586 0.667612
vt 0.013899 0.715609
vt 0.014105 0.763516
vt 0.048744 0.600583
vt 0.081297 0.715609
vt 0.014105 0.763516
vt 0.048744 0.600583
vt 0.081297 0.617140
vt 0.030586 0.667612
vt 0.013899 0.601130
vt 0.987142 0.118878
vt 0.980446 0.635437
vt 0.693086 0.539280
vt 0.713410 0.246601
vt 0.985036 0.261922
vt 0.952826 0.581968
vt 0.804697 0.640493
vt 0.814338 0.340112
vt 0.938105 0.606590
vt 0.814340 0.447001
vt 0.991093 0.492615
vt 0.838065 0.363862
vt 0.705433 0.408146
vt 0.669032 0.479130
vt 0.992547 0.526120
vt 0.981268 0.531629
vt 0.924512 0.389533
vt 0.850693 0.340158
vt 0.808176 0.405626
vt 0.859754 0.357000
vt 0.911644 0.443407
vt 0.588669 0.403101
vt 0.598669 0.190465
vt 0.004470 0.190350
vt 0.019474 0.587368
vt 0.409627 0.655052
vt 0.409036 0.689405
vt 0.467357 0.656075
vt 0.526268 0.588391
vt 0.526859 0.554037
vt 0.468538 0.448994
vt 0.005944 0.448998
vt 0.020948 0.588391
vt 0.409036 0.656075
vt 0.409627 0.689405
vt 0.468538 0.655052
vt 0.526859 0.587368
vt 0.526268 0.554037
vt 0.467357 0.370305
vt 0.200052 0.312612
vt 0.240135 0.337881
vt 0.204558 0.443078
vt 0.189115 0.237337
vt 0.256473 0.332997
vt 0.186785 0.273923
vt 0.201838 0.300325
vt 0.188013 0.257105
vt 0.232857 0.472226
vt 0.194301 0.256006
vt 0.258925 0.269539
vt 0.111772 0.329595
vt 0.102916 0.227829
vt 0.154043 0.204998
vt 0.138662 0.305686
vt 0.105327 0.281377
vt 0.108862 0.161302
vt 0.117602 0.916902
vt 0.046502 0.856621
vt 0.036710 0.847471
vt 0.015414 0.941709
vt 0.091080 0.941739
vt 0.044535 0.114808
vt 0.091961 0.723757
vt 0.371116 0.707416
vt 0.357554 0.710544
vt 0.381176 0.067582
vt 0.088146 0.706165
vt 0.384081 0.688987
vt 0.371934 0.693320
vt 0.393564 0.688075
vt 0.397195 0.670341
vt 0.387830 0.676178
vt 0.408043 0.062582
vt 0.088829 0.710544
vt 0.381176 0.723757
vt 0.371116 0.707416
vt 0.357554 0.110040
vt 0.090395 0.451781
vt 0.050794 0.706165
vt 0.384081 0.693320
vt 0.393564 0.688987
vt 0.371934 0.670341
vt 0.387830 0.676178
vt 0.408043 0.009246
vt 0.118506 0.156921
vt 0.122743 0.723757
vt 0.371116 0.710544
vt 0.381176 0.676178
vt 0.408043 0.159847
vt 0.207429 0.580237
vt 0.056963 0.008940
vt 0.214159 0.172890
vt 0.277259 0.737260
vt 0.463107 0.752749
vt 0.456567 0.710544
vt 0.381176 0.706165
vt 0.384081 0.688075
vt 0.397195 0.676178
vt 0.408043 0.760987
vt 0.438980 0.745231
vt 0.459806 0.760987
vt 0.438980 0.723757
vt 0.371116 0.752749
vt 0.456567 0.760987
vt 0.438980 0.760987
vt 0.438980 0.760987
vt 0.438980 0.486794
vt 0.189337 0.626313
vt 0.168528 0.588986
vt 0.132558 0.693320
vt 0.393564 0.688075
vt 0.397195 0.688075
vt 0.397195 0.760987
vt 0.438980 0.138124
vt 0.309219 0.535869
vt 0.232223 0.541004
vt 0.253833 0.558950
vt 0.220310 0.490718
vt 0.210068 0.515813
vt 0.268830 0.953137
vt 0.031160 0.946385
vt 0.020167 0.875857
vt 0.030959 0.986612
vt 0.381966 0.998129
vt 0.445629 0.972350
vt 0.439828 0.509831
vt 0.218877 0.690833
vt 0.645695 0.693262
vt 0.661229 0.489696
vt 0.198546 0.898708
vt 0.492426 0.560157
vt 0.251494 0.609346
vt 0.141307 0.629537
vt 0.105237 0.429316
vt 0.647806 0.468719
vt 0.613759 0.438803
vt 0.595707 0.602875
vt 0.093627 0.505242
vt 0.584598 0.643918
vt 0.113570 0.897507
vt 0.102849 0.034150
vt 0.487026 0.050544
vt 0.500407 0.064675
vt 0.517576 0.153016
vt 0.593689 0.142326
vt 0.585793 0.032073
vt 0.667759 0.009708
vt 0.656551 0.033947
vt 0.636995 0.077104
vt 0.619964 0.087489
vt 0.553271 0.071032
vt 0.536686 0.173761
vt 0.328978 0.185823
vt 0.356915 0.241303
vt 0.309818 0.269529
vt 0.510159 0.262031
vt 0.456587 0.031043
vt 0.521147 0.098644
vt 0.641355 0.037158
vt 0.440564 0.003488
vt 0.447191 0.092017
vt 0.417908 0.092017
vt 0.417908 0.244311
vt 0.294206 0.234815
vt 0.273974 0.244311
vt 0.294206 0.241303
vt 0.309818 0.278669
vt 0.284697 0.244311
vt 0.294206 0.234815
vt 0.273974 0.263496
vt 0.269709 0.062872
vt 0.468221 0.060501
vt 0.411737 0.039480
vt 0.458951 0.177422
vt 0.716414 0.090804
vt 0.008036 0.129428
vt 0.006483 0.005234
vt 0.053604 0.010929
vt 0.042993 0.153056
vt 0.004858 0.040340
vt 0.020248 0.946076
vt 0.075415 0.965108
vt 0.037537 0.946764
vt 0.108662 0.995568
vt 0.026171 0.946236
vt 0.135568 0.937327
vt 0.152355 0.952250
vt 0.161454 0.997041
vt 0.179787 0.338383
vt 0.759071 0.422082
vt 0.763292 0.596387
vt 0.765839 0.635032
vt 0.646157 0.685428
vt 0.636351 0.938080
vt 0.630399 0.889680
vt 0.604843 0.764668
vt 0.677814 0.459614
vt 0.742457 0.503078
vt 0.712609 0.474609
vt 0.696010 0.517211
vt 0.584714 0.680270
vt 0.585828 0.662664
vt 0.527249 0.592513
vt 0.677343 0.629354
vt 0.646815 0.560108
vt 0.689323 0.595803
vt 0.796214 0.530405
vt 0.838790 0.492686
vt 0.784931 0.509931
vt 0.775651 0.760856
vt 0.629661 0.502712
vt 0.682070 0.680849
vt 0.709057 0.685428
vt 0.636351 0.509931
vt 0.775651 0.760856
vt 0.629661 0.988168
vt 0.629061 0.889680
vt 0.604843 0.429909
vt 0.846596 0.427350
vt 0.778277 0.382433
vt 0.823413 0.360066
vt 0.814657 0.754633
vt 0.676835 0.050677
vt 0.809765 0.012549
vt 0.785049 0.960739
vt 0.283345 0.957140
vt 0.332624 0.231203
vt 0.570307 0.942649
vt 0.202603 0.938955
vt 0.167672 0.636959
vt 0.143685 0.971111
vt 0.234644 0.115103
vt 0.869674 0.308594
vt 0.840142 0.219378
vt 0.608544 0.157486
vt 0.643328 0.183007
vt 0.616865 0.637638
vt 0.213901 0.008492
vt 0.754954 0.438597
vt 0.884289 0.292735
vt 0.491157 0.104604
vt 0.844174 0.918657
vt 0.427221 0.010315
vt 0.733045 0.902886
vt 0.970298 0.960507
vt 0.954388 0.247110
vt 0.335550 0.275941
vt 0.352018 0.285939
vt 0.321980 0.833946
vt 0.983176 0.584894
vt 0.619450 0.610301
vt 0.585445 0.386284
vt 0.538547 0.185911
vt 0.992210 0.137605
vt 0.993925 0.515979
vt 0.288369 0.302573
vt 0.440551 0.301552
vt 0.396471 0.131427
vt 0.898924 0.170760
vt 0.933464 0.619491
vt 0.240291 0.566938
vt 0.265303 0.541155
vt 0.943034 0.287842
vt 0.887142 0.512363
vt 0.553869 0.541968
vt 0.464915 0.658636
vt 0.903235 0.254158
vt 0.539177 0.802131
vt 0.483594 0.383399
vt 0.951329 0.445278
vt 0.952105 0.685395
vt 0.986034 0.643557
vt 0.964920 0.558841
vt 0.520140 0.030998
vt 0.922101 0.701983
vt 0.989088 0.810507
vt 0.987796 0.138804
vt 0.962381 0.130591
vt 0.909983 0.165061
vt 0.946090 0.053727
vt 0.918756 0.094621
vt 0.901379 0.498063
vt 0.909200 0.913642
vt 0.102964 0.910655
vt 0.143937 0.695927
vt 0.675594 0.330765
vt 0.746458 0.988907
vt 0.227553 0.015682
vt 0.699931 0.035265
vt 0.681227 0.078564
vt 0.662497 0.313633
vt 0.277758 0.228511
vt 0.981498 0.198964
vt 0.958333 0.531879
vt 0.847848 0.622764
vt 0.859272 0.624195
vt 0.925179 0.965290
vt 0.844308 0.975734
vt 0.899113 0.988717
vt 0.939175 0.653484
vt 0.709468 0.742459
vt 0.683209 0.808006
vt 0.677680 0.885348
vt 0.691940 0.941272
vt 0.698647 0.960005
vt 0.710970 0.962288
vt 0.782592 0.695072
vt 0.683424 0.678793
vt 0.507263 0.736422
vt 0.485504 0.735444
vt 0.601174 0.794247
vt 0.506495 0.715609
vt 0.014105 0.763516
vt 0.048744 0.600583
vt 0.081297 0.617140
vt 0.030586 0.667612
vt 0.013899 0.617140
vt 0.030586 0.667612
vt 0.013899 0.715609
vt 0.014105 0.763516
vt 0.048744 0.600583
vt 0.081297 0.715609
vt 0.014105 0.763516
vt 0.048744 0.600583
vt 0.081297 0.617140
vt 0.030586 0.667612
vt 0.013899 0.601130
vt 0.987142 0.622858
vt 0.985024 0.118878
vt 0.980446 0.635437
vt 0.693086 0.539280
vt 0.713410 0.261922
vt 0.952826 0.246601
vt 0.985036 0.581968
vt 0.804697 0.640493
vt 0.814338 0.340112
vt 0.938105 0.606590
vt 0.814340 0.447001
vt 0.991093 0.492615
vt 0.838065 0.363862
vt 0.705433 0.408146
vt 0.669032 0.479130
vt 0.992547 0.526120
vt 0.981268 0.531629
vt 0.924512 0.389533
vt 0.850693 0.340158
vt 0.808176 0.405626
vt 0.859754 0.357000
vt 0.911644 0.443407
vt 0.588669 0.403101
vt 0.598669 0.190350
vt 0.019474 0.190465
vt 0.004470 0.587368
vt 0.409627 0.689405
vt 0.467357 0.655052
vt 0.409036 0.588391
vt 0.526859 0.656075
vt 0.526268 0.554037
vt 0.468538 0.448998
vt 0.020948 0.448994
vt 0.005944 0.588391
vt 0.409036 0.689405
vt 0.468538 0.656075
vt 0.409627 0.587368
vt 0.526268 0.655052
vt 0.526859 0.554037
vt 0.467357 0.370305
vt 0.200052 0.312612
vt 0.240135 0.337881
vt 0.204558 0.443078
vt 0.189115 0.237337
vt 0.256473 0.332997
vt 0.186785 0.273923
vt 0.201838 0.300325
vt 0.188013 0.257105
vt 0.232857 0.472226
vt 0.194301 0.256006
vt 0.258925 0.269539
vt 0.111772 0.329595
vt 0.102916 0.204998
vt 0.138662 0.227829
vt 0.154043 0.281377
vt 0.108862 0.305686
vt 0.105327 0.161302
vt 0.117602 0.916902
vt 0.046502 0.856621
vt 0.036710 0.847471
vt 0.015414 0.941709
vt 0.091080 0.941739
vt 0.044535 0.114808
vt 0.091961 0.723757
vt 0.371116 0.710544
vt 0.381176 0.707416
vt 0.357554 0.067582
vt 0.088146 0.706165
vt 0.384081 0.693320
vt 0.393564 0.688987
vt 0.371934 0.688075
vt 0.397195 0.676178
vt 0.408043 0.670341
vt 0.387830 0.062582
vt 0.088829 0.710544
vt 0.381176 0.723757
vt 0.371116 0.707416
vt 0.357554 0.110040
vt 0.090395 0.451781
vt 0.050794 0.706165
vt 0.384081 0.693320
vt 0.393564 0.688987
vt 0.371934 0.676178
vt 0.408043 0.670341
vt 0.387830 0.009246
vt 0.118506 0.156921
vt 0.122743 0.723757
vt 0.371116 0.710544
vt 0.381176 0.676178
vt 0.408043 0.159847
vt 0.207429 0.580237
vt 0.056963 0.008940
vt 0.214159 0.172890
vt 0.277259 0.752749
vt 0.456567 0.737260
vt 0.463107 0.710544
vt 0.381176 0.706165
vt 0.384081 0.688075
vt 0.397195 0.676178
vt 0.408043 0.760987
vt 0.438980 0.760987
vt 0.438980 0.745231
vt 0.459806 0.723757
vt 0.371116 0.760987
vt 0.438980 0.752749
vt 0.456567 0.760987
vt 0.438980 0.760987
vt 0.438980 0.486794
vt 0.189337 0.626313
vt 0.168528 0.588986
vt 0.132558 0.693320
vt 0.393564 0.688075
vt 0.397195 0.688075
vt 0.397195 0.760987
vt 0.438980 0.138124
vt 0.309219 0.535869
vt 0.232223 0.541004
vt 0.253833 0.558950
vt 0.220310 0.515813
vt 0.268830 0.490718
vt 0.210068 0.953137
vt 0.031160 0.946385
vt 0.020167 0.875857
vt 0.030959 0.986612
vt 0.381966 0.972350
vt 0.439828 0.998129
vt 0.445629 0.509831
vt 0.218877 0.693262
vt 0.661229 0.690833
vt 0.645695 0.489696
vt 0.198546 0.898708
vt 0.492426 0.560157
vt 0.251494 0.609346
vt 0.141307 0.629537
vt 0.105237 0.429316
vt 0.647806 0.438803
vt 0.595707 0.468719
vt 0.613759 0.602875
vt 0.093627 0.505242
vt 0.584598 0.643918
vt 0.113570 0.897507
vt 0.102849 0.034150
vt 0.487026 0.050544
vt 0.500407 0.081953
vt 0.480341 0.064675
vt 0.517576 0.114748
vt 0.434865 0.222790
vt 0.556091 0.153016
vt 0.593689 0.142326
vt 0.585793 0.032073
vt 0.667759 0.009708
vt 0.656551 0.007766
vt 0.630897 0.033947
vt 0.636995 0.003951
vt 0.579235 0.077104
vt 0.619964 0.087489
vt 0.553271 0.071032
vt 0.536686 0.106873
vt 0.467202 0.173761
vt 0.328978 0.241303
vt 0.309818 0.185823
vt 0.356915 0.249598
vt 0.461072 0.157905
vt 0.423941 0.244123
vt 0.412144 0.197568
vt 0.396266 0.289864
vt 0.442929 0.269529
vt 0.510159 0.262031
vt 0.456587 0.275313
vt 0.395993 0.259691
vt 0.354271 0.006048
vt 0.516050 0.031043
vt 0.521147 0.007552
vt 0.491237 0.006454
vt 0.467502 0.098644
vt 0.641355 0.007536
vt 0.862967 0.003840
vt 0.918035 0.011367
vt 0.800295 0.037158
vt 0.440564 0.003488
vt 0.447191 0.162058
vt 0.405183 0.092017
vt 0.417908 0.187388
vt 0.382718 0.202960
vt 0.361115 0.244311
vt 0.294206 0.234815
vt 0.273974 0.244311
vt 0.294206 0.278669
vt 0.284697 0.241303
vt 0.309818 0.244311
vt 0.294206 0.234815
vt 0.273974 0.263496
vt 0.269709 0.062872
vt 0.468221 0.039480
vt 0.458951 0.060501
vt 0.411737 0.221432
vt 0.366181 0.011581
vt 0.723159 0.020551
vt 0.706909 0.177422
vt 0.716414 0.090804
vt 0.008036 0.129428
vt 0.006483 0.098578
vt 0.058342 0.005234
vt 0.053604 0.010929
vt 0.042993 0.153056
vt 0.004858 0.040340
vt 0.020248 0.190962
vt 0.059440 0.211103
vt 0.049104 0.946076
vt 0.075415 0.965108
vt 0.037537 0.991351
vt 0.120008 0.946764
vt 0.108662 0.995568
vt 0.026171 0.946236
vt 0.135568 0.952250
vt 0.161454 0.937327
vt 0.152355 0.997041
vt 0.179787 1.000000

f 42/42 43/43 46/46
f 46/46 45/45 42/42
f 78/78 46/46 43/43
f 43/43 585/585 78/78
f 45/45 44/44 42/42
f 47/47 75/75 49/49
f 1194/1194 572/572 590/590
f 73/73 1195/1195 589/589
f 49/49 75/75 74/74
f 1196/1196 76/76 1197/1197
f 1198/1198 50/50 1199/1199
f 74/74 1200/1200 49/49
f 67/67 631/631 77/77
f 1162/1162 569/569 53/53
f 571/571 1160/1160 52/52
f 1161/1161 570/570 51/51
f 1159/1159 1161/1161 586/586
f 1161/1161 51/51 586/586
f 76/76 571/571 1197/1197
f 571/571 52/52 1197/1197
f 572/572 1162/1162 590/590
f 1162/1162 53/53 590/590
f 1209/1209 72/72 60/60
f 60/60 59/59 1209/1209
f 60/60 1199/1199 61/61
f 1199/1199 60/60 72/72
f 60/60 563/563 59/59
f 61/61 563/563 60/60
f 1159/1159 586/586 48/48
f 1210/1210 588/588 632/632
f 632/632 79/79 1210/1210
f 77/77 79/79 632/632
f 632/632 67/67 77/77
f 1418/1418 1419/1419 539/539
f 564/564 539/539 1419/1419
f 1419/1419 1420/1420 564/564
f 637/637 540/540 539/539
f 539/539 564/564 637/637
f 536/536 1421/1421 36/36
f 500/500 1422/1422 587/587
f 587/587 501/501 500/500
f 1423/1423 1154/1154 1424/1424
f 541/541 1418/1418 539/539
f 1154/1154 1423/1423 1425/1425
f 1425/1425 1184/1184 1154/1154
f 500/500 1426/1426 1422/1422
f 1184/1184 1425/1425 510/510
f 1427/1427 1158/1158 1428/1428
f 1158/1158 1427/1427 502/502
f 1429/1429 1430/1430 1431/1431
f 502/502 500/500 501/501
f 503/503 536/536 639/639
f 36/36 639/639 536/536
f 536/536 503/503 587/587
f 587/587 503/503 501/501
f 547/547 502/502 503/503
f 501/501 503/503 502/502
f 568/568 1158/1158 547/547
f 502/502 547/547 1158/1158
f 41/41 545/545 503/503
f 503/503 639/639 41/41
f 545/545 546/546 547/547
f 547/547 503/503 545/545
f 638/638 568/568 547/547
f 547/547 546/546 638/638
f 542/542 1432/1432 634/634
f 1432/1432 1433/1433 533/533
f 504/504 634/634 1155/1155
f 634/634 504/504 542/542
f 1155/1155 37/37 504/504
f 507/507 514/514 513/513
f 514/514 507/507 505/505
f 513/513 509/509 507/507
f 1427/1427 1426/1426 500/500
f 1427/1427 500/500 502/502
f 566/566 1184/1184 511/511
f 534/534 1434/1434 1184/1184
f 1156/1156 566/566 512/512
f 511/511 512/512 566/566
f 512/512 38/38 1156/1156
f 508/508 509/509 513/513
f 513/513 506/506 508/508
f 506/506 513/513 514/514
f 1426/1426 1435/1435 1422/1422
f 516/516 515/515 39/39
f 635/635 39/39 515/515
f 39/39 636/636 516/516
f 518/518 520/520 543/543
f 1436/1436 543/543 517/517
f 520/520 518/518 519/519
f 517/517 520/520 519/519
f 518/518 543/543 1437/1437
f 520/520 517/517 543/543
f 521/521 1438/1438 40/40
f 584/584 40/40 1439/1439
f 567/567 522/522 521/521
f 521/521 40/40 567/567
f 522/522 567/567 1157/1157
f 1431/1431 1440/1440 1429/1429
f 1440/1440 1441/1441 1429/1429
f 523/523 524/524 535/535
f 1442/1442 1443/1443 1444/1444
f 1445/1445 525/525 1446/1446
f 1447/1447 535/535 524/524
f 524/524 523/523 526/526
f 1447/1447 524/524 526/526
f 527/527 537/537 544/544
f 544/544 538/538 528/528
f 1448/1448 1449/1449 1450/1450
f 529/529 530/530 527/527
f 527/527 544/544 529/529
f 531/531 529/529 528/528
f 544/544 528/528 529/529
f 530/530 529/529 532/532
f 529/529 531/531 532/532
f 41/41 565/565 545/545
f 545/545 565/565 546/546
f 546/546 565/565 638/638
f 61/61 62/62 563/563
f 563/563 62/62 59/59
f 640/640 644/644 641/641
f 644/644 640/640 643/643
f 1181/1181 641/641 644/644
f 641/641 1181/1181 1185/1185
f 643/643 640/640 642/642
f 645/645 647/647 1188/1188
f 1466/1466 1187/1187 1467/1467
f 669/669 1186/1186 1468/1468
f 647/647 670/670 1188/1188
f 1179/1179 1469/1469 1470/1470
f 1471/1471 1472/1472 648/648
f 670/670 647/647 1473/1473
f 1474/1474 671/671 1475/1475
f 1476/1476 651/651 1477/1477
f 1478/1478 650/650 1479/1479
f 1480/1480 649/649 1481/1481
f 1482/1482 1180/1180 1480/1480
f 1480/1480 1180/1180 649/649
f 1470/1470 1469/1469 1478/1478
f 1478/1478 1469/1469 650/650
f 1467/1467 1187/1187 1476/1476
f 1476/1476 1187/1187 651/651
f 1493/1493 658/658 668/668
f 658/658 1493/1493 657/657
f 658/658 659/659 1494/1494
f 1494/1494 668/668 658/658
f 658/658 657/657 1152/1152
f 659/659 658/658 1152/1152
f 1482/1482 646/646 1180/1180
f 1495/1495 1496/1496 1497/1497
f 1496/1496 1495/1495 672/672
f 671/671 1496/1496 672/672
f 1496/1496 671/671 1474/1474
f 1746/1746 1130/1130 1747/1747
f 1748/1748 1747/1747 1130/1130
f 1747/1747 1748/1748 1749/1749
f 1750/1750 1130/1130 1131/1131
f 1130/1130 1750/1750 1748/1748
f 1182/1182 1751/1751 1752/1752
f 1092/1092 1183/1183 1753/1753
f 1183/1183 1092/1092 1093/1093
f 1754/1754 1755/1755 1756/1756
f 1132/1132 1130/1130 1746/1746
f 1756/1756 1757/1757 1754/1754
f 1757/1757 1756/1756 1758/1758
f 1092/1092 1753/1753 1759/1759
f 1758/1758 1102/1102 1757/1757
f 1760/1760 1761/1761 1762/1762
f 1762/1762 1094/1094 1760/1760
f 1763/1763 1764/1764 1765/1765
f 1094/1094 1093/1093 1092/1092
f 1095/1095 1766/1766 1182/1182
f 1751/1751 1182/1182 1766/1766
f 1182/1182 1183/1183 1095/1095
f 1183/1183 1093/1093 1095/1095
f 1138/1138 1095/1095 1094/1094
f 1093/1093 1094/1094 1095/1095
f 1767/1767 1138/1138 1762/1762
f 1094/1094 1762/1762 1138/1138
f 1768/1768 1095/1095 1136/1136
f 1095/1095 1768/1768 1766/1766
f 1136/1136 1138/1138 1137/1137
f 1138/1138 1136/1136 1095/1095
f 1769/1769 1138/1138 1767/1767
f 1138/1138 1769/1769 1137/1137
f 1133/1133 1770/1770 1771/1771
f 1771/1771 1125/1125 1772/1772
f 1096/1096 1773/1773 1770/1770
f 1770/1770 1133/1133 1096/1096
f 1773/1773 1096/1096 1774/1774
f 1099/1099 1105/1105 1106/1106
f 1106/1106 1097/1097 1099/1099
f 1105/1105 1099/1099 1101/1101
f 1760/1760 1092/1092 1759/1759
f 1760/1760 1094/1094 1092/1092
f 1775/1775 1103/1103 1758/1758
f 1126/1126 1758/1758 1776/1776
f 1777/1777 1104/1104 1775/1775
f 1103/1103 1775/1775 1104/1104
f 1104/1104 1777/1777 1778/1778
f 1100/1100 1105/1105 1101/1101
f 1105/1105 1100/1100 1098/1098
f 1098/1098 1106/1106 1105/1105
f 1759/1759 1753/1753 1779/1779
f 1108/1108 1780/1780 1107/1107
f 1781/1781 1107/1107 1780/1780
f 1780/1780 1108/1108 1782/1782
f 1110/1110 1134/1134 1112/1112
f 1783/1783 1109/1109 1134/1134
f 1112/1112 1111/1111 1110/1110
f 1109/1109 1111/1111 1112/1112
f 1110/1110 1784/1784 1134/1134
f 1112/1112 1134/1134 1109/1109
f 1113/1113 1785/1785 1091/1091
f 1750/1750 1786/1786 1785/1785
f 1787/1787 1113/1113 1114/1114
f 1113/1113 1787/1787 1785/1785
f 1114/1114 1788/1788 1787/1787
f 1764/1764 1763/1763 1789/1789
f 1789/1789 1763/1763 1790/1790
f 1115/1115 1127/1127 1116/1116
f 1791/1791 1792/1792 1793/1793
f 1794/1794 1795/1795 1117/1117
f 1796/1796 1116/1116 1127/1127
f 1116/1116 1118/1118 1115/1115
f 1796/1796 1118/1118 1116/1116
f 1119/1119 1135/1135 1128/1128
f 1135/1135 1120/1120 1129/1129
f 1797/1797 1798/1798 1799/1799
f 1121/1121 1119/1119 1122/1122
f 1119/1119 1121/1121 1135/1135
f 1123/1123 1120/1120 1121/1121
f 1135/1135 1121/1121 1120/1120
f 1122/1122 1124/1124 1121/1121
f 1121/1121 1124/1124 1123/1123
f 1768/1768 1136/1136 1800/1800
f 1136/1136 1137/1137 1800/1800
f 1137/1137 1769/1769 1800/1800
f 659/659 1152/1152 660/660
f 1152/1152 657/657 660/660
f 6/6 1/1 3/3
f 2/2 3/3 5/5
f 4/4 6/6 7/7
f 4/4 5/5 9/9
f 11/11 8/8 9/9
f 10/10 11/11 12/12
f 13/13 14/14 12/12
f 15/15 13/13 16/16
f 17/17 18/18 16/16
f 19/19 17/17 20/20
f 21/21 22/22 20/20
f 23/23 21/21 24/24
f 25/25 26/26 24/24
f 27/27 25/25 28/28
f 29/29 30/30 28/28
f 31/31 29/29 32/32
f 33/33 34/34 32/32
f 35/35 33/33 326/326
f 320/320 326/326 327/327
f 321/321 327/327 328/328
f 322/322 328/328 329/329
f 323/323 329/329 330/330
f 324/324 330/330 325/325
f 319/319 325/325 338/338
f 332/332 338/338 339/339
f 333/333 339/339 340/340
f 334/334 340/340 341/341
f 335/335 341/341 342/342
f 336/336 342/342 337/337
f 331/331 337/337 596/596
f 596/596 601/601 598/598
f 598/598 597/597 600/600
f 601/601 599/599 602/602
f 600/600 599/599 604/604
f 603/603 606/606 604/604
f 606/606 605/605 607/607
f 609/609 608/608 607/607
f 608/608 610/610 611/611
f 613/613 612/612 611/611
f 612/612 614/614 615/615
f 617/617 616/616 615/615
f 616/616 618/618 619/619
f 621/621 620/620 619/619
f 620/620 622/622 623/623
f 625/625 624/624 623/623
f 624/624 626/626 627/627
f 629/629 628/628 627/627
f 628/628 630/630 918/918
f 918/918 912/912 919/919
f 919/919 913/913 920/920
f 920/920 914/914 921/921
f 921/921 915/915 922/922
f 922/922 916/916 917/917
f 917/917 911/911 930/930
f 930/930 924/924 931/931
f 931/931 925/925 932/932
f 932/932 926/926 933/933
f 933/933 927/927 934/934
f 934/934 928/928 929/929
