# MOD converted: m243.mod
# 2158 verts, 994 faces

v 197.346817 -25.843245 0.642752
v 204.803345 -21.373653 -13.184012
v 205.785233 -24.555944 -14.176676
v 198.522369 -38.010857 -22.717154
v 206.634064 -29.747152 -0.584856
v 247.514496 -16.626566 -12.106379
v 246.377319 -16.646255 -13.723711
v 251.190582 -37.847637 -7.786078
v 206.981125 -66.310173 -12.650805
v 208.043839 -60.606331 -7.454216
v 214.379623 -62.725376 -10.836104
v 226.337875 -61.870514 -14.463083
v 229.801102 -63.866379 -23.207863
v 224.855652 -51.200661 -14.459566
v 245.070190 -57.670689 -24.209164
v 242.319427 -39.438522 -24.354563
v 210.198883 -42.852921 -25.344725
v 202.646271 -45.549847 -23.431932
v 218.830551 -24.915730 -28.234356
v 223.584732 -41.442635 -21.782276
v 234.936127 -19.089674 -14.547616
v 214.315369 -13.982115 0.873307
v 213.428604 -9.846974 0.397444
v 231.249557 -7.063442 -14.943145
v 200.241165 -48.125004 -16.596466
v 185.224579 -45.129665 -17.170235
v 198.515717 -44.266121 -13.933833
v 188.972504 -48.118595 -8.803900
v 201.454544 -66.375427 -21.710302
v 204.121643 -58.059040 -13.190872
v 201.270477 -62.313171 -9.129123
v 183.852127 -58.941357 -8.183361
v 185.472672 -60.694324 -6.147523
v 191.854645 -61.607594 -16.911545
v 201.000687 -56.207890 -22.220167
v 211.523239 -50.935387 -10.681488
v 189.562653 -60.908772 -13.436855
v 183.954773 -43.389290 -7.708642
v 181.195908 -55.921963 14.028214
v 206.704315 -25.787968 14.289141
v 199.483795 -39.299641 22.975004
v 208.177277 -31.815861 -1.720009
v 253.805634 -37.006123 10.938175
v 247.155640 -17.689590 10.307467
v 252.002197 -38.935642 4.815305
v 207.406723 -66.880692 -1.730903
v 214.029404 -66.919006 -1.705184
v 210.678177 -68.851219 10.092367
v 208.811966 -61.636024 4.310951
v 214.776978 -63.258038 6.943303
v 226.938354 -62.675472 10.133875
v 230.631851 -64.979996 -2.303448
v 228.618622 -68.681877 20.299248
v 226.325073 -53.170433 -2.570771
v 246.227386 -61.450455 9.661489
v 245.884857 -58.762764 21.179947
v 243.852417 -41.493507 23.179020
v 211.804291 -45.004993 24.427999
v 204.327316 -47.803288 23.300093
v 220.408905 -27.031506 26.260113
v 225.425247 -43.909870 21.102358
v 236.384521 -21.031267 15.763196
v 215.339096 -15.354427 14.022086
v 201.219452 -49.436390 16.946369
v 186.357468 -46.648308 16.699499
v 199.659622 -45.799564 13.778530
v 189.908478 -49.373268 -1.417698
v 201.331650 -69.473656 6.192900
v 201.961029 -67.054405 19.588253
v 205.516464 -59.928822 10.931005
v 202.085190 -63.405289 8.372278
v 184.443222 -59.733727 7.165190
v 185.991058 -61.389221 -0.687740
v 187.381027 -63.757572 -0.522405
v 183.471283 -63.022316 4.630153
v 192.218674 -62.095547 15.197251
v 202.085129 -57.661606 20.239491
v 212.957291 -52.857742 9.352678
v 190.239288 -61.815807 14.049445
v 184.883118 -44.633720 7.412215
v 181.706619 -56.606556 -0.293683
v 180.825500 -59.944107 -69.252052
v 187.610931 -20.895931 -69.184982
v 185.450439 -24.199665 -69.187363
v 183.678375 -26.544163 -67.319580
v 190.268265 -20.980503 -67.921310
v 185.142914 -27.591362 -67.836105
v 187.626648 -24.016912 -71.786377
v 181.005676 -25.857552 -70.124702
v 181.913116 -28.084385 -73.378731
v 178.262115 -26.519808 -66.715813
v 186.746216 -21.100838 -67.655754
v 184.792603 -23.352907 -67.678612
v 183.041748 -26.050278 -69.746597
v 180.225204 -25.595888 -68.266357
v 188.540878 -18.752331 -67.803513
v 184.034225 -18.638851 -71.026871
v 184.020615 -18.930244 -75.368912
v 183.046692 -19.451275 -69.076820
v 188.535385 -17.848824 -77.388741
v 185.036285 -19.545158 -71.638130
v 187.076599 -18.518162 -74.828308
v 179.616516 -22.194149 -77.857903
v 180.243439 -23.918530 -71.568092
v 177.665985 -27.237608 -67.955376
v 186.515152 -21.073320 -70.996765
v 185.220398 -21.288557 -75.355118
v 184.411133 -21.427437 -74.831894
v 181.855545 -24.295593 -65.201149
v 186.269775 -19.123980 -67.215660
v 181.387268 -14.493150 -70.534698
v 181.352310 -14.812946 -75.033554
v 180.063019 -15.161272 -68.750877
v 186.342102 -14.512973 -77.151245
v 182.576385 -16.079195 -71.354286
v 184.860397 -15.175452 -74.965469
v 176.084473 -18.038189 -77.958252
v 177.267975 -20.524511 -71.471176
v 174.113937 -24.241268 -67.854622
v 184.822433 -18.591640 -70.918076
v 183.546509 -18.847393 -75.217209
v 182.523102 -18.847988 -74.895630
v 179.442673 -21.667568 -64.861923
v 184.364212 -16.191185 -32.734566
v 95.050545 -39.488075 -27.939516
v 96.880432 -47.546715 -25.177776
v 97.496010 -52.523163 -23.997547
v 103.053078 -40.686745 -23.562336
v 102.043007 -52.928661 -27.921928
v 103.549065 -46.381989 -24.933771
v 97.267426 -63.622696 -22.964088
v 104.572098 -64.373001 -22.029030
v 98.222137 -74.115150 -21.312035
v 95.434731 -39.985802 -21.860966
v 97.552917 -52.309906 -20.746643
v 97.350067 -63.101814 -26.954109
v 99.424438 -37.015869 -34.577385
v 97.066177 -50.929901 -30.351080
v 102.843964 -40.465755 -33.144882
v 101.643814 -51.616753 -37.031639
v 96.712448 -61.303078 -35.301064
v 104.068855 -62.861252 -36.785759
v 97.643402 -72.470604 -31.109226
v 97.288628 -51.407047 -32.672958
v 96.936478 -62.425728 -28.878786
v 104.361221 -64.069153 -28.407635
v 101.716881 -51.997200 -30.013746
v 97.215851 -51.082104 -31.079056
v 97.016716 -62.826916 -29.063986
v 97.987122 -73.828087 -27.526615
v 100.999496 -42.569130 -26.231939
v 97.404495 -51.034157 -26.245594
v 97.200241 -63.284111 14.932875
v 151.923889 -58.659557 13.789312
v 149.831467 -61.806126 12.980265
v 147.832306 -64.531700 12.590382
v 153.852509 -57.396160 11.269669
v 149.380066 -63.785664 12.189932
v 151.484512 -60.666786 13.177763
v 145.442993 -67.729393 11.014728
v 147.135208 -66.728889 12.272790
v 143.609207 -70.243271 12.983575
v 150.315887 -57.744762 13.141414
v 148.737213 -60.438221 12.244138
v 146.862823 -63.312531 12.149817
v 144.399109 -66.088676 14.958466
v 152.514404 -56.193382 18.019159
v 150.274673 -58.782360 17.448179
v 149.311554 -61.819065 17.046986
v 146.597015 -65.888107 16.009277
v 154.039505 -60.854099 15.738787
v 148.538635 -67.908951 16.008188
v 151.865219 -62.953815 16.932150
v 141.467621 -68.058334 15.247633
v 143.370499 -70.791794 14.667756
v 136.320206 -72.215385 14.612546
v 150.980774 -58.749462 14.841829
v 149.059219 -61.437939 14.641202
v 146.492142 -65.691925 13.873871
v 141.676514 -67.785439 16.640869
v 152.486252 -56.498840 22.970034
v 150.439011 -58.755447 22.377626
v 149.419907 -61.874741 22.299376
v 146.768158 -65.904419 20.013075
v 154.083664 -60.964684 20.008831
v 148.635620 -67.966324 20.026049
v 151.883865 -63.103081 22.397707
v 141.661880 -68.161758 19.770350
v 143.469849 -70.922745 19.291145
v 136.059982 -72.616577 17.610460
v 150.928757 -58.959156 17.793583
v 148.995834 -61.662560 17.849907
v 146.516388 -65.785919 17.446741
v 141.682434 -67.942513 20.153721
v 152.556625 -56.548702 39.768120
v 97.565620 -42.765694 34.152946
v 99.043922 -50.353012 30.918098
v 99.456970 -55.057976 30.439648
v 104.958000 -43.146450 28.970169
v 103.883614 -55.302139 33.791580
v 105.699745 -49.171131 29.689123
v 99.178635 -66.090820 27.172405
v 106.331787 -66.638000 25.791454
v 99.903610 -76.275299 28.347445
v 97.178299 -42.229198 27.637798
v 99.291061 -54.546032 25.570080
v 98.980743 -65.193878 33.953075
v 101.547890 -39.768501 40.430679
v 99.665863 -54.320953 36.786789
v 105.177849 -43.500488 38.637066
v 104.134552 -54.861748 41.956795
v 99.446564 -64.874344 39.601250
v 106.664970 -66.247513 40.641731
v 100.324791 -75.971191 36.926537
v 99.652832 -54.482430 37.509415
v 99.373192 -65.598297 33.091125
v 106.520569 -66.869904 33.890694
v 103.887321 -54.812824 35.872250
v 99.507446 -54.060158 35.884033
v 99.344696 -65.853729 32.823399
v 100.143669 -76.625107 33.914623
v 103.140984 -45.345947 32.106125
v 99.441177 -53.670483 31.027687
v 99.200966 -65.872231 -10.338913
v 245.269592 -27.062511 -4.856435
v 247.744568 -30.156364 -14.483122
v 257.772858 -17.722473 -10.287709
v 257.299347 -20.208467 -12.191288
v 261.347412 -16.708492 -5.254755
v 244.935730 -23.616570 -10.786348
v 257.462616 -15.270185 -15.615166
v 266.844208 -11.378687 -14.132374
v 268.317230 -13.423725 -8.592642
v 265.909760 -22.826094 -7.896514
v 265.277222 -26.933264 -5.059733
v 265.254333 -25.010805 -7.439658
v 260.837769 -24.450138 -5.075435
v 259.960846 -27.561550 -4.464815
v 267.731995 -28.953751 -10.979347
v 241.112335 -21.765141 -13.787443
v 253.508484 -15.412203 -14.548025
v 258.794647 -13.478668 -17.035480
v 265.172638 -9.445086 -17.823961
v 254.509827 -8.994161 -20.222601
v 250.055481 -8.464201 -17.385828
v 250.032654 -6.541742 -16.670984
v 249.437866 -10.618207 -17.419582
v 244.716858 -9.065444 -20.785374
v 247.577423 -4.499504 -11.814271
v 276.763245 -15.839128 -13.858334
v 261.931885 -14.260248 -16.370316
v 273.651184 -13.924225 -17.369484
v 266.503937 -13.142517 -19.307478
v 278.989319 -4.567938 -19.989542
v 274.752899 -8.477642 -20.988720
v 267.605682 -7.695911 -21.393085
v 264.280457 -2.915869 -12.241128
v 273.379822 -11.125280 -13.240307
v 266.232635 -10.343550 -15.860365
v 274.481567 -5.678679 -16.859547
v 267.334351 -4.896978 -21.448170
v 260.426758 -1.423097 -19.446152
v 246.286743 14.359715 -30.378609
v 244.340363 6.834484 -26.314184
v 243.462189 -5.956985 -12.975474
v 244.846680 -6.233493 -8.730707
v 246.589050 6.322594 -5.496292
v 221.479889 8.428545 -8.627831
v 213.558624 -0.301434 -14.547267
v 222.273315 20.994343 -4.910684
v 222.278671 11.089123 -24.595667
v 216.487411 19.406563 -26.395132
v 218.694717 -3.927375 -27.842323
v 219.617584 6.543558 -13.158017
v 217.842789 -5.437642 -25.616219
v 215.734985 -2.800668 -12.011864
v 210.246124 19.385128 -23.845169
v 208.357468 6.893858 -6.691189
v 202.049271 8.934736 -25.686077
v 217.062317 17.634222 -27.463760
v 214.350281 8.785086 -26.863720
v 242.979492 -2.150596 -26.439241
v 245.308655 8.846704 -14.468410
v 214.141327 22.657181 -22.302242
v 213.338776 19.846851 -25.879120
v 243.104828 9.289558 -18.147585
v 244.815094 14.019642 -4.183973
v 211.457809 11.997215 -11.135143
v 244.443359 8.085807 -11.033783
v 244.198669 0.733834 -21.355713
v 203.106155 16.064251 -11.240433
v 198.091537 18.339445 -15.234789
v 204.650879 22.331606 -17.892252
v 198.902328 21.074654 -20.262764
v 266.528137 -4.123495 -30.007843
v 258.566437 0.692356 -23.883911
v 253.917145 -9.462757 -12.173901
v 257.563477 -3.266826 -18.760218
v 258.961823 6.549038 -18.972708
v 238.647095 5.881689 11.213203
v 247.293976 -31.948156 1.080559
v 249.949219 -32.362373 -3.872525
v 250.301056 -41.594696 1.307032
v 247.997620 -50.412792 11.439674
v 245.342346 -49.998581 16.392757
v 244.990509 -40.766254 25.186073
v 264.592133 -35.645226 12.053246
v 269.090851 -27.637403 -1.600885
v 271.869232 -35.554527 -2.122183
v 270.148834 -51.479473 11.010648
v 265.650146 -59.487297 24.664768
v 262.871735 -51.570229 14.410116
v 253.238617 -30.902952 1.978814
v 256.615784 -30.860853 -4.599720
v 257.106812 -41.925488 1.253042
v 254.220612 -53.032215 13.684332
v 250.843475 -53.074303 20.262875
v 250.352478 -42.009689 -4.543318
v 201.562561 -62.704697 -3.608171
v 195.952133 -61.269920 2.283453
v 201.793121 -63.013779 1.861522
v 196.136871 -61.517559 0.642752
v 204.803345 -21.373653 0.692231
v 197.346817 -25.843245 -1.720009
v 253.805634 -37.006123 -0.584856
v 247.514496 -16.626566 -1.730903
v 214.029404 -66.919006 -1.705184
v 210.678177 -68.851219 -2.303448
v 228.618622 -68.681877 -2.570771
v 246.227386 -61.450455 0.873307
v 213.428604 -9.846974 0.397444
v 231.249557 -7.063442 -1.417698
v 201.331650 -69.473656 -0.522405
v 183.471283 -63.022316 -0.687740
v 187.381027 -63.757572 -0.293683
v 180.825500 -59.944107 -66.715813
v 186.746216 -21.100838 -67.655754
v 184.792603 -23.352907 -67.678612
v 183.041748 -26.050278 -69.746597
v 180.225204 -25.595888 -67.803513
v 184.034225 -18.638851 -71.026871
v 184.020615 -18.930244 -75.368912
v 183.046692 -19.451275 -74.828308
v 179.616516 -22.194149 -67.854622
v 184.822433 -18.591640 -70.918076
v 183.546509 -18.847393 -75.217209
v 182.523102 -18.847988 -74.895630
v 179.442673 -21.667568 -71.471176
v 174.113937 -24.241268 -64.861923
v 184.364212 -16.191185 -25.177776
v 97.496010 -52.523163 -27.939516
v 96.880432 -47.546715 -21.312035
v 95.434731 -39.985802 -21.860966
v 97.552917 -52.309906 -24.933771
v 97.267426 -63.622696 -20.746643
v 97.350067 -63.101814 -22.029030
v 98.222137 -74.115150 -32.734566
v 95.050545 -39.488075 -37.031639
v 96.712448 -61.303078 -31.109226
v 97.288628 -51.407047 -34.577385
v 97.066177 -50.929901 -32.672958
v 96.936478 -62.425728 -36.785759
v 97.643402 -72.470604 -31.079056
v 97.016716 -62.826916 -26.231939
v 97.404495 -51.034157 -30.013746
v 97.215851 -51.082104 -26.245594
v 97.200241 -63.284111 -29.063986
v 97.987122 -73.828087 -27.526615
v 100.999496 -42.569130 12.983575
v 150.315887 -57.744762 12.244138
v 146.862823 -63.312531 13.141414
v 148.737213 -60.438221 12.149817
v 144.399109 -66.088676 18.019159
v 150.274673 -58.782360 17.046986
v 146.597015 -65.888107 17.448179
v 149.311554 -61.819065 16.932150
v 141.467621 -68.058334 17.610460
v 150.928757 -58.959156 17.849907
v 146.516388 -65.785919 17.793583
v 148.995834 -61.662560 17.446741
v 141.682434 -67.942513 19.291145
v 136.059982 -72.616577 20.153721
v 152.556625 -56.548702 30.918098
v 99.456970 -55.057976 34.152946
v 99.043922 -50.353012 27.637798
v 99.291061 -54.546032 28.347445
v 97.178299 -42.229198 29.689123
v 99.178635 -66.090820 25.570080
v 98.980743 -65.193878 25.791454
v 99.903610 -76.275299 39.768120
v 97.565620 -42.765694 36.926537
v 99.652832 -54.482430 41.956795
v 99.446564 -64.874344 40.430679
v 99.665863 -54.320953 37.509415
v 99.373192 -65.598297 40.641731
v 100.324791 -75.971191 32.106125
v 99.441177 -53.670483 35.884033
v 99.344696 -65.853729 35.872250
v 99.507446 -54.060158 31.027687
v 99.200966 -65.872231 32.823399
v 100.143669 -76.625107 33.914623
v 103.140984 -45.345947 -4.856435
v 247.744568 -30.156364 -14.132374
v 268.317230 -13.423725 -15.615166
v 266.844208 -11.378687 -12.191288
v 261.347412 -16.708492 -10.287709
v 257.299347 -20.208467 -8.592642
v 265.909760 -22.826094 -7.439658
v 260.837769 -24.450138 -5.075435
v 259.960846 -27.561550 -4.464815
v 267.731995 -28.953751 -10.979347
v 241.112335 -21.765141 -17.035480
v 265.172638 -9.445086 -14.548025
v 258.794647 -13.478668 -13.787443
v 253.508484 -15.412203 -17.823961
v 254.509827 -8.994161 -16.670984
v 249.437866 -10.618207 -17.419582
v 244.716858 -9.065444 -20.785374
v 247.577423 -4.499504 -11.814271
v 276.763245 -15.839128 -13.858334
v 261.931885 -14.260248 -19.307478
v 278.989319 -4.567938 -21.393085
v 264.280457 -2.915869 -12.241128
v 273.379822 -11.125280 -13.240307
v 266.232635 -10.343550 -15.860365
v 274.481567 -5.678679 -16.859547
v 267.334351 -4.896978 -8.803900
v 201.454544 -66.375427 -1.417698
v 201.331650 -69.473656 -1.417698
v 201.331650 -69.473656 6.192900
v 201.961029 -67.054405 0.313405
v 142.006378 -31.417097 -0.000035
v 130.285797 -137.549042 -0.000050
v 142.621567 -149.059937 -0.000006
v 97.146835 -81.823631 -0.000003
v 148.233002 -49.637791 0.000002
v 85.144630 14.251159 -0.000008
v 110.587135 -84.323380 0.000010
v 82.699898 -26.134655 -0.000008
v 150.199051 -60.223068 -0.000020
v 147.444275 -105.467628 -0.000009
v 184.793533 -126.953484 -0.000003
v 87.954414 -75.060959 0.000000
v 90.060860 30.717243 -0.000000
v 101.464508 52.875572 0.000004
v 192.341965 -113.569931 -0.000002
v 120.691170 54.460541 -0.000001
v 190.321564 -120.140793 -0.000022
v 145.606018 -119.919052 -0.000041
v 132.688004 -146.206970 0.000006
v 84.471046 -4.258129 -0.000028
v 148.139420 -147.307541 -0.000035
v 134.811218 -132.248108 -0.000038
v 139.699051 -130.243011 -0.000018
v 130.151962 -95.335953 -0.000012
v 147.419434 -109.424416 0.000005
v 82.702652 -44.107368 0.000000
v 80.453766 -60.855728 -0.000001
v 92.271317 44.692596 -0.000019
v 158.539505 -139.987259 7.210577
v 188.209320 -102.101936 22.905090
v 88.270775 -70.143364 28.898197
v 85.486649 -59.335682 23.382938
v 60.838615 -61.470425 3.917476
v 138.806702 -147.171677 11.761065
v 147.409012 -62.708389 17.050428
v 135.455963 -69.893456 22.709816
v 122.755234 -62.617088 6.525329
v 134.084747 -143.993027 22.205929
v 109.988998 -73.846031 14.243155
v 121.684845 -77.635780 14.740430
v 88.750854 13.546802 10.827942
v -0.218767 -64.571136 14.586199
v 176.842545 -111.156326 24.724569
v 115.897552 -4.859349 5.372619
v 142.957779 -147.681610 9.656771
v 59.003922 42.831623 7.801613
v 154.562683 -103.337341 5.189847
v 146.091873 -121.158287 17.053450
v 61.202606 -62.569897 14.754626
v 158.566422 -116.124458 14.156755
v 160.354568 -106.561172 22.960829
v 99.583664 -43.225365 15.796564
v 21.949635 -53.558270 22.467123
v 98.687157 -2.454408 18.274000
v 23.965696 -61.066879 18.696894
v -0.218765 33.222824 16.940329
v -0.218767 -75.721725 26.110247
v -0.218767 -75.879074 32.048988
v -0.218767 -63.908474 20.764395
v -0.218767 -64.103325 11.974749
v -0.218763 24.344343 11.970021
v 12.913580 41.485104 25.026464
v -0.218765 23.840830 29.487246
v -0.218763 35.664219 10.521501
v 179.948990 -102.419006 13.978088
v 173.142029 -102.802284 6.638361
v 190.553864 -109.932945 6.802235
v 142.825470 -144.975281 13.352878
v 178.461548 -122.338699 8.910220
v 143.364838 -143.372009 7.989873
v 165.587143 -130.230347 12.942716
v 164.634811 -100.925934 24.686596
v 60.420441 51.891106 7.574162
v 144.332214 -146.562057 12.532486
v 185.592209 -111.724548 26.481184
v 58.824120 40.441391 6.038312
v 188.851227 -121.648918 13.566092
v 65.871056 50.331245 25.391373
v 18.790728 -67.903816 24.207590
v 66.377441 48.691574 25.943289
v 65.046654 38.410156 21.954325
v 60.465015 31.710747 13.811661
v 60.846664 31.249783 9.768970
v 66.289886 41.719643 12.209887
v 80.286484 48.232403 14.160727
v 73.911774 20.761232 17.663319
v 18.835535 -68.689461 7.060244
v 80.657684 35.374420 29.178381
v 86.397049 39.943146 31.609158
v 84.140007 29.701427 25.921940
v 74.818268 20.100948 32.261227
v 105.855469 21.130621 24.388287
v 101.652924 11.666162 18.491936
v 91.479645 11.304653 18.701302
v 100.009338 49.515369 26.520781
v 117.260681 38.449364 11.388526
v 173.687561 -95.385254 18.015354
v 112.492645 50.172134 20.157009
v 10.445966 -53.985600 30.442869
v 116.098816 18.364029 12.599139
v 13.278494 -60.742950 14.728378
v 172.985321 -117.168922 25.233967
v -0.218767 -55.138569 29.236034
v 13.367094 -59.724491 10.365126
v 172.142593 -129.194626 11.133906
v 86.727150 -71.624016 23.015806
v 17.992647 31.350723 8.089187
v 188.679565 -112.865067 25.827103
v 22.133244 -54.773064 23.371191
v 24.436819 -60.926876 14.860581
v 17.978382 31.543747 22.141531
v 22.492075 39.251862 28.236786
v 100.476501 -52.712708 23.493832
v 31.105345 -57.973286 22.406744
v 113.368233 -47.483589 16.731810
v 22.145605 39.718872 26.158199
v 12.965412 39.781036 9.344272
v -0.218765 35.458378 19.609381
v -0.218765 46.751888 18.739424
v 11.580847 46.978249 21.543104
v 60.951664 -48.706112 21.300732
v 82.774040 -47.327576 8.685390
v 150.331894 -122.729126 10.688556
v 140.534515 -32.576256 19.035494
v 131.186401 -30.684864 18.470795
v 131.750565 -52.554508 24.872307
v 116.870270 -28.993813 11.182747
v 175.463089 -128.574448 28.997871
v 98.745262 -67.654198 16.664949
v -0.218767 -55.703030 13.567162
v 86.202011 -27.221764 22.669907
v 82.391457 -67.720467 15.279240
v 60.513271 -50.508591 17.949339
v 97.069260 -77.121132 7.652636
v 85.090836 -42.008438 10.220751
v 79.498642 -51.258965 10.670750
v 147.805725 -51.904381 8.885199
v 79.566284 -59.193626 24.005215
v 95.639694 -27.545895 25.940142
v 60.748314 -54.744408 13.479547
v 60.188366 -57.778286 27.558670
v 112.070442 -62.603424 14.671779
v 170.731644 -125.198738 13.615701
v 80.614357 -66.380798 27.888258
v 79.920280 -58.804386 21.061375
v 76.493683 -48.419544 6.942573
v 139.619034 -146.669617 8.411362
v 140.503784 -143.725403 7.667616
v 143.060837 -135.041656 8.517957
v 138.416718 -138.483185 11.345899
v 152.446152 -115.265213 10.741569
v 154.675369 -107.126030 23.233555
v 20.206055 45.562149 13.845749
v 20.102728 44.960667 24.474047
v 29.457687 -54.073841 19.913273
v 30.313202 -49.251961 16.016998
v 30.273518 -52.915756 18.486275
v 31.232107 -58.703022 15.073351
v 90.014694 -41.421215 24.919003
v 52.113449 43.470181 23.479355
v 53.347851 51.210896 11.598573
v 52.184059 45.135231 12.782112
v 55.490318 34.465427 22.082310
v 55.453476 34.694279 12.264256
v 55.364811 -57.515648 24.280540
v 55.254490 -62.870407 16.769491
v 54.983002 -62.825836 27.272774
v 55.143898 -54.149872 23.103329
v 55.516006 -48.166634 14.236086
v 56.352776 -50.919067 18.313677
v 20.799671 52.389057 13.815541
v 29.563082 46.487011 18.777126
v 29.689518 41.725582 23.144402
v 28.416168 46.674644 14.774447
v 50.359848 -56.373962 25.890463
v 49.789593 -54.368492 20.740187
v 49.820229 -49.120590 16.623436
v 49.820210 -51.747223 23.612810
v 49.789616 -60.623669 17.847595
v 49.789616 -60.379936 11.012505
v 87.796097 -4.270401 13.619969
v 174.849716 -124.289734 10.635447
v 156.312973 -126.595955 6.492004
v 168.071533 -134.781586 6.041612
v 147.422028 -144.152115 4.194244
v 148.232315 -145.835037 5.435158
v 134.839447 -134.789413 4.455110
v 139.248764 -132.272552 14.425568
v 167.447083 -124.179451 8.762012
v 186.409744 -121.241928 8.306724
v 186.726044 -118.312820 10.724632
v 184.795654 -117.072601 10.193091
v 131.272751 -94.504066 17.340549
v 142.509872 -87.986038 15.740471
v 150.876343 -78.697838 7.659971
v 148.869049 -109.462082 20.320202
v 21.952084 -47.791115 20.513027
v 81.362007 48.114048 14.997290
v 53.522316 52.381214 13.708013
v 60.572021 53.485794 18.290894
v 28.290077 51.830284 22.232281
v 49.520576 38.657791 15.519298
v 49.582157 36.984810 26.431541
v 88.994995 12.917002 28.131214
v 107.708664 39.123577 9.357695
v 86.131683 50.936432 5.401504
v 104.333336 54.682297 5.547163
v 157.694885 -139.638168 15.732241
v 166.935303 -117.878319 11.085356
v 162.735855 -128.581375 24.642542
v 116.145149 4.759875 20.812017
v 100.429939 5.843259 15.040131
v 91.564598 7.302296 7.918859
v 88.078911 8.302312 0.000003
v 86.523056 8.705425 7.196732
v 85.690430 13.849185 6.187785
v 90.394730 33.127144 5.010623
v 92.120872 47.486481 10.871988
v 97.084442 -77.433746 13.406157
v 110.130890 -76.031097 18.160385
v 121.781387 -71.191902 20.873745
v 120.527885 -49.458637 12.340747
v 74.203079 -51.049664 10.758974
v 74.787727 -58.844608 13.987223
v 82.397797 16.635517 17.781986
v 201.843277 -114.734879 17.374592
v 195.341766 -112.543503 11.275419
v 194.159805 -115.063828 11.506886
v 197.249008 -119.330765 14.343874
v 188.226013 -112.535820 8.842839
v 195.792038 -116.546715 11.595635
v 198.636795 -113.882278 12.402764
v 186.637299 -115.887115 9.405764
v 190.307999 -118.960220 20.793144
v 96.487686 -83.008202 17.159889
v 112.333069 -87.850029 15.968844
v 81.834488 -74.428291 -0.000011
v 107.922348 -92.803139 28.438711
v 88.523384 -70.843529 -0.000006
v 90.889099 -87.984833 -0.000004
v 78.735580 -77.633141 31.217417
v 108.684830 -72.518341 24.562414
v 123.209404 -72.572983 32.284603
v 97.535492 -63.659451 28.933470
v 117.065636 -65.331810 30.108721
v 79.766930 -67.102936 22.156454
v 71.643585 -69.376831 29.817362
v 110.668602 -54.117420 22.826557
v 127.759308 -48.733597 23.007282
v 131.636810 -61.618622 8.968369
v 63.561844 -72.890961 23.031618
v 118.306656 -50.994995 21.746159
v 122.115601 -44.032146 19.175243
v 129.733475 -44.032143 17.889784
v 133.542419 -50.994995 19.175241
v 129.733475 -57.957844 21.746159
v 122.115593 -57.957848 26.225792
v 119.384644 -50.994995 24.940332
v 123.193581 -44.032146 22.369417
v 130.811462 -44.032143 21.083956
v 134.620407 -50.994999 22.369415
v 130.811462 -57.957840 24.940332
v 123.193588 -57.957840 28.669382
v 122.686676 -50.994995 27.759214
v 125.383591 -46.064964 25.938883
v 130.777420 -46.064964 25.028715
v 133.474335 -50.994995 25.938885
v 130.777420 -55.925026 27.759214
v 125.383591 -55.925026 10.688557
v 143.985565 -40.414185 23.107288
v 130.520477 -46.743301 0.000000
v 146.056915 -39.872421 10.688557
v 150.706970 -46.953186 19.035492
v 141.108688 -47.250587 -0.000002
v 153.296432 -46.582962 22.722998
v 122.171654 -44.478111 10.688558
v 141.232040 -27.210648 0.000005
v 142.516556 -26.051493 10.688558
v 141.766876 -15.987667 0.000005
v 143.838181 -14.828514 17.811438
v 139.342361 -40.414185 21.044552
v 131.874420 -41.031567 22.357313
v 130.867691 -27.232021 22.353226
v 130.443939 -15.987669 10.688559
v 144.262848 -7.631012 0.000004
v 146.334183 -7.480953 17.444502
v 139.772614 -7.029118 23.031916
v 128.924255 -7.376381 10.688559
v 147.416931 -2.445868 0.000003
v 149.393799 -3.082249 18.422001
v 143.503006 -2.054718 23.482079
v 134.023880 -1.789204 12.206956
v 143.428802 -0.557070 0.000003
v 145.378281 -1.310253 21.245504
v 134.404953 0.414742 24.854156
v 128.206360 0.311961 24.784382
v 122.171646 -27.658979 24.014269
v 122.171654 -7.024107 13.373074
v 145.659470 18.725805 21.652117
v 114.648087 50.380398 19.659737
v 125.441849 50.172150 26.571241
v 127.200340 38.449379 29.660202
v 127.040009 17.739374 28.557699
v 113.427208 3.714550 22.163641
v 136.331940 37.377216 23.274958
v 136.873444 18.231236 32.767876
v 113.231567 18.334782 15.482635
v 133.511185 48.075428 -0.000002
v 146.497940 35.365540 -0.000001
v 148.144730 18.174454 14.628006
v 142.863098 36.547009 -0.000004
v 138.853012 48.522114 -0.000001
v 126.717674 54.460556 9.654493
v 114.542511 56.311371 29.449034
v 114.326187 39.123589 -0.000001
v 114.513596 56.644112 22.496510
v 103.676422 49.515377 30.367819
v 103.110329 7.285388 33.293640
v 102.950165 18.760326 9.654490
v 104.692375 56.311371 30.801004
v 103.085617 39.123589 33.339149
v 89.515274 13.022768 27.168070
v 89.732567 46.592541 33.188927
v 83.960724 33.017082 32.559799
v 103.031876 26.609550 31.804512
v 96.628883 36.621502 -0.000001
v 104.080383 56.644112 26.541084
v 113.427208 -4.596854 26.543297
v 113.427200 -27.191582 25.617241
v 113.427193 -42.635620 26.543293
v 94.965218 -32.097675 26.542341
v 113.427208 -17.456697 28.368059
v 98.320770 -9.014148 10.688559
v 147.393219 -49.306808 16.818199
v 136.887787 -49.454697 -0.000003
v 149.464066 -49.305656 21.509378
v 128.195084 -49.196503 22.722996
v 121.637054 -47.656609 0.000000
v 69.190529 79.474976 -0.000002
v 88.551224 65.241280 0.000000
v 106.995224 80.059586 -0.000001
v 128.197632 77.587112 0.000000
v 105.659096 63.496090 -0.000000
v 124.552444 62.829288 -0.000002
v 51.980034 64.531029 -0.000004
v 136.784637 45.492519 -0.000003
v 133.257965 55.951721 -0.000002
v 41.010086 70.636749 0.000000
v 141.873154 61.897835 -0.000001
v 69.779251 62.785019 -0.000005
v 138.636322 55.077827 -0.000003
v 132.858414 49.497547 8.156182
v 68.365990 71.387001 1.946746
v 135.205704 47.566525 10.956408
v 88.348343 74.626617 11.665896
v 105.395866 70.838066 10.153573
v 123.793503 70.501839 6.176453
v 134.995270 62.545078 1.946747
v 135.697525 55.477264 -0.000022
v 169.489304 -68.349388 19.081730
v 150.334534 -79.572617 11.761063
v 166.859909 -70.189491 -0.000017
v 179.306015 -78.696869 9.507878
v 176.588577 -79.749596 16.116529
v 157.254822 -87.669174 -0.000017
v 181.971878 -78.120872 10.176840
v 178.627151 -80.253242 17.036314
v 161.040649 -88.109497 -0.000004
v 188.708435 -89.390541 7.966423
v 183.715698 -90.385773 14.798491
v 168.704620 -96.324127 7.210579
v 192.573105 -103.100235 -0.000005
v 191.777222 -89.390541 0.000011
v 194.554413 -102.576363 7.966424
v 186.765137 -90.923271 16.000584
v 180.452560 -107.099594 15.965067
v 171.759109 -96.963364 17.436094
v 145.524353 -78.908089 10.432043
v 161.794739 -70.727905 -0.000020
v 163.730667 -69.520538 19.498825
v 138.980103 -70.422363 11.880812
v 154.638779 -61.382542 -0.000010
v 156.460159 -59.100285 17.436092
v 134.227768 -70.289978 -0.000008
v 149.931793 -59.891735 5.513971
v 193.705933 -115.957909 0.000002
v 194.772522 -119.253304 11.543765
v 187.069199 -110.703835 18.514494
v 182.460724 -110.671455 15.308350
v 179.719788 -114.023537 15.510167
v 171.856628 -131.089966 11.647519
v 172.082474 -131.481430 6.276035
v 171.404022 -135.752960 16.123766
v 165.019669 -119.367744 17.371141
v 168.074127 -112.094559 15.360954
v 165.776001 -124.007965 11.535995
v 161.923920 -129.048706 -431602080.000000
v -431602080.000000 -431602080.000000 7.380904
v 190.129684 -120.644127 14.132589
v 177.723923 -125.210052 7.970873
v 183.332336 -128.333084 6.137561
v 177.558243 -132.133530 -0.000015
v 172.544220 -135.391815 -0.000008
v 183.979584 -129.027496 15.308430
v 158.900879 -119.660309 16.256332
v 176.545288 -124.134247 16.644478
v 174.824951 -117.084648 9.707399
v 162.357224 -134.527985 12.159801
v 165.617874 -131.392090 10.570417
v 157.420502 -131.031952 7.479538
v 151.880371 -141.776611 4.746855
v 165.027557 -137.615662 -0.000030
v 165.408325 -137.777542 4.746840
v 154.109467 -144.108795 8.580597
v 148.320312 -144.974121 4.297377
v 146.900909 -147.951096 -0.000028
v 147.617340 -148.834732 -0.000002
v 193.219528 -125.207909 10.947141
v 186.660721 -117.933289 12.763775
v 185.883987 -110.703842 15.478656
v 176.014069 -107.911224 0.000009
v 206.111374 -116.488541 4.378944
v 198.524582 -118.997681 -0.000052
v 144.307022 -150.292206 13.313235
v 153.310593 -126.731514 17.058838
v 159.949783 -109.662521 8.934226
v 144.702225 -138.350418 10.083383
v 141.453934 -135.910126 11.353949
v 145.606934 -130.841003 21.340767
v 187.919861 -96.639359 14.535509
v 125.384064 -128.437744 13.685179
v 129.057098 -123.907669 19.450661
v 111.008049 -112.239479 18.600313
v 118.092148 -110.750122 23.222511
v 112.360649 -88.379669 21.181465
v 118.878242 -90.110870 22.953369
v 131.431717 -65.079834 19.702011
v 135.528366 -68.725113 12.597053
v 147.378937 -49.108406 13.273651
v 148.039932 -55.866528 -0.000003
v 150.465057 -47.795483 -0.000004
v 151.005066 -53.550529 -0.000012
v 179.646255 -127.097481 -0.000016
v 172.211533 -133.516510 -0.000011
v 195.225662 -156.084000 4.911175
v 175.928894 -130.306992 0.000013
v 184.552307 -93.976654 0.000009
v 186.798691 -102.485771 0.000026
v 217.427429 -95.674500 4.570613
v 185.675522 -98.231201 -0.000026
v 170.479523 -73.425247 -0.000031
v 174.727798 -78.789749 -0.000017
v 187.522568 -64.924225 3.918083
v 172.603745 -76.107506 -0.000014
v 155.932571 -65.509186 -0.000019
v 160.512115 -70.094498 -0.000012
v 172.058655 -55.600864 3.797292
v 158.222443 -67.801865 -7.210559
v 188.209320 -102.101929 -22.905088
v 88.270775 -70.143364 -28.898199
v 85.486649 -59.335686 -23.382938
v 60.838615 -61.470425 -3.917569
v 138.806717 -147.171677 -11.761063
v 147.409012 -62.708389 -17.050430
v 135.455963 -69.893463 -22.709816
v 122.755234 -62.617088 -6.525409
v 134.084747 -143.993042 -22.205927
v 109.988998 -73.846024 -14.243155
v 121.684830 -77.635780 -14.740429
v 88.750854 13.546802 -10.827944
v -0.218767 -64.571136 -14.586204
v 176.842575 -111.156326 -24.724566
v 115.897537 -4.859348 -5.372663
v 142.957779 -147.681641 -9.656772
v 59.003922 42.831619 -7.801621
v 154.562698 -103.337341 -5.189875
v 146.091873 -121.158287 -17.053450
v 61.202606 -62.569897 -14.754646
v 158.566452 -116.124466 -14.156768
v 160.354599 -106.561172 -22.960825
v 99.583672 -43.225365 -15.796567
v 21.949635 -53.558266 -22.467127
v 98.687172 -2.454411 -18.274002
v 23.965696 -61.066879 -18.696894
v -0.218763 33.222824 -16.940323
v -0.218767 -75.721718 -26.110249
v -0.218767 -75.879074 -32.048988
v -0.218767 -63.908474 -20.764397
v -0.218767 -64.103325 -11.974750
v -0.218767 24.344345 -11.970018
v 12.913580 41.485104 -25.026466
v -0.218763 23.840828 -29.487246
v -0.218767 35.664219 -10.521491
v 179.949020 -102.419006 -13.978086
v 173.142059 -102.802284 -6.638348
v 190.553864 -109.932938 -6.802302
v 142.825485 -144.975266 -13.352894
v 178.461578 -122.338692 -8.910287
v 143.364868 -143.372025 -7.989898
v 165.587173 -130.230347 -12.942716
v 164.634827 -100.925934 -24.686596
v 60.420441 51.891106 -7.574206
v 144.332230 -146.562042 -12.532483
v 185.592239 -111.724548 -26.481186
v 58.824120 40.441391 -6.038316
v 188.851257 -121.648911 -13.566090
v 65.871056 50.331245 -25.391375
v 18.790728 -67.903816 -24.207590
v 66.377441 48.691574 -25.943289
v 65.046654 38.410164 -21.954327
v 60.465023 31.710747 -13.811661
v 60.846668 31.249777 -9.768972
v 66.289886 41.719643 -12.209887
v 80.286484 48.232399 -14.160732
v 73.911766 20.761230 -17.663317
v 18.835535 -68.689453 -7.060243
v 80.657684 35.374420 -29.178383
v 86.397049 39.943150 -31.609158
v 84.140015 29.701431 -25.921946
v 74.818268 20.100948 -32.261230
v 105.855453 21.130638 -24.388285
v 101.652924 11.666163 -18.491932
v 91.479645 11.304652 -18.701302
v 100.009338 49.515369 -26.520782
v 117.260681 38.449364 -11.388517
v 173.687592 -95.385254 -18.015352
v 112.492653 50.172138 -20.157009
v 10.445967 -53.985600 -30.442871
v 116.098816 18.364033 -12.599142
v 13.278494 -60.742950 -14.728391
v 172.985367 -117.168915 -25.233967
v -0.218767 -55.138569 -29.236036
v 13.367094 -59.724495 -10.365157
v 172.142609 -129.194611 -11.133906
v 86.727150 -71.624016 -23.015810
v 17.992647 31.350727 -8.089181
v 188.679596 -112.865067 -25.827103
v 22.133244 -54.773060 -23.371193
v 24.436819 -60.926876 -14.860583
v 17.978384 31.543745 -22.141531
v 22.492075 39.251862 -28.236782
v 100.476509 -52.712708 -23.493832
v 31.105343 -57.973286 -22.406738
v 113.368233 -47.483582 -16.731810
v 22.145605 39.718872 -26.158199
v 12.965421 39.781025 -9.344270
v -0.218765 35.458378 -19.609381
v -0.218764 46.751888 -18.739424
v 11.580847 46.978249 -21.543104
v 60.951664 -48.706112 -21.300734
v 82.774048 -47.327576 -8.685423
v 150.331924 -122.729126 -10.688560
v 140.534500 -32.576256 -19.035492
v 131.186401 -30.684868 -18.470798
v 131.750565 -52.554512 -24.872309
v 116.870270 -28.993813 -11.182767
v 175.463120 -128.574448 -28.997873
v 98.745262 -67.654190 -16.664949
v -0.218767 -55.703026 -13.567156
v 86.202003 -27.221764 -22.669907
v 82.391449 -67.720459 -15.279240
v 60.513279 -50.508591 -17.949339
v 97.069260 -77.121124 -7.652636
v 85.090836 -42.008434 -10.220756
v 79.498634 -51.258961 -10.670752
v 147.805725 -51.904381 -8.885197
v 79.566284 -59.193626 -24.005211
v 95.639694 -27.545897 -25.940142
v 60.748314 -54.744408 -13.479547
v 60.188366 -57.778286 -27.558670
v 112.070442 -62.603424 -14.671801
v 170.731689 -125.198738 -13.615702
v 80.614357 -66.380791 -27.888258
v 79.920273 -58.804386 -21.061373
v 76.493683 -48.419540 -6.942666
v 139.619064 -146.669617 -8.411425
v 140.503815 -143.725418 -7.667677
v 143.060867 -135.041656 -8.518015
v 138.416718 -138.483185 -11.345924
v 152.446182 -115.265213 -10.741587
v 154.675400 -107.126030 -23.233555
v 20.206053 45.562149 -13.845749
v 20.102728 44.960667 -24.474045
v 29.457684 -54.073841 -19.913273
v 30.313204 -49.251961 -16.016998
v 30.273518 -52.915756 -18.486275
v 31.232105 -58.703022 -15.073353
v 90.014702 -41.421219 -24.919003
v 52.113445 43.470184 -23.479355
v 53.347851 51.210896 -11.598573
v 52.184059 45.135231 -12.782112
v 55.490318 34.465427 -22.082314
v 55.453476 34.694279 -12.264256
v 55.364807 -57.515656 -24.280540
v 55.254490 -62.870407 -16.769493
v 54.982994 -62.825840 -27.272774
v 55.143898 -54.149872 -23.103329
v 55.515999 -48.166634 -14.236086
v 56.352776 -50.919067 -18.313677
v 20.799675 52.389057 -13.815540
v 29.563082 46.487011 -18.777128
v 29.689518 41.725582 -23.144402
v 28.416172 46.674644 -14.774447
v 50.359852 -56.373962 -25.890463
v 49.789593 -54.368488 -20.740187
v 49.820229 -49.120590 -16.623436
v 49.820210 -51.747223 -23.612812
v 49.789616 -60.623661 -17.847597
v 49.789616 -60.379936 -11.012504
v 87.796097 -4.270403 -13.619989
v 174.849747 -124.289734 -10.635481
v 156.313004 -126.595955 -6.492039
v 168.071533 -134.781586 -6.041664
v 147.422043 -144.152130 -4.194324
v 148.232346 -145.835022 -5.435230
v 134.839478 -134.789398 -4.455185
v 139.248764 -132.272552 -14.425590
v 167.447113 -124.179451 -8.762017
v 186.409775 -121.241928 -8.306726
v 186.726059 -118.312836 -10.724637
v 184.795685 -117.072601 -10.193089
v 131.272751 -94.504074 -17.340549
v 142.509872 -87.986038 -15.740470
v 150.876343 -78.697845 -7.659993
v 148.869064 -109.462090 -20.320202
v 21.952084 -47.791115 -20.513025
v 81.362000 48.114048 -14.997290
v 53.522316 52.381210 -13.708013
v 60.572021 53.485794 -18.290894
v 28.290081 51.830284 -22.232283
v 49.520576 38.657791 -15.519300
v 49.582157 36.984810 -26.431540
v 88.994972 12.917003 -28.131214
v 107.708664 39.123573 -9.357689
v 86.131683 50.936432 -5.401506
v 104.333336 54.682297 -5.547215
v 157.694916 -139.638138 -15.732260
v 166.935333 -117.878326 -11.085394
v 162.735886 -128.581375 -24.642542
v 116.145149 4.759873 -20.812014
v 100.429932 5.843262 -15.040127
v 91.564598 7.302297 -7.918861
v 88.078918 8.302311 -7.196743
v 85.690430 13.849187 -6.187784
v 90.394730 33.127144 -5.010624
v 92.120872 47.486481 -10.871989
v 97.084442 -77.433754 -13.406156
v 110.130890 -76.031097 -18.160385
v 121.781387 -71.191902 -20.873749
v 120.527885 -49.458633 -12.340744
v 74.203064 -51.049664 -10.758972
v 74.787720 -58.844612 -13.987226
v 82.397789 16.635517 -17.781975
v 201.843323 -114.734879 -17.374573
v 195.341812 -112.543510 -11.275415
v 194.159836 -115.063835 -11.506883
v 197.249039 -119.330765 -14.343867
v 188.226044 -112.535820 -8.842834
v 195.792068 -116.546715 -11.595621
v 198.636826 -113.882278 -12.402765
v 186.637314 -115.887131 -9.405764
v 190.308014 -118.960236 -20.793150
v 96.487694 -83.008202 -17.159887
v 112.333061 -87.850029 -15.968849
v 81.834496 -74.428291 -28.438713
v 88.523392 -70.843536 -31.217417
v 108.684830 -72.518341 -24.562416
v 123.209412 -72.572983 -32.284603
v 97.535484 -63.659447 -28.933470
v 117.065636 -65.331810 -30.108719
v 84.299561 -66.806725 -22.156456
v 71.643585 -69.376823 -29.817360
v 110.668602 -54.117420 -22.826557
v 127.759308 -48.733597 -23.007282
v 131.636810 -61.618626 -8.968370
v 63.561844 -72.890961 -23.031616
v 118.306648 -50.994991 -21.746157
v 122.115601 -44.032146 -19.175243
v 129.733475 -44.032150 -17.889788
v 133.542419 -50.994995 -19.175245
v 129.733475 -57.957844 -21.746159
v 122.115601 -57.957844 -26.225788
v 119.384636 -50.994995 -24.940331
v 123.193573 -44.032146 -22.369417
v 130.811462 -44.032150 -21.083961
v 134.620407 -50.995003 -22.369419
v 130.811462 -57.957844 -24.940332
v 123.193581 -57.957844 -28.669378
v 122.686676 -50.994995 -27.759214
v 125.383591 -46.064964 -25.938887
v 130.777420 -46.064964 -25.028719
v 133.474335 -50.994995 -25.938885
v 130.777420 -55.925026 -27.759212
v 125.383591 -55.925022 -10.688560
v 143.985580 -40.414185 -23.107292
v 130.520477 -46.743301 -10.688564
v 150.706940 -46.953186 -19.035496
v 141.108673 -47.250595 -22.723000
v 122.171654 -44.478111 -10.688560
v 141.232040 -27.210649 -10.688555
v 141.766876 -15.987667 -17.811438
v 139.342361 -40.414185 -21.044552
v 131.874420 -41.031570 -22.357315
v 130.867706 -27.232021 -22.353230
v 130.443939 -15.987669 -10.688555
v 144.262848 -7.631012 -17.444498
v 139.772614 -7.029118 -23.031916
v 128.924271 -7.376382 -10.688555
v 147.416931 -2.445866 -18.421999
v 143.503006 -2.054718 -23.482077
v 134.023880 -1.789206 -12.206959
v 143.428802 -0.557070 -21.245502
v 134.404953 0.414742 -24.854155
v 128.206360 0.311961 -24.784380
v 122.171654 -27.658981 -24.014273
v 122.171669 -7.024108 -13.373075
v 145.659470 18.725805 -21.652119
v 114.648094 50.380394 -19.659739
v 125.441841 50.172150 -26.571243
v 127.200348 38.449375 -29.660206
v 127.040001 17.739378 -28.557705
v 113.427216 3.714551 -22.163641
v 136.331940 37.377213 -23.274961
v 136.873444 18.231236 -32.767879
v 113.231567 18.334782 -15.482635
v 133.511185 48.075424 -14.628006
v 142.863098 36.547009 -9.654491
v 114.542526 56.311371 -29.449032
v 114.326187 39.123589 -22.496510
v 103.676430 49.515381 -30.367821
v 103.110336 7.285388 -33.293636
v 102.950157 18.760326 -9.654492
v 104.692390 56.311371 -30.801001
v 103.085617 39.123585 -36.056435
v 89.515266 16.814167 -27.168072
v 88.087120 46.592537 -33.188931
v 83.960732 33.017078 -32.559799
v 103.031876 26.609547 -31.804516
v 96.628891 36.621494 -26.541080
v 113.427208 -4.596851 -26.543293
v 113.427200 -27.191580 -25.617239
v 113.427193 -42.635624 -26.543289
v 94.965210 -32.097679 -26.542339
v 113.427208 -17.456699 -28.368053
v 98.320778 -9.014142 -10.688564
v 147.393204 -49.306816 -16.818199
v 136.887772 -49.454693 -21.509378
v 128.195084 -49.196503 -22.722998
v 121.637062 -47.656609 -8.156181
v 68.365990 71.387001 -1.946747
v 135.205704 47.566525 -10.956409
v 88.348343 74.626617 -11.665897
v 105.395866 70.838066 -10.153573
v 123.793503 70.501846 -6.176454
v 134.995270 62.545086 -1.946747
v 135.697525 55.477264 -19.081732
v 150.334534 -79.572617 -11.761065
v 166.859909 -70.189491 -9.507871
v 176.588577 -79.749603 -16.116531
v 157.254822 -87.669174 -10.176829
v 178.627182 -80.253250 -17.036316
v 161.040649 -88.109497 -7.966408
v 183.715698 -90.385780 -14.798487
v 168.704651 -96.324127 -7.210558
v 192.573120 -103.100235 -7.966404
v 186.765137 -90.923271 -16.000576
v 180.452606 -107.099594 -15.965058
v 171.759140 -96.963364 -17.436094
v 145.524353 -78.908089 -10.432040
v 161.794754 -70.727905 -19.498825
v 138.980103 -70.422363 -11.880816
v 154.638779 -61.382542 -17.436094
v 134.227768 -70.289978 -5.513964
v 193.705933 -115.957909 -11.543758
v 187.069244 -110.703827 -18.514492
v 182.460754 -110.671455 -15.308353
v 179.719818 -114.023544 -15.510201
v 171.856659 -131.089966 -11.647545
v 172.082489 -131.481445 -6.276063
v 171.404037 -135.752960 -16.123791
v 165.019714 -119.367752 -17.371151
v 168.074173 -112.094551 -15.360986
v 165.776031 -124.007950 -11.536034
v 161.923950 -129.048706 -431602080.000000
v -431602080.000000 -431602080.000000 -7.380906
v 190.129700 -120.644135 -14.132607
v 177.723953 -125.210045 -7.970890
v 183.332367 -128.333084 -6.137587
v 177.558258 -132.133530 -15.308458
v 158.900909 -119.660309 -16.256353
v 176.545319 -124.134239 -16.644487
v 174.824997 -117.084648 -9.707442
v 162.357254 -134.527985 -12.159841
v 165.617905 -131.392090 -10.570463
v 157.420517 -131.031952 -7.479597
v 151.880402 -141.776627 -4.746894
v 165.027588 -137.615662 -4.746905
v 154.109467 -144.108780 -8.580650
v 148.320328 -144.974121 -4.297429
v 146.900925 -147.951096 -10.947145
v 186.660751 -117.933289 -12.763773
v 185.884018 -110.703842 -15.478656
v 176.014084 -107.911240 -4.378938
v 198.524612 -118.997681 -13.313274
v 153.310623 -126.731514 -17.058853
v 159.949814 -109.662521 -8.934269
v 144.702255 -138.350418 -10.083439
v 141.453964 -135.910126 -11.353997
v 145.606964 -130.841003 -21.340740
v 187.919907 -96.639359 -14.535584
v 125.384094 -128.437744 -13.685248
v 129.057159 -123.907669 -19.450686
v 111.008072 -112.239487 -18.600344
v 118.092163 -110.750122 -23.222525
v 112.360657 -88.379669 -21.181475
v 118.878265 -90.110870 -22.953367
v 131.431747 -65.079834 -19.702009
v 135.528366 -68.725121 -12.597057
v 147.378922 -49.108410 -13.273654
v 148.039902 -55.866531 -4.911201
v 175.928894 -130.306992 -4.570593
v 185.675537 -98.231201 -3.918092
v 172.603745 -76.107506 -3.797293
v 158.222443 -67.801865 -0.000011
v 180.101898 -83.562965 -0.000015
v 184.189026 -90.334366 -0.000007
v 202.987564 -74.978851 4.273510
v 182.145493 -86.948662 -4.273487
v 182.145508 -86.948662 23.326015
v 123.765579 -48.446083 22.212660
v 128.790710 -47.740540 25.799570
v 126.105072 -32.638031 25.394661
v 126.961128 -48.814713 20.144028
v 125.595200 -47.371834 24.152594
v 121.820274 -47.464809 23.196484
v 125.508545 -45.144089 27.299683
v 120.355667 -38.989182 24.906208
v 124.453255 -46.629295 21.420040
v 122.875580 -45.979565 22.568140
v 126.876419 -44.998260 21.454779
v 130.894714 -48.097069 25.041689
v 136.886505 -38.270069 24.636776
v 128.847458 -47.540359 19.386147
v 128.923737 -45.554947 20.564196
v 131.464462 -47.495682 20.523249
v 130.785950 -52.646111 21.812399
v 143.785522 -52.940788 23.325296
v 130.749298 -50.043510 17.762157
v 131.501160 -50.098320 25.026464
v -0.218765 23.840830 29.487246
v -0.218763 35.664219 26.110247
v -0.218767 -75.879074 11.974749
v -0.218763 24.344343 32.048988
v -0.218767 -63.908474 16.940329
v -0.218767 -75.721725 13.845749
v 20.102728 44.960667 9.768970
v 66.289886 41.719643 30.442869
v 116.098816 18.364029 7.060244
v 80.657684 35.374420 10.827942
v -0.218767 -64.571136 11.970021
v 12.913580 41.485104 11.388526
v 173.687561 -95.385254 7.652636
v 85.090836 -42.008438 0.000005
v 82.702652 -44.107368 12.599139
v 13.278494 -60.742950 22.905090
v 88.270775 -70.143364 16.016998
v 30.273518 -52.915756 9.656771
v 59.003922 42.831623 8.885199
v 79.566284 -59.193626 10.758974
v 74.787727 -58.844608 9.344272
v -0.218765 35.458378 24.388287
v 101.652924 11.666162 25.233967
v -0.218767 -55.138569 21.300732
v 82.774040 -47.327576 28.898197
v 85.486649 -59.335682 13.479547
v 60.188366 -57.778286 0.000000
v 80.453766 -60.855728 18.491936
v 91.479645 11.304653 15.796564
v 21.949635 -53.558270 11.598573
v 52.184059 45.135231 13.815541
v 29.563082 46.487011 12.264256
v 55.364811 -57.515648 14.774447
v 50.359848 -56.373962 7.196732
v 85.690430 13.849185 14.740430
v 88.750854 13.546802 -0.000020
v 147.444275 -105.467628 7.801613
v 154.562683 -103.337341 12.942716
v 164.634811 -100.925934 5.401504
v 104.333336 54.682297 -0.000000
v 101.464508 52.875572 18.015354
v 112.492645 50.172134 0.000000
v 90.060860 30.717243 6.187785
v 90.394730 33.127144 0.000002
v 85.144630 14.251159 8.089187
v 188.679565 -112.865067 17.374592
v 195.341766 -112.543503 14.343874
v 188.226013 -112.535820 12.532486
v 185.592209 -111.724548 10.724632
v 184.795654 -117.072601 8.306724
v 186.726044 -118.312820 12.532486
v 185.592209 -111.724548 32.284603
v 97.535492 -63.659451 28.438711
v 88.523384 -70.843529 28.438711
v 88.523384 -70.843529 15.968844
v 81.834488 -74.428291 15.968844
v 81.834488 -74.428291 -0.000004
v 78.735580 -77.633141 21.746159
v 122.115601 -44.032146 24.940332
v 123.193581 -44.032146 19.175243
v 129.733475 -44.032143 22.369417
v 130.811462 -44.032143 17.889784
v 133.542419 -50.994995 21.083956
v 134.620407 -50.994999 19.175241
v 129.733475 -57.957844 22.369415
v 130.811462 -57.957840 21.746159
v 122.115593 -57.957848 24.940332
v 123.193588 -57.957840 26.225792
v 119.384644 -50.994995 23.031618
v 118.306656 -50.994995 24.854156
v 128.206360 0.311961 12.206956
v 143.428802 -0.557070 0.000003
v 145.378281 -1.310253 21.245504
v 134.404953 0.414742 33.293640
v 102.950165 18.760326 30.367819
v 103.110329 7.285388 22.496510
v 103.676422 49.515377 30.801004
v 103.085617 39.123589 30.801004
v 103.085617 39.123589 32.559799
v 103.031876 26.609550 28.557699
v 113.427208 3.714550 30.367819
v 103.110329 7.285388 26.543297
v 113.427200 -27.191582 25.617241
v 113.427193 -42.635620 26.541084
v 113.427208 -4.596854 26.542341
v 113.427208 -17.456697 9.507878
v 176.588577 -79.749596 -0.000017
v 181.971878 -78.120872 -0.000017
v 179.306015 -78.696869 10.176840
v 178.627151 -80.253242 16.116529
v 157.254822 -87.669174 17.036314
v 161.040649 -88.109497 14.798491
v 168.704620 -96.324127 7.966423
v 183.715698 -90.385773 -0.000004
v 188.708435 -89.390541 17.436094
v 145.524353 -78.908089 10.432043
v 161.794739 -70.727905 -0.000020
v 163.730667 -69.520538 11.880812
v 154.638779 -61.382542 19.498825
v 138.980103 -70.422363 11.761065
v 147.409012 -62.708389 -0.000010
v 156.460159 -59.100285 17.436094
v 145.524353 -78.908089 11.353949
v 145.606934 -130.841003 10.083383
v 141.453934 -135.910126 -25.026466
v -0.218763 23.840828 -29.487246
v -0.218767 35.664219 -26.110249
v -0.218767 -75.879074 -11.974750
v -0.218767 24.344345 -32.048988
v -0.218767 -63.908474 -16.940323
v -0.218767 -75.721718 -13.845749
v 20.102728 44.960667 -9.768972
v 66.289886 41.719643 -0.000050
v 142.621567 -149.059937 -0.000008
v 110.587135 -84.323380 -30.442871
v 116.098816 18.364033 -7.060243
v 80.657684 35.374420 -10.827944
v -0.218767 -64.571136 -0.000018
v 130.151962 -95.335953 -0.000038
v 139.699051 -130.243011 -0.000022
v 145.606018 -119.919052 -11.970018
v 12.913580 41.485104 -11.388517
v 173.687592 -95.385254 0.000005
v 82.702652 -44.107368 -0.000035
v 130.285797 -137.549042 -0.000035
v 134.811218 -132.248108 -7.652636
v 85.090836 -42.008434 0.000010
v 82.699898 -26.134655 0.000005
v 82.702652 -44.107368 -0.000001
v 190.321564 -120.140793 0.000004
v 192.341965 -113.569931 -0.000009
v 184.793533 -126.953484 -0.000008
v 150.199051 -60.223068 -0.000003
v 148.233002 -49.637791 0.000000
v 90.060860 30.717243 0.000006
v 84.471046 -4.258129 0.000003
v 142.006378 -31.417097 -0.000003
v 87.954414 -75.060959 0.000000
v 80.453766 -60.855728 -12.599142
v 13.278494 -60.742950 -22.905088
v 88.270775 -70.143364 -16.016998
v 30.273518 -52.915756 -9.656772
v 59.003922 42.831619 -8.885197
v 79.566284 -59.193626 -10.758972
v 74.787720 -58.844612 -9.344270
v -0.218765 35.458378 -24.388285
v 101.652924 11.666163 -25.233967
v -0.218767 -55.138569 -0.000020
v 147.444275 -105.467628 -0.000012
v 147.419434 -109.424416 -21.300734
v 82.774048 -47.327576 -28.898199
v 85.486649 -59.335686 -13.479547
v 60.188366 -57.778286 0.000000
v 80.453766 -60.855728 -0.000000
v 101.464508 52.875572 -0.000041
v 132.688004 -146.206970 -18.491932
v 91.479645 11.304652 -15.796567
v 21.949635 -53.558266 -13.815540
v 29.563082 46.487011 -11.598573
v 52.184059 45.135231 -12.264256
v 55.364807 -57.515656 -14.774447
v 50.359852 -56.373962 0.000003
v 86.523056 8.705425 -7.196743
v 85.690430 13.849187 -14.740429
v 88.750854 13.546802 -0.000028
v 148.139420 -147.307541 -7.801621
v 154.562698 -103.337341 -0.000020
v 147.444275 -105.467628 -12.942716
v 164.634827 -100.925934 -5.401506
v 104.333336 54.682297 -0.000000
v 101.464508 52.875572 -0.000002
v 120.691170 54.460541 -18.015352
v 112.492653 50.172138 -0.000001
v 92.271317 44.692596 -6.187784
v 90.394730 33.127144 0.000000
v 90.060860 30.717243 -0.000019
v 158.539505 -139.987259 0.000002
v 85.144630 14.251159 0.000002
v 85.144630 14.251159 -0.000006
v 97.146835 -81.823631 -8.089181
v 188.679596 -112.865067 -17.374573
v 195.341812 -112.543510 -14.343867
v 188.226044 -112.535820 -12.532483
v 185.592239 -111.724548 -10.724637
v 184.795685 -117.072601 -8.306726
v 186.726059 -118.312836 -12.532483
v 185.592239 -111.724548 -0.000006
v 90.889099 -87.984833 -0.000004
v 78.735580 -77.633141 -0.000011
v 107.922348 -92.803139 -32.284603
v 97.535484 -63.659447 -28.438713
v 88.523392 -70.843536 -28.438713
v 88.523392 -70.843536 -15.968849
v 81.834496 -74.428291 -15.968849
v 81.834496 -74.428291 -0.000004
v 78.735580 -77.633141 -21.746157
v 122.115601 -44.032146 -24.940331
v 123.193573 -44.032146 -19.175243
v 129.733475 -44.032150 -22.369417
v 130.811462 -44.032150 -17.889788
v 133.542419 -50.994995 -21.083961
v 134.620407 -50.995003 -19.175245
v 129.733475 -57.957844 -22.369419
v 130.811462 -57.957844 -21.746159
v 122.115601 -57.957844 -26.225788
v 119.384636 -50.994995 -24.940332
v 123.193581 -57.957844 -23.031616
v 118.306648 -50.994991 -0.000002
v 153.296432 -46.582962 0.000000
v 146.056915 -39.872421 0.000005
v 142.516556 -26.051493 0.000005
v 143.838181 -14.828514 0.000004
v 146.334183 -7.480953 0.000003
v 149.393799 -3.082249 0.000003
v 145.378281 -1.310253 -24.854155
v 128.206360 0.311961 -0.000002
v 146.497940 35.365540 -0.000001
v 148.144730 18.174454 -0.000004
v 138.853012 48.522114 -12.206959
v 143.428802 -0.557070 0.000003
v 145.378281 -1.310253 -0.000001
v 126.717674 54.460556 -21.245502
v 134.404953 0.414742 -0.000001
v 114.513596 56.644112 -33.293636
v 102.950157 18.760326 -30.367821
v 103.110336 7.285388 -22.496510
v 103.676430 49.515381 -30.801001
v 103.085617 39.123585 -30.801001
v 103.085617 39.123585 -32.559799
v 103.031876 26.609547 -0.000001
v 104.080383 56.644112 -28.557705
v 113.427216 3.714551 -30.367821
v 103.110336 7.285388 -26.543293
v 113.427200 -27.191580 -25.617239
v 113.427193 -42.635624 -26.541080
v 113.427208 -4.596851 -26.542339
v 113.427208 -17.456699 -0.000003
v 149.464066 -49.305656 -0.000003
v 133.257965 55.951721 -0.000000
v 124.552444 62.829288 -0.000001
v 69.779251 62.785019 0.000000
v 106.995224 80.059586 -0.000002
v 51.980034 64.531029 -0.000002
v 41.010086 70.636749 -0.000005
v 138.636322 55.077827 0.000000
v 141.873154 61.897835 -0.000001
v 128.197632 77.587112 0.000000
v 105.659096 63.496090 -0.000002
v 88.551224 65.241280 0.000000
v 69.190529 79.474976 -0.000004
v 136.784637 45.492519 -0.000003
v 132.858414 49.497547 -0.000022
v 169.489304 -68.349388 -0.000017
v 179.306015 -78.696869 -0.000004
v 188.708435 -89.390541 -0.000017
v 181.971878 -78.120872 -9.507871
v 176.588577 -79.749603 -0.000017
v 179.306015 -78.696869 -16.116531
v 157.254822 -87.669174 -0.000005
v 191.777222 -89.390541 0.000011
v 194.554413 -102.576363 -0.000020
v 163.730667 -69.520538 -17.436094
v 145.524353 -78.908089 -10.432040
v 161.794754 -70.727905 -0.000010
v 156.460159 -59.100285 -0.000020
v 163.730667 -69.520538 -11.761063
v 147.409012 -62.708389 -0.000008
v 149.931793 -59.891735 0.000002
v 194.772522 -119.253304 -0.000008
v 183.979584 -129.027496 -0.000015
v 172.544220 -135.391815 -0.000002
v 193.219528 -125.207909 -0.000030
v 165.408325 -137.777542 -0.000028
v 147.617340 -148.834732 0.000009
v 206.111374 -116.488541 -0.000052
v 144.307022 -150.292206 -11.353997
v 145.606964 -130.841003 -10.083439
v 141.453964 -135.910126 -0.000003
v 150.465057 -47.795483 -0.000004
v 151.005066 -53.550529 0.000009
v 186.798691 -102.485771 0.000026
v 217.427429 -95.674500 0.000013
v 184.552307 -93.976654 -0.000031
v 174.727798 -78.789749 -0.000017
v 187.522568 -64.924225 -0.000026
v 170.479523 -73.425247 -0.000019
v 160.512115 -70.094498 -0.000012
v 172.058655 -55.600864 -0.000014
v 155.932571 -65.509186 -0.000015
v 184.189026 -90.334366 -0.000007
v 202.987564 -74.978851 -0.000011
v 180.101898 -83.562965 22.212660
v 128.790710 -47.740540 25.799570
v 126.105072 -32.638031 23.326015
v 123.765579 -48.446083 23.196484
v 125.508545 -45.144089 27.299683
v 120.355667 -38.989182 24.152594
v 121.820274 -47.464809 21.454779
v 130.894714 -48.097069 25.041689
v 136.886505 -38.270069 22.568140
v 126.876419 -44.998260 20.523249
v 130.785950 -52.646111 21.812399
v 143.785522 -52.940788 20.564196
v 131.464462 -47.495682 0.268801
v 141.756042 -19.457256 -2.118279
v 139.431503 -23.592085 3.064539
v 139.044327 -17.183254 -4.758423
v 144.769989 -18.883190 -5.017797
v 142.970459 -17.834503 -9.857145
v 147.915283 -14.747650 -10.479658
v 145.456039 -13.658243 -6.088837
v 149.592667 -6.469028 -2.401227
v 141.614502 -10.834626 2.959596
v 149.725555 -11.523702 2.994677
v 144.114517 -14.940340 3.057726
v 147.562622 -10.968644 4.831243
v 141.888916 -19.635073 7.610956
v 139.760086 -24.031780 10.299192
v 145.278519 -19.563698 10.772567
v 143.503723 -18.548126 15.526406
v 148.772522 -15.894825 16.408703
v 146.364090 -14.873428 12.414989
v 150.217575 -7.305283 8.894590
v 141.995987 -11.345124 3.064539
v 139.044327 -17.183254 -2.401227
v 141.614502 -10.834626 2.994677
v 144.114517 -14.940340 3.064539
v 139.044327 -17.183254 3.064539
v 139.044327 -17.183254 8.894590
v 141.995987 -11.345124 2.959596
v 149.725555 -11.523702 2.994677
v 144.114517 -14.940340 3.057726
v 147.562622 -10.968644 2.994677
v 144.114517 -14.940340 0.870551
v 158.356461 -14.674011 -1.819773
v 158.790421 -11.343576 -3.487124
v 175.140350 -14.982183 2.784002
v 158.445160 -8.874248 1.989616
v 177.650391 -12.097709 -0.985223
v 146.393738 -13.173350 2.926741
v 146.705765 -14.489332 3.129826
v 146.201508 -10.372822 3.058404
v 137.293304 -18.610445 1.804749
v 173.198730 -19.514862 7.112805
v 159.092133 -11.747298 7.340710
v 175.506088 -15.471565 6.953465
v 146.661896 -13.532149 2.524868
v 158.356461 -14.674011 1.989616
v 177.650391 -12.097709 2.784002
v 158.445160 -8.874248 2.926741
v 146.705765 -14.489332 3.129826
v 146.201508 -10.372822 3.058404
v 137.293304 -18.610445 1.804749
v 173.198730 -19.514862 0.007965
v 166.463867 -10.532907 12.785727
v 165.505615 -9.142644 15.802187
v 157.311935 -18.289427 10.749269
v 154.875580 -24.778400 3.672822
v 161.492844 -24.882833 3.871129
v 169.328491 -14.860471 12.275241
v 167.904236 -13.806049 14.679721
v 161.348816 -22.448935 11.105688
v 159.231796 -27.032387 3.946233
v 170.029831 -10.591361 14.830100
v 169.029236 -8.373210 17.660265
v 159.666718 -20.478821 11.553227
v 155.514694 -28.491219 12.785727
v 165.505615 -9.142644 4.548157
v 166.463867 -10.532907 15.802187
v 157.311935 -18.289427 10.749269
v 154.875580 -24.778400 0.529241
v 172.798416 -12.962821 14.357848
v 171.531616 -12.171182 18.867056
v 162.830856 -24.116407 9.610154
v 159.422440 -32.059975 2.619402
v 166.521164 -31.926229 3.844722
v 178.630157 -18.748018 14.411221
v 176.552841 -18.357920 17.436714
v 168.376755 -29.346947 10.045961
v 165.347488 -34.884026 3.941173
v 179.473587 -13.356238 17.635359
v 177.929733 -11.495551 21.202488
v 166.050140 -26.868734 10.619341
v 160.369308 -36.743263 14.357848
v 171.531616 -12.171182 4.194489
v 172.798416 -12.962821 18.867056
v 162.830856 -24.116407 9.610154
v 159.422440 -32.059975 0.531537
v 181.490250 -19.041815 13.115608
v 181.636719 -17.277147 18.066803
v 171.186508 -29.012466 9.908545
v 164.598083 -36.695980 2.311301
v 170.584641 -37.339561 3.183265
v 186.682144 -25.249382 13.220537
v 185.869385 -23.785997 16.569529
v 175.986740 -34.532867 10.347088
v 170.742874 -40.622086 3.261820
v 187.492447 -20.071947 16.041569
v 186.545929 -18.649549 20.635561
v 173.808029 -31.511873 10.953013
v 166.434708 -42.110218 13.115608
v 181.636719 -17.277147 3.521957
v 181.490250 -19.041815 18.066803
v 171.186508 -29.012466 9.908545
v 164.598083 -36.695980 0.530438
v 192.367813 -35.615726 -5.275037
v 194.009186 -30.014767 0.627089
v 198.192856 -26.837349 1.748337
v 173.835388 -20.240387 -4.103044
v 187.830719 -25.420979 1.061877
v 191.315216 -22.359772 -3.679103
v 176.771637 -16.058580 1.890458
v 178.939484 -13.280205 0.974106
v 184.757172 -29.204489 6.487263
v 194.406662 -30.546413 6.152897
v 188.177277 -25.884541 7.320337
v 177.143311 -16.555744 1.061877
v 191.315216 -22.359772 0.627089
v 198.192856 -26.837349 0.974106
v 184.757172 -29.204489 0.427149
v 192.367813 -35.615726 1.890458
v 178.939484 -13.280205 1.748337
v 173.835388 -20.240387 0.009850
v 181.355865 -18.862789 -9.804505
v 180.861084 -16.240364 -15.077742
v 170.065369 -27.513548 -7.219808
v 164.018143 -35.920982 -0.132097
v 170.500931 -37.228313 -0.993519
v 186.539871 -25.059780 -10.780438
v 185.057220 -22.700359 -14.410807
v 174.938736 -33.131767 -8.423316
v 170.107452 -39.772869 -0.659616
v 187.358795 -19.893887 -13.166281
v 185.557816 -17.328566 -18.032024
v 172.500259 -29.763317 -8.869258
v 165.763748 -41.213455 -0.420919
v 181.355865 -18.862789 -9.804505
v 180.861084 -16.240364 -15.077742
v 170.065369 -27.513548 -7.219808
v 164.018143 -35.920982 0.530438
v 172.657089 -12.774472 -9.896842
v 170.710892 -11.074080 -14.867668
v 161.689789 -22.590815 -6.155728
v 158.888580 -31.346560 0.324459
v 166.442490 -31.821690 -0.521330
v 178.481491 -18.549864 -10.845641
v 175.698242 -17.215517 -14.291357
v 167.303497 -27.912052 -7.242411
v 164.762177 -34.101799 -0.188127
v 179.332932 -13.168785 -13.523686
v 176.875702 -10.086375 -17.653162
v 164.736023 -25.111677 -7.644317
v 159.751038 -35.916950 0.045307
v 172.657089 -12.774472 -9.896842
v 170.710892 -11.074080 -14.867668
v 161.689789 -22.590815 -6.155728
v 158.888580 -31.346560 0.531537
v 166.320755 -10.342067 -7.654641
v 164.813950 -8.218083 -10.924189
v 156.407883 -17.080746 -6.323949
v 154.297714 -24.006035 0.252363
v 161.376312 -24.727560 0.430573
v 169.211288 -14.704290 -7.729214
v 167.227310 -12.901192 -10.455625
v 160.498505 -21.312166 -7.174685
v 158.613129 -26.205460 0.693394
v 169.918961 -10.443666 -9.854077
v 168.194183 -7.256829 -13.126392
v 158.625443 -19.086618 -7.500427
v 154.869888 -27.629337 0.340791
v 166.320755 -10.342067 -7.654641
v 164.813950 -8.218083 -10.924189
v 156.407883 -17.080746 -6.323949
v 154.297714 -24.006035 0.529241
v 188.115768 -18.367012 9.697105
v 186.949356 -22.631884 1.635034
v 189.741257 -10.865802 12.684198
v 191.384933 -14.898354 18.664631
v 184.781998 -29.667589 24.258823
v 188.463287 -24.312817 16.550299
v 171.418945 -0.678265 2.290209
v 166.507721 5.025467 30.256477
v 173.634094 -9.333564 20.349508
v 149.160873 13.168765 4.569989
v 143.247162 19.297127 35.903831
v 155.385986 2.952590 -7.247988
v 186.376587 -21.865953 -9.818112
v 190.624313 -13.881232 -16.646524
v 183.588440 -28.071499 -21.970720
v 186.900665 -22.223207 -11.032744
v 170.486588 0.568511 -25.581112
v 171.746689 -6.809658 -12.060075
v 148.065369 14.633698 -28.855722
v 153.196991 5.879762 9.697106
v 186.949356 -22.631886 1.350917
v 188.115768 -18.367012 18.664627
v 184.782013 -29.667591 13.290853
v 197.315338 -19.520338 1.049534
v 199.485291 -16.532429 23.641275
v 192.774918 -25.538149 -7.247987
v 186.376602 -21.865955 -16.646523
v 183.588440 -28.071501 -11.237065
v 196.486267 -18.411657 -21.758070
v 191.240356 -23.486065 1.350917
v 188.115768 -18.367012 1.635034
v 189.741257 -10.865802 2.290209
v 166.507721 5.025467 4.569989
v 143.247162 19.297127 1.350917
v 188.115768 -18.367012 1.049534
v 199.485291 -16.532429 0.996184
v 173.939697 -5.249549 3.982238
v 182.679352 -10.361455 3.492259
v 181.493042 -11.942018 0.681133
v 190.271408 -15.362955 -0.253576
v 188.100372 -16.721207 -7.432862
v 184.837723 -7.202207 -9.204346
v 191.183624 -13.108624 -12.173569
v 186.918564 -10.497532 -8.859666
v 189.286819 -14.505155 3.492259
v 181.493042 -11.942018 -0.253576
v 188.100372 -16.721207 -8.859666
v 189.286819 -14.505155 0.743189
v 190.767700 -15.953954 -18.657629
v 180.854736 -28.506372 -12.985519
v 174.647430 -35.158875 -10.372294
v 172.814331 -34.397343 -16.000023
v 193.937958 -15.542611 -18.972033
v 183.898026 -29.436474 -13.156298
v 176.019180 -36.539661 -17.547140
v 192.604431 -14.174504 -20.289484
v 182.240005 -28.969170 -14.902044
v 174.334549 -36.778950 -15.475591
v 190.767700 -15.953954 -18.657629
v 180.854736 -28.506372 -12.985519
v 174.647430 -35.158875 0.613091
v 185.214417 -16.122059 -22.656162
v 185.740860 -14.351889 -22.462997
v 191.759293 -16.605352 -31.872355
v 187.537659 -12.560951 -31.002815
v 183.904358 -12.270621 -19.028336
v 186.947021 -9.730913 -29.831532
v 184.661713 -8.437515 -41.948696
v 185.403275 -10.757487 -40.808155
v 180.086014 -10.015874 -38.898159
v 181.121872 -4.631313 -17.138947
v 193.304764 -11.752542 -20.605284
v 192.173782 -11.778731 -31.000126
v 188.606735 -8.991872 -41.092304
v 186.532700 -5.364195 -17.474363
v 186.444366 -16.595263 -15.306471
v 187.338593 -12.199861 -18.135023
v 191.303238 -17.863855 -15.198701
v 192.869232 -13.955480 -43.852180
v 184.316177 -9.353333 -43.171642
v 179.967499 -8.831507 -41.515049
v 181.194824 -4.673679 -43.192028
v 185.276749 -5.064913 -22.656162
v 185.740860 -14.351889 -20.049694
v 185.214417 -16.122059 -31.002815
v 183.904358 -12.270621 -40.808155
v 180.086014 -10.015874 -17.474363
v 186.444366 -16.595263 -15.306471
v 187.338593 -12.199861 -43.171642
v 179.967499 -8.831507 -43.852180
v 184.316177 -9.353333 0.258924
v 183.601013 -9.954152 -54.316948
v 184.559418 -15.202489 -55.152752
v 182.567169 -15.203895 -44.387325
v 180.860077 -10.119300 -61.156742
v 186.146957 -16.392958 -63.211029
v 183.913986 -17.167364 -55.804390
v 182.666428 -12.447564 -46.491165
v 182.391861 -8.005086 -63.119381
v 184.870193 -14.794839 -55.804390
v 182.666428 -12.447564 -63.119381
v 184.870193 -14.794839 -46.491165
v 182.391861 -8.005086 0.059588
v 186.262253 -6.540317 -46.984715
v 181.752945 -6.131897 -54.773502
v 183.965317 -10.081287 -53.996422
v 186.127060 -9.167449 -44.301472
v 185.170700 -10.529979 -53.498814
v 185.104858 -12.113729 -62.333179
v 183.853668 -12.876987 -62.846661
v 188.326645 -13.112681 -59.801254
v 186.878326 -17.075020 -44.940514
v 180.703415 -10.638029 -63.000988
v 182.828720 -17.754766 -42.292267
v 184.894379 -5.634903 -41.213982
v 184.350906 -9.326409 -43.620361
v 181.137833 -5.166544 -42.058418
v 179.965240 -8.126423 -65.718529
v 184.160233 -14.584177 -65.774467
v 188.059448 -15.076599 -63.478985
v 186.937454 -18.345074 -65.108589
v 183.600479 -18.135050 -44.940514
v 180.703415 -10.638029 -59.801254
v 186.878326 -17.075020 -53.498814
v 185.104858 -12.113729 -42.058418
v 179.965240 -8.126423 -43.620361
v 181.137833 -5.166544 -63.000988
v 182.828720 -17.754766 -65.108589
v 183.600479 -18.135050 -65.718529
v 184.160233 -14.584177 0.168920
v 316.313019 -124.815742 -118.988121
v 307.049561 -142.083023 -119.540695
v 303.124573 -150.099442 -89.543350
v 300.673645 -103.972633 -120.187408
v 284.652405 -130.469940 -121.537048
v 278.432343 -141.671158 -99.292831
v 273.364471 -105.962654 -117.851326
v 264.493408 -117.640518 -117.496964
v 258.552521 -126.415031 -95.591011
v 253.320190 -91.137825 -106.590904
v 244.301376 -93.671562 -105.539017
v 237.822586 -98.889648 -92.064987
v 232.937531 -76.420143 -97.428452
v 231.193054 -75.731735 -95.927383
v 227.331436 -79.619972 -102.011391
v 333.195557 -137.718063 -114.198563
v 328.284393 -148.984970 -115.396545
v 325.868042 -154.404739 -100.882477
v 352.335388 -144.878876 -111.190643
v 304.644653 -147.281708 -109.747581
v 281.432556 -137.430313 -107.411491
v 261.273560 -124.600876 -98.109581
v 241.685577 -99.326164 -90.563919
v 229.075912 -80.308388 -110.092766
v 327.018097 -151.722351 -33.192474
v 102.483139 72.230888 -32.497684
v 107.881874 70.775551 -37.861134
v 106.137421 71.463959 -36.360081
v 102.275810 67.575699 -30.996624
v 104.020271 66.887291 -79.267036
v 209.057388 -46.390526 -84.626816
v 208.866135 -47.177517 -86.653259
v 209.586304 -53.984619 -78.422585
v 206.952637 -51.313953 -75.758301
v 197.545288 -35.589306 -84.359558
v 204.794266 -45.256073 -82.927940
v 201.198364 -48.032959 -78.654221
v 203.034622 -49.059891 -93.097588
v 205.514771 -59.674000 -91.328423
v 207.436691 -62.947857 -88.734032
v 204.168976 -62.583225 -91.390739
v 201.998230 -61.096336 -92.064987
v 232.937531 -76.420143 -97.428452
v 231.193054 -75.731735 -95.927383
v 227.331436 -79.619972 -90.563919
v 229.075912 -80.308388 -84.359558
v 204.794266 -45.256073 -82.927940
v 201.198364 -48.032959 -78.654221
v 203.034622 -49.059891 -86.653259
v 209.586304 -53.984619 -84.626816
v 208.866135 -47.177517 -78.422585
v 206.952637 -51.313953 0.160822
v 169.588242 -7.867629 8.339108
v 181.871765 -9.414962 7.072492
v 181.288956 -10.898737 13.761452
v 186.259979 -16.115213 12.079223
v 184.656982 -17.540852 17.226469
v 174.478455 -12.776186 20.546864
v 179.391708 -19.343489 19.956602
v 173.716064 -18.219393 18.382439
v 178.849854 -20.173344 12.079223
v 184.656982 -17.540852 7.072492
v 181.288956 -10.898737 18.382439
v 178.849854 -20.173344 0.743189
v 176.498947 -24.660751 12.270169
v 172.836258 -36.627052 2.039202
v 175.027176 -38.969364 -0.468437
v 175.217712 -36.861160 25.555386
v 178.078293 -24.697390 14.387543
v 174.991226 -37.675125 2.649568
v 176.354660 -40.266537 25.895851
v 175.670166 -24.338804 14.022341
v 172.870056 -37.940392 2.231022
v 174.214676 -41.356556 12.270169
v 172.836258 -36.627052 22.727119
v 176.498947 -24.660751 2.039202
v 175.027176 -38.969364 0.613091
v 169.477615 -25.186857 25.876406
v 169.079117 -27.701151 21.783882
v 172.856018 -30.914146 28.571257
v 165.979553 -36.332756 29.874935
v 163.851974 -33.537212 29.136787
v 173.686798 -25.674171 32.981640
v 166.475052 -33.211578 32.712856
v 159.470367 -43.390972 34.938084
v 156.400024 -39.422909 39.264912
v 160.210312 -38.733803 24.850853
v 178.741272 -27.713959 25.804695
v 175.967896 -29.880491 31.383457
v 168.573074 -36.417870 37.202259
v 162.770676 -43.614216 22.653204
v 171.648300 -23.778265 26.062376
v 175.131912 -22.748262 20.004023
v 174.447937 -27.064331 22.606524
v 178.679932 -25.773233 34.706249
v 158.120438 -44.381310 36.491779
v 155.438660 -41.337246 39.661308
v 158.800949 -40.904465 38.259182
v 160.779877 -44.611938 23.946678
v 169.477615 -25.186857 25.876406
v 169.079117 -27.701151 29.874935
v 163.851974 -33.537212 34.938084
v 156.400024 -39.422909 22.653204
v 171.648300 -23.778265 26.062376
v 175.131912 -22.748262 36.491779
v 155.438660 -41.337246 34.706249
v 158.120438 -44.381310 0.257227
v 161.338455 -45.609760 36.398392
v 156.819443 -45.438736 29.204046
v 155.816406 -50.767216 29.809410
v 158.187973 -51.115341 32.806248
v 160.534424 -42.044712 27.663498
v 157.134674 -49.051685 23.675373
v 152.830399 -55.816444 22.187380
v 156.804993 -57.338024 20.291496
v 156.144455 -52.537857 33.518543
v 156.133392 -41.337353 19.352510
v 151.191742 -53.837318 38.004681
v 161.425766 -42.551479 35.325703
v 160.951996 -39.779491 38.772430
v 157.502136 -42.883930 37.086113
v 156.676605 -39.875549 20.713392
v 151.783951 -57.961384 19.323906
v 155.358170 -58.823833 17.653967
v 154.805984 -55.066517 17.970459
v 151.145432 -55.645645 33.518543
v 156.133392 -41.337353 27.663498
v 157.134674 -49.051685 20.291496
v 156.144455 -52.537857 37.086113
v 156.676605 -39.875549 38.772430
v 157.502136 -42.883930 19.352510
v 151.191742 -53.837318 17.970459
v 151.145432 -55.645645 20.713392
v 151.783951 -57.961384 0.168920
v 158.648285 -43.045456 24.739601
v 156.056564 -48.159733 24.873026
v 153.907013 -48.330826 34.164200
v 156.519531 -41.153744 20.512331
v 155.054443 -53.802975 19.524069
v 152.185974 -54.578358 27.009497
v 154.027954 -50.188972 34.798203
v 157.414124 -44.322357 21.421751
v 153.329224 -55.860310 27.009497
v 154.027954 -50.188972 21.421751
v 153.329224 -55.860310 34.798203
v 157.414124 -44.322357 0.059588
v 138.608643 -22.465071 -6.581903
v 138.172180 -23.705378 -8.823631
v 144.310623 -22.801363 -13.820846
v 141.629730 -30.578527 -10.484438
v 136.528503 -29.965233 -9.599858
v 135.064484 -18.716515 -14.241138
v 133.312241 -26.058054 -17.806488
v 138.221939 -39.937489 -13.450559
v 132.177231 -40.069260 -11.936908
v 145.568909 -15.943106 -12.289927
v 142.364029 -18.029032 -17.637808
v 138.535843 -26.835968 -23.357977
v 134.927902 -35.943207 -1.862586
v 139.407196 -20.548241 -6.292843
v 137.063675 -15.784095 -5.844259
v 145.046127 -19.933155 -8.897676
v 146.088852 -14.653762 -10.738777
v 140.031677 -12.281931 -19.693542
v 135.394730 -42.985603 -16.389374
v 130.826385 -43.403816 -19.367174
v 128.759384 -37.158546 -23.950157
v 133.018845 -40.083923 -6.581903
v 138.172180 -23.705378 -3.218030
v 138.608643 -22.465071 -10.484438
v 136.528503 -29.965233 -13.450559
v 132.177231 -40.069260 -1.862586
v 139.407196 -20.548241 -5.844259
v 145.046127 -19.933155 -16.389374
v 130.826385 -43.403816 -19.693542
v 135.394730 -42.985603 0.231402
v 128.533112 -40.294147 -19.552114
v 126.257484 -36.975536 -22.831898
v 117.035248 -39.373867 -27.065151
v 118.532097 -41.107357 -22.788939
v 128.334137 -46.863934 -25.034008
v 118.426071 -45.929321 -25.763994
v 104.687225 -40.424015 -30.367710
v 107.844208 -42.039307 -27.735243
v 107.903519 -47.586712 -16.475607
v 126.324776 -43.396309 -20.801050
v 116.725128 -43.566166 -22.689476
v 105.908463 -44.985619 -23.634151
v 132.903992 -40.188313 -21.176529
v 131.761597 -45.211082 -18.866037
v 130.283386 -38.166443 -16.609013
v 131.107391 -42.826283 -30.634787
v 104.288895 -42.692371 -28.122587
v 104.422974 -46.999401 -24.504768
v 102.834618 -45.009197 -20.801050
v 116.725128 -43.566166 -22.689476
v 105.908463 -44.985619 -16.475607
v 126.324776 -43.396309 -16.609013
v 131.107391 -42.826283 -18.866037
v 130.283386 -38.166443 -24.504768
v 102.834618 -45.009197 -28.122587
v 104.422974 -46.999401 0.334734
v 138.998764 -23.020054 12.139444
v 138.799362 -24.557144 14.005666
v 145.086960 -23.845526 18.467739
v 142.736603 -32.043663 15.575053
v 137.411819 -31.144142 15.806803
v 135.939026 -19.864208 19.887426
v 134.491333 -27.594847 21.835846
v 139.581436 -41.728149 17.931648
v 133.239014 -41.481312 17.620749
v 146.596603 -17.290863 18.015545
v 143.415924 -19.406141 22.816463
v 139.941788 -28.663483 27.944540
v 136.712662 -38.252815 7.644577
v 139.706619 -20.988134 12.639872
v 137.708862 -16.643890 11.249363
v 145.619629 -20.720886 14.679398
v 146.902832 -15.733816 17.155949
v 141.004288 -13.547802 23.641403
v 136.883240 -44.938267 20.650242
v 132.087585 -45.067978 24.315132
v 130.268066 -39.118099 28.300097
v 134.832306 -42.433552 8.877219
v 138.998764 -23.020054 12.139444
v 138.799362 -24.557144 15.575053
v 137.411819 -31.144142 17.931648
v 133.239014 -41.481312 7.644577
v 139.706619 -20.988134 11.249363
v 145.619629 -20.720886 20.650242
v 132.087585 -45.067978 23.641403
v 136.883240 -44.938267 0.231402
v 130.505722 -42.845795 24.702515
v 127.776192 -38.969463 28.413443
v 118.810440 -41.690296 32.353588
v 120.606369 -43.791698 26.876480
v 130.057358 -49.100605 29.909536
v 120.340897 -48.411682 32.127220
v 106.705345 -43.049709 36.325531
v 110.184219 -45.060062 33.206863
v 110.038139 -50.347748 21.063566
v 127.603600 -45.086979 26.041201
v 118.343025 -45.684025 28.573942
v 107.688507 -47.311153 27.985609
v 134.693436 -42.509819 25.175053
v 133.362839 -47.295582 23.621693
v 131.738617 -40.077591 20.900404
v 132.384689 -44.512043 36.789955
v 106.656067 -45.748795 33.897038
v 106.596405 -49.811687 30.597948
v 104.754585 -47.510365 26.041201
v 118.343025 -45.684025 28.573942
v 107.688507 -47.311153 21.063566
v 127.603600 -45.086979 20.900404
v 132.384689 -44.512043 23.621693
v 131.738617 -40.077591 30.597948
v 104.754585 -47.510365 33.897038
v 106.596405 -49.811687 0.334734
v 157.170197 -124.510933 26.084423
v 157.170044 -124.510941 3.997484
v 182.783539 -124.159286 26.084534
v 182.783386 -124.159294 0.000000
v 164.078598 -125.046112 -9.797932
v 164.078537 -125.046112 -19.969711
v 175.875107 -124.951279 -9.797873
v 175.875046 -124.951279 0.000000
v 157.170181 -124.232491 -3.840350
v 157.170029 -124.232498 -25.927290
v 182.783524 -123.880844 -3.840240
v 182.783371 -123.880852 0.000000
v 164.078568 -125.324539 20.126841
v 164.078506 -125.324539 9.955062
v 175.875076 -125.229706 20.126900
v 175.875015 -125.229706 0.000000

vt 0.647975 0.623814
vt 0.675457 0.664003
vt 0.691434 0.760602
vt 0.648598 0.732106
vt 0.709847 0.682680
vt 0.977502 0.677993
vt 0.918151 0.790401
vt 0.938851 0.957893
vt 0.717349 0.901043
vt 0.713284 0.935325
vt 0.758671 0.894251
vt 0.810800 0.886777
vt 0.827299 0.830379
vt 0.806127 0.873996
vt 0.893564 0.776911
vt 0.880994 0.794928
vt 0.726218 0.812177
vt 0.702020 0.707638
vt 0.778837 0.780656
vt 0.798598 0.685515
vt 0.856167 0.624908
vt 0.763289 0.582262
vt 0.750422 0.607691
vt 0.839678 0.820550
vt 0.672977 0.802689
vt 0.588148 0.800553
vt 0.648431 0.837719
vt 0.606115 0.959780
vt 0.677734 0.871362
vt 0.692301 0.914775
vt 0.677944 0.881937
vt 0.564822 0.889245
vt 0.582510 0.916070
vt 0.625478 0.884215
vt 0.673275 0.844154
vt 0.733959 0.921293
vt 0.633020 0.784180
vt 0.575256 0.880698
vt 0.544321 0.664003
vt 0.691434 0.760602
vt 0.648598 0.732106
vt 0.709847 0.795181
vt 0.986857 0.677993
vt 0.918151 0.790401
vt 0.938851 0.957893
vt 0.717349 0.988661
vt 0.753480 0.991581
vt 0.738186 0.901043
vt 0.713284 0.935325
vt 0.758671 0.894251
vt 0.810800 0.886777
vt 0.827299 0.984370
vt 0.822584 0.830379
vt 0.806127 0.981428
vt 0.899430 0.873996
vt 0.893564 0.776911
vt 0.880994 0.794928
vt 0.726218 0.812177
vt 0.702020 0.707638
vt 0.778837 0.780656
vt 0.798598 0.685515
vt 0.856167 0.624908
vt 0.763289 0.820550
vt 0.672977 0.802689
vt 0.588148 0.800553
vt 0.648431 0.837719
vt 0.606115 0.992322
vt 0.679515 0.959780
vt 0.677734 0.871362
vt 0.692301 0.914775
vt 0.677944 0.881937
vt 0.564822 0.889245
vt 0.582510 0.949685
vt 0.579985 0.948022
vt 0.549411 0.916070
vt 0.625478 0.884215
vt 0.673275 0.844154
vt 0.733959 0.921293
vt 0.633020 0.784180
vt 0.575256 0.880698
vt 0.544321 0.937751
vt 0.531420 0.246517
vt 0.297095 0.229006
vt 0.315376 0.193388
vt 0.349362 0.260549
vt 0.312445 0.201984
vt 0.363325 0.242541
vt 0.331151 0.151320
vt 0.380910 0.162410
vt 0.396812 0.132684
vt 0.419102 0.228181
vt 0.279014 0.208325
vt 0.294104 0.174078
vt 0.328898 0.133071
vt 0.360197 0.282860
vt 0.284747 0.276487
vt 0.335893 0.251372
vt 0.348912 0.217286
vt 0.376328 0.260863
vt 0.312899 0.203828
vt 0.362982 0.241474
vt 0.331050 0.177582
vt 0.413289 0.161696
vt 0.397477 0.131825
vt 0.419135 0.247038
vt 0.296484 0.229043
vt 0.316737 0.193538
vt 0.349015 0.150738
vt 0.380266 0.282748
vt 0.284382 0.311427
vt 0.390278 0.290511
vt 0.406100 0.253516
vt 0.433047 0.293658
vt 0.363407 0.236394
vt 0.407500 0.273780
vt 0.379803 0.209595
vt 0.462422 0.193317
vt 0.441296 0.145706
vt 0.473980 0.334840
vt 0.421710 0.309207
vt 0.436710 0.266842
vt 0.460327 0.227052
vt 0.484947 0.316770
vt 0.338056 0.516054
vt 0.338284 0.526033
vt 0.658135 0.540002
vt 0.627775 0.548645
vt 0.710846 0.553825
vt 0.635327 0.527110
vt 0.676700 0.546998
vt 0.573517 0.561740
vt 0.573277 0.569569
vt 0.526890 0.589266
vt 0.338231 0.590632
vt 0.414650 0.597035
vt 0.488106 0.527087
vt 0.723188 0.479975
vt 0.641404 0.509355
vt 0.709847 0.495215
vt 0.635500 0.472880
vt 0.578141 0.488646
vt 0.574365 0.480224
vt 0.523105 0.508557
vt 0.627346 0.529665
vt 0.491364 0.526360
vt 0.564679 0.523574
vt 0.623614 0.510913
vt 0.626375 0.507201
vt 0.569067 0.526830
vt 0.520997 0.525267
vt 0.655588 0.538420
vt 0.626680 0.563723
vt 0.491570 0.246517
vt 0.297095 0.229006
vt 0.315376 0.193388
vt 0.349362 0.260549
vt 0.312445 0.201984
vt 0.363325 0.242541
vt 0.331151 0.151320
vt 0.380910 0.162410
vt 0.396812 0.132684
vt 0.419102 0.228181
vt 0.279014 0.208325
vt 0.294104 0.174078
vt 0.328898 0.133071
vt 0.360197 0.282860
vt 0.284747 0.276487
vt 0.335893 0.251372
vt 0.348912 0.217286
vt 0.376328 0.260863
vt 0.312899 0.203828
vt 0.362982 0.241474
vt 0.331050 0.177582
vt 0.413289 0.161696
vt 0.397477 0.131825
vt 0.419135 0.247038
vt 0.296484 0.229043
vt 0.316737 0.193538
vt 0.349015 0.150738
vt 0.380266 0.282748
vt 0.284382 0.311427
vt 0.390278 0.290511
vt 0.406100 0.253516
vt 0.433047 0.293658
vt 0.363407 0.236394
vt 0.407500 0.273780
vt 0.379803 0.209595
vt 0.462422 0.193317
vt 0.441296 0.145706
vt 0.473980 0.334840
vt 0.421710 0.309207
vt 0.436710 0.266842
vt 0.460327 0.227052
vt 0.484947 0.316770
vt 0.338056 0.516054
vt 0.338284 0.526033
vt 0.658135 0.540002
vt 0.627775 0.548645
vt 0.710846 0.553825
vt 0.635327 0.527110
vt 0.676700 0.546998
vt 0.573517 0.561740
vt 0.573277 0.569569
vt 0.526890 0.589266
vt 0.338231 0.590632
vt 0.414650 0.597035
vt 0.488106 0.527087
vt 0.723188 0.479975
vt 0.641404 0.509355
vt 0.709847 0.495215
vt 0.635500 0.472880
vt 0.578141 0.488646
vt 0.574365 0.480224
vt 0.523105 0.508557
vt 0.627346 0.529665
vt 0.491364 0.526360
vt 0.564679 0.523574
vt 0.623614 0.510913
vt 0.626375 0.507201
vt 0.569067 0.526830
vt 0.520997 0.525267
vt 0.655588 0.538420
vt 0.626680 0.563723
vt 0.491570 0.327182
vt 0.244018 0.287648
vt 0.270649 0.428949
vt 0.423923 0.395432
vt 0.417507 0.421637
vt 0.454880 0.328298
vt 0.245470 0.429348
vt 0.423741 0.472550
vt 0.489210 0.451875
vt 0.502497 0.391088
vt 0.474784 0.365812
vt 0.466086 0.366041
vt 0.465979 0.370728
vt 0.442445 0.340305
vt 0.436220 0.341882
vt 0.483013 0.368634
vt 0.223701 0.437930
vt 0.381391 0.458441
vt 0.425766 0.493336
vt 0.474778 0.475940
vt 0.404921 0.477619
vt 0.368665 0.478744
vt 0.369341 0.458038
vt 0.368022 0.465940
vt 0.333477 0.502153
vt 0.363174 0.180674
vt 0.945900 0.105665
vt 0.994314 0.155464
vt 0.941816 0.115574
vt 0.965302 0.139571
vt 0.877750 0.130105
vt 0.899229 0.090998
vt 0.922257 0.065721
vt 0.919845 0.156523
vt 0.941783 0.115112
vt 0.966527 0.130391
vt 0.898593 0.090186
vt 0.922162 0.161489
vt 0.700209 0.236675
vt 0.701026 0.195076
vt 0.626307 0.092822
vt 0.656274 0.091851
vt 0.742637 0.188292
vt 0.772797 0.146620
vt 0.859599 0.055947
vt 0.851374 0.325565
vt 0.812028 0.251821
vt 0.857015 0.334465
vt 0.583398 0.086663
vt 0.550220 0.159022
vt 0.549212 0.009117
vt 0.744292 0.010149
vt 0.651600 0.328584
vt 0.859877 0.146155
vt 0.505215 0.057227
vt 0.906260 0.307532
vt 0.542555 0.233602
vt 0.502731 0.178476
vt 0.589625 0.239227
vt 0.607346 0.374791
vt 0.734739 0.375365
vt 0.666324 0.270884
vt 0.672732 0.266813
vt 0.729976 0.195690
vt 0.992219 0.164646
vt 0.833338 0.223878
vt 0.827600 0.307187
vt 0.463558 0.374291
vt 0.918679 0.379875
vt 0.849493 0.437301
vt 0.715477 0.410845
vt 0.680105 0.461268
vt 0.578741 0.396339
vt 0.599929 0.329839
vt 0.632586 0.396635
vt 0.598660 0.379696
vt 0.509548 0.765363
vt 0.365078 0.765363
vt 0.280900 0.765363
vt 0.365078 0.765363
vt 0.449257 0.765363
vt 0.533435 0.765363
vt 0.449257 0.912882
vt 0.407168 0.912882
vt 0.322989 0.912882
vt 0.322989 0.912882
vt 0.407168 0.912882
vt 0.491346 0.912882
vt 0.491346 0.829152
vt 0.365078 0.829152
vt 0.280423 0.829152
vt 0.365078 0.829152
vt 0.449257 0.829152
vt 0.533435 0.829152
vt 0.449257 0.914775
vt 0.677944 0.921293
vt 0.633020 0.914775
vt 0.677944 0.921293
vt 0.633020 0.623814
vt 0.675457 0.686595
vt 0.647975 0.795181
vt 0.986857 0.682680
vt 0.977502 0.988661
vt 0.753480 0.991581
vt 0.738186 0.984370
vt 0.822584 0.981428
vt 0.899430 0.582262
vt 0.750422 0.607691
vt 0.839678 0.992322
vt 0.679515 0.948022
vt 0.549411 0.949685
vt 0.579985 0.937751
vt 0.531420 0.275086
vt 0.334854 0.251951
vt 0.348959 0.217270
vt 0.376345 0.177064
vt 0.412728 0.228132
vt 0.277474 0.207976
vt 0.295239 0.175091
vt 0.328438 0.131347
vt 0.360518 0.276270
vt 0.341341 0.255356
vt 0.361150 0.221648
vt 0.386790 0.178278
vt 0.417871 0.171589
vt 0.508303 0.352423
vt 0.389277 0.562928
vt 0.417512 0.549364
vt 0.390879 0.573853
vt 0.735537 0.573592
vt 0.642585 0.569435
vt 0.487201 0.577706
vt 0.576946 0.593535
vt 0.545256 0.481061
vt 0.734039 0.497443
vt 0.485188 0.538167
vt 0.417525 0.507944
vt 0.415328 0.505495
vt 0.569354 0.504378
vt 0.548494 0.533830
vt 0.493313 0.563041
vt 0.418427 0.538722
vt 0.418206 0.543990
vt 0.570735 0.549375
vt 0.554946 0.550371
vt 0.393197 0.275086
vt 0.334854 0.217270
vt 0.376345 0.251951
vt 0.348959 0.177064
vt 0.412728 0.228132
vt 0.277474 0.175091
vt 0.328438 0.207976
vt 0.295239 0.131347
vt 0.360518 0.276270
vt 0.341341 0.221648
vt 0.386790 0.255356
vt 0.361150 0.178278
vt 0.417871 0.171589
vt 0.508303 0.352423
vt 0.389277 0.562928
vt 0.417512 0.549364
vt 0.390879 0.573592
vt 0.642585 0.573853
vt 0.735537 0.569435
vt 0.487201 0.577706
vt 0.576946 0.593535
vt 0.545256 0.481061
vt 0.734039 0.538167
vt 0.417525 0.497443
vt 0.485188 0.507944
vt 0.415328 0.505495
vt 0.569354 0.504378
vt 0.548494 0.563041
vt 0.418427 0.533830
vt 0.493313 0.538722
vt 0.418206 0.543990
vt 0.570735 0.549375
vt 0.554946 0.550371
vt 0.393197 0.289380
vt 0.270946 0.452174
vt 0.500910 0.471828
vt 0.488133 0.421976
vt 0.453536 0.396442
vt 0.417421 0.390712
vt 0.473781 0.370366
vt 0.441536 0.339385
vt 0.435399 0.342816
vt 0.482236 0.368607
vt 0.226493 0.491264
vt 0.473995 0.456685
vt 0.425356 0.437359
vt 0.382865 0.475778
vt 0.403914 0.456946
vt 0.367400 0.465512
vt 0.330953 0.500061
vt 0.363111 0.182012
vt 0.946193 0.105512
vt 0.994886 0.140086
vt 0.876759 0.064438
vt 0.919587 0.135911
vt 0.937520 0.119052
vt 0.947911 0.125118
vt 0.917735 0.107116
vt 0.928058 0.884215
vt 0.673275 0.959780
vt 0.677734 0.959780
vt 0.677734 0.884215
vt 0.673275 1.000000
vt 0.305924 0.927637
vt 0.611576 0.982044
vt 0.689680 0.870998
vt 0.053365 0.792038
vt 0.294338 0.287051
vt 0.957165 0.888300
vt 0.092203 0.629124
vt 0.029505 0.822786
vt 0.292143 0.719106
vt 0.708689 0.897915
vt 0.933732 0.405897
vt 0.502581 0.333529
vt 0.911924 0.018976
vt 0.846611 0.822096
vt 0.980835 0.416912
vt 0.261303 0.858346
vt 0.965278 0.799243
vt 0.664830 0.964614
vt 0.634479 0.562992
vt 0.050971 0.980215
vt 0.727704 0.877132
vt 0.618198 0.848839
vt 0.638170 0.937014
vt 0.143976 0.755189
vt 0.685721 0.154065
vt 0.494730 0.415086
vt 0.424219 0.025635
vt 0.813606 0.960264
vt 0.790203 0.754446
vt 0.945643 0.322590
vt 0.473535 0.756302
vt 0.050396 0.289248
vt 0.349112 0.955317
vt 0.671665 0.828096
vt 0.252681 0.837803
vt 0.201472 0.810789
vt 0.166989 0.934112
vt 0.651069 0.824437
vt 0.114523 0.852654
vt 0.147782 0.269631
vt 0.930250 0.132619
vt 0.099828 0.800505
vt 0.876466 0.605550
vt 0.201059 0.952659
vt 0.694825 0.315740
vt 0.789310 0.732824
vt 0.751030 0.815743
vt 0.688838 0.323779
vt 0.347466 0.804225
vt 0.794905 0.756405
vt 0.811105 0.714720
vt 0.107532 0.359726
vt 0.189137 0.583977
vt 0.135433 0.322687
vt 0.177691 0.229435
vt 0.525456 0.104647
vt 0.044999 0.123810
vt 0.007962 0.268598
vt 0.060681 0.159543
vt 0.054967 0.378798
vt 0.665258 0.313337
vt 0.667624 0.365872
vt 0.604424 0.318823
vt 0.575504 0.742646
vt 0.900241 0.737297
vt 0.861648 0.796014
vt 0.950741 0.940964
vt 0.682665 0.844021
vt 0.887326 0.928195
vt 0.696916 0.883246
vt 0.807545 0.724239
vt 0.814506 0.180748
vt 0.761607 0.940210
vt 0.702754 0.800934
vt 0.927589 0.213230
vt 0.779742 0.852254
vt 0.933385 0.134020
vt 0.755346 0.304095
vt 0.141056 0.170742
vt 0.781939 0.204586
vt 0.800899 0.243183
vt 0.806385 0.277596
vt 0.814340 0.322919
vt 0.813719 0.096254
vt 0.796186 0.273252
vt 0.862052 0.327049
vt 0.148101 0.050481
vt 0.760333 0.155171
vt 0.857436 0.187260
vt 0.872396 0.225842
vt 0.859428 0.166385
vt 0.952011 0.553489
vt 0.164573 0.239693
vt 0.946677 0.080016
vt 0.875287 0.098314
vt 0.958936 0.699148
vt 0.871303 0.058739
vt 0.907517 0.213891
vt 0.135465 0.551066
vt 0.218216 0.365962
vt 0.161405 0.825529
vt 0.845789 0.205220
vt 0.056303 0.265603
vt 0.128424 0.884350
vt 0.838253 0.355402
vt 0.483302 0.306943
vt 0.636419 0.818752
vt 0.949149 0.257757
vt 0.164099 0.293243
vt 0.170224 0.317420
vt 0.652357 0.288244
vt 0.648771 0.743506
vt 0.103378 0.286624
vt 0.207817 0.743304
vt 0.150094 0.297680
vt 0.659637 0.285129
vt 0.615115 0.205927
vt 0.550173 0.260096
vt 0.563632 0.246798
vt 0.607423 0.219102
vt 0.352860 0.711634
vt 0.047991 0.830764
vt 0.724425 0.726652
vt 0.268714 0.705125
vt 0.231240 0.779059
vt 0.205869 0.682767
vt 0.177016 0.874951
vt 0.870893 0.790380
vt 0.085522 0.184568
vt 0.089901 0.646675
vt 0.069811 0.313350
vt 0.439852 0.183295
vt 0.350386 0.824274
vt 0.069192 0.186275
vt 0.488894 0.160326
vt 0.441758 0.793691
vt 0.260229 0.124711
vt 0.426962 0.659960
vt 0.110230 0.254143
vt 0.350994 0.152517
vt 0.343857 0.788305
vt 0.130234 0.857474
vt 0.831735 0.351977
vt 0.430878 0.265129
vt 0.438118 0.207856
vt 0.425282 0.940964
vt 0.682665 0.931739
vt 0.686679 0.885726
vt 0.689245 0.904521
vt 0.675343 0.797236
vt 0.740964 0.754807
vt 0.757381 0.263769
vt 0.631174 0.313337
vt 0.667624 0.259678
vt 0.202647 0.224542
vt 0.209345 0.346793
vt 0.212973 0.316922
vt 0.211926 0.693272
vt 0.070707 0.222624
vt 0.751899 0.194654
vt 0.742859 0.311195
vt 0.765227 0.278879
vt 0.793664 0.245578
vt 0.785924 0.348216
vt 0.319778 0.292754
vt 0.323782 0.320875
vt 0.321567 0.255131
vt 0.324452 0.225801
vt 0.326363 0.186007
vt 0.329569 0.239020
vt 0.630576 0.300786
vt 0.688369 0.280269
vt 0.684063 0.256485
vt 0.665874 0.341873
vt 0.298409 0.259577
vt 0.296178 0.222876
vt 0.297868 0.195783
vt 0.298179 0.289154
vt 0.295898 0.318714
vt 0.295129 0.564071
vt 0.082253 0.861647
vt 0.859466 0.855539
vt 0.772038 0.910243
vt 0.824756 0.935208
vt 0.715024 0.949972
vt 0.721754 0.892445
vt 0.642878 0.870364
vt 0.658648 0.844224
vt 0.816534 0.844632
vt 0.917784 0.838565
vt 0.931084 0.826425
vt 0.920835 0.914059
vt 0.165558 0.900074
vt 0.206409 0.882740
vt 0.238991 0.769121
vt 0.723058 0.223321
vt 0.173111 0.125155
vt 0.819062 0.167784
vt 0.727249 0.152053
vt 0.742315 0.228833
vt 0.652908 0.243698
vt 0.761607 0.273737
vt 0.772064 0.214327
vt 0.930071 0.118846
vt 0.925139 0.055221
vt 0.832576 0.030865
vt 0.864023 0.929408
vt 0.775067 0.818404
vt 0.825842 0.873494
vt 0.790301 0.586889
vt 0.206935 0.566062
vt 0.152556 0.546053
vt 0.116195 0.531526
vt 0.096403 0.527390
vt 0.066655 0.272656
vt 0.936598 0.333868
vt 0.893954 0.039401
vt 0.822433 0.833421
vt 0.066094 0.839586
vt 0.109228 0.830432
vt 0.157977 0.757230
vt 0.171817 0.166733
vt 0.416272 0.131568
vt 0.406468 0.271181
vt 0.901052 0.486616
vt 0.226575 0.509358
vt 0.179521 0.428064
vt 0.207271 0.446797
vt 0.193235 0.401795
vt 0.228798 0.444618
vt 0.173684 0.469681
vt 0.184313 0.392910
vt 0.201952 0.419881
vt 0.177268 0.083552
vt 0.231132 0.143060
vt 0.262343 0.033342
vt 0.184546 0.177021
vt 0.196046 0.020762
vt 0.241099 0.118080
vt 0.153879 0.060876
vt 0.125853 0.071826
vt 0.301393 0.118555
vt 0.340217 0.019447
vt 0.290547 0.078065
vt 0.342780 0.965482
vt 0.889985 0.383324
vt 0.514628 0.029299
vt 0.355910 0.067194
vt 0.422568 0.113050
vt 0.395210 0.060607
vt 0.013140 0.141288
vt 0.500041 0.080324
vt 0.496473 0.010825
vt 0.565190 0.034514
vt 0.659554 0.128227
vt 0.687042 0.198904
vt 0.617684 0.139817
vt 0.525789 0.078841
vt 0.522052 0.032119
vt 0.579326 0.057592
vt 0.648446 0.130290
vt 0.661418 0.177590
vt 0.603607 0.129038
vt 0.555343 0.085870
vt 0.552481 0.061810
vt 0.588473 0.080653
vt 0.627390 0.123770
vt 0.630612 0.147974
vt 0.594439 0.869576
vt 0.371973 0.766006
vt 0.358879 0.923217
vt 0.363316 0.875756
vt 0.328267 0.818491
vt 0.344231 0.926083
vt 0.316474 0.730515
vt 0.383165 0.882163
vt 0.440432 0.939350
vt 0.431658 0.901739
vt 0.496769 0.961535
vt 0.487576 0.826790
vt 0.381481 0.785072
vt 0.388072 0.803289
vt 0.459834 0.817227
vt 0.515616 0.922213
vt 0.539038 0.978875
vt 0.531452 0.880099
vt 0.550640 0.817236
vt 0.560951 0.933409
vt 0.567643 0.986682
vt 0.565966 0.895943
vt 0.575031 0.845739
vt 0.586187 0.918868
vt 0.584269 0.981503
vt 0.590836 0.855009
vt 0.597711 0.819789
vt 0.602001 0.756127
vt 0.467978 0.783719
vt 0.569913 0.450979
vt 0.708663 0.482244
vt 0.567590 0.459120
vt 0.591546 0.485095
vt 0.623761 0.524694
vt 0.676095 0.583786
vt 0.693483 0.462072
vt 0.642334 0.491185
vt 0.693595 0.560482
vt 0.648268 0.439826
vt 0.610084 0.393169
vt 0.667373 0.411834
vt 0.724286 0.436921
vt 0.654693 0.389678
vt 0.613304 0.401610
vt 0.566652 0.447182
vt 0.544312 0.515620
vt 0.596250 0.420374
vt 0.530135 0.506415
vt 0.544024 0.606925
vt 0.662114 0.586387
vt 0.628096 0.464100
vt 0.518693 0.542099
vt 0.572760 0.984084
vt 0.132857 0.728329
vt 0.346665 0.015772
vt 0.386134 0.570205
vt 0.606068 0.020700
vt 0.464699 0.437407
vt 0.501178 0.741479
vt 0.592885 0.713411
vt 0.482990 0.688662
vt 0.407862 0.324358
vt 0.703604 0.726735
vt 0.530086 0.619031
vt 0.620504 0.864067
vt 0.319502 0.802003
vt 0.325801 0.916990
vt 0.295249 0.752707
vt 0.344208 0.721709
vt 0.365812 0.459108
vt 0.346401 0.491461
vt 0.259738 0.567409
vt 0.338152 0.631493
vt 0.309393 0.549412
vt 0.254476 0.608493
vt 0.243496 0.401767
vt 0.335911 0.668189
vt 0.198977 0.644537
vt 0.225490 0.398168
vt 0.380035 0.673201
vt 0.258709 0.424861
vt 0.288775 0.669913
vt 0.229597 0.646777
vt 0.206025 0.440928
vt 0.316502 0.657160
vt 0.203299 0.503942
vt 0.304721 0.553868
vt 0.296471 0.609265
vt 0.279129 0.648503
vt 0.253407 0.656415
vt 0.228285 0.644308
vt 0.346448 0.451247
vt 0.393331 0.578894
vt 0.365169 0.668126
vt 0.428227 0.606637
vt 0.434848 0.492139
vt 0.453784 0.644529
vt 0.347960 0.583753
vt 0.365913 0.455277
vt 0.394182 0.668126
vt 0.428586 0.607208
vt 0.435115 0.493774
vt 0.453784 0.638746
vt 0.533823 0.681803
vt 0.444295 0.685802
vt 0.533829 0.621288
vt 0.448997 0.541009
vt 0.543403 0.507340
vt 0.465492 0.428968
vt 0.384379 0.571594
vt 0.354384 0.632739
vt 0.332232 0.463338
vt 0.394372 0.581174
vt 0.367434 0.644917
vt 0.349191 0.428968
vt 0.384379 0.632739
vt 0.332232 0.640411
vt 0.616852 0.674184
vt 0.641487 0.587218
vt 0.575254 0.652183
vt 0.821557 0.628121
vt 0.841586 0.530207
vt 0.887546 0.529034
vt 0.911492 0.513508
vt 0.949927 0.529202
vt 0.829594 0.565081
vt 0.797655 0.521460
vt 0.856861 0.479849
vt 0.878175 431602081.000000
vt -431602080.000000 0.660526
vt 0.933833 0.579145
vt 0.891702 0.598096
vt 0.940263 0.556493
vt 0.950965 0.520500
vt 0.988256 0.602323
vt 0.986876 0.492380
vt 0.816319 0.574802
vt 0.878478 0.592336
vt 0.843285 0.466331
vt 0.912942 0.493162
vt 0.896606 0.449468
vt 0.880405 0.388198
vt 0.928060 0.472402
vt 0.955354 0.473526
vt 0.986174 0.393589
vt 0.955578 0.357552
vt 0.930900 0.343024
vt 0.959948 0.345137
vt 0.986583 0.664211
vt 0.990501 0.653785
vt 0.895530 0.675179
vt 0.851325 0.618111
vt 0.795115 0.759754
vt 0.986097 0.711123
vt 0.958076 0.323113
vt 0.987287 0.441074
vt 0.842132 0.525247
vt 0.763009 0.360375
vt 0.886147 0.349661
vt 0.862806 0.386691
vt 0.845598 0.715195
vt 0.755209 0.486234
vt 0.068422 0.472970
vt 0.078951 0.446005
vt 0.027186 0.438233
vt 0.045792 0.385998
vt 0.011469 0.383894
vt 0.029231 0.310678
vt 0.021047 0.311661
vt 0.035048 0.248881
vt 0.034074 0.261889
vt 0.043317 0.221778
vt 0.051348 0.231468
vt 0.062161 0.988268
vt 0.849884 0.959603
vt 0.809219 0.863732
vt 0.917908 0.974890
vt 0.828732 0.959603
vt 0.809219 0.988268
vt 0.849884 0.863732
vt 0.917908 0.974890
vt 0.828732 0.959603
vt 0.809219 0.988268
vt 0.849884 0.863732
vt 0.917908 0.974890
vt 0.828732 0.959603
vt 0.809219 0.988268
vt 0.849884 0.863732
vt 0.917908 0.974890
vt 0.828732 0.754446
vt 0.945643 0.322590
vt 0.473535 0.756302
vt 0.050396 0.289248
vt 0.349112 0.955317
vt 0.671665 0.828096
vt 0.252681 0.837803
vt 0.201472 0.810789
vt 0.166989 0.934112
vt 0.651069 0.824437
vt 0.114523 0.852654
vt 0.147782 0.269631
vt 0.930250 0.132619
vt 0.099828 0.800505
vt 0.876466 0.605550
vt 0.201059 0.952659
vt 0.694825 0.315740
vt 0.789310 0.732824
vt 0.751030 0.815743
vt 0.688838 0.323779
vt 0.347466 0.804225
vt 0.794905 0.756405
vt 0.811105 0.714720
vt 0.107532 0.359726
vt 0.189137 0.583977
vt 0.135433 0.322687
vt 0.177691 0.229435
vt 0.525456 0.104647
vt 0.044999 0.123810
vt 0.007962 0.268598
vt 0.060681 0.159543
vt 0.054967 0.378798
vt 0.665258 0.313337
vt 0.667624 0.365872
vt 0.604424 0.318823
vt 0.575504 0.742646
vt 0.900241 0.737297
vt 0.861648 0.796014
vt 0.950741 0.940964
vt 0.682665 0.844021
vt 0.887326 0.928195
vt 0.696916 0.883246
vt 0.807545 0.724239
vt 0.814506 0.180748
vt 0.761607 0.940210
vt 0.702754 0.800934
vt 0.927589 0.213230
vt 0.779742 0.852254
vt 0.933385 0.134020
vt 0.755346 0.304095
vt 0.141056 0.170742
vt 0.781939 0.204586
vt 0.800899 0.243183
vt 0.806385 0.277596
vt 0.814340 0.322919
vt 0.813719 0.096254
vt 0.796186 0.273252
vt 0.862052 0.327049
vt 0.148101 0.050481
vt 0.760333 0.155171
vt 0.857436 0.187260
vt 0.872396 0.225842
vt 0.859428 0.166385
vt 0.952011 0.553489
vt 0.164573 0.239693
vt 0.946677 0.080016
vt 0.875287 0.098314
vt 0.958936 0.699148
vt 0.871303 0.058739
vt 0.907517 0.213891
vt 0.135465 0.551066
vt 0.218216 0.365962
vt 0.161405 0.825529
vt 0.845789 0.205220
vt 0.056303 0.265603
vt 0.128424 0.884350
vt 0.838253 0.355402
vt 0.483302 0.306943
vt 0.636419 0.818752
vt 0.949149 0.257757
vt 0.164099 0.293243
vt 0.170224 0.317420
vt 0.652357 0.288244
vt 0.648771 0.743506
vt 0.103378 0.286624
vt 0.207817 0.743304
vt 0.150094 0.297680
vt 0.659637 0.285129
vt 0.615115 0.205927
vt 0.550173 0.260096
vt 0.563632 0.246798
vt 0.607423 0.219102
vt 0.352860 0.711634
vt 0.047991 0.830764
vt 0.724425 0.726652
vt 0.268714 0.705125
vt 0.231240 0.779059
vt 0.205869 0.682767
vt 0.177016 0.874951
vt 0.870893 0.790380
vt 0.085522 0.184568
vt 0.089901 0.646675
vt 0.069811 0.313350
vt 0.439852 0.183295
vt 0.350386 0.824274
vt 0.069192 0.186275
vt 0.488894 0.160326
vt 0.441758 0.793691
vt 0.260229 0.124711
vt 0.426962 0.659960
vt 0.110230 0.254143
vt 0.350994 0.152517
vt 0.343857 0.788305
vt 0.130234 0.857474
vt 0.831735 0.351977
vt 0.430878 0.265129
vt 0.438118 0.207856
vt 0.425282 0.940964
vt 0.682665 0.931739
vt 0.686679 0.885726
vt 0.689245 0.904521
vt 0.675343 0.797236
vt 0.740964 0.754807
vt 0.757381 0.263769
vt 0.631174 0.313337
vt 0.667624 0.259678
vt 0.202647 0.224542
vt 0.209345 0.346793
vt 0.212973 0.316922
vt 0.211926 0.693272
vt 0.070707 0.222624
vt 0.751899 0.194654
vt 0.742859 0.311195
vt 0.765227 0.278879
vt 0.793664 0.245578
vt 0.785924 0.348216
vt 0.319778 0.292754
vt 0.323782 0.320875
vt 0.321567 0.255131
vt 0.324452 0.225801
vt 0.326363 0.186007
vt 0.329569 0.239020
vt 0.630576 0.300786
vt 0.688369 0.280269
vt 0.684063 0.256485
vt 0.665874 0.341873
vt 0.298409 0.259577
vt 0.296178 0.222876
vt 0.297868 0.195783
vt 0.298179 0.289154
vt 0.295898 0.318714
vt 0.295129 0.564071
vt 0.082253 0.861647
vt 0.859466 0.855539
vt 0.772038 0.910243
vt 0.824756 0.935208
vt 0.715024 0.949972
vt 0.721754 0.892445
vt 0.642878 0.870364
vt 0.658648 0.844224
vt 0.816534 0.844632
vt 0.917784 0.838565
vt 0.931084 0.826425
vt 0.920835 0.914059
vt 0.165558 0.900074
vt 0.206409 0.882740
vt 0.238991 0.769121
vt 0.723058 0.223321
vt 0.173111 0.125155
vt 0.819062 0.167784
vt 0.727249 0.152053
vt 0.742315 0.228833
vt 0.652908 0.243698
vt 0.761607 0.273737
vt 0.772064 0.214327
vt 0.930071 0.118846
vt 0.925139 0.055221
vt 0.832576 0.030865
vt 0.864023 0.929408
vt 0.775067 0.818404
vt 0.825842 0.873494
vt 0.790301 0.586889
vt 0.206935 0.566062
vt 0.152556 0.546053
vt 0.116195 0.531526
vt 0.096403 0.272656
vt 0.936598 0.333868
vt 0.893954 0.039401
vt 0.822433 0.833421
vt 0.066094 0.839586
vt 0.109228 0.830432
vt 0.157977 0.757230
vt 0.171817 0.166733
vt 0.416272 0.131568
vt 0.406468 0.271181
vt 0.901052 0.486616
vt 0.226575 0.509358
vt 0.179521 0.428064
vt 0.207271 0.446797
vt 0.193235 0.401795
vt 0.228798 0.444618
vt 0.173684 0.469681
vt 0.184313 0.392910
vt 0.201952 0.419881
vt 0.177268 0.083552
vt 0.231132 0.143060
vt 0.262343 0.033342
vt 0.184546 0.020762
vt 0.241099 0.071826
vt 0.301393 0.118555
vt 0.340217 0.019447
vt 0.290547 0.078065
vt 0.342780 0.965482
vt 0.889985 0.383324
vt 0.514628 0.029299
vt 0.355910 0.067194
vt 0.422568 0.113050
vt 0.395210 0.060607
vt 0.013140 0.141288
vt 0.500041 0.080324
vt 0.496473 0.010825
vt 0.565190 0.034514
vt 0.659554 0.128227
vt 0.687042 0.198904
vt 0.617684 0.139817
vt 0.525789 0.078841
vt 0.522052 0.032119
vt 0.579326 0.057592
vt 0.648446 0.130290
vt 0.661418 0.177590
vt 0.603607 0.129038
vt 0.555343 0.085870
vt 0.552481 0.061810
vt 0.588473 0.080653
vt 0.627390 0.123770
vt 0.630612 0.147974
vt 0.594439 0.869576
vt 0.371973 0.766006
vt 0.358879 0.875756
vt 0.328267 0.818491
vt 0.344231 0.730515
vt 0.383165 0.882163
vt 0.440432 0.901739
vt 0.496769 0.826790
vt 0.381481 0.785072
vt 0.388072 0.803289
vt 0.459834 0.817227
vt 0.515616 0.922213
vt 0.539038 0.880099
vt 0.550640 0.817236
vt 0.560951 0.933409
vt 0.567643 0.895943
vt 0.575031 0.845739
vt 0.586187 0.918868
vt 0.584269 0.855009
vt 0.597711 0.819789
vt 0.602001 0.756127
vt 0.467978 0.783719
vt 0.569913 0.450979
vt 0.708663 0.482244
vt 0.567590 0.459120
vt 0.591546 0.485095
vt 0.623761 0.524694
vt 0.676095 0.583786
vt 0.693483 0.462072
vt 0.642334 0.491185
vt 0.693595 0.560482
vt 0.648268 0.439826
vt 0.610084 0.436921
vt 0.654693 0.447182
vt 0.544312 0.515620
vt 0.596250 0.506415
vt 0.544024 0.606925
vt 0.662114 0.586387
vt 0.628096 0.464100
vt 0.518693 0.542099
vt 0.572760 0.984084
vt 0.132857 0.728329
vt 0.346665 0.015772
vt 0.386134 0.570205
vt 0.606068 0.020700
vt 0.464699 0.741479
vt 0.592885 0.713411
vt 0.482990 0.688662
vt 0.407862 0.324358
vt 0.703604 0.726735
vt 0.530086 0.619031
vt 0.620504 0.864067
vt 0.319502 0.802003
vt 0.325801 0.752707
vt 0.344208 0.721709
vt 0.365812 0.440928
vt 0.316502 0.657160
vt 0.203299 0.503942
vt 0.304721 0.553868
vt 0.296471 0.609265
vt 0.279129 0.648503
vt 0.253407 0.656415
vt 0.228285 0.451247
vt 0.393331 0.578894
vt 0.365169 0.606637
vt 0.434848 0.492139
vt 0.453784 0.578894
vt 0.365169 0.451247
vt 0.393331 0.606637
vt 0.434848 0.492139
vt 0.453784 0.638746
vt 0.533823 0.621288
vt 0.448997 0.541009
vt 0.543403 0.507340
vt 0.465492 0.428968
vt 0.384379 0.571594
vt 0.354384 0.451247
vt 0.393331 0.578894
vt 0.365169 0.428968
vt 0.384379 0.640411
vt 0.616852 0.587218
vt 0.575254 0.652183
vt 0.821557 0.628121
vt 0.841586 0.530207
vt 0.887546 0.529034
vt 0.911492 0.513508
vt 0.949927 0.529202
vt 0.829594 0.565081
vt 0.797655 0.521460
vt 0.856861 0.479849
vt 0.878175 431602081.000000
vt -431602080.000000 0.660526
vt 0.933833 0.579145
vt 0.891702 0.598096
vt 0.940263 0.556493
vt 0.950965 0.492380
vt 0.816319 0.574802
vt 0.878478 0.592336
vt 0.843285 0.466331
vt 0.912942 0.493162
vt 0.896606 0.449468
vt 0.880405 0.388198
vt 0.928060 0.472402
vt 0.955354 0.393589
vt 0.955578 0.357552
vt 0.930900 0.343024
vt 0.959948 0.653785
vt 0.895530 0.675179
vt 0.851325 0.618111
vt 0.795115 0.711123
vt 0.958076 0.441074
vt 0.842132 0.525247
vt 0.763009 0.360375
vt 0.886147 0.349661
vt 0.862806 0.386691
vt 0.845598 0.715195
vt 0.755209 0.486234
vt 0.068422 0.472970
vt 0.078951 0.446005
vt 0.027186 0.438233
vt 0.045792 0.385998
vt 0.011469 0.383894
vt 0.029231 0.310678
vt 0.021047 0.311661
vt 0.035048 0.248881
vt 0.034074 0.261889
vt 0.043317 0.974890
vt 0.828732 0.974890
vt 0.828732 0.974890
vt 0.828732 0.974890
vt 0.828732 0.959603
vt 0.809219 0.988268
vt 0.849884 0.863732
vt 0.917908 0.974890
vt 0.828732 0.974890
vt 0.828732 0.959603
vt 0.809219 0.988268
vt 0.849884 0.863732
vt 0.917908 0.974890
vt 0.828732 0.974890
vt 0.828732 0.959603
vt 0.809219 0.988268
vt 0.849884 0.863732
vt 0.917908 0.974890
vt 0.828732 0.974890
vt 0.828732 0.959603
vt 0.809219 0.988268
vt 0.849884 0.863732
vt 0.917908 0.974890
vt 0.828732 0.974890
vt 0.828732 0.959603
vt 0.809219 0.988268
vt 0.849884 0.863732
vt 0.917908 0.974890
vt 0.828732 0.974890
vt 0.828732 0.229273
vt 0.485156 0.266450
vt 0.511149 0.331452
vt 0.053126 0.191567
vt 0.512366 0.184628
vt 0.010014 0.372025
vt 0.069574 0.218683
vt 0.613439 0.109098
vt 0.738030 0.156009
vt 0.988740 0.334184
vt 0.877196 0.411940
vt 0.115210 0.214854
vt 0.600263 0.960566
vt 0.289710 0.681521
vt 0.042574 0.680923
vt 0.016185 0.166660
vt 0.154471 0.795923
vt 0.048613 0.196661
vt 0.210214 0.126962
vt 0.717488 0.388841
vt 0.412308 0.378036
vt 0.393796 0.349039
vt 0.697025 0.207646
vt 0.962838 0.219789
vt 0.079636 0.210123
vt 0.454620 0.270129
vt 0.461849 0.345023
vt 0.337239 0.102312
vt 0.441656 0.543961
vt 0.129170 0.196379
vt 0.173626 0.150826
vt 0.706952 0.202368
vt 0.642151 0.156965
vt 0.320972 0.170981
vt 0.298356 0.521447
vt 0.096720 0.522918
vt 0.102830 0.984707
vt 0.205642 0.967198
vt 0.223580 0.965950
vt 0.258053 0.366186
vt 0.282947 0.372776
vt 0.303365 0.359407
vt 0.233687 0.022384
vt 0.752569 0.036923
vt 0.756586 0.512622
vt 0.073833 0.440356
vt 0.136193 0.442122
vt 0.246296 0.487339
vt 0.132023 0.379079
vt 0.225519 0.383063
vt 0.184447 0.401757
vt 0.162555 0.469422
vt 0.112454 0.879211
vt 0.982703 0.983538
vt 0.942843 0.298239
vt 0.543104 0.367677
vt 0.579130 0.023400
vt 0.111659 0.111143
vt 0.097026 0.044596
vt 0.514310 0.065943
vt 0.528485 0.008030
vt 0.604547 0.031059
vt 0.593472 0.067383
vt 0.682182 0.069451
vt 0.656625 0.165271
vt 0.668667 0.143816
vt 0.654548 0.201800
vt 0.578058 0.178768
vt 0.589225 0.152124
vt 0.534268 0.175201
vt 0.523108 0.542867
vt 0.731192 0.476280
vt 0.764831 0.439618
vt 0.782716 0.517651
vt 0.744578 0.978075
vt 0.016650 0.879379
vt 0.029098 0.692971
vt 0.266194 0.642548
vt 0.315873 0.023258
vt 0.502156 0.083655
vt 0.474217 0.748212
vt 0.635806 0.699383
vt 0.663961 0.347820
vt 0.848496 0.434603
vt 0.808707 0.628565
vt 0.768276 0.705491
vt 0.732691 0.571594
vt 0.354384 0.644308
vt 0.346448 0.632739
vt 0.332232 0.578894
vt 0.365169 0.428968
vt 0.384379 0.451247
vt 0.393331 0.492139
vt 0.453784 0.606637
vt 0.434848 0.668126
vt 0.428227 0.496635
vt 0.453784 0.601155
vt 0.435332 0.668126
vt 0.428880 0.578894
vt 0.365169 0.451247
vt 0.393331 0.571594
vt 0.354384 0.644308
vt 0.346448 0.492139
vt 0.453784 0.494216
vt 0.121249 0.508279
vt 0.110220 0.229273
vt 0.485156 0.266450
vt 0.511149 0.331452
vt 0.053126 0.191567
vt 0.512366 0.184628
vt 0.010014 0.372025
vt 0.069574 0.218683
vt 0.613439 0.109098
vt 0.738030 0.982044
vt 0.689680 0.888300
vt 0.092203 0.156009
vt 0.988740 0.334184
vt 0.877196 0.411940
vt 0.115210 0.937014
vt 0.143976 0.848839
vt 0.638170 0.799243
vt 0.664830 0.214854
vt 0.600263 0.960566
vt 0.289710 0.154065
vt 0.494730 0.927637
vt 0.611576 0.877132
vt 0.618198 0.681521
vt 0.042574 0.629124
vt 0.029505 0.680923
vt 0.016185 0.858346
vt 0.965278 0.822096
vt 0.980835 0.897915
vt 0.933732 0.822786
vt 0.292143 0.792038
vt 0.294338 0.333529
vt 0.911924 0.562992
vt 0.050971 0.731199
vt 0.305924 0.405897
vt 0.502581 0.415086
vt 0.424219 0.166660
vt 0.154471 0.795923
vt 0.048613 0.196661
vt 0.210214 0.126962
vt 0.717488 0.388841
vt 0.412308 0.378036
vt 0.393796 0.349039
vt 0.697025 0.207646
vt 0.962838 0.219789
vt 0.079636 0.719106
vt 0.708689 0.755189
vt 0.685721 0.210123
vt 0.454620 0.270129
vt 0.461849 0.345023
vt 0.337239 0.102312
vt 0.441656 0.018976
vt 0.846611 0.964614
vt 0.634479 0.543961
vt 0.129170 0.196379
vt 0.173626 0.202368
vt 0.642151 0.150826
vt 0.706952 0.156965
vt 0.320972 0.170981
vt 0.298356 0.527390
vt 0.066655 0.521447
vt 0.096720 0.522918
vt 0.102830 0.980215
vt 0.727704 0.967198
vt 0.223580 0.984707
vt 0.205642 0.965950
vt 0.258053 0.366186
vt 0.282947 0.372776
vt 0.303365 0.416912
vt 0.261303 0.359407
vt 0.233687 0.025635
vt 0.813606 0.036923
vt 0.756586 0.022384
vt 0.752569 0.960264
vt 0.790203 0.287051
vt 0.957165 0.512622
vt 0.073833 0.870998
vt 0.053365 0.440356
vt 0.136193 0.442122
vt 0.246296 0.487339
vt 0.132023 0.379079
vt 0.225519 0.383063
vt 0.184447 0.401757
vt 0.162555 0.469422
vt 0.112454 0.118080
vt 0.153879 0.060876
vt 0.125853 0.177021
vt 0.196046 0.879211
vt 0.982703 0.983538
vt 0.942843 0.298239
vt 0.543104 0.367677
vt 0.579130 0.023400
vt 0.111659 0.111143
vt 0.097026 0.044596
vt 0.514310 0.065943
vt 0.528485 0.008030
vt 0.604547 0.031059
vt 0.593472 0.067383
vt 0.682182 0.069451
vt 0.656625 0.165271
vt 0.668667 0.143816
vt 0.654548 0.201800
vt 0.578058 0.152124
vt 0.534268 0.178768
vt 0.589225 0.175201
vt 0.523108 0.926083
vt 0.316474 0.923217
vt 0.363316 0.939350
vt 0.431658 0.961535
vt 0.487576 0.978875
vt 0.531452 0.986682
vt 0.565966 0.981503
vt 0.590836 0.542867
vt 0.731192 0.393169
vt 0.667373 0.411834
vt 0.724286 0.389678
vt 0.613304 0.476280
vt 0.764831 0.439618
vt 0.782716 0.401610
vt 0.566652 0.517651
vt 0.744578 0.420374
vt 0.530135 0.978075
vt 0.016650 0.879379
vt 0.029098 0.692971
vt 0.266194 0.642548
vt 0.315873 0.023258
vt 0.502156 0.083655
vt 0.474217 0.437407
vt 0.501178 0.748212
vt 0.635806 0.699383
vt 0.663961 0.347820
vt 0.848496 0.434603
vt 0.808707 0.628565
vt 0.768276 0.705491
vt 0.732691 0.916990
vt 0.295249 0.644537
vt 0.225490 0.608493
vt 0.243496 0.424861
vt 0.288775 0.567409
vt 0.338152 0.401767
vt 0.335911 0.398168
vt 0.380035 0.669913
vt 0.229597 0.673201
vt 0.258709 0.631493
vt 0.309393 0.549412
vt 0.254476 0.491461
vt 0.259738 0.459108
vt 0.346401 0.668189
vt 0.198977 0.646777
vt 0.206025 0.644308
vt 0.346448 0.668126
vt 0.428227 0.668126
vt 0.428227 0.644308
vt 0.346448 0.571594
vt 0.354384 0.632739
vt 0.332232 0.428968
vt 0.384379 0.681803
vt 0.444295 0.685802
vt 0.533829 0.632739
vt 0.332232 0.492139
vt 0.453784 0.606637
vt 0.434848 0.644308
vt 0.346448 0.668126
vt 0.428227 0.571594
vt 0.354384 0.632739
vt 0.332232 0.674184
vt 0.641487 0.602323
vt 0.986876 0.520500
vt 0.988256 0.664211
vt 0.990501 0.473526
vt 0.986174 0.345137
vt 0.986583 0.759754
vt 0.986097 0.323113
vt 0.987287 0.494216
vt 0.121249 0.508279
vt 0.110220 0.221778
vt 0.051348 0.231468
vt 0.062161 0.988268
vt 0.849884 0.863732
vt 0.917908 0.959603
vt 0.809219 0.988268
vt 0.849884 0.863732
vt 0.917908 0.959603
vt 0.809219 0.988268
vt 0.849884 0.863732
vt 0.917908 0.959603
vt 0.809219 0.988268
vt 0.849884 0.863732
vt 0.917908 0.959603
vt 0.809219 0.988268
vt 0.849884 0.863732
vt 0.917908 0.959603
vt 0.809219 0.988268
vt 0.849884 0.863732
vt 0.917908 0.959603
vt 0.809219 0.988268
vt 0.849884 0.863732
vt 0.917908 0.959603
vt 0.809219 0.988268
vt 0.849884 0.863732
vt 0.917908 0.959603
vt 0.809219 1.000000
vt 0.064116 0.110155
vt 0.012576 0.159663
vt 0.061142 0.071233
vt 0.075662 0.054359
vt 0.082573 0.052898
vt 0.142579 0.040379
vt 0.148635 0.099984
vt 0.206415 0.126574
vt 0.125066 0.182657
vt 0.166986 0.171518
vt 0.119332 0.080435
vt 0.280830 0.129449
vt 0.064116 0.110155
vt 0.012576 0.071233
vt 0.075662 0.054359
vt 0.082573 0.052898
vt 0.142579 0.040379
vt 0.148635 0.099984
vt 0.206415 0.126574
vt 0.125066 0.011495
vt 0.054203 0.012117
vt 0.199856 0.016818
vt 0.273691 0.159663
vt 0.061142 0.011495
vt 0.054203 0.012117
vt 0.199856 0.182657
vt 0.166986 0.171518
vt 0.119332 0.080435
vt 0.280830 0.016818
vt 0.273691 1.000000
vt 0.449764 0.959397
vt 0.455638 0.957008
vt 0.350035 0.931800
vt 0.444345 0.926457
vt 0.334577 0.962127
vt 0.515058 0.991263
vt 0.505082 0.937529
vt 0.504522 0.972181
vt 0.575447 0.990083
vt 0.334723 0.959397
vt 0.455638 0.957008
vt 0.350035 0.962127
vt 0.515058 0.992035
vt 0.449764 0.926457
vt 0.334577 0.931800
vt 0.444345 0.991263
vt 0.505082 0.937529
vt 0.504522 0.972181
vt 0.575447 0.990083
vt 0.334723 1.000000
vt 0.015288 0.472506
vt 0.110354 0.479203
vt 0.194228 0.485773
vt 0.264895 0.560656
vt 0.325236 0.509033
vt 0.018053 0.516159
vt 0.110151 0.519573
vt 0.183682 0.524473
vt 0.261786 0.540365
vt 0.036589 0.547442
vt 0.100025 0.555439
vt 0.185484 0.558440
vt 0.269557 0.576777
vt 0.108899 0.574507
vt 0.025862 0.584105
vt 0.188405 0.584607
vt 0.257672 1.000000
vt 0.012533 0.469618
vt 0.111702 0.475915
vt 0.195379 0.481135
vt 0.267063 0.563324
vt 0.331589 0.508682
vt 0.015269 0.517516
vt 0.111207 0.520155
vt 0.184635 0.525005
vt 0.263566 0.540871
vt 0.034137 0.547962
vt 0.101798 0.555207
vt 0.187071 0.558121
vt 0.270699 0.580522
vt 0.111754 0.577436
vt 0.024072 0.587993
vt 0.190826 0.588898
vt 0.257311 1.000000
vt 0.014433 0.471298
vt 0.114130 0.477745
vt 0.197651 0.484398
vt 0.268280 0.561846
vt 0.328374 0.509406
vt 0.016573 0.517354
vt 0.112890 0.520029
vt 0.186746 0.526391
vt 0.265102 0.541008
vt 0.035491 0.548964
vt 0.103884 0.553885
vt 0.189044 0.557882
vt 0.272780 0.578938
vt 0.113435 0.575473
vt 0.025713 0.586062
vt 0.192096 0.586120
vt 0.259928 1.000000
vt 0.161989 0.959673
vt 0.172951 0.918929
vt 0.162116 0.988167
vt 0.321869 0.953706
vt 0.253408 0.919186
vt 0.247330 0.959192
vt 0.330832 0.927098
vt 0.322940 0.986622
vt 0.240701 0.959673
vt 0.172951 0.953706
vt 0.253408 0.959192
vt 0.330832 0.919186
vt 0.247330 0.918929
vt 0.162116 0.986622
vt 0.240701 0.990150
vt 0.161989 0.927098
vt 0.322940 0.988167
vt 0.321869 1.000000
vt 0.014433 0.471298
vt 0.114130 0.477745
vt 0.197651 0.484398
vt 0.268280 0.561846
vt 0.328374 0.509406
vt 0.016573 0.517354
vt 0.112890 0.520029
vt 0.186746 0.526391
vt 0.265102 0.541008
vt 0.035491 0.548964
vt 0.103884 0.553885
vt 0.189044 0.557882
vt 0.272780 0.575473
vt 0.025713 0.578938
vt 0.113435 0.586062
vt 0.192096 0.586120
vt 0.259928 1.000000
vt 0.012533 0.469618
vt 0.111702 0.475915
vt 0.195379 0.481135
vt 0.267063 0.563324
vt 0.331589 0.508682
vt 0.015269 0.517516
vt 0.111207 0.520155
vt 0.184635 0.525005
vt 0.263566 0.540871
vt 0.034137 0.547962
vt 0.101798 0.555207
vt 0.187071 0.558121
vt 0.270699 0.577436
vt 0.024072 0.580522
vt 0.111754 0.587993
vt 0.190826 0.588898
vt 0.257311 1.000000
vt 0.015288 0.472506
vt 0.110354 0.479203
vt 0.194228 0.485773
vt 0.264895 0.560656
vt 0.325236 0.509033
vt 0.018053 0.516159
vt 0.110151 0.519573
vt 0.183682 0.524473
vt 0.261786 0.540365
vt 0.036589 0.547442
vt 0.100025 0.555439
vt 0.185484 0.558440
vt 0.269557 0.574507
vt 0.025862 0.576777
vt 0.108899 0.584105
vt 0.188405 0.584607
vt 0.257672 1.000000
vt 0.548328 0.037190
vt 0.548328 0.003816
vt 0.531231 0.044300
vt 0.531418 0.073363
vt 0.548328 0.087964
vt 0.531418 0.050088
vt 0.437982 0.003816
vt 0.415714 0.101199
vt 0.457630 0.051819
vt 0.309692 0.003816
vt 0.289389 0.110450
vt 0.339819 0.037190
vt 0.548328 0.044300
vt 0.531418 0.073363
vt 0.548328 0.087964
vt 0.531418 0.050088
vt 0.437982 0.101199
vt 0.457630 0.051819
vt 0.309692 0.110450
vt 0.339819 0.050684
vt 0.368658 0.003816
vt 0.349761 0.105969
vt 0.398552 0.051819
vt 0.310114 0.003816
vt 0.289440 0.110450
vt 0.339784 0.050684
vt 0.368658 0.105969
vt 0.398552 0.051819
vt 0.310114 0.110450
vt 0.339784 0.003816
vt 0.548328 0.003816
vt 0.531231 0.003816
vt 0.415714 0.003816
vt 0.289389 0.003816
vt 0.349761 0.003816
vt 0.289440 1.000000
vt 0.266983 0.365235
vt 0.174420 0.387707
vt 0.192215 0.355731
vt 0.061564 0.375244
vt 0.042850 0.248688
vt 0.133203 0.240075
vt 0.040206 0.190865
vt 0.111634 0.229924
vt 0.014514 0.225509
vt 0.231169 0.205376
vt 0.190991 0.192361
vt 0.155912 1.000000
vt 0.012152 0.399733
vt 0.161669 0.420233
vt 0.266816 0.470443
vt 0.321755 0.412393
vt 0.013726 0.420040
vt 0.165090 0.435782
vt 0.266103 0.431089
vt 0.021910 0.441112
vt 0.166342 0.453242
vt 0.265528 0.451742
vt 0.015760 0.460048
vt 0.163410 0.464736
vt 0.262021 1.000000
vt 0.255197 0.730301
vt 0.226973 0.699903
vt 0.245398 0.697452
vt 0.151529 0.727905
vt 0.150629 0.643492
vt 0.231639 0.641008
vt 0.140795 0.692087
vt 0.052357 0.726264
vt 0.050206 0.632229
vt 0.058711 0.670007
vt 0.266428 0.674490
vt 0.240716 0.670967
vt 0.144813 0.660113
vt 0.052172 0.601624
vt 0.268161 0.629859
vt 0.267525 0.706585
vt 0.277568 0.665797
vt 0.289094 0.690285
vt 0.025792 0.723058
vt 0.025502 0.634702
vt 0.031378 0.663232
vt 0.024125 0.613194
vt 0.222533 0.601747
vt 0.243027 0.617511
vt 0.139844 0.608414
vt 0.053261 0.734271
vt 0.279754 0.706676
vt 0.302458 0.610689
vt 0.026948 0.635734
vt 0.006438 1.000000
vt 0.155175 0.928707
vt 0.078392 0.954981
vt 0.076228 0.964848
vt 0.155223 0.928668
vt 0.005701 0.952822
vt 0.003953 0.902694
vt 0.080546 0.985182
vt 0.153787 0.903168
vt 0.011215 0.977241
vt 0.076249 0.977472
vt 0.005016 0.918890
vt 0.156762 1.000000
vt 0.212465 0.870747
vt 0.208281 0.858109
vt 0.134249 0.828143
vt 0.138530 0.794701
vt 0.215315 0.793830
vt 0.137745 0.856270
vt 0.071250 0.825930
vt 0.063096 0.789151
vt 0.072157 0.904187
vt 0.213178 0.890820
vt 0.048136 0.828609
vt 0.251393 0.796613
vt 0.248128 0.871329
vt 0.247233 0.767018
vt 0.254913 0.860029
vt 0.030716 0.821889
vt 0.027723 0.774812
vt 0.039886 0.753167
vt 0.024346 0.764187
vt 0.220688 0.884318
vt 0.067466 0.890021
vt 0.131363 0.906095
vt 0.246589 0.799952
vt 0.270464 0.754754
vt 0.060419 0.886099
vt 0.021642 0.788519
vt 0.003522 1.000000
vt 0.307321 0.518368
vt 0.249806 0.388344
vt 0.233513 0.932353
vt 0.505388 0.393929
vt 0.413347 0.241650
vt 0.393520 0.660094
vt 0.598844 0.339126
vt 0.575786 0.224822
vt 0.567636 0.581992
vt 0.778512 0.403690
vt 0.827843 0.289234
vt 0.855244 0.583748
vt 0.974927 0.517374
vt 0.990072 0.465795
vt 0.996392 0.861247
vt 0.159743 0.647117
vt 0.129496 0.578405
vt 0.104624 0.977816
vt 0.032359 0.518368
vt 0.249806 0.393929
vt 0.413347 0.339126
vt 0.575786 0.403690
vt 0.827843 0.517374
vt 0.990072 0.647117
vt 0.129496 0.107558
vt 0.009285 0.009904
vt 0.050325 0.107558
vt 0.050325 0.205211
vt 0.050325 0.107558
vt 0.050325 0.010701
vt 0.803765 0.107558
vt 0.803765 0.205211
vt 0.803765 0.107558
vt 0.803765 0.009904
vt 0.626574 0.107558
vt 0.626574 0.205211
vt 0.626574 0.107558
vt 0.626574 0.116529
vt 0.321810 0.009013
vt 0.299197 0.116529
vt 0.321810 0.202368
vt 0.318612 0.009904
vt 0.989636 0.107558
vt 0.989636 0.205211
vt 0.989636 0.107558
vt 0.989636 0.132436
vt 0.536055 0.209701
vt 0.516175 0.132436
vt 0.536055 0.007224
vt 0.447254 0.052746
vt 0.513443 0.052746
vt 0.513443 1.000000
vt 0.266983 0.365235
vt 0.174420 0.387707
vt 0.192215 0.355731
vt 0.061564 0.375244
vt 0.042850 0.248688
vt 0.133203 0.240075
vt 0.040206 0.190865
vt 0.111634 0.229924
vt 0.014514 0.205376
vt 0.190991 0.225509
vt 0.231169 0.192361
vt 0.155912 1.000000
vt 0.012152 0.399733
vt 0.161669 0.420233
vt 0.266816 0.470443
vt 0.321755 0.412393
vt 0.013726 0.420040
vt 0.165090 0.435782
vt 0.266103 0.431089
vt 0.021910 0.441112
vt 0.166342 0.453242
vt 0.265528 0.460048
vt 0.163410 0.451742
vt 0.015760 0.464736
vt 0.262021 1.000000
vt 0.252823 0.731791
vt 0.225090 0.700808
vt 0.243195 0.696781
vt 0.150959 0.727820
vt 0.150074 0.643311
vt 0.229675 0.639250
vt 0.140411 0.693560
vt 0.053513 0.728395
vt 0.051399 0.632549
vt 0.059756 0.670336
vt 0.263858 0.674905
vt 0.238594 0.669785
vt 0.144360 0.660971
vt 0.053331 0.600637
vt 0.265561 0.629415
vt 0.264937 0.707619
vt 0.274804 0.666045
vt 0.286130 0.691724
vt 0.027410 0.725127
vt 0.027125 0.635070
vt 0.032899 0.664150
vt 0.025772 0.600762
vt 0.240864 0.612429
vt 0.220728 0.615300
vt 0.139477 0.608276
vt 0.054401 0.735838
vt 0.276953 0.707711
vt 0.303123 0.610595
vt 0.028546 0.636122
vt 0.008393 1.000000
vt 0.212465 0.870747
vt 0.208281 0.858109
vt 0.134249 0.828143
vt 0.138530 0.794701
vt 0.215315 0.793830
vt 0.137745 0.856270
vt 0.071250 0.825930
vt 0.063096 0.789151
vt 0.072157 0.904187
vt 0.213178 0.890820
vt 0.048136 0.828609
vt 0.251393 0.796613
vt 0.248128 0.871329
vt 0.247233 0.767018
vt 0.254913 0.860029
vt 0.030716 0.821889
vt 0.027723 0.774812
vt 0.039886 0.753167
vt 0.024346 0.764187
vt 0.220688 0.890021
vt 0.131363 0.884318
vt 0.067466 0.906095
vt 0.246589 0.799952
vt 0.270464 0.754754
vt 0.060419 0.886099
vt 0.021642 0.788519
vt 0.003522 1.000000
vt 0.155175 0.928707
vt 0.078392 0.954981
vt 0.076228 0.964848
vt 0.155223 0.928668
vt 0.005701 0.952822
vt 0.003953 0.902694
vt 0.080546 0.985182
vt 0.153787 0.903168
vt 0.011215 0.977241
vt 0.076249 0.977472
vt 0.005016 0.918890
vt 0.156762 1.000000
vt 0.588629 0.749294
vt 0.554690 0.718765
vt 0.567303 0.716484
vt 0.460082 0.745442
vt 0.464847 0.648449
vt 0.559368 0.646322
vt 0.461889 0.717564
vt 0.358487 0.757072
vt 0.359460 0.686306
vt 0.602006 0.683976
vt 0.571218 0.679549
vt 0.460708 0.673647
vt 0.352329 0.591535
vt 0.633403 0.644010
vt 0.615951 0.730572
vt 0.618764 0.696192
vt 0.639765 0.663300
vt 0.603150 0.718712
vt 0.311388 0.752262
vt 0.315216 0.637597
vt 0.349766 0.675506
vt 0.311290 0.612053
vt 0.563918 0.593784
vt 0.603555 0.609043
vt 0.465030 0.599780
vt 0.361552 0.764986
vt 0.620833 0.642224
vt 0.650861 0.603877
vt 0.311355 0.640061
vt 0.312528 1.000000
vt 0.244616 0.630845
vt 0.246756 0.629606
vt 0.151746 0.672705
vt 0.148521 0.707624
vt 0.241218 0.702458
vt 0.150287 0.632656
vt 0.048076 0.666126
vt 0.047803 0.701645
vt 0.047934 0.742929
vt 0.245380 0.606345
vt 0.147585 0.602152
vt 0.053733 0.673344
vt 0.287104 0.707130
vt 0.275185 0.637436
vt 0.278603 0.738012
vt 0.281940 0.670427
vt 0.013921 0.701862
vt 0.014419 0.724868
vt 0.014064 0.726945
vt 0.142805 0.733182
vt 0.046203 0.597573
vt 0.247705 0.605325
vt 0.284924 0.707884
vt 0.304167 0.609484
vt 0.015555 0.637190
vt 0.011964 1.000000
vt 0.588629 0.749294
vt 0.554690 0.718765
vt 0.567303 0.716484
vt 0.460082 0.745442
vt 0.464847 0.648449
vt 0.559368 0.646322
vt 0.461889 0.717564
vt 0.358487 0.757072
vt 0.359460 0.686306
vt 0.602006 0.683976
vt 0.571218 0.679549
vt 0.460708 0.673647
vt 0.352329 0.591535
vt 0.633403 0.644010
vt 0.615951 0.730572
vt 0.618764 0.696192
vt 0.639765 0.663300
vt 0.603150 0.718712
vt 0.311388 0.752262
vt 0.315216 0.637597
vt 0.349766 0.675506
vt 0.311290 0.593784
vt 0.603555 0.612053
vt 0.563918 0.609043
vt 0.465030 0.599780
vt 0.361552 0.764986
vt 0.620833 0.642224
vt 0.650861 0.603877
vt 0.311355 0.640061
vt 0.312528 1.000000
vt 0.244616 0.630845
vt 0.246756 0.629606
vt 0.151746 0.672705
vt 0.148521 0.707624
vt 0.241218 0.702458
vt 0.150287 0.632656
vt 0.048076 0.666126
vt 0.047803 0.701645
vt 0.047934 0.742929
vt 0.245380 0.606345
vt 0.147585 0.602152
vt 0.053733 0.673344
vt 0.287104 0.707130
vt 0.275185 0.637436
vt 0.278603 0.738012
vt 0.281940 0.670427
vt 0.013921 0.701862
vt 0.014419 0.724868
vt 0.014064 0.726945
vt 0.142805 0.733182
vt 0.046203 0.597573
vt 0.247705 0.605325
vt 0.284924 0.707884
vt 0.304167 0.609484
vt 0.015555 0.637190
vt 0.011964 1.000000
vt 0.000000 0.000000
vt 0.000000 1.000000
vt 1.000000 0.000000
vt 1.000000 1.000000
vt 0.000000 0.000000
vt 0.000000 1.000000
vt 1.000000 0.000000
vt 1.000000 1.000000
vt 0.000000 0.000000
vt 0.000000 1.000000
vt 1.000000 0.000000
vt 1.000000 1.000000
vt 0.000000 0.000000
vt 0.000000 1.000000
vt 1.000000 0.000000
vt 1.000000 1.000000

f 22/22 5/5 3/3
f 23/23 3/3 2/2
f 22/22 24/24 21/21
f 22/22 19/19 5/5
f 24/24 22/22 23/23
f 24/24 7/7 21/21
f 7/7 24/24 6/6
f 21/21 19/19 22/22
f 22/22 3/3 23/23
f 63/63 40/40 42/42
f 331/331 323/323 40/40
f 63/63 62/62 332/332
f 63/63 42/42 60/60
f 332/332 331/331 63/63
f 332/332 62/62 44/44
f 44/44 326/326 332/332
f 62/62 63/63 60/60
f 63/63 331/331 40/40
f 48/48 9/9 11/11
f 9/9 10/10 13/13
f 55/55 15/15 16/16
f 8/8 15/15 68/68
f 29/29 9/9 10/10
f 31/31 30/30 47/47
f 9/9 11/11 48/48
f 31/31 10/10 9/9
f 29/29 31/31 35/35
f 25/25 18/18 30/30
f 35/35 18/18 36/36
f 18/18 17/17 36/36
f 30/30 18/18 14/14
f 20/20 16/16 53/53
f 47/47 12/12 13/13
f 17/17 20/20 14/14
f 36/36 17/17 29/29
f 37/37 31/31 15/15
f 14/14 16/16 47/47
f 11/11 12/12 37/37
f 35/35 31/31 30/30
f 31/31 35/35 10/10
f 30/30 36/36 12/12
f 11/11 10/10 327/327
f 46/46 328/328 50/50
f 49/49 46/46 52/52
f 56/56 330/330 57/57
f 56/56 45/45 333/333
f 46/46 69/69 49/49
f 70/70 71/71 327/327
f 50/50 46/46 328/328
f 49/49 71/71 46/46
f 71/71 69/69 77/77
f 59/59 64/64 70/70
f 59/59 77/77 78/78
f 58/58 59/59 78/78
f 59/59 70/70 54/54
f 57/57 61/61 329/329
f 51/51 327/327 52/52
f 61/61 58/58 54/54
f 58/58 78/78 69/69
f 71/71 79/79 56/56
f 57/57 54/54 327/327
f 51/51 50/50 79/79
f 71/71 77/77 70/70
f 77/77 71/71 49/49
f 78/78 70/70 51/51
f 49/49 50/50 319/319
f 319/319 429/429 321/321
f 1/1 17/17 18/18
f 5/5 19/19 20/20
f 862/862 1384/1384 863/863
f 1384/1384 862/862 1385/1385
f 864/864 863/863 865/865
f 863/863 864/864 862/862
f 866/866 865/865 867/867
f 865/865 866/866 864/864
f 868/868 867/867 869/869
f 867/867 868/868 866/866
f 870/870 869/869 871/871
f 869/869 870/870 868/868
f 872/872 871/871 873/873
f 871/871 872/872 870/870
f 1242/1242 1243/1243 1557/1557
f 1557/1557 1558/1558 1242/1242
f 1244/1244 1245/1245 1243/1243
f 1243/1243 1242/1242 1244/1244
f 1246/1246 1247/1247 1245/1245
f 1245/1245 1244/1244 1246/1246
f 1248/1248 1249/1249 1247/1247
f 1247/1247 1246/1246 1248/1248
f 1250/1250 1251/1251 1249/1249
f 1249/1249 1248/1248 1250/1250
f 1559/1559 1560/1560 1251/1251
f 1251/1251 1250/1250 1559/1559
f 672/672 671/671 668/668
f 671/671 666/666 669/669
f 666/666 671/671 669/669
f 667/667 666/666 674/674
f 673/673 667/667 666/666
f 666/666 673/673 675/675
f 673/673 676/676 674/674
f 676/676 673/673 1333/1333
f 677/677 1334/1334 1335/1335
f 678/678 1336/1336 679/679
f 679/679 675/675 676/676
f 680/680 676/676 1337/1337
f 682/682 1338/1338 713/713
f 702/702 705/705 712/712
f 704/704 701/701 706/706
f 706/706 703/703 708/708
f 708/708 701/701 710/710
f 713/713 712/712 714/714
f 714/714 708/708 716/716
f 716/716 710/710 718/718
f 710/710 716/716 715/715
f 719/719 715/715 720/720
f 720/720 716/716 722/722
f 722/722 718/718 719/719
f 723/723 719/719 724/724
f 724/724 720/720 726/726
f 726/726 722/722 723/723
f 727/727 723/723 705/705
f 713/713 705/705 714/714
f 728/728 714/714 719/719
f 729/729 715/715 719/719
f 727/727 729/729 719/719
f 723/723 727/727 728/728
f 707/707 702/702 731/731
f 733/733 732/732 734/734
f 735/735 1351/1351 732/732
f 733/733 736/736 734/734
f 1351/1351 737/737 733/733
f 738/738 734/734 736/736
f 739/739 732/732 730/730
f 741/741 740/740 736/736
f 734/734 737/737 742/742
f 743/743 739/739 740/740
f 742/742 730/730 741/741
f 1353/1353 741/741 732/732
f 739/739 744/744 1354/1354
f 737/737 1351/1351 742/742
f 733/733 734/734 735/735
f 734/734 738/738 731/731
f 744/744 745/745 742/742
f 740/740 743/743 744/744
f 739/739 743/743 746/746
f 746/746 738/738 745/745
f 744/744 747/747 732/732
f 744/744 731/731 1352/1352
f 730/730 737/737 1352/1352
f 742/742 736/736 737/737
f 730/730 742/742 738/738
f 738/738 750/750 745/745
f 745/745 751/751 731/731
f 731/731 748/748 756/756
f 746/746 756/756 1355/1355
f 753/753 1356/1356 1357/1357
f 754/754 1358/1358 1359/1359
f 757/757 1360/1360 752/752
f 756/756 746/746 757/757
f 755/755 1360/1360 751/751
f 751/751 745/745 727/727
f 729/729 727/727 1362/1362
f 759/759 1361/1361 728/728
f 707/707 728/728 1363/1363
f 762/762 1364/1364 728/728
f 763/763 760/760 1365/1365
f 764/764 1366/1366 765/765
f 765/765 704/704 767/767
f 767/767 706/706 766/766
f 766/766 705/705 702/702
f 768/768 702/702 761/761
f 769/769 707/707 791/791
f 793/793 796/796 795/795
f 792/792 796/796 802/802
f 801/801 798/798 800/800
f 797/797 801/801 799/799
f 802/802 798/798 797/797
f 798/798 801/801 1367/1367
f 1367/1367 1370/1370 1371/1371
f 1371/1371 1372/1372 803/803
f 805/805 804/804 806/806
f 807/807 803/803 804/804
f 808/808 807/807 1373/1373
f 1373/1373 808/808 1374/1374
f 1374/1374 806/806 1372/1372
f 1371/1371 1373/1373 808/808
f 1373/1373 807/807 796/796
f 792/792 809/809 793/793
f 793/793 810/810 791/791
f 791/791 811/811 813/813
f 1377/1377 813/813 814/814
f 1378/1378 814/814 1379/1379
f 1379/1379 1381/1381 1382/1382
f 1382/1382 816/816 1380/1380
f 815/815 1383/1383 807/807
f 819/819 803/803 805/805
f 818/818 805/805 819/819
f 817/817 803/803 839/839
f 824/824 823/823 821/821
f 826/826 838/838 827/827
f 825/825 828/828 823/823
f 832/832 831/831 833/833
f 835/835 832/832 833/833
f 834/834 835/835 825/825
f 826/826 836/836 823/823
f 833/833 832/832 831/831
f 838/838 837/837 833/833
f 823/823 824/824 849/849
f 830/830 832/832 831/831
f 822/822 823/823 837/837
f 822/822 831/831 830/830
f 831/831 832/832 828/828
f 827/827 828/828 836/836
f 841/841 828/828 840/840
f 823/823 822/822 834/834
f 833/833 824/824 839/839
f 823/823 840/840 831/831
f 838/838 831/831 820/820
f 852/852 821/821 838/838
f 826/826 825/825 827/827
f 838/838 825/825 839/839
f 828/828 841/841 836/836
f 828/828 825/825 834/834
f 843/843 844/844 824/824
f 843/843 834/834 845/845
f 844/844 843/843 839/839
f 843/843 824/824 839/839
f 841/841 842/842 839/839
f 839/839 842/842 846/846
f 842/842 846/846 845/845
f 845/845 847/847 830/830
f 850/850 831/831 851/851
f 820/820 821/821 851/851
f 821/821 850/850 852/852
f 826/826 821/821 854/854
f 854/854 830/830 847/847
f 855/855 848/848 836/836
f 826/826 857/857 841/841
f 836/836 856/856 858/858
f 859/859 858/858 856/856
f 842/842 841/841 820/820
f 861/861 852/852 851/851
f 861/861 820/820 875/875
f 876/876 874/874 879/879
f 880/880 878/878 883/883
f 884/884 882/882 887/887
f 888/888 886/886 1094/1094
f 1468/1468 1469/1469 1096/1096
f 1094/1094 1468/1468 1470/1470
f 1468/1468 1094/1094 1470/1470
f 1094/1094 1095/1095 1099/1099
f 1095/1095 1098/1098 1094/1094
f 1098/1098 1094/1094 1100/1100
f 1101/1101 1098/1098 1099/1099
f 1098/1098 1101/1101 1471/1471
f 1472/1472 1102/1102 1473/1473
f 1474/1474 1103/1103 1104/1104
f 1100/1100 1104/1104 1101/1101
f 1101/1101 1105/1105 1475/1475
f 1476/1476 1107/1107 1134/1134
f 1129/1129 1127/1127 1133/1133
f 1126/1126 1128/1128 1489/1489
f 1490/1490 1489/1489 1131/1131
f 1126/1126 1131/1131 1132/1132
f 1133/1133 1134/1134 1135/1135
f 1131/1131 1135/1135 1137/1137
f 1132/1132 1137/1137 1138/1138
f 1137/1137 1132/1132 1136/1136
f 1136/1136 1139/1139 1140/1140
f 1137/1137 1140/1140 1141/1141
f 1138/1138 1141/1141 1139/1139
f 1139/1139 1142/1142 1143/1143
f 1140/1140 1143/1143 1144/1144
f 1141/1141 1144/1144 1142/1142
f 1142/1142 1145/1145 1129/1129
f 1129/1129 1134/1134 1135/1135
f 1135/1135 1146/1146 1139/1139
f 1136/1136 1147/1147 1139/1139
f 1147/1147 1145/1145 1139/1139
f 1145/1145 1142/1142 1146/1146
f 1127/1127 1130/1130 1149/1149
f 1150/1150 1151/1151 1152/1152
f 1496/1496 1153/1153 1150/1150
f 1154/1154 1151/1151 1152/1152
f 1155/1155 1496/1496 1151/1151
f 1152/1152 1156/1156 1154/1154
f 1150/1150 1157/1157 1148/1148
f 1497/1497 1498/1498 1154/1154
f 1155/1155 1152/1152 1158/1158
f 1157/1157 1499/1499 1497/1497
f 1148/1148 1158/1158 1498/1498
f 1498/1498 1501/1501 1150/1150
f 1502/1502 1157/1157 1503/1503
f 1496/1496 1155/1155 1158/1158
f 1152/1152 1151/1151 1153/1153
f 1156/1156 1152/1152 1149/1149
f 1159/1159 1150/1150 1158/1158
f 1499/1499 1497/1497 1502/1502
f 1499/1499 1157/1157 1160/1160
f 1156/1156 1160/1160 1159/1159
f 1504/1504 1502/1502 1150/1150
f 1159/1159 1502/1502 1500/1500
f 1155/1155 1148/1148 1500/1500
f 1154/1154 1158/1158 1155/1155
f 1158/1158 1148/1148 1156/1156
f 1163/1163 1156/1156 1159/1159
f 1164/1164 1159/1159 1149/1149
f 1161/1161 1149/1149 1169/1169
f 1169/1169 1160/1160 1505/1505
f 1506/1506 1166/1166 1507/1507
f 1508/1508 1167/1167 1509/1509
f 1510/1510 1170/1170 1165/1165
f 1160/1160 1169/1169 1170/1170
f 1510/1510 1168/1168 1164/1164
f 1159/1159 1164/1164 1145/1145
f 1145/1145 1147/1147 1513/1513
f 1512/1512 1171/1171 1146/1146
f 1146/1146 1130/1130 1514/1514
f 1515/1515 1174/1174 1146/1146
f 1172/1172 1175/1175 1516/1516
f 1517/1517 1176/1176 1177/1177
f 1128/1128 1177/1177 1518/1518
f 1489/1489 1518/1518 1178/1178
f 1129/1129 1178/1178 1127/1127
f 1127/1127 1179/1179 1173/1173
f 1130/1130 1180/1180 1533/1533
f 1191/1191 1189/1189 1190/1190
f 1191/1191 1188/1188 1195/1195
f 1192/1192 1194/1194 1535/1535
f 1194/1194 1536/1536 1193/1193
f 1192/1192 1195/1195 1536/1536
f 1194/1194 1192/1192 1537/1537
f 1192/1192 1537/1537 1539/1539
f 1193/1193 1539/1539 1196/1196
f 1540/1540 1541/1541 1197/1197
f 1196/1196 1198/1198 1540/1540
f 1198/1198 1199/1199 1195/1195
f 1199/1199 1195/1195 1194/1194
f 1197/1197 1194/1194 1193/1193
f 1195/1195 1539/1539 1199/1199
f 1198/1198 1195/1195 1191/1191
f 1200/1200 1188/1188 1189/1189
f 1201/1201 1189/1189 1533/1533
f 1542/1542 1533/1533 1203/1203
f 1203/1203 1544/1544 1545/1545
f 1545/1545 1546/1546 1203/1203
f 1547/1547 1203/1203 1545/1545
f 1548/1548 1545/1545 1202/1202
f 1543/1543 1204/1204 1198/1198
f 1196/1196 1206/1206 1541/1541
f 1541/1541 1549/1549 1206/1206
f 1196/1196 1205/1205 1224/1224
f 1210/1210 1211/1211 1208/1208
f 1223/1223 1213/1213 1214/1214
f 1215/1215 1212/1212 1210/1210
f 1218/1218 1219/1219 1220/1220
f 1219/1219 1550/1550 1220/1220
f 1550/1550 1551/1551 1212/1212
f 1221/1221 1213/1213 1210/1210
f 1219/1219 1220/1220 1218/1218
f 1222/1222 1223/1223 1220/1220
f 1211/1211 1210/1210 1552/1552
f 1219/1219 1217/1217 1218/1218
f 1210/1210 1209/1209 1222/1222
f 1218/1218 1209/1209 1217/1217
f 1219/1219 1218/1218 1215/1215
f 1215/1215 1214/1214 1221/1221
f 1215/1215 1226/1226 1225/1225
f 1209/1209 1210/1210 1551/1551
f 1211/1211 1220/1220 1224/1224
f 1225/1225 1210/1210 1218/1218
f 1218/1218 1223/1223 1207/1207
f 1208/1208 1234/1234 1223/1223
f 1212/1212 1213/1213 1214/1214
f 1212/1212 1223/1223 1224/1224
f 1226/1226 1215/1215 1221/1221
f 1212/1212 1215/1215 1551/1551
f 1553/1553 1228/1228 1211/1211
f 1551/1551 1228/1228 1229/1229
f 1228/1228 1553/1553 1224/1224
f 1211/1211 1228/1228 1224/1224
f 1227/1227 1226/1226 1224/1224
f 1227/1227 1224/1224 1230/1230
f 1230/1230 1227/1227 1229/1229
f 1231/1231 1229/1229 1217/1217
f 1218/1218 1232/1232 1233/1233
f 1208/1208 1207/1207 1233/1233
f 1232/1232 1208/1208 1234/1234
f 1208/1208 1213/1213 1235/1235
f 1217/1217 1235/1235 1231/1231
f 1554/1554 1556/1556 1221/1221
f 1237/1237 1213/1213 1226/1226
f 1236/1236 1221/1221 1238/1238
f 1238/1238 1239/1239 1236/1236
f 1226/1226 1227/1227 1207/1207
f 1234/1234 1241/1241 1233/1233
f 1207/1207 1241/1241 875/875
f 874/874 876/876 1561/1561
f 1563/1563 1562/1562 1564/1564
f 1566/1566 1565/1565 1567/1567
f 1569/1569 1568/1568 1257/1257
f 1258/1258 1256/1256 1570/1570
f 1572/1572 1571/1571 1262/1262
f 1263/1263 1261/1261 1573/1573
f 1575/1575 1574/1574 1267/1267
f 1268/1268 1266/1266 1576/1576
f 1578/1578 1577/1577 1272/1272
f 1273/1273 1271/1271 1579/1579
f 1581/1581 1580/1580 1277/1277
f 1278/1278 1276/1276 1582/1582
f 1585/1585 1588/1588 1593/1593
f 1588/1588 1585/1585 1586/1586
f 1589/1589 1588/1588 1586/1586
f 1591/1591 1588/1588 1589/1589
f 1593/1593 1590/1590 1592/1592
f 1588/1588 1591/1591 1590/1590
f 1592/1592 1590/1590 1591/1591
f 1593/1593 1587/1587 1585/1585
f 1588/1588 1590/1590 1593/1593
f 1605/1605 1589/1589 1586/1586
f 1591/1591 1606/1606 1592/1592
f 1589/1589 1605/1605 1606/1606
f 1606/1606 1591/1591 1589/1589
f 1587/1587 1586/1586 1585/1585
f 1595/1595 1593/1593 1594/1594
f 1592/1592 1594/1594 1593/1593
f 1594/1594 1592/1592 1596/1596
f 1596/1596 1592/1592 1606/1606
f 1606/1606 1607/1607 1596/1596
f 1604/1604 1599/1599 1597/1597
f 1598/1598 1597/1597 1599/1599
f 1598/1598 1599/1599 1600/1600
f 1600/1600 1599/1599 1602/1602
f 1603/1603 1601/1601 1604/1604
f 1601/1601 1602/1602 1599/1599
f 1602/1602 1601/1601 1603/1603
f 1597/1597 1608/1608 1604/1604
f 1604/1604 1601/1601 1599/1599
f 1598/1598 1600/1600 1609/1609
f 1603/1603 1610/1610 1602/1602
f 1610/1610 1609/1609 1600/1600
f 1600/1600 1602/1602 1610/1610
f 1597/1597 1598/1598 1608/1608
f 1611/1611 1604/1604 1612/1612
f 1604/1604 1611/1611 1603/1603
f 1613/1613 1603/1603 1611/1611
f 1610/1610 1603/1603 1613/1613
f 1613/1613 1614/1614 1610/1610
f 1616/1616 1617/1617 1615/1615
f 1618/1618 1619/1619 1617/1617
f 1615/1615 1621/1621 1620/1620
f 1620/1620 1616/1616 1615/1615
f 1618/1618 1620/1620 1622/1622
f 1620/1620 1618/1618 1616/1616
f 1621/1621 1623/1623 1620/1620
f 1620/1620 1623/1623 1622/1622
f 1624/1624 1615/1615 1617/1617
f 1617/1617 1616/1616 1618/1618
f 1619/1619 1624/1624 1617/1617
f 1628/1628 1626/1626 1625/1625
f 1626/1626 1629/1629 1630/1630
f 1627/1627 1631/1631 1628/1628
f 1628/1628 1625/1625 1627/1627
f 1632/1632 1627/1627 1630/1630
f 1625/1625 1630/1630 1627/1627
f 1627/1627 1633/1633 1631/1631
f 1632/1632 1633/1633 1627/1627
f 1626/1626 1628/1628 1634/1634
f 1630/1630 1625/1625 1626/1626
f 1626/1626 1634/1634 1629/1629
f 1643/1643 1647/1647 1639/1639
f 1642/1642 1646/1646 1643/1643
f 1647/1647 1643/1643 1646/1646
f 1641/1641 1645/1645 1642/1642
f 1646/1646 1642/1642 1645/1645
f 1640/1640 1644/1644 1641/1641
f 1645/1645 1641/1641 1644/1644
f 1645/1645 1649/1649 1644/1644
f 1649/1649 1645/1645 1650/1650
f 1646/1646 1648/1648 1645/1645
f 1648/1648 1646/1646 1651/1651
f 1647/1647 1650/1650 1646/1646
f 1635/1635 1649/1649 1644/1644
f 1660/1660 1664/1664 1656/1656
f 1659/1659 1663/1663 1660/1660
f 1664/1664 1660/1660 1663/1663
f 1658/1658 1662/1662 1659/1659
f 1663/1663 1659/1659 1662/1662
f 1657/1657 1661/1661 1658/1658
f 1662/1662 1658/1658 1661/1661
f 1662/1662 1666/1666 1661/1661
f 1666/1666 1662/1662 1667/1667
f 1663/1663 1665/1665 1662/1662
f 1665/1665 1663/1663 1668/1668
f 1664/1664 1667/1667 1663/1663
f 1652/1652 1666/1666 1661/1661
f 1677/1677 1681/1681 1673/1673
f 1676/1676 1680/1680 1677/1677
f 1681/1681 1677/1677 1680/1680
f 1675/1675 1679/1679 1676/1676
f 1680/1680 1676/1676 1679/1679
f 1674/1674 1678/1678 1675/1675
f 1679/1679 1675/1675 1678/1678
f 1679/1679 1683/1683 1678/1678
f 1683/1683 1679/1679 1684/1684
f 1680/1680 1682/1682 1679/1679
f 1682/1682 1680/1680 1685/1685
f 1681/1681 1684/1684 1680/1680
f 1669/1669 1683/1683 1678/1678
f 1687/1687 1690/1690 1691/1691
f 1691/1691 1688/1688 1687/1687
f 1686/1686 1694/1694 1690/1690
f 1694/1694 1692/1692 1690/1690
f 1691/1691 1692/1692 1693/1693
f 1690/1690 1692/1692 1691/1691
f 1692/1692 1694/1694 1689/1689
f 1690/1690 1687/1687 1686/1686
f 1698/1698 1696/1696 1695/1695
f 1695/1695 1699/1699 1698/1698
f 1696/1696 1700/1700 1701/1701
f 1696/1696 1697/1697 1700/1700
f 1702/1702 1697/1697 1698/1698
f 1698/1698 1697/1697 1696/1696
f 1703/1703 1700/1700 1697/1697
f 1701/1701 1695/1695 1696/1696
f 1687/1687 1688/1688 1699/1699
f 1708/1708 1716/1716 1712/1712
f 1712/1712 1715/1715 1711/1711
f 1715/1715 1712/1712 1716/1716
f 1711/1711 1714/1714 1710/1710
f 1714/1714 1711/1711 1715/1715
f 1710/1710 1713/1713 1709/1709
f 1713/1713 1710/1710 1714/1714
f 1717/1717 1713/1713 1718/1718
f 1718/1718 1714/1714 1719/1719
f 1719/1719 1715/1715 1708/1708
f 1704/1704 1709/1709 1713/1713
f 1725/1725 1733/1733 1729/1729
f 1729/1729 1732/1732 1728/1728
f 1732/1732 1729/1729 1733/1733
f 1728/1728 1731/1731 1727/1727
f 1731/1731 1728/1728 1732/1732
f 1727/1727 1730/1730 1726/1726
f 1730/1730 1727/1727 1731/1731
f 1734/1734 1730/1730 1735/1735
f 1735/1735 1731/1731 1736/1736
f 1736/1736 1732/1732 1725/1725
f 1721/1721 1726/1726 1730/1730
f 1742/1742 1750/1750 1746/1746
f 1746/1746 1749/1749 1745/1745
f 1749/1749 1746/1746 1750/1750
f 1745/1745 1748/1748 1744/1744
f 1748/1748 1745/1745 1749/1749
f 1744/1744 1747/1747 1743/1743
f 1747/1747 1744/1744 1748/1748
f 1751/1751 1747/1747 1752/1752
f 1752/1752 1748/1748 1753/1753
f 1753/1753 1749/1749 1742/1742
f 1738/1738 1743/1743 1747/1747
f 1755/1755 1758/1758 1756/1756
f 1758/1758 1755/1755 1757/1757
f 1758/1758 1759/1759 1756/1756
f 1759/1759 1758/1758 1760/1760
f 1763/1763 1758/1758 1761/1761
f 1758/1758 1763/1763 1760/1760
f 1764/1764 1762/1762 1765/1765
f 1762/1762 1764/1764 1761/1761
f 1766/1766 1761/1761 1764/1764
f 1761/1761 1766/1766 1763/1763
f 1768/1768 1785/1785 1767/1767
f 1785/1785 1768/1768 1786/1786
f 1769/1769 1768/1768 1767/1767
f 1768/1768 1769/1769 1770/1770
f 1771/1771 1786/1786 1768/1768
f 1786/1786 1771/1771 1787/1787
f 1770/1770 1771/1771 1768/1768
f 1771/1771 1770/1770 1772/1772
f 1773/1773 1787/1787 1771/1771
f 1787/1787 1773/1773 1788/1788
f 1772/1772 1773/1773 1771/1771
f 1773/1773 1772/1772 1774/1774
f 1778/1778 1776/1776 1775/1775
f 1776/1776 1778/1778 1779/1779
f 1780/1780 1775/1775 1777/1777
f 1775/1775 1780/1780 1778/1778
f 1789/1789 1783/1783 1781/1781
f 1783/1783 1789/1789 1790/1790
f 1781/1781 1784/1784 1782/1782
f 1784/1784 1781/1781 1783/1783
f 1757/1757 1761/1761 1758/1758
f 1761/1761 1757/1757 1762/1762
f 1796/1796 1792/1792 1794/1794
f 1791/1791 1793/1793 1792/1792
f 1792/1792 1795/1795 1794/1794
f 1795/1795 1792/1792 1793/1793
f 1791/1791 1792/1792 1796/1796
f 1800/1800 1796/1796 1801/1801
f 1796/1796 1800/1800 1791/1791
f 1798/1798 1796/1796 1797/1797
f 1794/1794 1797/1797 1796/1796
f 1797/1797 1794/1794 1799/1799
f 1795/1795 1799/1799 1794/1794
f 1802/1802 1801/1801 1796/1796
f 1796/1796 1798/1798 1802/1802
f 1797/1797 1799/1799 1798/1798
f 1806/1806 1812/1812 1809/1809
f 1809/1809 1811/1811 1808/1808
f 1811/1811 1809/1809 1812/1812
f 1808/1808 1811/1811 1807/1807
f 1810/1810 1807/1807 1811/1811
f 1813/1813 1810/1810 1814/1814
f 1814/1814 1811/1811 1806/1806
f 1817/1817 1818/1818 1816/1816
f 1817/1817 1820/1820 1818/1818
f 1838/1838 1839/1839 1821/1821
f 1821/1821 1822/1822 1840/1840
f 1823/1823 1820/1820 1824/1824
f 1820/1820 1823/1823 1819/1819
f 1841/1841 1840/1840 1825/1825
f 1822/1822 1825/1825 1840/1840
f 1819/1819 1818/1818 1820/1820
f 1840/1840 1838/1838 1821/1821
f 1827/1827 1826/1826 1818/1818
f 1828/1828 1818/1818 1819/1819
f 1821/1821 1827/1827 1828/1828
f 1823/1823 1829/1829 1828/1828
f 1828/1828 1819/1819 1823/1823
f 1828/1828 1825/1825 1822/1822
f 1825/1825 1828/1828 1829/1829
f 1818/1818 1828/1828 1827/1827
f 1827/1827 1821/1821 1826/1826
f 1828/1828 1822/1822 1821/1821
f 1839/1839 1830/1830 1831/1831
f 1831/1831 1821/1821 1839/1839
f 1818/1818 1832/1832 1816/1816
f 1842/1842 1816/1816 1832/1832
f 1821/1821 1831/1831 1826/1826
f 1833/1833 1826/1826 1831/1831
f 1826/1826 1832/1832 1818/1818
f 1832/1832 1826/1826 1833/1833
f 1832/1832 1833/1833 1843/1843
f 1842/1842 1832/1832 1843/1843
f 1824/1824 1834/1834 1823/1823
f 1834/1834 1824/1824 1835/1835
f 1825/1825 1836/1836 1844/1844
f 1844/1844 1841/1841 1825/1825
f 1829/1829 1837/1837 1836/1836
f 1836/1836 1825/1825 1829/1829
f 1823/1823 1834/1834 1829/1829
f 1837/1837 1829/1829 1834/1834
f 1837/1837 1845/1845 1836/1836
f 1844/1844 1836/1836 1845/1845
f 1849/1849 1848/1848 1847/1847
f 1850/1850 1847/1847 1851/1851
f 1848/1848 1851/1851 1847/1847
f 1847/1847 1846/1846 1849/1849
f 1852/1852 1846/1846 1847/1847
f 1849/1849 1853/1853 1855/1855
f 1850/1850 1854/1854 1852/1852
f 1852/1852 1847/1847 1850/1850
f 1855/1855 1851/1851 1848/1848
f 1851/1851 1855/1855 1856/1856
f 1846/1846 1852/1852 1857/1857
f 1855/1855 1848/1848 1849/1849
f 1858/1858 1861/1861 1859/1859
f 1862/1862 1863/1863 1861/1861
f 1864/1864 1861/1861 1865/1865
f 1861/1861 1864/1864 1860/1860
f 1865/1865 1861/1861 1866/1866
f 1863/1863 1866/1866 1861/1861
f 1860/1860 1859/1859 1861/1861
f 1861/1861 1858/1858 1862/1862
f 1867/1867 1859/1859 1860/1860
f 1862/1862 1877/1877 1863/1863
f 1864/1864 1878/1878 1879/1879
f 1879/1879 1860/1860 1864/1864
f 1864/1864 1868/1868 1878/1878
f 1860/1860 1879/1879 1867/1867
f 1858/1858 1869/1869 1870/1870
f 1870/1870 1862/1862 1858/1858
f 1859/1859 1871/1871 1858/1858
f 1869/1869 1858/1858 1871/1871
f 1862/1862 1870/1870 1877/1877
f 1872/1872 1877/1877 1870/1870
f 1867/1867 1871/1871 1859/1859
f 1871/1871 1867/1867 1880/1880
f 1881/1881 1872/1872 1870/1870
f 1869/1869 1881/1881 1870/1870
f 1865/1865 1873/1873 1864/1864
f 1873/1873 1865/1865 1874/1874
f 1866/1866 1875/1875 1865/1865
f 1874/1874 1865/1865 1875/1875
f 1882/1882 1876/1876 1875/1875
f 1875/1875 1866/1866 1882/1882
f 1864/1864 1873/1873 1868/1868
f 1883/1883 1868/1868 1873/1873
f 1876/1876 1884/1884 1875/1875
f 1874/1874 1875/1875 1884/1884
f 1919/1919 1920/1920 1911/1911
f 1920/1920 1921/1921 1912/1912
f 1921/1921 1922/1922 1913/1913
f 1922/1922 1919/1919 1914/1914
f 1927/1927 1916/1916 1915/1915
f 1927/1927 1928/1928 1916/1916
f 1928/1928 1917/1917 1916/1916
f 1928/1928 1929/1929 1917/1917
f 1929/1929 1918/1918 1917/1917
f 1929/1929 1930/1930 1918/1918
f 1930/1930 1915/1915 1918/1918
f 1930/1930 1927/1927 1915/1915
f 1915/1915 1920/1920 1919/1919
f 1915/1915 1916/1916 1920/1920
f 1923/1923 1924/1924 1926/1926
f 1924/1924 1925/1925 1926/1926
f 1918/1918 1919/1919 1922/1922
f 1918/1918 1915/1915 1919/1919
f 1920/1920 1912/1912 1911/1911
f 1921/1921 1913/1913 1912/1912
f 1922/1922 1914/1914 1913/1913
f 1919/1919 1911/1911 1914/1914
f 1931/1931 1926/1926 1932/1932
f 1926/1926 1931/1931 1923/1923
f 1932/1932 1925/1925 1933/1933
f 1925/1925 1932/1932 1926/1926
f 1934/1934 1923/1923 1935/1935
f 1923/1923 1934/1934 1924/1924
f 1936/1936 1924/1924 1934/1934
f 1924/1924 1936/1936 1925/1925
f 1935/1935 1923/1923 1931/1931
f 1933/1933 1925/1925 1936/1936
f 1940/1940 1938/1938 1942/1942
f 1938/1938 1939/1939 1937/1937
f 1940/1940 1941/1941 1938/1938
f 1939/1939 1938/1938 1941/1941
f 1942/1942 1938/1938 1937/1937
f 1946/1946 1942/1942 1947/1947
f 1937/1937 1947/1947 1942/1942
f 1943/1943 1942/1942 1944/1944
f 1942/1942 1943/1943 1940/1940
f 1945/1945 1940/1940 1943/1943
f 1940/1940 1945/1945 1941/1941
f 1942/1942 1946/1946 1948/1948
f 1948/1948 1944/1944 1942/1942
f 1944/1944 1945/1945 1943/1943
f 1955/1955 1958/1958 1952/1952
f 1954/1954 1957/1957 1955/1955
f 1958/1958 1955/1955 1957/1957
f 1953/1953 1957/1957 1954/1954
f 1957/1957 1953/1953 1956/1956
f 1957/1957 1960/1960 1956/1956
f 1960/1960 1957/1957 1961/1961
f 1958/1958 1959/1959 1957/1957
f 1962/1962 1964/1964 1963/1963
f 1964/1964 1966/1966 1963/1963
f 1967/1967 1984/1984 1985/1985
f 1986/1986 1968/1968 1967/1967
f 1970/1970 1966/1966 1969/1969
f 1965/1965 1969/1969 1966/1966
f 1971/1971 1986/1986 1987/1987
f 1986/1986 1971/1971 1968/1968
f 1966/1966 1964/1964 1965/1965
f 1967/1967 1985/1985 1986/1986
f 1964/1964 1972/1972 1973/1973
f 1965/1965 1964/1964 1974/1974
f 1974/1974 1973/1973 1967/1967
f 1974/1974 1975/1975 1969/1969
f 1969/1969 1965/1965 1974/1974
f 1968/1968 1971/1971 1974/1974
f 1975/1975 1974/1974 1971/1971
f 1973/1973 1974/1974 1964/1964
f 1972/1972 1967/1967 1973/1973
f 1967/1967 1968/1968 1974/1974
f 1977/1977 1976/1976 1984/1984
f 1984/1984 1967/1967 1977/1977
f 1962/1962 1978/1978 1964/1964
f 1978/1978 1962/1962 1988/1988
f 1972/1972 1977/1977 1967/1967
f 1977/1977 1972/1972 1979/1979
f 1964/1964 1978/1978 1972/1972
f 1979/1979 1972/1972 1978/1978
f 1989/1989 1979/1979 1978/1978
f 1989/1989 1978/1978 1988/1988
f 1969/1969 1980/1980 1970/1970
f 1981/1981 1970/1970 1980/1980
f 1990/1990 1982/1982 1971/1971
f 1971/1971 1987/1987 1990/1990
f 1982/1982 1983/1983 1975/1975
f 1975/1975 1971/1971 1982/1982
f 1975/1975 1980/1980 1969/1969
f 1980/1980 1975/1975 1983/1983
f 1982/1982 1991/1991 1983/1983
f 1991/1991 1982/1982 1990/1990
f 1993/1993 1995/1995 1992/1992
f 1995/1995 1997/1997 1996/1996
f 1999/1999 1995/1995 1998/1998
f 1994/1994 1998/1998 1995/1995
f 2000/2000 1995/1995 1999/1999
f 1995/1995 2000/2000 1997/1997
f 1995/1995 1993/1993 1994/1994
f 1996/1996 1992/1992 1995/1995
f 1994/1994 1993/1993 2001/2001
f 1997/1997 2011/2011 1996/1996
f 2012/2012 2013/2013 1998/1998
f 1998/1998 1994/1994 2012/2012
f 2013/2013 2002/2002 1998/1998
f 2001/2001 2012/2012 1994/1994
f 2004/2004 2003/2003 1992/1992
f 1992/1992 1996/1996 2004/2004
f 1992/1992 2005/2005 1993/1993
f 2005/2005 1992/1992 2003/2003
f 2011/2011 2004/2004 1996/1996
f 2004/2004 2011/2011 2006/2006
f 1993/1993 2005/2005 2001/2001
f 2014/2014 2001/2001 2005/2005
f 2004/2004 2006/2006 2015/2015
f 2004/2004 2015/2015 2003/2003
f 1998/1998 2007/2007 1999/1999
f 2008/2008 1999/1999 2007/2007
f 1999/1999 2009/2009 2000/2000
f 2009/2009 1999/1999 2008/2008
f 2009/2009 2010/2010 2016/2016
f 2016/2016 2000/2000 2009/2009
f 2002/2002 2007/2007 1998/1998
f 2007/2007 2002/2002 2017/2017
f 2009/2009 2018/2018 2010/2010
f 2018/2018 2009/2009 2008/2008
f 2020/2020 2021/2021 2022/2022
f 2024/2024 2020/2020 2023/2023
f 2020/2020 2024/2024 2021/2021
f 2022/2022 2019/2019 2020/2020
f 2020/2020 2019/2019 2025/2025
f 2028/2028 2026/2026 2022/2022
f 2025/2025 2027/2027 2023/2023
f 2023/2023 2020/2020 2025/2025
f 2021/2021 2024/2024 2028/2028
f 2029/2029 2028/2028 2024/2024
f 2030/2030 2025/2025 2019/2019
f 2022/2022 2021/2021 2028/2028
f 2032/2032 2033/2033 2031/2031
f 2032/2032 2035/2035 2033/2033
f 2053/2053 2054/2054 2036/2036
f 2036/2036 2037/2037 2055/2055
f 2038/2038 2035/2035 2039/2039
f 2035/2035 2038/2038 2034/2034
f 2056/2056 2055/2055 2051/2051
f 2037/2037 2051/2051 2055/2055
f 2034/2034 2033/2033 2035/2035
f 2055/2055 2053/2053 2036/2036
f 2040/2040 2041/2041 2048/2048
f 2041/2041 2040/2040 2033/2033
f 2042/2042 2033/2033 2034/2034
f 2036/2036 2041/2041 2042/2042
f 2038/2038 2043/2043 2042/2042
f 2042/2042 2034/2034 2038/2038
f 2042/2042 2051/2051 2037/2037
f 2051/2051 2042/2042 2043/2043
f 2033/2033 2042/2042 2041/2041
f 2041/2041 2036/2036 2048/2048
f 2042/2042 2037/2037 2036/2036
f 2054/2054 2044/2044 2045/2045
f 2045/2045 2036/2036 2054/2054
f 2033/2033 2046/2046 2031/2031
f 2057/2057 2031/2031 2046/2046
f 2047/2047 2040/2040 2048/2048
f 2036/2036 2045/2045 2048/2048
f 2040/2040 2046/2046 2033/2033
f 2046/2046 2040/2040 2047/2047
f 2048/2048 2045/2045 2047/2047
f 2058/2058 2047/2047 2045/2045
f 2044/2044 2058/2058 2045/2045
f 2039/2039 2049/2049 2038/2038
f 2049/2049 2039/2039 2050/2050
f 2059/2059 2056/2056 2051/2051
f 2043/2043 2052/2052 2051/2051
f 2038/2038 2049/2049 2043/2043
f 2052/2052 2043/2043 2049/2049
f 2052/2052 2060/2060 2051/2051
f 2059/2059 2051/2051 2060/2060
f 2061/2061 2064/2064 2062/2062
f 2065/2065 2066/2066 2064/2064
f 2067/2067 2064/2064 2068/2068
f 2064/2064 2067/2067 2063/2063
f 2068/2068 2064/2064 2069/2069
f 2066/2066 2069/2069 2064/2064
f 2063/2063 2062/2062 2064/2064
f 2064/2064 2061/2061 2065/2065
f 2071/2071 2062/2062 2063/2063
f 2065/2065 2070/2070 2080/2080
f 2067/2067 2072/2072 2071/2071
f 2071/2071 2063/2063 2067/2067
f 2080/2080 2069/2069 2066/2066
f 2069/2069 2080/2080 2081/2081
f 2062/2062 2071/2071 2082/2082
f 2080/2080 2066/2066 2065/2065
f 2061/2061 2073/2073 2074/2074
f 2074/2074 2065/2065 2061/2061
f 2062/2062 2075/2075 2073/2073
f 2073/2073 2061/2061 2062/2062
f 2065/2065 2074/2074 2070/2070
f 2076/2076 2070/2070 2074/2074
f 2082/2082 2083/2083 2062/2062
f 2075/2075 2062/2062 2083/2083
f 2084/2084 2076/2076 2074/2074
f 2073/2073 2084/2084 2074/2074
f 2067/2067 2068/2068 2077/2077
f 2069/2069 2078/2078 2077/2077
f 2077/2077 2068/2068 2069/2069
f 2081/2081 2079/2079 2078/2078
f 2078/2078 2069/2069 2081/2081
f 2085/2085 2072/2072 2067/2067
f 2085/2085 2067/2067 2086/2086
f 2077/2077 2086/2086 2067/2067
f 2087/2087 2089/2089 2088/2088
f 2089/2089 2091/2091 2088/2088
f 2092/2092 2109/2109 2110/2110
f 2111/2111 2093/2093 2092/2092
f 2095/2095 2091/2091 2094/2094
f 2090/2090 2094/2094 2091/2091
f 2107/2107 2111/2111 2112/2112
f 2111/2111 2107/2107 2093/2093
f 2091/2091 2089/2089 2090/2090
f 2092/2092 2110/2110 2111/2111
f 2104/2104 2097/2097 2096/2096
f 2089/2089 2096/2096 2097/2097
f 2090/2090 2089/2089 2098/2098
f 2098/2098 2097/2097 2092/2092
f 2098/2098 2099/2099 2094/2094
f 2094/2094 2090/2090 2098/2098
f 2093/2093 2107/2107 2098/2098
f 2099/2099 2098/2098 2107/2107
f 2097/2097 2098/2098 2089/2089
f 2104/2104 2092/2092 2097/2097
f 2092/2092 2093/2093 2098/2098
f 2101/2101 2100/2100 2109/2109
f 2109/2109 2092/2092 2101/2101
f 2087/2087 2102/2102 2089/2089
f 2102/2102 2087/2087 2113/2113
f 2104/2104 2096/2096 2103/2103
f 2104/2104 2101/2101 2092/2092
f 2089/2089 2102/2102 2096/2096
f 2103/2103 2096/2096 2102/2102
f 2103/2103 2101/2101 2104/2104
f 2101/2101 2103/2103 2114/2114
f 2101/2101 2114/2114 2100/2100
f 2094/2094 2105/2105 2095/2095
f 2106/2106 2095/2095 2105/2105
f 2107/2107 2112/2112 2115/2115
f 2107/2107 2108/2108 2099/2099
f 2099/2099 2105/2105 2094/2094
f 2105/2105 2099/2099 2108/2108
f 2107/2107 2116/2116 2108/2108
f 2116/2116 2107/2107 2115/2115
f 2118/2118 2120/2120 2117/2117
f 2120/2120 2122/2122 2121/2121
f 2124/2124 2120/2120 2123/2123
f 2119/2119 2123/2123 2120/2120
f 2125/2125 2120/2120 2124/2124
f 2120/2120 2125/2125 2122/2122
f 2120/2120 2118/2118 2119/2119
f 2121/2121 2117/2117 2120/2120
f 2119/2119 2118/2118 2127/2127
f 2136/2136 2126/2126 2121/2121
f 2127/2127 2128/2128 2123/2123
f 2123/2123 2119/2119 2127/2127
f 2122/2122 2125/2125 2136/2136
f 2137/2137 2136/2136 2125/2125
f 2138/2138 2127/2127 2118/2118
f 2121/2121 2122/2122 2136/2136
f 2130/2130 2129/2129 2117/2117
f 2117/2117 2121/2121 2130/2130
f 2129/2129 2131/2131 2118/2118
f 2118/2118 2117/2117 2129/2129
f 2126/2126 2130/2130 2121/2121
f 2130/2130 2126/2126 2132/2132
f 2118/2118 2139/2139 2138/2138
f 2139/2139 2118/2118 2131/2131
f 2130/2130 2132/2132 2140/2140
f 2130/2130 2140/2140 2129/2129
f 2133/2133 2124/2124 2123/2123
f 2133/2133 2134/2134 2125/2125
f 2125/2125 2124/2124 2133/2133
f 2134/2134 2135/2135 2137/2137
f 2137/2137 2125/2125 2134/2134
f 2123/2123 2128/2128 2141/2141
f 2142/2142 2123/2123 2141/2141
f 2123/2123 2142/2142 2133/2133
f 2145/2145 2146/2146 2143/2143
f 2144/2144 2143/2143 2146/2146
f 2149/2149 2150/2150 2147/2147
f 2148/2148 2147/2147 2150/2150
f 2153/2153 2154/2154 2151/2151
f 2152/2152 2151/2151 2154/2154
f 2157/2157 2158/2158 2155/2155
f 2156/2156 2155/2155 2158/2158
