# MOD converted: m244.mod
# 1571 verts, 1912 faces

v 177.943451 -11.806427 -8.735375
v 184.444550 -14.302961 -8.903759
v 187.585464 -3.631289 -21.128633
v 175.013748 10.998378 -9.559285
v 187.538528 9.639777 -21.471424
v 168.379562 11.455573 -14.057396
v 169.865479 22.693237 -20.255526
v 162.067047 10.958255 -14.636139
v 161.386566 21.252262 -11.093061
v 184.103882 17.337040 -15.196634
v 153.671478 5.783303 -11.061049
v 147.928757 8.569655 -7.574806
v 148.683685 14.202146 -16.597778
v 183.065720 10.151038 -13.887287
v 177.293533 20.905327 -16.277061
v 152.714630 10.204465 -12.249934
v 153.534882 17.810059 -18.187378
v 169.739914 -13.995583 -17.789789
v 162.680115 -10.576056 -14.301754
v 160.551407 -11.074543 -16.904613
v 158.501740 -7.450150 -14.460001
v 156.444305 -8.593903 -15.873521
v 154.320602 -5.381392 -16.948265
v 158.918427 1.399926 -20.671455
v 160.696060 -1.770032 -20.317570
v 160.845825 -5.907973 -15.328180
v 154.904785 -0.635406 -16.338249
v 154.339264 -3.098869 -14.209088
v 181.182785 -12.766479 -8.796721
v 147.371536 6.711114 -17.685751
v 177.658936 -11.473855 -20.165512
v 175.113373 0.382779 -21.029282
v 175.768845 -7.070560 -19.542971
v 166.687256 0.781419 -22.038651
v 168.640320 -7.369143 -22.464983
v 167.653687 -2.311441 -13.905111
v 153.421814 -8.028954 -12.356805
v 149.631134 -8.678322 -14.749520
v 172.285126 -13.627453 -8.434540
v 177.593201 -21.345079 -12.826659
v 174.822250 -17.738998 -12.990594
v 166.024704 -15.548219 -7.459116
v 169.898697 -22.927731 -11.419943
v 168.784592 -18.131641 0.000009
v 170.641281 -23.922237 -5.574983
v 160.197998 -17.829235 -8.762439
v 162.724060 -17.310579 0.000006
v 155.156372 -16.538939 -2.580061
v 159.141052 -19.134653 -5.257114
v 163.886963 -21.274090 -6.489733
v 163.501663 -20.863279 -13.989742
v 151.561478 -4.642104 -0.000003
v 170.855362 25.722916 -0.000000
v 162.335968 24.828892 -0.000000
v 142.820465 7.445420 -0.000001
v 178.321426 23.938210 -0.000001
v 154.297836 21.267532 -0.000001
v 148.803589 16.568672 -28.130510
v 176.367599 -6.915994 -16.325031
v 183.804077 -1.930192 -14.209088
v 181.182785 -12.766479 -16.325031
v 183.804077 -1.930192 -18.604324
v 172.602417 -18.619305 -19.481060
v 177.810455 -10.164779 -17.872274
v 178.539230 -10.292305 -18.967842
v 175.959427 -14.954075 -16.686216
v 177.108948 -15.662370 -23.435585
v 178.421738 -6.826607 -20.244032
v 180.298798 -5.194615 -8.248625
v 97.765839 11.453185 -2.332815
v 98.549454 13.771651 -7.513546
v 110.075897 9.995311 -12.872007
v 43.834435 22.957851 -18.437000
v 79.611984 16.201828 -3.161081
v 79.637360 20.893566 -5.361786
v 33.076706 23.951153 -1.802065
v 116.002663 11.228854 -9.123099
v 115.624901 9.486465 -2.342362
v 110.368263 11.992953 -17.609241
v 60.042694 20.765450 -12.644731
v 85.815025 15.257413 -4.081405
v 60.165695 25.071781 -4.803731
v 43.942558 25.539898 -18.897366
v 134.992752 22.932583 -25.508541
v 127.321075 29.008480 -35.604904
v 137.791962 38.354965 -39.602699
v 149.681000 35.163918 -28.454145
v 144.363922 28.072834 -29.220530
v 155.343063 21.359806 -40.526772
v 157.508209 30.602745 -41.382832
v 127.113136 40.448589 -34.288879
v 123.063965 34.312370 -49.320602
v 140.104141 43.397419 -53.946877
v 157.336380 35.993916 -64.021233
v 150.332474 39.756512 -64.235596
v 154.265747 36.093517 -54.602493
v 129.537506 39.941723 -59.357925
v 136.414413 41.647190 -78.435196
v 148.004272 34.316517 -60.899902
v 127.013153 37.111305 -47.683403
v 130.561768 40.183029 -53.279053
v 149.340836 39.039112 -76.238663
v 145.812592 34.827335 -59.255104
v 126.522842 37.085560 -39.018848
v 118.940125 36.694939 -36.690334
v 119.014854 36.144112 -8.873401
v 131.328598 17.851971 -2.273326
v 128.766495 11.800807 -3.992120
v 124.315208 11.800803 -63.177719
v 143.914566 39.654209 -70.037460
v 146.390396 35.273495 -15.415987
v 127.458778 22.341618 -38.067520
v 113.670990 34.934975 -39.363831
v 114.766312 36.974838 -37.397980
v 108.293190 33.608234 -34.974625
v 114.954971 36.295250 -31.069523
v 151.351517 24.493664 -63.999756
v 119.311020 37.111313 -58.642181
v 118.820679 37.085560 -65.312393
v 112.968323 33.487114 -61.961952
v 119.124519 35.488831 -83.289856
v 144.788651 34.316525 -79.633751
v 141.627258 34.827335 -87.766594
v 140.578613 31.759380 -81.748413
v 143.455780 32.948441 -16.580059
v 171.205902 7.847911 -19.283354
v 167.863708 1.427274 -13.839255
v 177.282928 3.659547 -16.542551
v 173.937363 -2.747839 -24.634811
v 176.101212 9.070964 -25.121807
v 171.366165 2.306376 -19.940813
v 179.729279 4.276423 -24.584269
v 178.817856 -1.514947 -21.807474
v 181.442123 4.709708 -29.277950
v 176.522995 3.601386 -25.601549
v 185.059998 9.792659 -21.797897
v 185.246567 5.664954 -25.526484
v 187.000763 2.051322 -30.413307
v 182.414337 5.074809 -20.767670
v 192.173233 9.982871 -19.719946
v 188.972443 6.602500 -20.696747
v 193.337631 5.231442 -25.025324
v 191.534485 7.350850 -28.675766
v 187.334824 6.304303 -16.503675
v 192.031082 7.379231 -22.762791
v 194.033813 7.974729 -22.777239
v 200.754272 9.616988 -20.073719
v 196.561600 9.997565 -17.724611
v 196.138519 8.446929 -20.038263
v 197.224976 7.298749 -22.285604
v 196.561554 8.578528 -52.027870
v 106.181625 7.532699 -51.292675
v 97.748192 -4.896651 -63.861473
v 102.386536 9.110938 -58.220291
v 99.758430 -5.892494 -61.723991
v 99.934509 -5.964232 -60.388905
v 94.693817 -7.505345 -58.503952
v 97.518784 -6.575148 -58.210587
v 91.821716 -8.426933 -54.440697
v 94.628105 -7.552271 -55.957932
v 104.178513 9.038960 -55.550091
v 99.443062 1.364770 -55.018158
v 97.327522 -2.535388 -56.525307
v 95.045914 -4.950980 -59.189247
v 93.255173 -6.199609 -64.037300
v 103.164856 -5.953131 -54.760246
v 102.077278 -6.700921 -58.454559
v 103.449196 -5.501122 -59.692127
v 93.406395 -9.743928 -56.327549
v 97.063065 -9.222063 -62.490368
v 99.999260 1.401411 -64.872238
v 103.623032 1.537927 -54.031647
v 100.368225 7.113107 -67.913063
v 99.843658 -6.147946 -65.809418
v 97.317596 -6.120487 -66.480972
v 97.169945 1.587031 -68.587425
v 99.920113 1.579635 -71.607796
v 96.011055 -5.992140 -68.951202
v 94.761604 -5.987817 -69.806152
v 94.543571 1.468834 -72.504997
v 95.751686 1.420856 -61.533470
v 99.323349 9.091052 -64.511482
v 103.560455 -2.141925 -68.309357
v 99.977074 -2.638817 -72.094818
v 95.850761 -3.044942 -64.240143
v 103.140198 5.702804 -68.238945
v 99.779839 4.963202 -72.010521
v 95.870247 4.437621 -62.314423
v 100.097603 -2.302909 -66.150505
v 97.242569 -2.673199 -69.446159
v 94.615623 -2.946960 -62.069618
v 99.788765 5.352658 -66.214073
v 97.098152 4.812261 -69.332108
v 94.693962 4.401248 -70.177177
v 96.175163 7.832601 -67.667358
v 95.015747 7.765861 -64.881348
v 97.600922 8.475097 -67.005356
v 99.661438 8.593095 -66.641052
v 97.191711 1.271525 -68.747528
v 99.941902 1.264131 -70.532516
v 93.775230 0.943535 -73.427299
v 95.194473 0.895556 -68.563065
v 99.980484 -2.210107 -73.266769
v 95.270752 -2.257627 -67.522949
v 99.912674 5.523998 -70.600327
v 96.317863 5.228205 -66.404228
v 97.245972 -2.244489 -70.361542
v 93.840088 -2.159639 -65.383377
v 97.578316 5.250955 -68.118896
v 95.110016 5.123733 -0.000000
v 134.061783 -2.804043 0.000000
v 119.040085 -11.276378 0.000001
v 128.261795 11.868188 -9.975838
v 95.894302 -8.552362 -14.233870
v 96.391327 -0.111447 -22.070816
v 118.802658 0.097028 -22.014729
v 118.667618 7.012473 -24.406734
v 122.654694 9.739211 -24.548317
v 122.851044 -2.814627 -26.951977
v 126.957024 0.264232 -26.969383
v 127.094986 7.206817 -5.519425
v 135.200775 -0.287936 -5.644173
v 137.838791 5.144212 -8.017179
v 110.657959 -7.573397 -13.407419
v 111.691345 0.585600 -8.531591
v 111.506271 8.306584 -30.427511
v 114.100098 6.144198 -30.613924
v 114.239471 0.468336 -35.148785
v 121.453049 6.044093 -32.901966
v 117.997101 -1.842900 -45.105427
v 104.900803 5.464406 -47.703072
v 109.155754 8.327809 -44.892975
v 104.886909 -0.244825 -50.111000
v 113.006004 5.893294 -47.470894
v 109.096992 -3.460793 -34.990055
v 121.303726 0.174915 -49.948254
v 112.984543 -0.924221 -32.103481
v 118.368065 8.631469 -32.918816
v 112.960258 5.724418 -37.329227
v 120.331390 6.031432 -36.082771
v 115.977081 8.412919 -34.003067
v 117.238068 8.656079 -37.214279
v 120.150818 0.107123 -35.200363
v 116.531059 -1.955030 -33.015026
v 113.058731 0.415362 -14.282186
v 130.384766 -0.047574 -13.949117
v 131.306793 8.814410 -11.164593
v 119.634308 -5.937845 -10.554197
v 127.606819 11.527469 -15.191230
v 119.683685 -0.050508 -15.553737
v 118.991486 7.791467 -14.097720
v 126.184738 -3.415673 -19.517797
v 131.817871 8.617625 -14.771824
v 132.685120 4.803523 -17.456244
v 120.263428 7.389960 -16.751133
v 125.898941 10.885596 -19.820030
v 125.093796 9.936532 -16.725048
v 120.610458 0.057021 -19.449591
v 131.724091 0.023124 -19.752823
v 125.255524 -2.300932 -24.766682
v 130.707214 7.312772 -19.990698
v 132.759567 4.476698 -24.633080
v 130.670425 0.615261 -6.207163
v 127.073128 -6.699309 -6.828661
v 119.141090 -10.148262 -5.741933
v 132.340286 -4.480075 -9.053091
v 133.283722 -0.156157 -9.732136
v 135.333893 5.016354 -6.353603
v 135.782333 9.405419 -17.077362
v 126.063560 -2.552614 -9.714609
v 119.743469 10.666347 -4.743316
v 144.124954 4.113257 -4.227271
v 141.959625 -0.977360 -36.517563
v 108.849678 -0.992615 -39.845428
v 113.864754 -4.387545 -42.789997
v 118.820969 -1.573761 -42.907650
v 118.773392 6.775596 -39.772369
v 113.860039 9.847428 -36.494331
v 108.859138 6.306880 -49.666977
v 102.426727 5.221166 -51.802292
v 106.129929 -3.080755 -49.412651
v 102.381920 -0.169533 -54.185898
v 109.963211 -0.968155 -54.354847
v 109.804810 5.665126 -0.000001
v 97.182602 9.689158 -9.130268
v 96.983826 8.959632 0.000000
v 90.241089 -11.065873 -0.000000
v 91.990501 11.883908 -7.266057
v 90.326050 -9.552483 -8.338620
v 91.903839 11.183625 -12.105383
v 90.576309 -5.961956 -15.276839
v 91.108833 0.059069 -13.814607
v 91.512634 6.576762 0.000017
v 84.535805 -10.889841 -10.623407
v 81.072937 11.028251 -9.406570
v 85.533211 12.647201 -1.780453
v 80.284348 11.938369 -13.133012
v 85.213821 -6.881465 -16.270088
v 85.530952 -0.110595 -17.221992
v 65.849815 2.789545 -15.286158
v 65.978249 -5.745103 -9.674198
v 65.825027 -8.922670 -7.625454
v 82.876030 -9.809490 -2.865949
v 77.114090 9.548759 -5.138970
v 65.567459 9.209102 -15.722263
v 83.635529 6.371821 -2.758179
v 65.159805 1.507044 -2.129098
v 78.009445 -7.485756 -4.124925
v 65.453407 -5.884961 -12.483416
v 65.851524 9.073865 -8.558000
v 13.481750 -5.351852 -8.564075
v 11.322334 14.863793 -24.373549
v 11.770836 6.043157 -4.906065
v 11.950401 4.831599 -22.130703
v 13.395523 -4.772475 -19.294682
v 11.280876 15.150691 -5.172713
v 55.857399 -5.552560 -3.860261
v 51.549423 2.138175 -6.880174
v 52.727997 7.736302 -13.252296
v 52.989449 8.470422 -15.972656
v 56.295959 -5.067362 -17.675884
v 52.465225 2.771622 -11.033623
v 51.975204 -7.780775 -4.938114
v 51.706177 -5.324803 -16.297802
v 52.530624 -4.848458 -11.063197
v 48.232704 -6.202057 -16.100130
v 49.278595 -3.500168 -5.948561
v 48.781418 -4.239344 -20.669546
v 36.782326 4.022417 -15.542513
v 37.107094 11.665771 -7.935222
v 36.749855 11.942592 -4.565527
v 35.167366 3.543261 -10.744225
v 56.519646 -7.866034 -17.562073
v 55.012932 2.637842 -13.138748
v 54.920410 8.438453 -6.672169
v 54.770142 7.984601 -3.565480
v 54.546959 2.033755 -15.386112
v 13.886055 -8.034903 -1.046921
v 77.022377 0.742598 -8.796725
v 137.917221 -9.481890 -6.207163
v 127.073128 -6.699309 -13.228311
v 141.853455 -0.861911 -10.306820
v 144.336136 7.175349 -9.053091
v 133.283722 -0.156157 -9.732136
v 135.333893 5.016354 -3.051683
v 141.367065 -12.116060 -6.560142
v 142.349152 -9.777729 -2.736626
v 148.121780 -15.715795 -13.057772
v 148.367538 -5.362982 -15.354708
v 156.444611 -6.031917 -5.090025
v 153.293365 -12.794228 -2.996319
v 144.300568 -14.587422 -12.459024
v 162.515442 -13.950035 -3.010278
v 139.786804 -9.681547 -5.101642
v 159.841354 -14.014370 -7.374340
v 144.562073 -11.643907 -6.578136
v 162.962677 -16.700859 -13.553048
v 148.988037 1.776605 -13.184200
v 167.205933 -14.247189 -7.221301
v 168.242004 -16.513765 -15.979807
v 162.703369 -10.086470 -13.867303
v 152.961380 -5.468447 -8.444775
v 153.154831 -11.738518 -14.467474
v 159.096130 -9.896219 -12.519669
v 153.092102 -9.348133 -10.400566
v 144.994232 -8.575517 -16.333624
v 168.353546 -9.789194 -13.062521
v 171.315582 -13.327839 -7.096219
v 173.486633 -15.252033 -8.548627
v 160.004776 -13.658829 -11.934577
v 159.607407 -12.629683 -19.395390
v 153.352798 5.930785 -20.524605
v 158.371460 5.657657 -16.368893
v 149.684799 3.998218 -18.782581
v 159.707489 3.624415 -11.912407
v 147.944199 -9.832422 -8.113571
v 147.565536 -13.100357 -5.745553
v 140.904495 -7.446998 -17.486336
v 163.317123 -3.116651 -0.000001
v 102.075233 8.485282 0.000000
v 100.886597 -11.133521 -8.187707
v 101.887329 6.690007 -12.222576
v 101.602837 -0.688674 -8.743702
v 100.878159 -7.605463 -12.204758
v 108.820068 -0.105269 -24.826935
v 117.157158 6.647798 -27.319496
v 120.897583 9.273961 -24.940697
v 117.297226 0.252976 -29.889597
v 125.335617 6.718471 -29.809662
v 125.188400 0.226716 -27.420773
v 121.212631 -2.406502 -22.349529
v 117.682671 7.424811 -25.016756
v 122.209839 10.415357 -27.911959
v 127.332298 7.637956 -27.892872
v 127.180977 0.023675 -25.214554
v 122.460678 -3.535639 -22.411053
v 117.830765 -0.159709 -26.704844
v 121.312584 10.296615 -23.862988
v 116.901001 7.024852 -23.987755
v 117.054619 0.011333 -26.773827
v 121.558899 -3.416530 -29.435936
v 126.136398 -0.017467 -29.523602
v 126.297844 7.487737 -36.808102
v 109.816742 -0.308766 -39.444218
v 114.020424 -3.085465 -41.976826
v 118.030602 -0.762616 -42.080395
v 118.019577 6.116305 -39.364803
v 114.013832 8.686694 -36.769688
v 109.808189 5.736812 -12.994183
v 99.551903 -0.691176 -0.000000
v 95.749184 -10.371401 -9.408150
v 95.956718 -7.623300 -13.156839
v 96.495178 -0.145675 -8.812084
v 97.046524 7.774829 -42.177086
v 106.132675 5.705914 -40.670586
v 106.764359 5.986737 -44.883106
v 110.765259 -3.726463 -43.659782
v 111.440536 -4.035380 -46.658047
v 115.923454 6.440320 -47.731861
v 115.005432 6.146220 -47.529205
v 115.127029 -1.110423 -46.495117
v 116.010475 -1.326935 -42.032204
v 106.120049 -0.459188 -40.604259
v 106.753204 -0.708453 -45.027790
v 110.805809 8.763434 -43.641655
v 111.517776 9.269977 -43.999973
v 117.958076 6.713569 -37.671261
v 108.179176 6.247653 -40.858414
v 113.121475 -4.322394 -43.873940
v 118.012962 -1.528101 -37.677925
v 108.169411 -0.940044 -40.806808
v 113.121216 9.740603 -47.390636
v 109.459587 8.936160 -44.063026
v 104.434158 -0.465874 -47.008415
v 109.395126 -3.992992 -49.958862
v 113.988304 -1.211003 -50.121216
v 113.915672 6.266107 -42.280975
v 105.459396 6.060596 -45.404800
v 110.613411 9.413932 -48.386517
v 115.210617 6.543502 -48.260025
v 115.252480 -1.415219 -45.357918
v 110.468674 -4.284363 -42.231190
v 105.374054 -0.700980 -43.291889
v 111.803856 9.820693 -40.005394
v 106.525246 6.283332 -39.933926
v 106.513237 -0.930066 -43.245625
v 111.782967 -4.514494 -46.417778
v 116.745796 -1.596417 -46.593323
v 116.652031 6.772023 -37.821709
v 107.612137 6.564446 -41.207710
v 112.936714 10.327743 -44.640263
v 118.147926 7.066422 -44.504471
v 118.207047 -1.813148 -41.263302
v 112.936966 -4.823727 -37.828884
v 107.601616 -1.179583 -42.543724
v 103.023354 7.944453 -44.003189
v 102.463463 7.770183 -39.828812
v 104.468246 8.491452 -44.265938
v 104.514290 5.795720 -42.280975
v 105.459396 6.060596 -37.821709
v 107.612137 6.564446 -44.265938
v 104.514290 5.795720 -40.005394
v 106.525246 6.283332 -37.998287
v 105.318054 8.772567 -44.265934
v 102.901520 6.849496 -42.280979
v 103.846619 7.114371 -40.005394
v 104.912476 7.337111 -37.821709
v 105.999367 7.618218 -11.399920
v 145.624695 -4.994434 -8.501122
v 143.254517 -2.843368 -8.569207
v 142.961166 -6.868810 -6.353603
v 135.782333 9.405419 -8.125267
v 131.252151 -2.638659 -7.482535
v 132.143066 -7.156281 -8.125267
v 131.252151 -2.638659 -13.922616
v 114.616936 -0.087465 -9.123099
v 115.624901 9.486465 -14.990291
v 115.199013 -0.069654 -14.995838
v 115.020676 6.711850 -9.590887
v 115.146133 -6.755622 -14.021255
v 114.383629 5.487610 -1.802065
v 116.002663 11.228854 -14.593705
v 177.943451 -11.806427 -8.735375
v 184.444550 -14.302961 -0.000000
v 185.692841 -15.081360 11.436198
v 120.911545 -12.144093 11.610311
v 121.678566 -5.749716 9.929905
v 119.085091 -6.602183 7.210957
v 120.075706 -7.981504 7.210958
v 123.281410 -7.981503 9.929905
v 124.272026 -6.602178 11.559869
v 117.034012 -8.342125 14.569232
v 121.678558 -6.815480 7.003906
v 118.808067 -10.812304 7.003908
v 124.549049 -10.812305 11.559870
v 126.323105 -8.342131 8.339297
v 118.595375 -7.291851 8.894099
v 116.936020 -9.577223 7.051465
v 118.605843 -9.357475 8.818347
v 120.467331 -4.695353 11.014199
v 116.727814 -7.943893 7.610873
v 117.941757 -11.128387 12.605516
v 116.184792 -9.534474 9.017572
v 115.934875 -11.327723 12.862822
v 114.379646 -10.859010 9.218187
v 116.295357 -10.106510 8.602619
v 117.383018 -8.511703 6.415532
v 120.837692 -7.403256 7.040029
v 119.076080 -10.612786 6.611638
v 121.729500 -9.347433 7.975233
v 119.849609 -12.968428 6.026708
v 122.100975 -11.251436 6.466691
v 120.549393 -14.813279 5.559614
v 122.943970 -12.107432 6.346938
v 124.407913 -10.295505 6.633268
v 123.694740 -8.479062 8.690639
v 120.480881 -4.713273 11.978595
v 125.674126 -8.099310 12.321727
v 123.688835 -6.224689 11.944913
v 126.538948 -9.162188 13.583735
v 124.564156 -6.875979 13.734011
v 127.138313 -9.079835 15.315907
v 123.540741 -6.879934 14.643543
v 122.117867 -6.757638 12.913592
v 121.643333 -5.937782 8.827451
v 120.710648 -4.705328 14.593325
v 121.702095 -6.379343 12.962366
v 119.352821 -6.838714 15.549101
v 121.351624 -8.348727 14.306963
v 119.582840 -9.740860 17.275005
v 120.537949 -9.548029 14.550509
v 117.507622 -10.139464 12.140552
v 116.877525 -10.077602 10.970232
v 116.863144 -8.270650 8.937340
v 120.504852 -4.654381 14.593709
v 177.943481 -11.806427 8.735381
v 184.444580 -14.302958 8.903759
v 187.585480 -3.631290 21.128637
v 175.013748 10.998374 9.559285
v 187.538528 9.639777 21.471439
v 168.379562 11.455573 14.057400
v 169.865479 22.693237 20.255547
v 162.067123 10.958251 14.636135
v 161.386627 21.252251 11.093055
v 184.103897 17.337040 15.196635
v 153.671539 5.783294 11.061049
v 147.928848 8.569648 7.574804
v 148.683685 14.202146 16.597780
v 183.065811 10.151027 13.887288
v 177.293533 20.905327 16.277079
v 152.714661 10.204465 12.249932
v 153.534882 17.810062 18.187380
v 169.740005 -13.995593 17.789789
v 162.680145 -10.576056 14.301755
v 160.551498 -11.074550 16.904627
v 158.501831 -7.450158 14.460002
v 156.444305 -8.593904 15.873522
v 154.320602 -5.381389 16.948284
v 158.918427 1.399928 20.671455
v 160.696075 -1.770035 20.317574
v 160.845886 -5.907969 15.328178
v 154.904785 -0.635405 16.338245
v 154.339294 -3.098872 14.209084
v 181.182785 -12.766479 8.796720
v 147.371536 6.711114 17.685770
v 177.658936 -11.473853 20.165512
v 175.113464 0.382779 21.029303
v 175.768845 -7.070552 19.542990
v 166.687271 0.781428 22.038668
v 168.640381 -7.369155 22.465002
v 167.653717 -2.311436 13.905111
v 153.421814 -8.028953 12.356808
v 149.631134 -8.678318 14.749526
v 172.285141 -13.627449 8.434546
v 177.593201 -21.345076 12.826662
v 174.822250 -17.738993 0.000000
v 178.626892 -22.623190 12.990598
v 166.024719 -15.548226 7.459130
v 169.898727 -22.927723 11.419947
v 168.784592 -18.131643 5.574986
v 160.197998 -17.829235 8.762442
v 162.724060 -17.310581 0.000008
v 163.352539 -21.746956 2.580065
v 159.141052 -19.134663 5.257117
v 163.886978 -21.274086 6.489736
v 163.501663 -20.863277 13.989749
v 151.561523 -4.642099 0.000000
v 189.515244 -4.666018 -0.000001
v 189.852859 9.166524 -0.000001
v 185.578934 19.306370 -0.000000
v 145.108368 6.912459 22.321775
v 168.560608 -6.915994 16.325031
v 183.804138 -1.930200 14.209084
v 181.182785 -12.766479 16.325031
v 183.804138 -1.930200 18.604330
v 172.602417 -12.699083 19.481079
v 176.453400 -10.164782 17.872280
v 178.539230 -10.292295 18.967861
v 177.092819 -11.825855 16.686235
v 177.109009 -13.664433 21.859835
v 174.657013 -6.826605 20.244036
v 178.941879 -6.030111 8.247890
v 97.765778 11.453162 2.332124
v 98.549622 13.771651 7.513291
v 110.075867 9.995303 12.869192
v 43.834190 22.957775 18.435562
v 79.611496 16.201756 3.159674
v 79.637497 20.893551 5.358550
v 33.076729 23.951088 1.802065
v 116.002663 11.228854 9.123107
v 115.624901 9.486461 2.342127
v 110.368423 11.992963 17.607054
v 60.042267 20.765350 12.643539
v 85.814789 15.257358 4.079244
v 60.165771 25.071747 4.800932
v 43.942612 25.539848 18.897373
v 134.992737 22.932583 25.508535
v 127.321083 29.008476 35.604904
v 137.791946 38.354950 39.602707
v 149.680984 35.163925 28.454132
v 144.363922 28.072823 29.220526
v 155.343079 21.359798 40.526764
v 157.508224 30.602734 41.382835
v 127.113136 40.448597 34.288879
v 123.063957 34.312370 49.320602
v 140.104126 43.397419 53.946884
v 157.336365 35.993912 64.021233
v 150.332458 39.756504 64.235603
v 154.265732 36.093513 54.602497
v 129.537491 39.941723 59.357929
v 136.414398 41.647190 78.435196
v 148.004257 34.316513 60.899902
v 127.013153 37.111301 47.683399
v 130.561752 40.183029 53.279053
v 149.340820 39.039108 76.238663
v 145.812576 34.827328 59.255112
v 126.522827 37.085564 39.018848
v 118.940132 36.694942 36.690334
v 119.014839 36.144112 8.873405
v 131.328598 17.851971 2.273325
v 128.766495 11.800803 3.992122
v 124.315216 11.800811 63.177711
v 143.914536 39.654217 70.037460
v 146.390381 35.273491 15.415990
v 127.458771 22.341614 38.067520
v 113.670998 34.934975 39.363831
v 114.766296 36.974838 37.397980
v 108.293182 33.608242 34.974625
v 114.954956 36.295250 31.069532
v 151.351547 24.493660 63.999752
v 119.310989 37.111313 58.642189
v 118.820648 37.085567 65.312393
v 112.968315 33.487114 61.961956
v 119.124496 35.488831 83.289856
v 144.788635 34.316521 79.633751
v 141.627228 34.827328 87.766594
v 140.578598 31.759377 81.748413
v 143.455795 32.948437 16.580078
v 171.205994 7.847903 19.283367
v 167.863739 1.427268 13.839256
v 177.282928 3.659549 16.542551
v 173.937439 -2.747844 24.634813
v 176.101303 9.070952 25.121807
v 171.366165 2.306375 19.940825
v 179.729309 4.276420 24.584291
v 178.817902 -1.514948 21.807470
v 181.442123 4.709708 29.277969
v 176.523117 3.601384 25.601547
v 185.060013 9.792663 21.797922
v 185.246658 5.664939 25.526497
v 187.000793 2.051320 30.413309
v 182.414368 5.074801 20.767668
v 192.173325 9.982863 19.719967
v 188.972473 6.602496 20.696745
v 193.337723 5.231439 25.025322
v 191.534500 7.350852 28.675779
v 187.334915 6.304299 16.503677
v 192.031082 7.379233 22.762787
v 194.033844 7.974730 22.777235
v 200.754288 9.616984 20.073727
v 196.561600 9.997569 17.724628
v 196.138550 8.446929 20.038263
v 197.225006 7.298751 22.285627
v 196.561630 8.578517 52.027878
v 106.181610 7.532697 51.292671
v 97.748192 -4.896644 63.861488
v 102.386536 9.110930 58.220253
v 99.758415 -5.892488 61.723988
v 99.934509 -5.964233 60.388916
v 94.693810 -7.505344 58.503933
v 97.518784 -6.575140 58.210594
v 91.821716 -8.426935 54.440704
v 94.628098 -7.552274 55.957935
v 104.178459 9.038955 55.550095
v 99.443062 1.364772 55.018166
v 97.327522 -2.535396 56.525307
v 95.045914 -4.950984 59.189255
v 93.255173 -6.199612 64.037315
v 103.164864 -5.953134 54.760231
v 102.077278 -6.700921 58.454533
v 103.449196 -5.501126 59.692131
v 93.406395 -9.743933 56.327530
v 97.063065 -9.222063 62.490364
v 99.999260 1.401408 64.872246
v 103.623032 1.537929 54.031662
v 100.368225 7.113111 67.913101
v 99.843643 -6.147949 65.809441
v 97.317566 -6.120490 66.480980
v 97.169945 1.587031 68.587433
v 99.920113 1.579618 71.607803
v 96.011017 -5.992155 68.951195
v 94.761543 -5.987815 69.806152
v 94.543564 1.468832 72.505005
v 95.751686 1.420836 61.533493
v 99.323341 9.091048 64.511475
v 103.560455 -2.141923 68.309372
v 99.977066 -2.638821 72.094826
v 95.850723 -3.044961 64.240128
v 103.140198 5.702796 68.238953
v 99.779839 4.963201 72.010529
v 95.870285 4.437604 62.314438
v 100.097610 -2.302914 66.150513
v 97.242554 -2.673200 69.446129
v 94.615593 -2.946957 62.069611
v 99.788765 5.352654 66.214081
v 97.098160 4.812256 69.332115
v 94.693970 4.401244 70.177216
v 96.175209 7.832589 67.667381
v 95.015793 7.765866 64.881317
v 97.600937 8.475089 67.005363
v 99.661453 8.593089 66.641060
v 97.191711 1.271525 68.747528
v 99.941902 1.264114 70.532524
v 93.775230 0.943533 73.427307
v 95.194473 0.895536 68.563072
v 99.980492 -2.210123 73.266769
v 95.270737 -2.257646 67.522934
v 99.912682 5.523996 70.600342
v 96.317902 5.228189 66.404205
v 97.245941 -2.244489 70.361542
v 93.840065 -2.159639 65.383385
v 97.578316 5.250953 68.118904
v 95.110039 5.123736 -0.000000
v 95.678619 -11.051967 0.000000
v 138.633789 8.181258 0.000000
v 110.494644 -10.680500 -0.000001
v 111.616165 10.378181 -0.000000
v 127.012779 -8.336754 -0.000000
v 131.308792 -5.396775 0.000001
v 119.978783 11.901195 0.000001
v 140.612808 -3.779829 9.975836
v 95.894302 -8.552359 14.233869
v 96.391327 -0.111448 22.070826
v 118.802711 0.096961 22.014729
v 118.667542 7.012408 24.406731
v 122.654549 9.739226 24.548300
v 122.851120 -2.814617 26.951979
v 126.957062 0.264327 26.969385
v 127.094879 7.206920 5.519426
v 135.200775 -0.287935 5.644173
v 137.838837 5.144204 8.017183
v 110.657959 -7.573394 13.407419
v 111.691345 0.585601 8.531591
v 111.506271 8.306579 30.427517
v 114.100044 6.144145 30.613926
v 114.239510 0.468284 35.148796
v 121.453018 6.044169 32.901974
v 117.997192 -1.842887 45.105431
v 104.900803 5.464397 47.703075
v 109.155754 8.327807 44.892975
v 104.886909 -0.244828 50.111004
v 113.006004 5.893302 47.470886
v 109.096985 -3.460793 34.990059
v 121.303787 0.174988 49.948257
v 112.984543 -0.924214 32.103474
v 118.367973 8.631480 32.918827
v 112.960258 5.724412 37.329231
v 120.331375 6.031442 36.082764
v 115.977058 8.412921 34.003067
v 117.237953 8.656093 37.214279
v 120.150818 0.107140 35.200359
v 116.531075 -1.955029 33.015030
v 113.058731 0.415354 14.281360
v 130.369843 -0.060489 13.950393
v 131.328171 8.801650 11.164602
v 119.634308 -5.937846 10.554205
v 127.606827 11.527472 15.191180
v 119.682739 -0.048052 15.553803
v 118.992958 7.794103 14.097969
v 126.172478 -3.413495 19.517799
v 131.817780 8.617728 14.772348
v 132.693726 4.779397 17.456244
v 120.263374 7.389890 16.751530
v 125.903595 10.886043 19.820019
v 125.093674 9.936542 16.725048
v 120.610519 0.056946 19.449596
v 131.724121 0.023226 19.752821
v 125.255623 -2.300927 24.766682
v 130.707123 7.312905 19.990698
v 132.759583 4.476821 24.633074
v 130.670471 0.615394 6.207166
v 127.073128 -6.699304 6.828662
v 119.141090 -10.148263 5.741933
v 132.340286 -4.480076 9.052389
v 133.268890 -0.172536 9.732632
v 135.343140 4.990091 6.354069
v 135.789078 9.399936 17.077356
v 126.063591 -2.552612 9.714613
v 119.743484 10.666350 4.743311
v 144.124954 4.113257 4.227270
v 141.959625 -0.977359 36.517563
v 108.849678 -0.992620 39.845413
v 113.864754 -4.387543 42.790001
v 118.820969 -1.573752 42.907654
v 118.773392 6.775601 39.772366
v 113.860023 9.847426 36.494339
v 108.859138 6.306872 49.666981
v 102.426727 5.221160 51.802288
v 106.129929 -3.080752 49.412651
v 102.381912 -0.169538 54.185890
v 109.963219 -0.968165 54.354858
v 109.804810 5.665118 -0.000001
v 135.731628 10.123424 9.130266
v 96.983841 8.959620 7.266058
v 90.326050 -9.552482 8.338618
v 91.903824 11.183619 12.105320
v 90.576988 -5.961964 15.276777
v 91.109482 0.059054 13.814590
v 91.512787 6.576772 0.000055
v 77.919250 -8.025232 0.000124
v 77.175789 0.684284 0.000117
v 85.384346 13.358897 0.000172
v 78.666061 7.100249 10.623501
v 81.071976 11.028266 9.406627
v 85.532600 12.647212 1.780729
v 80.281494 11.938441 13.132849
v 85.215530 -6.881517 16.269939
v 85.532501 -0.110646 17.221796
v 65.851990 2.789297 15.285839
v 65.981667 -5.745385 9.674020
v 65.826942 -8.922902 7.625367
v 82.876938 -9.809531 2.866242
v 77.112923 9.548770 5.139387
v 65.563263 9.209056 15.722199
v 83.636169 6.371791 2.758512
v 65.156456 1.506985 2.129178
v 78.009346 -7.485780 4.125030
v 65.452362 -5.885103 12.483541
v 65.850311 9.073724 8.558010
v 13.481743 -5.352068 8.564087
v 11.322327 14.863582 24.373549
v 11.770828 6.042943 4.906074
v 11.950394 4.831384 22.130714
v 13.395515 -4.772697 19.294695
v 11.280869 15.150481 5.172805
v 55.856590 -5.552802 3.860589
v 51.546104 2.138028 6.880539
v 52.724274 7.736196 13.252460
v 52.987907 8.470210 15.972355
v 56.299248 -5.067771 17.675743
v 52.466927 2.771239 11.033428
v 51.977379 -7.781192 4.938205
v 51.705368 -5.325068 16.297499
v 52.533958 -4.848924 11.063036
v 48.234573 -6.202475 16.099874
v 49.281479 -3.500643 5.948623
v 48.780846 -4.239608 20.669388
v 36.784271 4.022017 15.542747
v 37.104759 11.665671 7.935710
v 36.744774 11.942679 4.565868
v 35.163841 3.543229 10.744050
v 56.521622 -7.866388 17.561907
v 55.014854 2.637485 13.138887
v 54.919083 8.438230 6.672539
v 54.766418 7.984469 3.565815
v 54.543549 2.033595 15.386127
v 13.886047 -8.035117 1.047118
v 77.021423 0.742605 8.796734
v 137.917221 -9.481888 6.207166
v 127.073128 -6.699304 13.228312
v 141.853455 -0.861911 10.306819
v 144.336151 7.175349 9.052389
v 133.268890 -0.172536 9.732632
v 135.343140 4.990091 3.051687
v 141.367065 -12.116055 6.560141
v 142.349152 -9.777727 2.736634
v 148.121780 -15.715793 13.057771
v 148.367615 -5.362991 15.354711
v 156.444702 -6.031918 5.090026
v 153.293365 -12.794226 2.996318
v 144.300568 -14.587432 12.459025
v 162.515442 -13.950033 3.010281
v 139.786804 -9.681547 5.101645
v 159.841354 -14.014369 0.000005
v 149.210587 -18.295633 7.374343
v 144.562073 -11.643904 6.578140
v 162.962677 -16.700855 13.553049
v 148.988037 1.776605 13.184206
v 167.205933 -14.247184 7.221306
v 168.242020 -16.513767 15.979808
v 162.703430 -10.086475 13.867305
v 152.961380 -5.468444 8.444777
v 153.154831 -11.738514 14.467479
v 159.096130 -9.896218 12.519669
v 153.092102 -9.348135 10.400573
v 144.994247 -8.575520 16.333641
v 168.353622 -9.789195 13.062524
v 171.315582 -13.327837 7.096220
v 173.486633 -15.252033 8.548638
v 160.004776 -13.658825 11.934584
v 159.607407 -12.629683 0.000004
v 147.619858 -17.105898 0.000005
v 154.469193 -15.032280 0.000005
v 152.018707 -15.888854 0.000003
v 144.529984 -15.644789 0.000007
v 163.128876 -17.542860 -0.000000
v 168.587845 -17.363358 0.000002
v 140.679718 -12.821786 0.000002
v 139.348618 -10.478914 0.000002
v 174.011581 -16.130922 19.395386
v 153.352890 5.930781 20.524614
v 158.371460 5.657657 16.368906
v 149.684891 3.998212 18.782604
v 159.707565 3.624396 11.912407
v 147.944199 -9.832417 8.113565
v 147.565536 -13.100355 5.745556
v 140.904495 -7.446995 17.486334
v 163.317139 -3.116660 0.000006
v 159.301453 -16.569490 -0.000000
v 145.638672 13.818652 8.187701
v 101.887344 6.690001 12.222577
v 101.602837 -0.688675 8.743703
v 100.878159 -7.605460 12.204762
v 108.820068 -0.105269 24.826941
v 117.157082 6.647733 27.319485
v 120.897438 9.273974 24.940702
v 117.297272 0.252914 29.889606
v 125.335564 6.718568 29.809669
v 125.188454 0.226810 27.420776
v 121.212715 -2.406486 22.349535
v 117.682594 7.424735 25.016754
v 122.209686 10.415368 27.911961
v 127.332207 7.638068 27.892870
v 127.180992 0.023783 25.214558
v 122.460800 -3.535627 22.411057
v 117.830833 -0.159781 26.704834
v 121.312439 10.296626 23.862989
v 116.900925 7.024781 23.987759
v 117.054688 0.011259 26.773830
v 121.559013 -3.416515 29.435944
v 126.136459 -0.017362 29.523607
v 126.297752 7.487849 36.808105
v 109.816742 -0.308768 39.444221
v 114.020424 -3.085468 41.976830
v 118.030602 -0.762609 42.080395
v 118.019577 6.116311 39.364807
v 114.013832 8.686690 36.769695
v 109.808189 5.736808 12.994187
v 99.551903 -0.691168 9.408146
v 95.956718 -7.623300 13.156839
v 96.495178 -0.145675 -0.000001
v 97.037186 10.653422 8.812082
v 97.046524 7.774817 42.177097
v 106.132675 5.705909 40.670597
v 106.764359 5.986732 44.883106
v 110.765251 -3.726461 43.659775
v 111.440544 -4.035381 46.658058
v 115.923462 6.440328 47.731873
v 115.005432 6.146228 47.529213
v 115.127029 -1.110415 46.495121
v 116.010475 -1.326928 42.032204
v 106.120049 -0.459190 40.604263
v 106.753204 -0.708456 45.027790
v 110.805809 8.763433 43.641655
v 111.517754 9.269973 43.999981
v 117.958076 6.713576 37.671272
v 108.179176 6.247647 40.858398
v 113.121483 -4.322393 43.873943
v 118.012962 -1.528094 37.677937
v 108.169411 -0.940052 40.806801
v 113.121201 9.740600 47.390633
v 109.459579 8.936160 44.063026
v 104.434158 -0.465878 47.008408
v 109.395126 -3.992993 49.958858
v 113.988304 -1.210996 50.121223
v 113.915672 6.266114 42.280983
v 105.459396 6.060584 45.404804
v 110.613411 9.413932 48.386520
v 115.210617 6.543509 48.260029
v 115.252487 -1.415212 45.357910
v 110.468674 -4.284365 42.231194
v 105.374054 -0.700986 43.291885
v 111.803848 9.820693 40.005402
v 106.525246 6.283328 39.933929
v 106.513237 -0.930069 43.245617
v 111.782959 -4.514494 46.417778
v 116.745796 -1.596410 46.593323
v 116.652031 6.772031 37.821716
v 107.612137 6.564441 41.207706
v 112.936668 10.327739 44.640263
v 118.147926 7.066434 44.504475
v 118.207047 -1.813140 41.263283
v 112.936958 -4.823727 37.828888
v 107.601616 -1.179587 42.543736
v 103.023354 7.944446 44.003189
v 102.463463 7.770173 39.828819
v 104.468246 8.491446 44.265938
v 104.514290 5.795711 42.280983
v 105.459396 6.060584 37.821716
v 107.612137 6.564441 44.265938
v 104.514290 5.795711 40.005402
v 106.525246 6.283328 37.998291
v 105.318054 8.772553 44.265938
v 102.901520 6.849490 42.280983
v 103.846626 7.114360 40.005402
v 104.912476 7.337100 37.821712
v 105.999367 7.618209 11.399923
v 145.624786 -4.994441 8.501123
v 143.254517 -2.843364 8.569210
v 142.961166 -6.868813 6.354069
v 135.789078 9.399936 8.123980
v 131.225769 -2.644966 7.482535
v 132.143082 -7.156281 8.123980
v 131.225769 -2.644966 13.922622
v 114.616928 -0.087446 9.123103
v 115.624901 9.486465 14.990299
v 115.199013 -0.069654 14.995846
v 115.020653 6.711862 9.590889
v 115.146133 -6.755621 14.021257
v 114.383621 5.487628 -0.000001
v 116.095657 11.193992 1.802065
v 116.002663 11.228854 14.593709
v 177.943481 -11.806427 8.735381
v 184.444580 -14.302958 -14.209088
v 181.182785 -12.766479 -0.000000
v 185.692841 -15.081360 14.209084
v 181.182785 -12.766479 -0.000001
v 135.731628 10.123424 -9.780108
v 22.079628 -1.722634 -9.306348
v 22.078613 11.493773 -20.711634
v 22.079018 5.730037 -7.253736
v 22.078835 4.934434 -19.162956
v 22.078590 -1.341276 -17.405725
v 22.078773 11.683452 -14.500908
v 22.079124 -3.475441 -9.511056
v 4.061401 -20.126148 -16.420315
v 3.940987 -21.925581 -10.066706
v 6.966125 -18.539032 -16.223063
v 7.140724 -20.693460 -15.106050
v 16.631081 -5.763673 -22.383224
v 6.982277 -16.730137 -22.817644
v 9.278664 -5.816167 -22.126528
v 10.210579 8.423045 -18.362015
v 10.505905 13.723927 -24.754761
v 4.676353 -9.943432 -22.902990
v 4.281403 -18.104069 -22.023272
v -0.013260 11.335113 -18.864397
v -0.013290 14.712317 -23.967323
v 4.941849 -2.760548 -9.995307
v -0.013260 14.238219 -9.425636
v 10.514610 13.668321 -9.112794
v 9.308136 -6.995673 -7.358469
v -0.013206 10.462375 -7.374738
v 10.210274 6.962918 -6.969376
v 4.702972 -11.490212 -6.559758
v 4.992104 -4.065204 -24.936806
v -0.018120 -10.019400 -22.745676
v -0.025879 -18.527958 -9.517104
v -0.025879 -20.567701 -6.864422
v -0.018120 -11.343842 -23.565838
v 2.982216 2.788999 -7.164270
v 2.984894 1.593894 -16.374434
v -0.013283 -22.371485 -23.413452
v -0.013275 2.802433 -7.222857
v -0.013222 1.570633 -20.697960
v 15.628380 -2.708987 -9.548761
v 15.580803 -3.528840 -15.529388
v 11.969528 -8.676417 -13.893859
v 10.510254 14.648356 -13.489651
v 22.078644 12.540881 -14.295935
v -0.013275 15.427497 9.780128
v 22.079529 -1.722852 9.306689
v 22.075066 11.493791 20.711555
v 22.079964 5.729747 7.253973
v 22.076385 4.934364 19.162758
v 22.080910 -1.341663 17.405872
v 22.077354 11.683326 14.500770
v 22.080734 -3.475777 9.511070
v 4.061394 -20.126364 16.420328
v 3.940979 -21.925797 10.066719
v 6.966118 -18.539249 16.223080
v 7.140717 -20.693676 15.106061
v 16.631073 -5.763891 22.383240
v 6.982269 -16.730352 22.817650
v 9.278656 -5.816380 22.126534
v 10.210571 8.422828 18.362028
v 10.505898 13.723716 24.754784
v 4.676346 -9.943643 22.903004
v 4.281395 -18.104284 22.023285
v -0.013268 11.334899 18.864407
v -0.013298 14.712111 23.967342
v 4.941841 -2.760762 9.995320
v -0.013268 14.238008 9.425645
v 10.514603 13.668109 9.112802
v 9.308128 -6.995886 7.358482
v -0.013214 10.462161 7.374751
v 10.210266 6.962707 6.969385
v 4.702965 -11.490419 6.559768
v 4.992096 -4.065420 24.936825
v -0.018127 -10.019629 22.745689
v -0.025887 -18.528173 9.517116
v -0.025887 -20.567917 6.864433
v -0.018135 -11.344044 23.565853
v 2.982208 2.788784 7.164286
v 2.984886 1.593678 16.374447
v -0.013290 -22.371700 23.413467
v -0.013283 2.802214 7.222868
v -0.013229 1.570417 20.697968
v 15.628372 -2.709203 9.548774
v 15.580795 -3.529054 15.529403
v 11.969521 -8.676637 13.893872
v 10.510246 14.648143 13.489918
v 22.075958 12.540843 14.295948
v -0.013283 15.427287 -16.325031
v 183.804077 -1.930192 -20.165512
v 175.113373 0.382779 -14.209088
v 181.182785 -12.766479 -19.542971
v 166.687256 0.781419 -16.948265
v 158.918427 1.399926 -14.593705
v 177.943451 -11.806427 -14.749520
v 172.285126 -13.627453 -12.990594
v 166.024704 -15.548219 -49.412651
v 102.381920 -0.169533 -51.292675
v 97.748192 -4.896651 -58.220291
v 99.758430 -5.892494 -54.440697
v 94.628105 -7.552271 -58.210587
v 91.821716 -8.426933 -58.503952
v 97.518784 -6.575148 -60.388905
v 94.693817 -7.505345 -60.388905
v 94.693817 -7.505345 -59.189247
v 93.255173 -6.199609 -54.031647
v 100.368225 7.113107 -61.533470
v 99.323349 9.091052 -61.723991
v 99.934509 -5.964232 -65.809418
v 97.317596 -6.120487 -68.951202
v 94.761604 -5.987817 -68.951202
v 94.761604 -5.987817 -69.446159
v 94.615623 -2.946960 -69.332108
v 94.693962 4.401248 -69.806152
v 94.543571 1.468834 -49.666977
v 102.426727 5.221166 -69.446159
v 94.615623 -2.946960 -66.150505
v 97.242569 -2.673199 -68.309357
v 99.977074 -2.638817 -72.094818
v 95.850761 -3.044942 -62.314423
v 100.097603 -2.302909 -64.511482
v 103.560455 -2.141925 -69.332108
v 94.693962 4.401248 -66.214073
v 97.098152 4.812261 -68.238945
v 99.779839 4.963202 -72.010521
v 95.870247 4.437621 -62.069618
v 99.788765 5.352658 -64.240143
v 103.140198 5.702804 -69.806152
v 94.543571 1.468834 -72.504997
v 95.751686 1.420856 -68.587425
v 99.920113 1.579635 -66.480972
v 97.169945 1.587031 -64.872238
v 103.623032 1.537927 -62.490368
v 99.999260 1.401411 -70.532516
v 93.775230 0.943535 -70.361542
v 93.840088 -2.159639 -64.881348
v 97.600922 8.475097 -67.667358
v 95.015747 7.765861 -68.118896
v 95.110016 5.123733 -67.667358
v 95.015747 7.765861 -70.361542
v 93.840088 -2.159639 -73.266769
v 95.270752 -2.257627 -68.563065
v 99.980484 -2.210107 -66.404228
v 97.245972 -2.244489 -64.511482
v 103.560455 -2.141925 -62.314423
v 100.097603 -2.302909 -68.118896
v 95.110016 5.123733 -70.600327
v 96.317863 5.228205 -67.522949
v 99.912674 5.523998 -65.383377
v 97.578316 5.250955 -64.240143
v 103.140198 5.702804 -62.069618
v 99.788765 5.352658 -70.532516
v 93.775230 0.943535 -66.641052
v 97.191711 1.271525 -68.747528
v 99.941902 1.264131 -73.427299
v 95.194473 0.895556 -12.204758
v 108.820068 -0.105269 -30.427511
v 114.100098 6.144198 -24.826935
v 117.157158 6.647798 -40.670586
v 106.764359 5.986737 -42.177086
v 106.132675 5.705914 -32.918816
v 112.960258 5.724418 -36.769688
v 109.808189 5.736812 -15.553737
v 118.991486 7.791467 -17.456244
v 120.263428 7.389960 -13.407419
v 111.691345 0.585600 -22.014729
v 118.667618 7.012473 -0.000000
v 145.108368 6.912459 -49.666977
v 102.426727 5.221166 -52.027870
v 106.181625 7.532699 -51.802292
v 106.129929 -3.080755 -49.412651
v 102.381920 -0.169533 -54.185898
v 109.963211 -0.968155 -54.354847
v 109.804810 5.665126 -45.105427
v 104.900803 5.464406 -49.666977
v 102.426727 5.221166 -1.046921
v 77.022377 0.742598 0.000124
v 77.175789 0.684284 -2.758179
v 65.159805 1.507044 -3.565480
v 54.546959 2.033755 -3.860261
v 51.549423 2.138175 -4.565527
v 35.167366 3.543261 -4.906065
v 11.950401 4.831599 -4.743316
v 144.124954 4.113257 -8.796721
v 147.371536 6.711114 -16.948265
v 158.918427 1.399926 0.000001
v 140.612808 -3.779829 -4.227271
v 141.959625 -0.977360 -15.196634
v 153.671478 5.783303 -16.368893
v 149.684799 3.998218 -13.553048
v 148.988037 1.776605 -20.524605
v 158.371460 5.657657 -19.395390
v 153.352798 5.930785 -16.948265
v 158.918427 1.399926 -18.782581
v 159.707489 3.624415 -15.196634
v 153.671478 5.783303 -0.000000
v 145.108368 6.912459 -12.519669
v 153.092102 -9.348133 -8.444775
v 153.154831 -11.738518 -8.113571
v 147.565536 -13.100357 -12.994183
v 99.551903 -0.691176 -12.222576
v 101.602837 -0.688674 -23.862988
v 116.901001 7.024852 -22.349529
v 117.682671 7.424811 -22.014729
v 118.667618 7.012473 -24.406734
v 122.654694 9.739211 -26.969383
v 127.094986 7.206817 -26.951977
v 126.957024 0.264232 -24.548317
v 122.851044 -2.814627 -22.070816
v 118.802658 0.097028 -22.014729
v 118.667618 7.012473 -27.319496
v 120.897583 9.273961 -24.826935
v 117.157158 6.647798 -24.826935
v 117.157158 6.647798 -24.940697
v 117.297226 0.252976 -27.420773
v 121.212631 -2.406502 -29.809662
v 125.188400 0.226716 -29.889597
v 125.335617 6.718471 -36.769688
v 109.808189 5.736812 -36.808102
v 109.816742 -0.308766 -41.976826
v 118.030602 -0.762616 -42.080395
v 118.019577 6.116305 -39.444218
v 114.020424 -3.085465 -39.364803
v 114.013832 8.686694 -36.494331
v 108.859138 6.306880 -36.769688
v 109.808189 5.736812 -13.156839
v 96.495178 -0.145675 -9.408150
v 95.956718 -7.623300 -13.156839
v 96.495178 -0.145675 -0.000000
v 95.749184 -10.371401 -8.812084
v 97.046524 7.774829 -0.000001
v 97.182602 9.689158 -42.280975
v 105.459396 6.060596 -44.265938
v 104.514290 5.795720 -40.005394
v 106.525246 6.283332 -37.821709
v 107.612137 6.564446 -37.671261
v 108.179176 6.247653 -47.703072
v 109.155754 8.327809 -45.105427
v 104.900803 5.464406 -45.105427
v 104.900803 5.464406 -44.892975
v 104.886909 -0.244825 -47.470894
v 109.096992 -3.460793 -49.948254
v 112.984543 -0.924221 -50.111000
v 113.006004 5.893294 -42.177086
v 106.132675 5.705914 -45.027790
v 110.805809 8.763434 -47.731861
v 115.005432 6.146220 -47.529205
v 115.127029 -1.110423 -44.883106
v 110.765259 -3.726463 -42.032204
v 106.120049 -0.459188 -42.177086
v 106.132675 5.705914 -43.641655
v 111.517776 9.269977 -40.670586
v 106.764359 5.986737 -40.670586
v 106.764359 5.986737 -40.604259
v 106.753204 -0.708453 -43.659782
v 111.440536 -4.035380 -46.495117
v 116.010475 -1.326935 -46.658047
v 115.923454 6.440320 -37.671261
v 108.179176 6.247653 -40.806808
v 113.121216 9.740603 -43.999973
v 117.958076 6.713569 -43.873940
v 118.012962 -1.528101 -40.858414
v 113.121475 -4.322394 -37.677925
v 108.169411 -0.940044 -37.671261
v 108.179176 6.247653 -14.995838
v 115.020676 6.711850 -14.021255
v 114.383629 5.487610 14.569232
v 121.678558 -6.815480 11.559869
v 117.034012 -8.342125 8.894099
v 116.936020 -9.577223 7.003906
v 118.808067 -10.812304 7.003906
v 118.808067 -10.812304 7.210957
v 120.075706 -7.981504 7.003908
v 124.549049 -10.812305 11.559870
v 126.323105 -8.342131 0.000000
v 189.515244 -4.666018 -0.000001
v 189.852859 9.166524 -0.000001
v 178.321426 23.938210 -0.000003
v 170.855362 25.722916 -0.000001
v 185.578934 19.306370 -0.000000
v 162.335968 24.828892 -0.000001
v 154.297836 21.267532 -0.000001
v 148.803589 16.568672 -0.000000
v 142.820465 7.445420 -0.000000
v 145.108368 6.912459 -0.000000
v 185.692841 -15.081360 16.325031
v 183.804138 -1.930200 20.165512
v 175.113464 0.382779 14.209084
v 181.182785 -12.766479 19.542990
v 166.687271 0.781428 16.948284
v 158.918427 1.399928 0.000000
v 178.626892 -22.623190 14.593709
v 177.943481 -11.806427 14.749526
v 172.285141 -13.627449 0.000009
v 170.641281 -23.922237 12.990598
v 166.024719 -15.548226 0.000008
v 163.352539 -21.746956 49.412651
v 102.381912 -0.169538 51.292671
v 97.748192 -4.896644 58.220253
v 99.758415 -5.892488 58.210594
v 91.821716 -8.426935 54.440704
v 94.628098 -7.552274 58.503933
v 97.518784 -6.575140 60.388916
v 94.693810 -7.505344 60.388916
v 94.693810 -7.505344 59.189255
v 93.255173 -6.199612 54.031662
v 100.368225 7.113111 61.533493
v 99.323341 9.091048 61.723988
v 99.934509 -5.964233 61.723988
v 99.934509 -5.964233 64.037315
v 103.164864 -5.953134 65.809441
v 97.317566 -6.120490 68.951195
v 94.761543 -5.987815 71.607803
v 96.011017 -5.992155 68.951195
v 94.761543 -5.987815 69.446129
v 94.615593 -2.946957 69.332115
v 94.693970 4.401244 69.806152
v 94.543564 1.468832 49.666981
v 102.426727 5.221160 67.913101
v 99.843643 -6.147949 69.446129
v 94.615593 -2.946957 68.309372
v 99.977066 -2.638821 66.150513
v 97.242554 -2.673200 72.094826
v 95.850723 -3.044961 62.314438
v 100.097610 -2.302914 64.511475
v 103.560455 -2.141923 69.332115
v 94.693970 4.401244 68.238953
v 99.779839 4.963201 66.214081
v 97.098160 4.812256 72.010529
v 95.870285 4.437604 62.069611
v 99.788765 5.352654 64.240128
v 103.140198 5.702796 69.806152
v 94.543564 1.468832 68.587433
v 99.920113 1.579618 72.505005
v 95.751686 1.420836 66.480980
v 97.169945 1.587031 62.490364
v 99.999260 1.401408 64.872246
v 103.623032 1.537929 70.532524
v 93.775230 0.943533 70.361542
v 93.840065 -2.159639 64.881317
v 97.600937 8.475089 67.667381
v 95.015793 7.765866 68.118904
v 95.110039 5.123736 67.667381
v 95.015793 7.765866 70.361542
v 93.840065 -2.159639 68.563072
v 99.980492 -2.210123 73.266769
v 95.270737 -2.257646 66.404205
v 97.245941 -2.244489 62.314438
v 100.097610 -2.302914 64.511475
v 103.560455 -2.141923 68.118904
v 95.110039 5.123736 67.522934
v 99.912682 5.523996 70.600342
v 96.317902 5.228189 65.383385
v 97.578316 5.250953 62.069611
v 99.788765 5.352654 64.240128
v 103.140198 5.702796 70.532524
v 93.775230 0.943533 68.747528
v 99.941902 1.264114 66.641060
v 97.191711 1.271525 73.427307
v 95.194473 0.895536 -0.000001
v 111.616165 10.378181 -0.000001
v 102.075233 8.485282 12.204762
v 108.820068 -0.105269 0.000000
v 100.886597 -11.133521 -0.000000
v 95.749184 -10.371401 30.427517
v 114.100044 6.144145 24.826941
v 117.157082 6.647733 40.670597
v 106.764359 5.986732 42.177097
v 106.132675 5.705909 32.918827
v 112.960258 5.724412 36.769695
v 109.808189 5.736808 0.000000
v 119.040085 -11.276378 0.000000
v 110.494644 -10.680500 0.000001
v 119.978783 11.901195 15.553803
v 118.992958 7.794103 17.456244
v 120.263374 7.389890 13.407419
v 111.691345 0.585601 -0.000001
v 116.095657 11.193992 -0.000000
v 127.012779 -8.336754 0.000001
v 128.261795 11.868188 -0.000001
v 135.731628 10.123424 -0.000000
v 131.308792 -5.396775 22.014729
v 118.667542 7.012408 -0.000000
v 134.061783 -2.804043 0.000000
v 138.633789 8.181258 -0.000000
v 145.108368 6.912459 0.000001
v 140.612808 -3.779829 49.666981
v 102.426727 5.221160 52.027878
v 106.181610 7.532697 51.802288
v 106.129929 -3.080752 49.412651
v 102.381912 -0.169538 54.185890
v 109.963219 -0.968165 54.354858
v 109.804810 5.665118 45.105431
v 104.900803 5.464397 49.666981
v 102.426727 5.221160 -0.000001
v 97.037186 10.653422 -0.000000
v 91.990501 11.883908 -0.000000
v 95.678619 -11.051967 0.000000
v 90.241089 -11.065873 0.000124
v 77.175789 0.684284 0.000172
v 78.666061 7.100249 1.047118
v 77.021423 0.742605 0.000124
v 77.175789 0.684284 0.000055
v 77.919250 -8.025232 2.758512
v 65.156456 1.506985 0.000017
v 84.535805 -10.889841 0.000117
v 85.384346 13.358897 3.565815
v 54.543549 2.033595 3.860589
v 51.546104 2.138028 4.565868
v 35.163841 3.543229 4.906074
v 11.950394 4.831384 -0.000001
v 135.731628 10.123424 -0.000000
v 145.638672 13.818652 4.743311
v 144.124954 4.113257 8.796720
v 147.371536 6.711114 0.000005
v 152.018707 -15.888854 0.000005
v 154.469193 -15.032280 16.948284
v 158.918427 1.399928 0.000001
v 140.612808 -3.779829 0.000007
v 163.128876 -17.542860 0.000006
v 159.301453 -16.569490 4.227270
v 141.959625 -0.977359 0.000003
v 144.529984 -15.644789 0.000002
v 140.679718 -12.821786 0.000002
v 139.348618 -10.478914 -0.000000
v 168.587845 -17.363358 0.000002
v 174.011581 -16.130922 0.000005
v 149.210587 -18.295633 0.000004
v 147.619858 -17.105898 15.196635
v 153.671539 5.783294 13.553049
v 148.988037 1.776605 16.368906
v 149.684891 3.998212 20.524614
v 158.371460 5.657657 19.395386
v 153.352890 5.930781 16.948284
v 158.918427 1.399928 18.782604
v 159.707565 3.624396 15.196635
v 153.671539 5.783294 -0.000000
v 145.108368 6.912459 -0.000001
v 97.182602 9.689158 12.222577
v 101.602837 -0.688675 12.994187
v 99.551903 -0.691168 23.862989
v 116.900925 7.024781 22.349535
v 117.682594 7.424735 22.014729
v 118.667542 7.012408 24.406731
v 122.654549 9.739226 26.969385
v 127.094879 7.206920 26.951979
v 126.957062 0.264327 24.548300
v 122.851120 -2.814617 22.070826
v 118.802711 0.096961 22.014729
v 118.667542 7.012408 27.319485
v 120.897438 9.273974 24.826941
v 117.157082 6.647733 24.826941
v 117.157082 6.647733 24.940702
v 117.297272 0.252914 27.420776
v 121.212715 -2.406486 29.809669
v 125.188454 0.226810 29.889606
v 125.335564 6.718568 36.769695
v 109.808189 5.736808 36.808105
v 109.816742 -0.308768 41.976830
v 118.030602 -0.762609 42.080395
v 118.019577 6.116311 39.444221
v 114.020424 -3.085468 39.364807
v 114.013832 8.686690 36.494339
v 108.859138 6.306872 36.769695
v 109.808189 5.736808 13.156839
v 96.495178 -0.145675 9.408146
v 95.956718 -7.623300 13.156839
v 96.495178 -0.145675 -0.000000
v 95.749184 -10.371401 8.812082
v 97.046524 7.774817 -0.000001
v 97.182602 9.689158 42.280983
v 105.459396 6.060584 44.265938
v 104.514290 5.795711 40.005402
v 106.525246 6.283328 37.821716
v 107.612137 6.564441 37.671272
v 108.179176 6.247647 47.703075
v 109.155754 8.327807 45.105431
v 104.900803 5.464397 45.105431
v 104.900803 5.464397 44.892975
v 104.886909 -0.244828 47.470886
v 109.096985 -3.460793 49.948257
v 112.984543 -0.924214 50.111004
v 113.006004 5.893302 42.177097
v 106.132675 5.705909 45.027790
v 110.805809 8.763433 47.731873
v 115.005432 6.146228 47.529213
v 115.127029 -1.110415 44.883106
v 110.765251 -3.726461 42.032204
v 106.120049 -0.459190 42.177097
v 106.132675 5.705909 43.641655
v 111.517754 9.269973 40.670597
v 106.764359 5.986732 40.670597
v 106.764359 5.986732 40.604263
v 106.753204 -0.708456 43.659775
v 111.440544 -4.035381 46.495121
v 116.010475 -1.326928 46.658058
v 115.923462 6.440328 37.671272
v 108.179176 6.247647 40.806801
v 113.121201 9.740600 43.999981
v 117.958076 6.713576 43.873943
v 118.012962 -1.528094 40.858398
v 113.121483 -4.322393 37.677937
v 108.169411 -0.940052 37.671272
v 108.179176 6.247647 14.995846
v 115.020653 6.711862 14.021257
v 114.383621 5.487628 -0.000000
v 185.692841 -15.081360 0.000006
v 155.156372 -16.538939 -23.565838
v 2.982216 2.788999 -9.517104
v -0.025879 -20.567701 -6.864422
v -0.018120 -11.343842 -7.164270
v 2.984894 1.593894 -24.936806
v -0.018120 -10.019400 -22.745676
v -0.025879 -18.527958 -16.374434
v -0.013283 -22.371485 -7.358469
v -0.013206 10.462375 -22.023272
v -0.013260 11.335113 -7.222857
v -0.013222 1.570633 -23.413452
v -0.013275 2.802433 -18.864397
v -0.013290 14.712317 -14.295935
v -0.013275 15.427497 -9.995307
v -0.013260 14.238219 23.565853
v 2.982208 2.788784 9.517116
v -0.025887 -20.567917 6.864433
v -0.018135 -11.344044 7.164286
v 2.984886 1.593678 24.936825
v -0.018127 -10.019629 22.745689
v -0.025887 -18.528173 16.374447
v -0.013290 -22.371700 7.358482
v -0.013214 10.462161 7.222868
v -0.013229 1.570417 22.023285
v -0.013268 11.334899 23.413467
v -0.013283 2.802214 18.864407
v -0.013298 14.712111 14.295948
v -0.013283 15.427287 9.995320
v -0.013268 14.238008 0.198100

vt 0.915599 0.875719
vt 0.536681 0.834597
vt 0.535248 0.783255
vt 0.465332 0.785051
vt 0.529006 0.775552
vt 0.444745 0.730861
vt 0.468715 0.767829
vt 0.424950 0.726860
vt 0.440099 0.757580
vt 0.514300 0.763953
vt 0.382997 0.733697
vt 0.371317 0.710700
vt 0.385064 0.787612
vt 0.498230 0.743810
vt 0.489974 0.750083
vt 0.392661 0.721165
vt 0.410041 0.763598
vt 0.868473 0.729169
vt 0.845055 0.723665
vt 0.815310 0.689683
vt 0.827710 0.684003
vt 0.806837 0.650694
vt 0.820834 0.791019
vt 0.395746 0.659850
vt 0.878369 0.680793
vt 0.859761 0.622785
vt 0.843152 0.638453
vt 0.832584 0.875842
vt 0.511269 0.732301
vt 0.360393 0.783468
vt 0.917028 0.822504
vt 0.459374 0.748639
vt 0.929056 0.810307
vt 0.422675 0.718615
vt 0.895652 0.689843
vt 0.912820 0.659057
vt 0.799638 0.641594
vt 0.777088 0.789990
vt 0.870766 0.904480
vt 0.534278 0.899861
vt 0.511667 0.780638
vt 0.846079 0.935756
vt 0.527056 0.924069
vt 0.503435 0.944117
vt 0.552461 0.955791
vt 0.498094 0.940054
vt 0.497282 0.987475
vt 0.527504 0.974102
vt 0.524072 0.957164
vt 0.524635 0.946070
vt 0.512773 0.630895
vt 0.807479 0.682404
vt 0.493544 0.671805
vt 0.454450 0.695450
vt 0.343628 0.702817
vt 0.524759 0.672511
vt 0.414606 0.679786
vt 0.384168 0.852402
vt 0.446493 0.833751
vt 0.500862 0.875842
vt 0.511269 0.833751
vt 0.500862 0.899981
vt 0.480910 0.862311
vt 0.482607 0.863384
vt 0.491246 0.882154
vt 0.484532 0.883907
vt 0.494184 0.845003
vt 0.470418 0.840926
vt 0.484511 0.040588
vt 0.297580 0.013782
vt 0.300704 0.035793
vt 0.349530 0.044585
vt 0.064427 0.076179
vt 0.216640 0.008765
vt 0.217131 0.013269
vt 0.020482 0.006039
vt 0.372432 0.037643
vt 0.370371 0.012401
vt 0.350639 0.066520
vt 0.132410 0.054412
vt 0.244295 0.006610
vt 0.133176 0.008834
vt 0.065020 0.435664
vt 0.334309 0.386746
vt 0.287204 0.320232
vt 0.342630 0.300084
vt 0.413954 0.374136
vt 0.386713 0.389080
vt 0.459893 0.305735
vt 0.463417 0.276032
vt 0.283828 0.324466
vt 0.262628 0.232784
vt 0.358596 0.224844
vt 0.464524 0.162929
vt 0.430151 0.164553
vt 0.459483 0.196076
vt 0.302435 0.175455
vt 0.346532 0.078405
vt 0.444714 0.156853
vt 0.290964 0.237591
vt 0.303049 0.220814
vt 0.416812 0.086109
vt 0.428811 0.165304
vt 0.287071 0.293781
vt 0.238366 0.306959
vt 0.239813 0.497813
vt 0.314390 0.547491
vt 0.300783 0.540547
vt 0.275278 0.160572
vt 0.394570 0.118366
vt 0.416055 0.454374
vt 0.291983 0.311995
vt 0.208970 0.298586
vt 0.215012 0.320616
vt 0.179331 0.328388
vt 0.220479 0.373384
vt 0.433698 0.132280
vt 0.252417 0.166353
vt 0.244885 0.124921
vt 0.212249 0.145856
vt 0.247044 0.046565
vt 0.439977 0.061707
vt 0.411715 0.014345
vt 0.422113 0.051471
vt 0.427312 0.927350
vt 0.221678 0.869192
vt 0.195313 0.984303
vt 0.249176 0.927350
vt 0.221678 0.897993
vt 0.295460 0.847251
vt 0.247161 0.957524
vt 0.296002 0.897993
vt 0.295460 0.952213
vt 0.323905 0.840512
vt 0.302775 0.911304
vt 0.365611 0.955451
vt 0.356091 0.911304
vt 0.365611 0.852460
vt 0.351810 0.951539
vt 0.416031 0.969248
vt 0.381348 0.951539
vt 0.416031 0.911835
vt 0.417256 0.877326
vt 0.387360 0.992598
vt 0.409443 0.926455
vt 0.437075 0.949553
vt 0.488572 0.961159
vt 0.450407 0.984587
vt 0.444482 0.961159
vt 0.450407 0.935809
vt 0.456048 0.486868
vt 0.267281 0.665413
vt 0.235228 0.501672
vt 0.196138 0.077576
vt 0.353190 0.615412
vt 0.186110 0.055609
vt 0.363547 0.068305
vt 0.359904 0.047281
vt 0.383813 0.065420
vt 0.395324 0.489859
vt 0.240819 0.119424
vt 0.368614 0.089757
vt 0.377531 0.071356
vt 0.379401 0.055778
vt 0.374317 0.593347
vt 0.187949 0.634592
vt 0.226233 0.608782
vt 0.213505 0.661859
vt 0.178210 0.654523
vt 0.202181 0.118485
vt 0.332729 0.547514
vt 0.190005 0.462301
vt 0.238434 0.592564
vt 0.160724 0.610788
vt 0.159348 0.119703
vt 0.309276 0.543309
vt 0.159481 0.592634
vt 0.131510 0.597444
vt 0.115951 0.532790
vt 0.110182 0.539588
vt 0.126041 0.479564
vt 0.197463 0.570208
vt 0.188980 0.572485
vt 0.159641 0.575680
vt 0.128579 0.522034
vt 0.193837 0.522897
vt 0.162883 0.521892
vt 0.130840 0.101062
vt 0.333517 0.099090
vt 0.310476 0.579961
vt 0.112939 0.136896
vt 0.335715 0.134156
vt 0.310190 0.515376
vt 0.114965 0.495557
vt 0.146954 0.481144
vt 0.153696 0.482802
vt 0.175632 0.499540
vt 0.173405 0.116910
vt 0.308665 0.546323
vt 0.158309 0.116708
vt 0.283768 0.544413
vt 0.118749 0.567162
vt 0.157066 0.563291
vt 0.117766 0.516746
vt 0.167752 0.510132
vt 0.141474 0.101795
vt 0.309582 0.102112
vt 0.284493 0.137603
vt 0.314832 0.136725
vt 0.297185 0.673306
vt 0.593769 0.663048
vt 0.482489 0.627931
vt 0.782039 0.213569
vt 0.978611 0.166360
vt 0.974791 0.471481
vt 0.547010 0.442075
vt 0.509512 0.453288
vt 0.722753 0.466493
vt 0.578022 0.461451
vt 0.620975 0.455707
vt 0.676053 0.639317
vt 0.630148 0.640716
vt 0.678737 0.593444
vt 0.429737 0.524193
vt 0.443168 0.517567
vt 0.869150 0.979120
vt 0.064765 0.745905
vt 0.065764 0.887945
vt 0.066066 0.791460
vt 0.067810 0.124900
vt 0.507626 0.173077
vt 0.519295 0.371043
vt 0.520584 0.217137
vt 0.523312 0.320595
vt 0.524461 0.833368
vt 0.068076 0.275595
vt 0.524835 0.933241
vt 0.056337 0.978320
vt 0.087724 0.887521
vt 0.088491 0.933533
vt 0.097593 0.932727
vt 0.075894 0.832982
vt 0.090947 0.790038
vt 0.092655 0.746356
vt 0.089952 0.563139
vt 0.613783 0.557706
vt 0.697233 0.574761
vt 0.502902 0.560906
vt 0.747982 0.519688
vt 0.515436 0.492420
vt 0.785387 0.557155
vt 0.574896 0.520091
vt 0.683813 0.562129
vt 0.660358 0.486669
vt 0.771587 0.518179
vt 0.731381 0.493552
vt 0.727283 0.510822
vt 0.530392 0.525682
vt 0.624515 0.509526
vt 0.578069 0.484877
vt 0.672760 0.523164
vt 0.656061 0.489465
vt 0.629889 0.621790
vt 0.553473 0.607917
vt 0.494678 0.631839
vt 0.593269 0.608061
vt 0.624669 0.603445
vt 0.667566 0.618643
vt 0.708084 0.532964
vt 0.575880 0.539880
vt 0.804402 0.689358
vt 0.679847 0.692073
vt 0.652247 0.743767
vt 0.154645 0.787747
vt 0.161344 0.828543
vt 0.162209 0.882273
vt 0.160001 0.935458
vt 0.159471 0.697299
vt 0.144634 0.146314
vt 0.392961 0.614494
vt 0.267270 0.658117
vt 0.267296 0.570932
vt 0.267275 0.527749
vt 0.267281 0.546784
vt 0.990035 0.114216
vt 0.977810 0.270348
vt 0.961489 0.059302
vt 0.962741 0.233429
vt 0.953113 0.100611
vt 0.953192 0.202798
vt 0.948958 0.168396
vt 0.947373 0.135345
vt 0.947434 0.276444
vt 0.933048 0.104619
vt 0.896428 0.098634
vt 0.920587 0.059515
vt 0.897783 0.207271
vt 0.920910 0.170481
vt 0.918557 0.159872
vt 0.816763 0.204525
vt 0.821491 0.237391
vt 0.825617 0.240734
vt 0.914344 0.062430
vt 0.875808 0.082092
vt 0.816522 0.140207
vt 0.907252 0.306015
vt 0.816559 0.275475
vt 0.890355 0.269190
vt 0.824245 0.119140
vt 0.817507 0.285567
vt 0.559171 0.064276
vt 0.537421 0.167242
vt 0.532320 0.336954
vt 0.560923 0.219410
vt 0.546356 0.117053
vt 0.528621 0.265253
vt 0.774711 0.302526
vt 0.752781 0.090154
vt 0.749412 0.124800
vt 0.747644 0.203629
vt 0.771082 0.164916
vt 0.744382 0.234318
vt 0.753334 0.265659
vt 0.753731 0.204391
vt 0.750697 0.236545
vt 0.731561 0.203361
vt 0.732071 0.267249
vt 0.737941 0.167889
vt 0.661820 0.122218
vt 0.663152 0.085180
vt 0.665937 0.316905
vt 0.674123 0.234386
vt 0.776600 0.163184
vt 0.759630 0.124206
vt 0.760427 0.090649
vt 0.760431 0.056845
vt 0.757312 0.252206
vt 0.555193 0.018782
vt 0.857145 0.469479
vt 0.180302 0.480039
vt 0.102708 0.409545
vt 0.198094 0.350038
vt 0.188786 0.424095
vt 0.136207 0.386023
vt 0.139314 0.923091
vt 0.647749 0.889619
vt 0.654713 0.953283
vt 0.702283 0.829031
vt 0.714800 0.817961
vt 0.782420 0.931732
vt 0.755768 0.940298
vt 0.669993 0.881420
vt 0.841160 0.905974
vt 0.630817 0.937863
vt 0.809866 0.899515
vt 0.669041 0.934567
vt 0.844789 0.771209
vt 0.702197 0.876485
vt 0.879398 0.928324
vt 0.887949 0.838663
vt 0.840095 0.821771
vt 0.751268 0.905301
vt 0.756554 0.847555
vt 0.809164 0.856391
vt 0.759917 0.865358
vt 0.691483 0.831215
vt 0.886697 0.872084
vt 0.913055 0.924735
vt 0.932279 0.909503
vt 0.814905 0.879409
vt 0.814600 0.711296
vt 0.739657 0.705322
vt 0.782186 0.741198
vt 0.708999 0.727311
vt 0.793930 0.865485
vt 0.718480 0.904242
vt 0.704172 0.878392
vt 0.643317 0.779706
vt 0.835237 0.553717
vt 0.954898 0.651060
vt 0.352176 0.493755
vt 0.938513 0.433489
vt 0.925313 0.582717
vt 0.357705 0.448771
vt 0.875609 0.983030
vt 0.009080 0.937657
vt 0.008154 0.745983
vt 0.008703 0.889053
vt 0.007608 0.834735
vt 0.010508 0.790856
vt 0.010808 0.393605
vt 0.977611 0.408300
vt 0.914300 0.418612
vt 0.847149 0.425832
vt 0.767881 0.433606
vt 0.700767 0.436021
vt 0.634180 0.388352
vt 0.909554 0.373731
vt 0.974041 0.416816
vt 0.633413 0.414194
vt 0.699554 0.405423
vt 0.764756 0.398059
vt 0.843734 0.743165
vt 0.135069 0.789517
vt 0.137653 0.831886
vt 0.137970 0.888934
vt 0.135342 0.934745
vt 0.131664 0.984800
vt 0.130561 0.426465
vt 0.938470 0.646315
vt 0.315356 0.575864
vt 0.321841 0.422383
vt 0.960030 0.484747
vt 0.974766 0.128381
vt 0.493819 0.124900
vt 0.507626 0.320813
vt 0.509925 0.320595
vt 0.524461 0.217137
vt 0.523312 0.217683
vt 0.508559 0.275808
vt 0.509835 0.275595
vt 0.524835 0.369210
vt 0.506873 0.371043
vt 0.520584 0.174481
vt 0.504324 0.173077
vt 0.519295 0.883472
vt 0.169212 0.986112
vt 0.161571 0.786195
vt 0.169842 0.828492
vt 0.171350 0.740889
vt 0.163201 0.937336
vt 0.168655 0.336647
vt 0.909450 0.364825
vt 0.652095 0.359942
vt 0.716741 0.354709
vt 0.775766 0.344749
vt 0.850444 0.334437
vt 0.975821 0.357783
vt 0.916211 0.366930
vt 0.855026 0.376763
vt 0.777423 0.381165
vt 0.717531 0.386536
vt 0.653058 0.336647
vt 0.909450 0.025654
vt 0.459127 0.364825
vt 0.652095 0.359942
vt 0.716741 0.354709
vt 0.775766 0.344749
vt 0.850444 0.334437
vt 0.975821 0.357783
vt 0.916211 0.366930
vt 0.855026 0.376763
vt 0.777423 0.381165
vt 0.717531 0.386536
vt 0.653058 0.106607
vt 0.517393 0.116861
vt 0.468784 0.116861
vt 0.468784 0.025654
vt 0.459127 0.008535
vt 0.526941 0.008535
vt 0.526941 0.313023
vt 0.967990 0.313023
vt 0.967990 0.106607
vt 0.517393 0.086427
vt 0.456193 0.069317
vt 0.523928 0.086427
vt 0.456193 0.069317
vt 0.523928 0.835374
vt 0.689619 0.831351
vt 0.654829 0.861947
vt 0.666504 0.351817
vt 0.123358 0.444477
vt 0.126186 0.470808
vt 0.137008 0.610941
vt 0.599068 0.527346
vt 0.465365 0.527748
vt 0.835620 0.525142
vt 0.474477 0.480414
vt 0.459781 0.584178
vt 0.466457 0.480955
vt 0.832715 0.580414
vt 0.853418 0.851772
vt 0.922874 0.906157
vt 0.978595 0.978784
vt 0.992193 0.760705
vt 0.262627 0.107943
vt 0.206943 0.103988
vt 0.232584 0.120795
vt 0.256382 0.154550
vt 0.195426 0.128962
vt 0.191469 0.742238
vt 0.176712 0.675031
vt 0.252614 0.837965
vt 0.225946 0.818476
vt 0.325150 0.722867
vt 0.341732 0.108528
vt 0.246338 0.800966
vt 0.180513 0.581290
vt 0.072304 0.660741
vt 0.032037 0.547375
vt 0.007495 0.520843
vt 0.084371 0.481156
vt 0.011150 0.471482
vt 0.075831 0.429481
vt 0.033982 0.509224
vt 0.045128 0.568743
vt 0.041271 0.613005
vt 0.036124 0.547375
vt 0.007495 0.568743
vt 0.041271 0.481156
vt 0.011150 0.509224
vt 0.045128 0.429481
vt 0.033982 0.471482
vt 0.075831 0.520843
vt 0.084371 0.581290
vt 0.072304 0.660741
vt 0.032037 0.547375
vt 0.007495 0.568743
vt 0.041271 0.481156
vt 0.011150 0.509224
vt 0.045128 0.429481
vt 0.033982 0.471482
vt 0.075831 0.520843
vt 0.084371 0.581290
vt 0.072304 0.660741
vt 0.032037 0.547375
vt 0.007495 0.568743
vt 0.041271 0.481156
vt 0.011150 0.509224
vt 0.045128 0.429481
vt 0.033982 0.471482
vt 0.075831 0.520843
vt 0.084371 0.581290
vt 0.072304 0.660741
vt 0.032037 0.801900
vt 0.915599 0.875719
vt 0.536681 0.834597
vt 0.535248 0.783255
vt 0.465332 0.785051
vt 0.529006 0.775552
vt 0.444745 0.730861
vt 0.468715 0.767829
vt 0.424950 0.726860
vt 0.440099 0.757580
vt 0.514300 0.763953
vt 0.382997 0.733697
vt 0.371317 0.710700
vt 0.385064 0.787612
vt 0.498230 0.743810
vt 0.489974 0.750083
vt 0.392661 0.721165
vt 0.410041 0.763598
vt 0.868473 0.729169
vt 0.845055 0.723665
vt 0.815310 0.689683
vt 0.827710 0.684003
vt 0.806837 0.650694
vt 0.820834 0.791019
vt 0.395746 0.659850
vt 0.878369 0.680793
vt 0.859761 0.622785
vt 0.843152 0.638453
vt 0.832584 0.875842
vt 0.511269 0.732301
vt 0.360393 0.783468
vt 0.917028 0.822504
vt 0.459374 0.748639
vt 0.929056 0.810307
vt 0.422675 0.718615
vt 0.895652 0.689843
vt 0.912820 0.659057
vt 0.799638 0.641594
vt 0.777088 0.789990
vt 0.870766 0.904480
vt 0.534278 0.899861
vt 0.511667 0.912324
vt 0.565667 0.780638
vt 0.846079 0.935756
vt 0.527056 0.924069
vt 0.503435 0.955791
vt 0.498094 0.940054
vt 0.497282 0.966991
vt 0.540212 0.974102
vt 0.524072 0.957164
vt 0.524635 0.946070
vt 0.512773 0.630895
vt 0.807479 0.834672
vt 0.571116 0.778912
vt 0.566053 0.733935
vt 0.550093 0.701557
vt 0.342412 0.852402
vt 0.446493 0.833751
vt 0.500862 0.875842
vt 0.511269 0.833751
vt 0.500862 0.899981
vt 0.480910 0.862311
vt 0.482607 0.863384
vt 0.491246 0.882154
vt 0.484532 0.883907
vt 0.494184 0.845003
vt 0.470418 0.840926
vt 0.484511 0.040588
vt 0.297580 0.013782
vt 0.300704 0.035793
vt 0.349530 0.044585
vt 0.064427 0.076179
vt 0.216640 0.008765
vt 0.217131 0.013269
vt 0.020482 0.006039
vt 0.372432 0.037643
vt 0.370371 0.012401
vt 0.350639 0.066520
vt 0.132410 0.054412
vt 0.244295 0.006610
vt 0.133176 0.008834
vt 0.065020 0.435664
vt 0.334309 0.386746
vt 0.287204 0.320232
vt 0.342630 0.300084
vt 0.413954 0.374136
vt 0.386713 0.389080
vt 0.459893 0.305735
vt 0.463417 0.276032
vt 0.283828 0.324466
vt 0.262628 0.232784
vt 0.358596 0.224844
vt 0.464524 0.162929
vt 0.430151 0.164553
vt 0.459483 0.196076
vt 0.302435 0.175455
vt 0.346532 0.078405
vt 0.444714 0.156853
vt 0.290964 0.237591
vt 0.303049 0.220814
vt 0.416812 0.086109
vt 0.428811 0.165304
vt 0.287071 0.293781
vt 0.238366 0.306959
vt 0.239813 0.497813
vt 0.314390 0.547491
vt 0.300783 0.540547
vt 0.275278 0.160572
vt 0.394570 0.118366
vt 0.416055 0.454374
vt 0.291983 0.311995
vt 0.208970 0.298586
vt 0.215012 0.320616
vt 0.179331 0.328388
vt 0.220479 0.373384
vt 0.433698 0.132280
vt 0.252417 0.166353
vt 0.244885 0.124921
vt 0.212249 0.145856
vt 0.247044 0.046565
vt 0.439977 0.061707
vt 0.411715 0.014345
vt 0.422113 0.051471
vt 0.427312 0.927350
vt 0.221678 0.869192
vt 0.195313 0.984303
vt 0.249176 0.927350
vt 0.221678 0.897993
vt 0.295460 0.847251
vt 0.247161 0.957524
vt 0.296002 0.897993
vt 0.295460 0.952213
vt 0.323905 0.840512
vt 0.302775 0.911304
vt 0.365611 0.955451
vt 0.356091 0.911304
vt 0.365611 0.852460
vt 0.351810 0.951539
vt 0.416031 0.969248
vt 0.381348 0.951539
vt 0.416031 0.911835
vt 0.417256 0.877326
vt 0.387360 0.992598
vt 0.409443 0.926455
vt 0.437075 0.949553
vt 0.488572 0.961159
vt 0.450407 0.984587
vt 0.444482 0.961159
vt 0.450407 0.935809
vt 0.456048 0.486868
vt 0.267281 0.665413
vt 0.235228 0.501672
vt 0.196138 0.077576
vt 0.353190 0.615412
vt 0.186110 0.055609
vt 0.363547 0.068305
vt 0.359904 0.047281
vt 0.383813 0.065420
vt 0.395324 0.489859
vt 0.240819 0.119424
vt 0.368614 0.089757
vt 0.377531 0.071356
vt 0.379401 0.055778
vt 0.374317 0.593347
vt 0.187949 0.634592
vt 0.226233 0.608782
vt 0.213505 0.661859
vt 0.178210 0.654523
vt 0.202181 0.118485
vt 0.332729 0.547514
vt 0.190005 0.462301
vt 0.238434 0.592564
vt 0.160724 0.610788
vt 0.159348 0.119703
vt 0.309276 0.543309
vt 0.159481 0.592634
vt 0.131510 0.597444
vt 0.115951 0.532790
vt 0.110182 0.539588
vt 0.126041 0.479564
vt 0.197463 0.570208
vt 0.188980 0.572485
vt 0.159641 0.575680
vt 0.128579 0.522034
vt 0.193837 0.522897
vt 0.162883 0.521892
vt 0.130840 0.101062
vt 0.333517 0.099090
vt 0.310476 0.579961
vt 0.112939 0.136896
vt 0.335715 0.134156
vt 0.310190 0.515376
vt 0.114965 0.495557
vt 0.146954 0.481144
vt 0.153696 0.482802
vt 0.175632 0.499540
vt 0.173405 0.116910
vt 0.308665 0.546323
vt 0.158309 0.116708
vt 0.283768 0.544413
vt 0.118749 0.567162
vt 0.157066 0.563291
vt 0.117766 0.516746
vt 0.167752 0.510132
vt 0.141474 0.101795
vt 0.309582 0.102112
vt 0.284493 0.137603
vt 0.314832 0.136725
vt 0.297185 0.264063
vt 0.988666 0.661869
vt 0.724917 0.655954
vt 0.421213 0.578315
vt 0.889707 0.668468
vt 0.542869 0.671281
vt 0.576352 0.603272
vt 0.834287 0.710334
vt 0.626367 0.213569
vt 0.978611 0.166360
vt 0.974791 0.471481
vt 0.547010 0.442075
vt 0.509512 0.453288
vt 0.722753 0.466493
vt 0.578022 0.461451
vt 0.620975 0.455707
vt 0.676053 0.639317
vt 0.630148 0.640716
vt 0.678737 0.593444
vt 0.429737 0.524193
vt 0.443168 0.517567
vt 0.869150 0.979120
vt 0.064765 0.745905
vt 0.065764 0.887945
vt 0.066066 0.791460
vt 0.067810 0.124900
vt 0.507626 0.173077
vt 0.519295 0.371043
vt 0.520584 0.217137
vt 0.523312 0.320595
vt 0.524461 0.833368
vt 0.068076 0.275595
vt 0.524835 0.933241
vt 0.056337 0.978320
vt 0.087724 0.887521
vt 0.088491 0.933533
vt 0.097593 0.932727
vt 0.075894 0.832982
vt 0.090947 0.790038
vt 0.092655 0.746356
vt 0.089952 0.563139
vt 0.613783 0.557706
vt 0.697233 0.574761
vt 0.502902 0.560906
vt 0.747982 0.519688
vt 0.515436 0.492420
vt 0.785387 0.557155
vt 0.574896 0.520091
vt 0.683813 0.562129
vt 0.660358 0.486669
vt 0.771587 0.518179
vt 0.731381 0.493552
vt 0.727283 0.510822
vt 0.530392 0.525682
vt 0.624515 0.509526
vt 0.578069 0.484877
vt 0.672760 0.523164
vt 0.656061 0.489465
vt 0.629889 0.621790
vt 0.553473 0.607917
vt 0.494678 0.631839
vt 0.593269 0.608061
vt 0.624669 0.603445
vt 0.667566 0.618643
vt 0.708084 0.532964
vt 0.575880 0.539880
vt 0.804402 0.689358
vt 0.679847 0.692073
vt 0.652247 0.743767
vt 0.154645 0.787747
vt 0.161344 0.828543
vt 0.162209 0.882273
vt 0.160001 0.935458
vt 0.159471 0.697299
vt 0.144634 0.146314
vt 0.392961 0.614494
vt 0.267270 0.658117
vt 0.267296 0.570932
vt 0.267275 0.527749
vt 0.267281 0.318365
vt 0.097700 0.114216
vt 0.977810 0.233429
vt 0.953113 0.100611
vt 0.953192 0.202798
vt 0.948958 0.168396
vt 0.947373 0.135345
vt 0.947434 0.282927
vt 0.898302 0.014760
vt 0.860599 0.046502
vt 0.932671 0.040110
vt 0.881375 0.104619
vt 0.896428 0.098634
vt 0.920587 0.059515
vt 0.897783 0.207271
vt 0.920910 0.170481
vt 0.918557 0.159872
vt 0.816763 0.204525
vt 0.821491 0.237391
vt 0.825617 0.240734
vt 0.914344 0.062430
vt 0.875808 0.082092
vt 0.816522 0.140207
vt 0.907252 0.306015
vt 0.816559 0.275475
vt 0.890355 0.269190
vt 0.824245 0.119140
vt 0.817507 0.285567
vt 0.559171 0.064276
vt 0.537421 0.167242
vt 0.532320 0.336954
vt 0.560923 0.219410
vt 0.546356 0.117053
vt 0.528621 0.265253
vt 0.774711 0.302526
vt 0.752781 0.090154
vt 0.749412 0.124800
vt 0.747644 0.203629
vt 0.771082 0.164916
vt 0.744382 0.234318
vt 0.753334 0.265659
vt 0.753731 0.204391
vt 0.750697 0.236545
vt 0.731561 0.203361
vt 0.732071 0.267249
vt 0.737941 0.167889
vt 0.661820 0.122218
vt 0.663152 0.085180
vt 0.665937 0.316905
vt 0.674123 0.234386
vt 0.776600 0.163184
vt 0.759630 0.124206
vt 0.760427 0.090649
vt 0.760431 0.056845
vt 0.757312 0.252206
vt 0.555193 0.018782
vt 0.857145 0.469479
vt 0.180302 0.480039
vt 0.102708 0.409545
vt 0.198094 0.350038
vt 0.188786 0.424095
vt 0.136207 0.386023
vt 0.139314 0.923091
vt 0.647749 0.889619
vt 0.654713 0.953283
vt 0.702283 0.829031
vt 0.714800 0.817961
vt 0.782420 0.931732
vt 0.755768 0.940298
vt 0.669993 0.881420
vt 0.841160 0.905974
vt 0.630817 0.937863
vt 0.809866 0.985767
vt 0.707252 0.899515
vt 0.669041 0.934567
vt 0.844789 0.771209
vt 0.702197 0.876485
vt 0.879398 0.928324
vt 0.887949 0.838663
vt 0.840095 0.821771
vt 0.751268 0.905301
vt 0.756554 0.847555
vt 0.809164 0.856391
vt 0.759917 0.865358
vt 0.691483 0.831215
vt 0.886697 0.872084
vt 0.913055 0.924735
vt 0.932279 0.909503
vt 0.814905 0.879409
vt 0.814600 0.977560
vt 0.690002 0.979210
vt 0.763376 0.979539
vt 0.739489 0.965307
vt 0.661758 0.989325
vt 0.844714 0.988099
vt 0.892460 0.943376
vt 0.631271 0.925064
vt 0.613720 0.984207
vt 0.939131 0.711296
vt 0.739657 0.705322
vt 0.782186 0.741198
vt 0.708999 0.727311
vt 0.793930 0.865485
vt 0.718480 0.904242
vt 0.704172 0.878392
vt 0.643317 0.779706
vt 0.835237 0.985647
vt 0.808478 0.273934
vt 0.154015 0.493755
vt 0.938513 0.433489
vt 0.925313 0.582717
vt 0.357705 0.448771
vt 0.875609 0.983030
vt 0.009080 0.937657
vt 0.008154 0.745983
vt 0.008703 0.889053
vt 0.007608 0.834735
vt 0.010508 0.790856
vt 0.010808 0.393605
vt 0.977611 0.408300
vt 0.914300 0.418612
vt 0.847149 0.425832
vt 0.767881 0.433606
vt 0.700767 0.436021
vt 0.634180 0.388352
vt 0.909554 0.373731
vt 0.974041 0.416816
vt 0.633413 0.414194
vt 0.699554 0.405423
vt 0.764756 0.398059
vt 0.843734 0.743165
vt 0.135069 0.789517
vt 0.137653 0.831886
vt 0.137970 0.888934
vt 0.135342 0.934745
vt 0.131664 0.984800
vt 0.130561 0.426465
vt 0.938470 0.575864
vt 0.321841 0.422383
vt 0.960030 0.070760
vt 0.987046 0.484747
vt 0.974766 0.128381
vt 0.493819 0.124900
vt 0.507626 0.320813
vt 0.509925 0.320595
vt 0.524461 0.217137
vt 0.523312 0.217683
vt 0.508559 0.275808
vt 0.509835 0.275595
vt 0.524835 0.369210
vt 0.506873 0.371043
vt 0.520584 0.174481
vt 0.504324 0.173077
vt 0.519295 0.883472
vt 0.169212 0.986112
vt 0.161571 0.786195
vt 0.169842 0.828492
vt 0.171350 0.740889
vt 0.163201 0.937336
vt 0.168655 0.336647
vt 0.909450 0.364825
vt 0.652095 0.359942
vt 0.716741 0.354709
vt 0.775766 0.344749
vt 0.850444 0.334437
vt 0.975821 0.357783
vt 0.916211 0.366930
vt 0.855026 0.376763
vt 0.777423 0.381165
vt 0.717531 0.386536
vt 0.653058 0.336647
vt 0.909450 0.025654
vt 0.459127 0.364825
vt 0.652095 0.359942
vt 0.716741 0.354709
vt 0.775766 0.344749
vt 0.850444 0.334437
vt 0.975821 0.357783
vt 0.916211 0.366930
vt 0.855026 0.376763
vt 0.777423 0.381165
vt 0.717531 0.386536
vt 0.653058 0.106607
vt 0.517393 0.116861
vt 0.468784 0.116861
vt 0.468784 0.025654
vt 0.459127 0.008535
vt 0.526941 0.008535
vt 0.526941 0.313023
vt 0.967990 0.313023
vt 0.967990 0.106607
vt 0.517393 0.086427
vt 0.456193 0.069317
vt 0.523928 0.086427
vt 0.456193 0.069317
vt 0.523928 0.835374
vt 0.689619 0.831351
vt 0.654829 0.861947
vt 0.666504 0.351817
vt 0.123358 0.444477
vt 0.126186 0.470808
vt 0.137008 0.610941
vt 0.599068 0.527346
vt 0.465365 0.527748
vt 0.835620 0.525142
vt 0.474477 0.480414
vt 0.459781 0.584178
vt 0.466457 0.480955
vt 0.832715 0.592390
vt 0.858287 0.580414
vt 0.853418 0.851772
vt 0.922874 0.906157
vt 0.978595 0.859237
vt 0.950127 0.878358
vt 0.570666 0.859237
vt 0.950127 0.652492
vt 0.738774 0.200152
vt 0.163781 0.109328
vt 0.160278 0.154369
vt 0.159402 0.154369
vt 0.159402 0.200152
vt 0.163781 0.109328
vt 0.160278 0.231202
vt 0.176906 0.322103
vt 0.032755 0.366921
vt 0.051565 0.313482
vt 0.049440 0.352192
vt 0.073292 0.251007
vt 0.142789 0.313482
vt 0.049440 0.249070
vt 0.089463 0.143414
vt 0.079366 0.097915
vt 0.082484 0.264742
vt 0.036553 0.322103
vt 0.032755 0.120877
vt 0.010467 0.089688
vt 0.012116 0.217351
vt 0.042286 0.089688
vt 0.012116 0.097915
vt 0.082484 0.249070
vt 0.089463 0.120877
vt 0.010467 0.143414
vt 0.079366 0.264742
vt 0.036553 0.217351
vt 0.042286 0.400335
vt 0.401658 0.389230
vt 0.429754 0.421891
vt 0.462155 0.447873
vt 0.441900 0.430887
vt 0.367929 0.474002
vt 0.404480 0.378026
vt 0.024142 0.179382
vt 0.009720 0.179382
vt 0.009720 0.215669
vt 0.119943 0.215669
vt 0.119943 0.274152
vt 0.117317 0.067573
vt 0.086112 0.079920
vt 0.165641 0.059213
vt 0.015321 0.200152
vt 0.163781 0.109328
vt 0.160278 0.154369
vt 0.159402 0.154369
vt 0.159402 0.200152
vt 0.163781 0.109328
vt 0.160278 0.231202
vt 0.176906 0.322103
vt 0.032755 0.366921
vt 0.051565 0.313482
vt 0.049440 0.352192
vt 0.073292 0.251007
vt 0.142789 0.313482
vt 0.049440 0.249070
vt 0.089463 0.143414
vt 0.079366 0.097915
vt 0.082484 0.264742
vt 0.036553 0.322103
vt 0.032755 0.120877
vt 0.010467 0.089688
vt 0.012116 0.217351
vt 0.042286 0.089688
vt 0.012116 0.097915
vt 0.082484 0.249070
vt 0.089463 0.120877
vt 0.010467 0.143414
vt 0.079366 0.264742
vt 0.036553 0.217351
vt 0.042286 0.400335
vt 0.401658 0.389230
vt 0.429754 0.421891
vt 0.462155 0.447873
vt 0.441900 0.430887
vt 0.367929 0.474002
vt 0.404480 0.378026
vt 0.024142 0.179382
vt 0.009720 0.179382
vt 0.009720 0.215669
vt 0.119943 0.215669
vt 0.119943 0.274152
vt 0.117317 0.067573
vt 0.086112 0.079920
vt 0.165641 0.059213
vt 0.015321 0.775118
vt 0.991841 0.712117
vt 0.963065 0.820588
vt 0.929370 0.664708
vt 0.923741 0.626219
vt 0.878043 0.882984
vt 0.499996 0.899244
vt 0.493307 0.918583
vt 0.493089 0.121827
vt 0.402973 0.087322
vt 0.404337 0.630574
vt 0.202186 0.674063
vt 0.207700 0.676615
vt 0.182823 0.641593
vt 0.193085 0.648130
vt 0.177456 0.666281
vt 0.165410 0.678999
vt 0.168334 0.153384
vt 0.371226 0.154663
vt 0.338047 0.082259
vt 0.335356 0.083056
vt 0.311997 0.608486
vt 0.136825 0.083655
vt 0.292475 0.098022
vt 0.290165 0.132844
vt 0.291289 0.119311
vt 0.288946 0.448544
vt 0.267278 0.188787
vt 0.276299 0.232411
vt 0.271254 0.229712
vt 0.238908 0.174347
vt 0.251977 0.275257
vt 0.269913 0.275103
vt 0.230250 0.348557
vt 0.261596 0.397416
vt 0.255945 0.394393
vt 0.219718 0.332384
vt 0.234355 0.445403
vt 0.254444 0.445231
vt 0.210021 0.348557
vt 0.261596 0.332384
vt 0.234355 0.394393
vt 0.219718 0.397416
vt 0.255945 0.445231
vt 0.210021 0.445403
vt 0.254444 0.543276
vt 0.099700 0.562345
vt 0.098637 0.152004
vt 0.317083 0.149177
vt 0.298797 0.502572
vt 0.127636 0.487783
vt 0.133209 0.348557
vt 0.261596 0.332384
vt 0.234355 0.394393
vt 0.219718 0.397416
vt 0.255945 0.445231
vt 0.210021 0.445403
vt 0.254444 0.188787
vt 0.276299 0.174347
vt 0.251977 0.229712
vt 0.238908 0.232411
vt 0.271254 0.275103
vt 0.230250 0.275257
vt 0.269913 0.348557
vt 0.261596 0.397416
vt 0.255945 0.394393
vt 0.219718 0.332384
vt 0.234355 0.530113
vt 0.421878 0.698559
vt 0.063789 0.697104
vt 0.011182 0.419794
vt 0.513548 0.418154
vt 0.498514 0.701771
vt 0.086061 0.695366
vt 0.125583 0.467731
vt 0.487769 0.466953
vt 0.495655 0.454952
vt 0.853761 0.452439
vt 0.762539 0.706028
vt 0.714423 0.136392
vt 0.464253 0.178586
vt 0.473792 0.320339
vt 0.479042 0.366478
vt 0.476182 0.276880
vt 0.479911 0.219126
vt 0.477464 0.419794
vt 0.513548 0.412672
vt 0.469250 0.317369
vt 0.873185 0.320702
vt 0.877264 0.043419
vt 0.805063 0.303676
vt 0.765420 0.056236
vt 0.750272 0.038841
vt 0.670441 0.012938
vt 0.555117 0.781240
vt 0.612126 0.746055
vt 0.647289 0.751588
vt 0.788677 0.870397
vt 0.587921 0.830389
vt 0.613944 0.633171
vt 0.927249 0.600051
vt 0.912247 0.606331
vt 0.883552 0.636511
vt 0.984278 0.610288
vt 0.952224 0.677284
vt 0.962936 0.660144
vt 0.979781 0.720270
vt 0.708438 0.757074
vt 0.572045 0.939404
vt 0.608660 0.988314
vt 0.605296 0.987255
vt 0.554749 0.522855
vt 0.354128 0.527517
vt 0.369490 0.415151
vt 0.557555 0.434380
vt 0.552535 0.406338
vt 0.975423 0.418489
vt 0.915313 0.428889
vt 0.848417 0.436275
vt 0.767861 0.443998
vt 0.701558 0.446767
vt 0.635686 0.446145
vt 0.557614 0.375741
vt 0.907432 0.364005
vt 0.966203 0.404174
vt 0.562938 0.406404
vt 0.635185 0.401965
vt 0.698906 0.394601
vt 0.762592 0.385963
vt 0.839128 0.703938
vt 0.140039 0.745591
vt 0.147223 0.829097
vt 0.153955 0.881222
vt 0.152196 0.787977
vt 0.152732 0.934845
vt 0.150269 0.984258
vt 0.152974 0.983701
vt 0.146495 0.516155
vt 0.332771 0.211779
vt 0.983568 0.166300
vt 0.979887 0.262342
vt 0.991961 0.117277
vt 0.982946 0.073510
vt 0.991597 0.384842
vt 0.583089 0.362315
vt 0.586683 0.362315
vt 0.586683 0.384842
vt 0.583089 0.693625
vt 0.153275 0.330552
vt 0.908103 0.308053
vt 0.962604 0.355858
vt 0.590155 0.358550
vt 0.653057 0.353720
vt 0.715746 0.348228
vt 0.774519 0.338132
vt 0.849447 0.340835
vt 0.975815 0.363403
vt 0.918064 0.373039
vt 0.855666 0.382614
vt 0.777901 0.386900
vt 0.717262 0.391777
vt 0.653119 0.390465
vt 0.586068 0.330552
vt 0.908103 0.308053
vt 0.962604 0.355858
vt 0.590155 0.358550
vt 0.653057 0.353720
vt 0.715746 0.348228
vt 0.774519 0.338132
vt 0.849447 0.340835
vt 0.975815 0.363403
vt 0.918064 0.373039
vt 0.855666 0.382614
vt 0.777901 0.386900
vt 0.717262 0.391777
vt 0.653119 0.390465
vt 0.586068 0.482816
vt 0.820305 0.487988
vt 0.455706 0.086488
vt 0.194015 0.079771
vt 0.239000 0.090048
vt 0.259451 0.106043
vt 0.276271 0.194632
vt 0.208980 0.170694
vt 0.215321 0.165966
vt 0.173469 0.123063
vt 0.167125 0.834672
vt 0.571116 0.778912
vt 0.566053 0.702817
vt 0.524759 0.682404
vt 0.493544 0.733935
vt 0.550093 0.671805
vt 0.454450 0.672511
vt 0.414606 0.679786
vt 0.384168 0.695450
vt 0.343628 0.701557
vt 0.342412 0.878358
vt 0.570666 0.775118
vt 0.991841 0.712117
vt 0.963065 0.820588
vt 0.929370 0.664708
vt 0.923741 0.626219
vt 0.878043 0.912324
vt 0.565667 0.882984
vt 0.499996 0.899244
vt 0.493307 0.944117
vt 0.552461 0.918583
vt 0.493089 0.966991
vt 0.540212 0.121827
vt 0.402973 0.087322
vt 0.404337 0.630574
vt 0.202186 0.676615
vt 0.182823 0.674063
vt 0.207700 0.641593
vt 0.193085 0.648130
vt 0.177456 0.666281
vt 0.165410 0.678999
vt 0.168334 0.153384
vt 0.371226 0.154663
vt 0.338047 0.082259
vt 0.335356 0.615412
vt 0.186110 0.593347
vt 0.187949 0.083056
vt 0.311997 0.608486
vt 0.136825 0.592634
vt 0.131510 0.083655
vt 0.292475 0.098022
vt 0.290165 0.132844
vt 0.291289 0.119311
vt 0.288946 0.448544
vt 0.267278 0.592564
vt 0.160724 0.188698
vt 0.276082 0.229466
vt 0.238836 0.232155
vt 0.271056 0.174314
vt 0.251854 0.274834
vt 0.269721 0.274681
vt 0.230211 0.348557
vt 0.261596 0.394393
vt 0.219718 0.397416
vt 0.255945 0.332384
vt 0.234355 0.445403
vt 0.254444 0.445231
vt 0.210021 0.348557
vt 0.261596 0.394393
vt 0.219718 0.332384
vt 0.234355 0.397416
vt 0.255945 0.445403
vt 0.254444 0.445231
vt 0.210021 0.543276
vt 0.099700 0.562345
vt 0.098637 0.152004
vt 0.317083 0.149177
vt 0.298797 0.502572
vt 0.127636 0.487783
vt 0.133209 0.348557
vt 0.261596 0.394393
vt 0.219718 0.332384
vt 0.234355 0.397416
vt 0.255945 0.445403
vt 0.254444 0.445231
vt 0.210021 0.188698
vt 0.276082 0.229466
vt 0.238836 0.174314
vt 0.251854 0.232155
vt 0.271056 0.274834
vt 0.269721 0.274681
vt 0.230211 0.348557
vt 0.261596 0.394393
vt 0.219718 0.397416
vt 0.255945 0.332384
vt 0.234355 0.578315
vt 0.889707 0.553717
vt 0.954898 0.530113
vt 0.421878 0.651060
vt 0.352176 0.646315
vt 0.315356 0.698559
vt 0.063789 0.697104
vt 0.011182 0.419794
vt 0.513548 0.418154
vt 0.498514 0.701771
vt 0.086061 0.695366
vt 0.125583 0.663048
vt 0.482489 0.655954
vt 0.421213 0.603272
vt 0.834287 0.467731
vt 0.487769 0.466953
vt 0.495655 0.454952
vt 0.853761 0.592390
vt 0.858287 0.668468
vt 0.542869 0.627931
vt 0.782039 0.652492
vt 0.738774 0.671281
vt 0.576352 0.452439
vt 0.762539 0.673306
vt 0.593769 0.661869
vt 0.724917 0.706028
vt 0.714423 0.710334
vt 0.626367 0.136392
vt 0.464253 0.178586
vt 0.473792 0.320339
vt 0.479042 0.366478
vt 0.476182 0.276880
vt 0.479911 0.219126
vt 0.477464 0.419794
vt 0.513548 0.412672
vt 0.469250 0.070760
vt 0.987046 0.059302
vt 0.962741 0.264063
vt 0.988666 0.270348
vt 0.961489 0.014760
vt 0.860599 0.040110
vt 0.881375 0.317369
vt 0.873185 0.320702
vt 0.877264 0.282927
vt 0.898302 0.043419
vt 0.805063 0.276444
vt 0.933048 0.046502
vt 0.932671 0.303676
vt 0.765420 0.056236
vt 0.750272 0.038841
vt 0.670441 0.012938
vt 0.555117 0.318365
vt 0.097700 0.273934
vt 0.154015 0.781240
vt 0.612126 0.746055
vt 0.647289 0.979539
vt 0.739489 0.979210
vt 0.763376 0.751588
vt 0.788677 0.870397
vt 0.587921 0.989325
vt 0.844714 0.985647
vt 0.808478 0.830389
vt 0.613944 0.965307
vt 0.661758 0.943376
vt 0.631271 0.925064
vt 0.613720 0.988099
vt 0.892460 0.984207
vt 0.939131 0.985767
vt 0.707252 0.977560
vt 0.690002 0.633171
vt 0.927249 0.606331
vt 0.883552 0.600051
vt 0.912247 0.636511
vt 0.984278 0.610288
vt 0.952224 0.677284
vt 0.962936 0.660144
vt 0.979781 0.720270
vt 0.708438 0.757074
vt 0.572045 0.546784
vt 0.990035 0.527517
vt 0.369490 0.522855
vt 0.354128 0.415151
vt 0.557555 0.434380
vt 0.552535 0.406338
vt 0.975423 0.418489
vt 0.915313 0.428889
vt 0.848417 0.436275
vt 0.767861 0.443998
vt 0.701558 0.446767
vt 0.635686 0.446145
vt 0.557614 0.375741
vt 0.907432 0.364005
vt 0.966203 0.404174
vt 0.562938 0.406404
vt 0.635185 0.401965
vt 0.698906 0.394601
vt 0.762592 0.385963
vt 0.839128 0.703938
vt 0.140039 0.745591
vt 0.147223 0.829097
vt 0.153955 0.881222
vt 0.152196 0.787977
vt 0.152732 0.934845
vt 0.150269 0.984258
vt 0.152974 0.983701
vt 0.146495 0.516155
vt 0.332771 0.211779
vt 0.983568 0.166300
vt 0.979887 0.262342
vt 0.991961 0.117277
vt 0.982946 0.073510
vt 0.991597 0.384842
vt 0.583089 0.362315
vt 0.586683 0.362315
vt 0.586683 0.384842
vt 0.583089 0.693625
vt 0.153275 0.330552
vt 0.908103 0.308053
vt 0.962604 0.355858
vt 0.590155 0.358550
vt 0.653057 0.353720
vt 0.715746 0.348228
vt 0.774519 0.338132
vt 0.849447 0.340835
vt 0.975815 0.363403
vt 0.918064 0.373039
vt 0.855666 0.382614
vt 0.777901 0.386900
vt 0.717262 0.391777
vt 0.653119 0.390465
vt 0.586068 0.330552
vt 0.908103 0.308053
vt 0.962604 0.355858
vt 0.590155 0.358550
vt 0.653057 0.353720
vt 0.715746 0.348228
vt 0.774519 0.338132
vt 0.849447 0.340835
vt 0.975815 0.363403
vt 0.918064 0.373039
vt 0.855666 0.382614
vt 0.777901 0.386900
vt 0.717262 0.391777
vt 0.653119 0.390465
vt 0.586068 0.482816
vt 0.820305 0.487988
vt 0.455706 0.978784
vt 0.992193 0.987475
vt 0.527504 0.179375
vt 0.029989 0.329139
vt 0.006772 0.264489
vt 0.004622 0.179375
vt 0.029989 0.264489
vt 0.004622 0.329139
vt 0.006772 0.399180
vt 0.453315 0.498089
vt 0.371516 0.459073
vt 0.339463 0.480504
vt 0.396512 0.437959
vt 0.360394 0.476268
vt 0.337606 0.486905
vt 0.346342 0.497543
vt 0.355077 0.179375
vt 0.029989 0.329139
vt 0.006772 0.264489
vt 0.004622 0.179375
vt 0.029989 0.264489
vt 0.004622 0.329139
vt 0.006772 0.399180
vt 0.453315 0.498089
vt 0.371516 0.480504
vt 0.396512 0.459073
vt 0.339463 0.437959
vt 0.360394 0.476268
vt 0.337606 0.486905
vt 0.346342 0.497543
vt 0.355077 1.000000

f 32/32 4/4 62/62
f 5/5 62/62 14/14
f 62/62 5/5 3/3
f 4/4 14/14 62/62
f 5/5 588/588 3/3
f 588/588 5/5 589/589
f 7/7 56/56 15/15
f 56/56 7/7 53/53
f 589/589 10/10 590/590
f 10/10 589/589 5/5
f 7/7 8/8 9/9
f 8/8 7/7 6/6
f 53/53 9/9 54/54
f 9/9 53/53 7/7
f 10/10 5/5 14/14
f 34/34 8/8 6/6
f 6/6 32/32 34/34
f 32/32 6/6 4/4
f 16/16 24/24 11/11
f 24/24 16/16 34/34
f 16/16 8/8 34/34
f 57/57 9/9 17/17
f 9/9 57/57 54/54
f 13/13 16/16 12/12
f 16/16 13/13 17/17
f 9/9 16/16 17/17
f 16/16 9/9 8/8
f 11/11 12/12 16/16
f 12/12 11/11 30/30
f 10/10 4/4 15/15
f 4/4 10/10 14/14
f 590/590 15/15 56/56
f 15/15 590/590 10/10
f 15/15 6/6 7/7
f 6/6 15/15 4/4
f 17/17 58/58 57/57
f 58/58 17/17 13/13
f 30/30 55/55 12/12
f 55/55 30/30 591/591
f 13/13 12/12 55/55
f 58/58 13/13 55/55
f 588/588 2/2 3/3
f 2/2 588/588 1036/1036
f 3/3 29/29 62/62
f 29/29 3/3 2/2
f 1125/1125 1/1 31/31
f 1125/1125 33/33 1126/1126
f 18/18 35/35 31/31
f 33/33 31/31 35/35
f 18/18 1/1 39/39
f 1/1 18/18 31/31
f 1125/1125 1127/1127 1/1
f 1125/1125 31/31 33/33
f 19/19 35/35 18/18
f 18/18 20/20 19/19
f 20/20 18/18 42/42
f 36/36 1126/1126 33/33
f 1126/1126 36/36 1128/1128
f 19/19 22/22 21/21
f 22/22 19/19 20/20
f 21/21 22/22 23/23
f 36/36 33/33 35/35
f 36/36 1129/1129 1128/1128
f 1129/1129 36/36 25/25
f 35/35 25/25 36/36
f 25/25 35/35 26/26
f 25/25 27/27 1129/1129
f 27/27 25/25 28/28
f 26/26 28/28 25/25
f 28/28 26/26 23/23
f 27/27 28/28 52/52
f 28/28 23/23 38/38
f 35/35 21/21 26/26
f 21/21 35/35 19/19
f 26/26 21/21 23/23
f 23/23 37/37 38/38
f 23/23 22/22 37/37
f 577/577 2/2 1036/1036
f 2/2 577/577 40/40
f 40/40 29/29 2/2
f 29/29 40/40 41/41
f 41/41 1130/1130 29/29
f 1130/1130 41/41 1131/1131
f 45/45 40/40 577/577
f 40/40 45/45 43/43
f 43/43 41/41 40/40
f 41/41 43/43 44/44
f 44/44 1131/1131 41/41
f 1131/1131 44/44 1132/1132
f 50/50 45/45 583/583
f 45/45 50/50 43/43
f 47/47 43/43 51/51
f 43/43 47/47 44/44
f 1132/1132 44/44 47/47
f 583/583 49/49 50/50
f 51/51 46/46 47/47
f 39/39 42/42 18/18
f 28/28 38/38 52/52
f 59/59 68/68 64/64
f 67/67 63/63 66/66
f 61/61 66/66 65/65
f 66/66 61/61 67/67
f 60/60 61/61 65/65
f 68/68 69/69 64/64
f 69/69 65/65 64/64
f 65/65 69/69 60/60
f 77/77 78/78 79/79
f 70/70 71/71 72/72
f 72/72 71/71 79/79
f 79/79 78/78 72/72
f 70/70 81/81 71/71
f 80/80 75/75 74/74
f 75/75 80/80 82/82
f 81/81 75/75 71/71
f 75/75 81/81 74/74
f 73/73 82/82 80/80
f 82/82 73/73 83/83
f 73/73 76/76 83/83
f 84/84 85/85 86/86
f 117/117 88/88 86/86
f 86/86 87/87 117/117
f 90/90 89/89 87/87
f 91/91 85/85 92/92
f 91/91 86/86 85/85
f 86/86 91/91 93/93
f 96/96 94/94 95/95
f 93/93 98/98 110/110
f 98/98 93/93 97/97
f 96/96 95/95 99/99
f 100/100 98/98 97/97
f 91/91 101/101 93/93
f 102/102 94/94 90/90
f 94/94 102/102 95/95
f 93/93 102/102 87/87
f 87/87 86/86 93/93
f 87/87 102/102 90/90
f 101/101 97/97 93/93
f 102/102 110/110 95/95
f 93/93 110/110 102/102
f 92/92 105/105 91/91
f 103/103 99/99 95/95
f 104/104 100/100 97/97
f 106/106 105/105 92/92
f 109/109 107/107 108/108
f 95/95 111/111 103/103
f 111/111 95/95 110/110
f 112/112 107/107 109/109
f 107/107 112/112 84/84
f 112/112 85/85 84/84
f 113/113 105/105 106/106
f 106/106 116/116 113/113
f 114/114 105/105 113/113
f 113/113 116/116 115/115
f 114/114 113/113 115/115
f 89/89 117/117 87/87
f 100/100 121/121 118/118
f 118/118 121/121 120/120
f 100/100 104/104 121/121
f 121/121 119/119 120/120
f 104/104 119/119 121/121
f 99/99 125/125 122/122
f 122/122 125/125 124/124
f 99/99 103/103 125/125
f 125/125 123/123 124/124
f 103/103 123/123 125/125
f 126/126 131/131 127/127
f 131/131 126/126 130/130
f 127/127 133/133 129/129
f 133/133 127/127 131/131
f 129/129 132/132 128/128
f 132/132 129/129 133/133
f 128/128 130/130 126/126
f 130/130 128/128 132/132
f 130/130 132/132 134/134
f 132/132 133/133 134/134
f 133/133 131/131 135/135
f 131/131 130/130 135/135
f 130/130 137/137 136/136
f 137/137 130/130 134/134
f 134/134 138/138 137/137
f 138/138 134/134 133/133
f 133/133 139/139 138/138
f 139/139 133/133 135/135
f 135/135 136/136 139/139
f 136/136 135/135 130/130
f 138/138 139/139 144/144
f 139/139 136/136 144/144
f 141/141 136/136 137/137
f 136/136 141/141 140/140
f 138/138 141/141 137/137
f 141/141 138/138 142/142
f 143/143 138/138 144/144
f 138/138 143/143 142/142
f 136/136 143/143 144/144
f 143/143 136/136 140/140
f 140/140 141/141 145/145
f 141/141 142/142 145/145
f 142/142 143/143 146/146
f 143/143 140/140 146/146
f 145/145 148/148 140/140
f 148/148 145/145 149/149
f 142/142 149/149 145/145
f 149/149 142/142 150/150
f 146/146 150/150 142/142
f 150/150 146/146 151/151
f 146/146 148/148 151/151
f 148/148 146/146 140/140
f 149/149 147/147 148/148
f 150/150 147/147 149/149
f 151/151 147/147 150/150
f 148/148 147/147 151/151
f 152/152 284/284 161/161
f 161/161 154/154 182/182
f 161/161 284/284 154/154
f 153/153 281/281 282/282
f 182/182 173/173 161/161
f 1133/1133 162/162 163/163
f 157/157 164/164 158/158
f 164/164 157/157 165/165
f 158/158 164/164 155/155
f 163/163 155/155 164/164
f 162/162 155/155 163/163
f 165/165 160/160 164/164
f 160/160 165/165 159/159
f 160/160 1134/1134 163/163
f 1133/1133 163/163 1134/1134
f 162/162 171/171 189/189
f 172/172 186/186 284/284
f 1135/1135 168/168 167/167
f 283/283 168/168 166/166
f 166/166 168/168 156/156
f 169/169 1136/1136 1137/1137
f 1136/1136 169/169 170/170
f 170/170 153/153 1136/1136
f 153/153 170/170 167/167
f 281/281 167/167 283/283
f 283/283 167/167 168/168
f 1135/1135 170/170 1138/1138
f 170/170 1135/1135 167/167
f 1138/1138 169/169 1139/1139
f 169/169 1138/1138 170/170
f 153/153 167/167 281/281
f 186/186 154/154 284/284
f 1137/1137 1140/1140 169/169
f 1135/1135 156/156 168/168
f 1140/1140 1137/1137 1141/1141
f 160/160 163/163 164/164
f 178/178 179/179 191/191
f 191/191 185/185 178/178
f 283/283 166/166 183/183
f 283/283 172/172 284/284
f 162/162 1133/1133 280/280
f 162/162 280/280 1142/1142
f 162/162 1143/1143 192/192
f 192/192 171/171 162/162
f 155/155 162/162 189/189
f 189/189 1144/1144 155/155
f 156/156 174/174 166/166
f 174/174 156/156 175/175
f 1145/1145 1144/1144 189/189
f 189/189 190/190 1145/1145
f 1146/1146 178/178 174/174
f 174/174 175/175 1146/1146
f 1147/1147 1145/1145 190/190
f 190/190 1148/1148 1147/1147
f 180/180 194/194 188/188
f 188/188 181/181 180/180
f 193/193 176/176 171/171
f 171/171 192/192 193/193
f 1149/1149 1150/1150 176/176
f 176/176 193/193 1149/1149
f 161/161 173/173 152/152
f 1151/1151 152/152 173/173
f 162/162 1142/1142 1143/1143
f 183/183 166/166 174/174
f 174/174 184/184 183/183
f 184/184 174/174 178/178
f 178/178 185/185 184/184
f 172/172 177/177 187/187
f 187/187 186/186 172/172
f 177/177 181/181 188/188
f 188/188 187/187 177/177
f 1152/1152 1153/1153 1154/1154
f 1154/1154 1155/1155 1152/1152
f 1156/1156 1157/1157 1154/1154
f 1154/1154 1153/1153 1156/1156
f 1158/1158 1159/1159 1160/1160
f 1160/1160 1161/1161 1158/1158
f 1162/1162 1163/1163 1160/1160
f 1160/1160 1159/1159 1162/1162
f 1164/1164 1165/1165 1166/1166
f 1166/1166 1167/1167 1164/1164
f 1166/1166 1168/1168 1169/1169
f 1169/1169 1167/1167 1166/1166
f 203/203 200/200 172/172
f 172/172 183/183 203/203
f 204/204 202/202 200/200
f 200/200 203/203 204/204
f 198/198 197/197 182/182
f 182/182 154/154 198/198
f 198/198 154/154 186/186
f 186/186 205/205 198/198
f 195/195 196/196 197/197
f 197/197 198/198 195/195
f 195/195 198/198 205/205
f 205/205 206/206 195/195
f 171/171 199/199 207/207
f 207/207 189/189 171/171
f 199/199 201/201 208/208
f 208/208 207/207 199/199
f 1170/1170 202/202 204/204
f 204/204 1171/1171 1170/1170
f 192/192 1143/1143 1172/1172
f 1172/1172 209/209 192/192
f 209/209 1172/1172 1173/1173
f 1173/1173 210/210 209/209
f 1174/1174 1175/1175 195/195
f 195/195 206/206 1174/1174
f 1176/1176 1177/1177 1178/1178
f 1178/1178 1179/1179 1176/1176
f 1178/1178 1180/1180 1181/1181
f 1181/1181 1179/1179 1178/1178
f 1182/1182 1183/1183 1184/1184
f 1184/1184 1185/1185 1182/1182
f 1184/1184 1186/1186 1187/1187
f 1187/1187 1185/1185 1184/1184
f 1188/1188 1189/1189 1190/1190
f 1190/1190 1191/1191 1188/1188
f 1169/1169 1168/1168 1190/1190
f 1190/1190 1189/1189 1169/1169
f 183/183 172/172 283/283
f 382/382 385/385 383/383
f 385/385 382/382 226/226
f 747/747 226/226 380/380
f 225/225 224/224 1192/1192
f 381/381 412/412 384/384
f 412/412 381/381 411/411
f 386/386 238/238 227/227
f 238/238 386/386 387/387
f 1193/1193 388/388 1194/1194
f 388/388 1193/1193 228/228
f 390/390 229/229 389/389
f 229/229 390/390 236/236
f 230/230 390/390 391/391
f 390/390 230/230 236/236
f 389/389 238/238 387/387
f 238/238 389/389 229/229
f 400/400 396/396 397/397
f 396/396 400/400 401/401
f 426/426 415/415 416/416
f 415/415 426/426 425/425
f 239/239 408/408 409/409
f 408/408 239/239 241/241
f 423/423 1195/1195 1196/1196
f 1195/1195 423/423 424/424
f 1197/1197 245/245 228/228
f 243/243 407/407 240/240
f 407/407 243/243 406/406
f 243/243 240/240 236/236
f 230/230 228/228 245/245
f 423/423 418/418 424/424
f 418/418 423/423 417/417
f 230/230 243/243 236/236
f 421/421 418/418 417/417
f 418/418 421/421 422/422
f 425/425 419/419 420/420
f 419/419 425/425 426/426
f 407/407 241/241 240/240
f 241/241 407/407 408/408
f 242/242 241/241 239/239
f 1193/1193 1197/1197 228/228
f 240/240 229/229 236/236
f 229/229 240/240 242/242
f 239/239 227/227 242/242
f 242/242 238/238 229/229
f 240/240 241/241 242/242
f 227/227 238/238 242/242
f 419/419 421/421 420/420
f 421/421 419/419 422/422
f 243/243 230/230 244/244
f 245/245 244/244 230/230
f 1198/1198 245/245 1197/1197
f 245/245 1198/1198 404/404
f 244/244 404/404 405/405
f 404/404 244/244 245/245
f 224/224 212/212 746/746
f 212/212 224/224 265/265
f 249/249 271/271 750/750
f 247/247 268/268 254/254
f 257/257 255/255 256/256
f 251/251 256/256 255/255
f 1199/1199 1200/1200 250/250
f 258/258 250/250 1200/1200
f 1199/1199 478/478 479/479
f 478/478 1199/1199 250/250
f 226/226 481/481 1201/1201
f 481/481 226/226 477/477
f 750/750 482/482 1031/1031
f 250/250 252/252 248/248
f 262/262 254/254 259/259
f 246/246 259/259 254/254
f 254/254 262/262 253/253
f 270/270 246/246 252/252
f 265/265 252/252 264/264
f 252/252 265/265 248/248
f 253/253 247/247 254/254
f 256/256 249/249 247/247
f 253/253 256/256 247/247
f 264/264 246/246 475/475
f 246/246 264/264 252/252
f 212/212 264/264 748/748
f 264/264 212/212 265/265
f 269/269 247/247 249/249
f 213/213 1038/1038 269/269
f 249/249 213/213 269/269
f 270/270 258/258 260/260
f 257/257 256/256 253/253
f 270/270 260/260 259/259
f 263/263 259/259 260/260
f 253/253 261/261 257/257
f 259/259 263/263 262/262
f 261/261 262/262 263/263
f 262/262 261/261 253/253
f 748/748 266/266 749/749
f 254/254 268/268 246/246
f 247/247 269/269 268/268
f 1200/1200 217/217 216/216
f 216/216 258/258 1200/1200
f 257/257 218/218 1202/1202
f 1202/1202 255/255 257/257
f 260/260 216/216 219/219
f 216/216 260/260 258/258
f 260/260 219/219 263/263
f 220/220 263/263 219/219
f 261/261 221/221 218/218
f 218/218 257/257 261/261
f 263/263 220/220 221/221
f 263/263 221/221 261/261
f 266/266 748/748 264/264
f 246/246 267/267 475/475
f 268/268 267/267 246/246
f 266/266 222/222 211/211
f 211/211 749/749 266/266
f 269/269 223/223 268/268
f 222/222 266/266 267/267
f 268/268 223/223 222/222
f 222/222 267/267 268/268
f 269/269 745/745 223/223
f 745/745 269/269 1038/1038
f 252/252 258/258 270/270
f 246/246 270/270 259/259
f 251/251 271/271 256/256
f 249/249 256/256 271/271
f 249/249 750/750 213/213
f 222/222 272/272 273/273
f 272/272 222/222 223/223
f 745/745 272/272 223/223
f 272/272 745/745 1203/1203
f 273/273 751/751 222/222
f 211/211 222/222 751/751
f 258/258 252/252 250/250
f 225/225 480/480 224/224
f 480/480 225/225 476/476
f 243/243 405/405 406/406
f 405/405 243/243 244/244
f 232/232 1204/1204 231/231
f 1204/1204 232/232 1205/1205
f 233/233 1206/1206 235/235
f 1206/1206 233/233 1207/1207
f 235/235 1208/1208 237/237
f 1208/1208 235/235 1206/1206
f 237/237 1209/1209 234/234
f 1209/1209 237/237 1208/1208
f 1210/1210 1207/1207 233/233
f 1207/1207 1210/1210 1211/1211
f 234/234 1205/1205 232/232
f 1205/1205 234/234 1209/1209
f 293/293 290/290 286/286
f 293/293 215/215 292/292
f 215/215 293/293 286/286
f 962/962 290/290 288/288
f 290/290 962/962 286/286
f 215/215 291/291 292/292
f 291/291 215/215 214/214
f 214/214 289/289 291/291
f 744/744 289/289 214/214
f 289/289 744/744 287/287
f 831/831 833/833 339/339
f 1212/1212 830/830 1213/1213
f 295/295 297/297 296/296
f 300/300 299/299 301/301
f 298/298 303/303 302/302
f 295/295 305/305 304/304
f 307/307 309/309 308/308
f 307/307 308/308 1212/1212
f 295/295 310/310 305/305
f 304/304 305/305 1214/1214
f 1214/1214 339/339 304/304
f 295/295 304/304 297/297
f 308/308 303/303 830/830
f 306/306 299/299 300/300
f 309/309 302/302 308/308
f 303/303 308/308 302/302
f 296/296 306/306 295/295
f 306/306 300/300 310/310
f 303/303 294/294 830/830
f 830/830 1212/1212 308/308
f 833/833 297/297 304/304
f 339/339 833/833 304/304
f 296/296 288/288 290/290
f 288/288 296/296 832/832
f 299/299 292/292 291/291
f 291/291 298/298 299/299
f 298/298 291/291 289/289
f 289/289 303/303 298/298
f 306/306 293/293 292/292
f 292/292 299/299 306/306
f 296/296 290/290 306/306
f 293/293 306/306 290/290
f 303/303 289/289 294/294
f 287/287 294/294 289/289
f 302/302 301/301 298/298
f 298/298 301/301 299/299
f 833/833 832/832 297/297
f 296/296 297/297 832/832
f 295/295 306/306 310/310
f 309/309 317/317 302/302
f 333/333 302/302 317/317
f 305/305 336/336 337/337
f 335/335 300/300 334/334
f 333/333 321/321 301/301
f 301/301 302/302 333/333
f 1215/1215 318/318 324/324
f 317/317 309/309 1215/1215
f 334/334 321/321 325/325
f 319/319 336/336 320/320
f 335/335 320/320 336/336
f 324/324 323/323 317/317
f 333/333 317/317 323/323
f 333/333 323/323 321/321
f 325/325 321/321 323/323
f 325/325 322/322 334/334
f 324/324 317/317 1215/1215
f 320/320 322/322 330/330
f 329/329 330/330 322/322
f 323/323 324/324 326/326
f 328/328 326/326 324/324
f 323/323 326/326 325/325
f 327/327 325/325 326/326
f 314/314 311/311 332/332
f 328/328 332/332 311/311
f 319/319 331/331 1216/1216
f 1217/1217 1216/1216 331/331
f 330/330 331/331 320/320
f 319/319 320/320 331/331
f 325/325 327/327 322/322
f 313/313 329/329 315/315
f 327/327 315/315 329/329
f 322/322 327/327 329/329
f 328/328 324/324 318/318
f 326/326 315/315 327/327
f 315/315 326/326 338/338
f 318/318 332/332 328/328
f 311/311 326/326 328/328
f 329/329 313/313 316/316
f 316/316 330/330 329/329
f 331/331 330/330 316/316
f 316/316 312/312 331/331
f 1217/1217 331/331 312/312
f 312/312 1218/1218 1217/1217
f 322/322 320/320 334/334
f 301/301 321/321 300/300
f 319/319 1216/1216 337/337
f 334/334 320/320 335/335
f 300/300 321/321 334/334
f 310/310 335/335 305/305
f 310/310 300/300 335/335
f 336/336 319/319 337/337
f 336/336 305/305 335/335
f 307/307 1215/1215 309/309
f 305/305 337/337 1214/1214
f 338/338 326/326 311/311
f 343/343 342/342 345/345
f 823/823 930/930 472/472
f 341/341 473/473 474/474
f 340/340 344/344 342/342
f 344/344 345/345 342/342
f 1219/1219 1220/1220 470/470
f 346/346 354/354 347/347
f 471/471 469/469 366/366
f 914/914 348/348 351/351
f 365/365 376/376 349/349
f 349/349 362/362 365/365
f 356/356 377/377 352/352
f 361/361 364/364 350/350
f 359/359 360/360 357/357
f 358/358 349/349 469/469
f 361/361 379/379 367/367
f 366/366 469/469 349/349
f 352/352 346/346 356/356
f 366/366 347/347 471/471
f 356/356 346/346 347/347
f 352/352 377/377 348/348
f 351/351 348/348 363/363
f 914/914 351/351 913/913
f 358/358 1221/1221 362/362
f 362/362 1221/1221 350/350
f 365/365 362/362 350/350
f 364/364 361/361 353/353
f 359/359 353/353 361/361
f 376/376 377/377 356/356
f 356/356 347/347 366/366
f 378/378 347/347 354/354
f 354/354 1222/1222 378/378
f 916/916 929/929 357/357
f 371/371 365/365 364/364
f 358/358 362/362 349/349
f 1219/1219 470/470 1223/1223
f 364/364 365/365 350/350
f 361/361 350/350 379/379
f 368/368 369/369 360/360
f 360/360 359/359 368/368
f 367/367 368/368 359/359
f 359/359 361/361 367/367
f 353/353 359/359 357/357
f 916/916 357/357 360/360
f 365/365 377/377 376/376
f 370/370 353/353 357/357
f 353/353 370/370 371/371
f 364/364 353/353 371/371
f 355/355 370/370 357/357
f 355/355 351/351 370/370
f 363/363 365/365 371/371
f 370/370 351/351 363/363
f 363/363 371/371 370/370
f 915/915 918/918 346/346
f 919/919 354/354 346/346
f 917/917 369/369 920/920
f 919/919 1222/1222 354/354
f 918/918 919/919 346/346
f 352/352 915/915 346/346
f 917/917 916/916 360/360
f 929/929 913/913 355/355
f 913/913 351/351 355/355
f 378/378 1222/1222 1223/1223
f 369/369 917/917 360/360
f 895/895 912/912 348/348
f 348/348 914/914 895/895
f 915/915 352/352 912/912
f 348/348 912/912 352/352
f 374/374 1221/1221 358/358
f 372/372 373/373 375/375
f 1224/1224 1225/1225 1226/1226
f 1227/1227 1228/1228 1224/1224
f 1229/1229 1230/1230 1224/1224
f 1224/1224 1228/1228 1225/1225
f 372/372 375/375 374/374
f 374/374 375/375 1221/1221
f 1230/1230 1227/1227 1224/1224
f 1220/1220 1231/1231 358/358
f 1232/1232 1220/1220 1219/1219
f 376/376 356/356 366/366
f 376/376 366/366 349/349
f 1233/1233 1234/1234 1235/1235
f 377/377 363/363 348/348
f 378/378 1223/1223 470/470
f 471/471 347/347 378/378
f 350/350 1221/1221 379/379
f 378/378 470/470 471/471
f 357/357 929/929 355/355
f 383/383 410/410 382/382
f 285/285 382/382 414/414
f 382/382 285/285 380/380
f 384/384 1236/1236 1237/1237
f 384/384 224/224 381/381
f 226/226 1201/1201 385/385
f 226/226 382/382 380/380
f 1237/1237 224/224 384/384
f 224/224 1237/1237 1192/1192
f 224/224 746/746 381/381
f 393/393 399/399 392/392
f 399/399 393/393 398/398
f 1238/1238 397/397 1239/1239
f 397/397 1238/1238 400/400
f 395/395 403/403 394/394
f 403/403 395/395 402/402
f 401/401 395/395 396/396
f 395/395 401/401 402/402
f 394/394 398/398 393/393
f 398/398 394/394 403/403
f 391/391 228/228 230/230
f 228/228 391/391 388/388
f 393/393 1240/1240 1241/1241
f 1240/1240 393/393 392/392
f 394/394 1241/1241 1242/1242
f 1241/1241 394/394 393/393
f 395/395 1242/1242 1243/1243
f 1242/1242 395/395 394/394
f 396/396 1243/1243 1244/1244
f 1243/1243 396/396 395/395
f 397/397 1244/1244 1245/1245
f 1244/1244 397/397 396/396
f 1239/1239 1245/1245 1246/1246
f 1245/1245 1239/1239 397/397
f 399/399 1247/1247 1248/1248
f 1247/1247 399/399 398/398
f 400/400 1249/1249 1250/1250
f 1249/1249 400/400 1238/1238
f 401/401 1250/1250 1251/1251
f 1250/1250 401/401 400/400
f 402/402 1251/1251 1252/1252
f 1251/1251 402/402 401/401
f 403/403 1252/1252 1253/1253
f 1252/1252 403/403 402/402
f 398/398 1253/1253 1247/1247
f 1253/1253 398/398 403/403
f 1254/1254 274/274 1255/1255
f 274/274 1254/1254 279/279
f 277/277 1256/1256 276/276
f 1256/1256 277/277 1257/1257
f 1258/1258 276/276 1256/1256
f 276/276 1258/1258 275/275
f 1257/1257 278/278 1259/1259
f 278/278 1257/1257 277/277
f 1255/1255 275/275 1258/1258
f 275/275 1255/1255 274/274
f 1259/1259 1260/1260 1261/1261
f 1260/1260 1259/1259 278/278
f 414/414 410/410 413/413
f 410/410 414/414 382/382
f 1262/1262 384/384 412/412
f 384/384 1262/1262 1236/1236
f 215/215 1263/1263 214/214
f 1263/1263 215/215 1264/1264
f 1265/1265 214/214 1263/1263
f 214/214 1265/1265 744/744
f 1264/1264 286/286 1266/1266
f 286/286 1264/1264 215/215
f 1266/1266 962/962 1267/1267
f 962/962 1266/1266 286/286
f 451/451 463/463 450/450
f 463/463 451/451 444/444
f 462/462 439/439 433/433
f 439/439 462/462 438/438
f 434/434 1268/1268 1269/1269
f 1268/1268 434/434 443/443
f 1270/1270 455/455 1271/1271
f 455/455 1270/1270 446/446
f 446/446 454/454 455/455
f 454/454 446/446 447/447
f 442/442 434/434 435/435
f 434/434 442/442 443/443
f 436/436 442/442 435/435
f 442/442 436/436 441/441
f 454/454 448/448 453/453
f 448/448 454/454 447/447
f 433/433 440/440 437/437
f 440/440 433/433 439/439
f 452/452 444/444 451/451
f 444/444 452/452 449/449
f 440/440 436/436 437/437
f 436/436 440/440 441/441
f 448/448 452/452 453/453
f 452/452 448/448 449/449
f 432/432 1260/1260 278/278
f 1260/1260 432/432 428/428
f 1272/1272 274/274 279/279
f 274/274 1272/1272 431/431
f 431/431 275/275 274/274
f 275/275 431/431 429/429
f 275/275 430/430 276/276
f 430/430 275/275 429/429
f 277/277 432/432 278/278
f 432/432 277/277 427/427
f 430/430 277/277 276/276
f 277/277 430/430 427/427
f 462/462 1273/1273 1274/1274
f 1273/1273 462/462 433/433
f 434/434 1275/1275 1276/1276
f 1275/1275 434/434 1269/1269
f 435/435 1276/1276 1277/1277
f 1276/1276 435/435 434/434
f 436/436 1277/1277 1278/1278
f 1277/1277 436/436 435/435
f 437/437 1278/1278 1279/1279
f 1278/1278 437/437 436/436
f 433/433 1279/1279 1273/1273
f 1279/1279 433/433 437/437
f 439/439 1280/1280 1281/1281
f 1280/1280 439/439 438/438
f 440/440 1281/1281 1282/1282
f 1281/1281 440/440 439/439
f 441/441 1282/1282 1283/1283
f 1282/1282 441/441 440/440
f 442/442 1283/1283 1284/1284
f 1283/1283 442/442 441/441
f 443/443 1284/1284 1285/1285
f 1284/1284 443/443 442/442
f 1268/1268 1285/1285 1286/1286
f 1285/1285 1268/1268 443/443
f 463/463 1287/1287 1288/1288
f 1287/1287 463/463 444/444
f 446/446 1289/1289 1290/1290
f 1289/1289 446/446 1270/1270
f 447/447 1290/1290 1291/1291
f 1290/1290 447/447 446/446
f 448/448 1291/1291 1292/1292
f 1291/1291 448/448 447/447
f 449/449 1292/1292 1293/1293
f 1292/1292 449/449 448/448
f 444/444 1293/1293 1287/1287
f 1293/1293 444/444 449/449
f 451/451 1294/1294 1295/1295
f 1294/1294 451/451 450/450
f 452/452 1295/1295 1296/1296
f 1295/1295 452/452 451/451
f 453/453 1296/1296 1297/1297
f 1296/1296 453/453 452/452
f 454/454 1297/1297 1298/1298
f 1297/1297 454/454 453/453
f 455/455 1298/1298 1299/1299
f 1298/1298 455/455 454/454
f 1271/1271 1299/1299 1300/1300
f 1299/1299 1271/1271 455/455
f 459/459 466/466 465/465
f 466/466 459/459 460/460
f 464/464 467/467 468/468
f 467/467 464/464 458/458
f 456/456 465/465 466/466
f 465/465 456/456 457/457
f 445/445 468/468 467/467
f 468/468 445/445 461/461
f 1220/1220 469/469 470/470
f 469/469 1220/1220 358/358
f 470/470 469/469 471/471
f 930/930 343/343 472/472
f 343/343 345/345 472/472
f 267/267 266/266 475/475
f 475/475 266/266 264/264
f 473/473 340/340 474/474
f 340/340 473/473 344/344
f 477/477 251/251 1301/1301
f 251/251 477/477 271/271
f 478/478 248/248 480/480
f 248/248 478/478 250/250
f 477/477 1301/1301 481/481
f 476/476 478/478 480/480
f 224/224 480/480 265/265
f 480/480 248/248 265/265
f 750/750 271/271 477/477
f 479/479 476/476 1302/1302
f 476/476 479/479 478/478
f 1302/1302 476/476 225/225
f 482/482 747/747 1031/1031
f 477/477 747/747 482/482
f 477/477 226/226 747/747
f 750/750 477/477 482/482
f 369/369 1035/1035 484/484
f 1035/1035 369/369 368/368
f 368/368 483/483 1035/1035
f 483/483 368/368 367/367
f 920/920 484/484 485/485
f 484/484 920/920 369/369
f 567/567 595/595 539/539
f 540/540 595/595 538/538
f 595/595 540/540 549/549
f 539/539 595/595 549/549
f 540/540 1311/1311 1312/1312
f 1311/1311 540/540 538/538
f 542/542 1313/1313 1314/1314
f 1313/1313 542/542 550/550
f 1312/1312 545/545 540/540
f 545/545 1312/1312 1315/1315
f 542/542 543/543 541/541
f 543/543 542/542 544/544
f 1314/1314 544/544 542/542
f 544/544 1314/1314 1316/1316
f 545/545 549/549 540/540
f 569/569 541/541 543/543
f 541/541 567/567 539/539
f 567/567 541/541 569/569
f 551/551 559/559 569/569
f 559/559 551/551 546/546
f 551/551 569/569 543/543
f 1317/1317 544/544 1316/1316
f 544/544 1317/1317 552/552
f 548/548 551/551 552/552
f 551/551 548/548 547/547
f 544/544 551/551 543/543
f 551/551 544/544 552/552
f 546/546 547/547 565/565
f 547/547 546/546 551/551
f 545/545 539/539 549/549
f 539/539 545/545 550/550
f 1315/1315 550/550 545/545
f 550/550 1315/1315 1313/1313
f 550/550 541/541 539/539
f 541/541 550/550 542/542
f 552/552 1318/1318 548/548
f 1318/1318 552/552 1317/1317
f 565/565 1319/1319 1320/1320
f 1319/1319 565/565 547/547
f 548/548 1319/1319 547/547
f 1318/1318 1319/1319 548/548
f 1311/1311 537/537 1321/1321
f 537/537 1311/1311 538/538
f 538/538 564/564 537/537
f 564/564 538/538 595/595
f 1322/1322 566/566 536/536
f 1322/1322 1323/1323 568/568
f 553/553 566/566 570/570
f 568/568 570/570 566/566
f 553/553 536/536 566/566
f 536/536 553/553 574/574
f 1322/1322 536/536 1324/1324
f 1322/1322 568/568 566/566
f 554/554 553/553 570/570
f 555/555 553/553 554/554
f 553/553 555/555 578/578
f 571/571 568/568 1323/1323
f 1323/1323 1325/1325 571/571
f 554/554 557/557 555/555
f 557/557 554/554 556/556
f 556/556 558/558 557/557
f 571/571 570/570 568/568
f 571/571 1326/1326 560/560
f 1326/1326 571/571 1325/1325
f 570/570 560/560 561/561
f 560/560 570/570 571/571
f 560/560 562/562 563/563
f 562/562 560/560 1326/1326
f 561/561 563/563 558/558
f 563/563 561/561 560/560
f 562/562 587/587 563/563
f 563/563 573/573 558/558
f 556/556 570/570 561/561
f 570/570 556/556 554/554
f 561/561 558/558 556/556
f 558/558 573/573 572/572
f 558/558 572/572 557/557
f 1327/1327 537/537 575/575
f 537/537 1327/1327 1321/1321
f 575/575 564/564 576/576
f 564/564 575/575 537/537
f 576/576 1328/1328 1329/1329
f 1328/1328 576/576 564/564
f 1330/1330 575/575 579/579
f 575/575 1330/1330 1327/1327
f 579/579 576/576 580/580
f 576/576 579/579 575/575
f 580/580 1329/1329 1331/1331
f 1329/1329 580/580 576/576
f 585/585 1330/1330 579/579
f 1330/1330 585/585 1332/1332
f 582/582 579/579 580/580
f 579/579 582/582 586/586
f 1331/1331 582/582 580/580
f 1332/1332 584/584 48/48
f 586/586 582/582 581/581
f 574/574 553/553 578/578
f 563/563 587/587 573/573
f 592/592 597/597 601/601
f 600/600 599/599 596/596
f 594/594 599/599 600/600
f 599/599 594/594 598/598
f 593/593 598/598 594/594
f 601/601 597/597 602/602
f 602/602 598/598 593/593
f 598/598 602/602 597/597
f 610/610 612/612 611/611
f 603/603 605/605 604/604
f 605/605 612/612 604/604
f 612/612 605/605 611/611
f 603/603 604/604 614/614
f 613/613 608/608 615/615
f 608/608 613/613 607/607
f 614/614 608/608 607/607
f 608/608 614/614 604/604
f 606/606 615/615 616/616
f 615/615 606/606 613/613
f 606/606 616/616 609/609
f 617/617 619/619 618/618
f 619/619 621/621 650/650
f 650/650 620/620 619/619
f 623/623 620/620 622/622
f 624/624 625/625 618/618
f 624/624 618/618 619/619
f 619/619 626/626 624/624
f 629/629 628/628 627/627
f 626/626 643/643 631/631
f 631/631 630/630 626/626
f 629/629 632/632 628/628
f 633/633 630/630 631/631
f 624/624 626/626 634/634
f 635/635 623/623 627/627
f 627/627 628/628 635/635
f 626/626 620/620 635/635
f 620/620 626/626 619/619
f 620/620 623/623 635/635
f 634/634 626/626 630/630
f 635/635 628/628 643/643
f 626/626 635/635 643/643
f 625/625 624/624 638/638
f 636/636 628/628 632/632
f 637/637 630/630 633/633
f 639/639 625/625 638/638
f 642/642 641/641 640/640
f 628/628 636/636 644/644
f 644/644 643/643 628/628
f 645/645 642/642 640/640
f 640/640 617/617 645/645
f 645/645 617/617 618/618
f 646/646 639/639 638/638
f 639/639 646/646 649/649
f 647/647 646/646 638/638
f 646/646 648/648 649/649
f 647/647 648/648 646/646
f 622/622 620/620 650/650
f 633/633 651/651 654/654
f 651/651 653/653 654/654
f 633/633 654/654 637/637
f 654/654 653/653 652/652
f 637/637 654/654 652/652
f 632/632 655/655 658/658
f 655/655 657/657 658/658
f 632/632 658/658 636/636
f 658/658 657/657 656/656
f 636/636 658/658 656/656
f 659/659 664/664 663/663
f 664/664 659/659 660/660
f 660/660 666/666 664/664
f 666/666 660/660 662/662
f 662/662 665/665 666/666
f 665/665 662/662 661/661
f 661/661 663/663 665/665
f 663/663 661/661 659/659
f 663/663 667/667 665/665
f 665/665 667/667 666/666
f 666/666 668/668 664/664
f 664/664 668/668 663/663
f 663/663 670/670 667/667
f 670/670 663/663 669/669
f 667/667 671/671 666/666
f 671/671 667/667 670/670
f 666/666 672/672 668/668
f 672/672 666/666 671/671
f 668/668 669/669 663/663
f 669/669 668/668 672/672
f 671/671 677/677 672/672
f 672/672 677/677 669/669
f 674/674 669/669 673/673
f 669/669 674/674 670/670
f 671/671 674/674 675/675
f 674/674 671/671 670/670
f 676/676 671/671 675/675
f 671/671 676/676 677/677
f 669/669 676/676 673/673
f 676/676 669/669 677/677
f 673/673 678/678 674/674
f 674/674 678/678 675/675
f 675/675 679/679 676/676
f 676/676 679/679 673/673
f 678/678 681/681 682/682
f 681/681 678/678 673/673
f 675/675 682/682 683/683
f 682/682 675/675 678/678
f 679/679 683/683 684/684
f 683/683 679/679 675/675
f 679/679 681/681 673/673
f 681/681 679/679 684/684
f 682/682 681/681 680/680
f 683/683 682/682 680/680
f 684/684 683/683 680/680
f 681/681 684/684 680/680
f 685/685 694/694 822/822
f 694/694 715/715 687/687
f 694/694 687/687 822/822
f 686/686 820/820 819/819
f 715/715 694/694 706/706
f 1333/1333 696/696 695/695
f 690/690 691/691 697/697
f 697/697 698/698 690/690
f 691/691 688/688 697/697
f 696/696 697/697 688/688
f 695/695 696/696 688/688
f 698/698 697/697 693/693
f 693/693 692/692 698/698
f 693/693 696/696 1334/1334
f 1333/1333 1334/1334 696/696
f 695/695 722/722 704/704
f 705/705 822/822 719/719
f 1335/1335 700/700 701/701
f 821/821 699/699 701/701
f 699/699 689/689 701/701
f 702/702 1336/1336 1337/1337
f 1337/1337 703/703 702/702
f 703/703 1337/1337 686/686
f 686/686 700/700 703/703
f 819/819 821/821 700/700
f 821/821 701/701 700/700
f 1335/1335 1338/1338 703/703
f 703/703 700/700 1335/1335
f 1338/1338 1339/1339 702/702
f 702/702 703/703 1338/1338
f 686/686 819/819 700/700
f 719/719 822/822 687/687
f 1336/1336 702/702 1340/1340
f 1335/1335 701/701 689/689
f 1340/1340 1341/1341 1336/1336
f 693/693 697/697 696/696
f 711/711 724/724 712/712
f 724/724 711/711 718/718
f 821/821 716/716 699/699
f 821/821 822/822 705/705
f 695/695 818/818 1333/1333
f 695/695 1342/1342 818/818
f 695/695 725/725 1343/1343
f 725/725 695/695 704/704
f 688/688 722/722 695/695
f 722/722 688/688 1344/1344
f 1345/1345 1346/1346 707/707
f 707/707 708/708 1345/1345
f 1347/1347 722/722 1344/1344
f 722/722 1347/1347 723/723
f 1348/1348 707/707 1349/1349
f 707/707 1348/1348 708/708
f 1350/1350 723/723 1347/1347
f 723/723 1350/1350 1351/1351
f 713/713 721/721 727/727
f 721/721 713/713 714/714
f 726/726 704/704 709/709
f 704/704 726/726 725/725
f 1352/1352 709/709 1353/1353
f 709/709 1352/1352 726/726
f 694/694 685/685 706/706
f 1354/1354 706/706 685/685
f 695/695 1343/1343 1342/1342
f 716/716 1355/1355 699/699
f 1355/1355 716/716 717/717
f 717/717 711/711 1355/1355
f 711/711 717/717 718/718
f 705/705 720/720 710/710
f 720/720 705/705 719/719
f 710/710 721/721 714/714
f 721/721 710/710 720/720
f 1356/1356 1357/1357 1358/1358
f 1357/1357 1356/1356 1359/1359
f 1360/1360 1357/1357 1361/1361
f 1357/1357 1360/1360 1358/1358
f 1362/1362 1363/1363 1364/1364
f 1363/1363 1362/1362 1365/1365
f 1366/1366 1363/1363 1367/1367
f 1363/1363 1366/1366 1364/1364
f 1368/1368 1369/1369 1370/1370
f 1369/1369 1368/1368 1371/1371
f 1369/1369 1372/1372 1373/1373
f 1372/1372 1369/1369 1371/1371
f 736/736 705/705 733/733
f 705/705 736/736 716/716
f 737/737 733/733 735/735
f 733/733 737/737 736/736
f 731/731 715/715 730/730
f 715/715 731/731 687/687
f 731/731 719/719 687/687
f 719/719 731/731 738/738
f 728/728 730/730 729/729
f 730/730 728/728 731/731
f 728/728 738/738 731/731
f 738/738 728/728 739/739
f 704/704 740/740 732/732
f 740/740 704/704 722/722
f 732/732 741/741 734/734
f 741/741 732/732 740/740
f 1374/1374 737/737 735/735
f 737/737 1374/1374 1375/1375
f 725/725 1376/1376 1343/1343
f 1376/1376 725/725 742/742
f 742/742 1377/1377 1376/1376
f 1377/1377 742/742 743/743
f 1378/1378 728/728 1379/1379
f 728/728 1378/1378 739/739
f 1380/1380 1381/1381 1382/1382
f 1381/1381 1380/1380 1383/1383
f 1381/1381 1384/1384 1385/1385
f 1384/1384 1381/1381 1383/1383
f 1386/1386 1387/1387 1388/1388
f 1387/1387 1386/1386 1389/1389
f 1387/1387 1390/1390 1391/1391
f 1390/1390 1387/1387 1389/1389
f 1392/1392 1393/1393 1394/1394
f 1393/1393 1392/1392 1395/1395
f 1372/1372 1393/1393 1373/1373
f 1393/1393 1372/1372 1394/1394
f 716/716 821/821 705/705
f 931/931 934/934 764/764
f 934/934 931/931 932/932
f 1396/1396 1397/1397 764/764
f 763/763 1398/1398 762/762
f 1399/1399 960/960 1400/1400
f 960/960 1399/1399 933/933
f 935/935 776/776 936/936
f 776/776 935/935 765/765
f 1401/1401 937/937 766/766
f 937/937 1401/1401 1402/1402
f 939/939 767/767 774/774
f 767/767 939/939 938/938
f 768/768 939/939 774/774
f 939/939 768/768 940/940
f 938/938 776/776 767/767
f 776/776 938/938 936/936
f 949/949 945/945 950/950
f 945/945 949/949 946/946
f 975/975 964/964 974/974
f 964/964 975/975 965/965
f 777/777 957/957 779/779
f 957/957 777/777 958/958
f 972/972 1403/1403 973/973
f 1403/1403 972/972 1404/1404
f 1405/1405 766/766 783/783
f 781/781 956/956 955/955
f 956/956 781/781 778/778
f 781/781 774/774 778/778
f 768/768 783/783 766/766
f 972/972 967/967 966/966
f 967/967 972/972 973/973
f 768/768 774/774 781/781
f 970/970 967/967 971/971
f 967/967 970/970 966/966
f 974/974 968/968 975/975
f 968/968 974/974 969/969
f 956/956 779/779 957/957
f 779/779 956/956 778/778
f 780/780 777/777 779/779
f 1401/1401 766/766 1405/1405
f 778/778 774/774 767/767
f 767/767 780/780 778/778
f 777/777 780/780 765/765
f 780/780 767/767 776/776
f 778/778 780/780 779/779
f 765/765 780/780 776/776
f 968/968 970/970 971/971
f 970/970 968/968 969/969
f 781/781 782/782 768/768
f 783/783 768/768 782/782
f 1406/1406 783/783 953/953
f 783/783 1406/1406 1405/1405
f 782/782 953/953 783/783
f 953/953 782/782 954/954
f 762/762 1407/1407 803/803
f 1407/1407 762/762 1408/1408
f 787/787 1409/1409 809/809
f 785/785 792/792 806/806
f 795/795 794/794 793/793
f 789/789 793/793 794/794
f 1410/1410 788/788 1411/1411
f 796/796 1411/1411 788/788
f 1410/1410 1027/1027 788/788
f 1027/1027 1410/1410 1028/1028
f 764/764 1030/1030 1026/1026
f 1030/1030 764/764 1412/1412
f 1409/1409 1413/1413 1032/1032
f 788/788 786/786 790/790
f 800/800 797/797 792/792
f 784/784 792/792 797/797
f 792/792 791/791 800/800
f 808/808 790/790 784/784
f 790/790 803/803 802/802
f 803/803 790/790 786/786
f 791/791 792/792 785/785
f 794/794 785/785 787/787
f 791/791 785/785 794/794
f 784/784 802/802 1024/1024
f 802/802 784/784 790/790
f 1407/1407 802/802 803/803
f 802/802 1407/1407 1414/1414
f 807/807 787/787 785/785
f 1415/1415 807/807 1416/1416
f 787/787 807/807 1415/1415
f 808/808 798/798 796/796
f 795/795 791/791 794/794
f 808/808 797/797 798/798
f 801/801 798/798 797/797
f 791/791 795/795 799/799
f 797/797 800/800 801/801
f 799/799 801/801 800/800
f 800/800 791/791 799/799
f 1414/1414 1417/1417 804/804
f 792/792 784/784 806/806
f 785/785 806/806 807/807
f 1411/1411 754/754 755/755
f 754/754 1411/1411 796/796
f 795/795 1418/1418 756/756
f 1418/1418 795/795 793/793
f 798/798 757/757 754/754
f 754/754 796/796 798/798
f 798/798 801/801 757/757
f 758/758 757/757 801/801
f 799/799 756/756 759/759
f 756/756 799/799 795/795
f 801/801 759/759 758/758
f 801/801 799/799 759/759
f 804/804 802/802 1414/1414
f 784/784 1024/1024 805/805
f 806/806 784/784 805/805
f 804/804 1419/1419 760/760
f 1419/1419 804/804 1417/1417
f 807/807 806/806 761/761
f 760/760 805/805 804/804
f 806/806 760/760 761/761
f 760/760 806/806 805/805
f 807/807 761/761 1420/1420
f 1420/1420 1416/1416 807/807
f 790/790 808/808 796/796
f 784/784 797/797 808/808
f 789/789 794/794 809/809
f 787/787 809/809 794/794
f 787/787 1415/1415 1409/1409
f 760/760 811/811 810/810
f 810/810 761/761 760/760
f 1420/1420 761/761 810/810
f 810/810 1421/1421 1420/1420
f 811/811 760/760 1422/1422
f 1419/1419 1422/1422 760/760
f 796/796 788/788 790/790
f 763/763 1029/1029 1025/1025
f 1029/1029 763/763 762/762
f 781/781 954/954 782/782
f 954/954 781/781 955/955
f 770/770 1423/1423 1424/1424
f 1423/1423 770/770 769/769
f 771/771 1425/1425 1426/1426
f 1425/1425 771/771 773/773
f 773/773 1427/1427 1425/1425
f 1427/1427 773/773 775/775
f 775/775 1428/1428 1427/1427
f 1428/1428 775/775 772/772
f 1429/1429 1426/1426 1430/1430
f 1426/1426 1429/1429 771/771
f 772/772 1424/1424 1428/1428
f 1424/1424 772/772 770/770
f 829/829 824/824 826/826
f 829/829 753/753 824/824
f 753/753 829/829 828/828
f 1431/1431 826/826 824/824
f 826/826 1431/1431 1432/1432
f 753/753 827/827 752/752
f 827/827 753/753 828/828
f 752/752 827/827 825/825
f 1433/1433 825/825 1434/1434
f 825/825 1433/1433 752/752
f 1435/1435 878/878 1436/1436
f 1437/1437 1438/1438 1439/1439
f 834/834 835/835 836/836
f 839/839 840/840 838/838
f 837/837 841/841 842/842
f 834/834 843/843 844/844
f 846/846 847/847 848/848
f 846/846 1437/1437 847/847
f 834/834 844/844 849/849
f 843/843 1440/1440 844/844
f 1440/1440 843/843 878/878
f 834/834 836/836 843/843
f 847/847 1439/1439 842/842
f 845/845 839/839 838/838
f 848/848 847/847 841/841
f 842/842 841/841 847/847
f 835/835 834/834 845/845
f 845/845 849/849 839/839
f 842/842 1439/1439 1441/1441
f 1439/1439 847/847 1437/1437
f 1436/1436 843/843 836/836
f 878/878 843/843 1436/1436
f 835/835 826/826 1432/1432
f 1432/1432 1442/1442 835/835
f 838/838 827/827 828/828
f 827/827 838/838 837/837
f 837/837 825/825 827/827
f 825/825 837/837 842/842
f 845/845 828/828 829/829
f 828/828 845/845 838/838
f 835/835 845/845 826/826
f 829/829 826/826 845/845
f 842/842 1441/1441 825/825
f 1434/1434 825/825 1441/1441
f 841/841 837/837 840/840
f 837/837 838/838 840/840
f 1436/1436 836/836 1442/1442
f 835/835 1442/1442 836/836
f 834/834 849/849 845/845
f 848/848 841/841 856/856
f 872/872 856/856 841/841
f 844/844 876/876 875/875
f 874/874 873/873 839/839
f 872/872 840/840 860/860
f 840/840 872/872 841/841
f 1443/1443 863/863 857/857
f 856/856 1443/1443 848/848
f 873/873 864/864 860/860
f 858/858 859/859 875/875
f 874/874 875/875 859/859
f 863/863 856/856 862/862
f 872/872 862/862 856/856
f 872/872 860/860 862/862
f 864/864 862/862 860/860
f 864/864 873/873 861/861
f 863/863 1443/1443 856/856
f 859/859 869/869 861/861
f 868/868 861/861 869/869
f 862/862 865/865 863/863
f 867/867 863/863 865/865
f 862/862 864/864 865/865
f 866/866 865/865 864/864
f 853/853 871/871 850/850
f 867/867 850/850 871/871
f 858/858 1444/1444 870/870
f 1445/1445 870/870 1444/1444
f 869/869 859/859 870/870
f 858/858 870/870 859/859
f 864/864 861/861 866/866
f 852/852 854/854 868/868
f 866/866 868/868 854/854
f 861/861 868/868 866/866
f 867/867 857/857 863/863
f 865/865 866/866 854/854
f 854/854 877/877 865/865
f 857/857 867/867 871/871
f 850/850 867/867 865/865
f 868/868 855/855 852/852
f 855/855 868/868 869/869
f 870/870 855/855 869/869
f 855/855 870/870 851/851
f 1445/1445 851/851 870/870
f 851/851 1445/1445 1446/1446
f 861/861 873/873 859/859
f 840/840 839/839 860/860
f 858/858 876/876 1444/1444
f 873/873 874/874 859/859
f 839/839 873/873 860/860
f 849/849 844/844 874/874
f 849/849 874/874 839/839
f 875/875 876/876 858/858
f 875/875 874/874 844/844
f 846/846 848/848 1443/1443
f 844/844 1440/1440 876/876
f 877/877 850/850 865/865
f 882/882 884/884 881/881
f 1447/1447 1021/1021 1448/1448
f 880/880 1023/1023 1022/1022
f 879/879 881/881 883/883
f 883/883 881/881 884/884
f 1449/1449 1019/1019 1450/1450
f 885/885 886/886 893/893
f 1020/1020 906/906 1018/1018
f 1451/1451 890/890 887/887
f 905/905 888/888 925/925
f 888/888 905/905 902/902
f 896/896 891/891 926/926
f 901/901 889/889 904/904
f 899/899 897/897 900/900
f 898/898 1018/1018 888/888
f 901/901 907/907 928/928
f 906/906 888/888 1018/1018
f 891/891 896/896 885/885
f 906/906 1020/1020 886/886
f 896/896 886/886 885/885
f 891/891 887/887 926/926
f 890/890 903/903 887/887
f 1451/1451 1452/1452 890/890
f 898/898 902/902 1453/1453
f 902/902 889/889 1453/1453
f 905/905 889/889 902/902
f 904/904 892/892 901/901
f 899/899 901/901 892/892
f 925/925 896/896 926/926
f 896/896 906/906 886/886
f 927/927 893/893 886/886
f 893/893 927/927 1454/1454
f 1455/1455 897/897 1456/1456
f 911/911 904/904 905/905
f 898/898 888/888 902/902
f 1449/1449 1457/1457 1019/1019
f 904/904 889/889 905/905
f 901/901 928/928 889/889
f 908/908 900/900 909/909
f 900/900 908/908 899/899
f 907/907 899/899 908/908
f 899/899 907/907 901/901
f 892/892 897/897 899/899
f 1455/1455 900/900 897/897
f 905/905 925/925 926/926
f 910/910 897/897 892/892
f 892/892 911/911 910/910
f 904/904 911/911 892/892
f 894/894 897/897 910/910
f 894/894 910/910 890/890
f 903/903 911/911 905/905
f 910/910 903/903 890/890
f 903/903 910/910 911/911
f 1458/1458 885/885 1459/1459
f 1460/1460 885/885 893/893
f 1461/1461 1462/1462 909/909
f 1460/1460 893/893 1454/1454
f 1459/1459 885/885 1460/1460
f 891/891 885/885 1458/1458
f 1461/1461 900/900 1455/1455
f 1456/1456 894/894 1452/1452
f 1452/1452 894/894 890/890
f 927/927 1457/1457 1454/1454
f 909/909 900/900 1461/1461
f 1463/1463 887/887 1464/1464
f 887/887 1463/1463 1451/1451
f 1458/1458 1464/1464 891/891
f 887/887 891/891 1464/1464
f 923/923 898/898 1453/1453
f 921/921 924/924 922/922
f 1465/1465 1466/1466 1467/1467
f 1468/1468 1465/1465 1469/1469
f 1470/1470 1465/1465 1471/1471
f 1465/1465 1467/1467 1469/1469
f 921/921 923/923 924/924
f 923/923 1453/1453 924/924
f 1471/1471 1465/1465 1468/1468
f 1450/1450 898/898 1472/1472
f 1473/1473 1449/1449 1450/1450
f 925/925 906/906 896/896
f 925/925 888/888 906/906
f 905/905 926/926 903/903
f 926/926 887/887 903/903
f 927/927 1019/1019 1457/1457
f 1020/1020 927/927 886/886
f 889/889 928/928 1453/1453
f 927/927 1020/1020 1019/1019
f 897/897 894/894 1456/1456
f 932/932 931/931 959/959
f 1474/1474 931/931 1397/1397
f 931/931 1474/1474 963/963
f 933/933 1475/1475 1476/1476
f 933/933 1399/1399 762/762
f 764/764 934/934 1412/1412
f 764/764 1397/1397 931/931
f 1475/1475 762/762 1398/1398
f 762/762 1475/1475 933/933
f 762/762 1399/1399 1408/1408
f 942/942 948/948 947/947
f 948/948 942/942 941/941
f 1477/1477 946/946 949/949
f 946/946 1477/1477 1478/1478
f 944/944 952/952 951/951
f 952/952 944/944 943/943
f 950/950 944/944 951/951
f 944/944 950/950 945/945
f 943/943 947/947 952/952
f 947/947 943/943 942/942
f 940/940 766/766 937/937
f 766/766 940/940 768/768
f 942/942 1479/1479 941/941
f 1479/1479 942/942 1480/1480
f 943/943 1480/1480 942/942
f 1480/1480 943/943 1481/1481
f 944/944 1481/1481 943/943
f 1481/1481 944/944 1482/1482
f 945/945 1482/1482 944/944
f 1482/1482 945/945 1483/1483
f 946/946 1483/1483 945/945
f 1483/1483 946/946 1484/1484
f 1478/1478 1484/1484 946/946
f 1484/1484 1478/1478 1485/1485
f 948/948 1486/1486 947/947
f 1486/1486 948/948 1487/1487
f 949/949 1488/1488 1477/1477
f 1488/1488 949/949 1489/1489
f 950/950 1489/1489 949/949
f 1489/1489 950/950 1490/1490
f 951/951 1490/1490 950/950
f 1490/1490 951/951 1491/1491
f 952/952 1491/1491 951/951
f 1491/1491 952/952 1492/1492
f 947/947 1492/1492 952/952
f 1492/1492 947/947 1486/1486
f 1493/1493 812/812 817/817
f 812/812 1493/1493 1494/1494
f 815/815 1495/1495 1496/1496
f 1495/1495 815/815 814/814
f 1497/1497 814/814 813/813
f 814/814 1497/1497 1495/1495
f 1496/1496 816/816 815/815
f 816/816 1496/1496 1498/1498
f 1494/1494 813/813 812/812
f 813/813 1494/1494 1497/1497
f 1498/1498 1499/1499 816/816
f 1499/1499 1498/1498 1500/1500
f 963/963 959/959 931/931
f 959/959 963/963 961/961
f 1501/1501 933/933 1476/1476
f 933/933 1501/1501 960/960
f 753/753 1502/1502 1503/1503
f 1502/1502 753/753 752/752
f 1504/1504 752/752 1433/1433
f 752/752 1504/1504 1502/1502
f 1503/1503 824/824 753/753
f 824/824 1503/1503 1505/1505
f 1505/1505 1431/1431 824/824
f 1431/1431 1505/1505 1506/1506
f 1000/1000 1012/1012 993/993
f 1012/1012 1000/1000 999/999
f 1011/1011 988/988 987/987
f 988/988 1011/1011 982/982
f 983/983 1507/1507 992/992
f 1507/1507 983/983 1508/1508
f 1509/1509 1004/1004 995/995
f 1004/1004 1509/1509 1510/1510
f 995/995 1003/1003 996/996
f 1003/1003 995/995 1004/1004
f 991/991 983/983 992/992
f 983/983 991/991 984/984
f 985/985 991/991 990/990
f 991/991 985/985 984/984
f 1003/1003 997/997 996/996
f 997/997 1003/1003 1002/1002
f 982/982 989/989 988/988
f 989/989 982/982 986/986
f 1001/1001 993/993 998/998
f 993/993 1001/1001 1000/1000
f 989/989 985/985 990/990
f 985/985 989/989 986/986
f 997/997 1001/1001 998/998
f 1001/1001 997/997 1002/1002
f 981/981 1499/1499 977/977
f 1499/1499 981/981 816/816
f 1511/1511 812/812 980/980
f 812/812 1511/1511 817/817
f 980/980 813/813 978/978
f 813/813 980/980 812/812
f 813/813 979/979 978/978
f 979/979 813/813 814/814
f 815/815 981/981 976/976
f 981/981 815/815 816/816
f 979/979 815/815 976/976
f 815/815 979/979 814/814
f 1011/1011 1512/1512 982/982
f 1512/1512 1011/1011 1513/1513
f 983/983 1514/1514 1508/1508
f 1514/1514 983/983 1515/1515
f 984/984 1515/1515 983/983
f 1515/1515 984/984 1516/1516
f 985/985 1516/1516 984/984
f 1516/1516 985/985 1517/1517
f 986/986 1517/1517 985/985
f 1517/1517 986/986 1518/1518
f 982/982 1518/1518 986/986
f 1518/1518 982/982 1512/1512
f 988/988 1519/1519 987/987
f 1519/1519 988/988 1520/1520
f 989/989 1520/1520 988/988
f 1520/1520 989/989 1521/1521
f 990/990 1521/1521 989/989
f 1521/1521 990/990 1522/1522
f 991/991 1522/1522 990/990
f 1522/1522 991/991 1523/1523
f 992/992 1523/1523 991/991
f 1523/1523 992/992 1524/1524
f 1507/1507 1524/1524 992/992
f 1524/1524 1507/1507 1525/1525
f 1012/1012 1526/1526 993/993
f 1526/1526 1012/1012 1527/1527
f 995/995 1528/1528 1509/1509
f 1528/1528 995/995 1529/1529
f 996/996 1529/1529 995/995
f 1529/1529 996/996 1530/1530
f 997/997 1530/1530 996/996
f 1530/1530 997/997 1531/1531
f 998/998 1531/1531 997/997
f 1531/1531 998/998 1532/1532
f 993/993 1532/1532 998/998
f 1532/1532 993/993 1526/1526
f 1000/1000 1533/1533 999/999
f 1533/1533 1000/1000 1534/1534
f 1001/1001 1534/1534 1000/1000
f 1534/1534 1001/1001 1535/1535
f 1002/1002 1535/1535 1001/1001
f 1535/1535 1002/1002 1536/1536
f 1003/1003 1536/1536 1002/1002
f 1536/1536 1003/1003 1537/1537
f 1004/1004 1537/1537 1003/1003
f 1537/1537 1004/1004 1538/1538
f 1510/1510 1538/1538 1004/1004
f 1538/1538 1510/1510 1539/1539
f 1008/1008 1015/1015 1009/1009
f 1015/1015 1008/1008 1014/1014
f 1013/1013 1016/1016 1007/1007
f 1016/1016 1013/1013 1017/1017
f 1005/1005 1014/1014 1006/1006
f 1014/1014 1005/1005 1015/1015
f 994/994 1017/1017 1010/1010
f 1017/1017 994/994 1016/1016
f 1450/1450 1018/1018 898/898
f 1018/1018 1450/1450 1019/1019
f 1019/1019 1020/1020 1018/1018
f 1448/1448 1021/1021 882/882
f 882/882 1021/1021 884/884
f 805/805 1024/1024 804/804
f 1024/1024 802/802 804/804
f 1022/1022 879/879 883/883
f 879/879 1022/1022 1023/1023
f 1026/1026 789/789 809/809
f 789/789 1026/1026 1540/1540
f 1027/1027 786/786 788/788
f 786/786 1027/1027 1029/1029
f 1026/1026 1030/1030 1540/1540
f 1025/1025 1029/1029 1027/1027
f 762/762 803/803 1029/1029
f 1029/1029 803/803 786/786
f 1409/1409 1026/1026 809/809
f 1028/1028 1025/1025 1027/1027
f 1025/1025 1028/1028 1541/1541
f 1541/1541 763/763 1025/1025
f 1026/1026 1396/1396 764/764
f 1396/1396 1032/1032 1413/1413
f 1026/1026 1032/1032 1396/1396
f 1409/1409 1032/1032 1026/1026
f 909/909 1037/1037 908/908
f 1037/1037 909/909 1034/1034
f 908/908 1033/1033 907/907
f 1033/1033 908/908 1037/1037
f 1462/1462 1034/1034 909/909
f 1034/1034 1462/1462 1542/1542
f 583/583 1543/1543 49/49
f 1332/1332 585/585 584/584
f 619/619 617/617 621/621
f 88/88 84/84 86/86
f 1078/1078 1051/1051 1052/1052
f 1052/1052 1050/1050 1078/1078
f 1053/1053 1054/1054 1044/1044
f 1058/1058 1054/1054 1057/1057
f 1053/1053 1057/1057 1054/1054
f 1060/1060 1079/1079 1081/1081
f 1079/1079 1060/1060 1061/1061
f 1050/1050 1043/1043 1045/1045
f 1076/1076 1050/1050 1052/1052
f 1053/1053 1052/1052 1059/1059
f 1076/1076 1053/1053 1041/1041
f 1044/1044 1079/1079 1080/1080
f 1079/1079 1044/1044 1054/1054
f 1064/1064 1061/1061 1063/1063
f 1065/1065 1048/1048 1062/1062
f 1048/1048 1065/1065 1046/1046
f 1062/1062 1066/1066 1065/1065
f 1075/1075 1064/1064 1063/1063
f 1077/1077 1064/1064 1062/1062
f 1064/1064 1077/1077 1042/1042
f 1064/1064 1040/1040 1061/1061
f 1068/1068 1069/1069 1067/1067
f 1069/1069 1070/1070 1067/1067
f 1067/1067 1070/1070 1071/1071
f 1072/1072 1071/1071 1070/1070
f 1064/1064 1066/1066 1062/1062
f 1047/1047 1056/1056 1049/1049
f 1078/1078 1050/1050 1062/1062
f 1074/1074 1053/1053 1544/1544
f 1050/1050 1045/1045 1039/1039
f 1077/1077 1062/1062 1050/1050
f 1046/1046 1545/1545 1073/1073
f 1073/1073 1047/1047 1046/1046
f 1065/1065 1546/1546 1046/1046
f 1545/1545 1046/1046 1546/1546
f 1066/1066 1547/1547 1546/1546
f 1546/1546 1065/1065 1066/1066
f 1075/1075 1547/1547 1064/1064
f 1055/1055 1548/1548 1059/1059
f 1544/1544 1059/1059 1548/1548
f 1056/1056 1549/1549 1548/1548
f 1548/1548 1055/1055 1056/1056
f 1047/1047 1073/1073 1056/1056
f 1549/1549 1056/1056 1073/1073
f 1550/1550 1069/1069 1068/1068
f 1551/1551 1552/1552 1553/1553
f 1554/1554 1553/1553 1552/1552
f 1063/1063 1061/1061 1060/1060
f 1552/1552 1551/1551 1555/1555
f 1551/1551 1556/1556 1555/1555
f 1556/1556 1551/1551 1557/1557
f 1040/1040 1064/1064 1042/1042
f 1044/1044 1041/1041 1053/1053
f 1076/1076 1052/1052 1053/1053
f 1072/1072 1553/1553 1071/1071
f 1554/1554 1071/1071 1553/1553
f 1053/1053 1074/1074 1057/1057
f 1052/1052 1055/1055 1059/1059
f 1051/1051 1055/1055 1052/1052
f 1043/1043 1076/1076 1041/1041
f 1043/1043 1050/1050 1076/1076
f 1039/1039 1077/1077 1050/1050
f 1077/1077 1039/1039 1042/1042
f 1048/1048 1078/1078 1062/1062
f 1049/1049 1051/1051 1078/1078
f 1049/1049 1056/1056 1051/1051
f 1055/1055 1051/1051 1056/1056
f 1047/1047 1048/1048 1046/1046
f 1048/1048 1047/1047 1049/1049
f 1547/1547 1066/1066 1064/1064
f 1053/1053 1059/1059 1544/1544
f 1049/1049 1078/1078 1048/1048
f 1081/1081 1054/1054 1058/1058
f 1054/1054 1081/1081 1079/1079
f 1080/1080 1061/1061 1040/1040
f 1061/1061 1080/1080 1079/1079
f 1121/1121 1095/1095 1094/1094
f 1095/1095 1121/1121 1093/1093
f 1096/1096 1087/1087 1097/1097
f 1101/1101 1100/1100 1097/1097
f 1096/1096 1097/1097 1100/1100
f 1103/1103 1122/1122 1104/1104
f 1122/1122 1103/1103 1124/1124
f 1093/1093 1088/1088 1086/1086
f 1119/1119 1095/1095 1093/1093
f 1096/1096 1102/1102 1095/1095
f 1119/1119 1084/1084 1096/1096
f 1087/1087 1122/1122 1097/1097
f 1122/1122 1087/1087 1123/1123
f 1107/1107 1106/1106 1104/1104
f 1108/1108 1105/1105 1091/1091
f 1091/1091 1089/1089 1108/1108
f 1105/1105 1108/1108 1109/1109
f 1118/1118 1106/1106 1107/1107
f 1120/1120 1105/1105 1107/1107
f 1107/1107 1085/1085 1120/1120
f 1107/1107 1104/1104 1083/1083
f 1111/1111 1110/1110 1112/1112
f 1112/1112 1110/1110 1113/1113
f 1110/1110 1114/1114 1113/1113
f 1115/1115 1113/1113 1114/1114
f 1107/1107 1105/1105 1109/1109
f 1090/1090 1092/1092 1099/1099
f 1121/1121 1105/1105 1093/1093
f 1117/1117 1558/1558 1096/1096
f 1093/1093 1082/1082 1088/1088
f 1120/1120 1093/1093 1105/1105
f 1089/1089 1116/1116 1559/1559
f 1116/1116 1089/1089 1090/1090
f 1108/1108 1089/1089 1560/1560
f 1559/1559 1560/1560 1089/1089
f 1109/1109 1560/1560 1561/1561
f 1560/1560 1109/1109 1108/1108
f 1118/1118 1107/1107 1561/1561
f 1098/1098 1102/1102 1562/1562
f 1558/1558 1562/1562 1102/1102
f 1099/1099 1562/1562 1563/1563
f 1562/1562 1099/1099 1098/1098
f 1090/1090 1099/1099 1116/1116
f 1563/1563 1116/1116 1099/1099
f 1564/1564 1111/1111 1112/1112
f 1565/1565 1566/1566 1567/1567
f 1568/1568 1567/1567 1566/1566
f 1106/1106 1103/1103 1104/1104
f 1567/1567 1569/1569 1565/1565
f 1565/1565 1570/1570 1571/1571
f 1570/1570 1565/1565 1569/1569
f 1083/1083 1085/1085 1107/1107
f 1087/1087 1096/1096 1084/1084
f 1119/1119 1096/1096 1095/1095
f 1115/1115 1114/1114 1566/1566
f 1568/1568 1566/1566 1114/1114
f 1096/1096 1100/1100 1117/1117
f 1095/1095 1102/1102 1098/1098
f 1094/1094 1095/1095 1098/1098
f 1086/1086 1084/1084 1119/1119
f 1086/1086 1119/1119 1093/1093
f 1082/1082 1093/1093 1120/1120
f 1120/1120 1085/1085 1082/1082
f 1091/1091 1105/1105 1121/1121
f 1092/1092 1121/1121 1094/1094
f 1092/1092 1094/1094 1099/1099
f 1098/1098 1099/1099 1094/1094
f 1090/1090 1091/1091 1092/1092
f 1091/1091 1090/1090 1089/1089
f 1561/1561 1107/1107 1109/1109
f 1096/1096 1558/1558 1102/1102
f 1092/1092 1091/1091 1121/1121
f 1124/1124 1097/1097 1122/1122
f 1097/1097 1124/1124 1101/1101
f 1123/1123 1104/1104 1122/1122
f 1104/1104 1123/1123 1083/1083
f 493/493 492/492 486/486
f 492/492 498/498 486/486
f 494/494 495/495 486/486
f 495/495 496/496 486/486
f 496/496 493/493 488/488
f 488/488 1304/1304 489/489
f 489/489 1306/1306 490/490
f 490/490 1309/1309 491/491
f 491/491 1310/1310 487/487
f 487/487 1303/1303 486/486
f 498/498 494/494 488/488
f 488/488 497/497 506/506
f 506/506 504/504 507/507
f 507/507 500/500 504/504
f 506/506 502/502 508/508
f 510/510 509/509 512/512
f 512/512 514/514 510/510
f 517/517 516/516 514/514
f 512/512 515/515 508/508
f 509/509 517/517 518/518
f 526/526 519/519 521/521
f 521/521 523/523 519/519
f 519/519 525/525 523/523
f 521/521 524/524 519/519
f 526/526 525/525 527/527
f 535/535 528/528 530/530
f 530/530 532/532 528/528
f 528/528 534/534 532/532
f 530/530 533/533 528/528
f 535/535 534/534 500/500
