# MOD converted: m311.mod
# 1389 verts, 1808 faces

v 185.409180 -9.033610 -75.412025
v 170.330688 -7.889992 -60.553448
v 174.737259 -15.161602 -61.454021
v 224.257690 -16.358093 -48.754734
v 205.073349 -23.971128 -36.226337
v 221.055801 -10.011859 -35.893280
v 203.872787 -20.192747 -55.825714
v 202.491745 -19.520031 -70.856865
v 218.559631 -13.924212 -49.195210
v 222.900116 -13.838944 -90.916557
v 206.369476 -12.416823 -76.282677
v 192.122635 -18.649101 -91.390732
v 194.806503 -8.571653 -65.646393
v 199.851807 -24.481689 -37.326561
v 190.509720 -15.667159 -69.625816
v 182.327972 -19.780849 -84.352440
v 213.317719 -18.101830 -96.641472
v 224.799652 12.926270 -67.448051
v 239.301620 12.926243 -38.661655
v 234.246246 12.926251 -76.093193
v 226.900497 12.926266 -53.340557
v 239.036484 12.926243 -88.548103
v 173.944839 12.926368 -99.884270
v 190.871719 12.926336 -94.198341
v 185.409225 34.886299 -75.412048
v 170.330719 33.742741 -60.553452
v 174.737320 41.014336 -61.454029
v 224.257767 42.210640 -48.754742
v 205.073471 49.823750 -36.226349
v 221.055847 35.864414 -35.893295
v 203.872894 46.045368 -55.825722
v 202.491821 45.372658 -70.856873
v 218.559692 39.776775 -49.195221
v 222.900177 39.691490 -90.916573
v 206.369522 38.269436 -98.973923
v 211.584259 12.926296 -76.282700
v 192.122726 44.501766 -91.390747
v 194.806534 34.424309 -96.252876
v 198.146011 12.926321 -65.646408
v 199.851944 50.334328 -37.326572
v 190.509781 41.519833 -69.625832
v 182.328049 45.633553 -84.732544
v 228.575348 12.926264 -84.352440
v 213.317780 43.954411 -88.548103
v 173.944839 12.926368 -99.884270
v 190.871719 12.926336 -96.641472
v 224.799652 12.926270 -98.973923
v 211.584259 12.926296 -67.448051
v 239.301620 12.926243 -76.093193
v 226.900497 12.926266 -53.340557
v 239.036484 12.926243 -84.732544
v 228.575348 12.926264 -38.661655
v 234.246246 12.926251 -96.252876
v 198.146011 12.926321 0.606191
v 82.097305 -58.910534 -106.055504
v 88.699547 -43.145550 -102.010269
v 93.019226 -58.285046 -103.630791
v 92.559593 -83.937637 -110.661827
v 78.793854 -158.122498 -106.792587
v 89.916321 -73.132996 -109.606285
v 78.286140 -181.829315 -107.508934
v 77.413750 -192.584686 -116.642281
v 80.342865 -34.492306 -120.599815
v 81.367905 47.319309 -119.751747
v 81.148247 29.787647 -124.137436
v 83.764763 39.742271 -118.767807
v 82.266289 -58.907440 -119.616486
v 67.452148 -43.535336 -121.577652
v 62.360958 -58.847473 -113.638466
v 79.564842 -96.588333 -116.213600
v 80.231827 -43.354172 -114.755592
v 79.854187 -73.494698 -121.416763
v 64.692436 -84.448860 -120.531494
v 68.390137 -73.527893 -109.362427
v 78.668213 -181.822311 -104.772072
v 82.965775 -33.950962 -105.885002
v 87.797928 40.574680 -94.179276
v 99.342995 -36.136589 -97.635811
v 68.638145 -57.714455 -93.374046
v 99.644051 -47.004604 -98.310616
v 83.748428 -42.708870 -94.874733
v 88.457649 -57.882721 -92.566978
v 85.486763 -83.313820 -95.089371
v 92.791679 -94.274193 -96.178780
v 69.535194 -157.305893 -92.036804
v 92.001038 -157.377945 -94.506531
v 82.062141 -72.440269 -95.062843
v 69.257858 -181.012711 -82.297028
v 105.167702 -180.836029 -100.628326
v 73.441376 -215.430939 -95.989456
v 70.049629 -191.935181 -89.990707
v 92.224686 -191.131348 -90.125374
v 94.048309 -168.066544 -93.750870
v 85.306343 -202.882370 -114.029434
v 68.461296 -34.217049 -102.159233
v 71.084198 -33.675701 -106.116768
v 72.109245 48.135914 -105.268692
v 71.889580 30.604256 -101.867317
v 69.528015 40.997944 -133.558472
v 35.277790 -64.090935 -124.381660
v 52.021759 -37.004696 -130.256866
v 41.542763 -51.614822 -111.871597
v 62.501026 -43.098656 -114.442116
v 57.799381 -58.445148 -99.155418
v 70.306175 -95.771736 -101.730553
v 70.973167 -42.537575 -100.272545
v 70.595528 -72.678108 -110.352959
v 57.619614 -83.825043 -117.857231
v 57.118900 -94.928619 -114.804672
v 56.328247 -158.032349 -108.245445
v 60.535957 -72.835159 -122.251045
v 42.567574 -181.984421 -113.584076
v 55.258484 -191.809479 -115.678131
v 54.012135 -168.800995 -108.699043
v 61.885475 -203.312012 -76.846909
v 122.401009 -82.106239 -82.411064
v 115.415764 -62.620823 -86.908852
v 109.460617 -50.368885 -108.729607
v 83.990822 47.860653 -107.881531
v 83.771164 30.328991 -117.986969
v 69.486336 47.594566 -117.138901
v 69.266678 30.062906 -120.119751
v 65.494865 40.165527 -137.224625
v 27.800943 -83.841660 -124.134659
v 51.448170 -47.888748 -113.498688
v 76.774940 50.629940 -104.772072
v 82.965775 -33.950962 -116.642281
v 80.342865 -34.492306 -118.875656
v 82.097305 -58.910534 -103.630791
v 92.559593 -83.937637 -95.089371
v 92.791679 -94.274193 -113.638466
v 79.564842 -96.588333 -106.792587
v 89.916321 -73.132996 -114.029434
v 68.461296 -34.217049 -118.767807
v 82.266289 -58.907440 -121.416763
v 64.692436 -84.448860 -117.857231
v 57.118900 -94.928619 -120.531494
v 68.390137 -73.527893 -100.628326
v 73.441376 -215.430939 -104.772072
v 82.965775 -33.950962 -107.881531
v 83.771164 30.328991 -105.885002
v 87.797928 40.574680 -108.729607
v 83.990822 47.860653 -104.772072
v 82.965775 -33.950962 -94.179276
v 99.342995 -36.136589 -76.846909
v 122.401009 -82.106239 -82.411064
v 115.415764 -62.620823 -93.374046
v 99.644051 -47.004604 -86.908852
v 109.460617 -50.368885 -102.159233
v 71.084198 -33.675701 -97.635811
v 68.638145 -57.714455 -95.089371
v 92.791679 -94.274193 -92.566978
v 85.486763 -83.313820 -95.089371
v 92.791679 -94.274193 -92.036804
v 92.001038 -157.377945 -99.155418
v 70.306175 -95.771736 -94.506531
v 82.062141 -72.440269 -82.297028
v 105.167702 -180.836029 -90.125374
v 94.048309 -168.066544 -89.990707
v 92.224686 -191.131348 -100.628326
v 73.441376 -215.430939 -93.750870
v 85.306343 -202.882370 -114.029434
v 68.461296 -34.217049 -117.138901
v 69.266678 30.062906 -120.119751
v 65.494865 40.165527 -117.986969
v 69.486336 47.594566 -114.029434
v 68.461296 -34.217049 -124.381660
v 52.021759 -37.004696 -137.224625
v 27.800943 -83.841660 -133.558472
v 35.277790 -64.090935 -124.134659
v 51.448170 -47.888748 -130.256866
v 41.542763 -51.614822 -97.635811
v 68.638145 -57.714455 -97.635811
v 68.638145 -57.714455 -117.857231
v 57.118900 -94.928619 -110.352959
v 57.619614 -83.825043 -117.857231
v 57.118900 -94.928619 -114.804672
v 56.328247 -158.032349 -108.245445
v 60.535957 -72.835159 -95.062843
v 69.257858 -181.012711 -115.678131
v 54.012135 -168.800995 -122.251045
v 42.567574 -181.984421 -113.584076
v 55.258484 -191.809479 -108.699043
v 61.885475 -203.312012 -100.628326
v 73.441376 -215.430939 -113.498688
v 76.774940 50.629940 0.395277
v 185.409195 -9.033594 75.412086
v 170.330688 -7.889966 60.553505
v 174.737259 -15.161579 61.454044
v 224.257706 -16.358103 48.754768
v 205.073349 -23.971127 36.226364
v 221.055786 -10.011867 35.893314
v 203.872772 -20.192745 55.825752
v 202.491745 -19.520027 70.856895
v 218.559647 -13.924218 49.195232
v 222.900131 -13.838954 90.916595
v 206.369492 -12.416821 76.282722
v 192.122650 -18.649090 91.390778
v 194.806519 -8.571643 65.646431
v 199.851807 -24.481684 37.326603
v 190.509705 -15.667148 69.625870
v 182.327972 -19.780832 84.352470
v 213.317719 -18.101831 96.641487
v 224.799683 12.926263 67.448051
v 239.301651 12.926226 38.661659
v 234.246262 12.926236 76.093208
v 226.900528 12.926257 53.340557
v 239.036514 12.926226 88.548149
v 173.944870 12.926393 99.884300
v 190.871750 12.926351 94.198364
v 185.409271 34.886318 75.412079
v 170.330750 33.742771 60.553490
v 174.737350 41.014362 61.454033
v 224.257797 42.210632 48.754757
v 205.073502 49.823753 36.226353
v 221.055862 35.864410 35.893311
v 203.872925 46.045376 55.825741
v 202.491867 45.372665 70.856880
v 218.559738 39.776775 49.195225
v 222.900208 39.691486 90.916580
v 206.369568 38.269444 98.973946
v 211.584290 12.926297 76.282715
v 192.122757 44.501781 91.390770
v 194.806580 34.424324 96.252914
v 198.146042 12.926331 65.646416
v 199.851974 50.334339 37.326595
v 190.509811 41.519848 69.625854
v 182.328094 45.633572 84.732552
v 228.575378 12.926253 84.352448
v 213.317841 43.954414 88.548149
v 173.944870 12.926393 99.884300
v 190.871750 12.926351 96.641487
v 224.799683 12.926263 98.973946
v 211.584290 12.926297 67.448051
v 239.301651 12.926226 76.093208
v 226.900528 12.926257 53.340557
v 239.036514 12.926226 84.732552
v 228.575378 12.926253 38.661659
v 234.246262 12.926236 96.252914
v 198.146042 12.926331 0.606191
v 286.185699 5.777132 9.926491
v 224.724579 -6.774971 20.948725
v 295.231476 4.029100 39.087208
v 270.286041 7.991952 24.115223
v 276.497467 37.796303 34.919113
v 274.033539 26.588705 22.154684
v 259.944275 39.735245 32.771896
v 257.142395 28.442497 23.710186
v 232.446625 20.495405 24.755421
v 230.268036 6.895554 17.062042
v 231.623291 28.947666 7.949282
v 219.682846 -8.570081 19.190710
v 223.848038 -0.022475 41.807579
v 248.033417 9.291254 23.357689
v 256.792816 -29.151463 40.046360
v 259.295959 -9.357923 40.040245
v 251.146957 9.047710 26.187967
v 278.339142 -31.157017 24.595461
v 227.958221 -24.045300 38.181171
v 240.122650 -5.473786 21.944256
v 210.247360 -17.424612 35.280281
v 222.967117 -2.425588 39.923809
v 233.560059 11.512859 22.121490
v 231.167709 -24.695547 35.544430
v 242.456757 -6.856176 31.301756
v 235.781174 8.656256 18.449682
v 224.240158 -13.118040 29.061188
v 233.003357 -1.795374 37.467232
v 253.859833 9.885903 18.927408
v 290.957916 -13.022281 22.308401
v 286.839294 33.644516 7.675867
v 276.712830 41.165939 3.767974
v 259.605286 44.144642 11.235937
v 276.897400 -29.954910 20.852146
v 297.164124 17.594254 29.467611
v 288.159729 22.577641 33.868832
v 281.910706 -11.428136 37.793468
v 265.360901 -8.161903 14.757698
v 296.622223 26.461832 24.840469
v 269.785278 -25.358627 32.422211
v 289.494751 -13.306059 32.494183
v 292.499146 3.910304 28.508364
v 293.477509 21.006409 21.129734
v 292.689240 32.050926 3.320992
v 284.039612 -29.626314 11.698175
v 295.730804 -14.952142 13.695237
v 300.302063 1.013661 13.228900
v 301.484650 16.293720 14.872765
v 206.619537 -10.928226 28.152447
v 215.038376 1.729849 28.190022
v 218.262253 16.227695 22.210308
v 223.660858 11.656366 17.708178
v 216.326233 34.068035 17.298792
v 221.708725 27.178061 52.013336
v 213.235855 18.042120 51.700951
v 209.620087 0.493602 16.807726
v 186.982727 -20.584621 19.854200
v 188.192581 37.452332 18.316147
v 170.448792 -20.426966 49.102074
v 196.926422 -7.009561 40.394325
v 170.440781 -5.309453 13.381828
v 148.047272 -13.012804 20.198879
v 170.441315 40.812019 38.056122
v 170.440826 28.039276 30.070072
v 148.047302 -0.060171 16.866081
v 148.047333 33.379181 10.925221
v 178.491562 -23.250818 12.251733
v 157.879898 -17.274740 17.817423
v 167.544678 -19.678280 31.835480
v 167.532990 -3.585380 31.526369
v 167.533051 24.638380 13.404633
v 136.125824 -15.317014 18.247213
v 167.533356 32.613403 18.544178
v 147.166092 -19.019768 15.931310
v 134.068878 -17.090349 16.858618
v 127.535843 32.848614 20.644363
v 147.166199 39.643097 31.907986
v 128.141754 2.167230 14.878242
v 116.443909 22.578779 16.933426
v 118.022903 -6.751712 7.402583
v 111.730293 6.637374 25.683838
v 158.413681 -0.365594 26.053930
v 158.413727 17.704285 15.696252
v 158.413651 28.640985 29.362259
v 148.047333 18.748102 35.177452
v 147.166168 23.363138 30.627510
v 127.556343 20.881481 33.078201
v 116.339058 2.167281 19.661600
v 111.628174 22.578846 18.886656
v 111.021790 -7.059883 7.810945
v 106.447464 6.606549 31.648106
v 116.393616 21.933298 32.783825
v 97.486237 2.167382 16.034817
v 97.486366 22.578920 19.060141
v 97.486282 -7.059815 8.102354
v 97.480423 6.606600 31.607723
v 97.486282 21.933401 52.864723
v 202.005356 30.229128 46.203625
v 180.163147 5.171710 49.434181
v 185.026428 25.232670 8.492332
v 176.298172 -19.195513 9.523438
v 160.281296 -14.550228 14.043566
v 169.198532 -16.709515 86.957115
v 151.351212 16.429602 85.225967
v 150.512329 3.585470 79.213455
v 147.598572 -1.906276 81.668991
v 148.788605 25.349499 70.479706
v 143.366150 7.009418 71.639709
v 143.928360 21.692465 63.887135
v 202.858414 18.200665 62.611546
v 199.600449 0.189747 58.085056
v 189.560791 -7.511142 61.728737
v 194.933075 30.708767 50.744877
v 174.498444 4.991073 51.956383
v 176.607559 25.580647 78.962135
v 164.942261 2.280377 72.162460
v 161.390259 -4.060431 62.101173
v 156.156097 6.233688 80.927895
v 166.045639 17.110298 74.480820
v 163.761261 26.628431 63.492943
v 156.865891 23.186840 -4.150148
v 222.535660 -8.935407 -0.000003
v 299.344696 -11.467999 -0.000007
v 303.782623 8.652981 -0.000011
v 293.303589 31.537018 0.000004
v 286.484955 -29.153234 -33.509529
v 286.185669 5.777128 -16.417007
v 224.482452 -1.919128 -20.948734
v 295.231476 4.029089 -39.087212
v 270.286011 7.991943 -24.115250
v 276.497437 37.796291 -34.919128
v 274.033508 26.588696 -22.154705
v 259.944244 39.735233 -32.771915
v 257.142365 28.442486 -19.110134
v 232.053070 28.388386 -25.084263
v 229.809967 16.082399 -9.898438
v 231.375488 33.917233 -16.109064
v 219.421524 -3.321312 -22.540697
v 223.394730 9.081985 -42.396339
v 248.237534 9.877728 0.000016
v 251.366852 -39.622536 -21.455505
v 256.750488 -28.956451 -25.716021
v 282.335968 -27.394451 -40.046364
v 259.295959 -9.357944 -40.040245
v 251.146927 9.047701 -26.187954
v 278.339142 -31.157024 0.000001
v 290.403503 -46.999825 -24.595449
v 227.958221 -24.045309 -38.888252
v 239.697876 -6.267555 -21.944242
v 210.247345 -17.424625 -35.744511
v 223.649307 -1.012204 -40.457993
v 233.773087 10.320941 0.000008
v 219.896347 -32.986382 -22.121479
v 231.167694 -24.695557 -35.750553
v 242.461838 -7.042074 -31.301767
v 235.781158 8.656243 -18.449680
v 224.240143 -13.118050 -29.061188
v 233.003326 -1.795395 -37.467247
v 253.859818 9.885898 -0.000012
v 288.677307 38.615379 -18.927410
v 290.957916 -13.022289 -22.308434
v 286.839264 33.644505 -7.675892
v 276.712799 41.165936 4.414795
v 231.418549 35.921104 -10.884196
v 278.536926 -30.688656 -20.852165
v 297.164124 17.594240 -29.467632
v 288.159698 22.577629 -33.479160
v 281.885925 -11.436616 -37.793472
v 265.360901 -8.161914 -14.757719
v 296.622223 26.461826 -24.840454
v 269.785217 -25.358650 -22.261482
v 277.451508 -28.205723 -33.296482
v 290.299530 -13.289601 -33.314072
v 293.830322 4.260756 -28.508381
v 293.463440 21.006405 -21.129759
v 292.999084 32.050919 -3.320985
v 284.039612 -29.626314 -11.698177
v 295.730804 -14.952141 -13.695245
v 300.302063 1.013656 -13.228919
v 301.484650 16.293716 4.306008
v 217.609604 35.474190 0.000672
v 183.614227 -25.619446 0.000119
v 170.367645 42.869942 -5.280235
v 216.920059 -11.113799 0.001754
v 201.785828 -16.556328 0.001584
v 196.756836 39.808327 -14.872718
v 206.619598 -10.928233 -28.152430
v 215.038406 1.729866 -28.190033
v 218.262238 16.227718 -20.367239
v 223.198364 20.945446 -17.704212
v 216.327637 34.068081 -9.443038
v 221.418228 33.012276 -52.013344
v 213.235840 18.042141 -51.700932
v 209.620117 0.493621 -16.616594
v 186.984451 -20.584578 -19.851919
v 188.194626 37.452396 -18.316010
v 170.446960 -20.426929 -49.102032
v 196.926468 -7.009565 -40.394165
v 170.442856 -5.309390 -13.381826
v 148.047272 -13.012804 -20.198641
v 170.442352 40.812050 -38.055908
v 170.442795 28.039341 0.000002
v 148.047333 35.643230 -30.070074
v 148.047302 -0.060167 -16.866077
v 148.047333 33.379181 -10.924319
v 178.353073 -23.250788 -12.252071
v 157.880325 -17.274727 -17.817432
v 167.542694 -19.678247 -31.835468
v 167.534637 -3.585327 -31.526310
v 167.534668 24.638432 -13.380241
v 136.125824 -15.317011 -18.247131
v 167.534302 32.613434 -37.969337
v 147.166122 -2.161260 -18.592438
v 147.166092 -18.929253 -15.931311
v 134.068878 -17.090349 -16.858612
v 127.535843 32.848614 -20.643309
v 147.166199 39.641159 -14.878242
v 116.443947 22.578777 -16.587599
v 118.124390 -6.125478 -25.684143
v 158.414566 -0.365556 -26.054207
v 158.414612 17.704317 -15.696515
v 158.414200 28.641008 -29.362267
v 148.047333 18.748106 -35.183655
v 147.166168 23.351761 -30.627514
v 127.556412 20.881489 -52.864758
v 202.005310 30.229132 -46.203613
v 180.163162 5.171677 -49.434208
v 185.026398 25.232651 0.000535
v 180.280029 -21.036682 -8.491602
v 176.164322 -19.195486 -9.523688
v 160.281616 -14.550218 -14.043493
v 169.059814 -16.709488 -86.957108
v 151.351212 16.429598 -85.225960
v 150.512329 3.585470 -79.213470
v 147.598572 -1.906277 -81.668983
v 148.788605 25.349499 -70.479706
v 143.366150 7.009417 -71.639709
v 143.928360 21.692463 -63.887135
v 202.858414 18.200665 -62.611546
v 199.600449 0.189747 -58.085052
v 189.560791 -7.511146 -61.728741
v 194.933075 30.708769 -50.744873
v 174.498444 4.991060 -51.956383
v 176.607559 25.580637 -78.962128
v 164.942261 2.280376 -72.162468
v 161.390259 -4.060433 -62.101177
v 156.156097 6.233688 -80.927902
v 166.045639 17.110296 -74.949585
v 163.679779 26.946556 -63.492939
v 156.865906 23.186840 0.000000
v 275.206879 -31.290670 -0.000013
v 277.671234 46.340565 0.000003
v 293.616638 -41.931904 0.000007
v 215.990204 -33.566212 0.000002
v 199.950439 -24.897757 0.000004
v 219.149292 -20.348480 -0.000001
v 295.152191 -20.440807 -0.000015
v 258.989746 43.941391 -0.000005
v 152.406219 -19.888742 -0.000002
v 148.980545 -19.800695 0.000036
v 167.417221 34.183273 -0.000001
v 127.533211 35.572731 0.000003
v 147.166199 43.121059 0.058970
v 135.540161 -19.172562 0.058963
v 134.066498 -21.643417 -0.000001
v 111.099648 23.711557 -0.000000
v 112.486404 -13.157095 -0.000000
v 111.090797 7.498858 -0.000130
v 158.414001 31.755318 -0.000202
v 156.026703 -17.281639 0.000010
v 168.279633 -22.001892 -19.661602
v 111.628181 22.578846 -31.648111
v 116.393623 21.933298 -32.514175
v 128.141754 2.167227 -33.078205
v 116.339096 2.167286 -18.886648
v 111.021820 -7.059879 -7.755900
v 111.730301 6.606469 -7.810946
v 106.447487 6.606554 -16.034817
v 97.486382 22.578926 -31.607725
v 97.486298 21.933407 -32.783829
v 97.486237 2.167389 -19.060135
v 97.486313 -7.059807 -8.102354
v 97.480446 6.606602 21.850695
v 277.523529 -27.982460 25.716032
v 282.335999 -27.394447 38.056076
v 147.166107 -3.271256 -3.767998
v 259.605316 44.224689 32.937248
v 134.069092 0.674597 -33.196602
v 134.069092 1.149426 31.070606
v 134.069122 21.260239 17.570074
v 134.069153 34.109650 0.000002
v 134.069153 36.929741 -17.549988
v 134.069153 34.074078 -31.117172
v 134.069122 21.300053 18.551052
v 134.069031 -20.004925 -18.626188
v 134.069046 -19.758774 -36.875286
v 134.067841 0.010201 -34.597626
v 134.068619 23.007975 -19.228777
v 134.067291 37.494949 -0.004188
v 134.067413 40.750061 19.255604
v 134.067322 37.529659 34.565971
v 134.068573 22.935291 36.589973
v 134.067398 -0.456634 38.527264
v 74.408882 7.815607 22.177235
v 75.440208 25.816128 5.842795
v 74.283920 7.836088 22.171236
v 58.373833 -3.514287 39.408161
v 80.124268 6.424486 22.217432
v 80.016785 25.806063 22.261082
v 89.525703 -11.785739 49.764687
v 110.989594 7.902399 27.693691
v 123.738815 42.126442 24.414127
v 127.094208 -26.245802 11.573297
v 86.659760 -7.702794 32.919441
v 86.661270 -7.710721 7.477168
v 109.278763 -17.482801 44.399132
v 121.076904 -13.932263 14.661115
v 116.329399 41.943691 32.840878
v 79.111092 -8.501744 11.337347
v 79.700699 -8.553793 22.219795
v 82.260727 -18.472496 31.527458
v 70.465057 -6.189224 22.170372
v 68.547470 -15.099438 12.449913
v 70.399940 -6.156916 37.005909
v 38.641285 17.849083 22.041233
v 38.641323 32.022373 7.082410
v 38.641300 17.850616 22.041220
v 38.641296 2.499496 37.526733
v 65.873558 9.311865 22.156202
v 70.636902 26.428843 6.949586
v 65.879509 9.334952 33.420143
v 62.747772 0.123677 9.488017
v 63.022186 1.166276 32.025059
v 38.600525 7.259384 12.719026
v 38.621323 5.706663 35.225170
v 54.409180 2.654791 41.014107
v 56.680744 14.475998 22.159012
v 58.823502 34.472179 3.295592
v 56.545475 14.497637 8.716714
v 55.033401 4.525519 22.064518
v 54.693291 -1.197365 5.038062
v 80.122894 6.431461 0.829545
v 103.526024 9.883725 4.610044
v 118.272499 35.622913 11.131269
v 120.380112 -20.955732 44.661022
v 96.478088 7.205719 10.161370
v 99.570137 -13.556673 36.047371
v 100.202332 -10.861478 23.072508
v 102.146133 -19.171463 23.534832
v 103.537086 33.758350 14.001980
v 94.511719 29.348658 3.109759
v 93.756798 7.951399 18.500628
v 119.018173 -23.124676 32.957169
v 121.332283 -18.802462 36.474960
v 15.066243 29.657631 22.120796
v 15.060859 40.795353 7.767939
v 15.065709 29.658113 22.120819
v 15.087597 -21.434620 4.577397
v 15.082151 -9.822281 39.666134
v 15.082792 -9.826224 38.443810
v 6.106756 30.564545 22.129282
v 6.106132 40.833397 22.129280
v 6.109874 -26.960327 42.070641
v 6.109098 -13.022276 38.274971
v -0.002024 30.623659 22.135725
v -0.002999 40.789299 22.135735
v 0.003200 -26.353733 41.862679
v 0.001859 -12.554304 2.188863
v 6.109067 -13.020393 2.408782
v 0.001875 -12.554295 22.099152
v 31.096601 32.372749 8.757024
v 31.096607 20.175751 21.816698
v 31.096245 3.907066 35.443584
v 31.096600 20.174269 30.578100
v 30.854555 8.897217 14.671250
v 30.979998 7.374193 22.094265
v 47.910393 35.233044 38.811150
v 114.623856 30.306023 39.310535
v 101.964569 22.058912 46.671394
v 119.374878 17.736113 45.775494
v 114.167000 8.078176 26.877012
v 125.712517 36.852180 23.139011
v 128.795563 -19.740181 10.123699
v 111.078819 -12.508740 42.940105
v 122.888016 -9.845565 15.521273
v 118.681076 36.699638 5.268094
v 107.096466 9.622908 6.544029
v 119.573547 31.624571 11.848708
v 121.751205 -15.995411 17.909584
v 120.488770 -18.050488 32.831944
v 122.566498 -13.758460 36.525810
v 116.815086 25.178352 43.772995
v 120.899933 15.288452 22.022528
v 81.813622 4.940982 5.815331
v 6.106710 30.564720 5.996463
v -0.002009 30.623663 -38.527267
v 74.408890 7.815609 -22.177237
v 75.440208 25.816126 -5.842798
v 74.283920 7.836089 -22.171240
v 58.373825 -3.514287 -39.408161
v 80.124260 6.424486 -22.217432
v 80.016792 25.806065 -22.261074
v 89.525711 -11.785736 -49.764687
v 110.989594 7.902399 -27.693693
v 123.738808 42.126442 -24.414129
v 127.094215 -26.245802 -11.573300
v 86.659767 -7.702793 -32.919437
v 86.661278 -7.710722 -7.477178
v 109.278763 -17.482805 -44.399128
v 121.076904 -13.932261 -14.661116
v 116.329399 41.943687 -32.840874
v 79.111092 -8.501740 -11.337353
v 79.700699 -8.553795 -22.219795
v 82.260727 -18.472494 -31.527462
v 70.465057 -6.189225 -22.170372
v 68.547470 -15.099438 -12.449915
v 70.399933 -6.156916 -37.005909
v 38.641308 17.849075 -22.041233
v 38.641323 32.022377 -7.082411
v 38.641285 17.850616 -22.041231
v 38.641296 2.499496 -37.526737
v 65.873581 9.311863 -22.156204
v 70.636902 26.428843 -6.949585
v 65.879494 9.334957 -33.420147
v 62.747795 0.123671 -9.488018
v 63.022171 1.166282 -32.025063
v 38.600540 7.259386 -12.719031
v 38.621307 5.706664 -35.225174
v 54.409195 2.654792 -41.014111
v 56.680759 14.476000 -22.159012
v 58.823502 34.472183 -3.295595
v 56.545452 14.497631 -8.716720
v 55.033379 4.525521 -22.064516
v 54.693291 -1.197365 -5.038066
v 80.122894 6.431460 -0.829548
v 103.526031 9.883714 -4.610045
v 118.272499 35.622910 -11.131279
v 120.380112 -20.955732 -44.661018
v 96.478081 7.205729 -10.161366
v 99.570152 -13.556669 -36.047375
v 100.202332 -10.861475 -23.072500
v 102.146133 -19.171463 -23.534832
v 103.537086 33.758350 -14.001983
v 94.511719 29.348658 -3.109761
v 93.756805 7.951399 -18.500624
v 119.018173 -23.124672 -32.957169
v 121.332283 -18.802458 -36.474964
v 15.063893 29.657639 -22.120798
v 15.056952 40.795361 -7.767936
v 15.063191 29.658110 -22.120825
v 15.091503 -21.434624 -4.577391
v 15.084471 -9.822289 -39.666126
v 15.085340 -9.826221 -38.443810
v 6.098272 30.564554 -22.129282
v 6.093299 40.833405 -22.129276
v 6.123683 -26.960331 -42.070633
v 6.117368 -13.022272 -38.274967
v -0.001887 30.623663 -22.135725
v -0.002785 40.789299 -22.135731
v 0.002925 -26.353737 -41.862679
v 0.001707 -12.554298 -2.188859
v 6.117063 -13.020403 -2.408776
v 0.001707 -12.554306 -22.099150
v 31.037710 32.372761 -8.757021
v 31.037701 20.175747 -21.816696
v 31.037689 3.907072 -35.443588
v 31.037708 20.174269 -30.578098
v 31.033953 8.897224 -14.671247
v 31.035883 7.374196 -22.094265
v 47.910393 35.233044 -38.811153
v 114.623863 30.306019 -39.310535
v 101.964561 22.058910 -46.671391
v 119.374870 17.736113 -45.775494
v 114.167000 8.078173 -26.877010
v 125.712517 36.852180 -23.139013
v 128.795563 -19.740177 -10.123694
v 111.078827 -12.508736 -42.940109
v 122.888016 -9.845567 -15.521273
v 118.681061 36.699638 -5.268096
v 107.096474 9.622915 -6.544030
v 119.573547 31.624567 -11.848707
v 121.751213 -15.995411 -17.909584
v 120.488770 -18.050488 -32.831936
v 122.566498 -13.758462 -36.525810
v 116.815079 25.178354 -43.772991
v 120.899933 15.288447 -22.022530
v 81.813622 4.940983 -5.815331
v 6.098028 30.564724 -5.996460
v -0.001887 30.623661 93.307686
v 107.271790 -4.611586 78.769707
v 147.391251 -9.600483 83.636078
v 122.966675 -20.634840 96.974792
v 109.614960 -7.041285 76.562546
v 161.106430 -7.128836 79.737526
v 132.703735 -17.075731 79.179733
v 120.520767 -15.088738 74.934418
v 130.090454 -10.581254 74.005821
v 144.779648 -4.468987 89.050591
v 153.191025 -0.699851 97.303841
v 141.690567 -7.248817 78.899490
v 165.822891 -8.400141 107.947586
v 114.544327 -3.972082 94.072693
v 155.194153 2.243778 109.116890
v 136.651276 -8.174860 112.265511
v 116.495117 0.197546 84.306702
v 165.505539 6.161323 103.551704
v 145.518173 -5.135484 103.472130
v 133.312317 -11.516448 112.988708
v 138.551300 12.791669 93.324387
v 154.829208 16.284472 87.083656
v 168.525986 12.321575 111.413147
v 117.410629 14.909506 94.740089
v 155.631607 21.859447 116.619934
v 140.585175 18.930199 111.411308
v 117.411835 19.200743 83.119888
v 163.735611 24.186687 108.164650
v 148.848358 20.353119 105.743904
v 147.511230 14.036739 100.175316
v 131.501846 34.835339 94.599808
v 141.396164 32.449017 100.769745
v 111.568237 25.059805 78.443779
v 146.737518 31.558121 96.271980
v 129.384995 41.031872 97.130875
v 109.580406 27.204571 70.412140
v 156.343018 29.776428 90.007210
v 138.884781 38.378323 80.489304
v 164.786041 30.493036 75.889389
v 118.362473 32.461376 82.727722
v 149.040649 28.002098 85.577469
v 102.633408 22.116261 61.961784
v 137.861481 19.730270 68.359505
v 114.538200 29.853172 81.706108
v 100.628662 19.171354 59.768005
v 150.967392 16.203264 65.260666
v 125.402275 28.872566 71.889175
v 129.025009 31.163841 64.099152
v 156.566833 30.465483 67.007942
v 140.564957 22.248241 63.767776
v 138.768646 7.260505 62.097313
v 123.730415 9.403684 81.614616
v 100.377396 7.071396 62.542133
v 138.120499 0.174145 62.837406
v 111.217361 2.839667 81.727722
v 100.670700 2.558095 64.122688
v 154.882614 -1.405759 60.806557
v 123.027092 2.473028 65.417709
v 111.280434 10.214039 56.538689
v 153.233215 10.830009 64.021378
v 157.277130 -8.144767 74.805809
v 162.256729 -3.910606 76.717392
v 166.114700 -4.950506 81.051773
v 166.199478 6.754353 82.856529
v 169.453491 10.567892 80.349915
v 164.639191 21.625154 69.862236
v 158.470047 26.317654 78.198166
v 165.498459 26.783619 60.873653
v 153.966003 15.207252 64.535835
v 158.758133 26.755438 64.541656
v 157.510178 0.564634 58.338116
v 156.160995 10.573396 64.458778
v 159.468826 -4.947729 102.445152
v 92.009773 20.806200 114.758331
v 95.646339 12.866383 96.931313
v 88.205742 10.948616 111.768425
v 97.378975 22.844500 93.853195
v 78.174149 -6.088290 123.966187
v 76.401093 24.782284 110.604797
v 75.514664 -5.032101 118.645386
v 71.579483 -3.268424 108.240250
v 60.162987 -8.100511 106.828888
v 69.782928 -6.955693 101.386856
v 58.532494 -9.988786 96.422516
v 68.661133 -9.399222 105.496964
v 88.132568 24.777281 106.425919
v 80.065887 9.673847 99.866386
v 74.937248 1.172796 99.598679
v 68.722618 -3.709764 103.581703
v 58.591911 -6.162089 111.537811
v 97.162369 1.863237 126.185852
v 75.427048 -3.035282 103.579269
v 81.193085 -8.597750 116.738930
v 81.770531 -4.137979 106.042328
v 60.103214 -11.925896 102.751770
v 69.970512 -11.998241 119.234047
v 71.477646 10.740681 104.959816
v 82.479065 21.003592 99.916840
v 91.604301 -2.741282 95.799400
v 84.316093 3.068409 126.830299
v 75.156647 3.972193 125.721405
v 75.645248 17.880972 118.888222
v 72.303772 17.748772 131.871506
v 63.328766 -3.241962 126.151337
v 61.262245 -3.205534 135.755096
v 52.637657 -3.079439 130.573746
v 52.463654 -2.799681 136.436661
v 51.886971 1.768671 131.485336
v 51.647034 1.964584 119.267319
v 71.327667 3.736136 127.054726
v 60.674812 2.696692 132.698471
v 62.907074 2.676955 137.565094
v 49.834549 3.906232 132.614639
v 49.594162 4.102122 127.054718
v 60.674812 3.644166 132.698471
v 62.907074 3.827874 127.495071
v 60.381386 10.196999 133.061478
v 62.777733 9.995447 132.945679
v 49.143494 9.206069 137.666260
v 49.449677 9.093970 127.494064
v 60.379810 11.112243 133.061584
v 62.777645 11.109129 132.128113
v 50.631378 10.870529 136.847946
v 50.935623 10.758420 135.962753
v 51.482319 16.058283 131.076935
v 51.289349 16.040579 126.457550
v 60.922314 16.755993 132.095413
v 63.189945 16.868679 134.555542
v 54.651226 22.365562 129.506561
v 54.567883 22.217670 124.749619
v 62.247570 23.409645 130.458893
v 64.386497 23.638447 135.188065
v 53.942585 18.247976 130.303513
v 53.751301 18.230188 126.095131
v 61.580433 18.019512 131.733292
v 63.847897 18.132198 116.854393
v 72.877754 24.756824 127.475555
v 74.887932 10.979649 103.714531
v 102.936127 -3.460075 109.050186
v 105.879608 2.249881 111.769241
v 107.358597 6.321289 112.258896
v 107.560570 12.670292 110.364441
v 106.364182 17.944918 110.382172
v 106.334747 20.120186 102.385849
v 101.710220 23.584631 99.660133
v 100.124489 24.167528 90.596680
v 95.109833 14.869598 91.766808
v 95.752548 15.961843 92.208206
v 96.276535 1.346953 91.887627
v 96.043205 4.102200 100.814468
v 101.255753 -2.147245 -93.307686
v 107.271805 -4.611585 -78.769714
v 147.391251 -9.600487 -83.636078
v 122.966682 -20.634840 -96.974792
v 109.614960 -7.041287 -76.562553
v 161.106445 -7.128836 -79.737526
v 132.703735 -17.075733 -79.179741
v 120.520752 -15.088745 -74.934425
v 130.090454 -10.581260 -74.005829
v 144.779648 -4.468990 -89.050591
v 153.191040 -0.699848 -97.303833
v 141.690582 -7.248814 -78.899490
v 165.822891 -8.400136 -107.947586
v 114.544327 -3.972081 -94.072685
v 155.194153 2.243774 -109.116882
v 136.651276 -8.174853 -112.265511
v 116.495132 0.197546 -84.306702
v 165.505539 6.161327 -103.551704
v 145.518173 -5.135483 -103.472122
v 133.312317 -11.516452 -112.988708
v 138.551300 12.791655 -93.324394
v 154.829208 16.284464 -87.083656
v 168.526001 12.321565 -111.413147
v 117.410629 14.909506 -94.740082
v 155.631592 21.859447 -116.619934
v 140.585175 18.930201 -111.411308
v 117.411835 19.200739 -83.119888
v 163.735611 24.186686 -108.164650
v 148.848358 20.353121 -105.743904
v 147.511246 14.036738 -100.175316
v 131.501831 34.835342 -94.599808
v 141.396164 32.449013 -100.769737
v 111.568222 25.059803 -78.443771
v 146.737518 31.558121 -96.271973
v 129.384995 41.031872 -97.130875
v 109.580399 27.204571 -70.412140
v 156.343018 29.776428 -90.007202
v 138.884781 38.378323 -80.489311
v 164.786041 30.493036 -75.889389
v 118.362473 32.461376 -82.727722
v 149.040649 28.002096 -85.577469
v 102.633408 22.116261 -61.961788
v 137.861481 19.730272 -68.359512
v 114.538193 29.853180 -81.706108
v 100.628647 19.171356 -59.768005
v 150.967392 16.203260 -65.260666
v 125.402267 28.872566 -71.889175
v 129.025009 31.163845 -64.099152
v 156.566833 30.465483 -67.007942
v 140.564941 22.248241 -63.767780
v 138.768646 7.260493 -62.097313
v 123.730400 9.403676 -81.614624
v 100.377396 7.071394 -62.542133
v 138.120499 0.174140 -62.837410
v 111.217361 2.839674 -81.727722
v 100.670700 2.558087 -64.122696
v 154.882614 -1.405764 -60.806564
v 123.027107 2.473032 -65.417709
v 111.280441 10.213799 -56.538689
v 153.233215 10.830134 -64.021370
v 157.277130 -8.144766 -74.805801
v 162.256729 -3.910609 -76.717392
v 166.114700 -4.950507 -81.051773
v 166.199478 6.754354 -82.856529
v 169.453491 10.567968 -80.349922
v 164.639191 21.625153 -69.862236
v 158.470032 26.317654 -78.198166
v 165.498459 26.783617 -60.873653
v 153.966003 15.207251 -64.535835
v 158.758148 26.755438 -64.541656
v 157.510178 0.564633 -58.338116
v 156.160995 10.573422 -64.458786
v 159.468826 -4.947731 -102.445152
v 92.009773 20.806200 -114.758331
v 95.646339 12.866381 -96.931305
v 88.205750 10.948613 -111.768425
v 97.378975 22.844500 -93.853195
v 78.174156 -6.088288 -123.966164
v 76.401093 24.782284 -110.604797
v 75.514664 -5.032100 -118.645370
v 71.579483 -3.268427 -108.240242
v 60.162987 -8.100513 -106.828880
v 69.782928 -6.955696 -101.386848
v 58.532494 -9.988790 -96.422516
v 68.661133 -9.399224 -105.496956
v 88.132568 24.777281 -106.425903
v 80.065895 9.673879 -99.866386
v 74.937248 1.172795 -99.598671
v 68.722626 -3.709766 -103.581696
v 58.591911 -6.162091 -111.537811
v 97.162369 1.863237 -126.185837
v 75.427048 -3.035282 -103.579269
v 81.193092 -8.597752 -116.738914
v 81.770538 -4.137981 -106.042320
v 60.103222 -11.925898 -102.751762
v 69.970505 -11.998244 -119.234024
v 71.477646 10.740679 -104.959808
v 82.479073 21.003593 -99.916832
v 91.604301 -2.741282 -95.799393
v 84.316101 3.068402 -126.830276
v 75.156647 3.972193 -125.721382
v 75.645248 17.880970 -118.888199
v 72.303764 17.748768 -131.871506
v 63.328766 -3.241963 -126.151352
v 61.262245 -3.205535 -135.755096
v 52.637657 -3.079440 -130.573746
v 52.463654 -2.799683 -136.436661
v 51.886971 1.768671 -131.485336
v 51.647041 1.964582 -119.267303
v 71.327667 3.736133 -127.054726
v 60.674812 2.696691 -132.698471
v 62.907074 2.676955 -137.565094
v 49.834541 3.906232 -132.614639
v 49.594162 4.102121 -127.054726
v 60.674805 3.644164 -132.698471
v 62.907074 3.827874 -127.495071
v 60.381386 10.196999 -133.061478
v 62.777733 9.995447 -132.945679
v 49.143501 9.206067 -137.666260
v 49.449677 9.093976 -127.494064
v 60.379803 11.112241 -133.061584
v 62.777653 11.109128 -132.128113
v 50.631371 10.870528 -136.847946
v 50.935631 10.758419 -135.962753
v 51.482319 16.058283 -131.076935
v 51.289349 16.040577 -126.457550
v 60.922314 16.755991 -132.095413
v 63.189953 16.868679 -134.555542
v 54.651226 22.365564 -129.506561
v 54.567883 22.217669 -124.749619
v 62.247570 23.409645 -130.458893
v 64.386490 23.638445 -135.188065
v 53.942593 18.247976 -130.303513
v 53.751301 18.230188 -126.095131
v 61.580425 18.019512 -131.733292
v 63.847904 18.132195 -116.854370
v 72.877747 24.756824 -127.475540
v 74.887939 10.979648 -103.714523
v 102.936142 -3.460075 -109.050179
v 105.879608 2.249878 -111.769241
v 107.358589 6.321287 -112.258896
v 107.560562 12.670289 -110.364441
v 106.364182 17.944914 -110.382172
v 106.334747 20.120184 -102.385849
v 101.710213 23.584631 -99.660141
v 100.124496 24.167528 -90.596680
v 95.109840 14.869597 -91.766815
v 95.752548 15.961843 -92.208206
v 96.276527 1.346950 -91.887627
v 96.043205 4.102200 -100.814476
v 101.255768 -2.147246 24.755421
v 230.268036 6.895554 31.301756
v 235.781174 8.656256 22.210308
v 223.660858 11.656366 37.467232
v 253.859833 9.885903 37.793468
v 265.360901 -8.161903 31.301756
v 235.781174 8.656256 18.449682
v 224.240158 -13.118040 0.000002
v 199.950439 -24.897757 21.944256
v 210.247360 -17.424612 0.000004
v 219.149292 -20.348480 29.061188
v 233.003357 -1.795374 35.280281
v 222.967117 -2.425588 31.301756
v 235.781174 8.656256 39.923809
v 233.560059 11.512859 0.000003
v 293.616638 -41.931904 25.716032
v 282.335999 -27.394447 0.000000
v 275.206879 -31.290670 11.235937
v 276.897400 -29.954910 21.850695
v 277.523529 -27.982460 24.840469
v 269.785278 -25.358627 37.793468
v 265.360901 -8.161903 21.850695
v 277.523529 -27.982460 -5.280235
v 216.920059 -11.113799 7.949282
v 219.682846 -8.570081 19.190710
v 223.848038 -0.022475 22.210308
v 223.660858 11.656366 22.210308
v 223.660858 11.656366 17.298792
v 221.708725 27.178061 4.306008
v 217.609604 35.474190 28.190022
v 218.262253 16.227695 52.013336
v 213.235855 18.042120 38.056122
v 170.440826 28.039276 31.526369
v 167.533051 24.638380 30.070072
v 148.047302 -0.060171 13.381828
v 148.047272 -13.012804 13.404633
v 136.125824 -15.317014 0.000002
v 148.047333 35.643230 16.866081
v 148.047333 33.379181 30.070072
v 148.047302 -0.060171 38.056076
v 147.166107 -3.271256 29.362259
v 148.047333 18.748102 0.058970
v 135.540161 -19.172562 31.907986
v 128.141754 2.167230 7.402583
v 111.730293 6.637374 -0.000000
v 111.090797 7.498858 26.053930
v 158.413727 17.704285 29.362259
v 148.047333 18.748102 30.627510
v 127.556343 20.881481 14.878242
v 116.443909 22.578779 16.933426
v 118.022903 -6.751712 31.907986
v 128.141754 2.167230 7.402583
v 111.730293 6.637374 7.810945
v 106.447464 6.606549 7.402583
v 111.730293 6.637374 8.102354
v 97.480423 6.606600 49.434181
v 185.026428 25.232670 51.700951
v 209.620087 0.493602 52.013336
v 213.235855 18.042120 49.102074
v 196.926422 -7.009561 52.864723
v 202.005356 30.229128 49.434181
v 185.026428 25.232670 46.203625
v 180.163147 5.171710 46.203625
v 180.163147 5.171710 50.744877
v 174.498444 4.991073 62.101173
v 156.156097 6.233688 70.479706
v 143.366150 7.009418 -4.150148
v 222.535660 -8.935407 0.000004
v 219.149292 -20.348480 -5.280235
v 216.920059 -11.113799 -0.000007
v 303.782623 8.652981 -0.000003
v 299.344696 -11.467999 -25.084263
v 229.809967 16.082399 -31.301767
v 235.781158 8.656243 4.414795
v 231.418549 35.921104 -20.367239
v 223.198364 20.945446 4.306008
v 217.609604 35.474190 -37.467247
v 253.859818 9.885898 -37.793472
v 265.360901 -8.161914 -31.301767
v 235.781158 8.656243 -18.449680
v 224.240143 -13.118050 -21.944242
v 210.247345 -17.424625 -29.061188
v 233.003326 -1.795395 -35.744511
v 223.649307 -1.012204 -31.301767
v 235.781158 8.656243 -40.457993
v 233.773087 10.320941 -0.000001
v 295.152191 -20.440807 0.000004
v 286.484955 -29.153234 0.000000
v 275.206879 -31.290670 -10.884196
v 278.536926 -30.688656 -0.000011
v 293.303589 31.537018 -0.000012
v 288.677307 38.615379 -24.840454
v 269.785217 -25.358650 -25.716021
v 282.335968 -27.394451 -37.793472
v 265.360901 -8.161914 -22.261482
v 277.451508 -28.205723 -28.508381
v 293.463440 21.006405 -29.467632
v 288.159698 22.577629 -22.308434
v 286.839264 33.644505 -21.129759
v 292.999084 32.050919 -7.675892
v 276.712799 41.165936 -0.000015
v 258.989746 43.941391 -16.109064
v 219.421524 -3.321312 -22.540697
v 223.394730 9.081985 -20.367239
v 223.198364 20.945446 -20.367239
v 223.198364 20.945446 -9.443038
v 221.418228 33.012276 0.001584
v 196.756836 39.808327 4.306008
v 217.609604 35.474190 -28.190033
v 218.262238 16.227718 -28.190033
v 218.262238 16.227718 -52.013344
v 213.235840 18.042141 -52.864758
v 202.005310 30.229132 0.000119
v 170.367645 42.869942 0.000036
v 167.417221 34.183273 -38.055908
v 170.442795 28.039341 -31.526310
v 167.534668 24.638432 0.000002
v 148.047333 35.643230 -0.000130
v 158.414001 31.755318 -30.070074
v 148.047302 -0.060167 -13.381826
v 148.047272 -13.012804 -37.969337
v 147.166122 -2.161260 -13.380241
v 136.125824 -15.317011 -16.866077
v 148.047333 33.379181 -30.070074
v 148.047302 -0.060167 -29.362267
v 148.047333 18.748106 -7.755900
v 111.730301 6.606469 -26.054207
v 158.414612 17.704317 -29.362267
v 148.047333 18.748106 -49.434208
v 185.026398 25.232651 -51.700932
v 209.620117 0.493621 -52.013344
v 213.235840 18.042141 -49.102032
v 196.926468 -7.009565 -52.864758
v 202.005310 30.229132 -49.434208
v 185.026398 25.232651 -46.203613
v 180.163162 5.171677 -46.203613
v 180.163162 5.171677 -50.744873
v 174.498444 4.991060 -62.101177
v 156.156097 6.233688 -70.479706
v 143.366150 7.009417 -30.627514
v 127.556412 20.881489 -14.878242
v 116.443947 22.578777 -16.587599
v 118.124390 -6.125478 -32.514175
v 128.141754 2.167227 -7.755900
v 111.730301 6.606469 -7.810946
v 106.447487 6.606554 -7.755900
v 111.730301 6.606469 -8.102354
v 97.480446 6.606602 -22.261482
v 277.451508 -28.205723 32.937248
v 134.069092 0.674597 -36.875286
v 134.067841 0.010201 -3.767998
v 259.605316 44.224689 36.589973
v 134.067398 -0.456634 -32.514175
v 128.141754 2.167227 -33.196602
v 134.069092 1.149426 5.038062
v 80.122894 6.431461 3.109759
v 93.756798 7.951399 6.949586
v 65.879509 9.334952 5.842795
v 74.283920 7.836088 8.757024
v 31.096607 20.175751 3.295592
v 56.545475 14.497637 7.082410
v 38.641300 17.850616 0.829545
v 103.526024 9.883725 22.099152
v 31.096601 32.372749 35.443584
v 31.096600 20.174269 8.757024
v 31.096607 20.175751 22.120796
v 15.060859 40.795353 22.099152
v 31.096601 32.372749 21.816698
v 31.096245 3.907066 14.671250
v 30.979998 7.374193 22.129282
v 6.106132 40.833397 22.135725
v -0.002999 40.789299 41.862679
v 0.001859 -12.554304 2.408782
v 0.001875 -12.554295 22.135735
v 0.003200 -26.353733 5.996463
v -0.002009 30.623663 22.135725
v -0.002999 40.789299 38.274971
v -0.002024 30.623659 30.578100
v 30.854555 8.897217 5.268094
v 107.096466 9.622908 43.772995
v 120.899933 15.288452 45.775494
v 114.167000 8.078176 10.123699
v 111.078819 -12.508740 5.268094
v 107.096466 9.622908 32.831944
v 122.566498 -13.758460 23.139011
v 128.795563 -19.740181 11.848708
v 121.751205 -15.995411 42.940105
v 122.888016 -9.845565 15.521273
v 118.681076 36.699638 26.877012
v 125.712517 36.852180 6.544029
v 119.573547 31.624571 17.909584
v 120.488770 -18.050488 36.525810
v 116.815086 25.178352 -5.038066
v 80.122894 6.431460 -3.109761
v 93.756805 7.951399 -5.842798
v 74.283920 7.836089 -6.949585
v 65.879494 9.334957 -8.757021
v 31.037701 20.175747 -3.295595
v 56.545452 14.497631 -7.082411
v 38.641285 17.850616 -0.829548
v 103.526031 9.883714 -22.099150
v 31.037710 32.372761 -35.443588
v 31.037708 20.174269 -8.757021
v 31.037701 20.175747 -22.120798
v 15.056952 40.795361 -22.099150
v 31.037710 32.372761 -21.816696
v 31.037689 3.907072 -14.671247
v 31.035883 7.374196 -22.129282
v 6.093299 40.833405 -22.135725
v -0.002785 40.789299 -2.408776
v 0.001707 -12.554306 -41.862679
v 0.001707 -12.554298 -22.135731
v 0.002925 -26.353737 -22.135725
v -0.002785 40.789299 -38.274967
v -0.001887 30.623663 -5.996460
v -0.001887 30.623661 -30.578098
v 31.033953 8.897224 -5.268096
v 107.096474 9.622915 -43.772991
v 120.899933 15.288447 -45.775494
v 114.167000 8.078173 -10.123694
v 111.078827 -12.508736 -5.268096
v 107.096474 9.622915 -32.831936
v 122.566498 -13.758462 -23.139013
v 128.795563 -19.740177 -11.848707
v 121.751213 -15.995411 -42.940109
v 122.888016 -9.845567 -15.521273
v 118.681061 36.699638 -26.877010
v 125.712517 36.852180 -6.544030
v 119.573547 31.624567 -17.909584
v 120.488770 -18.050488 -36.525810
v 116.815079 25.178354 96.931313
v 88.205742 10.948616 59.768005
v 150.967392 16.203264 71.889175
v 129.025009 31.163841 75.889389
v 118.362473 32.461376 85.577469
v 102.633408 22.116261 91.766808
v 95.752548 15.961843 67.007942
v 140.564957 22.248241 60.873653
v 153.966003 15.207252 102.445152
v 92.009773 20.806200 111.768425
v 97.378975 22.844500 99.916840
v 91.604301 -2.741282 96.931313
v 88.205742 10.948616 95.799400
v 84.316093 3.068409 93.853195
v 78.174149 -6.088290 110.604797
v 75.514664 -5.032101 111.537811
v 97.162369 1.863237 101.386856
v 58.532494 -9.988786 96.422516
v 68.661133 -9.399222 106.828888
v 69.782928 -6.955693 108.240250
v 60.162987 -8.100511 108.240250
v 60.162987 -8.100511 103.581703
v 58.591911 -6.162089 114.758331
v 95.646339 12.866383 118.645386
v 71.579483 -3.268424 96.931313
v 88.205742 10.948616 130.573746
v 52.463654 -2.799681 126.151337
v 61.262245 -3.205534 130.573746
v 52.463654 -2.799681 131.485336
v 51.647034 1.964584 136.436661
v 51.886971 1.768671 127.054726
v 60.674812 2.696692 131.485336
v 51.647034 1.964584 132.698471
v 62.907074 2.676955 119.267319
v 71.327667 3.736136 126.830299
v 75.156647 3.972193 132.945679
v 49.143494 9.206069 132.614639
v 49.594162 4.102122 127.054718
v 60.674812 3.644166 137.565094
v 49.834549 3.906232 132.614639
v 49.594162 4.102122 132.698471
v 62.907074 3.827874 132.945679
v 49.143494 9.206069 133.061478
v 62.777733 9.995447 127.495071
v 60.381386 10.196999 137.666260
v 49.449677 9.093970 127.475555
v 74.887932 10.979649 119.234047
v 71.477646 10.740681 131.076935
v 51.289349 16.040579 132.128113
v 50.631378 10.870529 132.128113
v 50.631378 10.870529 133.061584
v 62.777645 11.109129 136.847946
v 50.935623 10.758420 127.494064
v 60.379810 11.112243 135.962753
v 51.482319 16.058283 126.457550
v 60.922314 16.755993 131.076935
v 51.289349 16.040579 132.095413
v 63.189945 16.868679 125.721405
v 75.645248 17.880972 118.888222
v 72.303772 17.748772 129.506561
v 54.567883 22.217670 130.303513
v 53.751301 18.230188 126.095131
v 61.580433 18.019512 135.188065
v 53.942585 18.247976 130.303513
v 53.751301 18.230188 131.733292
v 63.847897 18.132198 -96.931305
v 88.205750 10.948613 -59.768005
v 150.967392 16.203260 -71.889175
v 129.025009 31.163845 -75.889389
v 118.362473 32.461376 -85.577469
v 102.633408 22.116261 -91.766815
v 95.752548 15.961843 -67.007942
v 140.564941 22.248241 -60.873653
v 153.966003 15.207251 -102.445152
v 92.009773 20.806200 -111.768425
v 97.378975 22.844500 -99.916832
v 91.604301 -2.741282 -96.931305
v 88.205750 10.948613 -95.799393
v 84.316101 3.068402 -93.853195
v 78.174156 -6.088288 -110.604797
v 75.514664 -5.032100 -111.537811
v 97.162369 1.863237 -96.422516
v 68.661133 -9.399224 -101.386848
v 58.532494 -9.988790 -106.828880
v 69.782928 -6.955696 -108.240242
v 60.162987 -8.100513 -108.240242
v 60.162987 -8.100513 -103.581696
v 58.591911 -6.162091 -114.758331
v 95.646339 12.866381 -118.645370
v 71.579483 -3.268427 -96.931305
v 88.205750 10.948613 -130.573746
v 52.463654 -2.799683 -126.151352
v 61.262245 -3.205535 -131.485336
v 51.647041 1.964582 -130.573746
v 52.463654 -2.799683 -136.436661
v 51.886971 1.768671 -131.485336
v 51.647041 1.964582 -127.054726
v 60.674812 2.696691 -132.698471
v 62.907074 2.676955 -119.267303
v 71.327667 3.736133 -126.830276
v 75.156647 3.972193 -132.945679
v 49.143501 9.206067 -132.614639
v 49.594162 4.102121 -127.054726
v 60.674805 3.644164 -132.614639
v 49.594162 4.102121 -137.565094
v 49.834541 3.906232 -132.698471
v 62.907074 3.827874 -132.945679
v 49.143501 9.206067 -127.495071
v 60.381386 10.196999 -133.061478
v 62.777733 9.995447 -137.666260
v 49.449677 9.093976 -119.234024
v 71.477646 10.740679 -127.475540
v 74.887939 10.979648 -131.076935
v 51.289349 16.040577 -132.128113
v 50.631371 10.870528 -132.128113
v 50.631371 10.870528 -136.847946
v 50.935631 10.758419 -133.061584
v 62.777653 11.109128 -127.494064
v 60.379803 11.112241 -135.962753
v 51.482319 16.058283 -131.076935
v 51.289349 16.040577 -126.457550
v 60.922314 16.755991 -132.095413
v 63.189953 16.868679 -118.888199
v 72.303764 17.748768 -125.721382
v 75.645248 17.880970 -129.506561
v 54.567883 22.217669 -130.303513
v 53.751301 18.230188 -126.095131
v 61.580425 18.019512 -130.303513
v 53.751301 18.230188 -135.188065
v 53.942593 18.247976 -131.733292
v 63.847904 18.132195 0.182733

vt 0.432063 0.428714
vt 0.382978 0.477483
vt 0.394948 0.476270
vt 0.521071 0.514169
vt 0.476430 0.539627
vt 0.532544 0.546650
vt 0.478001 0.496355
vt 0.469428 0.452208
vt 0.511493 0.506541
vt 0.526052 0.403875
vt 0.478503 0.443979
vt 0.443701 0.395450
vt 0.452610 0.472200
vt 0.461295 0.543817
vt 0.435616 0.458692
vt 0.418970 0.424802
vt 0.490620 0.355088
vt 0.542802 0.446122
vt 0.598237 0.525486
vt 0.600621 0.412656
vt 0.574842 0.484874
vt 0.602941 0.358029
vt 0.382465 0.337053
vt 0.437366 0.393809
vt 0.432063 0.428714
vt 0.382978 0.477483
vt 0.394948 0.476270
vt 0.521071 0.514169
vt 0.476430 0.539627
vt 0.532544 0.546650
vt 0.478001 0.496355
vt 0.469428 0.452208
vt 0.511493 0.506541
vt 0.526052 0.403875
vt 0.478503 0.341436
vt 0.504823 0.443979
vt 0.443701 0.395450
vt 0.452610 0.339090
vt 0.463498 0.472200
vt 0.461295 0.543817
vt 0.435616 0.458692
vt 0.418970 0.387285
vt 0.566454 0.424802
vt 0.490620 0.358029
vt 0.382465 0.337053
vt 0.437366 0.355088
vt 0.542802 0.341436
vt 0.504823 0.446122
vt 0.598237 0.412656
vt 0.574842 0.484874
vt 0.602941 0.387285
vt 0.566454 0.525486
vt 0.600621 0.339090
vt 0.463498 1.000000
vt 0.811423 0.510733
vt 0.919129 0.471615
vt 0.812189 0.483217
vt 0.633176 0.513615
vt 0.310567 0.509574
vt 0.709628 0.380300
vt 0.310567 0.319333
vt 0.310567 0.112235
vt 0.445584 0.112235
vt 0.945526 0.112235
vt 0.848024 0.112235
vt 0.905067 0.593381
vt 0.811423 0.687371
vt 0.919129 0.726490
vt 0.812189 0.859678
vt 0.310567 0.599229
vt 0.924933 0.598900
vt 0.708814 0.714888
vt 0.633176 0.688530
vt 0.709628 0.380300
vt 0.310567 0.032999
vt 0.445022 0.006267
vt 0.924862 0.402352
vt 0.965091 0.599055
vt 0.811375 0.398716
vt 0.888789 0.510733
vt 0.919129 0.471615
vt 0.812189 0.483217
vt 0.633176 0.450771
vt 0.557968 0.513615
vt 0.310567 0.513666
vt 0.458220 0.509574
vt 0.709628 0.380296
vt 0.311988 0.380350
vt 0.569675 0.189021
vt 0.310567 0.319333
vt 0.310567 0.323773
vt 0.463574 0.453329
vt 0.476281 0.258385
vt 0.407508 0.191472
vt 0.445022 0.112235
vt 0.445584 0.112235
vt 0.945526 0.112235
vt 0.848024 0.112235
vt 0.905067 0.932162
vt 0.777175 0.795753
vt 0.965091 0.881367
vt 0.863917 0.687371
vt 0.919129 0.726490
vt 0.812189 0.859678
vt 0.310567 0.599055
vt 0.924933 0.599055
vt 0.708814 0.714888
vt 0.633176 0.747333
vt 0.557968 0.513666
vt 0.162913 0.688530
vt 0.709628 0.380350
vt 0.051459 0.323773
vt 0.157560 0.453329
vt 0.144853 0.258385
vt 0.213626 0.205827
vt 0.639542 0.265942
vt 0.777175 0.316737
vt 0.863917 0.046275
vt 0.979587 0.032999
vt 0.848011 0.178195
vt 0.979587 0.191472
vt 0.848011 0.218202
vt 0.924862 0.992277
vt 0.639542 0.799388
vt 0.888789 0.112235
vt 0.997409 0.538761
vt 0.982537 0.599052
vt 0.982537 0.605353
vt 0.813556 0.928845
vt 0.425912 0.868556
vt 0.458220 0.599052
vt 0.546893 0.990130
vt 0.399666 0.659343
vt 0.982537 0.592752
vt 0.813555 0.928845
vt 0.195222 0.868556
vt 0.162914 0.990130
vt 0.221468 0.189021
vt 0.310567 0.032999
vt 0.445022 0.032999
vt 0.848011 0.006267
vt 0.924862 0.046275
vt 0.979587 0.538761
vt 0.982537 0.402352
vt 0.965091 0.205827
vt 0.639542 0.265942
vt 0.777175 0.398716
vt 0.888789 0.316737
vt 0.863917 0.599055
vt 0.982537 0.599055
vt 0.813578 0.450771
vt 0.557968 0.928845
vt 0.425912 0.868556
vt 0.458220 0.513666
vt 0.458220 0.599055
vt 0.546893 0.990130
vt 0.399666 0.380350
vt 0.569675 0.453329
vt 0.476281 0.323773
vt 0.463574 0.189021
vt 0.310567 0.258385
vt 0.407508 0.191472
vt 0.445022 0.191472
vt 0.848011 0.218202
vt 0.924862 0.178195
vt 0.979587 0.659343
vt 0.982537 0.795753
vt 0.965091 0.992277
vt 0.639542 0.932162
vt 0.777175 0.799388
vt 0.888789 0.881367
vt 0.863917 0.599055
vt 0.811387 0.599055
vt 0.813577 0.747333
vt 0.557968 0.928845
vt 0.195222 0.868556
vt 0.162914 0.513666
vt 0.162913 0.990130
vt 0.221468 0.380291
vt 0.309139 0.453329
vt 0.144853 0.380350
vt 0.051459 0.323773
vt 0.157560 0.258385
vt 0.213626 0.189021
vt 0.310567 0.112235
vt 0.997409 1.000000
vt 0.432063 0.428714
vt 0.382978 0.477483
vt 0.394948 0.476270
vt 0.521071 0.514169
vt 0.476430 0.539627
vt 0.532544 0.546650
vt 0.478001 0.496355
vt 0.469428 0.452208
vt 0.511493 0.506541
vt 0.526052 0.403875
vt 0.478503 0.443979
vt 0.443701 0.395450
vt 0.452610 0.472200
vt 0.461295 0.543817
vt 0.435616 0.458692
vt 0.418970 0.424802
vt 0.490620 0.355088
vt 0.542802 0.446122
vt 0.598237 0.525486
vt 0.600621 0.412656
vt 0.574842 0.484874
vt 0.602941 0.358029
vt 0.382465 0.337053
vt 0.437366 0.393809
vt 0.432063 0.428714
vt 0.382978 0.477483
vt 0.394948 0.476270
vt 0.521071 0.514169
vt 0.476430 0.539627
vt 0.532544 0.546650
vt 0.478001 0.496355
vt 0.469428 0.452208
vt 0.511493 0.506541
vt 0.526052 0.403875
vt 0.478503 0.341436
vt 0.504823 0.443979
vt 0.443701 0.395450
vt 0.452610 0.339090
vt 0.463498 0.472200
vt 0.461295 0.543817
vt 0.435616 0.458692
vt 0.418970 0.387285
vt 0.566454 0.424802
vt 0.490620 0.358029
vt 0.382465 0.337053
vt 0.437366 0.355088
vt 0.542802 0.341436
vt 0.504823 0.446122
vt 0.598237 0.412656
vt 0.574842 0.484874
vt 0.602941 0.387285
vt 0.566454 0.525486
vt 0.600621 0.339090
vt 0.463498 1.000000
vt 0.859964 0.811403
vt 0.622134 0.832634
vt 0.915670 0.807352
vt 0.811070 0.912069
vt 0.818324 0.865908
vt 0.812506 0.918596
vt 0.771945 0.869316
vt 0.765823 0.878190
vt 0.690349 0.833138
vt 0.669009 0.916360
vt 0.690001 0.823079
vt 0.612663 0.832650
vt 0.645370 0.424980
vt 0.684750 0.529460
vt 0.731135 0.460907
vt 0.730949 0.421789
vt 0.692310 0.520646
vt 0.778521 0.529870
vt 0.653453 0.464458
vt 0.677903 0.531798
vt 0.607858 0.471128
vt 0.633676 0.432544
vt 0.647063 0.535164
vt 0.662812 0.471059
vt 0.686685 0.818800
vt 0.693853 0.786748
vt 0.629806 0.800895
vt 0.667936 0.806124
vt 0.758583 0.779158
vt 0.934390 0.910567
vt 0.848839 0.963634
vt 0.825381 0.977232
vt 0.767725 0.277768
vt -0.157418 0.871774
vt 0.898674 0.870005
vt 0.855613 0.764600
vt 0.869255 0.752711
vt 0.815579 0.905599
vt 0.896579 0.701151
vt 0.874121 0.774432
vt 0.894708 0.820749
vt 0.883749 0.868987
vt 0.875845 0.905362
vt 0.872567 0.724687
vt 0.980520 0.786254
vt 0.959620 0.836455
vt 0.941450 0.880689
vt 0.921675 0.703550
vt 0.505502 0.650875
vt 0.544226 0.634338
vt 0.588629 0.864000
vt 0.660045 0.062103
vt 0.426187 0.916137
vt 0.662206 0.557819
vt 0.568718 0.576407
vt 0.516443 0.703327
vt 0.438803 0.046455
vt 0.342697 0.694789
vt 0.384302 0.590115
vt 0.472717 0.611079
vt 0.388073 0.709221
vt 0.311135 0.052593
vt 0.293617 0.100597
vt 0.296036 0.644360
vt 0.292416 0.074671
vt 0.212551 0.719110
vt 0.409819 0.711171
vt 0.339158 0.695068
vt 0.374633 0.627001
vt 0.361833 0.104318
vt 0.278180 0.712189
vt 0.272300 0.064167
vt 0.270183 0.816065
vt 0.270980 0.795363
vt 0.230162 0.548357
vt 0.899834 0.540939
vt 0.968648 0.654716
vt 0.899834 0.557708
vt 0.858837 0.797755
vt 0.162219 0.763650
vt 0.106121 0.638735
vt 0.325452 0.580550
vt 0.305188 0.072290
vt 0.242341 0.586506
vt 0.275113 0.605718
vt 0.968648 0.597353
vt 0.899834 0.527360
vt 0.077128 0.539529
vt 0.144784 0.538990
vt 0.041112 0.549379
vt 0.003580 0.528387
vt 0.118541 0.574256
vt 0.075768 0.575384
vt 0.150708 0.572907
vt 0.040576 0.571764
vt 0.003470 0.575174
vt 0.118024 0.123824
vt 0.362728 0.566160
vt 0.407017 0.119771
vt 0.338185 0.726973
vt 0.397649 0.722994
vt 0.346462 0.709317
vt 0.374920 0.059658
vt 0.111949 0.059658
vt 0.142238 0.059658
vt 0.162581 0.059658
vt 0.086859 0.059658
vt 0.191529 0.059658
vt 0.059960 0.163542
vt 0.118111 0.157360
vt 0.155259 0.144155
vt 0.177754 0.154878
vt 0.089543 0.116354
vt 0.210991 0.133596
vt 0.051777 0.089592
vt 0.146022 0.089592
vt 0.167915 0.089592
vt 0.200920 0.089592
vt 0.112977 0.089592
vt 0.086406 0.089592
vt 0.055563 0.804318
vt 0.587899 0.810919
vt 0.991805 0.879826
vt 0.968184 0.950120
vt 0.916385 0.732091
vt 0.992062 0.817267
vt 0.859964 0.811403
vt 0.622134 0.832634
vt 0.915670 0.807352
vt 0.811070 0.912069
vt 0.818324 0.865908
vt 0.812506 0.918596
vt 0.771945 0.869316
vt 0.765823 0.878190
vt 0.690349 0.833138
vt 0.669009 0.916360
vt 0.690001 0.823079
vt 0.612663 0.832650
vt 0.645370 0.769226
vt 0.685085 0.597103
vt 0.722848 0.660971
vt 0.731129 0.678845
vt 0.789500 0.733300
vt 0.731284 0.772417
vt 0.692644 0.673560
vt 0.778855 0.597103
vt 0.816257 0.663595
vt 0.653925 0.726398
vt 0.677716 0.662408
vt 0.608193 0.723079
vt 0.634011 0.761663
vt 0.647398 0.597642
vt 0.638847 0.659694
vt 0.662994 0.723452
vt 0.686985 0.818800
vt 0.693853 0.786748
vt 0.629806 0.800895
vt 0.667936 0.806124
vt 0.758583 0.970377
vt 0.887758 0.779158
vt 0.934390 0.910567
vt 0.848839 0.963634
vt 0.825381 0.965050
vt 0.687217 0.282966
vt -0.155442 0.871774
vt 0.898674 0.870005
vt 0.855613 0.764600
vt 0.869255 0.752711
vt 0.815579 0.905599
vt 0.896579 0.701151
vt 0.874121 0.708317
vt 0.909344 0.774432
vt 0.894708 0.820749
vt 0.883749 0.868987
vt 0.875845 0.905362
vt 0.872567 0.724687
vt 0.980520 0.786254
vt 0.959620 0.836455
vt 0.941450 0.880689
vt 0.921675 0.962734
vt 0.645033 0.754609
vt 0.425216 0.005836
vt 0.285749 0.817295
vt 0.581707 0.754912
vt 0.487354 0.002543
vt 0.372221 0.806609
vt 0.505650 0.860577
vt 0.543399 0.879493
vt 0.586986 0.864000
vt 0.660045 0.062103
vt 0.426187 0.916137
vt 0.662206 0.955041
vt 0.563637 0.933962
vt 0.512756 0.806043
vt 0.438889 0.046455
vt 0.342697 0.814536
vt 0.385123 0.919133
vt 0.470929 0.898092
vt 0.386686 0.801803
vt 0.310427 0.052593
vt 0.293617 0.100597
vt 0.296036 0.033252
vt 0.204839 0.866745
vt 0.295880 0.074671
vt 0.212551 0.790111
vt 0.410123 0.798824
vt 0.339909 0.814451
vt 0.374734 0.882421
vt 0.364005 0.104318
vt 0.278180 0.797933
vt 0.273198 0.064167
vt 0.270183 0.683035
vt 0.968648 0.659500
vt 0.270952 0.681091
vt 0.227578 0.548357
vt 0.899834 0.540939
vt 0.968648 0.557708
vt 0.858837 0.677442
vt 0.162170 0.871959
vt 0.327051 0.930521
vt 0.308194 0.072290
vt 0.242341 0.924495
vt 0.278279 0.605718
vt 0.968648 0.597353
vt 0.899834 0.123824
vt 0.362728 0.942686
vt 0.406686 0.119771
vt 0.338185 0.754576
vt 0.410237 0.782261
vt 0.397922 0.786915
vt 0.346898 0.800223
vt 0.375448 0.059658
vt 0.111949 0.059658
vt 0.142238 0.059658
vt 0.162581 0.059658
vt 0.086859 0.059658
vt 0.191529 0.059658
vt 0.059960 0.163542
vt 0.118111 0.157360
vt 0.155259 0.144155
vt 0.177754 0.154878
vt 0.089543 0.116354
vt 0.210991 0.133596
vt 0.051777 0.089592
vt 0.146022 0.089592
vt 0.167915 0.089592
vt 0.200920 0.089592
vt 0.112977 0.089592
vt 0.086406 0.089592
vt 0.055563 0.280426
vt -0.156880 0.993910
vt 0.832736 0.597103
vt 0.825858 0.596015
vt 0.629040 0.597103
vt 0.587236 0.777563
vt 0.583990 0.773696
vt 0.995809 0.987881
vt 0.760538 0.755131
vt 0.322207 0.755111
vt 0.312234 0.020348
vt 0.254958 0.505914
vt 0.899834 0.479209
vt 0.968648 0.755705
vt 0.272468 0.737319
vt 0.241644 0.521756
vt 0.858837 0.737340
vt 0.167928 0.735285
vt 0.101805 0.030390
vt 0.232009 0.755189
vt 0.334404 0.754741
vt 0.376377 0.539529
vt 0.144784 0.528387
vt 0.118541 0.606890
vt 0.177893 0.527360
vt 0.077128 0.538990
vt 0.041112 0.704916
vt 0.108188 0.549379
vt 0.003580 0.575384
vt 0.150708 0.575174
vt 0.118024 0.574256
vt 0.075768 0.572907
vt 0.040576 0.571764
vt 0.003470 0.274888
vt -0.158101 0.517699
vt 0.790223 0.897541
vt 0.253814 0.977232
vt 0.767725 0.664509
vt 0.918202 0.598076
vt 0.197639 0.598752
vt 0.918202 0.547034
vt 0.918202 0.493832
vt 0.918202 0.547034
vt 0.918202 0.598752
vt 0.918202 0.805063
vt 0.238211 0.673518
vt 0.237048 0.671072
vt 0.932405 0.603043
vt 0.932405 0.542405
vt 0.932405 0.486766
vt 0.932405 0.542405
vt 0.932405 0.603043
vt 0.932405 0.887789
vt 0.208194 0.349172
vt 0.190719 0.423697
vt 0.177943 0.494799
vt 0.148349 0.275978
vt 0.137419 0.347050
vt 0.217239 0.428594
vt 0.199187 0.252724
vt 0.239536 0.350212
vt 0.332589 0.468110
vt 0.357440 0.217863
vt 0.368133 0.217735
vt 0.214319 0.293949
vt 0.239386 0.190260
vt 0.293056 0.289586
vt 0.366773 0.492690
vt 0.324024 0.298460
vt 0.213528 0.226095
vt 0.193402 0.258628
vt 0.218826 0.301655
vt 0.182106 0.267452
vt 0.180053 0.236290
vt 0.162588 0.354067
vt 0.059612 0.415464
vt 0.043926 0.477866
vt 0.034501 0.288143
vt 0.059641 0.348370
vt 0.163891 0.422785
vt 0.156297 0.493227
vt 0.128555 0.313894
vt 0.156228 0.230199
vt 0.131739 0.320066
vt 0.062953 0.260829
vt 0.048976 0.316318
vt 0.120874 0.349280
vt 0.122462 0.421192
vt 0.109543 0.497214
vt 0.096914 0.236035
vt 0.098496 0.277775
vt 0.117213 0.499317
vt 0.157133 0.540374
vt 0.214208 0.520869
vt 0.309836 0.188762
vt 0.330265 0.347282
vt 0.279129 0.204471
vt 0.259757 0.286575
vt 0.288076 0.240404
vt 0.286771 0.451614
vt 0.283856 0.468438
vt 0.243138 0.522624
vt 0.189501 0.209110
vt 0.340037 0.252139
vt 0.358789 0.836024
vt 0.108782 0.850744
vt 0.136232 0.638237
vt 0.104795 0.740277
vt 0.033964 0.694865
vt 0.048116 0.784464
vt 0.049828 0.856570
vt 0.100698 0.873183
vt 0.130068 0.740938
vt 0.017100 0.796689
vt 0.035448 0.876119
vt 0.091719 0.895322
vt 0.123818 0.741225
vt 0.002488 0.812726
vt 0.025194 0.683843
vt 0.033316 0.667038
vt 0.020872 0.411291
vt 0.018599 0.465293
vt 0.009949 0.292387
vt 0.032991 0.357680
vt 0.032400 0.763814
vt 0.093172 0.270860
vt 0.023962 0.420016
vt 0.074742 0.419832
vt 0.338239 0.394844
vt 0.292770 0.379716
vt 0.356436 0.351241
vt 0.350455 0.473499
vt 0.375154 0.214120
vt 0.382777 0.172565
vt 0.294878 0.293111
vt 0.379946 0.503642
vt 0.338742 0.127372
vt 0.234703 0.532561
vt 0.316980 0.176476
vt 0.337123 0.194175
vt 0.351017 0.257759
vt 0.378206 0.414653
vt 0.358640 0.379249
vt 0.374985 0.350446
vt -0.131177 0.618281
vt 0.095890 0.601079
vt 0.087444 0.349172
vt 0.190719 0.423697
vt 0.177943 0.494799
vt 0.148349 0.275978
vt 0.137419 0.347050
vt 0.217239 0.428594
vt 0.199187 0.252724
vt 0.239536 0.350212
vt 0.332589 0.468110
vt 0.357440 0.217863
vt 0.368133 0.217735
vt 0.214319 0.293949
vt 0.239386 0.190260
vt 0.293056 0.289586
vt 0.366773 0.492690
vt 0.324024 0.298460
vt 0.213528 0.226095
vt 0.193402 0.258628
vt 0.218826 0.301655
vt 0.182106 0.267452
vt 0.180053 0.236290
vt 0.162588 0.354067
vt 0.059612 0.415464
vt 0.043926 0.477866
vt 0.034501 0.288143
vt 0.059641 0.348370
vt 0.163891 0.422785
vt 0.156297 0.493227
vt 0.128555 0.313894
vt 0.156228 0.230199
vt 0.131739 0.320066
vt 0.062953 0.260829
vt 0.048976 0.316318
vt 0.120874 0.349280
vt 0.122462 0.421192
vt 0.109543 0.497214
vt 0.096914 0.236035
vt 0.098496 0.277775
vt 0.117213 0.499317
vt 0.157133 0.540374
vt 0.214208 0.520869
vt 0.309836 0.188762
vt 0.330265 0.347282
vt 0.279129 0.204471
vt 0.259757 0.286575
vt 0.288076 0.240404
vt 0.286771 0.451614
vt 0.283856 0.468438
vt 0.243138 0.522624
vt 0.189501 0.209110
vt 0.340037 0.252139
vt 0.358789 0.836024
vt 0.108782 0.850744
vt 0.136232 0.638237
vt 0.104795 0.740277
vt 0.033964 0.694865
vt 0.048116 0.784464
vt 0.049828 0.856570
vt 0.100698 0.873183
vt 0.130068 0.740938
vt 0.017100 0.796689
vt 0.035448 0.876119
vt 0.091719 0.895322
vt 0.123818 0.741225
vt 0.002488 0.812726
vt 0.025194 0.683843
vt 0.033316 0.667038
vt 0.020872 0.411291
vt 0.018599 0.465293
vt 0.009949 0.292387
vt 0.032991 0.357680
vt 0.032400 0.763814
vt 0.093172 0.270860
vt 0.023962 0.420016
vt 0.074742 0.419832
vt 0.338239 0.394844
vt 0.292770 0.379716
vt 0.356436 0.351241
vt 0.350455 0.473499
vt 0.375154 0.214120
vt 0.382777 0.172565
vt 0.294878 0.293111
vt 0.379946 0.503642
vt 0.338742 0.127372
vt 0.234703 0.532561
vt 0.316980 0.176476
vt 0.337123 0.194175
vt 0.351017 0.257759
vt 0.378206 0.414653
vt 0.358640 0.379249
vt 0.374985 0.350446
vt -0.131177 0.618281
vt 0.095890 0.601079
vt 0.087444 0.299018
vt 0.769781 0.295917
vt 0.929532 0.305046
vt 0.839572 0.282467
vt 0.769781 0.295575
vt 0.984026 0.313729
vt 0.879148 0.321933
vt 0.839572 0.331567
vt 0.879148 0.325540
vt 0.929532 0.242227
vt 0.929532 0.249407
vt 0.879148 0.275509
vt 0.984026 0.241574
vt 0.769781 0.218487
vt 0.929532 0.231459
vt 0.839572 0.222035
vt 0.769781 0.218454
vt 0.984026 0.231965
vt 0.879148 0.247822
vt 0.839572 0.180583
vt 0.839572 0.168305
vt 0.929532 0.187741
vt 0.984026 0.172431
vt 0.769781 0.146022
vt 0.929532 0.163083
vt 0.839572 0.155796
vt 0.769781 0.138605
vt 0.984026 0.158252
vt 0.879944 0.176353
vt 0.879148 0.106083
vt 0.839572 0.104014
vt 0.879148 0.110953
vt 0.769781 0.068603
vt 0.929532 0.086743
vt 0.839572 0.091615
vt 0.769781 0.074887
vt 0.984026 0.082775
vt 0.879148 0.095289
vt 0.983842 0.017130
vt 0.839572 0.092487
vt 0.929532 0.039436
vt 0.769781 0.444475
vt 0.929532 0.457687
vt 0.839572 0.407346
vt 0.769781 0.001110
vt 0.984026 0.467838
vt 0.879148 0.014079
vt 0.879148 0.053012
vt 0.984026 0.013397
vt 0.929532 0.400275
vt 0.929532 0.406926
vt 0.879148 0.365591
vt 0.769781 0.373308
vt 0.929532 0.378511
vt 0.839572 0.350962
vt 0.769781 0.369738
vt 0.984026 0.390527
vt 0.879148 0.397994
vt 0.839572 0.419904
vt 0.984026 0.343918
vt 0.984026 0.299736
vt 0.996394 0.273682
vt 0.996394 0.219809
vt 0.996394 0.184566
vt 0.996922 0.131517
vt 0.996471 0.072029
vt 0.996394 0.097227
vt 0.996390 0.437394
vt 0.996394 0.051377
vt 0.996394 0.374194
vt 0.996394 0.419047
vt 0.996394 0.345903
vt 0.996394 0.112217
vt 0.703664 0.199139
vt 0.703664 0.067190
vt 0.703664 0.151723
vt 0.703664 0.032690
vt 0.633761 0.218407
vt 0.567425 0.350622
vt 0.585212 0.099329
vt 0.550096 0.403954
vt 0.576223 0.374333
vt 0.589111 0.421941
vt 0.602475 0.397189
vt 0.631581 0.242534
vt 0.621587 0.300866
vt 0.620762 0.351025
vt 0.624055 0.379376
vt 0.617018 0.412281
vt 0.591099 0.247939
vt 0.703664 0.123871
vt 0.556119 0.065783
vt 0.614653 0.108043
vt 0.591254 0.022330
vt 0.558397 0.037145
vt 0.588498 0.293503
vt 0.545840 0.260077
vt 0.621316 0.303340
vt 0.703664 0.057727
vt 0.676864 0.147474
vt 0.554730 0.195259
vt 0.560193 0.269916
vt 0.554989 0.122587
vt 0.510994 0.102686
vt 0.513272 0.119432
vt 0.473374 0.117862
vt 0.456224 0.138096
vt 0.470941 0.136379
vt 0.454577 0.316824
vt 0.544487 0.314369
vt 0.508142 0.143404
vt 0.509295 0.148690
vt 0.460411 0.307638
vt 0.467526 0.312232
vt 0.508433 0.148277
vt 0.508203 0.289112
vt 0.509955 0.172204
vt 0.508287 0.171889
vt 0.443747 0.172005
vt 0.459951 0.286444
vt 0.508851 0.174555
vt 0.508476 0.177615
vt 0.449872 0.176198
vt 0.465987 0.196332
vt 0.467285 0.197344
vt 0.450600 0.265853
vt 0.515549 0.195946
vt 0.512335 0.226400
vt 0.484287 0.231888
vt 0.467700 0.242923
vt 0.524199 0.222336
vt 0.520229 0.209528
vt 0.479108 0.215209
vt 0.463180 0.263198
vt 0.518216 0.202206
vt 0.514646 0.246475
vt 0.563993 0.171580
vt 0.553974 0.268378
vt 0.738207 0.236338
vt 0.738207 0.212841
vt 0.738207 0.187064
vt 0.738207 0.164428
vt 0.738207 0.152678
vt 0.738207 0.118202
vt 0.738207 0.104455
vt 0.738207 0.378805
vt 0.738207 0.051775
vt 0.738207 0.325818
vt 0.738207 0.339285
vt 0.738207 0.285008
vt 0.738207 0.299018
vt 0.769781 0.295917
vt 0.929532 0.305046
vt 0.839572 0.282467
vt 0.769781 0.295575
vt 0.984026 0.313729
vt 0.879148 0.321933
vt 0.839572 0.331567
vt 0.879148 0.325540
vt 0.929532 0.242227
vt 0.929532 0.249407
vt 0.879148 0.275509
vt 0.984026 0.241574
vt 0.769781 0.218487
vt 0.929532 0.231459
vt 0.839572 0.222035
vt 0.769781 0.218454
vt 0.984026 0.231965
vt 0.879148 0.247822
vt 0.839572 0.180583
vt 0.839572 0.168305
vt 0.929532 0.187741
vt 0.984026 0.172431
vt 0.769781 0.146022
vt 0.929532 0.163083
vt 0.839572 0.155796
vt 0.769781 0.138605
vt 0.984026 0.158252
vt 0.879944 0.176353
vt 0.879148 0.106083
vt 0.839572 0.104014
vt 0.879148 0.110953
vt 0.769781 0.068603
vt 0.929532 0.086743
vt 0.839572 0.091615
vt 0.769781 0.074887
vt 0.984026 0.082775
vt 0.879148 0.095289
vt 0.983842 0.017130
vt 0.839572 0.092487
vt 0.929532 0.039436
vt 0.769781 0.444475
vt 0.929532 0.457687
vt 0.839572 0.407346
vt 0.769781 0.001110
vt 0.984026 0.467838
vt 0.879148 0.014079
vt 0.879148 0.053012
vt 0.984026 0.013397
vt 0.929532 0.400275
vt 0.929532 0.406926
vt 0.879148 0.365591
vt 0.769781 0.373308
vt 0.929532 0.378511
vt 0.839572 0.350962
vt 0.769781 0.369738
vt 0.984026 0.390527
vt 0.879148 0.397994
vt 0.839572 0.419904
vt 0.984026 0.343918
vt 0.984026 0.299736
vt 0.996394 0.273682
vt 0.996394 0.219809
vt 0.996394 0.184566
vt 0.996922 0.131517
vt 0.996471 0.072029
vt 0.996394 0.097227
vt 0.996390 0.437394
vt 0.996394 0.051377
vt 0.996394 0.374194
vt 0.996394 0.419047
vt 0.996394 0.345903
vt 0.996394 0.112217
vt 0.703664 0.199139
vt 0.703664 0.067190
vt 0.703664 0.151723
vt 0.703664 0.032690
vt 0.633761 0.218407
vt 0.567425 0.350622
vt 0.585212 0.099329
vt 0.550096 0.403954
vt 0.576223 0.374333
vt 0.589111 0.421941
vt 0.602475 0.397189
vt 0.631581 0.242534
vt 0.621587 0.300866
vt 0.620762 0.351025
vt 0.624055 0.379376
vt 0.617018 0.412281
vt 0.591099 0.247939
vt 0.703664 0.123871
vt 0.556119 0.065783
vt 0.614653 0.108043
vt 0.591254 0.022330
vt 0.558397 0.037145
vt 0.588498 0.293503
vt 0.545840 0.260077
vt 0.621316 0.303340
vt 0.703664 0.057727
vt 0.676864 0.147474
vt 0.554730 0.195259
vt 0.560193 0.269916
vt 0.554989 0.122587
vt 0.510994 0.102686
vt 0.513272 0.119432
vt 0.473374 0.117862
vt 0.456224 0.138096
vt 0.470941 0.136379
vt 0.454577 0.316824
vt 0.544487 0.314369
vt 0.508142 0.143404
vt 0.509295 0.148690
vt 0.460411 0.307638
vt 0.467526 0.312232
vt 0.508433 0.148277
vt 0.508203 0.289112
vt 0.509955 0.172204
vt 0.508287 0.171889
vt 0.443747 0.172005
vt 0.459951 0.286444
vt 0.508851 0.174555
vt 0.508476 0.177615
vt 0.449872 0.176198
vt 0.465987 0.196332
vt 0.467285 0.197344
vt 0.450600 0.265853
vt 0.515549 0.195946
vt 0.512335 0.226400
vt 0.484287 0.231888
vt 0.467700 0.242923
vt 0.524199 0.222336
vt 0.520229 0.209528
vt 0.479108 0.215209
vt 0.463180 0.263198
vt 0.518216 0.202206
vt 0.514646 0.246475
vt 0.563993 0.171580
vt 0.553974 0.268378
vt 0.738207 0.236338
vt 0.738207 0.212841
vt 0.738207 0.187064
vt 0.738207 0.164428
vt 0.738207 0.152678
vt 0.738207 0.118202
vt 0.738207 0.104455
vt 0.738207 0.378805
vt 0.738207 0.051775
vt 0.738207 0.325818
vt 0.738207 0.339285
vt 0.738207 0.285008
vt 0.738207 0.835249
vt 0.671932 0.820328
vt 0.686081 0.855530
vt 0.659751 0.414844
vt 0.698833 0.455891
vt 0.743156 0.413973
vt 0.645449 0.655454
vt -0.105140 0.676383
vt -0.136371 0.650779
vt -0.120110 0.676878
vt -0.115491 0.643911
vt -0.088983 0.637384
vt -0.096138 0.642350
vt -0.080161 0.634401
vt -0.080744 0.279319
vt -0.153250 0.274270
vt -0.158145 0.695712
vt 0.988277 0.705350
vt 0.953018 0.708317
vt 0.909344 0.273119
vt -0.159909 0.269791
vt -0.162964 0.274076
vt -0.157997 0.755126
vt 0.520064 0.709980
vt 0.533713 0.675271
vt 0.563150 0.659916
vt 0.598189 0.114539
vt 0.461387 0.063867
vt 0.456059 0.019468
vt 0.448761 0.122278
vt 0.441671 0.150624
vt 0.390484 0.521372
vt 0.335586 0.544508
vt 0.322191 0.885309
vt 0.283091 0.806107
vt 0.289357 0.787605
vt 0.244831 0.482597
vt 0.994864 0.539500
vt 0.994864 0.671739
vt 0.994864 0.683035
vt 0.968648 0.608488
vt 0.994864 0.737526
vt 0.250124 0.866886
vt 0.178355 0.565966
vt 0.818005 0.547659
vt 0.818005 0.119259
vt 0.246771 0.121249
vt 0.218656 0.500722
vt 0.117863 0.526537
vt 0.151981 0.520957
vt 0.039781 0.497918
vt 0.077195 0.536249
vt 0.003193 0.552604
vt 0.187280 0.539554
vt 0.187867 0.574592
vt 0.187419 0.498831
vt 0.390018 0.178451
vt 0.161812 0.186747
vt 0.119038 0.158572
vt 0.188268 0.169352
vt 0.084752 0.149883
vt 0.049793 0.129961
vt 0.216545 0.143774
vt 0.006041 0.125554
vt 0.013353 0.090647
vt 0.024914 0.060714
vt 0.033883 0.804318
vt 0.587899 0.777563
vt 0.583990 0.817295
vt 0.581707 0.879826
vt 0.968184 0.810919
vt 0.991805 0.835249
vt 0.671932 0.820328
vt 0.686081 0.965050
vt 0.687217 0.855530
vt 0.659751 0.962734
vt 0.645033 0.779362
vt 0.699168 0.738315
vt 0.743491 0.780234
vt 0.645784 0.699874
vt -0.106965 0.703613
vt -0.122280 0.713879
vt -0.091857 0.720358
vt -0.099546 0.717713
vt -0.083256 0.726014
vt -0.084507 0.773696
vt 0.995809 0.732091
vt 0.992062 0.695712
vt 0.988277 0.705350
vt 0.953018 0.950120
vt 0.916385 0.970377
vt 0.887758 0.284554
vt -0.152593 0.286444
vt -0.154431 0.279273
vt -0.157336 0.287464
vt -0.153149 0.868987
vt 0.875845 0.870005
vt 0.855613 0.910567
vt 0.848839 0.905362
vt 0.872567 0.963634
vt 0.825381 0.987881
vt 0.760538 0.800853
vt 0.534225 0.837098
vt 0.563199 0.854393
vt 0.597597 0.114539
vt 0.461387 0.063867
vt 0.456059 0.002543
vt 0.372221 0.019468
vt 0.448761 0.122278
vt 0.441671 0.122278
vt 0.441671 0.150624
vt 0.390484 0.123824
vt 0.362728 0.005836
vt 0.285749 0.020348
vt 0.254958 0.989517
vt 0.338382 0.966262
vt 0.325246 0.033252
vt 0.204839 0.030390
vt 0.232009 0.589729
vt 0.279845 0.668269
vt 0.289192 0.576011
vt 0.252988 0.687293
vt 0.244752 0.539500
vt 0.994864 0.671739
vt 0.994864 0.608488
vt 0.994864 0.565966
vt 0.818005 0.119259
vt 0.246771 0.121249
vt 0.218656 1.010230
vt 0.392562 0.178451
vt 0.161812 0.186747
vt 0.119038 0.158572
vt 0.188268 0.169352
vt 0.084752 0.149883
vt 0.049793 0.129961
vt 0.216545 0.143774
vt 0.006041 0.125554
vt 0.013353 0.090647
vt 0.024914 0.060714
vt 0.033883 0.500722
vt 0.117863 0.526537
vt 0.151981 0.520957
vt 0.039781 0.497918
vt 0.077195 0.536297
vt 0.003739 0.552604
vt 0.187280 0.539831
vt 0.187477 0.574592
vt 0.187419 0.285852
vt -0.154679 0.875528
vt 0.198657 0.585889
vt 0.207280 0.977232
vt 0.767725 0.671072
vt 0.932405 0.654716
vt 0.899834 0.664509
vt 0.918202 0.187196
vt 0.164761 0.160243
vt 0.197561 0.203891
vt 0.124103 0.193594
vt 0.144082 0.234650
vt -0.000176 0.204221
vt 0.083122 0.226649
vt 0.025932 0.136064
vt 0.217986 0.804086
vt 0.146638 0.786420
vt 0.110104 0.687564
vt 0.108217 0.620079
vt 0.131942 0.663822
vt 0.143931 0.737439
vt 0.086197 0.715470
vt 0.090363 0.598552
vt 0.125615 0.579225
vt 0.118734 0.995855
vt 0.158534 0.901452
vt 0.158534 0.948653
vt 0.199149 0.910036
vt 0.031460 0.948653
vt 0.001540 0.987270
vt 0.031460 0.321415
vt 0.035328 0.554475
vt 0.226392 0.340968
vt -0.120594 0.342757
vt -0.118441 0.360366
vt -0.126476 0.353234
vt -0.134556 0.354639
vt -0.116188 0.359573
vt -0.117188 0.361227
vt -0.123314 0.350382
vt -0.113498 0.340085
vt -0.136066 0.337467
vt -0.131404 0.344168
vt -0.137237 0.360356
vt -0.120788 0.338810
vt -0.126002 0.187196
vt 0.164761 0.160243
vt 0.197561 0.193594
vt 0.144082 0.203891
vt 0.124103 0.234650
vt -0.000176 0.204221
vt 0.083122 0.226649
vt 0.025932 0.136064
vt 0.217986 0.804086
vt 0.146638 0.786420
vt 0.110104 0.687564
vt 0.108217 0.620079
vt 0.131942 0.663822
vt 0.143931 0.737439
vt 0.086197 0.715470
vt 0.090363 0.598552
vt 0.125615 0.579225
vt 0.118734 0.901452
vt 0.158534 0.995855
vt 0.158534 0.948653
vt 0.199149 0.948653
vt 0.001540 0.987270
vt 0.031460 0.910036
vt 0.031460 0.321415
vt 0.035328 0.554475
vt 0.226392 0.340968
vt -0.120594 0.342757
vt -0.118441 0.360366
vt -0.126476 0.353234
vt -0.134556 0.354639
vt -0.116188 0.359573
vt -0.117188 0.361227
vt -0.123314 0.350382
vt -0.113498 0.340085
vt -0.136066 0.337467
vt -0.131404 0.344168
vt -0.137237 0.360356
vt -0.120788 0.338810
vt -0.126002 0.354409
vt 0.703664 0.438275
vt 0.984026 0.491455
vt 0.879148 0.480548
vt 0.839572 0.420966
vt 0.769781 0.384338
vt 0.738207 0.465871
vt 0.929532 0.003701
vt 0.996394 0.246132
vt 0.681030 0.200163
vt 0.651178 0.098380
vt 0.671881 0.301746
vt 0.688873 0.324158
vt 0.678044 0.371167
vt 0.656581 0.075102
vt 0.587065 0.129270
vt 0.656923 0.006835
vt 0.566203 0.018733
vt 0.601345 0.053497
vt 0.576707 0.034332
vt 0.550096 0.017481
vt 0.544739 0.001976
vt 0.552550 0.159389
vt 0.657178 0.340146
vt 0.543133 0.077730
vt 0.696287 0.103640
vt 0.480232 0.335343
vt 0.506903 0.330989
vt 0.474104 0.312393
vt 0.474725 0.087424
vt 0.493922 0.059196
vt 0.532697 0.069264
vt 0.499075 0.082258
vt 0.533900 0.050340
vt 0.567243 0.076691
vt 0.579225 0.285300
vt 0.468638 0.148818
vt 0.443422 0.059196
vt 0.532697 0.087424
vt 0.493922 0.069264
vt 0.499075 0.082258
vt 0.533900 0.069264
vt 0.499075 0.082258
vt 0.533900 0.059196
vt 0.532697 0.087424
vt 0.493922 0.076691
vt 0.579225 0.050340
vt 0.567243 0.261626
vt 0.475675 0.281224
vt 0.471898 0.069264
vt 0.499075 0.082258
vt 0.533900 0.087424
vt 0.493922 0.059196
vt 0.532697 0.087424
vt 0.493922 0.059196
vt 0.532697 0.069264
vt 0.499075 0.082258
vt 0.533900 0.076691
vt 0.579225 0.050340
vt 0.567243 0.241671
vt 0.492551 0.258325
vt 0.487770 0.059196
vt 0.532697 0.087424
vt 0.493922 0.069264
vt 0.499075 0.082258
vt 0.533900 0.354409
vt 0.703664 0.438275
vt 0.984026 0.491455
vt 0.879148 0.480548
vt 0.839572 0.420966
vt 0.769781 0.384338
vt 0.738207 0.465871
vt 0.929532 0.003701
vt 0.996394 0.246132
vt 0.681030 0.200163
vt 0.651178 0.098380
vt 0.671881 0.301746
vt 0.688873 0.324158
vt 0.678044 0.371167
vt 0.656581 0.075102
vt 0.587065 0.129270
vt 0.656923 0.018733
vt 0.601345 0.006835
vt 0.566203 0.053497
vt 0.576707 0.034332
vt 0.550096 0.017481
vt 0.544739 0.001976
vt 0.552550 0.159389
vt 0.657178 0.340146
vt 0.543133 0.077730
vt 0.696287 0.103640
vt 0.480232 0.335343
vt 0.506903 0.312393
vt 0.474725 0.330989
vt 0.474104 0.087424
vt 0.493922 0.069264
vt 0.499075 0.059196
vt 0.532697 0.082258
vt 0.533900 0.050340
vt 0.567243 0.076691
vt 0.579225 0.285300
vt 0.468638 0.148818
vt 0.443422 0.059196
vt 0.532697 0.069264
vt 0.499075 0.087424
vt 0.493922 0.082258
vt 0.533900 0.069264
vt 0.499075 0.059196
vt 0.532697 0.082258
vt 0.533900 0.087424
vt 0.493922 0.050340
vt 0.567243 0.076691
vt 0.579225 0.261626
vt 0.475675 0.281224
vt 0.471898 0.069264
vt 0.499075 0.087424
vt 0.493922 0.082258
vt 0.533900 0.059196
vt 0.532697 0.087424
vt 0.493922 0.069264
vt 0.499075 0.059196
vt 0.532697 0.082258
vt 0.533900 0.050340
vt 0.567243 0.076691
vt 0.579225 0.241671
vt 0.492551 0.258325
vt 0.487770 0.059196
vt 0.532697 0.069264
vt 0.499075 0.087424
vt 0.493922 0.082258
vt 0.533900 1.000000

f 23/23 24/24 1/1
f 23/23 1/1 2/2
f 11/11 18/18 17/17
f 18/18 11/11 36/36
f 11/11 17/17 14/14
f 9/9 19/19 4/4
f 19/19 9/9 21/21
f 8/8 4/4 5/5
f 4/4 8/8 9/9
f 8/8 5/5 15/15
f 14/14 15/15 12/12
f 19/19 10/10 4/4
f 10/10 19/19 22/22
f 4/4 10/10 5/5
f 5/5 10/10 7/7
f 5/5 7/7 15/15
f 9/9 43/43 21/21
f 43/43 9/9 17/17
f 22/22 6/6 10/10
f 6/6 22/22 20/20
f 10/10 6/6 7/7
f 12/12 11/11 14/14
f 11/11 12/12 13/13
f 13/13 36/36 11/11
f 36/36 13/13 39/39
f 12/12 15/15 16/16
f 12/12 16/16 1/1
f 12/12 1/1 13/13
f 13/13 1/1 24/24
f 13/13 24/24 39/39
f 14/14 8/8 15/15
f 15/15 3/3 16/16
f 16/16 2/2 1/1
f 16/16 3/3 2/2
f 14/14 9/9 8/8
f 9/9 14/14 17/17
f 17/17 18/18 43/43
f 45/45 25/25 46/46
f 45/45 26/26 25/25
f 35/35 47/47 48/48
f 47/47 35/35 44/44
f 35/35 40/40 44/44
f 33/33 49/49 50/50
f 49/49 33/33 28/28
f 32/32 28/28 33/33
f 28/28 32/32 29/29
f 32/32 41/41 29/29
f 40/40 37/37 41/41
f 49/49 34/34 51/51
f 34/34 49/49 28/28
f 28/28 29/29 34/34
f 29/29 31/31 34/34
f 29/29 41/41 31/31
f 33/33 52/52 44/44
f 52/52 33/33 50/50
f 51/51 30/30 53/53
f 30/30 51/51 34/34
f 34/34 31/31 30/30
f 37/37 35/35 38/38
f 35/35 37/37 40/40
f 38/38 48/48 54/54
f 48/48 38/38 35/35
f 37/37 42/42 41/41
f 37/37 25/25 42/42
f 37/37 38/38 25/25
f 38/38 46/46 25/25
f 38/38 54/54 46/46
f 40/40 41/41 32/32
f 41/41 42/42 27/27
f 42/42 25/25 26/26
f 42/42 26/26 27/27
f 40/40 33/33 44/44
f 33/33 40/40 32/32
f 44/44 52/52 47/47
f 76/76 65/65 120/120
f 65/65 76/76 63/63
f 77/77 65/65 66/66
f 65/65 77/77 120/120
f 119/119 66/66 64/64
f 66/66 119/119 77/77
f 127/127 78/78 56/56
f 116/116 57/57 117/117
f 116/116 60/60 57/57
f 58/58 60/60 116/116
f 80/80 56/56 78/78
f 56/56 80/80 57/57
f 118/118 57/57 80/80
f 117/117 57/57 118/118
f 128/128 56/56 71/71
f 56/56 128/128 127/127
f 56/56 55/55 71/71
f 55/55 56/56 57/57
f 72/72 57/57 60/60
f 57/57 72/72 129/129
f 116/116 84/84 58/58
f 130/130 59/59 70/70
f 131/131 59/59 130/130
f 59/59 131/131 86/86
f 72/72 60/60 132/132
f 133/133 130/130 70/70
f 61/61 93/93 89/89
f 89/89 62/62 61/61
f 62/62 89/89 92/92
f 62/62 94/94 90/90
f 86/86 61/61 59/59
f 61/61 86/86 93/93
f 94/94 62/62 92/92
f 95/95 65/65 63/63
f 65/65 95/95 122/122
f 123/123 65/65 122/122
f 65/65 123/123 66/66
f 121/121 66/66 123/123
f 66/66 121/121 64/64
f 134/134 68/68 101/101
f 69/69 124/124 100/100
f 74/74 124/124 69/69
f 73/73 124/124 74/74
f 125/125 68/68 69/69
f 68/68 125/125 101/101
f 102/102 125/125 69/69
f 100/100 102/102 69/69
f 128/128 68/68 134/134
f 68/68 128/128 71/71
f 68/68 67/67 69/69
f 67/67 68/68 71/71
f 69/69 72/72 74/74
f 72/72 69/69 135/135
f 124/124 73/73 109/109
f 136/136 70/70 59/59
f 137/137 59/59 110/110
f 59/59 137/137 136/136
f 72/72 132/132 74/74
f 138/138 70/70 136/136
f 75/75 112/112 114/114
f 112/112 62/62 113/113
f 62/62 112/112 75/75
f 62/62 139/139 115/115
f 110/110 75/75 114/114
f 75/75 110/110 59/59
f 115/115 113/113 62/62
f 64/64 126/126 119/119
f 121/121 126/126 64/64
f 140/140 98/98 96/96
f 98/98 140/140 141/141
f 142/142 98/98 141/141
f 98/98 142/142 99/99
f 143/143 99/99 142/142
f 99/99 143/143 97/97
f 144/144 81/81 145/145
f 82/82 146/146 147/147
f 87/87 146/146 82/82
f 83/83 146/146 87/87
f 148/148 81/81 82/82
f 81/81 148/148 145/145
f 149/149 148/148 82/82
f 147/147 149/149 82/82
f 150/150 81/81 144/144
f 81/81 150/150 106/106
f 81/81 79/79 82/82
f 79/79 81/81 106/106
f 107/107 82/82 151/151
f 82/82 107/107 87/87
f 146/146 83/83 152/152
f 153/153 105/105 85/85
f 154/154 85/85 155/155
f 85/85 154/154 153/153
f 107/107 156/156 87/87
f 157/157 105/105 153/153
f 88/88 158/158 159/159
f 158/158 91/91 160/160
f 91/91 158/158 88/88
f 91/91 161/161 162/162
f 155/155 88/88 159/159
f 88/88 155/155 85/85
f 162/162 160/160 91/91
f 163/163 98/98 164/164
f 98/98 163/163 96/96
f 165/165 98/98 99/99
f 98/98 165/165 164/164
f 166/166 99/99 97/97
f 99/99 166/166 165/165
f 167/167 168/168 103/103
f 169/169 104/104 170/170
f 169/169 111/111 104/104
f 108/108 111/111 169/169
f 171/171 103/103 168/168
f 103/103 171/171 104/104
f 172/172 104/104 171/171
f 170/170 104/104 172/172
f 150/150 103/103 106/106
f 103/103 150/150 167/167
f 103/103 173/173 106/106
f 173/173 103/103 104/104
f 104/104 107/107 174/174
f 107/107 104/104 111/111
f 169/169 175/175 108/108
f 176/176 85/85 105/105
f 177/177 85/85 176/176
f 85/85 177/177 178/178
f 107/107 111/111 156/156
f 179/179 176/176 105/105
f 180/180 181/181 182/182
f 182/182 91/91 180/180
f 91/91 182/182 183/183
f 91/91 184/184 185/185
f 178/178 180/180 85/85
f 180/180 178/178 181/181
f 184/184 91/91 183/183
f 97/97 143/143 186/186
f 166/166 97/97 186/186
f 209/209 187/187 210/210
f 209/209 188/188 187/187
f 197/197 204/204 222/222
f 204/204 197/197 203/203
f 197/197 200/200 203/203
f 195/195 205/205 207/207
f 205/205 195/195 190/190
f 194/194 190/190 195/195
f 190/190 194/194 191/191
f 194/194 201/201 191/191
f 200/200 198/198 201/201
f 205/205 196/196 208/208
f 196/196 205/205 190/190
f 190/190 191/191 196/196
f 191/191 193/193 196/196
f 191/191 201/201 193/193
f 195/195 229/229 203/203
f 229/229 195/195 207/207
f 208/208 192/192 206/206
f 192/192 208/208 196/196
f 196/196 193/193 192/192
f 198/198 197/197 199/199
f 197/197 198/198 200/200
f 199/199 222/222 225/225
f 222/222 199/199 197/197
f 198/198 202/202 201/201
f 198/198 187/187 202/202
f 198/198 199/199 187/187
f 199/199 210/210 187/187
f 199/199 225/225 210/210
f 200/200 201/201 194/194
f 201/201 202/202 189/189
f 202/202 187/187 188/188
f 202/202 188/188 189/189
f 200/200 195/195 203/203
f 195/195 200/200 194/194
f 203/203 229/229 204/204
f 231/231 232/232 211/211
f 231/231 211/211 212/212
f 221/221 233/233 230/230
f 233/233 221/221 234/234
f 221/221 230/230 226/226
f 219/219 235/235 214/214
f 235/235 219/219 236/236
f 218/218 214/214 215/215
f 214/214 218/218 219/219
f 218/218 215/215 227/227
f 226/226 227/227 223/223
f 235/235 220/220 214/214
f 220/220 235/235 237/237
f 214/214 220/220 215/215
f 215/215 220/220 217/217
f 215/215 217/217 227/227
f 219/219 238/238 236/236
f 238/238 219/219 230/230
f 237/237 216/216 220/220
f 216/216 237/237 239/239
f 220/220 216/216 217/217
f 223/223 221/221 226/226
f 221/221 223/223 224/224
f 224/224 234/234 221/221
f 234/234 224/224 240/240
f 223/223 227/227 228/228
f 223/223 228/228 211/211
f 223/223 211/211 224/224
f 224/224 211/211 232/232
f 224/224 232/232 240/240
f 226/226 218/218 227/227
f 227/227 213/213 228/228
f 228/228 212/212 211/211
f 228/228 213/213 212/212
f 226/226 219/219 218/218
f 219/219 226/226 230/230
f 230/230 233/233 238/238
f 362/362 496/496 242/242
f 267/267 242/242 496/496
f 242/242 424/424 362/362
f 364/364 287/287 363/363
f 363/363 287/287 286/286
f 283/283 279/279 284/284
f 279/279 283/283 275/275
f 244/244 241/241 246/246
f 247/247 248/248 246/246
f 244/244 278/278 241/241
f 242/242 267/267 268/268
f 246/246 269/269 244/244
f 248/248 269/269 246/246
f 244/244 269/269 278/278
f 249/249 266/266 248/248
f 242/242 268/268 250/250
f 1030/1030 266/266 249/249
f 1031/1031 250/250 268/268
f 424/424 242/242 252/252
f 294/294 249/249 251/251
f 250/250 252/252 242/242
f 251/251 404/404 294/294
f 252/252 250/250 253/253
f 1030/1030 249/249 292/292
f 1032/1032 253/253 250/250
f 294/294 404/404 421/421
f 247/247 273/273 404/404
f 404/404 251/251 247/247
f 249/249 247/247 251/251
f 247/247 249/249 248/248
f 278/278 277/277 241/241
f 246/246 245/245 247/247
f 393/393 255/255 264/264
f 255/255 393/393 381/381
f 381/381 258/258 255/255
f 258/258 381/381 387/387
f 264/264 256/256 265/265
f 256/256 264/264 255/255
f 257/257 265/265 256/256
f 256/256 255/255 258/258
f 256/256 1033/1033 257/257
f 1033/1033 256/256 1034/1034
f 258/258 1034/1034 256/256
f 1034/1034 258/258 525/525
f 525/525 387/387 493/493
f 387/387 525/525 258/258
f 495/495 259/259 261/261
f 259/259 495/495 494/494
f 261/261 260/260 262/262
f 260/260 261/261 259/259
f 262/262 254/254 263/263
f 254/254 262/262 260/260
f 264/264 494/494 393/393
f 494/494 264/264 259/259
f 265/265 259/259 264/264
f 259/259 265/265 260/260
f 257/257 260/260 265/265
f 260/260 257/257 254/254
f 257/257 263/263 254/254
f 263/263 257/257 1035/1035
f 257/257 1033/1033 1035/1035
f 1036/1036 1037/1037 1038/1038
f 1037/1037 1036/1036 1039/1039
f 1040/1040 1038/1038 1041/1041
f 1038/1038 1040/1040 1036/1036
f 1042/1042 1041/1041 1043/1043
f 1041/1041 1042/1042 1040/1040
f 274/274 1044/1044 491/491
f 269/269 248/248 266/266
f 497/497 363/363 286/286
f 243/243 281/281 270/270
f 281/281 243/243 282/282
f 271/271 246/246 276/276
f 246/246 271/271 245/245
f 272/272 273/273 247/247
f 272/272 247/247 245/245
f 272/272 245/245 271/271
f 492/492 273/273 272/272
f 273/273 492/492 498/498
f 524/524 1044/1044 274/274
f 1044/1044 524/524 1045/1045
f 285/285 497/497 286/286
f 497/497 285/285 366/366
f 285/285 1046/1046 366/366
f 364/364 288/288 287/287
f 282/282 275/275 283/283
f 275/275 282/282 243/243
f 276/276 246/246 241/241
f 270/270 281/281 1047/1047
f 281/281 1048/1048 1047/1047
f 277/277 278/278 280/280
f 365/365 284/284 279/279
f 284/284 365/365 400/400
f 365/365 288/288 364/364
f 1049/1049 1050/1050 1045/1045
f 1045/1045 1051/1051 1049/1049
f 1048/1048 277/277 280/280
f 277/277 1048/1048 281/281
f 281/281 241/241 277/277
f 281/281 282/282 241/241
f 283/283 241/241 282/282
f 241/241 283/283 276/276
f 283/283 271/271 276/276
f 283/283 284/284 271/271
f 284/284 400/400 271/271
f 492/492 271/271 400/400
f 271/271 492/492 272/272
f 273/273 498/498 404/404
f 1046/1046 285/285 1047/1047
f 286/286 1047/1047 285/285
f 1047/1047 286/286 270/270
f 286/286 243/243 270/270
f 243/243 286/286 287/287
f 275/275 287/287 288/288
f 287/287 275/275 243/243
f 288/288 279/279 275/275
f 288/288 365/365 279/279
f 425/425 1052/1052 289/289
f 289/289 1053/1053 290/290
f 290/290 1054/1054 291/291
f 1054/1054 1055/1055 291/291
f 1056/1056 1057/1057 293/293
f 293/293 1058/1058 426/426
f 1052/1052 1053/1053 289/289
f 290/290 1053/1053 1054/1054
f 1056/1056 293/293 1059/1059
f 293/293 1057/1057 1058/1058
f 296/296 291/291 295/295
f 291/291 296/296 290/290
f 425/425 289/289 297/297
f 297/297 422/422 425/425
f 426/426 298/298 293/293
f 422/422 297/297 307/307
f 300/300 289/289 290/290
f 289/289 300/300 297/297
f 301/301 297/297 300/300
f 296/296 300/300 290/290
f 499/499 308/308 302/302
f 338/338 293/293 298/298
f 293/293 338/338 1059/1059
f 1059/1059 338/338 1060/1060
f 303/303 426/426 423/423
f 426/426 303/303 298/298
f 304/304 298/298 303/303
f 298/298 340/340 338/338
f 340/340 298/298 304/304
f 302/302 500/500 499/499
f 313/313 423/423 501/501
f 423/423 313/313 303/303
f 311/311 303/303 313/313
f 303/303 311/311 304/304
f 310/310 1061/1061 1062/1062
f 1061/1061 310/310 301/301
f 307/307 297/297 299/299
f 302/302 322/322 305/305
f 322/322 302/302 308/308
f 323/323 305/305 322/322
f 504/504 302/302 312/312
f 302/302 504/504 500/500
f 316/316 532/532 502/502
f 532/532 316/316 531/531
f 530/530 318/318 528/528
f 318/318 530/530 327/327
f 325/325 305/305 323/323
f 324/324 443/443 306/306
f 443/443 324/324 509/509
f 314/314 1063/1063 526/526
f 1063/1063 314/314 1064/1064
f 315/315 1064/1064 314/314
f 1064/1064 315/315 1065/1065
f 317/317 1066/1066 503/503
f 1066/1066 317/317 1067/1067
f 1068/1068 326/326 1069/1069
f 326/326 1068/1068 1070/1070
f 309/309 301/301 310/310
f 301/301 309/309 299/299
f 297/297 301/301 299/299
f 505/505 1065/1065 315/315
f 1065/1065 505/505 1071/1071
f 319/319 502/502 506/506
f 502/502 319/319 316/316
f 507/507 315/315 320/320
f 315/315 507/507 505/505
f 315/315 1072/1072 320/320
f 508/508 320/320 321/321
f 320/320 508/508 507/507
f 506/506 1073/1073 319/319
f 1073/1073 506/506 1074/1074
f 310/310 308/308 309/309
f 308/308 310/310 322/322
f 1062/1062 322/322 310/310
f 322/322 1062/1062 323/323
f 324/324 311/311 313/313
f 311/311 324/324 1075/1075
f 324/324 313/313 501/501
f 1075/1075 306/306 1076/1076
f 306/306 1075/1075 324/324
f 326/326 1067/1067 317/317
f 1067/1067 326/326 1070/1070
f 327/327 531/531 316/316
f 531/531 327/327 530/530
f 316/316 319/319 327/327
f 329/329 1077/1077 1078/1078
f 1077/1077 329/329 332/332
f 328/328 1079/1079 1080/1080
f 1079/1079 328/328 330/330
f 330/330 1081/1081 1079/1079
f 1081/1081 330/330 331/331
f 1082/1082 1078/1078 1083/1083
f 1078/1078 1082/1082 329/329
f 332/332 1080/1080 1077/1077
f 1080/1080 332/332 328/328
f 334/334 332/332 329/329
f 332/332 334/334 337/337
f 333/333 330/330 328/328
f 330/330 333/333 335/335
f 335/335 331/331 330/330
f 331/331 335/335 336/336
f 1084/1084 329/329 1082/1082
f 329/329 1084/1084 334/334
f 337/337 328/328 332/332
f 328/328 337/337 333/333
f 339/339 1061/1061 301/301
f 1061/1061 339/339 1085/1085
f 301/301 300/300 339/339
f 324/324 501/501 509/509
f 341/341 422/422 307/307
f 422/422 341/341 469/469
f 510/510 308/308 499/499
f 308/308 510/510 342/342
f 343/343 307/307 299/299
f 307/307 343/343 341/341
f 299/299 309/309 343/343
f 342/342 309/309 308/308
f 309/309 342/342 343/343
f 469/469 341/341 511/511
f 342/342 510/510 511/511
f 341/341 343/343 511/511
f 343/343 342/342 511/511
f 350/350 1086/1086 1087/1087
f 1086/1086 350/350 351/351
f 351/351 1088/1088 1086/1086
f 1088/1088 351/351 352/352
f 350/350 1089/1089 353/353
f 1089/1089 350/350 1087/1087
f 353/353 1090/1090 355/355
f 1090/1090 353/353 1089/1089
f 352/352 1091/1091 1088/1088
f 1091/1091 352/352 354/354
f 355/355 1092/1092 1093/1093
f 1092/1092 355/355 1090/1090
f 351/351 359/359 356/356
f 359/359 351/351 350/350
f 352/352 356/356 357/357
f 356/356 352/352 351/351
f 353/353 359/359 350/350
f 359/359 353/353 360/360
f 355/355 360/360 353/353
f 360/360 355/355 361/361
f 354/354 357/357 358/358
f 357/357 354/354 352/352
f 1093/1093 361/361 355/355
f 361/361 1093/1093 1094/1094
f 356/356 344/344 345/345
f 344/344 356/356 359/359
f 357/357 345/345 346/346
f 345/345 357/357 356/356
f 344/344 360/360 347/347
f 360/360 344/344 359/359
f 347/347 361/361 349/349
f 361/361 347/347 360/360
f 358/358 346/346 348/348
f 346/346 358/358 357/357
f 349/349 1094/1094 1095/1095
f 1094/1094 349/349 361/361
f 294/294 292/292 249/249
f 1096/1096 368/368 1097/1097
f 397/397 1097/1097 368/368
f 368/368 1096/1096 1098/1098
f 1099/1099 1100/1100 419/419
f 1100/1100 418/418 419/419
f 415/415 410/410 406/406
f 410/410 415/415 416/416
f 370/370 372/372 367/367
f 373/373 372/372 374/374
f 370/370 367/367 409/409
f 368/368 398/398 397/397
f 372/372 370/370 399/399
f 374/374 372/372 399/399
f 370/370 409/409 399/399
f 375/375 374/374 396/396
f 368/368 376/376 398/398
f 1101/1101 375/375 396/396
f 1102/1102 398/398 376/376
f 1098/1098 378/378 368/368
f 432/432 377/377 375/375
f 376/376 368/368 378/378
f 377/377 432/432 1103/1103
f 378/378 379/379 376/376
f 1101/1101 430/430 375/375
f 1104/1104 376/376 379/379
f 432/432 1105/1105 1103/1103
f 373/373 1103/1103 527/527
f 1103/1103 373/373 377/377
f 375/375 377/377 373/373
f 373/373 374/374 375/375
f 409/409 367/367 408/408
f 372/372 373/373 371/371
f 393/393 394/394 382/382
f 382/382 381/381 393/393
f 381/381 382/382 386/386
f 386/386 387/387 381/381
f 394/394 395/395 384/384
f 384/384 382/382 394/394
f 385/385 384/384 395/395
f 384/384 386/386 382/382
f 384/384 1106/1106 1107/1107
f 1106/1106 384/384 385/385
f 386/386 1107/1107 383/383
f 1107/1107 386/386 384/384
f 495/495 388/388 494/494
f 388/388 495/495 390/390
f 390/390 389/389 388/388
f 389/389 390/390 391/391
f 391/391 380/380 389/389
f 380/380 391/391 392/392
f 394/394 494/494 388/388
f 494/494 394/394 393/393
f 395/395 388/388 389/389
f 388/388 395/395 394/394
f 385/385 389/389 380/380
f 389/389 385/385 395/395
f 385/385 392/392 1108/1108
f 392/392 385/385 380/380
f 385/385 1108/1108 1106/1106
f 1109/1109 1037/1037 1039/1039
f 1037/1037 1109/1109 1110/1110
f 1111/1111 1110/1110 1109/1109
f 1110/1110 1111/1111 1112/1112
f 1113/1113 1112/1112 1111/1111
f 1112/1112 1113/1113 1114/1114
f 405/405 491/491 1044/1044
f 399/399 396/396 374/374
f 1115/1115 418/418 1100/1100
f 369/369 413/413 414/414
f 413/413 369/369 401/401
f 402/402 372/372 371/371
f 372/372 402/402 407/407
f 403/403 373/373 527/527
f 403/403 371/371 373/373
f 403/403 402/402 371/371
f 417/417 1115/1115 1116/1116
f 1115/1115 417/417 418/418
f 417/417 1116/1116 1117/1117
f 1099/1099 419/419 420/420
f 414/414 406/406 369/369
f 406/406 414/414 415/415
f 407/407 367/367 372/372
f 401/401 1118/1118 413/413
f 413/413 1118/1118 412/412
f 408/408 411/411 409/409
f 1119/1119 416/416 1120/1120
f 416/416 1119/1119 410/410
f 1119/1119 1099/1099 420/420
f 1121/1121 1122/1122 1123/1123
f 1122/1122 1121/1121 1124/1124
f 412/412 408/408 413/413
f 408/408 412/412 411/411
f 413/413 408/408 367/367
f 413/413 367/367 414/414
f 415/415 367/367 407/407
f 367/367 415/415 414/414
f 1125/1125 1126/1126 1127/1127
f 1125/1125 1127/1127 1128/1128
f 1128/1128 1127/1127 400/400
f 1129/1129 400/400 1127/1127
f 400/400 1129/1129 492/492
f 527/527 1103/1103 1130/1130
f 1117/1117 1118/1118 417/417
f 418/418 1118/1118 401/401
f 1118/1118 418/418 417/417
f 418/418 369/369 419/419
f 369/369 418/418 401/401
f 406/406 419/419 369/369
f 419/419 406/406 420/420
f 420/420 406/406 410/410
f 420/420 410/410 1119/1119
f 425/425 427/427 1052/1052
f 427/427 428/428 1131/1131
f 428/428 429/429 1132/1132
f 1132/1132 429/429 1133/1133
f 1134/1134 431/431 1135/1135
f 431/431 1136/1136 1137/1137
f 1052/1052 427/427 1131/1131
f 428/428 1132/1132 1131/1131
f 1134/1134 1138/1138 431/431
f 431/431 1137/1137 1135/1135
f 434/434 433/433 429/429
f 429/429 428/428 434/434
f 425/425 435/435 427/427
f 435/435 425/425 422/422
f 1136/1136 431/431 436/436
f 422/422 446/446 435/435
f 438/438 428/428 427/427
f 427/427 435/435 438/438
f 439/439 438/438 435/435
f 434/434 428/428 438/438
f 499/499 440/440 447/447
f 466/466 436/436 431/431
f 431/431 1138/1138 466/466
f 1139/1139 1140/1140 1141/1141
f 441/441 1142/1142 1136/1136
f 1136/1136 436/436 441/441
f 442/442 441/441 436/436
f 436/436 468/468 442/442
f 468/468 436/436 466/466
f 440/440 499/499 500/500
f 452/452 1142/1142 441/441
f 1142/1142 452/452 1143/1143
f 450/450 441/441 442/442
f 441/441 450/450 452/452
f 449/449 1144/1144 439/439
f 1144/1144 449/449 1145/1145
f 446/446 437/437 435/435
f 440/440 460/460 447/447
f 460/460 440/440 444/444
f 461/461 460/460 444/444
f 504/504 440/440 500/500
f 440/440 504/504 451/451
f 532/532 456/456 502/502
f 456/456 532/532 533/533
f 537/537 464/464 453/453
f 464/464 537/537 538/538
f 463/463 461/461 444/444
f 462/462 1146/1146 1147/1147
f 1146/1146 462/462 445/445
f 454/454 1148/1148 1149/1149
f 1148/1148 454/454 1150/1150
f 455/455 1149/1149 1151/1151
f 1149/1149 455/455 454/454
f 457/457 1066/1066 1152/1152
f 1066/1066 457/457 503/503
f 1153/1153 464/464 1154/1154
f 464/464 1153/1153 453/453
f 448/448 439/439 437/437
f 439/439 448/448 449/449
f 435/435 437/437 439/439
f 505/505 1151/1151 1071/1071
f 1151/1151 505/505 455/455
f 458/458 502/502 456/456
f 502/502 458/458 506/506
f 507/507 455/455 505/505
f 455/455 507/507 459/459
f 455/455 459/459 514/514
f 508/508 459/459 507/507
f 459/459 508/508 517/517
f 506/506 1155/1155 1074/1074
f 1155/1155 506/506 458/458
f 449/449 447/447 460/460
f 447/447 449/449 448/448
f 1145/1145 460/460 461/461
f 460/460 1145/1145 449/449
f 462/462 450/450 1156/1156
f 450/450 462/462 452/452
f 462/462 1143/1143 452/452
f 1156/1156 445/445 462/462
f 445/445 1156/1156 1157/1157
f 464/464 1152/1152 1154/1154
f 1152/1152 464/464 457/457
f 539/539 464/464 538/538
f 464/464 539/539 457/457
f 456/456 465/465 458/458
f 467/467 1144/1144 1158/1158
f 1144/1144 467/467 439/439
f 439/439 467/467 438/438
f 462/462 1147/1147 1143/1143
f 470/470 422/422 469/469
f 422/422 470/470 446/446
f 510/510 447/447 471/471
f 447/447 510/510 499/499
f 472/472 446/446 470/470
f 446/446 472/472 437/437
f 437/437 472/472 448/448
f 471/471 448/448 472/472
f 448/448 471/471 447/447
f 469/469 511/511 470/470
f 471/471 511/511 510/510
f 470/470 511/511 472/472
f 472/472 511/511 471/471
f 479/479 1159/1159 480/480
f 1159/1159 479/479 1160/1160
f 480/480 1161/1161 481/481
f 1161/1161 480/480 1159/1159
f 479/479 1162/1162 1160/1160
f 1162/1162 479/479 482/482
f 482/482 1163/1163 1162/1162
f 1163/1163 482/482 484/484
f 481/481 1164/1164 483/483
f 1164/1164 481/481 1161/1161
f 484/484 1165/1165 1163/1163
f 1165/1165 484/484 1166/1166
f 480/480 488/488 479/479
f 488/488 480/480 485/485
f 481/481 485/485 480/480
f 485/485 481/481 486/486
f 482/482 488/488 489/489
f 488/488 482/482 479/479
f 484/484 489/489 490/490
f 489/489 484/484 482/482
f 483/483 486/486 481/481
f 486/486 483/483 487/487
f 1166/1166 490/490 1167/1167
f 490/490 1166/1166 484/484
f 485/485 473/473 488/488
f 473/473 485/485 474/474
f 486/486 474/474 485/485
f 474/474 486/486 475/475
f 473/473 489/489 488/488
f 489/489 473/473 476/476
f 476/476 490/490 489/489
f 490/490 476/476 478/478
f 487/487 475/475 486/486
f 475/475 487/487 477/477
f 478/478 1167/1167 490/490
f 1167/1167 478/478 1168/1168
f 432/432 375/375 430/430
f 512/512 1169/1169 513/513
f 1169/1169 512/512 1170/1170
f 515/515 1171/1171 516/516
f 1171/1171 515/515 1172/1172
f 516/516 1173/1173 518/518
f 1173/1173 516/516 1171/1171
f 1174/1174 1170/1170 512/512
f 1170/1170 1174/1174 1175/1175
f 513/513 1172/1172 515/515
f 1172/1172 513/513 1169/1169
f 519/519 513/513 520/520
f 513/513 519/519 512/512
f 521/521 516/516 522/522
f 516/516 521/521 515/515
f 522/522 518/518 523/523
f 518/518 522/522 516/516
f 1176/1176 512/512 519/519
f 512/512 1176/1176 1174/1174
f 520/520 515/515 521/521
f 515/515 520/520 513/513
f 1177/1177 1044/1044 1122/1122
f 1044/1044 1177/1177 405/405
f 386/386 493/493 387/387
f 493/493 386/386 383/383
f 1072/1072 315/315 1178/1178
f 536/536 1150/1150 454/454
f 1150/1150 536/536 1179/1179
f 1129/1129 498/498 492/492
f 498/498 1129/1129 1180/1180
f 526/526 535/535 314/314
f 535/535 526/526 543/543
f 455/455 514/514 529/529
f 326/326 1181/1181 1069/1069
f 1181/1181 326/326 542/542
f 317/317 542/542 326/326
f 542/542 317/317 541/541
f 503/503 541/541 317/317
f 541/541 503/503 540/540
f 539/539 503/503 457/457
f 503/503 539/539 540/540
f 534/534 1182/1182 465/465
f 1182/1182 534/534 1183/1183
f 456/456 534/534 465/465
f 534/534 456/456 533/533
f 315/315 314/314 535/535
f 454/454 455/455 536/536
f 1179/1179 455/455 529/529
f 455/455 1179/1179 536/536
f 538/538 1183/1183 534/534
f 1183/1183 538/538 537/537
f 539/539 534/534 533/533
f 534/534 539/539 538/538
f 540/540 533/533 532/532
f 533/533 540/540 539/539
f 541/541 532/532 531/531
f 532/532 541/541 540/540
f 542/542 531/531 530/530
f 531/531 542/542 541/541
f 1181/1181 530/530 528/528
f 530/530 1181/1181 542/542
f 535/535 1178/1178 315/315
f 1178/1178 535/535 543/543
f 549/549 544/544 548/548
f 544/544 549/549 545/545
f 582/582 545/545 549/549
f 545/545 582/582 546/546
f 560/560 1184/1184 554/554
f 569/569 545/545 570/570
f 545/545 569/569 544/544
f 545/545 571/571 570/570
f 571/571 545/545 546/546
f 569/569 572/572 544/544
f 548/548 586/586 619/619
f 582/582 591/591 592/592
f 554/554 1185/1185 587/587
f 1185/1185 554/554 1184/1184
f 588/588 550/550 589/589
f 550/550 588/588 555/555
f 550/550 587/587 589/589
f 587/587 550/550 554/554
f 586/586 555/555 588/588
f 555/555 586/586 548/548
f 554/554 561/561 560/560
f 561/561 554/554 550/550
f 548/548 559/559 555/555
f 558/558 590/590 552/552
f 559/559 550/550 555/555
f 550/550 559/559 561/561
f 573/573 1186/1186 1187/1187
f 562/562 547/547 563/563
f 547/547 562/562 572/572
f 562/562 544/544 572/572
f 559/559 548/548 544/544
f 1184/1184 560/560 1187/1187
f 560/560 564/564 1187/1187
f 563/563 560/560 561/561
f 560/560 563/563 564/564
f 544/544 562/562 559/559
f 563/563 559/559 562/562
f 559/559 563/563 561/561
f 1187/1187 564/564 573/573
f 547/547 564/564 563/563
f 564/564 547/547 573/573
f 566/566 614/614 565/565
f 614/614 566/566 611/611
f 566/566 612/612 611/611
f 612/612 566/566 567/567
f 1188/1188 575/575 616/616
f 574/574 565/565 614/614
f 547/547 572/572 581/581
f 577/577 572/572 569/569
f 572/572 577/577 576/576
f 570/570 577/577 569/569
f 577/577 570/570 578/578
f 579/579 570/570 571/571
f 570/570 579/579 578/578
f 581/581 575/575 580/580
f 575/575 581/581 568/568
f 572/572 576/576 581/581
f 574/574 613/613 568/568
f 1189/1189 573/573 580/580
f 573/573 1189/1189 1186/1186
f 575/575 1188/1188 1190/1190
f 584/584 591/591 558/558
f 574/574 577/577 565/565
f 577/577 574/574 576/576
f 577/577 578/578 617/617
f 566/566 579/579 567/567
f 579/579 617/617 578/578
f 566/566 617/617 579/579
f 574/574 581/581 576/576
f 581/581 574/574 568/568
f 575/575 1189/1189 580/580
f 1189/1189 575/575 1190/1190
f 547/547 581/581 573/573
f 581/581 580/580 573/573
f 620/620 618/618 619/619
f 591/591 583/583 592/592
f 587/587 1191/1191 556/556
f 1191/1191 587/587 1185/1185
f 594/594 557/557 588/588
f 593/593 553/553 589/589
f 551/551 588/588 557/557
f 588/588 551/551 586/586
f 591/591 549/549 590/590
f 589/589 585/585 593/593
f 585/585 587/587 556/556
f 587/587 585/585 589/589
f 589/589 553/553 594/594
f 588/588 589/589 594/594
f 1192/1192 595/595 1193/1193
f 595/595 1192/1192 596/596
f 1194/1194 1195/1195 1196/1196
f 1195/1195 1194/1194 597/597
f 597/597 1194/1194 599/599
f 598/598 1197/1197 600/600
f 599/599 1198/1198 1197/1197
f 600/600 1193/1193 595/595
f 600/600 615/615 1193/1193
f 599/599 1197/1197 598/598
f 601/601 596/596 602/602
f 596/596 601/601 595/595
f 1199/1199 597/597 635/635
f 597/597 1199/1199 1195/1195
f 635/635 599/599 609/609
f 599/599 635/635 597/597
f 603/603 600/600 604/604
f 600/600 603/603 598/598
f 609/609 598/598 603/603
f 598/598 609/609 599/599
f 604/604 595/595 601/601
f 595/595 604/604 600/600
f 605/605 602/602 606/606
f 602/602 605/605 601/601
f 1200/1200 635/635 636/636
f 635/635 1200/1200 1199/1199
f 607/607 604/604 608/608
f 604/604 607/607 603/603
f 610/610 603/603 607/607
f 603/603 610/610 609/609
f 608/608 601/601 605/605
f 601/601 608/608 604/604
f 1201/1201 1202/1202 1203/1203
f 1201/1201 1204/1204 1202/1202
f 1201/1201 1205/1205 1204/1204
f 1201/1201 1206/1206 1205/1205
f 575/575 568/568 613/613
f 574/574 1207/1207 613/613
f 600/600 1197/1197 615/615
f 574/574 614/614 1207/1207
f 575/575 613/613 616/616
f 599/599 1194/1194 1198/1198
f 565/565 617/617 566/566
f 617/617 565/565 577/577
f 590/590 618/618 552/552
f 618/618 590/590 619/619
f 549/549 619/619 590/590
f 619/619 549/549 548/548
f 619/619 551/551 620/620
f 551/551 619/619 586/586
f 591/591 590/590 558/558
f 582/582 549/549 591/591
f 591/591 584/584 583/583
f 621/621 620/620 551/551
f 620/620 621/621 633/633
f 627/627 556/556 1191/1191
f 556/556 627/627 624/624
f 623/623 594/594 553/553
f 594/594 623/623 631/631
f 624/624 585/585 556/556
f 585/585 624/624 629/629
f 625/625 551/551 557/557
f 551/551 625/625 621/621
f 622/622 558/558 552/552
f 558/558 622/622 626/626
f 626/626 584/584 558/558
f 584/584 626/626 628/628
f 628/628 583/583 584/584
f 583/583 628/628 1208/1208
f 629/629 593/593 585/585
f 593/593 629/629 630/630
f 630/630 553/553 593/593
f 553/553 630/630 623/623
f 631/631 557/557 594/594
f 557/557 631/631 625/625
f 632/632 552/552 618/618
f 552/552 632/632 622/622
f 633/633 618/618 620/620
f 618/618 633/633 632/632
f 1209/1209 1210/1210 634/634
f 1211/1211 1212/1212 634/634
f 1213/1213 1214/1214 634/634
f 1215/1215 1211/1211 634/634
f 1210/1210 1216/1216 634/634
f 1217/1217 1218/1218 634/634
f 1219/1219 1217/1217 634/634
f 1212/1212 1219/1219 634/634
f 1220/1220 1215/1215 634/634
f 1214/1214 1220/1220 634/634
f 1216/1216 1213/1213 634/634
f 1218/1218 1221/1221 634/634
f 1221/1221 1209/1209 634/634
f 636/636 609/609 610/610
f 609/609 636/636 635/635
f 642/642 637/637 638/638
f 637/637 642/642 641/641
f 675/675 638/638 639/639
f 638/638 675/675 642/642
f 653/653 647/647 1222/1222
f 662/662 638/638 637/637
f 638/638 662/662 663/663
f 638/638 664/664 639/639
f 664/664 638/638 663/663
f 662/662 637/637 665/665
f 641/641 712/712 679/679
f 675/675 685/685 684/684
f 647/647 1223/1223 1222/1222
f 1223/1223 647/647 680/680
f 681/681 643/643 648/648
f 643/643 681/681 682/682
f 643/643 680/680 647/647
f 680/680 643/643 682/682
f 679/679 648/648 641/641
f 648/648 679/679 681/681
f 647/647 654/654 643/643
f 654/654 647/647 653/653
f 641/641 648/648 652/652
f 651/651 645/645 683/683
f 652/652 643/643 654/654
f 643/643 652/652 648/648
f 666/666 1224/1224 1225/1225
f 655/655 640/640 665/665
f 640/640 655/655 656/656
f 655/655 665/665 637/637
f 652/652 637/637 641/641
f 1222/1222 1224/1224 653/653
f 653/653 1224/1224 657/657
f 656/656 653/653 657/657
f 653/653 656/656 654/654
f 637/637 652/652 655/655
f 656/656 652/652 654/654
f 652/652 656/656 655/655
f 1224/1224 666/666 657/657
f 640/640 657/657 666/666
f 657/657 640/640 656/656
f 659/659 707/707 704/704
f 707/707 659/659 658/658
f 659/659 705/705 660/660
f 705/705 659/659 704/704
f 1226/1226 709/709 668/668
f 667/667 707/707 658/658
f 640/640 674/674 665/665
f 670/670 665/665 669/669
f 665/665 670/670 662/662
f 663/663 670/670 671/671
f 670/670 663/663 662/662
f 672/672 663/663 671/671
f 663/663 672/672 664/664
f 674/674 668/668 661/661
f 668/668 674/674 673/673
f 665/665 674/674 669/669
f 667/667 661/661 706/706
f 1227/1227 666/666 1225/1225
f 666/666 1227/1227 673/673
f 668/668 1228/1228 1226/1226
f 677/677 651/651 684/684
f 667/667 670/670 669/669
f 670/670 667/667 658/658
f 670/670 710/710 671/671
f 672/672 659/659 660/660
f 672/672 710/710 659/659
f 672/672 671/671 710/710
f 667/667 674/674 661/661
f 674/674 667/667 669/669
f 668/668 1227/1227 1228/1228
f 1227/1227 668/668 673/673
f 640/640 666/666 674/674
f 674/674 666/666 673/673
f 713/713 712/712 711/711
f 684/684 685/685 676/676
f 680/680 1229/1229 1223/1223
f 1229/1229 680/680 649/649
f 687/687 681/681 650/650
f 686/686 682/682 646/646
f 644/644 681/681 679/679
f 681/681 644/644 650/650
f 684/684 683/683 642/642
f 682/682 686/686 678/678
f 678/678 680/680 682/682
f 680/680 678/678 649/649
f 682/682 687/687 646/646
f 681/681 687/687 682/682
f 1230/1230 688/688 689/689
f 688/688 1230/1230 1231/1231
f 1232/1232 1233/1233 690/690
f 1233/1233 1232/1232 1234/1234
f 690/690 692/692 1232/1232
f 691/691 693/693 1235/1235
f 692/692 1235/1235 1236/1236
f 693/693 688/688 1231/1231
f 693/693 1231/1231 708/708
f 692/692 691/691 1235/1235
f 694/694 689/689 688/688
f 689/689 694/694 695/695
f 1237/1237 690/690 1233/1233
f 690/690 1237/1237 728/728
f 728/728 692/692 690/690
f 692/692 728/728 702/702
f 696/696 693/693 691/691
f 693/693 696/696 697/697
f 702/702 691/691 692/692
f 691/691 702/702 696/696
f 697/697 688/688 693/693
f 688/688 697/697 694/694
f 698/698 695/695 694/694
f 695/695 698/698 699/699
f 1238/1238 728/728 1237/1237
f 728/728 1238/1238 729/729
f 700/700 697/697 696/696
f 697/697 700/700 701/701
f 703/703 696/696 702/702
f 696/696 703/703 700/700
f 701/701 694/694 697/697
f 694/694 701/701 698/698
f 1239/1239 1240/1240 1241/1241
f 1240/1240 1242/1242 1243/1243
f 1240/1240 1244/1244 1242/1242
f 1239/1239 1244/1244 1240/1240
f 668/668 706/706 661/661
f 667/667 706/706 1245/1245
f 693/693 708/708 1235/1235
f 667/667 1245/1245 707/707
f 668/668 709/709 706/706
f 692/692 1236/1236 1232/1232
f 658/658 710/710 670/670
f 710/710 658/658 659/659
f 683/683 711/711 712/712
f 711/711 683/683 645/645
f 642/642 712/712 641/641
f 712/712 642/642 683/683
f 712/712 644/644 679/679
f 644/644 712/712 713/713
f 684/684 651/651 683/683
f 675/675 684/684 642/642
f 684/684 676/676 677/677
f 714/714 713/713 726/726
f 713/713 714/714 644/644
f 720/720 649/649 717/717
f 649/649 720/720 1229/1229
f 716/716 687/687 724/724
f 687/687 716/716 646/646
f 717/717 678/678 722/722
f 678/678 717/717 649/649
f 718/718 644/644 714/714
f 644/644 718/718 650/650
f 715/715 651/651 719/719
f 651/651 715/715 645/645
f 719/719 677/677 721/721
f 677/677 719/719 651/651
f 721/721 676/676 1246/1246
f 676/676 721/721 677/677
f 722/722 686/686 723/723
f 686/686 722/722 678/678
f 723/723 646/646 716/716
f 646/646 723/723 686/686
f 724/724 650/650 718/718
f 650/650 724/724 687/687
f 725/725 645/645 715/715
f 645/645 725/725 711/711
f 726/726 711/711 725/725
f 711/711 726/726 713/713
f 1247/1247 727/727 1248/1248
f 1249/1249 727/727 1250/1250
f 1251/1251 727/727 1252/1252
f 1253/1253 727/727 1249/1249
f 1248/1248 727/727 1254/1254
f 1255/1255 727/727 1256/1256
f 1257/1257 727/727 1255/1255
f 1250/1250 727/727 1257/1257
f 1258/1258 727/727 1253/1253
f 1252/1252 727/727 1258/1258
f 1254/1254 727/727 1251/1251
f 1256/1256 727/727 1259/1259
f 1259/1259 727/727 1247/1247
f 729/729 702/702 728/728
f 702/702 729/729 703/703
f 827/827 879/879 819/819
f 748/748 735/735 740/740
f 819/819 867/867 868/868
f 734/734 738/738 789/789
f 739/739 731/731 741/741
f 748/748 733/733 732/732
f 735/735 748/748 732/732
f 733/733 748/748 742/742
f 741/741 731/731 734/734
f 732/732 737/737 735/735
f 737/737 732/732 736/736
f 733/733 736/736 732/732
f 736/736 733/733 730/730
f 879/879 733/733 867/867
f 733/733 879/879 730/730
f 734/734 731/731 738/738
f 731/731 740/740 735/735
f 740/740 731/731 739/739
f 738/738 735/735 737/737
f 735/735 738/738 731/731
f 819/819 868/868 803/803
f 749/749 747/747 758/758
f 803/803 869/869 870/870
f 746/746 739/739 741/741
f 750/750 743/743 751/751
f 749/749 745/745 744/744
f 747/747 749/749 744/744
f 745/745 749/749 752/752
f 751/751 743/743 746/746
f 744/744 740/740 747/747
f 740/740 744/744 748/748
f 745/745 748/748 744/744
f 748/748 745/745 742/742
f 868/868 745/745 869/869
f 745/745 868/868 742/742
f 746/746 743/743 739/739
f 743/743 758/758 747/747
f 758/758 743/743 750/750
f 739/739 747/747 740/740
f 747/747 739/739 743/743
f 870/870 805/805 803/803
f 805/805 870/870 871/871
f 759/759 757/757 760/760
f 805/805 872/872 873/873
f 756/756 750/750 751/751
f 769/769 753/753 767/767
f 759/759 755/755 754/754
f 757/757 759/759 754/754
f 755/755 759/759 761/761
f 767/767 753/753 756/756
f 754/754 758/758 757/757
f 758/758 754/754 749/749
f 755/755 749/749 754/754
f 749/749 755/755 752/752
f 871/871 755/755 872/872
f 755/755 871/871 752/752
f 756/756 753/753 750/750
f 753/753 760/760 757/757
f 760/760 753/753 769/769
f 750/750 757/757 758/758
f 757/757 750/750 753/753
f 805/805 873/873 802/802
f 768/768 766/766 776/776
f 802/802 874/874 876/876
f 765/765 769/769 767/767
f 778/778 762/762 777/777
f 768/768 764/764 763/763
f 766/766 768/768 763/763
f 764/764 768/768 770/770
f 777/777 762/762 765/765
f 763/763 760/760 766/766
f 760/760 763/763 759/759
f 764/764 759/759 763/763
f 759/759 764/764 761/761
f 873/873 764/764 874/874
f 764/764 873/873 761/761
f 765/765 762/762 769/769
f 762/762 776/776 766/766
f 776/776 762/762 778/778
f 769/769 766/766 760/760
f 766/766 769/769 762/762
f 802/802 876/876 804/804
f 787/787 775/775 780/780
f 1260/1260 875/875 878/878
f 774/774 778/778 777/777
f 779/779 771/771 788/788
f 787/787 773/773 772/772
f 775/775 787/787 772/772
f 773/773 787/787 781/781
f 788/788 771/771 1261/1261
f 772/772 1262/1262 775/775
f 1262/1262 772/772 1263/1263
f 773/773 1263/1263 772/772
f 1263/1263 773/773 1264/1264
f 1265/1265 773/773 875/875
f 773/773 1265/1265 1264/1264
f 1261/1261 771/771 1266/1266
f 771/771 780/780 775/775
f 780/780 771/771 779/779
f 1266/1266 775/775 1262/1262
f 775/775 1266/1266 771/771
f 1260/1260 878/878 827/827
f 736/736 786/786 737/737
f 827/827 877/877 879/879
f 785/785 779/779 788/788
f 738/738 782/782 789/789
f 736/736 784/784 783/783
f 786/786 736/736 783/783
f 784/784 736/736 730/730
f 789/789 782/782 785/785
f 783/783 780/780 786/786
f 780/780 783/783 787/787
f 784/784 787/787 783/783
f 787/787 784/784 781/781
f 878/878 784/784 877/877
f 784/784 878/878 781/781
f 785/785 782/782 779/779
f 782/782 737/737 786/786
f 737/737 782/782 738/738
f 779/779 786/786 780/780
f 786/786 779/779 782/782
f 790/790 741/741 734/734
f 741/741 790/790 791/791
f 801/801 734/734 789/789
f 734/734 801/801 790/790
f 792/792 751/751 746/746
f 751/751 792/792 793/793
f 791/791 746/746 741/741
f 746/746 791/791 792/792
f 794/794 767/767 756/756
f 767/767 794/794 796/796
f 793/793 756/756 751/751
f 756/756 793/793 794/794
f 795/795 777/777 765/765
f 777/777 795/795 798/798
f 796/796 765/765 767/767
f 765/765 796/796 795/795
f 797/797 788/788 1261/1261
f 788/788 797/797 800/800
f 798/798 774/774 777/777
f 774/774 798/798 1267/1267
f 799/799 789/789 785/785
f 789/789 799/799 801/801
f 800/800 785/785 788/788
f 785/785 800/800 799/799
f 1268/1268 814/814 1269/1269
f 814/814 865/865 807/807
f 814/814 807/807 1269/1269
f 806/806 828/828 1270/1270
f 865/865 814/814 826/826
f 1271/1271 1272/1272 815/815
f 810/810 811/811 817/817
f 817/817 818/818 810/810
f 811/811 808/808 816/816
f 816/816 817/817 811/811
f 815/815 816/816 808/808
f 818/818 817/817 813/813
f 813/813 812/812 818/818
f 813/813 817/817 1273/1273
f 816/816 1272/1272 1273/1273
f 815/815 838/838 825/825
f 1274/1274 821/821 822/822
f 1275/1275 820/820 822/822
f 820/820 809/809 822/822
f 823/823 1276/1276 1277/1277
f 1277/1277 824/824 823/823
f 824/824 1277/1277 806/806
f 806/806 821/821 824/824
f 1274/1274 1278/1278 821/821
f 1278/1278 1279/1279 823/823
f 823/823 824/824 1278/1278
f 806/806 1270/1270 821/821
f 1276/1276 823/823 1280/1280
f 1274/1274 822/822 809/809
f 1280/1280 1281/1281 1276/1276
f 1273/1273 817/817 816/816
f 1275/1275 1282/1282 820/820
f 815/815 826/826 1271/1271
f 1271/1271 826/826 1268/1268
f 831/831 826/826 815/815
f 826/826 831/831 865/865
f 838/838 808/808 1283/1283
f 808/808 838/838 815/815
f 1268/1268 826/826 814/814
f 822/822 1270/1270 1275/1275
f 821/821 1270/1270 822/822
f 815/815 1272/1272 816/816
f 1270/1270 828/828 1284/1284
f 821/821 1278/1278 824/824
f 831/831 815/815 825/825
f 836/836 835/835 834/834
f 835/835 836/836 837/837
f 809/809 820/820 832/832
f 832/832 833/833 809/809
f 829/829 832/832 820/820
f 832/832 829/829 840/840
f 833/833 832/832 834/834
f 834/834 1285/1285 833/833
f 840/840 834/834 832/832
f 834/834 840/840 836/836
f 838/838 1286/1286 839/839
f 1286/1286 838/838 1283/1283
f 839/839 1287/1287 1288/1288
f 1287/1287 839/839 1286/1286
f 1289/1289 1290/1290 1291/1291
f 1289/1289 1292/1292 1290/1290
f 1293/1293 1292/1292 1294/1294
f 1292/1292 1293/1293 1290/1290
f 847/847 841/841 848/848
f 825/825 843/843 845/845
f 843/843 825/825 838/838
f 845/845 842/842 1295/1295
f 842/842 845/845 843/843
f 1296/1296 841/841 847/847
f 866/866 844/844 829/829
f 844/844 866/866 846/846
f 846/846 841/841 844/844
f 841/841 846/846 848/848
f 1297/1297 1298/1298 1299/1299
f 1297/1297 1300/1300 1298/1298
f 1301/1301 1302/1302 1303/1303
f 1302/1302 1301/1301 1304/1304
f 1293/1293 1300/1300 1297/1297
f 1300/1300 1293/1293 1294/1294
f 1303/1303 1305/1305 1306/1306
f 1305/1305 1303/1303 1302/1302
f 852/852 853/853 851/851
f 856/856 866/866 830/830
f 866/866 856/856 850/850
f 853/853 850/850 856/856
f 850/850 853/853 852/852
f 853/853 854/854 851/851
f 825/825 855/855 831/831
f 855/855 825/825 849/849
f 849/849 1307/1307 855/855
f 1307/1307 849/849 1308/1308
f 1309/1309 1310/1310 1311/1311
f 1310/1310 1309/1309 1312/1312
f 1313/1313 1314/1314 1315/1315
f 1313/1313 1316/1316 1314/1314
f 1306/1306 1310/1310 1312/1312
f 1310/1310 1306/1306 1305/1305
f 1314/1314 1317/1317 1318/1318
f 1317/1317 1314/1314 1316/1316
f 861/861 858/858 862/862
f 858/858 861/861 857/857
f 831/831 859/859 865/865
f 859/859 831/831 863/863
f 860/860 865/865 859/859
f 865/865 860/860 807/807
f 863/863 1319/1319 859/859
f 1319/1319 863/863 1320/1320
f 857/857 859/859 1319/1319
f 859/859 857/857 860/860
f 830/830 860/860 864/864
f 860/860 830/830 807/807
f 864/864 857/857 861/861
f 857/857 864/864 860/860
f 1321/1321 1322/1322 1323/1323
f 1321/1321 1324/1324 1322/1322
f 1318/1318 1324/1324 1321/1321
f 1324/1324 1318/1318 1317/1317
f 866/866 1282/1282 830/830
f 829/829 1282/1282 866/866
f 830/830 1282/1282 807/807
f 820/820 1282/1282 829/829
f 807/807 1282/1282 1269/1269
f 867/867 742/742 868/868
f 742/742 867/867 733/733
f 867/867 819/819 879/879
f 869/869 752/752 870/870
f 752/752 869/869 745/745
f 869/869 803/803 868/868
f 870/870 752/752 871/871
f 872/872 761/761 873/873
f 761/761 872/872 755/755
f 872/872 805/805 871/871
f 874/874 770/770 876/876
f 770/770 874/874 764/764
f 874/874 802/802 873/873
f 875/875 781/781 878/878
f 781/781 875/875 773/773
f 875/875 1260/1260 1265/1265
f 877/877 730/730 879/879
f 730/730 877/877 784/784
f 877/877 827/827 878/878
f 977/977 969/969 1029/1029
f 898/898 890/890 885/885
f 969/969 1018/1018 1017/1017
f 884/884 939/939 888/888
f 889/889 891/891 881/881
f 898/898 882/882 883/883
f 885/885 882/882 898/898
f 883/883 892/892 898/898
f 891/891 884/884 881/881
f 882/882 887/887 886/886
f 887/887 882/882 885/885
f 883/883 886/886 880/880
f 886/886 883/883 882/882
f 1029/1029 883/883 880/880
f 883/883 1029/1029 1017/1017
f 884/884 888/888 881/881
f 881/881 890/890 889/889
f 890/890 881/881 885/885
f 888/888 885/885 881/881
f 885/885 888/888 887/887
f 969/969 953/953 1018/1018
f 899/899 908/908 897/897
f 953/953 1020/1020 1019/1019
f 896/896 891/891 889/889
f 900/900 901/901 893/893
f 899/899 894/894 895/895
f 897/897 894/894 899/899
f 895/895 902/902 899/899
f 901/901 896/896 893/893
f 894/894 890/890 898/898
f 890/890 894/894 897/897
f 895/895 898/898 892/892
f 898/898 895/895 894/894
f 1018/1018 895/895 892/892
f 895/895 1018/1018 1019/1019
f 896/896 889/889 893/893
f 893/893 908/908 900/900
f 908/908 893/893 897/897
f 889/889 897/897 893/893
f 897/897 889/889 890/890
f 1020/1020 955/955 1021/1021
f 955/955 1020/1020 953/953
f 909/909 910/910 907/907
f 955/955 1023/1023 1022/1022
f 906/906 901/901 900/900
f 919/919 917/917 903/903
f 909/909 904/904 905/905
f 907/907 904/904 909/909
f 905/905 911/911 909/909
f 917/917 906/906 903/903
f 904/904 908/908 899/899
f 908/908 904/904 907/907
f 905/905 899/899 902/902
f 899/899 905/905 904/904
f 1021/1021 905/905 902/902
f 905/905 1021/1021 1022/1022
f 906/906 900/900 903/903
f 903/903 910/910 919/919
f 910/910 903/903 907/907
f 900/900 907/907 903/903
f 907/907 900/900 908/908
f 955/955 952/952 1023/1023
f 918/918 926/926 916/916
f 952/952 1026/1026 1024/1024
f 915/915 917/917 919/919
f 928/928 927/927 912/912
f 918/918 913/913 914/914
f 916/916 913/913 918/918
f 914/914 920/920 918/918
f 927/927 915/915 912/912
f 913/913 910/910 909/909
f 910/910 913/913 916/916
f 914/914 909/909 911/911
f 909/909 914/914 913/913
f 1023/1023 914/914 911/911
f 914/914 1023/1023 1024/1024
f 915/915 919/919 912/912
f 912/912 926/926 928/928
f 926/926 912/912 916/916
f 919/919 916/916 912/912
f 916/916 919/919 910/910
f 952/952 954/954 1026/1026
f 937/937 930/930 925/925
f 1325/1325 1028/1028 1025/1025
f 924/924 927/927 928/928
f 929/929 938/938 921/921
f 937/937 922/922 923/923
f 925/925 922/922 937/937
f 923/923 931/931 937/937
f 938/938 1326/1326 921/921
f 922/922 1327/1327 1328/1328
f 1327/1327 922/922 925/925
f 923/923 1328/1328 1329/1329
f 1328/1328 923/923 922/922
f 1330/1330 923/923 1329/1329
f 923/923 1330/1330 1025/1025
f 1326/1326 1331/1331 921/921
f 921/921 930/930 929/929
f 930/930 921/921 925/925
f 1331/1331 925/925 921/921
f 925/925 1331/1331 1327/1327
f 1325/1325 977/977 1028/1028
f 886/886 887/887 936/936
f 977/977 1029/1029 1027/1027
f 935/935 938/938 929/929
f 888/888 939/939 932/932
f 886/886 933/933 934/934
f 936/936 933/933 886/886
f 934/934 880/880 886/886
f 939/939 935/935 932/932
f 933/933 930/930 937/937
f 930/930 933/933 936/936
f 934/934 937/937 931/931
f 937/937 934/934 933/933
f 1028/1028 934/934 931/931
f 934/934 1028/1028 1027/1027
f 935/935 929/929 932/932
f 932/932 887/887 888/888
f 887/887 932/932 936/936
f 929/929 936/936 932/932
f 936/936 929/929 930/930
f 940/940 891/891 941/941
f 891/891 940/940 884/884
f 951/951 884/884 940/940
f 884/884 951/951 939/939
f 942/942 901/901 943/943
f 901/901 942/942 896/896
f 941/941 896/896 942/942
f 896/896 941/941 891/891
f 944/944 917/917 946/946
f 917/917 944/944 906/906
f 943/943 906/906 944/944
f 906/906 943/943 901/901
f 945/945 927/927 948/948
f 927/927 945/945 915/915
f 946/946 915/915 945/945
f 915/915 946/946 917/917
f 947/947 938/938 950/950
f 938/938 947/947 1326/1326
f 948/948 924/924 1332/1332
f 924/924 948/948 927/927
f 949/949 939/939 951/951
f 939/939 949/949 935/935
f 950/950 935/935 949/949
f 935/935 950/950 938/938
f 1333/1333 1334/1334 964/964
f 964/964 957/957 1015/1015
f 964/964 1334/1334 957/957
f 956/956 1335/1335 978/978
f 1015/1015 976/976 964/964
f 1336/1336 965/965 1337/1337
f 960/960 967/967 961/961
f 967/967 960/960 968/968
f 961/961 966/966 958/958
f 966/966 961/961 967/967
f 965/965 958/958 966/966
f 968/968 963/963 967/967
f 963/963 968/968 962/962
f 963/963 1338/1338 967/967
f 966/966 1338/1338 1337/1337
f 965/965 975/975 988/988
f 1339/1339 972/972 971/971
f 1340/1340 972/972 970/970
f 970/970 972/972 959/959
f 973/973 1341/1341 1342/1342
f 1341/1341 973/973 974/974
f 974/974 956/956 1341/1341
f 956/956 974/974 971/971
f 1339/1339 971/971 1343/1343
f 1343/1343 973/973 1344/1344
f 973/973 1343/1343 974/974
f 956/956 971/971 1335/1335
f 1342/1342 1345/1345 973/973
f 1339/1339 959/959 972/972
f 1345/1345 1342/1342 1346/1346
f 1338/1338 966/966 967/967
f 1340/1340 970/970 1347/1347
f 965/965 1336/1336 976/976
f 1336/1336 1333/1333 976/976
f 981/981 965/965 976/976
f 976/976 1015/1015 981/981
f 988/988 1348/1348 958/958
f 958/958 965/965 988/988
f 1333/1333 964/964 976/976
f 972/972 1340/1340 1335/1335
f 971/971 972/972 1335/1335
f 965/965 966/966 1337/1337
f 1335/1335 1349/1349 978/978
f 971/971 974/974 1343/1343
f 981/981 975/975 965/965
f 986/986 984/984 985/985
f 985/985 987/987 986/986
f 959/959 982/982 970/970
f 982/982 959/959 983/983
f 979/979 970/970 982/982
f 982/982 990/990 979/979
f 983/983 984/984 982/982
f 984/984 983/983 1350/1350
f 990/990 982/982 984/984
f 984/984 986/986 990/990
f 988/988 989/989 1351/1351
f 1351/1351 1348/1348 988/988
f 989/989 1352/1352 1353/1353
f 1353/1353 1351/1351 989/989
f 1354/1354 1355/1355 1356/1356
f 1354/1354 1356/1356 1357/1357
f 1358/1358 1359/1359 1357/1357
f 1357/1357 1356/1356 1358/1358
f 997/997 998/998 991/991
f 975/975 995/995 993/993
f 993/993 988/988 975/975
f 995/995 1360/1360 992/992
f 992/992 993/993 995/995
f 1361/1361 997/997 991/991
f 1016/1016 979/979 994/994
f 994/994 996/996 1016/1016
f 996/996 994/994 991/991
f 991/991 998/998 996/996
f 1362/1362 1363/1363 1364/1364
f 1362/1362 1364/1364 1365/1365
f 1366/1366 1367/1367 1368/1368
f 1368/1368 1369/1369 1366/1366
f 1358/1358 1362/1362 1365/1365
f 1365/1365 1359/1359 1358/1358
f 1367/1367 1370/1370 1371/1371
f 1371/1371 1368/1368 1367/1367
f 1002/1002 1001/1001 1003/1003
f 1006/1006 980/980 1016/1016
f 1016/1016 1000/1000 1006/1006
f 1003/1003 1006/1006 1000/1000
f 1000/1000 1002/1002 1003/1003
f 1003/1003 1001/1001 1004/1004
f 975/975 981/981 1005/1005
f 1005/1005 999/999 975/975
f 999/999 1005/1005 1372/1372
f 1372/1372 1373/1373 999/999
f 1374/1374 1375/1375 1376/1376
f 1376/1376 1377/1377 1374/1374
f 1378/1378 1379/1379 1380/1380
f 1378/1378 1380/1380 1381/1381
f 1370/1370 1377/1377 1376/1376
f 1376/1376 1371/1371 1370/1370
f 1380/1380 1382/1382 1383/1383
f 1383/1383 1381/1381 1380/1380
f 1011/1011 1012/1012 1008/1008
f 1008/1008 1007/1007 1011/1011
f 981/981 1015/1015 1009/1009
f 1009/1009 1013/1013 981/981
f 1010/1010 1009/1009 1015/1015
f 1015/1015 957/957 1010/1010
f 1013/1013 1009/1009 1384/1384
f 1384/1384 1385/1385 1013/1013
f 1007/1007 1384/1384 1009/1009
f 1009/1009 1010/1010 1007/1007
f 980/980 1014/1014 1010/1010
f 1010/1010 957/957 980/980
f 1014/1014 1011/1011 1007/1007
f 1007/1007 1010/1010 1014/1014
f 1386/1386 1387/1387 1388/1388
f 1386/1386 1388/1388 1389/1389
f 1382/1382 1386/1386 1389/1389
f 1389/1389 1383/1383 1382/1382
f 1016/1016 980/980 1347/1347
f 979/979 1016/1016 1347/1347
f 980/980 957/957 1347/1347
f 970/970 979/979 1347/1347
f 957/957 1334/1334 1347/1347
f 1017/1017 892/892 883/883
f 892/892 1017/1017 1018/1018
f 1017/1017 1029/1029 969/969
f 1019/1019 902/902 895/895
f 902/902 1019/1019 1020/1020
f 1019/1019 1018/1018 953/953
f 1020/1020 1021/1021 902/902
f 1022/1022 911/911 905/905
f 911/911 1022/1022 1023/1023
f 1022/1022 1021/1021 955/955
f 1024/1024 920/920 914/914
f 920/920 1024/1024 1026/1026
f 1024/1024 1023/1023 952/952
f 1025/1025 931/931 923/923
f 931/931 1025/1025 1028/1028
f 1025/1025 1330/1330 1325/1325
f 1027/1027 880/880 934/934
f 880/880 1027/1027 1029/1029
f 1027/1027 1028/1028 977/977
