# MOD converted: m313.mod
# 1531 verts, 1672 faces

v 117.397087 -8.419846 -5.930657
v 118.509300 -5.507506 -3.588223
v 118.650330 -6.344507 -2.431438
v 116.747337 -7.971214 -3.617087
v 114.703300 -8.760917 -5.959520
v 114.562263 -7.923914 -7.116306
v 116.465263 -6.297210 -7.257380
v 120.254486 -4.839398 -7.757205
v 120.594627 -2.465657 -5.955390
v 120.842499 -3.069678 -5.065586
v 119.690872 -4.613092 -5.977594
v 118.291382 -5.552490 -7.779405
v 118.043510 -4.948471 -8.669208
v 119.195137 -3.405054 -7.903645
v 122.475174 -2.210745 -7.562178
v 122.985008 0.160677 -6.043071
v 122.501373 -0.902905 -6.119379
v 121.091995 -2.486562 -7.714792
v 120.166260 -3.006637 -9.233902
v 120.649910 -1.943054 -9.157595
v 122.059280 -0.359397 -7.843451
v 124.201698 0.668140 -7.209914
v 124.574478 2.301388 -6.302710
v 124.220856 1.293669 -6.617700
v 123.190338 0.177997 -7.839895
v 122.513474 0.070048 -8.747101
v 122.867096 1.077771 -8.432111
v 123.897598 2.193440 -7.694796
v 125.439377 3.226310 -6.672382
v 125.484444 4.696175 -6.046492
v 125.408897 3.444726 -6.630877
v 124.628525 2.238330 -7.841153
v 123.923698 2.283384 -8.467043
v 123.999237 3.534835 -7.882658
v 124.779617 4.741230 -7.141026
v 125.505699 6.475068 -5.721449
v 124.645958 7.148494 -5.562512
v 125.381851 5.966641 -6.663664
v 125.512512 4.882082 -7.923751
v 124.907303 4.979376 -8.082687
v 124.171410 6.161226 -6.981537
v 124.040741 7.245788 -4.793779
v 125.417847 8.388115 -3.131832
v 124.873840 8.775196 -3.350499
v 125.562943 7.574825 -4.645587
v 125.429100 6.731782 -5.722004
v 124.606186 7.089115 -5.503335
v 123.917068 8.289487 -4.208249
v 124.050903 9.132529 -1.805464
v 125.258522 9.911812 -0.138348
v 124.788345 9.456280 -0.763144
v 125.821083 8.744488 -2.282423
v 125.852402 8.433522 -3.176898
v 124.851006 8.834358 -2.552099
v 123.818260 9.546147 -1.032823
v 123.786942 9.857113 5.280868
v 117.397095 -8.419845 5.930658
v 118.509300 -5.507504 3.588224
v 118.650330 -6.344506 2.431438
v 116.747337 -7.971213 3.617087
v 114.703300 -8.760918 5.959519
v 114.562263 -7.923914 7.116308
v 116.465271 -6.297208 7.257383
v 120.254532 -4.839397 7.757204
v 120.594650 -2.465654 5.955393
v 120.842522 -3.069676 5.065586
v 119.690910 -4.613096 5.977592
v 118.291412 -5.552498 7.779403
v 118.043549 -4.948477 8.669209
v 119.195160 -3.405055 7.903645
v 122.475212 -2.210723 7.562178
v 122.985023 0.160700 6.043071
v 122.501404 -0.902889 6.119377
v 121.092033 -2.486558 7.714796
v 120.166313 -3.006634 9.233902
v 120.649948 -1.943044 9.157596
v 122.059303 -0.359377 7.843451
v 124.201706 0.668156 7.209914
v 124.574478 2.301404 6.302711
v 124.220863 1.293682 6.617700
v 123.190353 0.178009 7.839895
v 122.513489 0.070059 8.747101
v 122.867096 1.077785 8.432111
v 123.897606 2.193457 7.694796
v 125.439377 3.226331 6.672382
v 125.484436 4.696194 6.046491
v 125.408897 3.444744 6.630877
v 124.628525 2.238346 7.841152
v 123.923698 2.283398 8.467045
v 123.999237 3.534851 7.882659
v 124.779610 4.741248 7.141026
v 125.505676 6.475088 5.721450
v 124.645935 7.148508 5.562511
v 125.381836 5.966660 6.663665
v 125.512512 4.882101 7.923752
v 124.907288 4.979395 8.082689
v 124.171394 6.161243 6.981538
v 124.040718 7.245803 4.793779
v 125.417831 8.388134 3.131832
v 124.873810 8.775209 3.350499
v 125.562920 7.574841 4.645588
v 125.429077 6.731800 5.722004
v 124.606171 7.089131 5.503335
v 123.917053 8.289499 4.208249
v 124.050880 9.132541 1.805464
v 125.258492 9.911823 0.138348
v 124.788315 9.456288 0.763144
v 125.821053 8.744503 2.282424
v 125.852371 8.433537 3.176898
v 124.850983 8.834371 2.552099
v 123.818230 9.546156 1.032823
v 123.786911 9.857119 -28.075153
v 63.223911 18.393456 -29.528919
v 58.040382 8.639698 -15.384810
v 92.942070 -0.885849 -16.474241
v 89.057594 -8.195182 -25.700382
v 62.299068 18.531002 -27.154144
v 57.115536 8.777243 -13.010037
v 92.017227 -0.748304 -14.099470
v 88.132759 -8.057633 -18.638569
v 84.086555 -4.252482 -17.772669
v 87.174004 1.557094 -15.397897
v 86.249161 1.694638 -16.263798
v 83.161713 -4.114938 -17.678265
v 91.680870 -4.641802 -11.806017
v 89.393951 -4.301685 -29.715168
v 55.214367 16.531879 -25.013716
v 68.914337 3.799217 -21.553345
v 71.860313 11.220406 -23.928118
v 72.785141 11.082861 -22.638947
v 67.989487 3.936763 3.849905
v 108.331009 -12.506791 5.368631
v 111.823181 -11.389584 3.849904
v 115.315353 -10.272377 3.849907
v 107.742477 -10.667154 5.368629
v 111.234650 -9.549947 3.849906
v 114.726822 -8.432738 0.183382
v 106.884506 -12.969554 -3.483145
v 108.331009 -12.506791 -5.001873
v 111.823181 -11.389585 -3.483146
v 115.315353 -10.272377 0.183380
v 116.761856 -9.809614 0.183376
v 106.295975 -11.129915 -3.483150
v 107.742477 -10.667152 -5.001875
v 111.234650 -9.549944 -3.483146
v 114.726814 -8.432738 0.183377
v 116.173325 -7.969975 47.907089
v 103.533920 6.738848 51.849564
v 100.713020 6.744287 47.911720
v 103.541931 -1.776074 45.029190
v 98.549248 9.453045 42.110603
v 93.494080 6.190035 45.982460
v 91.478989 5.924430 48.937225
v 96.178436 9.191275 42.052746
v 93.393883 -0.945035 44.983418
v 98.469955 -4.554504 48.654907
v 96.113754 -4.465836 45.664158
v 91.422913 -0.822302 51.638103
v 100.911285 -1.821812 50.224869
v 102.681526 7.235404 43.716007
v 91.925735 6.471618 46.993637
v 97.369308 10.115601 46.810539
v 97.288956 -5.322661 43.506092
v 91.838531 -1.275122 50.109455
v 102.796631 -2.296658 -47.907097
v 103.533920 6.738846 -51.849567
v 100.713020 6.744286 -47.911724
v 103.541939 -1.776075 -45.029194
v 98.549248 9.453043 -42.110603
v 93.494080 6.190035 -45.982452
v 91.478989 5.924427 -48.937225
v 96.178436 9.191273 -42.052742
v 93.393883 -0.945036 -44.983421
v 98.469963 -4.554506 -48.654903
v 96.113754 -4.465837 -45.664154
v 91.422928 -0.822305 -51.638100
v 100.911285 -1.821813 -50.224873
v 102.681526 7.235403 -43.716007
v 91.925735 6.471616 -46.993633
v 97.369308 10.115599 -46.810539
v 97.288956 -5.322662 -43.506088
v 91.838531 -1.275126 -50.109451
v 102.796646 -2.296661 20.832581
v 156.169983 -3.714744 22.348217
v 157.420547 1.675695 19.919109
v 144.078262 -0.565359 15.151068
v 156.700653 -13.767004 20.794693
v 130.363434 2.700318 18.122620
v 137.117386 -4.939657 16.870144
v 128.819183 -3.368782 16.779377
v 132.291336 -1.560819 11.661318
v 128.892197 -8.223831 19.388958
v 145.877823 10.205200 17.084076
v 128.933807 4.573959 18.210155
v 119.860542 9.686091 14.843316
v 124.475845 15.267988 14.354650
v 117.760284 18.638599 6.796370
v 118.052902 26.341753 3.324829
v 123.447395 25.404272 5.073057
v 139.052017 25.593851 11.817775
v 124.301292 18.155718 14.654160
v 130.752045 18.684671 18.162512
v 131.227356 8.610848 21.722290
v 119.716454 0.239308 22.747108
v 137.316498 4.407783 25.121941
v 128.483963 4.407771 6.825989
v 145.677002 25.732040 0.000000
v 128.153061 24.794405 15.148283
v 146.771988 -12.413979 14.077191
v 157.125031 -14.210001 19.875284
v 156.169998 -6.679851 18.538401
v 130.662750 -10.685317 20.775192
v 148.726532 -5.557467 19.152168
v 147.257584 -9.114562 20.591919
v 148.303223 -0.565375 20.535793
v 147.239899 4.407784 20.184929
v 144.859116 4.407784 20.938597
v 137.021805 1.221393 21.463562
v 137.371582 9.176151 13.904426
v 123.294106 -5.765831 9.323798
v 123.071564 -9.585371 13.598175
v 138.600311 -8.383152 6.672683
v 117.179939 -11.418680 -0.000001
v 145.287582 27.565422 9.954563
v 132.840836 19.995867 15.908278
v 131.643524 13.460893 19.952866
v 157.687576 11.870427 19.388958
v 146.582962 10.205202 -20.832584
v 156.169983 -3.714746 -22.348223
v 157.420547 1.675694 -19.919109
v 144.078247 -0.565360 -15.151067
v 156.700653 -13.767003 -20.794693
v 130.363434 2.700316 -18.122620
v 137.117371 -4.939653 -16.870144
v 128.819183 -3.368782 -16.779379
v 132.291336 -1.560817 -11.661316
v 128.892197 -8.223832 -17.084074
v 128.933807 4.573957 -18.210155
v 119.860550 9.686094 -14.843317
v 124.475845 15.267988 -14.354647
v 117.760284 18.638601 -6.796371
v 118.052887 26.341753 -3.324829
v 123.447395 25.404272 -5.073057
v 139.052017 25.593851 -11.817776
v 124.301292 18.155720 -14.654160
v 130.752045 18.684675 -18.162510
v 131.227356 8.610849 -21.722292
v 119.716438 0.239306 -22.747112
v 137.316498 4.407783 -25.121939
v 128.483948 4.407771 -6.825991
v 145.676987 25.732040 -15.148285
v 146.771973 -12.413978 -14.077192
v 157.125031 -14.209999 -19.875290
v 156.169983 -6.679845 -18.538401
v 130.662750 -10.685318 -20.775196
v 148.726517 -5.557466 -19.152168
v 147.257568 -9.114563 -20.591923
v 148.303207 -0.565373 -20.535793
v 147.239883 4.407784 -20.184929
v 144.859100 4.407785 -20.938601
v 137.021805 1.221391 -21.463564
v 137.371582 9.176151 -13.904425
v 123.294106 -5.765831 -9.323799
v 123.071564 -9.585371 -13.598177
v 138.600311 -8.383150 -6.672682
v 117.179924 -11.418678 -9.954560
v 132.840836 19.995865 -15.908279
v 131.643524 13.460893 -19.952866
v 157.687576 11.870426 -19.388960
v 146.582962 10.205202 0.000000
v 75.339897 -7.081400 -0.000001
v 75.816498 7.281449 0.000000
v 79.821205 -9.466021 -7.292062
v 80.840698 -8.686162 -16.064381
v 80.236603 0.643845 -12.562252
v 83.146805 -5.906065 -10.990517
v 82.163147 7.961026 -1.239070
v 73.982903 0.990544 -2.294159
v 75.136002 -6.576691 -18.124268
v 67.345856 1.168566 -2.628648
v 64.163101 -7.673524 -1.232108
v 63.644356 1.988993 -12.539431
v 78.585747 9.018063 -3.862429
v 64.264557 11.803084 -14.507637
v 66.448502 9.985762 -3.012111
v 74.703094 10.368599 -23.024536
v 46.574425 2.182267 -4.371713
v 42.467049 14.601412 -0.302976
v 43.062725 3.193916 -7.815392
v 77.370903 -8.683961 -13.197679
v 79.181900 -6.052180 -1.806392
v 77.910210 11.792900 -20.482521
v 54.082870 2.009046 -4.883904
v 53.025593 12.931698 -1.557066
v 52.050121 2.609816 -16.119471
v 54.256474 11.629605 -21.576254
v 50.177567 2.131929 -1.273219
v 47.503784 2.842832 -16.381104
v 49.786774 12.737284 -4.895584
v 48.896049 13.340660 -8.812003
v 47.080486 13.755571 -9.763264
v 49.627449 13.231352 -13.604610
v 47.935211 13.729362 -15.678368
v 44.362541 15.622023 -16.348572
v 47.531929 13.485824 -17.269886
v 49.851204 10.988789 -19.517178
v 47.541023 7.644426 -23.362797
v 44.560242 6.172813 -13.014569
v 65.369774 -8.931674 -4.181481
v 52.605076 -8.805505 -17.320251
v 45.102760 -8.914838 -4.729849
v 47.523788 -8.650340 -22.345575
v 50.177574 2.131928 -8.004210
v 44.099152 -10.139208 -9.562023
v 47.895500 -9.825033 -10.447983
v 53.290585 -9.529931 -12.531277
v 48.112564 -10.164160 -14.513283
v 44.392578 -10.139582 -3.681074
v 43.644928 -7.319817 -3.229830
v 47.515999 -4.538353 -1.616635
v 43.367981 -2.267382 -19.045164
v 49.326530 -3.819163 -17.406755
v 48.815063 -7.845161 -17.436264
v 53.900787 -6.226559 -4.331448
v 40.206066 -9.386963 0.000001
v 81.839905 12.519301 -0.000000
v 74.428001 0.934487 7.292063
v 80.840698 -8.686162 16.064381
v 80.236603 0.643844 12.562251
v 83.146805 -5.906065 10.990517
v 82.163147 7.961026 1.239070
v 73.982903 0.990544 2.294159
v 75.136002 -6.576690 18.124268
v 67.345856 1.168567 2.628647
v 64.163101 -7.673521 1.232109
v 63.644352 1.988992 12.539431
v 78.585747 9.018063 3.862430
v 64.264557 11.803084 14.507637
v 66.448502 9.985762 3.012112
v 74.703094 10.368599 23.024532
v 46.574425 2.182268 4.371712
v 42.467049 14.601412 0.302977
v 43.062725 3.193915 7.815392
v 77.370903 -8.683960 13.197678
v 79.181900 -6.052181 1.806391
v 77.910210 11.792900 20.482523
v 54.082870 2.009046 4.883904
v 53.025593 12.931697 1.557066
v 52.050121 2.609816 16.119471
v 54.256481 11.629604 21.576254
v 50.177567 2.131930 1.273219
v 47.503780 2.842833 16.381104
v 49.786774 12.737285 4.895583
v 48.896042 13.340660 8.812004
v 47.080490 13.755572 9.763264
v 49.627449 13.231352 13.604610
v 47.935204 13.729362 15.678366
v 44.362541 15.622025 16.348572
v 47.531929 13.485823 17.269886
v 49.851204 10.988789 19.517178
v 47.541023 7.644426 23.362797
v 44.560242 6.172815 13.014567
v 65.369774 -8.931675 4.181481
v 52.605076 -8.805505 17.320250
v 45.102760 -8.914841 4.729850
v 47.523788 -8.650340 22.345575
v 50.177574 2.131928 8.004210
v 44.099152 -10.139209 9.562025
v 47.895500 -9.825034 10.447983
v 53.290577 -9.529931 12.531275
v 48.112564 -10.164160 14.513279
v 44.392578 -10.139583 3.681073
v 43.644920 -7.319818 3.229830
v 47.515999 -4.538353 1.616636
v 43.367989 -2.267383 19.045166
v 49.326530 -3.819163 17.406755
v 48.815056 -7.845160 17.436262
v 53.900787 -6.226561 4.331445
v 40.206066 -9.386960 -8.334929
v 88.028671 10.629148 -0.000003
v 148.200302 29.510342 -0.000005
v 180.901886 -6.731940 14.738334
v 177.036713 0.412002 13.005571
v 172.574142 -12.832302 19.496092
v 164.317749 17.323439 13.893218
v 174.246017 18.282715 12.785069
v 162.271942 26.565638 10.079645
v 164.597870 -19.996328 19.095068
v 164.515961 -13.441144 22.651196
v 165.180939 0.955799 19.521378
v 149.484573 16.231363 12.230912
v 148.094238 25.237602 10.765506
v 150.374649 -18.336458 19.635080
v 148.780472 -11.638586 22.489794
v 146.834808 -0.847865 18.239084
v 144.297791 15.689507 11.436316
v 143.820999 24.954815 10.875475
v 156.945831 -20.237310 20.238762
v 155.629623 -13.279875 24.175922
v 153.159042 -0.318657 -0.000002
v 157.211105 2.312064 0.000004
v 181.655090 14.030650 -0.000001
v 161.725098 30.229374 0.000001
v 175.900986 -17.138170 -0.000003
v 164.904053 -22.260868 0.000004
v 143.970306 28.120020 0.000003
v 150.820419 -20.006426 0.000004
v 157.375916 -22.410006 0.000002
v 173.261246 26.484970 -14.738339
v 177.036713 0.411994 -13.005567
v 172.574127 -12.832303 -19.496099
v 164.317749 17.323433 -13.893224
v 174.246017 18.282707 -12.785072
v 162.271927 26.565634 -10.079636
v 164.597855 -19.996326 -19.095070
v 164.515930 -13.441147 -22.651205
v 165.180923 0.955794 -19.521376
v 149.484558 16.231365 -12.230916
v 148.094238 25.237606 -10.765484
v 150.374649 -18.336462 -19.635073
v 148.780472 -11.638592 -22.007507
v 146.834793 -0.847864 -18.476044
v 144.297775 15.689512 -11.436312
v 143.820999 24.954807 -10.875474
v 156.945831 -20.237312 -20.238756
v 155.629608 -13.279877 -24.175911
v 153.159027 -0.318656 15.759068
v 64.351959 -12.015048 14.565355
v 61.384380 14.127014 21.703794
v 63.312450 4.397742 21.962776
v 63.967407 -6.211293 7.247180
v 65.332268 -13.807222 9.766946
v 88.374313 -9.683498 9.814248
v 90.278900 10.338869 13.903265
v 90.307106 3.094102 13.584719
v 89.624451 -5.070053 3.749111
v 87.589996 -10.610600 14.011943
v 71.547447 -11.356956 13.177872
v 69.963661 13.135940 19.652042
v 72.054634 3.988887 19.705307
v 72.061279 -5.874442 6.231228
v 71.591942 -13.087375 -0.012247
v 68.374649 15.962590 11.972517
v 79.736031 -10.564830 11.837696
v 78.686073 12.072392 17.358641
v 80.083313 3.601913 17.122061
v 80.044830 -5.520750 4.932117
v 79.840378 -11.918186 -0.017845
v 77.698341 14.423745 -8.242996
v 65.324883 -13.087011 -15.911247
v 64.329491 -10.967395 -20.984365
v 63.035793 6.254583 -21.949871
v 63.939316 -2.694010 -12.939960
v 61.366196 14.560045 -4.796494
v 85.109634 -10.248064 -11.386667
v 84.626198 -8.563169 -14.939840
v 85.869247 4.839159 -15.660075
v 84.937447 -2.274148 -9.697579
v 87.243958 10.683088 -5.880115
v 78.646301 -11.084835 -14.949270
v 70.883537 -10.101885 -19.432472
v 69.627052 5.865430 -20.371624
v 70.543610 -2.586761 -11.956235
v 69.123726 13.597522 -6.971277
v 72.301025 -12.132837 -13.124853
v 77.840538 -9.270223 -17.304615
v 77.725487 5.365025 -18.209261
v 77.657043 -2.426095 -10.927264
v 77.668709 12.379718 -0.009308
v 59.703094 17.523899 -0.029642
v 88.876617 12.054985 6.889386
v 89.977600 -8.555877 10.265645
v 90.045601 1.539642 9.108979
v 92.674232 -9.860041 11.341335
v 93.339073 -7.159594 12.850919
v 94.196556 -1.574183 14.495653
v 87.400993 -8.604081 15.451031
v 88.797249 -3.401223 10.771304
v 85.662453 -11.951883 16.975044
v 83.155899 -8.668201 12.663078
v 75.683853 -15.296590 17.849710
v 85.440239 -3.187289 14.679077
v 76.535614 -13.434792 15.217041
v 79.582504 -11.582150 16.641113
v 78.565002 -11.045588 17.314642
v 81.018951 -9.462371 -7.116231
v 85.188507 -7.450345 -11.617680
v 84.887596 -3.215154 -8.295835
v 89.131683 -9.821150 -15.671116
v 82.235023 -9.246348 -9.515146
v 82.573807 -11.459759 -13.944169
v 88.886131 -6.084229 -12.262447
v 78.409195 -11.595458 -15.901487
v 82.259644 -6.794396 -18.372473
v 73.708603 -10.475776 -15.268847
v 66.581139 -13.243896 -5.387102
v 91.582619 10.778958 -0.937319
v 85.315483 14.338820 -5.917508
v 84.974693 12.651423 0.607217
v 92.161057 11.841785 0.462604
v 88.380661 10.378100 -4.007035
v 87.875763 8.577024 -6.785268
v 81.018143 14.497478 4.105151
v 85.088409 15.027256 -0.270490
v 80.884857 15.806654 4.399789
v 81.906120 15.910036 0.774193
v 74.537712 17.331583 4.982633
v 89.000313 9.338805 4.514330
v 92.818916 10.557726 8.011693
v 87.114334 13.631511 9.120506
v 89.579521 5.966007 8.483397
v 93.916702 8.969327 11.349656
v 87.693535 11.922820 8.967242
v 82.167969 14.886203 12.256059
v 80.881012 13.514977 11.287046
v 76.701981 14.455582 -15.401759
v 83.244781 -7.607579 -2.162047
v 82.968307 14.686307 11.856767
v 90.230019 4.764502 10.442969
v 94.567200 7.644891 11.622377
v 91.008171 9.764460 1.520248
v 89.922005 -11.583560 10.767414
v 86.942947 -9.948895 11.579222
v 88.902817 10.909535 1.615136
v 92.042595 11.472981 15.811654
v 88.931831 0.846649 10.147285
v 92.219978 -8.824558 13.334382
v 93.870354 0.870410 10.398194
v 93.540970 8.172107 15.130989
v 88.229370 -5.201547 -6.480066
v 88.672440 -9.948891 -11.667042
v 88.184067 -7.848590 -10.432562
v 89.883316 10.052109 -14.790787
v 88.579407 3.798689 -15.025699
v 88.042442 -3.280583 -6.532543
v 83.583511 -10.529850 -13.320596
v 83.086044 -8.796045 -16.088688
v 84.365173 4.995282 -16.837366
v 83.406326 -2.324485 1.709672
v 84.851822 -11.414858 -10.894454
v 85.779785 11.263744 1.782978
v 87.459831 12.897953 1.913850
v 90.508873 -12.338675 -7.607823
v 89.227524 -10.633644 -7.385512
v 83.031677 -11.164181 2.132598
v 84.496323 -12.266047 -7.812943
v 86.129601 -11.036468 2.339499
v 87.502594 -12.554668 0.000004
v 162.905182 27.940414 -0.000022
v 161.815308 33.694550 0.000001
v 155.717453 33.678375 0.000003
v 154.809937 28.261501 3.893404
v 161.352539 27.615171 3.771548
v 161.756210 32.918282 3.893405
v 155.064468 28.093830 3.771549
v 155.658371 32.902107 -3.893426
v 161.352524 27.615171 -3.771572
v 161.756210 32.918282 -3.893429
v 155.064468 28.093834 -3.771574
v 155.658371 32.902096 2.929615
v 147.913193 34.604465 3.027328
v 147.319275 30.445517 -0.094767
v 147.534302 28.885351 -3.216877
v 147.319275 30.445520 -3.119164
v 147.913193 34.604462 -0.094767
v 147.972260 35.615021 4.127618
v 151.772659 34.751282 4.260978
v 150.798813 28.510555 0.000006
v 150.551956 28.707119 -4.261003
v 150.798813 28.510551 -4.127643
v 151.772659 34.751289 0.000005
v 151.892334 35.755997 2.898634
v 154.285339 32.421547 2.992289
v 153.501465 28.622370 -0.000002
v 153.250778 28.747612 -2.992309
v 153.501465 28.622375 -2.898654
v 154.285339 32.421539 0.000001
v 154.374725 33.033924 2.929615
v 144.623566 35.973091 3.027329
v 144.029648 31.164812 -0.094765
v 143.722687 30.101421 -3.216880
v 144.029648 31.164820 -3.119163
v 144.623566 35.973087 -0.094767
v 144.682648 36.749352 2.379114
v 147.234756 34.183475 2.459043
v 146.748947 31.127245 -0.094769
v 146.711334 30.354675 -2.648591
v 146.748947 31.127245 -2.568664
v 147.234756 34.183468 -0.094767
v 147.283081 34.747437 -0.094771
v 142.151337 34.283688 18.877916
v 135.696609 13.506581 15.445943
v 135.972153 19.463076 20.626362
v 126.771744 19.334379 18.959164
v 135.897369 17.642790 17.077753
v 145.426086 16.639420 10.424103
v 17.738590 -2.393222 19.822052
v 17.740286 5.056344 8.254049
v 17.737492 4.264548 18.489281
v 17.739588 -2.014523 13.615892
v 17.738640 10.476429 19.776709
v 37.404251 4.482149 15.359430
v 37.709816 11.017930 8.169809
v 37.369946 11.282188 5.303344
v 35.873138 4.034859 14.481492
v 17.739088 -4.147365 7.897054
v 0.000228 -20.431139 16.475708
v -0.001214 -23.043610 8.917524
v 4.213425 -19.724108 16.234520
v 4.069151 -22.426922 15.007190
v 13.066230 -6.435357 23.559933
v 4.263638 -18.724817 24.238235
v 3.843799 -9.931631 22.256310
v 5.630891 5.667317 24.518604
v 0.000229 -19.230612 22.661804
v -0.000646 6.089242 14.161178
v -0.001259 11.839490 25.394901
v -0.001241 -3.441304 13.892844
v 7.908518 13.232018 8.631262
v 3.873600 -9.857494 8.142364
v 0.002066 6.214303 7.197127
v 5.630598 4.207199 7.160618
v 0.000223 -11.961514 8.600506
v 0.001866 -4.636415 26.064236
v 0.000227 -10.749022 8.308618
v 0.001921 0.778172 19.832802
v 12.164688 -3.381124 10.195412
v 12.121592 -4.200974 15.524005
v 6.279809 -15.992451 17.044590
v 65.829132 2.614433 9.681983
v 65.806236 -8.038914 4.406821
v 65.508919 -4.814813 3.076682
v 65.275284 1.425688 14.095818
v 65.822777 -4.688317 6.060905
v 53.147694 -4.876459 5.298718
v 48.985847 2.408356 7.418036
v 50.165436 8.684261 13.410276
v 50.433578 8.513133 15.665566
v 54.045322 -4.379292 17.280384
v 50.204346 3.014581 5.400369
v 65.601196 8.592409 12.426714
v 65.829582 8.464146 11.408499
v 50.064201 -7.354940 6.314720
v 49.576500 -5.001729 15.893054
v 50.761799 -4.549638 11.707449
v 46.747543 -5.639065 16.045605
v 47.731014 -3.034609 7.233921
v 46.968880 -3.744054 10.972407
v 54.012737 -7.267960 17.410751
v 52.946701 2.939452 13.286403
v 52.648205 8.286563 7.217781
v 52.214600 8.449913 4.714602
v 51.866100 2.320641 5.258395
v 88.374313 -9.683497 7.362606
v 80.137695 -9.740782 8.751029
v 67.827316 -11.283036 8.056818
v 73.982506 -10.511909 -18.877916
v 135.696609 13.506579 -15.445940
v 135.972153 19.463079 -20.626362
v 126.771744 19.334381 -18.959164
v 135.897369 17.642794 -17.077755
v 145.426086 16.639420 -10.424099
v 17.738592 -2.393223 -19.822048
v 17.740288 5.056345 -8.254042
v 17.737492 4.264547 -18.489279
v 17.739586 -2.014523 -13.615887
v 17.738640 10.476429 -19.776701
v 37.404259 4.482148 -15.359426
v 37.709816 11.017930 -8.169804
v 37.369942 11.282189 -5.303341
v 35.873138 4.034859 -14.481496
v 17.739090 -4.147363 -7.897049
v 0.000230 -20.431135 -16.475698
v -0.001216 -23.043615 -8.917519
v 4.213428 -19.724110 -16.234512
v 4.069153 -22.426926 -15.007191
v 13.066232 -6.435357 -23.559933
v 4.263636 -18.724819 -24.238232
v 3.843798 -9.931633 -22.256298
v 5.630898 5.667317 -24.518600
v 0.000231 -19.230618 -22.661800
v -0.000644 6.089241 -14.161186
v -0.001260 11.839491 -25.394901
v -0.001241 -3.441305 -13.892864
v 7.908521 13.232018 -8.631258
v 3.873601 -9.857496 -8.142360
v 0.002063 6.214302 -7.197124
v 5.630594 4.207199 -7.160612
v 0.000223 -11.961517 -8.600501
v 0.001868 -4.636415 -26.064232
v 0.000225 -10.749020 -8.308613
v 0.001921 0.778172 -19.832798
v 12.164690 -3.381123 -10.195405
v 12.121594 -4.200974 -15.523999
v 6.279809 -15.992454 -17.044586
v 65.829132 2.614433 -9.681981
v 65.806236 -8.038914 -4.406817
v 65.508919 -4.814815 -3.076679
v 65.275284 1.425690 -14.095813
v 65.822777 -4.688317 -6.060902
v 53.147694 -4.876462 -5.298716
v 48.985847 2.408355 -7.418035
v 50.165436 8.684262 -13.410273
v 50.433578 8.513132 -15.665563
v 54.045330 -4.379293 -17.280380
v 50.204346 3.014580 -5.400367
v 65.601196 8.592407 -12.426710
v 65.829582 8.464146 -11.408497
v 50.064201 -7.354939 -6.314719
v 49.576500 -5.001731 -15.893051
v 50.761799 -4.549638 -11.707446
v 46.747543 -5.639066 -16.045599
v 47.731014 -3.034610 -7.233919
v 46.968880 -3.744057 -10.972402
v 54.012737 -7.267960 -17.410749
v 52.946701 2.939452 -13.286397
v 52.648209 8.286563 -7.217777
v 52.214600 8.449912 -4.714600
v 51.866100 2.320641 -5.258389
v 88.374313 -9.683499 -7.362602
v 80.137695 -9.740784 -8.751026
v 67.827316 -11.283037 0.000000
v 87.982155 -10.147049 0.000000
v 79.093819 -11.635660 -0.000001
v 61.180962 -14.642187 -8.056816
v 73.982506 -10.511909 -0.000001
v 71.540680 -12.920046 -0.714944
v 144.857864 32.642773 0.451758
v 138.851746 37.555164 3.864854
v 142.441360 37.710480 6.720047
v 140.663269 33.924873 3.050731
v 133.501144 39.723824 9.833057
v 136.537170 36.508888 -0.738203
v 145.848114 32.269474 1.774311
v 137.862396 34.376244 -3.494032
v 138.799622 38.025444 -5.886978
v 138.458313 32.971081 0.922474
v 130.497650 36.859318 -8.119524
v 130.311432 33.835339 -5.824119
v 129.115295 39.321754 0.815136
v 122.737114 39.099464 -11.379451
v 121.064949 34.303276 -7.975617
v 117.443489 42.011906 8.891238
v 135.673035 41.895782 6.174863
v 129.087616 41.601196 15.269699
v 132.218597 39.357956 14.855053
v 130.461395 45.023102 -14.608215
v 154.888428 -12.984727 -4.317866
v 149.438339 -18.372347 2.505377
v 149.606659 -16.247520 -10.175061
v 147.742203 -15.042453 5.620537
v 137.157837 -14.375543 -2.154285
v 139.515167 -16.217821 -0.109754
v 169.649536 -14.824972 2.736668
v 153.891388 -19.405855 6.511629
v 154.795700 -17.255884 -1.216388
v 152.725403 -18.533634 5.630557
v 139.951874 -14.432503 3.364994
v 143.514755 -15.456593 -0.482812
v 143.298096 -16.942711 4.309474
v 139.969223 -15.214260 2.003110
v 140.227966 -15.957327 12.326281
v 145.706970 21.470819 -19.388960
v 145.877808 10.205202 -12.326281
v 145.706970 21.470821 -7.835220
v 160.502930 -17.031956 -0.000000
v 98.046059 -10.959754 -0.000000
v 128.480865 -3.807324 -41.660862
v 95.151077 5.433990 -43.992844
v 99.190216 8.041163 -43.956268
v 99.126854 -3.150999 -41.614632
v 95.071022 -0.266999 -46.292320
v 103.173012 5.872494 -46.296013
v 103.179405 -0.931008 -45.882812
v 92.817688 5.221767 -35.612404
v 98.507599 -0.413643 -40.890594
v 106.899002 -0.882892 -35.588303
v 98.507301 5.739239 -48.243702
v 96.572586 7.533299 -14.707239
v 137.116943 5.528989 -5.746119
v 132.232269 4.085753 -8.586513
v 128.871552 12.563710 -6.564722
v 124.009537 10.408950 -9.212531
v 121.255432 14.373186 -19.388956
v 145.767929 10.205211 -16.963589
v 146.935349 3.672113 -0.000000
v 92.554405 9.789913 0.000003
v 115.153000 -8.612167 -0.000000
v 133.220993 6.875783 -9.520355
v 91.332573 -7.719070 -8.909035
v 92.419708 7.857971 -12.340747
v 91.860413 -0.151331 -20.903702
v 107.147003 0.097654 -20.847603
v 107.012001 7.013100 -23.544403
v 111.304001 9.739819 -23.831305
v 111.622002 -2.814018 -26.166803
v 115.727997 0.264824 -26.184200
v 115.865997 7.207411 -5.519421
v 123.341003 -0.287922 -5.644170
v 125.979012 5.144223 -8.847208
v 98.209351 -7.852652 -11.724614
v 98.617065 -0.095471 -8.531591
v 99.057678 8.306596 -28.039499
v 103.616982 6.144820 -28.232903
v 103.764000 0.468955 -33.137100
v 111.677002 6.044691 -30.670504
v 107.721008 -1.842288 -32.970802
v 111.517006 0.175513 -50.401730
v 100.354179 -0.967550 -29.872000
v 108.092003 8.632078 -30.468102
v 102.177002 5.725029 -35.256199
v 110.276001 6.032040 -33.851303
v 105.700989 8.413529 -31.771601
v 106.961990 8.656691 -35.132004
v 110.078011 0.107735 -32.968906
v 106.255005 -1.954419 -30.569307
v 102.282997 0.415973 -12.381103
v 119.932007 -0.045129 -12.000801
v 120.830009 8.817410 -11.164600
v 107.775993 -5.939382 -10.554200
v 115.741982 11.526412 -12.968100
v 109.424004 -0.053808 -13.338788
v 108.732002 7.787888 -12.403703
v 115.316010 -3.415540 -16.983803
v 120.298004 8.620392 -12.752403
v 122.253006 4.807652 -15.642733
v 110.447067 7.387948 -15.068602
v 115.141998 10.885208 -18.071796
v 114.254997 9.936710 -14.426601
v 110.799004 0.055041 -16.915600
v 120.209000 0.025834 -18.004606
v 114.420006 -2.300719 -21.556000
v 118.716011 7.314281 -17.456703
v 121.242004 4.480021 -21.422407
v 118.681015 0.616754 -7.038142
v 115.216003 -6.975569 -7.382105
v 107.281311 -10.049627 -6.144639
v 119.658997 -4.208402 -8.725969
v 121.674011 -0.153518 -9.315511
v 123.750008 5.020542 -6.170482
v 122.455002 9.678310 -15.331703
v 115.234001 -2.552708 -9.714611
v 107.883003 10.665511 -5.170534
v 129.953552 -1.004862 -38.209099
v 102.814003 -3.251241 -40.991199
v 106.862000 6.128691 -38.138893
v 102.794983 8.740560 -12.853251
v 87.638062 6.541627 -14.105249
v 87.234299 0.058441 -12.101224
v 86.701279 -5.962302 -7.258694
v 86.450890 -8.965406 -7.526821
v 104.922600 -8.733978 -45.628487
v 92.772888 -0.168933 -50.570690
v 100.195763 5.665728 -48.018120
v 96.520905 -3.080151 -49.150185
v 88.451233 -5.416104 -60.077301
v 92.777489 8.124993 -54.452522
v 91.294266 -5.038779 -57.939823
v 90.325478 -5.350356 -57.969696
v 85.459526 -8.463089 -56.155762
v 88.364052 -7.337999 -55.357254
v 82.964592 -9.339871 -52.189255
v 85.616699 -7.947526 -52.173130
v 94.568398 8.554040 -52.646549
v 90.488342 1.335208 -53.457764
v 88.292870 -3.726652 -54.570625
v 86.119064 -4.883226 -56.567200
v 84.090057 -7.119265 -60.253132
v 93.555824 -5.233353 -51.395870
v 92.685852 -6.752769 -54.617218
v 93.840179 -4.997125 -57.131535
v 84.637520 -10.738977 -53.792610
v 88.272697 -9.424585 -58.706200
v 90.390228 1.367323 -61.088074
v 94.014000 1.486988 -50.247490
v 91.420212 8.125900 -64.128914
v 90.234619 -5.249947 -62.025261
v 87.708565 -5.225883 -62.696823
v 87.560905 1.530026 -64.803268
v 90.311073 1.523545 -67.823654
v 86.402016 -5.113377 -65.167038
v 85.152565 -5.109591 -66.021988
v 84.934532 1.426422 -68.720840
v 86.142654 1.384369 -57.749302
v 89.714310 8.107562 -60.727318
v 93.951401 -1.738531 -64.525192
v 90.368042 -2.174076 -68.310638
v 86.241722 -2.530056 -60.455982
v 93.531158 5.137646 -64.454788
v 90.170807 4.489358 -68.226364
v 86.261208 4.028668 -58.530258
v 90.488571 -1.879644 -62.366356
v 87.633537 -2.204213 -65.662003
v 85.006592 -2.444173 -58.285461
v 90.179733 4.830733 -62.429920
v 87.489113 4.357052 -65.547958
v 85.084923 3.996787 -66.393021
v 86.566124 7.004487 -63.883205
v 85.406708 6.945985 -61.097183
v 87.991882 7.567656 -63.221218
v 90.052399 7.671085 -62.856907
v 87.582680 1.253477 -64.963364
v 90.332870 1.246995 -66.748367
v 84.166191 0.965977 -69.643143
v 85.585442 0.923927 -64.778900
v 90.371460 -1.798297 -69.482620
v 85.661713 -1.839948 -63.738804
v 90.303635 4.980920 -66.816162
v 86.708832 4.721642 -62.620060
v 87.636932 -1.828433 -66.577393
v 84.231056 -1.754063 -61.599220
v 87.969276 4.741581 -64.334747
v 85.500977 4.630068 0.000001
v 128.385834 12.437967 0.000000
v 86.365944 -10.478790 -0.000000
v 122.202011 -2.804028 -0.000000
v 119.448990 -5.396758 0.000001
v 104.805397 -10.376636 0.000003
v 143.080978 -15.309170 -14.182206
v 151.498718 -12.486826 -15.355073
v 145.826767 -7.551979 -14.287273
v 136.120193 -4.906622 -14.732601
v 140.213440 -6.213881 -9.691054
v 145.029572 -13.221276 -13.140592
v 147.997177 -12.981233 -11.671083
v 132.011169 -4.016977 -7.160639
v 129.258286 -10.181210 -3.902395
v 143.143494 -13.947935 -7.318440
v 146.855637 -15.006627 -8.512164
v 138.454498 -12.886533 -3.981688
v 138.546341 -13.760866 -12.964493
v 138.737289 -10.447797 -12.518030
v 135.352554 -10.427279 -4.840251
v 130.598480 -12.646101 -14.173067
v 145.597549 -11.202845 -10.374405
v 131.430679 -10.198973 -8.438329
v 132.991226 -12.347932 -2.449058
v 134.332397 -14.373091 -0.000001
v 135.171860 -17.572611 -0.000001
v 131.146576 -14.753829 -0.000001
v 126.992546 -12.078547 0.000003
v 146.707001 -16.294287 -16.849993
v 151.746826 0.323738 0.000001
v 138.392151 -16.398548 -7.119630
v 135.455276 -12.817794 -10.701414
v 135.527756 -11.397863 -0.000000
v 126.774017 8.181272 0.000000
v 108.118996 11.901209 -0.000002
v 118.646431 15.187443 -0.000001
v 156.361221 -16.279863 41.660858
v 95.151077 5.433989 43.992844
v 99.190201 8.041162 43.956272
v 99.126854 -3.150999 41.614632
v 95.071014 -0.267000 46.292320
v 103.173012 5.872495 46.296009
v 103.179405 -0.931007 45.882812
v 92.817688 5.221766 35.612404
v 98.507599 -0.413642 40.890594
v 106.899002 -0.882892 35.588303
v 98.507301 5.739237 48.243706
v 96.572586 7.533299 14.707238
v 137.116943 5.528992 5.746119
v 132.232269 4.085752 8.586512
v 128.871552 12.563712 6.564714
v 124.009537 10.408946 9.212525
v 121.255432 14.373182 19.388956
v 145.877823 10.205210 16.963593
v 146.935349 3.672111 -0.000000
v 88.115334 11.343996 8.334929
v 88.028671 10.629148 0.000000
v 99.167564 10.378194 0.000001
v 122.281990 10.395013 9.520355
v 91.332573 -7.719069 8.909035
v 92.419708 7.857970 12.340747
v 91.860413 -0.151329 20.903702
v 107.147003 0.097653 20.847601
v 107.012001 7.013098 23.544401
v 111.304008 9.739819 23.831305
v 111.622002 -2.814018 26.166805
v 115.727997 0.264825 26.184196
v 115.865997 7.207413 5.519421
v 123.341011 -0.287922 5.644171
v 125.979019 5.144223 8.847210
v 98.209358 -7.852651 11.724614
v 98.617065 -0.095470 8.531592
v 99.057678 8.306596 28.039499
v 103.616997 6.144817 28.232904
v 103.764000 0.468954 33.137100
v 111.677002 6.044693 30.670507
v 107.721008 -1.842289 32.970802
v 111.517006 0.175515 50.401733
v 100.354179 -0.967550 29.871994
v 108.092003 8.632077 30.468102
v 102.177002 5.725028 35.256199
v 110.276001 6.032042 33.851307
v 105.700989 8.413528 31.771599
v 106.961990 8.656691 35.132004
v 110.078011 0.107736 32.968910
v 106.255005 -1.954420 30.569307
v 102.282997 0.415971 12.381103
v 119.932030 -0.045117 12.000802
v 120.829956 8.817428 11.164601
v 107.776001 -5.939379 10.554201
v 115.741936 11.526393 12.968100
v 109.424004 -0.053803 13.338787
v 108.732010 7.787889 12.403702
v 115.316048 -3.415558 16.983803
v 120.297974 8.620403 12.752404
v 122.252983 4.807682 15.642731
v 110.447067 7.387946 15.068600
v 115.141960 10.885201 18.071796
v 114.254997 9.936710 14.426603
v 110.799004 0.055039 16.915600
v 120.209007 0.025847 18.004604
v 114.420006 -2.300719 21.556000
v 118.716011 7.314282 17.456703
v 121.241989 4.480039 21.422405
v 118.681007 0.616756 7.038141
v 115.216011 -6.975568 7.382104
v 107.281311 -10.049628 6.144639
v 119.659012 -4.208404 8.725970
v 121.674011 -0.153515 9.315510
v 123.750000 5.020543 6.170481
v 122.454994 9.678309 15.331704
v 115.234024 -2.552716 9.714610
v 107.883003 10.665512 5.170536
v 129.953552 -1.004862 38.209099
v 102.814003 -3.251241 40.991199
v 106.862000 6.128692 38.138893
v 102.794983 8.740561 12.853251
v 87.638062 6.541627 14.105249
v 87.234299 0.058390 12.101224
v 86.701279 -5.962302 7.258695
v 86.450890 -8.965406 7.526820
v 104.922600 -8.733978 45.628487
v 92.772888 -0.168934 50.570694
v 100.195763 5.665728 48.018120
v 96.520905 -3.080151 49.150185
v 88.451233 -5.416101 60.077301
v 92.777489 8.124992 54.452522
v 91.294266 -5.038777 57.939827
v 90.325478 -5.350355 57.969696
v 85.459526 -8.463098 56.155762
v 88.364052 -7.337999 55.357254
v 82.964592 -9.339872 52.189255
v 85.616699 -7.947526 52.173130
v 94.568390 8.554039 52.646549
v 90.488342 1.335210 53.457764
v 88.292870 -3.726651 54.570625
v 86.119064 -4.883227 56.567200
v 84.090057 -7.119264 60.253132
v 93.555824 -5.233353 51.395870
v 92.685852 -6.752769 54.617226
v 93.840187 -4.997120 57.131535
v 84.637520 -10.738976 53.792610
v 88.272697 -9.424586 58.706200
v 90.390228 1.367323 61.088074
v 94.014000 1.486988 50.247494
v 91.420212 8.125901 64.128914
v 90.234619 -5.249948 62.025257
v 87.708565 -5.225883 62.696823
v 87.560905 1.530026 64.803268
v 90.311073 1.523545 67.823654
v 86.402016 -5.113378 65.167038
v 85.152565 -5.109590 66.021988
v 84.934532 1.426422 68.720840
v 86.142654 1.384369 57.749306
v 89.714310 8.107562 60.727318
v 93.951401 -1.738532 64.525192
v 90.368042 -2.174076 68.310638
v 86.241722 -2.530056 60.455982
v 93.531158 5.137646 64.454788
v 90.170807 4.489358 68.226364
v 86.261208 4.028668 58.530258
v 90.488571 -1.879643 62.366356
v 87.633530 -2.204213 65.662003
v 85.006592 -2.444172 58.285461
v 90.179733 4.830732 62.429916
v 87.489113 4.357051 65.547958
v 85.084923 3.996787 66.393028
v 86.566139 7.004486 63.883202
v 85.406708 6.945987 61.097183
v 87.991882 7.567656 63.221214
v 90.052399 7.671084 62.856911
v 87.582680 1.253477 64.963364
v 90.332870 1.246995 66.748367
v 84.166191 0.965978 69.643143
v 85.585442 0.923927 64.778900
v 90.371460 -1.798297 69.482620
v 85.661713 -1.839948 63.738800
v 90.303635 4.980919 66.816162
v 86.708839 4.721642 62.620060
v 87.636932 -1.828433 66.577393
v 84.231056 -1.754062 61.599220
v 87.969276 4.741581 64.334747
v 85.500984 4.630069 0.000000
v 91.124306 -10.698400 0.000001
v 107.180298 -11.177750 0.000001
v 116.402008 11.868213 14.182203
v 151.498718 -12.486830 15.355073
v 145.826797 -7.551974 14.287275
v 136.120193 -4.906613 14.732605
v 140.213455 -6.213880 9.691060
v 145.029572 -13.221275 13.140589
v 147.997192 -12.981234 11.671077
v 132.011185 -4.016978 7.160650
v 129.258286 -10.181205 3.902394
v 143.143494 -13.947940 7.318448
v 146.855637 -15.006625 8.512171
v 138.454483 -12.886529 3.981695
v 138.546341 -13.760864 12.964499
v 138.737289 -10.447794 12.518034
v 135.352554 -10.427277 4.840250
v 130.598480 -12.646103 14.173067
v 145.597565 -11.202846 10.374406
v 131.430695 -10.198974 8.438333
v 132.991226 -12.347928 2.449067
v 134.332397 -14.373090 0.000009
v 133.807877 -15.488742 16.849985
v 151.746841 0.323734 7.119637
v 135.455276 -12.817791 10.701413
v 135.527756 -11.397862 -8.467043
v 123.999237 3.534835 -7.694796
v 125.439377 3.226310 -6.672382
v 125.484444 4.696175 -8.082687
v 124.171410 6.161226 -7.141026
v 125.505699 6.475068 -5.721449
v 124.645958 7.148494 -5.503335
v 123.917068 8.289487 -4.793779
v 125.417847 8.388115 -3.131832
v 124.873840 8.775196 -2.552099
v 123.818260 9.546147 -1.805464
v 125.258522 9.911812 -0.138348
v 124.788345 9.456280 8.467045
v 123.999237 3.534851 7.694796
v 125.439377 3.226331 6.672382
v 125.484436 4.696194 8.082689
v 124.171394 6.161243 7.141026
v 125.505676 6.475088 5.721450
v 124.645935 7.148508 5.503335
v 123.917053 8.289499 4.793779
v 125.417831 8.388134 3.131832
v 124.873810 8.775209 2.552099
v 123.818230 9.546156 1.805464
v 125.258492 9.911823 0.138348
v 124.788315 9.456288 -22.638947
v 67.989487 3.936763 -15.397897
v 86.249161 1.694638 -16.474241
v 89.057594 -8.195182 -14.099470
v 88.132759 -8.057633 -16.263798
v 83.161713 -4.114938 -21.553345
v 71.860313 11.220406 -15.384810
v 92.942070 -0.885849 -13.010037
v 92.017227 -0.748304 -17.678265
v 91.680870 -4.641802 -11.806017
v 89.393951 -4.301685 -13.010037
v 92.017227 -0.748304 -14.099470
v 88.132759 -8.057633 -27.154144
v 57.115536 8.777243 -25.700382
v 62.299068 18.531002 5.368631
v 111.823181 -11.389584 3.849905
v 108.331009 -12.506791 0.183382
v 106.884506 -12.969554 3.849904
v 115.315353 -10.272377 0.183380
v 116.761856 -9.809614 0.183382
v 106.884506 -12.969554 0.183376
v 106.295975 -11.129915 0.183377
v 116.173325 -7.969975 0.183380
v 116.761856 -9.809614 0.183382
v 106.884506 -12.969554 -3.483145
v 108.331009 -12.506791 -5.001873
v 111.823181 -11.389585 -3.483146
v 115.315353 -10.272377 0.183380
v 116.761856 -9.809614 43.716007
v 91.925735 6.471618 42.110603
v 93.494080 6.190035 45.982460
v 91.478989 5.924430 -43.716007
v 91.925735 6.471616 -42.110603
v 93.494080 6.190035 -45.982452
v 91.478989 5.924427 0.000000
v 128.153061 24.794405 -0.000001
v 145.287582 27.565422 -1.239070
v 73.982903 0.990544 -1.232108
v 63.644356 1.988993 -0.000000
v 74.428001 0.934487 -1.557066
v 52.050121 2.609816 -1.273219
v 47.503784 2.842832 -0.000000
v 74.428001 0.934487 -0.000001
v 75.816498 7.281449 1.239070
v 73.982903 0.990544 1.232109
v 63.644352 1.988992 0.000000
v 75.339897 -7.081400 -0.000000
v 74.428001 0.934487 0.000000
v 79.821205 -9.466021 0.000001
v 81.839905 12.519301 0.000000
v 86.365944 -10.478790 -0.000000
v 88.115334 11.343996 1.557066
v 52.050121 2.609816 1.273219
v 47.503780 2.842833 10.765506
v 150.374649 -18.336458 0.000003
v 150.820419 -20.006426 19.635080
v 148.780472 -11.638586 22.489794
v 146.834808 -0.847865 18.239084
v 144.297791 15.689507 11.436316
v 143.820999 24.954815 0.000004
v 143.970306 28.120020 0.000001
v 175.900986 -17.138170 -0.000005
v 180.901886 -6.731940 0.000004
v 181.655090 14.030650 0.000002
v 173.261246 26.484970 -0.000001
v 161.725098 30.229374 -0.000003
v 164.904053 -22.260868 -0.000003
v 148.200302 29.510342 0.000003
v 150.820419 -20.006426 0.000004
v 157.375916 -22.410006 0.000004
v 143.970306 28.120020 -0.000002
v 157.211105 2.312064 -10.765484
v 150.374649 -18.336462 0.000003
v 150.820419 -20.006426 -19.635073
v 148.780472 -11.638592 -22.007507
v 146.834793 -0.847864 -18.476044
v 144.297775 15.689512 -11.436312
v 143.820999 24.954807 0.000004
v 143.970306 28.120020 -7.607823
v 89.227524 -10.633644 -6.480066
v 88.672440 -9.948891 1.520248
v 89.922005 -11.583560 1.913850
v 90.508873 -12.338675 -7.607823
v 89.227524 -10.633644 -7.812943
v 86.129601 -11.036468 -6.480066
v 88.672440 -9.948891 1.709672
v 84.851822 -11.414858 -6.532543
v 83.583511 -10.529850 2.132598
v 84.496323 -12.266047 2.339499
v 87.502594 -12.554668 1.709672
v 84.851822 -11.414858 2.132598
v 84.496323 -12.266047 -7.385512
v 83.031677 -11.164181 1.520248
v 89.922005 -11.583560 1.913850
v 90.508873 -12.338675 0.000004
v 162.905182 27.940414 2.992289
v 153.501465 28.622370 3.893405
v 155.064468 28.093830 -3.893429
v 155.064468 28.093834 -2.992309
v 153.501465 28.622375 3.027328
v 147.319275 30.445517 4.260978
v 150.798813 28.510555 -3.216877
v 147.319275 30.445520 -4.261003
v 150.798813 28.510551 2.459043
v 146.748947 31.127245 -2.648591
v 146.748947 31.127245 3.027329
v 144.029648 31.164812 -3.216880
v 144.029648 31.164820 -0.094771
v 142.151337 34.283688 -0.094771
v 142.151337 34.283688 19.388958
v 145.877823 10.205200 12.326281
v 145.706970 21.470819 5.303344
v 35.873138 4.034859 5.298718
v 48.985847 2.408356 8.254049
v 17.737492 4.264548 7.197127
v 5.630598 4.207199 7.897054
v 0.000228 -20.431139 7.160618
v 0.000223 -11.961514 25.394901
v -0.001241 -3.441304 8.600506
v 0.001866 -4.636415 24.518604
v 0.000229 -19.230612 26.064236
v 0.000227 -10.749022 16.475708
v -0.001214 -23.043610 8.142364
v 0.002066 6.214303 8.308618
v 0.001921 0.778172 22.661804
v -0.000646 6.089242 14.161178
v -0.001259 11.839490 8.308618
v 0.001921 0.778172 4.714602
v 51.866100 2.320641 3.076682
v 65.275284 1.425688 -19.388960
v 145.877808 10.205202 -12.326281
v 145.706970 21.470821 -5.303341
v 35.873138 4.034859 -5.298716
v 48.985847 2.408355 -8.254042
v 17.737492 4.264547 -7.197124
v 5.630594 4.207199 -7.897049
v 0.000230 -20.431135 -7.160612
v 0.000223 -11.961517 -25.394901
v -0.001241 -3.441305 -8.600501
v 0.001868 -4.636415 -24.518600
v 0.000231 -19.230618 -26.064232
v 0.000225 -10.749020 -16.475698
v -0.001216 -23.043615 -8.308613
v 0.001921 0.778172 -8.142360
v 0.002063 6.214302 -22.661800
v -0.000644 6.089241 -14.161186
v -0.001260 11.839491 -8.308613
v 0.001921 0.778172 -4.714600
v 51.866100 2.320641 -3.076679
v 65.275284 1.425690 0.000000
v 79.093819 -11.635660 0.000000
v 87.982155 -10.147049 -0.000001
v 71.540680 -12.920046 -0.000001
v 61.180962 -14.642187 -7.835220
v 160.502930 -17.031956 -41.660862
v 95.151077 5.433990 -35.588303
v 98.507301 5.739239 -45.882812
v 92.817688 5.221767 -15.908279
v 131.643524 13.460893 -9.954560
v 132.840836 19.995865 -15.908279
v 131.643524 13.460893 -8.586513
v 128.871552 12.563710 -0.000001
v 145.287582 27.565422 0.000001
v 128.385834 12.437967 -6.564722
v 124.009537 10.408950 -9.212531
v 121.255432 14.373186 -19.952866
v 157.687576 11.870426 -12.340747
v 91.860413 -0.151331 -11.724614
v 98.617065 -0.095471 -20.847603
v 107.012001 7.013100 -28.039499
v 103.616982 6.144820 -38.138893
v 102.794983 8.740560 -30.468102
v 102.177002 5.725029 -40.890594
v 106.899002 -0.882892 -40.991199
v 106.862000 6.128691 -35.612404
v 98.507599 -0.413643 -35.588303
v 98.507301 5.739239 -15.642733
v 110.447067 7.387948 -13.338788
v 108.732002 7.787888 -5.746119
v 132.232269 4.085753 -0.000000
v 133.220993 6.875783 -38.209099
v 102.814003 -3.251241 -35.588303
v 98.507301 5.739239 -8.334929
v 88.028671 10.629148 -12.853251
v 87.638062 6.541627 -0.000000
v 88.115334 11.343996 -12.101224
v 86.701279 -5.962302 -7.258694
v 86.450890 -8.965406 -14.105249
v 87.234299 0.058441 -14.105249
v 87.234299 0.058441 0.000000
v 86.365944 -10.478790 -48.243702
v 96.572586 7.533299 -50.570690
v 100.195763 5.665728 -45.628487
v 92.772888 -0.168933 -48.018120
v 96.520905 -3.080151 -45.628487
v 92.772888 -0.168933 -49.150185
v 88.451233 -5.416104 -54.452522
v 91.294266 -5.038779 -50.401730
v 100.354179 -0.967550 -55.357254
v 82.964592 -9.339871 -52.189255
v 85.616699 -7.947526 -56.155762
v 88.364052 -7.337999 -57.969696
v 85.459526 -8.463089 -57.969696
v 85.459526 -8.463089 -56.567200
v 84.090057 -7.119265 -45.882812
v 92.817688 5.221767 -50.247490
v 91.420212 8.125900 -57.749302
v 89.714310 8.107562 -57.939823
v 90.325478 -5.350356 -62.025261
v 87.708565 -5.225883 -65.167038
v 85.152565 -5.109591 -65.167038
v 85.152565 -5.109591 -65.662003
v 85.006592 -2.444173 -65.547958
v 85.084923 3.996787 -66.021988
v 84.934532 1.426422 -45.882812
v 92.817688 5.221767 -64.525192
v 90.368042 -2.174076 -65.662003
v 85.006592 -2.444173 -62.366356
v 87.633537 -2.204213 -68.310638
v 86.241722 -2.530056 -58.530258
v 90.488571 -1.879644 -60.727318
v 93.951401 -1.738531 -64.454788
v 90.170807 4.489358 -65.547958
v 85.084923 3.996787 -62.429920
v 87.489113 4.357052 -68.226364
v 86.261208 4.028668 -58.285461
v 90.179733 4.830733 -60.455982
v 93.531158 5.137646 -64.803268
v 90.311073 1.523545 -66.021988
v 84.934532 1.426422 -68.720840
v 86.142654 1.384369 -62.696823
v 87.560905 1.530026 -58.706200
v 90.390228 1.367323 -61.088074
v 94.014000 1.486988 -66.748367
v 84.166191 0.965977 -66.577393
v 84.231056 -1.754063 -61.097183
v 87.991882 7.567656 -63.883205
v 85.406708 6.945985 -64.334747
v 85.500977 4.630068 -63.883205
v 85.406708 6.945985 -64.778900
v 90.371460 -1.798297 -66.577393
v 84.231056 -1.754063 -69.482620
v 85.661713 -1.839948 -62.620060
v 87.636932 -1.828433 -63.738804
v 90.303635 4.980920 -64.334747
v 85.500977 4.630068 -66.816162
v 86.708832 4.721642 -61.599220
v 87.969276 4.741581 -64.963364
v 90.332870 1.246995 -66.748367
v 84.166191 0.965977 -62.856907
v 87.582680 1.253477 -69.643143
v 85.585442 0.923927 -14.707239
v 137.116943 5.528989 -5.170534
v 129.953552 -1.004862 -0.000000
v 128.480865 -3.807324 -5.746119
v 132.232269 4.085753 -16.963589
v 146.935349 3.672113 -16.849993
v 151.746826 0.323738 41.660858
v 95.151077 5.433989 35.588303
v 98.507301 5.739237 45.882812
v 92.817688 5.221766 -0.000000
v 133.220993 6.875783 15.908278
v 131.643524 13.460893 15.908278
v 131.643524 13.460893 9.954563
v 132.840836 19.995867 0.000001
v 128.385834 12.437967 8.586512
v 128.871552 12.563712 -0.000002
v 118.646431 15.187443 -0.000001
v 145.287582 27.565422 0.000001
v 128.385834 12.437967 6.564714
v 124.009537 10.408946 9.212525
v 121.255432 14.373182 19.952866
v 157.687576 11.870427 -0.000000
v 92.554405 9.789913 0.000000
v 99.167564 10.378194 12.340747
v 91.860413 -0.151329 -0.000000
v 98.046059 -10.959754 0.000000
v 91.124306 -10.698400 11.724614
v 98.617065 -0.095470 28.039499
v 103.616997 6.144817 20.847601
v 107.012001 7.013098 38.138893
v 102.794983 8.740561 30.468102
v 102.177002 5.725028 40.890594
v 106.899002 -0.882892 40.991199
v 106.862000 6.128692 35.612404
v 98.507599 -0.413642 35.588303
v 98.507301 5.739237 0.000001
v 104.805397 -10.376636 0.000000
v 108.118996 11.901209 15.642731
v 110.447067 7.387946 13.338787
v 108.732010 7.787889 0.000001
v 107.180298 -11.177750 0.000003
v 115.153000 -8.612167 0.000001
v 122.281990 10.395013 0.000001
v 116.402008 11.868213 -0.000000
v 119.448990 -5.396758 -0.000000
v 122.202011 -2.804028 -0.000000
v 126.774017 8.181272 5.746119
v 132.232269 4.085752 -0.000000
v 133.220993 6.875783 -0.000000
v 128.480865 -3.807324 38.209099
v 102.814003 -3.251241 35.588303
v 98.507301 5.739237 8.334929
v 88.028671 10.629148 12.853251
v 87.638062 6.541627 -0.000000
v 88.115334 11.343996 12.101224
v 86.701279 -5.962302 7.258695
v 86.450890 -8.965406 14.105249
v 87.234299 0.058390 14.105249
v 87.234299 0.058390 0.000000
v 86.365944 -10.478790 48.243706
v 96.572586 7.533299 50.570694
v 100.195763 5.665728 45.628487
v 92.772888 -0.168934 48.018120
v 96.520905 -3.080151 45.628487
v 92.772888 -0.168934 49.150185
v 88.451233 -5.416101 54.452522
v 91.294266 -5.038777 50.401733
v 100.354179 -0.967550 55.357254
v 82.964592 -9.339872 52.189255
v 85.616699 -7.947526 56.155762
v 88.364052 -7.337999 57.969696
v 85.459526 -8.463098 57.969696
v 85.459526 -8.463098 56.567200
v 84.090057 -7.119264 45.882812
v 92.817688 5.221766 50.247494
v 91.420212 8.125901 57.749306
v 89.714310 8.107562 57.939827
v 90.325478 -5.350355 62.025257
v 87.708565 -5.225883 65.167038
v 85.152565 -5.109590 65.167038
v 85.152565 -5.109590 65.662003
v 85.006592 -2.444172 65.547958
v 85.084923 3.996787 66.021988
v 84.934532 1.426422 45.882812
v 92.817688 5.221766 65.662003
v 85.006592 -2.444172 64.525192
v 90.368042 -2.174076 62.366356
v 87.633530 -2.204213 68.310638
v 86.241722 -2.530056 58.530258
v 90.488571 -1.879643 60.727318
v 93.951401 -1.738532 65.547958
v 85.084923 3.996787 64.454788
v 90.170807 4.489358 62.429916
v 87.489113 4.357051 68.226364
v 86.261208 4.028668 58.285461
v 90.179733 4.830732 60.455982
v 93.531158 5.137646 66.021988
v 84.934532 1.426422 64.803268
v 90.311073 1.523545 68.720840
v 86.142654 1.384369 62.696823
v 87.560905 1.530026 58.706200
v 90.390228 1.367323 61.088074
v 94.014000 1.486988 66.748367
v 84.166191 0.965978 66.577393
v 84.231056 -1.754062 61.097183
v 87.991882 7.567656 63.883202
v 85.406708 6.945987 64.334747
v 85.500984 4.630069 63.883202
v 85.406708 6.945987 66.577393
v 84.231056 -1.754062 64.778900
v 90.371460 -1.798297 69.482620
v 85.661713 -1.839948 62.620060
v 87.636932 -1.828433 64.334747
v 85.500984 4.630069 63.738800
v 90.303635 4.980919 66.816162
v 86.708839 4.721642 61.599220
v 87.969276 4.741581 66.748367
v 84.166191 0.965978 64.963364
v 90.332870 1.246995 62.856911
v 87.582680 1.253477 69.643143
v 85.585442 0.923927 -0.000001
v 131.146576 -14.753829 -0.000001
v 156.361221 -16.279863 14.707238
v 137.116943 5.528992 0.000009
v 133.807877 -15.488742 0.000003
v 146.707001 -16.294287 0.000003
v 143.080978 -15.309170 -0.000001
v 126.992546 -12.078547 5.170536
v 129.953552 -1.004862 -0.000000
v 128.480865 -3.807324 0.000001
v 138.392151 -16.398548 -0.000001
v 135.171860 -17.572611 5.746119
v 132.232269 4.085752 16.963593
v 146.935349 3.672111 16.849985
v 151.746841 0.323734 0.483070

vt 0.768295 0.533122
vt 0.986153 0.384275
vt 0.880767 0.385490
vt 0.667944 0.546943
vt 0.581022 0.674823
vt 0.679455 0.683616
vt 0.883065 0.516930
vt 0.768295 0.533122
vt 0.986153 0.384275
vt 0.880767 0.385490
vt 0.667944 0.546943
vt 0.581022 0.674823
vt 0.679455 0.683616
vt 0.883065 0.516930
vt 0.768295 0.533122
vt 0.986153 0.384275
vt 0.880767 0.385490
vt 0.667944 0.546943
vt 0.581022 0.674823
vt 0.679455 0.683616
vt 0.883065 0.175010
vt 0.771045 0.184391
vt 0.967618 0.041766
vt 0.886923 0.040653
vt 0.667893 0.184004
vt 0.581027 0.330349
vt 0.677949 0.335736
vt 0.879004 0.175010
vt 0.771045 0.184391
vt 0.967618 0.041766
vt 0.886923 0.040653
vt 0.667893 0.184004
vt 0.581027 0.330349
vt 0.677949 0.335736
vt 0.879004 0.175010
vt 0.771045 0.184391
vt 0.967618 0.041766
vt 0.886923 0.040653
vt 0.667893 0.184004
vt 0.581027 0.330349
vt 0.677949 0.335736
vt 0.879004 0.175010
vt 0.771045 0.184391
vt 0.967618 0.041766
vt 0.886923 0.040653
vt 0.667893 0.184004
vt 0.581027 0.330349
vt 0.677949 0.335736
vt 0.879004 0.175010
vt 0.771045 0.184391
vt 0.967618 0.041766
vt 0.886923 0.040653
vt 0.667893 0.184004
vt 0.581027 0.330349
vt 0.677949 0.335736
vt 0.879004 0.516930
vt 0.768295 0.533122
vt 0.986153 0.384275
vt 0.880767 0.385490
vt 0.667944 0.546943
vt 0.581022 0.674823
vt 0.679455 0.683616
vt 0.883065 0.516930
vt 0.768295 0.533122
vt 0.986153 0.384275
vt 0.880767 0.385490
vt 0.667944 0.546943
vt 0.581022 0.674823
vt 0.679455 0.683616
vt 0.883065 0.516930
vt 0.768295 0.533122
vt 0.986153 0.384275
vt 0.880767 0.385490
vt 0.667944 0.546943
vt 0.581022 0.674823
vt 0.679455 0.683616
vt 0.883065 0.175010
vt 0.771045 0.184391
vt 0.967618 0.041766
vt 0.886923 0.040653
vt 0.667893 0.184004
vt 0.581027 0.330349
vt 0.677949 0.335736
vt 0.879004 0.175010
vt 0.771045 0.184391
vt 0.967618 0.041766
vt 0.886923 0.040653
vt 0.667893 0.184004
vt 0.581027 0.330349
vt 0.677949 0.335736
vt 0.879004 0.175010
vt 0.771045 0.184391
vt 0.967618 0.041766
vt 0.886923 0.040653
vt 0.667893 0.184004
vt 0.581027 0.330349
vt 0.677949 0.335736
vt 0.879004 0.175010
vt 0.771045 0.184391
vt 0.967618 0.041766
vt 0.886923 0.040653
vt 0.667893 0.184004
vt 0.581027 0.330349
vt 0.677949 0.335736
vt 0.879004 0.175010
vt 0.771045 0.184391
vt 0.967618 0.041766
vt 0.886923 0.040653
vt 0.667893 0.184004
vt 0.581027 0.330349
vt 0.677949 0.335736
vt 0.879004 0.148822
vt 0.214478 0.159918
vt 0.468608 0.966171
vt 0.210697 0.088555
vt 0.603339 0.148822
vt 0.214478 0.159918
vt 0.468608 0.964886
vt 0.211093 0.138038
vt 0.579002 0.827654
vt 0.387900 0.827005
vt 0.237385 0.827658
vt 0.237006 0.827654
vt 0.387900 0.012311
vt 0.540326 0.134671
vt 0.480145 0.012249
vt 0.347748 0.432768
vt 0.423299 0.424767
vt 0.234671 0.424767
vt 0.234671 0.432692
vt 0.423736 0.415318
vt 0.541985 0.522601
vt 0.539659 0.629884
vt 0.537331 0.413879
vt 0.473349 0.521162
vt 0.473296 0.628444
vt 0.473244 0.308036
vt 0.544313 0.415318
vt 0.541985 0.522601
vt 0.539659 0.629884
vt 0.537331 0.737167
vt 0.535003 0.306595
vt 0.473401 0.413879
vt 0.473349 0.521162
vt 0.473296 0.628444
vt 0.473244 0.735726
vt 0.473192 0.683415
vt 0.156269 0.684956
vt 0.045050 0.487981
vt 0.155853 0.830952
vt 0.147896 0.981780
vt 0.134514 0.970728
vt 0.031111 0.824729
vt 0.042824 0.179611
vt 0.147402 0.338353
vt 0.150766 0.337189
vt 0.049101 0.181236
vt 0.052450 0.485142
vt 0.050404 0.685391
vt 0.101456 0.984954
vt 0.083163 0.827448
vt 0.096170 0.338605
vt 0.100214 0.180727
vt 0.100881 0.485222
vt 0.104045 0.683415
vt 0.156269 0.684956
vt 0.045050 0.487981
vt 0.155853 0.830952
vt 0.147896 0.981780
vt 0.134514 0.970728
vt 0.031111 0.824729
vt 0.042824 0.179611
vt 0.147402 0.338353
vt 0.150766 0.337189
vt 0.049101 0.181236
vt 0.052450 0.485142
vt 0.050404 0.685391
vt 0.101456 0.984954
vt 0.083163 0.827448
vt 0.096170 0.338605
vt 0.100214 0.180727
vt 0.100881 0.485222
vt 0.104045 0.095257
vt 0.182709 0.118813
vt 0.184485 0.099681
vt 0.129313 0.047224
vt 0.191958 0.106105
vt 0.069089 0.074189
vt 0.103907 0.071431
vt 0.067806 0.082712
vt 0.080250 0.041342
vt 0.070960 0.147359
vt 0.127467 0.122320
vt 0.059874 0.144513
vt 0.020973 0.175450
vt 0.039711 0.186182
vt 0.009509 0.236017
vt 0.010537 0.246247
vt 0.036083 0.239018
vt 0.102476 0.193686
vt 0.038488 0.187077
vt 0.067314 0.140024
vt 0.069482 0.092504
vt 0.023981 0.768046
vt 0.078040 0.730481
vt 0.075713 0.232266
vt 0.130960 0.260510
vt 0.055904 0.543825
vt 0.321516 0.535653
vt 0.370044 0.577052
vt 0.361482 0.552664
vt 0.248966 0.580443
vt 0.328204 0.562610
vt 0.322712 0.804861
vt 0.057733 0.806850
vt 0.080854 0.122364
vt 0.129496 0.769238
vt 0.063351 0.767815
vt 0.097844 0.052937
vt 0.045967 0.027663
vt 0.047560 0.050462
vt 0.111762 0.011513
vt 0.024085 0.261862
vt 0.129382 0.208417
vt 0.074437 0.163588
vt 0.070258 0.162135
vt 0.179084 0.804762
vt 0.106844 0.095257
vt 0.182709 0.118813
vt 0.184485 0.099681
vt 0.129313 0.047224
vt 0.191958 0.106105
vt 0.069089 0.074189
vt 0.103907 0.071431
vt 0.067806 0.082712
vt 0.080250 0.041342
vt 0.070960 0.122320
vt 0.059874 0.144513
vt 0.020973 0.175450
vt 0.039711 0.186182
vt 0.009509 0.236017
vt 0.010537 0.246247
vt 0.036083 0.239018
vt 0.102476 0.193686
vt 0.038488 0.187077
vt 0.067314 0.140024
vt 0.069482 0.092504
vt 0.023981 0.768046
vt 0.078040 0.730481
vt 0.075713 0.232266
vt 0.130960 0.543825
vt 0.321516 0.535653
vt 0.370044 0.577052
vt 0.361482 0.552664
vt 0.248966 0.580443
vt 0.328204 0.562610
vt 0.322712 0.804861
vt 0.057733 0.806850
vt 0.080854 0.122364
vt 0.129496 0.769238
vt 0.063351 0.767815
vt 0.097844 0.052937
vt 0.045967 0.027663
vt 0.047560 0.050462
vt 0.111762 0.011513
vt 0.024085 0.208417
vt 0.074437 0.163588
vt 0.070258 0.162135
vt 0.179084 0.804762
vt 0.106844 0.100219
vt 0.901630 0.409380
vt 0.894538 0.108785
vt 0.930442 0.156053
vt 0.917778 0.245457
vt 0.897748 0.198625
vt 0.922812 0.308522
vt 0.917049 0.447632
vt 0.879062 0.107510
vt 0.889209 0.245471
vt 0.811597 0.101031
vt 0.814452 0.038630
vt 0.821560 0.308634
vt 0.891355 0.384003
vt 0.807730 0.310300
vt 0.808031 0.381196
vt 0.880531 0.241947
vt 0.671672 0.405833
vt 0.660639 0.480816
vt 0.686874 0.152359
vt 0.893814 0.195640
vt 0.896530 0.380210
vt 0.907670 0.247386
vt 0.722118 0.393151
vt 0.732103 0.464244
vt 0.743399 0.317733
vt 0.725359 0.246143
vt 0.695094 0.472006
vt 0.715342 0.323878
vt 0.694946 0.398611
vt 0.704013 0.373983
vt 0.688306 0.366260
vt 0.704181 0.345468
vt 0.686473 0.340375
vt 0.656848 0.328415
vt 0.679660 0.311147
vt 0.695312 0.285016
vt 0.678817 0.264371
vt 0.652219 0.169297
vt 0.807452 0.094304
vt 0.737216 0.167260
vt 0.667959 0.087495
vt 0.703826 0.239241
vt 0.693531 0.104194
vt 0.675339 0.120491
vt 0.697604 0.129633
vt 0.726651 0.139956
vt 0.694880 0.146386
vt 0.667714 0.070495
vt 0.681189 0.058958
vt 0.710134 0.036012
vt 0.686151 0.193766
vt 0.693996 0.176058
vt 0.692263 0.188619
vt 0.726217 0.074845
vt 0.654706 0.385102
vt 0.936980 0.450354
vt 0.887051 0.156053
vt 0.917778 0.245457
vt 0.897748 0.198625
vt 0.922812 0.308522
vt 0.917049 0.447632
vt 0.879062 0.107510
vt 0.889209 0.245471
vt 0.811597 0.101031
vt 0.814452 0.038630
vt 0.821560 0.308634
vt 0.891355 0.384003
vt 0.807730 0.310300
vt 0.808031 0.381196
vt 0.880531 0.241947
vt 0.671672 0.405833
vt 0.660639 0.480816
vt 0.686874 0.152359
vt 0.893814 0.195640
vt 0.896530 0.380210
vt 0.907670 0.247386
vt 0.722118 0.393151
vt 0.732103 0.464244
vt 0.743399 0.317733
vt 0.725359 0.246143
vt 0.695094 0.472006
vt 0.715342 0.323878
vt 0.694946 0.398611
vt 0.704013 0.373983
vt 0.688306 0.366260
vt 0.704181 0.345468
vt 0.686473 0.340375
vt 0.656848 0.328415
vt 0.679660 0.311147
vt 0.695312 0.285016
vt 0.678817 0.264371
vt 0.652219 0.169297
vt 0.807452 0.094304
vt 0.737216 0.167260
vt 0.667959 0.087495
vt 0.703826 0.239241
vt 0.693531 0.104194
vt 0.675339 0.120491
vt 0.697604 0.129633
vt 0.726651 0.139956
vt 0.694880 0.146386
vt 0.667714 0.070495
vt 0.681189 0.058958
vt 0.710134 0.036012
vt 0.686151 0.193766
vt 0.693996 0.176058
vt 0.692263 0.188619
vt 0.726217 0.074845
vt 0.654706 0.320817
vt 0.961200 0.571611
vt 0.985919 0.464996
vt 0.794662 0.507277
vt 0.828601 0.520320
vt 0.785227 0.548664
vt 0.890313 0.510676
vt 0.888408 0.541857
vt 0.926219 0.544700
vt 0.755825 0.555186
vt 0.790445 0.555123
vt 0.837806 0.599841
vt 0.900195 0.590669
vt 0.941940 0.603599
vt 0.751294 0.615270
vt 0.794231 0.620911
vt 0.838009 0.618925
vt 0.902597 0.606152
vt 0.946408 0.574612
vt 0.752969 0.587532
vt 0.791691 0.597441
vt 0.838286 0.410751
vt 0.648417 0.457269
vt 0.877783 0.521207
vt 0.966273 0.487030
vt 0.750362 0.531269
vt 0.723826 0.589868
vt 0.988352 0.593660
vt 0.711527 0.563564
vt 0.715613 0.481312
vt 0.935514 0.507277
vt 0.828601 0.520320
vt 0.785227 0.548664
vt 0.890313 0.510676
vt 0.888408 0.541857
vt 0.926219 0.544700
vt 0.755825 0.555186
vt 0.790445 0.555123
vt 0.837806 0.599841
vt 0.900195 0.590669
vt 0.941940 0.603599
vt 0.751294 0.615270
vt 0.794231 0.620911
vt 0.838009 0.618925
vt 0.902597 0.606152
vt 0.946408 0.574612
vt 0.752969 0.587532
vt 0.791691 0.597441
vt 0.838286 0.527073
vt 0.457110 0.357496
vt 0.416410 0.424020
vt 0.427439 0.482548
vt 0.438578 0.569410
vt 0.484097 0.491010
vt 0.596098 0.351791
vt 0.586635 0.404196
vt 0.588237 0.454456
vt 0.591520 0.524680
vt 0.608100 0.516709
vt 0.498751 0.355463
vt 0.466843 0.418498
vt 0.478864 0.473638
vt 0.486144 0.557570
vt 0.519138 0.278873
vt 0.463802 0.504227
vt 0.546145 0.353784
vt 0.518187 0.412291
vt 0.526567 0.464606
vt 0.533591 0.540836
vt 0.565117 0.283123
vt 0.518332 0.006338
vt 0.514673 0.042707
vt 0.486618 0.142351
vt 0.445987 0.095320
vt 0.462250 0.203745
vt 0.429056 0.054651
vt 0.621711 0.087230
vt 0.598997 0.175295
vt 0.578501 0.130330
vt 0.583464 0.226064
vt 0.579502 0.038850
vt 0.587034 0.058768
vt 0.521638 0.151455
vt 0.484011 0.106330
vt 0.499752 0.211003
vt 0.473870 0.022638
vt 0.552796 0.073384
vt 0.560808 0.163414
vt 0.530962 0.118605
vt 0.540696 0.218417
vt 0.523510 0.274778
vt 0.413103 0.288393
vt 0.584017 0.259260
vt 0.388645 0.189192
vt 0.429111 0.248205
vt 0.362147 0.222039
vt 0.366939 0.182390
vt 0.385435 0.211755
vt 0.316365 0.176800
vt 0.338515 0.250530
vt 0.305124 0.196390
vt 0.282507 0.259026
vt 0.225065 0.161489
vt 0.311395 0.238123
vt 0.230545 0.224907
vt 0.254325 0.214448
vt 0.245308 0.201952
vt 0.264152 0.264603
vt 0.384497 0.303471
vt 0.396483 0.267601
vt 0.353423 0.320108
vt 0.312733 0.277228
vt 0.309270 0.311414
vt 0.361596 0.297535
vt 0.283433 0.334059
vt 0.320753 0.341792
vt 0.257635 0.323176
vt 0.206666 0.020488
vt 0.366363 0.054094
vt 0.311473 0.013834
vt 0.314384 0.068105
vt 0.367404 0.059988
vt 0.397729 0.023266
vt 0.400668 0.007291
vt 0.280968 0.092468
vt 0.306722 0.057570
vt 0.275573 0.093694
vt 0.281239 0.062991
vt 0.225281 0.093108
vt 0.405550 0.100471
vt 0.375293 0.122825
vt 0.323088 0.128079
vt 0.425172 0.133220
vt 0.385291 0.150402
vt 0.330991 0.131052
vt 0.283793 0.159451
vt 0.278134 0.154895
vt 0.244888 0.325349
vt 0.324316 0.043510
vt 0.293895 0.149996
vt 0.432659 0.150799
vt 0.392195 0.155774
vt 0.360342 0.269028
vt 0.047971 0.317208
vt 0.011172 0.483987
vt 0.011048 0.548913
vt 0.047801 0.406442
vt 0.011092 0.336397
vt 0.047874 0.414301
vt 0.047824 0.475134
vt 0.047787 0.363368
vt 0.011107 0.837014
vt 0.048018 0.800615
vt 0.047911 0.643734
vt 0.047796 0.704346
vt 0.047806 0.759172
vt 0.047844 0.854073
vt 0.011352 0.809733
vt 0.011196 0.705991
vt 0.011108 0.758146
vt 0.011129 0.251020
vt 0.011300 0.647810
vt 0.011103 0.555291
vt 0.011094 0.171551
vt 0.216738 0.296586
vt 0.217016 0.037313
vt 0.186945 0.024589
vt 0.100397 0.303545
vt 0.177507 0.170894
vt 0.177916 0.963017
vt 0.618162 0.928161
vt 0.586322 0.929446
vt 0.538544 0.082496
vt 0.969144 0.983543
vt 0.589319 0.951018
vt 0.579294 0.988791
vt 0.543350 0.956195
vt 0.540320 0.872710
vt 0.586338 0.905715
vt 0.578070 0.869948
vt 0.540188 0.902648
vt 0.538864 0.952764
vt 0.479392 0.982322
vt 0.477960 0.047252
vt 0.936553 0.057245
vt 0.915967 0.908403
vt 0.478215 0.930564
vt 0.477878 0.953985
vt 0.505996 0.994549
vt 0.507753 0.061417
vt 0.950196 0.083122
vt 0.929202 0.906658
vt 0.504457 0.930399
vt 0.504786 0.956230
vt 0.529232 0.986895
vt 0.529947 0.074010
vt 0.961537 0.089586
vt 0.947095 0.903212
vt 0.527732 0.929685
vt 0.529306 0.948569
vt 0.453679 0.979505
vt 0.450517 0.026441
vt 0.917900 0.040069
vt 0.900552 0.913778
vt 0.452868 0.931329
vt 0.446612 0.952427
vt 0.472934 0.976714
vt 0.471985 0.039891
vt 0.930028 0.050266
vt 0.915136 0.909050
vt 0.471907 0.930763
vt 0.471438 0.951271
vt 0.426598 0.728456
vt 0.097763 0.729374
vt 0.129790 0.768437
vt 0.114044 0.730271
vt 0.114130 0.690973
vt 0.115700 0.380921
vt 0.198556 0.457573
vt 0.194088 0.357127
vt 0.210800 0.422770
vt 0.191804 0.497259
vt 0.201956 0.448421
vt 0.273489 0.477581
vt 0.278573 0.503351
vt 0.283416 0.351989
vt 0.273825 0.400408
vt 0.193495 0.334323
vt 0.093249 0.366783
vt 0.073679 0.349116
vt 0.102764 0.370310
vt 0.088453 0.395710
vt 0.168693 0.397501
vt 0.089281 0.419480
vt 0.113416 0.470216
vt 0.146100 0.174829
vt 0.636813 0.478536
vt 0.122689 0.518160
vt 0.134661 0.447150
vt 0.111287 0.509365
vt 0.164444 0.344671
vt 0.139430 0.551456
vt 0.143315 0.551546
vt 0.168348 0.327911
vt 0.127178 0.321073
vt 0.151233 0.156382
vt 0.650752 0.572180
vt 0.150756 0.423452
vt 0.163031 0.369758
vt 0.174926 0.377774
vt 0.118715 0.444463
vt 0.392125 0.392018
vt 0.393909 0.367017
vt 0.392073 0.341698
vt 0.387721 0.413966
vt 0.392524 0.374511
vt 0.342682 0.528348
vt 0.336037 0.500158
vt 0.334946 0.474787
vt 0.331825 0.417414
vt 0.344651 0.445962
vt 0.327543 0.498413
vt 0.398166 0.472146
vt 0.394760 0.397378
vt 0.330305 0.377993
vt 0.328930 0.416419
vt 0.330498 0.398731
vt 0.313805 0.418861
vt 0.316430 0.379409
vt 0.317636 0.395807
vt 0.346087 0.446880
vt 0.339864 0.474664
vt 0.341384 0.499499
vt 0.343529 0.526761
vt 0.345788 0.453082
vt 0.103669 0.525144
vt 0.124785 0.634782
vt 0.138226 0.579963
vt 0.131506 0.728456
vt 0.097763 0.729374
vt 0.129790 0.768437
vt 0.114044 0.730271
vt 0.114130 0.690973
vt 0.115700 0.380921
vt 0.198556 0.457573
vt 0.194088 0.357127
vt 0.210800 0.422770
vt 0.191804 0.497259
vt 0.201956 0.448421
vt 0.273489 0.477581
vt 0.278573 0.503351
vt 0.283416 0.351989
vt 0.273825 0.400408
vt 0.193495 0.334323
vt 0.093249 0.366783
vt 0.073679 0.349116
vt 0.102764 0.370310
vt 0.088453 0.395710
vt 0.168693 0.397501
vt 0.089281 0.419480
vt 0.113416 0.470216
vt 0.146100 0.174829
vt 0.636813 0.478536
vt 0.122689 0.518160
vt 0.134661 0.447150
vt 0.111287 0.509365
vt 0.164444 0.344671
vt 0.139430 0.551456
vt 0.143315 0.551546
vt 0.168348 0.327911
vt 0.127178 0.321073
vt 0.151233 0.156382
vt 0.650752 0.572180
vt 0.150756 0.423452
vt 0.163031 0.369758
vt 0.174926 0.377774
vt 0.118715 0.444463
vt 0.392125 0.392018
vt 0.393909 0.367017
vt 0.392073 0.341698
vt 0.387721 0.413966
vt 0.392524 0.374511
vt 0.342682 0.528348
vt 0.336037 0.500158
vt 0.334946 0.474787
vt 0.331825 0.417414
vt 0.344651 0.445962
vt 0.327543 0.498413
vt 0.398166 0.472146
vt 0.394760 0.397378
vt 0.330305 0.377993
vt 0.328930 0.416419
vt 0.330498 0.398731
vt 0.313805 0.418861
vt 0.316430 0.379409
vt 0.317636 0.395807
vt 0.346087 0.446880
vt 0.339864 0.474664
vt 0.341384 0.499499
vt 0.343529 0.526761
vt 0.345788 0.453082
vt 0.103669 0.525144
vt 0.124785 0.634782
vt 0.138226 0.457596
vt 0.057624 0.537309
vt 0.057942 0.697964
vt 0.058561 0.579963
vt 0.131506 0.605071
vt 0.058169 0.656753
vt 0.863392 0.681065
vt 0.821938 0.653256
vt 0.822536 0.624852
vt 0.821510 0.688617
vt 0.783469 0.622006
vt 0.785218 0.613256
vt 0.543300 0.582823
vt 0.507426 0.612310
vt 0.496477 0.638771
vt 0.501169 0.577919
vt 0.464735 0.644032
vt 0.454879 0.612422
vt 0.446473 0.570296
vt 0.424083 0.650905
vt 0.404898 0.608265
vt 0.384470 0.651466
vt 0.768513 0.689343
vt 0.749767 0.615153
vt 0.741428 0.642679
vt 0.719529 0.791160
vt 0.589289 0.732402
vt 0.574857 0.697998
vt 0.582682 0.760459
vt 0.558623 0.668238
vt 0.522366 0.710340
vt 0.526209 0.711974
vt 0.691026 0.693632
vt 0.618199 0.675336
vt 0.624491 0.710905
vt 0.610949 0.670523
vt 0.555006 0.686810
vt 0.552461 0.706059
vt 0.547521 0.678027
vt 0.535439 0.690010
vt 0.534405 0.203113
vt 0.130372 0.147359
vt 0.127467 0.203113
vt 0.130372 0.762818
vt 0.626673 0.971805
vt 0.092848 0.988131
vt 0.279779 0.618636
vt 0.379681 0.618832
vt 0.339146 0.618102
vt 0.230001 0.616476
vt 0.193923 0.620866
vt 0.307129 0.618888
vt 0.264086 0.588583
vt 0.374286 0.650466
vt 0.193635 0.651338
vt 0.264408 0.651045
vt 0.382021 0.587289
vt 0.335676 0.255797
vt 0.643080 0.223815
vt 0.663729 0.211192
vt 0.629507 0.192104
vt 0.640511 0.658364
vt 0.405599 0.289184
vt 0.620326 0.294659
vt 0.648834 0.804341
vt 0.539136 0.971777
vt 0.187384 0.208017
vt 0.682262 0.916474
vt 0.052838 0.760378
vt 0.509479 0.714627
vt 0.486217 0.769944
vt 0.185204 0.758754
vt 0.387419 0.764908
vt 0.353102 0.771106
vt 0.228604 0.770841
vt 0.268688 0.769034
vt 0.315591 0.931987
vt 0.280478 0.925473
vt 0.339385 0.914463
vt 0.092431 0.864563
vt 0.091131 0.782432
vt 0.474542 0.713347
vt 0.384133 0.713513
vt 0.189447 0.713617
vt 0.309286 0.713615
vt 0.229160 0.713656
vt 0.266196 0.587373
vt 0.263866 0.719197
vt 0.348284 0.695266
vt 0.383142 0.695510
vt 0.308891 0.689188
vt 0.345163 0.704916
vt 0.346614 0.695516
vt 0.265756 0.695418
vt 0.229737 0.695345
vt 0.190877 0.870641
vt 0.264750 0.855343
vt 0.347679 0.890776
vt 0.144494 0.837652
vt 0.387074 0.841528
vt 0.156511 0.792027
vt 0.415434 0.870835
vt 0.210704 0.827426
vt 0.334415 0.864975
vt 0.313016 0.788749
vt 0.398829 0.815880
vt 0.373330 0.795220
vt 0.363128 0.822827
vt 0.166386 0.838395
vt 0.271873 0.815796
vt 0.223665 0.796781
vt 0.320129 0.832333
vt 0.305353 0.802731
vt 0.273136 0.921380
vt 0.194880 0.927419
vt 0.144343 0.924887
vt 0.233127 0.901929
vt 0.272290 0.891145
vt 0.322892 0.889037
vt 0.370407 0.841711
vt 0.220976 0.812935
vt 0.432400 0.966361
vt 0.305639 0.651166
vt 0.230019 0.651216
vt 0.308622 0.651101
vt 0.344183 0.283760
vt 0.950780 0.241845
vt 0.945537 0.201325
vt 0.945935 0.166719
vt 0.954060 0.920941
vt 0.118387 0.587288
vt 0.195836 0.587893
vt 0.305952 0.587595
vt 0.230867 0.490905
vt 0.673956 0.645384
vt 0.637034 0.703056
vt 0.941179 0.538078
vt 0.627562 0.723760
vt 0.950732 0.711794
vt 0.947371 0.729086
vt 0.970881 0.713367
vt 0.978896 0.656529
vt 0.679237 0.663616
vt 0.955406 0.691576
vt 0.963631 0.708919
vt 0.965355 0.723601
vt 0.960666 0.558895
vt 0.629299 0.519983
vt 0.665460 0.544333
vt 0.653438 0.494258
vt 0.617119 0.501180
vt 0.642742 0.664501
vt 0.918865 0.598260
vt 0.631242 0.682528
vt 0.676984 0.559634
vt 0.603584 0.542441
vt 0.602284 0.660602
vt 0.900672 0.602823
vt 0.601515 0.558673
vt 0.573308 0.557415
vt 0.564275 0.616026
vt 0.555845 0.605738
vt 0.568738 0.666242
vt 0.638285 0.576850
vt 0.630273 0.575894
vt 0.602561 0.575563
vt 0.573222 0.621703
vt 0.633668 0.622081
vt 0.604729 0.622432
vt 0.573271 0.680921
vt 0.919592 0.680717
vt 0.902008 0.571524
vt 0.558449 0.646932
vt 0.919927 0.646979
vt 0.901515 0.632455
vt 0.560363 0.648173
vt 0.585808 0.664751
vt 0.596946 0.663186
vt 0.617665 0.646203
vt 0.615562 0.663233
vt 0.900107 0.599980
vt 0.600707 0.663195
vt 0.877371 0.601483
vt 0.563639 0.580320
vt 0.599533 0.583674
vt 0.562710 0.626990
vt 0.609924 0.632633
vt 0.583613 0.678167
vt 0.901183 0.676951
vt 0.878041 0.646024
vt 0.905796 0.646393
vt 0.889289 0.711140
vt 0.406709 0.122256
vt 0.970188 0.971768
vt 0.244043 0.971763
vt 0.219840 0.971806
vt 0.118062 0.983230
vt 0.859137 0.806528
vt 0.961175 0.757300
vt 0.879685 0.754936
vt 0.758215 0.757504
vt 0.809487 0.871463
vt 0.881072 0.824043
vt 0.920231 0.768361
vt 0.701438 0.862714
vt 0.684745 0.940390
vt 0.856555 0.897301
vt 0.909390 0.883935
vt 0.800609 0.939045
vt 0.799241 0.822775
vt 0.802105 0.830465
vt 0.764499 0.906114
vt 0.697006 0.804452
vt 0.887810 0.840375
vt 0.719521 0.873742
vt 0.736502 0.949575
vt 0.745706 0.998020
vt 0.760240 0.957031
vt 0.703125 0.930585
vt 0.627556 0.985851
vt 0.907083 0.312998
vt 0.661903 0.990377
vt 0.801262 0.898627
vt 0.762801 0.853240
vt 0.765455 0.933872
vt 0.390321 0.854889
vt 0.468649 0.739833
vt 0.423545 0.983554
vt 1.021600 0.618636
vt 0.379681 0.618832
vt 0.339146 0.618102
vt 0.230001 0.616476
vt 0.193923 0.620866
vt 0.307129 0.618888
vt 0.264086 0.588583
vt 0.374286 0.650466
vt 0.193635 0.651338
vt 0.264408 0.651045
vt 0.382021 0.587289
vt 0.335676 0.255797
vt 0.643584 0.223815
vt 0.664233 0.211192
vt 0.629507 0.192104
vt 0.640511 0.658364
vt 0.405599 0.289184
vt 0.620326 0.294659
vt 0.648834 0.373385
vt 0.977239 0.320817
vt 0.961200 0.827125
vt 0.508095 0.910823
vt 0.406340 0.916474
vt 0.052838 0.760378
vt 0.509479 0.714627
vt 0.486217 0.769944
vt 0.185204 0.758754
vt 0.387419 0.764908
vt 0.353102 0.771106
vt 0.228604 0.770841
vt 0.268688 0.769034
vt 0.315591 0.931987
vt 0.280478 0.925473
vt 0.339385 0.914463
vt 0.092431 0.864563
vt 0.091131 0.782432
vt 0.474542 0.713347
vt 0.384133 0.713513
vt 0.189447 0.713617
vt 0.309286 0.713615
vt 0.229160 0.713656
vt 0.266196 0.587373
vt 0.263866 0.719197
vt 0.348284 0.695266
vt 0.383142 0.695510
vt 0.308891 0.689188
vt 0.345163 0.704916
vt 0.346614 0.695516
vt 0.265756 0.695418
vt 0.229737 0.695345
vt 0.190877 0.870641
vt 0.264750 0.855343
vt 0.347679 0.890776
vt 0.144494 0.837652
vt 0.387074 0.841528
vt 0.156511 0.792027
vt 0.415434 0.870835
vt 0.210704 0.827426
vt 0.334415 0.864975
vt 0.313016 0.788749
vt 0.398829 0.815880
vt 0.373330 0.795220
vt 0.363128 0.822827
vt 0.166386 0.838395
vt 0.271873 0.815796
vt 0.223665 0.796781
vt 0.320129 0.832333
vt 0.305353 0.802731
vt 0.273136 0.921380
vt 0.194880 0.927419
vt 0.144343 0.924887
vt 0.233127 0.901929
vt 0.272290 0.891145
vt 0.322892 0.889037
vt 0.370407 0.841711
vt 0.220976 0.812935
vt 0.432400 0.966361
vt 0.305639 0.651166
vt 0.230019 0.651216
vt 0.308622 0.651101
vt 0.344183 0.283760
vt 0.950780 0.241845
vt 0.945537 0.201325
vt 0.945935 0.166719
vt 0.954060 0.920941
vt 0.118387 0.587288
vt 0.195836 0.587893
vt 0.305952 0.587595
vt 0.230867 0.490905
vt 0.673956 0.645384
vt 0.637034 0.703056
vt 0.941179 0.538078
vt 0.627562 0.723760
vt 0.950732 0.711794
vt 0.947371 0.729086
vt 0.970881 0.713367
vt 0.978896 0.656529
vt 0.679237 0.663616
vt 0.955406 0.691576
vt 0.963631 0.708919
vt 0.965355 0.723601
vt 0.960666 0.558895
vt 0.629299 0.519983
vt 0.665460 0.544333
vt 0.653438 0.494258
vt 0.617119 0.501180
vt 0.642742 0.664501
vt 0.918865 0.598260
vt 0.631242 0.682528
vt 0.676984 0.559634
vt 0.603584 0.542441
vt 0.602284 0.660602
vt 0.900672 0.602823
vt 0.601515 0.558673
vt 0.573308 0.557415
vt 0.564275 0.616026
vt 0.555845 0.605738
vt 0.568738 0.666242
vt 0.638285 0.576850
vt 0.630273 0.575894
vt 0.602561 0.575563
vt 0.573222 0.621703
vt 0.633668 0.622081
vt 0.604729 0.622432
vt 0.573271 0.680921
vt 0.919592 0.680717
vt 0.902008 0.571524
vt 0.558449 0.646932
vt 0.919927 0.646979
vt 0.901515 0.632455
vt 0.560363 0.648173
vt 0.585808 0.664751
vt 0.596946 0.663186
vt 0.617665 0.646203
vt 0.615562 0.663233
vt 0.900107 0.599980
vt 0.600707 0.663195
vt 0.877371 0.601483
vt 0.563639 0.580320
vt 0.599533 0.583674
vt 0.562710 0.626990
vt 0.609924 0.632633
vt 0.583613 0.678167
vt 0.901183 0.676951
vt 0.878041 0.646024
vt 0.905796 0.646393
vt 0.889289 0.971990
vt 0.052905 0.971807
vt 0.143277 0.886641
vt 0.430295 0.806528
vt 0.961175 0.757300
vt 0.879685 0.754936
vt 0.758215 0.757504
vt 0.809487 0.871463
vt 0.881072 0.824043
vt 0.920231 0.768361
vt 0.701438 0.862714
vt 0.684745 0.940390
vt 0.856555 0.897301
vt 0.909390 0.883935
vt 0.800609 0.939045
vt 0.799241 0.822775
vt 0.802105 0.830465
vt 0.764499 0.906114
vt 0.697006 0.804452
vt 0.887810 0.840375
vt 0.719521 0.873742
vt 0.736502 0.949575
vt 0.745706 0.980343
vt 0.730855 0.312998
vt 0.661903 0.898627
vt 0.762801 0.853240
vt 0.765455 0.330349
vt 0.677949 0.175010
vt 0.771045 0.184391
vt 0.967618 0.330349
vt 0.677949 0.175010
vt 0.771045 0.184391
vt 0.967618 0.330349
vt 0.677949 0.175010
vt 0.771045 0.184391
vt 0.967618 0.330349
vt 0.677949 0.175010
vt 0.771045 0.184391
vt 0.967618 0.330349
vt 0.677949 0.175010
vt 0.771045 0.184391
vt 0.967618 0.330349
vt 0.677949 0.175010
vt 0.771045 0.184391
vt 0.967618 0.330349
vt 0.677949 0.175010
vt 0.771045 0.184391
vt 0.967618 0.330349
vt 0.677949 0.175010
vt 0.771045 0.184391
vt 0.967618 0.432768
vt 0.423299 0.827005
vt 0.237385 0.974486
vt 0.395244 0.974380
vt 0.395111 0.826756
vt 0.387909 0.424645
vt 0.233904 0.008943
vt 0.441470 0.058426
vt 0.417132 0.983546
vt 0.305341 0.983546
vt 0.305341 0.966171
vt 0.210697 0.974486
vt 0.395244 0.159838
vt 0.467713 0.148743
vt 0.213583 0.702839
vt 0.712129 0.785961
vt 0.511454 0.986636
vt 0.428332 0.785962
vt 0.912804 0.986636
vt 0.995926 0.308036
vt 0.544313 0.306595
vt 0.473401 0.735726
vt 0.473192 0.737167
vt 0.535003 0.986636
vt 0.428332 0.785961
vt 0.511454 0.702839
vt 0.712129 0.785962
vt 0.912804 0.986636
vt 0.995926 0.013684
vt 0.091693 0.018179
vt 0.142773 0.028146
vt 0.039842 0.013684
vt 0.091693 0.018179
vt 0.142773 0.028146
vt 0.039842 0.260510
vt 0.055904 0.261862
vt 0.129382 0.052341
vt 0.883931 0.449298
vt 0.816130 0.049560
vt 0.891839 0.017913
vt 0.749319 0.009444
vt 0.720617 0.450354
vt 0.887051 0.409380
vt 0.894538 0.052341
vt 0.883931 0.449298
vt 0.816130 0.100219
vt 0.901630 0.049560
vt 0.891839 0.108785
vt 0.930442 0.385102
vt 0.936980 0.122256
vt 0.970188 0.373385
vt 0.977239 0.017913
vt 0.749319 0.009444
vt 0.720617 0.449879
vt 0.620142 0.453710
vt 0.641029 0.436029
vt 0.602858 0.414334
vt 0.597499 0.381366
vt 0.605984 0.362978
vt 0.619723 0.357067
vt 0.642206 0.487030
vt 0.750362 0.464996
vt 0.794662 0.457269
vt 0.877783 0.481312
vt 0.935514 0.521207
vt 0.966273 0.531269
vt 0.723826 0.571611
vt 0.985919 0.593660
vt 0.711527 0.563564
vt 0.715613 0.589868
vt 0.988352 0.410751
vt 0.648417 0.449879
vt 0.620142 0.453710
vt 0.641029 0.436029
vt 0.602858 0.414334
vt 0.597499 0.381366
vt 0.605984 0.362978
vt 0.619723 0.357067
vt 0.642206 0.004259
vt 0.097851 0.022964
vt 0.112251 0.022907
vt 0.248483 0.009246
vt 0.258692 0.014812
vt 0.248934 0.028401
vt 0.220338 0.006334
vt 0.237181 0.014019
vt 0.105675 0.009573
vt 0.188840 0.030536
vt 0.094408 0.040202
vt 0.176434 0.004649
vt 0.104035 0.178895
vt 0.140203 0.303070
vt 0.137403 0.005958
vt 0.242691 0.029181
vt 0.258761 0.891646
vt 0.616239 0.061387
vt 0.978620 0.065745
vt 0.991078 0.102436
vt 0.950059 0.872581
vt 0.527026 0.027823
vt 0.948860 0.042967
vt 0.974093 0.879001
vt 0.475748 0.865904
vt 0.504681 0.026199
vt 0.942041 0.884825
vt 0.469931 0.010647
vt 0.933445 0.883011
vt 0.448327 0.009117
vt 0.902593 0.912313
vt 0.425700 0.690781
vt 0.088369 0.691240
vt 0.144960 0.534099
vt 0.282223 0.350714
vt 0.322232 0.532171
vt 0.208409 0.325113
vt 0.190420 0.157628
vt 0.595479 0.136348
vt 0.603974 0.138126
vt 0.658005 0.120477
vt 0.616374 0.404454
vt 0.073159 0.430067
vt 0.096811 0.174266
vt 0.612917 0.093873
vt 0.628663 0.107096
vt 0.622345 0.112044
vt 0.663167 0.087854
vt 0.649969 0.311069
vt 0.169071 0.346800
vt 0.333458 0.528395
vt 0.399724 0.690781
vt 0.088369 0.691240
vt 0.144960 0.534099
vt 0.282223 0.350714
vt 0.322232 0.532171
vt 0.208409 0.325113
vt 0.190420 0.157628
vt 0.595479 0.136348
vt 0.603974 0.138126
vt 0.658005 0.120477
vt 0.616374 0.404454
vt 0.073159 0.430067
vt 0.096811 0.174266
vt 0.612917 0.107096
vt 0.622345 0.093873
vt 0.628663 0.112044
vt 0.663167 0.087854
vt 0.649969 0.311069
vt 0.169071 0.346800
vt 0.333458 0.528395
vt 0.399724 0.537309
vt 0.057942 0.457596
vt 0.057624 0.605071
vt 0.058169 0.697964
vt 0.058561 0.744584
vt 0.644299 0.615694
vt 0.156618 0.651095
vt 0.154259 0.585414
vt 0.160564 0.235747
vt 0.611160 0.683048
vt 0.440077 0.654356
vt 0.446140 0.683369
vt 0.412018 0.678185
vt 0.497873 0.186624
vt 0.659923 0.687669
vt 0.393817 0.188297
vt 0.612696 0.335388
vt 0.618511 0.869576
vt 0.052734 0.731061
vt 0.451304 0.758594
vt 0.141301 0.713335
vt 0.150781 0.651101
vt 0.344183 0.695267
vt 0.153771 0.651338
vt 0.264408 0.651216
vt 0.308622 0.650466
vt 0.193635 0.651095
vt 0.154259 0.792677
vt 0.124000 0.809657
vt 0.114399 0.959306
vt 0.344764 0.960847
vt 0.384591 0.651166
vt 0.230019 0.651045
vt 0.382021 0.753478
vt 0.542889 0.727062
vt 0.526738 0.789122
vt 0.564652 0.905416
vt 0.021587 0.935640
vt 0.021630 0.700277
vt 0.511342 0.871836
vt 0.021568 0.975079
vt 0.021711 0.657025
vt 0.701132 0.618457
vt 0.701131 0.495463
vt 0.701145 0.536619
vt 0.701121 0.661351
vt 0.987098 0.692725
vt 0.987211 0.523774
vt 0.642746 0.577717
vt 0.701126 0.480337
vt 0.621476 0.482745
vt 0.647955 0.513378
vt 0.634150 0.507211
vt 0.619388 0.490086
vt 0.608010 0.477790
vt 0.611666 0.635463
vt 0.980190 0.631609
vt 0.957815 0.630188
vt 0.921021 0.698643
vt 0.921288 0.697892
vt 0.903181 0.544613
vt 0.581011 0.697328
vt 0.885173 0.681265
vt 0.883272 0.647987
vt 0.883163 0.660741
vt 0.881001 0.688802
vt 0.701406 0.118228
vt 0.205463 0.153137
vt 0.225931 0.121207
vt 0.228952 0.159763
vt 0.206385 0.090396
vt 0.234499 0.084488
vt 0.206175 0.118228
vt 0.205463 0.153137
vt 0.225931 0.121207
vt 0.228952 0.159763
vt 0.206385 0.090396
vt 0.234499 0.084488
vt 0.206175 0.118228
vt 0.205463 0.153137
vt 0.225931 0.159763
vt 0.206385 0.121207
vt 0.228952 0.090396
vt 0.234499 0.084488
vt 0.206175 0.601364
vt 0.549820 0.583374
vt 0.548816 0.632910
vt 0.907873 0.635574
vt 0.891006 0.644535
vt 0.572331 0.658487
vt 0.577595 0.118228
vt 0.205463 0.153137
vt 0.225931 0.159763
vt 0.206385 0.121207
vt 0.228952 0.118228
vt 0.205463 0.153137
vt 0.225931 0.159763
vt 0.206385 0.121207
vt 0.228952 0.118228
vt 0.205463 0.153137
vt 0.225931 0.121207
vt 0.228952 0.159763
vt 0.206385 0.708920
vt 0.732036 0.785767
vt 0.639605 0.842539
vt 0.607723 0.762063
vt 0.639607 0.697364
vt 0.844258 0.716165
vt 0.905716 0.615694
vt 0.156618 0.651095
vt 0.154259 0.585414
vt 0.160564 0.208017
vt 0.682262 0.235747
vt 0.611664 0.654356
vt 0.446140 0.683048
vt 0.440077 0.711140
vt 0.406709 0.683369
vt 0.412018 0.739833
vt 0.423545 0.678185
vt 0.497873 0.186624
vt 0.659923 0.687669
vt 0.393817 0.188297
vt 0.612696 0.335388
vt 0.618511 0.804341
vt 0.539136 0.827125
vt 0.508095 0.869576
vt 0.052734 0.971805
vt 0.092848 0.971990
vt 0.052905 0.731061
vt 0.451304 0.713335
vt 0.150781 0.758594
vt 0.141301 0.651101
vt 0.344183 0.695267
vt 0.153771 0.651338
vt 0.264408 0.651216
vt 0.308622 0.650466
vt 0.193635 0.651095
vt 0.154259 0.971806
vt 0.118062 0.854889
vt 0.468649 0.792677
vt 0.124000 0.809657
vt 0.114399 0.971807
vt 0.143277 0.971777
vt 0.187384 0.910823
vt 0.406340 0.886641
vt 0.430295 0.971763
vt 0.219840 0.971768
vt 0.244043 0.933872
vt 0.390321 0.959306
vt 0.344764 0.960847
vt 0.384591 0.988131
vt 0.279779 0.651166
vt 0.230019 0.651045
vt 0.382021 0.753478
vt 0.542889 0.727062
vt 0.526738 0.789122
vt 0.564652 0.905416
vt 0.021587 0.935640
vt 0.021630 0.700277
vt 0.511342 0.871836
vt 0.021568 0.975079
vt 0.021711 0.657025
vt 0.701132 0.618457
vt 0.701131 0.495463
vt 0.701145 0.536619
vt 0.701121 0.661351
vt 0.987098 0.692725
vt 0.987211 0.523774
vt 0.642746 0.577717
vt 0.701126 0.480337
vt 0.621476 0.482745
vt 0.647955 0.513378
vt 0.634150 0.507211
vt 0.619388 0.490086
vt 0.608010 0.477790
vt 0.611666 0.635463
vt 0.980190 0.631609
vt 0.957815 0.630188
vt 0.921021 0.698643
vt 0.921288 0.697892
vt 0.903181 0.544613
vt 0.581011 0.697328
vt 0.885173 0.681265
vt 0.883272 0.647987
vt 0.883163 0.660741
vt 0.881001 0.688802
vt 0.701406 0.153137
vt 0.225931 0.118228
vt 0.205463 0.121207
vt 0.228952 0.159763
vt 0.206385 0.090396
vt 0.234499 0.084488
vt 0.206175 0.153137
vt 0.225931 0.118228
vt 0.205463 0.121207
vt 0.228952 0.159763
vt 0.206385 0.090396
vt 0.234499 0.084488
vt 0.206175 0.153137
vt 0.225931 0.118228
vt 0.205463 0.159763
vt 0.206385 0.121207
vt 0.228952 0.090396
vt 0.234499 0.084488
vt 0.206175 0.601364
vt 0.549820 0.583374
vt 0.548816 0.632910
vt 0.907873 0.635574
vt 0.891006 0.644535
vt 0.572331 0.658487
vt 0.577595 0.153137
vt 0.225931 0.118228
vt 0.205463 0.159763
vt 0.206385 0.121207
vt 0.228952 0.153137
vt 0.225931 0.118228
vt 0.205463 0.159763
vt 0.206385 0.121207
vt 0.228952 0.153137
vt 0.225931 0.118228
vt 0.205463 0.121207
vt 0.228952 0.159763
vt 0.206385 0.957031
vt 0.703125 0.983554
vt 1.021600 0.708920
vt 0.732036 0.980343
vt 0.730855 0.985851
vt 0.907083 0.983230
vt 0.859137 0.930585
vt 0.627556 0.785767
vt 0.639605 0.842539
vt 0.607723 0.990377
vt 0.801262 0.998020
vt 0.760240 0.762063
vt 0.639607 0.697364
vt 0.844258 0.716165
vt 0.905716 1.000000

f 184/184 185/185 186/186
f 189/189 187/187 184/184
f 222/222 189/189 192/192
f 188/188 186/186 217/217
f 190/190 192/192 189/189
f 188/188 191/191 186/186
f 184/184 186/186 189/189
f 186/186 191/191 189/189
f 186/186 185/185 217/217
f 202/202 193/193 763/763
f 200/200 225/225 763/763
f 763/763 207/207 200/200
f 203/203 217/217 193/193
f 193/193 217/217 227/227
f 185/185 227/227 217/217
f 194/194 203/203 195/195
f 201/201 196/196 202/202
f 199/199 225/225 200/200
f 200/200 208/208 199/199
f 199/199 198/198 225/225
f 208/208 200/200 224/224
f 201/201 197/197 196/196
f 202/202 196/196 226/226
f 201/201 202/202 225/225
f 225/225 202/202 763/763
f 203/203 226/226 195/195
f 203/203 194/194 217/217
f 226/226 203/203 193/193
f 202/202 226/226 193/193
f 190/190 189/189 191/191
f 191/191 188/188 204/204
f 205/205 218/218 216/216
f 215/215 216/216 218/218
f 219/219 216/216 228/228
f 216/216 219/219 205/205
f 218/218 205/205 206/206
f 205/205 219/219 206/206
f 188/188 217/217 194/194
f 194/194 204/204 188/188
f 207/207 224/224 200/200
f 211/211 214/214 210/210
f 214/214 209/209 210/210
f 212/212 209/209 214/214
f 212/212 214/214 213/213
f 211/211 213/213 214/214
f 220/220 221/221 192/192
f 192/192 190/190 220/220
f 187/187 189/189 222/222
f 220/220 223/223 221/221
f 230/230 229/229 231/231
f 232/232 234/234 229/229
f 234/234 265/265 237/237
f 231/231 233/233 260/260
f 237/237 235/235 234/234
f 236/236 233/233 231/231
f 231/231 229/229 234/234
f 236/236 231/231 234/234
f 230/230 231/231 260/260
f 764/764 246/246 765/765
f 267/267 244/244 765/765
f 251/251 765/765 244/244
f 260/260 247/247 764/764
f 260/260 764/764 269/269
f 269/269 230/230 260/260
f 247/247 238/238 239/239
f 240/240 245/245 246/246
f 267/267 243/243 244/244
f 1181/1181 244/244 243/243
f 242/242 243/243 267/267
f 244/244 1181/1181 1182/1182
f 241/241 245/245 240/240
f 240/240 246/246 268/268
f 246/246 245/245 267/267
f 246/246 267/267 765/765
f 268/268 247/247 239/239
f 238/238 247/247 260/260
f 247/247 268/268 764/764
f 268/268 246/246 764/764
f 234/234 235/235 236/236
f 233/233 236/236 248/248
f 261/261 249/249 259/259
f 259/259 258/258 261/261
f 259/259 262/262 270/270
f 262/262 259/259 249/249
f 249/249 261/261 250/250
f 262/262 249/249 250/250
f 260/260 233/233 238/238
f 248/248 238/238 233/233
f 1182/1182 251/251 244/244
f 257/257 254/254 253/253
f 252/252 257/257 253/253
f 252/252 255/255 257/257
f 257/257 255/255 256/256
f 256/256 254/254 257/257
f 263/263 235/235 237/237
f 237/237 264/264 263/263
f 234/234 232/232 265/265
f 266/266 263/263 264/264
f 278/278 327/327 272/272
f 277/277 283/283 292/292
f 275/275 276/276 291/291
f 309/309 291/291 290/290
f 276/276 274/274 291/291
f 286/286 283/283 284/284
f 279/279 282/282 281/281
f 1183/1183 282/282 279/279
f 294/294 300/300 298/298
f 298/298 295/295 294/294
f 284/284 283/283 285/285
f 1184/1184 286/286 284/284
f 286/286 1184/1184 278/278
f 292/292 283/283 286/286
f 271/271 279/279 274/274
f 279/279 281/281 290/290
f 309/309 290/290 281/281
f 1185/1185 1183/1183 271/271
f 271/271 274/274 273/273
f 279/279 271/271 1183/1183
f 286/286 272/272 292/292
f 286/286 278/278 272/272
f 296/296 294/294 284/284
f 284/284 285/285 296/296
f 284/284 294/294 295/295
f 295/295 1184/1184 284/284
f 290/290 291/291 274/274
f 290/290 274/274 279/279
f 275/275 291/291 280/280
f 292/292 272/272 326/326
f 326/326 277/277 292/292
f 283/283 277/277 275/275
f 306/306 305/305 299/299
f 300/300 302/302 301/301
f 301/301 288/288 300/300
f 851/851 274/274 850/850
f 274/274 276/276 850/850
f 273/273 274/274 915/915
f 849/849 850/850 276/276
f 380/380 848/848 277/277
f 277/277 326/326 380/380
f 275/275 849/849 276/276
f 280/280 291/291 309/309
f 275/275 285/285 283/283
f 285/285 275/275 280/280
f 280/280 293/293 296/296
f 296/296 285/285 280/280
f 300/300 288/288 289/289
f 289/289 298/298 300/300
f 851/851 915/915 274/274
f 848/848 275/275 277/277
f 326/326 969/969 380/380
f 848/848 849/849 275/275
f 299/299 305/305 303/303
f 303/303 302/302 299/299
f 302/302 296/296 299/299
f 296/296 306/306 299/299
f 302/302 294/294 296/296
f 302/302 300/300 294/294
f 297/297 307/307 306/306
f 305/305 304/304 303/303
f 287/287 308/308 307/307
f 307/307 297/297 287/287
f 296/296 293/293 306/306
f 293/293 297/297 306/306
f 316/316 281/281 310/310
f 316/316 324/324 309/309
f 1186/1186 310/310 281/281
f 312/312 315/315 310/310
f 316/316 310/310 315/315
f 281/281 282/282 1186/1186
f 320/320 1186/1186 1187/1187
f 313/313 293/293 322/322
f 319/319 314/314 312/312
f 315/315 312/312 314/314
f 312/312 310/310 320/320
f 1186/1186 320/320 310/310
f 320/320 319/319 312/312
f 320/320 1187/1187 321/321
f 293/293 324/324 322/322
f 319/319 325/325 314/314
f 323/323 317/317 311/311
f 318/318 311/311 317/317
f 280/280 309/309 324/324
f 324/324 316/316 323/323
f 317/317 323/323 316/316
f 309/309 281/281 316/316
f 293/293 280/280 324/324
f 1188/1188 332/332 1189/1189
f 337/337 331/331 346/346
f 330/330 329/329 345/345
f 345/345 363/363 344/344
f 328/328 330/330 345/345
f 337/337 340/340 338/338
f 336/336 333/333 335/335
f 336/336 1190/1190 333/333
f 348/348 349/349 352/352
f 352/352 354/354 348/348
f 337/337 338/338 339/339
f 340/340 1191/1191 338/338
f 1191/1191 340/340 332/332
f 337/337 346/346 340/340
f 333/333 1192/1192 328/328
f 335/335 333/333 344/344
f 344/344 363/363 335/335
f 1190/1190 1193/1193 1192/1192
f 328/328 1192/1192 1194/1194
f 1192/1192 333/333 1190/1190
f 1189/1189 340/340 346/346
f 332/332 340/340 1189/1189
f 350/350 339/339 338/338
f 338/338 348/348 350/350
f 338/338 1191/1191 349/349
f 349/349 348/348 338/338
f 345/345 344/344 328/328
f 328/328 344/344 333/333
f 345/345 329/329 334/334
f 1189/1189 346/346 1195/1195
f 331/331 1195/1195 346/346
f 331/331 337/337 329/329
f 359/359 360/360 353/353
f 354/354 342/342 355/355
f 355/355 356/356 354/354
f 328/328 1034/1034 1033/1033
f 330/330 328/328 1033/1033
f 328/328 1194/1194 1196/1196
f 1033/1033 1032/1032 330/330
f 1031/1031 970/970 331/331
f 1195/1195 331/331 970/970
f 1032/1032 329/329 330/330
f 345/345 334/334 363/363
f 339/339 329/329 337/337
f 329/329 339/339 334/334
f 334/334 339/339 350/350
f 350/350 347/347 334/334
f 354/354 352/352 343/343
f 343/343 342/342 354/354
f 1196/1196 1034/1034 328/328
f 329/329 1031/1031 331/331
f 1197/1197 1195/1195 970/970
f 1032/1032 1031/1031 329/329
f 353/353 356/356 357/357
f 357/357 359/359 353/353
f 350/350 356/356 353/353
f 360/360 350/350 353/353
f 348/348 356/356 350/350
f 354/354 356/356 348/348
f 361/361 351/351 360/360
f 358/358 359/359 357/357
f 341/341 351/351 361/361
f 361/361 362/362 341/341
f 347/347 350/350 360/360
f 351/351 347/347 360/360
f 335/335 370/370 364/364
f 378/378 370/370 363/363
f 364/364 1198/1198 335/335
f 369/369 366/366 364/364
f 364/364 370/370 369/369
f 336/336 335/335 1198/1198
f 1198/1198 374/374 1199/1199
f 347/347 367/367 376/376
f 368/368 373/373 366/366
f 366/366 369/369 368/368
f 364/364 366/366 374/374
f 374/374 1198/1198 364/364
f 373/373 374/374 366/366
f 1199/1199 374/374 375/375
f 378/378 347/347 376/376
f 379/379 373/373 368/368
f 371/371 377/377 365/365
f 365/365 372/372 371/371
f 363/363 334/334 378/378
f 370/370 378/378 377/377
f 377/377 371/371 370/370
f 335/335 363/363 370/370
f 334/334 347/347 378/378
f 384/384 404/404 382/382
f 384/384 383/383 390/390
f 385/385 383/383 386/386
f 386/386 383/383 402/402
f 387/387 409/409 403/403
f 409/409 386/386 402/402
f 388/388 405/405 404/404
f 384/384 388/388 404/404
f 389/389 388/388 384/384
f 384/384 382/382 383/383
f 390/390 389/389 384/384
f 385/385 390/390 383/383
f 400/400 390/390 391/391
f 391/391 385/385 392/392
f 387/387 385/385 386/386
f 381/381 392/392 387/387
f 398/398 407/407 408/408
f 399/399 393/393 398/398
f 400/400 394/394 399/399
f 391/391 396/396 400/400
f 392/392 397/397 391/391
f 393/393 407/407 398/398
f 398/398 408/408 405/405
f 388/388 398/398 405/405
f 394/394 393/393 399/399
f 399/399 398/398 388/388
f 389/389 399/399 388/388
f 395/395 394/394 400/400
f 400/400 399/399 389/389
f 396/396 395/395 400/400
f 397/397 396/396 391/391
f 406/406 392/392 381/381
f 406/406 397/397 392/392
f 403/403 381/381 387/387
f 387/387 386/386 409/409
f 383/383 382/382 402/402
f 390/390 400/400 389/389
f 392/392 385/385 387/387
f 391/391 390/390 385/385
f 1200/1200 401/401 1201/1201
f 1202/1202 401/401 1200/1200
f 1203/1203 401/401 1202/1202
f 1204/1204 401/401 1203/1203
f 1205/1205 401/401 1204/1204
f 1206/1206 401/401 1205/1205
f 1207/1207 411/411 1208/1208
f 410/410 411/411 417/417
f 410/410 412/412 413/413
f 410/410 413/413 1209/1209
f 1210/1210 414/414 1211/1211
f 413/413 1210/1210 1209/1209
f 1212/1212 415/415 1207/1207
f 415/415 411/411 1207/1207
f 415/415 416/416 411/411
f 1208/1208 411/411 410/410
f 416/416 417/417 411/411
f 417/417 412/412 410/410
f 417/417 427/427 418/418
f 412/412 418/418 419/419
f 412/412 414/414 413/413
f 419/419 1213/1213 414/414
f 1214/1214 425/425 1215/1215
f 420/420 426/426 425/425
f 421/421 427/427 426/426
f 423/423 418/418 427/427
f 424/424 419/419 418/418
f 1214/1214 420/420 425/425
f 1215/1215 425/425 1212/1212
f 425/425 415/415 1212/1212
f 420/420 421/421 426/426
f 425/425 426/426 415/415
f 426/426 416/416 415/415
f 421/421 422/422 427/427
f 426/426 427/427 416/416
f 422/422 423/423 427/427
f 423/423 424/424 418/418
f 419/419 1216/1216 1213/1213
f 424/424 1216/1216 419/419
f 1213/1213 1211/1211 414/414
f 413/413 414/414 1210/1210
f 1208/1208 410/410 1209/1209
f 427/427 417/417 416/416
f 412/412 419/419 414/414
f 417/417 418/418 412/412
f 1217/1217 1218/1218 1219/1219
f 1217/1217 1220/1220 1218/1218
f 1217/1217 1221/1221 1220/1220
f 1217/1217 1222/1222 1221/1221
f 1217/1217 1223/1223 1222/1222
f 1217/1217 1224/1224 1223/1223
f 446/446 435/435 434/434
f 434/434 445/445 446/446
f 446/446 447/447 436/436
f 436/436 435/435 446/446
f 447/447 444/444 433/433
f 433/433 436/436 447/447
f 448/448 437/437 433/433
f 433/433 444/444 448/448
f 445/445 434/434 471/471
f 471/471 449/449 445/445
f 439/439 429/429 430/430
f 430/430 440/440 439/439
f 440/440 430/430 431/431
f 431/431 441/441 440/440
f 441/441 431/431 428/428
f 428/428 438/438 441/441
f 438/438 428/428 432/432
f 432/432 442/442 438/438
f 443/443 470/470 429/429
f 429/429 439/439 443/443
f 439/439 440/440 446/446
f 446/446 445/445 439/439
f 440/440 441/441 447/447
f 447/447 446/446 440/440
f 441/441 438/438 444/444
f 444/444 447/447 441/441
f 438/438 442/442 448/448
f 448/448 444/444 438/438
f 443/443 439/439 445/445
f 445/445 449/449 443/443
f 460/460 466/466 456/456
f 456/456 455/455 460/460
f 469/469 459/459 457/457
f 457/457 467/467 469/469
f 467/467 457/457 458/458
f 458/458 468/468 467/467
f 466/466 468/468 458/458
f 458/458 456/456 466/466
f 449/449 471/471 459/459
f 459/459 469/469 449/449
f 450/450 451/451 461/461
f 461/461 465/465 450/450
f 452/452 454/454 464/464
f 464/464 462/462 452/452
f 453/453 452/452 462/462
f 462/462 463/463 453/453
f 451/451 453/453 463/463
f 463/463 461/461 451/451
f 454/454 470/470 443/443
f 443/443 464/464 454/454
f 465/465 461/461 466/466
f 466/466 460/460 465/465
f 462/462 464/464 469/469
f 469/469 467/467 462/462
f 463/463 462/462 467/467
f 467/467 468/468 463/463
f 461/461 463/463 468/468
f 468/468 466/466 461/461
f 464/464 443/443 449/449
f 449/449 469/469 464/464
f 475/475 474/474 472/472
f 476/476 475/475 473/473
f 478/478 477/477 476/476
f 475/475 476/476 477/477
f 477/477 479/479 475/475
f 474/474 475/475 479/479
f 477/477 478/478 480/480
f 484/484 483/483 481/481
f 484/484 481/481 477/477
f 485/485 484/484 477/477
f 486/486 485/485 477/477
f 479/479 477/477 481/481
f 480/480 478/478 482/482
f 472/472 473/473 475/475
f 491/491 490/490 489/489
f 492/492 489/489 490/490
f 489/489 492/492 488/488
f 488/488 487/487 489/489
f 490/490 491/491 493/493
f 495/495 494/494 490/490
f 490/490 493/493 495/495
f 496/496 495/495 493/493
f 499/499 498/498 497/497
f 500/500 497/497 498/498
f 497/497 500/500 501/501
f 501/501 502/502 497/497
f 505/505 506/506 504/504
f 504/504 498/498 505/505
f 500/500 498/498 504/504
f 507/507 506/506 505/505
f 501/501 500/500 509/509
f 509/509 508/508 501/501
f 509/509 500/500 504/504
f 504/504 510/510 509/509
f 511/511 508/508 509/509
f 509/509 512/512 511/511
f 512/512 509/509 510/510
f 510/510 513/513 512/512
f 516/516 515/515 514/514
f 513/513 510/510 514/514
f 514/514 515/515 513/513
f 517/517 490/490 494/494
f 517/517 492/492 490/490
f 518/518 499/499 503/503
f 518/518 505/505 498/498
f 518/518 498/498 499/499
f 519/519 511/511 512/512
f 512/512 520/520 519/519
f 520/520 512/512 513/513
f 513/513 521/521 520/520
f 523/523 522/522 527/527
f 524/524 526/526 529/529
f 528/528 529/529 526/526
f 526/526 530/530 528/528
f 527/527 530/530 523/523
f 530/530 527/527 528/528
f 532/532 536/536 537/537
f 548/548 547/547 544/544
f 544/544 543/543 548/548
f 533/533 538/538 541/541
f 538/538 533/533 534/534
f 534/534 539/539 538/538
f 539/539 534/534 535/535
f 535/535 537/537 539/539
f 537/537 535/535 532/532
f 536/536 532/532 531/531
f 540/540 522/522 523/523
f 533/533 542/542 525/525
f 542/542 533/533 541/541
f 524/524 525/525 542/542
f 525/525 524/524 529/529
f 1225/1225 1226/1226 1227/1227
f 1227/1227 1228/1228 1225/1225
f 1229/1229 1230/1230 1231/1231
f 546/546 1232/1232 1233/1233
f 1233/1233 545/545 546/546
f 1234/1234 1235/1235 1236/1236
f 1237/1237 1238/1238 547/547
f 547/547 548/548 1237/1237
f 1235/1235 1239/1239 1236/1236
f 1235/1235 1240/1240 1239/1239
f 1230/1230 1233/1233 1231/1231
f 1230/1230 545/545 1233/1233
f 554/554 553/553 549/549
f 550/550 554/554 549/549
f 553/553 554/554 556/556
f 556/556 555/555 553/553
f 554/554 550/550 551/551
f 551/551 556/556 554/554
f 557/557 558/558 1241/1241
f 558/558 550/550 1241/1241
f 560/560 558/558 557/557
f 557/557 559/559 560/560
f 551/551 550/550 558/558
f 558/558 560/560 551/551
f 573/573 574/574 555/555
f 555/555 556/556 573/573
f 1242/1242 575/575 552/552
f 552/552 1243/1243 1242/1242
f 575/575 576/576 1244/1244
f 1244/1244 552/552 575/575
f 1245/1245 577/577 560/560
f 560/560 559/559 1245/1245
f 578/578 551/551 560/560
f 560/560 577/577 578/578
f 578/578 573/573 556/556
f 556/556 551/551 578/578
f 567/567 561/561 562/562
f 562/562 568/568 567/567
f 1246/1246 563/563 569/569
f 569/569 1247/1247 1246/1246
f 569/569 563/563 564/564
f 564/564 570/570 569/569
f 1248/1248 565/565 571/571
f 571/571 1249/1249 1248/1248
f 565/565 566/566 572/572
f 572/572 571/571 565/565
f 572/572 566/566 561/561
f 561/561 567/567 572/572
f 567/567 568/568 574/574
f 574/574 573/573 567/567
f 1242/1242 1247/1247 569/569
f 569/569 575/575 1242/1242
f 569/569 570/570 576/576
f 576/576 575/575 569/569
f 1245/1245 1249/1249 571/571
f 571/571 577/577 1245/1245
f 577/577 571/571 572/572
f 572/572 578/578 577/577
f 572/572 567/567 573/573
f 573/573 578/578 572/572
f 586/586 562/562 561/561
f 561/561 585/585 586/586
f 587/587 563/563 1246/1246
f 1246/1246 1250/1250 587/587
f 587/587 588/588 564/564
f 564/564 563/563 587/587
f 1251/1251 589/589 565/565
f 565/565 1248/1248 1251/1251
f 589/589 590/590 566/566
f 566/566 565/565 589/589
f 585/585 561/561 566/566
f 566/566 590/590 585/585
f 585/585 579/579 580/580
f 580/580 586/586 585/585
f 1250/1250 1252/1252 581/581
f 581/581 587/587 1250/1250
f 587/587 581/581 582/582
f 582/582 588/588 587/587
f 1253/1253 583/583 589/589
f 589/589 1251/1251 1253/1253
f 583/583 584/584 590/590
f 590/590 589/589 583/583
f 590/590 584/584 579/579
f 579/579 585/585 590/590
f 591/591 580/580 579/579
f 1254/1254 581/581 1252/1252
f 1254/1254 582/582 581/581
f 1255/1255 583/583 1253/1253
f 1255/1255 584/584 583/583
f 591/591 579/579 584/584
f 596/596 595/595 592/592
f 594/594 592/592 595/595
f 595/595 593/593 594/594
f 595/595 596/596 593/593
f 592/592 1256/1256 596/596
f 1257/1257 593/593 596/596
f 638/638 603/603 640/640
f 602/602 640/640 603/603
f 599/599 605/605 597/597
f 648/648 597/597 605/605
f 637/637 636/636 604/604
f 1258/1258 604/604 636/636
f 603/603 638/638 604/604
f 637/637 604/604 638/638
f 598/598 600/600 602/602
f 647/647 602/602 600/600
f 640/640 602/602 647/647
f 646/646 647/647 600/600
f 600/600 606/606 646/646
f 1259/1259 648/648 605/605
f 597/597 648/648 646/646
f 603/603 601/601 598/598
f 598/598 602/602 603/603
f 604/604 601/601 603/603
f 1260/1260 601/601 604/604
f 604/604 1258/1258 1260/1260
f 606/606 597/597 646/646
f 629/629 613/613 612/612
f 613/613 629/629 627/627
f 614/614 601/601 619/619
f 617/617 616/616 619/619
f 614/614 619/619 616/616
f 611/611 606/606 600/600
f 627/627 629/629 611/611
f 614/614 618/618 613/613
f 627/627 598/598 614/614
f 622/622 621/621 619/619
f 623/623 620/620 609/609
f 609/609 607/607 623/623
f 620/620 623/623 624/624
f 626/626 621/621 622/622
f 628/628 620/620 1261/1261
f 1261/1261 599/599 628/628
f 622/622 619/619 601/601
f 615/615 625/625 1262/1262
f 1262/1262 625/625 1263/1263
f 625/625 1264/1264 1263/1263
f 1265/1265 1263/1263 1264/1264
f 1261/1261 620/620 624/624
f 608/608 610/610 1266/1266
f 629/629 628/628 611/611
f 629/629 610/610 609/609
f 616/616 618/618 614/614
f 611/611 597/597 606/606
f 628/628 629/629 620/620
f 613/613 618/618 1267/1267
f 1267/1267 612/612 613/613
f 1268/1268 615/615 1262/1262
f 1269/1269 1270/1270 1271/1271
f 621/621 617/617 619/619
f 1271/1271 1272/1272 1269/1269
f 601/601 1260/1260 622/622
f 601/601 614/614 598/598
f 627/627 614/614 613/613
f 1265/1265 1264/1264 1270/1270
f 1271/1271 1270/1270 1264/1264
f 1261/1261 624/624 1273/1273
f 607/607 609/609 610/610
f 600/600 598/598 627/627
f 600/600 627/627 611/611
f 597/597 611/611 628/628
f 628/628 599/599 597/597
f 609/609 620/620 629/629
f 610/610 629/629 612/612
f 610/610 612/612 1266/1266
f 1267/1267 1266/1266 612/612
f 607/607 610/610 608/608
f 631/631 635/635 632/632
f 635/635 631/631 649/649
f 653/653 652/652 641/641
f 650/650 630/630 651/651
f 634/634 639/639 649/649
f 649/649 631/631 634/634
f 644/644 1259/1259 1274/1274
f 1274/1274 632/632 635/635
f 645/645 639/639 650/650
f 638/638 652/652 637/637
f 652/652 638/638 651/651
f 635/635 643/643 644/644
f 643/643 635/635 649/649
f 639/639 643/643 649/649
f 643/643 639/639 645/645
f 650/650 640/640 645/645
f 1274/1274 635/635 644/644
f 646/646 644/644 643/643
f 644/644 646/646 648/648
f 645/645 646/646 643/643
f 646/646 645/645 647/647
f 640/640 647/647 645/645
f 1259/1259 644/644 648/648
f 650/650 638/638 640/640
f 630/630 639/639 634/634
f 653/653 636/636 637/637
f 651/651 638/638 650/650
f 650/650 639/639 630/630
f 641/641 651/651 642/642
f 651/651 630/630 642/642
f 653/653 637/637 652/652
f 651/651 641/641 652/652
f 632/632 1274/1274 633/633
f 1275/1275 653/653 641/641
f 724/724 723/723 654/654
f 654/654 655/655 724/724
f 727/727 657/657 656/656
f 656/656 725/725 727/727
f 724/724 655/655 657/657
f 657/657 727/727 724/724
f 661/661 662/662 658/658
f 658/658 660/660 661/661
f 659/659 661/661 660/660
f 662/662 661/661 659/659
f 1276/1276 658/658 662/662
f 659/659 1277/1277 662/662
f 669/669 704/704 706/706
f 706/706 668/668 669/669
f 671/671 665/665 663/663
f 663/663 714/714 671/671
f 702/702 703/703 670/670
f 670/670 1278/1278 702/702
f 704/704 669/669 670/670
f 670/670 703/703 704/704
f 666/666 664/664 668/668
f 668/668 713/713 666/666
f 668/668 706/706 713/713
f 713/713 712/712 666/666
f 672/672 666/666 712/712
f 714/714 1279/1279 671/671
f 714/714 663/663 712/712
f 667/667 669/669 664/664
f 668/668 664/664 669/669
f 667/667 670/670 669/669
f 667/667 1280/1280 670/670
f 1278/1278 670/670 1280/1280
f 663/663 672/672 712/712
f 679/679 695/695 678/678
f 695/695 679/679 693/693
f 667/667 680/680 685/685
f 682/682 683/683 685/685
f 685/685 680/680 682/682
f 672/672 677/677 666/666
f 695/695 693/693 677/677
f 684/684 680/680 679/679
f 664/664 693/693 680/680
f 687/687 688/688 685/685
f 686/686 689/689 675/675
f 673/673 675/675 689/689
f 689/689 686/686 690/690
f 687/687 692/692 688/688
f 686/686 694/694 1281/1281
f 665/665 1281/1281 694/694
f 685/685 688/688 667/667
f 691/691 681/681 1282/1282
f 691/691 1282/1282 1283/1283
f 1284/1284 691/691 1283/1283
f 1283/1283 1285/1285 1284/1284
f 686/686 1281/1281 690/690
f 676/676 674/674 1286/1286
f 694/694 695/695 677/677
f 676/676 695/695 675/675
f 684/684 682/682 680/680
f 663/663 677/677 672/672
f 695/695 694/694 686/686
f 684/684 679/679 1287/1287
f 678/678 1287/1287 679/679
f 681/681 1288/1288 1282/1282
f 1289/1289 1290/1290 1291/1291
f 683/683 687/687 685/685
f 1292/1292 1291/1291 1290/1290
f 1280/1280 667/667 688/688
f 680/680 667/667 664/664
f 680/680 693/693 679/679
f 1284/1284 1285/1285 1289/1289
f 1289/1289 1291/1291 1284/1284
f 690/690 1281/1281 1293/1293
f 675/675 673/673 676/676
f 664/664 666/666 693/693
f 693/693 666/666 677/677
f 677/677 663/663 694/694
f 665/665 694/694 663/663
f 686/686 675/675 695/695
f 695/695 676/676 678/678
f 678/678 676/676 1286/1286
f 1286/1286 1287/1287 678/678
f 676/676 673/673 674/674
f 701/701 697/697 698/698
f 697/697 701/701 715/715
f 718/718 719/719 707/707
f 696/696 716/716 717/717
f 705/705 700/700 715/715
f 697/697 715/715 700/700
f 1279/1279 710/710 1294/1294
f 698/698 1294/1294 701/701
f 705/705 711/711 716/716
f 718/718 704/704 703/703
f 704/704 718/718 717/717
f 709/709 701/701 710/710
f 701/701 709/709 715/715
f 709/709 705/705 715/715
f 705/705 709/709 711/711
f 706/706 716/716 711/711
f 701/701 1294/1294 710/710
f 710/710 712/712 709/709
f 712/712 710/710 714/714
f 712/712 711/711 709/709
f 711/711 712/712 713/713
f 713/713 706/706 711/711
f 710/710 1279/1279 714/714
f 704/704 716/716 706/706
f 705/705 696/696 700/700
f 702/702 719/719 703/703
f 704/704 717/717 716/716
f 705/705 716/716 696/696
f 717/717 707/707 708/708
f 696/696 717/717 708/708
f 703/703 719/719 718/718
f 707/707 717/717 718/718
f 1294/1294 698/698 699/699
f 719/719 1295/1295 707/707
f 1296/1296 721/721 720/720
f 720/720 1297/1297 1296/1296
f 1298/1298 1299/1299 722/722
f 722/722 726/726 1298/1298
f 1296/1296 1298/1298 726/726
f 726/726 721/721 1296/1296
f 729/729 730/730 728/728
f 730/730 731/731 728/728
f 732/732 730/730 729/729
f 730/730 733/733 731/731
f 732/732 744/744 730/730
f 730/730 744/744 733/733
f 736/736 735/735 734/734
f 737/737 736/736 734/734
f 736/736 738/738 735/735
f 739/739 736/736 737/737
f 740/740 738/738 736/736
f 740/740 736/736 739/739
f 741/741 738/738 740/740
f 740/740 743/743 741/741
f 743/743 740/740 739/739
f 739/739 742/742 743/743
f 747/747 744/744 732/732
f 732/732 745/745 747/747
f 746/746 733/733 744/744
f 744/744 747/747 746/746
f 750/750 749/749 766/766
f 751/751 766/766 749/749
f 766/766 751/751 748/748
f 762/762 761/761 752/752
f 751/751 749/749 753/753
f 754/754 755/755 1300/1300
f 755/755 754/754 756/756
f 757/757 1300/1300 755/755
f 755/755 756/756 758/758
f 757/757 755/755 758/758
f 759/759 760/760 749/749
f 749/749 750/750 759/759
f 761/761 762/762 760/760
f 760/760 759/759 761/761
f 769/769 778/778 770/770
f 771/771 845/845 772/772
f 774/774 777/777 771/771
f 772/772 776/776 1301/1301
f 774/774 854/854 773/773
f 770/770 847/847 773/773
f 770/770 779/779 775/775
f 775/775 769/769 770/770
f 1302/1302 1301/1301 776/776
f 772/772 853/853 855/855
f 855/855 771/771 772/772
f 845/845 771/771 777/777
f 846/846 773/773 847/847
f 771/771 855/855 809/809
f 809/809 774/774 771/771
f 809/809 854/854 774/774
f 1301/1301 1303/1303 853/853
f 853/853 772/772 1301/1301
f 776/776 772/772 845/845
f 773/773 846/846 777/777
f 777/777 774/774 773/773
f 773/773 854/854 779/779
f 779/779 770/770 773/773
f 847/847 770/770 778/778
f 781/781 789/789 783/783
f 781/781 783/783 782/782
f 781/781 1304/1304 780/780
f 1304/1304 781/781 782/782
f 1305/1305 1306/1306 784/784
f 914/914 1305/1305 1307/1307
f 1305/1305 949/949 1308/1308
f 949/949 1305/1305 914/914
f 1309/1309 783/783 789/789
f 914/914 1307/1307 1310/1310
f 1305/1305 784/784 1307/1307
f 1311/1311 1304/1304 782/782
f 786/786 780/780 1304/1304
f 1304/1304 785/785 786/786
f 943/943 786/786 785/785
f 785/785 1312/1312 943/943
f 792/792 791/791 803/803
f 803/803 787/787 971/971
f 801/801 1313/1313 802/802
f 1313/1313 801/801 790/790
f 790/790 767/767 1097/1097
f 767/767 790/790 801/801
f 792/792 803/803 1314/1314
f 787/787 803/803 791/791
f 804/804 794/794 810/810
f 795/795 810/810 794/794
f 1315/1315 1316/1316 805/805
f 805/805 793/793 1315/1315
f 806/806 798/798 808/808
f 797/797 808/808 798/798
f 797/797 796/796 808/808
f 807/807 808/808 796/796
f 810/810 795/795 806/806
f 798/798 806/806 795/795
f 793/793 805/805 796/796
f 807/807 796/796 805/805
f 813/813 1317/1317 811/811
f 817/817 805/805 1318/1318
f 815/815 1319/1319 1320/1320
f 812/812 808/808 815/815
f 805/805 817/817 807/807
f 815/815 808/808 807/807
f 1317/1317 813/813 1320/1320
f 813/813 811/811 814/814
f 1318/1318 805/805 1316/1316
f 806/806 808/808 812/812
f 812/812 814/814 806/806
f 804/804 814/814 811/811
f 810/810 806/806 814/814
f 813/813 814/814 812/812
f 810/810 814/814 804/804
f 807/807 816/816 815/815
f 816/816 807/807 817/817
f 1321/1321 817/817 1322/1322
f 817/817 1321/1321 816/816
f 852/852 918/918 767/767
f 767/767 801/801 852/852
f 843/843 948/948 821/821
f 840/840 826/826 819/819
f 827/827 828/828 829/829
f 828/828 827/827 823/823
f 1323/1323 822/822 1324/1324
f 822/822 1323/1323 830/830
f 802/802 1324/1324 822/822
f 823/823 1314/1314 803/803
f 843/843 971/971 948/948
f 824/824 820/820 822/822
f 826/826 831/831 834/834
f 831/831 826/826 818/818
f 834/834 825/825 826/826
f 818/818 824/824 842/842
f 837/837 824/824 836/836
f 803/803 843/843 823/823
f 819/819 826/826 825/825
f 821/821 819/819 828/828
f 828/828 819/819 825/825
f 838/838 836/836 818/818
f 788/788 1098/1098 837/837
f 824/824 837/837 820/820
f 836/836 788/788 837/837
f 852/852 820/820 837/837
f 818/818 836/836 824/824
f 819/819 821/821 841/841
f 972/972 841/841 1099/1099
f 971/971 843/843 803/803
f 1099/1099 841/841 821/821
f 830/830 832/832 842/842
f 828/828 825/825 829/829
f 832/832 831/831 842/842
f 831/831 832/832 835/835
f 833/833 829/829 825/825
f 835/835 834/834 831/831
f 834/834 835/835 833/833
f 833/833 825/825 834/834
f 838/838 917/917 788/788
f 840/840 818/818 826/826
f 841/841 840/840 819/819
f 1315/1315 793/793 1323/1323
f 830/830 1323/1323 793/793
f 795/795 794/794 829/829
f 827/827 829/829 794/794
f 793/793 796/796 832/832
f 832/832 830/830 793/793
f 796/796 835/835 832/832
f 835/835 796/796 797/797
f 798/798 795/795 833/833
f 829/829 833/833 795/795
f 797/797 798/798 835/835
f 798/798 833/833 835/835
f 788/788 836/836 838/838
f 839/839 838/838 818/818
f 839/839 818/818 840/840
f 799/799 916/916 838/838
f 917/917 838/838 916/916
f 800/800 840/840 841/841
f 838/838 839/839 799/799
f 800/800 799/799 840/840
f 839/839 840/840 799/799
f 947/947 800/800 841/841
f 841/841 972/972 947/947
f 830/830 842/842 824/824
f 842/842 831/831 818/818
f 843/843 828/828 823/823
f 828/828 843/843 821/821
f 948/948 1099/1099 821/821
f 1325/1325 844/844 799/799
f 799/799 800/800 1325/1325
f 1325/1325 800/800 947/947
f 947/947 1326/1326 1325/1325
f 768/768 799/799 844/844
f 799/799 768/768 916/916
f 824/824 822/822 830/830
f 820/820 801/801 802/802
f 820/820 802/802 822/822
f 816/816 1327/1327 815/815
f 1327/1327 816/816 1321/1321
f 1319/1319 815/815 1327/1327
f 812/812 1320/1320 813/813
f 815/815 1320/1320 812/812
f 1318/1318 1322/1322 817/817
f 1328/1328 811/811 1317/1317
f 1329/1329 791/791 1330/1330
f 1330/1330 791/791 792/792
f 791/791 1329/1329 787/787
f 1331/1331 787/787 1329/1329
f 1313/1313 790/790 1332/1332
f 1333/1333 1332/1332 790/790
f 1334/1334 1330/1330 792/792
f 1332/1332 1335/1335 1313/1313
f 1333/1333 1097/1097 1336/1336
f 1097/1097 1333/1333 790/790
f 837/837 1098/1098 918/918
f 918/918 852/852 837/837
f 852/852 801/801 820/820
f 864/864 1337/1337 1338/1338
f 885/885 864/864 857/857
f 857/857 864/864 1338/1338
f 1339/1339 856/856 1340/1340
f 864/864 885/885 876/876
f 866/866 1341/1341 865/865
f 861/861 860/860 867/867
f 868/868 867/867 860/860
f 858/858 861/861 867/867
f 867/867 866/866 858/858
f 866/866 865/865 858/858
f 867/867 868/868 863/863
f 862/862 863/863 868/868
f 866/866 863/863 1342/1342
f 1342/1342 1341/1341 866/866
f 892/892 865/865 874/874
f 1338/1338 875/875 889/889
f 870/870 1343/1343 871/871
f 869/869 1344/1344 871/871
f 859/859 869/869 871/871
f 1345/1345 872/872 1346/1346
f 873/873 1346/1346 872/872
f 1346/1346 873/873 856/856
f 870/870 856/856 873/873
f 1344/1344 1340/1340 870/870
f 871/871 1344/1344 870/870
f 1347/1347 1343/1343 873/873
f 870/870 873/873 1343/1343
f 1348/1348 1347/1347 872/872
f 873/873 872/872 1347/1347
f 1340/1340 856/856 870/870
f 1338/1338 889/889 857/857
f 872/872 1345/1345 1349/1349
f 871/871 1343/1343 859/859
f 1350/1350 1349/1349 1345/1345
f 867/867 863/863 866/866
f 894/894 881/881 882/882
f 881/881 894/894 888/888
f 886/886 1344/1344 869/869
f 1338/1338 1344/1344 875/875
f 1351/1351 865/865 1341/1341
f 1352/1352 865/865 1351/1351
f 895/895 865/865 1353/1353
f 865/865 895/895 874/874
f 892/892 858/858 865/865
f 858/858 892/892 1354/1354
f 869/869 859/859 877/877
f 878/878 877/877 859/859
f 892/892 1355/1355 1354/1354
f 1355/1355 892/892 893/893
f 877/877 1356/1356 881/881
f 1356/1356 877/877 878/878
f 893/893 1357/1357 1355/1355
f 1357/1357 893/893 1358/1358
f 891/891 883/883 897/897
f 883/883 891/891 884/884
f 874/874 896/896 879/879
f 896/896 874/874 895/895
f 879/879 1359/1359 1360/1360
f 1359/1359 879/879 896/896
f 1337/1337 864/864 876/876
f 876/876 1361/1361 1337/1337
f 1353/1353 865/865 1352/1352
f 877/877 886/886 869/869
f 886/886 877/877 887/887
f 881/881 887/887 877/877
f 887/887 881/881 888/888
f 890/890 875/875 880/880
f 875/875 890/890 889/889
f 891/891 880/880 884/884
f 880/880 891/891 890/890
f 1362/1362 1363/1363 1364/1364
f 1363/1363 1362/1362 1365/1365
f 1362/1362 1366/1366 1367/1367
f 1366/1366 1362/1362 1364/1364
f 1368/1368 1369/1369 1370/1370
f 1369/1369 1368/1368 1371/1371
f 1368/1368 1372/1372 1373/1373
f 1372/1372 1368/1368 1370/1370
f 1374/1374 1375/1375 1376/1376
f 1375/1375 1374/1374 1377/1377
f 1378/1378 1374/1374 1379/1379
f 1374/1374 1378/1378 1377/1377
f 875/875 906/906 903/903
f 906/906 875/875 886/886
f 903/903 907/907 905/905
f 907/907 903/903 906/906
f 885/885 901/901 900/900
f 901/901 885/885 857/857
f 889/889 901/901 857/857
f 901/901 889/889 908/908
f 900/900 898/898 899/899
f 898/898 900/900 901/901
f 908/908 898/898 901/901
f 898/898 908/908 909/909
f 910/910 874/874 902/902
f 874/874 910/910 892/892
f 911/911 902/902 904/904
f 902/902 911/911 910/910
f 907/907 1380/1380 905/905
f 1380/1380 907/907 1381/1381
f 1382/1382 895/895 1353/1353
f 895/895 1382/1382 912/912
f 1383/1383 912/912 1382/1382
f 912/912 1383/1383 913/913
f 898/898 1384/1384 1385/1385
f 1384/1384 898/898 909/909
f 1386/1386 1387/1387 1388/1388
f 1387/1387 1386/1386 1389/1389
f 1366/1366 1386/1386 1367/1367
f 1386/1386 1366/1366 1389/1389
f 1390/1390 1391/1391 1392/1392
f 1391/1391 1390/1390 1393/1393
f 1372/1372 1390/1390 1373/1373
f 1390/1390 1372/1372 1393/1393
f 1394/1394 1395/1395 1396/1396
f 1395/1395 1394/1394 1397/1397
f 1394/1394 1378/1378 1379/1379
f 1378/1378 1394/1394 1396/1396
f 1344/1344 886/886 875/875
f 938/938 940/940 937/937
f 933/933 923/923 932/932
f 923/923 933/933 922/922
f 920/920 929/929 925/925
f 929/929 920/920 950/950
f 926/926 1398/1398 922/922
f 940/940 938/938 1119/1119
f 936/936 926/926 922/922
f 922/922 933/933 936/936
f 921/921 932/932 923/923
f 925/925 935/935 920/920
f 945/945 946/946 932/932
f 932/932 930/930 945/945
f 932/932 946/946 933/933
f 928/928 942/942 919/919
f 929/929 950/950 942/942
f 924/924 929/929 928/928
f 924/924 928/928 931/931
f 925/925 929/929 924/924
f 930/930 932/932 924/924
f 941/941 927/927 934/934
f 934/934 927/927 936/936
f 930/930 924/924 931/931
f 1399/1399 927/927 941/941
f 941/941 1400/1400 1399/1399
f 940/940 941/941 934/934
f 928/928 929/929 942/942
f 931/931 928/928 919/919
f 931/931 944/944 939/939
f 927/927 1399/1399 926/926
f 935/935 932/932 921/921
f 921/921 920/920 935/935
f 1399/1399 1398/1398 926/926
f 935/935 925/925 924/924
f 924/924 932/932 935/935
f 927/927 926/926 936/936
f 934/934 936/936 937/937
f 936/936 933/933 937/937
f 1398/1398 1399/1399 1401/1401
f 1119/1119 938/938 939/939
f 939/939 938/938 931/931
f 937/937 940/940 934/934
f 922/922 1398/1398 923/923
f 923/923 1402/1402 921/921
f 923/923 1398/1398 1402/1402
f 1402/1402 1403/1403 920/920
f 920/920 921/921 1402/1402
f 931/931 919/919 944/944
f 945/945 937/937 946/946
f 938/938 937/937 945/945
f 946/946 937/937 933/933
f 938/938 945/945 931/931
f 945/945 930/930 931/931
f 960/960 951/951 952/952
f 1028/1028 953/953 954/954
f 959/959 956/956 953/953
f 958/958 954/954 1404/1404
f 1037/1037 956/956 955/955
f 1030/1030 952/952 955/955
f 952/952 951/951 957/957
f 957/957 961/961 952/952
f 1404/1404 1405/1405 958/958
f 954/954 953/953 1038/1038
f 1038/1038 1036/1036 954/954
f 953/953 1028/1028 959/959
f 955/955 1029/1029 1030/1030
f 953/953 956/956 992/992
f 992/992 1038/1038 953/953
f 1037/1037 992/992 956/956
f 1404/1404 954/954 1036/1036
f 1036/1036 1406/1406 1404/1404
f 954/954 958/958 1028/1028
f 955/955 956/956 959/959
f 959/959 1029/1029 955/955
f 955/955 952/952 961/961
f 961/961 1037/1037 955/955
f 952/952 1030/1030 960/960
f 1407/1407 963/963 965/965
f 965/965 963/963 964/964
f 1408/1408 963/963 962/962
f 963/963 1408/1408 964/964
f 1409/1409 1410/1410 966/966
f 1410/1410 1411/1411 1412/1412
f 1413/1413 1410/1410 1414/1414
f 1410/1410 1413/1413 1411/1411
f 965/965 1415/1415 1407/1407
f 1412/1412 1411/1411 1416/1416
f 966/966 1410/1410 1412/1412
f 1408/1408 1417/1417 964/964
f 968/968 967/967 1408/1408
f 1408/1408 962/962 968/968
f 1120/1120 1418/1418 967/967
f 967/967 968/968 1120/1120
f 974/974 975/975 986/986
f 1419/1419 986/986 1420/1420
f 1421/1421 984/984 985/985
f 984/984 1421/1421 973/973
f 1422/1422 973/973 1423/1423
f 973/973 1422/1422 984/984
f 986/986 975/975 1424/1424
f 986/986 1419/1419 974/974
f 977/977 987/987 993/993
f 993/993 978/978 977/977
f 1425/1425 1426/1426 988/988
f 976/976 988/988 1426/1426
f 981/981 989/989 991/991
f 991/991 980/980 981/981
f 979/979 980/980 991/991
f 991/991 990/990 979/979
f 978/978 993/993 989/989
f 989/989 981/981 978/978
f 988/988 976/976 979/979
f 979/979 990/990 988/988
f 1427/1427 996/996 994/994
f 988/988 1000/1000 1428/1428
f 1429/1429 998/998 1430/1430
f 991/991 995/995 998/998
f 1000/1000 988/988 990/990
f 991/991 998/998 990/990
f 996/996 1427/1427 1430/1430
f 994/994 996/996 997/997
f 988/988 1428/1428 1425/1425
f 991/991 989/989 995/995
f 997/997 995/995 989/989
f 997/997 987/987 994/994
f 989/989 993/993 997/997
f 997/997 996/996 995/995
f 997/997 993/993 987/987
f 999/999 990/990 998/998
f 990/990 999/999 1000/1000
f 1000/1000 1431/1431 1432/1432
f 1431/1431 1000/1000 999/999
f 1035/1035 984/984 1422/1422
f 1422/1422 1433/1433 1035/1035
f 1434/1434 1026/1026 1004/1004
f 1009/1009 1023/1023 1002/1002
f 1011/1011 1010/1010 1012/1012
f 1010/1010 1011/1011 1006/1006
f 1005/1005 1435/1435 1436/1436
f 1435/1435 1005/1005 1013/1013
f 1436/1436 985/985 1005/1005
f 1424/1424 1006/1006 986/986
f 1420/1420 1026/1026 1434/1434
f 1003/1003 1007/1007 1005/1005
f 1014/1014 1009/1009 1017/1017
f 1009/1009 1014/1014 1001/1001
f 1008/1008 1017/1017 1009/1009
f 1007/1007 1001/1001 1025/1025
f 1007/1007 1020/1020 1019/1019
f 1026/1026 986/986 1006/1006
f 1009/1009 1002/1002 1008/1008
f 1002/1002 1004/1004 1011/1011
f 1002/1002 1011/1011 1008/1008
f 1019/1019 1021/1021 1001/1001
f 1437/1437 1438/1438 1020/1020
f 1020/1020 1007/1007 1003/1003
f 1438/1438 1019/1019 1020/1020
f 1003/1003 1035/1035 1020/1020
f 1019/1019 1001/1001 1007/1007
f 1004/1004 1002/1002 1024/1024
f 1024/1024 1439/1439 1440/1440
f 1026/1026 1420/1420 986/986
f 1024/1024 1440/1440 1004/1004
f 1015/1015 1013/1013 1025/1025
f 1008/1008 1011/1011 1012/1012
f 1014/1014 1015/1015 1025/1025
f 1015/1015 1014/1014 1018/1018
f 1012/1012 1016/1016 1008/1008
f 1017/1017 1018/1018 1014/1014
f 1018/1018 1017/1017 1016/1016
f 1008/1008 1016/1016 1017/1017
f 1441/1441 1021/1021 1438/1438
f 1001/1001 1023/1023 1009/1009
f 1023/1023 1024/1024 1002/1002
f 976/976 1426/1426 1435/1435
f 1435/1435 1013/1013 976/976
f 977/977 978/978 1012/1012
f 1012/1012 1010/1010 977/977
f 979/979 976/976 1015/1015
f 1013/1013 1015/1015 976/976
f 1018/1018 979/979 1015/1015
f 979/979 1018/1018 980/980
f 978/978 981/981 1016/1016
f 1016/1016 1012/1012 978/978
f 981/981 980/980 1018/1018
f 1016/1016 981/981 1018/1018
f 1019/1019 1438/1438 1021/1021
f 1021/1021 1022/1022 1001/1001
f 1001/1001 1022/1022 1023/1023
f 1442/1442 982/982 1021/1021
f 1021/1021 1441/1441 1442/1442
f 1023/1023 983/983 1024/1024
f 1022/1022 1021/1021 982/982
f 982/982 983/983 1023/1023
f 1023/1023 1022/1022 982/982
f 983/983 1443/1443 1024/1024
f 1439/1439 1024/1024 1443/1443
f 1025/1025 1013/1013 1007/1007
f 1014/1014 1025/1025 1001/1001
f 1011/1011 1026/1026 1006/1006
f 1026/1026 1011/1011 1004/1004
f 1440/1440 1434/1434 1004/1004
f 1027/1027 1444/1444 982/982
f 983/983 982/982 1444/1444
f 983/983 1444/1444 1443/1443
f 1445/1445 1443/1443 1444/1444
f 982/982 1446/1446 1027/1027
f 1446/1446 982/982 1442/1442
f 1005/1005 1007/1007 1013/1013
f 984/984 1003/1003 985/985
f 985/985 1003/1003 1005/1005
f 1447/1447 999/999 998/998
f 999/999 1447/1447 1431/1431
f 998/998 1429/1429 1447/1447
f 1430/1430 995/995 996/996
f 1430/1430 998/998 995/995
f 1432/1432 1428/1428 1000/1000
f 994/994 1448/1448 1427/1427
f 974/974 1449/1449 1450/1450
f 974/974 1450/1450 975/975
f 1449/1449 974/974 1419/1419
f 1419/1419 1451/1451 1449/1449
f 973/973 1421/1421 1452/1452
f 1452/1452 1453/1453 973/973
f 1450/1450 1454/1454 975/975
f 1455/1455 1452/1452 1421/1421
f 1423/1423 1453/1453 1456/1456
f 1453/1453 1423/1423 973/973
f 1020/1020 1035/1035 1433/1433
f 1433/1433 1437/1437 1020/1020
f 984/984 1035/1035 1003/1003
f 1457/1457 1047/1047 1458/1458
f 1047/1047 1068/1068 1040/1040
f 1047/1047 1040/1040 1458/1458
f 1039/1039 1459/1459 1460/1460
f 1068/1068 1047/1047 1059/1059
f 1461/1461 1049/1049 1048/1048
f 1043/1043 1044/1044 1050/1050
f 1050/1050 1051/1051 1043/1043
f 1044/1044 1041/1041 1050/1050
f 1049/1049 1050/1050 1041/1041
f 1048/1048 1049/1049 1041/1041
f 1051/1051 1050/1050 1046/1046
f 1046/1046 1045/1045 1051/1051
f 1046/1046 1049/1049 1462/1462
f 1461/1461 1462/1462 1049/1049
f 1048/1048 1075/1075 1057/1057
f 1058/1058 1458/1458 1072/1072
f 1463/1463 1053/1053 1054/1054
f 1464/1464 1052/1052 1054/1054
f 1052/1052 1042/1042 1054/1054
f 1055/1055 1465/1465 1466/1466
f 1466/1466 1056/1056 1055/1055
f 1056/1056 1466/1466 1039/1039
f 1039/1039 1053/1053 1056/1056
f 1460/1460 1464/1464 1053/1053
f 1464/1464 1054/1054 1053/1053
f 1463/1463 1467/1467 1056/1056
f 1056/1056 1053/1053 1463/1463
f 1467/1467 1468/1468 1055/1055
f 1055/1055 1056/1056 1467/1467
f 1039/1039 1460/1460 1053/1053
f 1072/1072 1458/1458 1040/1040
f 1465/1465 1055/1055 1469/1469
f 1463/1463 1054/1054 1042/1042
f 1469/1469 1470/1470 1465/1465
f 1046/1046 1050/1050 1049/1049
f 1064/1064 1077/1077 1065/1065
f 1077/1077 1064/1064 1071/1071
f 1464/1464 1069/1069 1052/1052
f 1464/1464 1458/1458 1058/1058
f 1048/1048 1471/1471 1461/1461
f 1048/1048 1472/1472 1471/1471
f 1048/1048 1078/1078 1473/1473
f 1078/1078 1048/1048 1057/1057
f 1041/1041 1075/1075 1048/1048
f 1075/1075 1041/1041 1474/1474
f 1042/1042 1052/1052 1060/1060
f 1060/1060 1061/1061 1042/1042
f 1475/1475 1075/1075 1474/1474
f 1075/1075 1475/1475 1076/1076
f 1476/1476 1060/1060 1064/1064
f 1060/1060 1476/1476 1061/1061
f 1477/1477 1076/1076 1475/1475
f 1076/1076 1477/1477 1478/1478
f 1066/1066 1074/1074 1080/1080
f 1074/1074 1066/1066 1067/1067
f 1079/1079 1057/1057 1062/1062
f 1057/1057 1079/1079 1078/1078
f 1479/1479 1062/1062 1480/1480
f 1062/1062 1479/1479 1079/1079
f 1047/1047 1457/1457 1059/1059
f 1481/1481 1059/1059 1457/1457
f 1048/1048 1473/1473 1472/1472
f 1069/1069 1060/1060 1052/1052
f 1060/1060 1069/1069 1070/1070
f 1070/1070 1064/1064 1060/1060
f 1064/1064 1070/1070 1071/1071
f 1058/1058 1073/1073 1063/1063
f 1073/1073 1058/1058 1072/1072
f 1063/1063 1074/1074 1067/1067
f 1074/1074 1063/1063 1073/1073
f 1482/1482 1483/1483 1484/1484
f 1483/1483 1482/1482 1485/1485
f 1486/1486 1483/1483 1487/1487
f 1483/1483 1486/1486 1484/1484
f 1488/1488 1489/1489 1490/1490
f 1489/1489 1488/1488 1491/1491
f 1492/1492 1489/1489 1493/1493
f 1489/1489 1492/1492 1490/1490
f 1494/1494 1495/1495 1496/1496
f 1495/1495 1494/1494 1497/1497
f 1495/1495 1498/1498 1499/1499
f 1498/1498 1495/1495 1497/1497
f 1089/1089 1058/1058 1086/1086
f 1058/1058 1089/1089 1069/1069
f 1090/1090 1086/1086 1088/1088
f 1086/1086 1090/1090 1089/1089
f 1084/1084 1068/1068 1083/1083
f 1068/1068 1084/1084 1040/1040
f 1084/1084 1072/1072 1040/1040
f 1072/1072 1084/1084 1091/1091
f 1081/1081 1083/1083 1082/1082
f 1083/1083 1081/1081 1084/1084
f 1081/1081 1091/1091 1084/1084
f 1091/1091 1081/1081 1092/1092
f 1057/1057 1093/1093 1085/1085
f 1093/1093 1057/1057 1075/1075
f 1085/1085 1094/1094 1087/1087
f 1094/1094 1085/1085 1093/1093
f 1500/1500 1090/1090 1088/1088
f 1090/1090 1500/1500 1501/1501
f 1078/1078 1502/1502 1473/1473
f 1502/1502 1078/1078 1095/1095
f 1095/1095 1503/1503 1502/1502
f 1503/1503 1095/1095 1096/1096
f 1504/1504 1081/1081 1505/1505
f 1081/1081 1504/1504 1092/1092
f 1506/1506 1507/1507 1508/1508
f 1507/1507 1506/1506 1509/1509
f 1507/1507 1486/1486 1487/1487
f 1486/1486 1507/1507 1509/1509
f 1510/1510 1511/1511 1512/1512
f 1511/1511 1510/1510 1513/1513
f 1511/1511 1492/1492 1493/1493
f 1492/1492 1511/1511 1513/1513
f 1514/1514 1515/1515 1516/1516
f 1515/1515 1514/1514 1517/1517
f 1498/1498 1515/1515 1499/1499
f 1515/1515 1498/1498 1516/1516
f 1069/1069 1464/1464 1058/1058
f 1518/1518 1118/1118 1117/1117
f 1103/1103 1113/1113 1112/1112
f 1113/1113 1103/1103 1102/1102
f 1109/1109 1100/1100 1105/1105
f 1100/1100 1109/1109 1519/1519
f 1520/1520 1106/1106 1102/1102
f 1118/1118 1518/1518 1521/1521
f 1106/1106 1116/1116 1102/1102
f 1113/1113 1102/1102 1116/1116
f 1112/1112 1101/1101 1103/1103
f 1115/1115 1105/1105 1100/1100
f 1121/1121 1110/1110 1112/1112
f 1112/1112 1122/1122 1121/1121
f 1122/1122 1112/1112 1113/1113
f 1522/1522 1108/1108 1523/1523
f 1519/1519 1109/1109 1522/1522
f 1109/1109 1104/1104 1108/1108
f 1108/1108 1104/1104 1111/1111
f 1109/1109 1105/1105 1104/1104
f 1112/1112 1110/1110 1104/1104
f 1107/1107 1524/1524 1114/1114
f 1107/1107 1114/1114 1116/1116
f 1104/1104 1110/1110 1111/1111
f 1107/1107 1525/1525 1524/1524
f 1526/1526 1524/1524 1525/1525
f 1524/1524 1518/1518 1114/1114
f 1109/1109 1108/1108 1522/1522
f 1108/1108 1111/1111 1523/1523
f 1527/1527 1111/1111 1528/1528
f 1525/1525 1107/1107 1106/1106
f 1112/1112 1115/1115 1101/1101
f 1100/1100 1101/1101 1115/1115
f 1520/1520 1525/1525 1106/1106
f 1105/1105 1115/1115 1104/1104
f 1112/1112 1104/1104 1115/1115
f 1106/1106 1107/1107 1116/1116
f 1116/1116 1114/1114 1117/1117
f 1113/1113 1116/1116 1117/1117
f 1525/1525 1520/1520 1529/1529
f 1118/1118 1521/1521 1528/1528
f 1118/1118 1528/1528 1111/1111
f 1518/1518 1117/1117 1114/1114
f 1520/1520 1102/1102 1103/1103
f 1530/1530 1103/1103 1101/1101
f 1520/1520 1103/1103 1530/1530
f 1530/1530 1101/1101 1100/1100
f 1100/1100 1531/1531 1530/1530
f 1523/1523 1111/1111 1527/1527
f 1117/1117 1121/1121 1122/1122
f 1117/1117 1118/1118 1121/1121
f 1117/1117 1122/1122 1113/1113
f 1121/1121 1118/1118 1111/1111
f 1110/1110 1121/1121 1111/1111
f 2/2 1/1 9/9
f 9/9 8/8 16/16
f 16/16 15/15 23/23
f 23/23 22/22 30/30
f 34/34 29/29 1123/1123
f 1125/1125 1124/1124 37/37
f 41/41 36/36 1126/1126
f 1128/1128 1127/1127 44/44
f 48/48 43/43 1129/1129
f 1131/1131 1130/1130 51/51
f 55/55 50/50 1132/1132
f 1134/1134 1133/1133 59/59
f 58/58 57/57 60/60
f 59/59 57/57 61/61
f 60/60 57/57 62/62
f 61/61 57/57 63/63
f 62/62 57/57 58/58
f 63/63 57/57 66/66
f 65/65 64/64 67/67
f 66/66 64/64 68/68
f 67/67 64/64 69/69
f 68/68 64/64 70/70
f 69/69 64/64 65/65
f 70/70 64/64 73/73
f 72/72 71/71 74/74
f 73/73 71/71 75/75
f 74/74 71/71 76/76
f 75/75 71/71 77/77
f 76/76 71/71 72/72
f 77/77 71/71 80/80
f 79/79 78/78 81/81
f 80/80 78/78 82/82
f 81/81 78/78 83/83
f 82/82 78/78 84/84
f 83/83 78/78 79/79
f 84/84 78/78 87/87
f 86/86 85/85 88/88
f 87/87 85/85 89/89
f 88/88 85/85 90/90
f 89/89 85/85 91/91
f 1135/1135 1136/1136 1137/1137
f 91/91 1136/1136 94/94
f 93/93 92/92 95/95
f 94/94 92/92 96/96
f 95/95 92/92 97/97
f 96/96 92/92 98/98
f 1138/1138 1139/1139 1140/1140
f 98/98 1139/1139 101/101
f 100/100 99/99 102/102
f 101/101 99/99 103/103
f 102/102 99/99 104/104
f 103/103 99/99 105/105
f 1141/1141 1142/1142 1143/1143
f 105/105 1142/1142 108/108
f 107/107 106/106 109/109
f 108/108 106/106 110/110
f 109/109 106/106 111/111
f 110/110 106/106 112/112
f 1144/1144 1145/1145 1146/1146
f 112/112 1145/1145 128/128
f 114/114 128/128 125/125
f 116/116 125/125 122/122
f 115/115 122/122 128/128
f 121/121 128/128 129/129
f 1148/1148 129/129 121/121
f 1151/1151 121/121 122/122
f 123/123 122/122 125/125
f 126/126 125/125 122/122
f 1155/1155 121/121 124/124
f 1156/1156 1148/1148 1155/1155
f 1149/1149 121/121 122/122
f 115/115 1155/1155 1156/1156
f 1157/1157 1148/1148 124/124
f 1158/1158 1156/1156 127/127
f 113/113 114/114 127/127
f 117/117 113/113 127/127
f 1159/1159 1160/1160 127/127
f 114/114 118/118 128/128
f 130/130 128/128 129/129
f 1147/1147 129/129 130/130
f 1152/1152 130/130 135/135
f 132/132 135/135 136/136
f 133/133 136/136 137/137
f 134/134 137/137 147/147
f 142/142 147/147 1161/1161
f 1162/1162 1163/1163 1164/1164
f 1161/1161 1163/1163 1164/1164
f 1163/1163 1165/1165 144/144
f 1167/1167 144/144 145/145
f 144/144 145/145 146/146
f 145/145 146/146 1168/1168
f 146/146 1168/1168 1170/1170
f 1171/1171 1172/1172 1170/1170
f 1172/1172 1173/1173 1170/1170
f 1173/1173 1174/1174 150/150
f 165/165 150/150 162/162
f 161/161 162/162 163/163
f 156/156 163/163 165/165
f 150/150 165/165 1175/1175
f 164/164 1175/1175 160/160
f 162/162 160/160 159/159
f 149/149 159/159 162/162
f 154/154 162/162 164/164
f 158/158 164/164 163/163
f 157/157 163/163 1175/1175
f 1177/1177 1175/1175 149/149
f 154/154 149/149 168/168
f 166/166 168/168 180/180
f 169/169 180/180 181/181
f 182/182 181/181 183/183
f 181/181 183/183 1178/1178
f 1179/1179 1178/1178 178/178
f 166/166 178/178 177/177
f 183/183 177/177 180/180
f 179/179 180/180 182/182
f 183/183 181/181 1178/1178
f 182/182 1178/1178 167/167
