# MOD converted: m319.mod
# 2200 verts, 2419 faces

v 85.301247 -56.230991 -54.782562
v 87.401505 -81.538773 -65.400238
v 81.781914 -53.391331 -55.017956
v 87.682022 -95.159637 -54.549633
v 87.123924 -50.345272 -55.141495
v 87.829277 -46.548985 -60.415249
v 85.964821 -45.225319 -60.415253
v 85.964821 -49.021606 -55.225410
v 87.920181 -138.881485 -61.092510
v 85.396538 -138.908356 -55.068047
v 90.451668 -120.305740 -54.996895
v 89.391846 -151.027466 -55.148174
v 90.384438 -138.881485 -54.584755
v 90.857201 -150.474564 -53.477383
v 91.146057 -157.562302 -53.329956
v 91.910103 -157.267853 -55.181168
v 87.871994 -125.162788 -55.160191
v 90.374352 -125.163635 -53.886070
v 91.443459 -116.574890 -55.136929
v 87.823807 -113.671951 -59.784618
v 93.362724 -56.230991 -58.022297
v 91.262459 -81.538773 -61.515388
v 85.041695 -73.859818 -61.091976
v 85.396980 -95.159637 -47.404613
v 96.882050 -53.391335 -51.289474
v 93.622269 -73.859810 -51.712891
v 93.266975 -95.159637 -57.786911
v 90.981934 -95.159637 -58.255207
v 91.540054 -50.345276 -52.389595
v 92.699150 -49.021606 -57.663345
v 90.834702 -46.548985 -52.389591
v 92.699158 -45.225315 -57.588402
v 90.736282 -138.881470 -50.395393
v 94.372498 -165.554550 -59.873940
v 86.419044 -152.284714 -56.099415
v 90.705780 -151.027451 -56.593216
v 89.171906 -159.630814 -54.107998
v 91.897591 -157.562302 -57.628174
v 90.788216 -125.162781 -61.093227
v 85.395935 -125.162834 -61.093945
v 85.395332 -113.671959 -51.710930
v 93.268623 -113.671944 -57.667946
v 90.840157 -113.671951 -48.028397
v 96.358635 -38.617428 -51.934402
v 96.700371 -38.617428 -52.276131
v 92.794357 -38.617424 -53.765026
v 95.164291 -44.386688 -53.484688
v 91.780258 -42.426224 -58.184532
v 91.455879 -46.776394 -56.402393
v 89.332008 -44.003880 -62.604046
v 87.747467 -44.386684 -59.320103
v 86.883759 -42.426224 -64.776398
v 82.305382 -38.617424 -64.434685
v 86.211372 -38.617424 -60.528660
v 85.869659 -38.617424 -62.323704
v 84.363434 -30.887699 -62.595886
v 87.754311 -32.845383 -59.320103
v 86.883759 -34.808628 -56.402393
v 89.332008 -27.685942 -58.184528
v 91.455879 -30.458456 -56.402393
v 89.332008 -33.230968 -50.481083
v 94.300583 -30.887701 -53.773201
v 95.157433 -32.845387 -53.484684
v 91.780258 -34.808624 -56.642899
v 89.631844 -44.490238 -55.038795
v 90.476212 -43.662369 -56.391411
v 89.341225 -40.766068 -49.055965
v 95.496399 -35.583485 -49.055969
v 95.496399 -41.679874 -44.293552
v 99.492546 -38.631683 -52.867451
v 92.298187 -47.520046 -53.781380
v 95.150566 -44.362778 -47.848785
v 96.509346 -49.760662 -52.867451
v 92.298180 -29.685339 -49.565193
v 95.069107 -33.996132 -47.848785
v 96.509346 -27.444727 -63.748871
v 83.167580 -35.583488 -63.748871
v 83.167580 -41.679874 -68.511284
v 79.171432 -38.631676 -59.937389
v 86.365799 -47.520046 -62.587742
v 87.761147 -44.362770 -64.956055
v 82.154633 -49.760658 -59.937382
v 86.365799 -29.685339 -64.956047
v 82.154633 -27.444723 -60.089184
v 86.238426 -36.259960 -59.833950
v 86.954231 -34.433540 -58.178886
v 87.841354 -33.766251 -57.544827
v 88.373398 -37.131042 -53.455673
v 92.306244 -42.759792 -52.697487
v 92.440796 -40.921711 -55.243462
v 90.304474 -40.135269 -52.526485
v 92.584290 -36.856136 -52.139305
v 93.410812 -38.611217 -52.526485
v 92.584290 -40.382782 -54.773426
v 90.698883 -38.653938 -60.278358
v 86.079689 -36.856136 -61.159554
v 85.841911 -38.611214 -60.278358
v 86.079689 -40.382778 -58.028049
v 87.967926 -38.653934 -59.843185
v 86.946480 -42.759789 -60.107349
v 86.223183 -40.921707 -57.558014
v 88.362328 -40.135265 -52.715652
v 92.425560 -36.259956 -53.464905
v 92.298500 -34.433537 -54.625950
v 90.822624 -33.766247 -55.256645
v 90.293411 -37.131042 -48.370125
v 92.452629 -38.617428 -50.481083
v 94.300583 -46.347153 -50.200745
v 90.916550 -44.386688 -56.402393
v 89.332008 -49.548912 -54.620255
v 87.208138 -46.776394 -62.323704
v 84.363434 -46.347153 -59.039768
v 83.499725 -44.386688 -60.870411
v 81.963631 -38.617428 -59.031612
v 83.506569 -32.845383 -54.620255
v 87.208145 -30.458456 -50.208923
v 90.909691 -32.845387 -57.740356
v 88.209328 -43.662369 -56.148880
v 89.043091 -44.490242 -50.217098
v 90.902832 -44.362778 -49.565193
v 95.069107 -43.209251 -59.023464
v 83.513412 -44.362774 -63.239647
v 83.594872 -43.209251 -63.239643
v 83.594872 -33.996132 -59.339935
v 86.365486 -34.433544 -54.607788
v 90.837868 -43.415428 -52.961655
v 91.717499 -42.759792 -51.645287
v 92.822060 -38.611217 -60.665539
v 85.253166 -38.611214 -58.197056
v 87.826111 -43.415421 -59.349167
v 86.357735 -42.759789 -52.970890
v 91.709755 -34.433537 -54.257397
v 91.695320 -34.704082 -57.479897
v 90.091843 -33.183994 -59.921452
v 89.538055 -17.240366 -59.862133
v 88.467995 -14.509730 -62.712372
v 83.542648 -13.082199 -55.179558
v 94.738075 -26.681314 -57.120785
v 93.290215 -21.677116 -55.441883
v 89.918617 -34.439171 -62.177505
v 89.377258 -18.480560 -57.699856
v 94.375351 -27.132231 -59.550262
v 92.865005 -22.562256 -62.194618
v 86.952888 -14.136924 -54.160728
v 86.673149 -5.294737 -54.885052
v 94.343117 -31.855745 -58.513546
v 91.828041 -30.743658 -57.546555
v 93.914970 -31.506777 -62.694866
v 87.144363 -19.721207 -58.590401
v 91.848694 -27.720285 -60.245522
v 90.373039 -23.448105 -60.376312
v 87.230675 -18.480549 -56.010303
v 92.361824 -27.132231 -57.978561
v 90.754143 -22.562252 -60.366180
v 84.864021 -13.497916 -55.342323
v 92.483932 -31.818129 -58.114422
v 88.640656 -12.017029 -58.411839
v 84.393066 -7.843263 -58.740173
v 87.244019 -10.113331 -57.378914
v 85.232468 -9.780281 -56.852562
v 92.303726 -33.932110 -59.355900
v 87.957558 -34.704086 -56.849831
v 90.414841 -33.090858 -54.379326
v 91.933495 -14.509723 -49.052864
v 93.907791 -13.082191 -61.433506
v 88.489769 -26.658400 -57.115265
v 88.475594 -34.416870 -54.711365
v 94.179291 -18.480551 -60.509312
v 90.754654 -27.098911 -52.487896
v 93.974228 -14.136929 -56.844707
v 89.871796 -11.130611 -55.893955
v 88.738724 -8.322648 -61.528633
v 88.392250 -32.298679 -58.200912
v 91.468597 -30.627474 -60.173687
v 90.632370 -31.385939 -52.360931
v 94.227615 -19.721205 -57.955112
v 91.136551 -27.926500 -52.910168
v 92.032715 -18.480539 -58.819756
v 88.741127 -27.098902 -50.756817
v 91.821030 -13.497912 -54.496151
v 87.072891 -8.069459 -59.162216
v 88.231079 -31.698019 -55.449577
v 90.953461 -12.017013 -51.210854
v 90.503998 -7.843259 -53.971615
v 91.334465 -10.113320 -52.226696
v 89.644234 -9.780274 -59.128437
v 90.284393 -33.874748 -59.532757
v 90.972588 -25.557396 -60.106934
v 89.518478 -23.202309 -55.338352
v 92.608391 -22.853924 -55.318272
v 92.053116 -17.240355 -57.438084
v 91.003777 -19.477934 -59.521500
v 89.972466 -21.677099 -58.622509
v 92.221634 -22.562252 -55.903072
v 92.301277 -23.448097 -56.696629
v 90.164246 -22.562244 -57.083092
v 92.992165 -20.955702 -58.095192
v 89.226791 -25.550678 -55.243763
v 90.881180 -20.996090 -61.007515
v 87.896790 24.511127 -61.007515
v 87.896797 12.489654 -58.556652
v 87.524376 -29.106394 -58.556099
v 87.524834 -14.562518 -57.384911
v 90.936508 12.489654 -58.560875
v 87.520821 10.531174 -61.166744
v 85.334236 26.469606 -58.615467
v 85.046066 24.511126 -58.542397
v 87.536324 22.552645 -61.166744
v 85.334236 10.531181 -58.615467
v 85.046066 12.489661 -58.542397
v 87.536324 14.448133 -54.992878
v 88.085800 12.489662 -53.762318
v 93.976242 24.511126 -53.762318
v 93.976242 12.489661 -53.821140
v 91.497948 -29.106401 -57.438900
v 91.000862 -27.962679 -53.821693
v 91.497482 -14.562523 -54.938931
v 88.021500 -14.614745 -53.816910
v 91.501488 10.531173 -51.211044
v 93.688065 26.469606 -51.370274
v 91.125511 24.511126 -53.834919
v 91.486374 22.552645 -51.211044
v 93.688072 10.531181 -51.370274
v 91.125511 12.489661 -53.832813
v 91.512398 14.428572 -54.938885
v 88.021461 -27.962679 -57.438862
v 91.000809 -14.614745 -54.938885
v 88.021461 -27.962679 -58.556652
v 87.524376 -29.106394 -58.556099
v 87.524834 -14.562518 -54.938931
v 88.021500 -14.614745 -58.556099
v 87.524834 -14.562518 -58.556652
v 87.524376 -29.106394 -57.438900
v 91.000862 -27.962679 -57.438862
v 91.000809 -14.614745 -54.938885
v 88.021461 -27.962679 -54.938931
v 88.021500 -14.614745 -53.821693
v 91.497482 -14.562523 -53.821140
v 91.497948 -29.106401 -53.821693
v 91.497482 -14.562523 -57.438862
v 91.000809 -14.614745 -57.438900
v 91.000862 -27.962679 -53.821140
v 91.497948 -29.106401 -51.934402
v 96.700371 -38.617428 -64.434685
v 86.211372 -38.617424 -62.595886
v 87.754311 -32.845383 -53.773201
v 95.157433 -32.845387 -48.370125
v 92.452629 -38.617428 -60.870411
v 81.963631 -38.617428 -59.031612
v 83.506569 -32.845383 -50.208923
v 90.909691 -32.845387 -58.556099
v 87.524834 -14.562518 -57.438900
v 91.000862 -27.962679 -53.821693
v 91.497482 -14.562523 -54.938885
v 88.021461 -27.962679 -58.556099
v 87.524834 -14.562518 -57.438900
v 91.000862 -27.962679 -53.821693
v 91.497482 -14.562523 -54.938885
v 88.021461 -27.962679 -57.740356
v 88.209328 -43.662369 -56.391411
v 89.341225 -40.766068 -55.038795
v 90.476212 -43.662369 -49.055965
v 95.496399 -35.583485 -44.293552
v 99.492546 -38.631683 -49.055969
v 95.496399 -41.679874 -52.867451
v 92.298187 -47.520046 -47.848785
v 96.509346 -49.760662 -49.565193
v 95.069107 -43.209251 -52.867451
v 92.298180 -29.685339 -47.848785
v 96.509346 -27.444727 -49.565193
v 95.069107 -33.996132 -63.748871
v 83.167580 -35.583488 -68.511284
v 79.171432 -38.631676 -63.748871
v 83.167580 -41.679874 -59.937389
v 86.365799 -47.520046 -64.956055
v 82.154633 -49.760658 -63.239647
v 83.594872 -43.209251 -59.937382
v 86.365799 -29.685339 -64.956047
v 82.154633 -27.444723 -63.239643
v 83.594872 -33.996132 -54.607788
v 90.837868 -43.415428 -55.243462
v 90.304474 -40.135269 -52.697487
v 92.440796 -40.921711 -52.526485
v 92.584290 -36.856136 -54.773426
v 90.698883 -38.653938 -52.526485
v 92.584290 -40.382782 -52.715652
v 92.425560 -36.259956 -55.256645
v 90.293411 -37.131042 -54.625950
v 90.822624 -33.766247 -54.711365
v 94.179291 -18.480551 -52.360931
v 94.227615 -19.721205 -57.083092
v 92.992165 -20.955702 -57.955112
v 91.136551 -27.926500 -58.819756
v 88.741127 -27.098902 -61.433506
v 88.489769 -26.658400 -60.509312
v 90.754654 -27.098911 -55.318272
v 92.053116 -17.240355 -57.438084
v 91.003777 -19.477934 -52.910168
v 92.032715 -18.480539 -57.955112
v 91.136551 -27.926500 -59.532757
v 90.972588 -25.557396 -60.106934
v 89.518478 -23.202309 -57.438084
v 91.003777 -19.477934 -55.243763
v 90.881180 -20.996090 -55.338352
v 92.608391 -22.853924 -57.083092
v 92.992165 -20.955702 -58.095192
v 89.226791 -25.550678 0.103275
v 85.301247 -56.231041 54.782581
v 87.401505 -81.538826 65.400253
v 81.781921 -53.391376 55.017979
v 87.682022 -95.159698 54.549648
v 87.123924 -50.345322 55.141506
v 87.829277 -46.549030 60.415264
v 85.964828 -45.225365 60.415268
v 85.964821 -49.021652 55.225445
v 87.920174 -138.881546 61.092548
v 85.396530 -138.908417 55.068073
v 90.451660 -120.305801 54.996929
v 89.391838 -151.027527 55.148205
v 90.384430 -138.881546 54.584789
v 90.857193 -150.474640 53.477421
v 91.146042 -157.562378 53.329990
v 91.910095 -157.267929 55.181198
v 87.871986 -125.162849 55.160221
v 90.374344 -125.163696 53.886101
v 91.443459 -116.574951 55.136955
v 87.823799 -113.672012 59.784630
v 93.362732 -56.231041 58.022316
v 91.262466 -81.538826 61.515408
v 85.041702 -73.859863 61.092007
v 85.396980 -95.159691 47.404621
v 96.882057 -53.391384 51.289486
v 93.622269 -73.859863 51.712910
v 93.266975 -95.159691 57.786934
v 90.981934 -95.159691 58.255222
v 91.540054 -50.345322 52.389603
v 92.699158 -49.021656 57.663357
v 90.834702 -46.549030 52.389599
v 92.699158 -45.225365 57.588432
v 90.736275 -138.881531 50.395428
v 94.372482 -165.554626 59.873978
v 86.419037 -152.284790 56.099449
v 90.705772 -151.027527 56.593254
v 89.171890 -159.630890 54.108032
v 91.897583 -157.562363 57.628204
v 90.788216 -125.162842 61.093262
v 85.395927 -125.162895 61.093975
v 85.395332 -113.672012 51.710953
v 93.268623 -113.672005 57.667973
v 90.840149 -113.672005 48.028400
v 96.358643 -38.617470 51.934406
v 96.700378 -38.617474 52.276138
v 92.794365 -38.617470 53.765034
v 95.164299 -44.386734 53.484695
v 91.780266 -42.426270 58.184547
v 91.455887 -46.776440 56.402405
v 89.332016 -44.003925 62.604057
v 87.747475 -44.386730 59.320114
v 86.883766 -42.426270 64.776413
v 82.305389 -38.617466 64.434700
v 86.211380 -38.617470 60.528667
v 85.869667 -38.617466 62.323715
v 84.363441 -30.887741 62.595898
v 87.754318 -32.845425 59.320110
v 86.883766 -34.808670 56.402401
v 89.332024 -27.685984 58.184540
v 91.455887 -30.458496 56.402401
v 89.332016 -33.231010 50.481083
v 94.300591 -30.887743 53.773205
v 95.157440 -32.845428 53.484692
v 91.780266 -34.808670 56.642910
v 89.631844 -44.490284 55.038803
v 90.476212 -43.662415 56.391422
v 89.341232 -40.766113 49.055969
v 95.496407 -35.583530 49.055973
v 95.496407 -41.679920 44.293552
v 99.492554 -38.631733 52.867462
v 92.298187 -47.520092 53.781387
v 95.150574 -44.362823 47.848793
v 96.509354 -49.760715 52.867455
v 92.298187 -29.685383 49.565193
v 95.069115 -33.996178 47.848785
v 96.509354 -27.444771 63.748882
v 83.167587 -35.583530 63.748886
v 83.167587 -41.679920 68.511307
v 79.171440 -38.631718 59.937401
v 86.365799 -47.520092 62.587753
v 87.761154 -44.362816 64.956070
v 82.154633 -49.760704 59.937389
v 86.365807 -29.685379 64.956062
v 82.154648 -27.444763 60.089195
v 86.238434 -36.260006 59.833958
v 86.954239 -34.433582 58.178898
v 87.841362 -33.766293 57.544834
v 88.373405 -37.131088 53.455681
v 92.306252 -42.759838 52.697495
v 92.440804 -40.921761 55.243469
v 90.304482 -40.135315 52.526489
v 92.584297 -36.856182 52.139309
v 93.410812 -38.611263 52.526493
v 92.584297 -40.382828 54.773434
v 90.698883 -38.653984 60.278366
v 86.079697 -36.856182 61.159565
v 85.841919 -38.611256 60.278370
v 86.079697 -40.382824 58.028057
v 87.967934 -38.653980 59.843197
v 86.946487 -42.759834 60.107361
v 86.223190 -40.921753 57.558025
v 88.362335 -40.135311 52.715660
v 92.425560 -36.260002 53.464909
v 92.298500 -34.433582 54.625954
v 90.822632 -33.766289 55.256653
v 90.293419 -37.131088 48.370129
v 92.452637 -38.617474 50.481091
v 94.300591 -46.347198 50.200752
v 90.916557 -44.386734 56.402409
v 89.332016 -49.548958 54.620266
v 87.208145 -46.776443 62.323723
v 84.363441 -46.347195 59.039780
v 83.499733 -44.386734 60.870426
v 81.963638 -38.617474 59.031620
v 83.506577 -32.845425 54.620262
v 87.208153 -30.458496 50.208927
v 90.909698 -32.845428 57.740368
v 88.209335 -43.662415 56.148891
v 89.043098 -44.490288 50.217106
v 90.902840 -44.362823 49.565197
v 95.069115 -43.209301 59.023476
v 83.513420 -44.362820 63.239662
v 83.594879 -43.209293 63.239658
v 83.594879 -33.996174 59.339943
v 86.365494 -34.433586 54.607796
v 90.837875 -43.415474 52.961662
v 91.717506 -42.759838 51.645294
v 92.822067 -38.611263 60.665546
v 85.253174 -38.611259 58.197067
v 87.826118 -43.415466 59.349178
v 86.357742 -42.759834 52.970894
v 91.709755 -34.433582 54.257404
v 91.695328 -34.704128 57.479904
v 90.091850 -33.184036 59.921455
v 89.538063 -17.240404 59.862141
v 88.468002 -14.509768 62.712379
v 83.542664 -13.082235 55.179562
v 94.738091 -26.681358 57.120789
v 93.290222 -21.677156 55.441887
v 89.918625 -34.439217 62.177509
v 89.377266 -18.480600 57.699856
v 94.375366 -27.132273 59.550270
v 92.865021 -22.562296 62.194622
v 86.952896 -14.136961 54.160728
v 86.673164 -5.294774 54.885056
v 94.343124 -31.855787 58.513557
v 91.828049 -30.743698 57.546558
v 93.914978 -31.506817 62.694878
v 87.144379 -19.721247 58.590408
v 91.848701 -27.720327 60.245529
v 90.373055 -23.448145 60.376320
v 87.230690 -18.480589 56.010307
v 92.361832 -27.132273 57.978569
v 90.754150 -22.562292 60.366184
v 84.864029 -13.497953 55.342327
v 92.483940 -31.818169 58.114426
v 88.640671 -12.017066 58.411842
v 84.393074 -7.843299 58.740177
v 87.244034 -10.113368 57.378918
v 85.232475 -9.780318 56.852570
v 92.303734 -33.932152 59.355907
v 87.957565 -34.704128 56.849842
v 90.414848 -33.090900 54.379326
v 91.933502 -14.509763 49.052864
v 93.907799 -13.082232 61.433514
v 88.489777 -26.658440 57.115276
v 88.475601 -34.416912 54.711369
v 94.179298 -18.480591 60.509319
v 90.754662 -27.098949 52.487896
v 93.974236 -14.136968 56.844711
v 89.871803 -11.130650 55.893955
v 88.738739 -8.322686 61.528645
v 88.392265 -32.298721 58.200920
v 91.468613 -30.627514 60.173695
v 90.632378 -31.385979 52.360935
v 94.227623 -19.721247 57.955120
v 91.136559 -27.926542 52.910172
v 92.032722 -18.480579 58.819763
v 88.741135 -27.098942 50.756817
v 91.821037 -13.497952 54.496151
v 87.072899 -8.069497 59.162228
v 88.231087 -31.698059 55.449581
v 90.953476 -12.017052 51.210854
v 90.504005 -7.843297 53.971615
v 91.334480 -10.113358 52.226696
v 89.644241 -9.780313 59.128445
v 90.284401 -33.874790 59.532764
v 90.972595 -25.557436 60.106937
v 89.518494 -23.202349 55.338356
v 92.608398 -22.853964 55.318272
v 92.053123 -17.240393 57.438087
v 91.003792 -19.477972 59.521507
v 89.972473 -21.677137 58.622517
v 92.221642 -22.562292 55.903076
v 92.301285 -23.448137 56.696632
v 90.164253 -22.562284 57.083096
v 92.992172 -20.955740 58.095200
v 89.226807 -25.550718 55.243767
v 90.881187 -20.996130 61.007511
v 87.896812 24.511097 61.007515
v 87.896812 12.489622 58.556660
v 87.524384 -29.106434 58.556103
v 87.524849 -14.562555 57.384907
v 90.936523 12.489621 58.560875
v 87.520836 10.531141 61.166740
v 85.334251 26.469578 58.615463
v 85.046082 24.511097 58.542397
v 87.536339 22.552616 61.166744
v 85.334251 10.531150 58.615467
v 85.046082 12.489630 58.542397
v 87.536339 14.448103 54.992874
v 88.085808 12.489629 53.762310
v 93.976257 24.511095 53.762314
v 93.976257 12.489628 53.821144
v 91.497955 -29.106445 57.438908
v 91.000877 -27.962721 53.821693
v 91.497490 -14.562562 54.938931
v 88.021515 -14.614783 53.816906
v 91.501495 10.531140 51.211033
v 93.688080 26.469576 51.370266
v 91.125526 24.511095 53.834915
v 91.486389 22.552614 51.211037
v 93.688080 10.531147 51.370270
v 91.125526 12.489628 53.832809
v 91.512413 14.428539 54.938896
v 88.021469 -27.962721 57.438869
v 91.000824 -14.614783 54.938896
v 88.021469 -27.962721 58.556660
v 87.524384 -29.106434 58.556103
v 87.524849 -14.562555 54.938931
v 88.021515 -14.614783 58.556103
v 87.524849 -14.562555 58.556660
v 87.524384 -29.106434 57.438908
v 91.000877 -27.962721 57.438869
v 91.000824 -14.614783 54.938896
v 88.021469 -27.962721 54.938931
v 88.021515 -14.614783 53.821693
v 91.497490 -14.562562 53.821144
v 91.497955 -29.106445 53.821693
v 91.497490 -14.562562 57.438869
v 91.000824 -14.614783 57.438908
v 91.000877 -27.962721 53.821144
v 91.497955 -29.106445 51.934406
v 96.700378 -38.617474 64.434700
v 86.211380 -38.617470 62.595898
v 87.754318 -32.845425 53.773205
v 95.157440 -32.845428 48.370129
v 92.452637 -38.617474 60.870426
v 81.963638 -38.617474 59.031620
v 83.506577 -32.845425 50.208927
v 90.909698 -32.845428 58.556103
v 87.524849 -14.562555 57.438908
v 91.000877 -27.962721 53.821693
v 91.497490 -14.562562 54.938896
v 88.021469 -27.962721 58.556103
v 87.524849 -14.562555 57.438908
v 91.000877 -27.962721 53.821693
v 91.497490 -14.562562 54.938896
v 88.021469 -27.962721 57.740368
v 88.209335 -43.662415 56.391422
v 89.341232 -40.766113 55.038803
v 90.476212 -43.662415 49.055969
v 95.496407 -35.583530 44.293552
v 99.492554 -38.631733 49.055973
v 95.496407 -41.679920 52.867462
v 92.298187 -47.520092 47.848793
v 96.509354 -49.760715 49.565197
v 95.069115 -43.209301 52.867455
v 92.298187 -29.685383 47.848785
v 96.509354 -27.444771 49.565193
v 95.069115 -33.996178 63.748882
v 83.167587 -35.583530 68.511307
v 79.171440 -38.631718 63.748886
v 83.167587 -41.679920 59.937401
v 86.365799 -47.520092 64.956070
v 82.154633 -49.760704 63.239662
v 83.594879 -43.209293 59.937389
v 86.365807 -29.685379 64.956062
v 82.154648 -27.444763 63.239658
v 83.594879 -33.996174 54.607796
v 90.837875 -43.415474 55.243469
v 90.304482 -40.135315 52.697495
v 92.440804 -40.921761 52.526489
v 92.584297 -36.856182 54.773434
v 90.698883 -38.653984 52.526493
v 92.584297 -40.382828 52.715660
v 92.425560 -36.260002 55.256653
v 90.293419 -37.131088 54.625954
v 90.822632 -33.766289 54.711369
v 94.179298 -18.480591 52.360935
v 94.227623 -19.721247 57.083096
v 92.992172 -20.955740 57.955120
v 91.136559 -27.926542 58.819763
v 88.741135 -27.098942 61.433514
v 88.489777 -26.658440 60.509319
v 90.754662 -27.098949 55.318272
v 92.053123 -17.240393 57.438087
v 91.003792 -19.477972 52.910172
v 92.032722 -18.480579 57.955120
v 91.136559 -27.926542 59.532764
v 90.972595 -25.557436 60.106937
v 89.518494 -23.202349 57.438087
v 91.003792 -19.477972 55.243767
v 90.881187 -20.996130 55.338356
v 92.608398 -22.853964 57.083096
v 92.992172 -20.955740 58.095200
v 89.226807 -25.550718 0.103275
v 142.155533 3.538659 26.074095
v 137.045868 2.368553 25.520779
v 131.584946 1.707358 23.580585
v 126.262459 0.846217 26.378511
v 125.407608 3.538463 27.456690
v 131.347595 3.538539 27.223289
v 136.694717 3.538593 24.924900
v 137.396988 3.538580 23.584881
v 131.822220 3.538510 20.782660
v 127.117264 3.538448 21.644405
v 124.330368 0.361990 18.821232
v 126.159409 3.538425 24.970501
v 123.386185 3.538435 26.074091
v 137.045837 4.708614 25.520767
v 131.584869 5.369687 23.580587
v 126.262375 6.230695 21.644402
v 124.330276 6.714855 -29.064831
v 142.155533 3.538562 -26.074091
v 137.045868 2.368477 -25.520779
v 131.584930 1.707299 -23.580585
v 126.262451 0.846175 -26.378510
v 125.407616 3.538419 -27.456690
v 131.347595 3.538476 -27.223288
v 136.694733 3.538513 -24.924900
v 137.397003 3.538504 -23.584877
v 131.822235 3.538452 -20.782658
v 127.117264 3.538409 -21.644402
v 124.330360 0.361956 -18.821232
v 126.159409 3.538392 -24.970501
v 123.386185 3.538398 -26.074091
v 137.045853 4.708538 -25.520767
v 131.584885 5.369627 -23.580584
v 126.262390 6.230651 -21.644402
v 124.330292 6.714822 10.548018
v 93.521202 -6.153287 12.172139
v 93.521690 -0.115428 7.164211
v 93.521996 9.264591 11.198528
v 93.521812 6.242103 12.185424
v 120.800537 -0.062628 11.323978
v 101.700989 -6.038973 10.554217
v 116.708168 11.530755 14.162512
v 109.418060 -0.038254 14.157501
v 109.281784 7.361278 10.298694
v 115.936897 -6.442534 12.734382
v 122.658905 4.780288 16.915592
v 120.200409 -0.122040 5.665678
v 116.455902 -8.293176 7.065721
v 101.700981 -9.912378 5.829044
v 122.759491 -3.326608 9.570623
v 126.042404 5.005283 6.807584
v 125.253784 8.907274 15.467834
v 115.217133 -3.790881 9.227052
v 109.272461 11.224444 12.805082
v 101.701019 -0.019882 12.371363
v 101.701981 6.911468 7.981659
v 109.714989 -10.291039 12.806612
v 109.648804 -6.349104 7.774618
v 101.701965 9.961273 8.874731
v 125.087593 0.437945 6.136407
v 121.946953 10.591257 14.428490
v 109.536392 -3.603550 13.152655
v 108.962875 9.016705 10.185441
v 101.701981 8.972237 1.862318
v 122.372772 -4.785490 11.805152
v 121.600906 8.796487 0.000000
v 109.722000 -12.290558 6.383982
v 93.520851 -9.668797 -0.000000
v 116.558014 -9.342038 14.999165
v 115.388550 10.474890 -0.000000
v 122.150452 -5.396771 17.654917
v 121.246475 4.465939 16.968204
v 120.245483 8.328474 0.000000
v 117.228996 12.389091 0.000000
v 101.700966 -11.773544 22.011654
v 106.838852 0.121888 21.957111
v 106.707512 6.841108 24.818291
v 110.724525 9.497617 24.727192
v 111.001816 -2.707720 27.126278
v 115.177826 0.010988 27.182514
v 115.243637 6.875110 14.915049
v 109.749657 7.412667 18.645161
v 113.998642 9.914740 14.650734
v 109.994125 0.158395 18.640348
v 114.082596 -2.869714 21.667099
v 118.515945 7.364195 21.533524
v 118.464699 -0.035290 28.039507
v 103.616928 6.144685 28.232893
v 103.764000 0.406577 33.137093
v 111.676941 6.043912 30.670488
v 107.721016 -1.840574 45.882301
v 92.817703 5.244276 48.244183
v 96.572601 7.523664 45.627777
v 92.772934 -0.186886 50.570660
v 100.195786 5.669724 48.018623
v 96.520889 -3.087258 32.970795
v 111.517014 0.176504 50.401749
v 100.354187 -0.972024 29.871996
v 108.091927 8.636666 30.466570
v 102.176994 5.885153 35.256195
v 110.275978 6.031023 33.851318
v 105.701004 8.416401 31.771591
v 106.961990 8.661044 35.132015
v 110.078003 0.108913 32.968906
v 106.254990 -1.952997 30.568031
v 102.282997 0.352623 35.602184
v 98.507622 -0.422746 38.209007
v 102.814034 -3.251522 40.890602
v 106.899002 -0.881297 40.991215
v 106.862015 6.127737 38.138641
v 102.794876 8.738907 35.578003
v 98.507301 5.749510 22.015402
v 118.978943 4.008551 46.296009
v 103.179420 -0.931253 43.955029
v 99.126617 -3.155365 41.608475
v 95.071106 -0.282626 46.292324
v 103.173012 5.872654 43.962467
v 99.208191 8.035467 41.654774
v 95.151123 5.452886 15.068624
v 115.462051 10.465773 15.016047
v 115.283722 10.444824 -0.000001
v 109.286995 12.417958 -0.000000
v 124.895004 10.563902 0.000000
v 123.420006 1.950670 -0.000000
v 93.520721 -11.131724 -0.000001
v 92.640038 10.234795 -0.000001
v 101.699081 11.137057 15.053285
v 113.809982 -13.235978 16.099283
v 116.000343 -10.391343 14.765962
v 115.573555 -10.069754 16.605541
v 114.695183 -10.069755 26.849298
v 110.668633 -8.482595 25.251339
v 113.686661 -6.878315 24.167259
v 112.775650 -7.119561 25.701380
v 112.876343 -5.780931 33.339706
v 114.206703 3.538387 31.168354
v 117.362152 3.538407 30.365986
v 116.089027 2.498964 28.433191
v 116.700737 1.928779 28.546406
v 119.065414 3.538410 22.099377
v 113.779785 -5.925124 23.906906
v 115.353363 -5.462931 24.941212
v 113.709923 -4.119977 16.758034
v 117.371681 -7.480958 14.297478
v 116.391243 -7.485899 17.555359
v 114.847916 -7.432049 15.053273
v 113.809456 20.312500 16.099165
v 115.999710 17.467932 14.765987
v 115.573189 17.146313 16.605518
v 114.694717 17.146311 26.849293
v 110.668259 15.559202 25.251329
v 113.686325 13.954966 24.167244
v 112.775322 14.196181 25.701378
v 112.876068 12.857572 30.365988
v 116.088997 4.577811 28.433197
v 116.700691 5.147985 22.099367
v 113.779495 13.001738 23.906906
v 115.353088 12.539600 24.941216
v 113.709686 11.196625 16.758034
v 117.384644 14.556261 14.297459
v 116.390869 14.562465 17.555283
v 114.847450 14.508618 14.731192
v 85.262817 -6.463826 17.975077
v 83.386475 -6.639905 15.961449
v 86.394524 -5.387452 12.672115
v 85.859467 -6.315328 13.529967
v 87.941154 -4.174383 15.703539
v 84.920494 -4.078402 14.177834
v 85.329361 -2.621385 -10.548017
v 93.521202 -6.153296 -12.172142
v 93.521690 -0.115429 -7.164211
v 93.522003 9.264594 -11.198529
v 93.521812 6.242102 -12.185420
v 120.811943 -0.049795 -11.323977
v 101.700989 -6.038977 -10.554215
v 116.683662 11.528098 -14.162513
v 109.421173 -0.045711 -14.157501
v 109.277100 7.353680 -10.298690
v 115.960274 -6.446786 -12.734373
v 122.651619 4.800362 -16.915588
v 120.205658 -0.115445 -5.665674
v 116.473602 -8.296696 -7.065720
v 101.700981 -9.912380 -5.829041
v 122.759491 -3.326611 -9.570621
v 126.041588 5.008288 -6.807584
v 125.236732 8.925320 -15.467831
v 115.226196 -3.792596 -9.227047
v 109.272461 11.224441 -12.805082
v 101.701019 -0.019882 -12.371362
v 101.701981 6.911468 -7.981658
v 109.714989 -10.291039 -12.806607
v 109.648804 -6.349102 -7.774618
v 101.701965 9.961274 -8.874726
v 125.093323 0.453516 -6.136407
v 121.920647 10.601768 -14.428486
v 109.543274 -3.610837 -13.152653
v 108.956421 9.008543 -10.185442
v 101.701981 8.972237 -1.862316
v 122.372757 -4.785489 -11.805147
v 121.578125 8.811867 -6.383972
v 93.520851 -9.668803 -14.999164
v 115.380875 10.473665 -17.654915
v 121.243752 4.474540 -16.968208
v 120.236038 8.335151 -22.011650
v 106.838814 0.121950 -21.957108
v 106.707573 6.841169 -24.818333
v 110.724709 9.497610 -24.727188
v 111.001717 -2.707721 -27.126276
v 115.177788 0.010923 -27.182516
v 115.243698 6.875037 -14.915046
v 109.744888 7.405716 -18.645157
v 113.972206 9.908172 -14.650737
v 109.997032 0.151624 -18.640352
v 114.104362 -2.875892 -21.667097
v 118.509583 7.368775 -21.533522
v 118.468903 -0.030815 -28.039515
v 103.616974 6.144711 -28.232893
v 103.763992 0.406604 -33.137093
v 111.676971 6.043878 -30.670488
v 107.721001 -1.840578 -45.882301
v 92.817703 5.244267 -48.244202
v 96.572594 7.523664 -45.627773
v 92.772942 -0.186895 -50.570667
v 100.195778 5.669730 -48.018616
v 96.520905 -3.087257 -32.970787
v 111.516991 0.176471 -50.401749
v 100.354187 -0.972016 -29.871998
v 108.091949 8.636660 -30.466576
v 102.177002 5.885158 -35.256195
v 110.275986 6.031012 -33.851318
v 105.701019 8.416400 -31.771587
v 106.961998 8.661043 -35.132004
v 110.077995 0.108905 -32.968891
v 106.254990 -1.952998 -30.568031
v 102.282997 0.352629 -35.602180
v 98.507622 -0.422747 -38.208965
v 102.814011 -3.251520 -40.890602
v 106.899002 -0.881292 -40.991219
v 106.862015 6.127741 -38.138699
v 102.794960 8.738905 -35.578011
v 98.507301 5.749503 -22.015406
v 118.977364 4.013869 -46.296005
v 103.179405 -0.931247 -43.955067
v 99.126732 -3.155365 -41.608467
v 95.071106 -0.282633 -46.292332
v 103.173012 5.872658 -43.962494
v 99.208191 8.035469 -41.654778
v 95.151115 5.452880 -15.068622
v 115.454376 10.464627 -15.016043
v 115.276077 10.443496 -15.053271
v 113.809731 -13.235936 -16.099234
v 116.000046 -10.391346 -14.765969
v 115.573395 -10.069731 -16.605528
v 114.694962 -10.069742 -26.849300
v 110.668449 -8.482609 -25.251331
v 113.686508 -6.878350 -24.167248
v 112.775497 -7.119578 -25.701378
v 112.876213 -5.780958 -33.339706
v 114.206703 3.538288 -31.168352
v 117.362144 3.538289 -30.365986
v 116.089027 2.498864 -28.433191
v 116.700714 1.928686 -28.546406
v 119.065414 3.538288 -22.099369
v 113.779648 -5.925139 -23.906904
v 115.353241 -5.462978 -24.941208
v 113.709808 -4.120013 -16.758028
v 117.379654 -7.480140 -14.297476
v 116.391075 -7.485888 -17.555317
v 114.847672 -7.432041 -15.053279
v 113.809731 20.312519 -16.099239
v 116.000069 17.467915 -14.765972
v 115.573395 17.146318 -16.605520
v 114.694954 17.146320 -26.849304
v 110.668472 15.559182 -25.251333
v 113.686508 13.954927 -24.167248
v 112.775497 14.196157 -25.701378
v 112.876213 12.857537 -30.365988
v 116.089027 4.577713 -28.433191
v 116.700714 5.147891 -22.099373
v 113.779648 13.001718 -23.906904
v 115.353241 12.539556 -24.941216
v 113.709808 11.196590 -16.758030
v 117.379654 14.556718 -14.297432
v 116.390999 14.562466 -17.555309
v 114.847679 14.508621 12.125694
v 117.444153 -7.555436 28.021759
v 115.523361 -0.803605 25.171410
v 113.586250 -4.335183 29.141624
v 117.243256 3.538393 12.164434
v 121.476784 -7.004902 14.672796
v 127.641396 3.538414 13.817858
v 126.003456 -2.831324 25.239994
v 121.357910 -2.973958 25.957584
v 123.330406 3.538442 20.343676
v 126.618500 3.538441 19.646755
v 124.594467 -3.303686 22.732174
v 116.612724 -6.473423 17.503588
v 118.740265 -7.456859 15.751041
v 115.441330 -7.930340 20.575478
v 113.730415 -7.119318 24.758362
v 115.524490 -5.617068 27.391499
v 118.436989 -1.937144 28.310223
v 120.283173 3.538423 12.125699
v 117.443817 14.631989 28.021761
v 115.523232 7.880335 25.171410
v 113.586006 11.411826 12.164433
v 121.476463 14.081556 13.817861
v 126.003265 9.908100 25.239996
v 121.357712 10.050781 19.646755
v 124.594254 10.380512 22.732174
v 116.612419 13.550105 17.503586
v 118.739929 14.533519 15.751007
v 115.440918 15.006896 20.575449
v 113.730034 14.195904 24.758362
v 115.524216 12.693752 27.391502
v 118.436821 9.013934 -12.125713
v 117.444008 -7.555421 -28.021759
v 115.523300 -0.803680 -25.171410
v 113.586128 -4.335216 -29.141621
v 117.243256 3.538289 -12.164433
v 121.476631 -7.004939 -14.672792
v 127.641403 3.538288 -13.817858
v 126.003365 -2.831423 -25.239994
v 121.357819 -2.974079 -25.957579
v 123.330406 3.538288 -20.343672
v 126.618500 3.538289 -19.646759
v 124.594376 -3.303809 -22.732178
v 116.612572 -6.473469 -17.503588
v 118.740112 -7.456896 -15.751021
v 115.441139 -7.930325 -20.575468
v 113.730247 -7.119321 -24.758364
v 115.524368 -5.617120 -27.391499
v 118.436905 -1.937249 -28.310230
v 120.283173 3.538289 -12.125708
v 117.444016 14.631995 -28.021759
v 115.523300 7.880256 -25.171406
v 113.586128 11.411793 -12.164434
v 121.476631 14.081511 -13.817856
v 126.003365 9.907997 -25.239990
v 121.357819 10.050653 -19.646755
v 124.594376 10.380387 -22.732170
v 116.612579 13.550048 -17.503593
v 118.740112 14.533471 -15.751021
v 115.441132 15.006900 -20.575460
v 113.730232 14.195898 -24.758362
v 115.524368 12.693698 -27.391499
v 118.436905 9.013826 13.686522
v 90.696190 -0.114577 12.446539
v 90.494194 6.663110 8.556824
v 72.822311 -11.690462 20.056761
v 72.823990 0.153562 17.095419
v 72.824776 -7.724467 17.873285
v 72.820694 8.993922 14.722438
v 84.005646 7.435218 16.597452
v 84.006500 -0.030394 14.218324
v 84.005913 -6.778207 11.776049
v 90.486626 -6.401392 7.847422
v 90.045929 10.213452 6.858802
v 90.028458 -10.006469 10.582376
v 72.815254 15.045174 8.956377
v 84.004936 11.952726 7.128506
v 84.005760 -10.431295 3.807546
v 80.301849 -12.229225 11.661077
v 94.280312 -6.739557 13.456581
v 94.072182 -0.099649 7.920196
v 94.098480 10.086017 7.057640
v 95.228127 -10.620713 12.380227
v 94.280846 6.821148 4.117096
v 98.998634 -11.686433 -0.000000
v 90.027519 11.786713 -0.000001
v 93.389885 11.164673 0.000000
v 101.700943 -12.726984 22.624001
v 61.733067 0.295056 19.803091
v 61.728649 9.945051 9.620974
v 61.729736 -12.288738 11.573550
v 61.712311 16.588707 19.087036
v 61.732140 -8.537683 -0.000004
v 61.709534 18.581100 3.850189
v 90.028206 -11.396392 0.000000
v 94.208458 2.106299 0.000001
v 78.873268 -12.999669 0.000000
v 72.815231 16.546555 0.000000
v 95.226128 -13.161396 0.000000
v 86.643272 -11.898973 0.000000
v 88.232399 -12.313184 -0.000002
v 85.518082 13.309721 16.881363
v 83.713364 1.497555 19.588425
v 81.831024 3.340212 17.449186
v 84.986481 2.917244 15.099315
v 84.325050 0.446696 14.866028
v 86.689751 2.440322 16.436014
v 83.713371 4.096371 14.409667
v 84.325050 4.462869 12.418642
v 84.628944 10.069302 12.291304
v 82.726486 13.514828 11.976307
v 86.037697 11.368124 12.251454
v 85.295326 7.962243 11.121890
v 87.983086 8.956339 10.203609
v 85.140427 11.338653 8.821353
v 86.087387 9.919570 17.870621
v 76.204803 -6.196811 21.114510
v 74.328476 -6.372486 19.100876
v 77.336502 -5.114275 15.811546
v 76.801453 -6.047942 16.669395
v 78.883148 -3.893932 18.842968
v 75.862488 -3.790244 17.317261
v 76.271355 -2.315233 19.555079
v 74.842903 2.888563 22.281321
v 72.960594 4.741396 20.138195
v 76.116013 4.336946 17.761944
v 75.454590 1.836295 17.550337
v 77.819290 3.877467 19.137451
v 74.842903 5.558129 17.115250
v 75.454590 5.959664 13.518262
v 76.582367 12.506494 13.491446
v 75.110214 16.354349 13.020878
v 78.131119 13.666241 13.311493
v 76.971901 10.239386 12.069755
v 79.724716 10.912603 11.289195
v 77.156372 13.783462 9.859673
v 77.860748 12.198962 -13.686522
v 90.696205 -0.114577 -12.446531
v 90.494202 6.663106 -8.556814
v 72.822311 -11.690465 -20.056755
v 72.823990 0.153561 -17.095421
v 72.824783 -7.724465 -17.873285
v 72.820709 8.993927 -14.722443
v 84.005630 7.435225 -16.597454
v 84.006500 -0.030394 -14.218324
v 84.005928 -6.778208 -11.776041
v 90.486626 -6.401406 -7.847418
v 90.045929 10.213449 -6.858796
v 90.028458 -10.006473 -10.582389
v 72.815262 15.045181 -8.956377
v 84.004944 11.952734 -7.128499
v 84.005760 -10.431302 -3.807549
v 80.301849 -12.229228 -11.661075
v 94.280312 -6.739563 -13.456578
v 94.072182 -0.099650 -7.920201
v 94.098473 10.086016 -7.057632
v 95.228127 -10.620719 -12.380227
v 94.280846 6.821149 -4.117098
v 98.998634 -11.686433 -22.624004
v 61.733070 0.295025 -19.803093
v 61.728642 9.945055 -9.620981
v 61.729752 -12.288743 -11.573546
v 61.712322 16.588703 -19.087042
v 61.732147 -8.537680 -3.850183
v 90.028206 -11.396393 -14.731195
v 85.262817 -6.459427 -17.975071
v 83.386467 -6.634089 -15.961444
v 86.394516 -5.382431 -12.672116
v 85.859467 -6.311296 -13.529967
v 87.941154 -4.170583 -15.703542
v 84.920517 -4.066556 -14.177829
v 85.329353 -2.604512 -16.881367
v 83.713356 1.497543 -19.588415
v 81.831055 3.340219 -17.449186
v 84.986488 2.917241 -15.099315
v 84.325050 0.446697 -14.866025
v 86.689751 2.440329 -16.436012
v 83.713371 4.096365 -14.409667
v 84.325043 4.462869 -12.418645
v 84.628944 10.069296 -12.291299
v 82.726501 13.514824 -11.976304
v 86.037727 11.368127 -12.251452
v 85.295341 7.962242 -11.121887
v 87.983086 8.956334 -10.203600
v 85.140427 11.338654 -8.821357
v 86.087395 9.919565 -17.870621
v 76.204803 -6.196806 -21.114498
v 74.328468 -6.372489 -19.100872
v 77.336502 -5.114281 -15.811539
v 76.801445 -6.047951 -16.669395
v 78.883141 -3.893929 -18.842968
v 75.862503 -3.790251 -17.317261
v 76.271362 -2.315233 -19.555077
v 74.842903 2.888573 -22.281328
v 72.960594 4.741398 -20.138199
v 76.116020 4.336947 -17.761942
v 75.454597 1.836296 -17.550333
v 77.819290 3.877465 -19.137461
v 74.842918 5.558130 -17.115244
v 75.454590 5.959656 -13.518265
v 76.582367 12.506494 -13.491448
v 75.110222 16.354372 -13.020874
v 78.131119 13.666246 -13.311491
v 76.971893 10.239389 -12.069752
v 79.724716 10.912605 -11.289193
v 77.156372 13.783463 -9.859674
v 77.860779 12.198968 15.075500
v 84.042206 -0.614796 1.371491
v 74.610397 0.136287 10.910299
v 76.655090 8.521338 1.938809
v 77.910194 9.880569 13.345002
v 79.907600 -6.211669 15.741698
v 80.998001 -0.576989 18.311310
v 64.519905 -0.713562 15.573407
v 63.869503 -6.401240 8.044942
v 77.878998 -8.907753 9.918674
v 63.519791 -9.464028 7.529514
v 81.113609 -8.723485 4.786115
v 64.638306 9.500583 3.144532
v 74.703102 8.363451 14.284504
v 82.992119 5.280504 15.052105
v 79.977997 4.846971 2.565267
v 63.116009 1.097315 3.767089
v 63.051395 -6.360098 2.426579
v 75.596909 -6.707211 5.815869
v 53.147697 -5.593225 10.972398
v 54.012691 -7.932433 6.888585
v 52.214592 8.563618 4.385412
v 51.866100 1.986148 13.286408
v 52.648197 8.391023 17.352810
v 53.050587 4.270626 15.854512
v 54.045296 -5.114187 4.802040
v 48.839382 2.055409 6.158776
v 49.576500 -5.313155 16.360603
v 50.761795 -4.877598 7.105896
v 50.121689 8.684619 13.619905
v 50.413193 8.493367 12.707005
v 65.314117 9.321417 11.408501
v 50.064201 -7.621338 17.827002
v 50.163994 2.670468 15.545590
v 39.438496 10.718120 20.219303
v 39.115208 3.868045 11.768799
v 46.406200 -6.447543 6.905748
v 46.646797 -4.427224 16.484699
v 47.475288 -3.678399 7.254477
v 22.091631 3.989599 9.779007
v 22.092703 -2.668100 4.905759
v 37.495205 3.424956 7.938615
v 39.078892 11.005160 20.712112
v 22.094412 4.781415 19.161631
v 22.093704 -2.289405 14.499184
v 22.093195 -4.422222 17.201147
v 22.093637 10.735680 9.783196
v 22.091934 10.548280 9.987768
v 79.829803 9.490898 17.359802
v 75.184601 -0.999210 16.584105
v 74.913101 4.672160 17.575708
v 64.805298 5.004914 17.632507
v 53.229397 0.067281 14.466301
v 74.639000 -6.593149 8.630108
v 73.710014 -9.677942 2.764091
v 72.361603 -6.598611 1.700702
v 71.915390 0.513746 12.756096
v 82.886391 -6.209879 9.263860
v 81.988609 10.022284 10.739097
v 88.234489 -6.439496 11.350614
v 88.243881 4.833230 0.000000
v 88.232391 -10.690310 0.000001
v 75.506500 -7.189906 0.000005
v 78.855492 -9.105406 -0.000005
v 83.047218 -10.379713 0.000001
v 74.764000 0.083015 -0.000000
v 88.254013 8.786376 -0.000001
v 76.255096 5.822256 0.000001
v 81.839890 10.643880 -15.075504
v 84.042236 -0.614798 -1.371491
v 74.610413 0.136271 -10.910303
v 76.655075 8.521345 -1.938812
v 77.910194 9.880567 -13.345003
v 79.907593 -6.211677 -15.741705
v 80.997986 -0.576993 -18.311308
v 64.519882 -0.713564 -15.573406
v 63.869518 -6.401241 -8.044941
v 77.879028 -8.907755 -9.918671
v 63.519833 -9.464029 -7.529514
v 81.113617 -8.723485 -4.786119
v 64.638290 9.500588 -3.144531
v 74.703094 8.363457 -14.284505
v 82.992119 5.280506 -15.052107
v 79.977951 4.846971 -2.565265
v 63.116001 1.097316 -3.767081
v 63.051437 -6.360103 -2.426578
v 75.596916 -6.707214 -5.815869
v 53.147671 -5.593225 -10.972417
v 54.012661 -7.932428 -6.888586
v 52.214615 8.563622 -4.385412
v 51.866096 1.986162 -13.286407
v 52.648232 8.391019 -17.352804
v 53.050613 4.270630 -15.854506
v 54.045292 -5.114186 -4.802043
v 48.839371 2.055413 -6.158783
v 49.576447 -5.313152 -16.360605
v 50.761784 -4.877598 -7.105896
v 50.121727 8.684617 -13.619902
v 50.413246 8.493363 -12.707012
v 65.314064 9.321421 -11.408508
v 50.064163 -7.621336 -17.826998
v 50.164040 2.670469 -15.545587
v 39.438660 10.718110 -20.219292
v 39.115311 3.868035 -11.768809
v 46.406139 -6.447541 -6.905752
v 46.646744 -4.427223 -16.484703
v 47.475288 -3.678398 -7.254478
v 22.091591 3.989608 -9.779017
v 22.092623 -2.668097 -4.905765
v 37.495148 3.424973 -7.938611
v 39.078979 11.005158 -20.712107
v 22.094477 4.781404 -19.161634
v 22.093679 -2.289398 -14.499191
v 22.093130 -4.422218 -17.201141
v 22.093729 10.735672 -9.783192
v 22.091980 10.548283 -9.987772
v 79.829781 9.490898 -17.359804
v 75.184593 -0.999211 -16.584106
v 74.913086 4.672157 -17.575708
v 64.805244 5.004914 -17.632505
v 53.229412 0.067262 -14.466304
v 74.639000 -6.593152 -8.630102
v 73.710045 -9.677945 -2.764097
v 72.361641 -6.598614 -1.700702
v 71.915405 0.513762 -12.756101
v 82.886406 -6.209883 -9.263862
v 81.988579 10.022283 -10.739100
v 88.234512 -6.439500 -11.350614
v 88.243881 4.833230 27.456690
v 131.347595 3.538539 27.223289
v 136.694717 3.538593 24.924900
v 137.396988 3.538580 23.584881
v 131.822220 3.538510 26.378511
v 125.407608 3.538463 29.064831
v 142.155533 3.538659 20.782660
v 127.117264 3.538448 18.821232
v 126.159409 3.538425 24.970501
v 123.386185 3.538435 -27.223288
v 136.694733 3.538513 -27.456690
v 131.347595 3.538476 -24.924900
v 137.397003 3.538504 -23.584877
v 131.822235 3.538452 -26.378510
v 125.407616 3.538419 -29.064831
v 142.155533 3.538562 -20.782658
v 127.117264 3.538409 -18.821232
v 126.159409 3.538392 -24.970501
v 123.386185 3.538398 12.734382
v 122.658905 4.780288 9.570623
v 126.042404 5.005283 12.371363
v 101.701981 6.911468 14.157501
v 109.281784 7.361278 11.198528
v 93.521812 6.242103 -0.000000
v 122.150452 -5.396771 1.862318
v 122.372772 -4.785490 17.654917
v 121.246475 4.465939 14.157501
v 109.281784 7.361278 14.162512
v 109.418060 -0.038254 15.467834
v 115.217133 -3.790881 16.968204
v 120.245483 8.328474 15.068624
v 115.462051 10.465773 16.915592
v 120.200409 -0.122040 17.654917
v 121.246475 4.465939 14.915049
v 109.749657 7.412667 21.957111
v 106.707512 6.841108 28.039507
v 103.616928 6.144685 41.654774
v 95.151123 5.452886 35.578003
v 98.507301 5.749510 30.466570
v 102.176994 5.885153 45.882301
v 92.817703 5.244276 15.016047
v 115.283722 10.444824 14.157501
v 109.281784 7.361278 33.339706
v 114.206703 3.538387 31.168354
v 117.362152 3.538407 28.546406
v 119.065414 3.538410 17.975077
v 83.386475 -6.639905 15.961449
v 86.394524 -5.387452 13.529967
v 87.941154 -4.174383 -0.000001
v 109.286995 12.417958 -0.000001
v 101.699081 11.137057 -12.734373
v 122.651619 4.800362 -0.000000
v 122.150452 -5.396771 0.000000
v 101.700966 -11.773544 0.000000
v 109.722000 -12.290558 0.000000
v 117.228996 12.389091 -0.000001
v 92.640038 10.234795 -0.000000
v 124.895004 10.563902 -0.000000
v 116.558014 -9.342038 -9.570621
v 126.041588 5.008288 -12.371362
v 101.701981 6.911468 -14.157501
v 109.277100 7.353680 -11.198529
v 93.521812 6.242102 -0.000000
v 122.150452 -5.396771 -1.862316
v 122.372757 -4.785489 0.000000
v 123.420006 1.950670 -0.000000
v 93.520721 -11.131724 -17.654915
v 121.243752 4.474540 -14.157501
v 109.277100 7.353680 -14.162513
v 109.421173 -0.045711 -15.467831
v 115.226196 -3.792596 -15.068622
v 115.454376 10.464627 -16.968208
v 120.236038 8.335151 -16.915588
v 120.205658 -0.115445 -17.654915
v 121.243752 4.474540 -14.915046
v 109.744888 7.405716 -21.957108
v 106.707573 6.841169 -28.039515
v 103.616974 6.144711 -41.654778
v 95.151115 5.452880 -35.578011
v 98.507301 5.749503 -30.466576
v 102.177002 5.885158 -45.882301
v 92.817703 5.244267 -15.016043
v 115.276077 10.443496 -14.157501
v 109.277100 7.353680 -31.168352
v 117.362144 3.538289 -33.339706
v 114.206703 3.538288 -28.546406
v 119.065414 3.538288 25.957584
v 123.330406 3.538442 20.343676
v 126.618500 3.538441 14.672796
v 127.641396 3.538414 28.310223
v 120.283173 3.538423 29.141624
v 117.243256 3.538393 -20.343672
v 126.618500 3.538289 -25.957579
v 123.330406 3.538288 -14.672792
v 127.641403 3.538288 -28.310230
v 120.283173 3.538289 -29.141621
v 117.243256 3.538289 20.056761
v 72.823990 0.153562 16.597452
v 84.006500 -0.030394 13.686522
v 90.696190 -0.114577 13.456581
v 94.072182 -0.099649 12.380227
v 94.280846 6.821148 7.920196
v 94.098480 10.086017 -0.000001
v 93.389885 11.164673 11.661077
v 94.280312 -6.739557 13.456581
v 94.072182 -0.099649 7.057640
v 95.228127 -10.620713 22.624001
v 61.733067 0.295056 19.588425
v 81.831024 3.340212 17.449186
v 84.986481 2.917244 14.866028
v 86.689751 2.440322 12.291304
v 82.726486 13.514828 11.976307
v 86.037697 11.368124 11.121890
v 87.983086 8.956339 21.114510
v 74.328476 -6.372486 19.100876
v 77.336502 -5.114275 16.669395
v 78.883148 -3.893932 22.281321
v 72.960594 4.741396 20.138195
v 76.116013 4.336946 17.550337
v 77.819290 3.877467 13.491446
v 75.110214 16.354349 13.020878
v 78.131119 13.666241 12.069755
v 79.724716 10.912603 -20.056755
v 72.823990 0.153561 -16.597454
v 84.006500 -0.030394 -13.686522
v 90.696205 -0.114577 -0.000000
v 90.027519 11.786713 0.000000
v 95.226128 -13.161396 -0.000001
v 93.389885 11.164673 -13.456578
v 94.072182 -0.099650 -0.000002
v 85.518082 13.309721 0.000000
v 72.815231 16.546555 0.000000
v 101.700943 -12.726984 -0.000004
v 61.709534 18.581100 -12.380227
v 94.280846 6.821149 -7.920201
v 94.098473 10.086016 0.000000
v 94.208458 2.106299 -0.000001
v 93.389885 11.164673 -11.661075
v 94.280312 -6.739563 -13.456578
v 94.072182 -0.099650 -7.057632
v 95.228127 -10.620719 -22.624004
v 61.733070 0.295025 0.000000
v 86.643272 -11.898973 0.000001
v 78.873268 -12.999669 0.000000
v 88.232399 -12.313184 -15.961444
v 86.394516 -5.382431 -17.975071
v 83.386467 -6.634089 -13.529967
v 87.941154 -4.170583 -17.449186
v 84.986488 2.917241 -19.588415
v 81.831055 3.340219 -14.866025
v 86.689751 2.440329 -11.976304
v 86.037727 11.368127 -12.291299
v 82.726501 13.514824 -11.121887
v 87.983086 8.956334 -19.100872
v 77.336502 -5.114281 -21.114498
v 74.328468 -6.372489 -16.669395
v 78.883141 -3.893929 -20.138199
v 76.116020 4.336947 -22.281328
v 72.960594 4.741398 -17.550333
v 77.819290 3.877465 -13.020874
v 78.131119 13.666246 -13.491448
v 75.110222 16.354372 -12.069752
v 79.724716 10.912605 1.371491
v 74.610397 0.136287 4.385412
v 51.866100 1.986148 4.802040
v 48.839382 2.055409 4.905759
v 37.495205 3.424956 2.565267
v 63.116009 1.097315 1.700702
v 71.915390 0.513746 7.254477
v 22.091631 3.989599 0.000001
v 74.764000 0.083015 0.000001
v 74.764000 0.083015 -0.000001
v 76.255096 5.822256 -1.371491
v 74.610413 0.136271 -4.385412
v 51.866096 1.986162 -4.802043
v 48.839371 2.055413 -4.905765
v 37.495148 3.424973 -2.565265
v 63.116001 1.097316 -1.700702
v 71.915405 0.513762 -7.254478
v 22.091591 3.989608 0.000001
v 75.506500 -7.189906 0.000001
v 74.764000 0.083015 0.000005
v 78.855492 -9.105406 -0.000005
v 83.047218 -10.379713 0.000001
v 81.839890 10.643880 0.000000
v 88.232391 -10.690310 -0.000000
v 88.254013 8.786376 0.281342
v 180.589386 -9.441339 7.856133
v 180.589386 -6.257551 9.796422
v 180.589355 -0.214163 9.796419
v 180.589386 4.856268 7.856115
v 180.589386 9.743403 4.359823
v 180.589386 12.939186 7.836029
v 175.492859 -15.144977 14.120046
v 175.492920 -11.055758 17.607401
v 175.492889 -2.477454 17.607397
v 175.492889 6.834249 14.120026
v 175.492889 15.810459 7.836022
v 175.492889 19.270800 9.696967
v 168.128204 -20.307505 17.473310
v 168.128204 -14.709633 21.788862
v 168.128204 -3.938003 21.788870
v 168.128235 7.863984 17.472996
v 168.113708 17.316330 9.696964
v 168.128235 23.460012 9.487828
v 159.267365 -20.455467 17.130703
v 160.616028 -14.834646 22.424269
v 160.616058 -4.185460 22.424273
v 160.616058 7.536702 18.647938
v 160.616028 17.081553 9.498742
v 160.043274 23.961187 9.540068
v 149.959045 -23.531300 19.671394
v 149.184998 -15.625712 24.565321
v 149.184998 -5.126345 24.565323
v 149.184967 7.880417 20.419180
v 149.184998 16.750513 10.530579
v 149.184998 24.782816 16.154495
v 140.778503 -19.421312 19.117239
v 137.581024 -14.546115 22.623390
v 138.531830 -5.299253 25.131752
v 140.047394 8.067848 20.747831
v 137.801270 16.491375 12.808344
v 136.791321 23.345551 6.038229
v 132.031677 -17.812609 15.919136
v 145.715729 -20.638981 13.878532
v 133.249908 -16.544662 18.420202
v 132.866028 -3.426369 19.188524
v 133.104309 7.445705 15.651454
v 121.709244 -6.778040 19.850819
v 126.080780 -4.770800 20.213783
v 127.022339 7.683793 16.641098
v 125.161652 13.161871 12.177103
v 120.029877 13.273842 8.280797
v 117.039986 -12.020760 6.149775
v 127.777412 -14.781099 12.493385
v 129.098785 -12.240691 18.732357
v 130.380707 -3.882390 19.184359
v 130.942581 7.189680 15.099231
v 129.926376 11.797184 9.570595
v 127.867004 16.206268 12.208420
v 132.732941 -14.226226 -0.000006
v 131.974304 -19.521902 15.247849
v 132.832977 11.807442 9.414452
v 132.119019 16.219215 11.613010
v 123.175827 17.728525 7.663383
v 119.985443 -15.722836 15.206242
v 123.051231 -11.200275 18.154873
v 122.308372 9.944111 17.730698
v 124.900558 6.830706 17.979511
v 124.103676 -4.171939 0.000003
v 127.334908 -15.905664 0.000004
v 180.589355 -10.582286 -0.000004
v 168.128204 25.894566 -0.000004
v 117.402992 14.306926 -0.000002
v 126.817291 17.348541 -0.000005
v 132.202240 17.519024 -0.000000
v 159.267395 -23.064613 -0.000011
v 149.184998 27.451441 -0.000003
v 152.061890 -25.563591 -0.000006
v 121.998077 18.746571 13.507271
v 134.603180 -18.371889 -4.359819
v 180.589386 -9.441341 -7.856132
v 180.589386 -6.257558 -9.796423
v 180.589386 -0.214163 -9.796426
v 180.589386 4.856273 -7.856125
v 180.589355 9.743391 -4.359830
v 180.589386 12.939182 -7.836030
v 175.492859 -15.144977 -14.120039
v 175.492889 -11.055759 -17.607405
v 175.492920 -2.477457 -17.607405
v 175.492889 6.834250 -14.120041
v 175.492828 15.810455 -7.836030
v 175.492828 19.270782 -9.696957
v 168.128204 -20.307510 -17.473320
v 168.128204 -14.709639 -21.788877
v 168.128174 -3.938009 -21.788876
v 168.128235 7.863985 -17.473007
v 168.113708 17.316319 -9.696963
v 168.128235 23.460011 -9.487830
v 159.267365 -20.455467 -17.130707
v 160.616028 -14.834646 -22.424280
v 160.615997 -4.185488 -22.424282
v 160.616028 7.536694 -18.647953
v 160.615997 17.081549 -9.498761
v 160.043243 23.961191 -9.540063
v 149.959045 -23.531303 -19.671387
v 149.184998 -15.625725 -24.565329
v 149.184998 -5.126361 -24.565329
v 149.184967 7.880421 -20.419188
v 149.184998 16.750511 -10.530592
v 149.184998 24.782808 -16.154495
v 140.778473 -19.421314 -19.117241
v 137.581024 -14.546123 -22.623398
v 138.531830 -5.299256 -25.131758
v 140.047394 8.067842 -20.747833
v 137.801239 16.491392 -12.808360
v 136.791290 23.345552 -6.038231
v 132.031677 -17.812613 -15.919128
v 145.715729 -20.638985 -13.878539
v 133.249908 -16.544662 -18.420197
v 132.866028 -3.426373 -19.188526
v 133.104309 7.445699 -15.651464
v 121.709236 -6.778043 -19.850819
v 126.080780 -4.770805 -20.213802
v 127.022331 7.683796 -16.641106
v 125.161644 13.161867 -12.177109
v 120.029877 13.273839 -8.280800
v 117.044014 -12.021056 -6.149774
v 127.777405 -14.781105 -12.493388
v 129.098801 -12.240694 -18.732361
v 130.380707 -3.882393 -19.184364
v 130.942581 7.189672 -15.099239
v 129.926376 11.797184 -9.570599
v 127.867004 16.206264 -12.208403
v 132.732910 -14.226229 -15.247850
v 132.832977 11.807441 -9.414450
v 132.119019 16.219200 0.000002
v 168.128235 -22.961052 -11.621396
v 123.175827 17.728531 -7.663387
v 119.999939 -15.721620 -15.206240
v 123.051231 -11.200276 -18.154881
v 122.308365 9.944113 -17.730696
v 124.900558 6.830701 -17.979511
v 124.103676 -4.171942 0.000000
v 119.209663 -17.038383 -0.000005
v 182.408325 2.371943 -0.000008
v 139.503601 27.225222 -0.000007
v 180.589386 14.085356 -0.000001
v 175.492859 -17.245066 -0.000013
v 160.043243 26.381861 -0.000000
v 114.777641 -13.396930 -0.000003
v 121.565422 0.529260 -0.000014
v 175.492889 21.151588 -13.507260
v 134.603180 -18.371895 -0.000010
v 142.985077 19.522848 3.135145
v 129.990585 -9.157996 7.543425
v 130.751709 -7.590277 2.659670
v 136.541840 -14.282366 14.441536
v 136.787659 -3.976143 15.490644
v 144.864685 -5.747529 5.045373
v 139.858124 -11.924324 3.002315
v 132.347443 -12.240778 13.198184
v 134.044739 -3.044309 3.128270
v 128.735138 -6.368920 4.892317
v 148.261414 -13.945566 8.391199
v 132.747986 -10.099616 6.344750
v 151.382751 -16.700663 10.205369
v 131.373383 -4.878176 14.743179
v 139.526123 -4.548425 8.782313
v 139.014008 -11.585524 14.378074
v 147.516205 -9.792691 13.383138
v 138.951294 -8.338048 12.116147
v 133.151764 -7.021479 8.328973
v 149.352051 -14.025833 11.760589
v 148.954681 -12.984577 0.000004
v 132.066132 -13.039771 0.000003
v 129.706543 -9.785262 13.230343
v 135.485931 -8.224886 8.753292
v 134.901367 -11.395264 6.702519
v 129.580704 -4.489282 10.098282
v 131.387344 -0.621529 -3.135150
v 129.990585 -9.157990 -7.543413
v 130.751709 -7.590281 -2.659661
v 136.541840 -14.282368 -14.441534
v 136.787659 -3.976143 -15.490651
v 144.864685 -5.747534 -5.045362
v 139.858124 -11.924323 -3.002308
v 132.347443 -12.240781 -13.198190
v 134.044739 -3.044311 -3.128263
v 128.735138 -6.368927 -4.892310
v 148.261414 -13.945566 0.000006
v 137.630646 -16.614843 -8.391190
v 132.747986 -10.099615 -6.344748
v 151.382751 -16.700665 -10.205369
v 131.373352 -4.878176 -14.743175
v 139.526123 -4.548442 -8.782309
v 139.014008 -11.585532 -14.378057
v 147.516205 -9.792699 -13.383129
v 138.951263 -8.338047 -12.116140
v 133.151764 -7.021482 -8.328978
v 149.352081 -14.025835 -11.760584
v 148.954681 -12.984576 0.000005
v 136.346161 -15.634862 0.000006
v 142.889252 -14.554974 0.000006
v 139.688965 -14.716730 -0.000000
v 151.548950 -17.542835 -0.000003
v 128.375336 -7.060987 -13.230334
v 135.485931 -8.224881 -8.753283
v 134.901337 -11.395265 -6.702526
v 129.580688 -4.489291 -10.098284
v 131.387344 -0.621532 -0.000001
v 147.721527 -16.476236 -6.409273
v 122.410454 13.318699 -29.755264
v 13.942795 26.941275 0.649215
v 121.527870 13.271235 -23.025646
v 105.434052 17.934895 -35.122406
v 84.786171 21.815666 -39.128483
v 61.407139 24.021273 -38.001366
v 38.969952 25.959621 -29.790157
v 38.642635 26.453920 -26.747921
v 60.298771 25.194162 -18.901257
v 82.130966 23.612217 -6.222499
v 100.990944 19.756161 -16.270206
v 125.828445 11.358814 6.409273
v 122.416534 13.316605 29.755264
v 13.942802 26.941275 -0.649216
v 121.527870 13.271236 23.025646
v 105.434052 17.934889 35.122406
v 84.786179 21.815662 39.128487
v 61.407143 24.021276 38.001362
v 38.969948 25.959616 29.790157
v 38.642639 26.453920 26.747921
v 60.298771 25.194160 18.901257
v 82.130966 23.612221 6.222499
v 100.990944 19.756168 16.270203
v 125.828445 11.358811 -0.000003
v 152.061890 -25.563591 9.540068
v 149.959045 -23.531300 15.919136
v 145.715729 -20.638981 16.154495
v 140.778503 -19.421312 13.507271
v 134.603180 -18.371889 13.878532
v 133.249908 -16.544662 12.208420
v 132.732941 -14.226226 6.038229
v 132.031677 -17.812609 12.208420
v 132.732941 -14.226226 18.420202
v 132.866028 -3.426369 19.188524
v 133.104309 7.445705 15.247849
v 132.832977 11.807442 9.414452
v 132.119019 16.219215 -0.000005
v 132.202240 17.519024 -0.000006
v 131.974304 -19.521902 12.177103
v 120.029877 13.273842 18.154873
v 122.308372 9.944111 -0.000004
v 117.402992 14.306926 8.280797
v 117.039986 -12.020760 -0.000000
v 114.777641 -13.396930 15.651454
v 121.709244 -6.778040 17.979511
v 124.103676 -4.171939 17.730698
v 124.900558 6.830706 -0.000010
v 142.985077 19.522848 -9.540063
v 149.959045 -23.531303 -0.000003
v 152.061890 -25.563591 -15.919128
v 145.715729 -20.638985 -13.507260
v 134.603180 -18.371895 -16.154495
v 140.778473 -19.421314 -0.000006
v 131.974304 -19.521902 -13.878539
v 133.249908 -16.544662 -12.208403
v 132.732910 -14.226229 -6.038231
v 132.031677 -17.812613 -12.208403
v 132.732910 -14.226229 -18.420197
v 132.866028 -3.426373 -19.188526
v 133.104309 7.445699 -15.247850
v 132.832977 11.807441 -9.414450
v 132.119019 16.219200 -0.000003
v 121.565422 0.529260 -0.000004
v 117.402992 14.306926 -0.000000
v 114.777641 -13.396930 -12.177109
v 120.029877 13.273839 -18.154881
v 122.308365 9.944113 -8.280800
v 117.044014 -12.021056 -15.651464
v 121.709236 -6.778043 -17.979511
v 124.103676 -4.171942 -17.730696
v 124.900558 6.830701 0.403516
v 5.328222 -17.984907 16.304852
v 8.268950 -19.699551 9.909094
v 9.937878 -11.938360 15.871935
v 12.407098 -13.312078 15.041142
v 17.750383 -5.827237 21.750526
v 10.013778 -10.407752 20.955513
v 14.616043 8.318294 17.908485
v 14.795318 11.650008 25.044695
v 5.776262 -9.968185 21.811575
v 5.336969 -16.995304 21.627041
v 0.076272 10.388076 18.060854
v 0.074903 13.765281 23.738588
v 9.444462 0.013311 10.229917
v 0.076415 13.291180 9.931211
v 14.802933 11.274450 7.904316
v 0.078978 9.515337 7.021599
v 5.803483 -11.384277 6.885615
v 9.334478 -1.635793 25.769436
v 0.077142 -11.401083 22.843622
v 0.084440 -18.745708 9.209504
v 0.084442 -19.750706 6.322483
v 0.077149 -12.613579 24.731834
v 0.075686 -3.716208 6.606062
v 0.078785 -4.911312 16.843197
v 0.082996 -22.227549 22.509804
v 0.075888 1.597540 8.099609
v 0.079000 0.365716 20.855860
v 16.899143 -2.581025 22.199747
v 2.617555 1.508726 8.423790
v 2.622615 0.344349 21.806641
v 15.724739 2.448109 7.255181
v 15.626740 1.129414 8.474632
v 26.038883 -4.012795 8.655599
v 26.037981 11.463281 21.388889
v 26.040854 4.978338 5.811991
v 26.037619 4.087939 19.895744
v 26.040047 -3.516978 17.440783
v 26.039856 11.674099 14.402369
v 26.039427 -5.985347 7.259930
v 14.535471 7.025603 9.259756
v 16.860973 -3.306880 15.370941
v 46.561947 12.209164 16.743645
v 39.261040 13.710290 21.840740
v 38.295921 5.035662 3.402045
v 36.941936 4.468698 5.664961
v 45.635487 -6.858814 6.429700
v 45.924698 12.210690 7.029416
v 38.830196 13.791530 18.428900
v 46.511536 -5.960169 13.060513
v 36.717724 -7.132498 11.497544
v 54.716511 -12.043130 21.187008
v 46.950974 4.582332 12.292240
v 45.936981 -12.692289 19.395912
v 37.378105 -4.315773 6.845887
v 36.459496 -5.086994 1.222167
v 54.618652 1.672269 17.508585
v 47.940304 -6.951039 6.412239
v 47.167797 -7.725513 21.477938
v 56.006954 2.421593 19.890598
v 51.715233 -2.264718 3.422007
v 50.634834 -3.026609 2.575974
v 45.562691 3.833010 16.759983
v 6.152278 -29.434803 19.276903
v 5.368617 -23.215052 13.490964
v 5.364244 -23.709854 13.105416
v 2.742352 -24.592754 19.597187
v 2.742352 -24.090256 16.498041
v 6.342315 -24.939053 16.835987
v 2.442791 -25.765169 12.294912
v 45.398968 -18.242559 12.423090
v 42.168396 -7.080054 8.843841
v 45.935783 -8.162193 11.999872
v 50.128967 -9.214768 15.579119
v 46.361591 -8.132615 10.545255
v 44.768799 -13.521381 12.419840
v 42.886955 -13.340725 12.188945
v 46.856560 -13.687755 14.063520
v 44.974709 -13.507077 15.481960
v 15.866569 -18.540207 16.424652
v 6.136270 -17.565506 13.051755
v 8.258578 -14.789994 15.548882
v 11.133841 -11.639104 18.921782
v 9.011528 -14.414600 13.951922
v 11.741648 -17.527611 16.015121
v 10.971595 -19.110657 15.597610
v 12.913795 -15.757067 17.660822
v 12.143723 -17.340109 -10.218950
v 5.328222 -17.984909 -16.280378
v 8.268950 -19.699551 -9.884616
v 9.937878 -11.938363 -15.847422
v 12.407097 -13.312081 -15.016665
v 17.750324 -5.827233 -21.726046
v 10.013777 -10.407754 -20.931023
v 14.616110 8.318289 -17.883999
v 14.795390 11.650002 -25.020214
v 5.776264 -9.968187 -21.787092
v 5.336970 -16.995308 -21.602562
v 0.076272 10.388077 -18.036373
v 0.074906 13.765274 -23.714106
v 9.444464 0.013309 -10.205438
v 0.076415 13.291178 -9.906727
v 14.802965 11.274448 -7.879838
v 0.078979 9.515333 -6.997121
v 5.803482 -11.384279 -6.861136
v 9.334478 -1.635798 -25.744955
v 0.077142 -11.401086 -22.819141
v 0.084440 -18.745712 -9.185024
v 0.084440 -19.750708 -6.298005
v 0.077149 -12.613583 -24.707348
v 0.075687 -3.716210 -6.581584
v 0.078784 -4.911314 -16.818716
v 0.082996 -22.227551 -22.485323
v 0.075890 1.597539 -8.075130
v 0.079000 0.365713 -20.831377
v 16.899132 -2.581025 -22.175264
v 2.617556 1.508724 -8.399310
v 2.622615 0.344345 -21.782154
v 15.724768 2.448107 -7.230705
v 15.626688 1.129417 -8.450161
v 26.038773 -4.012788 -8.631111
v 26.038038 11.463277 -21.364397
v 26.040936 4.978333 -5.787514
v 26.037575 4.087947 -19.871264
v 26.040028 -3.516975 -17.416288
v 26.039984 11.674092 -14.377895
v 26.039335 -5.985340 -7.235450
v 14.535459 7.025605 -9.235283
v 16.860901 -3.306875 -15.346444
v 46.562141 12.209151 -16.719143
v 39.261253 13.710273 -21.816242
v 38.296059 5.035655 -3.377567
v 36.941883 4.468704 -5.640498
v 45.635315 -6.858804 -6.405210
v 45.924805 12.210684 -7.004925
v 38.830315 13.791523 -18.404421
v 46.511501 -5.960166 -13.036047
v 36.717602 -7.132489 -11.473082
v 54.716343 -12.043118 -21.162512
v 46.951118 4.582325 -12.267773
v 45.936794 -12.692276 -19.371433
v 37.378086 -4.315772 -6.821420
v 36.459339 -5.086985 -1.197691
v 54.618576 1.672284 -17.484108
v 47.940250 -6.951037 -6.387774
v 47.167625 -7.725501 -21.453442
v 56.007088 2.421588 -19.866110
v 51.715279 -2.264724 -3.397538
v 50.634701 -3.026600 -2.551497
v 45.562641 3.833018 -16.735502
v 6.152278 -29.434805 -19.252422
v 5.368617 -23.215054 -13.466483
v 5.364243 -23.709856 -13.080935
v 2.742352 -24.592754 -19.572706
v 2.742352 -24.090256 -16.473564
v 6.342315 -24.939056 -16.811506
v 2.442791 -25.765171 -12.270446
v 45.398697 -18.242540 -12.398619
v 42.168278 -7.080045 -8.819373
v 45.935627 -8.162184 -11.975402
v 50.128834 -9.214760 -15.554648
v 46.361500 -8.132607 -10.520798
v 44.768578 -13.521367 -12.395380
v 42.886749 -13.340711 -12.164479
v 46.856361 -13.687741 -14.039062
v 44.974522 -13.507064 -15.457478
v 15.866568 -18.540211 -16.400177
v 6.136271 -17.565510 -13.027271
v 8.258579 -14.789995 -15.524393
v 11.133841 -11.639107 -18.897301
v 9.011529 -14.414602 -13.927444
v 11.741647 -17.527613 -15.990646
v 10.971594 -19.110659 -15.573138
v 12.913795 -15.757069 -17.636339
v 12.143723 -17.340111 9.931211
v 14.802933 11.274450 9.209504
v 0.084442 -19.750706 6.322483
v 0.077149 -12.613579 6.606062
v 0.078785 -4.911312 24.731834
v 0.075686 -3.716208 25.769436
v 0.077142 -11.401083 22.843622
v 0.084440 -18.745708 7.904316
v 0.078978 9.515337 8.099609
v 0.079000 0.365716 21.627041
v 0.076272 10.388076 10.229917
v 0.076415 13.291180 18.060854
v 0.074903 13.765281 10.229917
v 0.076415 13.291180 8.423790
v 2.622615 0.344349 22.199747
v 2.617555 1.508726 22.509804
v 0.075888 1.597540 8.655599
v 26.037981 11.463281 7.029416
v 38.830196 13.791530 6.429700
v 45.924698 12.210690 13.105416
v 2.742352 -24.592754 19.597187
v 2.742352 -24.090256 16.759983
v 6.152278 -29.434803 -9.906727
v 14.802965 11.274448 -9.185024
v 0.084440 -19.750708 -6.298005
v 0.077149 -12.613583 -6.581584
v 0.078784 -4.911314 -25.744955
v 0.077142 -11.401086 -24.707348
v 0.075687 -3.716210 -22.819141
v 0.084440 -18.745712 -7.879838
v 0.078979 9.515333 -21.602562
v 0.076272 10.388077 -8.075130
v 0.079000 0.365713 -10.205438
v 0.076415 13.291178 -18.036373
v 0.074906 13.765274 -10.205438
v 0.076415 13.291178 -8.399310
v 2.622615 0.344345 -22.175264
v 2.617556 1.508724 -22.485323
v 0.075890 1.597539 -8.631111
v 26.038038 11.463277 -7.004925
v 38.830315 13.791523 -6.405210
v 45.924805 12.210684 -13.080935
v 2.742352 -24.592754 -19.572706
v 2.742352 -24.090256 -16.735502
v 6.152278 -29.434805 0.682916
v 91.907394 6.142727 48.282215
v 96.583412 9.200047 44.948357
v 91.848137 -0.583220 51.134308
v 100.806122 6.729910 47.983868
v 96.515015 -4.433726 50.910858
v 101.015625 -1.639520 49.150177
v 88.451233 -5.416101 60.077301
v 92.777512 8.357555 54.452518
v 91.294266 -5.038778 57.939827
v 90.325470 -5.589906 57.969688
v 85.459526 -8.463105 56.155762
v 88.364052 -7.338005 55.357250
v 82.964592 -9.339875 52.189255
v 85.616699 -7.947529 52.175583
v 94.572586 9.318308 52.646553
v 90.488342 1.335216 53.457756
v 88.292862 -3.726653 54.570625
v 86.119064 -4.883230 56.567192
v 84.090057 -7.119267 60.253139
v 93.555817 -5.468807 51.395870
v 92.685852 -6.752769 54.617229
v 93.840179 -4.997123 57.131531
v 84.637520 -10.738980 53.792603
v 88.272697 -9.424589 58.706196
v 90.390228 1.363130 61.088062
v 94.014000 1.486983 50.247482
v 90.759216 7.885398 64.128906
v 90.234634 -5.485984 62.025253
v 87.708565 -5.461074 62.696823
v 87.560905 1.531531 64.803261
v 90.311081 1.524824 67.823639
v 86.402016 -5.344629 65.167030
v 85.152565 -5.340709 66.021988
v 84.934532 1.424297 68.720833
v 86.142654 1.380772 57.749298
v 89.714310 8.339521 60.727310
v 93.951401 -1.851542 64.525185
v 90.368042 -2.302344 68.310646
v 86.241722 -2.670799 60.455975
v 93.531158 5.265543 64.454781
v 90.170807 4.594545 68.226364
v 86.261208 4.117715 58.530251
v 90.488571 -1.997597 62.366348
v 87.633537 -2.333539 65.662003
v 85.006592 -2.581906 58.285450
v 90.179733 4.947881 62.429913
v 87.489113 4.457603 65.547958
v 85.084923 4.084716 66.393013
v 86.566124 7.197795 63.883202
v 85.406708 7.137245 61.097176
v 87.991882 7.780693 63.221214
v 90.052399 7.887748 62.856903
v 87.582680 1.245293 64.963364
v 90.332870 1.238584 66.748367
v 84.166191 0.947723 69.643135
v 85.585442 0.904197 64.778893
v 90.371460 -1.913398 69.482613
v 85.661720 -1.956513 63.738789
v 90.303635 5.103329 66.816154
v 86.708832 4.834970 62.620056
v 87.636932 -1.944592 66.577393
v 84.231056 -1.867617 61.599213
v 87.969276 4.855607 64.334740
v 85.500977 4.740187 42.887009
v 93.088417 5.936480 33.049976
v 97.653015 6.851096 37.294304
v 103.155304 10.688084 46.052490
v 97.900452 9.443806 42.915188
v 93.088753 -0.934670 49.131191
v 102.459045 6.391580 40.675007
v 109.628922 -1.494172 49.013638
v 102.502266 -1.483050 46.134609
v 97.922752 -4.250687 33.151245
v 97.695374 -1.054247 37.275864
v 103.125633 -4.437252 40.846737
v 109.800575 7.289242 57.317326
v 99.538376 0.060029 58.683594
v 98.932274 1.613298 58.429161
v 103.325386 1.634566 56.006180
v 100.096237 1.616394 57.372444
v 99.490166 3.169660 55.359241
v 96.596832 -0.652531 53.417511
v 98.237503 1.651312 55.415176
v 96.571960 3.888530 57.356922
v 94.931274 1.584689 -45.284737
v 91.907394 6.142724 -48.282219
v 96.583405 9.200047 -44.948357
v 91.848137 -0.583224 -51.134312
v 100.806114 6.729912 -47.983864
v 96.515015 -4.433726 -50.910858
v 101.015625 -1.639518 -49.150177
v 88.451233 -5.416106 -60.077301
v 92.777504 8.357555 -54.452515
v 91.294266 -5.038780 -57.939827
v 90.325470 -5.589908 -57.969688
v 85.459526 -8.463105 -56.155762
v 88.364052 -7.338005 -55.357250
v 82.964592 -9.339876 -52.189251
v 85.616699 -7.947530 -52.175591
v 94.572578 9.318307 -52.646553
v 90.488342 1.335213 -53.457756
v 88.292870 -3.726655 -54.570625
v 86.119064 -4.883230 -56.567192
v 84.090057 -7.119268 -60.253136
v 93.555824 -5.468808 -51.395866
v 92.685852 -6.752770 -54.617218
v 93.840179 -4.997123 -57.131531
v 84.637520 -10.738981 -53.792603
v 88.272697 -9.424590 -58.706196
v 90.390228 1.363130 -61.088066
v 94.014000 1.486983 -50.247482
v 90.759209 7.885394 -64.128906
v 90.234634 -5.485985 -62.025253
v 87.708565 -5.461075 -62.696823
v 87.560905 1.531531 -64.803261
v 90.311081 1.524824 -67.823639
v 86.402016 -5.344630 -65.167030
v 85.152565 -5.340709 -66.021988
v 84.934532 1.424297 -68.720833
v 86.142654 1.380769 -57.749298
v 89.714310 8.339520 -60.727310
v 93.951401 -1.851542 -64.525185
v 90.368042 -2.302344 -68.310646
v 86.241722 -2.670799 -60.455975
v 93.531158 5.265544 -64.454781
v 90.170807 4.594545 -68.226364
v 86.261208 4.117714 -58.530251
v 90.488571 -1.997597 -62.366348
v 87.633545 -2.333539 -65.662003
v 85.006592 -2.581906 -58.285450
v 90.179733 4.947880 -62.429913
v 87.489113 4.457604 -65.547958
v 85.084923 4.084716 -66.393013
v 86.566124 7.197796 -63.883205
v 85.406708 7.137244 -61.097176
v 87.991882 7.780694 -63.221214
v 90.052399 7.887748 -62.856903
v 87.582680 1.245293 -64.963364
v 90.332870 1.238584 -66.748367
v 84.166191 0.947723 -69.643135
v 85.585442 0.904198 -64.778893
v 90.371460 -1.913398 -69.482613
v 85.661720 -1.956512 -63.738789
v 90.303635 5.103329 -66.816154
v 86.708832 4.834970 -62.620056
v 87.636932 -1.944593 -66.577393
v 84.231056 -1.867618 -61.599213
v 87.969269 4.855607 -64.334740
v 85.500977 4.740188 -42.887009
v 93.088417 5.936478 -33.049980
v 97.653015 6.851093 -37.294308
v 103.155296 10.688084 -46.052494
v 97.900444 9.443806 -42.915180
v 93.088760 -0.934672 -49.131191
v 102.459045 6.391581 -40.675007
v 109.628922 -1.494170 -49.013634
v 102.502266 -1.483048 -46.134586
v 97.922722 -4.250687 -33.151245
v 97.695374 -1.054251 -37.275860
v 103.125641 -4.437252 -40.846737
v 109.800575 7.289244 -57.317322
v 99.538376 0.060032 -58.683598
v 98.932266 1.613301 -58.429161
v 103.325386 1.634573 -56.006180
v 100.096237 1.616397 -57.372444
v 99.490166 3.169663 -55.359238
v 96.596832 -0.652530 -53.417511
v 98.237503 1.651314 -55.415176
v 96.571960 3.888532 -57.356918
v 94.931274 1.584691 44.948357
v 91.848137 -0.583220 49.150177
v 88.451233 -5.416101 54.452518
v 91.294266 -5.038778 55.357250
v 82.964592 -9.339875 52.189255
v 85.616699 -7.947529 56.155762
v 88.364052 -7.338005 57.969688
v 85.459526 -8.463105 57.969688
v 85.459526 -8.463105 56.567192
v 84.090057 -7.119267 50.247482
v 90.759216 7.885398 57.749298
v 89.714310 8.339521 57.939827
v 90.325470 -5.589906 62.025253
v 87.708565 -5.461074 65.167030
v 85.152565 -5.340709 65.167030
v 85.152565 -5.340709 65.662003
v 85.006592 -2.581906 65.547958
v 85.084923 4.084716 66.021988
v 84.934532 1.424297 45.284737
v 91.907394 6.142727 65.662003
v 85.006592 -2.581906 64.525185
v 90.368042 -2.302344 62.366348
v 87.633537 -2.333539 68.310646
v 86.241722 -2.670799 58.530251
v 90.488571 -1.997597 60.727310
v 93.951401 -1.851542 65.547958
v 85.084923 4.084716 64.454781
v 90.170807 4.594545 62.429913
v 87.489113 4.457603 68.226364
v 86.261208 4.117715 58.285450
v 90.179733 4.947881 60.455975
v 93.531158 5.265543 66.021988
v 84.934532 1.424297 64.803261
v 90.311081 1.524824 68.720833
v 86.142654 1.380772 62.696823
v 87.560905 1.531531 58.706196
v 90.390228 1.363130 61.088062
v 94.014000 1.486983 66.748367
v 84.166191 0.947723 66.577393
v 84.231056 -1.867617 61.097176
v 87.991882 7.780693 63.883202
v 85.406708 7.137245 64.334740
v 85.500977 4.740187 63.883202
v 85.406708 7.137245 66.577393
v 84.231056 -1.867617 64.778893
v 90.371460 -1.913398 69.482613
v 85.661720 -1.956513 62.620056
v 87.636932 -1.944592 64.334740
v 85.500977 4.740187 63.738789
v 90.303635 5.103329 66.816154
v 86.708832 4.834970 61.599213
v 87.969276 4.855607 66.748367
v 84.166191 0.947723 64.963364
v 90.332870 1.238584 62.856903
v 87.582680 1.245293 69.643135
v 85.585442 0.904197 45.284737
v 91.907394 6.142727 42.887009
v 93.088417 5.936480 46.134609
v 97.922752 -4.250687 33.049976
v 97.653015 6.851096 -44.948357
v 91.848137 -0.583224 -49.150177
v 88.451233 -5.416106 -54.452515
v 91.294266 -5.038780 -52.189251
v 85.616699 -7.947530 -55.357250
v 82.964592 -9.339876 -56.155762
v 88.364052 -7.338005 -57.969688
v 85.459526 -8.463105 -57.969688
v 85.459526 -8.463105 -56.567192
v 84.090057 -7.119268 -50.247482
v 90.759209 7.885394 -57.749298
v 89.714310 8.339520 -57.939827
v 90.325470 -5.589908 -62.025253
v 87.708565 -5.461075 -65.167030
v 85.152565 -5.340709 -65.167030
v 85.152565 -5.340709 -65.662003
v 85.006592 -2.581906 -65.547958
v 85.084923 4.084716 -66.021988
v 84.934532 1.424297 -45.284737
v 91.907394 6.142724 -65.662003
v 85.006592 -2.581906 -62.366348
v 87.633545 -2.333539 -64.525185
v 90.368042 -2.302344 -68.310646
v 86.241722 -2.670799 -58.530251
v 90.488571 -1.997597 -60.727310
v 93.951401 -1.851542 -65.547958
v 85.084923 4.084716 -62.429913
v 87.489113 4.457604 -64.454781
v 90.170807 4.594545 -68.226364
v 86.261208 4.117714 -58.285450
v 90.179733 4.947880 -60.455975
v 93.531158 5.265544 -66.021988
v 84.934532 1.424297 -68.720833
v 86.142654 1.380769 -64.803261
v 90.311081 1.524824 -62.696823
v 87.560905 1.531531 -61.088066
v 94.014000 1.486983 -58.706196
v 90.390228 1.363130 -66.748367
v 84.166191 0.947723 -66.577393
v 84.231056 -1.867618 -61.097176
v 87.991882 7.780694 -63.883205
v 85.406708 7.137244 -64.334740
v 85.500977 4.740188 -63.883205
v 85.406708 7.137244 -66.577393
v 84.231056 -1.867618 -69.482613
v 85.661720 -1.956512 -64.778893
v 90.371460 -1.913398 -62.620056
v 87.636932 -1.944593 -64.334740
v 85.500977 4.740188 -66.816154
v 86.708832 4.834970 -63.738789
v 90.303635 5.103329 -61.599213
v 87.969269 4.855607 -66.748367
v 84.166191 0.947723 -62.856903
v 87.582680 1.245293 -64.963364
v 90.332870 1.238584 -69.643135
v 85.585442 0.904198 -45.284737
v 91.907394 6.142724 -42.887009
v 93.088417 5.936478 -46.134586
v 97.922722 -4.250687 -33.049980
v 97.653015 6.851093 0.052477

vt 0.759722 0.689381
vt 0.759793 0.922777
vt 0.550199 0.577590
vt 0.759569 0.945369
vt 0.759679 0.977145
vt 0.759661 0.991790
vt 0.669118 0.960748
vt 0.663084 0.219632
vt 0.758452 0.218885
vt 0.649241 0.371063
vt 0.803116 0.120137
vt 0.779386 0.219342
vt 0.800227 0.124592
vt 0.805640 0.066376
vt 0.818984 0.069076
vt 0.832111 0.331747
vt 0.758837 0.331602
vt 0.802097 0.401577
vt 0.825652 0.425837
vt 0.759424 0.896725
vt 0.759722 0.689381
vt 0.759793 0.751436
vt 0.634086 0.577791
vt 0.650210 0.923479
vt 0.977157 0.751345
vt 0.895689 0.576882
vt 0.879714 0.577590
vt 0.759569 0.945369
vt 0.759679 0.961139
vt 0.863635 0.977145
vt 0.759661 0.992161
vt 0.857135 0.219632
vt 0.758452 0.000524
vt 0.894477 0.109208
vt 0.681312 0.120137
vt 0.779386 0.049290
vt 0.755771 0.066376
vt 0.818984 0.331747
vt 0.758837 0.331897
vt 0.649112 0.426108
vt 0.649222 0.425915
vt 0.876487 0.425837
vt 0.759424 0.197088
vt 0.600757 0.361470
vt 0.460615 0.197088
vt 0.477909 0.102295
vt 0.500069 0.145729
vt 0.456635 0.063031
vt 0.405276 0.124455
vt 0.405276 0.102295
vt 0.310483 0.145728
vt 0.353916 0.197088
vt 0.209794 0.300151
vt 0.295426 0.197088
vt 0.332642 0.058862
vt 0.267049 0.300151
vt 0.295426 0.145728
vt 0.353916 0.001607
vt 0.405276 0.063031
vt 0.405276 0.124455
vt 0.405276 0.058862
vt 0.543502 0.361470
vt 0.460615 0.145729
vt 0.456635 0.323286
vt 0.884070 0.264479
vt 0.912887 0.323558
vt 0.982938 0.288561
vt 0.500511 0.434381
vt 0.500510 0.361472
vt 0.602404 0.434381
vt 0.500510 0.361470
vt 0.460615 0.361472
vt 0.602404 0.288561
vt 0.500511 0.434381
vt 0.500510 0.361472
vt 0.602404 0.227240
vt 0.335321 0.373060
vt 0.335322 0.300148
vt 0.437215 0.373060
vt 0.335322 0.300151
vt 0.295426 0.300148
vt 0.437215 0.227240
vt 0.335321 0.300148
vt 0.437215 0.264344
vt 0.912884 0.323692
vt 0.884070 0.382500
vt 0.912887 0.323420
vt 0.982938 0.323286
vt 0.884070 0.264479
vt 0.912887 0.323558
vt 0.982938 0.264479
vt 0.912887 0.323286
vt 0.884070 0.382634
vt 0.912884 0.323558
vt 0.982938 0.382500
vt 0.912887 0.323692
vt 0.884070 0.264344
vt 0.912884 0.323420
vt 0.982938 0.323692
vt 0.884070 0.382500
vt 0.912887 0.323420
vt 0.982938 0.382634
vt 0.912884 0.323286
vt 0.884070 0.264479
vt 0.912887 0.323558
vt 0.982938 0.361472
vt 0.460615 0.058862
vt 0.543502 0.102295
vt 0.500069 0.001607
vt 0.405276 0.063031
vt 0.405276 0.058862
vt 0.267049 0.102295
vt 0.310483 0.300151
vt 0.295426 0.300151
vt 0.295426 0.063031
vt 0.405276 0.361472
vt 0.460615 0.382634
vt 0.912884 0.323692
vt 0.884070 0.361472
vt 0.460615 0.288561
vt 0.500511 0.300151
vt 0.295426 0.227240
vt 0.335321 0.373060
vt 0.335322 0.323692
vt 0.884070 0.382634
vt 0.912884 0.323692
vt 0.884070 0.323692
vt 0.884070 0.323692
vt 0.884070 0.264344
vt 0.912884 0.323692
vt 0.884070 0.323692
vt 0.884070 0.985235
vt 0.454250 0.958614
vt 0.387249 0.679405
vt 0.344621 0.631585
vt 0.332321 0.606586
vt 0.229896 0.844738
vt 0.478173 0.757102
vt 0.431880 0.990754
vt 0.412788 0.701124
vt 0.309551 0.852634
vt 0.436742 0.772603
vt 0.391012 0.624167
vt 0.279320 0.470209
vt 0.393857 0.945100
vt 0.480769 0.915879
vt 0.395553 0.929242
vt 0.433325 0.722850
vt 0.274481 0.860554
vt 0.395311 0.788117
vt 0.350145 0.701124
vt 0.309551 0.852634
vt 0.436742 0.772603
vt 0.391012 0.624167
vt 0.279320 0.929242
vt 0.433325 0.587932
vt 0.360081 0.514840
vt 0.303441 0.548761
vt 0.328922 0.548761
vt 0.328922 0.971038
vt 0.419839 0.985235
vt 0.333464 0.956983
vt 0.400466 0.631585
vt 0.455393 0.606586
vt 0.557819 0.844336
vt 0.309541 0.991145
vt 0.376122 0.701123
vt 0.478163 0.852051
vt 0.350972 0.625056
vt 0.508253 0.572409
vt 0.393857 0.518801
vt 0.393857 0.943111
vt 0.306945 0.913844
vt 0.392162 0.927126
vt 0.354390 0.722850
vt 0.513233 0.859801
vt 0.392380 0.701123
vt 0.478163 0.852050
vt 0.350972 0.625056
vt 0.508253 0.518801
vt 0.393857 0.927126
vt 0.354390 0.587932
vt 0.427633 0.514840
vt 0.484273 0.548761
vt 0.458792 0.548761
vt 0.458792 0.971393
vt 0.361572 0.820165
vt 0.369325 0.783812
vt 0.341660 0.777711
vt 0.449633 0.679405
vt 0.443093 0.718590
vt 0.399086 0.356526
vt 0.228258 0.356472
vt 0.237419 0.356418
vt 0.247273 0.356472
vt 0.237419 0.744469
vt 0.428765 0.824937
vt 0.366578 0.745176
vt 0.427959 0.969011
vt 0.033555 0.809737
vt 0.033555 0.174807
vt 0.071369 0.395607
vt 0.066390 0.809737
vt 0.113696 0.779755
vt 0.066295 0.995466
vt 0.003574 0.969011
vt 0.033556 0.940037
vt 0.063537 0.779755
vt 0.003574 0.809737
vt 0.033556 0.839719
vt 0.063537 0.809737
vt 0.113696 0.969011
vt 0.193837 0.809737
vt 0.193837 0.174806
vt 0.156024 0.192315
vt 0.108708 0.395606
vt 0.161002 0.394807
vt 0.113696 0.779755
vt 0.161098 0.995466
vt 0.223818 0.969011
vt 0.193837 0.940037
vt 0.163855 0.779755
vt 0.223818 0.809737
vt 0.193837 0.839419
vt 0.164155 0.192315
vt 0.118685 0.394807
vt 0.113696 0.192315
vt 0.118685 0.174807
vt 0.071369 0.395607
vt 0.066390 0.394807
vt 0.113696 0.395607
vt 0.066390 0.174807
vt 0.071369 0.192315
vt 0.108708 0.394807
vt 0.113696 0.192315
vt 0.118685 0.394807
vt 0.113696 0.395606
vt 0.161002 0.174806
vt 0.156024 0.395606
vt 0.161002 0.394807
vt 0.113696 0.192315
vt 0.108708 0.174806
vt 0.156024 0.197088
vt 0.539333 0.197088
vt 0.271218 0.102295
vt 0.310483 0.102295
vt 0.500069 0.197088
vt 0.539333 0.197088
vt 0.271218 0.102295
vt 0.310483 0.102295
vt 0.500069 0.395607
vt 0.066390 0.192315
vt 0.108708 0.395606
vt 0.161002 0.192315
vt 0.118685 0.395607
vt 0.066390 0.192315
vt 0.108708 0.395606
vt 0.161002 0.192315
vt 0.118685 0.264344
vt 0.912884 0.323420
vt 0.982938 0.382500
vt 0.912887 0.434381
vt 0.500511 0.361470
vt 0.602404 0.288561
vt 0.500510 0.288561
vt 0.500510 0.361470
vt 0.602404 0.434381
vt 0.500511 0.434381
vt 0.500511 0.361470
vt 0.602404 0.288561
vt 0.500510 0.227240
vt 0.335321 0.300148
vt 0.437215 0.373060
vt 0.335322 0.373060
vt 0.335322 0.300148
vt 0.437215 0.227240
vt 0.335321 0.227240
vt 0.335321 0.300148
vt 0.437215 0.373060
vt 0.335322 0.264344
vt 0.912884 0.323420
vt 0.982938 0.382500
vt 0.912887 0.382500
vt 0.912887 0.323420
vt 0.982938 0.264344
vt 0.912884 0.264344
vt 0.912884 0.323420
vt 0.982938 0.382500
vt 0.912887 0.701123
vt 0.478163 0.722850
vt 0.513233 0.744469
vt 0.428765 0.859764
vt 0.392368 0.852050
vt 0.350972 0.844336
vt 0.309541 0.852051
vt 0.350972 0.679405
vt 0.443093 0.718590
vt 0.399086 0.701123
vt 0.478163 0.413436
vt 0.247301 0.413409
vt 0.237421 0.413395
vt 0.228255 0.302093
vt 0.228261 0.302082
vt 0.237424 0.302133
vt 0.247279 0.302075
vt 0.237424 0.413421
vt 0.237424 1.000000
vt 0.759722 0.689381
vt 0.759793 0.922777
vt 0.550199 0.577590
vt 0.759569 0.945369
vt 0.759679 0.977145
vt 0.759661 0.991790
vt 0.669118 0.960748
vt 0.663084 0.219632
vt 0.758452 0.218885
vt 0.649241 0.371063
vt 0.803116 0.120137
vt 0.779386 0.219342
vt 0.800227 0.124592
vt 0.805640 0.066376
vt 0.818984 0.069076
vt 0.832111 0.331747
vt 0.758837 0.331602
vt 0.802097 0.401577
vt 0.825652 0.425837
vt 0.759424 0.896725
vt 0.759722 0.689381
vt 0.759793 0.751436
vt 0.634086 0.577791
vt 0.650210 0.923479
vt 0.977157 0.751345
vt 0.895689 0.576882
vt 0.879714 0.577590
vt 0.759569 0.945369
vt 0.759679 0.961139
vt 0.863635 0.977145
vt 0.759661 0.992161
vt 0.857135 0.219632
vt 0.758452 0.000524
vt 0.894477 0.109208
vt 0.681312 0.120137
vt 0.779386 0.049290
vt 0.755771 0.066376
vt 0.818984 0.331747
vt 0.758837 0.331897
vt 0.649112 0.426108
vt 0.649222 0.425915
vt 0.876487 0.425837
vt 0.759424 0.197088
vt 0.600757 0.361470
vt 0.460615 0.197088
vt 0.477909 0.102295
vt 0.500069 0.145729
vt 0.456635 0.063031
vt 0.405276 0.124455
vt 0.405276 0.102295
vt 0.310483 0.145728
vt 0.353916 0.197088
vt 0.209794 0.300151
vt 0.295426 0.197088
vt 0.332642 0.058862
vt 0.267049 0.300151
vt 0.295426 0.145728
vt 0.353916 0.001607
vt 0.405276 0.063031
vt 0.405276 0.124455
vt 0.405276 0.058862
vt 0.543502 0.361470
vt 0.460615 0.145729
vt 0.456635 0.323286
vt 0.884070 0.264479
vt 0.912887 0.323558
vt 0.982938 0.288561
vt 0.500511 0.434381
vt 0.500510 0.361472
vt 0.602404 0.434381
vt 0.500510 0.361470
vt 0.460615 0.361472
vt 0.602404 0.288561
vt 0.500511 0.434381
vt 0.500510 0.361472
vt 0.602404 0.227240
vt 0.335321 0.373060
vt 0.335322 0.300148
vt 0.437215 0.373060
vt 0.335322 0.300151
vt 0.295426 0.300148
vt 0.437215 0.227240
vt 0.335321 0.300148
vt 0.437215 0.264344
vt 0.912884 0.323692
vt 0.884070 0.382500
vt 0.912887 0.323420
vt 0.982938 0.323286
vt 0.884070 0.264479
vt 0.912887 0.323558
vt 0.982938 0.264479
vt 0.912887 0.323286
vt 0.884070 0.382634
vt 0.912884 0.323558
vt 0.982938 0.382500
vt 0.912887 0.323692
vt 0.884070 0.264344
vt 0.912884 0.323420
vt 0.982938 0.323692
vt 0.884070 0.382500
vt 0.912887 0.323420
vt 0.982938 0.382634
vt 0.912884 0.323286
vt 0.884070 0.264479
vt 0.912887 0.323558
vt 0.982938 0.361472
vt 0.460615 0.058862
vt 0.543502 0.102295
vt 0.500069 0.001607
vt 0.405276 0.063031
vt 0.405276 0.058862
vt 0.267049 0.102295
vt 0.310483 0.300151
vt 0.295426 0.300151
vt 0.295426 0.063031
vt 0.405276 0.361472
vt 0.460615 0.382634
vt 0.912884 0.323692
vt 0.884070 0.361472
vt 0.460615 0.288561
vt 0.500511 0.300151
vt 0.295426 0.227240
vt 0.335321 0.373060
vt 0.335322 0.323692
vt 0.884070 0.382634
vt 0.912884 0.323692
vt 0.884070 0.323692
vt 0.884070 0.323692
vt 0.884070 0.264344
vt 0.912884 0.323692
vt 0.884070 0.323692
vt 0.884070 0.985235
vt 0.454250 0.958614
vt 0.387249 0.679405
vt 0.344621 0.631585
vt 0.332321 0.606586
vt 0.229896 0.844738
vt 0.478173 0.757102
vt 0.431880 0.990754
vt 0.412788 0.701124
vt 0.309551 0.852634
vt 0.436742 0.772603
vt 0.391012 0.624167
vt 0.279320 0.470209
vt 0.393857 0.945100
vt 0.480769 0.915879
vt 0.395553 0.929242
vt 0.433325 0.722850
vt 0.274481 0.860554
vt 0.395311 0.788117
vt 0.350145 0.701124
vt 0.309551 0.852634
vt 0.436742 0.772603
vt 0.391012 0.624167
vt 0.279320 0.929242
vt 0.433325 0.587932
vt 0.360081 0.514840
vt 0.303441 0.548761
vt 0.328922 0.548761
vt 0.328922 0.971038
vt 0.419839 0.985235
vt 0.333464 0.956983
vt 0.400466 0.631585
vt 0.455393 0.606586
vt 0.557819 0.844336
vt 0.309541 0.991145
vt 0.376122 0.701123
vt 0.478163 0.852051
vt 0.350972 0.625056
vt 0.508253 0.572409
vt 0.393857 0.518801
vt 0.393857 0.943111
vt 0.306945 0.913844
vt 0.392162 0.927126
vt 0.354390 0.722850
vt 0.513233 0.859801
vt 0.392380 0.701123
vt 0.478163 0.852050
vt 0.350972 0.625056
vt 0.508253 0.518801
vt 0.393857 0.927126
vt 0.354390 0.587932
vt 0.427633 0.514840
vt 0.484273 0.548761
vt 0.458792 0.548761
vt 0.458792 0.971393
vt 0.361572 0.820165
vt 0.369325 0.783812
vt 0.341660 0.777711
vt 0.449633 0.679405
vt 0.443093 0.718590
vt 0.399086 0.356526
vt 0.228258 0.356472
vt 0.237419 0.356418
vt 0.247273 0.356472
vt 0.237419 0.744469
vt 0.428765 0.824937
vt 0.366578 0.745176
vt 0.427959 0.969011
vt 0.033555 0.809737
vt 0.033555 0.174807
vt 0.071369 0.395607
vt 0.066390 0.809737
vt 0.113696 0.779755
vt 0.066295 0.995466
vt 0.003574 0.969011
vt 0.033556 0.940037
vt 0.063537 0.779755
vt 0.003574 0.809737
vt 0.033556 0.839719
vt 0.063537 0.809737
vt 0.113696 0.969011
vt 0.193837 0.809737
vt 0.193837 0.174806
vt 0.156024 0.192315
vt 0.108708 0.395606
vt 0.161002 0.394807
vt 0.113696 0.779755
vt 0.161098 0.995466
vt 0.223818 0.969011
vt 0.193837 0.940037
vt 0.163855 0.779755
vt 0.223818 0.809737
vt 0.193837 0.839419
vt 0.164155 0.192315
vt 0.118685 0.394807
vt 0.113696 0.192315
vt 0.118685 0.174807
vt 0.071369 0.395607
vt 0.066390 0.394807
vt 0.113696 0.395607
vt 0.066390 0.174807
vt 0.071369 0.192315
vt 0.108708 0.394807
vt 0.113696 0.192315
vt 0.118685 0.394807
vt 0.113696 0.395606
vt 0.161002 0.174806
vt 0.156024 0.395606
vt 0.161002 0.394807
vt 0.113696 0.192315
vt 0.108708 0.174806
vt 0.156024 0.197088
vt 0.539333 0.197088
vt 0.271218 0.102295
vt 0.310483 0.102295
vt 0.500069 0.197088
vt 0.539333 0.197088
vt 0.271218 0.102295
vt 0.310483 0.102295
vt 0.500069 0.395607
vt 0.066390 0.192315
vt 0.108708 0.395606
vt 0.161002 0.192315
vt 0.118685 0.395607
vt 0.066390 0.192315
vt 0.108708 0.395606
vt 0.161002 0.192315
vt 0.118685 0.264344
vt 0.912884 0.323420
vt 0.982938 0.382500
vt 0.912887 0.434381
vt 0.500511 0.361470
vt 0.602404 0.288561
vt 0.500510 0.288561
vt 0.500510 0.361470
vt 0.602404 0.434381
vt 0.500511 0.434381
vt 0.500511 0.361470
vt 0.602404 0.288561
vt 0.500510 0.227240
vt 0.335321 0.300148
vt 0.437215 0.373060
vt 0.335322 0.373060
vt 0.335322 0.300148
vt 0.437215 0.227240
vt 0.335321 0.227240
vt 0.335321 0.300148
vt 0.437215 0.373060
vt 0.335322 0.264344
vt 0.912884 0.323420
vt 0.982938 0.382500
vt 0.912887 0.382500
vt 0.912887 0.323420
vt 0.982938 0.264344
vt 0.912884 0.264344
vt 0.912884 0.323420
vt 0.982938 0.382500
vt 0.912887 0.701123
vt 0.478163 0.722850
vt 0.513233 0.744469
vt 0.428765 0.859764
vt 0.392368 0.852050
vt 0.350972 0.844336
vt 0.309541 0.852051
vt 0.350972 0.679405
vt 0.443093 0.718590
vt 0.399086 0.701123
vt 0.478163 0.413436
vt 0.247301 0.413409
vt 0.237421 0.413395
vt 0.228255 0.302093
vt 0.228261 0.302082
vt 0.237424 0.302133
vt 0.247279 0.302075
vt 0.237424 0.413421
vt 0.237424 1.000000
vt 0.643647 0.712037
vt 0.591142 0.685996
vt 0.537653 0.672608
vt 0.479631 0.642270
vt 0.479637 0.667667
vt 0.546706 0.700001
vt 0.594559 0.724073
vt 0.587726 0.704325
vt 0.528601 0.702947
vt 0.479625 0.677835
vt 0.454519 0.712085
vt 0.461526 0.642187
vt 0.458587 0.712037
vt 0.591142 0.685996
vt 0.537653 0.672608
vt 0.479631 0.677835
vt 0.454519 0.718658
vt 0.643647 0.712037
vt 0.591142 0.685996
vt 0.537653 0.672608
vt 0.479631 0.642270
vt 0.479637 0.667667
vt 0.546706 0.700001
vt 0.594559 0.724073
vt 0.587726 0.704325
vt 0.528601 0.702947
vt 0.479625 0.677835
vt 0.454519 0.712085
vt 0.461526 0.642187
vt 0.458587 0.712037
vt 0.591142 0.685996
vt 0.537653 0.672608
vt 0.479631 0.677835
vt 0.454519 0.838164
vt 0.027065 0.780826
vt 0.027071 0.551448
vt 0.026944 0.605326
vt 0.026941 0.829260
vt 0.391527 0.827801
vt 0.136304 0.596721
vt 0.336262 0.734316
vt 0.239405 0.673373
vt 0.237481 0.854456
vt 0.326733 0.821928
vt 0.416095 0.753126
vt 0.383430 0.916329
vt 0.333589 0.897632
vt 0.136304 0.914147
vt 0.417535 0.583585
vt 0.461235 0.546686
vt 0.450487 0.772461
vt 0.316930 0.578997
vt 0.237288 0.761841
vt 0.136304 0.699094
vt 0.136317 0.885400
vt 0.243329 0.808001
vt 0.242445 0.559600
vt 0.136185 0.873473
vt 0.448703 0.537722
vt 0.406201 0.770948
vt 0.241036 0.631423
vt 0.233067 0.591796
vt 0.136186 0.967122
vt 0.412371 0.613427
vt 0.401627 0.991993
vt 0.243423 0.906736
vt 0.027060 0.991993
vt 0.334716 0.656082
vt 0.318864 0.991993
vt 0.409402 0.743253
vt 0.397293 0.682378
vt 0.383703 0.455772
vt 0.343545 0.991993
vt 0.136304 0.707651
vt 0.766222 0.647946
vt 0.792433 0.941404
vt 0.759991 0.768448
vt 0.760889 0.825983
vt 0.755636 0.886146
vt 0.758105 0.619460
vt 0.752689 0.945187
vt 0.696537 0.680800
vt 0.711449 0.761915
vt 0.700334 0.889147
vt 0.699648 0.826042
vt 0.697579 0.983905
vt 0.813629 0.715295
vt 0.825466 0.882498
vt 0.817798 0.770764
vt 0.822824 0.662204
vt 0.990152 0.933909
vt 0.989939 0.716746
vt 0.990099 0.883393
vt 0.989973 0.772272
vt 0.990056 0.828087
vt 0.820526 0.822142
vt 0.990015 0.935413
vt 0.807496 0.983836
vt 0.839658 0.883602
vt 0.843866 0.934458
vt 0.850698 0.933499
vt 0.828055 0.827830
vt 0.846640 0.771874
vt 0.849021 0.716403
vt 0.851621 0.716414
vt 0.897384 0.771940
vt 0.897330 0.825220
vt 0.897281 0.883775
vt 0.897217 0.934291
vt 0.897170 0.984089
vt 0.901242 0.864394
vt 0.697533 0.823470
vt 0.949984 0.772134
vt 0.951659 0.716613
vt 0.952944 0.883563
vt 0.948546 0.934071
vt 0.950645 0.984526
vt 0.951789 0.657010
vt 0.319845 0.656308
vt 0.317464 0.455772
vt 0.237482 0.455772
vt 0.445923 0.586016
vt 0.626060 0.991993
vt 0.027059 0.455772
vt 0.015166 0.455772
vt 0.136147 0.317416
vt 0.637572 0.317416
vt 0.710678 0.344673
vt 0.721272 0.290159
vt 0.721272 0.317416
vt 0.637572 0.317416
vt 0.710678 0.344673
vt 0.721272 0.290159
vt 0.721272 0.317416
vt 0.637572 0.317416
vt 0.710678 0.344673
vt 0.721272 0.359822
vt 0.774728 0.317416
vt 0.775073 0.362930
vt 0.785693 0.317416
vt 0.769426 0.276009
vt 0.771202 0.317416
vt 0.786753 0.364266
vt 0.790408 0.270157
vt 0.791848 0.317416
vt 0.637572 0.317416
vt 0.710678 0.344673
vt 0.721272 0.290159
vt 0.721272 0.317416
vt 0.637572 0.317416
vt 0.710678 0.344673
vt 0.721272 0.290159
vt 0.721272 0.344673
vt 0.721272 0.359822
vt 0.774728 0.362930
vt 0.785693 0.317416
vt 0.769426 0.276009
vt 0.771202 0.317416
vt 0.786753 0.364266
vt 0.790408 0.270157
vt 0.791848 0.344673
vt 0.721272 0.317416
vt 0.637572 0.317416
vt 0.710678 0.359822
vt 0.774728 0.317416
vt 0.775073 0.344673
vt 0.721272 0.359822
vt 0.774728 0.838164
vt 0.027065 0.780826
vt 0.027071 0.551448
vt 0.026944 0.605326
vt 0.026941 0.829260
vt 0.391527 0.827801
vt 0.136304 0.596721
vt 0.336262 0.734316
vt 0.239405 0.673373
vt 0.237481 0.854456
vt 0.326733 0.821928
vt 0.416095 0.753126
vt 0.383430 0.916329
vt 0.333589 0.897632
vt 0.136304 0.914147
vt 0.417535 0.583585
vt 0.461235 0.546686
vt 0.450487 0.772461
vt 0.316930 0.578997
vt 0.237288 0.761841
vt 0.136304 0.699094
vt 0.136317 0.885400
vt 0.243329 0.808001
vt 0.242445 0.559600
vt 0.136185 0.873473
vt 0.448703 0.537722
vt 0.406201 0.770948
vt 0.241036 0.631423
vt 0.233067 0.591796
vt 0.136186 0.967122
vt 0.412371 0.613427
vt 0.401627 0.906736
vt 0.027060 0.656082
vt 0.318864 0.743253
vt 0.397293 0.682378
vt 0.383703 0.707651
vt 0.766222 0.647946
vt 0.792433 0.941404
vt 0.759991 0.768448
vt 0.760889 0.825983
vt 0.755636 0.886146
vt 0.758105 0.619460
vt 0.752689 0.945187
vt 0.696537 0.680800
vt 0.711449 0.761915
vt 0.700334 0.889147
vt 0.699648 0.826042
vt 0.697579 0.983905
vt 0.813629 0.715295
vt 0.825466 0.882498
vt 0.817798 0.770764
vt 0.822824 0.662204
vt 0.990152 0.933909
vt 0.989939 0.716746
vt 0.990099 0.883393
vt 0.989973 0.772272
vt 0.990056 0.828087
vt 0.820526 0.822142
vt 0.990015 0.935413
vt 0.807496 0.983836
vt 0.839658 0.883602
vt 0.843866 0.934458
vt 0.850698 0.933499
vt 0.828055 0.827830
vt 0.846640 0.771874
vt 0.849021 0.716403
vt 0.851621 0.716414
vt 0.897384 0.771940
vt 0.897330 0.825220
vt 0.897281 0.883775
vt 0.897217 0.934291
vt 0.897170 0.984089
vt 0.901242 0.864394
vt 0.697533 0.823470
vt 0.949984 0.772134
vt 0.951659 0.716613
vt 0.952944 0.883563
vt 0.948546 0.934071
vt 0.950645 0.984526
vt 0.951789 0.657010
vt 0.319845 0.656308
vt 0.317464 0.317416
vt 0.637572 0.317416
vt 0.710678 0.344673
vt 0.721272 0.290159
vt 0.721272 0.317416
vt 0.637572 0.317416
vt 0.710678 0.344673
vt 0.721272 0.290159
vt 0.721272 0.317416
vt 0.637572 0.317416
vt 0.710678 0.344673
vt 0.721272 0.359822
vt 0.774728 0.317416
vt 0.775073 0.362930
vt 0.785693 0.317416
vt 0.769426 0.276009
vt 0.771202 0.317416
vt 0.786753 0.364266
vt 0.790408 0.270157
vt 0.791848 0.317416
vt 0.637572 0.317416
vt 0.710678 0.344673
vt 0.721272 0.290159
vt 0.721272 0.317416
vt 0.637572 0.317416
vt 0.710678 0.344673
vt 0.721272 0.290159
vt 0.721272 0.344673
vt 0.721272 0.359822
vt 0.774728 0.362930
vt 0.785693 0.317416
vt 0.769426 0.276009
vt 0.771202 0.317416
vt 0.786753 0.364266
vt 0.790408 0.270157
vt 0.791848 0.929330
vt 0.655871 0.774731
vt 0.549078 0.794036
vt 0.598463 0.771086
vt 0.494814 0.957777
vt 0.627229 0.982541
vt 0.494609 0.978022
vt 0.567209 0.853593
vt 0.551031 0.852897
vt 0.494413 0.921515
vt 0.494578 0.920225
vt 0.555187 0.844469
vt 0.600658 0.898831
vt 0.616862 0.887547
vt 0.652115 0.839851
vt 0.632551 0.818827
vt 0.594267 0.811543
vt 0.548148 0.808984
vt 0.494524 0.929330
vt 0.655871 0.774731
vt 0.549078 0.794036
vt 0.598463 0.957777
vt 0.627229 0.978022
vt 0.567209 0.853593
vt 0.551031 0.920225
vt 0.555187 0.844469
vt 0.600658 0.898831
vt 0.616862 0.887547
vt 0.652115 0.839851
vt 0.632551 0.818827
vt 0.594267 0.811543
vt 0.548148 0.929330
vt 0.655871 0.774731
vt 0.549078 0.794036
vt 0.598463 0.771086
vt 0.494814 0.957777
vt 0.627229 0.982541
vt 0.494609 0.978022
vt 0.567209 0.853593
vt 0.551031 0.852897
vt 0.494413 0.921515
vt 0.494578 0.920225
vt 0.555187 0.844469
vt 0.600658 0.898831
vt 0.616862 0.887547
vt 0.652115 0.839851
vt 0.632551 0.818827
vt 0.594267 0.811543
vt 0.548148 0.808984
vt 0.494524 0.929330
vt 0.655871 0.774731
vt 0.549078 0.794036
vt 0.598463 0.957777
vt 0.627229 0.978022
vt 0.567209 0.853593
vt 0.551031 0.920225
vt 0.555187 0.844469
vt 0.600658 0.898831
vt 0.616862 0.887547
vt 0.652115 0.839851
vt 0.632551 0.818827
vt 0.594267 0.811543
vt 0.548148 0.207049
vt 0.855389 0.138967
vt 0.853431 0.516733
vt 0.682194 0.348055
vt 0.682214 0.424814
vt 0.682218 0.191569
vt 0.682118 0.161027
vt 0.790536 0.381587
vt 0.790605 0.452702
vt 0.790599 0.476376
vt 0.853418 0.081801
vt 0.849086 0.533193
vt 0.848977 0.108311
vt 0.682065 0.092550
vt 0.790529 0.530578
vt 0.790598 0.562769
vt 0.754695 0.477490
vt 0.890191 0.412032
vt 0.888174 0.082506
vt 0.888368 0.531953
vt 0.896856 0.138324
vt 0.890135 0.561832
vt 0.933863 0.005734
vt 0.848907 0.005734
vt 0.881499 0.597057
vt 0.958223 0.323171
vt 0.574710 0.210275
vt 0.574600 0.506418
vt 0.574672 0.117919
vt 0.574442 0.405509
vt 0.574695 0.005734
vt 0.574415 0.561207
vt 0.848975 0.490048
vt 0.980676 0.597057
vt 0.740848 0.005734
vt 0.682065 0.597057
vt 0.899377 0.597057
vt 0.816164 0.597057
vt 0.831522 0.005734
vt 0.805196 0.344673
vt 0.721272 0.317416
vt 0.637572 0.317416
vt 0.710678 0.359822
vt 0.774728 0.317416
vt 0.775073 0.344673
vt 0.721272 0.359822
vt 0.774728 0.344673
vt 0.721272 0.317416
vt 0.637572 0.317416
vt 0.710678 0.359822
vt 0.774728 0.317416
vt 0.775073 0.344673
vt 0.721272 0.359822
vt 0.774728 0.344673
vt 0.721272 0.317416
vt 0.637572 0.317416
vt 0.710678 0.359822
vt 0.774728 0.317416
vt 0.775073 0.344673
vt 0.721272 0.359822
vt 0.774728 0.344673
vt 0.721272 0.317416
vt 0.637572 0.317416
vt 0.710678 0.359822
vt 0.774728 0.317416
vt 0.775073 0.344673
vt 0.721272 0.359822
vt 0.774728 0.344673
vt 0.721272 0.317416
vt 0.637572 0.317416
vt 0.710678 0.359822
vt 0.774728 0.317416
vt 0.775073 0.344673
vt 0.721272 0.359822
vt 0.774728 0.207049
vt 0.855389 0.138967
vt 0.853431 0.516733
vt 0.682194 0.348055
vt 0.682214 0.424814
vt 0.682218 0.191569
vt 0.682118 0.161027
vt 0.790536 0.381587
vt 0.790605 0.452702
vt 0.790599 0.476376
vt 0.853418 0.081801
vt 0.849086 0.533193
vt 0.848977 0.108311
vt 0.682065 0.092550
vt 0.790529 0.530578
vt 0.790598 0.562769
vt 0.754695 0.477490
vt 0.890191 0.412032
vt 0.888174 0.082506
vt 0.888368 0.531953
vt 0.896856 0.138324
vt 0.890135 0.561832
vt 0.933863 0.323171
vt 0.574710 0.210275
vt 0.574600 0.506418
vt 0.574672 0.117919
vt 0.574442 0.405509
vt 0.574695 0.561207
vt 0.848975 0.344673
vt 0.721272 0.317416
vt 0.637572 0.317416
vt 0.710678 0.359822
vt 0.774728 0.317416
vt 0.775073 0.344673
vt 0.721272 0.359822
vt 0.774728 0.344673
vt 0.721272 0.317416
vt 0.637572 0.317416
vt 0.710678 0.359822
vt 0.774728 0.317416
vt 0.775073 0.344673
vt 0.721272 0.359822
vt 0.774728 0.344673
vt 0.721272 0.317416
vt 0.637572 0.317416
vt 0.710678 0.359822
vt 0.774728 0.317416
vt 0.775073 0.344673
vt 0.721272 0.359822
vt 0.774728 0.344673
vt 0.721272 0.317416
vt 0.637572 0.317416
vt 0.710678 0.359822
vt 0.774728 0.317416
vt 0.775073 0.344673
vt 0.721272 0.359822
vt 0.774728 0.344673
vt 0.721272 0.317416
vt 0.637572 0.317416
vt 0.710678 0.359822
vt 0.774728 0.317416
vt 0.775073 0.344673
vt 0.721272 0.359822
vt 0.774728 0.344673
vt 0.721272 0.317416
vt 0.637572 0.317416
vt 0.710678 0.359822
vt 0.774728 0.317416
vt 0.775073 0.344673
vt 0.721272 0.359822
vt 0.774728 0.235600
vt 0.426932 0.010936
vt 0.344896 0.143950
vt 0.378188 0.075657
vt 0.398092 0.283780
vt 0.400430 0.235386
vt 0.404234 0.239327
vt 0.288592 0.284274
vt 0.286953 0.332724
vt 0.392957 0.328342
vt 0.287674 0.330553
vt 0.419206 0.095883
vt 0.289046 0.078450
vt 0.367633 0.190076
vt 0.430689 0.190670
vt 0.397598 0.429950
vt 0.271135 0.376306
vt 0.283132 0.393697
vt 0.384555 0.362276
vt 0.212432 0.321961
vt 0.220118 0.109360
vt 0.195815 0.056021
vt 0.190701 0.159874
vt 0.198526 0.205982
vt 0.204098 0.280948
vt 0.217092 0.410353
vt 0.170376 0.359065
vt 0.187244 0.279841
vt 0.192924 0.110929
vt 0.179645 0.162416
vt 0.180859 0.151796
vt 0.293287 0.319921
vt 0.192404 0.220679
vt 0.181913 0.167423
vt 0.109441 0.222629
vt 0.108153 0.317894
vt 0.163832 0.357493
vt 0.165066 0.275682
vt 0.167682 0.393304
vt 0.009442 0.343762
vt 0.009656 0.406744
vt 0.100784 0.117573
vt 0.109771 0.221422
vt 0.009403 0.272650
vt 0.009494 0.308380
vt 0.009628 0.173304
vt 0.009402 0.121995
vt 0.009539 0.138215
vt 0.404417 0.238904
vt 0.361704 0.194726
vt 0.359732 0.197615
vt 0.289274 0.239098
vt 0.207540 0.285088
vt 0.361491 0.333954
vt 0.361429 0.387460
vt 0.354227 0.442398
vt 0.330645 0.282962
vt 0.422486 0.134028
vt 0.422198 0.282336
vt 0.489142 0.185418
vt 0.491338 0.363963
vt 0.513143 0.410076
vt 0.396633 0.398266
vt 0.426716 0.385116
vt 0.459321 0.005273
vt 0.353184 0.084223
vt 0.494157 0.044767
vt 0.379362 0.066255
vt 0.429810 0.235600
vt 0.426932 0.010936
vt 0.344896 0.143950
vt 0.378188 0.075657
vt 0.398092 0.283780
vt 0.400430 0.235386
vt 0.404234 0.239327
vt 0.288592 0.284274
vt 0.286953 0.332724
vt 0.392957 0.328342
vt 0.287674 0.330553
vt 0.419206 0.095883
vt 0.289046 0.078450
vt 0.367633 0.190076
vt 0.430689 0.190670
vt 0.397598 0.429950
vt 0.271135 0.376306
vt 0.283132 0.393697
vt 0.384555 0.362276
vt 0.212432 0.321961
vt 0.220118 0.109360
vt 0.195815 0.056021
vt 0.190701 0.159874
vt 0.198526 0.205982
vt 0.204098 0.280948
vt 0.217092 0.410353
vt 0.170376 0.359065
vt 0.187244 0.279841
vt 0.192924 0.110929
vt 0.179645 0.162416
vt 0.180859 0.151796
vt 0.293287 0.319921
vt 0.192404 0.220679
vt 0.181913 0.167423
vt 0.109441 0.222629
vt 0.108153 0.317894
vt 0.163832 0.357493
vt 0.165066 0.275682
vt 0.167682 0.393304
vt 0.009442 0.343762
vt 0.009656 0.406744
vt 0.100784 0.117573
vt 0.109771 0.221422
vt 0.009403 0.272650
vt 0.009494 0.308380
vt 0.009628 0.173304
vt 0.009402 0.121995
vt 0.009539 0.138215
vt 0.404417 0.238904
vt 0.361704 0.194726
vt 0.359732 0.197615
vt 0.289274 0.239098
vt 0.207540 0.285088
vt 0.361491 0.333954
vt 0.361429 0.387460
vt 0.354227 0.442398
vt 0.330645 0.282962
vt 0.422486 0.134028
vt 0.422198 0.282336
vt 0.489142 0.185418
vt 0.491338 0.667667
vt 0.546706 0.700001
vt 0.594559 0.724073
vt 0.587726 0.704325
vt 0.528601 0.642270
vt 0.479637 0.718658
vt 0.643647 0.702947
vt 0.479625 0.712085
vt 0.461526 0.642187
vt 0.458587 0.700001
vt 0.594559 0.667667
vt 0.546706 0.724073
vt 0.587726 0.704325
vt 0.528601 0.642270
vt 0.479637 0.718658
vt 0.643647 0.702947
vt 0.479625 0.712085
vt 0.461526 0.642187
vt 0.458587 0.625836
vt 0.415963 0.864180
vt 0.461367 0.620989
vt 0.136186 0.652217
vt 0.237349 0.726099
vt 0.027073 0.586016
vt 0.580222 0.574398
vt 0.584036 0.691549
vt 0.397161 0.609754
vt 0.745547 0.672305
vt 0.702232 0.748982
vt 0.657308 0.900956
vt 0.669332 0.950334
vt 0.672323 0.826302
vt 0.660410 0.864422
vt 0.665935 1.000648
vt 0.693234 0.989064
vt 0.755449 0.660813
vt 0.828171 0.662068
vt 0.950449 0.661872
vt 0.893343 0.661915
vt 0.850091 0.984421
vt 0.989919 0.950334
vt 0.672323 1.008069
vt 0.684540 0.317416
vt 0.637572 0.317416
vt 0.710678 0.317416
vt 0.775073 0.317416
vt 0.637572 0.317416
vt 0.710678 0.317416
vt 0.775073 0.455772
vt 0.237482 0.455772
vt 0.136147 0.625836
vt 0.415963 0.991993
vt 0.409402 0.991993
vt 0.136304 0.991993
vt 0.243423 0.455772
vt 0.343545 0.455772
vt 0.015166 0.455772
vt 0.445923 0.991993
vt 0.334716 0.864180
vt 0.461367 0.620989
vt 0.136186 0.652217
vt 0.237349 0.726099
vt 0.027073 0.586016
vt 0.580222 0.574398
vt 0.584036 0.586016
vt 0.626060 0.991993
vt 0.027059 0.691549
vt 0.397161 0.609754
vt 0.745547 0.672305
vt 0.702232 0.748982
vt 0.657308 0.950334
vt 0.672323 0.900956
vt 0.669332 0.826302
vt 0.660410 0.864422
vt 0.665935 1.000648
vt 0.693234 0.989064
vt 0.755449 0.660813
vt 0.828171 0.662068
vt 0.950449 0.661872
vt 0.893343 0.661915
vt 0.850091 0.984421
vt 0.989919 0.950334
vt 0.672323 1.008069
vt 0.684540 0.317416
vt 0.710678 0.317416
vt 0.637572 0.317416
vt 0.775073 0.852897
vt 0.494413 0.921515
vt 0.494578 0.982541
vt 0.494609 0.808984
vt 0.494524 0.771086
vt 0.494814 0.921515
vt 0.494578 0.852897
vt 0.494413 0.982541
vt 0.494609 0.808984
vt 0.494524 0.771086
vt 0.494814 0.268797
vt 0.682153 0.235265
vt 0.790544 0.409803
vt 0.855450 0.204820
vt 0.888113 0.458102
vt 0.944341 0.450177
vt 0.960557 0.444733
vt 0.989664 0.503067
vt 0.920233 0.477992
vt 0.928524 0.531154
vt 0.923114 0.293681
vt 0.574649 0.317416
vt 0.637572 0.317416
vt 0.710678 0.317416
vt 0.775073 0.317416
vt 0.637572 0.317416
vt 0.710678 0.317416
vt 0.775073 0.317416
vt 0.637572 0.317416
vt 0.710678 0.317416
vt 0.775073 0.317416
vt 0.637572 0.317416
vt 0.710678 0.317416
vt 0.775073 0.317416
vt 0.637572 0.317416
vt 0.710678 0.317416
vt 0.775073 0.268797
vt 0.682153 0.235265
vt 0.790544 0.409803
vt 0.855450 0.005734
vt 0.848907 0.597057
vt 0.899377 0.005734
vt 0.881499 0.204820
vt 0.888113 0.005734
vt 0.805196 0.005734
vt 0.682065 0.597057
vt 0.958223 0.005734
vt 0.574415 0.458102
vt 0.944341 0.450177
vt 0.960557 0.490048
vt 0.980676 0.444733
vt 0.989664 0.503067
vt 0.920233 0.477992
vt 0.928524 0.531154
vt 0.923114 0.293681
vt 0.574649 0.597057
vt 0.816164 0.597057
vt 0.740848 0.597057
vt 0.831522 0.317416
vt 0.710678 0.317416
vt 0.637572 0.317416
vt 0.775073 0.317416
vt 0.710678 0.317416
vt 0.637572 0.317416
vt 0.775073 0.317416
vt 0.710678 0.317416
vt 0.637572 0.317416
vt 0.775073 0.317416
vt 0.710678 0.317416
vt 0.637572 0.317416
vt 0.775073 0.317416
vt 0.710678 0.317416
vt 0.637572 0.317416
vt 0.775073 0.317416
vt 0.710678 0.317416
vt 0.637572 0.317416
vt 0.775073 0.447014
vt 0.349904 0.415476
vt 0.191853 0.057666
vt 0.169348 0.061944
vt 0.099540 0.036056
vt 0.267968 0.019192
vt 0.327760 0.073834
vt 0.009473 0.453463
vt 0.357920 0.005273
vt 0.353184 0.044767
vt 0.379362 0.447014
vt 0.349904 0.415476
vt 0.191853 0.057666
vt 0.169348 0.061944
vt 0.099540 0.036056
vt 0.267968 0.019192
vt 0.327760 0.073834
vt 0.009473 0.410076
vt 0.396633 0.453463
vt 0.357920 0.398266
vt 0.426716 0.385116
vt 0.459321 0.066255
vt 0.429810 0.363963
vt 0.513143 0.084223
vt 0.494157 1.000000
vt 0.947247 0.578838
vt 0.911767 0.555890
vt 0.884364 0.528718
vt 0.868024 0.499887
vt 0.865385 0.472636
vt 0.878330 0.658612
vt 0.885855 0.623611
vt 0.831476 0.582998
vt 0.790459 0.537244
vt 0.765666 0.488298
vt 0.759699 0.439343
vt 0.775955 0.706809
vt 0.803993 0.658031
vt 0.743708 0.604103
vt 0.696427 0.544928
vt 0.666093 0.482354
vt 0.655949 0.418055
vt 0.676507 0.746774
vt 0.712708 0.689373
vt 0.650863 0.623594
vt 0.609279 0.557686
vt 0.576397 0.485407
vt 0.551906 0.407268
vt 0.565947 0.798345
vt 0.634964 0.712781
vt 0.556557 0.644805
vt 0.512768 0.572696
vt 0.478340 0.494250
vt 0.456769 0.410521
vt 0.448421 0.771523
vt 0.515512 0.730794
vt 0.439275 0.663898
vt 0.402590 0.588574
vt 0.372061 0.508280
vt 0.345934 0.419297
vt 0.332577 0.843349
vt 0.956947 0.773680
vt 0.547713 0.764566
vt 0.393083 0.674379
vt 0.342302 0.589730
vt 0.297588 0.593751
vt 0.018320 0.643366
vt 0.101377 0.556786
vt 0.111824 0.509907
vt 0.105332 0.622184
vt 0.023839 0.589531
vt 0.027715 0.787718
vt 0.211144 0.728936
vt 0.209526 0.638960
vt 0.202370 0.559775
vt 0.203524 0.518614
vt 0.197439 0.441380
vt 0.184953 0.843349
vt 0.956947 0.843349
vt 0.956947 0.513849
vt 0.304548 0.425183
vt 0.304184 0.422351
vt 0.103380 0.813758
vt 0.107672 0.731675
vt 0.103891 0.618190
vt 0.016651 0.611912
vt 0.013139 0.600483
vt 0.013255 0.841468
vt 0.208878 0.608497
vt 0.990226 0.354501
vt 0.705203 0.620999
vt 0.034216 0.351902
vt 0.185443 0.357386
vt 0.267084 0.802502
vt 0.781199 0.332389
vt 0.451350 0.828259
vt 0.733331 0.324088
vt 0.123110 0.772686
vt 0.426632 0.596484
vt 0.947247 0.578838
vt 0.911767 0.555890
vt 0.884364 0.528718
vt 0.868024 0.499887
vt 0.865385 0.472636
vt 0.878330 0.658612
vt 0.885855 0.623611
vt 0.831476 0.582998
vt 0.790459 0.537244
vt 0.765666 0.488298
vt 0.759699 0.439343
vt 0.775955 0.706809
vt 0.803993 0.658031
vt 0.743708 0.604103
vt 0.696427 0.544928
vt 0.666093 0.482354
vt 0.655949 0.418055
vt 0.676507 0.746774
vt 0.712708 0.689373
vt 0.650863 0.623594
vt 0.609279 0.557686
vt 0.576397 0.485407
vt 0.551906 0.407268
vt 0.565947 0.798345
vt 0.634964 0.712781
vt 0.556557 0.644805
vt 0.512768 0.572696
vt 0.478340 0.494250
vt 0.456769 0.410521
vt 0.448421 0.771523
vt 0.515512 0.730794
vt 0.439275 0.663898
vt 0.402590 0.588574
vt 0.372061 0.508280
vt 0.345934 0.419297
vt 0.332577 0.843349
vt 0.956947 0.773680
vt 0.547713 0.764566
vt 0.393083 0.674379
vt 0.342302 0.589730
vt 0.297588 0.593751
vt 0.018320 0.643366
vt 0.101377 0.556786
vt 0.111824 0.509907
vt 0.105332 0.622184
vt 0.023839 0.589531
vt 0.027715 0.787718
vt 0.211144 0.728936
vt 0.209526 0.638960
vt 0.202370 0.559775
vt 0.203524 0.518614
vt 0.197439 0.441380
vt 0.184953 0.843349
vt 0.956947 0.513849
vt 0.304548 0.425183
vt 0.304184 0.755836
vt 0.872041 0.422351
vt 0.103380 0.813758
vt 0.107672 0.731675
vt 0.103891 0.618190
vt 0.016651 0.611912
vt 0.013139 0.600483
vt 0.013255 0.878768
vt 0.121239 0.521109
vt 0.973498 0.343348
vt 0.321432 0.450931
vt 0.908914 0.691334
vt 0.950744 0.335284
vt 0.572504 0.590876
vt 0.034218 0.605752
vt 0.034216 0.394830
vt 0.820286 0.772686
vt 0.426632 0.831074
vt 0.774347 0.268022
vt 0.257124 0.227892
vt 0.257855 0.277900
vt 0.366798 0.139639
vt 0.354482 0.143232
vt 0.463505 0.247362
vt 0.396660 0.270489
vt 0.279467 0.147842
vt 0.307437 0.264918
vt 0.219331 0.247515
vt 0.507404 0.225527
vt 0.297641 0.242706
vt 0.560123 0.186167
vt 0.263988 0.148929
vt 0.396687 0.218840
vt 0.384177 0.166125
vt 0.501987 0.175740
vt 0.379828 0.182402
vt 0.301574 0.221481
vt 0.521404 0.191025
vt 0.515584 0.297314
vt 0.269873 0.296946
vt 0.254078 0.177376
vt 0.344030 0.225209
vt 0.339627 0.225732
vt 0.222781 0.165939
vt 0.225020 0.268022
vt 0.257124 0.227892
vt 0.257855 0.277900
vt 0.366798 0.139639
vt 0.354482 0.143232
vt 0.463505 0.247362
vt 0.396660 0.270489
vt 0.279467 0.147842
vt 0.307437 0.264918
vt 0.219331 0.247515
vt 0.507404 0.299076
vt 0.385432 0.225527
vt 0.297641 0.242706
vt 0.560123 0.186167
vt 0.263988 0.148929
vt 0.396687 0.218840
vt 0.384177 0.166125
vt 0.501987 0.175740
vt 0.379828 0.182402
vt 0.301574 0.221481
vt 0.521404 0.191025
vt 0.515584 0.299076
vt 0.362410 0.296946
vt 0.447009 0.296946
vt 0.408671 0.296946
vt 0.562528 0.289813
vt 0.215189 0.177376
vt 0.344030 0.225209
vt 0.339627 0.225732
vt 0.222781 0.165939
vt 0.225020 0.296946
vt 0.507134 0.934486
vt 0.955911 0.951039
vt 0.017023 0.986585
vt 0.948555 0.852760
vt 0.793993 0.848565
vt 0.593059 0.863586
vt 0.400507 0.889097
vt 0.201415 0.946988
vt 0.213382 0.949344
vt 0.393872 0.959886
vt 0.573130 0.974251
vt 0.771218 0.867389
vt 0.988759 0.934486
vt 0.955911 0.951039
vt 0.017023 0.986585
vt 0.948555 0.852760
vt 0.793993 0.848565
vt 0.593059 0.863586
vt 0.400507 0.889097
vt 0.201415 0.946988
vt 0.213382 0.949344
vt 0.393872 0.959886
vt 0.573130 0.974251
vt 0.771218 0.867389
vt 0.988759 0.814269
vt 0.956930 0.814269
vt 0.956930 0.843349
vt 0.956947 0.843349
vt 0.956947 0.843349
vt 0.956947 0.843349
vt 0.956947 0.765408
vt 0.368000 0.784566
vt 0.271427 0.728311
vt 0.248021 0.639256
vt 0.245667 0.560904
vt 0.240238 0.520246
vt 0.242923 0.447880
vt 0.247701 0.360210
vt 0.263803 0.837713
vt 0.284300 0.448063
vt 0.067964 0.516089
vt 0.062223 0.343356
vt 0.055660 0.792872
vt 0.053025 0.863902
vt 0.036689 0.699305
vt 0.057300 0.641407
vt 0.057413 0.560924
vt 0.063216 0.831074
vt 0.800141 0.814269
vt 0.956930 0.814269
vt 0.956930 0.843349
vt 0.956947 0.843349
vt 0.956947 0.843349
vt 0.956947 0.843349
vt 0.956947 0.843349
vt 0.956947 0.765408
vt 0.368000 0.784566
vt 0.271427 0.728311
vt 0.248021 0.639256
vt 0.245667 0.560904
vt 0.240238 0.520246
vt 0.242923 0.447880
vt 0.247701 0.605752
vt 0.034216 0.620999
vt 0.034216 0.590876
vt 0.034218 0.448063
vt 0.067964 0.516089
vt 0.062223 0.792872
vt 0.053025 0.699305
vt 0.057300 0.641407
vt 0.057413 0.560924
vt 0.063216 1.000000
vt 0.109154 0.233118
vt 0.180373 0.426082
vt 0.186537 0.338806
vt 0.248844 0.462651
vt 0.337254 0.426082
vt 0.186537 0.735925
vt 0.262686 0.791052
vt 0.265653 0.433355
vt 0.116422 0.317084
vt 0.109154 0.770172
vt 0.022110 0.826134
vt 0.021750 0.598510
vt 0.177117 0.955475
vt 0.021102 0.922257
vt 0.268031 0.770172
vt 0.022110 0.433355
vt 0.116422 0.598510
vt 0.177117 0.040120
vt 0.349030 0.072574
vt 0.278537 0.206738
vt 0.275690 0.231371
vt 0.347135 0.046344
vt 0.424893 0.224634
vt 0.422490 0.133181
vt 0.247490 0.067205
vt 0.500650 0.624723
vt 0.022103 0.555584
vt 0.300463 0.068480
vt 0.477411 0.623254
vt 0.064158 0.638797
vt 0.281031 0.638797
vt 0.281031 0.540099
vt 0.451709 0.936664
vt 0.451465 0.680663
vt 0.451722 0.680663
vt 0.451722 0.540099
vt 0.451709 0.791747
vt 0.451496 0.460037
vt 0.474405 0.735925
vt 0.262686 0.555584
vt 0.300463 0.800310
vt 0.791267 0.825522
vt 0.671721 0.681615
vt 0.654496 0.681615
vt 0.654496 0.499678
vt 0.790433 0.800310
vt 0.791267 0.825522
vt 0.671721 0.499678
vt 0.790433 0.441058
vt 0.651090 0.318049
vt 0.926193 0.674116
vt 0.797704 0.349067
vt 0.803633 0.526885
vt 0.639310 0.526885
vt 0.639310 0.638366
vt 0.947545 0.486459
vt 0.833128 0.486459
vt 0.833128 0.638366
vt 0.947545 0.560825
vt 0.876534 0.560825
vt 0.876534 0.674116
vt 0.797704 0.111259
vt 0.122644 0.214171
vt 0.109677 0.214171
vt 0.109677 0.199690
vt 0.066223 0.199690
vt 0.066223 0.177389
vt 0.146431 0.135069
vt 0.212816 0.057766
vt 0.990880 0.107769
vt 0.646417 0.172657
vt 0.694079 0.252367
vt 0.760397 0.172657
vt 0.694079 0.101406
vt 0.800315 0.070128
vt 0.779927 0.162778
vt 0.818793 0.101406
vt 0.800315 0.057766
vt 0.990880 0.107769
vt 0.646417 0.172657
vt 0.694079 0.252367
vt 0.760397 0.172657
vt 0.694079 0.101406
vt 0.800315 0.070128
vt 0.779927 0.162778
vt 0.818793 0.101406
vt 0.800315 0.317084
vt 0.109154 0.233118
vt 0.180373 0.426082
vt 0.186537 0.338806
vt 0.248844 0.462651
vt 0.337254 0.426082
vt 0.186537 0.735925
vt 0.262686 0.791052
vt 0.265653 0.433355
vt 0.116422 0.317084
vt 0.109154 0.770172
vt 0.022110 0.826134
vt 0.021750 0.598510
vt 0.177117 0.955475
vt 0.021102 0.922257
vt 0.268031 0.770172
vt 0.022110 0.433355
vt 0.116422 0.598510
vt 0.177117 0.040120
vt 0.349030 0.072574
vt 0.278537 0.206738
vt 0.275690 0.231371
vt 0.347135 0.046344
vt 0.424893 0.224634
vt 0.422490 0.133181
vt 0.247490 0.067205
vt 0.500650 0.624723
vt 0.022103 0.555584
vt 0.300463 0.068480
vt 0.477411 0.623254
vt 0.064158 0.638797
vt 0.281031 0.638797
vt 0.281031 0.540099
vt 0.451709 0.936664
vt 0.451465 0.680663
vt 0.451722 0.680663
vt 0.451722 0.540099
vt 0.451709 0.791747
vt 0.451496 0.460037
vt 0.474405 0.735925
vt 0.262686 0.555584
vt 0.300463 0.800310
vt 0.791267 0.825522
vt 0.671721 0.681615
vt 0.654496 0.681615
vt 0.654496 0.499678
vt 0.790433 0.800310
vt 0.791267 0.825522
vt 0.671721 0.499678
vt 0.790433 0.441058
vt 0.651090 0.318049
vt 0.926193 0.674116
vt 0.797704 0.349067
vt 0.803633 0.526885
vt 0.639310 0.526885
vt 0.639310 0.638366
vt 0.947545 0.486459
vt 0.833128 0.486459
vt 0.833128 0.638366
vt 0.947545 0.560825
vt 0.876534 0.560825
vt 0.876534 0.674116
vt 0.797704 0.111259
vt 0.122644 0.214171
vt 0.109677 0.214171
vt 0.109677 0.199690
vt 0.066223 0.199690
vt 0.066223 0.177389
vt 0.146431 0.135069
vt 0.212816 0.057766
vt 0.990880 0.107769
vt 0.646417 0.172657
vt 0.694079 0.252367
vt 0.760397 0.172657
vt 0.694079 0.101406
vt 0.800315 0.070128
vt 0.779927 0.162778
vt 0.818793 0.101406
vt 0.800315 0.057766
vt 0.990880 0.107769
vt 0.646417 0.172657
vt 0.694079 0.252367
vt 0.760397 0.172657
vt 0.694079 0.101406
vt 0.800315 0.070128
vt 0.779927 0.162778
vt 0.818793 0.101406
vt 0.800315 0.791052
vt 0.265653 0.288122
vt 0.022245 0.409647
vt 0.022124 0.536801
vt 0.022100 0.536801
vt 0.022100 0.409647
vt 0.022124 0.288122
vt 0.022245 0.206307
vt 0.585767 0.209093
vt 0.495978 0.071343
vt 0.587272 0.826134
vt 0.021750 0.104565
vt 0.622209 0.181571
vt 0.621585 0.204116
vt 0.473075 0.623254
vt 0.064158 0.624723
vt 0.022103 0.791747
vt 0.451496 0.985765
vt 0.664615 0.946593
vt 0.784179 0.171036
vt 0.226225 0.107142
vt 0.227816 0.137699
vt 0.176884 0.791052
vt 0.265653 0.288122
vt 0.022245 0.409647
vt 0.022124 0.536801
vt 0.022100 0.409647
vt 0.022124 0.536801
vt 0.022100 0.288122
vt 0.022245 0.206307
vt 0.585767 0.071343
vt 0.587272 0.209093
vt 0.495978 0.826134
vt 0.021750 0.104565
vt 0.622209 0.181571
vt 0.621585 0.204116
vt 0.473075 0.623254
vt 0.064158 0.624723
vt 0.022103 0.791747
vt 0.451496 0.985765
vt 0.664615 0.946593
vt 0.784179 0.171036
vt 0.226225 0.107142
vt 0.227816 0.137699
vt 0.176884 1.000000
vt 0.036343 0.135537
vt 0.651189 0.640876
vt 0.651189 0.247584
vt 0.651189 0.520656
vt 0.651189 0.388782
vt 0.651189 0.673432
vt 0.553519 0.178978
vt 0.433262 0.786304
vt 0.320715 0.508820
vt 0.407519 0.825784
vt 0.407818 0.811896
vt 0.357477 0.903038
vt 0.440839 0.946914
vt 0.368916 0.143305
vt 0.570720 0.845099
vt 0.154786 0.879089
vt 0.272415 0.886216
vt 0.345378 0.866837
vt 0.407147 0.449001
vt 0.408068 0.580361
vt 0.525845 0.502423
vt 0.486689 0.655037
vt 0.389175 0.632884
vt 0.462919 0.708307
vt 0.158509 0.317407
vt 0.414394 0.060088
vt 0.563381 0.446636
vt 0.324313 0.501667
vt 0.320078 0.618907
vt 0.153681 0.304712
vt 0.320487 0.446848
vt 0.234439 0.457114
vt 0.186570 0.272947
vt 0.168824 0.293473
vt 0.217612 0.112218
vt 0.437336 0.385939
vt 0.411241 0.391111
vt 0.320980 0.395651
vt 0.225421 0.240465
vt 0.426183 0.243071
vt 0.330954 0.240038
vt 0.232375 0.711312
vt 0.227590 0.623481
vt 0.235413 0.408578
vt 0.177305 0.712696
vt 0.084595 0.622390
vt 0.096370 0.220360
vt 0.183537 0.159660
vt 0.281948 0.116990
vt 0.302692 0.121997
vt 0.370175 0.172540
vt 0.363326 0.616574
vt 0.164752 0.313812
vt 0.314330 0.521669
vt 0.165554 0.305492
vt 0.193477 0.376740
vt 0.310504 0.365050
vt 0.190452 0.224497
vt 0.345934 0.204524
vt 0.265090 0.620071
vt 0.224686 0.524435
vt 0.223428 0.640084
vt 0.082703 0.572815
vt 0.086184 0.016365
vt 0.729827 0.016365
vt 0.906554 0.135537
vt 0.906554 0.135537
vt 0.729827 0.640876
vt 0.729828 0.247584
vt 0.729827 0.388782
vt 0.906555 0.388782
vt 0.729827 0.520656
vt 0.729828 0.640876
vt 0.906555 0.520656
vt 0.906555 0.247584
vt 0.906554 0.898725
vt 0.645528 0.947363
vt 0.627913 0.935446
vt 0.833667 0.833033
vt 0.677320 0.898725
vt 0.645528 0.807055
vt 0.508852 0.722859
vt 0.577494 0.807055
vt 0.508852 0.885227
vt 0.440524 0.947523
vt 0.036343 0.135537
vt 0.651189 0.640876
vt 0.651189 0.247584
vt 0.651189 0.520656
vt 0.651189 0.388782
vt 0.651189 0.673432
vt 0.553519 0.178978
vt 0.433262 0.786304
vt 0.320715 0.508820
vt 0.407519 0.825784
vt 0.407818 0.811896
vt 0.357477 0.903038
vt 0.440839 0.946914
vt 0.368916 0.143305
vt 0.570720 0.845099
vt 0.154786 0.879089
vt 0.272415 0.886216
vt 0.345378 0.866837
vt 0.407147 0.449001
vt 0.408068 0.580361
vt 0.525845 0.502423
vt 0.486689 0.655037
vt 0.389175 0.632884
vt 0.462919 0.708307
vt 0.158509 0.317407
vt 0.414394 0.060088
vt 0.563381 0.446636
vt 0.324313 0.501667
vt 0.320078 0.618907
vt 0.153681 0.304712
vt 0.320487 0.446848
vt 0.234439 0.457114
vt 0.186570 0.272947
vt 0.168824 0.293473
vt 0.217612 0.112218
vt 0.437336 0.385939
vt 0.411241 0.391111
vt 0.320980 0.395651
vt 0.225421 0.240465
vt 0.426183 0.243071
vt 0.330954 0.240038
vt 0.232375 0.711312
vt 0.227590 0.623481
vt 0.235413 0.408578
vt 0.177305 0.712696
vt 0.084595 0.622390
vt 0.096370 0.220360
vt 0.183537 0.159660
vt 0.281948 0.116990
vt 0.302692 0.121997
vt 0.370175 0.172540
vt 0.363326 0.616574
vt 0.164752 0.313812
vt 0.314330 0.521669
vt 0.165554 0.305492
vt 0.193477 0.376740
vt 0.310504 0.365050
vt 0.190452 0.224497
vt 0.345934 0.204524
vt 0.265090 0.620071
vt 0.224686 0.524435
vt 0.223428 0.640084
vt 0.082703 0.572815
vt 0.086184 0.016365
vt 0.729827 0.016365
vt 0.906554 0.135537
vt 0.906554 0.135537
vt 0.729827 0.640876
vt 0.729828 0.247584
vt 0.729827 0.388782
vt 0.906555 0.388782
vt 0.729827 0.520656
vt 0.729828 0.640876
vt 0.906555 0.520656
vt 0.906555 0.247584
vt 0.906554 0.898725
vt 0.645528 0.947363
vt 0.627913 0.935446
vt 0.833667 0.833033
vt 0.677320 0.898725
vt 0.645528 0.807055
vt 0.508852 0.722859
vt 0.577494 0.807055
vt 0.508852 0.885227
vt 0.440524 0.976071
vt 0.145256 0.981273
vt 0.282072 0.559712
vt 0.469745 0.699595
vt 0.403365 0.691889
vt 0.479899 0.590434
vt 0.434936 0.613579
vt 0.386854 0.668392
vt 0.349797 0.706796
vt 0.358792 0.855055
vt 0.020129 0.717215
vt 0.014149 0.718320
vt 0.302148 0.629278
vt 0.298989 0.501527
vt 0.250790 0.554860
vt 0.296615 0.546055
vt 0.239649 0.550341
vt 0.101572 0.541407
vt 0.155233 0.016365
vt 0.651189 0.281340
vt 0.018625 0.380869
vt 0.096102 0.381868
vt 0.023103 0.252220
vt 0.075465 0.480023
vt 0.019387 0.486012
vt 0.108409 0.281340
vt 0.018625 0.380869
vt 0.096102 0.381868
vt 0.023103 0.252220
vt 0.075465 0.480023
vt 0.019387 0.486012
vt 0.108409 0.281340
vt 0.018625 0.380869
vt 0.096102 0.252220
vt 0.075465 0.381868
vt 0.023103 0.480023
vt 0.019387 0.486012
vt 0.108409 0.302056
vt 0.136578 0.362194
vt 0.133307 0.648665
vt 0.025603 0.578960
vt 0.036809 0.181695
vt 0.222519 0.137038
vt 0.239665 0.281340
vt 0.018625 0.380869
vt 0.096102 0.252220
vt 0.075465 0.381868
vt 0.023103 0.281340
vt 0.018625 0.380869
vt 0.096102 0.252220
vt 0.075465 0.381868
vt 0.023103 0.281340
vt 0.018625 0.380869
vt 0.096102 0.381868
vt 0.023103 0.252220
vt 0.075465 0.758190
vt 0.651189 0.758189
vt 0.729828 0.520656
vt 0.729828 0.758189
vt 0.906556 0.976071
vt 0.145256 0.981273
vt 0.282072 0.559712
vt 0.469745 0.691889
vt 0.479899 0.699595
vt 0.403365 0.590434
vt 0.434936 0.613579
vt 0.386854 0.668392
vt 0.349797 0.706796
vt 0.358792 0.855055
vt 0.020129 0.717215
vt 0.014149 0.718320
vt 0.302148 0.629278
vt 0.298989 0.501527
vt 0.250790 0.554860
vt 0.296615 0.546055
vt 0.239649 0.550341
vt 0.101572 0.541407
vt 0.155233 0.016365
vt 0.651189 0.281340
vt 0.018625 0.381868
vt 0.023103 0.380869
vt 0.096102 0.252220
vt 0.075465 0.480023
vt 0.019387 0.486012
vt 0.108409 0.281340
vt 0.018625 0.381868
vt 0.023103 0.380869
vt 0.096102 0.252220
vt 0.075465 0.480023
vt 0.019387 0.486012
vt 0.108409 0.281340
vt 0.018625 0.252220
vt 0.075465 0.380869
vt 0.096102 0.381868
vt 0.023103 0.486012
vt 0.108409 0.480023
vt 0.019387 0.302056
vt 0.136578 0.362194
vt 0.133307 0.648665
vt 0.025603 0.578960
vt 0.036809 0.181695
vt 0.222519 0.137038
vt 0.239665 0.281340
vt 0.018625 0.252220
vt 0.075465 0.380869
vt 0.096102 0.381868
vt 0.023103 0.281340
vt 0.018625 0.252220
vt 0.075465 0.380869
vt 0.096102 0.381868
vt 0.023103 0.281340
vt 0.018625 0.381868
vt 0.023103 0.380869
vt 0.096102 0.252220
vt 0.075465 0.758190
vt 0.651189 0.758189
vt 0.729828 0.520656
vt 0.729828 0.758189
vt 0.906556 1.000000

f 44/44 47/47 244/244
f 47/47 44/44 108/108
f 244/244 48/48 46/46
f 48/48 244/244 47/47
f 108/108 49/49 47/47
f 49/49 108/108 110/110
f 47/47 50/50 48/48
f 50/50 47/47 49/49
f 110/110 51/51 49/49
f 51/51 110/110 112/112
f 49/49 52/52 50/50
f 52/52 49/49 51/51
f 112/112 245/245 51/51
f 245/245 112/112 53/53
f 51/51 55/55 52/52
f 55/55 51/51 245/245
f 53/53 246/246 245/245
f 246/246 53/53 56/56
f 245/245 58/58 55/55
f 58/58 245/245 246/246
f 56/56 60/60 246/246
f 60/60 56/56 59/59
f 246/246 61/61 58/58
f 61/61 246/246 60/60
f 59/59 247/247 60/60
f 247/247 59/59 62/62
f 60/60 64/64 61/61
f 64/64 60/60 247/247
f 62/62 244/244 247/247
f 244/244 62/62 44/44
f 247/247 46/46 64/64
f 46/46 247/247 244/244
f 118/118 67/67 65/65
f 65/65 67/67 66/66
f 68/68 70/70 45/45
f 45/45 70/70 69/69
f 71/71 72/72 73/73
f 72/72 121/121 73/73
f 74/74 76/76 63/63
f 63/63 76/76 75/75
f 77/77 54/54 79/79
f 54/54 78/78 79/79
f 80/80 82/82 81/81
f 81/81 82/82 123/123
f 83/83 57/57 84/84
f 57/57 124/124 84/84
f 85/85 86/86 88/88
f 86/86 87/87 88/88
f 126/126 91/91 89/89
f 89/89 91/91 90/90
f 92/92 93/93 95/95
f 93/93 94/94 95/95
f 96/96 99/99 97/97
f 97/97 99/99 98/98
f 130/130 100/100 102/102
f 100/100 101/101 102/102
f 103/103 106/106 104/104
f 104/104 106/106 105/105
f 44/44 109/109 108/108
f 109/109 44/44 248/248
f 248/248 48/48 109/109
f 48/48 248/248 46/46
f 108/108 111/111 110/110
f 111/111 108/108 109/109
f 109/109 50/50 111/111
f 50/50 109/109 48/48
f 110/110 113/113 112/112
f 113/113 110/110 111/111
f 111/111 52/52 113/113
f 52/52 111/111 50/50
f 112/112 249/249 53/53
f 249/249 112/112 113/113
f 113/113 55/55 249/249
f 55/55 113/113 52/52
f 53/53 250/250 56/56
f 250/250 53/53 249/249
f 249/249 58/58 250/250
f 58/58 249/249 55/55
f 56/56 116/116 59/59
f 116/116 56/56 250/250
f 250/250 61/61 116/116
f 61/61 250/250 58/58
f 59/59 251/251 62/62
f 251/251 59/59 116/116
f 116/116 64/64 251/251
f 64/64 116/116 61/61
f 62/62 248/248 44/44
f 248/248 62/62 251/251
f 251/251 46/46 248/248
f 46/46 251/251 64/64
f 260/260 119/119 261/261
f 119/119 262/262 261/261
f 263/263 107/107 264/264
f 107/107 265/265 264/264
f 266/266 267/267 120/120
f 120/120 267/267 268/268
f 269/269 117/117 270/270
f 117/117 271/271 270/270
f 272/272 273/273 114/114
f 114/114 273/273 274/274
f 275/275 122/122 276/276
f 122/122 277/277 276/276
f 278/278 279/279 115/115
f 115/115 279/279 280/280
f 85/85 88/88 125/125
f 125/125 88/88 87/87
f 281/281 127/127 282/282
f 127/127 283/283 282/282
f 284/284 285/285 128/128
f 128/128 285/285 286/286
f 96/96 129/129 99/99
f 129/129 98/98 99/99
f 130/130 102/102 131/131
f 131/131 102/102 101/101
f 287/287 132/132 288/288
f 132/132 289/289 288/288
f 141/141 139/139 143/143
f 139/139 141/141 135/135
f 144/144 135/135 141/141
f 135/135 144/144 136/136
f 147/147 142/142 148/148
f 142/142 147/147 150/150
f 150/150 143/143 142/142
f 143/143 150/150 151/151
f 141/141 151/151 149/149
f 151/151 141/141 143/143
f 137/137 141/141 149/149
f 141/141 137/137 144/144
f 140/140 161/161 133/133
f 138/138 143/143 139/139
f 143/143 138/138 142/142
f 136/136 159/159 157/157
f 159/159 136/136 144/144
f 137/137 159/159 144/144
f 159/159 137/137 158/158
f 134/134 161/161 140/140
f 146/146 142/142 138/138
f 142/142 146/146 148/148
f 152/152 139/139 135/135
f 139/139 152/152 154/154
f 155/155 135/135 136/136
f 135/135 155/155 152/152
f 147/147 153/153 150/150
f 153/153 147/147 156/156
f 150/150 154/154 151/151
f 154/154 150/150 153/153
f 152/152 151/151 154/154
f 151/151 152/152 149/149
f 137/137 152/152 155/155
f 152/152 137/137 149/149
f 133/133 156/156 140/140
f 156/156 133/133 146/146
f 138/138 154/154 153/153
f 154/154 138/138 139/139
f 155/155 157/157 160/160
f 157/157 155/155 136/136
f 158/158 155/155 160/160
f 155/155 158/158 137/137
f 134/134 156/156 147/147
f 156/156 134/134 140/140
f 146/146 153/153 156/156
f 153/153 146/146 138/138
f 171/171 159/159 172/172
f 159/159 171/171 157/157
f 172/172 158/158 145/145
f 158/158 172/172 159/159
f 160/160 171/171 181/181
f 171/171 160/160 157/157
f 158/158 181/181 145/145
f 181/181 158/158 160/160
f 161/161 148/148 146/146
f 146/146 133/133 161/161
f 147/147 148/148 161/161
f 161/161 134/134 147/147
f 191/191 197/197 192/192
f 197/197 191/191 168/168
f 168/168 191/191 164/164
f 164/164 170/170 168/168
f 169/169 174/174 175/175
f 176/176 168/168 170/170
f 170/170 165/165 176/176
f 167/167 162/162 187/187
f 164/164 185/185 170/170
f 185/185 164/164 183/183
f 170/170 185/185 184/184
f 184/184 165/165 170/170
f 163/163 167/167 187/187
f 173/173 169/169 175/175
f 169/169 173/173 166/166
f 180/180 191/191 178/178
f 191/191 180/180 164/164
f 174/174 179/179 182/182
f 179/179 174/174 177/177
f 165/165 178/178 176/176
f 178/178 165/165 180/180
f 162/162 182/182 173/173
f 182/182 162/162 167/167
f 180/180 183/183 164/164
f 183/183 180/180 186/186
f 184/184 180/180 165/165
f 180/180 184/184 186/186
f 163/163 182/182 167/167
f 182/182 163/163 174/174
f 173/173 179/179 166/166
f 179/179 173/173 182/182
f 171/171 185/185 183/183
f 185/185 171/171 172/172
f 172/172 184/184 185/185
f 184/184 172/172 145/145
f 186/186 171/171 183/183
f 171/171 186/186 181/181
f 184/184 181/181 186/186
f 181/181 184/184 145/145
f 173/173 175/175 187/187
f 187/187 162/162 173/173
f 187/187 175/175 174/174
f 174/174 163/163 187/187
f 177/177 174/174 169/169
f 190/190 290/290 291/291
f 290/290 190/190 292/292
f 293/293 198/198 294/294
f 198/198 295/295 294/294
f 295/295 198/198 189/189
f 296/296 189/189 188/188
f 189/189 296/296 295/295
f 188/188 293/293 296/296
f 199/199 297/297 298/298
f 297/297 199/199 299/299
f 291/291 199/199 190/190
f 199/199 291/291 299/299
f 194/194 300/300 301/301
f 300/300 194/194 195/195
f 194/194 302/302 193/193
f 302/302 194/194 301/301
f 303/303 196/196 304/304
f 196/196 303/303 193/193
f 196/196 305/305 304/304
f 305/305 196/196 195/195
f 194/194 303/303 306/306
f 303/303 194/194 193/193
f 195/195 306/306 305/305
f 306/306 195/195 194/194
f 196/196 302/302 307/307
f 302/302 196/196 193/193
f 196/196 300/300 195/195
f 300/300 196/196 307/307
f 201/201 206/206 200/200
f 206/206 201/201 209/209
f 211/211 200/200 208/208
f 200/200 211/211 201/201
f 201/201 204/204 205/205
f 225/225 214/214 204/204
f 256/256 253/253 202/202
f 253/253 256/256 227/227
f 205/205 227/227 256/256
f 227/227 205/205 204/204
f 226/226 256/256 202/202
f 256/256 226/226 218/218
f 210/210 206/206 209/209
f 206/206 210/210 207/207
f 211/211 207/207 210/210
f 207/207 211/211 208/208
f 209/209 205/205 210/210
f 228/228 203/203 229/229
f 230/230 255/255 231/231
f 205/205 218/218 212/212
f 218/218 205/205 256/256
f 232/232 216/216 233/233
f 234/234 252/252 235/235
f 214/214 220/220 223/223
f 220/220 214/214 213/213
f 225/225 213/213 214/214
f 213/213 225/225 222/222
f 223/223 219/219 214/214
f 213/213 206/206 220/220
f 206/206 213/213 200/200
f 222/222 200/200 213/213
f 200/200 222/222 208/208
f 258/258 253/253 227/227
f 253/253 258/258 215/215
f 219/219 227/227 204/204
f 227/227 219/219 258/258
f 226/226 258/258 218/218
f 258/258 226/226 215/215
f 224/224 220/220 221/221
f 220/220 224/224 223/223
f 225/225 221/221 222/222
f 221/221 225/225 224/224
f 224/224 212/212 219/219
f 224/224 225/225 212/212
f 206/206 221/221 220/220
f 221/221 206/206 207/207
f 207/207 222/222 221/221
f 222/222 207/207 208/208
f 236/236 217/217 237/237
f 238/238 259/259 239/239
f 219/219 218/218 258/258
f 218/218 219/219 212/212
f 240/240 257/257 241/241
f 242/242 254/254 243/243
f 204/204 211/211 225/225
f 204/204 201/201 211/211
f 219/219 204/204 214/214
f 205/205 209/209 201/201
f 219/219 223/223 224/224
f 211/211 210/210 212/212
f 212/212 225/225 211/211
f 205/205 212/212 210/210
f 3/3 5/5 1/1
f 23/23 1/1 2/2
f 24/24 2/2 30/30
f 5/5 25/25 1/1
f 1/1 26/26 2/2
f 2/2 24/24 27/27
f 27/27 4/4 20/20
f 20/20 4/4 5/5
f 6/6 8/8 5/5
f 7/7 8/8 17/17
f 17/17 40/40 35/35
f 35/35 12/12 19/19
f 42/42 20/20 17/17
f 17/17 18/18 37/37
f 35/35 37/37 15/15
f 15/15 16/16 9/9
f 9/9 12/12 37/37
f 34/34 16/16 20/20
f 20/20 41/41 9/9
f 9/9 13/13 20/20
f 11/11 19/19 8/8
f 29/29 3/3 21/21
f 21/21 23/23 22/22
f 22/22 24/24 30/30
f 25/25 29/29 21/21
f 26/26 21/21 22/22
f 24/24 22/22 27/27
f 27/27 42/42 43/43
f 43/43 41/41 8/8
f 8/8 7/7 39/39
f 39/39 33/33 35/35
f 35/35 10/10 19/19
f 43/43 42/42 39/39
f 39/39 43/43 37/37
f 37/37 35/35 38/38
f 38/38 36/36 33/33
f 33/33 13/13 37/37
f 16/16 34/34 43/43
f 43/43 39/39 33/33
f 33/33 39/39 43/43
f 351/351 354/354 551/551
f 354/354 351/351 415/415
f 551/551 355/355 353/353
f 355/355 551/551 354/354
f 415/415 356/356 354/354
f 356/356 415/415 417/417
f 354/354 357/357 355/355
f 357/357 354/354 356/356
f 417/417 358/358 356/356
f 358/358 417/417 419/419
f 356/356 359/359 357/357
f 359/359 356/356 358/358
f 419/419 552/552 358/358
f 552/552 419/419 360/360
f 358/358 362/362 359/359
f 362/362 358/358 552/552
f 360/360 553/553 552/552
f 553/553 360/360 363/363
f 552/552 365/365 362/362
f 365/365 552/552 553/553
f 363/363 367/367 553/553
f 367/367 363/363 366/366
f 553/553 368/368 365/365
f 368/368 553/553 367/367
f 366/366 554/554 367/367
f 554/554 366/366 369/369
f 367/367 371/371 368/368
f 371/371 367/367 554/554
f 369/369 551/551 554/554
f 551/551 369/369 351/351
f 554/554 353/353 371/371
f 353/353 554/554 551/551
f 425/425 374/374 372/372
f 372/372 374/374 373/373
f 375/375 377/377 352/352
f 352/352 377/377 376/376
f 378/378 379/379 380/380
f 379/379 428/428 380/380
f 381/381 383/383 370/370
f 370/370 383/383 382/382
f 384/384 361/361 386/386
f 361/361 385/385 386/386
f 387/387 389/389 388/388
f 388/388 389/389 430/430
f 390/390 364/364 391/391
f 364/364 431/431 391/391
f 392/392 393/393 395/395
f 393/393 394/394 395/395
f 433/433 398/398 396/396
f 396/396 398/398 397/397
f 399/399 400/400 402/402
f 400/400 401/401 402/402
f 403/403 406/406 404/404
f 404/404 406/406 405/405
f 437/437 407/407 409/409
f 407/407 408/408 409/409
f 410/410 413/413 411/411
f 411/411 413/413 412/412
f 351/351 416/416 415/415
f 416/416 351/351 555/555
f 555/555 355/355 416/416
f 355/355 555/555 353/353
f 415/415 418/418 417/417
f 418/418 415/415 416/416
f 416/416 357/357 418/418
f 357/357 416/416 355/355
f 417/417 420/420 419/419
f 420/420 417/417 418/418
f 418/418 359/359 420/420
f 359/359 418/418 357/357
f 419/419 556/556 360/360
f 556/556 419/419 420/420
f 420/420 362/362 556/556
f 362/362 420/420 359/359
f 360/360 557/557 363/363
f 557/557 360/360 556/556
f 556/556 365/365 557/557
f 365/365 556/556 362/362
f 363/363 423/423 366/366
f 423/423 363/363 557/557
f 557/557 368/368 423/423
f 368/368 557/557 365/365
f 366/366 558/558 369/369
f 558/558 366/366 423/423
f 423/423 371/371 558/558
f 371/371 423/423 368/368
f 369/369 555/555 351/351
f 555/555 369/369 558/558
f 558/558 353/353 555/555
f 353/353 558/558 371/371
f 567/567 426/426 568/568
f 426/426 569/569 568/568
f 570/570 414/414 571/571
f 414/414 572/572 571/571
f 573/573 574/574 427/427
f 427/427 574/574 575/575
f 576/576 424/424 577/577
f 424/424 578/578 577/577
f 579/579 580/580 421/421
f 421/421 580/580 581/581
f 582/582 429/429 583/583
f 429/429 584/584 583/583
f 585/585 586/586 422/422
f 422/422 586/586 587/587
f 392/392 395/395 432/432
f 432/432 395/395 394/394
f 588/588 434/434 589/589
f 434/434 590/590 589/589
f 591/591 592/592 435/435
f 435/435 592/592 593/593
f 403/403 436/436 406/406
f 436/436 405/405 406/406
f 437/437 409/409 438/438
f 438/438 409/409 408/408
f 594/594 439/439 595/595
f 439/439 596/596 595/595
f 448/448 446/446 450/450
f 446/446 448/448 442/442
f 451/451 442/442 448/448
f 442/442 451/451 443/443
f 454/454 449/449 455/455
f 449/449 454/454 457/457
f 457/457 450/450 449/449
f 450/450 457/457 458/458
f 448/448 458/458 456/456
f 458/458 448/448 450/450
f 444/444 448/448 456/456
f 448/448 444/444 451/451
f 447/447 468/468 440/440
f 445/445 450/450 446/446
f 450/450 445/445 449/449
f 443/443 466/466 464/464
f 466/466 443/443 451/451
f 444/444 466/466 451/451
f 466/466 444/444 465/465
f 441/441 468/468 447/447
f 453/453 449/449 445/445
f 449/449 453/453 455/455
f 459/459 446/446 442/442
f 446/446 459/459 461/461
f 462/462 442/442 443/443
f 442/442 462/462 459/459
f 454/454 460/460 457/457
f 460/460 454/454 463/463
f 457/457 461/461 458/458
f 461/461 457/457 460/460
f 459/459 458/458 461/461
f 458/458 459/459 456/456
f 444/444 459/459 462/462
f 459/459 444/444 456/456
f 440/440 463/463 447/447
f 463/463 440/440 453/453
f 445/445 461/461 460/460
f 461/461 445/445 446/446
f 462/462 464/464 467/467
f 464/464 462/462 443/443
f 465/465 462/462 467/467
f 462/462 465/465 444/444
f 441/441 463/463 454/454
f 463/463 441/441 447/447
f 453/453 460/460 463/463
f 460/460 453/453 445/445
f 478/478 466/466 479/479
f 466/466 478/478 464/464
f 479/479 465/465 452/452
f 465/465 479/479 466/466
f 467/467 478/478 488/488
f 478/478 467/467 464/464
f 465/465 488/488 452/452
f 488/488 465/465 467/467
f 468/468 455/455 453/453
f 453/453 440/440 468/468
f 454/454 455/455 468/468
f 468/468 441/441 454/454
f 498/498 504/504 499/499
f 504/504 498/498 475/475
f 475/475 498/498 471/471
f 471/471 477/477 475/475
f 476/476 481/481 482/482
f 483/483 475/475 477/477
f 477/477 472/472 483/483
f 474/474 469/469 494/494
f 471/471 492/492 477/477
f 492/492 471/471 490/490
f 477/477 492/492 491/491
f 491/491 472/472 477/477
f 470/470 474/474 494/494
f 480/480 476/476 482/482
f 476/476 480/480 473/473
f 487/487 498/498 485/485
f 498/498 487/487 471/471
f 481/481 486/486 489/489
f 486/486 481/481 484/484
f 472/472 485/485 483/483
f 485/485 472/472 487/487
f 469/469 489/489 480/480
f 489/489 469/469 474/474
f 487/487 490/490 471/471
f 490/490 487/487 493/493
f 491/491 487/487 472/472
f 487/487 491/491 493/493
f 470/470 489/489 474/474
f 489/489 470/470 481/481
f 480/480 486/486 473/473
f 486/486 480/480 489/489
f 478/478 492/492 490/490
f 492/492 478/478 479/479
f 479/479 491/491 492/492
f 491/491 479/479 452/452
f 493/493 478/478 490/490
f 478/478 493/493 488/488
f 491/491 488/488 493/493
f 488/488 491/491 452/452
f 480/480 482/482 494/494
f 494/494 469/469 480/480
f 494/494 482/482 481/481
f 481/481 470/470 494/494
f 484/484 481/481 476/476
f 497/497 597/597 598/598
f 597/597 497/497 599/599
f 600/600 505/505 601/601
f 505/505 602/602 601/601
f 602/602 505/505 496/496
f 603/603 496/496 495/495
f 496/496 603/603 602/602
f 495/495 600/600 603/603
f 506/506 604/604 605/605
f 604/604 506/506 606/606
f 598/598 506/506 497/497
f 506/506 598/598 606/606
f 501/501 607/607 608/608
f 607/607 501/501 502/502
f 501/501 609/609 500/500
f 609/609 501/501 608/608
f 610/610 503/503 611/611
f 503/503 610/610 500/500
f 503/503 612/612 611/611
f 612/612 503/503 502/502
f 501/501 610/610 613/613
f 610/610 501/501 500/500
f 502/502 613/613 612/612
f 613/613 502/502 501/501
f 503/503 609/609 614/614
f 609/609 503/503 500/500
f 503/503 607/607 502/502
f 607/607 503/503 614/614
f 508/508 513/513 507/507
f 513/513 508/508 516/516
f 518/518 507/507 515/515
f 507/507 518/518 508/508
f 508/508 511/511 512/512
f 532/532 521/521 511/511
f 563/563 560/560 509/509
f 560/560 563/563 534/534
f 512/512 534/534 563/563
f 534/534 512/512 511/511
f 533/533 563/563 509/509
f 563/563 533/533 525/525
f 517/517 513/513 516/516
f 513/513 517/517 514/514
f 518/518 514/514 517/517
f 514/514 518/518 515/515
f 516/516 512/512 517/517
f 535/535 510/510 536/536
f 537/537 562/562 538/538
f 512/512 525/525 519/519
f 525/525 512/512 563/563
f 539/539 523/523 540/540
f 541/541 559/559 542/542
f 521/521 527/527 530/530
f 527/527 521/521 520/520
f 532/532 520/520 521/521
f 520/520 532/532 529/529
f 530/530 526/526 521/521
f 520/520 513/513 527/527
f 513/513 520/520 507/507
f 529/529 507/507 520/520
f 507/507 529/529 515/515
f 565/565 560/560 534/534
f 560/560 565/565 522/522
f 526/526 534/534 511/511
f 534/534 526/526 565/565
f 533/533 565/565 525/525
f 565/565 533/533 522/522
f 531/531 527/527 528/528
f 527/527 531/531 530/530
f 532/532 528/528 529/529
f 528/528 532/532 531/531
f 531/531 519/519 526/526
f 531/531 532/532 519/519
f 513/513 528/528 527/527
f 528/528 513/513 514/514
f 514/514 529/529 528/528
f 529/529 514/514 515/515
f 543/543 524/524 544/544
f 545/545 566/566 546/546
f 526/526 525/525 565/565
f 525/525 526/526 519/519
f 547/547 564/564 548/548
f 549/549 561/561 550/550
f 511/511 518/518 532/532
f 511/511 508/508 518/518
f 526/526 511/511 521/521
f 512/512 516/516 508/508
f 526/526 530/530 531/531
f 518/518 517/517 519/519
f 519/519 532/532 518/518
f 512/512 519/519 517/517
f 310/310 312/312 308/308
f 330/330 308/308 309/309
f 331/331 309/309 337/337
f 312/312 332/332 308/308
f 308/308 333/333 309/309
f 309/309 331/331 334/334
f 334/334 311/311 327/327
f 327/327 311/311 312/312
f 313/313 315/315 312/312
f 314/314 315/315 324/324
f 324/324 347/347 342/342
f 342/342 319/319 326/326
f 349/349 327/327 324/324
f 324/324 325/325 344/344
f 342/342 344/344 322/322
f 322/322 323/323 316/316
f 316/316 319/319 344/344
f 341/341 323/323 327/327
f 327/327 348/348 316/316
f 316/316 320/320 327/327
f 318/318 326/326 315/315
f 336/336 310/310 328/328
f 328/328 330/330 329/329
f 329/329 331/331 337/337
f 332/332 336/336 328/328
f 333/333 328/328 329/329
f 331/331 329/329 334/334
f 334/334 349/349 350/350
f 350/350 348/348 315/315
f 315/315 314/314 346/346
f 346/346 340/340 342/342
f 342/342 317/317 326/326
f 350/350 349/349 346/346
f 346/346 350/350 344/344
f 344/344 342/342 345/345
f 345/345 343/343 340/340
f 340/340 320/320 344/344
f 323/323 341/341 350/350
f 350/350 346/346 340/340
f 340/340 346/346 350/350
f 616/616 620/620 617/617
f 620/620 616/616 621/621
f 622/622 617/617 623/623
f 617/617 622/622 616/616
f 617/617 619/619 618/618
f 619/619 617/617 620/620
f 621/621 616/616 615/615
f 624/624 617/617 618/618
f 617/617 624/624 623/623
f 616/616 622/622 615/615
f 625/625 624/624 618/618
f 624/624 625/625 626/626
f 627/627 618/618 619/619
f 618/618 627/627 625/625
f 628/628 1233/1233 1234/1234
f 1233/1233 628/628 629/629
f 1235/1235 629/629 628/628
f 629/629 1235/1235 1236/1236
f 629/629 1237/1237 1233/1233
f 1237/1237 629/629 630/630
f 1234/1234 1238/1238 628/628
f 1239/1239 629/629 1236/1236
f 629/629 1239/1239 630/630
f 628/628 1238/1238 1235/1235
f 631/631 1239/1239 1240/1240
f 1239/1239 631/631 630/630
f 1241/1241 630/630 631/631
f 630/630 1241/1241 1237/1237
f 633/633 634/634 637/637
f 637/637 638/638 633/633
f 639/639 640/640 634/634
f 634/634 633/633 639/639
f 634/634 635/635 636/636
f 636/636 637/637 634/634
f 638/638 632/632 633/633
f 641/641 635/635 634/634
f 634/634 640/640 641/641
f 633/633 632/632 639/639
f 642/642 635/635 641/641
f 641/641 643/643 642/642
f 644/644 636/636 635/635
f 635/635 642/642 644/644
f 645/645 1242/1242 1243/1243
f 1243/1243 646/646 645/645
f 1244/1244 645/645 646/646
f 646/646 1245/1245 1244/1244
f 646/646 1243/1243 1246/1246
f 1246/1246 647/647 646/646
f 1242/1242 645/645 1247/1247
f 1248/1248 1245/1245 646/646
f 646/646 647/647 1248/1248
f 645/645 1244/1244 1247/1247
f 648/648 1249/1249 1248/1248
f 1248/1248 647/647 648/648
f 1250/1250 648/648 647/647
f 647/647 1246/1246 1250/1250
f 1259/1259 1260/1260 695/695
f 697/697 695/695 1260/1260
f 1261/1261 698/698 697/697
f 699/699 1262/1262 1263/1263
f 1261/1261 700/700 698/698
f 700/700 1261/1261 1264/1264
f 1263/1263 696/696 699/699
f 1264/1264 1265/1265 700/700
f 699/699 726/726 1265/1265
f 1265/1265 1262/1262 699/699
f 695/695 689/689 690/690
f 689/689 695/695 697/697
f 1266/1266 1267/1267 691/691
f 691/691 696/696 1266/1266
f 698/698 692/692 689/689
f 689/689 697/697 698/698
f 698/698 700/700 692/692
f 693/693 692/692 700/700
f 699/699 691/691 694/694
f 691/691 699/699 696/696
f 726/726 693/693 700/700
f 726/726 694/694 693/693
f 697/697 1260/1260 1261/1261
f 691/691 1267/1267 701/701
f 701/701 712/712 691/691
f 702/702 1268/1268 690/690
f 690/690 689/689 702/702
f 710/710 694/694 703/703
f 694/694 710/710 693/693
f 710/710 692/692 693/693
f 692/692 710/710 704/704
f 703/703 691/691 712/712
f 691/691 703/703 694/694
f 692/692 702/702 689/689
f 702/702 692/692 704/704
f 724/724 725/725 732/732
f 713/713 724/724 715/715
f 1269/1269 720/720 729/729
f 720/720 1269/1269 1270/1270
f 1271/1271 702/702 719/719
f 723/723 722/722 717/717
f 717/717 710/710 714/714
f 704/704 719/719 702/702
f 704/704 710/710 717/717
f 727/727 709/709 728/728
f 709/709 727/727 711/711
f 730/730 724/724 731/731
f 724/724 730/730 723/723
f 714/714 715/715 724/724
f 716/716 713/713 715/715
f 1268/1268 702/702 1271/1271
f 714/714 710/710 703/703
f 703/703 716/716 714/714
f 713/713 716/716 701/701
f 716/716 703/703 712/712
f 714/714 716/716 715/715
f 701/701 716/716 712/712
f 708/708 727/727 730/730
f 727/727 708/708 711/711
f 717/717 718/718 704/704
f 719/719 704/704 718/718
f 1270/1270 719/719 720/720
f 721/721 720/720 719/719
f 705/705 729/729 707/707
f 728/728 707/707 729/729
f 707/707 728/728 709/709
f 717/717 721/721 718/718
f 719/719 718/718 721/721
f 723/723 730/730 722/722
f 721/721 717/717 722/722
f 724/724 723/723 714/714
f 714/714 723/723 717/717
f 732/732 731/731 724/724
f 719/719 1270/1270 1271/1271
f 724/724 713/713 725/725
f 699/699 694/694 726/726
f 726/726 700/700 1265/1265
f 721/721 722/722 727/727
f 722/722 730/730 727/727
f 727/727 728/728 721/721
f 720/720 721/721 728/728
f 728/728 729/729 720/720
f 731/731 708/708 730/730
f 708/708 731/731 706/706
f 1272/1272 731/731 732/732
f 731/731 1272/1272 706/706
f 729/729 705/705 1269/1269
f 696/696 1273/1273 1266/1266
f 1273/1273 696/696 1263/1263
f 1273/1273 1274/1274 1266/1266
f 742/742 758/758 757/757
f 758/758 742/742 743/743
f 743/743 742/742 741/741
f 742/742 744/744 741/741
f 747/747 746/746 745/745
f 746/746 748/748 745/745
f 751/751 750/750 749/749
f 752/752 750/750 751/751
f 750/750 752/752 753/753
f 747/747 755/755 746/746
f 755/755 747/747 754/754
f 746/746 756/756 748/748
f 756/756 746/746 755/755
f 742/742 759/759 744/744
f 759/759 742/742 757/757
f 761/761 774/774 762/762
f 774/774 761/761 773/773
f 762/762 760/760 761/761
f 761/761 760/760 763/763
f 766/766 764/764 765/765
f 765/765 764/764 767/767
f 768/768 1275/1275 1276/1276
f 769/769 1276/1276 1277/1277
f 1276/1276 769/769 768/768
f 766/766 771/771 770/770
f 771/771 766/766 765/765
f 765/765 772/772 771/771
f 772/772 765/765 767/767
f 761/761 775/775 773/773
f 775/775 761/761 763/763
f 776/776 778/778 777/777
f 779/779 778/778 776/776
f 778/778 779/779 780/780
f 781/781 1278/1278 1279/1279
f 782/782 1279/1279 1280/1280
f 1279/1279 782/782 781/781
f 1300/1300 824/824 1301/1301
f 826/826 1301/1301 824/824
f 1302/1302 826/826 827/827
f 828/828 1303/1303 1304/1304
f 1302/1302 827/827 829/829
f 829/829 1305/1305 1302/1302
f 1303/1303 828/828 825/825
f 1305/1305 829/829 1306/1306
f 828/828 1306/1306 855/855
f 1306/1306 828/828 1304/1304
f 824/824 819/819 818/818
f 818/818 826/826 824/824
f 1307/1307 820/820 1308/1308
f 820/820 1307/1307 825/825
f 827/827 818/818 821/821
f 818/818 827/827 826/826
f 827/827 821/821 829/829
f 822/822 829/829 821/821
f 828/828 823/823 820/820
f 820/820 825/825 828/828
f 855/855 829/829 822/822
f 855/855 822/822 823/823
f 826/826 1302/1302 1301/1301
f 820/820 830/830 1308/1308
f 830/830 820/820 841/841
f 831/831 819/819 1309/1309
f 819/819 831/831 818/818
f 839/839 832/832 823/823
f 823/823 822/822 839/839
f 839/839 822/822 821/821
f 821/821 833/833 839/839
f 832/832 841/841 820/820
f 820/820 823/823 832/832
f 821/821 818/818 831/831
f 831/831 833/833 821/821
f 853/853 861/861 854/854
f 842/842 844/844 853/853
f 1310/1310 858/858 849/849
f 849/849 1311/1311 1310/1310
f 1312/1312 848/848 831/831
f 852/852 846/846 851/851
f 846/846 843/843 839/839
f 833/833 831/831 848/848
f 833/833 846/846 839/839
f 856/856 857/857 838/838
f 838/838 840/840 856/856
f 859/859 860/860 853/853
f 853/853 852/852 859/859
f 843/843 853/853 844/844
f 845/845 844/844 842/842
f 1309/1309 1312/1312 831/831
f 843/843 832/832 839/839
f 832/832 843/843 845/845
f 842/842 830/830 845/845
f 845/845 841/841 832/832
f 843/843 844/844 845/845
f 830/830 841/841 845/845
f 837/837 859/859 856/856
f 856/856 840/840 837/837
f 846/846 833/833 847/847
f 848/848 847/847 833/833
f 1311/1311 849/849 848/848
f 850/850 848/848 849/849
f 834/834 836/836 858/858
f 857/857 858/858 836/836
f 836/836 838/838 857/857
f 846/846 847/847 850/850
f 848/848 850/850 847/847
f 852/852 851/851 859/859
f 850/850 851/851 846/846
f 853/853 843/843 852/852
f 843/843 846/846 852/852
f 861/861 853/853 860/860
f 848/848 1312/1312 1311/1311
f 853/853 854/854 842/842
f 828/828 855/855 823/823
f 855/855 1306/1306 829/829
f 850/850 856/856 851/851
f 851/851 856/856 859/859
f 856/856 850/850 857/857
f 849/849 857/857 850/850
f 857/857 849/849 858/858
f 860/860 859/859 837/837
f 837/837 835/835 860/860
f 1313/1313 861/861 860/860
f 860/860 835/835 1313/1313
f 858/858 1310/1310 834/834
f 825/825 1307/1307 1314/1314
f 1314/1314 1303/1303 825/825
f 1314/1314 1307/1307 1315/1315
f 865/865 880/880 881/881
f 881/881 866/866 865/865
f 866/866 864/864 865/865
f 865/865 864/864 867/867
f 870/870 868/868 869/869
f 869/869 868/868 871/871
f 874/874 872/872 873/873
f 875/875 874/874 873/873
f 873/873 876/876 875/875
f 870/870 869/869 878/878
f 878/878 877/877 870/870
f 869/869 871/871 879/879
f 879/879 878/878 869/869
f 865/865 867/867 882/882
f 882/882 880/880 865/865
f 884/884 885/885 897/897
f 897/897 896/896 884/884
f 885/885 884/884 883/883
f 884/884 886/886 883/883
f 889/889 888/888 887/887
f 888/888 890/890 887/887
f 891/891 1316/1316 1317/1317
f 892/892 1318/1318 1316/1316
f 1316/1316 891/891 892/892
f 889/889 893/893 894/894
f 894/894 888/888 889/889
f 888/888 894/894 895/895
f 895/895 890/890 888/888
f 884/884 896/896 898/898
f 898/898 886/886 884/884
f 906/906 914/914 910/910
f 914/914 906/906 915/915
f 913/913 914/914 901/901
f 909/909 908/908 907/907
f 907/907 906/906 909/909
f 905/905 904/904 908/908
f 908/908 909/909 905/905
f 903/903 905/905 909/909
f 909/909 911/911 903/903
f 899/899 911/911 912/912
f 906/906 911/911 909/909
f 911/911 906/906 910/910
f 911/911 913/913 912/912
f 913/913 911/911 910/910
f 900/900 916/916 902/902
f 916/916 900/900 915/915
f 911/911 899/899 903/903
f 901/901 915/915 900/900
f 915/915 901/901 914/914
f 907/907 915/915 906/906
f 915/915 907/907 916/916
f 914/914 913/913 910/910
f 922/922 928/928 929/929
f 928/928 922/922 924/924
f 927/927 919/919 928/928
f 923/923 1319/1319 1320/1320
f 1319/1319 923/923 922/922
f 921/921 1320/1320 1321/1321
f 1320/1320 921/921 923/923
f 920/920 923/923 921/921
f 923/923 920/920 925/925
f 917/917 926/926 925/925
f 922/922 923/923 925/925
f 925/925 924/924 922/922
f 925/925 926/926 927/927
f 927/927 924/924 925/925
f 918/918 1322/1322 929/929
f 1322/1322 918/918 1323/1323
f 925/925 920/920 917/917
f 919/919 929/929 928/928
f 929/929 919/919 918/918
f 1319/1319 929/929 1322/1322
f 929/929 1319/1319 922/922
f 928/928 924/924 927/927
f 937/937 945/945 946/946
f 945/945 937/937 941/941
f 944/944 932/932 945/945
f 940/940 938/938 939/939
f 938/938 940/940 937/937
f 936/936 939/939 935/935
f 939/939 936/936 940/940
f 934/934 940/940 936/936
f 940/940 934/934 942/942
f 930/930 943/943 942/942
f 937/937 940/940 942/942
f 942/942 941/941 937/937
f 942/942 943/943 944/944
f 944/944 941/941 942/942
f 931/931 947/947 946/946
f 947/947 931/931 933/933
f 942/942 934/934 930/930
f 932/932 946/946 945/945
f 946/946 932/932 931/931
f 938/938 946/946 947/947
f 946/946 938/938 937/937
f 945/945 941/941 944/944
f 953/953 959/959 955/955
f 959/959 953/953 960/960
f 958/958 959/959 950/950
f 954/954 1324/1324 1325/1325
f 1325/1325 953/953 954/954
f 952/952 1326/1326 1324/1324
f 1324/1324 954/954 952/952
f 951/951 952/952 954/954
f 954/954 956/956 951/951
f 948/948 956/956 957/957
f 953/953 956/956 954/954
f 956/956 953/953 955/955
f 956/956 958/958 957/957
f 958/958 956/956 955/955
f 949/949 1327/1327 1328/1328
f 1327/1327 949/949 960/960
f 956/956 948/948 951/951
f 950/950 960/960 949/949
f 960/960 950/950 959/959
f 1325/1325 960/960 953/953
f 960/960 1325/1325 1327/1327
f 959/959 958/958 955/955
f 969/969 970/970 968/968
f 968/968 964/964 969/969
f 975/975 965/965 963/963
f 965/965 975/975 969/969
f 970/970 969/969 972/972
f 1329/1329 1330/1330 967/967
f 974/974 967/967 971/971
f 989/989 966/966 973/973
f 966/966 989/989 987/987
f 964/964 990/990 965/965
f 990/990 964/964 986/986
f 961/961 962/962 1330/1330
f 1329/1329 967/967 966/966
f 973/973 966/966 974/974
f 967/967 962/962 971/971
f 974/974 966/966 967/967
f 1330/1330 962/962 967/967
f 968/968 970/970 1331/1331
f 969/969 964/964 965/965
f 979/979 962/962 981/981
f 983/983 971/971 979/979
f 978/978 1331/1331 977/977
f 970/970 977/977 1331/1331
f 980/980 977/977 972/972
f 981/981 962/962 961/961
f 992/992 996/996 980/980
f 972/972 977/977 970/970
f 992/992 980/980 972/972
f 979/979 984/984 983/983
f 1332/1332 981/981 961/961
f 979/979 971/971 962/962
f 975/975 992/992 972/972
f 983/983 999/999 971/971
f 995/995 973/973 974/974
f 995/995 974/974 999/999
f 982/982 996/996 985/985
f 969/969 975/975 972/972
f 996/996 982/982 980/980
f 991/991 973/973 995/995
f 973/973 991/991 989/989
f 1333/1333 993/993 1334/1334
f 1334/1334 993/993 1335/1335
f 1336/1336 993/993 1337/1337
f 1338/1338 993/993 1336/1336
f 1337/1337 993/993 1333/1333
f 1329/1329 987/987 1339/1339
f 987/987 1329/1329 966/966
f 988/988 965/965 990/990
f 965/965 988/988 963/963
f 997/997 976/976 994/994
f 997/997 975/975 976/976
f 992/992 975/975 997/997
f 996/996 992/992 998/998
f 998/998 992/992 997/997
f 999/999 974/974 971/971
f 1000/1000 1002/1002 1001/1001
f 1003/1003 1002/1002 1000/1000
f 1002/1002 1003/1003 1004/1004
f 1005/1005 1340/1340 1341/1341
f 1006/1006 1341/1341 1342/1342
f 1341/1341 1006/1006 1005/1005
f 1007/1007 1009/1009 1008/1008
f 1010/1010 1009/1009 1007/1007
f 1009/1009 1010/1010 1011/1011
f 1012/1012 1343/1343 1344/1344
f 1013/1013 1344/1344 1345/1345
f 1344/1344 1013/1013 1012/1012
f 1014/1014 1016/1016 1015/1015
f 1017/1017 1016/1016 1014/1014
f 1016/1016 1017/1017 1018/1018
f 1019/1019 1346/1346 1347/1347
f 1020/1020 1347/1347 1348/1348
f 1347/1347 1020/1020 1019/1019
f 1021/1021 1023/1023 1022/1022
f 1024/1024 1023/1023 1021/1021
f 1023/1023 1024/1024 1025/1025
f 1026/1026 1349/1349 1350/1350
f 1027/1027 1350/1350 1351/1351
f 1350/1350 1027/1027 1026/1026
f 1028/1028 1030/1030 1029/1029
f 1031/1031 1030/1030 1028/1028
f 1030/1030 1031/1031 1032/1032
f 1033/1033 1352/1352 1353/1353
f 1034/1034 1353/1353 1354/1354
f 1353/1353 1034/1034 1033/1033
f 1043/1043 1042/1042 1044/1044
f 1042/1042 1043/1043 1038/1038
f 1049/1049 1037/1037 1039/1039
f 1039/1039 1043/1043 1049/1049
f 1044/1044 1046/1046 1043/1043
f 1355/1355 1041/1041 1356/1356
f 1048/1048 1045/1045 1041/1041
f 1060/1060 1047/1047 1040/1040
f 1040/1040 1058/1058 1060/1060
f 1038/1038 1039/1039 1061/1061
f 1061/1061 1057/1057 1038/1038
f 1035/1035 1356/1356 1036/1036
f 1355/1355 1040/1040 1041/1041
f 1047/1047 1048/1048 1040/1040
f 1041/1041 1045/1045 1036/1036
f 1048/1048 1041/1041 1040/1040
f 1356/1356 1041/1041 1036/1036
f 1042/1042 1357/1357 1044/1044
f 1043/1043 1039/1039 1038/1038
f 1053/1053 1055/1055 1036/1036
f 1358/1358 1053/1053 1045/1045
f 1052/1052 1051/1051 1357/1357
f 1044/1044 1357/1357 1051/1051
f 1054/1054 1046/1046 1051/1051
f 1055/1055 1035/1035 1036/1036
f 1062/1062 1054/1054 1359/1359
f 1046/1046 1044/1044 1051/1051
f 1062/1062 1046/1046 1054/1054
f 1053/1053 1358/1358 1360/1360
f 1361/1361 1035/1035 1055/1055
f 1053/1053 1036/1036 1045/1045
f 1049/1049 1046/1046 1062/1062
f 1358/1358 1045/1045 1362/1362
f 1363/1363 1048/1048 1047/1047
f 1363/1363 1362/1362 1048/1048
f 1056/1056 1364/1364 1359/1359
f 1043/1043 1046/1046 1049/1049
f 1359/1359 1054/1054 1056/1056
f 1365/1365 1363/1363 1047/1047
f 1047/1047 1060/1060 1365/1365
f 1366/1366 1367/1367 1368/1368
f 1367/1367 1369/1369 1368/1368
f 1370/1370 1371/1371 1368/1368
f 1372/1372 1370/1370 1368/1368
f 1371/1371 1366/1366 1368/1368
f 1355/1355 1373/1373 1058/1058
f 1058/1058 1040/1040 1355/1355
f 1059/1059 1061/1061 1039/1039
f 1039/1039 1037/1037 1059/1059
f 1374/1374 1375/1375 1050/1050
f 1374/1374 1050/1050 1049/1049
f 1062/1062 1374/1374 1049/1049
f 1359/1359 1376/1376 1062/1062
f 1376/1376 1374/1374 1062/1062
f 1362/1362 1045/1045 1048/1048
f 1063/1063 1064/1064 1065/1065
f 1066/1066 1063/1063 1065/1065
f 1065/1065 1067/1067 1066/1066
f 1068/1068 1377/1377 1378/1378
f 1069/1069 1379/1379 1377/1377
f 1377/1377 1068/1068 1069/1069
f 1070/1070 1071/1071 1072/1072
f 1073/1073 1070/1070 1072/1072
f 1072/1072 1074/1074 1073/1073
f 1075/1075 1380/1380 1381/1381
f 1076/1076 1382/1382 1380/1380
f 1380/1380 1075/1075 1076/1076
f 1077/1077 1078/1078 1079/1079
f 1080/1080 1077/1077 1079/1079
f 1079/1079 1081/1081 1080/1080
f 1082/1082 1383/1383 1384/1384
f 1083/1083 1385/1385 1383/1383
f 1383/1383 1082/1082 1083/1083
f 1084/1084 1085/1085 1086/1086
f 1087/1087 1084/1084 1086/1086
f 1086/1086 1088/1088 1087/1087
f 1089/1089 1386/1386 1387/1387
f 1090/1090 1388/1388 1386/1386
f 1386/1386 1089/1089 1090/1090
f 1091/1091 1092/1092 1093/1093
f 1094/1094 1091/1091 1093/1093
f 1093/1093 1095/1095 1094/1094
f 1096/1096 1389/1389 1390/1390
f 1097/1097 1391/1391 1389/1389
f 1389/1389 1096/1096 1097/1097
f 1098/1098 1099/1099 1100/1100
f 1101/1101 1098/1098 1100/1100
f 1100/1100 1102/1102 1101/1101
f 1103/1103 1392/1392 1393/1393
f 1104/1104 1394/1394 1392/1392
f 1392/1392 1103/1103 1104/1104
f 1169/1169 1106/1106 1171/1171
f 1152/1152 1162/1162 1108/1108
f 1161/1161 1110/1110 1109/1109
f 1111/1111 1112/1112 1153/1153
f 1109/1109 1158/1158 1113/1113
f 1115/1115 1161/1161 1109/1109
f 1107/1107 1117/1117 1116/1116
f 1152/1152 1107/1107 1119/1119
f 1120/1120 1159/1159 1121/1121
f 1160/1160 1395/1395 1159/1159
f 1121/1121 1114/1114 1123/1123
f 1124/1124 1123/1123 1114/1114
f 1116/1116 1126/1126 1125/1125
f 1127/1127 1128/1128 1155/1155
f 1124/1124 1112/1112 1129/1129
f 1112/1112 1124/1124 1114/1114
f 1396/1396 1131/1131 1130/1130
f 1123/1123 1396/1396 1121/1121
f 1156/1156 1132/1132 1129/1129
f 1133/1133 1134/1134 1125/1125
f 1127/1127 1125/1125 1134/1134
f 1107/1107 1116/1116 1135/1135
f 1131/1131 1123/1123 1136/1136
f 1124/1124 1136/1136 1123/1123
f 1124/1124 1129/1129 1136/1136
f 1132/1132 1136/1136 1129/1129
f 1156/1156 1128/1128 1137/1137
f 1131/1131 1396/1396 1123/1123
f 1134/1134 1138/1138 1137/1137
f 1139/1139 1137/1137 1138/1138
f 1136/1136 1140/1140 1131/1131
f 1141/1141 1131/1131 1140/1140
f 1136/1136 1132/1132 1140/1140
f 1142/1142 1140/1140 1132/1132
f 1143/1143 1145/1145 1144/1144
f 1141/1141 1144/1144 1145/1145
f 1133/1133 1397/1397 1146/1146
f 1398/1398 1146/1146 1397/1397
f 1138/1138 1134/1134 1146/1146
f 1133/1133 1146/1146 1134/1134
f 1132/1132 1137/1137 1142/1142
f 1147/1147 1148/1148 1139/1139
f 1142/1142 1139/1139 1148/1148
f 1137/1137 1139/1139 1142/1142
f 1141/1141 1130/1130 1131/1131
f 1140/1140 1142/1142 1148/1148
f 1148/1148 1149/1149 1140/1140
f 1130/1130 1141/1141 1145/1145
f 1117/1117 1399/1399 1116/1116
f 1400/1400 1117/1117 1106/1106
f 1144/1144 1141/1141 1140/1140
f 1139/1139 1150/1150 1147/1147
f 1150/1150 1139/1139 1138/1138
f 1146/1146 1150/1150 1138/1138
f 1150/1150 1146/1146 1151/1151
f 1398/1398 1151/1151 1146/1146
f 1151/1151 1398/1398 1401/1401
f 1107/1107 1108/1108 1117/1117
f 1122/1122 1166/1166 1115/1115
f 1119/1119 1154/1154 1110/1110
f 1121/1121 1158/1158 1114/1114
f 1113/1113 1158/1158 1122/1122
f 1395/1395 1402/1402 1166/1166
f 1162/1162 1152/1152 1118/1118
f 1137/1137 1128/1128 1134/1134
f 1112/1112 1111/1111 1129/1129
f 1133/1133 1126/1126 1397/1397
f 1107/1107 1135/1135 1154/1154
f 1115/1115 1166/1166 1167/1167
f 1166/1166 1122/1122 1395/1395
f 1171/1171 1117/1117 1108/1108
f 1106/1106 1117/1117 1171/1171
f 1128/1128 1127/1127 1134/1134
f 1111/1111 1156/1156 1129/1129
f 1135/1135 1116/1116 1127/1127
f 1155/1155 1128/1128 1111/1111
f 1125/1125 1126/1126 1133/1133
f 1125/1125 1127/1127 1116/1116
f 1120/1120 1121/1121 1396/1396
f 1116/1116 1399/1399 1126/1126
f 1105/1105 1110/1110 1161/1161
f 1105/1105 1118/1118 1110/1110
f 1168/1168 1115/1115 1167/1167
f 1149/1149 1144/1144 1140/1140
f 1109/1109 1113/1113 1115/1115
f 1115/1115 1113/1113 1122/1122
f 1114/1114 1157/1157 1112/1112
f 1109/1109 1110/1110 1153/1153
f 1171/1171 1108/1108 1172/1172
f 1162/1162 1172/1172 1108/1108
f 1107/1107 1154/1154 1119/1119
f 1118/1118 1119/1119 1110/1110
f 1152/1152 1119/1119 1118/1118
f 1107/1107 1152/1152 1108/1108
f 1154/1154 1153/1153 1110/1110
f 1157/1157 1153/1153 1112/1112
f 1154/1154 1111/1111 1153/1153
f 1154/1154 1155/1155 1111/1111
f 1135/1135 1127/1127 1155/1155
f 1154/1154 1135/1135 1155/1155
f 1137/1137 1132/1132 1156/1156
f 1111/1111 1128/1128 1156/1156
f 1109/1109 1153/1153 1157/1157
f 1158/1158 1109/1109 1157/1157
f 1158/1158 1121/1121 1159/1159
f 1157/1157 1114/1114 1158/1158
f 1158/1158 1159/1159 1122/1122
f 1395/1395 1122/1122 1159/1159
f 1399/1399 1117/1117 1400/1400
f 1120/1120 1160/1160 1159/1159
f 1115/1115 1165/1165 1163/1163
f 1115/1115 1168/1168 1165/1165
f 1105/1105 1161/1161 1163/1163
f 1163/1163 1164/1164 1105/1105
f 1162/1162 1118/1118 1164/1164
f 1164/1164 1170/1170 1162/1162
f 1162/1162 1170/1170 1172/1172
f 1105/1105 1164/1164 1118/1118
f 1115/1115 1163/1163 1161/1161
f 1403/1403 1404/1404 1174/1174
f 1220/1220 1176/1176 1230/1230
f 1229/1229 1177/1177 1178/1178
f 1179/1179 1221/1221 1180/1180
f 1177/1177 1181/1181 1226/1226
f 1183/1183 1177/1177 1229/1229
f 1175/1175 1184/1184 1185/1185
f 1220/1220 1187/1187 1175/1175
f 1188/1188 1189/1189 1227/1227
f 1228/1228 1227/1227 1405/1405
f 1189/1189 1191/1191 1182/1182
f 1192/1192 1182/1182 1191/1191
f 1184/1184 1193/1193 1194/1194
f 1195/1195 1223/1223 1196/1196
f 1192/1192 1197/1197 1180/1180
f 1180/1180 1182/1182 1192/1192
f 1406/1406 1198/1198 1199/1199
f 1191/1191 1189/1189 1406/1406
f 1224/1224 1197/1197 1200/1200
f 1201/1201 1193/1193 1202/1202
f 1195/1195 1202/1202 1193/1193
f 1175/1175 1203/1203 1184/1184
f 1199/1199 1204/1204 1191/1191
f 1192/1192 1191/1191 1204/1204
f 1192/1192 1204/1204 1197/1197
f 1200/1200 1197/1197 1204/1204
f 1224/1224 1205/1205 1196/1196
f 1199/1199 1191/1191 1406/1406
f 1202/1202 1205/1205 1206/1206
f 1207/1207 1206/1206 1205/1205
f 1204/1204 1199/1199 1208/1208
f 1209/1209 1208/1208 1199/1199
f 1204/1204 1208/1208 1200/1200
f 1210/1210 1200/1200 1208/1208
f 1211/1211 1212/1212 1213/1213
f 1209/1209 1213/1213 1212/1212
f 1201/1201 1214/1214 1407/1407
f 1408/1408 1407/1407 1214/1214
f 1206/1206 1214/1214 1202/1202
f 1201/1201 1202/1202 1214/1214
f 1200/1200 1210/1210 1205/1205
f 1215/1215 1207/1207 1216/1216
f 1210/1210 1216/1216 1207/1207
f 1205/1205 1210/1210 1207/1207
f 1209/1209 1199/1199 1198/1198
f 1208/1208 1216/1216 1210/1210
f 1216/1216 1208/1208 1217/1217
f 1198/1198 1213/1213 1209/1209
f 1185/1185 1184/1184 1409/1409
f 1410/1410 1174/1174 1185/1185
f 1212/1212 1208/1208 1209/1209
f 1207/1207 1215/1215 1218/1218
f 1218/1218 1206/1206 1207/1207
f 1214/1214 1206/1206 1218/1218
f 1218/1218 1219/1219 1214/1214
f 1408/1408 1214/1214 1219/1219
f 1219/1219 1411/1411 1408/1408
f 1175/1175 1185/1185 1176/1176
f 1190/1190 1183/1183 1412/1412
f 1187/1187 1178/1178 1222/1222
f 1189/1189 1182/1182 1226/1226
f 1181/1181 1190/1190 1226/1226
f 1405/1405 1412/1412 1413/1413
f 1230/1230 1186/1186 1220/1220
f 1205/1205 1202/1202 1196/1196
f 1180/1180 1197/1197 1179/1179
f 1201/1201 1407/1407 1194/1194
f 1175/1175 1222/1222 1203/1203
f 1183/1183 1414/1414 1412/1412
f 1412/1412 1405/1405 1190/1190
f 1404/1404 1176/1176 1185/1185
f 1174/1174 1404/1404 1185/1185
f 1196/1196 1202/1202 1195/1195
f 1179/1179 1197/1197 1224/1224
f 1203/1203 1195/1195 1184/1184
f 1223/1223 1179/1179 1196/1196
f 1193/1193 1201/1201 1194/1194
f 1193/1193 1184/1184 1195/1195
f 1188/1188 1406/1406 1189/1189
f 1184/1184 1194/1194 1409/1409
f 1173/1173 1229/1229 1178/1178
f 1173/1173 1178/1178 1186/1186
f 1415/1415 1414/1414 1183/1183
f 1217/1217 1208/1208 1212/1212
f 1177/1177 1183/1183 1181/1181
f 1183/1183 1190/1190 1181/1181
f 1182/1182 1180/1180 1225/1225
f 1177/1177 1221/1221 1178/1178
f 1404/1404 1416/1416 1176/1176
f 1230/1230 1176/1176 1416/1416
f 1175/1175 1187/1187 1222/1222
f 1186/1186 1178/1178 1187/1187
f 1220/1220 1186/1186 1187/1187
f 1175/1175 1176/1176 1220/1220
f 1222/1222 1178/1178 1221/1221
f 1225/1225 1180/1180 1221/1221
f 1222/1222 1221/1221 1179/1179
f 1222/1222 1179/1179 1223/1223
f 1203/1203 1223/1223 1195/1195
f 1222/1222 1223/1223 1203/1203
f 1205/1205 1224/1224 1200/1200
f 1179/1179 1224/1224 1196/1196
f 1177/1177 1225/1225 1221/1221
f 1226/1226 1225/1225 1177/1177
f 1226/1226 1227/1227 1189/1189
f 1225/1225 1226/1226 1182/1182
f 1226/1226 1190/1190 1227/1227
f 1405/1405 1227/1227 1190/1190
f 1409/1409 1410/1410 1185/1185
f 1188/1188 1227/1227 1228/1228
f 1183/1183 1231/1231 1417/1417
f 1183/1183 1417/1417 1415/1415
f 1173/1173 1231/1231 1229/1229
f 1231/1231 1173/1173 1232/1232
f 1230/1230 1232/1232 1186/1186
f 1232/1232 1230/1230 1418/1418
f 1230/1230 1416/1416 1418/1418
f 1173/1173 1186/1186 1232/1232
f 1183/1183 1229/1229 1231/1231
f 662/662 649/649 655/655
f 735/735 667/667 665/665
f 679/679 664/664 656/656
f 657/657 668/668 651/651
f 652/652 677/677 735/735
f 740/740 667/667 675/675
f 671/671 666/666 653/653
f 659/659 660/660 666/666
f 658/658 653/653 661/661
f 658/658 670/670 677/677
f 672/672 651/651 686/686
f 1251/1251 679/679 686/686
f 679/679 655/655 686/686
f 655/655 733/733 678/678
f 678/678 663/663 671/671
f 670/670 666/666 688/688
f 654/654 649/649 658/658
f 663/663 653/653 662/662
f 681/681 688/688 674/674
f 674/674 687/687 651/651
f 672/672 739/739 674/674
f 736/736 687/687 682/682
f 684/684 661/661 659/659
f 673/673 1252/1252 658/658
f 661/661 663/663 659/659
f 653/653 673/673 658/658
f 666/666 670/670 653/653
f 660/660 666/666 683/683
f 683/683 667/667 655/655
f 687/687 735/735 650/650
f 654/654 668/668 656/656
f 668/668 675/675 662/662
f 680/680 670/670 650/650
f 649/649 654/654 668/668
f 669/669 650/650 676/676
f 677/677 1253/1253 669/669
f 668/668 657/657 680/680
f 670/670 680/680 671/671
f 670/670 671/671 675/675
f 654/654 671/671 1254/1254
f 734/734 676/676 672/672
f 740/740 739/739 676/676
f 667/667 672/672 740/740
f 672/672 667/667 1255/1255
f 650/650 669/669 673/673
f 653/653 663/663 665/665
f 736/736 674/674 679/679
f 665/665 674/674 668/668
f 654/654 675/675 656/656
f 675/675 666/666 1254/1254
f 672/672 677/677 1253/1253
f 677/677 652/652 1256/1256
f 737/737 1257/1257 664/664
f 679/679 1251/1251 681/681
f 738/738 688/688 683/683
f 734/734 733/733 685/685
f 660/660 659/659 1251/1251
f 686/686 1258/1258 814/814
f 783/783 796/796 789/789
f 801/801 1281/1281 799/799
f 798/798 813/813 790/790
f 802/802 791/791 785/785
f 811/811 786/786 1281/1281
f 801/801 1282/1282 809/809
f 800/800 805/805 787/787
f 794/794 793/793 800/800
f 787/787 792/792 795/795
f 804/804 792/792 811/811
f 785/785 806/806 817/817
f 813/813 1283/1283 817/817
f 789/789 813/813 817/817
f 862/862 789/789 812/812
f 797/797 812/812 805/805
f 800/800 804/804 1285/1285
f 783/783 788/788 792/792
f 787/787 797/797 796/796
f 1285/1285 814/814 808/808
f 1287/1287 808/808 785/785
f 1288/1288 806/806 808/808
f 1287/1287 1289/1289 1290/1290
f 795/795 1284/1284 793/793
f 1291/1291 807/807 792/792
f 797/797 795/795 793/793
f 807/807 787/787 792/792
f 804/804 800/800 787/787
f 800/800 794/794 815/815
f 801/801 815/815 789/789
f 1281/1281 1287/1287 784/784
f 802/802 788/788 790/790
f 809/809 802/802 796/796
f 804/804 1286/1286 784/784
f 788/788 783/783 802/802
f 784/784 803/803 810/810
f 1292/1292 811/811 803/803
f 791/791 802/802 1286/1286
f 1286/1286 804/804 805/805
f 805/805 804/804 809/809
f 805/805 788/788 1293/1293
f 810/810 863/863 806/806
f 1288/1288 1282/1282 810/810
f 806/806 801/801 1282/1282
f 801/801 806/806 1294/1294
f 803/803 784/784 807/807
f 797/797 787/787 799/799
f 808/808 1289/1289 813/813
f 808/808 799/799 802/802
f 809/809 788/788 790/790
f 800/800 809/809 1293/1293
f 811/811 806/806 1292/1292
f 786/786 811/811 1295/1295
f 1296/1296 1297/1297 798/798
f 1283/1283 813/813 814/814
f 1285/1285 1298/1298 815/815
f 862/862 863/863 816/816
f 793/793 794/794 1283/1283
f 1419/1419 1483/1483 1557/1557
f 1420/1420 1419/1419 1557/1557
f 1421/1421 1420/1420 1557/1557
f 1422/1422 1421/1421 1557/1557
f 1423/1423 1422/1422 1557/1557
f 1424/1424 1423/1423 1557/1557
f 1559/1559 1424/1424 1557/1557
f 1425/1425 1560/1560 1483/1483
f 1419/1419 1425/1425 1483/1483
f 1426/1426 1425/1425 1419/1419
f 1420/1420 1426/1426 1419/1419
f 1427/1427 1426/1426 1420/1420
f 1421/1421 1427/1427 1420/1420
f 1428/1428 1427/1427 1421/1421
f 1422/1422 1428/1428 1421/1421
f 1429/1429 1428/1428 1422/1422
f 1423/1423 1429/1429 1422/1422
f 1430/1430 1429/1429 1423/1423
f 1424/1424 1430/1430 1423/1423
f 1564/1564 1430/1430 1424/1424
f 1559/1559 1564/1564 1424/1424
f 1431/1431 1549/1549 1425/1425
f 1425/1425 1549/1549 1560/1560
f 1432/1432 1431/1431 1425/1425
f 1426/1426 1432/1432 1425/1425
f 1433/1433 1432/1432 1426/1426
f 1427/1427 1433/1433 1426/1426
f 1434/1434 1433/1433 1427/1427
f 1428/1428 1434/1434 1427/1427
f 1435/1435 1434/1434 1428/1428
f 1429/1429 1435/1435 1428/1428
f 1436/1436 1435/1435 1429/1429
f 1430/1430 1436/1436 1429/1429
f 1484/1484 1436/1436 1430/1430
f 1564/1564 1484/1484 1430/1430
f 1437/1437 1488/1488 1549/1549
f 1431/1431 1437/1437 1549/1549
f 1438/1438 1437/1437 1431/1431
f 1432/1432 1438/1438 1431/1431
f 1439/1439 1438/1438 1432/1432
f 1433/1433 1439/1439 1432/1432
f 1440/1440 1439/1439 1433/1433
f 1434/1434 1440/1440 1433/1433
f 1441/1441 1440/1440 1434/1434
f 1435/1435 1441/1441 1434/1434
f 1442/1442 1441/1441 1436/1436
f 1436/1436 1441/1441 1435/1435
f 1561/1561 1442/1442 1484/1484
f 1484/1484 1442/1442 1436/1436
f 1443/1443 1490/1490 1488/1488
f 1437/1437 1443/1443 1488/1488
f 1456/1456 1443/1443 1437/1437
f 1438/1438 1456/1456 1437/1437
f 1445/1445 1444/1444 1438/1438
f 1439/1439 1445/1445 1438/1438
f 1446/1446 1445/1445 1439/1439
f 1440/1440 1446/1446 1439/1439
f 1447/1447 1446/1446 1440/1440
f 1441/1441 1447/1447 1440/1440
f 1448/1448 1447/1447 1441/1441
f 1442/1442 1448/1448 1441/1441
f 1489/1489 1448/1448 1442/1442
f 1561/1561 1489/1489 1442/1442
f 1449/1449 1456/1456 1444/1444
f 1444/1444 1456/1456 1438/1438
f 1451/1451 1450/1450 1444/1444
f 1445/1445 1451/1451 1444/1444
f 1452/1452 1451/1451 1445/1445
f 1446/1446 1452/1452 1445/1445
f 1453/1453 1452/1452 1446/1446
f 1447/1447 1453/1453 1446/1446
f 1454/1454 1453/1453 1448/1448
f 1448/1448 1453/1453 1447/1447
f 1558/1558 1454/1454 1448/1448
f 1489/1489 1558/1558 1448/1448
f 1451/1451 1452/1452 1459/1459
f 1459/1459 1458/1458 1451/1451
f 1459/1459 1452/1452 1453/1453
f 1453/1453 1474/1474 1459/1459
f 1474/1474 1453/1453 1454/1454
f 1454/1454 1475/1475 1474/1474
f 1487/1487 1475/1475 1454/1454
f 1454/1454 1558/1558 1487/1487
f 1449/1449 1444/1444 1450/1450
f 1492/1492 1449/1449 1450/1450
f 1457/1457 1492/1492 1450/1450
f 1566/1566 1648/1648 1649/1649
f 1566/1566 1649/1649 1650/1650
f 1566/1566 1651/1651 1652/1652
f 1566/1566 1455/1455 1473/1473
f 1566/1566 1650/1650 1651/1651
f 1566/1566 1652/1652 1653/1653
f 1653/1653 1472/1472 1566/1566
f 1566/1566 1472/1472 1455/1455
f 1654/1654 1457/1457 1450/1450
f 1450/1450 1451/1451 1458/1458
f 1458/1458 1654/1654 1450/1450
f 1655/1655 1656/1656 1467/1467
f 1467/1467 1466/1466 1655/1655
f 1657/1657 1468/1468 1467/1467
f 1467/1467 1656/1656 1657/1657
f 1469/1469 1468/1468 1657/1657
f 1657/1657 1658/1658 1469/1469
f 1470/1470 1469/1469 1658/1658
f 1658/1658 1659/1659 1470/1470
f 1471/1471 1470/1470 1659/1659
f 1659/1659 1660/1660 1471/1471
f 1486/1486 1471/1471 1660/1660
f 1660/1660 1661/1661 1486/1486
f 1655/1655 1466/1466 1482/1482
f 1482/1482 1662/1662 1655/1655
f 1477/1477 1556/1556 1466/1466
f 1482/1482 1466/1466 1556/1556
f 1478/1478 1477/1477 1467/1467
f 1466/1466 1467/1467 1477/1477
f 1461/1461 1478/1478 1468/1468
f 1467/1467 1468/1468 1478/1478
f 1462/1462 1461/1461 1468/1468
f 1468/1468 1469/1469 1462/1462
f 1463/1463 1462/1462 1469/1469
f 1469/1469 1470/1470 1463/1463
f 1471/1471 1476/1476 1463/1463
f 1463/1463 1470/1470 1471/1471
f 1491/1491 1476/1476 1471/1471
f 1471/1471 1486/1486 1491/1491
f 1481/1481 1563/1563 1460/1460
f 1480/1480 1563/1563 1481/1481
f 1479/1479 1563/1563 1480/1480
f 1563/1563 1479/1479 1464/1464
f 1563/1563 1464/1464 1485/1485
f 1563/1563 1562/1562 1465/1465
f 1563/1563 1465/1465 1460/1460
f 1663/1663 1664/1664 1463/1463
f 1463/1463 1476/1476 1663/1663
f 1491/1491 1665/1665 1663/1663
f 1663/1663 1476/1476 1491/1491
f 1666/1666 1667/1667 1556/1556
f 1556/1556 1477/1477 1666/1666
f 1668/1668 1666/1666 1477/1477
f 1477/1477 1478/1478 1668/1668
f 1461/1461 1669/1669 1668/1668
f 1668/1668 1478/1478 1461/1461
f 1462/1462 1463/1463 1664/1664
f 1664/1664 1670/1670 1462/1462
f 1461/1461 1462/1462 1670/1670
f 1670/1670 1669/1669 1461/1461
f 1493/1493 1557/1557 1483/1483
f 1494/1494 1557/1557 1493/1493
f 1495/1495 1557/1557 1494/1494
f 1496/1496 1557/1557 1495/1495
f 1497/1497 1557/1557 1496/1496
f 1498/1498 1557/1557 1497/1497
f 1559/1559 1557/1557 1498/1498
f 1499/1499 1483/1483 1560/1560
f 1493/1493 1483/1483 1499/1499
f 1500/1500 1493/1493 1499/1499
f 1494/1494 1493/1493 1500/1500
f 1501/1501 1494/1494 1500/1500
f 1495/1495 1494/1494 1501/1501
f 1502/1502 1495/1495 1501/1501
f 1496/1496 1495/1495 1502/1502
f 1503/1503 1496/1496 1502/1502
f 1497/1497 1496/1496 1503/1503
f 1504/1504 1497/1497 1503/1503
f 1498/1498 1497/1497 1504/1504
f 1564/1564 1498/1498 1504/1504
f 1559/1559 1498/1498 1564/1564
f 1505/1505 1499/1499 1549/1549
f 1499/1499 1560/1560 1549/1549
f 1506/1506 1499/1499 1505/1505
f 1500/1500 1499/1499 1506/1506
f 1507/1507 1500/1500 1506/1506
f 1501/1501 1500/1500 1507/1507
f 1508/1508 1501/1501 1507/1507
f 1502/1502 1501/1501 1508/1508
f 1509/1509 1502/1502 1508/1508
f 1503/1503 1502/1502 1509/1509
f 1510/1510 1503/1503 1509/1509
f 1504/1504 1503/1503 1510/1510
f 1484/1484 1504/1504 1510/1510
f 1564/1564 1504/1504 1484/1484
f 1511/1511 1549/1549 1488/1488
f 1505/1505 1549/1549 1511/1511
f 1512/1512 1505/1505 1511/1511
f 1506/1506 1505/1505 1512/1512
f 1513/1513 1506/1506 1512/1512
f 1507/1507 1506/1506 1513/1513
f 1514/1514 1507/1507 1513/1513
f 1508/1508 1507/1507 1514/1514
f 1515/1515 1508/1508 1514/1514
f 1509/1509 1508/1508 1515/1515
f 1516/1516 1510/1510 1515/1515
f 1510/1510 1509/1509 1515/1515
f 1561/1561 1484/1484 1516/1516
f 1484/1484 1510/1510 1516/1516
f 1517/1517 1488/1488 1490/1490
f 1511/1511 1488/1488 1517/1517
f 1530/1530 1511/1511 1517/1517
f 1512/1512 1511/1511 1530/1530
f 1519/1519 1512/1512 1518/1518
f 1513/1513 1512/1512 1519/1519
f 1520/1520 1513/1513 1519/1519
f 1514/1514 1513/1513 1520/1520
f 1521/1521 1514/1514 1520/1520
f 1515/1515 1514/1514 1521/1521
f 1522/1522 1515/1515 1521/1521
f 1516/1516 1515/1515 1522/1522
f 1489/1489 1516/1516 1522/1522
f 1561/1561 1516/1516 1489/1489
f 1523/1523 1518/1518 1530/1530
f 1518/1518 1512/1512 1530/1530
f 1525/1525 1518/1518 1524/1524
f 1519/1519 1518/1518 1525/1525
f 1526/1526 1519/1519 1525/1525
f 1520/1520 1519/1519 1526/1526
f 1527/1527 1520/1520 1526/1526
f 1521/1521 1520/1520 1527/1527
f 1528/1528 1522/1522 1527/1527
f 1522/1522 1521/1521 1527/1527
f 1558/1558 1522/1522 1528/1528
f 1489/1489 1522/1522 1558/1558
f 1525/1525 1533/1533 1526/1526
f 1533/1533 1525/1525 1532/1532
f 1533/1533 1527/1527 1526/1526
f 1527/1527 1533/1533 1547/1547
f 1547/1547 1528/1528 1527/1527
f 1528/1528 1547/1547 1548/1548
f 1487/1487 1528/1528 1548/1548
f 1528/1528 1487/1487 1558/1558
f 1523/1523 1524/1524 1518/1518
f 1565/1565 1524/1524 1523/1523
f 1531/1531 1524/1524 1565/1565
f 1671/1671 1672/1672 1673/1673
f 1671/1671 1674/1674 1672/1672
f 1671/1671 1675/1675 1676/1676
f 1671/1671 1677/1677 1529/1529
f 1671/1671 1676/1676 1674/1674
f 1671/1671 1678/1678 1675/1675
f 1678/1678 1671/1671 1546/1546
f 1671/1671 1529/1529 1546/1546
f 1679/1679 1524/1524 1531/1531
f 1524/1524 1532/1532 1525/1525
f 1532/1532 1524/1524 1679/1679
f 1680/1680 1541/1541 1681/1681
f 1541/1541 1680/1680 1540/1540
f 1682/1682 1541/1541 1542/1542
f 1541/1541 1682/1682 1681/1681
f 1543/1543 1682/1682 1542/1542
f 1682/1682 1543/1543 1683/1683
f 1544/1544 1683/1683 1543/1543
f 1683/1683 1544/1544 1684/1684
f 1545/1545 1684/1684 1544/1544
f 1684/1684 1545/1545 1685/1685
f 1486/1486 1685/1685 1545/1545
f 1685/1685 1486/1486 1661/1661
f 1680/1680 1482/1482 1540/1540
f 1482/1482 1680/1680 1662/1662
f 1551/1551 1540/1540 1556/1556
f 1482/1482 1556/1556 1540/1540
f 1552/1552 1541/1541 1551/1551
f 1540/1540 1551/1551 1541/1541
f 1542/1542 1541/1541 1552/1552
f 1552/1552 1535/1535 1542/1542
f 1536/1536 1542/1542 1535/1535
f 1542/1542 1536/1536 1543/1543
f 1537/1537 1543/1543 1536/1536
f 1543/1543 1537/1537 1544/1544
f 1545/1545 1537/1537 1550/1550
f 1537/1537 1545/1545 1544/1544
f 1491/1491 1545/1545 1550/1550
f 1545/1545 1491/1491 1486/1486
f 1555/1555 1534/1534 1686/1686
f 1554/1554 1555/1555 1686/1686
f 1553/1553 1554/1554 1686/1686
f 1686/1686 1538/1538 1553/1553
f 1686/1686 1687/1687 1538/1538
f 1686/1686 1539/1539 1688/1688
f 1686/1686 1534/1534 1539/1539
f 1689/1689 1537/1537 1690/1690
f 1537/1537 1689/1689 1550/1550
f 1491/1491 1689/1689 1665/1665
f 1689/1689 1491/1491 1550/1550
f 1691/1691 1556/1556 1667/1667
f 1556/1556 1691/1691 1551/1551
f 1692/1692 1551/1551 1691/1691
f 1551/1551 1692/1692 1552/1552
f 1535/1535 1692/1692 1693/1693
f 1692/1692 1535/1535 1552/1552
f 1536/1536 1690/1690 1537/1537
f 1690/1690 1536/1536 1694/1694
f 1535/1535 1694/1694 1536/1536
f 1694/1694 1535/1535 1693/1693
f 1575/1575 1567/1567 1584/1584
f 1574/1574 1579/1579 1572/1572
f 1569/1569 1616/1616 1570/1570
f 1580/1580 1570/1570 1569/1569
f 1590/1590 1573/1573 1570/1570
f 1574/1574 1584/1584 1577/1577
f 1567/1567 1573/1573 1579/1579
f 1567/1567 1577/1577 1590/1590
f 1577/1577 1573/1573 1581/1581
f 1569/1569 1572/1572 1615/1615
f 1572/1572 1616/1616 1571/1571
f 1580/1580 1583/1583 1577/1577
f 1590/1590 1589/1589 1584/1584
f 1568/1568 1577/1577 1575/1575
f 1568/1568 1591/1591 1578/1578
f 1623/1623 1617/1617 1582/1582
f 1583/1583 1586/1586 1571/1571
f 1583/1583 1582/1582 1589/1589
f 1590/1590 1583/1583 1578/1578
f 1572/1572 1576/1576 1586/1586
f 1586/1586 1581/1581 1567/1567
f 1588/1588 1587/1587 1567/1567
f 1575/1575 1618/1618 1567/1567
f 1618/1618 1588/1588 1567/1567
f 1587/1587 1573/1573 1576/1576
f 1615/1615 1623/1623 1576/1576
f 1572/1572 1615/1615 1569/1569
f 1614/1614 1569/1569 1584/1584
f 1577/1577 1589/1589 1570/1570
f 1584/1584 1589/1589 1590/1590
f 1581/1581 1583/1583 1569/1569
f 1581/1581 1590/1590 1591/1591
f 1568/1568 1579/1579 1592/1592
f 1592/1592 1591/1591 1576/1576
f 1623/1623 1578/1578 1601/1601
f 1594/1594 1593/1593 1600/1600
f 1611/1611 1606/1606 1595/1595
f 1598/1598 1616/1616 1619/1619
f 1596/1596 1610/1610 1607/1607
f 1610/1610 1596/1596 1620/1620
f 1595/1595 1599/1599 1600/1600
f 1596/1596 1611/1611 1593/1593
f 1604/1604 1599/1599 1594/1594
f 1606/1606 1611/1611 1593/1593
f 1620/1620 1599/1599 1595/1595
f 1615/1615 1616/1616 1607/1607
f 1597/1597 1610/1610 1620/1620
f 1604/1604 1619/1619 1594/1594
f 1611/1611 1604/1604 1594/1594
f 1601/1601 1621/1621 1623/1623
f 1605/1605 1617/1617 1610/1610
f 1609/1609 1613/1613 1610/1610
f 1597/1597 1609/1609 1620/1620
f 1619/1619 1610/1610 1612/1612
f 1605/1605 1602/1602 1598/1598
f 1612/1612 1602/1602 1610/1610
f 1613/1613 1608/1608 1598/1598
f 1608/1608 1612/1612 1613/1613
f 1612/1612 1608/1608 1588/1588
f 1593/1593 1587/1587 1601/1601
f 1593/1593 1588/1588 1587/1587
f 1593/1593 1599/1599 1615/1615
f 1602/1602 1623/1623 1598/1598
f 1602/1602 1615/1615 1614/1614
f 1595/1595 1603/1603 1616/1616
f 1603/1603 1595/1595 1599/1599
f 1595/1595 1587/1587 1614/1614
f 1587/1587 1595/1595 1604/1604
f 1596/1596 1619/1619 1608/1608
f 1620/1620 1610/1610 1608/1608
f 1595/1595 1620/1620 1594/1594
f 1606/1606 1621/1621 1623/1623
f 1765/1765 1769/1769 1770/1770
f 1769/1769 1765/1765 1766/1766
f 1769/1769 1764/1764 1770/1770
f 1769/1769 1767/1767 1771/1771
f 1767/1767 1769/1769 1766/1766
f 1771/1771 1764/1764 1769/1769
f 1767/1767 1772/1772 1771/1771
f 1772/1772 1767/1767 1768/1768
f 1764/1764 1771/1771 1772/1772
f 1772/1772 1765/1765 1770/1770
f 1765/1765 1772/1772 1768/1768
f 1770/1770 1764/1764 1772/1772
f 1774/1774 1778/1778 1779/1779
f 1778/1778 1774/1774 1775/1775
f 1778/1778 1773/1773 1779/1779
f 1778/1778 1776/1776 1780/1780
f 1776/1776 1778/1778 1775/1775
f 1780/1780 1773/1773 1778/1778
f 1776/1776 1781/1781 1780/1780
f 1781/1781 1776/1776 1777/1777
f 1773/1773 1780/1780 1781/1781
f 1781/1781 1774/1774 1779/1779
f 1774/1774 1781/1781 1777/1777
f 1779/1779 1773/1773 1781/1781
f 1852/1852 1857/1857 1856/1856
f 1856/1856 1853/1853 1852/1852
f 1856/1856 1857/1857 1851/1851
f 1856/1856 1858/1858 1854/1854
f 1854/1854 1853/1853 1856/1856
f 1858/1858 1856/1856 1851/1851
f 1854/1854 1858/1858 1859/1859
f 1859/1859 1855/1855 1854/1854
f 1851/1851 1859/1859 1858/1858
f 1859/1859 1857/1857 1852/1852
f 1852/1852 1855/1855 1859/1859
f 1857/1857 1859/1859 1851/1851
f 1861/1861 1866/1866 1865/1865
f 1865/1865 1862/1862 1861/1861
f 1865/1865 1866/1866 1860/1860
f 1865/1865 1867/1867 1863/1863
f 1863/1863 1862/1862 1865/1865
f 1867/1867 1865/1865 1860/1860
f 1863/1863 1867/1867 1868/1868
f 1868/1868 1864/1864 1863/1863
f 1860/1860 1868/1868 1867/1867
f 1868/1868 1866/1866 1861/1861
f 1861/1861 1864/1864 1868/1868
f 1866/1866 1868/1868 1860/1860
f 1698/1698 1699/1699 1706/1706
f 1705/1705 1702/1702 1701/1701
f 1702/1702 1705/1705 1709/1709
f 1708/1708 1702/1702 1722/1722
f 1700/1700 1699/1699 1722/1722
f 1725/1725 1707/1707 1734/1734
f 1710/1710 1869/1869 1697/1697
f 1695/1695 1711/1711 1697/1697
f 1711/1711 1735/1735 1721/1721
f 1710/1710 1724/1724 1735/1735
f 1712/1712 1726/1726 1734/1734
f 1726/1726 1712/1712 1714/1714
f 1717/1717 1716/1716 1718/1718
f 1716/1716 1717/1717 1735/1735
f 1711/1711 1712/1712 1696/1696
f 1700/1700 1704/1704 1698/1698
f 1697/1697 1699/1699 1735/1735
f 1699/1699 1697/1697 1759/1759
f 1759/1759 1760/1760 1711/1711
f 1712/1712 1711/1711 1703/1703
f 1704/1704 1703/1703 1757/1757
f 1758/1758 1761/1761 1719/1719
f 1714/1714 1715/1715 1876/1876
f 1877/1877 1878/1878 1720/1720
f 1878/1878 1877/1877 1710/1710
f 1879/1879 1869/1869 1708/1708
f 1706/1706 1702/1702 1878/1878
f 1881/1881 1876/1876 1722/1722
f 1703/1703 1700/1700 1882/1882
f 1723/1723 1877/1877 1720/1720
f 1877/1877 1723/1723 1883/1883
f 1705/1705 1884/1884 1701/1701
f 1705/1705 1883/1883 1734/1734
f 1724/1724 1710/1710 1695/1695
f 1697/1697 1696/1696 1722/1722
f 1707/1707 1703/1703 1698/1698
f 1700/1700 1696/1696 1703/1703
f 1704/1704 1700/1700 1697/1697
f 1698/1698 1696/1696 1873/1873
f 1707/1707 1883/1883 1723/1723
f 1882/1882 1717/1717 1718/1718
f 1717/1717 1882/1882 1724/1724
f 1712/1712 1872/1872 1883/1883
f 1707/1707 1725/1725 1712/1712
f 1724/1724 1734/1734 1701/1701
f 1732/1732 1702/1702 1699/1699
f 1733/1733 1731/1731 1702/1702
f 1732/1732 1709/1709 1728/1728
f 1709/1709 1732/1732 1734/1734
f 1869/1869 1885/1885 1699/1699
f 1727/1727 1733/1733 1885/1885
f 1730/1730 1734/1734 1732/1732
f 1701/1701 1729/1729 1731/1731
f 1725/1725 1722/1722 1731/1731
f 1722/1722 1699/1699 1727/1727
f 1699/1699 1735/1735 1726/1726
f 1730/1730 1727/1727 1736/1736
f 1737/1737 1746/1746 1738/1738
f 1746/1746 1737/1737 1730/1730
f 1749/1749 1727/1727 1741/1741
f 1756/1756 1742/1742 1739/1739
f 1742/1742 1756/1756 1737/1737
f 1736/1736 1886/1886 1887/1887
f 1886/1886 1736/1736 1729/1729
f 1731/1731 1738/1738 1748/1748
f 1743/1743 1746/1746 1744/1744
f 1747/1747 1743/1743 1727/1727
f 1749/1749 1733/1733 1738/1738
f 1738/1738 1737/1737 1886/1886
f 1886/1886 1728/1728 1739/1739
f 1739/1739 1730/1730 1733/1733
f 1749/1749 1744/1744 1731/1731
f 1733/1733 1748/1748 1701/1701
f 1725/1725 1729/1729 1731/1731
f 1729/1729 1725/1725 1735/1735
f 1726/1726 1727/1727 1734/1734
f 1730/1730 1726/1726 1744/1744
f 1738/1738 1731/1731 1744/1744
f 1752/1752 1747/1747 1745/1745
f 1751/1751 1747/1747 1744/1744
f 1743/1743 1748/1748 1746/1746
f 1738/1738 1748/1748 1749/1749
f 1739/1739 1756/1756 1744/1744
f 1756/1756 1755/1755 1747/1747
f 1751/1751 1743/1743 1747/1747
f 1752/1752 1745/1745 1743/1743
f 1743/1743 1751/1751 1740/1740
f 1756/1756 1750/1750 1758/1758
f 1758/1758 1762/1762 1759/1759
f 1759/1759 1695/1695 1888/1888
f 1888/1888 1763/1763 1889/1889
f 1889/1889 1714/1714 1760/1760
f 1759/1759 1757/1757 1758/1758
f 1758/1758 1704/1704 1762/1762
f 1758/1758 1757/1757 1759/1759
f 1762/1762 1757/1757 1763/1763
f 1888/1888 1890/1890 1889/1889
f 1763/1763 1890/1890 1768/1768
f 1768/1768 1767/1767 1777/1777
f 1777/1777 1776/1776 1787/1787
f 1786/1786 1785/1785 1793/1793
f 1789/1789 1792/1792 1788/1788
f 1792/1792 1789/1789 1796/1796
f 1789/1789 1795/1795 1809/1809
f 1786/1786 1787/1787 1809/1809
f 1794/1794 1812/1812 1821/1821
f 1891/1891 1797/1797 1784/1784
f 1798/1798 1782/1782 1784/1784
f 1822/1822 1798/1798 1808/1808
f 1811/1811 1797/1797 1822/1822
f 1813/1813 1799/1799 1821/1821
f 1799/1799 1813/1813 1801/1801
f 1803/1803 1804/1804 1805/1805
f 1804/1804 1803/1803 1822/1822
f 1799/1799 1798/1798 1783/1783
f 1791/1791 1787/1787 1785/1785
f 1786/1786 1784/1784 1822/1822
f 1784/1784 1786/1786 1846/1846
f 1847/1847 1846/1846 1798/1798
f 1798/1798 1799/1799 1790/1790
f 1790/1790 1791/1791 1844/1844
f 1848/1848 1845/1845 1806/1806
f 1802/1802 1801/1801 1898/1898
f 1899/1899 1900/1900 1807/1807
f 1900/1900 1899/1899 1797/1797
f 1891/1891 1901/1901 1795/1795
f 1789/1789 1793/1793 1899/1899
f 1898/1898 1903/1903 1809/1809
f 1787/1787 1790/1790 1904/1904
f 1900/1900 1810/1810 1807/1807
f 1810/1810 1900/1900 1905/1905
f 1906/1906 1792/1792 1788/1788
f 1905/1905 1792/1792 1821/1821
f 1797/1797 1811/1811 1782/1782
f 1783/1783 1784/1784 1809/1809
f 1790/1790 1794/1794 1785/1785
f 1783/1783 1787/1787 1790/1790
f 1787/1787 1791/1791 1784/1784
f 1783/1783 1785/1785 1896/1896
f 1905/1905 1794/1794 1810/1810
f 1804/1804 1904/1904 1805/1805
f 1904/1904 1804/1804 1811/1811
f 1894/1894 1799/1799 1905/1905
f 1812/1812 1794/1794 1799/1799
f 1821/1821 1811/1811 1788/1788
f 1789/1789 1819/1819 1786/1786
f 1818/1818 1820/1820 1789/1789
f 1796/1796 1819/1819 1815/1815
f 1819/1819 1796/1796 1821/1821
f 1907/1907 1891/1891 1786/1786
f 1820/1820 1814/1814 1907/1907
f 1821/1821 1817/1817 1819/1819
f 1816/1816 1788/1788 1818/1818
f 1809/1809 1812/1812 1818/1818
f 1786/1786 1809/1809 1814/1814
f 1822/1822 1786/1786 1813/1813
f 1814/1814 1817/1817 1823/1823
f 1833/1833 1824/1824 1825/1825
f 1824/1824 1833/1833 1817/1817
f 1814/1814 1836/1836 1828/1828
f 1829/1829 1843/1843 1826/1826
f 1843/1843 1829/1829 1824/1824
f 1908/1908 1823/1823 1909/1909
f 1823/1823 1908/1908 1816/1816
f 1825/1825 1818/1818 1835/1835
f 1833/1833 1830/1830 1831/1831
f 1830/1830 1834/1834 1814/1814
f 1820/1820 1836/1836 1825/1825
f 1824/1824 1825/1825 1908/1908
f 1815/1815 1908/1908 1826/1826
f 1817/1817 1826/1826 1820/1820
f 1831/1831 1836/1836 1818/1818
f 1835/1835 1820/1820 1788/1788
f 1816/1816 1812/1812 1818/1818
f 1812/1812 1816/1816 1822/1822
f 1814/1814 1813/1813 1821/1821
f 1813/1813 1817/1817 1831/1831
f 1818/1818 1825/1825 1831/1831
f 1834/1834 1839/1839 1832/1832
f 1834/1834 1838/1838 1831/1831
f 1835/1835 1830/1830 1833/1833
f 1835/1835 1825/1825 1836/1836
f 1843/1843 1826/1826 1831/1831
f 1842/1842 1843/1843 1834/1834
f 1830/1830 1838/1838 1834/1834
f 1832/1832 1839/1839 1830/1830
f 1838/1838 1830/1830 1827/1827
f 1837/1837 1843/1843 1845/1845
f 1849/1849 1845/1845 1846/1846
f 1782/1782 1846/1846 1910/1910
f 1850/1850 1910/1910 1911/1911
f 1801/1801 1911/1911 1847/1847
f 1844/1844 1846/1846 1845/1845
f 1791/1791 1845/1845 1849/1849
f 1844/1844 1845/1845 1846/1846
f 1844/1844 1849/1849 1850/1850
f 1912/1912 1910/1910 1911/1911
f 1912/1912 1850/1850 1855/1855
f 1854/1854 1855/1855 1864/1864
f 1989/1989 1991/1991 1990/1990
f 1991/1991 1989/1989 1992/1992
f 1991/1991 1992/1992 1993/1993
f 1990/1990 1991/1991 1993/1993
f 1989/1989 1997/1997 1994/1994
f 1997/1997 1989/1989 1990/1990
f 1989/1989 1995/1995 1992/1992
f 1995/1995 1989/1989 1994/1994
f 1993/1993 1995/1995 1996/1996
f 1995/1995 1993/1993 1992/1992
f 1993/1993 1997/1997 1990/1990
f 1997/1997 1993/1993 1996/1996
f 2074/2074 2075/2075 2076/2076
f 2076/2076 2077/2077 2074/2074
f 2076/2076 2078/2078 2077/2077
f 2075/2075 2078/2078 2076/2076
f 2074/2074 2082/2082 2075/2075
f 2082/2082 2074/2074 2079/2079
f 2074/2074 2080/2080 2079/2079
f 2080/2080 2074/2074 2077/2077
f 2078/2078 2080/2080 2077/2077
f 2080/2080 2078/2078 2081/2081
f 2078/2078 2082/2082 2081/2081
f 2082/2082 2078/2078 2075/2075
f 1948/1948 1920/1920 1927/1927
f 1920/1920 1916/1916 1919/1919
f 1915/1915 1917/1917 1948/1948
f 1927/1927 1939/1939 2083/2083
f 1929/1929 1928/1928 1923/1923
f 1931/1931 1923/1923 1924/1924
f 1921/1921 1930/1930 1929/1929
f 1930/1930 1921/1921 1928/1928
f 1929/1929 1921/1921 1931/1931
f 1925/1925 1931/1931 1926/1926
f 1929/1929 2084/2084 2083/2083
f 2084/2084 1929/1929 1928/1928
f 1955/1955 1937/1937 1938/1938
f 1916/1916 1952/1952 2085/2085
f 1933/1933 1934/1934 1918/1918
f 1922/1922 1934/1934 1935/1935
f 1933/1933 1936/1936 1917/1917
f 1934/1934 1933/1933 2085/2085
f 1933/1933 2085/2085 2088/2088
f 1936/1936 2088/2088 1919/1919
f 1917/1917 1933/1933 1952/1952
f 1916/1916 1920/1920 2086/2086
f 1935/1935 2090/2090 2085/2085
f 1934/1934 1922/1922 2090/2090
f 2091/2091 2086/2086 1926/1926
f 1930/1930 1929/1929 1944/1944
f 1944/1944 1951/1951 1918/1918
f 1949/1949 1932/1932 1918/1918
f 1916/1916 1938/1938 1928/1928
f 1913/1913 2083/2083 1928/1928
f 2092/2092 1913/1913 1928/1928
f 1928/1928 1937/1937 1921/1921
f 1921/1921 2094/2094 1922/1922
f 1941/1941 1922/1922 2095/2095
f 2095/2095 1956/1956 2096/2096
f 2096/2096 1941/1941 2097/2097
f 2097/2097 2098/2098 1946/1946
f 1946/1946 1947/1947 1959/1959
f 1959/1959 1958/1958 2099/2099
f 2099/2099 1959/1959 1927/1927
f 1914/1914 1939/1939 2101/2101
f 1939/1939 1914/1914 1928/1928
f 2093/2093 2092/2092 1949/1949
f 1950/1950 1951/1951 1938/1938
f 1938/1938 1952/1952 1943/1943
f 1943/1943 1953/1953 2102/2102
f 2102/2102 2105/2105 2106/2106
f 2106/2106 2104/2104 2108/2108
f 2108/2108 2111/2111 2112/2112
f 2112/2112 2110/2110 2114/2114
f 2114/2114 2117/2117 2115/2115
f 2115/2115 2117/2117 1969/1969
f 1969/1969 1949/1949 1970/1970
f 1970/1970 1969/1969 1964/1964
f 1964/1964 1971/1971 1961/1961
f 1961/1961 1972/1972 1937/1937
f 1937/1937 1955/1955 1965/1965
f 1965/1965 1973/1973 2120/2120
f 2120/2120 2121/2121 1958/1958
f 1975/1975 1976/1976 2124/2124
f 2124/2124 1972/1972 2126/2126
f 2126/2126 2129/2129 2127/2127
f 2127/2127 2129/2129 2130/2130
f 2130/2130 2133/2133 2131/2131
f 2131/2131 2133/2133 2134/2134
f 2134/2134 2137/2137 2118/2118
f 2118/2118 2136/2136 1949/1949
f 1918/1918 1938/1938 1977/1977
f 2101/2101 1914/1914 1980/1980
f 1979/1979 1978/1978 2138/2138
f 2139/2139 1981/1981 1985/1985
f 1985/1985 1984/1984 1916/1916
f 1980/1980 1982/1982 1984/1984
f 1918/1918 1917/1917 1916/1916
f 1918/1918 1984/1984 1986/1986
f 1986/1986 1987/1987 1981/1981
f 1981/1981 1985/1985 1984/1984
f 1987/1987 1983/1983 1984/1984
f 1985/1985 1987/1987 2140/2140
f 1981/1981 1987/1987 1916/1916
f 1984/1984 1982/1982 1980/1980
f 1980/1980 1977/1977 2139/2139
f 2141/2141 1986/1986 1978/1978
f 1977/1977 1980/1980 1983/1983
f 1983/1983 1988/1988 1999/1999
f 2005/2005 2033/2033 2012/2012
f 2001/2001 2005/2005 2004/2004
f 2002/2002 2000/2000 2033/2033
f 2024/2024 2012/2012 2142/2142
f 2013/2013 2014/2014 2008/2008
f 2008/2008 2016/2016 2009/2009
f 2015/2015 2006/2006 2014/2014
f 2006/2006 2015/2015 2013/2013
f 2006/2006 2014/2014 2016/2016
f 2016/2016 2010/2010 2011/2011
f 2143/2143 2014/2014 2142/2142
f 2014/2014 2143/2143 2013/2013
f 2022/2022 2040/2040 2023/2023
f 2037/2037 2001/2001 2144/2144
f 2019/2019 2018/2018 2003/2003
f 2019/2019 2007/2007 2020/2020
f 2021/2021 2018/2018 2002/2002
f 2018/2018 2019/2019 2144/2144
f 2144/2144 2018/2018 2147/2147
f 2147/2147 2021/2021 2004/2004
f 2018/2018 2002/2002 2037/2037
f 2005/2005 2001/2001 2146/2146
f 2149/2149 2020/2020 2144/2144
f 2007/2007 2019/2019 2149/2149
f 2146/2146 2150/2150 2011/2011
f 2014/2014 2015/2015 2029/2029
f 2036/2036 2029/2029 2003/2003
f 2017/2017 2034/2034 2003/2003
f 2023/2023 2001/2001 2013/2013
f 2142/2142 1998/1998 2013/2013
f 1998/1998 2151/2151 2013/2013
f 2022/2022 2013/2013 2006/2006
f 2153/2153 2006/2006 2007/2007
f 2007/2007 2026/2026 2154/2154
f 2041/2041 2154/2154 2155/2155
f 2026/2026 2155/2155 2156/2156
f 2157/2157 2156/2156 2031/2031
f 2032/2032 2031/2031 2044/2044
f 2043/2043 2044/2044 2158/2158
f 2044/2044 2158/2158 2012/2012
f 2024/2024 1999/1999 2160/2160
f 1999/1999 2024/2024 2013/2013
f 2151/2151 2152/2152 2034/2034
f 2036/2036 2035/2035 2023/2023
f 2037/2037 2023/2023 2028/2028
f 2038/2038 2028/2028 2161/2161
f 2164/2164 2161/2161 2165/2165
f 2162/2162 2165/2165 2167/2167
f 2170/2170 2167/2167 2171/2171
f 2168/2168 2171/2171 2173/2173
f 2176/2176 2173/2173 2175/2175
f 2176/2176 2175/2175 2054/2054
f 2034/2034 2054/2054 2055/2055
f 2054/2054 2055/2055 2049/2049
f 2056/2056 2049/2049 2046/2046
f 2057/2057 2046/2046 2022/2022
f 2040/2040 2022/2022 2050/2050
f 2058/2058 2050/2050 2179/2179
f 2180/2180 2179/2179 2043/2043
f 2061/2061 2060/2060 2183/2183
f 2057/2057 2183/2183 2185/2185
f 2188/2188 2185/2185 2187/2187
f 2188/2188 2187/2187 2189/2189
f 2192/2192 2189/2189 2191/2191
f 2192/2192 2191/2191 2193/2193
f 2196/2196 2193/2193 2178/2178
f 2194/2194 2178/2178 2034/2034
f 2023/2023 2003/2003 2062/2062
f 1999/1999 2160/2160 2065/2065
f 2063/2063 2064/2064 2197/2197
f 2066/2066 2198/2198 2070/2070
f 2069/2069 2070/2070 2001/2001
f 2065/2065 2064/2064 2069/2069
f 2002/2002 2003/2003 2001/2001
f 2069/2069 2003/2003 2071/2071
f 2072/2072 2071/2071 2066/2066
f 2070/2070 2066/2066 2069/2069
f 2072/2072 2070/2070 2069/2069
f 2068/2068 2072/2072 2066/2066
f 2199/2199 2072/2072 2001/2001
f 2067/2067 2069/2069 2065/2065
f 2062/2062 2065/2065 2198/2198
f 2071/2071 2200/2200 2063/2063
f 2065/2065 2062/2062 2068/2068
