# MOD converted: m320.mod
# 1430 verts, 1755 faces

v 159.312714 -58.143784 -38.994549
v 116.181351 10.196784 -34.919956
v 159.350128 -58.441956 -29.154404
v 171.523041 -72.337433 -30.449476
v 167.571960 -71.319366 -29.206964
v 172.437073 -75.469917 -34.538776
v 171.587936 -72.854271 -33.555698
v 167.609421 -71.617523 -33.869553
v 172.493286 -75.917465 -34.416103
v 175.476776 -77.438957 -30.192953
v 175.497894 -76.964745 -33.412346
v 162.897919 -81.885117 -41.615620
v 110.235893 6.198395 -41.083328
v 110.604248 9.488993 -39.970116
v 113.129395 11.187178 -41.884552
v 108.016579 10.542060 -39.575821
v 113.253548 14.063984 -42.870380
v 102.048317 20.062895 -40.561653
v 107.285278 23.584814 -38.191418
v 168.388351 -75.238182 -37.972740
v 163.798569 -78.092712 -35.662903
v 165.763596 -72.992798 -35.536736
v 163.115768 -74.639565 -37.027164
v 157.504318 -59.817226 -36.901001
v 154.856461 -61.463997 -37.032589
v 169.722610 -77.981819 -36.843212
v 165.748077 -80.453705 -38.626461
v 170.324631 -81.080917 -38.310398
v 166.643250 -83.379593 -35.266216
v 163.990036 -84.703911 -43.872017
v 114.489502 8.631190 -42.041683
v 112.410835 10.522244 -43.872047
v 111.763306 12.684955 -44.857925
v 105.795052 22.205788 -37.456600
v 172.978226 -79.296341 -34.010765
v 160.507202 -79.745712 -33.251087
v 161.216980 -75.593178 -34.615349
v 152.957703 -62.417603 -38.684620
v 171.497253 -92.153366 -34.141781
v 181.802063 -85.223251 -28.222063
v 186.360092 -108.496857 -25.348288
v 191.597366 -100.327637 -32.471420
v 191.683273 -101.011353 -37.303482
v 187.450485 -104.165070 -24.834871
v 189.668411 -90.406052 -34.908447
v 189.789886 -91.372978 -41.742035
v 183.803848 -95.832993 -26.982584
v 181.703156 -84.543953 -38.937794
v 177.556290 -88.381386 -37.014164
v 181.378448 -107.941460 -31.772871
v 177.024277 -110.128220 -41.332909
v 175.216736 -101.173569 -33.920578
v 169.059052 -104.266113 -33.407177
v 167.130051 -94.344551 -26.864546
v 174.302673 -77.369347 -31.937815
v 162.794815 -85.108521 -29.528084
v 157.413910 -59.097404 -25.192455
v 168.231674 -73.990433 -28.163824
v 165.673203 -72.272972 -25.776093
v 169.586914 -76.901321 -23.816896
v 171.670593 -78.727417 -24.973751
v 163.641876 -76.844948 -28.626423
v 160.442307 -79.228874 -28.037657
v 163.025360 -73.919739 -30.144863
v 161.179535 -75.295013 -29.401945
v 154.766098 -60.744167 -31.509129
v 152.920242 -62.119446 -25.586731
v 165.612396 -79.373199 -28.749752
v 162.841705 -81.437561 -24.674196
v 165.314377 -82.776985 -27.711163
v 162.837067 -84.668068 -36.738186
v 111.927742 7.763987 -39.011795
v 111.322800 10.153924 -37.588322
v 109.506821 11.921091 -38.574116
v 103.538528 21.441914 -23.504366
v 167.967972 -80.992409 -26.248007
v 167.031250 -93.665192 -21.705048
v 177.336029 -86.735085 -20.106827
v 187.243134 -102.514420 -19.817589
v 181.171295 -106.290695 -17.422411
v 183.510635 -93.498619 -17.013332
v 174.923752 -98.839073 -21.451900
v 171.277100 -90.507011 -24.649855
v 176.938416 -109.444489 -23.847157
v 168.937607 -103.299187 -35.630703
v 159.800156 -60.633499 -36.895737
v 156.930649 -62.563286 -38.430969
v 159.108841 -61.282837 -37.033600
v 157.605865 -59.963978 -36.721428
v 159.495758 -62.978821 -29.179272
v 157.483444 -61.417747 -30.444305
v 154.613937 -63.347534 -27.654926
v 155.239166 -62.592796 -29.364552
v 154.851898 -60.896248 -29.052380
v 156.741806 -63.911087 -33.573883
v 160.513596 -59.973297 -31.063313
v 161.664474 -58.917927 -31.790213
v 159.424622 -58.280937 -31.478041
v 161.314514 -61.295784 -30.130770
v 159.277176 -60.391850 -35.944218
v 155.136902 -63.589195 -35.022591
v 152.683517 -64.957733 -34.607922
v 153.033112 -62.579304 -34.295750
v 154.923019 -65.594147 -32.501102
v 153.900467 -64.007751 -34.676289
v 165.578201 -69.850876 -35.941322
v 162.708694 -71.780663 -37.476555
v 164.886887 -70.500214 -36.079185
v 163.383911 -69.181351 -35.767021
v 165.273788 -72.196205 -28.224857
v 163.261490 -70.635124 -29.489891
v 160.391983 -72.564911 -26.700512
v 161.017212 -71.810173 -28.410139
v 160.629944 -70.113617 -28.097971
v 162.519836 -73.128471 -32.619469
v 166.291641 -69.190674 -30.108898
v 167.442520 -68.135307 -30.835798
v 165.202667 -67.498314 -30.523632
v 167.092545 -70.513168 -29.176355
v 165.055222 -69.609222 -34.989803
v 160.914948 -72.806572 -34.068176
v 158.461563 -74.175102 -33.653507
v 158.811157 -71.796677 -33.341343
v 160.701050 -74.811531 -31.546688
v 159.678513 -73.225121 -26.864546
v 174.302673 -77.369347 -34.416073
v 175.476807 -77.438934 -30.192947
v 175.497894 -76.964737 -24.198730
v 192.512268 -93.573792 -25.725330
v 184.822372 -83.415764 -24.643801
v 188.180527 -84.438995 -25.247324
v 184.369812 -78.146690 -24.680775
v 189.236465 -87.862442 -23.784433
v 188.249588 -77.573662 -28.002686
v 174.045853 -70.315643 -25.978535
v 177.146927 -76.690079 -26.081694
v 177.251282 -73.983818 -30.616831
v 182.768585 -85.309196 -26.304899
v 189.617081 -90.643738 -27.787281
v 184.894989 -86.718643 -28.488476
v 187.405472 -88.736282 -34.117046
v 181.810745 -85.215248 -26.569494
v 183.599045 -77.262108 -28.925842
v 178.205307 -76.331795 -28.207802
v 178.014771 -73.725365 -27.751997
v 183.110428 -81.454865 -37.456600
v 172.978226 -79.296341 -42.096096
v 186.304153 -99.318634 -42.096680
v 179.143570 -88.670769 -44.150692
v 181.414093 -90.700470 -44.908539
v 177.549835 -84.457687 -42.929504
v 182.906448 -93.720070 -48.338131
v 179.732544 -85.455093 -41.414181
v 169.393753 -74.620567 -42.526539
v 171.546997 -79.262405 -36.833015
v 180.612335 -87.304527 -40.654755
v 184.639481 -95.249878 -39.095585
v 180.972443 -90.348465 -39.015388
v 183.754044 -92.115257 -44.096256
v 177.519455 -82.887985 -40.029808
v 174.353607 -79.896034 -41.745384
v 173.318909 -78.070770 -40.868244
v 178.560745 -85.665009 -24.674196
v 165.314377 -82.776985 -23.816895
v 171.670639 -78.727394 -23.504366
v 167.967972 -80.992409 -15.919186
v 176.903992 -102.500763 -18.151735
v 170.544937 -91.581566 -15.619665
v 171.168594 -94.168770 -16.151796
v 167.223297 -87.953430 -16.238686
v 173.321762 -96.964661 -12.425581
v 166.836349 -89.820702 -21.798357
v 162.349701 -77.005112 -21.924578
v 165.006805 -83.880516 -20.600208
v 163.673248 -81.927826 -20.879704
v 174.883499 -89.243843 -17.178648
v 176.209213 -98.103676 -19.606750
v 173.973984 -92.717575 -18.295750
v 176.313614 -94.633980 -21.716412
v 177.357681 -86.722694 -16.445312
v 167.589996 -86.249298 -20.841690
v 167.463150 -82.228592 -19.819048
v 165.445175 -80.736176 -18.798470
v 170.635483 -88.347870 -23.755404
v 180.304626 -86.143295 -23.817087
v 188.723709 -90.946159 -24.838104
v 183.835938 -87.077148 -23.165550
v 185.494110 -89.383293 -24.553421
v 182.875076 -77.507187 -24.866213
v 182.074142 -81.805672 -27.711203
v 162.837051 -84.668076 -31.937820
v 162.794800 -85.108528 -33.816555
v 170.695862 -108.245613 -34.523090
v 164.866135 -96.836586 -35.126564
v 164.402145 -100.430260 -35.813015
v 160.403320 -94.264442 -34.487434
v 166.991745 -102.822296 -36.979282
v 158.319290 -97.702141 -35.209850
v 157.697617 -81.310036 -29.616905
v 167.008804 -95.084908 -32.442574
v 169.158203 -104.104210 -31.998634
v 167.593521 -98.000381 -30.778305
v 168.225906 -100.996384 -26.272602
v 167.022720 -93.673080 -34.712826
v 159.830170 -93.005165 -33.028557
v 161.155136 -87.444756 -34.137783
v 158.977402 -86.273224 -32.975006
v 163.680710 -94.175476 -23.400717
v 169.165039 -93.089584 -18.092710
v 174.135818 -99.498062 -20.690325
v 171.516083 -94.370552 -20.251368
v 171.877350 -97.617401 -17.186050
v 165.909760 -87.379280 -19.858753
v 168.230408 -89.965317 -38.310379
v 166.643219 -83.379616 -38.626461
v 170.324631 -81.080917 -39.354031
v 174.893890 -91.150261 -41.568813
v 182.566101 -96.644257 -40.179161
v 178.514542 -92.001442 -40.971020
v 179.317795 -95.098671 -38.673237
v 171.475800 -92.165634 -44.836994
v 175.839218 -84.017967 -41.112698
v 171.897263 -81.547958 -41.928524
v 176.155670 -87.282448 -35.266216
v 163.990036 -84.703911 -36.478333
v 169.472763 -94.250809 -34.930401
v 170.051575 -103.801788 -34.947811
v 168.652573 -97.641876 -36.101227
v 170.137268 -100.349373 -36.728901
v 160.554153 -92.760086 -35.975864
v 162.213516 -87.086472 -36.263878
v 159.740875 -86.014771 -35.860794
v 164.716995 -93.824677 -38.574486
v 103.538605 21.441992 -37.459919
v 97.970123 28.991476 -35.331608
v 106.224632 15.322173 -30.807285
v 102.577713 17.779167 -34.041779
v 100.910446 22.378633 -35.686886
v 108.011810 12.897602 -37.171169
v 102.065598 22.712378 -32.034420
v 101.985962 19.463497 -35.745766
v 100.594742 23.965086 -32.831970
v 99.589874 23.549200 -38.014225
v 107.400948 15.331573 -32.526413
v 103.933769 16.889696 -31.249186
v 105.069710 14.363343 -42.870781
v 102.048332 20.062933 -44.382271
v 95.568932 26.769499 -43.241245
v 103.480988 12.783275 -45.334740
v 97.538513 13.116031 -44.749489
v 97.196213 18.941599 -42.756847
v 105.559425 10.628229 -43.593010
v 99.838020 20.651058 -45.104004
v 97.452461 15.268332 -44.321205
v 97.620140 21.212486 -45.382935
v 95.236267 19.520504 -42.210197
v 105.945473 13.984716 -44.545589
v 99.764633 13.031684 -44.674866
v 100.412689 10.053867 -40.562008
v 107.285393 23.584925 -40.662289
v 104.007080 32.444263 -38.990707
v 113.122620 19.267385 -37.527866
v 115.247093 25.025269 -38.995304
v 110.248619 27.719507 -38.957542
v 114.177513 16.424000 -40.141994
v 107.666061 25.915516 -38.080578
v 113.383919 25.982439 -39.712872
v 108.073357 28.242409 -38.638206
v 110.535545 29.809464 -39.955334
v 111.060249 17.424467 -38.086639
v 114.415688 22.884693 -37.460075
v 116.778221 21.059889 -44.858299
v 105.795120 22.205866 -47.584637
v 101.605904 30.222271 -46.900345
v 110.378960 16.728500 -52.055336
v 110.207886 20.362137 -49.703014
v 106.534393 24.282459 -46.027504
v 111.725128 14.154633 -46.563831
v 105.438499 23.854183 -51.150173
v 108.850426 21.787262 -48.288311
v 105.098763 25.489798 -51.189171
v 106.181946 25.780754 -44.151306
v 109.604767 16.077618 -50.105816
v 110.246536 19.026693 -50.885757
v 112.121201 16.750420 -26.864546
v 174.302673 -77.369347 -31.937815
v 162.794815 -85.108521 -38.430969
v 159.108841 -61.282837 -37.033600
v 157.605865 -59.963978 -36.721428
v 159.495758 -62.978821 -27.654926
v 155.239166 -62.592796 -29.364552
v 154.851898 -60.896248 -29.052380
v 156.741806 -63.911087 -31.063313
v 161.664474 -58.917927 -31.790213
v 159.424622 -58.280937 -31.478041
v 161.314514 -61.295784 -35.022591
v 152.683517 -64.957733 -34.607922
v 153.033112 -62.579304 -34.295750
v 154.923019 -65.594147 -37.476555
v 164.886887 -70.500214 -36.079185
v 163.383911 -69.181351 -35.767021
v 165.273788 -72.196205 -26.700512
v 161.017212 -71.810173 -28.410139
v 160.629944 -70.113617 -28.097971
v 162.519836 -73.128471 -30.108898
v 167.442520 -68.135307 -30.835798
v 165.202667 -67.498314 -30.523632
v 167.092545 -70.513168 -34.068176
v 158.461563 -74.175102 -33.653507
v 158.811157 -71.796677 -33.341343
v 160.701050 -74.811531 -24.198730
v 192.512268 -93.573792 -24.680775
v 189.236465 -87.862442 -24.643801
v 188.180527 -84.438995 -25.247324
v 184.369812 -78.146690 -23.784433
v 188.249588 -77.573662 -28.002686
v 174.045853 -70.315643 -26.081694
v 177.251282 -73.983818 -26.864546
v 174.302673 -77.369347 -25.725330
v 184.822372 -83.415764 -25.978535
v 177.146927 -76.690079 -20.600208
v 163.673248 -81.927826 -24.674196
v 165.314377 -82.776985 -21.924578
v 165.006805 -83.880516 -42.526539
v 171.546997 -79.262405 -37.456600
v 172.978226 -79.296341 -40.029808
v 174.353607 -79.896034 -41.745384
v 173.318909 -78.070770 -34.137783
v 158.977402 -86.273224 -33.028557
v 161.155136 -87.444756 -31.937820
v 162.794800 -85.108528 0.227186
v 204.165955 -24.375893 0.000000
v 146.474243 51.710640 0.000009
v 188.077301 -25.041149 -0.000000
v 113.681488 -34.393364 -0.000003
v 169.073944 43.648014 -0.000000
v 148.976151 -28.855188 -0.000001
v 168.573914 -26.594406 -0.000003
v 169.010651 45.117260 -0.000008
v 187.540543 37.726578 -0.000017
v 205.088516 30.827244 -0.000001
v 221.894669 22.944033 -0.000000
v 129.556488 -31.609245 0.000003
v 225.223022 -17.610674 -0.000001
v 166.411179 8.740873 -0.000000
v 129.582748 -31.059633 0.000000
v 165.988144 72.470848 0.000000
v 109.028038 103.345123 0.000000
v 186.603790 57.890831 0.000000
v 137.434875 90.328415 0.000000
v 203.731827 48.866844 -0.000001
v 216.710907 35.997925 0.000001
v 228.341705 23.682863 0.000001
v 187.590073 62.640327 -0.000000
v 186.700562 56.122307 -0.000000
v 203.093628 47.589897 -0.000000
v 166.075027 70.704712 -0.000000
v 137.458771 88.750771 -0.000000
v 215.331512 35.364838 0.000001
v 226.363602 23.549076 0.000014
v 212.665375 -24.804485 0.000025
v 201.117294 -29.165817 0.000017
v 186.259155 -32.018517 -0.000003
v 225.111008 -23.842140 0.000011
v 237.149536 -20.249184 -0.000003
v 222.203461 2.806641 -0.000005
v 229.065384 26.180504 0.000000
v 232.154694 22.007254 -0.000001
v 231.748566 -15.622869 -0.000001
v 223.937256 2.725291 0.000012
v 228.182373 -21.904922 0.000007
v 232.386917 -21.787382 0.000004
v 269.416687 -35.976875 -0.000000
v 298.908051 24.811487 -0.000004
v 280.072327 -31.419672 -0.000002
v 256.566376 35.158138 0.000001
v 286.543976 31.962828 -0.000001
v 307.027252 18.433050 -0.000002
v 291.419617 -25.003853 -0.000001
v 245.489777 26.495920 -0.000001
v 271.490906 35.560215 0.000003
v 285.556458 -21.246897 0.000001
v 315.308075 14.485664 -0.000001
v 243.638184 38.726898 0.000003
v 301.269684 -14.154926 0.000000
v 308.839233 -4.535642 -0.000000
v 323.862579 5.593513 0.000001
v 323.101410 12.266816 -0.000000
v 325.959167 9.264303 -0.000000
v 316.572937 1.499805 -0.000001
v 282.241791 18.357244 0.000001
v 237.136200 32.604614 -46.778065
v 137.319214 -19.930920 -18.674097
v 188.262817 -23.823875 -16.985329
v 204.472046 -22.719090 -8.177727
v 124.854485 63.417854 -27.773094
v 125.261520 57.089016 -63.009514
v 126.948540 19.368946 -56.227802
v 145.548767 13.235881 -43.875736
v 146.361221 34.623909 -23.593023
v 147.323669 47.188816 -56.628883
v 83.615204 67.198212 -34.010624
v 94.882919 75.100922 -76.448044
v 68.013519 45.592667 -47.329624
v 126.202003 43.806679 -21.129250
v 129.462830 -30.133200 -46.599838
v 167.861511 7.552560 -19.711403
v 167.379868 38.482323 -19.976555
v 150.102661 -27.995350 -46.013412
v 151.642426 -18.727341 -73.183510
v 84.897629 35.448933 -63.908127
v 126.674126 0.362363 -78.708084
v 86.802292 11.392304 -52.124043
v 98.004623 58.610226 -32.129128
v 101.473526 69.603302 -16.992254
v 100.502914 74.803459 -31.667067
v 137.518921 -26.295864 -48.561733
v 141.211960 -24.264057 -30.609642
v 151.789032 -24.870090 -56.526890
v 145.735519 -3.130898 -19.343254
v 168.832443 -24.679752 -40.493134
v 169.282761 -14.775575 -29.509928
v 168.659241 -24.366106 -42.989838
v 192.161255 3.678858 -65.106308
v 147.396744 11.397441 -30.188379
v 128.506042 58.985554 -16.075203
v 126.654564 66.681526 -54.297382
v 153.885178 -18.894022 -36.613373
v 190.773865 19.866592 -19.746124
v 187.737000 33.901283 -39.455349
v 191.026077 -13.426494 -35.315552
v 207.971191 7.707010 -17.813332
v 205.363388 27.371460 -33.254433
v 206.837509 -11.948385 -62.616371
v 133.292023 32.858994 -41.821381
v 169.870056 28.331100 -22.111437
v 168.984238 41.362431 -53.874344
v 169.696075 6.827787 -46.698792
v 168.821564 -16.631359 -15.109455
v 146.774048 -37.939182 -11.186336
v 189.239914 -27.195944 -8.997258
v 202.951767 -24.412680 -36.516453
v 153.794037 -29.711945 -13.450326
v 166.731949 -32.426899 -25.859543
v 150.734680 -35.822720 -31.345884
v 167.600159 -26.131062 -24.898432
v 189.843826 -23.340326 -30.487617
v 223.055878 4.961466 -15.136684
v 222.155640 19.626432 -28.461535
v 222.021759 -10.913202 -15.996970
v 220.729492 -18.491161 -8.549040
v 147.612503 55.109974 -46.201065
v 149.020142 36.079891 -25.966393
v 148.589691 49.163006 -50.045204
v 130.894501 47.865608 -36.707066
v 167.292969 27.098434 -22.531235
v 166.944000 -30.959496 -34.945137
v 154.487640 -34.917965 -30.913563
v 167.191650 -29.127224 -19.111660
v 189.551193 -25.256912 -45.594223
v 168.307953 -5.960258 -69.423416
v 101.114151 27.715084 -72.840797
v 102.838013 6.420687 -34.313156
v 142.746429 -30.693703 -33.823982
v 152.056015 -29.904467 -58.825684
v 129.409393 -7.182720 -58.643188
v 134.514450 -13.648032 -52.834839
v 149.256607 -10.205164 -7.573601
v 220.741867 -19.724596 -61.694195
v 126.948479 19.367744 -46.885139
v 126.192009 42.716957 -42.588242
v 146.361237 34.633251 -54.936287
v 145.548721 13.229315 -27.848803
v 125.252945 56.155846 -22.309662
v 147.323715 47.198029 -68.554169
v 101.114143 27.719582 -51.669792
v 97.962021 57.468781 -72.304352
v 84.897621 35.458553 -75.559982
v 68.013519 45.609104 -56.157757
v 83.547958 66.029282 -71.503418
v 102.837967 6.404221 -77.355682
v 86.802277 11.380096 -45.458973
v 151.654358 -18.526718 -62.592442
v 126.674080 0.341531 -19.976065
v 150.140182 -27.466604 -30.608934
v 151.824509 -24.344662 -55.969818
v 145.741333 -2.924666 -12.306762
v 215.890808 -23.605875 -41.181702
v 216.761642 -13.133468 -24.969091
v 219.641647 -20.229261 -38.482098
v 227.439011 0.374273 -19.797031
v 199.093597 -29.683819 -35.525517
v 224.921631 -11.926410 -31.987963
v 210.601868 -22.941896 -15.017571
v 217.420181 26.439823 -24.963139
v 221.898865 20.541838 -44.397720
v 220.598160 1.460405 -31.435776
v 213.211105 24.643696 -35.128906
v 226.663574 12.316733 -40.864746
v 218.802399 14.521857 -20.083807
v 205.466995 33.160591 -21.042923
v 224.463348 -17.745504 -30.326708
v 232.802765 -0.153604 -28.052868
v 229.506378 -11.283743 -22.086336
v 224.946808 20.115059 -27.684902
v 231.072998 11.723215 -48.243523
v 211.221924 -14.351399 -35.328949
v 204.200241 -24.451557 -51.233372
v 215.233276 2.041498 -34.278770
v 206.863403 27.491096 -45.888622
v 212.037796 16.435333 -19.441133
v 205.007874 1.883587 -38.506104
v 195.812180 -24.649723 -32.850876
v 206.477173 -19.551338 -20.509541
v 201.358444 -27.509710 -26.644661
v 184.205048 -32.169907 -49.367195
v 202.501328 -12.402354 -40.989044
v 212.236130 -11.195558 -45.408257
v 215.486420 0.919465 -54.373962
v 206.827820 2.298729 -37.882397
v 198.049301 29.027668 -26.246618
v 190.308762 39.063999 -20.983681
v 207.250351 29.624353 -32.880165
v 208.006622 23.657717 -49.015736
v 204.223373 17.570530 -40.555901
v 213.551361 14.308553 -43.433651
v 187.919952 -27.146681 -56.583591
v 193.194809 -13.797931 -61.348862
v 197.650803 3.127950 -54.881638
v 194.811447 20.584942 -42.272690
v 190.334473 32.951996 -25.752310
v 200.316498 2.403515 -46.000229
v 178.029388 -25.059692 -39.789940
v 191.269775 -21.917301 -27.359030
v 187.667206 -28.575554 -31.547306
v 166.679047 -35.079185 -57.322044
v 181.296616 -13.016049 -47.730083
v 196.126221 -10.853184 -52.296158
v 199.179535 1.976438 -62.647972
v 185.248352 3.869582 -45.330803
v 179.791656 32.363991 -32.475807
v 172.452805 42.230221 -28.504774
v 192.038147 33.058342 -39.795063
v 193.339478 26.858400 -57.001801
v 182.792114 20.693319 -47.293438
v 197.160278 17.268320 -49.487206
v 167.759949 -27.789419 -63.186275
v 171.935257 -13.409041 -68.275856
v 175.976517 4.803187 -61.497532
v 173.458511 23.361729 -48.285057
v 169.769318 36.336731 -34.351662
v 193.663193 3.220903 -43.766998
v 223.529312 8.169020 -36.601212
v 221.786774 19.703936 -20.646343
v 187.286407 55.380013 -79.372498
v 186.794495 14.496984 -24.008898
v 166.968506 68.434662 -69.969742
v 119.093964 81.760635 -49.889500
v 171.509766 56.362335 -33.283791
v 107.830444 99.824974 -67.268845
v 179.228455 38.233849 -117.586754
v 150.799728 13.433161 -63.762913
v 203.649139 12.243046 -53.625946
v 197.269119 31.158308 -60.587963
v 146.184860 70.566498 -28.639141
v 138.436783 85.931854 -83.378052
v 157.473450 46.052322 -98.477654
v 168.969376 15.618261 -18.423962
v 204.085876 46.065296 -41.881306
v 191.225601 45.424637 -91.593674
v 130.385773 60.925602 -92.756775
v 145.744812 46.886185 -100.028206
v 139.983276 43.129860 -87.479401
v 140.519638 55.083847 -7.117178
v 104.736099 105.946564 -4.661694
v 108.622437 103.878922 -32.955055
v 231.390076 2.457162 -36.689384
v 207.389328 38.133965 -53.097027
v 214.761841 10.047211 -45.016308
v 209.750198 25.948420 -26.739109
v 230.739868 12.421531 -15.122869
v 228.828186 20.371281 -16.301323
v 216.637741 33.522285 -20.911579
v 188.320389 59.486618 -47.392937
v 226.630615 6.659628 -73.509850
v 216.898926 9.041664 -61.387249
v 202.225479 30.938473 -37.404980
v 221.974289 21.073116 -45.428089
v 193.639893 47.536850 -59.881535
v 222.140961 8.438422 -50.112938
v 212.854492 25.772053 -65.420212
v 207.229279 23.255795 -70.314133
v 213.163010 14.440006 -63.082756
v 213.633804 16.821102 -61.161545
v 210.706604 20.979128 -27.815624
v 218.864059 28.569605 -18.310974
v 204.221283 44.760509 -19.782459
v 187.323792 54.032612 -42.713226
v 208.669083 25.685429 -34.718895
v 220.107590 19.728624 -66.135895
v 179.243729 37.925972 -52.437279
v 197.307022 30.567772 -23.492630
v 167.037781 67.061966 -34.802727
v 206.543121 37.316750 -59.560562
v 146.208359 69.628586 -28.194622
v 138.455261 84.836853 -49.095501
v 171.567398 55.291187 -39.734962
v 191.085922 44.213238 -82.009338
v 157.493195 45.401215 -14.314456
v 226.814362 20.378922 -16.208420
v 215.299454 32.501427 -47.555023
v 211.622055 25.517780 -35.482491
v 220.289215 21.037508 -26.372595
v 217.347763 26.731907 -25.349863
v 228.624771 12.758934 -13.231663
v 217.251740 -20.668533 -21.039330
v 200.672791 -24.887392 -7.284500
v 213.844070 -23.708794 -14.223188
v 192.112549 -30.114285 -9.431252
v 192.737823 -30.901089 -17.410206
v 197.921112 -27.373573 -2.791851
v 187.089798 -31.931959 -4.175829
v 190.472412 -31.585583 -17.712391
v 208.648483 -22.735409 -10.674068
v 203.709473 -27.389019 -11.976622
v 186.783112 -30.415920 -7.800226
v 179.509033 -32.650002 -4.392809
v 192.863480 -30.059978 1.459645
v 187.067856 -31.173933 -21.282461
v 183.727417 -29.322641 -19.492863
v 175.500580 -31.955349 -32.051781
v 181.510345 -25.393629 -33.944439
v 173.095551 -27.863493 -8.478271
v 218.338547 -26.209101 -18.440159
v 225.812973 -21.910772 -26.502495
v 233.218674 -13.457900 -11.277567
v 211.061142 -28.612543 -24.855452
v 219.620102 -23.318193 -38.761333
v 232.608475 -0.457016 -33.907433
v 228.417816 -13.978598 -12.371388
v 230.486313 -20.268894 -20.031761
v 235.101364 -13.257596 -4.353373
v 223.354279 -24.459589 -5.402333
v 225.624908 30.070251 -16.919537
v 229.252548 24.125336 -28.997086
v 236.894516 -1.909709 -24.925308
v 234.518982 12.403599 -24.251974
v 223.739944 28.393270 -33.617382
v 230.077866 15.786433 -11.857571
v 234.027191 18.083776 -23.501001
v 238.336151 -2.858315 -20.379744
v 237.308014 9.959841 -4.774603
v 232.007660 -20.030056 -6.970544
v 240.441742 -18.082422 -13.941858
v 243.213089 -13.536739 -13.272251
v 236.887100 -14.404763 -18.514494
v 239.555405 -9.277992 -19.757172
v 242.990646 -6.317597 -23.387812
v 237.131851 -6.164048 -7.755348
v 219.001892 36.407284 -6.793855
v 233.970169 -14.041835 -14.164134
v 236.213638 -9.649384 -18.798763
v 237.112885 -5.117278 -2.200105
v 235.473526 -20.204685 -23.614197
v 238.395340 -3.016732 -10.937085
v 267.983521 -34.957203 -24.762735
v 256.062439 -21.874573 -19.279524
v 264.456787 -31.033691 -19.245180
v 244.709167 33.256058 -35.020313
v 246.783813 -1.344430 -14.902662
v 287.677887 26.362886 -12.622778
v 299.871246 -7.739415 -11.082885
v 299.173798 18.220652 -31.612686
v 246.376114 17.333788 -32.829346
v 260.870605 0.181130 -19.032320
v 276.196716 -25.348837 -25.166445
v 287.422302 17.603285 -31.531982
v 266.119507 -9.657246 -18.080292
v 257.041931 30.235266 -29.666357
v 258.693207 16.469643 -21.833765
v 289.221252 -11.496442 -7.336534
v 308.067413 -0.782405 -7.951550
v 307.411682 15.388301 -2.414244
v 323.527527 9.357323 -16.813200
v 299.584229 7.267368 -10.210669
v 307.712463 8.497288 -24.198046
v 289.967224 2.979087 -13.360994
v 256.174286 -23.464361 -19.493114
v 260.321899 -25.800720 -24.478058
v 272.127380 -18.298222 -11.552197
v 278.772766 -29.093584 -32.482449
v 252.562210 -14.523186 -11.327833
v 290.583405 -22.436832 -13.907520
v 274.020447 -14.540861 -25.410353
v 245.945312 10.907616 -13.485144
v 245.388168 22.366293 -28.738482
v 273.484436 18.096800 -27.615696
v 277.595337 -7.966946 -30.490147
v 274.825867 2.716883 -17.742050
v 272.324463 30.610538 -13.801711
v 274.637390 -24.259308 -34.599972
v 248.024063 -7.785117 -5.140206
v 315.549194 6.247105 -4.925285
v 315.100281 12.018481 -24.998339
v 286.416168 13.983568 -34.599285
v 277.439697 16.184216 -28.614981
v 287.332977 19.051991 -27.681635
v 276.519897 15.665374 -28.483313
v 290.203400 16.284939 -23.744436
v 289.354248 4.952122 -28.396818
v 294.687561 9.936533 -26.219597
v 290.896484 4.926108 -33.888981
v 270.685883 6.493614 -32.544075
v 275.080719 15.843130 -29.839878
v 272.351776 4.825144 -29.869564
v 279.866119 -5.708041 -31.859688
v 289.104034 -6.316596 -26.389065
v 278.058167 -5.525531 -27.148664
v 288.416779 -3.463914 -28.723608
v 294.932770 4.854068 -36.396076
v 271.300018 2.750212 -32.604160
v 277.496002 -5.389140 -29.997728
v 272.831024 4.161534 -27.400391
v 277.528625 -4.157121 -18.814634
v 273.571533 -21.573736 -16.334021
v 289.678375 -17.850515 -22.290331
v 283.678314 -1.707150 -30.222565
v 242.013687 -6.156847 -30.729694
v 240.979416 -1.352833 -22.290329
v 284.049011 0.045194 -27.167372
v 272.647736 6.989800 -20.649050
v 288.283295 6.437177 -42.004192
v 274.863159 6.911497 -54.446865
v 265.885986 7.271985 -70.466743
v 282.021057 6.466053 -54.492359
v 302.882263 5.921203 -64.763290
v 273.745392 6.958776 -62.673038
v 313.129639 5.573660 -68.367905
v 304.428223 5.916564 -53.035080
v 323.442993 5.194503 -45.250484
v 320.699036 5.295872 -39.742172
v 326.427063 5.089024 -54.312138
v 307.735260 5.747728 -49.786953
v 317.735779 5.396206 -59.077419
v 319.600006 5.376292 -68.707153
v 291.964996 6.226709 -48.656757
v 271.669189 7.090981 -30.036161
v 291.287537 6.330993 -40.818329
v 286.849792 6.487835 -52.984520
v 293.986877 6.235582 -51.302170
v 312.975647 5.564454 -51.334599
v 287.385254 6.468921 -56.109238
v 298.283447 6.083731 -36.026970
v 285.430023 6.538024 -25.709688
v 288.402771 6.432956 -28.472960
v 286.436920 -1.711796 -25.052385
v 276.941833 -0.662945 -47.447456
v 283.136078 0.627080 -54.510456
v 286.432251 -1.707428 -58.492271
v 301.135773 -1.548535 -57.590660
v 313.412994 -0.778700 -49.762852
v 321.774841 0.711995 -55.477230
v 273.576019 -1.894777 -64.852951
v 301.489716 -0.184335 -63.735355
v 279.043854 0.017619 -29.904591
v 277.377655 -0.856943 -66.212502
v 289.575439 -0.763418 -46.458553
v 284.949890 6.554990 -38.841290
v 283.388214 0.357158 -31.522873
v 274.077576 6.891052 -36.460960
v 278.337036 1.402943 -60.090122
v 289.395294 -0.623692 -44.639214
v 277.712524 0.917822 -33.479782
v 287.016846 14.489535 -25.052383
v 277.471405 14.320259 -43.878380
v 282.932281 13.322360 -55.929623
v 285.195343 15.613872 -57.590660
v 313.859711 11.860806 -49.762852
v 322.095459 9.783522 -54.239079
v 269.383301 13.349321 -61.176022
v 304.382477 12.742117 -59.180382
v 275.264771 14.532176 -38.396458
v 277.919800 14.482993 -22.290329
v 284.510864 13.112138 -57.377197
v 295.569611 13.693565 -65.051239
v 297.606079 12.965498 -38.841293
v 283.202942 12.891922 -42.682861
v 277.700653 12.425024 -64.194786
v 282.225098 15.656460 -49.426003
v 275.444122 15.345536 -52.878220
v 280.522614 14.865641 -60.050423
v 265.630707 7.122373 -15.935515
v 238.099640 28.067842 -25.387091
v 239.465286 14.729398 -70.314140
v 212.927399 14.012544 -63.082756
v 213.633804 15.968617 -61.161549
v 210.706604 20.126637 -90.976440
v 130.385788 60.048325 -91.839912
v 145.744812 46.594772 -99.106339
v 139.983276 42.842934 -86.862167
v 140.519653 54.206558 46.778061
v 137.319214 -19.930920 18.674109
v 188.262817 -23.823866 16.985344
v 204.472046 -22.719078 8.177727
v 124.854477 63.417854 27.773094
v 125.261520 57.089024 63.009514
v 126.948524 19.368946 56.227798
v 145.548767 13.235876 43.875732
v 146.361221 34.623909 23.593023
v 147.323669 47.188816 56.628883
v 83.615204 67.198212 34.010624
v 94.882919 75.100922 76.448044
v 68.013519 45.592667 47.329628
v 126.202003 43.806679 21.129250
v 129.462830 -30.133200 46.599838
v 167.861511 7.552556 19.711395
v 167.379883 38.482323 19.976555
v 150.102676 -27.995354 46.013412
v 151.642426 -18.727345 73.183510
v 84.897629 35.448933 63.908127
v 126.674126 0.362363 78.708084
v 86.802292 11.392303 52.124046
v 98.004631 58.610226 32.129128
v 101.473526 69.603302 16.992252
v 100.502922 74.803467 31.667067
v 137.518921 -26.295866 48.561729
v 141.211960 -24.264061 30.609642
v 151.789032 -24.870094 56.526840
v 145.735504 -3.130839 19.343254
v 168.832443 -24.679758 40.493134
v 169.282776 -14.775574 29.509928
v 168.659241 -24.366112 42.989838
v 192.161285 3.678875 65.106308
v 147.396759 11.397443 30.188379
v 128.506042 58.985554 16.075205
v 126.654564 66.681526 54.297379
v 153.885193 -18.894016 36.613365
v 190.773880 19.866608 19.746107
v 187.737000 33.901283 39.455353
v 191.026077 -13.426494 35.315556
v 207.971191 7.707014 17.813332
v 205.363373 27.371462 33.254440
v 206.837509 -11.948379 62.616371
v 133.292023 32.859005 41.821373
v 169.870071 28.331106 22.111431
v 168.984253 41.362431 53.874344
v 169.696091 6.827777 46.698792
v 168.821594 -16.631367 15.109458
v 146.774063 -37.939186 11.186345
v 189.239914 -27.195938 8.997278
v 202.951767 -24.412670 36.516457
v 153.794037 -29.711941 13.450325
v 166.731949 -32.426899 25.859545
v 150.734680 -35.822723 31.345886
v 167.600174 -26.131062 24.898439
v 189.843857 -23.340319 30.487617
v 223.055893 4.961476 15.136681
v 222.155655 19.626434 28.461536
v 222.021774 -10.913193 15.996970
v 220.729507 -18.491161 8.549038
v 147.612503 55.109978 46.201065
v 149.020157 36.079884 25.966393
v 148.589691 49.162991 50.045204
v 130.894501 47.865616 36.707062
v 167.292969 27.098434 22.531244
v 166.944000 -30.959490 34.945145
v 154.487640 -34.917957 30.913567
v 167.191681 -29.127220 19.111671
v 189.551193 -25.256910 45.594223
v 168.307953 -5.960256 69.423416
v 101.114151 27.715082 72.840797
v 102.838013 6.420688 34.313148
v 142.746429 -30.693703 33.823982
v 152.056015 -29.904472 58.825691
v 129.409393 -7.182723 58.643192
v 134.514450 -13.648035 52.834846
v 149.256622 -10.205160 7.573600
v 220.741882 -19.724596 61.694195
v 126.948463 19.367744 46.885147
v 126.192024 42.716965 42.588242
v 146.361237 34.633247 54.936287
v 145.548721 13.229316 27.848801
v 125.252945 56.155846 22.309662
v 147.323715 47.198029 68.554169
v 101.114151 27.719582 51.669800
v 97.962021 57.468788 72.304352
v 84.897629 35.458549 75.559975
v 68.013519 45.609104 56.157753
v 83.547958 66.029289 71.503418
v 102.837967 6.404219 77.355682
v 86.802277 11.380096 45.458977
v 151.654358 -18.526720 62.592438
v 126.674080 0.341530 19.976065
v 150.140167 -27.466606 30.608936
v 151.824509 -24.344662 55.969738
v 145.741318 -2.924563 12.306770
v 215.890793 -23.605881 41.181698
v 216.761642 -13.133474 24.969101
v 219.641632 -20.229261 38.482105
v 227.439026 0.374273 19.797039
v 199.093597 -29.683821 35.525517
v 224.921631 -11.926409 31.987959
v 210.601852 -22.941895 15.017557
v 217.420197 26.439817 24.963140
v 221.898880 20.541838 44.397713
v 220.598160 1.460411 31.435772
v 213.211121 24.643696 35.128899
v 226.663605 12.316731 40.864738
v 218.802399 14.521858 20.083801
v 205.466995 33.160591 21.042925
v 224.463333 -17.745510 30.326710
v 232.802780 -0.153610 28.052877
v 229.506378 -11.283746 22.086325
v 224.946823 20.115057 27.684898
v 231.072983 11.723207 48.243515
v 211.221924 -14.351403 35.328945
v 204.200241 -24.451555 51.233376
v 215.233276 2.041499 34.278763
v 206.863403 27.491100 45.888626
v 212.037796 16.435333 19.441132
v 205.007889 1.883590 38.506104
v 195.812180 -24.649723 32.850876
v 206.477173 -19.551342 20.509529
v 201.358444 -27.509705 26.644661
v 184.205032 -32.169895 49.367195
v 202.501328 -12.402356 40.989044
v 212.236130 -11.195559 45.408257
v 215.486420 0.919466 54.373962
v 206.827820 2.298727 37.882397
v 198.049301 29.027666 26.246616
v 190.308762 39.063999 20.983681
v 207.250351 29.624352 32.880165
v 208.006622 23.657715 49.015732
v 204.223373 17.570530 40.555901
v 213.551361 14.308554 43.433647
v 187.919952 -27.146677 56.583595
v 193.194809 -13.797933 61.348862
v 197.650803 3.127949 54.881638
v 194.811462 20.584938 42.272690
v 190.334473 32.951996 25.752312
v 200.316498 2.403528 46.000221
v 178.029388 -25.059692 39.789936
v 191.269775 -21.917303 27.359020
v 187.667191 -28.575544 31.547295
v 166.679047 -35.079166 57.322041
v 181.296616 -13.016048 47.730091
v 196.126221 -10.853183 52.296154
v 199.179535 1.976440 62.647972
v 185.248352 3.869582 45.330807
v 179.791656 32.363998 32.475800
v 172.452805 42.230225 28.504776
v 192.038147 33.058342 39.795063
v 193.339478 26.858400 57.001797
v 182.792114 20.693319 47.293430
v 197.160278 17.268318 49.487202
v 167.759949 -27.789412 63.186268
v 171.935257 -13.409040 68.275856
v 175.976517 4.803187 61.497528
v 173.458511 23.361729 48.285057
v 169.769318 36.336735 34.351662
v 193.663193 3.220912 43.766994
v 223.529327 8.169022 36.600342
v 221.786804 19.703459 20.646339
v 187.286407 55.380013 74.741180
v 184.310257 12.870774 24.008898
v 166.968506 68.434647 76.103745
v 121.406044 84.160782 49.191360
v 169.443344 56.543186 33.283787
v 107.830444 99.824989 65.382378
v 177.717667 37.697056 116.385872
v 157.014542 11.284535 63.762913
v 203.649124 12.243048 53.625946
v 197.269135 31.158310 63.039074
v 145.958252 71.815247 28.639143
v 138.436768 85.931824 83.319328
v 158.264603 45.824574 93.280876
v 169.808304 12.880419 18.423962
v 204.085876 46.065300 41.881306
v 191.225632 45.424648 99.063263
v 137.244415 62.830338 95.436920
v 150.343918 47.031265 103.781631
v 146.182983 43.393753 92.135422
v 145.100327 56.194206 7.117177
v 104.736084 105.946564 4.661695
v 108.622437 103.878922 32.955055
v 231.390106 2.457157 36.689384
v 207.389313 38.133965 53.097023
v 214.761841 10.047207 45.016304
v 209.750198 25.948418 26.739109
v 230.739899 12.421533 15.122873
v 228.828201 20.371279 16.301323
v 216.637741 33.522289 20.911577
v 188.320389 59.486622 47.392941
v 226.630615 6.659629 73.509842
v 216.898911 9.041656 61.387245
v 202.225479 30.938473 37.404083
v 221.974304 21.072603 45.428089
v 193.639969 47.536968 59.881531
v 222.140961 8.438412 50.112938
v 212.854492 25.772053 65.420212
v 207.229279 23.255787 70.314133
v 213.163010 14.440010 63.082756
v 213.633804 16.821096 61.161552
v 210.706604 20.979109 27.815626
v 218.864059 28.569605 18.310974
v 204.221283 44.760513 19.782461
v 187.323792 54.032608 42.713226
v 208.669083 25.685429 34.718895
v 220.107620 19.728622 64.256996
v 177.622147 37.420761 52.437275
v 197.307022 30.567772 23.492630
v 167.037781 67.061951 34.802727
v 206.543121 37.316765 62.004673
v 145.786285 70.923141 28.194622
v 138.455154 84.836700 48.384647
v 169.384094 55.495296 39.734966
v 191.085922 44.213238 81.957367
v 158.064667 45.232067 14.314456
v 226.814362 20.378923 16.208420
v 215.299454 32.501434 47.555019
v 211.622040 25.517780 35.482491
v 220.289246 21.037506 26.372593
v 217.347748 26.731859 25.349861
v 228.624786 12.758936 13.231672
v 217.251724 -20.668535 21.039347
v 200.672760 -24.887373 7.284509
v 213.844055 -23.708797 14.223229
v 192.112564 -30.114271 9.431285
v 192.737839 -30.901087 17.410231
v 197.921112 -27.373566 2.791879
v 187.089798 -31.931961 4.175857
v 190.472412 -31.585581 17.712404
v 208.648468 -22.735405 10.674091
v 203.709473 -27.389011 11.976630
v 186.783112 -30.415918 7.800237
v 179.509033 -32.650002 4.392840
v 192.863480 -30.059975 -1.459623
v 187.067841 -31.173933 21.282467
v 183.727417 -29.322638 19.492874
v 175.500580 -31.955347 32.051777
v 181.510345 -25.393621 33.944439
v 173.095551 -27.863493 8.478279
v 218.338547 -26.209095 18.440165
v 225.812988 -21.910769 26.502495
v 233.218628 -13.457909 11.277575
v 211.061157 -28.612541 24.855459
v 219.620117 -23.318186 38.761330
v 232.608475 -0.457027 33.907429
v 228.417740 -13.978590 12.371406
v 230.486313 -20.268883 20.031769
v 235.101364 -13.257583 4.353389
v 223.354279 -24.459585 5.402329
v 225.624908 30.070250 16.919537
v 229.252548 24.125338 28.997082
v 236.894501 -1.909733 24.925308
v 234.519028 12.403583 24.251972
v 223.739944 28.393272 33.617382
v 230.077911 15.786430 11.857573
v 234.027191 18.083778 23.501005
v 238.336151 -2.858295 20.379744
v 237.308014 9.959841 4.774619
v 232.007660 -20.030054 6.970551
v 240.441742 -18.082418 13.941870
v 243.213074 -13.536731 13.272264
v 236.887085 -14.404756 18.514496
v 239.555405 -9.277981 19.757172
v 242.990646 -6.317583 23.387817
v 237.131851 -6.164033 7.755349
v 219.001892 36.407280 6.793862
v 233.970184 -14.041829 14.164133
v 236.213654 -9.649384 18.798765
v 237.112885 -5.117265 2.200121
v 235.473526 -20.204685 23.614197
v 238.395340 -3.016715 10.937086
v 267.983521 -34.957203 24.762739
v 256.062469 -21.874567 19.279535
v 264.456787 -31.033688 19.245178
v 244.709183 33.256058 35.020313
v 246.783844 -1.344471 14.902660
v 287.677887 26.362886 12.622780
v 299.871246 -7.739414 11.082885
v 299.173798 18.220652 31.612690
v 246.376129 17.333788 32.829346
v 260.870636 0.181131 19.032310
v 276.196716 -25.348846 25.166447
v 287.422302 17.603283 31.531984
v 266.119537 -9.657246 18.080292
v 257.041931 30.235266 29.666359
v 258.693237 16.469635 21.833767
v 289.221252 -11.496442 7.336534
v 308.067413 -0.782405 7.951551
v 307.411682 15.388300 2.414244
v 323.527527 9.357324 16.813200
v 299.584229 7.267369 10.210667
v 307.712463 8.497288 24.198044
v 289.967224 2.979095 13.360991
v 256.174286 -23.464361 19.493111
v 260.321899 -25.800726 24.478058
v 272.127380 -18.298220 11.552200
v 278.772766 -29.093584 32.482449
v 252.562241 -14.523185 11.327836
v 290.583405 -22.436832 13.907522
v 274.020447 -14.540857 25.410360
v 245.945343 10.907610 13.485147
v 245.388184 22.366291 28.738489
v 273.484436 18.096798 27.615698
v 277.595367 -7.966942 30.490147
v 274.825897 2.716899 17.742048
v 272.324463 30.610537 13.801712
v 274.637390 -24.259306 34.599976
v 248.024094 -7.785120 5.140205
v 315.549194 6.247105 4.925286
v 315.100281 12.018483 24.998337
v 286.416199 13.983570 34.599285
v 277.439728 16.184212 28.614986
v 287.333008 19.051985 27.681635
v 276.519928 15.665374 28.483313
v 290.203430 16.284935 23.744436
v 289.354248 4.952125 28.396820
v 294.687592 9.936528 26.219597
v 290.896484 4.926107 33.888981
v 270.685913 6.493616 32.544075
v 275.080750 15.843132 29.839878
v 272.351776 4.825151 29.869564
v 279.866150 -5.708038 31.859688
v 289.104065 -6.316592 26.389069
v 278.058197 -5.525533 27.148663
v 288.416779 -3.463914 28.723608
v 294.932800 4.854058 36.396076
v 271.300049 2.750207 32.604160
v 277.496002 -5.389140 29.997732
v 272.831055 4.161536 27.400394
v 277.528656 -4.157121 18.814642
v 273.571533 -21.573732 16.334019
v 289.678375 -17.850517 22.290333
v 283.678345 -1.707136 30.222565
v 242.013718 -6.156849 30.729696
v 240.979446 -1.352827 22.290329
v 284.049011 0.045195 27.167372
v 272.647736 6.989798 20.649048
v 288.283295 6.437177 42.004189
v 274.863190 6.911503 54.446873
v 265.886047 7.271979 70.466743
v 282.021118 6.466094 54.492367
v 302.882324 5.921196 64.763290
v 273.745453 6.958758 62.673042
v 313.129700 5.573695 68.367905
v 304.428284 5.916551 53.035080
v 323.443054 5.194489 45.250477
v 320.699097 5.295874 39.742168
v 326.427094 5.089024 54.312134
v 307.735321 5.747746 49.786953
v 317.735840 5.396211 59.077415
v 319.600067 5.376279 68.707153
v 291.965057 6.226743 48.656761
v 271.669220 7.090965 30.036165
v 291.287567 6.330995 40.818325
v 286.849854 6.487835 52.984524
v 293.986938 6.235596 51.302177
v 312.975708 5.564437 51.334599
v 287.385315 6.468911 56.109238
v 298.283508 6.083722 36.026978
v 285.430054 6.538024 25.709690
v 288.402771 6.432950 28.472960
v 286.436951 -1.711788 25.052385
v 276.941833 -0.662941 47.447456
v 283.136139 0.627072 54.510460
v 286.432312 -1.707422 58.492275
v 301.135834 -1.548528 57.590660
v 313.413055 -0.778710 49.762852
v 321.774902 0.711997 55.477230
v 273.576080 -1.894771 64.852951
v 301.489777 -0.184334 63.735355
v 279.043884 0.017620 29.904594
v 277.377686 -0.856931 66.212517
v 289.575500 -0.763395 46.458565
v 284.949951 6.554992 38.841290
v 283.388245 0.357151 31.522875
v 274.077606 6.891052 36.460960
v 278.337036 1.402938 60.090122
v 289.395355 -0.623687 44.639214
v 277.712555 0.917818 33.479782
v 287.016846 14.489532 25.052387
v 277.471436 14.320258 43.878380
v 282.932312 13.322366 55.929630
v 285.195404 15.613870 57.590660
v 313.859741 11.860818 49.762852
v 322.095520 9.783522 54.239079
v 269.383362 13.349315 61.176018
v 304.382538 12.742132 59.180393
v 275.264832 14.532176 38.396458
v 277.919861 14.482996 22.290329
v 284.510864 13.112137 57.377201
v 295.569672 13.693567 65.051231
v 297.606140 12.965498 38.841290
v 283.203003 12.891921 42.682861
v 277.700684 12.425025 64.194794
v 282.225159 15.656462 49.426010
v 275.444153 15.345539 52.878220
v 280.522644 14.865639 60.050423
v 265.630768 7.122364 15.935517
v 238.099655 28.067841 25.387089
v 239.465317 14.729402 70.314133
v 212.927399 14.012529 63.082760
v 213.633820 15.968617 61.161552
v 210.706604 20.126640 98.426041
v 136.967697 62.013023 94.539665
v 150.069733 46.818424 102.879768
v 145.908112 43.185757 91.498215
v 144.823608 55.376884 -0.000000
v 109.028046 102.429359 -4.661694
v 108.622437 102.963165 4.661695
v 108.622429 102.963158 -16.985329
v 204.472046 -22.719090 -16.985329
v 204.472046 -22.719090 0.000006
v 204.165955 -24.375893 0.000000
v 146.474243 51.710640 -8.177727
v 124.854485 63.417854 -16.992254
v 100.502914 74.803459 -32.129128
v 101.473526 69.603302 -34.010624
v 94.882919 75.100922 -52.834839
v 149.256607 -10.205164 -19.797031
v 199.093597 -29.683819 -35.328949
v 204.200241 -24.451557 -48.243523
v 211.221924 -14.351399 -51.233372
v 215.233276 2.041498 -45.888622
v 212.037796 16.435333 -34.278770
v 206.863403 27.491096 -20.083807
v 205.466995 33.160591 -12.306762
v 215.890808 -23.605875 -26.644661
v 184.205048 -32.169907 -43.433651
v 187.919952 -27.146681 -56.583591
v 193.194809 -13.797931 -61.348862
v 197.650803 3.127950 -54.881638
v 194.811447 20.584942 -42.272690
v 190.334473 32.951996 -26.246618
v 190.308762 39.063999 -31.547306
v 166.679047 -35.079185 -49.487206
v 167.759949 -27.789419 -63.186275
v 171.935257 -13.409041 -68.275856
v 175.976517 4.803187 -61.497532
v 173.458511 23.361729 -48.285057
v 169.769318 36.336731 -32.475807
v 172.452805 42.230221 -20.509541
v 201.358444 -27.509710 -27.359030
v 187.667206 -28.575554 -18.423962
v 204.085876 46.065296 0.000000
v 203.731827 48.866844 -36.689384
v 207.389328 38.133965 -32.955055
v 231.390076 2.457162 -43.766998
v 223.529312 8.169020 -53.097027
v 214.761841 10.047211 -63.762913
v 203.649139 12.243046 -79.372498
v 186.794495 14.496984 -32.955055
v 231.390076 2.457162 -98.477654
v 168.969376 15.618261 -69.969742
v 119.093964 81.760635 -33.283791
v 107.830444 99.824974 -117.586754
v 150.799728 13.433161 -18.310974
v 204.221283 44.760509 -0.000000
v 203.093628 47.589897 -47.392937
v 226.630615 6.659628 -59.881535
v 222.140961 8.438422 -34.802727
v 206.543121 37.316750 -32.955055
v 231.390076 2.457162 -20.911579
v 188.320389 59.486618 0.000001
v 187.590073 62.640327 -45.428089
v 193.639893 47.536850 -61.387249
v 202.225479 30.938473 -7.800226
v 179.509033 -32.650002 -11.976622
v 186.783112 -30.415920 -19.492863
v 175.500580 -31.955349 -21.282461
v 183.727417 -29.322641 -33.617382
v 230.077866 15.786433 -38.761333
v 232.608475 -0.457016 -11.277567
v 211.061142 -28.612543 -24.855452
v 219.620102 -23.318193 -33.907433
v 228.417816 -13.978598 -24.251974
v 223.739944 28.393270 -7.755348
v 219.001892 36.407284 -8.478271
v 218.338547 -26.209101 -4.353373
v 223.354279 -24.459589 -18.798763
v 237.112885 -5.117278 -23.501001
v 238.336151 -2.858315 -11.857571
v 234.027191 18.083776 -20.379744
v 237.308014 9.959841 0.000000
v 232.154694 22.007254 -14.164134
v 236.213638 -9.649384 -6.793855
v 233.970169 -14.041835 -0.000001
v 231.748566 -15.622869 -0.000003
v 225.111008 -23.842140 -0.000003
v 222.203461 2.806641 -0.000003
v 222.203461 2.806641 -24.762735
v 256.062439 -21.874573 -32.482449
v 252.562210 -14.523186 0.000000
v 232.154694 22.007254 -11.857571
v 234.027191 18.083776 -20.379744
v 237.308014 9.959841 -13.360994
v 256.174286 -23.464361 -34.599972
v 248.024063 -7.785117 -30.222565
v 242.013687 -6.156847 -23.614197
v 238.395340 -3.016732 0.000004
v 269.416687 -35.976875 -10.937085
v 267.983521 -34.957203 -19.279524
v 264.456787 -31.033691 -19.493114
v 260.321899 -25.800720 -24.998339
v 286.416168 13.983568 -27.681635
v 276.519897 15.665374 -22.290331
v 283.678314 -1.707150 -20.379744
v 237.308014 9.959841 -27.167372
v 272.647736 6.989800 -68.707153
v 291.964996 6.226709 -53.035080
v 323.442993 5.194503 -59.077419
v 319.600006 5.376292 -60.050423
v 265.630707 7.122373 -48.656757
v 271.669189 7.090981 -64.763290
v 273.745392 6.958776 -70.466743
v 282.021057 6.466053 -62.673038
v 313.129639 5.573660 -68.367905
v 304.428223 5.916564 -54.446865
v 265.885986 7.271985 -42.004192
v 274.863159 6.911497 -31.522873
v 274.077576 6.891052 -11.857571
v 234.027191 18.083776 0.000000
v 232.154694 22.007254 -73.509850
v 216.898926 9.041664 -65.420212
v 207.229279 23.255795 16.985344
v 204.472046 -22.719078 16.985344
v 204.472046 -22.719078 8.177727
v 124.854477 63.417854 16.992252
v 100.502922 74.803467 32.129128
v 101.473526 69.603302 34.010624
v 94.882919 75.100922 52.834846
v 149.256622 -10.205160 19.797039
v 199.093597 -29.683821 35.328945
v 204.200241 -24.451555 48.243515
v 211.221924 -14.351403 51.233376
v 215.233276 2.041499 45.888626
v 212.037796 16.435333 34.278763
v 206.863403 27.491100 20.083801
v 205.466995 33.160591 12.306770
v 215.890793 -23.605881 26.644661
v 184.205032 -32.169895 43.433647
v 187.919952 -27.146677 56.583595
v 193.194809 -13.797933 61.348862
v 197.650803 3.127949 54.881638
v 194.811462 20.584938 42.272690
v 190.334473 32.951996 26.246616
v 190.308762 39.063999 31.547295
v 166.679047 -35.079166 49.487202
v 167.759949 -27.789412 63.186268
v 171.935257 -13.409040 68.275856
v 175.976517 4.803187 61.497528
v 173.458511 23.361729 48.285057
v 169.769318 36.336735 32.475800
v 172.452805 42.230225 20.509529
v 201.358444 -27.509705 27.359020
v 187.667191 -28.575544 18.423962
v 204.085876 46.065300 36.689384
v 207.389313 38.133965 32.955055
v 231.390106 2.457157 43.766994
v 223.529327 8.169022 53.097023
v 214.761841 10.047207 63.762913
v 203.649124 12.243048 74.741180
v 184.310257 12.870774 32.955055
v 231.390106 2.457157 93.280876
v 169.808304 12.880419 76.103745
v 121.406044 84.160782 33.283787
v 107.830444 99.824989 116.385872
v 157.014542 11.284535 18.310974
v 204.221283 44.760513 47.392941
v 226.630615 6.659629 59.881531
v 222.140961 8.438412 34.802727
v 206.543121 37.316765 32.955055
v 231.390106 2.457157 20.911577
v 188.320389 59.486622 45.428089
v 193.639969 47.536968 61.387245
v 202.225479 30.938473 7.800237
v 179.509033 -32.650002 11.976630
v 186.783112 -30.415918 19.492874
v 175.500580 -31.955347 21.282467
v 183.727417 -29.322638 33.617382
v 230.077911 15.786430 38.761330
v 232.608475 -0.457027 11.277575
v 211.061157 -28.612541 24.855459
v 219.620117 -23.318186 33.907429
v 228.417740 -13.978590 24.251972
v 223.739944 28.393272 7.755349
v 219.001892 36.407280 8.478279
v 218.338547 -26.209095 4.353389
v 223.354279 -24.459585 18.798765
v 237.112885 -5.117265 23.501005
v 238.336151 -2.858295 11.857573
v 234.027191 18.083778 20.379744
v 237.308014 9.959841 14.164133
v 236.213654 -9.649384 6.793862
v 233.970184 -14.041829 24.762739
v 256.062469 -21.874567 32.482449
v 252.562241 -14.523185 11.857573
v 234.027191 18.083778 20.379744
v 237.308014 9.959841 13.360991
v 256.174286 -23.464361 34.599976
v 248.024094 -7.785120 30.222565
v 242.013718 -6.156849 23.614197
v 238.395340 -3.016715 10.937086
v 267.983521 -34.957203 19.279535
v 264.456787 -31.033688 19.493111
v 260.321899 -25.800726 24.998337
v 286.416199 13.983570 27.681635
v 276.519928 15.665374 22.290333
v 283.678345 -1.707136 20.379744
v 237.308014 9.959841 27.167372
v 272.647736 6.989798 68.707153
v 291.965057 6.226743 53.035080
v 323.443054 5.194489 59.077415
v 319.600067 5.376279 60.050423
v 265.630768 7.122364 48.656761
v 271.669220 7.090965 64.763290
v 273.745453 6.958758 70.466743
v 282.021118 6.466094 62.673042
v 313.129700 5.573695 68.367905
v 304.428284 5.916551 54.446873
v 265.886047 7.271979 42.004189
v 274.863190 6.911503 31.522875
v 274.077606 6.891052 11.857573
v 234.027191 18.083778 73.509842
v 216.898911 9.041656 65.420212
v 207.229279 23.255787 -7.117178
v 104.736099 105.946564 7.117177
v 104.736084 105.946564 0.708781

vt 0.127066 0.690783
vt 0.127341 0.772814
vt 0.105692 0.833361
vt 0.140848 0.823595
vt 0.127192 0.843127
vt 0.140848 0.837267
vt 0.111670 0.823595
vt 0.105692 0.847658
vt 0.113505 0.857970
vt 0.119377 0.853673
vt 0.140848 0.843127
vt 0.023661 0.690783
vt 0.037497 0.681017
vt 0.056699 0.681017
vt 0.107480 0.673205
vt 0.039346 0.673205
vt 0.125283 0.634142
vt 0.039346 0.634142
vt 0.125283 0.837267
vt 0.082255 0.837267
vt 0.053076 0.823595
vt 0.082255 0.823595
vt 0.058817 0.772814
vt 0.082223 0.772814
vt 0.059036 0.847736
vt 0.082255 0.847658
vt 0.051005 0.858361
vt 0.072502 0.858361
vt 0.045158 0.854064
vt 0.023661 0.690783
vt 0.082208 0.681017
vt 0.082208 0.673205
vt 0.082208 0.643908
vt 0.082208 0.858361
vt 0.092033 0.833361
vt 0.023661 0.823595
vt 0.037348 0.772814
vt 0.037222 0.918879
vt 0.151982 0.975412
vt 0.148578 0.950050
vt 0.009571 0.985244
vt 0.035125 0.969668
vt 0.053046 0.949606
vt 0.059303 0.999892
vt 0.089835 0.975562
vt 0.099734 0.946773
vt 0.107034 0.995131
vt 0.144548 0.948166
vt 0.156721 0.929017
vt 0.052715 0.915141
vt 0.030930 0.917942
vt 0.098169 0.894326
vt 0.077891 0.895119
vt 0.142600 0.847814
vt 0.160380 0.848205
vt 0.004130 0.772814
vt 0.105692 0.837267
vt 0.111670 0.823595
vt 0.105692 0.847658
vt 0.113505 0.857970
vt 0.119377 0.837267
vt 0.082255 0.837267
vt 0.053076 0.823595
vt 0.082255 0.823595
vt 0.058817 0.772814
vt 0.082223 0.772814
vt 0.059036 0.847736
vt 0.082255 0.847658
vt 0.051005 0.858361
vt 0.072502 0.858361
vt 0.045158 0.690783
vt 0.082208 0.681017
vt 0.082208 0.673205
vt 0.082208 0.643908
vt 0.082208 0.858361
vt 0.092033 0.918879
vt 0.151982 0.975412
vt 0.148578 0.969668
vt 0.053046 0.949606
vt 0.059303 0.975562
vt 0.099734 0.946773
vt 0.107034 0.948166
vt 0.156721 0.929017
vt 0.052715 0.917942
vt 0.098169 0.434285
vt 0.726745 0.483427
vt 0.726746 0.458880
vt 0.726629 0.458880
vt 0.678328 0.458879
vt 0.773663 0.434285
vt 0.726745 0.483427
vt 0.726746 0.458880
vt 0.726629 0.458880
vt 0.678328 0.458879
vt 0.773663 0.483535
vt 0.726745 0.458891
vt 0.726629 0.458890
vt 0.678328 0.458891
vt 0.773663 0.434285
vt 0.726745 0.434285
vt 0.726745 0.458880
vt 0.726629 0.458880
vt 0.678328 0.458879
vt 0.773663 0.483535
vt 0.726745 0.434285
vt 0.726745 0.483427
vt 0.726746 0.458880
vt 0.726629 0.458880
vt 0.678328 0.458879
vt 0.773663 0.434285
vt 0.726745 0.483427
vt 0.726746 0.458880
vt 0.726629 0.458880
vt 0.678328 0.458879
vt 0.773663 0.483535
vt 0.726745 0.458891
vt 0.726629 0.458890
vt 0.678328 0.458891
vt 0.773663 0.434285
vt 0.726745 0.434285
vt 0.726745 0.458880
vt 0.726629 0.458880
vt 0.678328 0.458879
vt 0.773663 0.483535
vt 0.726745 0.571680
vt 0.037408 0.551186
vt 0.066706 0.571460
vt 0.067805 0.583654
vt 0.301542 0.590933
vt 0.178505 0.599286
vt 0.210748 0.606604
vt 0.146556 0.593704
vt 0.244104 0.622499
vt 0.166392 0.608364
vt 0.006801 0.583917
vt 0.040258 0.593562
vt 0.036769 0.569151
vt 0.167841 0.579448
vt 0.249499 0.577950
vt 0.193301 0.576349
vt 0.219879 0.551186
vt 0.160925 0.605270
vt 0.128823 0.585874
vt 0.068565 0.598568
vt 0.049868 0.587799
vt 0.150153 0.530911
vt 0.067865 0.518718
vt 0.301602 0.511438
vt 0.178565 0.503085
vt 0.210808 0.495767
vt 0.146616 0.508667
vt 0.244164 0.479872
vt 0.166452 0.494007
vt 0.006861 0.508809
vt 0.036829 0.533221
vt 0.167900 0.522923
vt 0.249558 0.524421
vt 0.193361 0.526023
vt 0.219938 0.497101
vt 0.128883 0.516497
vt 0.068625 0.503804
vt 0.049928 0.514573
vt 0.150212 0.530691
vt 0.037467 0.551186
vt 0.066706 0.530911
vt 0.067865 0.518718
vt 0.301602 0.511438
vt 0.178565 0.503085
vt 0.210808 0.495767
vt 0.146616 0.508667
vt 0.244164 0.479872
vt 0.166452 0.494007
vt 0.006861 0.518455
vt 0.040317 0.508809
vt 0.036829 0.533221
vt 0.167900 0.522923
vt 0.249558 0.524421
vt 0.193361 0.526023
vt 0.219938 0.551186
vt 0.160925 0.497101
vt 0.128883 0.516497
vt 0.068625 0.503804
vt 0.049928 0.514573
vt 0.150212 0.533221
vt 0.167900 0.522923
vt 0.249558 0.524421
vt 0.193361 0.526023
vt 0.219938 0.497101
vt 0.128883 0.514573
vt 0.150212 0.551186
vt 0.066706 0.530911
vt 0.067865 0.518718
vt 0.301602 0.511438
vt 0.178565 0.503085
vt 0.210808 0.495767
vt 0.146616 0.508667
vt 0.244164 0.479872
vt 0.166452 0.494007
vt 0.006861 0.533221
vt 0.167900 0.522923
vt 0.249558 0.524421
vt 0.193361 0.526023
vt 0.219938 0.551186
vt 0.160925 0.497101
vt 0.128883 0.516497
vt 0.068625 0.503804
vt 0.049928 0.514573
vt 0.150212 0.533221
vt 0.167900 0.522923
vt 0.249558 0.524421
vt 0.193361 0.526023
vt 0.219938 0.497101
vt 0.128883 0.514573
vt 0.150212 0.551186
vt 0.066706 0.530911
vt 0.067865 0.533221
vt 0.167900 0.522923
vt 0.249558 0.524421
vt 0.193361 0.526023
vt 0.219938 0.551186
vt 0.160925 0.497101
vt 0.128883 0.516497
vt 0.068625 0.514573
vt 0.150212 0.530911
vt 0.067865 0.533221
vt 0.167900 0.522923
vt 0.249558 0.524421
vt 0.193361 0.526023
vt 0.219938 0.497101
vt 0.128883 0.516497
vt 0.068625 0.503804
vt 0.049928 0.514573
vt 0.150212 0.595642
vt 0.297920 0.574687
vt 0.395790 0.633856
vt 0.254882 0.642945
vt 0.328475 0.611251
vt 0.355010 0.638168
vt 0.232001 0.597954
vt 0.329086 0.630927
vt 0.339071 0.600585
vt 0.352553 0.619810
vt 0.372104 0.620309
vt 0.238240 0.637347
vt 0.301645 0.653204
vt 0.286608 0.595642
vt 0.297920 0.574687
vt 0.395790 0.633856
vt 0.254882 0.642945
vt 0.328475 0.611251
vt 0.355010 0.638168
vt 0.232001 0.597954
vt 0.329086 0.630927
vt 0.339071 0.600585
vt 0.352553 0.619810
vt 0.372104 0.620309
vt 0.238240 0.637347
vt 0.301645 0.653204
vt 0.286608 0.595642
vt 0.297920 0.574687
vt 0.395790 0.633856
vt 0.254882 0.642945
vt 0.328475 0.611251
vt 0.355010 0.638168
vt 0.232001 0.597954
vt 0.329086 0.630927
vt 0.339071 0.600585
vt 0.352553 0.619810
vt 0.372104 0.620309
vt 0.238240 0.637347
vt 0.301645 0.653204
vt 0.286608 0.595642
vt 0.297920 0.574687
vt 0.395790 0.633856
vt 0.254882 0.642945
vt 0.328475 0.611251
vt 0.355010 0.638168
vt 0.232001 0.597954
vt 0.329086 0.630927
vt 0.339071 0.600585
vt 0.352553 0.619810
vt 0.372104 0.620309
vt 0.238240 0.637347
vt 0.301645 0.653204
vt 0.286608 0.853673
vt 0.140848 0.854064
vt 0.023661 0.458880
vt 0.726629 0.458880
vt 0.678324 0.458880
vt 0.773658 0.458880
vt 0.726629 0.458880
vt 0.678324 0.458880
vt 0.773658 0.458880
vt 0.726629 0.458880
vt 0.678328 0.458879
vt 0.773663 0.458891
vt 0.726629 0.458890
vt 0.678328 0.458891
vt 0.773663 0.458880
vt 0.726629 0.458880
vt 0.678324 0.458880
vt 0.773658 0.458880
vt 0.726629 0.458880
vt 0.678324 0.458880
vt 0.773658 0.458880
vt 0.726629 0.458880
vt 0.678328 0.458879
vt 0.773663 0.458891
vt 0.726629 0.458890
vt 0.678328 0.458891
vt 0.773663 0.518718
vt 0.301602 0.508667
vt 0.244164 0.503085
vt 0.210808 0.495767
vt 0.146616 0.479872
vt 0.166452 0.494007
vt 0.006861 0.503804
vt 0.049928 0.530911
vt 0.067865 0.511438
vt 0.178565 0.516497
vt 0.068625 0.503804
vt 0.049928 0.530911
vt 0.067865 0.516497
vt 0.068625 0.503804
vt 0.049928 0.530691
vt 0.037467 0.518455
vt 0.040317 0.508809
vt 0.036829 0.508809
vt 0.036829 0.518455
vt 0.040317 0.530691
vt 0.037467 1.000000
vt 0.015625 0.342000
vt 0.601562 0.328329
vt 0.015625 0.490889
vt 0.015625 0.308797
vt 0.542969 0.410360
vt 0.015625 0.369344
vt 0.015625 0.246996
vt 0.767044 0.250902
vt 0.825638 0.254808
vt 0.884232 0.258714
vt 0.938919 0.451375
vt 0.015625 0.286068
vt 0.501781 0.675017
vt 0.275149 0.634899
vt 0.176523 0.897555
vt 0.995629 0.991310
vt 0.997493 0.863827
vt 0.994162 0.944032
vt 0.996496 0.839862
vt 0.993445 0.715749
vt 0.635921 0.718407
vt 0.581879 0.710771
vt 0.776463 0.572613
vt 0.771406 0.551044
vt 0.770761 0.602968
vt 0.772726 0.644797
vt 0.773507 0.652964
vt 0.340006 0.673130
vt 0.312407 0.279765
vt 0.352430 0.279694
vt 0.251593 0.279660
vt 0.130439 0.225545
vt 0.004583 0.500669
vt 0.766575 0.247029
vt 0.008489 0.723258
vt 0.801446 0.696785
vt 0.783589 0.512580
vt 0.765257 0.452369
vt 0.994185 0.483666
vt 0.793011 0.490385
vt 0.781272 0.232435
vt 0.741086 0.066649
vt 0.891271 0.216768
vt 0.792055 0.001827
vt 0.697718 0.035741
vt 0.839630 0.089293
vt 0.924804 0.200310
vt 0.832020 0.751250
vt 0.926815 0.013222
vt 0.769900 0.800708
vt 0.912009 0.100711
vt 0.950719 0.003038
vt 0.623930 0.173340
vt 0.878867 0.150019
vt 0.920566 0.131497
vt 0.965221 0.110431
vt 0.974256 0.120676
vt 0.986519 0.139361
vt 0.944204 0.784506
vt 0.894108 0.005932
vt 0.600360 0.442592
vt 0.223612 0.324422
vt 0.101532 0.289266
vt 0.097656 0.392782
vt 0.628906 0.410360
vt 0.566406 0.445516
vt 0.394531 0.410360
vt 0.355469 0.386922
vt 0.445312 0.365438
vt 0.527344 0.506063
vt 0.570312 0.467000
vt 0.625000 0.559990
vt 0.490368 0.427938
vt 0.496094 0.457685
vt 0.105227 0.365438
vt 0.320312 0.328329
vt 0.480469 0.410360
vt 0.105227 0.408407
vt 0.224085 0.527527
vt 0.460938 0.462517
vt 0.332269 0.527568
vt 0.383050 0.478719
vt 0.546875 0.451375
vt 0.613281 0.441610
vt 0.660156 0.441445
vt 0.156250 0.441445
vt 0.214648 0.408407
vt 0.152344 0.420125
vt 0.296875 0.369344
vt 0.105225 0.373250
vt 0.210938 0.371297
vt 0.152344 0.344652
vt 0.849075 0.366136
vt 0.700638 0.286058
vt 0.626419 0.262621
vt 0.618607 0.401293
vt 0.763138 0.317308
vt 0.833450 0.282152
vt 0.821732 0.371996
vt 0.872513 0.327074
vt 0.895950 0.284105
vt 0.876419 0.360277
vt 0.919388 0.342699
vt 0.645950 0.317308
vt 0.763138 0.282152
vt 0.759232 0.356371
vt 0.774857 0.389574
vt 0.810013 0.457933
vt 0.841263 0.411058
vt 0.935013 0.397386
vt 0.970169 0.422777
vt 0.802200 0.434496
vt 0.884232 0.442308
vt 0.821732 0.411058
vt 0.841263 0.395433
vt 0.903763 0.323168
vt 0.942825 0.286058
vt 0.935013 0.348558
vt 0.966263 0.368089
vt 0.993607 0.254808
vt 0.692825 0.319261
vt 0.696732 0.282152
vt 0.692825 0.313402
vt 0.634232 0.349813
vt 0.406250 0.426683
vt 0.860794 0.430589
vt 0.810013 0.418871
vt 0.849075 0.401293
vt 0.919388 0.371297
vt 0.257812 0.490438
vt 0.429688 0.496297
vt 0.356853 0.441445
vt 0.171875 0.406454
vt 0.171875 0.455163
vt 0.296875 0.445287
vt 0.262185 0.412313
vt 0.260564 0.299390
vt 0.480174 0.752165
vt 0.190213 0.756628
vt 0.253182 0.731983
vt 0.251430 0.727818
vt 0.198413 0.754915
vt 0.304223 0.727105
vt 0.299500 0.779757
vt 0.189982 0.791347
vt 0.262592 0.799790
vt 0.192937 0.821447
vt 0.196760 0.806902
vt 0.261625 0.771523
vt 0.143578 0.792565
vt 0.142891 0.695241
vt 0.158056 0.744080
vt 0.146359 0.667375
vt 0.171191 0.679333
vt 0.164698 0.718302
vt 0.167158 0.273117
vt 0.100108 0.208090
vt 0.276766 0.255449
vt 0.196259 0.241836
vt 0.387347 0.231656
vt 0.057157 0.244823
vt 0.290661 0.217630
vt 0.161174 0.268884
vt 0.561135 0.254925
vt 0.511144 0.207537
vt 0.388949 0.219174
vt 0.525537 0.246551
vt 0.452244 0.210477
vt 0.458097 0.224884
vt 0.595974 0.269916
vt 0.197758 0.270463
vt 0.388488 0.269942
vt 0.290836 0.268839
vt 0.511170 0.271080
vt 0.453407 0.175101
vt 0.263845 0.191458
vt 0.131869 0.175255
vt 0.388005 0.195245
vt 0.539177 0.180506
vt 0.464162 0.174781
vt 0.578014 0.135091
vt 0.089288 0.169103
vt 0.124409 0.191725
vt 0.049771 0.144740
vt 0.002053 0.127985
vt 0.202806 0.165412
vt 0.213596 0.163042
vt 0.319109 0.126517
vt 0.320903 0.128166
vt 0.475210 0.130293
vt 0.547522 0.179698
vt 0.506397 0.160988
vt 0.454808 0.124597
vt 0.399216 0.161951
vt 0.392122 0.108712
vt 0.072073 0.094023
vt 0.190201 0.093192
vt 0.319909 0.092387
vt 0.408156 0.101993
vt 0.488203 0.174781
vt 0.578014 0.040500
vt 0.097455 0.080105
vt 0.129077 0.102867
vt 0.055582 0.051654
vt 0.005559 0.032996
vt 0.203267 0.076562
vt 0.213770 0.075776
vt 0.316384 0.032877
vt 0.319179 0.036720
vt 0.470020 0.040717
vt 0.543073 0.093853
vt 0.504954 0.074778
vt 0.454156 0.032043
vt 0.399273 0.075037
vt 0.393904 0.015331
vt 0.072969 0.002572
vt 0.191707 0.002895
vt 0.319075 0.003318
vt 0.406027 0.011634
vt 0.486062 0.174781
vt 0.578014 0.790162
vt 0.834285 0.801523
vt 0.870069 0.862657
vt 0.932921 0.844577
vt 0.726740 0.895304
vt 0.924259 0.969339
vt 0.787383 0.885344
vt 0.844711 0.994958
vt 0.898972 0.867796
vt 0.784045 0.893965
vt 0.608749 0.820503
vt 0.774838 0.840338
vt 0.823372 0.925811
vt 0.814883 0.941543
vt 0.911652 0.900882
vt 0.737310 0.870065
vt 0.669441 0.839004
vt 0.938659 0.854701
vt 0.867787 0.947166
vt 0.716653 0.920087
vt 0.705925 0.924907
vt 0.677242 0.928033
vt 0.726316 0.997717
vt 0.976322 0.991137
vt 0.983695 0.771811
vt 0.857355 0.832847
vt 0.883286 0.803787
vt 0.806831 0.821193
vt 0.848116 0.777737
vt 0.548673 0.750201
vt 0.576666 0.749556
vt 0.635853 0.753998
vt 0.774338 0.822889
vt 0.547225 0.875769
vt 0.591124 0.843714
vt 0.688461 0.795601
vt 0.601491 0.806242
vt 0.744586 0.847699
vt 0.570251 0.821004
vt 0.642379 0.854957
vt 0.657791 0.867384
vt 0.616272 0.850532
vt 0.622521 0.847385
vt 0.642645 0.774329
vt 0.621759 0.550272
vt 0.723391 0.571560
vt 0.718226 0.534242
vt 0.641902 0.516539
vt 0.661660 0.576184
vt 0.584238 0.551473
vt 0.619633 0.600942
vt 0.710430 0.544731
vt 0.673555 0.628398
vt 0.611992 0.642557
vt 0.699084 0.591978
vt 0.638837 0.564399
vt 0.659606 0.605962
vt 0.542177 0.693320
vt 0.353231 0.672545
vt 0.386583 0.711628
vt 0.488876 0.711027
vt 0.430194 0.691734
vt 0.412588 0.718900
vt 0.375006 0.335565
vt 0.401143 0.364630
vt 0.259914 0.307983
vt 0.365388 0.336550
vt 0.179809 0.311692
vt 0.179880 0.348870
vt 0.232840 0.290366
vt 0.130544 0.300631
vt 0.159399 0.350047
vt 0.332057 0.321307
vt 0.269861 0.001484
vt 0.995820 0.040547
vt 0.995820 0.001484
vt 0.917695 0.040547
vt 0.917695 0.001484
vt 0.991914 0.040547
vt 0.995820 0.001484
vt 0.995820 0.040547
vt 0.995820 0.462604
vt 0.886928 0.502776
vt 0.912859 0.552114
vt 0.934773 0.447956
vt 0.926677 0.495065
vt 0.968679 0.606657
vt 0.990556 0.545954
vt 0.990702 0.511983
vt 0.870664 0.551015
vt 0.892945 0.472707
vt 0.842968 0.722553
vt 0.854661 0.691609
vt 0.906123 0.605557
vt 0.934981 0.649253
vt 0.931333 0.708879
vt 0.969820 0.657414
vt 0.989877 0.679246
vt 0.849136 0.605879
vt 0.899509 0.644233
vt 0.885079 0.494831
vt 0.815304 0.521544
vt 0.792618 0.554225
vt 0.823376 0.532557
vt 0.855077 0.575204
vt 0.867225 0.590295
vt 0.855025 0.588332
vt 0.898736 0.745969
vt 0.897988 0.527300
vt 0.774317 0.556473
vt 0.801046 0.596747
vt 0.826878 0.498659
vt 0.783349 0.104723
vt 0.555013 0.217298
vt 0.710674 0.171244
vt 0.626001 0.205398
vt 0.684127 0.046302
vt 0.629062 0.104038
vt 0.597907 0.065107
vt 0.801840 0.148759
vt 0.842754 0.091526
vt 0.856422 0.075601
vt 0.619502 0.117558
vt 0.661746 0.185489
vt 0.728583 0.088544
vt 0.786056 0.143110
vt 0.676796 0.041053
vt 0.685194 0.077275
vt 0.670539 0.148032
vt 0.782273 0.135000
vt 0.900270 0.103519
vt 0.905887 0.117885
vt 0.963404 0.118915
vt 0.838415 0.118795
vt 0.900374 0.123338
vt 0.787408 0.194039
vt 0.635075 0.200050
vt 0.659465 0.163468
vt 0.698065 0.196749
vt 0.756965 0.151148
vt 0.611671 0.179569
vt 0.799997 0.791631
vt 0.939160 0.764819
vt 0.958723 0.757697
vt 0.942639 0.081959
vt 0.727791 0.146914
vt 0.725347 0.120707
vt 0.716093 0.050976
vt 0.744575 0.799989
vt 0.941322 0.129521
vt 0.600189 0.126296
vt 0.935053 0.110910
vt 0.933720 0.235584
vt 0.810810 0.209357
vt 0.865938 0.236556
vt 0.886232 0.207708
vt 0.837320 0.145846
vt 0.989828 0.177122
vt 0.922489 0.176279
vt 0.982625 0.182701
vt 0.936797 0.251118
vt 0.956906 0.202297
vt 0.952949 0.251253
vt 0.994647 0.209357
vt 0.865938 0.236556
vt 0.886232 0.207708
vt 0.837320 0.208098
vt 0.891919 0.191291
vt 0.960645 0.251118
vt 0.956906 0.202297
vt 0.952949 0.251253
vt 0.994647 0.203648
vt 0.996984 0.174510
vt 0.707880 0.166245
vt 0.786974 0.235584
vt 0.810810 0.117122
vt 0.577601 0.104380
vt 0.576460 0.874819
vt 0.192137 0.925600
vt 0.180419 0.849428
vt 0.207762 0.933412
vt 0.246825 0.966616
vt 0.239012 0.993959
vt 0.332762 0.937319
vt 0.485106 0.986147
vt 0.281981 0.995912
vt 0.489012 0.995912
vt 0.442137 0.993959
vt 0.571044 0.968569
vt 0.586669 0.982241
vt 0.625731 0.945131
vt 0.512450 0.960756
vt 0.563231 0.997866
vt 0.531981 0.993959
vt 0.387450 0.943178
vt 0.242919 0.865053
vt 0.254637 0.880678
vt 0.313231 0.915834
vt 0.418700 0.954897
vt 0.543700 0.902162
vt 0.375731 0.927553
vt 0.453856 0.874819
vt 0.289794 0.855287
vt 0.227294 0.882631
vt 0.223387 0.898256
vt 0.184325 0.915462
vt 0.323400 0.935366
vt 0.364012 0.954897
vt 0.446044 0.972475
vt 0.512450 0.982241
vt 0.574950 0.949037
vt 0.301512 0.974428
vt 0.430419 0.966616
vt 0.332762 0.900209
vt 0.211669 0.968569
vt 0.383544 0.892397
vt 0.344481 0.895931
vt 0.271456 0.925600
vt 0.203856 0.908022
vt 0.246825 0.950991
vt 0.387450 0.921694
vt 0.281981 0.849428
vt 0.293700 0.818178
vt 0.281981 0.865053
vt 0.356200 0.874819
vt 0.430419 0.933412
vt 0.559325 0.958803
vt 0.606200 0.829897
vt 0.422606 0.913881
vt 0.528075 0.847475
vt 0.449950 0.841616
vt 0.324950 0.829897
vt 0.246825 0.900209
vt 0.465575 0.890444
vt 0.512450 0.857241
vt 0.324950 0.847475
vt 0.356200 0.863100
vt 0.473387 0.847475
vt 0.391356 0.865053
vt 0.410887 0.974428
vt 0.250731 0.042033
vt 0.603720 0.074544
vt 0.594520 0.747459
vt 0.537726 0.735556
vt 0.518104 0.726798
vt 0.525406 0.645760
vt 0.523791 0.622260
vt 0.516246 0.627126
vt 0.491486 0.630398
vt 0.532282 0.442592
vt 0.223612 0.324422
vt 0.101532 0.289266
vt 0.097656 0.392782
vt 0.628906 0.410360
vt 0.566406 0.445516
vt 0.394531 0.410360
vt 0.355469 0.386922
vt 0.445312 0.365438
vt 0.527344 0.506063
vt 0.570312 0.467000
vt 0.625000 0.559990
vt 0.490368 0.427938
vt 0.496094 0.457685
vt 0.105227 0.365438
vt 0.320312 0.328329
vt 0.480469 0.410360
vt 0.105227 0.408407
vt 0.224085 0.527527
vt 0.460938 0.462517
vt 0.332269 0.527568
vt 0.383050 0.478719
vt 0.546875 0.451375
vt 0.613281 0.441610
vt 0.660156 0.441445
vt 0.156250 0.441445
vt 0.214648 0.408407
vt 0.152344 0.420125
vt 0.296875 0.369344
vt 0.105225 0.373250
vt 0.210938 0.371297
vt 0.152344 0.344652
vt 0.849075 0.366136
vt 0.700638 0.286058
vt 0.626419 0.262621
vt 0.618607 0.401293
vt 0.763138 0.317308
vt 0.833450 0.282152
vt 0.821732 0.371996
vt 0.872513 0.327074
vt 0.895950 0.284105
vt 0.876419 0.360277
vt 0.919388 0.342699
vt 0.645950 0.317308
vt 0.763138 0.282152
vt 0.759232 0.356371
vt 0.774857 0.389574
vt 0.810013 0.457933
vt 0.841263 0.411058
vt 0.935013 0.397386
vt 0.970169 0.422777
vt 0.802200 0.434496
vt 0.884232 0.442308
vt 0.821732 0.411058
vt 0.841263 0.395433
vt 0.903763 0.323168
vt 0.942825 0.286058
vt 0.935013 0.348558
vt 0.966263 0.368089
vt 0.993607 0.254808
vt 0.692825 0.319261
vt 0.696732 0.282152
vt 0.692825 0.313402
vt 0.634232 0.349813
vt 0.406250 0.426683
vt 0.860794 0.430589
vt 0.810013 0.418871
vt 0.849075 0.401293
vt 0.919388 0.371297
vt 0.257812 0.490438
vt 0.429688 0.496297
vt 0.356853 0.441445
vt 0.171875 0.406454
vt 0.171875 0.455163
vt 0.296875 0.445287
vt 0.262185 0.412313
vt 0.260564 0.299390
vt 0.480174 0.752165
vt 0.190213 0.756628
vt 0.253182 0.731983
vt 0.251430 0.727818
vt 0.198413 0.754915
vt 0.304223 0.727105
vt 0.299500 0.779757
vt 0.189982 0.791347
vt 0.262592 0.799790
vt 0.192937 0.821447
vt 0.196760 0.806902
vt 0.261625 0.771523
vt 0.143578 0.792565
vt 0.142891 0.695241
vt 0.158056 0.744080
vt 0.146359 0.667375
vt 0.171191 0.679333
vt 0.164698 0.718302
vt 0.167158 0.273117
vt 0.100108 0.208090
vt 0.276766 0.255449
vt 0.196259 0.241836
vt 0.387347 0.231656
vt 0.057157 0.244823
vt 0.290661 0.217630
vt 0.161174 0.268884
vt 0.561135 0.254925
vt 0.511144 0.207537
vt 0.388949 0.219174
vt 0.525537 0.246551
vt 0.452244 0.210477
vt 0.458097 0.224884
vt 0.595974 0.269916
vt 0.197758 0.270463
vt 0.388488 0.269942
vt 0.290836 0.268839
vt 0.511170 0.271080
vt 0.453407 0.175101
vt 0.263845 0.191458
vt 0.131869 0.175255
vt 0.388005 0.195245
vt 0.539177 0.180506
vt 0.464162 0.174781
vt 0.578014 0.135091
vt 0.089288 0.169103
vt 0.124409 0.191725
vt 0.049771 0.144740
vt 0.002053 0.127985
vt 0.202806 0.165412
vt 0.213596 0.163042
vt 0.319109 0.126517
vt 0.320903 0.128166
vt 0.475210 0.130293
vt 0.547522 0.179698
vt 0.506397 0.160988
vt 0.454808 0.124597
vt 0.399216 0.161951
vt 0.392122 0.108712
vt 0.072073 0.094023
vt 0.190201 0.093192
vt 0.319909 0.092387
vt 0.408156 0.101993
vt 0.488203 0.174781
vt 0.578014 0.040500
vt 0.097455 0.080105
vt 0.129077 0.102867
vt 0.055582 0.051654
vt 0.005559 0.032996
vt 0.203267 0.076562
vt 0.213770 0.075776
vt 0.316384 0.032877
vt 0.319179 0.036720
vt 0.470020 0.040717
vt 0.543073 0.093853
vt 0.504954 0.074778
vt 0.454156 0.032043
vt 0.399273 0.075037
vt 0.393904 0.015331
vt 0.072969 0.002572
vt 0.191707 0.002895
vt 0.319075 0.003318
vt 0.406027 0.011634
vt 0.486062 0.174781
vt 0.578014 0.790162
vt 0.834285 0.801523
vt 0.870069 0.862657
vt 0.932921 0.844577
vt 0.726740 0.895304
vt 0.924259 0.969339
vt 0.787383 0.885344
vt 0.844711 0.994958
vt 0.898972 0.867796
vt 0.784045 0.893965
vt 0.608749 0.820503
vt 0.774838 0.840338
vt 0.823372 0.925811
vt 0.814883 0.941543
vt 0.911652 0.900882
vt 0.737310 0.870065
vt 0.669441 0.839004
vt 0.938659 0.854701
vt 0.867787 0.947166
vt 0.716653 0.920087
vt 0.705925 0.924907
vt 0.677242 0.928033
vt 0.726316 0.997717
vt 0.976322 0.991137
vt 0.983695 0.771811
vt 0.857355 0.832847
vt 0.883286 0.803787
vt 0.806831 0.821193
vt 0.848116 0.777737
vt 0.548673 0.750201
vt 0.576666 0.749556
vt 0.635853 0.753998
vt 0.774338 0.822889
vt 0.547225 0.875769
vt 0.591124 0.843714
vt 0.688461 0.795601
vt 0.601491 0.806242
vt 0.744586 0.847699
vt 0.570251 0.821004
vt 0.642379 0.854957
vt 0.657791 0.867384
vt 0.616272 0.850532
vt 0.622521 0.847385
vt 0.642645 0.774329
vt 0.621759 0.550272
vt 0.723391 0.571560
vt 0.718226 0.534242
vt 0.641902 0.516539
vt 0.661660 0.576184
vt 0.584238 0.551473
vt 0.619633 0.600942
vt 0.710430 0.544731
vt 0.673555 0.628398
vt 0.611992 0.642557
vt 0.699084 0.591978
vt 0.638837 0.564399
vt 0.659606 0.605962
vt 0.542177 0.693320
vt 0.353231 0.672545
vt 0.386583 0.711628
vt 0.488876 0.711027
vt 0.430194 0.691734
vt 0.412588 0.718900
vt 0.375006 0.335565
vt 0.401143 0.364630
vt 0.259914 0.307983
vt 0.365388 0.336550
vt 0.179809 0.311692
vt 0.179880 0.348870
vt 0.232840 0.290366
vt 0.130544 0.300631
vt 0.159399 0.350047
vt 0.332057 0.321307
vt 0.269861 0.001484
vt 0.995820 0.040547
vt 0.995820 0.001484
vt 0.917695 0.040547
vt 0.917695 0.001484
vt 0.991914 0.040547
vt 0.995820 0.001484
vt 0.995820 0.040547
vt 0.995820 0.462604
vt 0.886928 0.502776
vt 0.912859 0.552114
vt 0.934773 0.447956
vt 0.926677 0.495065
vt 0.968679 0.606657
vt 0.990556 0.545954
vt 0.990702 0.511983
vt 0.870664 0.551015
vt 0.892945 0.472707
vt 0.842968 0.722553
vt 0.854661 0.691609
vt 0.906123 0.605557
vt 0.934981 0.649253
vt 0.931333 0.708879
vt 0.969820 0.657414
vt 0.989877 0.679246
vt 0.849136 0.605879
vt 0.899509 0.644233
vt 0.885079 0.494831
vt 0.815304 0.521544
vt 0.792618 0.554225
vt 0.823376 0.532557
vt 0.855077 0.575204
vt 0.867225 0.590295
vt 0.855025 0.588332
vt 0.898736 0.745969
vt 0.897988 0.527300
vt 0.774317 0.556473
vt 0.801046 0.596747
vt 0.826878 0.498659
vt 0.783349 0.104723
vt 0.555013 0.217298
vt 0.710674 0.171244
vt 0.626001 0.205398
vt 0.684127 0.046302
vt 0.629062 0.104038
vt 0.597907 0.065107
vt 0.801840 0.148759
vt 0.842754 0.091526
vt 0.856422 0.075601
vt 0.619502 0.117558
vt 0.661746 0.185489
vt 0.728583 0.088544
vt 0.786056 0.143110
vt 0.676796 0.041053
vt 0.685194 0.077275
vt 0.670539 0.148032
vt 0.782273 0.135000
vt 0.900270 0.103519
vt 0.905887 0.117885
vt 0.963404 0.118915
vt 0.838415 0.118795
vt 0.900374 0.123338
vt 0.787408 0.194039
vt 0.635075 0.200050
vt 0.659465 0.163468
vt 0.698065 0.196749
vt 0.756965 0.151148
vt 0.611671 0.179569
vt 0.799997 0.791631
vt 0.939160 0.764819
vt 0.958723 0.757697
vt 0.942639 0.081959
vt 0.727791 0.146914
vt 0.725347 0.120707
vt 0.716093 0.050976
vt 0.744575 0.799989
vt 0.941322 0.129521
vt 0.600189 0.126296
vt 0.935053 0.110910
vt 0.933720 0.235584
vt 0.810810 0.209357
vt 0.865938 0.236556
vt 0.886232 0.207708
vt 0.837320 0.145846
vt 0.989828 0.177122
vt 0.922489 0.176279
vt 0.982625 0.182701
vt 0.936797 0.251118
vt 0.956906 0.202297
vt 0.952949 0.251253
vt 0.994647 0.209357
vt 0.865938 0.236556
vt 0.886232 0.207708
vt 0.837320 0.208098
vt 0.891919 0.191291
vt 0.960645 0.251118
vt 0.956906 0.202297
vt 0.952949 0.251253
vt 0.994647 0.203648
vt 0.996984 0.174510
vt 0.707880 0.166245
vt 0.786974 0.235584
vt 0.810810 0.117122
vt 0.577601 0.104380
vt 0.576460 0.874819
vt 0.192137 0.925600
vt 0.180419 0.849428
vt 0.207762 0.933412
vt 0.246825 0.966616
vt 0.239012 0.993959
vt 0.332762 0.937319
vt 0.485106 0.986147
vt 0.281981 0.995912
vt 0.489012 0.995912
vt 0.442137 0.993959
vt 0.571044 0.968569
vt 0.586669 0.982241
vt 0.625731 0.945131
vt 0.512450 0.960756
vt 0.563231 0.997866
vt 0.531981 0.993959
vt 0.387450 0.943178
vt 0.242919 0.865053
vt 0.254637 0.880678
vt 0.313231 0.915834
vt 0.418700 0.954897
vt 0.543700 0.902162
vt 0.375731 0.927553
vt 0.453856 0.874819
vt 0.289794 0.855287
vt 0.227294 0.882631
vt 0.223387 0.898256
vt 0.184325 0.915462
vt 0.323400 0.935366
vt 0.364012 0.954897
vt 0.446044 0.972475
vt 0.512450 0.982241
vt 0.574950 0.949037
vt 0.301512 0.974428
vt 0.430419 0.966616
vt 0.332762 0.900209
vt 0.211669 0.968569
vt 0.383544 0.892397
vt 0.344481 0.895931
vt 0.271456 0.925600
vt 0.203856 0.908022
vt 0.246825 0.950991
vt 0.387450 0.921694
vt 0.281981 0.849428
vt 0.293700 0.818178
vt 0.281981 0.865053
vt 0.356200 0.874819
vt 0.430419 0.933412
vt 0.559325 0.958803
vt 0.606200 0.829897
vt 0.422606 0.913881
vt 0.528075 0.847475
vt 0.449950 0.841616
vt 0.324950 0.829897
vt 0.246825 0.900209
vt 0.465575 0.890444
vt 0.512450 0.857241
vt 0.324950 0.847475
vt 0.356200 0.863100
vt 0.473387 0.847475
vt 0.391356 0.865053
vt 0.410887 0.974428
vt 0.250731 0.042033
vt 0.603720 0.074544
vt 0.594520 0.747459
vt 0.537726 0.735556
vt 0.518104 0.726798
vt 0.525406 0.645760
vt 0.523791 0.622260
vt 0.516246 0.627126
vt 0.491486 0.630398
vt 0.532282 0.687348
vt 0.774404 0.687811
vt 0.763923 0.687811
vt 0.763923 0.385668
vt 0.954544 0.319661
vt 0.417289 0.285928
vt 0.417477 0.718652
vt 0.343728 0.750252
vt 0.343728 0.780890
vt 0.343728 0.780409
vt 0.312782 0.791139
vt 0.312335 0.707178
vt 0.162829 0.151872
vt 0.551530 0.158967
vt 0.535704 0.171963
vt 0.530331 0.185293
vt 0.539405 0.195513
vt 0.558658 0.200182
vt 0.582790 0.200178
vt 0.604272 0.145760
vt 0.573521 0.151872
vt 0.551530 0.158967
vt 0.535704 0.171963
vt 0.530331 0.185293
vt 0.539405 0.195513
vt 0.558658 0.200182
vt 0.582790 0.200178
vt 0.604272 0.151872
vt 0.551530 0.158967
vt 0.535704 0.171963
vt 0.530331 0.185293
vt 0.539405 0.195513
vt 0.558658 0.200182
vt 0.582790 0.200178
vt 0.604272 0.145760
vt 0.573521 0.145760
vt 0.573521 0.751409
vt 0.705016 0.713261
vt 0.706228 0.790180
vt 0.686863 0.795797
vt 0.511591 0.506314
vt 0.629454 0.518577
vt 0.604745 0.533621
vt 0.575952 0.555287
vt 0.532664 0.489798
vt 0.650217 0.578227
vt 0.481094 0.667573
vt 0.587242 0.691365
vt 0.687672 0.599737
vt 0.426471 0.649775
vt 0.429150 0.627288
vt 0.377249 0.745520
vt 0.436428 0.751936
vt 0.483959 0.678462
vt 0.472107 0.742131
vt 0.378456 0.627376
vt 0.472822 0.601636
vt 0.414447 0.667855
vt 0.527649 0.708881
vt 0.546849 0.040547
vt 0.890351 0.001484
vt 0.890351 0.040547
vt 0.890351 0.001484
vt 0.890351 0.258748
vt 0.039739 0.247029
vt 0.051458 0.223591
vt 0.024114 0.229451
vt 0.039739 0.237263
vt 0.047551 0.266560
vt 0.024114 0.270466
vt 0.004583 0.225545
vt 0.016301 0.225545
vt 0.012395 0.414215
vt 0.958166 0.415776
vt 0.949333 0.423641
vt 0.938650 0.418986
vt 0.942983 0.428268
vt 0.936527 0.412935
vt 0.970603 0.413110
vt 0.983466 0.415559
vt 0.994092 0.472822
vt 0.794061 0.745969
vt 0.897988 0.722553
vt 0.854661 0.788299
vt 0.975482 0.780327
vt 0.979511 0.734713
vt 0.948093 0.743113
vt 0.963535 0.754246
vt 0.975310 0.796599
vt 0.970368 0.772187
vt 0.983652 0.767279
vt 0.985897 0.762371
vt 0.988142 0.815118
vt 0.931881 0.810129
vt 0.947182 0.805864
vt 0.959972 0.802129
vt 0.966419 0.145652
vt 0.960396 0.203648
vt 0.996984 0.190134
vt 0.865854 0.073486
vt 0.569538 0.802553
vt 0.332762 0.861147
vt 0.531981 0.952944
vt 0.629637 0.931459
vt 0.617919 0.814272
vt 0.457762 0.824037
vt 0.391356 0.827944
vt 0.500731 0.847475
vt 0.531981 0.915834
vt 0.594481 0.888491
vt 0.563231 0.814272
vt 0.430419 0.825991
vt 0.371825 0.812319
vt 0.340575 0.037763
vt 0.578378 0.008827
vt 0.576789 0.760979
vt 0.534739 0.725958
vt 0.544609 0.385668
vt 0.954544 0.319661
vt 0.417289 0.750252
vt 0.343728 0.780890
vt 0.343728 0.780409
vt 0.312782 0.791139
vt 0.312335 0.707178
vt 0.162829 0.151872
vt 0.551530 0.158967
vt 0.535704 0.171963
vt 0.530331 0.185293
vt 0.539405 0.195513
vt 0.558658 0.200182
vt 0.582790 0.200178
vt 0.604272 0.145760
vt 0.573521 0.151872
vt 0.551530 0.158967
vt 0.535704 0.171963
vt 0.530331 0.185293
vt 0.539405 0.195513
vt 0.558658 0.200182
vt 0.582790 0.200178
vt 0.604272 0.151872
vt 0.551530 0.158967
vt 0.535704 0.171963
vt 0.530331 0.185293
vt 0.539405 0.195513
vt 0.558658 0.200182
vt 0.582790 0.200178
vt 0.604272 0.145760
vt 0.573521 0.145760
vt 0.573521 0.751409
vt 0.705016 0.790180
vt 0.686863 0.795797
vt 0.511591 0.506314
vt 0.629454 0.518577
vt 0.604745 0.533621
vt 0.575952 0.555287
vt 0.532664 0.489798
vt 0.650217 0.578227
vt 0.481094 0.667573
vt 0.587242 0.691365
vt 0.687672 0.599737
vt 0.426471 0.649775
vt 0.429150 0.745520
vt 0.436428 0.751936
vt 0.483959 0.678462
vt 0.472107 0.742131
vt 0.378456 0.627376
vt 0.472822 0.667855
vt 0.527649 0.708881
vt 0.546849 0.040547
vt 0.890351 0.001484
vt 0.890351 0.040547
vt 0.890351 0.001484
vt 0.890351 0.258748
vt 0.039739 0.247029
vt 0.051458 0.223591
vt 0.024114 0.229451
vt 0.039739 0.237263
vt 0.047551 0.266560
vt 0.024114 0.270466
vt 0.004583 0.225545
vt 0.016301 0.225545
vt 0.012395 0.414215
vt 0.958166 0.415776
vt 0.949333 0.423641
vt 0.938650 0.418986
vt 0.942983 0.412935
vt 0.970603 0.413110
vt 0.983466 0.788299
vt 0.975482 0.780327
vt 0.979511 0.743113
vt 0.963535 0.754246
vt 0.975310 0.796599
vt 0.970368 0.772187
vt 0.983652 0.767279
vt 0.985897 0.762371
vt 0.988142 0.810129
vt 0.947182 0.805864
vt 0.959972 0.802129
vt 0.966419 0.145652
vt 0.960396 0.203648
vt 0.996984 0.190134
vt 0.865854 0.073486
vt 0.569538 0.802553
vt 0.332762 0.861147
vt 0.531981 0.952944
vt 0.629637 0.931459
vt 0.617919 0.814272
vt 0.457762 0.824037
vt 0.391356 0.827944
vt 0.500731 0.847475
vt 0.531981 0.915834
vt 0.594481 0.888491
vt 0.563231 0.814272
vt 0.430419 0.825991
vt 0.371825 0.812319
vt 0.340575 0.037763
vt 0.578378 0.760979
vt 0.534739 0.725958
vt 0.544609 0.693114
vt 0.757287 0.693114
vt 0.757287 1.000000

f 237/237 245/245 246/246
f 238/238 241/241 243/243
f 244/244 239/239 236/236
f 236/236 234/234 244/244
f 241/241 240/240 234/234
f 234/234 236/236 245/245
f 245/245 237/237 241/241
f 234/234 245/245 241/241
f 238/238 240/240 241/241
f 238/238 242/242 240/240
f 242/242 235/235 240/240
f 250/250 258/258 259/259
f 251/251 254/254 256/256
f 257/257 252/252 249/249
f 249/249 247/247 257/257
f 254/254 253/253 247/247
f 247/247 249/249 258/258
f 258/258 250/250 254/254
f 247/247 258/258 254/254
f 251/251 253/253 254/254
f 251/251 255/255 253/253
f 255/255 248/248 253/253
f 263/263 272/272 271/271
f 264/264 269/269 267/267
f 270/270 262/262 265/265
f 262/262 270/270 260/260
f 267/267 260/260 266/266
f 260/260 271/271 262/262
f 271/271 267/267 263/263
f 260/260 267/267 271/271
f 264/264 267/267 266/266
f 264/264 266/266 268/268
f 268/268 266/266 261/261
f 276/276 285/285 284/284
f 277/277 282/282 280/280
f 283/283 275/275 278/278
f 275/275 283/283 273/273
f 280/280 273/273 279/279
f 273/273 284/284 275/275
f 284/284 280/280 276/276
f 273/273 280/280 284/284
f 277/277 280/280 279/279
f 277/277 279/279 281/281
f 281/281 279/279 274/274
f 8/8 5/5 7/7
f 5/5 4/4 8/8
f 3/3 1/1 8/8
f 1/1 5/5 4/4
f 6/6 9/9 4/4
f 9/9 7/7 6/6
f 11/11 10/10 6/6
f 10/10 9/9 23/23
f 22/22 20/20 23/23
f 20/20 21/21 22/22
f 8/8 7/7 22/22
f 7/7 20/20 25/25
f 24/24 22/22 25/25
f 22/22 23/23 24/24
f 3/3 8/8 24/24
f 8/8 22/22 26/26
f 27/27 21/21 26/26
f 21/21 20/20 9/9
f 26/26 20/20 9/9
f 20/20 7/7 28/28
f 29/29 27/27 28/28
f 10/10 35/35 26/26
f 35/35 28/28 14/14
f 32/32 31/31 14/14
f 31/31 13/13 32/32
f 15/15 2/2 32/32
f 2/2 31/31 16/16
f 33/33 32/32 16/16
f 32/32 14/14 33/33
f 17/17 15/15 33/33
f 15/15 32/32 18/18
f 34/34 33/33 18/18
f 33/33 16/16 34/34
f 19/19 17/17 34/34
f 17/17 33/33 37/37
f 23/23 21/21 37/37
f 21/21 36/36 38/38
f 25/25 23/23 38/38
f 23/23 37/37 27/27
f 12/12 36/36 27/27
f 36/36 21/21 29/29
f 30/30 12/12 29/29
f 12/12 27/27 46/46
f 45/45 42/42 46/46
f 42/42 43/43 47/47
f 46/46 43/43 47/47
f 43/43 44/44 40/40
f 48/48 45/45 40/40
f 45/45 46/46 49/49
f 40/40 46/46 49/49
f 46/46 47/47 52/52
f 47/47 44/44 52/52
f 44/44 50/50 53/53
f 52/52 50/50 53/53
f 50/50 51/51 39/39
f 49/49 47/47 39/39
f 47/47 52/52 54/54
f 39/39 52/52 54/54
f 52/52 53/53 3/3
f 2/2 1/1 10/10
f 26/26 9/9 24/24
f 13/13 31/31 3/3
f 24/24 31/31 3/3
f 31/31 2/2 19/19
f 34/34 18/18 25/25
f 38/38 13/13 41/41
f 43/43 42/42 41/41
f 44/44 43/43 41/41
f 50/50 44/44 41/41
f 51/51 50/50 55/55
f 11/11 6/6 56/56
f 12/12 30/30 58/58
f 5/5 59/59 58/58
f 4/4 5/5 59/59
f 1/1 57/57 59/59
f 5/5 1/1 4/4
f 60/60 6/6 4/4
f 58/58 60/60 6/6
f 61/61 286/286 6/6
f 60/60 61/61 65/65
f 62/62 64/64 65/65
f 63/63 62/62 64/64
f 58/58 59/59 64/64
f 62/62 58/58 67/67
f 64/64 66/66 67/67
f 65/65 64/64 66/66
f 59/59 57/57 66/66
f 64/64 59/59 68/68
f 63/63 69/69 68/68
f 62/62 63/63 60/60
f 62/62 68/68 60/60
f 58/58 62/62 70/70
f 69/69 71/71 70/70
f 76/76 61/61 68/68
f 70/70 76/76 14/14
f 72/72 73/73 14/14
f 13/13 72/72 73/73
f 2/2 15/15 73/73
f 72/72 2/2 16/16
f 73/73 74/74 16/16
f 14/14 73/73 74/74
f 15/15 17/17 74/74
f 73/73 15/15 18/18
f 74/74 75/75 18/18
f 16/16 74/74 75/75
f 17/17 19/19 75/75
f 74/74 17/17 37/37
f 63/63 65/65 37/37
f 36/36 63/63 38/38
f 65/65 67/67 38/38
f 37/37 65/65 69/69
f 36/36 12/12 69/69
f 63/63 36/36 71/71
f 12/12 287/287 71/71
f 69/69 12/12 81/81
f 42/42 45/45 81/81
f 79/79 42/42 82/82
f 79/79 81/81 82/82
f 80/80 79/79 78/78
f 45/45 48/48 78/78
f 81/81 45/45 83/83
f 81/81 78/78 83/83
f 82/82 81/81 85/85
f 80/80 82/82 85/85
f 84/84 80/80 53/53
f 84/84 85/85 53/53
f 51/51 84/84 77/77
f 82/82 83/83 77/77
f 85/85 82/82 54/54
f 85/85 77/77 54/54
f 53/53 85/85 57/57
f 1/1 2/2 61/61
f 60/60 68/68 66/66
f 72/72 13/13 57/57
f 72/72 66/66 57/57
f 2/2 72/72 19/19
f 18/18 75/75 67/67
f 13/13 38/38 41/41
f 42/42 79/79 41/41
f 79/79 80/80 41/41
f 80/80 84/84 41/41
f 84/84 51/51 88/88
f 89/89 86/86 288/288
f 87/87 289/289 288/288
f 90/90 87/87 88/88
f 86/86 290/290 93/93
f 91/91 94/94 291/291
f 292/292 92/92 291/291
f 92/92 95/95 93/93
f 293/293 91/91 97/97
f 96/96 98/98 97/97
f 99/99 96/96 294/294
f 295/295 100/100 294/294
f 100/100 296/296 102/102
f 103/103 101/101 102/102
f 101/101 104/104 297/297
f 105/105 298/298 297/297
f 299/299 105/105 108/108
f 109/109 106/106 300/300
f 107/107 301/301 300/300
f 110/110 107/107 108/108
f 106/106 302/302 113/113
f 111/111 114/114 303/303
f 304/304 112/112 303/303
f 112/112 115/115 113/113
f 305/305 111/111 117/117
f 116/116 118/118 117/117
f 119/119 116/116 306/306
f 307/307 120/120 306/306
f 120/120 308/308 122/122
f 123/123 121/121 122/122
f 121/121 124/124 309/309
f 125/125 310/310 309/309
f 311/311 125/125 138/138
f 146/146 140/140 129/129
f 141/141 133/133 131/131
f 140/140 131/131 132/132
f 143/143 134/134 135/135
f 134/134 145/145 143/143
f 145/145 134/134 138/138
f 128/128 138/138 135/135
f 145/145 137/137 130/130
f 132/132 130/130 146/146
f 144/144 146/146 143/143
f 145/145 143/143 140/140
f 146/146 130/130 140/140
f 130/130 131/131 128/128
f 145/145 144/144 156/156
f 158/158 163/163 148/148
f 152/152 159/159 150/150
f 150/150 158/158 151/151
f 153/153 160/160 154/154
f 162/162 153/153 160/160
f 153/153 162/162 156/156
f 156/156 147/147 154/154
f 155/155 162/162 149/149
f 149/149 151/151 163/163
f 163/163 161/161 160/160
f 160/160 162/162 158/158
f 149/149 163/163 158/158
f 150/150 149/149 176/176
f 184/184 178/178 167/167
f 179/179 171/171 169/169
f 178/178 169/169 170/170
f 181/181 172/172 173/173
f 172/172 183/183 181/181
f 183/183 172/172 176/176
f 166/166 176/176 173/173
f 183/183 175/175 168/168
f 170/170 168/168 184/184
f 182/182 184/184 181/181
f 183/183 181/181 178/178
f 184/184 168/168 178/178
f 168/168 169/169 166/166
f 183/183 182/182 185/185
f 187/187 190/190 312/312
f 313/313 188/188 314/314
f 314/314 187/187 315/315
f 316/316 189/189 317/317
f 318/318 316/316 189/189
f 316/316 318/318 185/185
f 185/185 319/319 320/320
f 320/320 315/315 190/190
f 190/190 321/321 189/189
f 189/189 318/318 187/187
f 320/320 190/190 187/187
f 314/314 320/320 200/200
f 208/208 202/202 193/193
f 203/203 197/197 195/195
f 202/202 195/195 196/196
f 205/205 198/198 199/199
f 198/198 207/207 205/205
f 207/207 198/198 200/200
f 192/192 200/200 194/194
f 196/196 194/194 208/208
f 206/206 208/208 205/205
f 207/207 205/205 202/202
f 208/208 194/194 202/202
f 194/194 195/195 209/209
f 211/211 214/214 167/167
f 171/171 212/212 169/169
f 169/169 211/211 170/170
f 172/172 213/213 173/173
f 322/322 172/172 213/213
f 172/172 322/322 209/209
f 209/209 323/323 168/168
f 168/168 170/170 214/214
f 214/214 324/324 213/213
f 213/213 322/322 211/211
f 168/168 214/214 211/211
f 169/169 168/168 217/217
f 224/224 219/219 148/148
f 220/220 152/152 150/150
f 219/219 150/150 151/151
f 222/222 153/153 154/154
f 153/153 325/325 222/222
f 325/325 153/153 217/217
f 216/216 217/217 149/149
f 151/151 149/149 224/224
f 223/223 224/224 222/222
f 325/325 222/222 219/219
f 224/224 149/149 219/219
f 149/149 150/150 216/216
f 325/325 223/223 226/226
f 228/228 233/233 193/193
f 197/197 229/229 195/195
f 195/195 228/228 196/196
f 198/198 230/230 199/199
f 232/232 198/198 230/230
f 198/198 232/232 226/226
f 226/226 225/225 199/199
f 329/329 232/232 194/194
f 194/194 196/196 233/233
f 233/233 231/231 230/230
f 230/230 232/232 228/228
f 194/194 233/233 228/228
f 195/195 194/194 225/225
f 421/421 394/394 338/338
f 334/334 338/338 394/394
f 395/395 332/332 394/394
f 334/334 394/394 332/332
f 405/405 400/400 398/398
f 399/399 398/398 400/400
f 397/397 401/401 405/405
f 400/400 405/405 401/401
f 396/396 333/333 397/397
f 401/401 397/397 333/333
f 400/400 456/456 399/399
f 407/407 399/399 456/456
f 456/456 400/400 408/408
f 401/401 408/408 400/400
f 333/333 336/336 401/401
f 408/408 401/401 336/336
f 406/406 417/417 409/409
f 419/419 409/409 417/417
f 397/397 416/416 396/396
f 398/398 462/462 405/405
f 414/414 405/405 462/462
f 343/343 409/409 337/337
f 409/409 343/343 406/406
f 404/404 402/402 411/411
f 463/463 413/413 462/462
f 411/411 462/462 413/413
f 397/397 405/405 415/415
f 415/415 405/405 414/414
f 415/415 414/414 403/403
f 415/415 416/416 397/397
f 393/393 410/410 418/418
f 464/464 419/419 417/417
f 410/410 393/393 467/467
f 467/467 468/468 410/410
f 398/398 399/399 412/412
f 420/420 412/412 399/399
f 422/422 410/410 468/468
f 468/468 420/420 461/461
f 409/409 421/421 337/337
f 338/338 337/337 421/421
f 465/465 422/422 423/423
f 423/423 419/419 465/465
f 461/461 422/422 468/468
f 419/419 423/423 409/409
f 421/421 409/409 423/423
f 434/434 431/431 424/424
f 436/436 429/429 438/438
f 424/424 438/438 429/429
f 437/437 430/430 436/436
f 429/429 436/436 430/430
f 437/437 339/339 430/430
f 340/340 430/430 339/339
f 457/457 460/460 441/441
f 438/438 424/424 439/439
f 431/431 439/439 424/424
f 1214/1214 442/442 460/460
f 441/441 460/460 442/442
f 433/433 432/432 430/430
f 429/429 430/430 432/432
f 340/340 341/341 430/430
f 433/433 430/430 341/341
f 432/432 434/434 424/424
f 436/436 453/453 437/437
f 454/454 437/437 453/453
f 425/425 438/438 428/428
f 439/439 428/428 438/438
f 425/425 453/453 438/438
f 436/436 438/438 453/453
f 445/445 457/457 440/440
f 444/444 440/440 457/457
f 428/428 439/439 443/443
f 446/446 443/443 439/439
f 434/434 1214/1214 431/431
f 447/447 431/431 1214/1214
f 439/439 431/431 446/446
f 447/447 446/446 431/431
f 429/429 432/432 424/424
f 433/433 449/449 432/432
f 448/448 432/432 449/449
f 341/341 342/342 433/433
f 449/449 433/433 342/342
f 434/434 450/450 1214/1214
f 451/451 1214/1214 450/450
f 432/432 448/448 434/434
f 450/450 434/434 448/448
f 1214/1214 451/451 442/442
f 452/452 454/454 427/427
f 426/426 427/427 454/454
f 339/339 437/437 452/452
f 454/454 452/452 437/437
f 435/435 453/453 425/425
f 455/455 453/453 435/435
f 454/454 453/453 426/426
f 455/455 426/426 453/453
f 459/459 457/457 458/458
f 445/445 458/458 457/457
f 443/443 446/446 458/458
f 444/444 457/457 441/441
f 335/335 406/406 343/343
f 446/446 459/459 458/458
f 446/446 447/447 459/459
f 459/459 447/447 457/457
f 460/460 457/457 447/447
f 447/447 1214/1214 460/460
f 407/407 461/461 399/399
f 420/420 399/399 461/461
f 412/412 463/463 398/398
f 462/462 398/398 463/463
f 402/402 414/414 411/411
f 462/462 411/411 414/414
f 465/465 419/419 464/464
f 410/410 422/422 465/465
f 412/412 420/420 466/466
f 420/420 468/468 466/466
f 467/467 466/466 468/468
f 464/464 418/418 410/410
f 410/410 465/465 464/464
f 1215/1215 469/469 1216/1216
f 344/344 1216/1216 469/469
f 470/470 472/472 471/471
f 472/472 470/470 473/473
f 471/471 475/475 474/474
f 475/475 471/471 472/472
f 474/474 1217/1217 1218/1218
f 1217/1217 474/474 475/475
f 1218/1218 1219/1219 474/474
f 471/471 476/476 470/470
f 476/476 471/471 477/477
f 478/478 480/480 479/479
f 476/476 482/482 481/481
f 482/482 476/476 478/478
f 1220/1220 471/471 474/474
f 477/477 471/471 1220/1220
f 1221/1221 477/477 1220/1220
f 474/474 1219/1219 1220/1220
f 484/484 473/473 470/470
f 473/473 484/484 487/487
f 470/470 481/481 484/484
f 481/481 470/470 476/476
f 478/478 477/477 480/480
f 477/477 478/478 476/476
f 473/473 345/345 472/472
f 472/472 345/345 475/475
f 475/475 345/345 1217/1217
f 483/483 345/345 1222/1222
f 1222/1222 345/345 487/487
f 485/485 345/345 486/486
f 346/346 345/345 485/485
f 486/486 345/345 483/483
f 473/473 487/487 345/345
f 492/492 494/494 488/488
f 490/490 488/488 494/494
f 494/494 489/489 490/490
f 493/493 490/490 489/489
f 491/491 493/493 497/497
f 489/489 497/497 493/493
f 496/496 498/498 495/495
f 501/501 495/495 498/498
f 499/499 500/500 496/496
f 498/498 496/496 500/500
f 500/500 499/499 497/497
f 491/491 497/497 499/499
f 504/504 493/493 503/503
f 491/491 503/503 493/493
f 490/490 502/502 488/488
f 502/502 490/490 504/504
f 493/493 504/504 490/490
f 503/503 491/491 506/506
f 499/499 506/506 491/491
f 495/495 505/505 496/496
f 506/506 499/499 505/505
f 496/496 505/505 499/499
f 492/492 508/508 494/494
f 507/507 489/489 508/508
f 494/494 508/508 489/489
f 509/509 497/497 507/507
f 489/489 507/507 497/497
f 511/511 500/500 509/509
f 497/497 509/509 500/500
f 498/498 510/510 501/501
f 510/510 498/498 511/511
f 500/500 511/511 498/498
f 1223/1223 512/512 1224/1224
f 1224/1224 512/512 1225/1225
f 1225/1225 512/512 1226/1226
f 1226/1226 512/512 1227/1227
f 1228/1228 512/512 1229/1229
f 1227/1227 512/512 1228/1228
f 1230/1230 512/512 1223/1223
f 516/516 513/513 515/515
f 514/514 515/515 513/513
f 513/513 517/517 514/514
f 518/518 514/514 517/517
f 519/519 518/518 520/520
f 517/517 520/520 518/518
f 524/524 521/521 523/523
f 522/522 523/523 521/521
f 526/526 525/525 524/524
f 521/521 524/524 525/525
f 525/525 526/526 520/520
f 519/519 520/520 526/526
f 516/516 527/527 513/513
f 528/528 517/517 527/527
f 513/513 527/527 517/517
f 529/529 520/520 528/528
f 517/517 528/528 520/520
f 530/530 525/525 529/529
f 520/520 529/529 525/525
f 521/521 531/531 522/522
f 531/531 521/521 530/530
f 525/525 530/530 521/521
f 1231/1231 532/532 1232/1232
f 1232/1232 532/532 1233/1233
f 1233/1233 532/532 1234/1234
f 1234/1234 532/532 1235/1235
f 1236/1236 532/532 1237/1237
f 1235/1235 532/532 1236/1236
f 536/536 533/533 535/535
f 534/534 535/535 533/533
f 533/533 537/537 534/534
f 538/538 534/534 537/537
f 539/539 538/538 540/540
f 537/537 540/540 538/538
f 544/544 541/541 543/543
f 542/542 543/543 541/541
f 546/546 545/545 544/544
f 541/541 544/544 545/545
f 545/545 546/546 540/540
f 539/539 540/540 546/546
f 536/536 547/547 533/533
f 548/548 537/537 547/547
f 533/533 547/547 537/537
f 549/549 540/540 548/548
f 537/537 548/548 540/540
f 550/550 545/545 549/549
f 540/540 549/549 545/545
f 541/541 551/551 542/542
f 551/551 541/541 550/550
f 545/545 550/550 541/541
f 1238/1238 552/552 1239/1239
f 1239/1239 552/552 1240/1240
f 1240/1240 552/552 1241/1241
f 1241/1241 552/552 1242/1242
f 1243/1243 552/552 1244/1244
f 1242/1242 552/552 1243/1243
f 1245/1245 532/532 1231/1231
f 1246/1246 552/552 1238/1238
f 555/555 349/349 569/569
f 351/351 569/569 349/349
f 554/554 553/553 580/580
f 579/579 580/580 553/553
f 556/556 561/561 563/563
f 564/564 563/563 561/561
f 557/557 347/347 555/555
f 349/349 555/555 347/347
f 580/580 578/578 554/554
f 577/577 553/553 554/554
f 566/566 557/557 565/565
f 559/559 565/565 557/557
f 347/347 557/557 350/350
f 566/566 350/350 557/557
f 561/561 559/559 564/564
f 570/570 564/564 559/559
f 561/561 556/556 567/567
f 568/568 567/567 556/556
f 561/561 567/567 559/559
f 565/565 559/559 567/567
f 565/565 558/558 566/566
f 560/560 566/566 558/558
f 576/576 348/348 350/350
f 575/575 576/576 560/560
f 560/560 576/576 566/566
f 566/566 576/576 350/350
f 572/572 567/567 562/562
f 568/568 562/562 567/567
f 572/572 562/562 573/573
f 558/558 565/565 574/574
f 567/567 574/574 565/565
f 572/572 574/574 567/567
f 558/558 574/574 571/571
f 570/570 559/559 555/555
f 557/557 555/555 559/559
f 579/579 563/563 580/580
f 564/564 580/580 563/563
f 580/580 564/564 578/578
f 570/570 578/578 564/564
f 578/578 570/570 569/569
f 555/555 569/569 570/570
f 583/583 352/352 582/582
f 353/353 582/582 352/352
f 583/583 1247/1247 352/352
f 1248/1248 352/352 1247/1247
f 588/588 585/585 591/591
f 590/590 591/591 585/585
f 596/596 588/588 1249/1249
f 591/591 1249/1249 588/588
f 1250/1250 585/585 581/581
f 588/588 581/581 585/585
f 583/583 582/582 596/596
f 581/581 588/588 582/582
f 582/582 588/588 596/596
f 1247/1247 584/584 1248/1248
f 354/354 1248/1248 584/584
f 590/590 594/594 591/591
f 595/595 591/591 594/594
f 1249/1249 589/589 1247/1247
f 584/584 1247/1247 589/589
f 587/587 589/589 591/591
f 1249/1249 591/591 589/589
f 594/594 590/590 593/593
f 586/586 593/593 590/590
f 591/591 595/595 587/587
f 592/592 587/587 595/595
f 596/596 1249/1249 583/583
f 1247/1247 583/583 1249/1249
f 597/597 355/355 598/598
f 355/355 597/597 356/356
f 599/599 1251/1251 600/600
f 1251/1251 599/599 1252/1252
f 1253/1253 601/601 1254/1254
f 601/601 1253/1253 602/602
f 598/598 357/357 603/603
f 357/357 598/598 355/355
f 600/600 604/604 599/599
f 600/600 1251/1251 1255/1255
f 605/605 603/603 606/606
f 603/603 605/605 607/607
f 358/358 603/603 357/357
f 603/603 358/358 606/606
f 602/602 607/607 601/601
f 607/607 602/602 608/608
f 609/609 1254/1254 601/601
f 1254/1254 609/609 1256/1256
f 607/607 609/609 601/601
f 609/609 607/607 605/605
f 606/606 1257/1257 605/605
f 1257/1257 606/606 1258/1258
f 609/609 1259/1259 1256/1256
f 598/598 607/607 608/608
f 607/607 598/598 603/603
f 599/599 1253/1253 1252/1252
f 1253/1253 599/599 602/602
f 604/604 602/602 599/599
f 602/602 604/604 608/608
f 597/597 608/608 604/604
f 608/608 597/597 598/598
f 610/610 359/359 611/611
f 359/359 610/610 360/360
f 359/359 1260/1260 611/611
f 1260/1260 359/359 1261/1261
f 612/612 1262/1262 613/613
f 1262/1262 612/612 1263/1263
f 1264/1264 613/613 614/614
f 613/613 1264/1264 612/612
f 615/615 1262/1262 1265/1265
f 1262/1262 615/615 613/613
f 614/614 610/610 611/611
f 610/610 613/613 615/615
f 614/614 613/613 610/610
f 1261/1261 1266/1266 1260/1260
f 1266/1266 1261/1261 1267/1267
f 1260/1260 1268/1268 1264/1264
f 1268/1268 1260/1260 1266/1266
f 612/612 1268/1268 1269/1269
f 1268/1268 612/612 1264/1264
f 611/611 1264/1264 614/614
f 1264/1264 611/611 1260/1260
f 625/625 621/621 624/624
f 619/619 621/621 625/625
f 621/621 617/617 624/624
f 618/618 361/361 625/625
f 362/362 625/625 361/361
f 625/625 624/624 618/618
f 616/616 618/618 624/624
f 363/363 622/622 362/362
f 622/622 623/623 362/362
f 623/623 620/620 362/362
f 620/620 625/625 362/362
f 619/619 625/625 620/620
f 627/627 626/626 629/629
f 628/628 629/629 626/626
f 631/631 630/630 1270/1270
f 1271/1271 1270/1270 630/630
f 633/633 632/632 1272/1272
f 1273/1273 1272/1272 632/632
f 640/640 639/639 636/636
f 646/646 636/636 639/639
f 638/638 635/635 637/637
f 634/634 637/637 635/635
f 640/640 636/636 638/638
f 635/635 638/638 636/636
f 642/642 636/636 659/659
f 646/646 659/659 636/636
f 643/643 634/634 641/641
f 635/635 641/641 634/634
f 641/641 635/635 642/642
f 636/636 642/642 635/635
f 646/646 639/639 647/647
f 649/649 647/647 639/639
f 644/644 645/645 660/660
f 648/648 660/660 645/645
f 645/645 647/647 648/648
f 649/649 648/648 647/647
f 646/646 647/647 651/651
f 652/652 651/651 647/647
f 368/368 650/650 367/367
f 645/645 644/644 650/650
f 650/650 644/644 367/367
f 647/647 645/645 652/652
f 650/650 652/652 645/645
f 653/653 643/643 641/641
f 664/664 365/365 372/372
f 371/371 643/643 653/653
f 658/658 659/659 651/651
f 656/656 654/654 641/641
f 655/655 656/656 642/642
f 655/655 642/642 657/657
f 656/656 641/641 642/642
f 657/657 659/659 658/658
f 651/651 659/659 646/646
f 642/642 659/659 657/657
f 366/366 1274/1274 1275/1275
f 1276/1276 366/366 1277/1277
f 366/366 1275/1275 1278/1278
f 366/366 1279/1279 1274/1274
f 366/366 1280/1280 1279/1279
f 1281/1281 366/366 1276/1276
f 1282/1282 366/366 1281/1281
f 364/364 366/366 1282/1282
f 653/653 661/661 369/369
f 369/369 365/365 664/664
f 661/661 653/653 654/654
f 661/661 654/654 656/656
f 655/655 662/662 656/656
f 657/657 663/663 662/662
f 662/662 655/655 657/657
f 663/663 657/657 658/658
f 651/651 658/658 663/663
f 656/656 662/662 661/661
f 366/366 1278/1278 1277/1277
f 370/370 1283/1283 1284/1284
f 1285/1285 370/370 1286/1286
f 1287/1287 370/370 1285/1285
f 1283/1283 370/370 1288/1288
f 1289/1289 370/370 1290/1290
f 1288/1288 370/370 1289/1289
f 1286/1286 370/370 1284/1284
f 643/643 371/371 1291/1291
f 369/369 664/664 653/653
f 653/653 372/372 371/371
f 664/664 372/372 653/653
f 660/660 1292/1292 644/644
f 644/644 1293/1293 367/367
f 654/654 653/653 641/641
f 669/669 793/793 392/392
f 392/392 384/384 669/669
f 672/672 385/385 693/693
f 379/379 693/693 385/385
f 677/677 697/697 671/671
f 700/700 671/671 697/697
f 677/677 671/671 673/673
f 389/389 387/387 684/684
f 373/373 666/666 375/375
f 691/691 375/375 666/666
f 685/685 672/672 687/687
f 681/681 687/687 672/672
f 685/685 677/677 673/673
f 690/690 692/692 678/678
f 692/692 690/690 667/667
f 699/699 687/687 698/698
f 681/681 698/698 687/687
f 384/384 376/376 669/669
f 376/376 679/679 669/669
f 669/669 679/679 674/674
f 679/679 680/680 674/674
f 793/793 669/669 674/674
f 674/674 794/794 793/793
f 675/675 680/680 699/699
f 697/697 699/699 680/680
f 729/729 728/728 665/665
f 377/377 374/374 671/671
f 673/673 671/671 374/374
f 674/674 670/670 729/729
f 729/729 794/794 674/674
f 670/670 675/675 702/702
f 675/675 678/678 702/702
f 670/670 674/674 675/675
f 674/674 680/680 675/675
f 700/700 679/679 381/381
f 376/376 381/381 679/679
f 386/386 385/385 682/682
f 672/672 682/682 385/385
f 672/672 685/685 682/682
f 686/686 682/682 685/685
f 683/683 673/673 378/378
f 374/374 378/378 673/673
f 682/682 703/703 386/386
f 390/390 386/386 703/703
f 686/686 703/703 682/682
f 383/383 704/704 378/378
f 683/683 378/378 704/704
f 686/686 685/685 683/683
f 673/673 683/683 685/685
f 704/704 703/703 686/686
f 685/685 687/687 677/677
f 726/726 676/676 725/725
f 698/698 690/690 678/678
f 691/691 666/666 676/676
f 668/668 676/676 666/666
f 702/702 678/678 692/692
f 689/689 676/676 668/668
f 690/690 681/681 725/725
f 689/689 725/725 676/676
f 725/725 667/667 690/690
f 725/725 689/689 688/688
f 693/693 379/379 691/691
f 375/375 691/691 379/379
f 676/676 693/693 691/691
f 672/672 693/693 726/726
f 388/388 389/389 684/684
f 1294/1294 694/694 1295/1295
f 380/380 1296/1296 696/696
f 1297/1297 696/696 1296/1296
f 695/695 696/696 1298/1298
f 1299/1299 694/694 1294/1294
f 1300/1300 1295/1295 391/391
f 391/391 695/695 1300/1300
f 1298/1298 696/696 1297/1297
f 697/697 680/680 700/700
f 679/679 700/700 680/680
f 698/698 678/678 699/699
f 675/675 699/699 678/678
f 697/697 677/677 699/699
f 687/687 699/699 677/677
f 381/381 377/377 700/700
f 671/671 700/700 377/377
f 681/681 690/690 698/698
f 1301/1301 695/695 1298/1298
f 1298/1298 1302/1302 1301/1301
f 1300/1300 695/695 1301/1301
f 1303/1303 382/382 1304/1304
f 1304/1304 701/701 1305/1305
f 701/701 1304/1304 382/382
f 1305/1305 701/701 1306/1306
f 1306/1306 701/701 1299/1299
f 694/694 1299/1299 701/701
f 387/387 390/390 703/703
f 684/684 387/387 703/703
f 684/684 704/704 388/388
f 383/383 388/388 704/704
f 684/684 703/703 704/704
f 683/683 704/704 686/686
f 694/694 701/701 382/382
f 382/382 391/391 694/694
f 1295/1295 694/694 391/391
f 391/391 380/380 696/696
f 391/391 696/696 695/695
f 708/708 707/707 706/706
f 705/705 707/707 708/708
f 1307/1307 710/710 709/709
f 712/712 709/709 710/710
f 712/712 711/711 709/709
f 715/715 714/714 713/713
f 1308/1308 714/714 715/715
f 717/717 718/718 716/716
f 717/717 727/727 718/718
f 710/710 1309/1309 719/719
f 719/719 712/712 710/710
f 720/720 712/712 719/719
f 722/722 723/723 721/721
f 722/722 724/724 723/723
f 688/688 667/667 725/725
f 726/726 693/693 676/676
f 672/672 726/726 681/681
f 681/681 726/726 725/725
f 728/728 729/729 670/670
f 670/670 702/702 728/728
f 729/729 665/665 1310/1310
f 757/757 731/731 766/766
f 755/755 730/730 756/756
f 756/756 748/748 755/755
f 771/771 773/773 758/758
f 769/769 749/749 754/754
f 756/756 754/754 748/748
f 758/758 759/759 752/752
f 772/772 765/765 767/767
f 772/772 753/753 750/750
f 764/764 761/761 760/760
f 761/761 751/751 743/743
f 760/760 743/743 736/736
f 760/760 761/761 743/743
f 740/740 762/762 761/761
f 761/761 745/745 740/740
f 761/761 744/744 751/751
f 740/740 742/742 762/762
f 762/762 742/742 741/741
f 737/737 765/765 763/763
f 763/763 792/792 737/737
f 773/773 733/733 747/747
f 750/750 752/752 759/759
f 765/765 737/737 735/735
f 735/735 767/767 765/765
f 739/739 761/761 764/764
f 746/746 739/739 764/764
f 756/756 757/757 766/766
f 738/738 745/745 761/761
f 744/744 761/761 762/762
f 762/762 741/741 744/744
f 760/760 767/767 764/764
f 759/759 772/772 750/750
f 746/746 767/767 735/735
f 753/753 772/772 760/760
f 760/760 736/736 753/753
f 764/764 767/767 746/746
f 761/761 739/739 738/738
f 747/747 734/734 763/763
f 755/755 732/732 730/730
f 756/756 730/730 757/757
f 749/749 769/769 768/768
f 768/768 758/758 752/752
f 758/758 768/768 769/769
f 771/771 769/769 766/766
f 756/756 766/766 769/769
f 770/770 733/733 771/771
f 771/771 766/766 770/770
f 731/731 770/770 766/766
f 756/756 769/769 754/754
f 769/769 771/771 758/758
f 733/733 773/773 771/771
f 763/763 773/773 747/747
f 1311/1311 775/775 783/783
f 784/784 755/755 774/774
f 748/748 774/774 755/755
f 788/788 787/787 776/776
f 749/749 787/787 754/754
f 754/754 774/774 748/748
f 791/791 768/768 752/752
f 752/752 777/777 791/791
f 785/785 789/789 777/777
f 1312/1312 789/789 786/786
f 753/753 785/785 750/750
f 751/751 778/778 743/743
f 743/743 778/778 736/736
f 778/778 781/781 736/736
f 779/779 1313/1313 778/778
f 1314/1314 778/778 1313/1313
f 744/744 779/779 751/751
f 742/742 1313/1313 779/779
f 742/742 779/779 741/741
f 782/782 1315/1315 780/780
f 788/788 790/790 1316/1316
f 752/752 750/750 777/777
f 789/789 791/791 777/777
f 1317/1317 782/782 1318/1318
f 778/778 1319/1319 781/781
f 1319/1319 1320/1320 781/781
f 775/775 774/774 783/783
f 1314/1314 1319/1319 778/778
f 778/778 751/751 779/779
f 741/741 779/779 744/744
f 786/786 785/785 781/781
f 785/785 777/777 750/750
f 785/785 753/753 781/781
f 736/736 781/781 753/753
f 786/786 1320/1320 1312/1312
f 1321/1321 1316/1316 780/780
f 732/732 755/755 784/784
f 784/784 774/774 775/775
f 776/776 749/749 768/768
f 749/749 776/776 787/787
f 787/787 788/788 783/783
f 783/783 774/774 787/787
f 1322/1322 783/783 788/788
f 1323/1323 1311/1311 783/783
f 787/787 774/774 754/754
f 791/791 790/790 776/776
f 782/782 780/780 791/791
f 790/790 788/788 776/776
f 789/789 782/782 791/791
f 785/785 786/786 789/789
f 791/791 780/780 790/790
f 790/790 780/780 1316/1316
f 781/781 1320/1320 786/786
f 782/782 789/789 1318/1318
f 1318/1318 789/789 1312/1312
f 1323/1323 783/783 1322/1322
f 776/776 768/768 791/791
f 772/772 767/767 760/760
f 734/734 792/792 763/763
f 1321/1321 780/780 1315/1315
f 1317/1317 1315/1315 782/782
f 1322/1322 788/788 1316/1316
f 759/759 758/758 773/773
f 773/773 763/763 759/759
f 759/759 763/763 765/765
f 765/765 772/772 759/759
f 793/793 1324/1324 1325/1325
f 1325/1325 392/392 793/793
f 794/794 1310/1310 1324/1324
f 1324/1324 793/793 794/794
f 729/729 1310/1310 794/794
f 612/612 796/796 1263/1263
f 796/796 612/612 797/797
f 795/795 1263/1263 796/796
f 1263/1263 795/795 1326/1326
f 1269/1269 797/797 612/612
f 797/797 1269/1269 1327/1327
f 800/800 1259/1259 799/799
f 799/799 1259/1259 609/609
f 798/798 801/801 1257/1257
f 605/605 801/801 609/609
f 609/609 801/801 799/799
f 1257/1257 801/801 605/605
f 803/803 830/830 338/338
f 338/338 334/334 803/803
f 332/332 804/804 803/803
f 803/803 334/334 332/332
f 809/809 814/814 807/807
f 807/807 808/808 809/809
f 810/810 806/806 814/814
f 814/814 809/809 810/810
f 333/333 805/805 806/806
f 806/806 810/810 333/333
f 865/865 809/809 808/808
f 808/808 816/816 865/865
f 809/809 865/865 817/817
f 817/817 810/810 809/809
f 336/336 333/333 810/810
f 810/810 817/817 336/336
f 826/826 815/815 818/818
f 818/818 828/828 826/826
f 825/825 806/806 805/805
f 871/871 807/807 814/814
f 814/814 823/823 871/871
f 818/818 343/343 337/337
f 343/343 818/818 815/815
f 811/811 813/813 820/820
f 822/822 872/872 871/871
f 871/871 820/820 822/822
f 814/814 806/806 824/824
f 814/814 824/824 823/823
f 823/823 824/824 812/812
f 825/825 824/824 806/806
f 819/819 802/802 827/827
f 828/828 873/873 826/826
f 802/802 819/819 876/876
f 877/877 876/876 819/819
f 808/808 807/807 821/821
f 821/821 829/829 808/808
f 819/819 831/831 877/877
f 829/829 877/877 870/870
f 830/830 818/818 337/337
f 337/337 338/338 830/830
f 831/831 874/874 832/832
f 828/828 832/832 874/874
f 831/831 870/870 877/877
f 832/832 828/828 818/818
f 818/818 830/830 832/832
f 840/840 843/843 833/833
f 838/838 845/845 847/847
f 847/847 833/833 838/838
f 839/839 846/846 845/845
f 845/845 838/838 839/839
f 339/339 846/846 839/839
f 839/839 340/340 339/339
f 869/869 866/866 850/850
f 833/833 847/847 848/848
f 848/848 840/840 833/833
f 851/851 1328/1328 869/869
f 869/869 850/850 851/851
f 841/841 842/842 839/839
f 839/839 838/838 841/841
f 341/341 340/340 839/839
f 839/839 842/842 341/341
f 843/843 841/841 833/833
f 862/862 845/845 846/846
f 846/846 863/863 862/862
f 847/847 834/834 837/837
f 837/837 848/848 847/847
f 862/862 834/834 847/847
f 847/847 845/845 862/862
f 866/866 854/854 849/849
f 849/849 853/853 866/866
f 848/848 837/837 852/852
f 852/852 855/855 848/848
f 1328/1328 843/843 840/840
f 840/840 856/856 1328/1328
f 840/840 848/848 855/855
f 855/855 856/856 840/840
f 841/841 838/838 833/833
f 858/858 842/842 841/841
f 841/841 857/857 858/858
f 342/342 341/341 842/842
f 842/842 858/858 342/342
f 859/859 843/843 1328/1328
f 1328/1328 860/860 859/859
f 857/857 841/841 843/843
f 843/843 859/859 857/857
f 860/860 1328/1328 851/851
f 863/863 861/861 836/836
f 836/836 835/835 863/863
f 846/846 339/339 861/861
f 861/861 863/863 846/846
f 862/862 844/844 834/834
f 862/862 864/864 844/844
f 862/862 863/863 835/835
f 835/835 864/864 862/862
f 866/866 868/868 867/867
f 867/867 854/854 866/866
f 855/855 852/852 867/867
f 866/866 853/853 850/850
f 815/815 335/335 343/343
f 868/868 855/855 867/867
f 856/856 855/855 868/868
f 856/856 868/868 866/866
f 866/866 869/869 856/856
f 1328/1328 856/856 869/869
f 870/870 816/816 808/808
f 808/808 829/829 870/870
f 872/872 821/821 807/807
f 807/807 871/871 872/872
f 823/823 811/811 820/820
f 820/820 871/871 823/823
f 828/828 874/874 873/873
f 831/831 819/819 874/874
f 829/829 821/821 875/875
f 877/877 829/829 875/875
f 875/875 876/876 877/877
f 827/827 873/873 819/819
f 874/874 819/819 873/873
f 878/878 1329/1329 1216/1216
f 1216/1216 344/344 878/878
f 881/881 879/879 880/880
f 879/879 881/881 882/882
f 884/884 880/880 883/883
f 880/880 884/884 881/881
f 1217/1217 883/883 1330/1330
f 883/883 1217/1217 884/884
f 1331/1331 1330/1330 883/883
f 885/885 880/880 879/879
f 880/880 885/885 886/886
f 889/889 887/887 888/888
f 891/891 885/885 890/890
f 885/885 891/891 887/887
f 880/880 1332/1332 883/883
f 880/880 886/886 1332/1332
f 886/886 1333/1333 1332/1332
f 1331/1331 883/883 1332/1332
f 882/882 893/893 879/879
f 893/893 882/882 896/896
f 890/890 879/879 893/893
f 879/879 890/890 885/885
f 886/886 887/887 889/889
f 887/887 886/886 885/885
f 345/345 882/882 881/881
f 345/345 881/881 884/884
f 345/345 884/884 1217/1217
f 345/345 892/892 1334/1334
f 345/345 1334/1334 896/896
f 345/345 894/894 895/895
f 345/345 346/346 894/894
f 345/345 895/895 892/892
f 896/896 882/882 345/345
f 903/903 901/901 897/897
f 897/897 899/899 903/903
f 898/898 903/903 899/899
f 899/899 902/902 898/898
f 902/902 900/900 906/906
f 906/906 898/898 902/902
f 907/907 905/905 904/904
f 904/904 910/910 907/907
f 909/909 908/908 905/905
f 905/905 907/907 909/909
f 908/908 909/909 906/906
f 906/906 900/900 908/908
f 902/902 913/913 912/912
f 912/912 900/900 902/902
f 911/911 899/899 897/897
f 899/899 911/911 913/913
f 913/913 902/902 899/899
f 900/900 912/912 915/915
f 915/915 908/908 900/900
f 914/914 904/904 905/905
f 908/908 915/915 914/914
f 914/914 905/905 908/908
f 917/917 901/901 903/903
f 898/898 916/916 917/917
f 917/917 903/903 898/898
f 906/906 918/918 916/916
f 916/916 898/898 906/906
f 909/909 920/920 918/918
f 918/918 906/906 909/909
f 919/919 907/907 910/910
f 907/907 919/919 920/920
f 920/920 909/909 907/907
f 921/921 1335/1335 1336/1336
f 921/921 1336/1336 1337/1337
f 921/921 1337/1337 1338/1338
f 921/921 1338/1338 1339/1339
f 921/921 1340/1340 1341/1341
f 921/921 1339/1339 1340/1340
f 921/921 1342/1342 1335/1335
f 922/922 925/925 924/924
f 924/924 923/923 922/922
f 926/926 922/922 923/923
f 923/923 927/927 926/926
f 927/927 928/928 929/929
f 929/929 926/926 927/927
f 930/930 933/933 932/932
f 932/932 931/931 930/930
f 934/934 935/935 933/933
f 933/933 930/930 934/934
f 935/935 934/934 929/929
f 929/929 928/928 935/935
f 936/936 925/925 922/922
f 926/926 937/937 936/936
f 936/936 922/922 926/926
f 929/929 938/938 937/937
f 937/937 926/926 929/929
f 934/934 939/939 938/938
f 938/938 929/929 934/934
f 940/940 930/930 931/931
f 930/930 940/940 939/939
f 939/939 934/934 930/930
f 941/941 1343/1343 1344/1344
f 941/941 1344/1344 1345/1345
f 941/941 1345/1345 1346/1346
f 941/941 1346/1346 1347/1347
f 941/941 1348/1348 1349/1349
f 941/941 1347/1347 1348/1348
f 942/942 945/945 944/944
f 944/944 943/943 942/942
f 946/946 942/942 943/943
f 943/943 947/947 946/946
f 947/947 948/948 949/949
f 949/949 946/946 947/947
f 950/950 953/953 952/952
f 952/952 951/951 950/950
f 954/954 955/955 953/953
f 953/953 950/950 954/954
f 955/955 954/954 949/949
f 949/949 948/948 955/955
f 956/956 945/945 942/942
f 946/946 957/957 956/956
f 956/956 942/942 946/946
f 949/949 958/958 957/957
f 957/957 946/946 949/949
f 954/954 959/959 958/958
f 958/958 949/949 954/954
f 960/960 950/950 951/951
f 950/950 960/960 959/959
f 959/959 954/954 950/950
f 961/961 1350/1350 1351/1351
f 961/961 1351/1351 1352/1352
f 961/961 1352/1352 1353/1353
f 961/961 1353/1353 1354/1354
f 961/961 1355/1355 1356/1356
f 961/961 1354/1354 1355/1355
f 941/941 1357/1357 1343/1343
f 961/961 1358/1358 1350/1350
f 349/349 964/964 978/978
f 978/978 351/351 349/349
f 962/962 963/963 989/989
f 989/989 988/988 962/962
f 970/970 965/965 972/972
f 972/972 973/973 970/970
f 347/347 966/966 964/964
f 964/964 349/349 347/347
f 987/987 989/989 963/963
f 962/962 986/986 963/963
f 966/966 975/975 974/974
f 974/974 968/968 966/966
f 966/966 347/347 350/350
f 350/350 975/975 966/966
f 968/968 970/970 973/973
f 973/973 979/979 968/968
f 965/965 970/970 976/976
f 976/976 977/977 965/965
f 976/976 970/970 968/968
f 968/968 974/974 976/976
f 967/967 974/974 975/975
f 975/975 969/969 967/967
f 348/348 985/985 350/350
f 985/985 984/984 969/969
f 985/985 969/969 975/975
f 985/985 975/975 350/350
f 976/976 981/981 971/971
f 971/971 977/977 976/976
f 971/971 981/981 982/982
f 974/974 967/967 983/983
f 983/983 976/976 974/974
f 983/983 981/981 976/976
f 983/983 967/967 980/980
f 968/968 979/979 964/964
f 964/964 966/966 968/968
f 972/972 988/988 989/989
f 989/989 973/973 972/972
f 973/973 989/989 987/987
f 987/987 979/979 973/973
f 979/979 987/987 978/978
f 978/978 964/964 979/979
f 352/352 992/992 991/991
f 991/991 353/353 352/352
f 1359/1359 992/992 352/352
f 352/352 1248/1248 1359/1359
f 994/994 997/997 1000/1000
f 1000/1000 999/999 994/994
f 997/997 1005/1005 1360/1360
f 1360/1360 1000/1000 997/997
f 994/994 1361/1361 990/990
f 990/990 997/997 994/994
f 991/991 992/992 1005/1005
f 997/997 990/990 991/991
f 997/997 991/991 1005/1005
f 993/993 1359/1359 1248/1248
f 1248/1248 354/354 993/993
f 1003/1003 999/999 1000/1000
f 1000/1000 1004/1004 1003/1003
f 998/998 1360/1360 1359/1359
f 1359/1359 993/993 998/998
f 998/998 996/996 1000/1000
f 1000/1000 1360/1360 998/998
f 999/999 1003/1003 1002/1002
f 1002/1002 995/995 999/999
f 1004/1004 1000/1000 996/996
f 996/996 1001/1001 1004/1004
f 1360/1360 1005/1005 992/992
f 992/992 1359/1359 1360/1360
f 355/355 1006/1006 1007/1007
f 1006/1006 355/355 356/356
f 1362/1362 1008/1008 1009/1009
f 1008/1008 1362/1362 1363/1363
f 1010/1010 1364/1364 1365/1365
f 1364/1364 1010/1010 1011/1011
f 357/357 1007/1007 1012/1012
f 1007/1007 357/357 355/355
f 1013/1013 1009/1009 1008/1008
f 1362/1362 1009/1009 1366/1366
f 1012/1012 1014/1014 1015/1015
f 1014/1014 1012/1012 1016/1016
f 1012/1012 358/358 357/357
f 358/358 1012/1012 1015/1015
f 1016/1016 1011/1011 1010/1010
f 1011/1011 1016/1016 1017/1017
f 1365/1365 1018/1018 1010/1010
f 1018/1018 1365/1365 1367/1367
f 1018/1018 1016/1016 1010/1010
f 1016/1016 1018/1018 1014/1014
f 1368/1368 1015/1015 1014/1014
f 1015/1015 1368/1368 1369/1369
f 1370/1370 1018/1018 1367/1367
f 1016/1016 1007/1007 1017/1017
f 1007/1007 1016/1016 1012/1012
f 1364/1364 1008/1008 1363/1363
f 1008/1008 1364/1364 1011/1011
f 1011/1011 1013/1013 1008/1008
f 1013/1013 1011/1011 1017/1017
f 1017/1017 1006/1006 1013/1013
f 1006/1006 1017/1017 1007/1007
f 359/359 1019/1019 1020/1020
f 1019/1019 359/359 360/360
f 1371/1371 359/359 1020/1020
f 359/359 1371/1371 1261/1261
f 1372/1372 1021/1021 1022/1022
f 1021/1021 1372/1372 1373/1373
f 1022/1022 1374/1374 1023/1023
f 1374/1374 1022/1022 1021/1021
f 1372/1372 1024/1024 1375/1375
f 1024/1024 1372/1372 1022/1022
f 1019/1019 1023/1023 1020/1020
f 1022/1022 1019/1019 1024/1024
f 1022/1022 1023/1023 1019/1019
f 1376/1376 1261/1261 1371/1371
f 1261/1261 1376/1376 1267/1267
f 1377/1377 1371/1371 1374/1374
f 1371/1371 1377/1377 1376/1376
f 1377/1377 1021/1021 1378/1378
f 1021/1021 1377/1377 1374/1374
f 1374/1374 1020/1020 1023/1023
f 1020/1020 1374/1374 1371/1371
f 1030/1030 1034/1034 1033/1033
f 1030/1030 1028/1028 1034/1034
f 1026/1026 1030/1030 1033/1033
f 361/361 1027/1027 1034/1034
f 1034/1034 362/362 361/361
f 1033/1033 1034/1034 1027/1027
f 1027/1027 1025/1025 1033/1033
f 1031/1031 363/363 362/362
f 1032/1032 1031/1031 362/362
f 1029/1029 1032/1032 362/362
f 1034/1034 1029/1029 362/362
f 1034/1034 1028/1028 1029/1029
f 1035/1035 1036/1036 1038/1038
f 1038/1038 1037/1037 1035/1035
f 1039/1039 1040/1040 1379/1379
f 1379/1379 1380/1380 1039/1039
f 1041/1041 1042/1042 1381/1381
f 1381/1381 1382/1382 1041/1041
f 1048/1048 1049/1049 1045/1045
f 1045/1045 1055/1055 1048/1048
f 1044/1044 1047/1047 1046/1046
f 1046/1046 1043/1043 1044/1044
f 1045/1045 1049/1049 1047/1047
f 1047/1047 1044/1044 1045/1045
f 1045/1045 1051/1051 1068/1068
f 1068/1068 1055/1055 1045/1045
f 1043/1043 1052/1052 1050/1050
f 1050/1050 1044/1044 1043/1043
f 1044/1044 1050/1050 1051/1051
f 1051/1051 1045/1045 1044/1044
f 1048/1048 1055/1055 1056/1056
f 1056/1056 1058/1058 1048/1048
f 1054/1054 1053/1053 1069/1069
f 1069/1069 1057/1057 1054/1054
f 1056/1056 1054/1054 1057/1057
f 1057/1057 1058/1058 1056/1056
f 1056/1056 1055/1055 1060/1060
f 1060/1060 1061/1061 1056/1056
f 1059/1059 368/368 367/367
f 1053/1053 1054/1054 1059/1059
f 1053/1053 1059/1059 367/367
f 1054/1054 1056/1056 1061/1061
f 1061/1061 1059/1059 1054/1054
f 1052/1052 1062/1062 1050/1050
f 365/365 1073/1073 372/372
f 1052/1052 371/371 1062/1062
f 1068/1068 1067/1067 1060/1060
f 1063/1063 1065/1065 1050/1050
f 1065/1065 1064/1064 1051/1051
f 1051/1051 1064/1064 1066/1066
f 1050/1050 1065/1065 1051/1051
f 1068/1068 1066/1066 1067/1067
f 1068/1068 1060/1060 1055/1055
f 1068/1068 1051/1051 1066/1066
f 1383/1383 366/366 1384/1384
f 366/366 1385/1385 1386/1386
f 1384/1384 366/366 1387/1387
f 1388/1388 366/366 1383/1383
f 1389/1389 366/366 1388/1388
f 366/366 1390/1390 1385/1385
f 366/366 1391/1391 1390/1390
f 366/366 364/364 1391/1391
f 1070/1070 1062/1062 369/369
f 365/365 369/369 1073/1073
f 1062/1062 1070/1070 1063/1063
f 1063/1063 1070/1070 1065/1065
f 1071/1071 1064/1064 1065/1065
f 1072/1072 1066/1066 1071/1071
f 1064/1064 1071/1071 1066/1066
f 1066/1066 1072/1072 1067/1067
f 1067/1067 1060/1060 1072/1072
f 1071/1071 1065/1065 1070/1070
f 1387/1387 366/366 1386/1386
f 1392/1392 370/370 1393/1393
f 370/370 1394/1394 1395/1395
f 370/370 1287/1287 1394/1394
f 370/370 1392/1392 1396/1396
f 370/370 1397/1397 1290/1290
f 370/370 1396/1396 1397/1397
f 370/370 1395/1395 1393/1393
f 371/371 1052/1052 1291/1291
f 1073/1073 369/369 1062/1062
f 372/372 1062/1062 371/371
f 372/372 1073/1073 1062/1062
f 1292/1292 1069/1069 1053/1053
f 1293/1293 1053/1053 367/367
f 1062/1062 1063/1063 1050/1050
f 1202/1202 1078/1078 392/392
f 384/384 392/392 1078/1078
f 385/385 1081/1081 1102/1102
f 1102/1102 379/379 385/385
f 1106/1106 1086/1086 1080/1080
f 1080/1080 1109/1109 1106/1106
f 1080/1080 1086/1086 1082/1082
f 387/387 389/389 1093/1093
f 1075/1075 373/373 375/375
f 375/375 1100/1100 1075/1075
f 1081/1081 1094/1094 1096/1096
f 1096/1096 1090/1090 1081/1081
f 1086/1086 1094/1094 1082/1082
f 1101/1101 1099/1099 1087/1087
f 1099/1099 1101/1101 1076/1076
f 1096/1096 1108/1108 1107/1107
f 1107/1107 1090/1090 1096/1096
f 376/376 384/384 1078/1078
f 1088/1088 376/376 1078/1078
f 1088/1088 1078/1078 1083/1083
f 1089/1089 1088/1088 1083/1083
f 1078/1078 1202/1202 1083/1083
f 1203/1203 1083/1083 1202/1202
f 1089/1089 1084/1084 1108/1108
f 1108/1108 1106/1106 1089/1089
f 1137/1137 1138/1138 1074/1074
f 374/374 377/377 1080/1080
f 1080/1080 1082/1082 374/374
f 1079/1079 1083/1083 1138/1138
f 1203/1203 1138/1138 1083/1083
f 1084/1084 1079/1079 1111/1111
f 1087/1087 1084/1084 1111/1111
f 1083/1083 1079/1079 1084/1084
f 1089/1089 1083/1083 1084/1084
f 1088/1088 1109/1109 381/381
f 381/381 376/376 1088/1088
f 385/385 386/386 1091/1091
f 1091/1091 1081/1081 385/385
f 1094/1094 1081/1081 1091/1091
f 1091/1091 1095/1095 1094/1094
f 1082/1082 1092/1092 378/378
f 378/378 374/374 1082/1082
f 1112/1112 1091/1091 386/386
f 386/386 390/390 1112/1112
f 1112/1112 1095/1095 1091/1091
f 1113/1113 383/383 378/378
f 378/378 1092/1092 1113/1113
f 1094/1094 1095/1095 1092/1092
f 1092/1092 1082/1082 1094/1094
f 1112/1112 1113/1113 1095/1095
f 1096/1096 1094/1094 1086/1086
f 1085/1085 1135/1135 1134/1134
f 1099/1099 1107/1107 1087/1087
f 1075/1075 1100/1100 1085/1085
f 1085/1085 1077/1077 1075/1075
f 1087/1087 1111/1111 1101/1101
f 1085/1085 1098/1098 1077/1077
f 1090/1090 1099/1099 1134/1134
f 1134/1134 1098/1098 1085/1085
f 1076/1076 1134/1134 1099/1099
f 1098/1098 1134/1134 1097/1097
f 379/379 1102/1102 1100/1100
f 1100/1100 375/375 379/379
f 1102/1102 1085/1085 1100/1100
f 1102/1102 1081/1081 1135/1135
f 389/389 388/388 1093/1093
f 1103/1103 1398/1398 1399/1399
f 1296/1296 380/380 1105/1105
f 1105/1105 1400/1400 1296/1296
f 1105/1105 1104/1104 1401/1401
f 1103/1103 1402/1402 1398/1398
f 1399/1399 1403/1403 391/391
f 1104/1104 391/391 1403/1403
f 1105/1105 1401/1401 1400/1400
f 1089/1089 1106/1106 1109/1109
f 1109/1109 1088/1088 1089/1089
f 1087/1087 1107/1107 1108/1108
f 1108/1108 1084/1084 1087/1087
f 1086/1086 1106/1106 1108/1108
f 1108/1108 1096/1096 1086/1086
f 377/377 381/381 1109/1109
f 1109/1109 1080/1080 377/377
f 1099/1099 1090/1090 1107/1107
f 1104/1104 1404/1404 1401/1401
f 1405/1405 1401/1401 1404/1404
f 1104/1104 1403/1403 1404/1404
f 382/382 1303/1303 1406/1406
f 1110/1110 1406/1406 1407/1407
f 1406/1406 1110/1110 382/382
f 1110/1110 1407/1407 1408/1408
f 1110/1110 1408/1408 1402/1402
f 1402/1402 1103/1103 1110/1110
f 390/390 387/387 1112/1112
f 387/387 1093/1093 1112/1112
f 1113/1113 1093/1093 388/388
f 388/388 383/383 1113/1113
f 1112/1112 1093/1093 1113/1113
f 1113/1113 1092/1092 1095/1095
f 1110/1110 1103/1103 382/382
f 391/391 382/382 1103/1103
f 1103/1103 1399/1399 391/391
f 380/380 391/391 1105/1105
f 1105/1105 391/391 1104/1104
f 1116/1116 1117/1117 1115/1115
f 1116/1116 1114/1114 1117/1117
f 1119/1119 1409/1409 1118/1118
f 1118/1118 1121/1121 1119/1119
f 1120/1120 1121/1121 1118/1118
f 1123/1123 1124/1124 1122/1122
f 1123/1123 1410/1410 1124/1124
f 1127/1127 1126/1126 1125/1125
f 1136/1136 1126/1126 1127/1127
f 1411/1411 1119/1119 1128/1128
f 1121/1121 1128/1128 1119/1119
f 1121/1121 1129/1129 1128/1128
f 1132/1132 1131/1131 1130/1130
f 1133/1133 1131/1131 1132/1132
f 1076/1076 1097/1097 1134/1134
f 1102/1102 1135/1135 1085/1085
f 1135/1135 1081/1081 1090/1090
f 1135/1135 1090/1090 1134/1134
f 1138/1138 1137/1137 1079/1079
f 1111/1111 1079/1079 1137/1137
f 1074/1074 1138/1138 1412/1412
f 1140/1140 1166/1166 1175/1175
f 1139/1139 1164/1164 1165/1165
f 1157/1157 1165/1165 1164/1164
f 1182/1182 1180/1180 1167/1167
f 1158/1158 1178/1178 1163/1163
f 1163/1163 1165/1165 1157/1157
f 1168/1168 1167/1167 1161/1161
f 1174/1174 1181/1181 1176/1176
f 1162/1162 1181/1181 1159/1159
f 1170/1170 1173/1173 1169/1169
f 1160/1160 1170/1170 1152/1152
f 1152/1152 1169/1169 1145/1145
f 1170/1170 1169/1169 1152/1152
f 1171/1171 1149/1149 1170/1170
f 1154/1154 1170/1170 1149/1149
f 1153/1153 1170/1170 1160/1160
f 1151/1151 1149/1149 1171/1171
f 1151/1151 1171/1171 1150/1150
f 1174/1174 1146/1146 1172/1172
f 1201/1201 1172/1172 1146/1146
f 1142/1142 1182/1182 1156/1156
f 1161/1161 1159/1159 1168/1168
f 1146/1146 1174/1174 1144/1144
f 1176/1176 1144/1144 1174/1174
f 1170/1170 1148/1148 1173/1173
f 1148/1148 1155/1155 1173/1173
f 1166/1166 1165/1165 1175/1175
f 1154/1154 1147/1147 1170/1170
f 1170/1170 1153/1153 1171/1171
f 1150/1150 1171/1171 1153/1153
f 1176/1176 1169/1169 1173/1173
f 1181/1181 1168/1168 1159/1159
f 1176/1176 1155/1155 1144/1144
f 1181/1181 1162/1162 1169/1169
f 1145/1145 1169/1169 1162/1162
f 1176/1176 1173/1173 1155/1155
f 1148/1148 1170/1170 1147/1147
f 1143/1143 1156/1156 1172/1172
f 1141/1141 1164/1164 1139/1139
f 1139/1139 1165/1165 1166/1166
f 1178/1178 1158/1158 1177/1177
f 1167/1167 1177/1177 1161/1161
f 1177/1177 1167/1167 1178/1178
f 1178/1178 1180/1180 1175/1175
f 1175/1175 1165/1165 1178/1178
f 1142/1142 1179/1179 1180/1180
f 1175/1175 1180/1180 1179/1179
f 1179/1179 1140/1140 1175/1175
f 1178/1178 1165/1165 1163/1163
f 1180/1180 1178/1178 1167/1167
f 1182/1182 1142/1142 1180/1180
f 1182/1182 1172/1172 1156/1156
f 1184/1184 1413/1413 1192/1192
f 1164/1164 1193/1193 1183/1183
f 1183/1183 1157/1157 1164/1164
f 1196/1196 1197/1197 1185/1185
f 1196/1196 1158/1158 1163/1163
f 1183/1183 1163/1163 1157/1157
f 1177/1177 1200/1200 1161/1161
f 1186/1186 1161/1161 1200/1200
f 1198/1198 1194/1194 1186/1186
f 1198/1198 1414/1414 1195/1195
f 1194/1194 1162/1162 1159/1159
f 1187/1187 1160/1160 1152/1152
f 1187/1187 1152/1152 1145/1145
f 1190/1190 1187/1187 1145/1145
f 1415/1415 1188/1188 1187/1187
f 1187/1187 1416/1416 1415/1415
f 1188/1188 1153/1153 1160/1160
f 1415/1415 1151/1151 1188/1188
f 1188/1188 1151/1151 1150/1150
f 1417/1417 1191/1191 1189/1189
f 1199/1199 1197/1197 1418/1418
f 1159/1159 1161/1161 1186/1186
f 1200/1200 1198/1198 1186/1186
f 1191/1191 1419/1419 1420/1420
f 1421/1421 1187/1187 1190/1190
f 1422/1422 1421/1421 1190/1190
f 1183/1183 1184/1184 1192/1192
f 1421/1421 1416/1416 1187/1187
f 1160/1160 1187/1187 1188/1188
f 1188/1188 1150/1150 1153/1153
f 1194/1194 1195/1195 1190/1190
f 1186/1186 1194/1194 1159/1159
f 1162/1162 1194/1194 1190/1190
f 1190/1190 1145/1145 1162/1162
f 1422/1422 1195/1195 1414/1414
f 1418/1418 1423/1423 1189/1189
f 1164/1164 1141/1141 1193/1193
f 1183/1183 1193/1193 1184/1184
f 1158/1158 1185/1185 1177/1177
f 1185/1185 1158/1158 1196/1196
f 1197/1197 1196/1196 1192/1192
f 1183/1183 1192/1192 1196/1196
f 1192/1192 1424/1424 1197/1197
f 1413/1413 1425/1425 1192/1192
f 1183/1183 1196/1196 1163/1163
f 1199/1199 1200/1200 1185/1185
f 1189/1189 1191/1191 1200/1200
f 1197/1197 1199/1199 1185/1185
f 1191/1191 1198/1198 1200/1200
f 1195/1195 1194/1194 1198/1198
f 1189/1189 1200/1200 1199/1199
f 1189/1189 1199/1199 1418/1418
f 1422/1422 1190/1190 1195/1195
f 1198/1198 1191/1191 1420/1420
f 1198/1198 1420/1420 1414/1414
f 1192/1192 1425/1425 1424/1424
f 1177/1177 1185/1185 1200/1200
f 1176/1176 1181/1181 1169/1169
f 1201/1201 1143/1143 1172/1172
f 1189/1189 1423/1423 1417/1417
f 1417/1417 1419/1419 1191/1191
f 1197/1197 1424/1424 1418/1418
f 1167/1167 1168/1168 1182/1182
f 1172/1172 1182/1182 1168/1168
f 1172/1172 1168/1168 1174/1174
f 1181/1181 1174/1174 1168/1168
f 1426/1426 1202/1202 1325/1325
f 392/392 1325/1325 1202/1202
f 1412/1412 1203/1203 1426/1426
f 1202/1202 1426/1426 1203/1203
f 1412/1412 1138/1138 1203/1203
f 1205/1205 1021/1021 1373/1373
f 1021/1021 1205/1205 1206/1206
f 1373/1373 1204/1204 1205/1205
f 1204/1204 1373/1373 1427/1427
f 1206/1206 1378/1378 1021/1021
f 1378/1378 1206/1206 1428/1428
f 1370/1370 1209/1209 1208/1208
f 1370/1370 1208/1208 1018/1018
f 1210/1210 1207/1207 1368/1368
f 1210/1210 1014/1014 1018/1018
f 1210/1210 1018/1018 1208/1208
f 1210/1210 1368/1368 1014/1014
f 358/358 1211/1211 1212/1212
f 1258/1258 1212/1212 1429/1429
f 606/606 1212/1212 1258/1258
f 358/358 1212/1212 606/606
f 1211/1211 358/358 1213/1213
f 1213/1213 1369/1369 1430/1430
f 1213/1213 1015/1015 1369/1369
f 1213/1213 358/358 1015/1015
