# MOD converted: m331.mod
# 1857 verts, 2387 faces

v 397.503754 -23.931473 0.001437
v 434.228943 -29.041485 3.809017
v 392.113922 -20.359604 3.950396
v 407.605103 -25.529688 24.956024
v 423.172821 -8.725673 21.043253
v 428.950562 -21.074736 25.816294
v 426.212830 -2.440573 3.014411
v 389.982605 -18.012951 3.253566
v 419.035156 -24.248737 2.540724
v 408.448486 -29.995724 21.340481
v 434.228943 -20.651367 15.827195
v 434.157318 -25.573153 3.028232
v 413.192078 -25.788776 24.104214
v 428.514252 -15.739030 8.382378
v 424.908936 -25.256374 3.896944
v 394.954559 -20.643032 0.001431
v 401.609558 -26.057964 9.567130
v 394.332092 -17.970102 22.463068
v 410.868958 -8.767477 10.408123
v 407.493073 -23.061947 19.112133
v 403.251312 -7.011546 9.755155
v 400.878967 -20.521744 15.649858
v 401.639038 -17.627831 14.656881
v 399.088135 -5.554574 16.732803
v 407.894592 -19.993420 20.364347
v 408.689453 -15.789278 18.094814
v 401.894836 -15.077868 18.221312
v 404.903625 1.110015 10.049991
v 393.888672 -12.629228 21.744120
v 414.693176 -15.979797 15.698759
v 426.199158 -23.698002 5.868588
v 417.500275 -21.837656 10.767653
v 413.204987 -23.147430 17.230141
v 413.767151 -20.711256 10.299797
v 416.984131 -20.985786 7.729804
v 396.373260 -19.991131 3.462377
v 402.634369 -24.436934 8.866483
v 422.967957 -22.036512 15.263551
v 425.057495 -21.221180 19.374702
v 424.707306 -18.792393 19.385622
v 419.221130 -17.612469 16.468937
v 417.412292 -19.520811 23.514076
v 416.317108 -8.595586 23.300053
v 413.776733 -0.195799 14.873667
v 397.870941 -14.120235 8.598128
v 434.222168 -27.734180 8.658207
v 428.253326 -27.393627 15.473992
v 428.609039 -24.834431 1.607200
v 402.010345 -25.554813 2.747104
v 400.125000 -23.666344 4.344060
v 400.267181 -23.098415 3.745452
v 400.706512 -23.928082 5.787384
v 400.476776 -21.964008 3.474787
v 398.497040 -23.161461 3.522998
v 399.475739 -23.664858 1.780077
v 403.525574 -25.451496 2.296248
v 406.804169 -27.164501 5.653165
v 398.550232 -21.700569 1.746376
v 400.724884 -25.096813 0.001421
v 400.535248 -25.451782 3.006274
v 397.096039 -22.052197 1.680290
v 398.987915 -24.398409 1.449780
v 400.130585 -24.078419 0.001433
v 418.968597 -26.850298 0.001431
v 398.865204 -24.623020 0.001421
v 409.500671 -31.502781 0.001431
v 396.678040 -22.412731 20.253426
v 425.975647 -20.799250 21.986763
v 423.939270 -16.178823 8.321234
v 397.009247 -2.069594 12.110148
v 401.777039 4.277697 8.543227
v 448.092896 -25.645815 23.264698
v 416.309265 4.029162 24.324839
v 420.123199 -1.520760 27.416868
v 421.186127 6.553709 25.102238
v 428.089783 -11.661807 0.001435
v 394.498413 -21.372303 0.001437
v 400.017456 -24.419086 0.001421
v 427.589355 -28.644400 0.001427
v 405.773895 -27.121471 0.001436
v 412.938324 -29.018175 -3.806167
v 392.113922 -20.359604 -3.947536
v 407.605103 -25.529688 -24.953161
v 423.172821 -8.725682 -21.040392
v 428.950562 -21.074738 -25.813435
v 426.212830 -2.440578 -3.011550
v 389.982605 -18.012951 -3.250706
v 419.035156 -24.248737 -2.537870
v 408.448486 -29.995724 -21.337620
v 434.228943 -20.651367 -15.824340
v 434.157318 -25.573153 -3.025367
v 413.192078 -25.788776 -24.101349
v 428.514252 -15.739039 -8.379524
v 424.908936 -25.256376 -3.894090
v 394.954559 -20.643030 -9.564269
v 394.332092 -17.970104 -22.460215
v 410.868958 -8.767472 -10.405261
v 407.493073 -23.061951 -19.109274
v 403.251312 -7.011548 -9.752305
v 400.878967 -20.521742 -15.646997
v 401.639038 -17.627832 -14.654026
v 399.088135 -5.554576 -16.729950
v 407.894592 -19.993420 -20.361490
v 408.689453 -15.789280 -18.091955
v 401.894836 -15.077869 -18.218456
v 404.903625 1.110015 -10.047134
v 393.888672 -12.629228 -21.741259
v 414.693176 -15.979799 -15.695894
v 426.199158 -23.698004 -5.865720
v 417.500275 -21.837660 -10.764789
v 413.204987 -23.147434 -17.227283
v 413.767151 -20.711254 -10.296936
v 416.984131 -20.985788 -7.726952
v 396.373260 -19.991129 -3.459527
v 402.634369 -24.436932 -8.863623
v 422.967957 -22.036514 -15.260694
v 425.057495 -21.221182 -19.371847
v 424.707306 -18.792391 -19.382765
v 419.221130 -17.612469 -16.466076
v 417.412292 -19.520817 -23.511217
v 416.317108 -8.595593 -23.297197
v 413.776733 -0.195797 -14.870809
v 397.870941 -14.120237 -8.595274
v 434.222168 -27.734180 -8.655355
v 428.253326 -27.393623 -15.471132
v 428.609039 -24.834429 -1.604326
v 402.010345 -25.554813 -2.744246
v 400.125000 -23.666344 -4.341203
v 400.267181 -23.098417 -3.742595
v 400.706512 -23.928082 -5.784536
v 400.476776 -21.964006 -3.471931
v 398.497040 -23.161461 -3.520139
v 399.475739 -23.664860 -1.777210
v 403.525574 -25.451496 -2.293394
v 406.804169 -27.164505 -5.650303
v 398.550232 -21.700571 -1.743509
v 400.724884 -25.096813 -3.003416
v 397.096039 -22.052197 -1.677441
v 398.987915 -24.398411 -1.446931
v 400.130585 -24.078417 0.001426
v 423.135254 -27.087688 0.001433
v 389.570404 -18.661312 0.001431
v 391.642639 -20.755733 0.001427
v 407.394897 -30.666063 0.001436
v 402.416504 -25.794926 -20.250572
v 425.975647 -20.799248 -21.983896
v 423.939270 -16.178831 -12.107293
v 401.777039 4.277695 -16.179398
v 445.569031 -23.108828 -21.508102
v 441.549103 -19.770248 -8.519135
v 448.092896 -25.645817 -23.261837
v 416.309265 4.029140 -24.321980
v 420.123199 -1.520766 -27.414011
v 421.186127 6.553722 -25.099377
v 428.089783 -11.661811 -25.675312
v 462.301788 -4.024663 32.079124
v 469.885071 0.820906 1.302687
v 516.730103 12.559935 -8.986759
v 508.515564 4.787962 -11.943641
v 500.410034 6.087753 -28.280962
v 478.686218 1.512903 -30.107294
v 452.984039 0.678730 -3.968157
v 498.476715 -3.061433 4.546838
v 498.251556 -2.881927 -7.209474
v 504.527191 -1.045448 1.026485
v 510.795166 1.909166 -1.063489
v 487.740173 -9.341041 -17.478853
v 468.619568 -8.193765 -11.868708
v 494.984741 4.493993 -24.049248
v 488.060181 1.823836 -8.387603
v 471.359924 -9.160506 -11.728086
v 493.716980 -4.266232 -8.965248
v 508.519592 18.734705 -11.466963
v 500.328705 18.971859 -35.204094
v 446.013824 36.501072 9.214768
v 507.117004 12.233162 -0.109282
v 487.197327 38.777496 14.179935
v 497.622498 11.746798 -1.214556
v 497.260742 27.261845 -1.642821
v 512.214966 23.850002 -28.756874
v 463.348480 34.055126 6.661897
v 499.202393 24.495495 -7.544090
v 506.766846 24.827536 2.659031
v 509.363770 24.206928 14.441098
v 473.574982 51.212765 13.718333
v 488.380463 36.185005 30.189501
v 467.977051 37.578129 -0.043549
v 472.756195 53.456600 -14.442214
v 472.917023 50.237984 26.140833
v 479.345734 11.967009 6.231601
v 513.269775 12.309742 -11.623180
v 494.188049 20.516541 -20.845840
v 487.245026 25.437588 -4.184352
v 515.942871 12.503429 20.933231
v 492.663239 24.824379 -13.540781
v 487.296387 31.966043 34.895309
v 471.151733 11.697722 -9.098662
v 508.534546 12.503436 -11.606709
v 500.343262 12.503437 -37.146675
v 465.027527 12.671112 -32.003227
v 468.843201 12.748169 -11.768169
v 494.202423 12.503438 -25.614325
v 487.680206 12.848528 -3.371680
v 515.942871 12.503437 -38.551811
v 449.074554 24.913202 -16.548100
v 462.868988 49.150730 19.172535
v 442.294159 49.359997 0.284290
v 441.785065 53.788109 -19.283754
v 441.443176 49.205929 14.672285
v 495.166443 24.758865 23.323280
v 477.321472 1.742197 27.905277
v 479.286835 24.817720 -27.975536
v 469.740509 0.970795 -10.940795
v 480.380951 -8.833367 -30.365875
v 478.247345 12.300273 -28.048508
v 474.810486 34.570236 17.339882
v 468.797913 -8.523947 13.151378
v 484.661774 -8.130316 22.163948
v 493.756287 10.820295 23.315649
v 475.409058 43.055660 18.649376
v 464.146881 47.614159 35.982716
v 470.492615 24.527430 8.390462
v 471.359924 -9.160503 17.127846
v 472.600342 -5.042212 8.818747
v 492.883240 -1.295635 19.221336
v 491.647064 -1.231167 40.599506
v 455.311676 24.927610 19.711729
v 452.305786 50.781807 0.033284
v 452.517151 55.709225 -18.810343
v 452.549927 51.027592 -33.674320
v 457.029144 36.842438 -0.175972
v 463.043274 51.660194 37.069939
v 459.527802 3.025846 40.578503
v 458.290527 10.525830 34.873405
v 453.641663 39.211315 -40.166737
v 453.657349 11.549924 -32.501205
v 435.960693 18.917900 -32.003201
v 435.006897 9.238643 -26.544325
v 434.169403 29.622873 33.554298
v 441.850708 37.412720 -0.058286
v 431.607117 41.384041 -15.244299
v 432.745697 39.432301 31.156158
v 444.386230 4.870610 31.907330
v 436.012634 18.646879 40.697166
v 444.088135 23.383257 -8.318377
v 397.009247 -2.069596 -9.928190
v 406.279663 12.428670 -17.894604
v 410.028900 7.746383 -24.067072
v 434.777435 -15.450138 -27.817207
v 421.419159 22.629341 -23.882967
v 421.194427 29.855434 -13.346205
v 421.394257 35.383266 -19.592747
v 461.523010 -24.656929 -25.438778
v 456.981354 -22.344538 0.022917
v 462.382935 -24.335110 -8.882686
v 412.658142 29.861464 0.001428
v 412.214905 30.855059 -16.859476
v 412.471344 24.740791 -19.020288
v 411.778656 18.295906 -12.708920
v 380.950348 8.626742 -22.640245
v 415.724823 3.452435 -9.179511
v 454.980164 -30.154751 -19.445810
v 452.028107 -27.899689 -26.278215
v 448.763245 -23.213648 -30.293114
v 444.359680 -17.603930 -30.605654
v 436.033081 -11.576120 -31.332098
v 441.151917 -2.629397 -17.170395
v 465.843170 -16.254520 -8.203974
v 467.980408 -18.206388 -29.458742
v 449.967987 -6.982917 -24.376730
v 460.607788 -12.588096 -31.794096
v 443.901917 4.470745 -8.702607
v 464.149567 -24.852213 -29.150831
v 422.411224 13.437546 -26.889500
v 421.182312 6.881931 -36.897247
v 279.152191 -2.534305 -31.558186
v 277.269989 -18.080788 0.001427
v 282.795502 27.395224 -18.300774
v 275.964050 -26.933762 -13.755470
v 359.301941 28.338688 -27.141058
v 359.959076 26.526333 -41.232952
v 355.089539 23.305933 -12.223162
v 322.788574 16.562769 -37.125576
v 354.149078 -2.264736 -44.464901
v 357.709656 0.811430 -12.485393
v 344.091919 29.306896 -19.708323
v 358.754303 -22.267073 -32.486794
v 348.278839 -23.492802 -8.145158
v 346.878510 -33.544174 -48.394466
v 359.924683 5.107333 -48.137646
v 360.249451 18.955206 -22.064299
v 349.617554 -32.349293 -40.471855
v 327.031647 4.894305 -36.304996
v 342.522034 -1.057899 -33.937981
v 341.414795 3.385876 -58.770447
v 306.427765 21.412174 -51.520981
v 303.407593 18.168310 -40.191978
v 326.768768 18.052490 -49.252300
v 330.293152 22.979160 -51.145359
v 303.325134 6.469843 -66.213547
v 309.300598 6.923789 -57.421509
v 333.911926 18.603806 -57.064083
v 333.795319 5.739792 -66.533936
v 309.437805 18.086349 -49.181034
v 330.700348 0.600879 -58.886211
v 306.429474 3.018220 -52.388451
v 347.898926 18.997604 -42.367210
v 343.421967 24.592302 -33.118378
v 340.938934 16.659473 -29.414682
v 338.643097 3.302041 -42.780857
v 345.278534 -1.669787 -51.806549
v 349.623932 4.672336 -32.134567
v 350.463837 26.710045 -26.834007
v 350.440765 26.736443 -26.302721
v 339.491669 17.388628 -32.007950
v 338.272034 -13.359398 -25.066626
v 322.375488 8.736455 -27.773602
v 322.234100 -3.210892 -13.327491
v 321.908569 -24.571545 -14.249002
v 324.692383 -25.491785 -22.640936
v 325.343475 -21.012033 -24.055239
v 322.207123 -17.240578 -8.124936
v 338.035461 -37.328766 -15.535602
v 327.209076 -31.463377 -16.799801
v 332.568604 -36.699699 -8.100159
v 329.858246 -34.204338 -24.579077
v 327.251770 -27.749853 -28.457056
v 329.298004 -17.677954 -33.933510
v 338.975372 -22.914022 -26.577843
v 328.500031 -11.862366 -28.110764
v 348.539276 -30.513927 -29.331167
v 339.859894 -32.132175 -14.556105
v 340.270294 -38.267647 -26.155396
v 334.238708 -32.995373 -25.710794
v 354.774445 -25.154564 -30.367477
v 331.079498 -24.507555 -4.900688
v 327.433594 -28.961939 -30.562571
v 339.963165 -6.267697 -32.327847
v 343.530548 -4.208483 -24.457630
v 339.511932 21.003122 -31.502699
v 350.067657 -13.285795 -37.386044
v 332.680664 17.733789 -37.628471
v 332.850250 5.742633 -33.973465
v 348.981506 -4.182495 -31.374262
v 350.665314 -8.246534 -27.676512
v 298.170563 -3.174348 -23.979364
v 296.491089 -16.535505 -22.457239
v 299.686401 8.724891 -12.236700
v 300.465271 14.833675 -12.832116
v 295.504120 -24.351576 0.001432
v 295.016449 -28.148182 -23.563797
v 373.929016 2.464198 -7.384175
v 378.449921 1.618150 -8.949496
v 368.966827 -8.669393 -22.663445
v 378.543793 14.590384 -21.895723
v 374.583954 23.768055 -13.347007
v 377.462097 24.360046 -11.431941
v 385.046875 17.460381 -31.393793
v 370.906433 1.708466 -24.448252
v 368.225372 -4.888134 -31.998819
v 376.750031 13.239552 -31.369438
v 371.274139 22.727430 -40.909687
v 366.437378 3.115337 -44.911392
v 369.025085 12.263724 -39.979530
v 366.072662 21.877663 -36.356514
v 363.823029 -2.196329 -31.155666
v 360.611023 -5.035433 -28.448771
v 358.052856 -16.972404 -8.190428
v 357.834839 -24.340378 -39.544907
v 374.148834 12.290507 -34.832283
v 279.912964 12.787776 -18.472870
v 282.540955 25.452084 -49.124165
v 239.547379 -3.003475 -40.791626
v 237.876480 -22.992897 -23.578510
v 237.198273 -31.106359 -44.942108
v 241.479080 22.997961 -26.386892
v 242.831177 38.901890 -62.032379
v 161.071259 -2.329334 -47.126350
v 161.069778 -21.076384 -55.327942
v 161.181229 24.073126 -32.435802
v 161.209793 46.471436 -22.980774
v 256.562256 -29.318903 -37.699692
v 257.495117 -20.203400 -44.241295
v 259.238159 -3.174249 -40.461163
v 261.015839 19.953733 -22.889139
v 262.857574 33.356571 0.001428
v 263.303223 37.768410 -60.173897
v 190.982239 -2.673018 -46.522896
v 190.982101 -21.686943 -52.295856
v 190.733383 26.427689 -30.900627
v 191.036057 45.099255 -17.400188
v 190.981812 -32.879036 -54.401825
v 215.846954 -2.844860 -43.742905
v 215.846817 -21.992216 -48.573162
v 215.848068 24.971365 -28.771378
v 215.722473 41.725552 0.001428
v 215.846542 -35.140129 -21.015900
v 176.024704 -27.051357 -30.311913
v 190.981857 -26.070171 -37.876522
v 215.846832 -25.470091 -22.724274
v 215.846619 -34.115913 -11.390262
v 176.007797 -31.825163 0.001428
v 161.068802 -31.551991 -24.844158
v 309.034973 -3.187264 -20.214581
v 309.100037 8.533716 -11.037177
v 309.291992 14.278894 -12.196684
v 308.847473 -24.496674 -21.602673
v 309.009125 -17.024834 0.001427
v 421.218842 36.277515 0.001428
v 190.981781 -35.183495 0.001428
v 215.462173 48.159317 -25.393845
v 421.120300 -7.720972 -23.549665
v 414.263763 -11.287362 -27.172052
v 412.552399 4.379116 -18.586119
v 400.256836 -17.004757 -25.568415
v 406.583679 3.261292 -31.443472
v 421.936646 -2.336699 -19.936024
v 397.114563 -5.633447 -29.942972
v 413.728119 -4.469079 -19.878992
v 407.639923 -18.678011 -24.143049
v 412.508240 -8.126656 -26.000362
v 402.338623 -8.109645 -28.569710
v 406.206543 -4.647581 -21.867153
v 412.502960 -16.017328 -30.123377
v 432.061554 2.634375 -31.840008
v 430.243591 -2.757122 -29.350622
v 421.182312 5.108923 -24.835920
v 415.698700 -6.116992 -19.090067
v 396.841858 -11.327615 -24.100225
v 402.197662 -11.305201 -23.758543
v 403.557251 -13.566151 -24.787004
v 407.230347 -14.378404 -23.546707
v 400.756134 0.514414 -27.548223
v 403.641876 -5.852381 -24.860348
v 406.516785 -9.467826 -28.663307
v 409.401764 -7.015414 -26.873474
v 410.072723 -11.789526 -30.180452
v 429.392853 -8.665159 -28.732590
v 421.349304 -5.379718 -27.649132
v 414.615936 -5.479315 9.931046
v 406.279663 12.428670 17.897461
v 410.028900 7.746384 16.211525
v 445.569031 -23.108828 24.069937
v 434.777435 -15.450129 21.510963
v 441.549103 -19.770248 27.820065
v 421.419159 22.629339 23.885824
v 421.194427 29.855433 13.349062
v 421.394257 35.383266 19.595619
v 461.523010 -24.656919 25.441641
v 456.981354 -22.344536 8.885541
v 412.658142 29.861464 16.862335
v 412.471344 24.740789 19.023146
v 411.778656 18.295900 12.602169
v 381.546661 7.957746 30.680254
v 435.404236 10.002098 0.016188
v 452.695862 -28.872400 9.182378
v 454.980164 -30.154751 19.448668
v 452.028107 -27.899689 26.281075
v 448.763245 -23.213646 30.295971
v 444.359680 -17.603935 30.608509
v 436.033081 -11.576122 26.404446
v 433.781616 29.691494 15.218181
v 432.415100 39.433666 25.579102
v 462.943481 -4.347657 31.838324
v 440.726349 -2.545792 17.173256
v 465.843170 -16.254517 8.206835
v 467.980408 -18.206385 30.022091
v 449.652100 -6.801595 25.576803
v 459.916443 -12.255642 8.705462
v 464.149567 -24.852211 29.153690
v 422.411224 13.437539 36.900101
v 279.152191 -2.534320 31.561045
v 277.269989 -18.080784 18.303635
v 275.964050 -26.933758 13.758326
v 359.301941 28.338684 27.143913
v 359.959076 26.526339 41.235809
v 355.089569 23.305931 12.226016
v 322.788574 16.562769 37.128433
v 354.149078 -2.264736 44.467751
v 357.709656 0.811429 12.488247
v 344.091888 29.306894 18.216129
v 358.754272 -22.081425 32.489658
v 348.278809 -23.492794 8.148010
v 346.878510 -33.544178 48.397316
v 359.924683 5.107334 48.140495
v 360.249451 18.955204 22.067162
v 349.617523 -32.349293 40.474709
v 327.031616 4.894308 36.307850
v 342.522003 -1.057897 33.940834
v 341.414795 3.385875 58.773300
v 306.427765 21.412172 51.523834
v 303.407593 18.168308 40.194836
v 326.768768 18.052486 49.255142
v 330.293152 22.979160 51.148216
v 303.325134 6.469847 66.216400
v 309.300598 6.923786 57.424362
v 333.911957 18.603802 57.066933
v 333.795319 5.739792 66.536789
v 309.437805 18.086349 49.183884
v 330.700348 0.600879 58.889061
v 306.429474 3.018219 52.391296
v 347.898926 18.997606 42.370064
v 343.421967 24.592302 33.121235
v 340.938904 16.659472 29.417540
v 338.643066 3.302048 42.783710
v 345.278473 -1.669792 51.809395
v 349.623932 4.672333 32.137421
v 350.463806 26.710047 26.836863
v 350.440765 26.736443 26.305576
v 339.491669 17.388632 32.010799
v 338.272034 -13.359400 25.069483
v 322.375488 8.736457 27.776457
v 322.234100 -3.210886 13.330358
v 321.908539 -24.571541 14.251861
v 324.692352 -25.491783 22.643793
v 325.343475 -21.012032 24.058092
v 322.207123 -17.240582 8.127794
v 338.035461 -37.328762 15.538465
v 327.209045 -31.463369 16.802650
v 332.568604 -36.699703 8.103025
v 329.858215 -34.204334 24.581944
v 327.251740 -27.749851 28.459911
v 329.298004 -17.677956 33.936359
v 338.975372 -22.914026 26.580704
v 328.500000 -11.862364 28.113617
v 348.539276 -30.513927 29.334028
v 339.859894 -32.132164 14.558959
v 340.270294 -38.267647 26.158264
v 334.238678 -32.995365 25.713648
v 354.774445 -25.154562 30.370329
v 331.079498 -24.507559 4.903545
v 327.433563 -28.961939 30.565430
v 339.963165 -6.267696 32.330704
v 343.530548 -4.208489 24.460487
v 339.511932 21.003120 31.505564
v 350.067657 -13.285791 37.388893
v 332.680603 17.733788 37.631325
v 332.850220 5.742634 33.976322
v 348.981506 -4.182494 31.377123
v 350.665283 -8.246538 0.001427
v 300.601379 15.922864 27.679369
v 298.170563 -3.174357 23.982224
v 296.491089 -16.535501 22.460098
v 299.686401 8.724889 12.239552
v 300.465271 14.833675 12.834978
v 295.504120 -24.351572 23.566658
v 373.929016 2.464199 7.387033
v 378.449921 1.618151 8.952356
v 368.966827 -8.669391 22.666302
v 378.543762 14.590384 21.898577
v 374.583923 23.768053 13.349862
v 377.462097 24.360039 11.434794
v 385.046844 17.460379 31.396654
v 370.906403 1.708466 24.451105
v 368.225372 -4.888135 32.001678
v 376.750031 13.239552 31.372301
v 371.274139 22.727430 40.912537
v 366.437378 3.115337 44.914249
v 369.025085 12.263719 39.982376
v 366.072662 21.877661 36.359371
v 363.823029 -2.196328 31.158525
v 360.611023 -5.035432 28.451632
v 358.052856 -16.972397 8.193284
v 357.834839 -24.340378 39.547760
v 374.148834 12.290512 34.835136
v 279.912964 12.787771 18.475727
v 282.540955 25.452084 0.001423
v 275.498230 -30.492077 49.127018
v 239.547363 -3.003475 40.794479
v 237.876465 -22.992893 23.581367
v 237.198273 -31.106358 44.944958
v 241.479080 22.997961 26.389750
v 242.831192 38.901897 0.001428
v 236.887421 -34.824982 62.035233
v 161.071259 -2.329334 47.129200
v 161.069763 -21.076385 0.001428
v 161.070374 53.831650 55.330791
v 161.181213 24.073126 32.438656
v 161.209793 46.471439 22.983631
v 256.562256 -29.318901 37.702545
v 257.495117 -20.203405 44.244156
v 259.238129 -3.174250 40.464016
v 261.015839 19.953730 22.891993
v 262.857544 33.356583 60.176750
v 190.982239 -2.673018 46.525742
v 190.982086 -21.686939 0.001428
v 190.951050 50.902229 52.298706
v 190.733383 26.427681 30.903486
v 191.036057 45.099247 17.403046
v 190.981812 -32.879036 54.404678
v 215.846954 -2.844860 43.745754
v 215.846817 -21.992214 48.576008
v 215.848068 24.971357 28.774231
v 215.722473 41.725555 21.018751
v 176.024704 -27.051359 30.314768
v 190.981857 -26.070171 37.879372
v 215.846817 -25.470078 22.727131
v 215.846619 -34.115894 11.393117
v 176.007797 -31.825169 0.001428
v 176.068542 -33.799080 0.001427
v 343.761414 26.859646 0.001424
v 335.423676 -33.234913 0.001424
v 346.036896 -32.040211 0.001429
v 328.520142 -28.938791 0.001427
v 378.883209 25.195848 24.847015
v 309.034973 -3.187258 20.217436
v 309.100037 8.533716 11.040033
v 309.291992 14.278893 12.199539
v 308.847473 -24.496674 21.605534
v 309.009094 -17.024828 0.001427
v 308.774506 -28.260349 0.001427
v 309.320038 14.367115 0.001429
v 392.939362 -5.939079 0.001428
v 405.801727 18.016029 0.001424
v 445.925201 -27.037388 -0.049742
v 473.441345 -9.524162 0.001429
v 468.589569 -18.370785 0.001426
v 368.302277 -9.802091 0.001427
v 256.230072 -32.564877 0.001428
v 359.268250 28.367867 0.001428
v 322.860382 15.641554 0.001438
v 321.791779 -28.095793 0.047459
v 385.907837 23.029041 0.001431
v 375.993866 -2.543857 0.001425
v 355.925720 -26.720928 0.001428
v 243.267883 44.201294 29.580570
v 453.316772 0.577636 24.815739
v 421.120270 -7.675242 23.552519
v 414.263763 -11.287366 27.725603
v 412.867676 4.227746 18.588982
v 400.256836 -17.004751 25.837254
v 406.583679 3.199891 31.671009
v 421.938690 -2.318112 20.318003
v 397.577026 -4.653511 29.822071
v 413.624725 -4.922545 19.881847
v 407.639923 -18.678011 23.652908
v 412.508240 -8.130950 26.089685
v 401.774750 -8.022680 28.572571
v 406.206543 -4.647575 21.870010
v 412.502960 -16.017328 30.100721
v 431.857666 2.254766 31.842867
v 430.243591 -2.757117 28.977888
v 422.467987 5.030675 24.203445
v 415.311401 -6.680856 19.294624
v 396.959290 -10.653638 24.257364
v 401.193207 -11.149806 23.563444
v 402.463165 -14.070977 24.038731
v 407.806946 -15.687904 23.538055
v 400.409790 0.518405 27.551085
v 403.641876 -5.852375 24.863207
v 406.516785 -9.467820 28.853930
v 409.501099 -6.893033 26.474451
v 411.174988 -12.388421 30.183313
v 429.392853 -8.665152 28.735447
v 421.349304 -5.379713 27.589525
v 414.646851 -5.301241 0.001428
v 239.900436 0.608988 3.696832
v 239.551331 0.744070 24.296293
v 253.217651 26.034489 25.140432
v 244.517822 22.137249 7.084917
v 252.342667 28.258320 38.313828
v 251.168488 -0.942133 30.593018
v 248.890396 -15.127708 35.051243
v 211.062500 -15.779522 42.562828
v 211.283661 0.207003 19.473866
v 255.114944 -20.064610 6.768987
v 236.621506 -16.517473 21.296183
v 246.684845 -21.080536 5.866464
v 243.370560 -16.603146 9.440543
v 242.667542 21.209866 26.349239
v 209.436447 20.230175 36.003136
v 210.825226 14.410941 3.301140
v 234.583023 0.769808 6.892405
v 209.022247 -16.311153 21.179848
v 210.019012 -21.089193 9.878898
v 166.193604 -9.964199 20.836123
v 166.238586 -15.913090 3.725301
v 208.801300 1.186780 9.511203
v 208.852966 20.312595 5.970930
v 162.950836 4.998416 27.501051
v 163.706787 15.225977 31.743849
v 166.334641 -9.414151 35.252399
v 163.315582 4.509007 12.806351
v 163.437851 15.531540 33.936443
v 152.291412 6.360574 27.045673
v 155.067947 16.572084 10.012076
v 156.487427 -8.644645 20.909798
v 156.066406 -15.155334 31.043726
v 156.717255 -8.199053 8.021368
v 152.106537 6.420845 13.281909
v 155.334625 16.727316 38.697880
v 119.886169 9.439623 29.925751
v 121.346588 22.317114 20.803780
v 145.872055 -10.623801 11.816384
v 147.840927 -5.362947 29.962572
v 147.724106 -4.884972 5.636078
v 119.909180 8.440118 10.210070
v 117.090851 -4.182653 12.330921
v 121.592499 21.424759 33.577065
v 117.250771 -3.948702 21.316158
v 116.311447 -8.261927 39.639324
v 249.715485 16.042809 32.318172
v 267.925659 -0.561784 32.333984
v 261.699890 -7.205516 37.364845
v 262.373108 7.661842 20.763981
v 286.639709 6.583574 11.048241
v 286.758148 11.592690 34.467602
v 269.710632 13.673995 26.214006
v 267.996979 -12.953339 21.190554
v 268.069519 27.087803 18.911327
v 277.952606 23.529831 18.140715
v 263.486084 -23.157930 22.229721
v 286.099670 -2.908966 20.352734
v 283.643005 -12.182945 0.001427
v 286.442810 12.656427 11.913389
v 279.809387 -18.498070 82.818146
v 249.662811 20.770792 89.296448
v 252.082733 17.848421 86.930649
v 239.510162 22.686903 98.716362
v 227.076614 23.505695 92.041252
v 223.903442 23.543829 76.925987
v 233.895950 -0.520109 82.215401
v 249.519287 5.689703 77.062439
v 247.270477 9.690228 81.256378
v 236.102615 20.560226 81.007080
v 234.636993 12.812231 79.684868
v 229.365784 3.279306 86.563728
v 217.266525 -3.017908 80.506973
v 224.284119 -0.128684 85.658195
v 224.300323 -2.183416 83.014694
v 216.873734 -1.276863 86.990807
v 229.464081 -0.822565 85.463684
v 229.585052 6.346420 77.683548
v 224.902298 -3.747555 81.436462
v 215.218063 -4.405853 92.994270
v 223.276657 13.028864 92.590828
v 223.553207 7.209278 88.680504
v 251.918762 7.911039 84.796967
v 237.614777 -0.212661 98.410332
v 228.167480 1.195790 84.802773
v 216.057007 -6.117887 82.486458
v 225.305847 -5.956078 100.893227
v 227.544678 13.173218 100.423233
v 227.512390 18.644234 91.384293
v 224.275497 1.044260 100.454079
v 227.857239 7.352558 77.570007
v 247.408432 17.673590 92.754509
v 223.665344 18.596832 96.776802
v 215.343842 1.771242 102.210411
v 217.864594 1.699114 103.493042
v 217.316757 6.474833 101.256790
v 207.087296 2.203061 105.381500
v 206.474396 2.105638 106.388420
v 205.738922 6.262795 102.286682
v 206.377289 6.374194 97.969574
v 214.810562 6.527155 98.673973
v 213.603012 8.066248 104.348450
v 216.212234 7.844347 104.643028
v 215.905106 12.824871 103.558632
v 204.462708 8.402753 107.683563
v 203.852142 8.292029 108.073677
v 203.174179 12.501512 103.979431
v 203.807541 12.752748 99.121025
v 213.402237 12.799604 98.302696
v 214.276901 13.643049 103.877563
v 216.753983 13.492322 103.491066
v 217.235992 18.016756 102.332283
v 205.365646 13.827351 106.403557
v 204.868393 13.713321 105.750023
v 205.396637 17.420372 101.705109
v 206.050949 17.663303 97.803734
v 214.958359 17.998466 96.704155
v 216.511078 19.370695 102.671913
v 218.122437 19.347067 101.818222
v 218.553665 23.166080 98.862000
v 210.439651 19.524876 102.919968
v 209.046921 19.610807 102.082664
v 209.630829 22.734360 98.199730
v 211.053299 22.791065 95.897202
v 217.137878 23.209488 60.259502
v 302.924774 23.034727 61.779648
v 299.007263 22.771425 53.170433
v 295.490295 18.610569 53.326843
v 295.474274 6.182649 72.058304
v 302.379608 18.466072 71.694511
v 301.895020 6.759214 61.701977
v 298.943115 2.449527 70.947502
v 276.995422 22.113998 63.007149
v 273.470734 18.497015 62.806591
v 273.335144 5.845390 79.200500
v 279.512085 6.511048 79.877106
v 279.720612 18.821886 70.994598
v 276.425354 1.837644 58.690361
v 306.633820 21.745697 50.072136
v 303.200684 18.376301 49.681984
v 303.115021 6.225101 68.737411
v 309.617828 6.696609 69.070198
v 309.760376 18.291164 58.810604
v 306.635559 2.639898 52.682346
v 319.729401 23.932228 46.835152
v 309.836548 19.780449 46.419151
v 309.573547 4.807743 62.701942
v 333.227997 5.388740 63.027596
v 333.532837 19.675547 52.820908
v 319.781921 0.390059 0.001426
v 242.484253 -16.168142 0.001428
v 242.753418 15.201238 0.001429
v 253.870483 26.387722 0.001425
v 255.928696 -22.676922 -3.693978
v 239.551361 0.744107 -24.293434
v 253.217651 26.034491 -25.137577
v 244.517822 22.137249 -7.082064
v 252.342667 28.258320 -38.310974
v 251.168457 -0.942129 -30.590164
v 248.890427 -15.127710 -35.048393
v 211.062531 -15.779520 -42.559975
v 211.283661 0.206987 -19.471008
v 255.114944 -20.064613 -6.766132
v 236.621506 -16.517475 -21.293331
v 246.684845 -21.080534 -5.863608
v 243.370560 -16.603144 -9.437687
v 242.667526 21.209867 -26.346382
v 209.436432 20.230181 -36.000290
v 210.825226 14.410940 -3.298284
v 234.583008 0.769788 -6.889547
v 209.022247 -16.311148 -21.177000
v 210.019012 -21.089195 -9.876042
v 166.193604 -9.964198 -20.833267
v 166.238586 -15.913090 -3.722445
v 208.801300 1.186709 -9.508342
v 208.852966 20.312595 -5.968074
v 162.950836 4.998415 -27.498192
v 163.706818 15.225977 -31.740995
v 166.334641 -9.414148 -35.249542
v 163.315582 4.509009 -12.803494
v 163.437851 15.531541 -33.933590
v 152.291412 6.360574 -27.042814
v 155.067947 16.572086 -10.009221
v 156.487427 -8.644645 -20.906940
v 156.066406 -15.155334 -31.040871
v 156.717255 -8.199049 -8.018515
v 152.106537 6.420845 -13.279054
v 155.334625 16.727318 -38.695026
v 119.886169 9.439623 -29.922895
v 121.346596 22.317112 -20.800924
v 145.872040 -10.623801 -11.813530
v 147.840927 -5.362944 -29.959717
v 147.724106 -4.884972 -5.633223
v 119.909187 8.440117 -10.207215
v 117.090851 -4.182656 -12.328065
v 121.592499 21.424759 -33.574211
v 117.250763 -3.948702 -21.313299
v 116.311447 -8.261928 -39.636471
v 249.715515 16.042807 -32.315315
v 267.925659 -0.561834 -32.331123
v 261.699890 -7.205518 -37.361992
v 262.373108 7.661841 0.001428
v 261.450226 -24.986515 -20.761124
v 286.639709 6.583573 -11.045384
v 286.758148 11.592690 -36.445999
v 269.710602 13.673995 -26.211155
v 267.996979 -12.953339 0.001427
v 277.612549 25.699900 0.001430
v 267.514130 29.391890 -21.187695
v 268.069519 27.087809 -18.908463
v 277.952576 23.529829 0.001430
v 278.589966 -20.788633 -18.137859
v 263.486084 -23.157934 -22.226864
v 286.099670 -2.908967 -20.349874
v 283.643005 -12.182949 -11.910531
v 279.809387 -18.498072 -82.815292
v 249.662811 20.770796 -89.293587
v 252.082733 17.848421 -86.927795
v 239.510162 22.686909 -98.713516
v 227.076599 23.505697 -92.038399
v 223.903442 23.543831 -76.923134
v 233.895950 -0.520109 -82.212555
v 249.519257 5.689704 -77.059586
v 247.270477 9.690225 -81.253517
v 236.102615 20.560226 -81.004227
v 234.636993 12.812266 -79.682022
v 229.365784 3.279302 -86.560875
v 217.266525 -3.017953 -80.504120
v 224.284119 -0.128685 -85.655342
v 224.300323 -2.183421 -83.011841
v 216.873734 -1.276863 -86.987953
v 229.464081 -0.822564 -85.460831
v 229.585052 6.346420 -77.680695
v 224.902298 -3.747556 -81.433609
v 215.218063 -4.405853 -92.991417
v 223.276657 13.028632 -92.587982
v 223.553207 7.209276 -88.677650
v 251.918762 7.911039 -84.794113
v 237.614792 -0.212661 -98.407478
v 228.167480 1.195789 -84.799919
v 216.057007 -6.117887 -82.483604
v 225.305847 -5.956078 -100.890381
v 227.544662 13.173216 -100.420380
v 227.512375 18.644234 -91.381439
v 224.275497 1.044260 -100.451225
v 227.857239 7.352559 -77.567154
v 247.408463 17.673590 -92.751656
v 223.665359 18.596832 -96.773949
v 215.343826 1.771242 -102.207565
v 217.864594 1.699114 -103.490189
v 217.316757 6.474833 -101.253937
v 207.087296 2.203061 -105.378647
v 206.474396 2.105635 -106.385567
v 205.738922 6.262794 -102.283829
v 206.377289 6.374194 -97.966721
v 214.810562 6.527154 -98.671120
v 213.603012 8.066247 -104.345596
v 216.212234 7.844347 -104.640175
v 215.905106 12.824872 -103.555779
v 204.462708 8.402753 -107.680710
v 203.852142 8.292028 -108.070824
v 203.174179 12.501512 -103.976578
v 203.807541 12.752748 -99.118172
v 213.402237 12.799604 -98.299843
v 214.276901 13.643049 -103.874710
v 216.753983 13.492322 -103.488213
v 217.235992 18.016758 -102.329430
v 205.365646 13.827351 -106.400703
v 204.868393 13.713321 -105.747169
v 205.396637 17.420372 -101.702255
v 206.050949 17.663303 -97.800880
v 214.958359 17.998468 -96.701309
v 216.511078 19.370695 -102.669060
v 218.122437 19.347067 -101.815376
v 218.553665 23.166080 -98.859146
v 210.439651 19.524878 -102.917114
v 209.046921 19.610809 -102.079811
v 209.630844 22.734362 -98.196877
v 211.053284 22.791067 -95.894363
v 217.137878 23.209492 -60.256649
v 302.924774 23.034729 -61.776806
v 299.007263 22.771431 -53.167580
v 295.490295 18.610567 -53.323997
v 295.474274 6.182646 -72.055443
v 302.379608 18.466074 -71.691658
v 301.895020 6.759215 -61.699127
v 298.943115 2.449527 -70.944641
v 276.995422 22.113998 -63.004292
v 273.470734 18.497015 -62.803738
v 273.335144 5.845389 -79.197647
v 279.512085 6.511051 -79.874260
v 279.720612 18.821888 -70.991737
v 276.425354 1.837645 -58.687508
v 306.633820 21.745697 -50.069283
v 303.200684 18.376301 -49.679138
v 303.115021 6.225101 -68.734558
v 309.617828 6.696612 -69.067345
v 309.760345 18.291164 -58.807758
v 306.635559 2.639898 -52.679504
v 319.729431 23.932224 -46.832306
v 309.836578 19.780451 -46.416298
v 309.573547 4.807740 -62.699081
v 333.227997 5.388740 -63.024738
v 333.532837 19.675550 -52.818062
v 319.781921 0.390059 8.048400
v 470.415436 -14.717177 5.650471
v 472.541870 -11.067596 -0.049742
v 473.441406 -9.524162 -5.713124
v 472.587036 -10.991005 -8.022150
v 470.479279 -14.608855 -5.624216
v 468.352875 -18.258434 0.075990
v 467.453369 -19.801868 5.739378
v 468.307709 -18.335033 5.806357
v 471.776764 -15.494152 4.077497
v 473.309875 -12.862870 -0.032252
v 473.958405 -11.750090 -4.115440
v 473.342407 -12.807649 -5.780201
v 471.822784 -15.416049 -4.051334
v 470.289673 -18.047329 0.058413
v 469.641174 -19.160114 4.141601
v 470.257141 -18.102551 0.013006
v 473.777466 -16.613407 50.570717
v 335.853790 35.431599 35.054123
v 303.516602 45.674576 100.026138
v 284.295990 57.059601 135.841064
v 286.640961 53.570766 112.219910
v 312.274048 45.076790 136.930267
v 321.874573 37.578186 157.014526
v 293.546265 41.985100 80.083305
v 260.635101 66.131706 39.916088
v 278.675629 53.067551 124.507431
v 251.860565 66.170967 172.536728
v 260.369751 51.288582 167.889099
v 229.028427 52.519669 177.080811
v 233.650208 48.422829 99.923599
v 230.751434 64.344864 131.539658
v 220.963898 63.664719 177.945221
v 204.051346 45.644196 93.393921
v 185.472488 61.066814 97.116287
v 248.243530 66.464020 152.298248
v 252.868668 60.891132 168.666275
v 198.140350 49.419716 34.184181
v 266.695648 57.211975 151.078735
v 224.425201 57.568985 161.530228
v 212.693787 53.244724 26.672907
v 331.497986 37.703918 128.780457
v 315.228302 43.655472 174.504486
v 177.730667 45.374260 16.653803
v 351.074097 27.405508 12.952355
v 345.453552 28.227890 30.812092
v 302.755157 47.775757 13.514720
v 298.338623 48.411278 45.461456
v 230.054321 59.953278 26.766136
v 224.153900 60.469402 68.774094
v 98.234261 77.733627 59.489189
v 153.725510 71.144211 54.060246
v 186.813965 66.539322 49.104439
v 147.675110 70.527771 38.219112
v 181.737000 66.198486 -49.933754
v 336.562256 35.484718 -35.060036
v 303.516602 45.674576 -100.032059
v 284.295990 57.059586 -135.846954
v 286.640961 53.570755 -111.000961
v 310.839600 45.076775 -136.936188
v 321.874573 37.578182 -157.020432
v 293.546295 41.985092 -80.089218
v 260.635101 66.131699 -39.922001
v 278.675629 53.067539 -124.513351
v 251.860565 66.170944 -172.542633
v 260.369781 51.288563 -167.895020
v 229.028427 52.519638 -177.086731
v 233.650223 48.422806 -99.929520
v 230.751404 64.344826 -131.545563
v 220.963867 63.664711 -177.595520
v 204.464188 45.659885 -93.399841
v 185.472473 61.066860 -97.122208
v 248.243530 66.463974 -152.304138
v 252.868683 60.891113 -167.554276
v 198.140381 49.282425 -34.190105
v 266.695679 57.211983 -151.084656
v 224.425201 57.568962 -161.536118
v 212.693787 53.244698 -26.678833
v 331.497986 37.703911 -128.786377
v 315.228302 43.655479 -174.510376
v 177.730667 45.374237 -17.665812
v 351.671509 27.570942 -12.963532
v 345.195862 28.245655 -30.818008
v 302.755157 47.775764 -13.520624
v 298.338623 48.411266 -46.081329
v 230.625580 60.213146 -27.386009
v 224.725143 60.729267 -68.780014
v 98.234253 77.733620 -59.440578
v 153.732208 71.144203 -54.066166
v 186.813965 66.539314 -49.055840
v 147.681808 70.527809 -38.225025
v 181.737000 66.198502 33.725327
v 341.888062 -7.705300 57.983860
v 375.175842 2.261801 31.929567
v 348.824158 -12.423860 32.134350
v 357.807098 -14.228619 34.232254
v 368.594971 -14.637079 43.084747
v 369.105774 -9.005136 40.907505
v 379.557190 -5.819987 57.944843
v 360.962402 2.679246 43.149803
v 359.191193 -11.271994 44.463631
v 343.886139 -8.254390 52.202099
v 348.515533 -4.943820 36.950222
v 374.808411 -11.127344 54.961742
v 366.555603 -2.693819 51.941467
v 372.690735 -3.484323 46.393581
v 370.801544 -6.730142 51.609245
v 361.649475 -7.029666 56.047092
v 354.030151 -0.901212 -32.829300
v 342.180542 -8.302126 -57.087845
v 375.468292 1.664981 -31.033546
v 349.116608 -13.020690 -31.238314
v 358.099579 -14.825447 -33.336224
v 368.887451 -15.233909 -42.188728
v 369.398254 -9.601961 -40.011482
v 379.849670 -6.416814 -57.048813
v 361.254883 2.082419 -42.253780
v 359.483673 -11.868823 -43.567616
v 344.178619 -8.851222 -51.306084
v 348.808014 -5.540646 -36.054199
v 375.100891 -11.724173 -54.065716
v 366.848083 -3.290646 -51.045448
v 372.983215 -4.081155 -45.497566
v 371.094025 -7.326968 -50.713215
v 361.941925 -7.626498 -55.151081
v 354.322632 -1.498037 10.020983
v 52.664337 8.147475 12.131675
v 52.668800 -2.444948 30.673372
v 52.672272 -1.452146 32.470249
v 52.675507 9.070128 22.310524
v 52.671051 -6.978344 26.045317
v 52.671539 18.292698 15.215105
v 52.666809 17.780886 22.524755
v 33.242432 -16.347221 32.983849
v 34.400253 -9.142083 12.297975
v 33.449234 -8.950377 34.444717
v 39.188324 9.132333 27.335293
v 42.530060 19.981354 14.421002
v 42.426971 19.530649 9.431055
v 37.915543 9.006895 18.925259
v -0.046357 -48.183834 28.275948
v -0.046417 -47.413860 19.790804
v 5.694717 -49.915707 38.169537
v 11.055298 -27.134914 23.125067
v 13.147277 -38.508568 27.056192
v 5.359360 -49.089798 22.496767
v 20.728912 -28.098639 39.164051
v -0.046688 -25.156258 24.984821
v -0.044678 11.088734 25.105618
v 7.582203 16.245525 30.325342
v 16.696671 9.042184 34.315029
v -0.046387 -12.748864 32.138775
v 12.590836 -2.824331 36.101517
v 21.674635 -6.810717 14.888287
v 22.144852 19.939369 28.322491
v 21.818100 20.640778 19.250319
v 7.414429 15.640154 9.864822
v 9.795609 -28.255955 7.990670
v -0.046824 -25.912321 8.543149
v 21.965576 -6.782439 10.510322
v -0.046200 -12.178789 19.482262
v -0.044651 10.711119 14.768372
v 16.807327 9.137292 14.502848
v 12.588589 -2.485466 24.599888
v -0.044586 14.768854 19.994402
v -0.044586 14.391863 29.134453
v 30.706985 22.287571 13.640110
v 30.893311 21.596840 35.146629
v 27.738129 9.094367 8.851886
v 27.450060 9.552614 41.872719
v 143.817322 8.637754 30.007368
v 137.459946 24.721968 2.896853
v 123.788788 7.374004 9.533425
v 128.363190 -8.585967 9.723970
v 128.697876 23.791510 36.031555
v 139.847290 -8.290164 22.619703
v 133.822021 -13.743713 -10.018126
v 52.664337 8.147473 -12.128822
v 52.668800 -2.444949 -30.670519
v 52.672272 -1.452144 -32.467396
v 52.675507 9.070128 -22.307665
v 52.671051 -6.978344 -26.042459
v 52.671539 18.292700 -15.212250
v 52.666809 17.780886 -22.521900
v 33.242432 -16.347221 -32.980995
v 34.400253 -9.142082 -12.295118
v 33.449234 -8.950377 -34.441864
v 39.188324 9.132334 -27.332438
v 42.530060 19.981358 -14.418145
v 42.426971 19.530649 -9.428198
v 37.915543 9.006895 -18.922401
v -0.046356 -48.183834 -28.273090
v -0.046419 -47.413860 -19.787947
v 5.694717 -49.915707 -38.166683
v 11.055297 -27.134914 -23.122202
v 13.147279 -38.508568 -27.053337
v 5.359359 -49.089790 -22.493916
v 20.728912 -28.098642 -39.161201
v -0.046696 -25.156250 -24.981968
v -0.044682 11.088736 -25.102762
v 7.582201 16.245535 -30.322487
v 16.696672 9.042186 -34.312183
v -0.046387 -12.748863 -32.135921
v 12.590836 -2.824329 -36.098656
v 21.674635 -6.810715 -14.885432
v 22.144848 19.939373 -28.319633
v 21.818096 20.640781 -19.247461
v 7.414433 15.640156 -9.861967
v 9.795610 -28.255955 -7.987813
v -0.046807 -25.912355 -8.540292
v 21.965574 -6.782441 -10.507466
v -0.046204 -12.178787 -19.479404
v -0.044647 10.711124 -14.765517
v 16.807325 9.137295 -14.499993
v 12.588593 -2.485464 -24.597033
v -0.044590 14.768856 -19.991545
v -0.044586 14.391869 -29.131598
v 30.706987 22.287571 -13.637252
v 30.893311 21.596846 -35.143780
v 27.738131 9.094370 -8.849030
v 27.450058 9.552616 -41.869865
v 143.817322 8.637752 -30.004511
v 137.459946 24.721968 -2.893997
v 123.788788 7.374004 -9.530568
v 128.363190 -8.585968 -9.721113
v 128.697876 23.791508 -36.028698
v 139.847290 -8.290161 -22.616854
v 133.822021 -13.743714 33.725349
v 341.888031 22.899691 57.983891
v 375.175781 12.932535 31.929592
v 348.824097 27.618254 32.134373
v 357.807068 29.423012 34.232269
v 368.594940 29.831472 43.084774
v 369.105743 24.199524 40.907528
v 379.557159 21.014378 57.944874
v 360.962341 12.515223 43.149822
v 359.191162 26.466389 43.804855
v 342.893341 25.575697 52.202126
v 348.515503 20.138212 36.950249
v 374.808380 26.321735 54.961769
v 366.555542 17.888218 51.941498
v 372.690704 18.678715 46.393620
v 370.801483 21.924532 51.609268
v 361.649414 22.224060 56.047123
v 354.030121 16.095604 -32.829288
v 342.180511 23.496513 -57.087814
v 375.468262 13.529417 -31.033527
v 349.116577 28.215076 -31.238306
v 358.099548 30.019838 -33.336201
v 368.887421 30.428295 -42.188698
v 369.398224 24.796349 -40.011452
v 379.849640 21.611200 -57.048798
v 361.254852 13.111980 -42.253761
v 359.483643 27.063210 -42.848824
v 343.864685 25.768339 -51.306061
v 348.807983 20.735033 -36.054180
v 375.100861 26.918560 -54.065685
v 366.848053 18.485037 -51.045425
v 372.983185 19.275543 -45.497540
v 371.093994 22.521353 -50.713200
v 361.941895 22.820881 -55.151058
v 354.322601 16.692425 -24.612146
v 420.181030 -0.947955 -31.840015
v 430.243591 -2.757124 28.052904
v 407.159821 8.953938 49.817986
v 445.278442 29.647558 28.091507
v 415.102478 3.172653 29.058083
v 425.389099 1.330940 31.466869
v 437.742554 1.764374 38.582748
v 438.327484 11.445311 38.721558
v 450.030243 12.111817 48.032330
v 430.427155 29.467091 40.665356
v 425.972656 9.469254 47.898293
v 409.054291 26.583542 39.101753
v 412.418671 12.569021 42.958824
v 417.423645 18.133188 33.745209
v 444.857697 6.644704 34.834476
v 406.029510 14.540496 47.603626
v 435.841736 22.700377 45.749214
v 442.432709 21.009365 45.456226
v 414.191681 21.561630 44.044720
v 410.560822 18.910713 40.524582
v 406.365845 18.654882 41.172073
v 440.269348 15.245187 44.510929
v 430.968811 16.700058 44.183525
v 422.062683 23.574606 -28.050053
v 407.159821 8.953930 -49.815136
v 445.278442 29.647572 -28.088659
v 415.102478 3.172648 -29.055229
v 425.389099 1.330940 -31.464014
v 437.742554 1.764373 -38.939342
v 438.180176 11.095182 -39.680305
v 449.512665 12.056984 -48.029484
v 430.427155 29.467091 -40.662495
v 425.972656 9.469252 -47.895447
v 409.054260 26.583534 -39.098896
v 412.418640 12.569023 -42.955971
v 417.423645 18.133186 -34.324066
v 444.515442 5.818817 -34.831619
v 406.029510 14.540493 -47.600777
v 435.841705 22.700377 -45.746357
v 442.432709 21.009365 -45.453369
v 414.191681 21.561626 -44.041866
v 410.560822 18.910702 -40.521729
v 406.365845 18.654879 -41.714622
v 440.217041 15.117207 -44.508072
v 430.968811 16.700058 -44.180679
v 422.062683 23.574604 0.001437
v 400.017456 -24.419086 0.001427
v 407.394897 -30.666063 0.001427
v 405.773895 -27.121471 0.001426
v 423.135254 -27.087688 0.001433
v 418.968597 -26.850298 0.001421
v 409.500671 -31.502781 0.001421
v 427.589355 -28.644400 0.001436
v 402.416504 -25.794926 0.001437
v 434.228943 -29.041485 0.001436
v 412.938324 -29.018175 0.001437
v 400.017456 -24.419086 0.001430
v 397.503754 -23.931473 0.001431
v 391.642639 -20.755733 0.001433
v 389.570404 -18.661312 0.001435
v 394.498413 -21.372303 0.001431
v 398.865204 -24.623020 0.001424
v 445.925201 -27.037388 0.001429
v 392.939362 -5.939079 0.001431
v 401.609558 -26.057964 0.001431
v 396.678040 -22.412731 0.001437
v 400.017456 -24.419086 0.001421
v 400.535248 -25.451782 -32.003227
v 468.843201 12.748169 -37.146675
v 465.027527 12.671112 -9.098662
v 508.534546 12.503436 -11.606709
v 500.343262 12.503437 -40.166737
v 453.657349 11.549924 -11.768169
v 494.202423 12.503438 -30.365875
v 478.247345 12.300273 -25.614325
v 487.680206 12.848528 -3.371680
v 515.942871 12.503437 -32.003201
v 435.006897 9.238643 -8.318377
v 397.009247 -2.069596 -12.107293
v 401.777039 4.277695 -9.928190
v 406.279663 12.428670 0.001429
v 392.939362 -5.939079 -26.544325
v 434.169403 29.622873 -17.894604
v 410.028900 7.746383 0.001428
v 405.801727 18.016029 -9.928190
v 406.279663 12.428670 -26.889500
v 421.182312 6.881931 -32.003201
v 435.006897 9.238643 -30.123377
v 432.061554 2.634375 -8.519135
v 448.092896 -25.645817 0.001424
v 445.925201 -27.037388 -16.179398
v 445.569031 -23.108828 -21.508102
v 441.549103 -19.770248 -24.067072
v 434.777435 -15.450138 -25.099377
v 428.089783 -11.661811 -15.244299
v 432.745697 39.432301 -0.058286
v 431.607117 41.384041 -31.332098
v 441.151917 -2.629397 -31.794096
v 443.901917 4.470745 -30.107294
v 452.984039 0.678730 -29.458742
v 449.967987 -6.982917 -25.675312
v 462.301788 -4.024663 -24.376730
v 460.607788 -12.588096 -17.170395
v 465.843170 -16.254520 -17.478853
v 468.619568 -8.193765 -8.203974
v 467.980408 -18.206388 -0.049742
v 473.441345 -9.524162 -8.387603
v 471.359924 -9.160506 0.001429
v 468.589569 -18.370785 -29.150831
v 422.411224 13.437546 -32.003201
v 435.006897 9.238643 -32.501205
v 435.960693 18.917900 -40.471855
v 327.031647 4.894305 -51.145359
v 303.325134 6.469843 -26.834007
v 350.440765 26.736443 -26.302721
v 339.491669 17.388628 -29.414682
v 338.643097 3.302041 -29.414682
v 338.643097 3.302041 -33.937981
v 341.414795 3.385876 -37.628471
v 332.850250 5.742633 -32.327847
v 343.530548 -4.208483 -27.141058
v 359.959076 26.526333 -31.374262
v 350.665314 -8.246534 -23.563797
v 373.929016 2.464198 -22.663445
v 378.543793 14.590384 -21.895723
v 374.583954 23.768055 -28.448771
v 358.052856 -16.972404 -31.502699
v 350.067657 -13.285795 -24.448252
v 368.225372 -4.888134 8.321234
v 397.009247 -2.069594 12.110148
v 401.777039 4.277697 9.931046
v 406.279663 12.428670 0.001429
v 392.939362 -5.939079 0.001431
v 375.993866 -2.543857 0.001428
v 405.801727 18.016029 0.047459
v 385.907837 23.029041 26.404446
v 433.781616 29.691494 0.022917
v 462.382935 -24.335110 0.001429
v 468.589569 -18.370785 0.001427
v 421.218842 36.277515 0.001428
v 412.214905 30.855059 17.897461
v 410.028900 7.746384 23.264698
v 416.309265 4.029162 0.001428
v 405.801727 18.016029 9.931046
v 406.279663 12.428670 27.416868
v 421.186127 6.553709 30.100721
v 431.857666 2.254766 30.680254
v 435.404236 10.002098 0.016188
v 452.695862 -28.872400 8.543227
v 448.092896 -25.645815 0.001424
v 445.925201 -27.037388 16.211525
v 445.569031 -23.108828 21.510963
v 441.549103 -19.770248 24.069937
v 434.777435 -15.450129 25.102238
v 428.089783 -11.661807 15.218181
v 432.415100 39.433666 -0.058286
v 431.607117 41.384041 31.838324
v 440.726349 -2.545792 29.580570
v 453.316772 0.577636 31.156158
v 444.386230 4.870610 30.022091
v 449.652100 -6.801595 25.579102
v 462.943481 -4.347657 25.576803
v 459.916443 -12.255642 17.173256
v 465.843170 -16.254517 17.339882
v 468.797913 -8.523947 8.206835
v 467.980408 -18.206385 -0.049742
v 473.441345 -9.524162 0.001429
v 468.589569 -18.370785 8.390462
v 471.359924 -9.160503 29.153690
v 422.411224 13.437539 30.680254
v 435.404236 10.002098 31.907330
v 436.012634 18.646879 0.001427
v 343.761414 26.859646 0.001428
v 359.268250 28.367867 0.001428
v 322.860382 15.641554 0.001425
v 355.925720 -26.720928 0.001424
v 346.036896 -32.040211 40.474709
v 327.031616 4.894308 51.148216
v 303.325134 6.469847 26.836863
v 350.440765 26.736443 26.305576
v 339.491669 17.388632 29.417540
v 338.643066 3.302048 29.417540
v 338.643066 3.302048 33.940834
v 341.414795 3.385875 37.631325
v 332.850220 5.742634 0.001438
v 321.791779 -28.095793 0.001424
v 335.423676 -33.234913 32.330704
v 343.530548 -4.208489 27.143913
v 359.959076 26.526339 0.001429
v 328.520142 -28.938791 31.377123
v 350.665283 -8.246538 0.001427
v 308.774506 -28.260349 0.001427
v 309.320038 14.367115 0.001427
v 300.601379 15.922864 0.001427
v 282.795502 27.395224 0.001423
v 275.498230 -30.492077 0.001432
v 295.016449 -28.148182 23.566658
v 373.929016 2.464199 22.666302
v 378.543762 14.590384 21.898577
v 374.583923 23.768053 28.451632
v 358.052856 -16.972397 31.505564
v 350.067657 -13.285791 0.001427
v 378.883209 25.195848 24.451105
v 368.225372 -4.888135 0.001426
v 368.302277 -9.802091 0.001427
v 256.230072 -32.564877 0.001428
v 236.887421 -34.824982 0.001428
v 215.846542 -35.140129 0.001428
v 243.267883 44.201294 0.001428
v 215.462173 48.159317 0.001428
v 263.303223 37.768410 0.001428
v 176.068542 -33.799080 0.001428
v 161.068802 -31.551991 0.001428
v 190.951050 50.902229 0.001428
v 161.070374 53.831650 0.001428
v 190.981781 -35.183495 3.696832
v 239.551331 0.744070 3.725301
v 208.801300 1.186780 5.970930
v 162.950836 4.998416 8.021368
v 152.106537 6.420845 5.636078
v 119.909180 8.440118 0.001428
v 239.900436 0.608988 3.301140
v 234.583023 0.769808 77.062439
v 247.270477 9.690228 76.925987
v 233.895950 -0.520109 86.990807
v 229.464081 -0.822565 81.436462
v 215.218063 -4.405853 77.683548
v 224.902298 -3.747555 85.658195
v 224.300323 -2.183416 86.563728
v 217.266525 -3.017908 81.436462
v 215.218063 -4.405853 83.014694
v 216.873734 -1.276863 91.384293
v 224.275497 1.044260 101.256790
v 207.087296 2.203061 96.776802
v 215.343842 1.771242 101.256790
v 207.087296 2.203061 102.286682
v 206.377289 6.374194 102.286682
v 206.377289 6.374194 103.493042
v 217.316757 6.474833 97.969574
v 214.810562 6.527155 106.388420
v 205.738922 6.262795 92.590828
v 223.553207 7.209278 100.454079
v 227.857239 7.352558 104.348450
v 216.212234 7.844347 107.683563
v 203.852142 8.292029 103.558632
v 204.462708 8.402753 98.673973
v 213.603012 8.066248 103.558632
v 204.462708 8.402753 103.979431
v 203.807541 12.752748 103.979431
v 203.807541 12.752748 104.643028
v 215.905106 12.824871 99.121025
v 213.402237 12.799604 108.073677
v 203.174179 12.501512 92.994270
v 223.276657 13.028864 100.893227
v 227.544678 13.173218 103.877563
v 216.753983 13.492322 106.403557
v 204.868393 13.713321 102.332283
v 205.365646 13.827351 98.302696
v 214.276901 13.643049 102.332283
v 205.365646 13.827351 101.705109
v 206.050949 17.663303 101.705109
v 206.050949 17.663303 103.491066
v 217.235992 18.016756 97.803734
v 214.958359 17.998466 105.750023
v 205.396637 17.420372 92.754509
v 223.665344 18.596832 100.423233
v 227.512390 18.644234 102.671913
v 218.122437 19.347067 102.919968
v 209.046921 19.610807 98.862000
v 210.439651 19.524876 96.704155
v 216.511078 19.370695 98.862000
v 210.439651 19.524876 98.199730
v 211.053299 22.791065 98.199730
v 211.053299 22.791065 95.897202
v 217.137878 23.209488 49.681984
v 303.115021 6.225101 53.326843
v 295.474274 6.182649 62.806591
v 273.335144 5.845390 46.419151
v 309.573547 4.807743 0.001428
v 239.900436 0.608988 0.001428
v 242.753418 15.201238 -3.693978
v 239.551361 0.744107 -3.722445
v 208.801300 1.186709 -5.968074
v 162.950836 4.998415 -8.018515
v 152.106537 6.420845 -5.633223
v 119.909187 8.440117 0.001425
v 255.928696 -22.676922 0.001426
v 242.484253 -16.168142 0.001429
v 253.870483 26.387722 0.001428
v 239.900436 0.608988 -3.298284
v 234.583008 0.769788 0.001430
v 278.589966 -20.788633 0.001428
v 261.450226 -24.986515 0.001430
v 267.514130 29.391890 0.001427
v 277.612549 25.699900 0.001427
v 286.442810 12.656427 -77.059586
v 247.270477 9.690225 -76.923134
v 233.895950 -0.520109 -86.987953
v 229.464081 -0.822564 -77.680695
v 224.902298 -3.747556 -81.433609
v 215.218063 -4.405853 -85.655342
v 224.300323 -2.183421 -86.560875
v 217.266525 -3.017953 -81.433609
v 215.218063 -4.405853 -83.011841
v 216.873734 -1.276863 -91.381439
v 224.275497 1.044260 -101.253937
v 207.087296 2.203061 -96.773949
v 215.343826 1.771242 -101.253937
v 207.087296 2.203061 -102.283829
v 206.377289 6.374194 -102.283829
v 206.377289 6.374194 -97.966721
v 214.810562 6.527154 -103.490189
v 217.316757 6.474833 -106.385567
v 205.738922 6.262794 -92.587982
v 223.553207 7.209276 -100.451225
v 227.857239 7.352559 -104.345596
v 216.212234 7.844347 -107.680710
v 203.852142 8.292028 -103.555779
v 204.462708 8.402753 -98.671120
v 213.603012 8.066247 -103.555779
v 204.462708 8.402753 -103.976578
v 203.807541 12.752748 -103.976578
v 203.807541 12.752748 -99.118172
v 213.402237 12.799604 -104.640175
v 215.905106 12.824872 -108.070824
v 203.174179 12.501512 -92.991417
v 223.276657 13.028632 -100.890381
v 227.544662 13.173216 -103.874710
v 216.753983 13.492322 -106.400703
v 204.868393 13.713321 -102.329430
v 205.365646 13.827351 -98.299843
v 214.276901 13.643049 -102.329430
v 205.365646 13.827351 -101.702255
v 206.050949 17.663303 -101.702255
v 206.050949 17.663303 -97.800880
v 214.958359 17.998468 -103.488213
v 217.235992 18.016758 -105.747169
v 205.396637 17.420372 -92.751656
v 223.665359 18.596832 -100.420380
v 227.512375 18.644234 -102.669060
v 218.122437 19.347067 -102.917114
v 209.046921 19.610809 -98.859146
v 210.439651 19.524878 -96.701309
v 216.511078 19.370695 -98.859146
v 210.439651 19.524878 -98.196877
v 211.053284 22.791067 -98.196877
v 211.053284 22.791067 -95.894363
v 217.137878 23.209492 -49.679138
v 303.115021 6.225101 -53.323997
v 295.474274 6.182646 -62.803738
v 273.335144 5.845389 -46.416298
v 309.573547 4.807740 -0.049742
v 473.441406 -9.524162 8.048400
v 470.415436 -14.717177 5.650471
v 472.541870 -11.067596 0.075990
v 467.453369 -19.801868 5.739378
v 468.307709 -18.335033 -8.022150
v 470.479279 -14.608855 -5.624216
v 468.352875 -18.258434 -5.713124
v 472.587036 -10.991005 30.812092
v 302.755157 47.775757 12.952355
v 345.453552 28.227890 26.672907
v 331.497986 37.703918 -30.818008
v 302.755157 47.775764 -12.963532
v 345.195862 28.245655 -26.678833
v 331.497986 37.703911 28.275948
v -0.046417 -47.413860 39.164051
v -0.046688 -25.156258 18.925259
v -0.046357 -48.183834 7.990670
v -0.046824 -25.912321 34.315029
v -0.046387 -12.748864 10.510322
v -0.046200 -12.178789 32.138775
v 12.590836 -2.824331 24.984821
v -0.044678 11.088734 19.482262
v -0.044651 10.711119 24.599888
v -0.044586 14.768854 19.994402
v -0.044586 14.391863 30.325342
v 16.696671 9.042184 14.768372
v 16.807327 9.137292 14.502848
v 12.588589 -2.485466 -28.273090
v -0.046419 -47.413860 -18.922401
v -0.046356 -48.183834 -39.161201
v -0.046696 -25.156250 -7.987813
v -0.046807 -25.912355 -34.312183
v -0.046387 -12.748863 -10.507466
v -0.046204 -12.178787 -32.135921
v 12.590836 -2.824329 -24.981968
v -0.044682 11.088736 -19.479404
v -0.044647 10.711124 -24.597033
v -0.044590 14.768856 -19.991545
v -0.044586 14.391869 -30.322487
v 16.696672 9.042186 -14.765517
v 16.807325 9.137295 -14.499993
v 12.588593 -2.485464 24.324839
v 420.123199 -1.520760 27.416868
v 421.186127 6.553709 0.006023
v 227.376511 43.126503 -84.105705
v 221.667267 42.562454 -90.879173
v 215.958023 43.126511 -97.652641
v 221.667252 43.690552 -85.990761
v 221.667175 -48.496773 -90.483376
v 226.531219 -47.200260 -94.975990
v 221.667175 -45.903744 -90.483376
v 216.803131 -47.200245 -86.400612
v 227.651520 121.930115 -79.404900
v 221.667328 112.080154 -86.400612
v 215.683151 121.930099 -95.587929
v 221.667328 116.312469 -89.676537
v 221.667145 -71.827988 -98.390999
v 229.438187 -73.004974 -105.827278
v 221.667145 -66.694450 -98.390999
v 213.896103 -73.004959 -92.363319
v 221.667130 -83.909042 -98.828773
v 227.651306 -84.171402 -105.294197
v 221.667130 -84.433762 -98.828743
v 215.682953 -84.171387 -108.129753
v 221.667130 -76.466019 -81.096245
v 221.667068 -133.044342 -87.047859
v 227.651245 -143.446350 -97.458580
v 221.667068 -136.218597 -85.452553
v 221.667053 -150.153259 -87.047859
v 215.682877 -143.446350 -87.937218
v 221.667099 -103.229065 -95.241676
v 227.126450 -105.192924 -102.251472
v 225.348862 -104.984550 -95.241676
v 216.207733 -105.192886 -110.440407
v 221.667053 -128.987671 -106.987312
v 219.033188 -129.230103 -106.987312
v 224.300934 -129.230133 -105.333412
v 221.667099 -99.928276 -102.251457
v 217.985321 -104.984528 -106.527550
v 223.692978 -156.956146 -110.543907
v 221.667007 -161.490616 -106.527550
v 219.640991 -156.956131 -99.190926
v 221.667007 -175.417358 -114.556862
v 221.666992 -171.353516 -111.545891
v 221.666977 -176.891830 -108.768196
v 227.202957 -184.496048 -116.239296
v 221.666962 -184.245895 -108.768196
v 216.130966 -184.496017 -102.451561
v 221.666977 -184.221268 -106.831367
v 224.881927 -226.839462 -110.633141
v 221.666916 -228.028290 -106.831383
v 218.451904 -226.839462 -103.812370
v 221.666931 -224.367798 -70.399055
v 226.388702 -149.112579 -73.015312
v 221.667053 -152.427032 -70.399040
v 216.945404 -149.112579 -57.332253
v 221.667053 -160.070480 -61.282494
v 225.608627 -162.136932 -65.083931
v 221.667053 -163.111847 -61.282494
v 217.725464 -162.136932 -45.546669
v 221.667053 -167.343384 -46.755775
v 224.086502 -169.448593 -48.394325
v 221.667053 -170.787277 -46.755745
v 219.247604 -169.448578 -83.570320
v 223.291336 -122.705879 -91.410835
v 216.280182 -125.693542 -83.311943
v 221.667068 -118.945312 -91.410835
v 227.053940 -125.693542 -99.047218
v 221.667068 -126.398438 -73.374519
v 221.667068 -128.919434 -75.346748
v 223.090866 -130.884735 -75.346748
v 220.243256 -130.884720 -83.570320
v 220.042801 -122.705864 -66.852882
v 221.667068 -140.712296 -70.262016
v 223.210846 -138.856506 -70.262016
v 220.123245 -138.856506 -80.823769
v 221.667343 123.906204 -93.451164
v 221.667343 125.823746 -87.504250
v 221.667343 133.241669 -105.762154
v 214.387833 -173.141632 -105.762138
v 228.946152 -173.141663 -90.127907
v 220.254974 -157.056000 -87.168877
v 224.176971 -159.495651 -88.236687
v 225.589066 -164.687531 -92.263527
v 223.079178 -167.439758 -95.222572
v 219.157181 -165.000107 -94.154762
v 217.745071 -159.808228 -87.686378
v 217.661819 -158.263443 -84.727333
v 221.583817 -160.703094 -85.795143
v 222.995926 -165.894943 -89.821999
v 220.486023 -168.647186 -92.781044
v 216.564026 -166.207550 -91.713219
v 215.151932 -161.015671 -81.536018
v 223.831116 -153.219574 -84.495033
v 219.909119 -150.779922 -80.965965
v 229.862686 -165.020538 -79.898155
v 228.450577 -159.828674 -89.404915
v 226.402054 -174.652573 -85.378059
v 228.911957 -171.900345 -98.413887
v 216.909882 -172.483627 -95.454872
v 220.831863 -174.923279 -98.983925
v 210.878311 -160.682663 -100.051750
v 212.290421 -165.874512 -90.544991
v 214.338943 -151.050629 -94.571846
v 211.829041 -153.802856 -81.994728
v 222.090088 -150.408020 -79.032326
v 230.445358 -162.361969 -87.012550
v 228.725784 -174.805557 -97.955177
v 218.650909 -175.295181 -100.917580
v 210.295639 -163.341217 -92.937355
v 212.015213 -150.897644 -67.442101
v 223.157303 -163.583588 -65.918999
v 225.746460 -166.782639 -61.870476
v 225.133575 -168.360992 -59.345024
v 221.931534 -166.740295 -60.868141
v 219.342392 -163.541245 -64.916664
v 219.955261 -161.962906 -68.533028
v 221.254532 -165.643005 -67.009926
v 223.843689 -168.842041 -62.961388
v 223.230804 -170.420410 -60.435951
v 220.028778 -168.799713 -61.959068
v 217.439621 -165.600662 -66.007607
v 218.052505 -164.022308 -72.157692
v 228.098892 -167.848999 -73.680794
v 225.509735 -164.649948 -63.283974
v 229.197510 -173.564713 -67.332497
v 229.810394 -171.986359 -55.065315
v 222.691666 -171.907364 -57.590736
v 225.893692 -173.528061 -55.720375
v 215.087189 -164.534271 -54.197273
v 217.676346 -167.733353 -64.594093
v 213.988571 -158.818588 -60.545570
v 213.375687 -160.396942 -72.812752
v 220.494415 -160.475937 -70.287315
v 217.292374 -158.855255 -74.236443
v 227.568695 -166.257965 -65.509071
v 230.664307 -173.741241 -55.211647
v 224.688660 -173.674927 -53.641624
v 215.617386 -166.125336 -62.368996
v 212.521759 -158.642059 -72.666405
v 218.497421 -158.708374 -78.590019
v 217.910767 -206.012375 -77.338692
v 230.577072 -217.701096 -67.666847
v 230.869156 -207.659744 -93.776100
v 216.933044 -217.511322 -81.881752
v 207.707993 -192.584030 -91.594444
v 207.348373 -202.580750 -67.336983
v 218.162125 -190.627289 -78.061043
v 209.598206 -190.946640 -65.750221
v 229.372177 -203.629303 -59.628639
v 241.193115 -212.569717 -54.685356
v 236.634659 -201.259064 -99.525734
v 197.036697 -197.620667 -75.539223
v 202.850098 -179.396729 -69.556755
v 233.170380 -205.906311 -79.228615
v 232.878311 -215.947662 -83.008461
v 231.093063 -217.678741 -93.668770
v 222.469940 -217.851730 -91.778862
v 220.168716 -219.605164 -81.118538
v 228.791840 -219.432175 -95.666023
v 219.234283 -215.757889 -95.130211
v 211.255905 -204.709427 -93.240303
v 208.954681 -206.462860 -93.484352
v 209.649612 -200.827316 -83.771675
v 210.009232 -190.830612 -79.950935
v 211.899445 -189.193222 -69.226891
v 220.463364 -188.873856 -67.333870
v 223.530167 -190.858398 -67.640144
v 231.673416 -201.875885 -65.443947
v 221.228928 -192.611847 -72.617516
v 240.629669 -225.830170 -74.520088
v 242.946320 -224.064957 -85.517723
v 237.696365 -229.028503 -83.615150
v 235.379700 -230.793671 -61.531212
v 243.509766 -210.804535 -56.587929
v 238.951309 -199.493896 -104.469017
v 201.595139 -208.931320 -106.371590
v 203.911789 -207.166138 -101.428307
v 199.353333 -195.855484 -86.536873
v 197.600143 -184.360245 -88.439430
v 199.916794 -182.595047 -77.441811
v 205.166748 -177.631531 -78.187752
v 250.550140 -241.423126 -44.594673
v 252.007370 -207.127716 -116.463661
v 188.540787 -201.296173 -82.870598
v 189.998032 -167.000793 -99.785255
v 224.067535 -233.388428 -101.694176
v 226.391891 -231.617386 -109.093925
v 214.403824 -223.859772 -107.185020
v 212.079468 -225.630798 -59.362312
v 214.153992 -176.808304 -61.271217
v 216.478348 -175.037247 -53.871452
v 228.466415 -182.794861 -51.962547
v 226.142059 -184.565918 -118.479500
v 218.627533 -242.956146 -42.578407
v 221.920074 -165.468201 -82.468117
v 222.632904 -202.414337 -85.990761
v 221.667175 -48.496773 -90.483376
v 226.531219 -47.200260 -94.975990
v 221.667175 -45.903744 -90.483376
v 216.803131 -47.200245 -102.251472
v 225.348862 -104.984550 -106.987312
v 224.300934 -129.230133 -106.527550
v 223.692978 -156.956146 -83.570320
v 223.291336 -122.705879 -75.346748
v 223.090866 -130.884735 -70.262016
v 220.123245 -138.856506 -70.262016
v 223.210846 -138.856506 -77.338692
v 230.577072 -217.701096 -67.666847
v 230.869156 -207.659744 -91.778862
v 220.168716 -219.605164 -81.118538
v 228.791840 -219.432175 -93.240303
v 208.954681 -206.462860 -93.776100
v 216.933044 -217.511322 -81.881752
v 207.707993 -192.584030 -91.594444
v 207.348373 -202.580750 -67.336983
v 218.162125 -190.627289 -78.061043
v 209.598206 -190.946640 -65.750221
v 229.372177 -203.629303 -65.443947
v 221.228928 -192.611847 -81.118538
v 228.791840 -219.432175 -91.778862
v 220.168716 -219.605164 -78.061043
v 209.598206 -190.946640 -67.336983
v 218.162125 -190.627289 -65.443947
v 221.228928 -192.611847 -65.750221
v 229.372177 -203.629303 -79.228615
v 232.878311 -215.947662 -83.008461
v 231.093063 -217.678741 -69.556755
v 233.170380 -205.906311 -67.640144
v 231.673416 -201.875885 -95.130211
v 211.255905 -204.709427 -93.484352
v 209.649612 -200.827316 -83.771675
v 210.009232 -190.830612 -79.950935
v 211.899445 -189.193222 -93.668770
v 222.469940 -217.851730 -95.666023
v 219.234283 -215.757889 -69.226891
v 220.463364 -188.873856 -67.333870
v 223.530167 -190.858398 -83.008461
v 231.093063 -217.678741 -93.668770
v 222.469940 -217.851730 -79.950935
v 211.899445 -189.193222 -69.226891
v 220.463364 -188.873856 -67.333870
v 223.530167 -190.858398 -67.640144
v 231.673416 -201.875885 0.919159

vt 0.762101 0.993857
vt 0.928027 0.956548
vt 0.736163 0.955158
vt 0.807738 0.745496
vt 0.878072 0.794002
vt 0.903594 0.699093
vt 0.883710 0.964839
vt 0.718784 0.962007
vt 0.859378 0.969013
vt 0.811548 0.780094
vt 0.928001 0.836441
vt 0.927994 0.964222
vt 0.832979 0.757078
vt 0.902204 0.911936
vt 0.886750 0.955684
vt 0.750584 0.993973
vt 0.780650 0.895573
vt 0.746497 0.744962
vt 0.813617 0.891689
vt 0.807232 0.783202
vt 0.778237 0.898538
vt 0.777301 0.840171
vt 0.780784 0.815184
vt 0.737340 0.829527
vt 0.809046 0.793835
vt 0.812637 0.816141
vt 0.781939 0.732411
vt 0.771226 0.881731
vt 0.726070 0.781297
vt 0.838246 0.839302
vt 0.893153 0.937514
vt 0.852386 0.888156
vt 0.833038 0.824639
vt 0.835578 0.891873
vt 0.850434 0.918649
vt 0.756304 0.958457
vt 0.785823 0.907962
vt 0.875801 0.848379
vt 0.883634 0.803562
vt 0.882427 0.803454
vt 0.860218 0.830979
vt 0.851976 0.735679
vt 0.840136 0.710026
vt 0.819395 0.843728
vt 0.759394 0.909479
vt 0.927992 0.908888
vt 0.901025 0.842382
vt 0.902920 0.978188
vt 0.782461 0.966985
vt 0.773943 0.951289
vt 0.774586 0.957173
vt 0.776571 0.937104
vt 0.775533 0.959833
vt 0.766588 0.959359
vt 0.771010 0.976489
vt 0.789307 0.971416
vt 0.804119 0.938423
vt 0.766829 0.976821
vt 0.776654 0.993972
vt 0.775797 0.964438
vt 0.760259 0.977470
vt 0.768806 0.979736
vt 0.773969 0.993970
vt 0.859077 0.993969
vt 0.768252 0.993970
vt 0.816302 0.993965
vt 0.758370 0.800268
vt 0.893244 0.777870
vt 0.881534 0.862232
vt 0.706731 0.783152
vt 0.716944 0.909245
vt 0.993171 0.678084
vt 0.825455 0.697013
vt 0.852219 0.678249
vt 0.861176 0.729273
vt 0.901075 0.993975
vt 0.748523 0.993973
vt 0.773048 0.993970
vt 0.898025 0.993970
vt 0.799465 0.993968
vt 0.831833 0.956548
vt 0.736163 0.955158
vt 0.807738 0.745496
vt 0.878072 0.794002
vt 0.903594 0.699093
vt 0.883710 0.964839
vt 0.718784 0.962007
vt 0.859378 0.969013
vt 0.811548 0.780094
vt 0.928001 0.836441
vt 0.927994 0.964222
vt 0.832979 0.757078
vt 0.902204 0.911936
vt 0.886750 0.955684
vt 0.750584 0.895573
vt 0.746497 0.744962
vt 0.813617 0.891689
vt 0.807232 0.783202
vt 0.778237 0.898538
vt 0.777301 0.840171
vt 0.780784 0.815184
vt 0.737340 0.829527
vt 0.809046 0.793835
vt 0.812637 0.816141
vt 0.781939 0.732411
vt 0.771226 0.881731
vt 0.726070 0.781297
vt 0.838246 0.839302
vt 0.893153 0.937514
vt 0.852386 0.888156
vt 0.833038 0.824639
vt 0.835578 0.891873
vt 0.850434 0.918649
vt 0.756304 0.958457
vt 0.785823 0.907962
vt 0.875801 0.848379
vt 0.883634 0.803562
vt 0.882427 0.803454
vt 0.860218 0.830979
vt 0.851976 0.735679
vt 0.840136 0.710026
vt 0.819395 0.843728
vt 0.759394 0.909479
vt 0.927992 0.908888
vt 0.901025 0.842382
vt 0.902920 0.978188
vt 0.782461 0.966985
vt 0.773943 0.951289
vt 0.774586 0.957173
vt 0.776571 0.937104
vt 0.775533 0.959833
vt 0.766588 0.959359
vt 0.771010 0.976489
vt 0.789307 0.971416
vt 0.804119 0.938423
vt 0.766829 0.976821
vt 0.776654 0.964438
vt 0.760259 0.977470
vt 0.768806 0.979736
vt 0.773969 0.993970
vt 0.877902 0.993006
vt 0.715748 0.993970
vt 0.734033 0.993970
vt 0.806788 0.993967
vt 0.784296 0.800268
vt 0.893244 0.777870
vt 0.881534 0.783152
vt 0.716944 0.828723
vt 0.982063 0.770327
vt 0.961936 0.909245
vt 0.993171 0.678084
vt 0.825455 0.697013
vt 0.852219 0.678249
vt 0.861176 0.729273
vt 0.901075 0.731053
vt 0.656331 0.475821
vt 0.638148 0.553708
vt 0.728948 0.614686
vt 0.730474 0.642766
vt 0.723770 0.730788
vt 0.688403 0.759706
vt 0.648419 0.617211
vt 0.701394 0.582219
vt 0.692429 0.617326
vt 0.715356 0.578570
vt 0.715096 0.614199
vt 0.676859 0.690327
vt 0.658904 0.657248
vt 0.714379 0.707454
vt 0.699925 0.656158
vt 0.654503 0.652510
vt 0.697259 0.532291
vt 0.757748 0.507181
vt 0.768124 0.271544
vt 0.777465 0.532896
vt 0.711698 0.424674
vt 0.737369 0.519887
vt 0.696875 0.473605
vt 0.743199 0.521729
vt 0.740789 0.334180
vt 0.786217 0.484836
vt 0.722854 0.509894
vt 0.753663 0.510520
vt 0.733332 0.378109
vt 0.708890 0.436006
vt 0.711172 0.389510
vt 0.679970 0.367900
vt 0.729956 0.362074
vt 0.752545 0.478601
vt 0.663560 0.541390
vt 0.719063 0.479842
vt 0.771781 0.432991
vt 0.785226 0.569320
vt 0.740761 0.467824
vt 0.693639 0.430682
vt 0.766766 0.449559
vt 0.650891 0.613944
vt 0.741586 0.651708
vt 0.735508 0.796210
vt 0.675913 0.780774
vt 0.684405 0.674072
vt 0.729478 0.731017
vt 0.714035 0.569320
vt 0.740761 0.277637
vt 0.803857 0.331607
vt 0.755012 0.295856
vt 0.689158 0.276368
vt 0.719853 0.264792
vt 0.749011 0.479664
vt 0.705325 0.507809
vt 0.651086 0.441877
vt 0.675883 0.741871
vt 0.673657 0.660310
vt 0.672128 0.759893
vt 0.699737 0.377910
vt 0.784434 0.552256
vt 0.632636 0.565036
vt 0.659763 0.505302
vt 0.681766 0.398202
vt 0.695696 0.358083
vt 0.700205 0.418229
vt 0.663118 0.586828
vt 0.642345 0.539968
vt 0.640165 0.565257
vt 0.683448 0.535027
vt 0.671154 0.379231
vt 0.649105 0.321019
vt 0.693525 0.304825
vt 0.723030 0.298326
vt 0.751978 0.309138
vt 0.788355 0.339807
vt 0.728935 0.440160
vt 0.628359 0.417847
vt 0.635704 0.350121
vt 0.669046 0.809699
vt 0.656667 0.220294
vt 0.804828 0.210644
vt 0.821512 0.221638
vt 0.779456 0.316778
vt 0.661316 0.226772
vt 0.711735 0.223767
vt 0.748046 0.390571
vt 0.607851 0.319062
vt 0.626715 0.357784
vt 0.633973 0.862232
vt 0.706731 0.703624
vt 0.742133 0.689757
vt 0.777045 0.730417
vt 0.929986 0.221726
vt 0.905020 0.180561
vt 0.913105 0.112580
vt 0.916111 0.599749
vt 0.926456 0.587776
vt 0.911478 0.652838
vt 0.962194 0.098003
vt 0.884026 0.046321
vt 0.878129 0.153200
vt 0.881029 0.185124
vt 0.869455 0.294832
vt 0.531157 0.267651
vt 0.848959 0.652118
vt 0.927214 0.624332
vt 0.906621 0.599215
vt 0.892345 0.577264
vt 0.877807 0.566095
vt 0.854609 0.523216
vt 0.858447 0.573171
vt 0.944596 0.603268
vt 0.963823 0.532293
vt 0.886283 0.548720
vt 0.921102 0.783927
vt 0.633602 0.625004
vt 0.948872 0.268331
vt 0.891753 0.285679
vt 0.872276 0.382720
vt 0.278223 0.453210
vt 0.282544 0.147992
vt 0.299934 0.519624
vt 0.292949 0.209762
vt 0.464998 0.949461
vt 0.082324 0.916917
vt 0.071238 0.228645
vt 0.380981 0.924397
vt 0.029331 0.920858
vt 0.038946 0.203205
vt 0.433216 0.420211
vt 0.477075 0.392782
vt 0.447582 0.505074
vt 0.461213 0.919269
vt 0.045439 0.919686
vt 0.060970 0.453846
vt 0.455064 0.849563
vt 0.019964 0.895177
vt 0.021490 0.867994
vt 0.106085 0.783171
vt 0.068005 0.779617
vt 0.077490 0.845036
vt 0.084160 0.849524
vt 0.071727 0.772916
vt 0.090627 0.785669
vt 0.044454 0.851327
vt 0.059918 0.852814
vt 0.043950 0.784565
vt 0.057767 0.853823
vt 0.032042 0.785796
vt 0.034224 0.888337
vt 0.061101 0.888040
vt 0.075899 0.886378
vt 0.091617 0.878604
vt 0.109642 0.895526
vt 0.030101 0.893934
vt 0.044086 0.918607
vt 0.082899 0.926095
vt 0.087288 0.900415
vt 0.096611 0.371125
vt 0.423129 0.298057
vt 0.380163 0.352415
vt 0.381392 0.479176
vt 0.392022 0.480293
vt 0.398244 0.432793
vt 0.397475 0.417733
vt 0.387917 0.521926
vt 0.440055 0.483960
vt 0.412764 0.487300
vt 0.427356 0.518661
vt 0.420194 0.444096
vt 0.410505 0.399490
vt 0.404673 0.401846
vt 0.430222 0.383566
vt 0.398014 0.423997
vt 0.450583 0.436808
vt 0.435919 0.488118
vt 0.442965 0.446977
vt 0.427261 0.407025
vt 0.464010 0.416153
vt 0.414935 0.527050
vt 0.407719 0.346958
vt 0.421735 0.907373
vt 0.017812 0.260326
vt 0.421286 0.351354
vt 0.449078 0.862033
vt 0.086626 0.864937
vt 0.018013 0.916229
vt 0.022798 0.332654
vt 0.444993 0.366492
vt 0.325509 0.434438
vt 0.329049 0.300221
vt 0.327174 0.242276
vt 0.330982 0.497801
vt 0.336192 0.555544
vt 0.344245 0.321953
vt 0.504767 0.344713
vt 0.537348 0.398641
vt 0.518556 0.277165
vt 0.507537 0.254771
vt 0.495366 0.224955
vt 0.504940 0.240775
vt 0.529203 0.968438
vt 0.040350 0.343472
vt 0.497075 0.973275
vt 0.055894 0.965847
vt 0.068667 0.943022
vt 0.042677 0.941268
vt 0.053836 0.941711
vt 0.066073 0.946372
vt 0.034943 0.950132
vt 0.027661 0.373968
vt 0.469588 0.466260
vt 0.490813 0.956477
vt 0.054319 0.315213
vt 0.275759 0.226402
vt 0.285741 0.412367
vt 0.187816 0.510548
vt 0.194276 0.587800
vt 0.214595 0.296330
vt 0.188336 0.191718
vt 0.196840 0.423969
vt 0.015287 0.531884
vt 0.020358 0.298719
vt 0.015113 0.152756
vt 0.020945 0.545879
vt 0.251249 0.477400
vt 0.237251 0.399649
vt 0.231655 0.303030
vt 0.232967 0.207440
vt 0.240663 0.107259
vt 0.256022 0.421539
vt 0.080063 0.523891
vt 0.086405 0.289197
vt 0.079288 0.164647
vt 0.085426 0.731134
vt 0.141939 0.419083
vt 0.135149 0.515816
vt 0.142859 0.293419
vt 0.133968 0.177432
vt 0.138826 0.729642
vt 0.206750 0.756095
vt 0.108545 0.680577
vt 0.121960 0.584041
vt 0.156706 0.647111
vt 0.178575 0.792549
vt 0.123692 0.867664
vt 0.108554 0.361275
vt 0.351610 0.296060
vt 0.349263 0.240386
vt 0.350052 0.487202
vt 0.364181 0.431417
vt 0.358885 0.034769
vt 0.910652 0.788791
vt 0.160675 0.047648
vt 0.150049 0.591322
vt 0.820794 0.623295
vt 0.814937 0.562032
vt 0.781543 0.671498
vt 0.784167 0.584166
vt 0.773475 0.558048
vt 0.813017 0.638259
vt 0.765609 0.584482
vt 0.799058 0.664293
vt 0.804105 0.612302
vt 0.807712 0.625888
vt 0.781277 0.602356
vt 0.786153 0.645104
vt 0.813602 0.520599
vt 0.829835 0.542043
vt 0.831832 0.535441
vt 0.800215 0.602349
vt 0.810307 0.657100
vt 0.771068 0.640142
vt 0.783023 0.645303
vt 0.788685 0.640501
vt 0.798410 0.604251
vt 0.765906 0.612970
vt 0.782685 0.624161
vt 0.792542 0.605043
vt 0.793761 0.625132
vt 0.801654 0.566043
vt 0.837105 0.575764
vt 0.816364 0.594287
vt 0.804629 0.703624
vt 0.742133 0.689757
vt 0.777045 0.828723
vt 0.982063 0.730417
vt 0.929986 0.770327
vt 0.961936 0.221726
vt 0.905020 0.180561
vt 0.913105 0.112580
vt 0.916111 0.599749
vt 0.926456 0.587776
vt 0.911478 0.098003
vt 0.884026 0.153200
vt 0.881029 0.185124
vt 0.869455 0.296274
vt 0.532720 0.342647
vt 0.609266 0.683226
vt 0.939415 0.652118
vt 0.927214 0.624332
vt 0.906621 0.599215
vt 0.892345 0.577264
vt 0.877807 0.566095
vt 0.854609 0.288569
vt 0.649564 0.255543
vt 0.678016 0.501093
vt 0.621142 0.523216
vt 0.858447 0.573171
vt 0.944596 0.603268
vt 0.963823 0.532293
vt 0.886283 0.548720
vt 0.921102 0.625004
vt 0.948872 0.268331
vt 0.891753 0.382720
vt 0.278223 0.453210
vt 0.282544 0.519624
vt 0.292949 0.209762
vt 0.464998 0.949461
vt 0.082324 0.916917
vt 0.071238 0.228645
vt 0.380981 0.924397
vt 0.029331 0.920858
vt 0.038946 0.203205
vt 0.433216 0.423864
vt 0.479738 0.392782
vt 0.447582 0.505074
vt 0.461213 0.919269
vt 0.045439 0.919686
vt 0.060970 0.453846
vt 0.455064 0.849563
vt 0.019964 0.895177
vt 0.021490 0.867994
vt 0.106085 0.783171
vt 0.068005 0.779617
vt 0.077490 0.845036
vt 0.084160 0.849524
vt 0.071727 0.772916
vt 0.090627 0.785669
vt 0.044454 0.851327
vt 0.059918 0.852814
vt 0.043950 0.784565
vt 0.057767 0.853823
vt 0.032042 0.785796
vt 0.034224 0.888337
vt 0.061101 0.888040
vt 0.075899 0.886378
vt 0.091617 0.878604
vt 0.109642 0.895526
vt 0.030101 0.893934
vt 0.044086 0.918607
vt 0.082899 0.926095
vt 0.087288 0.900415
vt 0.096611 0.371125
vt 0.423129 0.298057
vt 0.380163 0.352415
vt 0.381392 0.479176
vt 0.392022 0.480293
vt 0.398244 0.432793
vt 0.397475 0.417733
vt 0.387917 0.521926
vt 0.440055 0.483960
vt 0.412764 0.487300
vt 0.427356 0.518661
vt 0.420194 0.444096
vt 0.410505 0.399490
vt 0.404673 0.401846
vt 0.430222 0.383566
vt 0.398014 0.423997
vt 0.450583 0.436808
vt 0.435919 0.488118
vt 0.442965 0.446977
vt 0.427261 0.407025
vt 0.464010 0.416153
vt 0.414935 0.527050
vt 0.407719 0.346958
vt 0.421735 0.907373
vt 0.017812 0.260326
vt 0.421286 0.351354
vt 0.449078 0.862033
vt 0.086626 0.864937
vt 0.018013 0.916229
vt 0.022798 0.332654
vt 0.444993 0.187686
vt 0.337353 0.366492
vt 0.325509 0.434438
vt 0.329049 0.300221
vt 0.327174 0.242276
vt 0.330982 0.497801
vt 0.336192 0.321953
vt 0.504767 0.344713
vt 0.537348 0.398641
vt 0.518556 0.277165
vt 0.507537 0.254771
vt 0.495366 0.224955
vt 0.504940 0.240775
vt 0.529203 0.968438
vt 0.040350 0.343472
vt 0.497075 0.973275
vt 0.055894 0.965847
vt 0.068667 0.943022
vt 0.042677 0.941268
vt 0.053836 0.941711
vt 0.066073 0.946372
vt 0.034943 0.950132
vt 0.027661 0.373968
vt 0.469588 0.466260
vt 0.490813 0.956477
vt 0.054319 0.315213
vt 0.275759 0.226402
vt 0.285741 0.595666
vt 0.310445 0.412367
vt 0.187816 0.510548
vt 0.194276 0.587800
vt 0.214595 0.296330
vt 0.188336 0.191718
vt 0.196840 0.678762
vt 0.242284 0.423969
vt 0.015287 0.531884
vt 0.020358 0.004544
vt 0.031447 0.298719
vt 0.015113 0.152756
vt 0.020945 0.545879
vt 0.251249 0.477400
vt 0.237251 0.399649
vt 0.231655 0.303030
vt 0.232967 0.207440
vt 0.240663 0.421539
vt 0.080063 0.523891
vt 0.086405 0.026684
vt 0.096296 0.289197
vt 0.079288 0.164647
vt 0.085426 0.731134
vt 0.141939 0.419083
vt 0.135149 0.515816
vt 0.142859 0.293419
vt 0.133968 0.177432
vt 0.138826 0.756095
vt 0.108545 0.680577
vt 0.121960 0.584041
vt 0.156706 0.647111
vt 0.178575 0.792549
vt 0.123692 0.828087
vt 0.135070 0.151501
vt 0.428746 0.556301
vt 0.430971 0.544949
vt 0.464920 0.549563
vt 0.409756 0.167702
vt 0.512529 0.361275
vt 0.351610 0.296060
vt 0.349263 0.240386
vt 0.350052 0.487202
vt 0.364181 0.431417
vt 0.358885 0.543733
vt 0.369396 0.191225
vt 0.351122 0.991386
vt 0.692560 0.179756
vt 0.572003 0.992486
vt 0.981435 0.623852
vt 0.651597 0.627708
vt 0.979008 0.428019
vt 0.530986 0.635130
vt 0.275857 0.151250
vt 0.467906 0.176345
vt 0.376751 0.541322
vt 0.394483 0.181635
vt 0.528524 0.383650
vt 0.544000 0.508036
vt 0.494010 0.076637
vt 0.211146 0.438902
vt 0.609844 0.592789
vt 0.821448 0.623295
vt 0.814937 0.562032
vt 0.781543 0.671498
vt 0.784167 0.584166
vt 0.773475 0.557810
vt 0.812967 0.638259
vt 0.765609 0.585832
vt 0.799495 0.664293
vt 0.804105 0.612722
vt 0.808541 0.626313
vt 0.780325 0.602356
vt 0.786153 0.645104
vt 0.813602 0.520599
vt 0.829835 0.542043
vt 0.831832 0.535441
vt 0.800215 0.604789
vt 0.810872 0.657100
vt 0.771068 0.640586
vt 0.780786 0.648629
vt 0.786458 0.644355
vt 0.801249 0.604251
vt 0.765906 0.612970
vt 0.782685 0.624161
vt 0.792542 0.604142
vt 0.793821 0.626705
vt 0.804453 0.566043
vt 0.837105 0.575764
vt 0.816364 0.594142
vt 0.804739 0.746321
vt 0.294565 0.746321
vt 0.294565 0.810917
vt 0.303676 0.814453
vt 0.294164 0.780301
vt 0.302996 0.873132
vt 0.302741 0.903869
vt 0.302046 0.906626
vt 0.264360 0.874912
vt 0.263562 0.936067
vt 0.309969 0.962921
vt 0.293752 0.933521
vt 0.300390 0.967233
vt 0.302348 0.781733
vt 0.291363 0.824488
vt 0.259891 0.845834
vt 0.261885 0.994822
vt 0.289092 0.956558
vt 0.261310 0.932210
vt 0.263571 0.949806
vt 0.217349 0.926991
vt 0.218766 0.764764
vt 0.255112 0.795932
vt 0.258050 0.786570
vt 0.211001 0.842271
vt 0.214115 0.902228
vt 0.218629 0.872572
vt 0.214805 0.811733
vt 0.212512 0.873035
vt 0.204053 0.845296
vt 0.205593 0.947917
vt 0.208500 0.924925
vt 0.209713 0.901294
vt 0.209820 0.972298
vt 0.200701 0.815020
vt 0.205094 0.871975
vt 0.170112 0.845752
vt 0.170117 0.923705
vt 0.199669 0.946702
vt 0.199806 0.899736
vt 0.201056 0.799186
vt 0.170110 0.937341
vt 0.170016 0.817328
vt 0.170112 0.896023
vt 0.170071 0.917595
vt 0.170046 0.843123
vt 0.300159 0.873776
vt 0.319294 0.889462
vt 0.314171 0.856624
vt 0.313210 0.837057
vt 0.338721 0.804173
vt 0.338706 0.844103
vt 0.319804 0.902953
vt 0.321395 0.807075
vt 0.317970 0.806068
vt 0.327587 0.936878
vt 0.319874 0.869189
vt 0.339213 0.901748
vt 0.337985 0.772580
vt 0.339875 0.938754
vt 0.338183 0.795233
vt 0.546600 0.795678
vt 0.561724 0.836883
vt 0.545981 0.895866
vt 0.551541 0.897841
vt 0.541971 0.832201
vt 0.620985 0.789738
vt 0.596924 0.785955
vt 0.609282 0.840438
vt 0.533775 0.842734
vt 0.518998 0.849378
vt 0.498336 0.886616
vt 0.476546 0.856990
vt 0.486666 0.876541
vt 0.487442 0.874261
vt 0.474705 0.879250
vt 0.495441 0.868197
vt 0.507229 0.842707
vt 0.482709 0.867201
vt 0.468671 0.903169
vt 0.520618 0.902472
vt 0.511019 0.793292
vt 0.582239 0.836445
vt 0.606026 0.889398
vt 0.593306 0.899678
vt 0.633828 0.870999
vt 0.624767 0.895096
vt 0.574272 0.896322
vt 0.562272 0.891142
vt 0.608062 0.893589
vt 0.586121 0.795512
vt 0.533712 0.901699
vt 0.531407 0.928759
vt 0.608025 0.928607
vt 0.595452 0.934737
vt 0.586121 0.962863
vt 0.604054 0.971046
vt 0.599343 0.977875
vt 0.586122 0.989852
vt 0.597221 0.940624
vt 0.511018 0.939584
vt 0.651500 0.971583
vt 0.653296 0.940597
vt 0.574273 0.936575
vt 0.677532 0.953131
vt 0.684224 0.988974
vt 0.574274 0.997807
vt 0.577384 0.946188
vt 0.520613 0.939584
vt 0.651500 0.971583
vt 0.653296 0.935500
vt 0.562273 0.936575
vt 0.677532 0.953131
vt 0.684224 0.979727
vt 0.562275 0.993792
vt 0.565224 0.938929
vt 0.531403 0.939584
vt 0.651500 0.971583
vt 0.653296 0.928384
vt 0.551539 0.936575
vt 0.677532 0.953131
vt 0.684224 0.960168
vt 0.551527 0.974687
vt 0.549528 0.926915
vt 0.541971 0.582101
vt 0.536270 0.597422
vt 0.537171 0.601053
vt 0.519041 0.608324
vt 0.497250 0.596380
vt 0.557738 0.595838
vt 0.578503 0.592079
vt 0.598419 0.684916
vt 0.541577 0.688244
vt 0.525033 0.694783
vt 0.503021 0.683324
vt 0.580554 0.686168
vt 0.559101 0.680102
vt 0.597529 0.567104
vt 0.535078 0.571070
vt 0.516717 0.578819
vt 0.494925 0.564450
vt 0.578166 0.566029
vt 0.556477 0.562065
vt 0.598672 0.514291
vt 0.530602 0.543648
vt 0.515674 0.554347
vt 0.489824 0.474300
vt 0.577579 0.475438
vt 0.554057 0.508649
vt 0.602092 0.980469
vt 0.305020 0.759218
vt 0.294551 0.770535
vt 0.303855 0.974129
vt 0.314228 0.746321
vt 0.294565 0.810917
vt 0.303676 0.814453
vt 0.294164 0.780301
vt 0.302996 0.873132
vt 0.302741 0.903869
vt 0.302046 0.906626
vt 0.264360 0.874912
vt 0.263562 0.936067
vt 0.309969 0.962921
vt 0.293752 0.933521
vt 0.300390 0.967233
vt 0.302348 0.781733
vt 0.291363 0.824488
vt 0.259891 0.845834
vt 0.261885 0.994822
vt 0.289092 0.956558
vt 0.261310 0.932210
vt 0.263571 0.949806
vt 0.217349 0.926991
vt 0.218766 0.764764
vt 0.255112 0.795932
vt 0.258050 0.786570
vt 0.211001 0.842271
vt 0.214115 0.902228
vt 0.218629 0.872572
vt 0.214805 0.811733
vt 0.212512 0.873035
vt 0.204053 0.845296
vt 0.205593 0.947917
vt 0.208500 0.924925
vt 0.209713 0.901294
vt 0.209820 0.972298
vt 0.200701 0.815020
vt 0.205094 0.871975
vt 0.170112 0.845752
vt 0.170117 0.923705
vt 0.199669 0.946702
vt 0.199806 0.899736
vt 0.201056 0.799186
vt 0.170110 0.937341
vt 0.170016 0.817328
vt 0.170112 0.896023
vt 0.170071 0.917595
vt 0.170046 0.843123
vt 0.300159 0.873776
vt 0.319294 0.889462
vt 0.314171 0.856624
vt 0.313210 0.972936
vt 0.320262 0.837057
vt 0.338721 0.804173
vt 0.338706 0.844103
vt 0.319804 0.902953
vt 0.321395 0.768925
vt 0.328392 0.767716
vt 0.317249 0.807075
vt 0.317970 0.806068
vt 0.327587 0.972675
vt 0.339294 0.936878
vt 0.319874 0.869189
vt 0.339213 0.901748
vt 0.337985 0.938754
vt 0.338183 0.795233
vt 0.546600 0.795678
vt 0.561724 0.836883
vt 0.545981 0.895866
vt 0.551541 0.897841
vt 0.541971 0.832201
vt 0.620985 0.789738
vt 0.596924 0.785955
vt 0.609282 0.840438
vt 0.533775 0.842734
vt 0.518998 0.849378
vt 0.498336 0.886616
vt 0.476546 0.856990
vt 0.486666 0.876541
vt 0.487442 0.874261
vt 0.474705 0.879250
vt 0.495441 0.868197
vt 0.507229 0.842707
vt 0.482709 0.867201
vt 0.468671 0.903169
vt 0.520618 0.902472
vt 0.511019 0.793292
vt 0.582239 0.836445
vt 0.606026 0.889398
vt 0.593306 0.899678
vt 0.633828 0.870999
vt 0.624767 0.895096
vt 0.574272 0.896322
vt 0.562272 0.891142
vt 0.608062 0.893589
vt 0.586121 0.795512
vt 0.533712 0.901699
vt 0.531407 0.928759
vt 0.608025 0.928607
vt 0.595452 0.934737
vt 0.586121 0.962863
vt 0.604054 0.971046
vt 0.599343 0.977875
vt 0.586122 0.989852
vt 0.597221 0.940624
vt 0.511018 0.939584
vt 0.651500 0.971583
vt 0.653296 0.940597
vt 0.574273 0.936575
vt 0.677532 0.953131
vt 0.684224 0.988974
vt 0.574274 0.997807
vt 0.577384 0.946188
vt 0.520613 0.939584
vt 0.651500 0.971583
vt 0.653296 0.935500
vt 0.562273 0.936575
vt 0.677532 0.953131
vt 0.684224 0.979727
vt 0.562275 0.993792
vt 0.565224 0.938929
vt 0.531403 0.939584
vt 0.651500 0.971583
vt 0.653296 0.928384
vt 0.551539 0.936575
vt 0.677532 0.953131
vt 0.684224 0.960168
vt 0.551527 0.974687
vt 0.549528 0.926915
vt 0.541971 0.582101
vt 0.536270 0.597422
vt 0.537171 0.601053
vt 0.519041 0.608324
vt 0.497250 0.596380
vt 0.557738 0.595838
vt 0.578503 0.592079
vt 0.598419 0.684916
vt 0.541577 0.688244
vt 0.525033 0.694783
vt 0.503021 0.683324
vt 0.580554 0.686168
vt 0.559101 0.680102
vt 0.597529 0.567104
vt 0.535078 0.571070
vt 0.516717 0.578819
vt 0.494925 0.564450
vt 0.578166 0.566029
vt 0.556477 0.562065
vt 0.598672 0.514291
vt 0.530602 0.543648
vt 0.515674 0.554347
vt 0.489824 0.474300
vt 0.577579 0.475438
vt 0.554057 0.508649
vt 0.602092 0.002086
vt 0.561415 0.026441
vt 0.583778 0.085463
vt 0.593497 0.144165
vt 0.584220 0.167845
vt 0.562074 0.143488
vt 0.539712 0.084469
vt 0.529993 0.025768
vt 0.539271 0.027626
vt 0.561487 0.044529
vt 0.576582 0.085343
vt 0.583148 0.125921
vt 0.576911 0.142307
vt 0.561973 0.125400
vt 0.546881 0.084590
vt 0.540316 0.044016
vt 0.546552 0.084968
vt 0.561709 0.931044
vt 0.423290 0.913091
vt 0.386636 0.797934
vt 0.410411 0.760985
vt 0.443747 0.827071
vt 0.452133 0.814357
vt 0.486144 0.746936
vt 0.470137 0.792997
vt 0.374632 0.870149
vt 0.362039 0.727795
vt 0.402617 0.684086
vt 0.453744 0.647664
vt 0.424516 0.640108
vt 0.438966 0.725007
vt 0.364278 0.677225
vt 0.385251 0.592827
vt 0.419574 0.667896
vt 0.324238 0.753945
vt 0.376060 0.697045
vt 0.429190 0.595011
vt 0.402474 0.861420
vt 0.346839 0.658308
vt 0.406260 0.622401
vt 0.405368 0.959351
vt 0.404005 0.812966
vt 0.469675 0.556327
vt 0.399202 0.992852
vt 0.431405 0.985757
vt 0.401421 0.916569
vt 0.376716 0.030614
vt 0.459013 0.123084
vt 0.416833 0.045488
vt 0.413509 0.020406
vt 0.214478 0.090611
vt 0.268271 0.124102
vt 0.319753 0.034797
vt 0.270513 0.050384
vt 0.322678 0.932362
vt 0.423369 0.913091
vt 0.386636 0.797934
vt 0.410411 0.760985
vt 0.443747 0.827682
vt 0.449643 0.814357
vt 0.486144 0.746936
vt 0.470137 0.792997
vt 0.374632 0.870149
vt 0.362039 0.727795
vt 0.402617 0.684086
vt 0.453744 0.647664
vt 0.424516 0.640108
vt 0.438966 0.725007
vt 0.364278 0.677225
vt 0.385251 0.593060
vt 0.419130 0.667896
vt 0.324238 0.753945
vt 0.376060 0.697045
vt 0.429190 0.594006
vt 0.404488 0.861420
vt 0.346839 0.658308
vt 0.406260 0.622401
vt 0.405368 0.959351
vt 0.404005 0.812966
vt 0.469675 0.556327
vt 0.399202 0.988356
vt 0.429784 0.985523
vt 0.401189 0.916569
vt 0.376716 0.030614
vt 0.459013 0.123084
vt 0.416833 0.045488
vt 0.413509 0.020406
vt 0.214478 0.090611
vt 0.268271 0.124102
vt 0.319753 0.034797
vt 0.270513 0.050384
vt 0.322678 0.698225
vt 0.008560 0.562931
vt 0.101441 0.716319
vt 0.028567 0.722057
vt 0.051903 0.716240
vt 0.079934 0.661760
vt 0.083750 0.667681
vt 0.111949 0.555792
vt 0.065255 0.663413
vt 0.057689 0.645125
vt 0.018939 0.602354
vt 0.032247 0.697529
vt 0.097160 0.589976
vt 0.078586 0.606199
vt 0.094188 0.640373
vt 0.089015 0.615757
vt 0.065252 0.575946
vt 0.046815 0.698225
vt 0.008560 0.562931
vt 0.101441 0.716319
vt 0.028567 0.722057
vt 0.051903 0.716240
vt 0.079934 0.661760
vt 0.083750 0.667681
vt 0.111949 0.555792
vt 0.065255 0.663413
vt 0.057689 0.645125
vt 0.018939 0.602354
vt 0.032247 0.697529
vt 0.097160 0.589976
vt 0.078586 0.606199
vt 0.094188 0.640373
vt 0.089015 0.615757
vt 0.065252 0.575946
vt 0.046815 0.075265
vt 0.696609 0.114266
vt 0.696618 0.110611
vt 0.696624 0.071868
vt 0.696630 0.175846
vt 0.696622 0.037910
vt 0.696623 0.039795
vt 0.696614 0.178869
vt 0.663913 0.138925
vt 0.663403 0.138219
vt 0.661674 0.071639
vt 0.672108 0.031693
vt 0.678184 0.033352
vt 0.677997 0.072101
vt 0.669794 0.282677
vt 0.600775 0.279842
vt 0.600775 0.289054
vt 0.611213 0.205175
vt 0.620959 0.247053
vt 0.624763 0.286013
vt 0.610603 0.208723
vt 0.638547 0.197889
vt 0.600774 0.057660
vt 0.600778 0.045448
vt 0.614645 0.073745
vt 0.631217 0.152205
vt 0.600775 0.115663
vt 0.621233 0.130341
vt 0.640266 0.031847
vt 0.641121 0.029265
vt 0.640527 0.047677
vt 0.614340 0.209302
vt 0.618669 0.200673
vt 0.600774 0.130237
vt 0.640795 0.150106
vt 0.600775 0.065826
vt 0.600778 0.073051
vt 0.631689 0.920808
vt 0.121471 0.878238
vt 0.138959 0.877564
vt 0.133387 0.023201
vt 0.656688 0.025744
vt 0.657027 0.071779
vt 0.651291 0.070091
vt 0.650767 0.070507
vt 0.817322 0.023092
vt 0.817332 0.074187
vt 0.817322 0.120665
vt 0.817303 0.026378
vt 0.817334 0.119803
vt 0.817304 0.198115
vt 0.817298 0.075265
vt 0.696609 0.114266
vt 0.696618 0.110611
vt 0.696624 0.071868
vt 0.696630 0.175846
vt 0.696622 0.037910
vt 0.696623 0.039795
vt 0.696614 0.178869
vt 0.663913 0.138925
vt 0.663403 0.138219
vt 0.661674 0.071639
vt 0.672108 0.031693
vt 0.678184 0.033352
vt 0.677997 0.072101
vt 0.669794 0.282677
vt 0.600775 0.279842
vt 0.600775 0.289054
vt 0.611213 0.205175
vt 0.620959 0.247053
vt 0.624763 0.286013
vt 0.610603 0.208723
vt 0.638547 0.197889
vt 0.600774 0.057660
vt 0.600778 0.045448
vt 0.614645 0.074782
vt 0.630961 0.152205
vt 0.600775 0.115663
vt 0.621233 0.130341
vt 0.640266 0.031847
vt 0.641121 0.029265
vt 0.640527 0.047677
vt 0.614340 0.209302
vt 0.618669 0.200673
vt 0.600774 0.130237
vt 0.640795 0.150106
vt 0.600775 0.065826
vt 0.600778 0.072668
vt 0.631902 0.920808
vt 0.121471 0.878238
vt 0.138959 0.877564
vt 0.133387 0.023201
vt 0.656688 0.025744
vt 0.657027 0.071779
vt 0.651291 0.070091
vt 0.650767 0.070507
vt 0.817322 0.023092
vt 0.817332 0.074187
vt 0.817322 0.120665
vt 0.817303 0.026378
vt 0.817334 0.119803
vt 0.817304 0.198115
vt 0.817298 0.698225
vt 0.008560 0.562931
vt 0.101441 0.716319
vt 0.028567 0.722057
vt 0.051903 0.716240
vt 0.079934 0.661760
vt 0.083750 0.667681
vt 0.111949 0.555792
vt 0.065255 0.663413
vt 0.057689 0.645125
vt 0.018939 0.602354
vt 0.032247 0.697529
vt 0.097160 0.589976
vt 0.078586 0.606199
vt 0.094188 0.640373
vt 0.089015 0.615757
vt 0.065252 0.575946
vt 0.046815 0.698225
vt 0.008560 0.562931
vt 0.101441 0.716319
vt 0.028567 0.722057
vt 0.051903 0.716240
vt 0.079934 0.661760
vt 0.083750 0.667681
vt 0.111949 0.555792
vt 0.065255 0.663413
vt 0.057689 0.645125
vt 0.018939 0.602354
vt 0.032247 0.697529
vt 0.097160 0.589976
vt 0.078586 0.606199
vt 0.094188 0.640373
vt 0.089015 0.615757
vt 0.065252 0.575946
vt 0.046815 0.014418
vt 0.965145 0.109825
vt 0.965185 0.485039
vt 0.835161 0.351706
vt 0.920614 0.503541
vt 0.854147 0.507994
vt 0.876749 0.499820
vt 0.903566 0.446896
vt 0.906002 0.450194
vt 0.932904 0.354358
vt 0.888929 0.446661
vt 0.879440 0.367680
vt 0.841900 0.439188
vt 0.850499 0.408799
vt 0.860958 0.480077
vt 0.919484 0.446049
vt 0.834087 0.383422
vt 0.900714 0.393746
vt 0.914669 0.390638
vt 0.853648 0.404451
vt 0.846352 0.415303
vt 0.836130 0.426338
vt 0.910199 0.412154
vt 0.890226 0.384306
vt 0.870687 0.485039
vt 0.835161 0.351706
vt 0.920614 0.503541
vt 0.854147 0.507994
vt 0.876749 0.499820
vt 0.903566 0.446896
vt 0.906002 0.450194
vt 0.932904 0.354358
vt 0.888929 0.446661
vt 0.879440 0.367680
vt 0.841900 0.439188
vt 0.850499 0.408799
vt 0.860958 0.480077
vt 0.919484 0.446049
vt 0.834087 0.383422
vt 0.900714 0.393746
vt 0.914669 0.390638
vt 0.853648 0.404451
vt 0.846352 0.415303
vt 0.836130 0.426338
vt 0.910199 0.412154
vt 0.890226 0.384306
vt 0.870687 0.993974
vt 0.773867 0.993970
vt 0.806788 0.993970
vt 0.799465 0.993970
vt 0.877902 0.993970
vt 0.859077 0.993970
vt 0.816302 0.993970
vt 0.898025 0.993967
vt 0.784296 0.993857
vt 0.928027 0.993968
vt 0.831833 0.993973
vt 0.773048 0.993977
vt 0.762101 0.993970
vt 0.734033 0.993006
vt 0.715748 0.993975
vt 0.748523 0.993969
vt 0.768252 0.992486
vt 0.981435 0.991386
vt 0.692560 0.993973
vt 0.780650 0.993965
vt 0.758370 0.993974
vt 0.773867 0.993972
vt 0.775797 0.363309
vt 0.823209 0.333348
vt 0.827634 0.549049
vt 0.762722 0.521049
vt 0.776145 0.285714
vt 0.828006 0.498088
vt 0.783446 0.404702
vt 0.819181 0.448087
vt 0.807617 0.565286
vt 0.743682 0.807174
vt 0.620368 0.305932
vt 0.571521 0.267267
vt 0.572262 0.226084
vt 0.576681 0.346510
vt 0.576584 0.212940
vt 0.950414 0.221265
vt 0.843655 0.082808
vt 0.836650 0.157641
vt 0.836396 0.014418
vt 0.965145 0.105320
vt 0.995167 0.109825
vt 0.965185 0.669382
vt 0.911579 0.703896
vt 0.923096 0.642304
vt 0.891213 0.616005
vt 0.871521 0.598428
vt 0.853123 0.590093
vt 0.839323 0.116877
vt 0.954711 0.025602
vt 0.944935 0.182536
vt 0.965212 0.177724
vt 0.995165 0.252711
vt 0.993226 0.257610
vt 0.965288 0.335986
vt 0.995230 0.354568
vt 0.964780 0.426495
vt 0.965173 0.421350
vt 0.994002 0.493756
vt 0.965147 0.552277
vt 0.995230 0.490560
vt 0.993638 0.552329
vt 0.965157 0.014389
vt 0.995079 0.331592
vt 0.917438 0.286500
vt 0.935960 0.836930
vt 0.099142 0.783233
vt 0.023873 0.266564
vt 0.446741 0.270567
vt 0.418325 0.316539
vt 0.414585 0.890506
vt 0.010001 0.887763
vt 0.016053 0.852558
vt 0.099678 0.332914
vt 0.428424 0.270028
vt 0.464608 0.928564
vt 0.019353 0.989554
vt 0.040702 0.996570
vt 0.057159 0.990788
vt 0.071474 0.956168
vt 0.013161 0.931985
vt 0.013554 0.977603
vt 0.029878 0.305932
vt 0.571521 0.267267
vt 0.572262 0.226084
vt 0.576681 0.346510
vt 0.576584 0.383650
vt 0.544000 0.179756
vt 0.572003 0.180102
vt 0.528716 0.212940
vt 0.950414 0.652838
vt 0.962194 0.627708
vt 0.979008 0.034769
vt 0.910652 0.046321
vt 0.878129 0.221265
vt 0.843655 0.267651
vt 0.848959 0.082808
vt 0.836650 0.157641
vt 0.836396 0.014418
vt 0.965145 0.109825
vt 0.965185 0.105320
vt 0.995167 0.683226
vt 0.939415 0.669382
vt 0.911579 0.702988
vt 0.922917 0.642304
vt 0.891213 0.616005
vt 0.871521 0.598428
vt 0.853123 0.590093
vt 0.839323 0.116877
vt 0.954711 0.025602
vt 0.944935 0.182536
vt 0.965212 0.252711
vt 0.993226 0.177724
vt 0.995165 0.257610
vt 0.965288 0.339911
vt 0.995768 0.354568
vt 0.964780 0.426495
vt 0.965173 0.423149
vt 0.993267 0.493756
vt 0.965147 0.552277
vt 0.995230 0.552329
vt 0.965157 0.490560
vt 0.993638 0.014389
vt 0.995079 0.331592
vt 0.917438 0.286500
vt 0.935960 0.151501
vt 0.428746 0.151250
vt 0.467906 0.176345
vt 0.376751 0.508036
vt 0.494010 0.544668
vt 0.464769 0.836930
vt 0.099142 0.783233
vt 0.023873 0.266564
vt 0.446741 0.270567
vt 0.418325 0.316539
vt 0.414585 0.890506
vt 0.010001 0.887763
vt 0.016053 0.852558
vt 0.099678 0.541322
vt 0.394483 0.556301
vt 0.430971 0.332914
vt 0.428424 0.270028
vt 0.464608 0.549563
vt 0.409756 0.928564
vt 0.019353 0.543733
vt 0.369396 0.191225
vt 0.351122 0.187686
vt 0.337353 0.147992
vt 0.299934 0.595666
vt 0.310445 0.555544
vt 0.344245 0.989554
vt 0.040702 0.996570
vt 0.057159 0.990788
vt 0.071474 0.956168
vt 0.013161 0.931985
vt 0.013554 0.167702
vt 0.512529 0.977603
vt 0.029878 0.428019
vt 0.530986 0.635130
vt 0.275857 0.678762
vt 0.242284 0.729642
vt 0.206750 0.076637
vt 0.211146 0.047648
vt 0.150049 0.107259
vt 0.256022 0.828087
vt 0.135070 0.867664
vt 0.108554 0.026684
vt 0.096296 0.004544
vt 0.031447 0.788791
vt 0.160675 0.994822
vt 0.289092 0.989049
vt 0.258117 0.977406
vt 0.211625 0.791912
vt 0.202665 0.962433
vt 0.170011 0.994822
vt 0.289092 0.749676
vt 0.284485 0.793509
vt 0.519213 0.825184
vt 0.495412 0.867161
vt 0.610604 0.891933
vt 0.639665 0.857664
vt 0.631589 0.883539
vt 0.618773 0.904163
vt 0.627540 0.911822
vt 0.637118 0.917320
vt 0.630761 0.900184
vt 0.499866 0.982668
vt 0.604231 0.937439
vt 0.501629 0.971715
vt 0.502593 0.975515
vt 0.511018 0.936575
vt 0.677532 0.971583
vt 0.653296 0.939584
vt 0.651500 0.953131
vt 0.684224 0.939530
vt 0.622086 0.985649
vt 0.623167 0.937968
vt 0.586121 0.984795
vt 0.586121 0.996345
vt 0.586309 0.944671
vt 0.511020 0.982647
vt 0.511021 0.985771
vt 0.520607 0.936575
vt 0.677532 0.971583
vt 0.653296 0.939584
vt 0.651500 0.953131
vt 0.684224 0.939530
vt 0.622086 0.985649
vt 0.623167 0.936495
vt 0.574272 0.981415
vt 0.574272 0.995690
vt 0.572237 0.941185
vt 0.520626 0.976962
vt 0.520615 0.974595
vt 0.531400 0.936575
vt 0.677532 0.971583
vt 0.653296 0.939584
vt 0.651500 0.953131
vt 0.684224 0.939530
vt 0.622086 0.985649
vt 0.623167 0.932805
vt 0.562269 0.965619
vt 0.562266 0.980537
vt 0.554886 0.930988
vt 0.531412 0.954484
vt 0.531414 0.950945
vt 0.541971 0.951009
vt 0.541972 0.926565
vt 0.541972 0.563862
vt 0.617558 0.593234
vt 0.616033 0.680173
vt 0.614630 0.538201
vt 0.619240 0.746321
vt 0.294565 0.759218
vt 0.294551 0.994822
vt 0.289092 0.989049
vt 0.258117 0.977406
vt 0.211625 0.791912
vt 0.202665 0.962433
vt 0.170011 0.974129
vt 0.314228 0.980469
vt 0.305020 0.770535
vt 0.303855 0.994822
vt 0.289092 0.749676
vt 0.284485 0.972675
vt 0.339294 0.972936
vt 0.320262 0.767716
vt 0.317249 0.768925
vt 0.328392 0.772580
vt 0.339875 0.793509
vt 0.519213 0.825184
vt 0.495412 0.867161
vt 0.610604 0.857664
vt 0.631589 0.891933
vt 0.639665 0.883539
vt 0.618773 0.904163
vt 0.627540 0.911822
vt 0.637118 0.917320
vt 0.630761 0.900184
vt 0.499866 0.982668
vt 0.604231 0.937439
vt 0.501629 0.971715
vt 0.502593 0.975515
vt 0.511018 0.936575
vt 0.677532 0.939584
vt 0.651500 0.971583
vt 0.653296 0.953131
vt 0.684224 0.939530
vt 0.622086 0.985649
vt 0.623167 0.937968
vt 0.586121 0.984795
vt 0.586121 0.996345
vt 0.586309 0.944671
vt 0.511020 0.982647
vt 0.511021 0.985771
vt 0.520607 0.936575
vt 0.677532 0.939584
vt 0.651500 0.971583
vt 0.653296 0.953131
vt 0.684224 0.939530
vt 0.622086 0.985649
vt 0.623167 0.936495
vt 0.574272 0.981415
vt 0.574272 0.995690
vt 0.572237 0.941185
vt 0.520626 0.976962
vt 0.520615 0.974595
vt 0.531400 0.936575
vt 0.677532 0.939584
vt 0.651500 0.971583
vt 0.653296 0.953131
vt 0.684224 0.939530
vt 0.622086 0.985649
vt 0.623167 0.932805
vt 0.562269 0.965619
vt 0.562266 0.980537
vt 0.554886 0.930988
vt 0.531412 0.954484
vt 0.531414 0.950945
vt 0.541971 0.951009
vt 0.541972 0.926565
vt 0.541972 0.563862
vt 0.617558 0.593234
vt 0.616033 0.680173
vt 0.614630 0.538201
vt 0.619240 -0.594674
vt 0.314751 -0.669975
vt 0.390052 -0.616729
vt 0.367997 -0.745276
vt 0.314751 -0.723221
vt 0.367997 -0.669975
vt 0.239450 -0.723221
vt 0.261505 -0.616729
vt 0.261505 0.100425
vt 0.464449 0.026748
vt 0.510183 0.082376
vt 0.502638 0.100425
vt 0.464449 0.026823
vt 0.509918 0.082376
vt 0.502638 0.984236
vt 0.136680 0.957085
vt 0.150171 0.985047
vt 0.125241 0.957425
vt 0.112134 0.942065
vt 0.144504 0.940386
vt 0.115600 0.922631
vt 0.142894 0.882673
vt 0.138467 0.881861
vt 0.131847 0.057660
vt 0.600778 0.052273
vt 0.600778 0.905673
vt 0.142179 0.903690
vt 0.123278 0.114416
vt 0.621229 0.984236
vt 0.136680 0.985047
vt 0.125241 0.957085
vt 0.150171 0.957425
vt 0.112134 0.942065
vt 0.144504 0.940386
vt 0.115600 0.922631
vt 0.142894 0.882673
vt 0.138467 0.881861
vt 0.131847 0.057660
vt 0.600778 0.052273
vt 0.600778 0.905677
vt 0.142190 0.903700
vt 0.123275 0.114416
vt 0.621229 0.014418
vt 0.965145 0.285679
vt 0.872276 1.000000
vt 0.718435 0.156965
vt 0.715465 0.080841
vt 0.718435 0.023533
vt 0.721405 0.209163
vt 0.434235 0.157949
vt 0.440368 0.106735
vt 0.446500 0.157949
vt 0.440368 0.111371
vt 0.925621 0.197257
vt 0.880733 0.111371
vt 0.925621 0.031937
vt 0.900846 0.807404
vt 0.264840 0.889469
vt 0.272991 0.964451
vt 0.246781 0.889469
vt 0.272991 0.824768
vt 0.320482 0.886068
vt 0.323759 0.947367
vt 0.327037 0.886068
vt 0.323759 0.979726
vt 0.291828 0.684353
vt 0.539616 0.733899
vt 0.588700 0.837785
vt 0.559292 0.714187
vt 0.618593 0.733899
vt 0.588700 0.769596
vt 0.406647 0.837721
vt 0.417910 0.904515
vt 0.419229 0.837721
vt 0.417910 0.966121
vt 0.530701 0.933123
vt 0.530685 0.933123
vt 0.530685 0.937244
vt 0.397300 0.904515
vt 0.419229 0.909812
vt 0.656361 0.945089
vt 0.678099 0.909812
vt 0.656361 0.827706
vt 0.737574 0.976566
vt 0.724112 0.944185
vt 0.748249 0.912623
vt 0.781829 0.983831
vt 0.783108 0.912623
vt 0.781829 0.852747
vt 0.778543 0.865571
vt 0.973308 0.900869
vt 0.979801 0.865571
vt 0.973308 0.838493
vt 0.961002 0.571755
vt 0.609012 0.594387
vt 0.624885 0.571755
vt 0.609012 0.440087
vt 0.654474 0.476248
vt 0.665119 0.511734
vt 0.670767 0.476248
vt 0.665119 0.323097
vt 0.683642 0.333302
vt 0.693374 0.347841
vt 0.700176 0.333302
vt 0.693374 0.714620
vt 0.494331 0.787409
vt 0.509620 0.714971
vt 0.476408 0.787409
vt 0.509620 0.859543
vt 0.515282 0.613725
vt 0.518420 0.631147
vt 0.527968 0.631147
vt 0.527968 0.714620
vt 0.494331 0.543726
vt 0.569781 0.598462
vt 0.564260 0.582405
vt 0.565624 0.172135
vt 0.934188 0.048357
vt 0.943633 0.090175
vt 0.976734 0.891730
vt 0.729379 0.891730
vt 0.729379 0.619231
vt 0.828659 0.567474
vt 0.873719 0.463961
vt 0.873719 0.412205
vt 0.828659 0.463961
vt 0.783600 0.567474
vt 0.783600 0.619231
vt 0.828659 0.567474
vt 0.873719 0.463961
vt 0.873719 0.412205
vt 0.828659 0.463961
vt 0.783600 0.567474
vt 0.783600 0.701851
vt 0.912762 0.753608
vt 0.867703 0.463871
vt 0.951785 0.567384
vt 0.951785 0.277647
vt 0.867703 0.329403
vt 0.912762 0.329403
vt 0.744598 0.277647
vt 0.789657 0.567384
vt 0.705575 0.463871
vt 0.705575 0.753608
vt 0.789657 0.701851
vt 0.744598 0.758840
vt 0.899261 0.515627
vt 0.969842 0.272414
vt 0.899261 0.272414
vt 0.758099 0.515627
vt 0.687518 0.758840
vt 0.758099 0.619231
vt 0.828659 0.567474
vt 0.873719 0.463961
vt 0.873719 0.412205
vt 0.828659 0.463961
vt 0.783600 0.567474
vt 0.783600 0.619231
vt 0.828659 0.567474
vt 0.873719 0.463961
vt 0.873719 0.412205
vt 0.828659 0.463961
vt 0.783600 0.567474
vt 0.783600 0.701851
vt 0.912762 0.753608
vt 0.867703 0.463871
vt 0.951785 0.567384
vt 0.951785 0.277647
vt 0.867703 0.329403
vt 0.912762 0.329403
vt 0.744598 0.277647
vt 0.789657 0.567384
vt 0.705575 0.463871
vt 0.705575 0.753608
vt 0.789657 0.701851
vt 0.744598 0.758840
vt 0.899261 0.515627
vt 0.969842 0.272414
vt 0.899261 0.272414
vt 0.758099 0.515627
vt 0.687518 0.758840
vt 0.758099 0.482297
vt 0.272226 0.017737
vt 0.122879 0.017737
vt 0.122879 0.019350
vt 0.082483 0.019350
vt 0.082483 0.019350
vt 0.082483 0.019350
vt 0.082483 0.017737
vt 0.122879 0.019350
vt 0.082483 0.284938
vt 0.166257 0.286215
vt 0.039602 0.286215
vt 0.039602 0.284938
vt 0.166257 0.385678
vt 0.369794 0.570081
vt 0.369794 0.338101
vt 0.355459 0.255033
vt 0.286085 0.017737
vt 0.122879 0.019350
vt 0.082483 0.709562
vt 0.258421 0.618163
vt 0.185916 0.017737
vt 0.122879 0.571336
vt 0.170553 0.398308
vt 0.170553 0.618163
vt 0.185916 0.709562
vt 0.258421 0.709562
vt 0.286085 0.623969
vt 0.355459 0.017737
vt 0.122879 0.284938
vt 0.166257 0.284938
vt 0.166257 0.286215
vt 0.039602 0.286215
vt 0.039602 0.284938
vt 0.166257 0.286215
vt 0.039602 0.284938
vt 0.166257 0.284938
vt 0.166257 0.286215
vt 0.039602 0.286215
vt 0.039602 0.286215
vt 0.039602 0.284938
vt 0.166257 0.649449
vt 0.102863 0.649449
vt 0.102863 0.649449
vt 0.102863 0.649449
vt 0.102863 0.284938
vt 0.166257 0.284938
vt 0.166257 0.286215
vt 0.039602 0.286215
vt 0.039602 0.286215
vt 0.039602 0.286215
vt 0.039602 0.284938
vt 0.166257 0.284938
vt 0.166257 0.649449
vt 0.102863 0.649449
vt 0.102863 0.482297
vt 0.272226 0.761125
vt 0.159009 0.814797
vt 0.151559 0.864439
vt 0.148643 0.814797
vt 0.151559 0.892028
vt 0.494410 0.903834
vt 0.531878 0.892852
vt 0.621431 0.678990
vt 0.520170 0.647656
vt 0.534007 0.582405
vt 0.565624 0.582405
vt 0.565624 0.570081
vt 0.369794 0.385678
vt 0.369794 0.709562
vt 0.286085 0.623969
vt 0.355459 0.618163
vt 0.185916 0.709562
vt 0.258421 0.398308
vt 0.170553 0.571336
vt 0.170553 0.255033
vt 0.258421 0.351481
vt 0.185916 0.338101
vt 0.355459 0.255033
vt 0.286085 0.338101
vt 0.355459 0.255033
vt 0.286085 0.618163
vt 0.185916 0.709562
vt 0.258421 0.709562
vt 0.286085 0.623969
vt 0.355459 0.017737
vt 0.122879 0.019350
vt 0.082483 0.017737
vt 0.122879 0.019350
vt 0.082483 0.017737
vt 0.122879 0.019350
vt 0.082483 0.019350
vt 0.082483 0.017737
vt 0.122879 0.017737
vt 0.122879 0.019350
vt 0.082483 0.019350
vt 0.082483 0.017737
vt 0.122879 0.623969
vt 0.355459 0.709562
vt 0.286085 0.351481
vt 0.185916 0.255033
vt 0.258421 0.255033
vt 0.286085 0.338101
vt 0.355459 1.000000

f 4/4 10/10 13/13
f 12/12 11/11 6/6
f 7/7 5/5 76/76
f 144/144 57/57 80/80
f 9/9 64/64 141/141
f 10/10 144/144 66/66
f 12/12 445/445 11/11
f 445/445 12/12 443/443
f 7/7 74/74 43/43
f 43/43 5/5 7/7
f 444/444 14/14 11/11
f 6/6 11/11 14/14
f 445/445 444/444 11/11
f 15/15 141/141 79/79
f 80/80 56/56 145/145
f 47/47 79/79 2/2
f 13/13 66/66 81/81
f 66/66 13/13 10/10
f 63/63 62/62 78/78
f 1/1 54/54 61/61
f 3/3 142/142 143/143
f 143/143 77/77 16/16
f 78/78 62/62 65/65
f 615/615 46/46 2/2
f 8/8 142/142 3/3
f 143/143 16/16 3/3
f 47/47 2/2 46/46
f 141/141 15/15 9/9
f 13/13 64/64 9/9
f 13/13 81/81 64/64
f 72/72 46/46 615/615
f 613/613 142/142 8/8
f 144/144 10/10 57/57
f 57/57 56/56 80/80
f 14/14 69/69 68/68
f 71/71 70/70 24/24
f 24/24 28/28 71/71
f 8/8 3/3 18/18
f 4/4 20/20 37/37
f 73/73 28/28 44/44
f 28/28 73/73 442/442
f 44/44 28/28 21/21
f 27/27 26/26 19/19
f 19/19 21/21 27/27
f 36/36 23/23 18/18
f 74/74 44/44 43/43
f 18/18 16/16 36/36
f 25/25 22/22 20/20
f 22/22 25/25 23/23
f 21/21 28/28 24/24
f 26/26 27/27 23/23
f 23/23 25/25 26/26
f 45/45 24/24 29/29
f 45/45 29/29 18/18
f 70/70 29/29 24/24
f 8/8 18/18 29/29
f 28/28 442/442 71/71
f 21/21 19/19 44/44
f 613/613 29/29 70/70
f 613/613 8/8 29/29
f 30/30 5/5 43/43
f 15/15 79/79 47/47
f 38/38 9/9 15/15
f 9/9 38/38 32/32
f 32/32 35/35 33/33
f 20/20 13/13 33/33
f 13/13 20/20 4/4
f 31/31 40/40 39/39
f 42/42 41/41 34/34
f 23/23 45/45 18/18
f 22/22 23/23 36/36
f 76/76 14/14 444/444
f 14/14 76/76 5/5
f 5/5 69/69 14/14
f 12/12 72/72 443/443
f 145/145 49/49 17/17
f 49/49 145/145 56/56
f 37/37 53/53 52/52
f 61/61 77/77 67/67
f 77/77 61/61 16/16
f 61/61 36/36 16/16
f 58/58 53/53 22/22
f 53/53 20/20 22/22
f 62/62 54/54 65/65
f 65/65 54/54 1/1
f 55/55 50/50 51/51
f 32/32 38/38 35/35
f 38/38 42/42 35/35
f 38/38 39/39 42/42
f 39/39 41/41 42/42
f 41/41 39/39 40/40
f 41/41 69/69 30/30
f 30/30 69/69 5/5
f 69/69 41/41 40/40
f 42/42 33/33 35/35
f 33/33 42/42 34/34
f 25/25 33/33 34/34
f 33/33 25/25 20/20
f 26/26 34/34 30/30
f 34/34 26/26 25/25
f 19/19 30/30 43/43
f 30/30 19/19 26/26
f 43/43 44/44 19/19
f 71/71 442/442 441/441
f 24/24 45/45 21/21
f 45/45 27/27 21/21
f 45/45 23/23 27/27
f 47/47 46/46 12/12
f 46/46 72/72 12/12
f 31/31 47/47 48/48
f 47/47 12/12 48/48
f 48/48 6/6 31/31
f 48/48 12/12 6/6
f 59/59 1268/1268 60/60
f 1268/1268 59/59 63/63
f 50/50 52/52 51/51
f 16/16 18/18 3/3
f 51/51 52/52 53/53
f 53/53 37/37 20/20
f 54/54 53/53 58/58
f 55/55 53/53 54/54
f 55/55 51/51 53/53
f 49/49 56/56 37/37
f 4/4 56/56 57/57
f 56/56 4/4 37/37
f 57/57 10/10 4/4
f 50/50 59/59 52/52
f 59/59 50/50 63/63
f 54/54 58/58 61/61
f 58/58 36/36 61/61
f 59/59 37/37 52/52
f 37/37 59/59 49/49
f 59/59 60/60 49/49
f 60/60 17/17 49/49
f 54/54 62/62 55/55
f 62/62 50/50 55/55
f 50/50 62/62 63/63
f 31/31 15/15 47/47
f 75/75 44/44 74/74
f 44/44 75/75 73/73
f 30/30 34/34 41/41
f 31/31 38/38 15/15
f 38/38 31/31 39/39
f 32/32 13/13 9/9
f 32/32 33/33 13/13
f 1/1 61/61 67/67
f 6/6 68/68 31/31
f 31/31 68/68 40/40
f 68/68 69/69 40/40
f 14/14 68/68 6/6
f 58/58 22/22 36/36
f 83/83 92/92 89/89
f 91/91 85/85 90/90
f 86/86 155/155 84/84
f 1269/1269 1270/1270 135/135
f 88/88 1271/1271 1272/1272
f 89/89 1273/1273 1269/1269
f 91/91 90/90 150/150
f 150/150 149/149 91/91
f 86/86 121/121 153/153
f 121/121 86/86 84/84
f 249/249 90/90 93/93
f 85/85 93/93 90/90
f 150/150 90/90 249/249
f 94/94 1274/1274 1271/1271
f 1270/1270 1275/1275 134/134
f 125/125 1276/1276 1274/1274
f 92/92 1273/1273 89/89
f 1273/1273 92/92 1277/1277
f 140/140 1278/1278 139/139
f 1279/1279 138/138 132/132
f 82/82 1280/1280 1281/1281
f 1280/1280 95/95 1282/1282
f 1278/1278 1283/1283 139/139
f 1284/1284 1276/1276 124/124
f 87/87 82/82 1281/1281
f 1280/1280 82/82 95/95
f 125/125 124/124 1276/1276
f 1271/1271 88/88 94/94
f 92/92 88/88 1272/1272
f 92/92 1272/1272 1277/1277
f 151/151 1284/1284 124/124
f 1285/1285 87/87 1281/1281
f 1269/1269 135/135 89/89
f 135/135 1270/1270 134/134
f 93/93 146/146 147/147
f 148/148 102/102 246/246
f 102/102 148/148 106/106
f 87/87 96/96 82/82
f 83/83 115/115 98/98
f 152/152 106/106 248/248
f 106/106 152/152 122/122
f 122/122 99/99 106/106
f 105/105 97/97 104/104
f 97/97 105/105 99/99
f 114/114 96/96 101/101
f 153/153 121/121 122/122
f 96/96 114/114 95/95
f 103/103 98/98 100/100
f 100/100 101/101 103/103
f 99/99 102/102 106/106
f 104/104 101/101 105/105
f 101/101 104/104 103/103
f 123/123 107/107 102/102
f 123/123 96/96 107/107
f 246/246 102/102 107/107
f 87/87 107/107 96/96
f 106/106 148/148 248/248
f 99/99 122/122 97/97
f 1285/1285 246/246 107/107
f 1285/1285 107/107 87/87
f 108/108 121/121 84/84
f 94/94 125/125 1274/1274
f 116/116 94/94 88/88
f 88/88 110/110 116/116
f 110/110 111/111 113/113
f 98/98 92/92 83/83
f 92/92 98/98 111/111
f 109/109 117/117 118/118
f 120/120 112/112 119/119
f 101/101 96/96 123/123
f 100/100 114/114 101/101
f 155/155 249/249 93/93
f 93/93 84/84 155/155
f 84/84 93/93 147/147
f 91/91 149/149 151/151
f 1275/1275 127/127 134/134
f 127/127 1275/1275 1286/1286
f 115/115 130/130 131/131
f 138/138 1282/1282 95/95
f 1282/1282 138/138 1287/1287
f 138/138 95/95 114/114
f 136/136 100/100 131/131
f 131/131 100/100 98/98
f 139/139 1283/1283 132/132
f 1283/1283 1279/1279 132/132
f 133/133 129/129 128/128
f 110/110 113/113 116/116
f 116/116 113/113 120/120
f 116/116 120/120 117/117
f 117/117 119/119 118/118
f 119/119 117/117 120/120
f 119/119 108/108 147/147
f 108/108 84/84 147/147
f 147/147 118/118 119/119
f 120/120 111/111 112/112
f 111/111 120/120 113/113
f 103/103 111/111 98/98
f 111/111 103/103 112/112
f 104/104 112/112 103/103
f 112/112 104/104 108/108
f 97/97 108/108 104/104
f 108/108 97/97 121/121
f 121/121 97/97 122/122
f 148/148 247/247 248/248
f 102/102 99/99 123/123
f 123/123 99/99 105/105
f 123/123 105/105 101/101
f 125/125 91/91 124/124
f 124/124 91/91 151/151
f 109/109 126/126 125/125
f 125/125 126/126 91/91
f 126/126 109/109 85/85
f 126/126 85/85 91/91
f 137/137 1288/1288 140/140
f 1288/1288 137/137 1289/1289
f 128/128 129/129 130/130
f 95/95 82/82 96/96
f 129/129 131/131 130/130
f 131/131 98/98 115/115
f 132/132 136/136 131/131
f 133/133 132/132 131/131
f 133/133 131/131 129/129
f 127/127 115/115 134/134
f 83/83 134/134 115/115
f 134/134 83/83 135/135
f 135/135 83/83 89/89
f 128/128 137/137 140/140
f 137/137 128/128 130/130
f 132/132 138/138 136/136
f 136/136 138/138 114/114
f 137/137 115/115 127/127
f 115/115 137/137 130/130
f 137/137 127/127 1289/1289
f 1289/1289 127/127 1286/1286
f 132/132 133/133 139/139
f 139/139 128/128 140/140
f 128/128 139/139 133/133
f 109/109 125/125 94/94
f 154/154 122/122 152/152
f 122/122 154/154 153/153
f 108/108 119/119 112/112
f 109/109 116/116 117/117
f 116/116 109/109 94/94
f 110/110 88/88 92/92
f 110/110 92/92 111/111
f 1279/1279 1287/1287 138/138
f 85/85 109/109 146/146
f 109/109 118/118 146/146
f 146/146 118/118 147/147
f 93/93 85/85 146/146
f 136/136 114/114 100/100
f 163/163 169/169 165/165
f 157/157 224/224 211/211
f 236/236 162/162 272/272
f 162/162 213/213 156/156
f 213/213 162/162 200/200
f 170/170 172/172 214/214
f 159/159 165/165 160/160
f 224/224 223/223 218/218
f 233/233 464/464 157/157
f 168/168 214/214 171/171
f 178/178 226/226 225/225
f 164/164 178/178 225/225
f 178/178 164/164 176/176
f 163/163 167/167 172/172
f 163/163 164/164 167/167
f 163/163 166/166 164/164
f 164/164 191/191 176/176
f 163/163 165/165 166/166
f 164/164 166/166 191/191
f 166/166 158/158 191/191
f 158/158 166/166 194/194
f 166/166 159/159 194/194
f 166/166 165/165 159/159
f 160/160 165/165 169/169
f 214/214 616/616 171/171
f 616/616 214/214 167/167
f 214/214 172/172 167/167
f 163/163 172/172 169/169
f 172/172 170/170 169/169
f 233/233 197/197 234/234
f 197/197 233/233 157/157
f 197/197 157/157 211/211
f 178/178 219/219 226/226
f 213/213 200/200 201/201
f 198/198 160/160 199/199
f 160/160 198/198 159/159
f 199/199 169/169 202/202
f 169/169 199/199 160/160
f 215/215 213/213 201/201
f 213/213 215/215 161/161
f 202/202 170/170 203/203
f 170/170 202/202 169/169
f 204/204 159/159 198/198
f 159/159 204/204 194/194
f 179/179 183/183 192/192
f 196/196 216/216 189/189
f 216/216 196/196 193/193
f 173/173 174/174 183/183
f 195/195 210/210 186/186
f 205/205 237/237 175/175
f 206/206 232/232 188/188
f 177/177 210/210 182/182
f 206/206 188/188 189/189
f 206/206 189/189 181/181
f 179/179 196/196 177/177
f 179/179 177/177 182/182
f 179/179 182/182 184/184
f 180/180 179/179 184/184
f 216/216 181/181 189/189
f 182/182 176/176 191/191
f 179/179 180/180 183/183
f 182/182 191/191 184/184
f 184/184 158/158 180/180
f 158/158 184/184 191/191
f 180/180 158/158 194/194
f 180/180 194/194 173/173
f 180/180 173/173 183/183
f 174/174 192/192 183/183
f 186/186 210/210 177/177
f 230/230 181/181 231/231
f 181/181 230/230 206/206
f 177/177 185/185 220/220
f 188/188 232/232 185/185
f 189/189 177/177 196/196
f 179/179 192/192 196/196
f 196/196 192/192 193/193
f 227/227 197/197 222/222
f 197/197 227/227 234/234
f 178/178 195/195 219/219
f 1290/1290 231/231 181/181
f 231/231 1290/1290 1291/1291
f 1292/1292 174/174 173/173
f 174/174 1292/1292 1293/1293
f 238/238 205/205 1294/1294
f 205/205 238/238 237/237
f 1293/1293 192/192 174/174
f 192/192 1293/1293 1295/1295
f 181/181 1296/1296 1290/1290
f 1295/1295 193/193 192/192
f 193/193 1295/1295 1297/1297
f 1298/1298 173/173 194/194
f 173/173 1298/1298 1292/1292
f 181/181 216/216 1296/1296
f 175/175 231/231 205/205
f 231/231 1294/1294 205/205
f 1294/1294 231/231 1291/1291
f 175/175 239/239 242/242
f 230/230 232/232 206/206
f 232/232 230/230 229/229
f 187/187 221/221 228/228
f 242/242 208/208 209/209
f 208/208 242/242 241/241
f 207/207 208/208 241/241
f 240/240 207/207 463/463
f 182/182 178/178 176/176
f 178/178 182/182 210/210
f 210/210 195/195 178/178
f 164/164 225/225 167/167
f 225/225 218/218 167/167
f 212/212 186/186 220/220
f 186/186 212/212 195/195
f 167/167 218/218 616/616
f 213/213 214/214 168/168
f 209/209 175/175 242/242
f 187/187 227/227 222/222
f 187/187 235/235 227/227
f 175/175 237/237 239/239
f 177/177 188/188 185/185
f 161/161 215/215 170/170
f 216/216 1297/1297 1296/1296
f 1297/1297 216/216 193/193
f 211/211 224/224 218/218
f 218/218 226/226 211/211
f 226/226 190/190 211/211
f 190/190 226/226 219/219
f 219/219 195/195 212/212
f 225/225 226/226 218/218
f 219/219 212/212 190/190
f 212/212 220/220 187/187
f 220/220 221/221 187/187
f 190/190 197/197 211/211
f 222/222 212/212 187/187
f 222/222 190/190 212/212
f 222/222 197/197 190/190
f 220/220 185/185 221/221
f 185/185 232/232 221/221
f 228/228 232/232 229/229
f 232/232 228/228 221/221
f 223/223 224/224 217/217
f 224/224 464/464 217/217
f 224/224 157/157 464/464
f 188/188 177/177 189/189
f 243/243 245/245 455/455
f 245/245 240/240 244/244
f 227/227 235/235 240/240
f 229/229 207/207 228/228
f 207/207 229/229 208/208
f 209/209 229/229 230/230
f 229/229 209/209 208/208
f 230/230 175/175 209/209
f 230/230 231/231 175/175
f 463/463 207/207 241/241
f 214/214 213/213 161/161
f 464/464 233/233 627/627
f 233/233 243/243 627/627
f 233/233 234/234 243/243
f 234/234 227/227 245/245
f 228/228 240/240 235/235
f 240/240 228/228 207/207
f 235/235 187/187 228/228
f 162/162 236/236 200/200
f 236/236 272/272 1299/1299
f 240/240 462/462 244/244
f 463/463 462/462 240/240
f 455/455 245/245 244/244
f 240/240 245/245 227/227
f 234/234 245/245 243/243
f 156/156 213/213 168/168
f 170/170 214/214 161/161
f 170/170 215/215 203/203
f 616/616 218/218 223/223
f 1300/1300 353/353 260/260
f 260/260 1301/1301 1300/1300
f 358/358 1302/1302 1301/1301
f 1301/1301 260/260 358/358
f 1300/1300 1303/1303 353/353
f 624/624 353/353 1303/1303
f 614/614 1302/1302 358/358
f 358/358 623/623 614/614
f 1304/1304 250/250 251/251
f 265/265 270/270 271/271
f 254/254 265/265 271/271
f 255/255 273/273 269/269
f 253/253 271/271 268/268
f 271/271 253/253 254/254
f 265/265 254/254 264/264
f 254/254 263/263 264/264
f 267/267 426/426 425/425
f 617/617 255/255 269/269
f 252/252 257/257 409/409
f 257/257 252/252 256/256
f 251/251 256/256 252/252
f 256/256 251/251 258/258
f 1305/1305 259/259 250/250
f 274/274 275/275 261/261
f 250/250 258/258 251/251
f 258/258 250/250 259/259
f 257/257 256/256 1306/1306
f 256/256 258/258 1306/1306
f 1307/1307 1306/1306 258/258
f 259/259 1305/1305 1307/1307
f 258/258 259/259 1307/1307
f 1308/1308 1309/1309 1310/1310
f 254/254 253/253 263/263
f 255/255 456/456 262/262
f 263/263 253/253 262/262
f 273/273 255/255 262/262
f 456/456 1311/1311 262/262
f 1311/1311 456/456 1312/1312
f 262/262 1313/1313 263/263
f 1313/1313 262/262 1311/1311
f 263/263 1314/1314 264/264
f 1314/1314 263/263 1313/1313
f 264/264 1314/1314 265/265
f 265/265 1314/1314 1315/1315
f 265/265 1315/1315 266/266
f 266/266 1315/1315 1316/1316
f 1304/1304 251/251 1317/1317
f 251/251 252/252 1317/1317
f 1317/1317 409/409 1318/1318
f 409/409 1317/1317 252/252
f 1310/1310 1309/1309 1319/1319
f 1319/1319 1320/1320 1321/1321
f 1319/1319 1321/1321 1322/1322
f 1323/1323 1322/1322 1321/1321
f 1322/1322 1323/1323 1324/1324
f 1324/1324 1323/1323 1325/1325
f 1325/1325 1323/1323 1326/1326
f 1325/1325 1326/1326 1327/1327
f 1328/1328 1327/1327 1329/1329
f 1327/1327 1328/1328 1330/1330
f 1327/1327 1326/1326 1329/1329
f 1319/1319 1309/1309 1320/1320
f 1309/1309 1308/1308 1331/1331
f 266/266 270/270 265/265
f 270/270 266/266 267/267
f 267/267 266/266 426/426
f 253/253 268/268 269/269
f 262/262 253/253 273/273
f 273/273 253/253 269/269
f 1305/1305 250/250 274/274
f 1332/1332 274/274 1333/1333
f 1333/1333 274/274 250/250
f 1333/1333 250/250 1304/1304
f 601/601 620/620 280/280
f 283/283 621/621 601/601
f 625/625 603/603 289/289
f 280/280 286/286 601/601
f 601/601 286/286 283/283
f 335/335 287/287 292/292
f 292/292 287/287 369/369
f 293/293 305/305 343/343
f 299/299 297/297 298/298
f 297/297 299/299 296/296
f 300/300 298/298 297/297
f 298/298 300/300 1334/1334
f 301/301 302/302 303/303
f 302/302 301/301 304/304
f 301/301 303/303 305/305
f 305/305 306/306 301/301
f 302/302 304/304 299/299
f 296/296 299/299 304/304
f 305/305 293/293 1335/1335
f 1335/1335 306/306 305/305
f 308/308 302/302 299/299
f 315/315 295/295 310/310
f 295/295 315/315 309/309
f 312/312 303/303 302/302
f 343/343 305/305 294/294
f 282/282 307/307 308/308
f 313/313 314/314 281/281
f 280/280 1336/1336 286/286
f 1336/1336 340/340 286/286
f 345/345 341/341 338/338
f 291/291 312/312 307/307
f 308/308 313/313 282/282
f 308/308 342/342 309/309
f 285/285 312/312 290/290
f 340/340 317/317 283/283
f 283/283 286/286 340/340
f 1337/1337 1338/1338 317/317
f 1336/1336 1337/1337 340/340
f 313/313 281/281 282/282
f 313/313 308/308 309/309
f 307/307 282/282 291/291
f 1339/1339 1340/1340 339/339
f 298/298 1334/1334 1341/1341
f 1341/1341 342/342 298/298
f 294/294 339/339 1340/1340
f 309/309 315/315 314/314
f 622/622 319/319 337/337
f 321/321 320/320 319/319
f 319/319 322/322 321/321
f 603/603 602/602 323/323
f 324/324 325/325 326/326
f 320/320 321/321 327/327
f 327/327 324/324 320/320
f 327/327 328/328 336/336
f 322/322 330/330 321/321
f 328/328 330/330 316/316
f 321/321 328/328 327/327
f 602/602 337/337 326/326
f 289/289 603/603 323/323
f 292/292 331/331 335/335
f 325/325 324/324 327/327
f 329/329 288/288 332/332
f 288/288 335/335 331/331
f 331/331 332/332 288/288
f 292/292 323/323 333/333
f 323/323 326/326 333/333
f 325/325 334/334 333/333
f 332/332 331/331 333/333
f 331/331 292/292 333/333
f 325/325 327/327 334/334
f 334/334 332/332 333/333
f 334/334 336/336 332/332
f 330/330 322/322 318/318
f 323/323 602/602 326/326
f 337/337 320/320 326/326
f 338/338 330/330 318/318
f 328/328 321/321 330/330
f 329/329 341/341 288/288
f 1338/1338 318/318 317/317
f 338/338 318/318 1338/1338
f 338/338 1338/1338 1342/1342
f 1336/1336 280/280 1343/1343
f 291/291 290/290 312/312
f 316/316 329/329 328/328
f 332/332 336/336 329/329
f 327/327 336/336 334/334
f 329/329 336/336 328/328
f 337/337 319/319 320/320
f 622/622 337/337 604/604
f 369/369 289/289 292/292
f 604/604 337/337 602/602
f 369/369 625/625 289/289
f 316/316 330/330 338/338
f 339/339 294/294 344/344
f 338/338 1342/1342 345/345
f 285/285 311/311 312/312
f 311/311 303/303 312/312
f 314/314 313/313 309/309
f 317/317 340/340 1337/1337
f 341/341 329/329 316/316
f 341/341 316/316 338/338
f 311/311 305/305 303/303
f 312/312 302/302 307/307
f 305/305 311/311 294/294
f 299/299 298/298 342/342
f 307/307 302/302 308/308
f 1341/1341 309/309 342/342
f 299/299 342/342 308/308
f 343/343 294/294 1340/1340
f 309/309 1341/1341 295/295
f 344/344 311/311 284/284
f 284/284 1344/1344 344/344
f 335/335 288/288 368/368
f 285/285 284/284 311/311
f 1344/1344 339/339 344/344
f 344/344 294/294 311/311
f 346/346 404/404 347/347
f 317/317 405/405 406/406
f 318/318 404/404 405/405
f 622/622 611/611 407/407
f 349/349 541/541 612/612
f 621/621 283/283 612/612
f 276/276 346/346 347/347
f 322/322 319/319 408/408
f 319/319 407/407 408/408
f 348/348 371/371 372/372
f 372/372 349/349 348/348
f 349/349 372/372 278/278
f 278/278 541/541 349/349
f 346/346 276/276 371/371
f 371/371 348/348 346/346
f 404/404 322/322 408/408
f 322/322 404/404 318/318
f 347/347 350/350 277/277
f 276/276 347/347 277/277
f 277/277 350/350 279/279
f 279/279 351/351 568/568
f 352/352 353/353 354/354
f 260/260 352/352 355/355
f 353/353 352/352 260/260
f 356/356 357/357 358/358
f 260/260 355/355 358/358
f 358/358 355/355 356/356
f 280/280 357/357 356/356
f 356/356 1343/1343 280/280
f 1345/1345 359/359 1346/1346
f 360/360 352/352 354/354
f 1347/1347 361/361 362/362
f 361/361 1347/1347 1346/1346
f 359/359 361/361 1346/1346
f 363/363 364/364 370/370
f 370/370 359/359 363/363
f 365/365 370/370 364/364
f 366/366 363/363 359/359
f 366/366 367/367 284/284
f 284/284 285/285 366/366
f 1348/1348 1349/1349 1344/1344
f 366/366 359/359 367/367
f 1344/1344 284/284 367/367
f 361/361 370/370 362/362
f 362/362 365/365 281/281
f 357/357 605/605 358/358
f 287/287 360/360 354/354
f 287/287 335/335 368/368
f 1344/1344 367/367 1348/1348
f 367/367 1350/1350 1348/1348
f 353/353 618/618 354/354
f 359/359 1345/1345 1350/1350
f 624/624 618/618 353/353
f 620/620 605/605 357/357
f 369/369 618/618 625/625
f 357/357 280/280 620/620
f 354/354 618/618 369/369
f 363/363 366/366 285/285
f 285/285 290/290 363/363
f 282/282 365/365 291/291
f 364/364 363/363 290/290
f 290/290 291/291 364/364
f 365/365 364/364 291/291
f 368/368 360/360 287/287
f 287/287 354/354 369/369
f 365/365 362/362 370/370
f 359/359 370/370 361/361
f 292/292 289/289 323/323
f 382/382 568/568 619/619
f 568/568 382/382 279/279
f 383/383 279/279 382/382
f 279/279 383/383 277/277
f 384/384 277/277 383/383
f 277/277 384/384 276/276
f 385/385 276/276 384/384
f 276/276 385/385 371/371
f 386/386 371/371 385/385
f 371/371 386/386 372/372
f 401/401 574/574 397/397
f 574/574 401/401 375/375
f 393/393 374/374 394/394
f 374/374 393/393 373/373
f 395/395 373/373 393/393
f 373/373 395/395 376/376
f 396/396 626/626 377/377
f 626/626 396/396 411/411
f 396/396 376/376 395/395
f 376/376 396/396 377/377
f 375/375 619/619 574/574
f 619/619 375/375 382/382
f 374/374 382/382 375/375
f 382/382 374/374 383/383
f 373/373 383/383 374/374
f 383/383 373/373 384/384
f 376/376 384/384 373/373
f 384/384 376/376 385/385
f 377/377 385/385 376/376
f 385/385 377/377 386/386
f 387/387 377/377 626/626
f 377/377 387/387 386/386
f 600/600 403/403 402/402
f 378/378 389/389 379/379
f 389/389 378/378 388/388
f 380/380 388/388 378/378
f 388/388 380/380 390/390
f 587/587 381/381 577/577
f 381/381 587/587 391/391
f 381/381 390/390 380/380
f 390/390 381/381 391/391
f 392/392 397/397 410/410
f 397/397 392/392 401/401
f 388/388 394/394 389/389
f 394/394 388/388 393/393
f 390/390 393/393 388/388
f 393/393 390/390 395/395
f 411/411 391/391 587/587
f 391/391 411/411 396/396
f 391/391 395/395 390/390
f 395/395 391/391 396/396
f 399/399 401/401 392/392
f 401/401 399/399 400/400
f 402/402 403/403 398/398
f 375/375 400/400 374/374
f 400/400 375/375 401/401
f 398/398 392/392 402/402
f 392/392 398/398 399/399
f 410/410 402/402 392/392
f 402/402 410/410 600/600
f 372/372 387/387 278/278
f 387/387 372/372 386/386
f 405/405 349/349 406/406
f 349/349 405/405 348/348
f 406/406 283/283 317/317
f 404/404 348/348 405/405
f 348/348 404/404 346/346
f 405/405 317/317 318/318
f 407/407 319/319 622/622
f 611/611 351/351 407/407
f 406/406 349/349 612/612
f 407/407 347/347 408/408
f 347/347 407/407 350/350
f 408/408 347/347 404/404
f 365/365 282/282 281/281
f 359/359 1350/1350 367/367
f 1347/1347 362/362 281/281
f 279/279 350/350 351/351
f 351/351 350/350 407/407
f 326/326 325/325 333/333
f 288/288 341/341 368/368
f 320/320 324/324 326/326
f 427/427 426/426 417/417
f 426/426 427/427 425/425
f 417/417 438/438 439/439
f 438/438 417/417 426/426
f 417/417 414/414 427/427
f 414/414 417/417 419/419
f 431/431 420/420 415/415
f 420/420 431/431 432/432
f 431/431 429/429 430/430
f 429/429 431/431 415/415
f 422/422 433/433 434/434
f 433/433 422/422 418/418
f 419/419 440/440 436/436
f 431/431 430/430 435/435
f 437/437 435/435 436/436
f 416/416 414/414 423/423
f 439/439 419/419 417/417
f 419/419 439/439 440/440
f 421/421 413/413 437/437
f 413/413 424/424 437/437
f 422/422 429/429 418/418
f 429/429 422/422 430/430
f 430/430 422/422 435/435
f 422/422 434/434 435/435
f 431/431 435/435 432/432
f 432/432 424/424 420/420
f 424/424 432/432 437/437
f 432/432 435/435 437/437
f 434/434 416/416 423/423
f 416/416 434/434 433/433
f 434/434 423/423 435/435
f 435/435 423/423 436/436
f 414/414 436/436 423/423
f 436/436 414/414 419/419
f 436/436 421/421 437/437
f 266/266 438/438 426/426
f 266/266 1316/1316 438/438
f 439/439 1316/1316 412/412
f 1316/1316 439/439 438/438
f 440/440 412/412 428/428
f 412/412 440/440 439/439
f 440/440 428/428 421/421
f 436/436 440/440 421/421
f 1351/1351 454/454 548/548
f 454/454 1351/1351 1352/1352
f 553/553 1352/1352 1353/1353
f 1352/1352 553/553 454/454
f 1351/1351 548/548 1354/1354
f 1355/1355 1354/1354 548/548
f 1356/1356 553/553 1353/1353
f 553/553 1356/1356 1357/1357
f 1358/1358 447/447 446/446
f 460/460 469/469 468/468
f 450/450 469/469 460/460
f 1359/1359 467/467 470/470
f 449/449 469/469 450/450
f 469/469 449/449 466/466
f 460/460 459/459 450/450
f 450/450 459/459 458/458
f 465/465 641/641 642/642
f 1360/1360 467/467 1359/1359
f 448/448 1361/1361 1362/1362
f 1362/1362 451/451 448/448
f 447/447 448/448 451/451
f 451/451 452/452 447/447
f 1363/1363 446/446 453/453
f 471/471 1363/1363 1364/1364
f 446/446 447/447 452/452
f 452/452 453/453 446/446
f 1362/1362 1365/1365 451/451
f 451/451 1365/1365 452/452
f 1366/1366 452/452 1365/1365
f 453/453 1366/1366 1363/1363
f 452/452 1366/1366 453/453
f 1367/1367 1368/1368 1369/1369
f 450/450 458/458 449/449
f 1359/1359 457/457 1370/1370
f 458/458 457/457 449/449
f 470/470 457/457 1359/1359
f 1370/1370 1371/1371 1372/1372
f 1371/1371 1370/1370 457/457
f 457/457 1373/1373 1371/1371
f 1373/1373 457/457 458/458
f 458/458 1374/1374 1373/1373
f 1374/1374 458/458 459/459
f 459/459 460/460 1374/1374
f 460/460 1375/1375 1374/1374
f 460/460 461/461 1375/1375
f 461/461 1376/1376 1375/1375
f 1358/1358 1377/1377 447/447
f 447/447 1377/1377 448/448
f 1377/1377 1361/1361 448/448
f 1361/1361 1377/1377 1378/1378
f 1368/1368 1379/1379 1369/1369
f 1379/1379 1380/1380 1381/1381
f 1379/1379 1382/1382 1380/1380
f 1383/1383 1382/1382 1384/1384
f 1382/1382 1383/1383 1380/1380
f 1384/1384 1385/1385 1383/1383
f 1385/1385 1386/1386 1383/1383
f 1385/1385 1387/1387 1386/1386
f 1388/1388 1387/1387 1389/1389
f 1387/1387 1388/1388 1390/1390
f 1387/1387 1390/1390 1386/1386
f 1379/1379 1381/1381 1369/1369
f 1369/1369 1391/1391 1367/1367
f 461/461 468/468 465/465
f 468/468 461/461 460/460
f 465/465 642/642 461/461
f 449/449 467/467 466/466
f 457/457 470/470 449/449
f 470/470 467/467 449/449
f 1363/1363 471/471 446/446
f 1392/1392 1393/1393 471/471
f 1393/1393 446/446 471/471
f 1393/1393 1358/1358 446/446
f 1394/1394 475/475 1395/1395
f 478/478 1394/1394 1396/1396
f 1397/1397 484/484 1398/1398
f 475/475 1394/1394 481/481
f 1394/1394 478/478 481/481
f 530/530 487/487 482/482
f 487/487 564/564 482/482
f 488/488 538/538 500/500
f 494/494 493/493 492/492
f 492/492 491/491 494/494
f 495/495 492/492 493/493
f 493/493 1399/1399 495/495
f 496/496 498/498 497/497
f 497/497 499/499 496/496
f 496/496 500/500 498/498
f 500/500 496/496 501/501
f 497/497 494/494 499/499
f 491/491 499/499 494/494
f 500/500 1400/1400 488/488
f 1400/1400 500/500 501/501
f 503/503 494/494 497/497
f 510/510 505/505 490/490
f 490/490 504/504 510/510
f 507/507 497/497 498/498
f 538/538 489/489 500/500
f 477/477 503/503 502/502
f 508/508 476/476 509/509
f 475/475 481/481 1401/1401
f 1401/1401 481/481 535/535
f 540/540 533/533 536/536
f 486/486 502/502 507/507
f 503/503 477/477 508/508
f 503/503 504/504 537/537
f 480/480 485/485 507/507
f 535/535 478/478 512/512
f 478/478 535/535 481/481
f 1402/1402 512/512 1403/1403
f 1401/1401 535/535 1402/1402
f 508/508 477/477 476/476
f 508/508 504/504 503/503
f 502/502 486/486 477/477
f 1404/1404 534/534 1405/1405
f 493/493 1406/1406 1399/1399
f 1406/1406 493/493 537/537
f 489/489 1405/1405 534/534
f 504/504 509/509 510/510
f 1407/1407 532/532 514/514
f 516/516 514/514 515/515
f 514/514 516/516 517/517
f 1398/1398 518/518 1408/1408
f 519/519 521/521 520/520
f 515/515 522/522 516/516
f 522/522 515/515 519/519
f 522/522 531/531 523/523
f 517/517 516/516 525/525
f 523/523 511/511 525/525
f 516/516 522/522 523/523
f 1408/1408 521/521 532/532
f 484/484 518/518 1398/1398
f 487/487 530/530 526/526
f 520/520 522/522 519/519
f 524/524 527/527 483/483
f 483/483 526/526 530/530
f 526/526 483/483 527/527
f 487/487 528/528 518/518
f 518/518 528/528 521/521
f 520/520 528/528 529/529
f 527/527 528/528 526/526
f 526/526 528/528 487/487
f 520/520 529/529 522/522
f 529/529 528/528 527/527
f 529/529 527/527 531/531
f 525/525 513/513 517/517
f 518/518 521/521 1408/1408
f 532/532 521/521 515/515
f 533/533 513/513 525/525
f 523/523 525/525 516/516
f 524/524 483/483 536/536
f 1403/1403 512/512 513/513
f 533/533 1403/1403 513/513
f 533/533 1409/1409 1403/1403
f 1401/1401 1410/1410 475/475
f 486/486 507/507 485/485
f 511/511 523/523 524/524
f 527/527 524/524 531/531
f 522/522 529/529 531/531
f 524/524 523/523 531/531
f 532/532 515/515 514/514
f 1407/1407 1411/1411 532/532
f 564/564 487/487 484/484
f 1411/1411 1408/1408 532/532
f 564/564 484/484 1397/1397
f 511/511 533/533 525/525
f 534/534 539/539 489/489
f 533/533 540/540 1409/1409
f 480/480 507/507 506/506
f 506/506 507/507 498/498
f 509/509 504/504 508/508
f 512/512 1402/1402 535/535
f 536/536 511/511 524/524
f 536/536 533/533 511/511
f 506/506 498/498 500/500
f 507/507 502/502 497/497
f 500/500 489/489 506/506
f 494/494 537/537 493/493
f 502/502 503/503 497/497
f 1406/1406 537/537 504/504
f 494/494 503/503 537/537
f 538/538 1405/1405 489/489
f 504/504 490/490 1406/1406
f 539/539 479/479 506/506
f 479/479 539/539 1412/1412
f 530/530 563/563 483/483
f 480/480 506/506 479/479
f 1412/1412 539/539 534/534
f 539/539 506/506 489/489
f 542/542 543/543 606/606
f 512/512 608/608 607/607
f 513/513 607/607 606/606
f 1407/1407 609/609 1413/1413
f 545/545 1414/1414 1415/1415
f 1396/1396 1414/1414 478/478
f 472/472 543/543 542/542
f 517/517 610/610 514/514
f 514/514 610/610 609/609
f 544/544 567/567 566/566
f 567/567 544/544 545/545
f 545/545 1416/1416 567/567
f 1416/1416 545/545 1415/1415
f 542/542 566/566 472/472
f 566/566 542/542 544/544
f 606/606 517/517 513/513
f 517/517 606/606 610/610
f 543/543 473/473 546/546
f 472/472 473/473 543/543
f 473/473 474/474 546/546
f 474/474 1417/1417 1418/1418
f 547/547 549/549 548/548
f 454/454 550/550 547/547
f 548/548 454/454 547/547
f 551/551 553/553 552/552
f 454/454 553/553 550/550
f 553/553 551/551 550/550
f 475/475 551/551 552/552
f 551/551 475/475 1410/1410
f 1419/1419 1420/1420 554/554
f 555/555 549/549 547/547
f 1421/1421 557/557 556/556
f 556/556 1420/1420 1421/1421
f 554/554 1420/1420 556/556
f 558/558 565/565 559/559
f 565/565 558/558 554/554
f 560/560 559/559 565/565
f 561/561 554/554 558/558
f 561/561 479/479 562/562
f 479/479 561/561 480/480
f 1422/1422 1412/1412 1423/1423
f 561/561 562/562 554/554
f 1412/1412 562/562 479/479
f 556/556 557/557 565/565
f 557/557 476/476 560/560
f 552/552 553/553 1424/1424
f 482/482 549/549 555/555
f 482/482 563/563 530/530
f 1412/1412 1422/1422 562/562
f 562/562 1422/1422 1425/1425
f 548/548 549/549 1426/1426
f 554/554 1425/1425 1419/1419
f 1355/1355 548/548 1426/1426
f 1395/1395 552/552 1424/1424
f 564/564 1397/1397 1426/1426
f 552/552 1395/1395 475/475
f 549/549 564/564 1426/1426
f 558/558 480/480 561/561
f 480/480 558/558 485/485
f 477/477 486/486 560/560
f 559/559 485/485 558/558
f 485/485 559/559 486/486
f 560/560 486/486 559/559
f 563/563 482/482 555/555
f 482/482 564/564 549/549
f 560/560 565/565 557/557
f 554/554 556/556 565/565
f 487/487 518/518 484/484
f 580/580 1417/1417 474/474
f 1417/1417 580/580 1427/1427
f 581/581 474/474 473/473
f 474/474 581/581 580/580
f 582/582 473/473 472/472
f 473/473 582/582 581/581
f 583/583 472/472 566/566
f 472/472 583/583 582/582
f 584/584 566/566 567/567
f 566/566 584/584 583/583
f 598/598 1428/1428 571/571
f 1428/1428 598/598 1429/1429
f 591/591 570/570 569/569
f 570/570 591/591 592/592
f 593/593 569/569 572/572
f 569/569 593/593 591/591
f 594/594 1430/1430 1431/1431
f 1430/1430 594/594 573/573
f 594/594 572/572 573/573
f 572/572 594/594 593/593
f 571/571 1427/1427 580/580
f 1427/1427 571/571 1428/1428
f 570/570 580/580 581/581
f 580/580 570/570 571/571
f 569/569 581/581 582/582
f 581/581 569/569 570/570
f 572/572 582/582 583/583
f 582/582 572/572 569/569
f 573/573 583/583 584/584
f 583/583 573/573 572/572
f 1432/1432 573/573 584/584
f 573/573 1432/1432 1430/1430
f 1433/1433 599/599 1434/1434
f 575/575 586/586 585/585
f 586/586 575/575 576/576
f 578/578 585/585 588/588
f 585/585 578/578 575/575
f 1435/1435 579/579 589/589
f 579/579 1435/1435 1436/1436
f 579/579 588/588 589/589
f 588/588 579/579 578/578
f 590/590 1429/1429 598/598
f 1429/1429 590/590 1437/1437
f 585/585 592/592 591/591
f 592/592 585/585 586/586
f 588/588 591/591 593/593
f 591/591 588/588 585/585
f 1431/1431 589/589 594/594
f 589/589 1431/1431 1435/1435
f 589/589 593/593 594/594
f 593/593 589/589 588/588
f 596/596 598/598 597/597
f 598/598 596/596 590/590
f 599/599 595/595 1434/1434
f 571/571 597/597 598/598
f 597/597 571/571 570/570
f 595/595 590/590 596/596
f 590/590 595/595 599/599
f 1437/1437 599/599 1433/1433
f 599/599 1437/1437 590/590
f 567/567 1432/1432 584/584
f 1432/1432 567/567 1416/1416
f 607/607 545/545 544/544
f 545/545 607/607 608/608
f 608/608 512/512 478/478
f 606/606 544/544 542/542
f 544/544 606/606 607/607
f 607/607 513/513 512/512
f 609/609 1407/1407 514/514
f 1413/1413 609/609 1418/1418
f 608/608 1414/1414 545/545
f 609/609 543/543 546/546
f 543/543 609/609 610/610
f 610/610 606/606 543/543
f 560/560 476/476 477/477
f 554/554 562/562 1425/1425
f 1421/1421 476/476 557/557
f 474/474 1418/1418 546/546
f 1418/1418 609/609 546/546
f 521/521 528/528 520/520
f 483/483 563/563 536/536
f 515/515 521/521 519/519
f 643/643 642/642 641/641
f 642/642 643/643 633/633
f 633/633 654/654 642/642
f 654/654 633/633 655/655
f 633/633 630/630 635/635
f 630/630 633/633 643/643
f 647/647 636/636 648/648
f 636/636 647/647 631/631
f 647/647 645/645 631/631
f 645/645 647/647 646/646
f 638/638 649/649 634/634
f 649/649 638/638 650/650
f 635/635 652/652 656/656
f 647/647 651/651 646/646
f 653/653 652/652 651/651
f 632/632 639/639 630/630
f 655/655 635/635 656/656
f 635/635 655/655 633/633
f 637/637 653/653 629/629
f 629/629 653/653 640/640
f 638/638 645/645 646/646
f 645/645 638/638 634/634
f 646/646 651/651 638/638
f 638/638 651/651 650/650
f 647/647 648/648 651/651
f 648/648 640/640 653/653
f 640/640 648/648 636/636
f 648/648 653/653 651/651
f 650/650 632/632 649/649
f 632/632 650/650 639/639
f 650/650 651/651 639/639
f 651/651 652/652 639/639
f 630/630 652/652 635/635
f 652/652 630/630 639/639
f 652/652 653/653 637/637
f 461/461 642/642 654/654
f 461/461 654/654 1376/1376
f 655/655 1376/1376 654/654
f 1376/1376 655/655 628/628
f 656/656 628/628 655/655
f 628/628 656/656 644/644
f 656/656 637/637 644/644
f 652/652 637/637 656/656
f 283/283 406/406 612/612
f 1414/1414 608/608 478/478
f 605/605 623/623 358/358
f 553/553 1357/1357 1424/1424
f 657/657 658/658 807/807
f 660/660 659/659 661/661
f 663/663 662/662 664/664
f 665/665 664/664 662/662
f 669/669 666/666 668/668
f 668/668 667/667 669/669
f 660/660 670/670 671/671
f 702/702 660/660 671/671
f 673/673 667/667 674/674
f 669/669 667/667 1438/1438
f 674/674 677/677 676/676
f 677/677 674/674 675/675
f 679/679 678/678 680/680
f 671/671 681/681 672/672
f 677/677 664/664 682/682
f 664/664 677/677 675/675
f 1439/1439 674/674 1440/1440
f 676/676 1440/1440 674/674
f 665/665 683/683 682/682
f 684/684 681/681 679/679
f 671/671 679/679 681/681
f 686/686 685/685 683/683
f 687/687 676/676 688/688
f 677/677 688/688 676/676
f 677/677 682/682 688/688
f 689/689 688/688 682/682
f 689/689 682/682 683/683
f 1440/1440 687/687 690/690
f 687/687 1440/1440 676/676
f 686/686 681/681 691/691
f 684/684 691/691 681/681
f 692/692 685/685 693/693
f 686/686 693/693 685/685
f 688/688 694/694 687/687
f 695/695 687/687 694/694
f 688/688 689/689 694/694
f 696/696 694/694 689/689
f 691/691 1441/1441 699/699
f 697/697 699/699 1441/1441
f 693/693 691/691 699/699
f 691/691 693/693 686/686
f 689/689 685/685 696/696
f 701/701 694/694 700/700
f 696/696 700/700 694/694
f 701/701 698/698 694/694
f 695/695 694/694 698/698
f 692/692 696/696 685/685
f 696/696 692/692 700/700
f 695/695 690/690 687/687
f 690/690 695/695 1442/1442
f 698/698 1442/1442 695/695
f 660/660 661/661 670/670
f 669/669 806/806 809/809
f 662/662 702/702 665/665
f 672/672 665/665 702/702
f 674/674 668/668 675/675
f 668/668 666/666 663/663
f 669/669 1438/1438 806/806
f 670/670 661/661 808/808
f 659/659 660/660 702/702
f 683/683 672/672 681/681
f 665/665 672/672 683/683
f 664/664 665/665 682/682
f 684/684 679/679 680/680
f 666/666 669/669 809/809
f 685/685 689/689 683/683
f 691/691 684/684 680/680
f 1441/1441 691/691 680/680
f 681/681 686/686 683/683
f 1443/1443 806/806 1438/1438
f 807/807 670/670 808/808
f 658/658 670/670 807/807
f 703/703 705/705 662/662
f 703/703 662/662 704/704
f 670/670 678/678 679/679
f 673/673 674/674 1439/1439
f 1444/1444 678/678 670/670
f 663/663 675/675 668/668
f 675/675 663/663 664/664
f 668/668 674/674 667/667
f 702/702 671/671 672/672
f 1438/1438 667/667 673/673
f 658/658 1444/1444 670/670
f 670/670 679/679 671/671
f 704/704 662/662 663/663
f 705/705 702/702 662/662
f 712/712 858/858 867/867
f 705/705 703/703 708/708
f 704/704 709/709 703/703
f 716/716 714/714 709/709
f 710/710 708/708 711/711
f 708/708 703/703 713/713
f 703/703 714/714 713/713
f 864/864 711/711 863/863
f 711/711 864/864 710/710
f 703/703 709/709 714/714
f 708/708 713/713 706/706
f 863/863 707/707 715/715
f 707/707 863/863 711/711
f 711/711 708/708 706/706
f 711/711 706/706 707/707
f 659/659 702/702 708/708
f 710/710 864/864 661/661
f 709/709 666/666 712/712
f 809/809 712/712 666/666
f 712/712 809/809 858/858
f 661/661 659/659 710/710
f 659/659 708/708 710/710
f 709/709 712/712 716/716
f 663/663 709/709 704/704
f 702/702 705/705 708/708
f 663/663 666/666 709/709
f 712/712 867/867 716/716
f 661/661 864/864 808/808
f 717/717 719/719 718/718
f 719/719 721/721 720/720
f 719/719 720/720 718/718
f 722/722 724/724 723/723
f 721/721 719/719 725/725
f 1445/1445 727/727 726/726
f 728/728 730/730 729/729
f 729/729 731/731 728/728
f 730/730 732/732 727/727
f 727/727 729/729 730/730
f 726/726 727/727 733/733
f 731/731 729/729 734/734
f 734/734 735/735 731/731
f 734/734 727/727 1446/1446
f 1445/1445 1446/1446 727/727
f 738/738 740/740 739/739
f 740/740 1447/1447 739/739
f 741/741 1448/1448 1449/1449
f 1449/1449 742/742 741/741
f 742/742 1449/1449 722/722
f 722/722 739/739 742/742
f 723/723 738/738 739/739
f 1447/1447 1450/1450 742/742
f 742/742 739/739 1447/1447
f 1450/1450 1451/1451 741/741
f 741/741 742/742 1450/1450
f 722/722 723/723 739/739
f 718/718 744/744 743/743
f 744/744 718/718 720/720
f 1452/1452 741/741 1451/1451
f 1447/1447 740/740 745/745
f 1451/1451 1453/1453 1452/1452
f 734/734 729/729 727/727
f 738/738 746/746 740/740
f 746/746 738/738 743/743
f 726/726 725/725 1445/1445
f 1445/1445 725/725 747/747
f 726/726 748/748 725/725
f 748/748 726/726 736/736
f 733/733 736/736 726/726
f 733/733 732/732 1454/1454
f 740/740 749/749 745/745
f 749/749 740/740 750/750
f 750/750 746/746 751/751
f 746/746 750/750 740/740
f 750/750 752/752 749/749
f 752/752 750/750 753/753
f 753/753 751/751 754/754
f 751/751 753/753 750/750
f 719/719 717/717 747/747
f 747/747 725/725 719/719
f 748/748 721/721 725/725
f 718/718 743/743 738/738
f 753/753 755/755 1455/1455
f 755/755 753/753 754/754
f 1456/1456 737/737 1454/1454
f 737/737 1456/1456 756/756
f 1457/1457 756/756 1456/1456
f 756/756 1457/1457 1458/1458
f 1459/1459 1460/1460 1461/1461
f 1460/1460 1459/1459 1462/1462
f 1463/1463 1460/1460 1464/1464
f 1460/1460 1463/1463 1461/1461
f 1464/1464 757/757 1463/1463
f 757/757 1464/1464 758/758
f 1465/1465 743/743 759/759
f 743/743 1465/1465 746/746
f 758/758 760/760 757/757
f 760/760 758/758 761/761
f 1466/1466 759/759 762/762
f 759/759 1466/1466 1465/1465
f 1466/1466 763/763 1467/1467
f 763/763 1466/1466 762/762
f 1468/1468 736/736 737/737
f 736/736 1468/1468 764/764
f 1469/1469 764/764 1468/1468
f 764/764 1469/1469 1470/1470
f 1471/1471 1472/1472 1473/1473
f 1472/1472 1471/1471 1474/1474
f 1475/1475 1472/1472 1476/1476
f 1472/1472 1475/1475 1473/1473
f 1476/1476 765/765 1475/1475
f 765/765 1476/1476 766/766
f 1477/1477 744/744 767/767
f 744/744 1477/1477 743/743
f 766/766 768/768 765/765
f 768/768 766/766 769/769
f 1478/1478 767/767 770/770
f 767/767 1478/1478 1477/1477
f 1478/1478 771/771 1479/1479
f 771/771 1478/1478 770/770
f 1480/1480 748/748 736/736
f 748/748 1480/1480 772/772
f 1481/1481 772/772 1480/1480
f 772/772 1481/1481 1482/1482
f 1483/1483 1484/1484 1485/1485
f 1484/1484 1483/1483 1486/1486
f 1487/1487 1484/1484 1488/1488
f 1484/1484 1487/1487 1485/1485
f 1488/1488 773/773 1487/1487
f 773/773 1488/1488 774/774
f 744/744 720/720 775/775
f 775/775 1489/1489 744/744
f 774/774 776/776 773/773
f 776/776 774/774 777/777
f 1490/1490 775/775 778/778
f 775/775 1490/1490 1489/1489
f 1490/1490 779/779 1491/1491
f 779/779 1490/1490 778/778
f 1492/1492 721/721 748/748
f 721/721 1492/1492 780/780
f 1493/1493 780/780 1492/1492
f 780/780 1493/1493 1494/1494
f 1495/1495 775/775 1496/1496
f 775/775 1495/1495 778/778
f 721/721 775/775 720/720
f 775/775 721/721 1496/1496
f 1454/1454 737/737 733/733
f 733/733 727/727 732/732
f 737/737 736/736 733/733
f 781/781 783/783 782/782
f 795/795 784/784 783/783
f 784/784 795/795 796/796
f 785/785 797/797 798/798
f 797/797 785/785 786/786
f 787/787 1497/1497 799/799
f 1497/1497 787/787 1498/1498
f 798/798 781/781 785/785
f 786/786 799/799 797/797
f 799/799 786/786 787/787
f 783/783 781/781 795/795
f 781/781 798/798 794/794
f 785/785 781/781 782/782
f 795/795 781/781 794/794
f 782/782 789/789 788/788
f 789/789 782/782 783/783
f 790/790 783/783 784/784
f 783/783 790/790 789/789
f 786/786 792/792 791/791
f 792/792 786/786 785/785
f 787/787 1499/1499 1498/1498
f 1499/1499 787/787 793/793
f 787/787 786/786 791/791
f 791/791 793/793 787/787
f 782/782 792/792 785/785
f 792/792 782/782 788/788
f 747/747 717/717 788/788
f 717/717 792/792 788/788
f 792/792 717/717 718/718
f 792/792 738/738 791/791
f 738/738 792/792 718/718
f 724/724 1499/1499 793/793
f 793/793 723/723 724/724
f 793/793 791/791 723/723
f 738/738 723/723 791/791
f 747/747 789/789 790/790
f 790/790 1445/1445 747/747
f 789/789 747/747 788/788
f 801/801 794/794 800/800
f 794/794 801/801 795/795
f 802/802 795/795 801/801
f 795/795 802/802 796/796
f 804/804 797/797 803/803
f 797/797 804/804 798/798
f 803/803 799/799 805/805
f 799/799 803/803 797/797
f 800/800 798/798 804/804
f 798/798 800/800 794/794
f 805/805 1497/1497 1500/1500
f 1497/1497 805/805 799/799
f 1501/1501 1502/1502 810/810
f 812/812 813/813 811/811
f 815/815 816/816 814/814
f 817/817 814/814 816/816
f 821/821 820/820 818/818
f 820/820 821/821 819/819
f 812/812 823/823 822/822
f 854/854 823/823 812/812
f 825/825 826/826 819/819
f 821/821 1503/1503 819/819
f 826/826 828/828 829/829
f 829/829 827/827 826/826
f 831/831 832/832 830/830
f 823/823 824/824 833/833
f 829/829 834/834 816/816
f 816/816 827/827 829/829
f 1504/1504 1505/1505 826/826
f 828/828 826/826 1505/1505
f 817/817 834/834 835/835
f 836/836 831/831 833/833
f 823/823 833/833 831/831
f 838/838 835/835 837/837
f 839/839 840/840 828/828
f 829/829 828/828 840/840
f 829/829 840/840 834/834
f 841/841 834/834 840/840
f 841/841 835/835 834/834
f 1505/1505 842/842 839/839
f 839/839 828/828 1505/1505
f 838/838 843/843 833/833
f 836/836 833/833 843/843
f 844/844 845/845 837/837
f 838/838 837/837 845/845
f 840/840 839/839 846/846
f 847/847 846/846 839/839
f 840/840 846/846 841/841
f 848/848 841/841 846/846
f 843/843 851/851 1506/1506
f 849/849 1506/1506 851/851
f 845/845 851/851 843/843
f 843/843 838/838 845/845
f 841/841 848/848 837/837
f 853/853 852/852 846/846
f 848/848 846/846 852/852
f 853/853 846/846 850/850
f 847/847 850/850 846/846
f 844/844 837/837 848/848
f 848/848 852/852 844/844
f 847/847 839/839 842/842
f 842/842 1507/1507 847/847
f 850/850 847/847 1507/1507
f 812/812 822/822 813/813
f 821/821 1508/1508 1509/1509
f 814/814 817/817 854/854
f 824/824 854/854 817/817
f 826/826 827/827 820/820
f 820/820 815/815 818/818
f 821/821 1509/1509 1503/1503
f 822/822 1510/1510 813/813
f 811/811 854/854 812/812
f 835/835 833/833 824/824
f 817/817 835/835 824/824
f 816/816 834/834 817/817
f 836/836 832/832 831/831
f 818/818 1508/1508 821/821
f 837/837 835/835 841/841
f 843/843 832/832 836/836
f 1506/1506 832/832 843/843
f 833/833 835/835 838/838
f 1511/1511 1503/1503 1509/1509
f 1502/1502 1510/1510 822/822
f 810/810 1502/1502 822/822
f 855/855 814/814 857/857
f 855/855 856/856 814/814
f 822/822 831/831 830/830
f 825/825 1504/1504 826/826
f 1512/1512 822/822 830/830
f 815/815 820/820 827/827
f 827/827 816/816 815/815
f 820/820 819/819 826/826
f 854/854 824/824 823/823
f 1503/1503 825/825 819/819
f 810/810 822/822 1512/1512
f 822/822 823/823 831/831
f 856/856 815/815 814/814
f 857/857 814/814 854/854
f 868/868 1513/1513 1514/1514
f 857/857 861/861 855/855
f 856/856 855/855 862/862
f 871/871 862/862 870/870
f 865/865 866/866 861/861
f 861/861 869/869 855/855
f 855/855 869/869 870/870
f 1515/1515 1516/1516 866/866
f 866/866 865/865 1515/1515
f 855/855 870/870 862/862
f 861/861 859/859 869/869
f 1516/1516 1517/1517 860/860
f 860/860 866/866 1516/1516
f 866/866 859/859 861/861
f 866/866 860/860 859/859
f 811/811 861/861 854/854
f 865/865 813/813 1515/1515
f 862/862 868/868 818/818
f 1508/1508 818/818 868/868
f 868/868 1514/1514 1508/1508
f 813/813 865/865 811/811
f 811/811 865/865 861/861
f 862/862 871/871 868/868
f 815/815 856/856 862/862
f 854/854 861/861 857/857
f 815/815 862/862 818/818
f 868/868 871/871 1513/1513
f 813/813 1510/1510 1515/1515
f 872/872 873/873 874/874
f 874/874 875/875 876/876
f 874/874 873/873 875/875
f 877/877 878/878 879/879
f 876/876 880/880 874/874
f 1518/1518 881/881 882/882
f 883/883 884/884 885/885
f 884/884 883/883 886/886
f 885/885 882/882 887/887
f 882/882 885/885 884/884
f 881/881 888/888 882/882
f 886/886 889/889 884/884
f 889/889 886/886 890/890
f 889/889 1519/1519 882/882
f 1518/1518 882/882 1519/1519
f 893/893 894/894 895/895
f 895/895 894/894 1520/1520
f 896/896 1521/1521 1522/1522
f 1521/1521 896/896 897/897
f 897/897 877/877 1521/1521
f 877/877 897/897 894/894
f 878/878 894/894 893/893
f 1520/1520 897/897 1523/1523
f 897/897 1520/1520 894/894
f 1523/1523 896/896 1524/1524
f 896/896 1523/1523 897/897
f 877/877 894/894 878/878
f 873/873 898/898 899/899
f 899/899 875/875 873/873
f 1525/1525 1524/1524 896/896
f 1520/1520 900/900 895/895
f 1524/1524 1525/1525 1526/1526
f 889/889 882/882 884/884
f 893/893 895/895 901/901
f 901/901 898/898 893/893
f 881/881 1518/1518 880/880
f 1518/1518 902/902 880/880
f 881/881 880/880 903/903
f 903/903 891/891 881/881
f 888/888 881/881 891/891
f 888/888 1527/1527 887/887
f 895/895 900/900 904/904
f 904/904 905/905 895/895
f 905/905 906/906 901/901
f 901/901 895/895 905/905
f 905/905 904/904 907/907
f 907/907 908/908 905/905
f 908/908 909/909 906/906
f 906/906 905/905 908/908
f 874/874 902/902 872/872
f 902/902 874/874 880/880
f 903/903 880/880 876/876
f 873/873 893/893 898/898
f 908/908 1528/1528 910/910
f 910/910 909/909 908/908
f 1529/1529 1527/1527 892/892
f 892/892 911/911 1529/1529
f 1530/1530 1529/1529 911/911
f 911/911 1531/1531 1530/1530
f 1532/1532 1533/1533 1534/1534
f 1534/1534 1535/1535 1532/1532
f 1536/1536 1537/1537 1534/1534
f 1534/1534 1533/1533 1536/1536
f 1537/1537 1536/1536 912/912
f 912/912 913/913 1537/1537
f 1538/1538 914/914 898/898
f 898/898 901/901 1538/1538
f 913/913 912/912 915/915
f 915/915 916/916 913/913
f 1539/1539 917/917 914/914
f 914/914 1538/1538 1539/1539
f 1539/1539 1540/1540 918/918
f 918/918 917/917 1539/1539
f 1541/1541 892/892 891/891
f 891/891 919/919 1541/1541
f 1542/1542 1541/1541 919/919
f 919/919 1543/1543 1542/1542
f 1544/1544 1545/1545 1546/1546
f 1546/1546 1547/1547 1544/1544
f 1548/1548 1549/1549 1546/1546
f 1546/1546 1545/1545 1548/1548
f 1549/1549 1548/1548 920/920
f 920/920 921/921 1549/1549
f 1550/1550 922/922 899/899
f 899/899 898/898 1550/1550
f 921/921 920/920 923/923
f 923/923 924/924 921/921
f 1551/1551 925/925 922/922
f 922/922 1550/1550 1551/1551
f 1551/1551 1552/1552 926/926
f 926/926 925/925 1551/1551
f 1553/1553 891/891 903/903
f 903/903 927/927 1553/1553
f 1554/1554 1553/1553 927/927
f 927/927 1555/1555 1554/1554
f 1556/1556 1557/1557 1558/1558
f 1558/1558 1559/1559 1556/1556
f 1560/1560 1561/1561 1558/1558
f 1558/1558 1557/1557 1560/1560
f 1561/1561 1560/1560 928/928
f 928/928 929/929 1561/1561
f 899/899 930/930 875/875
f 930/930 899/899 1562/1562
f 929/929 928/928 931/931
f 931/931 932/932 929/929
f 1563/1563 933/933 930/930
f 930/930 1562/1562 1563/1563
f 1563/1563 1564/1564 934/934
f 934/934 933/933 1563/1563
f 1565/1565 903/903 876/876
f 876/876 935/935 1565/1565
f 1566/1566 1565/1565 935/935
f 935/935 1567/1567 1566/1566
f 1568/1568 1569/1569 930/930
f 930/930 933/933 1568/1568
f 876/876 875/875 930/930
f 930/930 1569/1569 876/876
f 1527/1527 888/888 892/892
f 888/888 887/887 882/882
f 892/892 888/888 891/891
f 936/936 937/937 938/938
f 950/950 938/938 939/939
f 939/939 951/951 950/950
f 940/940 953/953 952/952
f 952/952 941/941 940/940
f 942/942 954/954 1570/1570
f 1570/1570 1571/1571 942/942
f 953/953 940/940 936/936
f 941/941 952/952 954/954
f 954/954 942/942 941/941
f 938/938 950/950 936/936
f 936/936 949/949 953/953
f 940/940 937/937 936/936
f 950/950 949/949 936/936
f 937/937 943/943 944/944
f 944/944 938/938 937/937
f 945/945 939/939 938/938
f 938/938 944/944 945/945
f 941/941 946/946 947/947
f 947/947 940/940 941/941
f 942/942 1571/1571 1572/1572
f 1572/1572 948/948 942/942
f 942/942 946/946 941/941
f 946/946 942/942 948/948
f 937/937 940/940 947/947
f 947/947 943/943 937/937
f 902/902 943/943 872/872
f 872/872 943/943 947/947
f 947/947 873/873 872/872
f 947/947 946/946 893/893
f 893/893 873/873 947/947
f 879/879 948/948 1572/1572
f 948/948 879/879 878/878
f 948/948 878/878 946/946
f 893/893 946/946 878/878
f 902/902 945/945 944/944
f 945/945 902/902 1518/1518
f 944/944 943/943 902/902
f 956/956 949/949 950/950
f 949/949 956/956 955/955
f 957/957 950/950 951/951
f 950/950 957/957 956/956
f 959/959 952/952 953/953
f 952/952 959/959 958/958
f 958/958 954/954 952/952
f 954/954 958/958 960/960
f 955/955 953/953 949/949
f 953/953 955/955 959/959
f 960/960 1570/1570 954/954
f 1570/1570 960/960 1573/1573
f 970/970 961/961 969/969
f 961/961 970/970 962/962
f 971/971 962/962 970/970
f 962/962 971/971 963/963
f 972/972 963/963 971/971
f 963/963 972/972 964/964
f 973/973 964/964 972/972
f 964/964 973/973 965/965
f 974/974 965/965 973/973
f 965/965 974/974 966/966
f 975/975 966/966 974/974
f 966/966 975/975 967/967
f 976/976 967/967 975/975
f 967/967 976/976 968/968
f 969/969 968/968 976/976
f 968/968 969/969 961/961
f 1574/1574 1575/1575 1576/1576
f 1575/1575 1577/1577 1578/1578
f 1577/1577 1579/1579 1580/1580
f 1575/1575 1579/1579 1577/1577
f 1574/1574 1579/1579 1575/1575
f 1574/1574 1581/1581 1579/1579
f 969/969 977/977 970/970
f 970/970 977/977 971/971
f 971/971 977/977 972/972
f 972/972 977/977 973/973
f 973/973 977/977 974/974
f 974/974 977/977 975/975
f 975/975 977/977 976/976
f 976/976 977/977 969/969
f 979/979 978/978 980/980
f 982/982 1002/1002 980/980
f 981/981 980/980 1002/1002
f 983/983 984/984 981/981
f 979/979 985/985 986/986
f 980/980 985/985 979/979
f 985/985 980/980 987/987
f 988/988 990/990 989/989
f 992/992 987/987 999/999
f 987/987 992/992 991/991
f 989/989 990/990 993/993
f 992/992 994/994 991/991
f 995/995 985/985 987/987
f 988/988 996/996 984/984
f 996/996 988/988 989/989
f 996/996 987/987 981/981
f 980/980 981/981 987/987
f 996/996 981/981 984/984
f 991/991 995/995 987/987
f 999/999 996/996 989/989
f 999/999 987/987 996/996
f 998/998 986/986 985/985
f 993/993 997/997 989/989
f 1000/1000 989/989 997/997
f 989/989 1000/1000 999/999
f 1001/1001 1004/1004 978/978
f 979/979 1001/1001 978/978
f 1002/1002 983/983 981/981
f 978/978 982/982 980/980
f 1003/1003 997/997 993/993
f 1004/1004 1001/1001 1005/1005
f 1001/1001 979/979 1006/1006
f 1582/1582 1583/1583 1584/1584
f 1583/1583 1582/1582 1007/1007
f 1008/1008 1007/1007 1582/1582
f 1007/1007 1008/1008 1009/1009
f 1013/1013 1012/1012 1011/1011
f 1012/1012 1013/1013 1014/1014
f 1011/1011 1010/1010 1013/1013
f 1008/1008 1014/1014 1009/1009
f 1014/1014 1008/1008 1012/1012
f 1016/1016 1017/1017 1015/1015
f 1019/1019 1017/1017 1039/1039
f 1018/1018 1039/1039 1017/1017
f 1020/1020 1018/1018 1021/1021
f 1016/1016 1023/1023 1022/1022
f 1017/1017 1016/1016 1022/1022
f 1022/1022 1024/1024 1017/1017
f 1025/1025 1026/1026 1027/1027
f 1029/1029 1036/1036 1024/1024
f 1024/1024 1028/1028 1029/1029
f 1026/1026 1030/1030 1027/1027
f 1029/1029 1028/1028 1031/1031
f 1032/1032 1024/1024 1022/1022
f 1025/1025 1021/1021 1033/1033
f 1033/1033 1026/1026 1025/1025
f 1033/1033 1018/1018 1024/1024
f 1017/1017 1024/1024 1018/1018
f 1033/1033 1021/1021 1018/1018
f 1028/1028 1024/1024 1032/1032
f 1036/1036 1026/1026 1033/1033
f 1036/1036 1033/1033 1024/1024
f 1035/1035 1022/1022 1023/1023
f 1030/1030 1026/1026 1034/1034
f 1037/1037 1034/1034 1026/1026
f 1026/1026 1036/1036 1037/1037
f 1038/1038 1015/1015 1041/1041
f 1016/1016 1015/1015 1038/1038
f 1039/1039 1018/1018 1020/1020
f 1015/1015 1017/1017 1019/1019
f 1040/1040 1030/1030 1034/1034
f 1041/1041 1042/1042 1038/1038
f 1038/1038 1043/1043 1016/1016
f 1585/1585 1586/1586 1044/1044
f 1586/1586 1585/1585 1587/1587
f 1045/1045 1044/1044 1046/1046
f 1044/1044 1045/1045 1585/1585
f 1050/1050 1049/1049 1051/1051
f 1049/1049 1050/1050 1048/1048
f 1048/1048 1050/1050 1047/1047
f 1045/1045 1051/1051 1049/1049
f 1051/1051 1045/1045 1046/1046
f 1054/1054 1061/1061 1052/1052
f 1055/1055 1060/1060 1054/1054
f 1055/1055 1056/1056 1060/1060
f 1056/1056 1057/1057 1060/1060
f 1056/1056 1063/1063 1057/1057
f 1057/1057 1063/1063 1058/1058
f 1059/1059 1067/1067 1064/1064
f 1059/1059 1064/1064 1053/1053
f 1066/1066 1064/1064 1067/1067
f 1064/1064 1066/1066 1065/1065
f 1059/1059 1068/1068 1067/1067
f 1060/1060 1061/1061 1054/1054
f 1064/1064 1065/1065 1053/1053
f 1061/1061 1060/1060 1062/1062
f 1066/1066 1067/1067 1057/1057
f 1067/1067 1060/1060 1057/1057
f 1062/1062 1067/1067 1068/1068
f 1067/1067 1062/1062 1060/1060
f 1071/1071 1069/1069 1078/1078
f 1072/1072 1071/1071 1077/1077
f 1072/1072 1077/1077 1073/1073
f 1073/1073 1077/1077 1074/1074
f 1073/1073 1074/1074 1080/1080
f 1074/1074 1075/1075 1080/1080
f 1076/1076 1081/1081 1084/1084
f 1076/1076 1070/1070 1081/1081
f 1083/1083 1081/1081 1082/1082
f 1081/1081 1083/1083 1084/1084
f 1076/1076 1084/1084 1085/1085
f 1077/1077 1071/1071 1078/1078
f 1081/1081 1070/1070 1082/1082
f 1078/1078 1079/1079 1077/1077
f 1083/1083 1074/1074 1084/1084
f 1084/1084 1074/1074 1077/1077
f 1079/1079 1084/1084 1077/1077
f 1084/1084 1079/1079 1085/1085
f 1086/1086 1132/1132 1087/1087
f 1133/1133 1087/1087 1132/1132
f 1089/1089 1088/1088 1130/1130
f 1135/1135 1130/1130 1088/1088
f 1090/1090 1135/1135 1088/1088
f 1135/1135 1090/1090 1136/1136
f 1090/1090 1133/1133 1136/1136
f 1133/1133 1090/1090 1087/1087
f 1131/1131 1091/1091 1089/1089
f 1089/1089 1130/1130 1131/1131
f 1134/1134 1091/1091 1131/1131
f 1091/1091 1134/1134 1092/1092
f 1132/1132 1086/1086 1134/1134
f 1092/1092 1134/1134 1086/1086
f 1093/1093 1090/1090 1088/1088
f 1088/1088 1094/1094 1093/1093
f 1093/1093 1087/1087 1090/1090
f 1087/1087 1093/1093 1095/1095
f 1096/1096 1089/1089 1097/1097
f 1091/1091 1097/1097 1089/1089
f 1089/1089 1096/1096 1088/1088
f 1094/1094 1088/1088 1096/1096
f 1097/1097 1091/1091 1098/1098
f 1092/1092 1098/1098 1091/1091
f 1086/1086 1087/1087 1099/1099
f 1095/1095 1099/1099 1087/1087
f 1092/1092 1086/1086 1098/1098
f 1099/1099 1098/1098 1086/1086
f 1101/1101 1100/1100 1102/1102
f 1104/1104 1103/1103 1105/1105
f 1103/1103 1104/1104 1106/1106
f 1103/1103 1107/1107 1105/1105
f 1101/1101 1105/1105 1107/1107
f 1103/1103 1106/1106 1094/1094
f 1093/1093 1094/1094 1106/1106
f 1109/1109 1108/1108 1110/1110
f 1112/1112 1111/1111 1113/1113
f 1115/1115 1114/1114 1109/1109
f 1116/1116 1109/1109 1114/1114
f 1096/1096 1113/1113 1094/1094
f 1093/1093 1106/1106 1095/1095
f 1117/1117 1095/1095 1106/1106
f 1117/1117 1102/1102 1118/1118
f 1117/1117 1118/1118 1119/1119
f 1120/1120 1119/1119 1118/1118
f 1117/1117 1119/1119 1095/1095
f 1122/1122 1121/1121 1116/1116
f 1588/1588 1589/1589 1590/1590
f 1590/1590 1589/1589 1591/1591
f 1589/1589 1592/1592 1591/1591
f 1593/1593 1591/1591 1592/1592
f 1111/1111 1107/1107 1113/1113
f 1099/1099 1095/1095 1119/1119
f 1104/1104 1117/1117 1106/1106
f 1117/1117 1104/1104 1102/1102
f 1113/1113 1103/1103 1094/1094
f 1593/1593 1592/1592 1123/1123
f 1594/1594 1123/1123 1592/1592
f 1595/1595 1124/1124 1596/1596
f 1124/1124 1125/1125 1596/1596
f 1104/1104 1105/1105 1102/1102
f 1100/1100 1118/1118 1102/1102
f 1105/1105 1101/1101 1102/1102
f 1597/1597 1108/1108 1109/1109
f 1598/1598 1109/1109 1116/1116
f 1598/1598 1116/1116 1121/1121
f 1597/1597 1109/1109 1598/1598
f 1599/1599 1600/1600 1594/1594
f 1123/1123 1594/1594 1600/1600
f 1596/1596 1600/1600 1595/1595
f 1599/1599 1595/1595 1600/1600
f 1097/1097 1098/1098 1126/1126
f 1127/1127 1126/1126 1098/1098
f 1097/1097 1126/1126 1096/1096
f 1098/1098 1099/1099 1127/1127
f 1128/1128 1113/1113 1096/1096
f 1115/1115 1109/1109 1110/1110
f 1129/1129 1122/1122 1114/1114
f 1119/1119 1129/1129 1099/1099
f 1601/1601 1122/1122 1129/1129
f 1126/1126 1127/1127 1115/1115
f 1114/1114 1115/1115 1127/1127
f 1096/1096 1126/1126 1128/1128
f 1115/1115 1128/1128 1126/1126
f 1099/1099 1129/1129 1127/1127
f 1114/1114 1127/1127 1129/1129
f 1110/1110 1112/1112 1128/1128
f 1119/1119 1601/1601 1129/1129
f 1120/1120 1601/1601 1119/1119
f 1128/1128 1112/1112 1113/1113
f 1113/1113 1107/1107 1103/1103
f 1114/1114 1122/1122 1116/1116
f 1115/1115 1110/1110 1128/1128
f 1137/1137 1138/1138 1183/1183
f 1184/1184 1183/1183 1138/1138
f 1140/1140 1181/1181 1139/1139
f 1186/1186 1139/1139 1181/1181
f 1141/1141 1139/1139 1186/1186
f 1186/1186 1187/1187 1141/1141
f 1141/1141 1187/1187 1184/1184
f 1184/1184 1138/1138 1141/1141
f 1182/1182 1140/1140 1142/1142
f 1140/1140 1182/1182 1181/1181
f 1185/1185 1182/1182 1142/1142
f 1142/1142 1143/1143 1185/1185
f 1183/1183 1185/1185 1137/1137
f 1143/1143 1137/1137 1185/1185
f 1144/1144 1139/1139 1141/1141
f 1139/1139 1144/1144 1145/1145
f 1144/1144 1141/1141 1138/1138
f 1138/1138 1146/1146 1144/1144
f 1147/1147 1148/1148 1140/1140
f 1142/1142 1140/1140 1148/1148
f 1140/1140 1139/1139 1147/1147
f 1145/1145 1147/1147 1139/1139
f 1148/1148 1149/1149 1142/1142
f 1143/1143 1142/1142 1149/1149
f 1137/1137 1150/1150 1138/1138
f 1146/1146 1138/1138 1150/1150
f 1143/1143 1149/1149 1137/1137
f 1150/1150 1137/1137 1149/1149
f 1152/1152 1153/1153 1151/1151
f 1155/1155 1156/1156 1154/1154
f 1154/1154 1157/1157 1155/1155
f 1154/1154 1156/1156 1158/1158
f 1152/1152 1158/1158 1156/1156
f 1154/1154 1145/1145 1157/1157
f 1144/1144 1157/1157 1145/1145
f 1160/1160 1161/1161 1159/1159
f 1163/1163 1164/1164 1162/1162
f 1166/1166 1160/1160 1165/1165
f 1167/1167 1165/1165 1160/1160
f 1147/1147 1145/1145 1164/1164
f 1144/1144 1146/1146 1157/1157
f 1168/1168 1157/1157 1146/1146
f 1168/1168 1169/1169 1153/1153
f 1168/1168 1170/1170 1169/1169
f 1171/1171 1169/1169 1170/1170
f 1168/1168 1146/1146 1170/1170
f 1173/1173 1167/1167 1172/1172
f 1602/1602 1603/1603 1604/1604
f 1603/1603 1605/1605 1604/1604
f 1604/1604 1605/1605 1606/1606
f 1607/1607 1606/1606 1605/1605
f 1162/1162 1164/1164 1158/1158
f 1150/1150 1170/1170 1146/1146
f 1155/1155 1157/1157 1168/1168
f 1168/1168 1153/1153 1155/1155
f 1164/1164 1145/1145 1154/1154
f 1607/1607 1174/1174 1606/1606
f 1608/1608 1606/1606 1174/1174
f 1609/1609 1610/1610 1175/1175
f 1175/1175 1610/1610 1176/1176
f 1155/1155 1153/1153 1156/1156
f 1151/1151 1153/1153 1169/1169
f 1156/1156 1153/1153 1152/1152
f 1611/1611 1160/1160 1159/1159
f 1612/1612 1167/1167 1160/1160
f 1612/1612 1172/1172 1167/1167
f 1611/1611 1612/1612 1160/1160
f 1613/1613 1608/1608 1614/1614
f 1174/1174 1614/1614 1608/1608
f 1610/1610 1609/1609 1614/1614
f 1613/1613 1614/1614 1609/1609
f 1148/1148 1177/1177 1149/1149
f 1178/1178 1149/1149 1177/1177
f 1148/1148 1147/1147 1177/1177
f 1149/1149 1178/1178 1150/1150
f 1179/1179 1147/1147 1164/1164
f 1166/1166 1161/1161 1160/1160
f 1180/1180 1165/1165 1173/1173
f 1170/1170 1150/1150 1180/1180
f 1615/1615 1180/1180 1173/1173
f 1177/1177 1166/1166 1178/1178
f 1165/1165 1178/1178 1166/1166
f 1147/1147 1179/1179 1177/1177
f 1166/1166 1177/1177 1179/1179
f 1150/1150 1178/1178 1180/1180
f 1165/1165 1180/1180 1178/1178
f 1161/1161 1179/1179 1163/1163
f 1170/1170 1180/1180 1615/1615
f 1171/1171 1170/1170 1615/1615
f 1179/1179 1164/1164 1163/1163
f 1164/1164 1154/1154 1158/1158
f 1165/1165 1167/1167 1173/1173
f 1166/1166 1179/1179 1161/1161
f 1190/1190 1188/1188 1197/1197
f 1191/1191 1190/1190 1196/1196
f 1191/1191 1196/1196 1192/1192
f 1192/1192 1196/1196 1193/1193
f 1192/1192 1193/1193 1199/1199
f 1193/1193 1194/1194 1199/1199
f 1195/1195 1200/1200 1203/1203
f 1195/1195 1189/1189 1200/1200
f 1202/1202 1200/1200 1201/1201
f 1200/1200 1202/1202 1203/1203
f 1195/1195 1203/1203 1204/1204
f 1196/1196 1190/1190 1197/1197
f 1200/1200 1189/1189 1201/1201
f 1197/1197 1198/1198 1196/1196
f 1202/1202 1193/1193 1203/1203
f 1203/1203 1193/1193 1196/1196
f 1198/1198 1203/1203 1196/1196
f 1203/1203 1198/1198 1204/1204
f 1207/1207 1214/1214 1205/1205
f 1208/1208 1213/1213 1207/1207
f 1208/1208 1209/1209 1213/1213
f 1209/1209 1210/1210 1213/1213
f 1209/1209 1216/1216 1210/1210
f 1210/1210 1216/1216 1211/1211
f 1212/1212 1220/1220 1217/1217
f 1212/1212 1217/1217 1206/1206
f 1219/1219 1217/1217 1220/1220
f 1217/1217 1219/1219 1218/1218
f 1212/1212 1221/1221 1220/1220
f 1213/1213 1214/1214 1207/1207
f 1217/1217 1218/1218 1206/1206
f 1214/1214 1213/1213 1215/1215
f 1219/1219 1220/1220 1210/1210
f 1220/1220 1213/1213 1210/1210
f 1215/1215 1220/1220 1221/1221
f 1220/1220 1215/1215 1213/1213
f 177/177 220/220 186/186
f 1367/1367 1616/1616 1368/1368
f 1222/1222 1310/1310 1223/1223
f 1310/1310 1222/1222 1308/1308
f 274/274 261/261 1305/1305
f 471/471 1364/1364 1617/1617
f 1226/1226 1234/1234 1224/1224
f 1227/1227 1232/1232 1226/1226
f 1227/1227 1228/1228 1232/1232
f 1228/1228 1229/1229 1232/1232
f 1228/1228 1236/1236 1229/1229
f 1229/1229 1236/1236 1230/1230
f 1231/1231 1244/1244 1238/1238
f 1242/1242 1241/1241 1233/1233
f 1231/1231 1238/1238 1225/1225
f 1243/1243 1238/1238 1244/1244
f 1238/1238 1243/1243 1239/1239
f 1233/1233 1241/1241 1240/1240
f 1231/1231 1245/1245 1244/1244
f 1232/1232 1234/1234 1226/1226
f 1234/1234 1237/1237 1224/1224
f 1238/1238 1239/1239 1225/1225
f 1234/1234 1232/1232 1235/1235
f 1240/1240 1234/1234 1235/1235
f 1234/1234 1240/1240 1241/1241
f 1241/1241 1237/1237 1234/1234
f 1237/1237 1241/1241 1242/1242
f 1243/1243 1244/1244 1229/1229
f 1244/1244 1232/1232 1229/1229
f 1235/1235 1244/1244 1245/1245
f 1244/1244 1235/1235 1232/1232
f 1248/1248 1246/1246 1256/1256
f 1249/1249 1248/1248 1254/1254
f 1249/1249 1254/1254 1250/1250
f 1250/1250 1254/1254 1251/1251
f 1250/1250 1251/1251 1258/1258
f 1251/1251 1252/1252 1258/1258
f 1253/1253 1260/1260 1266/1266
f 1264/1264 1255/1255 1263/1263
f 1253/1253 1247/1247 1260/1260
f 1265/1265 1260/1260 1261/1261
f 1260/1260 1265/1265 1266/1266
f 1255/1255 1262/1262 1263/1263
f 1253/1253 1266/1266 1267/1267
f 1254/1254 1248/1248 1256/1256
f 1256/1256 1246/1246 1259/1259
f 1260/1260 1247/1247 1261/1261
f 1256/1256 1257/1257 1254/1254
f 1262/1262 1256/1256 1263/1263
f 1256/1256 1262/1262 1257/1257
f 1263/1263 1259/1259 1264/1264
f 1259/1259 1263/1263 1256/1256
f 1265/1265 1251/1251 1266/1266
f 1266/1266 1251/1251 1254/1254
f 1257/1257 1266/1266 1254/1254
f 1266/1266 1257/1257 1267/1267
f 1619/1619 1623/1623 1618/1618
f 1623/1623 1619/1619 1622/1622
f 1618/1618 1624/1624 1621/1621
f 1624/1624 1618/1618 1623/1623
f 1621/1621 1625/1625 1620/1620
f 1625/1625 1621/1621 1624/1624
f 1620/1620 1622/1622 1619/1619
f 1622/1622 1620/1620 1625/1625
f 1811/1811 1631/1631 1812/1812
f 1631/1631 1811/1811 1630/1630
f 1812/1812 1632/1632 1813/1813
f 1632/1632 1812/1812 1631/1631
f 1813/1813 1633/1633 1814/1814
f 1633/1633 1813/1813 1632/1632
f 1814/1814 1630/1630 1811/1811
f 1630/1630 1814/1814 1633/1633
f 1631/1631 1634/1634 1635/1635
f 1634/1634 1631/1631 1630/1630
f 1636/1636 1631/1631 1635/1635
f 1631/1631 1636/1636 1638/1638
f 1633/1633 1636/1636 1637/1637
f 1636/1636 1633/1633 1638/1638
f 1634/1634 1633/1633 1637/1637
f 1633/1633 1634/1634 1630/1630
f 1632/1632 1631/1631 1638/1638
f 1633/1633 1632/1632 1638/1638
f 1634/1634 1645/1645 1635/1635
f 1645/1645 1634/1634 1644/1644
f 1634/1634 1647/1647 1644/1644
f 1647/1647 1634/1634 1637/1637
f 1663/1663 1665/1665 1664/1664
f 1665/1665 1663/1663 1666/1666
f 1674/1674 1676/1676 1675/1675
f 1676/1676 1674/1674 1677/1677
f 1646/1646 1681/1681 1682/1682
f 1681/1681 1646/1646 1645/1645
f 1636/1636 1646/1646 1651/1651
f 1646/1646 1636/1636 1635/1635
f 1636/1636 1652/1652 1637/1637
f 1652/1652 1636/1636 1651/1651
f 1637/1637 1652/1652 1647/1647
f 1651/1651 1650/1650 1648/1648
f 1650/1650 1651/1651 1646/1646
f 1649/1649 1651/1651 1648/1648
f 1651/1651 1649/1649 1652/1652
f 1815/1815 1649/1649 1816/1816
f 1649/1649 1815/1815 1652/1652
f 1647/1647 1652/1652 1679/1679
f 1645/1645 1646/1646 1635/1635
f 1650/1650 1654/1654 1648/1648
f 1654/1654 1650/1650 1653/1653
f 1648/1648 1655/1655 1649/1649
f 1655/1655 1648/1648 1654/1654
f 1649/1649 1817/1817 1816/1816
f 1817/1817 1649/1649 1655/1655
f 1640/1640 1694/1694 1653/1653
f 1643/1643 1656/1656 1642/1642
f 1656/1656 1643/1643 1693/1693
f 1642/1642 1694/1694 1640/1640
f 1694/1694 1642/1642 1656/1656
f 1654/1654 1657/1657 1693/1693
f 1694/1694 1658/1658 1657/1657
f 1657/1657 1658/1658 1693/1693
f 1694/1694 1657/1657 1654/1654
f 1694/1694 1660/1660 1658/1658
f 1660/1660 1694/1694 1659/1659
f 1658/1658 1661/1661 1693/1693
f 1661/1661 1658/1658 1660/1660
f 1693/1693 1662/1662 1656/1656
f 1662/1662 1693/1693 1661/1661
f 1656/1656 1659/1659 1694/1694
f 1659/1659 1656/1656 1662/1662
f 1659/1659 1664/1664 1660/1660
f 1664/1664 1659/1659 1663/1663
f 1660/1660 1665/1665 1661/1661
f 1665/1665 1660/1660 1664/1664
f 1661/1661 1666/1666 1662/1662
f 1666/1666 1661/1661 1665/1665
f 1662/1662 1663/1663 1659/1659
f 1663/1663 1662/1662 1666/1666
f 1639/1639 1667/1667 1640/1640
f 1667/1667 1639/1639 1688/1688
f 1640/1640 1668/1668 1642/1642
f 1668/1668 1640/1640 1667/1667
f 1642/1642 1669/1669 1643/1643
f 1669/1669 1642/1642 1668/1668
f 1687/1687 1671/1671 1688/1688
f 1671/1671 1687/1687 1670/1670
f 1667/1667 1672/1672 1668/1668
f 1672/1672 1667/1667 1671/1671
f 1668/1668 1673/1673 1669/1669
f 1673/1673 1668/1668 1672/1672
f 1669/1669 1673/1673 1689/1689
f 1670/1670 1675/1675 1671/1671
f 1675/1675 1670/1670 1674/1674
f 1671/1671 1676/1676 1672/1672
f 1676/1676 1671/1671 1675/1675
f 1672/1672 1677/1677 1673/1673
f 1677/1677 1672/1672 1676/1676
f 1673/1673 1674/1674 1670/1670
f 1674/1674 1673/1673 1677/1677
f 1681/1681 1639/1639 1640/1640
f 1639/1639 1681/1681 1678/1678
f 1682/1682 1640/1640 1641/1641
f 1640/1640 1682/1682 1681/1681
f 1643/1643 1682/1682 1641/1641
f 1682/1682 1643/1643 1679/1679
f 1818/1818 1686/1686 1639/1639
f 1644/1644 1678/1678 1645/1645
f 1678/1678 1644/1644 1680/1680
f 1679/1679 1686/1686 1647/1647
f 1680/1680 1684/1684 1678/1678
f 1684/1684 1680/1680 1683/1683
f 1685/1685 1818/1818 1819/1819
f 1818/1818 1685/1685 1686/1686
f 1685/1685 1680/1680 1686/1686
f 1680/1680 1685/1685 1683/1683
f 1645/1645 1678/1678 1681/1681
f 1644/1644 1686/1686 1680/1680
f 1686/1686 1644/1644 1647/1647
f 1683/1683 1688/1688 1684/1684
f 1688/1688 1683/1683 1687/1687
f 1819/1819 1820/1820 1685/1685
f 1820/1820 1819/1819 1688/1688
f 1685/1685 1687/1687 1683/1683
f 1687/1687 1685/1685 1689/1689
f 1669/1669 1639/1639 1643/1643
f 1639/1639 1669/1669 1821/1821
f 1669/1669 1820/1820 1688/1688
f 1688/1688 1671/1671 1667/1667
f 1687/1687 1673/1673 1670/1670
f 1673/1673 1687/1687 1689/1689
f 1641/1641 1655/1655 1643/1643
f 1655/1655 1641/1641 1653/1653
f 1654/1654 1653/1653 1694/1694
f 1693/1693 1655/1655 1654/1654
f 1640/1640 1653/1653 1641/1641
f 1643/1643 1655/1655 1693/1693
f 1679/1679 1652/1652 1682/1682
f 1682/1682 1652/1652 1815/1815
f 1643/1643 1686/1686 1679/1679
f 1639/1639 1686/1686 1643/1643
f 1618/1618 1626/1626 1619/1619
f 1619/1619 1627/1627 1620/1620
f 1620/1620 1628/1628 1621/1621
f 1621/1621 1629/1629 1626/1626
f 1690/1690 1692/1692 1629/1629
f 1691/1691 1626/1626 1628/1628
f 1692/1692 1691/1691 1626/1626
f 1692/1692 1690/1690 1626/1626
f 1691/1691 1692/1692 1628/1628
f 1618/1618 1696/1696 1707/1707
