# MOD converted: m334.mod
# 1212 verts, 1602 faces

v 170.447647 -65.522629 0.000004
v 104.651901 -72.329346 0.000000
v 72.648270 -71.136047 0.000003
v 138.318726 -71.422531 -0.000004
v 36.927467 -68.635292 -47.205917
v 175.126938 -47.960548 -24.850101
v 172.033203 -60.577080 -52.999207
v 106.202118 -62.414570 -53.251648
v 73.552361 -62.653690 -52.656223
v 143.271271 -60.393608 -52.864017
v 37.831543 -60.152954 -26.499634
v 105.427002 -69.366005 -26.625839
v 73.100311 -68.888916 -26.431997
v 37.379509 -66.388184 -26.272036
v 138.396957 -68.779442 47.205914
v 175.126938 -47.960556 24.850107
v 172.033203 -60.577080 52.999237
v 106.202126 -62.414570 53.251648
v 73.552345 -62.653687 52.656227
v 143.271271 -60.393597 52.864025
v 37.831547 -60.152950 26.499632
v 105.427002 -69.366005 26.625834
v 73.100311 -68.888916 26.431997
v 37.379513 -66.388184 26.272041
v 138.396957 -68.779442 52.412411
v 227.552887 31.350761 0.000002
v 198.578445 -63.527084 25.319557
v 198.578461 -58.323891 44.832260
v 228.628372 -38.151081 32.389469
v 238.763931 44.230480 33.801285
v 221.381363 48.831982 52.778313
v 241.931213 15.189716 54.647068
v 239.795029 -23.107384 56.138142
v 222.944046 -34.516228 82.006607
v 232.960052 -4.009535 79.188866
v 228.952789 -21.833582 94.305580
v 192.024261 -33.973297 73.159531
v 215.052246 -33.070694 63.084412
v 196.104294 -44.965740 79.188873
v 228.952789 14.726192 110.859772
v 213.822586 -4.403564 107.466103
v 208.804596 -22.784569 103.280899
v 212.053482 16.695618 72.464119
v 213.531555 30.718250 92.386818
v 193.764679 32.330063 50.921085
v 206.425354 -46.116199 30.823036
v 172.344818 -64.917549 55.540661
v 184.000763 -52.532131 16.588573
v 140.559982 -77.598602 42.901711
v 146.881958 -70.434891 66.830681
v 159.089157 -58.194504 81.173141
v 173.050812 -45.790855 111.651382
v 205.555664 16.695614 99.342491
v 187.266968 35.064861 30.993582
v 113.003731 -83.825836 57.342960
v 122.324730 -76.662140 80.726631
v 133.038696 -62.053787 113.338341
v 169.616028 -38.836132 102.915672
v 145.650665 -48.266747 47.099674
v 83.050522 -83.825836 72.095131
v 95.543877 -76.662117 95.013458
v 112.331108 -61.500202 130.426117
v 201.212036 -4.403580 127.032455
v 196.194016 -22.784576 127.032509
v 196.194000 16.695610 63.397053
v 197.334274 48.493320 84.479408
v 181.785400 53.613026 36.038754
v 190.297836 65.930603 67.190895
v 172.333557 66.885040 39.994198
v 164.547760 85.447250 116.572899
v 176.334122 39.143772 103.157448
v 161.685760 64.958084 83.283119
v 139.930984 95.864899 46.903812
v 124.611252 124.468567 42.063847
v 254.870529 -25.449213 57.580631
v 245.514587 -6.066776 49.627045
v 259.854340 -6.924021 20.406002
v 246.307434 -47.257832 23.126633
v 224.351562 -51.450184 42.435184
v 260.090668 15.720692 25.710281
v 258.767700 37.809444 24.646719
v 271.540466 36.225269 37.277813
v 273.726074 10.874699 44.819244
v 273.441986 -8.792021 38.147839
v 270.174652 -27.555077 18.536972
v 262.367401 -47.806065 53.931873
v 254.067947 -28.014807 58.716522
v 258.824951 -6.603180 20.981976
v 242.114532 -57.040909 48.678593
v 255.342773 16.604969 39.693386
v 247.405640 -45.337414 31.233467
v 251.936035 41.694485 76.634079
v 151.623077 83.251389 43.399086
v 144.659653 102.861984 65.875107
v 241.241394 -5.038151 62.999451
v 236.378006 -22.470470 62.065079
v 237.446060 14.957958 0.000006
v 245.780228 -51.903191 0.000010
v 258.283295 -53.867336 -0.000000
v 258.767700 47.419277 -0.000003
v 237.198914 55.387630 -0.000003
v 269.671143 48.236897 0.000002
v 228.498322 -7.828939 0.000006
v 239.979294 -60.597412 -0.000002
v 251.936157 52.490505 0.000002
v 170.447647 -69.261932 0.000001
v 220.855972 66.843948 -0.000001
v 190.890396 85.504395 -0.000001
v 166.342987 100.479340 0.000000
v 127.103149 142.533585 0.000003
v 221.077469 -54.714016 -0.000001
v 147.156113 120.409256 -52.412415
v 227.552979 31.350773 -44.832272
v 228.628311 -38.151066 -32.389484
v 238.764114 44.230488 -33.801277
v 221.381348 48.831974 -52.778309
v 241.931259 15.189693 -54.647068
v 239.794952 -23.107410 -56.138153
v 222.943970 -34.516212 -82.006607
v 232.960052 -4.009535 -79.188873
v 228.952789 -21.833580 -94.305626
v 192.024261 -33.973297 -73.159622
v 215.052338 -33.070690 -63.084423
v 196.104294 -44.965733 -79.188873
v 228.952789 14.726192 -110.859779
v 213.822586 -4.403559 -107.466125
v 208.804565 -22.784561 -103.280884
v 212.053467 16.695625 -72.464096
v 213.531525 30.718250 -92.386894
v 193.764786 32.330078 -50.921082
v 206.425354 -46.116215 -30.823034
v 172.344818 -64.917549 -55.540672
v 184.000763 -52.532139 -16.588568
v 140.559982 -77.598602 -42.901703
v 146.881958 -70.434898 -66.830711
v 159.089142 -58.194534 -81.173187
v 173.050812 -45.790871 -111.651367
v 205.555679 16.695621 -99.342560
v 187.267090 35.064861 -30.993574
v 113.003731 -83.825836 -57.342941
v 122.324730 -76.662140 -80.726646
v 133.038696 -62.053772 -113.338425
v 169.616028 -38.836140 -102.915741
v 145.650650 -48.266766 -47.099644
v 83.050514 -83.825844 -72.095123
v 95.543861 -76.662125 -95.013451
v 112.331108 -61.500202 -130.426132
v 201.212021 -4.403561 -127.032486
v 196.194016 -22.784557 -127.032486
v 196.194000 16.695625 -63.397049
v 197.334274 48.493328 -84.479370
v 181.785416 53.613018 -36.038746
v 190.297836 65.930588 -67.190887
v 172.333557 66.885040 -39.994194
v 164.547760 85.447235 -116.572853
v 176.334152 39.143764 -103.157417
v 161.685791 64.958084 -83.283104
v 139.930984 95.864914 -46.903809
v 124.611267 124.468567 -42.063843
v 254.870438 -25.449251 -57.580631
v 245.514557 -6.066820 -49.627045
v 259.854340 -6.924057 -20.405991
v 246.307419 -47.257835 -23.126614
v 224.351562 -51.450195 -42.435184
v 260.090698 15.720654 -25.710285
v 258.767700 37.809444 -24.646721
v 271.540466 36.225269 -37.277813
v 273.726074 10.874702 -44.819237
v 273.441986 -8.792028 -38.147827
v 270.174652 -27.555090 -18.536953
v 262.367401 -47.806068 -53.931873
v 254.067825 -28.014883 -58.716526
v 258.824921 -6.603271 -20.981972
v 242.114517 -57.040916 -48.678600
v 255.342850 16.604904 -39.693382
v 247.405441 -45.337452 -31.233465
v 251.936203 41.694454 -76.634079
v 151.623077 83.251373 -43.399086
v 144.659653 102.861984 -65.875107
v 241.241379 -5.038179 -62.999447
v 236.377945 -22.470491 -62.065079
v 237.446106 14.957943 -25.319546
v 198.578445 -58.323898 0.000004
v 104.651901 -72.329346 0.000003
v 138.318726 -71.422531 0.000002
v 170.447647 -65.522629 -0.000004
v 36.927467 -68.635292 0.000000
v 72.648270 -71.136047 57.580631
v 245.514587 -6.066776 54.647068
v 239.795029 -23.107384 -0.000003
v 237.198914 55.387630 32.389469
v 238.763931 44.230480 24.646719
v 271.540466 36.225269 37.277813
v 273.726074 10.874699 44.819244
v 273.441986 -8.792021 38.147839
v 270.174652 -27.555077 18.536972
v 262.367401 -47.806065 0.000010
v 258.283295 -53.867336 -0.000003
v 269.671143 48.236897 23.126633
v 224.351562 -51.450184 0.000003
v 221.077469 -54.714016 52.778313
v 241.931213 15.189716 44.832260
v 228.628372 -38.151081 0.000002
v 170.447647 -69.261932 -0.000003
v 237.198914 55.387630 0.000001
v 220.855972 66.843948 -0.000001
v 190.890396 85.504395 -0.000001
v 166.342987 100.479340 -0.000001
v 147.156113 120.409256 -57.580631
v 245.514557 -6.066820 -54.647068
v 239.794952 -23.107410 0.000006
v 245.780228 -51.903191 0.000006
v 239.979294 -60.597412 0.000010
v 258.283295 -53.867336 -0.000002
v 251.936157 52.490505 -32.389484
v 238.764114 44.230488 -0.000003
v 237.198914 55.387630 -0.000003
v 269.671143 48.236897 -0.000000
v 258.767700 47.419277 -24.646721
v 271.540466 36.225269 0.000002
v 228.498322 -7.828939 -37.277813
v 273.726074 10.874702 -44.819237
v 273.441986 -8.792028 -38.147827
v 270.174652 -27.555090 -18.536953
v 262.367401 -47.806068 0.000010
v 258.283295 -53.867336 -0.000003
v 269.671143 48.236897 0.000003
v 221.077469 -54.714016 -52.778309
v 241.931259 15.189693 -44.832272
v 228.628311 -38.151066 0.000000
v 127.103149 142.533585 0.000002
v 198.578445 -63.527084 -23.126614
v 224.351562 -51.450195 0.000003
v 221.077469 -54.714016 -44.832272
v 228.628311 -38.151066 -50.921082
v 206.425354 -46.116215 0.000002
v 170.447647 -69.261932 -30.823034
v 172.344818 -64.917549 -55.540672
v 184.000763 -52.532139 0.820809
v 119.304825 7.874968 -145.665665
v 119.304695 -23.474440 -105.293327
v 80.818893 -7.799802 -109.884338
v 88.770775 -29.966850 -123.459122
v 80.933342 -23.474272 -129.081711
v 77.687141 -7.799801 -120.967720
v 107.967888 -39.148750 -140.165329
v 96.884148 -29.966890 -148.116959
v 92.293297 -7.799878 -132.051208
v 127.165001 -29.966948 -151.248642
v 116.081360 -7.799899 -123.458839
v 80.933525 7.875104 -109.884338
v 88.770790 14.367660 -140.165054
v 96.884354 14.367655 -120.967773
v 107.967880 23.549431 -132.051208
v 127.165001 14.367597 -118.436943
v 135.025208 7.874980 -118.436752
v 135.025330 -23.474443 -96.309410
v 96.608246 -23.474276 -90.686867
v 99.854439 -7.799808 -101.770103
v 119.051636 -29.966896 -93.818535
v 123.642487 -7.799888 -112.853737
v 138.248657 -7.799903 -96.309746
v 96.608078 7.875097 -101.770493
v 119.051437 14.367651 -136.642227
v 135.116882 -7.799916 -148.116959
v 92.293297 -7.799878 -129.081711
v 77.687141 -7.799801 -151.248642
v 116.081360 -7.799899 -105.293327
v 80.818893 -7.799802 -90.686867
v 99.854439 -7.799808 -93.818535
v 123.642487 -7.799888 -112.853737
v 138.248657 -7.799903 -136.642227
v 135.116882 -7.799916 0.542420
v 92.544525 -0.926483 0.000001
v 106.278870 42.938473 0.000003
v 111.737259 -57.868408 0.000003
v 138.318710 -67.683197 -0.000001
v 125.724106 54.189648 0.000002
v 95.363777 -35.776440 0.000002
v 170.447617 -65.522034 0.000002
v 200.301224 -56.489792 0.000005
v 236.311127 -45.055367 0.000004
v 221.162033 -51.600109 -0.000002
v 239.190857 48.218197 -0.000000
v 212.361084 60.811031 -0.000001
v 157.729279 76.119873 -0.000001
v 185.046616 78.731796 -0.000001
v 156.282608 88.183334 -0.000001
v 98.590530 30.493847 -0.000258
v 83.092880 136.233627 -0.000312
v 61.157249 165.840591 -0.000379
v 42.435436 206.924347 -0.000112
v 57.144859 59.522144 -0.000333
v -5.224042 160.302490 -0.000369
v -1.943704 199.009552 -0.000442
v 10.891676 254.107483 -0.000364
v 60.089111 195.759186 -0.000260
v 95.914207 155.165298 -0.000120
v 107.022278 124.760498 -0.000253
v 33.671539 72.527344 -0.000294
v 5.980457 104.850647 -0.000120
v 50.246475 48.602917 -0.000402
v 50.562901 224.755768 -0.000396
v 5.291887 219.237122 -0.000410
v 33.954987 230.450928 -0.000009
v 79.784500 49.838451 -0.000002
v 134.245316 98.981003 -26.650759
v 125.242607 49.993145 -70.916687
v 156.130157 15.541840 -56.149967
v 152.254120 39.322369 -29.409857
v 113.295349 -51.945045 -26.821930
v 138.470581 -64.055206 -24.764576
v 150.959839 51.351383 -21.692980
v 96.276421 -33.796116 -80.769493
v 67.277756 15.302822 -64.530426
v 70.262756 -27.625008 -47.344662
v 70.179840 15.262119 -63.664368
v 74.236267 24.147167 -63.119949
v 79.579758 -33.324436 -66.635849
v 60.727955 -17.906191 -79.919456
v 67.287315 -8.017054 -79.901428
v 75.785240 -12.410681 -45.704514
v 70.388603 -24.893196 -51.684303
v 62.087296 -13.899437 -62.339375
v 31.420822 15.900326 -68.934616
v 31.457691 22.228539 -80.302872
v 31.486542 16.458378 -71.569016
v 31.392639 -2.256617 -80.971367
v 31.433729 3.517433 -63.240486
v 31.343540 3.399548 -79.552803
v 109.252563 16.949574 -78.529617
v 109.422089 -22.767113 -60.878033
v 107.197845 -43.768486 -77.482582
v 130.866714 15.624645 -41.925930
v 105.435699 40.494213 -58.176502
v 128.988235 -47.354313 -74.821022
v 132.397675 -23.877302 -22.215153
v 94.702576 27.756138 -38.690029
v 99.509521 -45.233280 -19.643419
v 89.166893 -1.302683 -63.113777
v 127.335274 36.386517 -30.537285
v 82.085815 -0.289322 -32.587044
v 84.222710 -31.574665 -80.402031
v 75.028465 15.930283 -64.483315
v 66.566597 21.855595 -50.685005
v 62.124981 14.851711 -34.734554
v 91.508965 24.167286 -78.572556
v 46.294899 16.158295 -78.536888
v 46.274872 0.448868 -67.398422
v 46.203430 20.824242 -69.148491
v 46.078819 -7.146790 -57.903984
v 46.096024 -2.997398 -57.065529
v 46.149155 15.054520 -64.647026
v 103.437622 28.574814 -49.530556
v 96.657951 32.602882 -58.101654
v 180.977921 15.283897 -26.530380
v 183.892990 46.113628 -59.288967
v 178.648071 -23.113775 -23.900410
v 213.359680 40.057919 -41.849075
v 200.301208 -41.424488 -51.025249
v 205.970398 12.058796 -18.841537
v 242.738846 28.238903 -35.480385
v 237.567703 -30.535591 -46.124237
v 224.114258 -26.672159 -54.421288
v 146.073502 -46.517807 -68.920425
v 156.130157 -23.586090 -50.709717
v 206.092392 -17.880234 -42.953804
v 242.147934 10.153061 -49.094711
v 182.649170 35.353764 -38.512718
v 221.162018 -36.607197 -47.205517
v 175.126907 -47.960110 -23.298466
v 200.301224 -52.166714 -22.650078
v 221.162033 -47.253273 -24.849892
v 172.033203 -60.576534 -21.557922
v 236.311111 -41.987236 -34.554260
v 243.081909 20.317272 -37.551361
v 226.127762 28.042507 -41.115746
v 210.211487 28.434757 -46.784149
v 224.114258 20.375736 -43.778450
v 246.617996 -7.093887 -42.953812
v 241.154968 -21.047186 -69.240715
v 210.298859 20.792606 -57.371143
v 240.710373 -6.295055 -69.235184
v 211.708893 -28.266184 -80.792328
v 172.990662 10.134014 -84.119141
v 197.158569 21.771671 -102.536781
v 209.796860 -4.952854 -88.766258
v 193.369934 -30.588058 -136.924988
v 124.578506 11.534603 -146.781616
v 143.072479 15.203579 -154.439362
v 169.365677 -5.177265 -144.609924
v 140.801666 -28.091381 -150.133759
v 117.042908 9.514385 -158.595932
v 127.152725 13.166660 -157.266174
v 127.825478 -25.980017 -166.215271
v 115.698181 11.339153 -172.204727
v 114.875946 -4.772411 -61.771984
v 198.320740 11.610214 -61.771988
v 198.320740 -18.191582 -80.792336
v 172.990662 -17.121397 -137.119339
v 124.440826 -24.453947 -150.133759
v 117.042908 -23.530693 -159.172668
v 107.696083 -20.457581 -159.675491
v 108.897598 8.943806 -55.813980
v 238.028793 11.391392 -99.143127
v 205.144226 14.610058 -56.713348
v 236.016861 -20.088743 -99.143127
v 205.144226 -21.995499 -149.588501
v 163.234573 -23.787397 -163.875153
v 134.363235 -5.839832 -166.112976
v 114.122147 -22.219902 -75.671562
v 179.962875 9.186420 -98.341347
v 184.074142 23.751530 -109.293427
v 204.945969 -4.952929 -94.766701
v 187.139694 -32.246887 -75.675507
v 179.958145 -16.247213 -105.585793
v 199.836182 15.533417 -105.585793
v 199.836182 -23.277666 -91.811325
v 190.186371 23.891277 -164.749832
v 107.907730 -5.228325 -111.354126
v 134.311768 11.108852 -119.849701
v 165.269348 27.709599 -138.348389
v 183.778290 -4.989595 -132.200806
v 176.697479 -26.843426 -124.176559
v 149.171326 -37.819550 -115.128090
v 136.139221 -29.667463 -76.437950
v 223.408447 12.784019 -79.255630
v 227.123947 -4.587526 -76.437943
v 223.408447 -21.113768 -132.569061
v 176.425232 17.408546 -137.158737
v 134.923950 -36.197754 -130.819122
v 123.384071 -29.863297 -121.001198
v 125.663010 -35.861252 -128.051788
v 135.385818 -42.164818 -140.212311
v 120.223320 -36.987877 -133.171631
v 114.052917 -32.079300 -128.335846
v 113.413193 -39.764473 -134.402374
v 120.236702 -45.158447 -118.329514
v 163.885345 -38.463764 -150.468948
v 164.002533 11.324593 -56.138168
v 221.653824 -27.276937 -56.264851
v 222.170746 19.223560 -102.369972
v 143.011108 -27.530401 -101.302231
v 143.226715 13.154411 -155.012115
v 150.374725 -5.710501 -137.961258
v 156.814713 -35.240681 -137.829865
v 147.529968 25.998924 -125.459885
v 124.115845 11.379055 -126.332520
v 127.643265 -25.508011 -134.698242
v 145.538452 -33.495468 -55.324558
v 204.584778 11.834465 -55.166412
v 204.645370 -18.035946 -84.749657
v 16.544821 -3.906668 -62.022186
v 15.045211 19.453442 -70.568558
v 15.201798 26.995815 -81.269325
v 15.326111 20.114552 -64.451691
v -0.000404 18.245518 -71.386810
v 0.000066 24.860832 -81.256500
v 0.000436 19.078888 -74.194305
v 21.583000 -9.862164 -64.701271
v 16.172058 -4.402000 -65.099884
v -0.000416 -1.900522 -86.147812
v 0.000429 -0.812315 -88.881027
v 11.599581 -23.225960 -76.162003
v 15.225285 -27.645615 -64.192589
v 11.582399 -24.973602 -65.680702
v -0.000445 -29.161577 -76.635857
v 0.000028 -35.231750 -88.629227
v 0.000399 -28.582701 -18.088743
v 242.738846 28.238907 -16.048828
v 213.386658 50.374432 -27.722927
v 153.255096 65.839890 -23.499586
v 183.322708 60.342709 -26.236832
v 213.375000 45.923016 -14.900881
v 239.620117 40.676556 -12.271736
v 184.798706 66.463013 -15.621406
v 156.672806 74.558792 -26.972006
v 190.886749 52.661541 -90.212524
v 0.000414 -16.238401 -62.674278
v -0.000438 -16.493744 -45.937592
v 126.248932 47.029980 -23.624613
v 105.941719 44.950130 -27.700777
v 129.375107 50.008358 -40.894302
v 72.139069 65.767700 -38.797905
v 109.331467 74.033630 -25.701836
v 120.817947 93.220947 -42.659756
v 39.955833 117.079041 -29.981113
v 40.177975 160.198257 -29.531843
v 6.288333 160.013870 -23.622393
v 33.947540 208.263855 -40.656429
v 117.100677 88.214081 -30.878609
v 95.423538 105.796844 -24.395267
v 16.115227 207.939316 -32.014786
v 65.310272 127.961899 -44.138210
v 57.095146 120.697952 -40.822792
v 80.586334 81.587997 -44.000183
v 27.454382 160.093231 -44.223923
v 108.779305 61.312328 -48.848808
v 80.242767 80.236664 -26.820158
v 42.917084 79.773346 -42.995449
v 47.169033 81.751663 -29.314764
v 18.463417 109.243500 -22.673950
v 66.071106 64.632248 -41.537655
v 53.745567 92.000885 -34.677483
v 95.667778 57.079906 -18.795340
v 85.585068 53.763615 -14.405213
v 100.333694 117.551743 -10.489966
v 45.025570 197.411621 -23.625650
v 109.492287 44.951046 -21.462269
v 54.909245 162.409607 -21.539873
v 77.235008 135.201477 -22.145428
v 137.880722 80.793823 -36.656174
v 136.201691 76.423386 -32.972454
v 132.530869 62.602871 -36.349770
v 130.833344 56.104259 -45.035988
v 86.839500 92.696243 26.651167
v 125.240280 49.992908 70.916687
v 156.130157 15.541840 56.149971
v 152.254120 39.322369 29.409641
v 113.296539 -51.944920 26.821932
v 138.470581 -64.055206 24.764572
v 150.959839 51.351391 21.693333
v 96.274391 -33.796314 80.768768
v 67.281830 15.302334 64.529213
v 70.269554 -27.625011 47.346134
v 70.171471 15.261578 63.665039
v 74.232445 24.147102 63.118511
v 79.587807 -33.324291 66.634972
v 60.732983 -17.906301 79.917953
v 67.295868 -8.017605 79.899712
v 75.795036 -12.410145 45.704636
v 70.387825 -24.893644 51.684559
v 62.085796 -13.899029 62.339813
v 31.418303 15.900585 68.934944
v 31.455858 22.228725 80.302681
v 31.487606 16.458271 71.568802
v 31.393864 -2.256741 80.970917
v 31.436260 3.517174 63.240677
v 31.342491 3.399654 79.552246
v 109.255722 16.949905 78.528381
v 109.429108 -22.766388 60.876976
v 107.203781 -43.767883 77.482025
v 130.869873 15.624966 41.926815
v 105.430710 40.493710 58.175522
v 128.993774 -47.353748 74.819939
v 132.403809 -23.876677 22.216412
v 94.695396 27.755405 38.689690
v 99.511368 -45.233086 19.644346
v 89.161591 -1.303219 63.113930
v 127.334465 36.386433 30.538141
v 82.080917 -0.289812 32.587257
v 84.221443 -31.574789 80.401306
v 75.032600 15.930729 64.483955
v 66.562981 21.855686 50.686382
v 62.117172 14.852268 34.735657
v 91.502716 24.166649 78.572166
v 46.297134 16.158070 78.535919
v 46.280331 0.448313 67.399002
v 46.200172 20.824574 69.147926
v 46.082035 -7.147120 57.904366
v 46.093822 -2.997173 57.066639
v 46.142891 15.055157 64.647186
v 103.436707 28.574718 49.531311
v 96.653664 32.602455 58.101654
v 180.977921 15.283890 26.530380
v 183.892990 46.113628 59.288975
v 178.648071 -23.113760 23.900408
v 213.359680 40.057919 41.849091
v 200.301224 -41.424480 51.025249
v 205.970383 12.058750 18.841536
v 242.738861 28.238907 35.480377
v 237.567719 -30.535595 46.124237
v 224.114319 -26.672174 54.421303
v 146.073502 -46.517796 68.920425
v 156.130157 -23.586075 50.709728
v 206.092422 -17.880270 42.953804
v 242.147903 10.153072 49.094711
v 182.649170 35.353764 38.512733
v 221.162033 -36.607185 47.205509
v 175.126907 -47.960114 23.298470
v 200.301224 -52.166710 22.650072
v 221.162033 -47.253277 24.849894
v 172.033203 -60.576534 21.557926
v 236.311127 -41.987228 34.554264
v 243.081863 20.317280 37.551357
v 226.127777 28.042515 41.115746
v 210.211487 28.434753 46.784149
v 224.114182 20.375698 43.778450
v 246.618011 -7.093861 42.953812
v 241.155029 -21.047174 69.240692
v 210.298859 20.792606 57.371147
v 240.710388 -6.295029 69.235191
v 211.708862 -28.266180 80.792336
v 172.990662 10.134026 84.119141
v 197.158569 21.771671 102.536781
v 209.796860 -4.952856 88.766235
v 193.369919 -30.588053 136.924988
v 124.578506 11.534603 146.781631
v 143.072479 15.203579 154.439362
v 169.365677 -5.177265 144.609924
v 140.801666 -28.091377 150.133774
v 117.042908 9.514385 158.595947
v 127.152725 13.166656 157.266190
v 127.825478 -25.980015 166.215271
v 115.698181 11.339153 172.204742
v 114.875938 -4.772409 61.771980
v 198.320740 11.610214 61.771988
v 198.320724 -18.191576 80.792313
v 172.990662 -17.121376 137.119354
v 124.440811 -24.453947 150.133774
v 117.042908 -23.530695 159.172684
v 107.696083 -20.457582 159.675507
v 108.897598 8.943806 55.813980
v 238.028763 11.391407 99.143135
v 205.144226 14.610058 56.713356
v 236.016922 -20.088726 99.143120
v 205.144226 -21.995499 149.588486
v 163.234573 -23.787390 163.875168
v 134.363235 -5.839832 166.112991
v 114.122139 -22.219906 75.671562
v 179.962875 9.186428 98.341370
v 184.074142 23.751530 109.293427
v 204.945969 -4.952934 94.766663
v 187.139664 -32.246883 75.675499
v 179.958130 -16.247200 105.585815
v 199.836182 15.533413 105.585777
v 199.836182 -23.277670 91.811333
v 190.186371 23.891273 164.749847
v 107.907730 -5.228323 111.354149
v 134.311752 11.108837 119.849701
v 165.269348 27.709595 138.348389
v 183.778290 -4.989597 132.200775
v 176.697495 -26.843430 124.176559
v 149.171326 -37.819550 115.128098
v 136.139221 -29.667461 76.437943
v 223.408447 12.784019 79.255630
v 227.123947 -4.587524 76.437958
v 223.408447 -21.113762 132.569061
v 176.425232 17.408543 137.158722
v 134.923950 -36.197762 130.819107
v 123.384071 -29.863297 121.001190
v 125.663010 -35.861244 128.051758
v 135.385818 -42.164825 140.212296
v 120.223320 -36.987881 133.171616
v 114.052902 -32.079300 128.335831
v 113.413193 -39.764473 134.402359
v 120.236694 -45.158447 118.329475
v 163.885315 -38.463760 150.468948
v 164.002533 11.324593 56.138157
v 221.653854 -27.276941 56.264843
v 222.170731 19.223553 102.369957
v 143.011108 -27.530388 101.302246
v 143.226715 13.154415 155.012131
v 150.374725 -5.710499 137.961258
v 156.814713 -35.240669 137.829865
v 147.529968 25.998920 125.459900
v 124.115829 11.379040 126.332520
v 127.643265 -25.508005 134.698242
v 145.538452 -33.495472 55.324551
v 204.584778 11.834469 55.166420
v 204.645370 -18.035944 84.749657
v 16.544821 -3.906666 62.022194
v 15.045210 19.453442 70.568558
v 15.201797 26.995815 81.269325
v 15.326110 20.114552 64.451691
v -0.000407 18.245518 71.386810
v 0.000064 24.860832 81.256500
v 0.000436 19.078892 74.194305
v 21.582996 -9.862164 64.701271
v 16.172058 -4.402000 65.099884
v -0.000416 -1.900522 86.147812
v 0.000429 -0.812315 88.881012
v 11.599584 -23.225964 76.161995
v 15.225284 -27.645615 64.192589
v 11.582401 -24.973602 65.680702
v -0.000447 -29.161577 76.635857
v 0.000028 -35.231750 88.629227
v 0.000401 -28.582703 18.088739
v 242.738861 28.238911 16.048824
v 213.386658 50.374432 27.722918
v 153.255096 65.839890 23.499582
v 183.322708 60.342709 26.236832
v 213.375000 45.923016 14.900882
v 239.620117 40.676556 12.271737
v 184.798706 66.463013 15.621404
v 156.672806 74.558792 26.972000
v 190.886749 52.661541 90.212517
v 0.000411 -16.238400 62.674278
v -0.000438 -16.493746 45.938202
v 126.245506 47.029629 23.627466
v 105.935234 44.951267 27.701782
v 129.369400 50.007778 40.894302
v 72.139076 65.767700 38.797905
v 109.331467 74.033646 25.701830
v 120.817963 93.220947 42.659756
v 39.955833 117.079025 29.981110
v 40.177975 160.198257 29.531834
v 6.288330 160.013870 23.622391
v 33.947540 208.263855 40.656429
v 117.100677 88.214081 30.878607
v 95.423538 105.796844 24.395264
v 16.115219 207.939316 32.014790
v 65.310265 127.961884 44.138210
v 57.095142 120.697937 40.822792
v 80.586334 81.587997 44.000179
v 27.454388 160.093231 44.223934
v 108.779312 61.312351 48.848797
v 80.242775 80.236664 26.820137
v 42.917076 79.773331 42.995445
v 47.169037 81.751648 29.314756
v 18.463417 109.243484 22.673939
v 66.071098 64.632248 41.537647
v 53.745560 92.000854 34.677494
v 95.667786 57.079922 18.795332
v 85.585068 53.763622 14.405210
v 100.333687 117.551743 10.489964
v 45.025570 197.411621 23.626772
v 109.485893 44.950397 21.462269
v 54.909245 162.409607 21.539881
v 77.235001 135.201477 22.145426
v 137.880722 80.793823 36.656174
v 136.201706 76.423386 32.972450
v 132.530869 62.602871 36.349770
v 130.833344 56.104267 45.035995
v 86.839493 92.696228 0.000006
v 248.820496 -36.409515 -0.000000
v 252.744690 40.873753 -32.334778
v 254.164642 7.973110 -15.876610
v 255.100189 21.840618 -31.817356
v 251.133057 -21.015316 -20.405998
v 249.347687 -32.465065 -9.436775
v 262.746033 33.160038 -20.686855
v 256.339722 29.234447 32.334778
v 254.164642 7.973118 15.876607
v 255.100189 21.840618 31.817352
v 251.133057 -21.015316 20.406006
v 249.347717 -32.465065 9.436769
v 262.746033 33.160046 20.686855
v 256.339722 29.234444 0.000010
v 259.838348 -32.359428 0.000012
v 259.597961 -43.951286 -0.000001
v 308.825806 -32.188423 0.000021
v 262.847656 -55.800797 0.000024
v 289.473328 -59.568321 0.000005
v 298.397797 -44.628605 0.000002
v 313.624023 -15.730983 0.000027
v 263.069519 -86.262207 0.000022
v 280.809021 -87.209274 -0.000005
v 285.238556 34.991863 -0.000002
v 318.865601 18.358334 -0.000001
v 321.791016 -3.404316 -0.000001
v 325.211884 -21.934454 -0.000005
v 325.139557 30.173660 -0.000002
v 326.866943 6.980568 -0.000001
v 329.602661 0.251629 0.000010
v 319.284302 -27.811251 -0.000000
v 256.868927 43.436970 0.000002
v 328.666321 -13.872276 -0.000003
v 308.557251 28.099751 -0.000006
v 288.757568 45.520596 -0.000004
v 296.966919 33.436878 -35.542179
v 252.360382 -7.638655 -27.901340
v 259.419128 -19.779739 -15.049858
v 262.570465 17.760754 -18.536959
v 261.139771 -27.212709 -30.734386
v 261.275146 -9.224754 -27.031315
v 262.083679 5.547638 -12.961965
v 305.996033 -3.541525 -21.756802
v 300.623657 -25.246017 -20.884050
v 295.300018 -2.487368 -25.482496
v 292.448975 -22.056383 -14.180120
v 266.790161 -55.929779 -11.830137
v 295.096222 -42.743641 -13.523041
v 296.449677 4.121399 -8.865752
v 264.063538 -86.456078 -9.721706
v 270.894745 -86.738472 -16.168549
v 263.012115 -39.782185 -22.428133
v 277.921631 -39.818600 -16.089027
v 275.453796 -57.165878 -18.935661
v 307.029480 -21.646381 -22.484623
v 303.562653 -15.062622 -9.827209
v 285.018005 -58.735176 -5.816015
v 278.240997 -86.658432 -11.483510
v 311.054962 -15.677719 -12.781865
v 307.693909 -28.605530 -23.772329
v 265.955231 -23.887545 -26.581413
v 271.419617 -21.590303 -23.687563
v 272.058746 2.370644 -27.827425
v 269.979126 -11.186733 -13.532552
v 273.588409 11.984802 -25.342556
v 294.029236 -15.963310 -19.524742
v 288.211365 -41.746063 -20.994486
v 269.682220 -38.797340 -27.240126
v 280.988861 -21.373638 -25.484089
v 303.687775 -23.767986 -24.813749
v 308.291595 -20.560984 -37.048820
v 308.226257 -20.600046 -15.994512
v 307.325714 -20.222183 -10.659831
v 317.550964 11.581997 -5.876119
v 322.844696 -9.833666 -7.299533
v 321.396332 -16.860086 -10.619582
v 316.661652 -25.421577 -15.558349
v 277.520142 20.106106 -15.364326
v 304.758759 10.386715 -10.244318
v 306.448792 22.865883 -17.624197
v 314.741516 -12.277439 -16.625853
v 322.661499 -3.634691 -11.228304
v 324.372742 -11.285294 -15.259676
v 321.067322 -13.539129 -7.493052
v 320.776428 -0.232254 -18.557371
v 314.256378 -2.840145 -8.460331
v 288.012482 30.261738 -18.305775
v 315.670685 21.425720 -17.298157
v 312.546753 10.444759 -32.487202
v 297.621368 -21.413548 -26.585016
v 282.004211 -13.575022 -22.285807
v 283.176239 -0.566824 -13.527796
v 284.359192 7.769390 -16.318348
v 287.052917 16.128487 -20.465414
v 265.824890 25.183521 -9.658218
v 269.985840 31.506771 -0.000003
v 270.238953 39.292370 35.542183
v 252.360382 -7.638643 27.901337
v 259.419159 -19.779737 15.049854
v 262.570496 17.760754 18.536961
v 261.139771 -27.212702 30.734386
v 261.275177 -9.224752 27.031311
v 262.083679 5.547642 12.961963
v 305.996033 -3.541523 21.756811
v 300.623657 -25.246000 20.884047
v 295.300049 -2.487370 25.482506
v 292.449036 -22.056372 14.180120
v 266.790161 -55.929787 11.830165
v 295.096222 -42.743633 13.523039
v 296.449707 4.121395 8.865753
v 264.063538 -86.456070 9.721704
v 270.894745 -86.738464 16.168549
v 263.012115 -39.782192 22.428152
v 277.921631 -39.818592 16.089027
v 275.453796 -57.165878 18.935669
v 307.029510 -21.646378 22.484631
v 303.562683 -15.062614 9.827213
v 285.018005 -58.735176 5.816010
v 278.240997 -86.658432 11.483508
v 311.054962 -15.677719 12.781876
v 307.693970 -28.605530 23.772327
v 265.955231 -23.887545 26.581415
v 271.419617 -21.590298 23.687563
v 272.058777 2.370647 27.827425
v 269.979156 -11.186731 13.532547
v 273.588409 11.984806 25.342558
v 294.029236 -15.963312 19.524746
v 288.211365 -41.746056 20.994511
v 269.682251 -38.797333 27.240128
v 280.988861 -21.373634 25.484091
v 303.687805 -23.767986 24.813757
v 308.291626 -20.560974 37.048832
v 308.226318 -20.600044 15.994514
v 307.325745 -20.222185 10.659829
v 317.550964 11.581997 5.876116
v 322.844696 -9.833666 7.299538
v 321.396332 -16.860085 10.619585
v 316.661652 -25.421574 15.558345
v 277.520142 20.106106 15.364322
v 304.758759 10.386715 10.244312
v 306.448792 22.865887 17.624195
v 314.741516 -12.277439 16.625847
v 322.661530 -3.634701 11.228305
v 324.372742 -11.285294 15.259677
v 321.067352 -13.539127 7.493050
v 320.776428 -0.232254 18.557371
v 314.256409 -2.840149 8.460322
v 288.012512 30.261738 18.305769
v 315.670685 21.425720 17.298151
v 312.546753 10.444763 32.487217
v 297.621399 -21.413534 26.585016
v 282.004242 -13.575024 22.285803
v 283.176270 -0.566830 13.527795
v 284.359222 7.769382 16.318340
v 287.052917 16.128487 20.465408
v 265.824951 25.183521 9.658215
v 269.985840 31.506771 0.000029
v 254.101395 -143.065201 -0.004821
v 263.016937 -145.435730 0.000029
v 255.328369 -125.378952 0.000025
v 268.392181 -135.834579 0.000025
v 270.052582 -120.268539 0.000028
v 258.252380 -117.748657 0.000029
v 256.136047 -137.504898 -4.639564
v 259.441071 -134.278381 -4.708410
v 264.793701 -134.608688 -5.955599
v 266.472656 -119.283051 -6.140518
v 261.513580 -118.407547 -4.676353
v 260.020172 -143.508667 4.639565
v 259.441071 -134.278381 4.708408
v 264.793701 -134.608688 5.955596
v 266.472656 -119.283051 6.140518
v 261.513580 -118.407547 4.676352
v 260.020172 -143.508667 -0.004803
v 259.314209 -149.823059 -19.643419
v 89.166893 -1.302683 0.000001
v 92.544525 -0.926483 -30.537285
v 82.085815 -0.289322 -57.065529
v 46.149155 15.054520 -47.344662
v 70.179840 15.262119 -50.685005
v 62.124981 14.851711 -62.339375
v 31.420822 15.900326 -51.025249
v 205.970398 12.058796 -46.784149
v 224.114258 20.375736 -42.953804
v 242.147934 10.153061 -42.953812
v 241.154968 -21.047186 -46.124237
v 224.114258 -26.672159 -50.709717
v 206.092392 -17.880234 -51.025249
v 205.970398 12.058796 -75.671562
v 179.962875 9.186420 -61.771984
v 198.320740 11.610214 -80.792328
v 172.990662 10.134014 -101.302231
v 143.226715 13.154411 -150.133759
v 117.042908 -23.530693 -137.119339
v 124.440826 -24.453947 -150.133759
v 117.042908 9.514385 -136.924988
v 124.578506 11.534603 -164.749832
v 107.907730 -5.228325 -159.675491
v 108.897598 8.943806 -159.172668
v 107.696083 -20.457581 -111.354126
v 134.311768 11.108852 -126.332520
v 127.643265 -25.508011 -133.171631
v 114.052917 -32.079300 -130.819122
v 123.384071 -29.863297 -55.324558
v 204.584778 11.834465 -125.459885
v 124.115845 11.379055 -64.451691
v -0.000404 18.245518 -65.099884
v -0.000416 -1.900522 -71.386810
v 0.000066 24.860832 -62.022186
v 15.045211 19.453442 -64.451691
v -0.000404 18.245518 -81.256500
v 0.000436 19.078888 -86.147812
v 0.000429 -0.812315 -62.674278
v -0.000438 -16.493744 -90.212524
v 0.000414 -16.238401 -88.629227
v 0.000399 -28.582701 -65.680702
v -0.000445 -29.161577 -76.635857
v 0.000028 -35.231750 -80.302872
v 31.486542 16.458378 -80.971367
v 31.433729 3.517433 -68.934616
v 31.457691 22.228539 -62.339375
v 31.420822 15.900326 -71.569016
v 31.392639 -2.256617 -63.240486
v 31.343540 3.399548 -62.339375
v 31.420822 15.900326 -23.900410
v 213.359680 40.057919 -26.530380
v 183.892990 46.113628 -23.900410
v 213.359680 40.057919 -24.764576
v 150.959839 51.351383 -24.764576
v 150.959839 51.351383 -34.677483
v 95.667778 57.079906 -38.797905
v 109.331467 74.033630 0.000001
v 106.278870 42.938473 -27.700777
v 129.375107 50.008358 -38.797905
v 109.331467 74.033630 -15.621406
v 156.672806 74.558792 -0.000001
v 157.729279 76.119873 -27.722927
v 153.255096 65.839890 0.000002
v 95.363777 -35.776440 0.000001
v 92.544525 -0.926483 19.644346
v 89.161591 -1.303219 0.000001
v 92.544525 -0.926483 0.000001
v 106.278870 42.938473 -0.000001
v 98.590530 30.493847 0.000003
v 111.737259 -57.868408 0.000003
v 138.318710 -67.683197 -0.000001
v 125.724106 54.189648 30.538141
v 82.080917 -0.289812 57.066639
v 46.142891 15.055157 47.346134
v 70.171471 15.261578 50.686382
v 62.117172 14.852268 62.339813
v 31.418303 15.900585 0.000002
v 170.447617 -65.522034 0.000002
v 200.301224 -56.489792 0.000004
v 221.162033 -51.600109 0.000005
v 236.311127 -45.055367 46.784149
v 224.114182 20.375698 51.025249
v 205.970383 12.058750 42.953804
v 242.147903 10.153072 42.953812
v 241.155029 -21.047174 50.709728
v 206.092422 -17.880270 46.124237
v 224.114319 -26.672174 51.025249
v 205.970383 12.058750 75.671562
v 179.962875 9.186428 61.771980
v 198.320740 11.610214 80.792336
v 172.990662 10.134026 101.302246
v 143.226715 13.154415 150.133774
v 117.042908 -23.530695 150.133774
v 117.042908 9.514385 137.119354
v 124.440811 -24.453947 136.924988
v 124.578506 11.534603 164.749847
v 107.907730 -5.228323 159.675507
v 108.897598 8.943806 159.172684
v 107.696083 -20.457582 111.354149
v 134.311752 11.108837 126.332520
v 127.643265 -25.508005 133.171616
v 114.052902 -32.079300 130.819107
v 123.384071 -29.863297 55.324551
v 204.584778 11.834469 125.459900
v 124.115829 11.379040 64.451691
v -0.000407 18.245518 65.099884
v -0.000416 -1.900522 62.022194
v 15.045210 19.453442 71.386810
v 0.000064 24.860832 64.451691
v -0.000407 18.245518 81.256500
v 0.000436 19.078892 86.147812
v 0.000429 -0.812315 62.674278
v -0.000438 -16.493746 88.629227
v 0.000401 -28.582703 90.212517
v 0.000411 -16.238400 65.680702
v -0.000447 -29.161577 76.635857
v 0.000028 -35.231750 80.302681
v 31.487606 16.458271 80.970917
v 31.436260 3.517174 68.934944
v 31.455858 22.228725 62.339813
v 31.418303 15.900585 71.568802
v 31.393864 -2.256741 63.240677
v 31.342491 3.399654 62.339813
v 31.418303 15.900585 23.900408
v 213.359680 40.057919 -0.000000
v 212.361084 60.811031 -0.000002
v 239.190857 48.218197 26.530380
v 183.892990 46.113628 23.900408
v 213.359680 40.057919 -0.000001
v 185.046616 78.731796 -0.000001
v 157.729279 76.119873 -0.000001
v 156.282608 88.183334 24.764572
v 150.959839 51.351391 -0.000002
v 134.245316 98.981003 -0.000369
v -1.943704 199.009552 -0.000333
v -5.224042 160.302490 -0.000442
v 10.891676 254.107483 -0.000396
v 5.291887 219.237122 -0.000410
v 33.954987 230.450928 -0.000258
v 83.092880 136.233627 -0.000312
v 61.157249 165.840591 24.764572
v 150.959839 51.351391 34.677494
v 95.667786 57.079922 38.797905
v 109.331467 74.033646 -0.000294
v 5.980457 104.850647 -0.000253
v 33.671539 72.527344 -0.000112
v 57.144859 59.522144 -0.000009
v 79.784500 49.838451 0.000001
v 106.278870 42.938473 27.701782
v 129.369400 50.007778 -0.000120
v 50.246475 48.602917 -0.000260
v 95.914207 155.165298 -0.000120
v 107.022278 124.760498 -0.000364
v 60.089111 195.759186 -0.000402
v 50.562901 224.755768 -0.000379
v 42.435436 206.924347 38.797905
v 109.331467 74.033646 15.621404
v 156.672806 74.558792 -0.000001
v 157.729279 76.119873 27.722918
v 153.255096 65.839890 -42.953812
v 241.154968 -21.047186 -43.778450
v 246.617996 -7.093887 -21.557922
v 236.311111 -41.987236 0.000005
v 236.311127 -45.055367 -42.953804
v 242.147934 10.153061 -35.480385
v 237.567703 -30.535591 -34.554260
v 243.081909 20.317272 -18.841537
v 242.738846 28.238903 -14.900881
v 239.620117 40.676556 -0.000002
v 239.190857 48.218197 -18.088743
v 242.738846 28.238907 -15.876610
v 255.100189 21.840618 42.953812
v 241.155029 -21.047174 43.778450
v 246.618011 -7.093861 21.557926
v 236.311127 -41.987228 0.000006
v 248.820496 -36.409515 0.000005
v 236.311127 -45.055367 42.953804
v 242.147903 10.153072 35.480377
v 237.567719 -30.535595 34.554264
v 243.081863 20.317280 18.841536
v 242.738861 28.238907 -0.000000
v 252.744690 40.873753 -0.000002
v 239.190857 48.218197 14.900882
v 239.620117 40.676556 18.088739
v 242.738861 28.238911 15.876607
v 255.100189 21.840618 -31.817356
v 251.133057 -21.015316 -43.778450
v 246.617996 -7.093887 -32.334778
v 254.164642 7.973110 -15.876610
v 255.100189 21.840618 -20.405998
v 249.347687 -32.465065 0.000006
v 248.820496 -36.409515 -18.536959
v 261.139771 -27.212709 -27.901340
v 259.419128 -19.779739 -12.781865
v 307.693909 -28.605530 -0.000001
v 308.825806 -32.188423 -14.180120
v 266.790161 -55.929779 -8.865752
v 264.063538 -86.456078 -21.756802
v 300.623657 -25.246017 -30.734386
v 261.275146 -9.224754 -27.031315
v 262.083679 5.547638 -15.049858
v 262.570465 17.760754 0.000010
v 259.838348 -32.359428 -26.581413
v 271.419617 -21.590303 -20.994486
v 269.682220 -38.797340 -27.240126
v 280.988861 -21.373638 -22.484623
v 303.562653 -15.062622 -21.756802
v 300.623657 -25.246017 -25.482496
v 292.448975 -22.056383 -18.935661
v 307.029480 -21.646381 -25.342556
v 294.029236 -15.963310 -32.487202
v 297.621368 -21.413548 -25.482496
v 292.448975 -22.056383 -0.000000
v 252.744690 40.873753 -9.436775
v 262.746033 33.160038 -0.000001
v 308.825806 -32.188423 -12.781865
v 307.693909 -28.605530 -13.532552
v 273.588409 11.984802 -13.527796
v 284.359192 7.769390 -15.049858
v 262.570465 17.760754 -12.961965
v 305.996033 -3.541525 -13.523041
v 296.449677 4.121399 -17.624197
v 314.741516 -12.277439 -16.625853
v 322.661499 -3.634691 -17.624197
v 314.741516 -12.277439 -7.299533
v 321.396332 -16.860086 -11.228304
v 324.372742 -11.285294 -15.994512
v 307.325714 -20.222183 -15.364326
v 304.758759 10.386715 -25.482496
v 292.448975 -22.056383 -13.523041
v 296.449677 4.121399 -20.686855
v 256.339722 29.234447 -15.876610
v 255.100189 21.840618 43.778450
v 246.618011 -7.093861 31.817352
v 251.133057 -21.015316 32.334778
v 254.164642 7.973118 15.876607
v 255.100189 21.840618 20.406006
v 249.347717 -32.465065 0.000010
v 259.838348 -32.359428 0.000006
v 248.820496 -36.409515 18.536961
v 261.139771 -27.212702 0.000012
v 259.597961 -43.951286 0.000021
v 262.847656 -55.800797 0.000005
v 298.397797 -44.628605 -0.000001
v 308.825806 -32.188423 0.000027
v 263.069519 -86.262207 27.901337
v 259.419159 -19.779737 0.000002
v 313.624023 -15.730983 0.000024
v 289.473328 -59.568321 0.000022
v 280.809021 -87.209274 30.734386
v 261.275177 -9.224752 27.031311
v 262.083679 5.547642 15.049854
v 262.570496 17.760754 0.000010
v 259.838348 -32.359428 22.484631
v 303.562683 -15.062614 21.756811
v 300.623657 -25.246000 25.482506
v 292.449036 -22.056372 18.935669
v 307.029510 -21.646378 25.342558
v 294.029236 -15.963312 32.487217
v 297.621399 -21.413534 25.482506
v 292.449036 -22.056372 -0.000000
v 252.744690 40.873753 9.436769
v 262.746033 33.160046 -0.000000
v 256.868927 43.436970 -0.000006
v 288.757568 45.520596 -0.000004
v 296.966919 33.436878 -0.000002
v 318.865601 18.358334 -0.000005
v 325.139557 30.173660 -0.000001
v 321.791016 -3.404316 -0.000001
v 329.602661 0.251629 -0.000002
v 326.866943 6.980568 -0.000001
v 325.211884 -21.934454 0.000010
v 319.284302 -27.811251 12.781876
v 307.693970 -28.605530 -0.000001
v 308.825806 -32.188423 -0.000003
v 270.238953 39.292370 13.532547
v 273.588409 11.984806 13.527795
v 284.359222 7.769382 15.049854
v 262.570496 17.760754 13.523039
v 296.449707 4.121395 12.961963
v 305.996033 -3.541523 -0.000003
v 308.557251 28.099751 17.624195
v 314.741516 -12.277439 17.624195
v 314.741516 -12.277439 16.625847
v 322.661530 -3.634701 7.299538
v 321.396332 -16.860085 11.228305
v 324.372742 -11.285294 0.000002
v 328.666321 -13.872276 15.994514
v 307.325745 -20.222185 -0.000005
v 285.238556 34.991863 15.364322
v 304.758759 10.386715 13.523039
v 296.449707 4.121395 20.686855
v 256.339722 29.234444 15.876607
v 255.100189 21.840618 -5.816015
v 278.240997 -86.658432 0.000022
v 280.809021 -87.209274 -9.721706
v 270.894745 -86.738472 -8.865752
v 264.063538 -86.456078 0.000027
v 263.069519 -86.262207 0.000029
v 256.136047 -137.504898 0.000029
v 254.101395 -143.065201 0.000028
v 258.252380 -117.748657 0.000029
v 255.328369 -125.378952 0.000025
v 270.052582 -120.268539 5.816010
v 278.240997 -86.658432 0.000022
v 280.809021 -87.209274 0.000025
v 268.392181 -135.834579 -0.004821
v 263.016937 -145.435730 9.721704
v 270.894745 -86.738464 8.865753
v 264.063538 -86.456070 0.000027
v 263.069519 -86.262207 -0.004803
v 259.314209 -149.823059 0.477996

vt 0.893056 0.315556
vt 0.890355 0.381366
vt 0.891232 0.246190
vt 0.890660 0.457608
vt 0.892802 0.165583
vt 0.997102 0.175954
vt 0.945108 0.311857
vt 0.997081 0.378642
vt 0.997092 0.235811
vt 0.997080 0.457578
vt 0.997031 0.313794
vt 0.942193 0.379842
vt 0.943111 0.457590
vt 0.941700 0.246560
vt 0.941752 0.165583
vt 0.997102 0.175954
vt 0.945108 0.311857
vt 0.997081 0.378642
vt 0.997092 0.235811
vt 0.997080 0.457578
vt 0.997031 0.313794
vt 0.942193 0.379842
vt 0.943111 0.457590
vt 0.941700 0.246560
vt 0.941752 0.344523
vt 0.501322 0.399481
vt 0.724039 0.365144
vt 0.701412 0.362145
vt 0.635343 0.385266
vt 0.487004 0.362806
vt 0.464075 0.356418
vt 0.533868 0.355437
vt 0.601380 0.340926
vt 0.631225 0.310926
vt 0.569286 0.312715
vt 0.598372 0.262666
vt 0.641974 0.310924
vt 0.628114 0.310246
vt 0.667573 0.309903
vt 0.538620 0.255761
vt 0.572516 0.257511
vt 0.603627 0.262953
vt 0.537351 0.309765
vt 0.499312 0.261923
vt 0.494245 0.336023
vt 0.664290 0.335748
vt 0.734583 0.307947
vt 0.697090 0.336557
vt 0.798085 0.297923
vt 0.765347 0.273351
vt 0.725968 0.265932
vt 0.683441 0.246184
vt 0.537272 0.246997
vt 0.490263 0.294511
vt 0.837547 0.261343
vt 0.796934 0.233970
vt 0.753215 0.209421
vt 0.659744 0.209425
vt 0.703568 0.256962
vt 0.869702 0.224461
vt 0.826990 0.196392
vt 0.770148 0.209421
vt 0.574139 0.209422
vt 0.605332 0.209420
vt 0.538858 0.305495
vt 0.462847 0.260112
vt 0.455154 0.329581
vt 0.418603 0.269776
vt 0.418483 0.295922
vt 0.369746 0.209419
vt 0.487194 0.209356
vt 0.437477 0.209711
vt 0.360385 0.235982
vt 0.278398 0.526547
vt 0.539110 0.354796
vt 0.570680 0.511867
vt 0.490667 0.545216
vt 0.611854 0.389698
vt 0.666162 0.489565
vt 0.437984 0.454880
vt 0.382611 0.431155
vt 0.400873 0.461202
vt 0.458580 0.480087
vt 0.502706 0.491257
vt 0.547460 0.507554
vt 0.613459 0.548866
vt 0.524260 0.529284
vt 0.483071 0.568232
vt 0.620705 0.507504
vt 0.433058 0.564132
vt 0.571824 0.474354
vt 0.372762 0.232961
vt 0.382797 0.267262
vt 0.329700 0.339871
vt 0.569665 0.341101
vt 0.599882 0.340148
vt 0.535657 0.542162
vt 0.660838 0.513341
vt 0.658849 0.412013
vt 0.334928 0.423432
vt 0.453256 0.393306
vt 0.350591 0.405099
vt 0.295331 0.565587
vt 0.668336 0.422963
vt 0.318428 0.376536
vt 0.763781 0.402651
vt 0.422124 0.372705
vt 0.373991 0.345295
vt 0.327771 0.293840
vt 0.224343 0.418756
vt 0.690653 0.320281
vt 0.278655 0.344523
vt 0.501322 0.362145
vt 0.635343 0.385266
vt 0.487004 0.362806
vt 0.464075 0.356418
vt 0.533868 0.355437
vt 0.601380 0.340926
vt 0.631225 0.310926
vt 0.569286 0.312715
vt 0.598372 0.262666
vt 0.641974 0.310924
vt 0.628114 0.310246
vt 0.667573 0.309903
vt 0.538620 0.255761
vt 0.572516 0.257511
vt 0.603627 0.262953
vt 0.537351 0.309765
vt 0.499312 0.261923
vt 0.494245 0.336023
vt 0.664290 0.335748
vt 0.734583 0.307947
vt 0.697090 0.336557
vt 0.798085 0.297923
vt 0.765347 0.273351
vt 0.725968 0.265932
vt 0.683441 0.246184
vt 0.537272 0.246997
vt 0.490263 0.294511
vt 0.837547 0.261343
vt 0.796934 0.233970
vt 0.753215 0.209421
vt 0.659744 0.209425
vt 0.703568 0.256962
vt 0.869702 0.224461
vt 0.826990 0.196392
vt 0.770148 0.209421
vt 0.574139 0.209422
vt 0.605332 0.209420
vt 0.538858 0.305495
vt 0.462847 0.260112
vt 0.455154 0.329581
vt 0.418603 0.269776
vt 0.418483 0.295922
vt 0.369746 0.209419
vt 0.487194 0.209356
vt 0.437477 0.209711
vt 0.360385 0.235982
vt 0.278398 0.526547
vt 0.539110 0.354796
vt 0.570680 0.511867
vt 0.490667 0.545216
vt 0.611854 0.611169
vt 0.616854 0.489565
vt 0.437984 0.454880
vt 0.382611 0.431155
vt 0.400873 0.461202
vt 0.458580 0.480087
vt 0.502706 0.491257
vt 0.547460 0.507554
vt 0.613459 0.548866
vt 0.524260 0.529284
vt 0.483071 0.568232
vt 0.620705 0.507504
vt 0.433058 0.564132
vt 0.571824 0.474354
vt 0.372762 0.232961
vt 0.382797 0.267262
vt 0.329700 0.339871
vt 0.569665 0.341101
vt 0.599882 0.340148
vt 0.535657 0.436163
vt 0.742604 0.315556
vt 0.890355 0.246190
vt 0.890660 0.179191
vt 0.893056 0.457608
vt 0.892802 0.381366
vt 0.891232 0.556241
vt 0.471102 0.581845
vt 0.509543 0.445356
vt 0.299620 0.495946
vt 0.353945 0.438399
vt 0.238707 0.409567
vt 0.234585 0.387408
vt 0.234983 0.370195
vt 0.247409 0.354727
vt 0.273010 0.350852
vt 0.292757 0.460835
vt 0.254853 0.611169
vt 0.616854 0.611874
vt 0.671985 0.538278
vt 0.421964 0.608550
vt 0.555077 0.376536
vt 0.763781 0.423432
vt 0.453256 0.402651
vt 0.422124 0.372705
vt 0.373991 0.345295
vt 0.327771 0.320281
vt 0.278655 0.556241
vt 0.471102 0.581845
vt 0.509543 0.542162
vt 0.660838 0.565587
vt 0.668336 0.513341
vt 0.658849 0.422963
vt 0.318428 0.495946
vt 0.353945 0.445356
vt 0.299620 0.393306
vt 0.350591 0.412013
vt 0.334928 0.438399
vt 0.238707 0.405099
vt 0.295331 0.409567
vt 0.234585 0.387408
vt 0.234983 0.370195
vt 0.247409 0.354727
vt 0.273010 0.350852
vt 0.292757 0.460835
vt 0.254853 0.611874
vt 0.671985 0.538278
vt 0.421964 0.608550
vt 0.555077 0.293840
vt 0.224343 0.399481
vt 0.724039 0.454413
vt 0.703714 0.418756
vt 0.690653 0.494880
vt 0.712167 0.482872
vt 0.749262 0.376536
vt 0.763781 0.422134
vt 0.784647 0.468504
vt 0.789977 1.000000
vt 0.643681 0.457585
vt 0.643686 0.429965
vt 0.549650 0.429965
vt 0.565797 0.457505
vt 0.565793 0.468912
vt 0.565783 0.429965
vt 0.604749 0.468912
vt 0.604743 0.485044
vt 0.604729 0.429965
vt 0.643690 0.468912
vt 0.643676 0.457499
vt 0.565788 0.429960
vt 0.565791 0.468907
vt 0.604738 0.429960
vt 0.604743 0.429960
vt 0.643684 0.402340
vt 0.643681 0.402344
vt 0.643686 0.402425
vt 0.565793 0.391018
vt 0.565783 0.391017
vt 0.604743 0.374885
vt 0.604729 0.391018
vt 0.643676 0.402420
vt 0.565788 0.391013
vt 0.604738 0.429965
vt 0.659808 0.485039
vt 0.604726 0.468907
vt 0.565780 0.468907
vt 0.643673 0.429960
vt 0.549647 0.391013
vt 0.565780 0.374880
vt 0.604726 0.391013
vt 0.643673 0.429960
vt 0.659805 1.000000
vt 0.002214 0.676448
vt 0.440872 0.653807
vt 0.002214 0.726324
vt 0.005935 0.719317
vt 0.431268 0.598666
vt 0.005392 0.800044
vt 0.021098 0.848273
vt 0.037045 0.922769
vt 0.065354 0.890764
vt 0.051537 0.155199
vt 0.502491 0.142251
vt 0.457357 0.170868
vt 0.343003 0.172495
vt 0.397190 0.203638
vt 0.339137 0.649121
vt 0.449172 0.247573
vt 0.190886 0.297748
vt 0.172572 0.379478
vt 0.126005 0.029924
vt 0.087882 0.267383
vt 0.004810 0.345696
vt 0.017374 0.450954
vt 0.057555 0.350998
vt 0.152372 0.294014
vt 0.198604 0.240126
vt 0.225368 0.063203
vt 0.038916 0.156311
vt 0.010287 0.007493
vt 0.096372 0.402986
vt 0.148978 0.386612
vt 0.031940 0.415747
vt 0.096865 0.008375
vt 0.129089 0.218992
vt 0.261411 0.698898
vt 0.368084 0.739618
vt 0.247418 0.742156
vt 0.301206 0.649893
vt 0.057696 0.718880
vt 0.060406 0.762386
vt 0.351448 0.595983
vt 0.055093 0.566489
vt 0.266936 0.571235
vt 0.159088 0.569057
vt 0.349458 0.580435
vt 0.311229 0.590894
vt 0.148827 0.547732
vt 0.176173 0.566301
vt 0.215864 0.585900
vt 0.196474 0.556455
vt 0.123629 0.529143
vt 0.142820 0.445040
vt 0.190976 0.486289
vt 0.295960 0.483108
vt 0.267883 0.482571
vt 0.217359 0.483234
vt 0.241063 0.469043
vt 0.199805 0.653033
vt 0.258581 0.649010
vt 0.184207 0.645700
vt 0.134354 0.699155
vt 0.249316 0.663208
vt 0.350431 0.686064
vt 0.127014 0.695735
vt 0.179580 0.648988
vt 0.392686 0.626233
vt 0.091261 0.517018
vt 0.045746 0.682511
vt 0.300572 0.565641
vt 0.392387 0.579880
vt 0.089061 0.583950
vt 0.267652 0.561711
vt 0.306278 0.552091
vt 0.340768 0.617099
vt 0.367609 0.518114
vt 0.269510 0.516596
vt 0.226924 0.518927
vt 0.300987 0.513712
vt 0.197317 0.498273
vt 0.174664 0.457179
vt 0.161049 0.646141
vt 0.301370 0.633139
vt 0.336536 0.792365
vt 0.244431 0.823681
vt 0.327939 0.780472
vt 0.171058 0.879328
vt 0.307169 0.826919
vt 0.125644 0.842135
vt 0.233512 0.937684
vt 0.277153 0.901681
vt 0.142152 0.871033
vt 0.157755 0.719086
vt 0.123787 0.735129
vt 0.175939 0.836832
vt 0.175793 0.910402
vt 0.223028 0.804369
vt 0.285125 0.868158
vt 0.133600 0.780568
vt 0.118659 0.835047
vt 0.083583 0.876071
vt 0.096254 0.788541
vt 0.070890 0.906063
vt 0.106894 0.919543
vt 0.245853 0.889120
vt 0.265974 0.858769
vt 0.271496 0.878326
vt 0.244117 0.849772
vt 0.806016 0.904572
vt 0.167943 0.751268
vt 0.744082 0.839243
vt 0.775838 0.886694
vt 0.705881 0.677486
vt 0.697671 0.735105
vt 0.705223 0.804593
vt 0.669738 0.877043
vt 0.646352 0.659300
vt 0.536659 0.700286
vt 0.548922 0.763208
vt 0.559472 0.804019
vt 0.492845 0.670066
vt 0.503518 0.697215
vt 0.513402 0.772318
vt 0.474376 0.693768
vt 0.486966 0.721942
vt 0.472307 0.717257
vt 0.754867 0.927325
vt 0.694139 0.929682
vt 0.620175 0.805455
vt 0.459554 0.777088
vt 0.452121 0.744663
vt 0.438686 0.686195
vt 0.465466 0.804064
vt 0.785744 0.765225
vt 0.681491 0.866995
vt 0.763909 0.839502
vt 0.657380 0.791538
vt 0.542429 0.736584
vt 0.500812 0.752296
vt 0.459290 0.686665
vt 0.714583 0.720893
vt 0.668258 0.799398
vt 0.654016 0.873413
vt 0.627060 0.931330
vt 0.639983 0.759023
vt 0.665959 0.835622
vt 0.640283 0.727367
vt 0.685003 0.710191
vt 0.449728 0.634476
vt 0.595488 0.705855
vt 0.615685 0.776705
vt 0.591107 0.815020
vt 0.574022 0.857650
vt 0.524168 0.908703
vt 0.513397 0.786151
vt 0.737155 0.821208
vt 0.726374 0.855195
vt 0.716607 0.737831
vt 0.604365 0.845510
vt 0.481587 0.839654
vt 0.455434 0.894876
vt 0.482947 0.862774
vt 0.491840 0.858004
vt 0.464373 0.856248
vt 0.445589 0.879522
vt 0.452576 0.867596
vt 0.466682 0.855135
vt 0.558556 0.736989
vt 0.567018 0.892625
vt 0.741508 0.768222
vt 0.777818 0.911421
vt 0.540885 0.641026
vt 0.625403 0.755057
vt 0.531748 0.822648
vt 0.532268 0.697703
vt 0.574680 0.993719
vt 0.476169 0.916736
vt 0.476524 0.830530
vt 0.505782 0.997435
vt 0.709174 0.928375
vt 0.715643 0.612885
vt 0.808894 0.713851
vt 0.804249 0.610069
vt 0.735118 0.611272
vt 0.756699 0.992520
vt 0.781149 0.996884
vt 0.755033 0.974034
vt 0.749242 0.644379
vt 0.818855 0.673382
vt 0.831183 0.956469
vt 0.807443 0.930949
vt 0.763587 0.609892
vt 0.839878 0.629321
vt 0.855376 0.651230
vt 0.854556 0.647477
vt 0.877364 0.619809
vt 0.878857 0.598821
vt 0.861966 0.015758
vt 0.600019 0.077714
vt 0.468937 0.059503
vt 0.337908 0.060364
vt 0.403913 0.032635
vt 0.500274 0.093997
vt 0.522142 0.112675
vt 0.397039 0.116682
vt 0.334226 0.010121
vt 0.485207 0.589227
vt 0.842006 0.663453
vt 0.869399 0.685479
vt 0.336545 0.676286
vt 0.379230 0.068958
vt 0.269152 0.094620
vt 0.131906 0.118749
vt 0.222095 0.175706
vt 0.233176 0.189276
vt 0.106364 0.268832
vt 0.118277 0.263035
vt 0.060202 0.355474
vt 0.089283 0.151514
vt 0.220619 0.186907
vt 0.187271 0.353089
vt 0.071114 0.222026
vt 0.144111 0.202128
vt 0.129293 0.127228
vt 0.163966 0.260648
vt 0.092473 0.085191
vt 0.234563 0.089572
vt 0.185819 0.103247
vt 0.089229 0.117518
vt 0.114609 0.167429
vt 0.072467 0.072692
vt 0.113323 0.130840
vt 0.123628 0.071077
vt 0.150224 0.045279
vt 0.136548 0.228219
vt 0.205262 0.350820
vt 0.125059 0.025721
vt 0.166318 0.280165
vt 0.139556 0.234331
vt 0.166642 0.171687
vt 0.256572 0.141026
vt 0.248250 0.106637
vt 0.255905 0.090071
vt 0.263399 0.152410
vt 0.173800 0.698898
vt 0.368084 0.739618
vt 0.247418 0.742156
vt 0.301206 0.649893
vt 0.057696 0.718880
vt 0.060406 0.762386
vt 0.351448 0.595983
vt 0.055093 0.566489
vt 0.266936 0.571235
vt 0.159088 0.569057
vt 0.349458 0.580435
vt 0.311229 0.590894
vt 0.148827 0.547732
vt 0.176173 0.566301
vt 0.215864 0.585900
vt 0.196474 0.556455
vt 0.123629 0.529143
vt 0.142820 0.445040
vt 0.190976 0.486289
vt 0.295960 0.483108
vt 0.267883 0.482571
vt 0.217359 0.483234
vt 0.241063 0.469043
vt 0.199805 0.653033
vt 0.258581 0.649010
vt 0.184207 0.645700
vt 0.134354 0.699155
vt 0.249316 0.663208
vt 0.350431 0.686064
vt 0.127014 0.695735
vt 0.179580 0.648988
vt 0.392686 0.626233
vt 0.091261 0.517018
vt 0.045746 0.682511
vt 0.300572 0.565641
vt 0.392387 0.579880
vt 0.089061 0.583950
vt 0.267652 0.561711
vt 0.306278 0.552091
vt 0.340768 0.617099
vt 0.367609 0.518114
vt 0.269510 0.516596
vt 0.226924 0.518927
vt 0.300987 0.513712
vt 0.197317 0.498273
vt 0.174664 0.457179
vt 0.161049 0.646141
vt 0.301370 0.633139
vt 0.336536 0.792365
vt 0.244431 0.823681
vt 0.327939 0.780472
vt 0.171058 0.879328
vt 0.307169 0.826919
vt 0.125644 0.842135
vt 0.233512 0.937684
vt 0.277153 0.901681
vt 0.142152 0.871033
vt 0.157755 0.719086
vt 0.123787 0.735129
vt 0.175939 0.836832
vt 0.175793 0.910402
vt 0.223028 0.804369
vt 0.285125 0.868158
vt 0.133600 0.780568
vt 0.118659 0.835047
vt 0.083583 0.876071
vt 0.096254 0.788541
vt 0.070890 0.906063
vt 0.106894 0.919543
vt 0.245853 0.889120
vt 0.265974 0.858769
vt 0.271496 0.878326
vt 0.244117 0.849772
vt 0.806016 0.904572
vt 0.167943 0.751268
vt 0.744082 0.839243
vt 0.775838 0.886694
vt 0.705881 0.677486
vt 0.697671 0.735105
vt 0.705223 0.804593
vt 0.669738 0.877043
vt 0.646352 0.659300
vt 0.536659 0.700286
vt 0.548922 0.763208
vt 0.559472 0.804019
vt 0.492845 0.670066
vt 0.503518 0.697215
vt 0.513402 0.772318
vt 0.474376 0.693768
vt 0.486966 0.721942
vt 0.472307 0.717257
vt 0.754867 0.927325
vt 0.694139 0.929682
vt 0.620175 0.805455
vt 0.459554 0.777088
vt 0.452121 0.744663
vt 0.438686 0.686195
vt 0.465466 0.804064
vt 0.785744 0.765225
vt 0.681491 0.866995
vt 0.763909 0.839502
vt 0.657380 0.791538
vt 0.542429 0.736584
vt 0.500812 0.752296
vt 0.459290 0.686665
vt 0.714583 0.720893
vt 0.668258 0.799398
vt 0.654016 0.873413
vt 0.627060 0.931330
vt 0.639983 0.759023
vt 0.665959 0.835622
vt 0.640283 0.727367
vt 0.685003 0.710191
vt 0.449728 0.634476
vt 0.595488 0.705855
vt 0.615685 0.776705
vt 0.591107 0.815020
vt 0.574022 0.857650
vt 0.524168 0.908703
vt 0.513397 0.786151
vt 0.737155 0.821208
vt 0.726374 0.855195
vt 0.716607 0.737831
vt 0.604365 0.845510
vt 0.481587 0.839654
vt 0.455434 0.894876
vt 0.482947 0.862774
vt 0.491840 0.858004
vt 0.464373 0.856248
vt 0.445589 0.879522
vt 0.452576 0.867596
vt 0.466682 0.855135
vt 0.558556 0.736989
vt 0.567018 0.892625
vt 0.741508 0.768222
vt 0.777818 0.911421
vt 0.540885 0.641026
vt 0.625403 0.755057
vt 0.531748 0.822648
vt 0.532268 0.697703
vt 0.574680 0.993719
vt 0.476169 0.916736
vt 0.476524 0.830530
vt 0.505782 0.997435
vt 0.709174 0.928375
vt 0.715643 0.612885
vt 0.808894 0.713851
vt 0.804249 0.610069
vt 0.735118 0.611272
vt 0.756699 0.992520
vt 0.781149 0.996884
vt 0.755033 0.974034
vt 0.749242 0.644379
vt 0.818855 0.673382
vt 0.831183 0.956469
vt 0.807443 0.930949
vt 0.763587 0.609892
vt 0.839878 0.629321
vt 0.855376 0.651230
vt 0.854556 0.647477
vt 0.877364 0.619809
vt 0.878857 0.598821
vt 0.861966 0.015758
vt 0.600019 0.077714
vt 0.468937 0.059503
vt 0.337908 0.060364
vt 0.403913 0.032635
vt 0.500274 0.093997
vt 0.522142 0.112675
vt 0.397039 0.116682
vt 0.334226 0.010121
vt 0.485207 0.589227
vt 0.842006 0.663453
vt 0.869399 0.685479
vt 0.336545 0.676286
vt 0.379230 0.068958
vt 0.269152 0.094620
vt 0.131906 0.118749
vt 0.222095 0.175706
vt 0.233176 0.189276
vt 0.106364 0.268832
vt 0.118277 0.263035
vt 0.060202 0.355474
vt 0.089283 0.151514
vt 0.220619 0.186907
vt 0.187271 0.353089
vt 0.071114 0.222026
vt 0.144111 0.202128
vt 0.129293 0.127228
vt 0.163966 0.260648
vt 0.092473 0.085191
vt 0.234563 0.089572
vt 0.185819 0.103247
vt 0.089229 0.117518
vt 0.114609 0.167429
vt 0.072467 0.072692
vt 0.113323 0.130840
vt 0.123628 0.071077
vt 0.150224 0.045279
vt 0.136548 0.228219
vt 0.205262 0.350820
vt 0.125059 0.025721
vt 0.166318 0.280165
vt 0.139556 0.234331
vt 0.166642 0.171687
vt 0.256572 0.141026
vt 0.248250 0.106637
vt 0.255905 0.090071
vt 0.263399 0.152410
vt 0.173800 0.948485
vt 0.078709 0.148037
vt 0.548572 0.940754
vt 0.220480 0.961064
vt 0.260650 0.928433
vt 0.155136 0.932469
vt 0.120214 0.108924
vt 0.603286 0.057291
vt 0.618622 0.940754
vt 0.220480 0.961064
vt 0.260650 0.928433
vt 0.155136 0.932469
vt 0.120214 0.108924
vt 0.603286 0.057291
vt 0.618622 0.965746
vt 0.087198 0.761451
vt 0.837215 0.593574
vt 0.917965 0.740455
vt 0.856537 0.571166
vt 0.840782 0.584804
vt 0.883206 0.901308
vt 0.990783 0.680128
vt 0.896629 0.561628
vt 0.769593 0.159599
vt 0.641967 0.127523
vt 0.761181 0.116408
vt 0.853877 0.131735
vt 0.929961 0.163115
vt 0.770199 0.115366
vt 0.820317 0.134331
vt 0.854833 0.139385
vt 0.946227 0.186863
vt 0.539309 0.125180
vt 0.908872 0.142856
vt 0.723818 0.197136
vt 0.654745 0.161554
vt 0.686180 0.933164
vt 0.188119 0.946862
vt 0.160464 0.978965
vt 0.248271 0.951720
vt 0.130120 0.950039
vt 0.185517 0.960711
vt 0.215905 0.921518
vt 0.945355 0.536362
vt 0.929435 0.916222
vt 0.916802 0.515592
vt 0.931499 0.769882
vt 0.891948 0.550567
vt 0.886092 0.940251
vt 0.921946 0.693854
vt 0.920721 0.520841
vt 0.765116 0.798799
vt 0.864065 0.498326
vt 0.887161 0.506769
vt 0.843801 0.878024
vt 0.950260 0.887518
vt 0.938383 0.542412
vt 0.845154 0.541819
vt 0.770363 0.893279
vt 0.963907 0.562349
vt 0.922772 0.842248
vt 0.854479 0.858077
vt 0.872090 0.919491
vt 0.880663 0.887060
vt 0.878264 0.954553
vt 0.887518 0.880472
vt 0.921629 0.522408
vt 0.888195 0.813745
vt 0.879666 0.497161
vt 0.931225 0.864934
vt 0.414401 0.877947
vt 0.409643 0.863719
vt 0.383392 0.073735
vt 0.982981 0.080187
vt 0.780973 0.101556
vt 0.882283 0.097149
vt 0.922608 0.100055
vt 0.956753 0.065315
vt 0.666451 0.033974
vt 0.811779 0.105653
vt 0.719420 0.058933
vt 0.900574 0.032880
vt 0.936548 0.029234
vt 0.968021 0.074055
vt 0.947433 0.089654
vt 0.840755 0.049897
vt 0.858334 0.132302
vt 0.662046 0.033792
vt 0.771734 0.051109
vt 0.804466 0.846045
vt 0.408209 0.883766
vt 0.899946 0.917856
vt 0.898732 0.947402
vt 0.904732 0.063267
vt 0.694343 0.060729
vt 0.639116 0.117684
vt 0.625304 0.162760
vt 0.597018 0.933164
vt 0.188119 0.946862
vt 0.160464 0.978965
vt 0.248271 0.951720
vt 0.130120 0.950039
vt 0.185517 0.960711
vt 0.215905 0.921518
vt 0.945355 0.866134
vt 0.937475 0.916222
vt 0.916802 0.866381
vt 0.916605 0.769882
vt 0.891948 0.824195
vt 0.955404 0.940251
vt 0.921946 0.693854
vt 0.920721 0.701088
vt 0.936335 0.798799
vt 0.864065 0.820706
vt 0.903269 0.778247
vt 0.915459 0.878024
vt 0.950260 0.887518
vt 0.938383 0.782701
vt 0.950849 0.708143
vt 0.956776 0.893279
vt 0.963907 0.861762
vt 0.963944 0.842248
vt 0.854479 0.858077
vt 0.872090 0.919491
vt 0.880663 0.887060
vt 0.878264 0.954553
vt 0.887518 0.880472
vt 0.921629 0.823836
vt 0.927169 0.813745
vt 0.879666 0.864501
vt 0.898268 0.864934
vt 0.414401 0.877947
vt 0.409643 0.863719
vt 0.383392 0.073735
vt 0.982981 0.080187
vt 0.780973 0.101556
vt 0.882283 0.097149
vt 0.922608 0.100055
vt 0.956753 0.065315
vt 0.666451 0.033974
vt 0.811779 0.105653
vt 0.719420 0.058933
vt 0.900574 0.032880
vt 0.936548 0.029234
vt 0.968021 0.074055
vt 0.947433 0.089654
vt 0.840755 0.049897
vt 0.858334 0.132302
vt 0.662046 0.033792
vt 0.771734 0.051109
vt 0.804466 0.846045
vt 0.408209 0.883766
vt 0.899946 0.917856
vt 0.898732 0.947402
vt 0.904732 0.063267
vt 0.694343 0.060729
vt 0.639116 0.117684
vt 0.625304 0.555241
vt 0.972738 0.566268
vt 0.991071 0.591771
vt 0.936134 0.591182
vt 0.990343 0.627490
vt 0.981952 0.610577
vt 0.930701 0.567553
vt 0.953476 0.584993
vt 0.961505 0.588359
vt 0.971456 0.621707
vt 0.961998 0.618335
vt 0.949919 0.568594
vt 0.975032 0.584993
vt 0.961505 0.588359
vt 0.971456 0.621707
vt 0.961998 0.618335
vt 0.949919 0.568594
vt 0.975032 0.556521
vt 0.988452 0.576888
vt 0.426621 0.589148
vt 0.467389 0.502865
vt 0.079285 0.518585
vt 0.325923 0.469897
vt 0.108757 0.466750
vt 0.126906 0.487155
vt 0.315918 0.727783
vt 0.781383 0.767992
vt 0.799191 0.811018
vt 0.812945 0.878016
vt 0.793151 0.902483
vt 0.760335 0.931344
vt 0.726118 0.998852
vt 0.719325 0.988624
vt 0.639579 0.995423
vt 0.689577 0.990812
vt 0.620349 0.998852
vt 0.539844 0.923859
vt 0.421969 0.918913
vt 0.453151 0.988908
vt 0.420829 0.993657
vt 0.452335 0.957493
vt 0.375764 0.983226
vt 0.384615 0.927664
vt 0.384449 0.993198
vt 0.509638 0.825551
vt 0.457284 0.895884
vt 0.441450 0.909547
vt 0.461904 0.726725
vt 0.771731 0.640316
vt 0.554931 0.725097
vt 0.826592 0.692606
vt 0.850255 0.584215
vt 0.732784 0.616406
vt 0.710735 0.593603
vt 0.702490 0.582072
vt 0.761911 0.585859
vt 0.804943 0.938292
vt 0.818004 0.914623
vt 0.775019 0.907217
vt 0.780205 0.930733
vt 0.822397 0.902326
vt 0.810774 0.636979
vt 0.759409 0.640892
vt 0.782641 0.639203
vt 0.734747 0.646234
vt 0.718832 0.657005
vt 0.796199 0.676300
vt 0.794180 0.695949
vt 0.783684 0.012457
vt 0.527352 0.013274
vt 0.419058 0.000483
vt 0.454644 0.008771
vt 0.368363 0.094524
vt 0.289714 0.063260
vt 0.235975 0.100627
vt 0.183978 0.003237
vt 0.159785 0.061568
vt 0.176733 0.044397
vt 0.192701 0.167668
vt 0.279968 0.201473
vt 0.291717 0.130537
vt 0.275881 0.598666
vt 0.005392 0.522004
vt 0.002214 0.576888
vt 0.426621 0.589148
vt 0.467389 0.676448
vt 0.440872 0.649121
vt 0.449172 0.653807
vt 0.002214 0.726324
vt 0.005935 0.719317
vt 0.431268 0.502865
vt 0.079285 0.518585
vt 0.325923 0.469897
vt 0.108757 0.466750
vt 0.126906 0.487155
vt 0.315918 0.800044
vt 0.021098 0.848273
vt 0.037045 0.890764
vt 0.051537 0.922769
vt 0.065354 0.767992
vt 0.799191 0.727783
vt 0.781383 0.811018
vt 0.812945 0.878016
vt 0.793151 0.931344
vt 0.726118 0.902483
vt 0.760335 0.998852
vt 0.719325 0.988624
vt 0.639579 0.995423
vt 0.689577 0.990812
vt 0.620349 0.998852
vt 0.539844 0.923859
vt 0.421969 0.988908
vt 0.420829 0.918913
vt 0.453151 0.993657
vt 0.452335 0.957493
vt 0.375764 0.983226
vt 0.384615 0.927664
vt 0.384449 0.993198
vt 0.509638 0.825551
vt 0.457284 0.895884
vt 0.441450 0.909547
vt 0.461904 0.726725
vt 0.771731 0.640316
vt 0.554931 0.725097
vt 0.826592 0.692606
vt 0.850255 0.616406
vt 0.710735 0.584215
vt 0.732784 0.593603
vt 0.702490 0.582072
vt 0.761911 0.585859
vt 0.804943 0.938292
vt 0.818004 0.907217
vt 0.780205 0.914623
vt 0.775019 0.930733
vt 0.822397 0.902326
vt 0.810774 0.636979
vt 0.759409 0.640892
vt 0.782641 0.639203
vt 0.734747 0.646234
vt 0.718832 0.657005
vt 0.796199 0.676300
vt 0.794180 0.695949
vt 0.783684 0.012457
vt 0.527352 0.142251
vt 0.457357 0.155199
vt 0.502491 0.013274
vt 0.419058 0.000483
vt 0.454644 0.172495
vt 0.397190 0.170868
vt 0.343003 0.203638
vt 0.339137 0.008771
vt 0.368363 0.218992
vt 0.261411 0.345696
vt 0.017374 0.267383
vt 0.004810 0.450954
vt 0.057555 0.386612
vt 0.031940 0.415747
vt 0.096865 0.247573
vt 0.190886 0.297748
vt 0.172572 0.094524
vt 0.289714 0.063260
vt 0.235975 0.100627
vt 0.183978 0.156311
vt 0.010287 0.063203
vt 0.038916 0.029924
vt 0.087882 0.008375
vt 0.129089 0.003237
vt 0.159785 0.061568
vt 0.176733 0.007493
vt 0.096372 0.294014
vt 0.198604 0.240126
vt 0.225368 0.350998
vt 0.152372 0.402986
vt 0.148978 0.379478
vt 0.126005 0.044397
vt 0.192701 0.167668
vt 0.279968 0.201473
vt 0.291717 0.130537
vt 0.275881 0.904572
vt 0.167943 0.916426
vt 0.190848 0.906063
vt 0.106894 0.922769
vt 0.065354 0.910402
vt 0.223028 0.901681
vt 0.142152 0.919543
vt 0.245853 0.937684
vt 0.277153 0.093997
vt 0.522142 0.155199
vt 0.502491 0.015758
vt 0.600019 0.012056
vt 0.634522 0.904572
vt 0.167943 0.916426
vt 0.190848 0.906063
vt 0.106894 0.948485
vt 0.078709 0.922769
vt 0.065354 0.910402
vt 0.223028 0.901681
vt 0.142152 0.919543
vt 0.245853 0.937684
vt 0.277153 0.148037
vt 0.548572 0.155199
vt 0.502491 0.093997
vt 0.522142 0.015758
vt 0.600019 0.012056
vt 0.634522 0.928433
vt 0.155136 0.916426
vt 0.190848 0.940754
vt 0.220480 0.961064
vt 0.260650 0.932469
vt 0.120214 0.948485
vt 0.078709 0.823076
vt 0.842777 0.857316
vt 0.842004 0.861762
vt 0.963944 0.859695
vt 0.995470 0.482619
vt 0.837517 0.504656
vt 0.759270 0.866134
vt 0.937475 0.885417
vt 0.841254 0.921291
vt 0.844204 0.961311
vt 0.853818 0.780899
vt 0.817253 0.470524
vt 0.927107 0.474206
vt 0.882283 0.864501
vt 0.898268 0.897686
vt 0.407337 0.860145
vt 0.432463 0.832079
vt 0.427820 0.883451
vt 0.425071 0.911731
vt 0.385701 0.892396
vt 0.373603 0.915057
vt 0.365867 0.148037
vt 0.548572 0.108924
vt 0.603286 0.147015
vt 0.967265 0.102598
vt 0.983706 0.027173
vt 0.689492 0.030014
vt 0.709140 0.014195
vt 0.660200 0.035428
vt 0.871559 0.007666
vt 0.826413 0.067214
vt 0.958652 0.041514
vt 0.994715 0.005195
vt 0.994579 0.010678
vt 0.954480 0.073074
vt 0.929701 0.040426
vt 0.924239 0.059464
vt 0.746148 0.866381
vt 0.916605 0.032855
vt 0.728787 0.057291
vt 0.618622 0.012056
vt 0.634522 0.916426
vt 0.190848 0.928433
vt 0.155136 0.940754
vt 0.220480 0.961064
vt 0.260650 0.932469
vt 0.120214 0.965746
vt 0.087198 0.948485
vt 0.078709 0.823076
vt 0.842777 0.761451
vt 0.837215 0.740455
vt 0.856537 0.824303
vt 0.989762 0.859695
vt 0.995470 0.680128
vt 0.896629 0.857316
vt 0.842004 0.901308
vt 0.990783 0.780853
vt 0.979873 0.709103
vt 0.976576 0.885417
vt 0.841254 0.921291
vt 0.844204 0.961311
vt 0.853818 0.780899
vt 0.817253 0.897686
vt 0.407337 0.860145
vt 0.432463 0.832079
vt 0.427820 0.883451
vt 0.425071 0.911731
vt 0.385701 0.892396
vt 0.373603 0.915057
vt 0.365867 0.148037
vt 0.548572 0.108924
vt 0.603286 0.186863
vt 0.539309 0.197136
vt 0.654745 0.161554
vt 0.686180 0.127523
vt 0.761181 0.163115
vt 0.770199 0.116408
vt 0.853877 0.134331
vt 0.854833 0.115366
vt 0.820317 0.131735
vt 0.929961 0.139385
vt 0.946227 0.102598
vt 0.983706 0.147015
vt 0.967265 0.162760
vt 0.597018 0.027173
vt 0.689492 0.030014
vt 0.709140 0.014195
vt 0.660200 0.007666
vt 0.826413 0.035428
vt 0.871559 0.142856
vt 0.723818 0.067214
vt 0.958652 0.005195
vt 0.994579 0.041514
vt 0.994715 0.010678
vt 0.954480 0.073074
vt 0.929701 0.125180
vt 0.908872 0.040426
vt 0.924239 0.159599
vt 0.641967 0.059464
vt 0.746148 0.032855
vt 0.728787 0.057291
vt 0.618622 0.012056
vt 0.634522 0.708143
vt 0.956776 0.709103
vt 0.976576 0.701088
vt 0.936335 0.693854
vt 0.920721 0.680128
vt 0.896629 0.567553
vt 0.953476 0.555241
vt 0.972738 0.610577
vt 0.930701 0.591771
vt 0.936134 0.627490
vt 0.981952 0.708143
vt 0.956776 0.709103
vt 0.976576 0.591182
vt 0.990343 0.566268
vt 0.991071 0.701088
vt 0.936335 0.693854
vt 0.920721 0.680128
vt 0.896629 0.556521
vt 0.988452 1.000000

f 8/8 13/13 9/9
f 13/13 8/8 12/12
f 2/2 15/15 4/4
f 15/15 2/2 12/12
f 4/4 7/7 1/1
f 7/7 4/4 15/15
f 5/5 13/13 3/3
f 13/13 5/5 14/14
f 12/12 3/3 13/13
f 3/3 12/12 2/2
f 14/14 9/9 13/13
f 9/9 14/14 11/11
f 10/10 6/6 7/7
f 10/10 12/12 8/8
f 12/12 10/10 15/15
f 7/7 15/15 10/10
f 18/18 19/19 23/23
f 23/23 22/22 18/18
f 184/184 185/185 25/25
f 25/25 22/22 184/184
f 185/185 186/186 17/17
f 17/17 25/25 185/185
f 187/187 188/188 23/23
f 23/23 24/24 187/187
f 22/22 23/23 188/188
f 188/188 184/184 22/22
f 24/24 23/23 19/19
f 19/19 21/21 24/24
f 20/20 17/17 16/16
f 20/20 18/18 22/22
f 22/22 25/25 20/20
f 17/17 20/20 25/25
f 111/111 79/79 28/28
f 28/28 27/27 111/111
f 29/29 46/46 79/79
f 28/28 79/79 46/46
f 32/32 30/30 26/26
f 30/30 31/31 26/26
f 34/34 46/46 29/29
f 96/96 33/33 76/76
f 76/76 95/95 96/96
f 39/39 38/38 37/37
f 37/37 52/52 39/39
f 40/40 35/35 95/95
f 95/95 97/97 40/40
f 34/34 29/29 33/33
f 36/36 35/35 41/41
f 41/41 42/42 36/36
f 41/41 35/35 40/40
f 40/40 43/43 41/41
f 42/42 37/37 38/38
f 38/38 36/36 42/42
f 43/43 40/40 44/44
f 44/44 45/45 43/43
f 46/46 34/34 38/38
f 38/38 39/39 46/46
f 36/36 38/38 34/34
f 34/34 96/96 36/36
f 32/32 26/26 97/97
f 47/47 106/106 27/27
f 27/27 28/28 47/47
f 48/48 47/47 28/28
f 28/28 46/46 48/48
f 106/106 47/47 50/50
f 50/50 49/49 106/106
f 47/47 48/48 51/51
f 51/51 50/50 47/47
f 46/46 39/39 48/48
f 52/52 51/51 48/48
f 48/48 39/39 52/52
f 41/41 43/43 53/53
f 45/45 54/54 53/53
f 53/53 43/43 45/45
f 49/49 50/50 56/56
f 56/56 55/55 49/49
f 50/50 51/51 57/57
f 57/57 56/56 50/50
f 58/58 59/59 52/52
f 52/52 37/37 58/58
f 37/37 42/42 58/58
f 51/51 52/52 59/59
f 59/59 57/57 51/51
f 55/55 56/56 61/61
f 61/61 60/60 55/55
f 56/56 57/57 62/62
f 62/62 61/61 56/56
f 57/57 59/59 62/62
f 63/63 64/64 42/42
f 42/42 41/41 63/63
f 53/53 65/65 63/63
f 63/63 41/41 53/53
f 42/42 64/64 58/58
f 101/101 107/107 31/31
f 31/31 30/30 101/101
f 45/45 44/44 66/66
f 66/66 67/67 45/45
f 31/31 66/66 26/26
f 44/44 26/26 66/66
f 54/54 45/45 67/67
f 107/107 108/108 68/68
f 68/68 31/31 107/107
f 31/31 68/68 66/66
f 108/108 109/109 70/70
f 70/70 68/68 108/108
f 68/68 70/70 69/69
f 69/69 66/66 68/68
f 69/69 67/67 66/66
f 67/67 72/72 71/71
f 71/71 54/54 67/67
f 94/94 70/70 109/109
f 109/109 112/112 94/94
f 93/93 69/69 70/70
f 70/70 94/94 93/93
f 72/72 67/67 69/69
f 69/69 93/93 72/72
f 54/54 71/71 65/65
f 65/65 53/53 54/54
f 189/189 190/190 87/87
f 87/87 88/88 189/189
f 98/98 78/78 89/89
f 89/89 104/104 98/98
f 90/90 88/88 77/77
f 77/77 80/80 90/90
f 75/75 87/87 91/91
f 80/80 81/81 92/92
f 92/92 90/90 80/80
f 82/82 81/81 83/83
f 80/80 83/83 81/81
f 84/84 83/83 77/77
f 80/80 77/77 83/83
f 78/78 75/75 91/91
f 91/91 89/89 78/78
f 85/85 75/75 86/86
f 78/78 86/86 75/75
f 75/75 85/85 77/77
f 84/84 77/77 85/85
f 86/86 78/78 99/99
f 98/98 99/99 78/78
f 105/105 191/191 192/192
f 192/192 92/92 105/105
f 102/102 100/100 81/81
f 81/81 82/82 102/102
f 193/193 194/194 103/103
f 194/194 195/195 103/103
f 196/196 197/197 103/103
f 195/195 196/196 103/103
f 197/197 198/198 103/103
f 199/199 193/193 103/103
f 77/77 88/88 87/87
f 87/87 75/75 77/77
f 104/104 89/89 200/200
f 200/200 201/201 104/104
f 189/189 88/88 90/90
f 90/90 202/202 189/189
f 87/87 190/190 203/203
f 203/203 91/91 87/87
f 90/90 92/92 192/192
f 192/192 202/202 90/90
f 89/89 91/91 203/203
f 203/203 200/200 89/89
f 100/100 105/105 92/92
f 92/92 81/81 100/100
f 74/74 94/94 112/112
f 112/112 110/110 74/74
f 73/73 93/93 94/94
f 94/94 74/74 73/73
f 93/93 73/73 72/72
f 36/36 96/96 95/95
f 95/95 35/35 36/36
f 97/97 95/95 76/76
f 76/76 32/32 97/97
f 34/34 33/33 96/96
f 40/40 97/97 26/26
f 26/26 44/44 40/40
f 117/117 113/113 115/115
f 115/115 113/113 116/116
f 119/119 114/114 131/131
f 181/181 180/180 161/161
f 161/161 118/118 181/181
f 124/124 137/137 122/122
f 122/122 123/123 124/124
f 125/125 182/182 180/180
f 180/180 120/120 125/125
f 119/119 118/118 114/114
f 121/121 127/127 126/126
f 126/126 120/120 121/121
f 126/126 128/128 125/125
f 125/125 120/120 126/126
f 127/127 121/121 123/123
f 123/123 122/122 127/127
f 128/128 130/130 129/129
f 129/129 125/125 128/128
f 131/131 124/124 123/123
f 123/123 119/119 131/131
f 121/121 181/181 119/119
f 119/119 123/123 121/121
f 117/117 182/182 113/113
f 204/204 134/134 135/135
f 135/135 132/132 204/204
f 132/132 135/135 136/136
f 136/136 133/133 132/132
f 131/131 133/133 124/124
f 137/137 124/124 133/133
f 133/133 136/136 137/137
f 126/126 138/138 128/128
f 130/130 128/128 138/138
f 138/138 139/139 130/130
f 134/134 140/140 141/141
f 141/141 135/135 134/134
f 135/135 141/141 142/142
f 142/142 136/136 135/135
f 143/143 122/122 137/137
f 137/137 144/144 143/143
f 122/122 143/143 127/127
f 136/136 142/142 144/144
f 144/144 137/137 136/136
f 140/140 145/145 146/146
f 146/146 141/141 140/140
f 141/141 146/146 147/147
f 147/147 142/142 141/141
f 142/142 147/147 144/144
f 148/148 126/126 127/127
f 127/127 149/149 148/148
f 138/138 126/126 148/148
f 148/148 150/150 138/138
f 127/127 143/143 149/149
f 205/205 115/115 116/116
f 116/116 206/206 205/205
f 130/130 152/152 151/151
f 151/151 129/129 130/130
f 116/116 113/113 151/151
f 129/129 151/151 113/113
f 139/139 152/152 130/130
f 206/206 116/116 153/153
f 153/153 207/207 206/206
f 116/116 151/151 153/153
f 207/207 153/153 155/155
f 155/155 208/208 207/207
f 153/153 151/151 154/154
f 154/154 155/155 153/153
f 154/154 151/151 152/152
f 152/152 139/139 156/156
f 156/156 157/157 152/152
f 179/179 209/209 208/208
f 208/208 155/155 179/179
f 178/178 179/179 155/155
f 155/155 154/154 178/178
f 157/157 178/178 154/154
f 154/154 152/152 157/157
f 139/139 138/138 150/150
f 150/150 156/156 139/139
f 210/210 173/173 172/172
f 172/172 211/211 210/210
f 212/212 213/213 174/174
f 174/174 163/163 212/212
f 175/175 165/165 162/162
f 162/162 173/173 175/175
f 160/160 176/176 172/172
f 165/165 175/175 177/177
f 177/177 166/166 165/165
f 167/167 168/168 166/166
f 165/165 166/166 168/168
f 169/169 162/162 168/168
f 165/165 168/168 162/162
f 163/163 174/174 176/176
f 176/176 160/160 163/163
f 170/170 171/171 160/160
f 163/163 160/160 171/171
f 160/160 162/162 170/170
f 169/169 170/170 162/162
f 171/171 214/214 163/163
f 212/212 163/163 214/214
f 215/215 177/177 216/216
f 216/216 217/217 215/215
f 218/218 167/167 166/166
f 166/166 219/219 218/218
f 220/220 221/221 222/222
f 222/222 221/221 223/223
f 224/224 221/221 225/225
f 223/223 221/221 224/224
f 225/225 221/221 226/226
f 227/227 221/221 220/220
f 162/162 160/160 172/172
f 172/172 173/173 162/162
f 213/213 228/228 164/164
f 164/164 174/174 213/213
f 210/210 229/229 175/175
f 175/175 173/173 210/210
f 172/172 176/176 230/230
f 230/230 211/211 172/172
f 175/175 229/229 216/216
f 216/216 177/177 175/175
f 174/174 164/164 230/230
f 230/230 176/176 174/174
f 219/219 166/166 177/177
f 177/177 215/215 219/219
f 159/159 231/231 209/209
f 209/209 179/179 159/159
f 158/158 159/159 179/179
f 179/179 178/178 158/158
f 178/178 157/157 158/158
f 121/121 120/120 180/180
f 180/180 181/181 121/121
f 182/182 117/117 161/161
f 161/161 180/180 182/182
f 119/119 181/181 118/118
f 125/125 129/129 113/113
f 113/113 182/182 125/125
f 232/232 183/183 233/233
f 233/233 234/234 232/232
f 235/235 183/183 236/236
f 183/183 235/235 233/233
f 183/183 232/232 237/237
f 237/237 238/238 183/183
f 183/183 238/238 239/239
f 239/239 236/236 183/183
f 247/247 246/246 243/243
f 247/247 243/243 244/244
f 248/248 247/247 244/244
f 248/248 244/244 245/245
f 241/241 249/249 246/246
f 241/241 246/246 247/247
f 250/250 241/241 247/247
f 250/250 247/247 248/248
f 253/253 266/266 267/267
f 253/253 267/267 251/251
f 254/254 253/253 251/251
f 254/254 251/251 252/252
f 240/240 268/268 266/266
f 240/240 266/266 253/253
f 255/255 240/240 253/253
f 255/255 253/253 254/254
f 242/242 244/244 243/243
f 242/242 245/245 244/244
f 269/269 251/251 267/267
f 269/269 252/252 251/251
f 260/260 243/243 246/246
f 260/260 258/258 243/243
f 261/261 258/258 260/260
f 261/261 259/259 258/258
f 257/257 246/246 249/249
f 257/257 260/260 246/246
f 262/262 260/260 257/257
f 262/262 261/261 260/260
f 264/264 270/270 271/271
f 264/264 263/263 270/270
f 254/254 263/263 264/264
f 254/254 252/252 263/263
f 256/256 271/271 272/272
f 256/256 264/264 271/271
f 255/255 264/264 256/256
f 255/255 254/254 264/264
f 242/242 243/243 258/258
f 242/242 258/258 259/259
f 269/269 270/270 263/263
f 269/269 263/263 252/252
f 265/265 249/249 241/241
f 265/265 241/241 250/250
f 273/273 268/268 240/240
f 273/273 240/240 255/255
f 265/265 257/257 249/249
f 265/265 262/262 257/257
f 273/273 256/256 272/272
f 273/273 255/255 256/256
f 334/334 341/341 310/310
f 310/310 309/309 334/334
f 337/337 366/366 336/336
f 365/365 336/336 366/366
f 334/334 309/309 337/337
f 366/366 337/337 309/309
f 314/314 279/279 340/340
f 274/274 340/340 279/279
f 901/901 902/902 338/338
f 338/338 289/289 275/275
f 365/365 311/311 336/336
f 339/339 336/336 311/311
f 311/311 365/365 312/312
f 311/311 276/276 314/314
f 279/279 314/314 276/276
f 341/341 335/335 481/481
f 482/482 481/481 335/335
f 277/277 276/276 312/312
f 311/311 312/312 276/276
f 482/482 275/275 308/308
f 278/278 308/308 275/275
f 481/481 482/482 308/308
f 339/339 311/311 314/314
f 321/321 315/315 322/322
f 344/344 322/322 315/315
f 337/337 336/336 332/332
f 333/333 332/332 336/336
f 333/333 336/336 339/339
f 347/347 317/317 342/342
f 345/345 315/315 350/350
f 348/348 350/350 315/315
f 351/351 328/328 349/349
f 329/329 349/349 328/328
f 352/352 330/330 351/351
f 328/328 351/351 330/330
f 320/320 316/316 324/324
f 901/901 338/338 347/347
f 347/347 342/342 901/901
f 352/352 353/353 330/330
f 325/325 330/330 353/353
f 903/903 323/323 343/343
f 321/321 322/322 316/316
f 323/323 316/316 319/319
f 324/324 316/316 323/323
f 316/316 322/322 319/319
f 321/321 316/316 320/320
f 337/337 332/332 334/334
f 331/331 334/334 332/332
f 317/317 347/347 318/318
f 355/355 318/318 347/347
f 323/323 319/319 343/343
f 339/339 343/343 319/319
f 322/322 332/332 319/319
f 333/333 319/319 332/332
f 334/334 331/331 354/354
f 354/354 341/341 334/334
f 314/314 340/340 343/343
f 903/903 343/343 340/340
f 344/344 315/315 318/318
f 345/345 318/318 315/315
f 332/332 322/322 331/331
f 344/344 331/331 322/322
f 348/348 315/315 349/349
f 321/321 349/349 315/315
f 346/346 317/317 345/345
f 318/318 345/345 317/317
f 350/350 904/904 345/345
f 346/346 345/345 904/904
f 323/323 905/905 324/324
f 906/906 324/324 905/905
f 338/338 335/335 347/347
f 327/327 326/326 348/348
f 350/350 348/348 326/326
f 320/320 351/351 321/321
f 349/349 321/321 351/351
f 324/324 352/352 320/320
f 351/351 320/320 352/352
f 324/324 906/906 352/352
f 353/353 352/352 906/906
f 327/327 348/348 329/329
f 349/349 329/329 348/348
f 326/326 907/907 350/350
f 904/904 350/350 907/907
f 339/339 314/314 343/343
f 333/333 339/339 319/319
f 905/905 323/323 903/903
f 481/481 313/313 310/310
f 354/354 331/331 318/318
f 344/344 318/318 331/331
f 354/354 318/318 355/355
f 355/355 335/335 354/354
f 341/341 354/354 335/335
f 335/335 355/355 347/347
f 361/361 356/356 369/369
f 374/374 372/372 280/280
f 281/281 280/280 372/372
f 377/377 379/379 378/378
f 361/361 378/378 379/379
f 373/373 283/283 372/372
f 281/281 372/372 283/283
f 367/367 364/364 360/360
f 370/370 360/360 364/364
f 368/368 379/379 376/376
f 377/377 376/376 379/379
f 381/381 363/363 364/364
f 370/370 364/364 363/363
f 374/374 312/312 371/371
f 365/365 371/371 312/312
f 358/358 366/366 356/356
f 309/309 356/356 366/366
f 371/371 365/365 358/358
f 366/366 358/358 365/365
f 356/356 361/361 358/358
f 367/367 358/358 361/361
f 371/371 358/358 360/360
f 367/367 360/360 358/358
f 369/369 356/356 310/310
f 309/309 310/310 356/356
f 310/310 313/313 369/369
f 357/357 369/369 313/313
f 378/378 369/369 359/359
f 357/357 359/359 369/369
f 375/375 373/373 363/363
f 370/370 363/363 373/373
f 371/371 360/360 374/374
f 372/372 374/374 360/360
f 360/360 370/370 372/372
f 373/373 372/372 370/370
f 280/280 277/277 374/374
f 312/312 374/374 277/277
f 283/283 373/373 282/282
f 375/375 282/282 373/373
f 362/362 377/377 359/359
f 378/378 359/359 377/377
f 362/362 376/376 377/377
f 361/361 369/369 378/378
f 420/420 397/397 411/411
f 404/404 396/396 420/420
f 420/420 396/396 397/397
f 442/442 908/908 909/909
f 910/910 405/405 909/909
f 442/442 909/909 405/405
f 383/383 380/380 407/407
f 911/911 407/407 380/380
f 441/441 912/912 913/913
f 412/412 398/398 386/386
f 382/382 386/386 398/398
f 383/383 407/407 428/428
f 429/429 428/428 407/407
f 388/388 384/384 416/416
f 399/399 416/416 384/384
f 385/385 413/413 444/444
f 422/422 444/444 413/413
f 417/417 430/430 413/413
f 422/422 413/413 430/430
f 418/418 424/424 414/414
f 423/423 414/414 424/424
f 400/400 443/443 415/415
f 439/439 415/415 443/443
f 393/393 389/389 394/394
f 390/390 394/394 389/389
f 440/440 390/390 447/447
f 395/395 392/392 402/402
f 401/401 402/402 392/392
f 404/404 393/393 396/396
f 394/394 396/396 393/393
f 396/396 394/394 410/410
f 411/411 395/395 403/403
f 402/402 403/403 395/395
f 451/451 452/452 913/913
f 913/913 914/914 451/451
f 416/416 399/399 915/915
f 916/916 915/915 399/399
f 917/917 918/918 400/400
f 443/443 400/400 918/918
f 919/919 920/920 921/921
f 922/922 921/921 920/920
f 923/923 921/921 924/924
f 921/921 923/923 919/919
f 910/910 380/380 405/405
f 383/383 405/405 380/380
f 383/383 428/428 405/405
f 427/427 405/405 428/428
f 423/423 430/430 414/414
f 417/417 414/414 430/430
f 441/441 407/407 912/912
f 911/911 912/912 407/407
f 415/415 439/439 418/418
f 424/424 418/418 439/439
f 445/445 409/409 392/392
f 411/411 410/410 395/395
f 413/413 385/385 419/419
f 417/417 413/413 419/419
f 418/418 414/414 408/408
f 387/387 408/408 414/414
f 400/400 415/415 416/416
f 388/388 416/416 415/415
f 917/917 400/400 915/915
f 416/416 915/915 400/400
f 414/414 417/417 387/387
f 406/406 387/387 417/417
f 415/415 418/418 388/388
f 408/408 388/388 418/418
f 419/419 385/385 412/412
f 406/406 419/419 386/386
f 417/417 419/419 406/406
f 419/419 412/412 386/386
f 925/925 919/919 923/923
f 403/403 420/420 411/411
f 447/447 421/421 422/422
f 424/424 409/409 423/423
f 391/391 423/423 409/409
f 437/437 436/436 438/438
f 435/435 438/438 436/436
f 926/926 448/448 426/426
f 449/449 426/426 448/448
f 439/439 446/446 424/424
f 409/409 424/424 446/446
f 428/428 429/429 387/387
f 408/408 387/387 429/429
f 427/427 428/428 406/406
f 387/387 406/406 428/428
f 384/384 388/388 429/429
f 408/408 429/429 388/388
f 382/382 427/427 386/386
f 406/406 386/386 427/427
f 392/392 450/450 401/401
f 927/927 401/401 450/450
f 426/426 433/433 425/425
f 434/434 425/425 433/433
f 435/435 436/436 431/431
f 432/432 431/431 436/436
f 928/928 437/437 929/929
f 433/433 929/929 437/437
f 437/437 438/438 433/433
f 434/434 433/433 438/438
f 438/438 435/435 434/434
f 431/431 434/434 435/435
f 425/425 434/434 450/450
f 431/431 450/450 434/434
f 445/445 391/391 409/409
f 445/445 390/390 440/440
f 440/440 430/430 391/391
f 423/423 391/391 430/430
f 913/913 452/452 441/441
f 384/384 441/441 399/399
f 441/441 384/384 407/407
f 429/429 407/407 384/384
f 442/442 930/930 908/908
f 442/442 405/405 382/382
f 427/427 382/382 405/405
f 443/443 426/426 439/439
f 425/425 439/439 426/426
f 918/918 926/926 443/443
f 426/426 443/443 926/926
f 421/421 444/444 422/422
f 392/392 395/395 445/445
f 410/410 445/445 395/395
f 445/445 410/410 390/390
f 394/394 390/390 410/410
f 440/440 391/391 445/445
f 396/396 410/410 397/397
f 411/411 397/397 410/410
f 392/392 409/409 446/446
f 425/425 446/446 439/439
f 440/440 447/447 430/430
f 422/422 430/430 447/447
f 931/931 447/447 389/389
f 390/390 389/389 447/447
f 449/449 448/448 920/920
f 922/922 920/920 448/448
f 929/929 433/433 449/449
f 426/426 449/449 433/433
f 450/450 431/431 927/927
f 432/432 927/927 431/431
f 392/392 446/446 450/450
f 446/446 425/425 450/450
f 931/931 421/421 447/447
f 916/916 399/399 452/452
f 452/452 451/451 916/916
f 452/452 399/399 441/441
f 382/382 398/398 930/930
f 930/930 442/442 382/382
f 457/457 458/458 459/459
f 462/462 457/457 463/463
f 463/463 457/457 459/459
f 465/465 468/468 464/464
f 469/469 464/464 468/468
f 466/466 467/467 468/468
f 468/468 465/465 466/466
f 454/454 932/932 461/461
f 933/933 461/461 932/932
f 455/455 934/934 935/935
f 936/936 935/935 934/934
f 456/456 937/937 455/455
f 934/934 455/455 937/937
f 453/453 938/938 456/456
f 937/937 456/456 938/938
f 460/460 465/465 464/464
f 464/464 453/453 460/460
f 461/461 466/466 460/460
f 465/465 460/460 466/466
f 480/480 467/467 466/466
f 461/461 933/933 480/480
f 480/480 466/466 461/461
f 453/453 464/464 479/479
f 479/479 938/938 453/453
f 464/464 469/469 479/479
f 939/939 940/940 941/941
f 941/941 942/942 939/939
f 942/942 941/941 943/943
f 456/456 944/944 453/453
f 945/945 453/453 944/944
f 455/455 935/935 946/946
f 947/947 946/946 935/935
f 456/456 455/455 944/944
f 946/946 944/944 455/455
f 453/453 945/945 460/460
f 948/948 460/460 945/945
f 460/460 948/948 461/461
f 949/949 461/461 948/948
f 454/454 461/461 950/950
f 949/949 950/950 461/461
f 951/951 474/474 470/470
f 472/472 476/476 473/473
f 476/476 472/472 477/477
f 475/475 471/471 285/285
f 475/475 285/285 284/284
f 472/472 473/473 952/952
f 473/473 476/476 471/471
f 952/952 471/471 953/953
f 471/471 952/952 473/473
f 470/470 474/474 475/475
f 285/285 476/476 287/287
f 476/476 285/285 471/471
f 286/286 288/288 476/476
f 287/287 476/476 288/288
f 476/476 477/477 286/286
f 475/475 474/474 471/471
f 472/472 952/952 954/954
f 951/951 478/478 474/474
f 474/474 478/478 471/471
f 471/471 478/478 953/953
f 940/940 939/939 462/462
f 462/462 463/463 940/940
f 308/308 313/313 481/481
f 341/341 481/481 310/310
f 338/338 902/902 289/289
f 335/335 338/338 482/482
f 338/338 275/275 482/482
f 486/486 307/307 512/512
f 486/486 492/492 507/507
f 487/487 489/489 497/497
f 489/489 487/487 502/502
f 489/489 295/295 493/493
f 295/295 489/489 294/294
f 493/493 296/296 490/490
f 295/295 304/304 493/493
f 488/488 490/490 508/508
f 490/490 488/488 493/493
f 490/490 296/296 305/305
f 513/513 485/485 491/491
f 485/485 513/513 514/514
f 513/513 486/486 512/512
f 486/486 513/513 491/491
f 485/485 492/492 491/491
f 491/491 492/492 486/486
f 488/488 497/497 493/493
f 492/492 494/494 511/511
f 494/494 495/495 488/488
f 511/511 291/291 290/290
f 291/291 511/511 510/510
f 503/503 505/505 506/506
f 505/505 503/503 484/484
f 487/487 504/504 502/502
f 504/504 487/487 495/495
f 489/489 493/493 497/497
f 487/487 497/497 488/488
f 487/487 488/488 495/495
f 492/492 495/495 494/494
f 495/495 492/492 516/516
f 483/483 498/498 515/515
f 485/485 498/498 499/499
f 955/955 515/515 514/514
f 956/956 499/499 498/498
f 957/957 484/484 496/496
f 484/484 957/957 505/505
f 483/483 956/956 498/498
f 502/502 300/300 301/301
f 300/300 502/502 500/500
f 496/496 501/501 504/504
f 501/501 496/496 484/484
f 500/500 502/502 501/501
f 500/500 484/484 503/503
f 484/484 500/500 501/501
f 500/500 293/293 300/300
f 293/293 500/500 503/503
f 504/504 501/501 502/502
f 489/489 301/301 294/294
f 301/301 489/489 502/502
f 509/509 306/306 506/506
f 306/306 509/509 958/958
f 505/505 509/509 506/506
f 503/503 506/506 293/293
f 959/959 509/509 505/505
f 293/293 506/506 302/302
f 298/298 507/507 290/290
f 299/299 507/507 298/298
f 297/297 508/508 303/303
f 292/292 508/508 490/490
f 303/303 508/508 292/292
f 291/291 508/508 297/297
f 508/508 291/291 510/510
f 493/493 304/304 296/296
f 490/490 305/305 292/292
f 492/492 485/485 516/516
f 302/302 506/506 306/306
f 960/960 499/499 956/956
f 510/510 494/494 488/488
f 508/508 510/510 488/488
f 299/299 486/486 507/507
f 486/486 299/299 307/307
f 507/507 511/511 290/290
f 510/510 511/511 494/494
f 492/492 511/511 507/507
f 307/307 961/961 512/512
f 961/961 307/307 962/962
f 963/963 514/514 513/513
f 514/514 963/963 955/955
f 961/961 513/513 512/512
f 513/513 961/961 963/963
f 483/483 515/515 955/955
f 498/498 514/514 515/515
f 514/514 498/498 485/485
f 516/516 485/485 496/496
f 495/495 496/496 504/504
f 496/496 495/495 516/516
f 543/543 519/519 550/550
f 519/519 543/543 518/518
f 546/546 545/545 575/575
f 574/574 575/575 545/545
f 543/543 546/546 518/518
f 575/575 518/518 546/546
f 523/523 549/549 964/964
f 965/965 964/964 549/549
f 966/966 547/547 967/967
f 547/547 968/968 969/969
f 574/574 545/545 520/520
f 548/548 520/520 545/545
f 520/520 521/521 574/574
f 520/520 523/523 970/970
f 964/964 970/970 523/523
f 550/550 690/690 544/544
f 691/691 544/544 690/690
f 971/971 521/521 970/970
f 520/520 970/970 521/521
f 691/691 517/517 968/968
f 972/972 968/968 517/517
f 690/690 517/517 691/691
f 548/548 523/523 520/520
f 530/530 531/531 524/524
f 553/553 524/524 531/531
f 546/546 541/541 545/545
f 542/542 545/545 541/541
f 542/542 548/548 545/545
f 556/556 551/551 526/526
f 554/554 559/559 524/524
f 557/557 524/524 559/559
f 560/560 558/558 537/537
f 538/538 537/537 558/558
f 561/561 560/560 539/539
f 537/537 539/539 560/560
f 529/529 533/533 525/525
f 966/966 556/556 547/547
f 556/556 966/966 551/551
f 561/561 539/539 562/562
f 534/534 562/562 539/539
f 973/973 552/552 532/532
f 530/530 525/525 531/531
f 532/532 528/528 525/525
f 533/533 532/532 525/525
f 525/525 528/528 531/531
f 530/530 529/529 525/525
f 546/546 543/543 541/541
f 540/540 541/541 543/543
f 526/526 527/527 556/556
f 564/564 556/556 527/527
f 532/532 552/552 528/528
f 548/548 528/528 552/552
f 531/531 528/528 541/541
f 542/542 541/541 528/528
f 543/543 563/563 540/540
f 563/563 543/543 550/550
f 523/523 552/552 549/549
f 973/973 549/549 552/552
f 553/553 527/527 524/524
f 554/554 524/524 527/527
f 541/541 540/540 531/531
f 553/553 531/531 540/540
f 557/557 558/558 524/524
f 530/530 524/524 558/558
f 555/555 554/554 526/526
f 527/527 526/526 554/554
f 559/559 554/554 974/974
f 555/555 974/974 554/554
f 532/532 533/533 975/975
f 976/976 975/975 533/533
f 547/547 556/556 544/544
f 536/536 557/557 535/535
f 559/559 535/535 557/557
f 529/529 530/530 560/560
f 558/558 560/560 530/530
f 533/533 529/529 561/561
f 560/560 561/561 529/529
f 533/533 561/561 976/976
f 562/562 976/976 561/561
f 536/536 538/538 557/557
f 558/558 557/557 538/538
f 535/535 559/559 977/977
f 974/974 977/977 559/559
f 548/548 552/552 523/523
f 542/542 528/528 548/548
f 975/975 973/973 532/532
f 690/690 519/519 522/522
f 563/563 527/527 540/540
f 553/553 540/540 527/527
f 563/563 564/564 527/527
f 564/564 563/563 544/544
f 550/550 544/544 563/563
f 544/544 556/556 564/564
f 570/570 578/578 565/565
f 583/583 978/978 581/581
f 979/979 581/581 978/978
f 586/586 587/587 588/588
f 570/570 588/588 587/587
f 582/582 581/581 980/980
f 979/979 980/980 581/581
f 576/576 569/569 573/573
f 579/579 573/573 569/569
f 577/577 585/585 588/588
f 586/586 588/588 585/585
f 590/590 573/573 572/572
f 579/579 572/572 573/573
f 583/583 580/580 521/521
f 574/574 521/521 580/580
f 567/567 565/565 575/575
f 518/518 575/575 565/565
f 580/580 567/567 574/574
f 575/575 574/574 567/567
f 565/565 567/567 570/570
f 576/576 570/570 567/567
f 580/580 569/569 567/567
f 576/576 567/567 569/569
f 578/578 519/519 565/565
f 518/518 565/565 519/519
f 519/519 578/578 522/522
f 566/566 522/522 578/578
f 587/587 568/568 578/578
f 566/566 578/578 568/568
f 584/584 572/572 582/582
f 579/579 582/582 572/572
f 580/580 583/583 569/569
f 581/581 569/569 583/583
f 569/569 581/581 579/579
f 582/582 579/579 581/581
f 978/978 583/583 971/971
f 521/521 971/971 583/583
f 980/980 981/981 582/582
f 584/584 582/582 981/981
f 571/571 568/568 586/586
f 587/587 586/586 568/568
f 571/571 586/586 585/585
f 570/570 587/587 578/578
f 629/629 620/620 606/606
f 613/613 629/629 605/605
f 629/629 606/606 605/605
f 651/651 982/982 983/983
f 984/984 982/982 614/614
f 651/651 614/614 982/982
f 592/592 616/616 589/589
f 985/985 589/589 616/616
f 650/650 986/986 987/987
f 621/621 595/595 607/607
f 591/591 607/607 595/595
f 592/592 637/637 616/616
f 638/638 616/616 637/637
f 597/597 625/625 593/593
f 608/608 593/593 625/625
f 594/594 653/653 622/622
f 631/631 622/622 653/653
f 626/626 622/622 639/639
f 631/631 639/639 622/622
f 627/627 623/623 633/633
f 632/632 633/633 623/623
f 609/609 624/624 652/652
f 648/648 652/652 624/624
f 602/602 603/603 598/598
f 599/599 598/598 603/603
f 649/649 656/656 599/599
f 604/604 611/611 601/601
f 610/610 601/601 611/611
f 613/613 605/605 602/602
f 603/603 602/602 605/605
f 605/605 619/619 603/603
f 620/620 612/612 604/604
f 611/611 604/604 612/612
f 660/660 986/986 661/661
f 986/986 660/660 988/988
f 625/625 989/989 608/608
f 990/990 608/608 989/989
f 991/991 609/609 992/992
f 652/652 992/992 609/609
f 993/993 994/994 995/995
f 996/996 995/995 994/994
f 997/997 998/998 994/994
f 994/994 993/993 997/997
f 984/984 614/614 589/589
f 592/592 589/589 614/614
f 592/592 614/614 637/637
f 636/636 637/637 614/614
f 632/632 623/623 639/639
f 626/626 639/639 623/623
f 650/650 987/987 616/616
f 985/985 616/616 987/987
f 624/624 627/627 648/648
f 633/633 648/648 627/627
f 654/654 601/601 618/618
f 620/620 604/604 619/619
f 622/622 628/628 594/594
f 626/626 628/628 622/622
f 627/627 617/617 623/623
f 596/596 623/623 617/617
f 609/609 625/625 624/624
f 597/597 624/624 625/625
f 991/991 989/989 609/609
f 625/625 609/609 989/989
f 623/623 596/596 626/626
f 615/615 626/626 596/596
f 624/624 597/597 627/627
f 617/617 627/627 597/597
f 628/628 621/621 594/594
f 615/615 595/595 628/628
f 626/626 615/615 628/628
f 628/628 595/595 621/621
f 999/999 997/997 993/993
f 612/612 620/620 629/629
f 656/656 631/631 630/630
f 633/633 632/632 618/618
f 600/600 618/618 632/632
f 646/646 647/647 645/645
f 644/644 645/645 647/647
f 1000/1000 635/635 657/657
f 658/658 657/657 635/635
f 648/648 633/633 655/655
f 618/618 655/655 633/633
f 637/637 596/596 638/638
f 617/617 638/638 596/596
f 636/636 615/615 637/637
f 596/596 637/637 615/615
f 593/593 638/638 597/597
f 617/617 597/597 638/638
f 591/591 595/595 636/636
f 615/615 636/636 595/595
f 601/601 610/610 659/659
f 1001/1001 659/659 610/610
f 635/635 634/634 642/642
f 643/643 642/642 634/634
f 644/644 640/640 645/645
f 641/641 645/645 640/640
f 1002/1002 1003/1003 646/646
f 642/642 646/646 1003/1003
f 646/646 642/642 647/647
f 643/643 647/647 642/642
f 647/647 643/643 644/644
f 640/640 644/644 643/643
f 634/634 659/659 643/643
f 640/640 643/643 659/659
f 654/654 618/618 600/600
f 654/654 649/649 599/599
f 649/649 600/600 639/639
f 632/632 639/639 600/600
f 986/986 650/650 661/661
f 593/593 608/608 650/650
f 650/650 616/616 593/593
f 638/638 593/593 616/616
f 651/651 983/983 1004/1004
f 651/651 591/591 614/614
f 636/636 614/614 591/591
f 652/652 648/648 635/635
f 634/634 635/635 648/648
f 992/992 652/652 1000/1000
f 635/635 1000/1000 652/652
f 630/630 631/631 653/653
f 601/601 654/654 604/604
f 619/619 604/604 654/654
f 654/654 599/599 619/619
f 603/603 619/619 599/599
f 649/649 654/654 600/600
f 605/605 606/606 619/619
f 620/620 619/619 606/606
f 601/601 655/655 618/618
f 634/634 648/648 655/655
f 649/649 639/639 656/656
f 631/631 656/656 639/639
f 1005/1005 598/598 656/656
f 599/599 656/656 598/598
f 658/658 995/995 657/657
f 996/996 657/657 995/995
f 1003/1003 658/658 642/642
f 635/635 642/642 658/658
f 659/659 1001/1001 640/640
f 641/641 640/640 1001/1001
f 601/601 659/659 655/655
f 655/655 659/659 634/634
f 1005/1005 656/656 630/630
f 990/990 661/661 608/608
f 661/661 990/990 660/660
f 661/661 650/650 608/608
f 591/591 1004/1004 607/607
f 1004/1004 591/591 651/651
f 666/666 668/668 667/667
f 671/671 672/672 666/666
f 672/672 668/668 666/666
f 674/674 673/673 677/677
f 678/678 677/677 673/673
f 675/675 677/677 676/676
f 677/677 675/675 674/674
f 663/663 670/670 1006/1006
f 1007/1007 1006/1006 670/670
f 664/664 1008/1008 1009/1009
f 1010/1010 1009/1009 1008/1008
f 665/665 664/664 1011/1011
f 1009/1009 1011/1011 664/664
f 662/662 665/665 1012/1012
f 1011/1011 1012/1012 665/665
f 669/669 673/673 674/674
f 673/673 669/669 662/662
f 670/670 669/669 675/675
f 674/674 675/675 669/669
f 689/689 675/675 676/676
f 670/670 689/689 1007/1007
f 689/689 670/670 675/675
f 662/662 688/688 673/673
f 688/688 662/662 1012/1012
f 673/673 688/688 678/678
f 1013/1013 1014/1014 1015/1015
f 1014/1014 1013/1013 1016/1016
f 1016/1016 1017/1017 1014/1014
f 665/665 662/662 1018/1018
f 1019/1019 1018/1018 662/662
f 664/664 1020/1020 1008/1008
f 1021/1021 1008/1008 1020/1020
f 665/665 1018/1018 664/664
f 1020/1020 664/664 1018/1018
f 662/662 669/669 1019/1019
f 1022/1022 1019/1019 669/669
f 669/669 670/670 1022/1022
f 1023/1023 1022/1022 670/670
f 663/663 1024/1024 670/670
f 1023/1023 670/670 1024/1024
f 1025/1025 679/679 683/683
f 681/681 682/682 685/685
f 685/685 686/686 681/681
f 684/684 1026/1026 680/680
f 684/684 1027/1027 1026/1026
f 681/681 1028/1028 682/682
f 682/682 680/680 685/685
f 1028/1028 1029/1029 680/680
f 680/680 682/682 1028/1028
f 679/679 684/684 683/683
f 1026/1026 1030/1030 685/685
f 685/685 680/680 1026/1026
f 1031/1031 685/685 1032/1032
f 1030/1030 1032/1032 685/685
f 685/685 1031/1031 686/686
f 684/684 680/680 683/683
f 681/681 1033/1033 1028/1028
f 1025/1025 683/683 687/687
f 683/683 680/680 687/687
f 680/680 1029/1029 687/687
f 1015/1015 671/671 1013/1013
f 671/671 1015/1015 672/672
f 517/517 690/690 522/522
f 550/550 519/519 690/690
f 547/547 969/969 967/967
f 544/544 691/691 547/547
f 547/547 691/691 968/968
f 695/695 721/721 1034/1034
f 695/695 716/716 701/701
f 696/696 706/706 698/698
f 698/698 711/711 696/696
f 698/698 702/702 1035/1035
f 1035/1035 1036/1036 698/698
f 702/702 699/699 1037/1037
f 1035/1035 702/702 1038/1038
f 697/697 717/717 699/699
f 699/699 702/702 697/697
f 699/699 1039/1039 1037/1037
f 722/722 700/700 694/694
f 694/694 723/723 722/722
f 722/722 721/721 695/695
f 695/695 700/700 722/722
f 694/694 700/700 701/701
f 700/700 695/695 701/701
f 697/697 702/702 706/706
f 701/701 720/720 703/703
f 703/703 697/697 704/704
f 720/720 1040/1040 1041/1041
f 1041/1041 719/719 720/720
f 712/712 715/715 714/714
f 714/714 693/693 712/712
f 696/696 711/711 713/713
f 713/713 704/704 696/696
f 698/698 706/706 702/702
f 696/696 697/697 706/706
f 696/696 704/704 697/697
f 701/701 703/703 704/704
f 704/704 725/725 701/701
f 692/692 724/724 707/707
f 694/694 708/708 707/707
f 1042/1042 723/723 724/724
f 1043/1043 707/707 708/708
f 1044/1044 705/705 693/693
f 693/693 714/714 1044/1044
f 692/692 707/707 1043/1043
f 711/711 1045/1045 1046/1046
f 1046/1046 709/709 711/711
f 705/705 713/713 710/710
f 710/710 693/693 705/705
f 709/709 710/710 711/711
f 709/709 712/712 693/693
f 693/693 710/710 709/709
f 709/709 1046/1046 1047/1047
f 1047/1047 712/712 709/709
f 713/713 711/711 710/710
f 698/698 1036/1036 1045/1045
f 1045/1045 711/711 698/698
f 718/718 715/715 1048/1048
f 1048/1048 1049/1049 718/718
f 714/714 715/715 718/718
f 712/712 1047/1047 715/715
f 1050/1050 714/714 718/718
f 1047/1047 1051/1051 715/715
f 1052/1052 1040/1040 716/716
f 1053/1053 1052/1052 716/716
f 1054/1054 1055/1055 717/717
f 1056/1056 699/699 717/717
f 1055/1055 1056/1056 717/717
f 1041/1041 1054/1054 717/717
f 717/717 719/719 1041/1041
f 702/702 1037/1037 1038/1038
f 699/699 1056/1056 1039/1039
f 701/701 725/725 694/694
f 1051/1051 1048/1048 715/715
f 1057/1057 1043/1043 708/708
f 719/719 697/697 703/703
f 717/717 697/697 719/719
f 1053/1053 716/716 695/695
f 695/695 1034/1034 1053/1053
f 716/716 1040/1040 720/720
f 719/719 703/703 720/720
f 701/701 716/716 720/720
f 1034/1034 721/721 1058/1058
f 1058/1058 1059/1059 1034/1034
f 1060/1060 722/722 723/723
f 723/723 1042/1042 1060/1060
f 1058/1058 721/721 722/722
f 722/722 1060/1060 1058/1058
f 692/692 1042/1042 724/724
f 707/707 724/724 723/723
f 723/723 694/694 707/707
f 725/725 705/705 694/694
f 704/704 713/713 705/705
f 705/705 725/725 704/704
f 1061/1061 1062/1062 730/730
f 731/731 726/726 1063/1063
f 1064/1064 1063/1063 726/726
f 1065/1065 728/728 1062/1062
f 730/730 1066/1066 1061/1061
f 728/728 1065/1065 1067/1067
f 729/729 1067/1067 1068/1068
f 1067/1067 729/729 728/728
f 730/730 731/731 1066/1066
f 1063/1063 1066/1066 731/731
f 1069/1069 1070/1070 727/727
f 727/727 732/732 1069/1069
f 732/732 733/733 1069/1069
f 1071/1071 1069/1069 733/733
f 733/733 1072/1072 1071/1071
f 1073/1073 736/736 1074/1074
f 737/737 1075/1075 1076/1076
f 1077/1077 1076/1076 1075/1075
f 1078/1078 1074/1074 734/734
f 736/736 1073/1073 1079/1079
f 734/734 1080/1080 1078/1078
f 735/735 1081/1081 1080/1080
f 1080/1080 734/734 735/735
f 736/736 1079/1079 737/737
f 1075/1075 737/737 1079/1079
f 1082/1082 1083/1083 1084/1084
f 1084/1084 738/738 1082/1082
f 738/738 1084/1084 739/739
f 1085/1085 739/739 1084/1084
f 739/739 1085/1085 1086/1086
f 762/762 1087/1087 1088/1088
f 762/762 1088/1088 1089/1089
f 764/764 767/767 1090/1090
f 1089/1089 1090/1090 767/767
f 766/766 762/762 767/767
f 1089/1089 767/767 762/762
f 763/763 765/765 1087/1087
f 1091/1091 1087/1087 765/765
f 1087/1087 762/762 763/763
f 766/766 763/763 762/762
f 765/765 740/740 1091/1091
f 1092/1092 1091/1091 740/740
f 786/786 777/777 1093/1093
f 777/777 772/772 741/741
f 743/743 741/741 772/772
f 785/785 745/745 773/773
f 745/745 785/785 742/742
f 770/770 791/791 816/816
f 816/816 817/817 770/770
f 768/768 781/781 770/770
f 772/772 775/775 743/743
f 747/747 743/743 775/775
f 788/788 790/790 818/818
f 818/818 817/817 788/788
f 786/786 1094/1094 787/787
f 1095/1095 784/784 1096/1096
f 746/746 1096/1096 784/784
f 774/774 768/768 770/770
f 745/745 744/744 773/773
f 782/782 773/773 744/744
f 783/783 782/782 748/748
f 744/744 748/748 782/782
f 779/779 776/776 1097/1097
f 1098/1098 1097/1097 776/776
f 779/779 782/782 776/776
f 783/783 776/776 782/782
f 780/780 784/784 1095/1095
f 769/769 785/785 773/773
f 781/781 784/784 780/780
f 1099/1099 780/780 1095/1095
f 781/781 768/768 784/784
f 793/793 786/786 787/787
f 786/786 793/793 777/777
f 1100/1100 1101/1101 789/789
f 788/788 789/789 1101/1101
f 787/787 1094/1094 789/789
f 1102/1102 790/790 1101/1101
f 788/788 1101/1101 790/790
f 777/777 741/741 1093/1093
f 1103/1103 1093/1093 741/741
f 786/786 1093/1093 1094/1094
f 794/794 778/778 1104/1104
f 778/778 1105/1105 1104/1104
f 1097/1097 1105/1105 779/779
f 777/777 793/793 772/772
f 1106/1106 787/787 789/789
f 789/789 816/816 1106/1106
f 794/794 771/771 792/792
f 792/792 778/778 794/794
f 773/773 792/792 769/769
f 769/769 792/792 771/771
f 1094/1094 1100/1100 789/789
f 797/797 796/796 795/795
f 797/797 1107/1107 796/796
f 1108/1108 1109/1109 795/795
f 795/795 796/796 1108/1108
f 1110/1110 1108/1108 796/796
f 815/815 797/797 795/795
f 795/795 1109/1109 815/815
f 1107/1107 1110/1110 796/796
f 1111/1111 1107/1107 797/797
f 1111/1111 797/797 1112/1112
f 1112/1112 1113/1113 1111/1111
f 1114/1114 757/757 1115/1115
f 760/760 761/761 812/812
f 750/750 753/753 799/799
f 751/751 755/755 800/800
f 803/803 812/812 819/819
f 799/799 753/753 754/754
f 810/810 811/811 814/814
f 814/814 799/799 810/810
f 752/752 802/802 801/801
f 752/752 756/756 802/802
f 756/756 1116/1116 1117/1117
f 1115/1115 757/757 822/822
f 800/800 801/801 806/806
f 802/802 756/756 1117/1117
f 1118/1118 803/803 819/819
f 819/819 1119/1119 1118/1118
f 803/803 1118/1118 1120/1120
f 1120/1120 820/820 803/803
f 804/804 1121/1121 1122/1122
f 803/803 820/820 821/821
f 805/805 750/750 799/799
f 805/805 759/759 750/750
f 799/799 754/754 810/810
f 804/804 811/811 1121/1121
f 802/802 1117/1117 798/798
f 798/798 1123/1123 802/802
f 1123/1123 807/807 809/809
f 802/802 809/809 801/801
f 808/808 1124/1124 1125/1125
f 1125/1125 1126/1126 808/808
f 1127/1127 809/809 807/807
f 1123/1123 809/809 802/802
f 801/801 809/809 1127/1127
f 800/800 755/755 758/758
f 758/758 752/752 801/801
f 801/801 800/800 758/758
f 810/810 751/751 800/800
f 810/810 754/754 751/751
f 800/800 806/806 811/811
f 811/811 810/810 800/800
f 806/806 1128/1128 1121/1121
f 1121/1121 811/811 806/806
f 749/749 760/760 812/812
f 1115/1115 822/822 821/821
f 812/812 761/761 759/759
f 759/759 805/805 812/812
f 804/804 813/813 814/814
f 799/799 813/813 1129/1129
f 814/814 811/811 804/804
f 814/814 813/813 799/799
f 799/799 1129/1129 805/805
f 770/770 781/781 791/791
f 791/791 1130/1130 1106/1106
f 1106/1106 816/816 791/791
f 817/817 816/816 789/789
f 789/789 788/788 817/817
f 770/770 817/817 818/818
f 818/818 774/774 770/770
f 819/819 812/812 805/805
f 805/805 1129/1129 819/819
f 1131/1131 1119/1119 819/819
f 819/819 1129/1129 1131/1131
f 821/821 822/822 749/749
f 749/749 812/812 821/821
f 1115/1115 821/821 820/820
f 820/820 1132/1132 1115/1115
f 1132/1132 820/820 1120/1120
f 1120/1120 1133/1133 1132/1132
f 803/803 821/821 812/812
f 778/778 779/779 1105/1105
f 782/782 792/792 773/773
f 779/779 778/778 792/792
f 792/792 782/782 779/779
f 823/823 1134/1134 1135/1135
f 823/823 1136/1136 1134/1134
f 825/825 1137/1137 828/828
f 1136/1136 828/828 1137/1137
f 827/827 828/828 823/823
f 1136/1136 823/823 828/828
f 824/824 1135/1135 826/826
f 1138/1138 826/826 1135/1135
f 1135/1135 824/824 823/823
f 827/827 823/823 824/824
f 826/826 1138/1138 1139/1139
f 1140/1140 1139/1139 1138/1138
f 847/847 1141/1141 838/838
f 838/838 1142/1142 833/833
f 1143/1143 833/833 1142/1142
f 846/846 1144/1144 1145/1145
f 1144/1144 846/846 834/834
f 877/877 852/852 831/831
f 831/831 878/878 877/877
f 829/829 831/831 842/842
f 833/833 1143/1143 836/836
f 1146/1146 836/836 1143/1143
f 879/879 851/851 849/849
f 849/849 878/878 879/879
f 847/847 848/848 1147/1147
f 846/846 1145/1145 845/845
f 1148/1148 845/845 1145/1145
f 835/835 831/831 829/829
f 1144/1144 834/834 1149/1149
f 843/843 1149/1149 834/834
f 844/844 1150/1150 843/843
f 1149/1149 843/843 1150/1150
f 840/840 833/833 837/837
f 836/836 837/837 833/833
f 840/840 837/837 843/843
f 844/844 843/843 837/837
f 841/841 846/846 845/845
f 830/830 834/834 846/846
f 842/842 841/841 845/845
f 830/830 846/846 841/841
f 842/842 845/845 829/829
f 854/854 848/848 847/847
f 847/847 838/838 854/854
f 1151/1151 850/850 1152/1152
f 849/849 1152/1152 850/850
f 848/848 850/850 1147/1147
f 1153/1153 1152/1152 851/851
f 849/849 851/851 1152/1152
f 838/838 1141/1141 1142/1142
f 1154/1154 1142/1142 1141/1141
f 847/847 1147/1147 1141/1141
f 855/855 848/848 839/839
f 839/839 848/848 854/854
f 833/833 840/840 854/854
f 838/838 833/833 854/854
f 850/850 848/848 855/855
f 855/855 877/877 850/850
f 853/853 832/832 855/855
f 855/855 839/839 853/853
f 834/834 830/830 853/853
f 830/830 832/832 853/853
f 1147/1147 850/850 1151/1151
f 858/858 856/856 857/857
f 858/858 857/857 1155/1155
f 1156/1156 856/856 1157/1157
f 856/856 1156/1156 857/857
f 1158/1158 857/857 1156/1156
f 856/856 858/858 876/876
f 876/876 1157/1157 856/856
f 1155/1155 857/857 1158/1158
f 1159/1159 858/858 1155/1155
f 1160/1160 858/858 1159/1159
f 1159/1159 1161/1161 1160/1160
f 1162/1162 1163/1163 1164/1164
f 1165/1165 873/873 1166/1166
f 1167/1167 860/860 1168/1168
f 1169/1169 861/861 1170/1170
f 864/864 880/880 873/873
f 860/860 1171/1171 1168/1168
f 875/875 872/872 871/871
f 871/871 860/860 875/875
f 1172/1172 862/862 863/863
f 1172/1172 863/863 1173/1173
f 1173/1173 1174/1174 1175/1175
f 1163/1163 1176/1176 1164/1164
f 861/861 867/867 862/862
f 863/863 1174/1174 1173/1173
f 880/880 864/864 1177/1177
f 1177/1177 1178/1178 880/880
f 1179/1179 1177/1177 864/864
f 864/864 881/881 1179/1179
f 865/865 1180/1180 1181/1181
f 864/864 882/882 881/881
f 866/866 860/860 1167/1167
f 866/866 1167/1167 1182/1182
f 860/860 871/871 1171/1171
f 865/865 1181/1181 872/872
f 859/859 1174/1174 863/863
f 863/863 1183/1183 859/859
f 1183/1183 870/870 868/868
f 863/863 862/862 870/870
f 1184/1184 1185/1185 869/869
f 869/869 1186/1186 1184/1184
f 1187/1187 868/868 870/870
f 1183/1183 863/863 870/870
f 862/862 1187/1187 870/870
f 861/861 1188/1188 1170/1170
f 862/862 1172/1172 1188/1188
f 1188/1188 861/861 862/862
f 871/871 861/861 1169/1169
f 871/871 1169/1169 1171/1171
f 872/872 867/867 861/861
f 861/861 871/871 872/872
f 1181/1181 1189/1189 867/867
f 867/867 872/872 1181/1181
f 1190/1190 873/873 1165/1165
f 1163/1163 882/882 1176/1176
f 1182/1182 1166/1166 873/873
f 873/873 866/866 1182/1182
f 865/865 875/875 874/874
f 860/860 1191/1191 874/874
f 875/875 865/865 872/872
f 875/875 860/860 874/874
f 860/860 866/866 1191/1191
f 831/831 852/852 842/842
f 855/855 832/832 852/852
f 852/852 877/877 855/855
f 850/850 877/877 878/878
f 878/878 849/849 850/850
f 879/879 878/878 831/831
f 831/831 835/835 879/879
f 866/866 873/873 880/880
f 880/880 1191/1191 866/866
f 880/880 1178/1178 1192/1192
f 1192/1192 1191/1191 880/880
f 1190/1190 1176/1176 882/882
f 882/882 873/873 1190/1190
f 881/881 882/882 1163/1163
f 1163/1163 1193/1193 881/881
f 1179/1179 881/881 1193/1193
f 1193/1193 1194/1194 1179/1179
f 864/864 873/873 882/882
f 839/839 854/854 840/840
f 843/843 834/834 853/853
f 853/853 839/839 840/840
f 840/840 843/843 853/853
f 890/890 894/894 889/889
f 883/883 889/889 894/894
f 888/888 893/893 885/885
f 890/890 885/885 893/893
f 893/893 892/892 890/890
f 891/891 890/890 892/892
f 892/892 1195/1195 887/887
f 1196/1196 887/887 1195/1195
f 891/891 886/886 894/894
f 884/884 894/894 886/886
f 886/886 891/891 887/887
f 892/892 887/887 891/891
f 1197/1197 892/892 1198/1198
f 893/893 1198/1198 892/892
f 1198/1198 893/893 1199/1199
f 888/888 1199/1199 893/893
f 891/891 894/894 890/890
f 894/894 884/884 900/900
f 883/883 894/894 900/900
f 885/885 890/890 889/889
f 1197/1197 1195/1195 892/892
f 895/895 1200/1200 899/899
f 1201/1201 899/899 1200/1200
f 1202/1202 1203/1203 898/898
f 895/895 898/898 1203/1203
f 898/898 895/895 897/897
f 896/896 897/897 895/895
f 897/897 1204/1204 1205/1205
f 1206/1206 1205/1205 1204/1204
f 896/896 899/899 1207/1207
f 1208/1208 1207/1207 899/899
f 1207/1207 1204/1204 896/896
f 897/897 896/896 1204/1204
f 1209/1209 1210/1210 897/897
f 898/898 897/897 1210/1210
f 1210/1210 1211/1211 898/898
f 1202/1202 898/898 1211/1211
f 896/896 895/895 899/899
f 899/899 1212/1212 1208/1208
f 1201/1201 1212/1212 899/899
f 1203/1203 1200/1200 895/895
f 1209/1209 897/897 1205/1205
