# MOD converted: m_31_boss_stallweak.mod
# 1441 verts, 1214 faces

v 101.395195 -32.283413 19.683645
v 104.799789 8.659280 20.168095
v 120.083969 -22.123901 0.000171
v 87.370377 -118.527214 11.845901
v 124.276733 -19.878616 20.426422
v 103.397430 21.816906 23.460426
v 111.205414 18.958656 12.639130
v 44.243713 -15.374045 30.640566
v 113.014084 35.205017 19.502251
v 60.417095 -52.709435 10.242030
v 57.085602 -58.652637 -0.000004
v 103.712524 40.876099 25.354027
v 31.771095 -39.126244 24.457182
v 101.468750 -54.926399 37.699326
v 123.700638 36.325699 29.124084
v 8.253849 -30.059435 0.000004
v 101.141403 22.649822 31.456964
v 119.569122 24.136600 46.011204
v 133.071869 50.530540 43.128277
v 132.297028 34.649269 21.869698
v 106.839554 33.760887 91.244644
v 233.199524 44.219769 60.860603
v 160.891373 9.557932 22.728647
v 136.768600 -13.107770 17.388718
v 98.512573 -0.372303 21.567072
v 114.085846 -18.239607 37.392838
v 118.670670 45.402729 -0.000045
v 112.321556 77.752907 25.464895
v 12.464604 41.458538 11.438841
v 12.310360 38.594097 8.566586
v -0.000004 38.834816 17.022087
v 22.615673 -14.761736 19.338404
v -0.000002 68.260399 15.408586
v 12.517715 38.850163 16.549524
v 15.414150 -14.036337 14.363601
v 1.773724 -57.032261 21.876316
v 2.074726 -56.955708 30.958065
v 12.900073 -54.484032 18.261318
v 10.770864 -64.277847 14.623402
v 2.786361 -62.275921 21.804436
v 3.087440 -62.276691 18.022606
v 0.062944 -69.207092 25.340902
v 1.958953 -56.033081 32.273884
v 1.866319 -54.496643 28.032482
v 12.900070 -55.051121 31.170919
v 10.770867 -62.177490 27.044054
v 2.902132 -61.253593 33.816498
v 3.041104 -59.131042 32.529778
v 0.062944 -66.862160 19.941038
v 13.271361 -56.629265 16.835327
v 13.009308 -56.611271 22.928213
v 0.000002 -53.662468 18.435747
v 0.000001 -21.272545 27.219891
v 48.331047 -44.553627 23.738464
v 57.628334 -13.333200 12.953551
v 96.156219 6.077020 0.000042
v 102.876320 -13.135839 16.066891
v 135.393784 -7.717188 16.026588
v 41.157761 -42.821426 21.010956
v 67.551041 20.932304 22.041304
v 132.898438 -12.645638 -0.000028
v 101.578720 67.312691 21.418106
v 55.895752 6.017534 84.348244
v 224.417557 35.258514 17.149857
v 53.843262 21.675936 13.944355
v 46.065975 5.543680 86.588455
v 223.051422 35.510887 83.076981
v 218.009735 43.684776 30.012104
v 32.023788 -30.871052 26.802124
v 42.128906 -43.233208 -0.000069
v 123.607353 94.596962 13.995699
v 20.780979 -21.063404 14.348421
v 30.907366 -22.519989 11.286327
v 31.688513 -29.835239 11.683853
v 21.404444 -28.566517 75.009331
v 205.236511 25.084810 23.112036
v 31.261950 -21.434217 23.192612
v 42.321136 -17.994383 15.195470
v 13.729700 -33.319855 10.858374
v 11.856157 -27.847948 15.802970
v 22.254854 -35.275398 25.509020
v 93.038788 -58.937057 55.793694
v 167.334671 9.046465 60.998718
v 164.631287 6.198971 33.396866
v 0.000003 -52.181164 36.429253
v 139.151993 -6.720716 24.549067
v 139.357239 -12.762163 20.043617
v 142.012802 -7.139002 20.626120
v 151.370132 -16.414694 22.866602
v 22.768391 -35.474007 24.148327
v 155.337982 -15.433205 19.470959
v 26.932274 -17.245842 31.189558
v 43.133957 -31.702166 27.088545
v 0.076286 28.799507 32.091713
v 143.973312 -9.365347 13.089960
v 47.738678 -44.882439 10.542173
v 117.479004 -49.943161 14.882894
v 24.616928 75.834503 21.669212
v 156.214264 -11.224377 27.258591
v 146.892166 -3.847429 12.467222
v 157.622314 -16.761362 21.044994
v 25.441935 66.423401 27.721493
v 146.781464 0.267660 15.117437
v 29.916376 74.555534 27.462141
v 15.030783 -53.306629 28.278639
v 3.121219 35.375717 21.838177
v 2.979131 33.570240 17.801945
v 22.940426 58.879158 12.857565
v 23.839176 61.017937 10.385714
v 27.462162 67.388283 15.407690
v 39.528202 64.938118 34.746334
v 142.139572 -9.019577 13.547153
v 31.650829 52.675529 20.405098
v 14.806270 -55.046448 12.031806
v 36.285137 59.876686 25.660252
v 11.024232 32.784359 26.701107
v 131.354385 -11.268509 22.003288
v 36.825344 56.718994 19.042372
v 30.860743 51.055359 26.404377
v 48.852844 46.069550 25.188625
v 43.352242 35.230850 17.599552
v 38.886322 32.403778 9.586966
v 40.455338 35.573662 7.480225
v 46.285278 52.660538 13.887598
v 50.322487 63.409470 20.467167
v 50.794846 57.260956 17.610401
v 139.903656 -4.749811 71.054268
v 208.618561 24.861019 14.523836
v 97.278786 -14.214949 3.699443
v 55.738670 49.580681 21.402061
v 8.043678 -20.858263 13.256441
v 66.042374 65.201591 21.483435
v 62.070244 58.273945 27.477993
v 60.419155 41.557171 26.643229
v 56.360756 26.076292 26.531071
v 135.782471 -13.599069 26.074299
v 71.301559 42.420528 9.569607
v 78.084862 76.535805 13.221266
v 9.483649 -34.964256 26.785980
v 67.999077 25.213631 20.011024
v 79.786911 -65.723816 21.482025
v 72.258301 60.203007 8.703726
v 88.579742 72.142296 -0.000018
v 83.657349 67.093338 11.484003
v 73.425133 -70.750183 5.717625
v 93.378166 64.714798 26.692667
v 0.000001 -24.689384 5.256027
v 82.579201 71.918602 5.791410
v 93.179085 89.706322 23.621572
v 11.120885 -53.705223 16.094341
v 31.548870 -39.335167 6.223854
v 97.415825 97.189590 30.964523
v 14.754352 -51.980011 0.000092
v 112.879616 -30.733412 3.838036
v 87.095039 87.026245 7.533257
v 40.861183 -31.809357 16.220558
v 14.603486 -55.347473 13.699154
v 8.992494 -22.283873 8.514787
v 99.698845 75.227287 3.629297
v 92.213882 100.169807 13.378252
v 11.308281 -54.755455 7.542073
v 95.775665 81.947685 7.785476
v 102.303337 119.105789 24.693598
v 11.698456 -27.460011 22.104780
v 10.370162 -35.050945 33.199806
v 11.612834 -50.501480 9.687225
v 105.135361 89.288261 22.708092
v 10.568774 38.846184 32.122749
v 48.111679 -31.888552 21.653570
v 13.757865 -32.772663 7.788635
v 53.018898 27.044632 35.273983
v 66.254089 -31.824953 10.707089
v 8.496135 58.763763 21.347204
v 83.167625 6.580406 12.996416
v 0.000002 -55.064499 14.099937
v -0.000002 69.970551 3.723060
v 107.583580 79.298874 12.292607
v 0.000000 -24.602535 29.012478
v 65.761620 -47.744293 27.637796
v 9.252679 42.716179 3.953712
v 89.372894 74.370346 15.696953
v 27.072720 -18.410656 20.239693
v 2.014800 38.010914 10.766058
v 9.216011 66.831841 13.206473
v 12.128429 59.927509 13.317711
v 0.076286 26.804867 17.788042
v 9.605455 55.938282 8.874138
v 93.517776 56.433067 14.117949
v 8.686445 71.985855 22.121742
v 12.747231 40.330086 18.395105
v 8.589306 70.831551 22.260736
v 11.616541 64.268135 8.796959
v 8.941309 39.097687 26.832792
v 1.920101 39.317833 17.935574
v 13.069027 58.733452 16.858488
v 3.168589 32.699989 18.181479
v 83.302734 25.144096 10.054502
v 2.860737 32.700645 14.946729
v 83.180504 59.490540 13.381765
v 11.024232 30.997744 25.455223
v 10.568772 39.328560 16.947189
v 2.133174 37.226131 9.830087
v 1.825420 37.161003 11.589075
v 10.680455 37.519085 11.343073
v 23.639544 68.593414 21.688644
v 21.191673 -20.313698 14.738006
v 10.948384 37.503788 9.952854
v -0.000003 65.541054 17.980896
v -0.000002 40.027409 27.927435
v -0.000001 41.287437 18.521286
v 8.749685 39.991028 24.062342
v 8.208323 60.793716 21.262794
v 85.183098 40.697849 22.763580
v 68.433891 6.736596 0.000124
v 121.132973 -50.706123 2.272543
v 113.088997 94.224304 -0.000115
v 137.331375 129.357162 23.397064
v 83.527527 -14.388220 29.318979
v 85.670609 -30.242371 26.550735
v 22.188160 -28.799509 19.625660
v 109.749702 -51.034611 11.448079
v 97.301758 40.063347 14.678518
v 95.311241 22.594250 0.000027
v 102.373337 7.439910 27.581226
v 84.253983 -42.535755 25.377739
v 68.968086 -13.400951 -0.000000
v 100.648811 56.475552 10.631771
v 109.259598 -32.368137 2.931127
v 118.535095 94.201569 26.805580
v 81.293701 -53.324615 99.095581
v 242.964813 39.779140 76.505142
v 205.980133 61.115261 55.679253
v 158.382065 21.451624 70.483154
v 188.082047 65.035461 78.702194
v 206.680115 51.091866 66.069618
v 174.911194 60.950298 50.067898
v 138.035889 46.995338 26.031143
v 116.765320 -85.974953 62.548542
v 164.773056 60.107414 86.087708
v 222.001495 47.968960 56.939339
v 149.369614 46.736969 70.879562
v 201.644928 36.475838 56.612892
v 148.328918 56.236858 72.458824
v 194.293350 49.298779 64.796761
v 177.984024 44.042511 69.490242
v 189.949570 55.082134 34.369045
v 99.027946 -59.410137 29.719587
v 129.109070 -70.592926 29.977463
v 90.215157 -49.413013 28.769215
v 98.119408 -46.583794 9.218883
v 116.385643 -38.717514 1.133024
v 118.790268 -38.971146 23.467171
v 106.778328 -96.411430 23.807997
v 107.740974 -88.389297 30.060034
v 119.633522 -75.451683 34.347431
v 94.345375 -39.413723 21.384249
v 108.222755 -94.342140 28.256138
v 102.428108 -37.385353 27.040493
v 95.386818 -86.424332 19.498446
v 99.996353 -102.162094 16.789402
v 111.467033 -36.102318 22.968613
v 122.134987 -72.066048 28.045708
v 110.140900 -73.588440 35.547020
v 106.086304 -65.483376 6.460680
v 128.825836 -108.451859 34.793724
v 114.818993 -62.820953 32.578846
v 123.264885 -67.729790 9.441140
v 108.103745 -108.818634 32.071930
v 132.011307 -60.964344 9.202424
v 107.051041 -121.681259 28.425470
v 127.692940 -78.469849 7.951486
v 85.129219 -125.618027 4.588634
v 120.252258 -28.928062 28.595190
v 100.587097 -86.238365 28.310432
v 115.078560 -73.610535 25.921635
v 128.731415 -89.769165 10.870567
v 132.660309 -99.324013 16.640915
v 63.402161 -63.138130 29.814617
v 82.572998 -52.672821 10.557436
v 131.181107 -109.945442 35.762856
v 73.741745 -51.044983 27.388588
v 75.345428 -55.835827 11.217831
v 48.186096 -68.489029 0.000173
v 84.315636 -123.527115 11.644640
v 61.465427 -68.521469 4.157925
v 58.910027 -69.967957 23.388058
v 90.652512 -88.726418 27.554588
v 101.815109 -91.457298 23.305021
v 96.455070 -92.689850 16.661545
v 134.197845 -101.764885 0.000151
v 83.217659 -90.689102 19.848925
v 123.470428 -102.877480 15.105104
v 120.406487 -106.439117 14.464618
v 124.877678 -110.351059 20.239946
v 87.048439 -73.232750 18.106068
v 114.159019 -103.191788 0.000187
v 122.929306 -112.723022 26.730831
v 55.140602 -60.002960 15.919614
v 97.968025 -108.151909 9.332616
v 111.877235 -108.284126 8.673873
v 85.865891 -87.939362 0.000189
v 107.593140 -124.318481 6.867422
v 118.372200 -111.602783 19.009918
v 92.982742 -100.122528 9.587718
v 80.765091 -75.478630 26.159647
v 100.980240 -95.325462 0.000185
v 117.139656 -114.041092 21.232128
v 130.373749 -103.346985 10.391902
v 131.561646 -71.541519 0.000185
v 132.769409 -103.523224 23.682152
v 67.636780 -60.162392 19.116907
v 89.498856 -84.448616 26.132675
v 104.302399 -71.221420 23.571625
v 94.286148 -80.523705 43.083424
v 97.042336 -52.521580 5.413426
v 115.240402 -111.849350 26.892855
v 106.450264 -89.641800 0.000186
v 94.625656 -130.426498 10.044588
v 134.496994 -90.212326 10.162790
v 91.544449 -114.376930 25.404999
v 117.803314 -92.236183 23.793102
v 96.468872 -96.171425 24.438137
v 105.457573 -83.071762 14.846622
v 105.736252 -101.907822 0.000176
v 74.688393 -133.104080 7.799840
v 96.101028 -125.639557 0.000123
v 70.997307 -76.880798 0.000130
v 78.617378 -79.255501 12.326056
v 92.709427 -116.681664 0.000001
v 52.886414 46.620201 0.000156
v 134.621658 -71.189796 -0.000000
v 65.115425 60.941696 0.000054
v 41.526337 -11.521466 0.000105
v 55.024696 -61.960110 0.000080
v 47.072624 -45.695393 -0.000090
v 114.970551 117.776711 0.000028
v 41.428017 5.538834 -0.000063
v 109.251854 95.644485 -0.000042
v 100.634804 81.141907 -0.000087
v 119.690414 112.860779 0.000004
v 46.993000 24.016743 0.000062
v 41.937714 -31.970892 0.000174
v 137.014252 -89.002098 0.000190
v 81.860016 -119.960182 9.174281
v 81.899010 -103.124519 15.874413
v 91.565239 -101.396103 0.000171
v 82.031761 -104.066177 8.182338
v 86.084106 -114.581841 16.055187
v 87.597702 -100.804199 0.000144
v 91.971451 -85.873024 0.000001
v 115.004478 -84.249924 21.220890
v 120.914543 -97.154518 25.754780
v 124.938423 -96.556320 -20.514719
v 101.395195 -32.283413 -19.683640
v 104.799789 8.659282 -20.168093
v 120.083969 -22.123905 -11.845903
v 124.276733 -19.878609 -20.426411
v 103.397423 21.816914 -23.460438
v 111.205414 18.958649 -12.639129
v 44.243713 -15.374043 -30.640581
v 113.014084 35.205017 -19.502262
v 60.417103 -52.709435 -10.242028
v 57.085609 -58.652634 -25.354031
v 31.771091 -39.126244 -24.457186
v 101.468765 -54.926388 -37.699333
v 123.700638 36.325706 -29.124084
v 8.253849 -30.059435 -31.456982
v 119.569099 24.136599 -46.011211
v 133.071854 50.530533 -43.128288
v 132.297028 34.649258 -21.869686
v 106.839561 33.760887 -91.244644
v 233.199524 44.219780 -60.860596
v 160.891388 9.557936 -22.728643
v 136.768616 -13.107774 -17.388716
v 98.512573 -0.372297 -21.567072
v 114.085846 -18.239603 -37.392860
v 118.670647 45.402718 -25.464895
v 12.464607 41.458530 -11.438844
v 12.310363 38.594101 -8.566586
v -0.000003 38.834812 -17.022087
v 22.615673 -14.761737 -19.338404
v -0.000004 68.260399 -15.408596
v 12.517716 38.850163 -16.549524
v 15.414146 -14.036337 -14.363599
v 1.773726 -57.032261 -21.876316
v 2.074726 -56.955708 -30.958065
v 12.900073 -54.484032 -18.261320
v 10.770867 -64.277847 -14.623402
v 2.786361 -62.275921 -21.804436
v 3.087440 -62.276691 -18.022604
v 0.062944 -69.207092 -25.340902
v 1.958953 -56.033081 -32.273884
v 1.866320 -54.496643 -28.032482
v 12.900070 -55.051125 -31.170919
v 10.770866 -62.177490 -27.044054
v 2.902132 -61.253593 -33.816498
v 3.041103 -59.131042 -32.529778
v 0.062943 -66.862160 -19.941038
v 13.271360 -56.629265 -16.835333
v 13.009310 -56.611271 -22.928213
v 0.000003 -53.662468 -18.435745
v 0.000001 -21.272545 -27.219894
v 48.331047 -44.553619 -23.738441
v 57.628311 -13.333262 -12.953551
v 96.156219 6.077022 -16.066891
v 135.393784 -7.717187 -16.026596
v 41.157761 -42.821423 -21.010956
v 67.551041 20.932304 -22.041304
v 132.898438 -12.645642 -21.418106
v 55.895744 6.017532 -84.348251
v 224.417572 35.258518 -17.149858
v 53.843254 21.675938 -13.944353
v 46.065979 5.543680 -86.588455
v 223.051437 35.510887 -83.076981
v 218.009735 43.684772 -30.012104
v 32.023796 -30.871052 -26.802128
v 42.128902 -43.233208 -13.995702
v 20.780975 -21.063404 -14.348422
v 30.907360 -22.519989 -11.286329
v 31.688509 -29.835239 -11.683851
v 21.404446 -28.566532 -75.009331
v 205.236511 25.084814 -23.112036
v 31.261953 -21.434217 -23.192610
v 42.321133 -17.994379 -15.195473
v 13.729699 -33.319855 -10.858374
v 11.856153 -27.847948 -15.802974
v 22.254850 -35.275398 -25.509018
v 93.038795 -58.937050 -55.793686
v 167.334686 9.046465 -60.998711
v 164.631287 6.198972 -33.396866
v 0.000002 -52.181164 -36.429253
v 139.151993 -6.720717 -24.549061
v 139.357239 -12.762166 -20.043621
v 142.012802 -7.139000 -20.626112
v 151.370132 -16.414698 -22.866604
v 22.768394 -35.474010 -24.148323
v 155.337982 -15.433205 -19.470959
v 26.932274 -17.245840 -31.189562
v 43.133953 -31.702166 -27.088549
v 0.076287 28.799507 -32.091717
v 143.973312 -9.365345 -13.089963
v 47.738678 -44.882442 -10.542173
v 117.479004 -49.943165 -14.882894
v 24.616928 75.834503 -21.669218
v 156.214264 -11.224372 -27.258596
v 146.892166 -3.847426 -12.467232
v 157.622314 -16.761358 -21.044994
v 25.441933 66.423401 -27.721491
v 146.781464 0.267662 -15.117437
v 29.916370 74.555534 -27.462141
v 15.030781 -53.306629 -28.278639
v 3.121221 35.375717 -21.838181
v 2.979131 33.570240 -17.801945
v 22.940430 58.879166 -12.857561
v 23.839176 61.017944 -10.385712
v 27.462156 67.388283 -15.407692
v 39.528202 64.938118 -34.746330
v 142.139572 -9.019577 -13.547155
v 31.650829 52.675529 -20.405102
v 14.806272 -55.046448 -12.031804
v 36.285137 59.876686 -25.660250
v 11.024236 32.784359 -26.701107
v 131.354385 -11.268507 -22.003288
v 36.825340 56.718994 -19.042370
v 30.860739 51.055359 -26.404379
v 48.852840 46.069538 -25.188622
v 43.352242 35.230854 -17.599556
v 38.886322 32.403778 -9.586967
v 40.455334 35.573662 -7.480226
v 46.285278 52.660534 -13.887598
v 50.322479 63.409470 -20.467167
v 50.794846 57.260956 -17.610401
v 139.903656 -4.749810 -71.054260
v 208.618561 24.861019 -14.523836
v 97.278793 -14.214947 -3.699443
v 55.738670 49.580681 -21.402061
v 8.043676 -20.858263 -13.256441
v 66.042374 65.201591 -21.483435
v 62.070240 58.273945 -27.477991
v 60.419167 41.557171 -26.643234
v 56.360756 26.076294 -26.531071
v 135.782471 -13.599067 -26.074301
v 71.301559 42.420532 -9.569605
v 78.084862 76.535805 -13.221269
v 9.483648 -34.964260 -26.785978
v 67.999077 25.213631 -20.011024
v 79.786919 -65.723824 -21.482025
v 72.258301 60.203007 -8.703729
v 88.579742 72.142296 -11.483999
v 73.425133 -70.750183 -5.717624
v 93.378166 64.714798 -26.692667
v 0.000000 -24.689384 -5.256024
v 82.579201 71.918602 -5.791409
v 93.179085 89.706322 -23.621553
v 11.120886 -53.705235 -16.094339
v 31.548870 -39.335167 -6.223853
v 97.415825 97.189590 -30.964521
v 14.754354 -51.980011 -3.838041
v 87.095039 87.026245 -7.533244
v 40.861191 -31.809357 -16.220560
v 14.603485 -55.347473 -13.699152
v 8.992497 -22.283873 -8.514787
v 99.698853 75.227287 -3.629300
v 92.213882 100.169807 -13.378252
v 11.308279 -54.755455 -7.542073
v 95.775665 81.947685 -7.785472
v 102.303345 119.105789 -24.693598
v 11.698452 -27.460016 -22.104786
v 10.370162 -35.050949 -33.199806
v 11.612834 -50.501480 -9.687227
v 105.135361 89.288261 -22.708092
v 10.568774 38.846184 -32.122749
v 48.111679 -31.888552 -21.653572
v 13.757865 -32.772663 -7.788634
v 53.018890 27.044634 -35.273983
v 66.254082 -31.824951 -10.707089
v 8.496137 58.763763 -21.347202
v 83.167625 6.580406 -12.996417
v 0.000003 -55.064499 -14.099935
v -0.000002 69.970551 -3.723061
v 107.583580 79.298874 -12.292608
v 0.000003 -24.602533 -29.012480
v 65.761620 -47.744289 -27.637794
v 9.252675 42.716179 -3.953712
v 89.372894 74.370346 -15.696951
v 27.072716 -18.410654 -20.239697
v 2.014800 38.010914 -10.766058
v 9.216010 66.831841 -13.206475
v 12.128431 59.927509 -13.317718
v 0.076286 26.804863 -17.788042
v 9.605455 55.938282 -8.874136
v 93.517776 56.433067 -14.117951
v 8.686446 71.985855 -22.121742
v 12.747232 40.330086 -18.395105
v 8.589306 70.831551 -22.260736
v 11.616542 64.268135 -8.796955
v 8.941310 39.097691 -26.832792
v 1.920100 39.317833 -17.935574
v 13.069027 58.733452 -16.858492
v 3.168589 32.699989 -18.181475
v 83.302734 25.144096 -10.054504
v 2.860737 32.700645 -14.946728
v 83.180504 59.490536 -13.381768
v 11.024234 30.997747 -25.455223
v 10.568771 39.328556 -16.947189
v 2.133174 37.226131 -9.830091
v 1.825420 37.161003 -11.589076
v 10.680456 37.519085 -11.343073
v 23.639547 68.593414 -21.688644
v 21.191673 -20.313698 -14.738004
v 10.948384 37.503788 -9.952853
v -0.000002 65.541054 -17.980896
v -0.000002 40.027409 -27.927435
v -0.000006 41.287437 -18.521286
v 8.749685 39.991035 -24.062342
v 8.208323 60.793716 -21.262794
v 85.183090 40.697849 -22.763584
v 68.433891 6.736595 -2.272542
v 113.088997 94.224304 -23.397064
v 83.527527 -14.388214 -29.318979
v 85.670609 -30.242371 -26.550735
v 22.188160 -28.799503 -19.625664
v 109.749702 -51.034607 -11.448084
v 97.301758 40.063351 -14.678522
v 95.311234 22.594250 -27.581226
v 84.253983 -42.535755 -25.377741
v 68.968086 -13.400951 -10.631780
v 109.259590 -32.368137 -2.931126
v 118.535095 94.201569 -26.805574
v 81.293694 -53.324615 -99.095589
v 242.964813 39.779144 -76.505150
v 205.980133 61.115269 -55.679253
v 158.382065 21.451626 -70.483154
v 188.082062 65.035454 -78.702194
v 206.680115 51.091866 -66.069618
v 174.911194 60.950294 -50.067932
v 138.035843 46.995331 -26.031149
v 116.765320 -85.974953 -62.548542
v 164.773056 60.107430 -86.087708
v 222.001495 47.968967 -56.939346
v 149.369614 46.736969 -70.879562
v 201.644928 36.475838 -56.612900
v 148.328903 56.236870 -72.458824
v 194.293350 49.298779 -64.796768
v 177.984024 44.042519 -69.490242
v 189.949570 55.082150 -34.369057
v 99.027962 -59.410137 -29.719584
v 129.109070 -70.592926 -29.977463
v 90.215141 -49.413013 -28.769218
v 98.119408 -46.583794 -9.218893
v 116.385643 -38.717514 -1.133050
v 118.790276 -38.971146 -23.467173
v 106.778328 -96.411430 -23.808001
v 107.740974 -88.389297 -30.060034
v 119.633522 -75.451675 -34.347427
v 94.345367 -39.413727 -21.384247
v 108.222740 -94.342140 -28.256138
v 102.428101 -37.385353 -27.040501
v 95.386818 -86.424332 -19.498444
v 99.996361 -102.162094 -16.789410
v 111.467026 -36.102318 -22.968615
v 122.134987 -72.066048 -28.045700
v 110.140892 -73.588440 -35.547024
v 106.086311 -65.483368 -6.460680
v 128.825836 -108.451859 -34.793736
v 114.818993 -62.820953 -32.578857
v 123.264885 -67.729790 -9.441140
v 108.103752 -108.818634 -32.071934
v 132.011307 -60.964344 -9.202419
v 107.051041 -121.681259 -28.425476
v 127.692924 -78.469856 -7.951482
v 85.129234 -125.618027 -4.588652
v 120.252258 -28.928062 -28.595194
v 100.587105 -86.238373 -28.310440
v 115.078560 -73.610535 -25.921640
v 128.731415 -89.769165 -10.870573
v 132.660309 -99.324020 -16.640919
v 63.402161 -63.138130 -29.814623
v 82.572998 -52.672821 -10.557435
v 131.181107 -109.945427 -35.762848
v 73.741745 -51.044983 -27.388592
v 75.345428 -55.835831 -11.217825
v 48.186096 -68.489029 -11.644636
v 61.465424 -68.521477 -4.157929
v 58.910027 -69.967964 -23.388056
v 90.652512 -88.726410 -27.554590
v 101.815109 -91.457298 -23.305029
v 96.455070 -92.689850 -16.661549
v 134.197845 -101.764893 -19.848915
v 123.470428 -102.877480 -15.105100
v 120.406479 -106.439117 -14.464616
v 124.877686 -110.351059 -20.239950
v 87.048439 -73.232742 -18.105642
v 114.159325 -103.192467 -26.730833
v 55.140602 -60.002960 -15.919612
v 97.968018 -108.151917 -9.332620
v 111.877235 -108.284126 -8.673870
v 85.865891 -87.939362 -6.867420
v 118.372200 -111.602783 -19.009914
v 92.982742 -100.122520 -9.587713
v 80.765091 -75.478638 -26.159647
v 100.980240 -95.325462 -21.231697
v 130.373642 -103.347046 -10.391895
v 131.561646 -71.541519 -23.682144
v 67.636780 -60.162392 -19.116901
v 89.498863 -84.448608 -26.132675
v 104.302399 -71.221420 -23.571621
v 94.286148 -80.523689 -43.083424
v 97.042343 -52.521584 -5.413421
v 115.240402 -111.849350 -26.892853
v 106.450256 -89.641800 -10.044595
v 134.496994 -90.212334 -10.162787
v 91.544449 -114.376930 -25.405003
v 117.803322 -92.236183 -23.793098
v 96.468872 -96.171425 -24.438137
v 105.457573 -83.071762 -14.846623
v 105.736259 -101.907822 -7.799849
v 96.101044 -125.639549 -12.326062
v 92.709419 -116.681664 -9.174288
v 81.899010 -103.124519 -15.874413
v 91.565239 -101.396103 -8.182343
v 86.084106 -114.581848 -16.055187
v 87.597702 -100.804199 -21.220881
v 120.914543 -97.154518 -25.754034
v 124.938232 -96.556412 0.000164
v 101.816345 -101.727135 5.717625
v 93.378166 64.714798 -0.000018
v 83.657349 67.093338 5.717625
v 93.378166 64.714798 -0.000018
v 83.657349 67.093338 23.460426
v 111.205414 18.958656 19.683645
v 104.799789 8.659280 31.456964
v 119.569122 24.136600 23.460426
v 111.205414 18.958656 25.921635
v 128.731415 -89.769165 26.031143
v 116.765320 -85.974953 24.457182
v 101.468750 -54.926399 25.509020
v 93.038788 -58.937057 0.000124
v 121.132973 -50.706123 10.542173
v 117.479004 -49.943161 11.484003
v 73.425133 -70.750183 0.000123
v 70.997307 -76.880798 19.625660
v 109.749702 -51.034611 24.457182
v 101.468750 -54.926399 10.542173
v 117.479004 -49.943161 19.625660
v 109.749702 -51.034611 26.031143
v 116.765320 -85.974953 26.132675
v 104.302399 -71.221420 26.132675
v 104.302399 -71.221420 25.509020
v 93.038788 -58.937057 25.509020
v 93.038788 -58.937057 20.011024
v 79.786911 -65.723816 20.011024
v 79.786911 -65.723816 11.484003
v 73.425133 -70.750183 -0.000018
v 83.657349 67.093338 -5.717624
v 93.378166 64.714798 -0.000018
v 83.657349 67.093338 -5.717624
v 93.378166 64.714798 -19.683640
v 104.799789 8.659282 -23.460438
v 111.205414 18.958649 -23.460438
v 111.205414 18.958649 -31.456982
v 119.569099 24.136599 -26.031149
v 116.765320 -85.974953 -25.921640
v 128.731415 -89.769165 -25.509018
v 93.038795 -58.937050 -24.457186
v 101.468765 -54.926388 -10.542173
v 117.479004 -49.943165 0.000124
v 121.132973 -50.706123 0.000123
v 70.997307 -76.880798 -11.483999
v 73.425133 -70.750183 -24.457186
v 101.468765 -54.926388 -19.625664
v 109.749702 -51.034607 -19.625664
v 109.749702 -51.034607 -10.542173
v 117.479004 -49.943165 -26.132675
v 104.302399 -71.221420 -26.031149
v 116.765320 -85.974953 -25.509018
v 93.038795 -58.937050 -26.132675
v 104.302399 -71.221420 -20.011024
v 79.786919 -65.723824 -25.509018
v 93.038795 -58.937050 -11.483999
v 73.425133 -70.750183 -20.011024
v 79.786919 -65.723824 25.509020
v 93.038788 -58.937057 10.542173
v 117.479004 -49.943161 17.610401
v 139.903656 -4.749811 11.484003
v 73.425133 -70.750183 5.717625
v 93.378166 64.714798 5.256027
v 82.579201 71.918602 3.953712
v 89.372894 74.370346 55.679253
v 158.382065 21.451624 26.031143
v 116.765320 -85.974953 34.369045
v 99.027946 -59.410137 28.769215
v 98.119408 -46.583794 1.133024
v 118.790268 -38.971146 22.968613
v 122.134987 -72.066048 28.045708
v 110.140900 -73.588440 27.388588
v 75.345428 -55.835827 4.157925
v 58.910027 -69.967957 23.682152
v 67.636780 -60.162392 26.132675
v 104.302399 -71.221420 -25.509018
v 93.038795 -58.937050 -10.542173
v 117.479004 -49.943165 -17.610401
v 139.903656 -4.749810 -11.483999
v 73.425133 -70.750183 -5.717624
v 93.378166 64.714798 -5.256024
v 82.579201 71.918602 -3.953712
v 89.372894 74.370346 -55.679253
v 158.382065 21.451626 -26.031149
v 116.765320 -85.974953 -34.369057
v 99.027962 -59.410137 -28.769218
v 98.119408 -46.583794 -1.133050
v 118.790276 -38.971146 -22.968615
v 122.134987 -72.066048 -28.045700
v 110.140892 -73.588440 -27.388592
v 75.345428 -55.835831 -4.157929
v 58.910027 -69.967964 -23.682144
v 67.636780 -60.162392 -26.132675
v 104.302399 -71.221420 25.509020
v 93.038788 -58.937057 17.610401
v 139.903656 -4.749811 11.484003
v 73.425133 -70.750183 5.717625
v 93.378166 64.714798 28.045708
v 110.140900 -73.588440 -25.509018
v 93.038795 -58.937050 -17.610401
v 139.903656 -4.749810 -11.483999
v 73.425133 -70.750183 -5.717624
v 93.378166 64.714798 -28.045700
v 110.140892 -73.588440 25.509020
v 93.038788 -58.937057 -25.509018
v 93.038795 -58.937050 17.610401
v 139.903656 -4.749811 16.066891
v 135.393784 -7.717188 31.456964
v 119.569122 24.136600 31.456964
v 119.569122 24.136600 16.066891
v 135.393784 -7.717188 23.460426
v 111.205414 18.958656 43.128277
v 132.297028 34.649269 83.076981
v 218.009735 43.684776 91.244644
v 233.199524 44.219769 24.549067
v 139.357239 -12.762163 21.688644
v 21.191673 -20.313698 16.549524
v 15.414150 -14.036337 13.995699
v 20.780979 -21.063404 32.091713
v 143.973312 -9.365347 17.610401
v 139.903656 -4.749811 14.623402
v 2.786361 -62.275921 18.022606
v 0.062944 -69.207092 21.804436
v 3.087440 -62.276691 29.124084
v 8.253849 -30.059435 17.610401
v 139.903656 -4.749811 27.721493
v 146.781464 0.267660 27.044054
v 2.902132 -61.253593 32.529778
v 0.062944 -66.862160 33.816498
v 3.041104 -59.131042 14.623402
v 2.786361 -62.275921 14.363601
v 1.773724 -57.032261 12.996416
v 0.000002 -55.064499 22.928213
v 0.000002 -53.662468 21.876316
v 2.074726 -56.955708 22.928213
v 0.000002 -53.662468 32.273884
v 1.866319 -54.496643 33.396866
v 0.000003 -52.181164 32.273884
v 1.866319 -54.496643 21.876316
v 2.074726 -56.955708 27.044054
v 2.902132 -61.253593 25.340902
v 1.958953 -56.033081 26.692667
v 0.000001 -24.689384 26.692667
v 0.000001 -24.689384 26.832792
v 1.920101 39.317833 26.692667
v 0.000001 -24.689384 10.054502
v 2.860737 32.700645 9.830087
v 1.825420 37.161003 16.947189
v 2.133174 37.226131 16.858488
v 3.168589 32.699989 20.514711
v 101.395195 -32.283413 23.112036
v 31.261950 -21.434217 12.292607
v 0.000000 -24.602535 27.477993
v 60.419155 41.557171 21.483435
v 62.070244 58.273945 23.112036
v 31.261950 -21.434217 32.122749
v 48.111679 -31.888552 23.192612
v 42.321136 -17.994383 14.348421
v 30.907366 -22.519989 23.112036
v 31.261950 -21.434217 23.192612
v 42.321136 -17.994383 27.477993
v 60.419155 41.557171 21.483435
v 62.070244 58.273945 13.256441
v 66.042374 65.201591 13.221266
v 9.483649 -34.964256 12.292607
v 0.000000 -24.602535 10.631771
v 109.259598 -32.368137 10.631771
v 109.259598 -32.368137 20.514711
v 101.395195 -32.283413 21.838177
v 2.979131 33.570240 20.239693
v 2.014800 38.010914 12.292607
v 0.000000 -24.602535 14.348421
v 30.907366 -22.519989 55.793694
v 167.334671 9.046465 32.122749
v 48.111679 -31.888552 17.149857
v 53.843262 21.675936 22.104780
v 10.370162 -35.050945 13.256441
v 66.042374 65.201591 3.699443
v 55.738670 49.580681 10.631771
v 109.259598 -32.368137 13.699154
v 8.992494 -22.283873 21.688644
v 21.191673 -20.313698 13.995699
v 20.780979 -21.063404 14.348421
v 30.907366 -22.519989 20.011024
v 79.786911 -65.723816 25.509020
v 93.038788 -58.937057 7.533257
v 40.861183 -31.809357 5.717625
v 93.378166 64.714798 33.396866
v 0.000003 -52.181164 12.996416
v 0.000002 -55.064499 12.292607
v 0.000000 -24.602535 18.435747
v 0.000001 -21.272545 17.788042
v 9.605455 55.938282 7.788635
v 53.018898 27.044632 17.149857
v 53.843262 21.675936 7.788635
v 53.018898 27.044632 12.639130
v 44.243713 -15.374045 21.688644
v 21.191673 -20.313698 13.995699
v 20.780979 -21.063404 13.089960
v 47.738678 -44.882439 12.639130
v 44.243713 -15.374045 26.692667
v 0.000001 -24.689384 33.396866
v 0.000003 -52.181164 13.089960
v 47.738678 -44.882439 7.533257
v 40.861183 -31.809357 -0.000018
v 83.657349 67.093338 5.717625
v 93.378166 64.714798 24.062342
v 8.208323 60.793716 17.788042
v 9.605455 55.938282 22.104780
v 10.370162 -35.050945 13.089960
v 47.738678 -44.882439 5.717625
v 93.378166 64.714798 13.221266
v 9.483649 -34.964256 84.348244
v 224.417557 35.258514 27.219891
v 48.331047 -44.553627 13.089960
v 47.738678 -44.882439 7.533257
v 40.861183 -31.809357 22.104780
v 10.370162 -35.050945 29.124084
v 8.253849 -30.059435 12.639130
v 44.243713 -15.374045 13.699154
v 8.992494 -22.283873 18.435747
v 0.000001 -21.272545 7.788635
v 53.018898 27.044632 3.699443
v 55.738670 49.580681 7.788635
v 53.018898 27.044632 5.717625
v 93.378166 64.714798 -0.000028
v 101.578720 67.312691 27.219891
v 48.331047 -44.553627 7.533257
v 40.861183 -31.809357 12.639130
v 44.243713 -15.374045 26.805580
v 81.293701 -53.324615 25.509020
v 93.038788 -58.937057 24.457182
v 101.468750 -54.926399 14.348421
v 30.907366 -22.519989 13.699154
v 8.992494 -22.283873 21.688644
v 21.191673 -20.313698 13.995699
v 20.780979 -21.063404 3.699443
v 55.738670 49.580681 12.292607
v 0.000000 -24.602535 18.435747
v 0.000001 -21.272545 21.688644
v 21.191673 -20.313698 20.239693
v 2.014800 38.010914 20.514711
v 101.395195 -32.283413 12.639130
v 44.243713 -15.374045 21.483435
v 62.070244 58.273945 55.793694
v 167.334671 9.046465 71.054268
v 208.618561 24.861019 14.348421
v 30.907366 -22.519989 23.192612
v 42.321136 -17.994383 12.639130
v 44.243713 -15.374045 23.112036
v 31.261950 -21.434217 21.688644
v 21.191673 -20.313698 12.639130
v 44.243713 -15.374045 21.483435
v 62.070244 58.273945 23.112036
v 31.261950 -21.434217 23.192612
v 42.321136 -17.994383 20.514711
v 101.395195 -32.283413 26.643229
v 56.360756 26.076292 26.643229
v 56.360756 26.076292 20.239693
v 2.014800 38.010914 19.338404
v -0.000002 68.260399 9.952854
v -0.000003 65.541054 10.707089
v 8.496135 58.763763 16.858488
v 3.168589 32.699989 9.830087
v 1.825420 37.161003 10.054502
v 2.860737 32.700645 13.317711
v 0.076286 26.804867 20.239693
v 2.014800 38.010914 17.980896
v -0.000002 40.027409 9.830087
v 1.825420 37.161003 8.566586
v -0.000004 38.834816 21.838177
v 2.979131 33.570240 27.088545
v 0.076286 28.799507 28.278639
v 3.121219 35.375717 9.952854
v -0.000003 65.541054 16.858488
v 3.168589 32.699989 9.830087
v 1.825420 37.161003 8.566586
v -0.000004 38.834816 9.952854
v -0.000003 65.541054 10.707089
v 8.496135 58.763763 16.947189
v 2.133174 37.226131 17.980896
v -0.000002 40.027409 10.707089
v 8.496135 58.763763 26.832792
v 1.920101 39.317833 16.947189
v 2.133174 37.226131 26.832792
v 1.920101 39.317833 27.927435
v -0.000001 41.287437 19.338404
v -0.000002 68.260399 9.952854
v -0.000003 65.541054 27.927435
v -0.000001 41.287437 19.338404
v -0.000002 68.260399 19.338404
v -0.000002 68.260399 14.099937
v -0.000002 69.970551 9.952854
v -0.000003 65.541054 17.788042
v 9.605455 55.938282 24.062342
v 8.208323 60.793716 27.044054
v 2.902132 -61.253593 33.816498
v 3.041104 -59.131042 32.273884
v 1.866319 -54.496643 25.340902
v 1.958953 -56.033081 29.124084
v 8.253849 -30.059435 28.278639
v 3.121219 35.375717 14.363601
v 1.773724 -57.032261 14.623402
v 2.786361 -62.275921 21.804436
v 3.087440 -62.276691 20.514711
v 101.395195 -32.283413 20.514711
v 101.395195 -32.283413 20.514711
v 101.395195 -32.283413 13.089960
v 47.738678 -44.882439 21.876316
v 2.074726 -56.955708 19.683645
v 104.799789 8.659280 17.388718
v 98.512573 -0.372303 11.845901
v 124.276733 -19.878616 55.793694
v 167.334671 9.046465 14.523836
v 97.278786 -14.214949 31.456964
v 119.569122 24.136600 23.460426
v 111.205414 18.958656 22.104780
v 10.370162 -35.050945 13.221266
v 9.483649 -34.964256 23.460426
v 111.205414 18.958656 11.845901
v 124.276733 -19.878616 27.721493
v 146.781464 0.267660 17.610401
v 139.903656 -4.749811 55.793694
v 167.334671 9.046465 27.721493
v 146.781464 0.267660 20.043617
v 142.012802 -7.139002 27.258591
v 146.892166 -3.847429 21.669212
v 156.214264 -11.224377 21.669212
v 156.214264 -11.224377 32.091713
v 143.973312 -9.365347 27.258591
v 146.892166 -3.847429 24.549067
v 139.357239 -12.762163 32.091713
v 143.973312 -9.365347 24.549067
v 139.357239 -12.762163 20.043617
v 142.012802 -7.139002 20.043617
v 142.012802 -7.139002 21.669212
v 156.214264 -11.224377 11.845901
v 124.276733 -19.878616 71.054268
v 208.618561 24.861019 70.879562
v 201.644928 36.475838 99.095581
v 242.964813 39.779140 84.348244
v 224.417557 35.258514 71.054268
v 208.618561 24.861019 19.683645
v 104.799789 8.659280 23.460426
v 111.205414 18.958656 26.031143
v 116.765320 -85.974953 14.523836
v 97.278786 -14.214949 10.631771
v 109.259598 -32.368137 14.523836
v 97.278786 -14.214949 14.523836
v 97.278786 -14.214949 16.066891
v 135.393784 -7.717188 19.625660
v 109.749702 -51.034611 10.542173
v 117.479004 -49.943161 0.000123
v 70.997307 -76.880798 11.484003
v 73.425133 -70.750183 9.587718
v 80.765091 -75.478630 26.031143
v 116.765320 -85.974953 0.000124
v 121.132973 -50.706123 14.846622
v 105.736252 -101.907822 21.384249
v 108.222755 -94.342140 20.011024
v 79.786911 -65.723816 23.807997
v 107.740974 -88.389297 23.571625
v 94.286148 -80.523705 24.438137
v 105.457573 -83.071762 5.413426
v 115.240402 -111.849350 0.000185
v 117.139656 -114.041092 25.921635
v 128.731415 -89.769165 21.384249
v 108.222755 -94.342140 14.846622
v 105.736252 -101.907822 23.571625
v 94.286148 -80.523705 25.921635
v 128.731415 -89.769165 23.571625
v 94.286148 -80.523705 25.509020
v 93.038788 -58.937057 20.011024
v 79.786911 -65.723816 20.239946
v 87.048439 -73.232750 8.673873
v 85.865891 -87.939362 23.571625
v 94.286148 -80.523705 19.116907
v 89.498856 -84.448616 23.571625
v 94.286148 -80.523705 26.132675
v 104.302399 -71.221420 26.031143
v 116.765320 -85.974953 24.438137
v 105.457573 -83.071762 24.438137
v 105.457573 -83.071762 26.031143
v 116.765320 -85.974953 23.571625
v 94.286148 -80.523705 9.441140
v 108.103745 -108.818634 25.921635
v 128.731415 -89.769165 23.807997
v 107.740974 -88.389297 25.921635
v 128.731415 -89.769165 25.921635
v 128.731415 -89.769165 26.031143
v 116.765320 -85.974953 25.509020
v 93.038788 -58.937057 14.846622
v 105.736252 -101.907822 9.441140
v 108.103745 -108.818634 21.384249
v 108.222755 -94.342140 11.484003
v 73.425133 -70.750183 9.441140
v 108.103745 -108.818634 5.413426
v 115.240402 -111.849350 25.921635
v 128.731415 -89.769165 25.921635
v 128.731415 -89.769165 71.054268
v 208.618561 24.861019 19.116907
v 89.498856 -84.448616 23.305021
v 96.455070 -92.689850 8.673873
v 85.865891 -87.939362 19.116907
v 89.498856 -84.448616 8.673873
v 85.865891 -87.939362 23.388058
v 90.652512 -88.726418 27.040493
v 95.386818 -86.424332 19.116907
v 89.498856 -84.448616 8.673873
v 85.865891 -87.939362 0.000151
v 83.217659 -90.689102 8.182338
v 86.084106 -114.581841 15.874413
v 91.565239 -101.396103 23.305021
v 96.455070 -92.689850 0.000190
v 81.860016 -119.960182 -17.610401
v 139.903656 -4.749810 -16.066891
v 135.393784 -7.717187 -31.456982
v 119.569099 24.136599 -31.456982
v 119.569099 24.136599 -16.066891
v 135.393784 -7.717187 -23.460438
v 111.205414 18.958649 -43.128288
v 132.297028 34.649258 -83.076981
v 218.009735 43.684772 -91.244644
v 233.199524 44.219780 -0.000000
v 65.115425 60.941696 -24.549061
v 139.357239 -12.762166 -16.549524
v 15.414146 -14.036337 -21.688644
v 21.191673 -20.313698 -13.995702
v 20.780975 -21.063404 -32.091717
v 143.973312 -9.365345 -17.610401
v 139.903656 -4.749810 -18.022604
v 0.062944 -69.207092 -14.623402
v 2.786361 -62.275921 -21.804436
v 3.087440 -62.276691 -29.124084
v 8.253849 -30.059435 -17.610401
v 139.903656 -4.749810 -27.721491
v 146.781464 0.267662 -32.529778
v 0.062943 -66.862160 -27.044054
v 2.902132 -61.253593 -33.816498
v 3.041103 -59.131042 -14.623402
v 2.786361 -62.275921 -14.363599
v 1.773726 -57.032261 -12.996417
v 0.000003 -55.064499 -22.928213
v 0.000003 -53.662468 -21.876316
v 2.074726 -56.955708 -22.928213
v 0.000003 -53.662468 -32.273884
v 1.866320 -54.496643 -33.396866
v 0.000002 -52.181164 -32.273884
v 1.866320 -54.496643 -21.876316
v 2.074726 -56.955708 -27.044054
v 2.902132 -61.253593 -25.340902
v 1.958953 -56.033081 -26.692667
v 0.000000 -24.689384 -26.692667
v 0.000000 -24.689384 -26.832792
v 1.920100 39.317833 -26.692667
v 0.000000 -24.689384 -10.054504
v 2.860737 32.700645 -9.830091
v 1.825420 37.161003 -16.947189
v 2.133174 37.226131 -16.858492
v 3.168589 32.699989 0.000004
v 46.993000 24.016743 0.000042
v 102.876320 -13.135839 -20.514719
v 101.395195 -32.283413 -23.112036
v 31.261953 -21.434217 -0.000069
v 123.607353 94.596962 -0.000045
v 112.321556 77.752907 -12.292608
v 0.000003 -24.602533 -27.477991
v 60.419167 41.557171 -21.483435
v 62.070240 58.273945 -23.112036
v 31.261953 -21.434217 -32.122749
v 48.111679 -31.888552 -23.192610
v 42.321133 -17.994379 -23.112036
v 31.261953 -21.434217 -14.348422
v 30.907360 -22.519989 -23.192610
v 42.321133 -17.994379 -0.000000
v 100.648811 56.475552 -0.000028
v 101.578720 67.312691 0.000105
v 55.024696 -61.960110 0.000123
v 70.997307 -76.880798 -27.477991
v 60.419167 41.557171 -13.256441
v 66.042374 65.201591 -21.483435
v 62.070240 58.273945 -13.221269
v 9.483648 -34.964260 -12.292608
v 0.000003 -24.602533 -10.631780
v 109.259590 -32.368137 0.000092
v 112.879616 -30.733412 -0.000018
v 83.657349 67.093338 -10.631780
v 109.259590 -32.368137 -20.514719
v 101.395195 -32.283413 -21.838181
v 2.979131 33.570240 -20.239697
v 2.014800 38.010914 -12.292608
v 0.000003 -24.602533 -0.000090
v 114.970551 117.776711 -0.000087
v 119.690414 112.860779 -14.348422
v 30.907360 -22.519989 -55.793686
v 167.334686 9.046465 -32.122749
v 48.111679 -31.888552 -12.953551
v 96.156219 6.077022 -14.678522
v 95.311234 22.594250 0.000027
v 102.373337 7.439910 0.000004
v 101.141403 22.649822 -17.149858
v 53.843254 21.675938 -22.104786
v 10.370162 -35.050949 -13.256441
v 66.042374 65.201591 -3.699443
v 55.738670 49.580681 -0.000115
v 137.331375 129.357162 -10.631780
v 109.259590 -32.368137 -13.699152
v 8.992497 -22.283873 -21.688644
v 21.191673 -20.313698 -0.000004
v 103.712524 40.876099 -13.995702
v 20.780975 -21.063404 -14.348422
v 30.907360 -22.519989 -25.509018
v 93.038795 -58.937050 0.000062
v 41.937714 -31.970892 0.000054
v 41.526337 -11.521466 -7.533244
v 40.861191 -31.809357 -5.717624
v 93.378166 64.714798 -33.396866
v 0.000002 -52.181164 -12.996417
v 0.000003 -55.064499 -12.292608
v 0.000003 -24.602533 -18.435745
v 0.000001 -21.272545 -17.788042
v 9.605455 55.938282 -17.149858
v 53.843254 21.675938 -7.788634
v 53.018890 27.044634 -7.788634
v 53.018890 27.044634 0.000001
v 52.886414 46.620201 -12.639129
v 44.243713 -15.374043 -21.688644
v 21.191673 -20.313698 -13.995702
v 20.780975 -21.063404 -13.089963
v 47.738678 -44.882442 -12.639129
v 44.243713 -15.374043 0.000028
v 41.428017 5.538834 -26.692667
v 0.000000 -24.689384 -33.396866
v 0.000002 -52.181164 -13.089963
v 47.738678 -44.882442 0.000080
v 47.072624 -45.695393 -7.533244
v 40.861191 -31.809357 -0.000018
v 83.657349 67.093338 -0.000042
v 100.634804 81.141907 -5.717624
v 93.378166 64.714798 -24.062342
v 8.208323 60.793716 -17.788042
v 9.605455 55.938282 -22.104786
v 10.370162 -35.050949 -13.089963
v 47.738678 -44.882442 -5.717624
v 93.378166 64.714798 -13.221269
v 9.483648 -34.964260 -84.348251
v 224.417572 35.258518 -27.219894
v 48.331047 -44.553619 -13.089963
v 47.738678 -44.882442 -7.533244
v 40.861191 -31.809357 -22.104786
v 10.370162 -35.050949 -29.124084
v 8.253849 -30.059435 -12.639129
v 44.243713 -15.374043 -18.435745
v 0.000001 -21.272545 -13.699152
v 8.992497 -22.283873 -7.788634
v 53.018890 27.044634 -3.699443
v 55.738670 49.580681 -7.788634
v 53.018890 27.044634 -5.717624
v 93.378166 64.714798 -0.000028
v 101.578720 67.312691 -27.219894
v 48.331047 -44.553619 -7.533244
v 40.861191 -31.809357 -12.639129
v 44.243713 -15.374043 -24.457186
v 101.468765 -54.926388 -14.348422
v 30.907360 -22.519989 -21.688644
v 21.191673 -20.313698 -13.699152
v 8.992497 -22.283873 -13.995702
v 20.780975 -21.063404 0.000124
v 121.132973 -50.706123 -3.699443
v 55.738670 49.580681 -12.292608
v 0.000003 -24.602533 -18.435745
v 0.000001 -21.272545 0.000027
v 102.373337 7.439910 -21.688644
v 21.191673 -20.313698 -20.239697
v 2.014800 38.010914 -20.514719
v 101.395195 -32.283413 -12.639129
v 44.243713 -15.374043 -21.483435
v 62.070240 58.273945 -55.793686
v 167.334686 9.046465 -71.054260
v 208.618561 24.861019 -23.192610
v 42.321133 -17.994379 -14.348422
v 30.907360 -22.519989 -12.639129
v 44.243713 -15.374043 -23.112036
v 31.261953 -21.434217 -21.688644
v 21.191673 -20.313698 -12.639129
v 44.243713 -15.374043 -21.483435
v 62.070240 58.273945 -23.112036
v 31.261953 -21.434217 -23.192610
v 42.321133 -17.994379 -20.514719
v 101.395195 -32.283413 0.000042
v 102.876320 -13.135839 -0.000063
v 109.251854 95.644485 -26.643234
v 56.360756 26.076294 -26.643234
v 56.360756 26.076294 -20.239697
v 2.014800 38.010914 -19.338404
v -0.000004 68.260399 -10.707089
v 8.496137 58.763763 -9.952853
v -0.000002 65.541054 -16.858492
v 3.168589 32.699989 -9.830091
v 1.825420 37.161003 -10.054504
v 2.860737 32.700645 -13.317718
v 0.076286 26.804863 -20.239697
v 2.014800 38.010914 -17.980896
v -0.000002 40.027409 -9.830091
v 1.825420 37.161003 -8.566586
v -0.000003 38.834812 -21.838181
v 2.979131 33.570240 -27.088549
v 0.076287 28.799507 -28.278639
v 3.121221 35.375717 -9.952853
v -0.000002 65.541054 -16.858492
v 3.168589 32.699989 -9.830091
v 1.825420 37.161003 -8.566586
v -0.000003 38.834812 -9.952853
v -0.000002 65.541054 -10.707089
v 8.496137 58.763763 -16.947189
v 2.133174 37.226131 -17.980896
v -0.000002 40.027409 -10.707089
v 8.496137 58.763763 -26.832792
v 1.920100 39.317833 -16.947189
v 2.133174 37.226131 -26.832792
v 1.920100 39.317833 -27.927435
v -0.000006 41.287437 -19.338404
v -0.000004 68.260399 -9.952853
v -0.000002 65.541054 -27.927435
v -0.000006 41.287437 -19.338404
v -0.000004 68.260399 -14.099935
v -0.000002 69.970551 -19.338404
v -0.000004 68.260399 -9.952853
v -0.000002 65.541054 -17.788042
v 9.605455 55.938282 -24.062342
v 8.208323 60.793716 -26.805574
v 81.293694 -53.324615 -20.011024
v 79.786919 -65.723824 -29.012480
v 65.761620 -47.744289 -33.816498
v 3.041103 -59.131042 -27.044054
v 2.902132 -61.253593 -32.273884
v 1.866320 -54.496643 -25.340902
v 1.958953 -56.033081 -29.124084
v 8.253849 -30.059435 -28.278639
v 3.121221 35.375717 -14.363599
v 1.773726 -57.032261 -21.804436
v 3.087440 -62.276691 -14.623402
v 2.786361 -62.275921 -20.514719
v 101.395195 -32.283413 -20.514719
v 101.395195 -32.283413 -20.514719
v 101.395195 -32.283413 -13.089963
v 47.738678 -44.882442 -21.876316
v 2.074726 -56.955708 -17.388716
v 98.512573 -0.372297 -19.683640
v 104.799789 8.659282 -11.845903
v 124.276733 -19.878609 -55.793686
v 167.334686 9.046465 -14.523836
v 97.278793 -14.214947 -23.460438
v 111.205414 18.958649 -31.456982
v 119.569099 24.136599 -13.221269
v 9.483648 -34.964260 -22.104786
v 10.370162 -35.050949 -23.460438
v 111.205414 18.958649 -11.845903
v 124.276733 -19.878609 -27.721491
v 146.781464 0.267662 -17.610401
v 139.903656 -4.749810 -55.793686
v 167.334686 9.046465 -27.721491
v 146.781464 0.267662 -27.258596
v 146.892166 -3.847426 -20.043621
v 142.012802 -7.139000 -21.669218
v 156.214264 -11.224372 -21.669218
v 156.214264 -11.224372 -32.091717
v 143.973312 -9.365345 -27.258596
v 146.892166 -3.847426 -24.549061
v 139.357239 -12.762166 -32.091717
v 143.973312 -9.365345 -24.549061
v 139.357239 -12.762166 -20.043621
v 142.012802 -7.139000 -21.669218
v 156.214264 -11.224372 -20.043621
v 142.012802 -7.139000 -11.845903
v 124.276733 -19.878609 -71.054260
v 208.618561 24.861019 -70.879562
v 201.644928 36.475838 -99.095589
v 242.964813 39.779144 -84.348251
v 224.417572 35.258518 -71.054260
v 208.618561 24.861019 -19.683640
v 104.799789 8.659282 -23.460438
v 111.205414 18.958649 -26.031149
v 116.765320 -85.974953 -14.523836
v 97.278793 -14.214947 -14.523836
v 97.278793 -14.214947 -10.631780
v 109.259590 -32.368137 -14.523836
v 97.278793 -14.214947 -16.066891
v 135.393784 -7.717187 -19.625664
v 109.749702 -51.034607 -10.542173
v 117.479004 -49.943165 0.000130
v 78.617378 -79.255501 0.000123
v 70.997307 -76.880798 0.000156
v 134.621658 -71.189796 0.000174
v 137.014252 -89.002098 -9.587713
v 80.765091 -75.478638 -11.483999
v 73.425133 -70.750183 -26.031149
v 116.765320 -85.974953 0.000151
v 83.217659 -90.689102 0.000124
v 121.132973 -50.706123 -14.846623
v 105.736259 -101.907822 0.000187
v 122.929306 -112.723022 0.000185
v 132.769409 -103.523224 -21.384247
v 108.222740 -94.342140 0.000185
v 117.139656 -114.041092 -20.011024
v 79.786919 -65.723824 -27.388592
v 75.345428 -55.835831 -29.814623
v 82.572998 -52.672821 -23.808001
v 107.740974 -88.389297 -24.438137
v 105.457573 -83.071762 -23.571621
v 94.286148 -80.523689 -5.413421
v 115.240402 -111.849350 0.000185
v 117.139656 -114.041092 0.000189
v 107.593140 -124.318481 0.000186
v 94.625656 -130.426498 0.000176
v 74.688393 -133.104080 -25.921640
v 128.731415 -89.769165 0.000173
v 84.315636 -123.527115 -14.846623
v 105.736259 -101.907822 -21.384247
v 108.222740 -94.342140 -23.571621
v 94.286148 -80.523689 -25.921640
v 128.731415 -89.769165 -23.571621
v 94.286148 -80.523689 -20.011024
v 79.786919 -65.723824 -25.509018
v 93.038795 -58.937050 -20.239950
v 87.048439 -73.232742 -8.673870
v 85.865891 -87.939362 -19.116901
v 89.498863 -84.448608 -23.571621
v 94.286148 -80.523689 -26.031149
v 116.765320 -85.974953 -24.438137
v 105.457573 -83.071762 -24.438137
v 105.457573 -83.071762 -26.031149
v 116.765320 -85.974953 -23.571621
v 94.286148 -80.523689 -9.441140
v 108.103752 -108.818634 -25.921640
v 128.731415 -89.769165 -23.808001
v 107.740974 -88.389297 -25.921640
v 128.731415 -89.769165 -26.031149
v 116.765320 -85.974953 -25.921640
v 128.731415 -89.769165 0.000171
v 87.370377 -118.527214 -25.509018
v 93.038795 -58.937050 -14.846623
v 105.736259 -101.907822 -9.441140
v 108.103752 -108.818634 -21.384247
v 108.222740 -94.342140 -11.483999
v 73.425133 -70.750183 -9.441140
v 108.103752 -108.818634 -5.413421
v 115.240402 -111.849350 -25.921640
v 128.731415 -89.769165 -25.921640
v 128.731415 -89.769165 -71.054260
v 208.618561 24.861019 -19.116901
v 89.498863 -84.448608 0.000190
v 81.860016 -119.960182 0.000171
v 82.031761 -104.066177 -23.305029
v 96.455070 -92.689850 -8.673870
v 85.865891 -87.939362 -8.673870
v 85.865891 -87.939362 -19.116901
v 89.498863 -84.448608 -23.388056
v 90.652512 -88.726410 -27.040501
v 95.386818 -86.424332 -19.116901
v 89.498863 -84.448608 0.000151
v 83.217659 -90.689102 -8.673870
v 85.865891 -87.939362 0.000144
v 91.971451 -85.873024 -8.182343
v 86.084106 -114.581848 -15.874413
v 91.565239 -101.396103 -23.305029
v 96.455070 -92.689850 0.000190
v 81.860016 -119.960182 0.000001
v 115.004478 -84.249924 10.162790
v 91.544449 -114.376930 0.000171
v 87.370377 -118.527214 19.009918
v 92.982742 -100.122528 -19.009914
v 92.982742 -100.122520 -10.162787
v 91.544449 -114.376930 0.000001
v 115.004478 -84.249924 23.305021
v 96.455070 -92.689850 -23.305029
v 96.455070 -92.689850 0.943436

vt 0.003731 0.216491
vt 0.153863 0.050144
vt 0.135784 0.932612
vt 0.878394 0.018273
vt 0.137959 0.298126
vt 0.365619 0.034226
vt 0.998267 0.974708
vt 0.402694 0.113760
vt 0.957882 0.306291
vt 0.138305 0.281233
vt 0.110250 0.814141
vt 0.418735 0.877562
vt 0.586824 0.424835
vt 0.881089 0.113931
vt 0.899887 0.629981
vt 0.575635 0.716558
vt 0.404550 0.243771
vt 0.283948 0.173992
vt 0.809350 0.255427
vt 0.386776 0.314024
vt 0.440528 0.046664
vt 0.961128 0.072614
vt 0.460286 0.048843
vt 0.249321 0.189682
vt 0.094065 0.081326
vt 0.116390 0.161299
vt 0.908942 0.863908
vt 0.002026 0.588763
vt 0.519997 0.642141
vt 0.468047 0.310597
vt 0.698578 0.753259
vt 0.770704 0.660446
vt 0.639165 0.626574
vt 0.479340 0.746345
vt 0.829528 0.645437
vt 0.442649 0.351650
vt 0.698804 0.578446
vt 0.514485 0.609949
vt 0.442219 0.628325
vt 0.432169 0.596717
vt 0.446597 0.594145
vt 0.419718 0.592799
vt 0.486853 0.397634
vt 0.679460 0.590784
vt 0.502707 0.560024
vt 0.486075 0.571019
vt 0.474620 0.544460
vt 0.495908 0.543571
vt 0.464945 0.622586
vt 0.472088 0.637262
vt 0.460491 0.354627
vt 0.684492 0.313773
vt 0.577694 0.980888
vt 0.614048 0.525212
vt 0.132592 0.624393
vt 0.355358 0.517433
vt 0.427428 0.032016
vt 0.221036 0.952284
vt 0.571559 0.708524
vt 0.186475 0.056811
vt 0.235344 0.955850
vt 0.407955 0.628944
vt 0.123789 0.008148
vt 0.873903 0.712901
vt 0.113186 0.629452
vt 0.063073 0.025799
vt 0.883009 0.076802
vt 0.877595 0.851364
vt 0.630162 0.944562
vt 0.600185 0.929521
vt 0.025358 0.711865
vt 0.763747 0.730603
vt 0.684710 0.895573
vt 0.489447 0.832725
vt 0.480123 0.031301
vt 0.749578 0.791817
vt 0.703906 0.480838
vt 0.062367 0.784570
vt 0.508853 0.774305
vt 0.474281 0.837668
vt 0.527374 0.375049
vt 0.882574 0.032038
vt 0.475266 0.055666
vt 0.468071 0.401094
vt 0.669619 0.066349
vt 0.289238 0.044793
vt 0.265521 0.023374
vt 0.269754 0.946268
vt 0.918843 0.819051
vt 0.575637 0.971229
vt 0.921415 0.772008
vt 0.728761 0.911325
vt 0.662893 0.543571
vt 0.464945 0.045479
vt 0.305514 0.991880
vt 0.584251 0.514336
vt 0.872133 0.597030
vt 0.756381 0.991262
vt 0.920242 0.020125
vt 0.318690 0.967553
vt 0.872440 0.646380
vt 0.775644 0.051351
vt 0.307319 0.595566
vt 0.786916 0.598598
vt 0.507426 0.544460
vt 0.495908 0.378807
vt 0.709869 0.703912
vt 0.777515 0.677995
vt 0.775532 0.638005
vt 0.784997 0.632187
vt 0.853793 0.055442
vt 0.302307 0.710589
vt 0.830712 0.626574
vt 0.479340 0.664535
vt 0.844311 0.560024
vt 0.486075 0.070625
vt 0.242099 0.680678
vt 0.852192 0.735447
vt 0.823568 0.719048
vt 0.933695 0.786043
vt 0.921163 0.825800
vt 0.897628 0.788761
vt 0.905033 0.687620
vt 0.909496 0.623412
vt 0.914294 0.655759
vt 0.926520 0.052968
vt 0.280406 0.011418
vt 0.754273 0.518391
vt 0.354550 0.865264
vt 0.099939 0.694565
vt 0.601827 0.961208
vt 0.176619 0.908745
vt 0.160555 0.818546
vt 0.146407 0.816184
vt 0.994354 0.056326
vt 0.258455 0.823551
vt 0.207045 0.295798
vt 0.010758 0.685445
vt 0.519053 0.731450
vt 0.188973 0.263211
vt 0.249926 0.918803
vt 0.212586 0.194779
vt 0.003881 0.992092
vt 0.273874 0.262365
vt 0.867877 0.752174
vt 0.087160 0.665919
vt 0.555311 0.232548
vt 0.040406 0.835779
vt 0.127217 0.612215
vt 0.495255 0.893578
vt 0.548581 0.859857
vt 0.135400 0.588763
vt 0.519997 0.439238
vt 0.470616 0.816491
vt 0.144081 0.951502
vt 0.502928 0.642141
vt 0.468047 0.757589
vt 0.439744 0.796402
vt 0.087317 0.865894
vt 0.145598 0.653111
vt 0.461867 0.809793
vt 0.111973 0.936570
vt 0.161287 0.735370
vt 0.580016 0.652557
vt 0.535178 0.579639
vt 0.529445 0.850957
vt 0.099251 0.590784
vt 0.502707 0.426065
vt 0.081256 0.763669
vt 0.559528 0.731936
vt 0.067209 0.425886
vt 0.178279 0.691127
vt 0.680011 0.631178
vt 0.269646 0.310597
vt 0.698578 0.631818
vt 0.631977 0.850655
vt 0.021402 0.293718
vt 0.600619 0.340604
vt 0.175265 0.579639
vt 0.529445 0.774462
vt 0.117555 0.745929
vt 0.722293 0.367257
vt 0.691432 0.652031
vt 0.689869 0.679102
vt 0.708131 0.594145
vt 0.419718 0.652557
vt 0.535178 0.897945
vt 0.335223 0.617309
vt 0.682779 0.598598
vt 0.507426 0.630112
vt 0.683957 0.664873
vt 0.704801 0.653111
vt 0.461867 0.397634
vt 0.679460 0.707767
vt 0.718658 0.355755
vt 0.718388 0.730639
vt 0.270812 0.323177
vt 0.724700 0.914672
vt 0.270979 0.609949
vt 0.442219 0.578446
vt 0.514485 0.351650
vt 0.698804 0.318174
vt 0.704902 0.637262
vt 0.460491 0.637540
vt 0.762526 0.790932
vt 0.773070 0.622586
vt 0.472088 0.660446
vt 0.639165 0.354627
vt 0.684492 0.559475
vt 0.543718 0.612215
vt 0.495255 0.629981
vt 0.575635 0.813923
vt 0.281240 0.632438
vt 0.190857 0.340985
vt 0.527899 0.898544
vt 0.048147 0.995158
vt 0.103409 0.518818
vt 0.271070 0.445558
vt 0.282205 0.793831
vt 0.608063 0.321713
vt 0.410426 0.810127
vt 0.355068 0.716584
vt 0.344006 0.635027
vt 0.410774 0.367981
vt 0.274283 0.524525
vt 0.193233 0.897811
vt 0.402724 0.003195
vt 0.017950 0.915949
vt 0.038012 0.310259
vt 0.258194 0.003201
vt 0.999424 0.172017
vt 0.869918 0.134452
vt 0.484141 0.233593
vt 0.786341 0.136593
vt 0.840978 0.257983
vt 0.702093 0.292984
vt 0.458002 0.464384
vt 0.701124 0.280089
vt 0.644754 0.084852
vt 0.913283 0.263265
vt 0.518184 0.087855
vt 0.766182 0.305507
vt 0.543582 0.160419
vt 0.768432 0.179718
vt 0.663463 0.187371
vt 0.763916 0.424936
vt 0.880736 0.530351
vt 0.744555 0.374383
vt 0.943276 0.416020
vt 0.944910 0.514089
vt 0.926431 0.557390
vt 0.913955 0.885346
vt 0.738831 0.416108
vt 0.699598 0.485773
vt 0.734890 0.407243
vt 0.998789 0.878324
vt 0.728738 0.446942
vt 0.990900 0.948930
vt 0.728030 0.895214
vt 0.776242 0.489755
vt 0.965908 0.504631
vt 0.765032 0.448815
vt 0.787395 0.424713
vt 0.882419 0.499800
vt 0.516053 0.476780
vt 0.848724 0.505438
vt 0.764955 0.843055
vt 0.788282 0.546174
vt 0.798738 0.821625
vt 0.832483 0.520648
vt 0.713372 0.881179
vt 0.907994 0.541811
vt 0.989741 0.936491
vt 0.718299 0.471400
vt 0.778714 0.518072
vt 0.659601 0.543633
vt 0.581461 0.247307
vt 0.928791 0.325705
vt 0.945625 0.494467
vt 0.530494 0.259880
vt 0.990597 0.247615
vt 0.930205 0.261000
vt 0.989212 0.920663
vt 0.903278 0.324629
vt 0.945810 0.247576
vt 0.929049 0.963592
vt 0.753433 0.917049
vt 0.734082 0.933341
vt 0.753944 0.524551
vt 0.584316 0.328080
vt 0.755618 0.478443
vt 0.594057 0.457614
vt 0.563076 0.480047
vt 0.537414 0.393816
vt 0.847580 0.431031
vt 0.600737 0.448195
vt 0.487443 0.259952
vt 0.990693 0.883598
vt 0.806774 0.403439
vt 0.561699 0.418511
vt 0.801838 0.794302
vt 0.841129 0.433467
vt 0.521874 0.924057
vt 0.790640 0.393788
vt 0.848328 0.909090
vt 0.750764 0.417820
vt 0.487891 0.509043
vt 0.590998 0.561422
vt 0.726975 0.523573
vt 0.486333 0.325443
vt 0.946049 0.370242
vt 0.776528 0.418935
vt 0.801645 0.419268
vt 0.801140 0.415456
vt 0.943614 0.814640
vt 0.778958 0.905101
vt 0.714136 0.835836
vt 0.895550 0.552847
vt 0.621774 0.892781
vt 0.846852 0.461937
vt 0.663440 0.923349
vt 0.766773 0.927531
vt 0.692687 0.881036
vt 0.769517 0.898394
vt 0.965478 0.845475
vt 0.876744 0.212621
vt 0.118482 0.289627
vt 0.817723 0.881415
vt 0.849776 0.869771
vt 0.067141 0.600014
vt 0.728580 0.998137
vt 0.154342 0.531065
vt 0.010343 0.254705
vt 0.071281 0.310817
vt 0.010139 0.934686
vt 0.102779 0.636068
vt 0.014311 0.887430
vt 0.061690 0.835036
vt 0.043736 0.954461
vt 0.092102 0.714159
vt 0.026463 0.411515
vt 0.005931 0.576911
vt 0.592201 0.932612
vt 0.878394 0.936889
vt 0.824245 0.924057
vt 0.790640 0.953725
vt 0.860806 0.892781
vt 0.846852 0.934378
vt 0.797646 0.177714
vt 0.893556 0.201497
vt 0.858377 0.471912
vt 0.631362 0.496352
vt 0.635274 0.056564
vt 0.003731 0.216325
vt 0.153946 0.050144
vt 0.135784 0.019418
vt 0.138459 0.298126
vt 0.365619 0.034226
vt 0.998267 0.974708
vt 0.402694 0.113760
vt 0.957882 0.306291
vt 0.138305 0.281233
vt 0.110250 0.877562
vt 0.586824 0.424835
vt 0.881089 0.113931
vt 0.899887 0.629981
vt 0.575635 0.243606
vt 0.284031 0.173992
vt 0.809350 0.255262
vt 0.386859 0.314024
vt 0.440528 0.046664
vt 0.961128 0.072614
vt 0.460286 0.048843
vt 0.249321 0.189517
vt 0.094147 0.081326
vt 0.116390 0.161299
vt 0.908942 0.588763
vt 0.519997 0.642141
vt 0.468047 0.310597
vt 0.698578 0.753259
vt 0.770704 0.660446
vt 0.639165 0.626574
vt 0.479340 0.746345
vt 0.829528 0.645437
vt 0.442649 0.351650
vt 0.698804 0.578446
vt 0.514485 0.609949
vt 0.442219 0.628325
vt 0.432169 0.596717
vt 0.446597 0.594145
vt 0.419718 0.592799
vt 0.486853 0.397634
vt 0.679460 0.590784
vt 0.502707 0.560024
vt 0.486075 0.571019
vt 0.474620 0.544460
vt 0.495908 0.543571
vt 0.464945 0.622586
vt 0.472088 0.637262
vt 0.460491 0.354627
vt 0.684492 0.313773
vt 0.577694 0.980888
vt 0.614048 0.525212
vt 0.132592 0.624393
vt 0.355358 0.032016
vt 0.221036 0.952284
vt 0.571559 0.708524
vt 0.186475 0.056811
vt 0.235344 0.628944
vt 0.123789 0.007558
vt 0.873804 0.712901
vt 0.113186 0.629452
vt 0.063073 0.025799
vt 0.883009 0.076802
vt 0.877595 0.851364
vt 0.630162 0.944562
vt 0.600185 0.711865
vt 0.763747 0.730603
vt 0.684710 0.895573
vt 0.489447 0.832725
vt 0.480123 0.031301
vt 0.749578 0.791817
vt 0.703906 0.480838
vt 0.062367 0.784570
vt 0.508853 0.774305
vt 0.474281 0.837668
vt 0.527374 0.375049
vt 0.882574 0.032137
vt 0.474449 0.055666
vt 0.468071 0.401094
vt 0.669619 0.066349
vt 0.289238 0.044793
vt 0.265521 0.023374
vt 0.269754 0.946268
vt 0.918843 0.819051
vt 0.575637 0.971229
vt 0.921415 0.772008
vt 0.728761 0.911325
vt 0.662893 0.543571
vt 0.464945 0.045479
vt 0.305514 0.991880
vt 0.584251 0.514336
vt 0.872133 0.597030
vt 0.756381 0.991262
vt 0.920242 0.020125
vt 0.318690 0.967553
vt 0.872440 0.646380
vt 0.775644 0.051210
vt 0.307276 0.595566
vt 0.786916 0.598598
vt 0.507426 0.544460
vt 0.495908 0.378807
vt 0.709869 0.703912
vt 0.777515 0.677995
vt 0.775532 0.638005
vt 0.784997 0.632187
vt 0.853793 0.055442
vt 0.302307 0.710589
vt 0.830712 0.626574
vt 0.479340 0.664535
vt 0.844311 0.560024
vt 0.486075 0.070625
vt 0.242099 0.680678
vt 0.852192 0.735447
vt 0.823568 0.719048
vt 0.933695 0.786043
vt 0.921163 0.825800
vt 0.897628 0.788761
vt 0.905033 0.687620
vt 0.909496 0.623412
vt 0.914294 0.655759
vt 0.926520 0.053603
vt 0.279976 0.011418
vt 0.754273 0.518391
vt 0.354550 0.865264
vt 0.099939 0.694565
vt 0.601827 0.961208
vt 0.176619 0.908745
vt 0.160555 0.818546
vt 0.146407 0.816184
vt 0.994354 0.056326
vt 0.258455 0.823551
vt 0.207045 0.295798
vt 0.010758 0.685445
vt 0.519053 0.731450
vt 0.188973 0.263211
vt 0.249926 0.918803
vt 0.212586 0.194779
vt 0.003881 0.262365
vt 0.867877 0.752174
vt 0.087160 0.665919
vt 0.555311 0.232548
vt 0.040406 0.835779
vt 0.127217 0.612215
vt 0.495255 0.893578
vt 0.548581 0.859857
vt 0.135400 0.588763
vt 0.519997 0.816491
vt 0.144081 0.951502
vt 0.502928 0.642141
vt 0.468047 0.757589
vt 0.439744 0.796402
vt 0.087317 0.865894
vt 0.145598 0.653111
vt 0.461867 0.809793
vt 0.111973 0.936570
vt 0.161287 0.735370
vt 0.580016 0.652557
vt 0.535178 0.579639
vt 0.529445 0.850957
vt 0.099251 0.590784
vt 0.502707 0.426065
vt 0.081256 0.763669
vt 0.559528 0.731936
vt 0.067209 0.425886
vt 0.178279 0.691127
vt 0.680011 0.631178
vt 0.269646 0.310597
vt 0.698578 0.631818
vt 0.631977 0.850655
vt 0.021402 0.293718
vt 0.600619 0.340604
vt 0.175265 0.579639
vt 0.529445 0.774462
vt 0.117555 0.745929
vt 0.722293 0.367257
vt 0.691432 0.652031
vt 0.689869 0.679102
vt 0.708131 0.594145
vt 0.419718 0.652557
vt 0.535178 0.897945
vt 0.335223 0.617309
vt 0.682779 0.598598
vt 0.507426 0.630112
vt 0.683957 0.664873
vt 0.704801 0.653111
vt 0.461867 0.397634
vt 0.679460 0.707767
vt 0.718658 0.355755
vt 0.718388 0.730639
vt 0.270812 0.323177
vt 0.724700 0.914672
vt 0.270979 0.609949
vt 0.442219 0.578446
vt 0.514485 0.351650
vt 0.698804 0.318174
vt 0.704902 0.637262
vt 0.460491 0.637540
vt 0.762526 0.790932
vt 0.773070 0.622586
vt 0.472088 0.660446
vt 0.639165 0.354627
vt 0.684492 0.559475
vt 0.543718 0.612215
vt 0.495255 0.629981
vt 0.575635 0.813923
vt 0.281240 0.632438
vt 0.190857 0.898544
vt 0.048147 0.518818
vt 0.271070 0.445558
vt 0.282205 0.793831
vt 0.608063 0.321713
vt 0.410426 0.810127
vt 0.355068 0.716584
vt 0.344006 0.367981
vt 0.274283 0.524525
vt 0.193233 0.003195
vt 0.017950 0.915949
vt 0.038012 0.310259
vt 0.258194 0.003035
vt 0.999507 0.172017
vt 0.869918 0.134287
vt 0.484224 0.233593
vt 0.786341 0.136593
vt 0.840978 0.257983
vt 0.702093 0.292984
vt 0.458002 0.464384
vt 0.701124 0.280089
vt 0.644754 0.084852
vt 0.913283 0.263265
vt 0.518184 0.087690
vt 0.766265 0.305507
vt 0.543582 0.160419
vt 0.768432 0.179718
vt 0.663463 0.187371
vt 0.763916 0.424936
vt 0.880736 0.530351
vt 0.744555 0.374383
vt 0.943276 0.416020
vt 0.944910 0.514089
vt 0.926431 0.557390
vt 0.913955 0.885346
vt 0.738831 0.416108
vt 0.699598 0.485773
vt 0.734890 0.407243
vt 0.998789 0.878324
vt 0.728738 0.446942
vt 0.990900 0.948930
vt 0.728030 0.895214
vt 0.776242 0.489755
vt 0.965908 0.504631
vt 0.765032 0.448815
vt 0.787395 0.424713
vt 0.882419 0.499800
vt 0.516053 0.476780
vt 0.848724 0.505438
vt 0.764955 0.843055
vt 0.788282 0.546174
vt 0.798738 0.821625
vt 0.832483 0.520648
vt 0.713372 0.881179
vt 0.907994 0.541811
vt 0.989741 0.936491
vt 0.718299 0.471400
vt 0.778714 0.518072
vt 0.659601 0.543633
vt 0.581461 0.247307
vt 0.928791 0.325705
vt 0.945625 0.494467
vt 0.530494 0.259880
vt 0.990597 0.247615
vt 0.930205 0.261000
vt 0.989212 0.324629
vt 0.945810 0.247576
vt 0.929049 0.963592
vt 0.753433 0.917049
vt 0.734082 0.933341
vt 0.753944 0.524551
vt 0.584316 0.478443
vt 0.594057 0.457614
vt 0.563076 0.480047
vt 0.537414 0.393816
vt 0.847580 0.431031
vt 0.600737 0.259952
vt 0.990693 0.883598
vt 0.806774 0.403439
vt 0.561699 0.418511
vt 0.801838 0.433467
vt 0.521874 0.924057
vt 0.790640 0.393788
vt 0.848328 0.909090
vt 0.750764 0.509043
vt 0.590998 0.561422
vt 0.726975 0.325443
vt 0.946049 0.370242
vt 0.776528 0.418935
vt 0.801645 0.419268
vt 0.801140 0.415456
vt 0.943614 0.814640
vt 0.778958 0.905101
vt 0.714136 0.552847
vt 0.621774 0.892781
vt 0.846852 0.461937
vt 0.663440 0.923349
vt 0.766773 0.927531
vt 0.692687 0.881036
vt 0.769517 0.845475
vt 0.876744 0.881415
vt 0.849776 0.936889
vt 0.824245 0.924057
vt 0.790640 0.892781
vt 0.846852 0.934378
vt 0.797646 0.471912
vt 0.631362 0.496352
vt 0.635274 0.591610
vt 0.845514 0.752174
vt 0.087160 0.741342
vt 0.121580 0.120124
vt 0.024206 0.189790
vt 0.065527 0.243370
vt 0.222057 0.216491
vt 0.153863 0.243771
vt 0.283948 0.243370
vt 0.222057 0.518022
vt 0.658654 0.464411
vt 0.700932 0.424835
vt 0.881089 0.375049
vt 0.882574 0.556164
vt 0.860645 0.514336
vt 0.872133 0.375771
vt 0.882258 0.262317
vt 0.867336 0.468051
vt 0.881526 0.424835
vt 0.881089 0.514336
vt 0.872133 0.468051
vt 0.881526 0.463624
vt 0.704224 0.418935
vt 0.801645 0.418792
vt 0.801278 0.375072
vt 0.882514 0.375049
vt 0.882574 0.261882
vt 0.867879 0.374640
vt 0.882586 0.262365
vt 0.867877 0.741342
vt 0.121580 0.752174
vt 0.087160 0.189790
vt 0.065527 0.120124
vt 0.024206 0.216325
vt 0.153946 0.243205
vt 0.222140 0.243205
vt 0.222140 0.243606
vt 0.284031 0.464411
vt 0.700932 0.518022
vt 0.658654 0.375049
vt 0.882574 0.424835
vt 0.881089 0.514336
vt 0.872133 0.556164
vt 0.860645 0.262317
vt 0.867336 0.375771
vt 0.882258 0.424835
vt 0.881089 0.468051
vt 0.881526 0.468051
vt 0.881526 0.514336
vt 0.872133 0.418935
vt 0.801645 0.463624
vt 0.704224 0.375072
vt 0.882514 0.418792
vt 0.801278 0.261882
vt 0.867879 0.375049
vt 0.882574 0.262365
vt 0.867877 0.374640
vt 0.882586 0.375072
vt 0.882514 0.329047
vt 0.471696 0.052968
vt 0.280406 0.375771
vt 0.882258 0.120124
vt 0.024206 0.232548
vt 0.040406 0.774462
vt 0.117555 0.134813
vt 0.484006 0.463624
vt 0.704224 0.424936
vt 0.880736 0.416020
vt 0.944910 0.557390
vt 0.913955 0.504631
vt 0.765032 0.448815
vt 0.787395 0.247615
vt 0.930205 0.247576
vt 0.929049 0.325443
vt 0.946049 0.418853
vt 0.801640 0.375072
vt 0.882514 0.329047
vt 0.471696 0.053603
vt 0.279976 0.375771
vt 0.882258 0.120124
vt 0.024206 0.232548
vt 0.040406 0.774462
vt 0.117555 0.134813
vt 0.484006 0.463624
vt 0.704224 0.424936
vt 0.880736 0.416020
vt 0.944910 0.557390
vt 0.913955 0.504631
vt 0.765032 0.448815
vt 0.787395 0.247615
vt 0.930205 0.247576
vt 0.929049 0.325443
vt 0.946049 0.418853
vt 0.801640 0.375049
vt 0.882574 0.052968
vt 0.280406 0.228055
vt 0.172282 0.942323
vt 0.334674 0.448815
vt 0.787395 0.375049
vt 0.882574 0.053603
vt 0.279976 0.228055
vt 0.172282 0.942323
vt 0.334674 0.448815
vt 0.787395 0.375049
vt 0.882574 0.375049
vt 0.882574 0.009343
vt 0.244989 0.048263
vt 0.260955 0.055545
vt 0.944731 0.055545
vt 0.944731 0.048263
vt 0.260955 0.257502
vt 0.386193 0.255788
vt 0.386641 0.076441
vt 0.877730 0.046303
vt 0.961263 0.939017
vt 0.994378 0.738978
vt 0.684081 0.789818
vt 0.699177 0.764996
vt 0.654996 0.963292
vt 0.997536 0.009343
vt 0.244989 0.323177
vt 0.724700 0.343833
vt 0.748146 0.355755
vt 0.718388 0.726297
vt 0.555161 0.009343
vt 0.244989 0.005323
vt 0.310807 0.378807
vt 0.709869 0.407977
vt 0.726427 0.408021
vt 0.695801 0.323177
vt 0.724700 0.318174
vt 0.704902 0.669973
vt 0.444501 0.593060
vt 0.473711 0.605684
vt 0.473464 0.593060
vt 0.473711 0.557530
vt 0.529364 0.559475
vt 0.543718 0.557530
vt 0.529364 0.605684
vt 0.473464 0.378807
vt 0.709869 0.367257
vt 0.691432 0.346907
vt 0.583323 0.346907
vt 0.583323 0.557530
vt 0.529364 0.346907
vt 0.583323 0.628325
vt 0.432169 0.645437
vt 0.442649 0.605684
vt 0.473464 0.596717
vt 0.446597 0.422422
vt 0.366196 0.816007
vt 0.676203 0.738695
vt 0.543473 0.729696
vt 0.993930 0.629533
vt 0.993438 0.816007
vt 0.676203 0.937571
vt 0.678514 0.861480
vt 0.730750 0.795358
vt 0.705738 0.816007
vt 0.676203 0.861480
vt 0.730750 0.729696
vt 0.993930 0.629533
vt 0.993438 0.589022
vt 0.993239 0.758691
vt 0.517545 0.694635
vt 0.470583 0.428907
vt 0.425467 0.428907
vt 0.425467 0.422422
vt 0.366196 0.571019
vt 0.474620 0.592799
vt 0.486853 0.694635
vt 0.470583 0.891885
vt 0.444489 0.031360
vt 0.474973 0.937571
vt 0.678514 0.857958
vt 0.994559 0.753818
vt 0.536515 0.589022
vt 0.993239 0.689904
vt 0.993735 0.428907
vt 0.425467 0.671930
vt 0.631653 0.760476
vt 0.648618 0.830033
vt 0.434037 0.891885
vt 0.444489 0.263211
vt 0.249926 0.279851
vt 0.320870 0.417982
vt 0.052405 0.753052
vt 0.012077 0.559475
vt 0.543718 0.669973
vt 0.444501 0.738695
vt 0.543473 0.643140
vt 0.582927 0.725852
vt 0.691033 0.816184
vt 0.994354 0.857958
vt 0.994559 0.816184
vt 0.994354 0.514661
vt 0.060965 0.760476
vt 0.648618 0.830033
vt 0.434037 0.346764
vt 0.073082 0.514661
vt 0.060965 0.632697
vt 0.626403 0.559475
vt 0.543718 0.346764
vt 0.073082 0.417982
vt 0.052405 0.732570
vt 0.020730 0.753052
vt 0.012077 0.691127
vt 0.680011 0.725852
vt 0.691033 0.753818
vt 0.536515 0.346764
vt 0.073082 0.753052
vt 0.012077 0.758691
vt 0.517545 0.005533
vt 0.872005 0.373571
vt 0.091250 0.346764
vt 0.073082 0.417982
vt 0.052405 0.753818
vt 0.536515 0.726297
vt 0.555161 0.514661
vt 0.060965 0.671930
vt 0.631653 0.643140
vt 0.582927 0.816184
vt 0.994354 0.689904
vt 0.993735 0.816184
vt 0.994354 0.753052
vt 0.012077 0.774911
vt 0.002051 0.373571
vt 0.091250 0.417982
vt 0.052405 0.514661
vt 0.060965 0.310259
vt 0.258194 0.279851
vt 0.320870 0.301098
vt 0.366048 0.891885
vt 0.444489 0.671930
vt 0.631653 0.760476
vt 0.648618 0.738522
vt 0.672237 0.689904
vt 0.993735 0.694635
vt 0.470583 0.700254
vt 0.435848 0.760476
vt 0.648618 0.592799
vt 0.486853 0.422422
vt 0.366196 0.514661
vt 0.060965 0.629533
vt 0.993438 0.031360
vt 0.474973 0.011265
vt 0.754483 0.795358
vt 0.705738 0.861480
vt 0.730750 0.839145
vt 0.775044 0.816007
vt 0.676203 0.760476
vt 0.648618 0.514661
vt 0.060965 0.629533
vt 0.993438 0.816007
vt 0.676203 0.861480
vt 0.730750 0.422422
vt 0.366196 0.736406
vt 0.126754 0.736406
vt 0.126754 0.592799
vt 0.486853 0.632697
vt 0.626403 0.738695
vt 0.543473 0.685445
vt 0.519053 0.596717
vt 0.446597 0.645437
vt 0.442649 0.628325
vt 0.432169 0.343833
vt 0.748146 0.592799
vt 0.486853 0.593060
vt 0.473711 0.645437
vt 0.442649 0.669973
vt 0.444501 0.571019
vt 0.474620 0.407977
vt 0.726427 0.408021
vt 0.695801 0.293718
vt 0.600619 0.596717
vt 0.446597 0.645437
vt 0.442649 0.669973
vt 0.444501 0.738695
vt 0.543473 0.685445
vt 0.519053 0.605684
vt 0.473464 0.593060
vt 0.473711 0.685445
vt 0.519053 0.557530
vt 0.529364 0.605684
vt 0.473464 0.557530
vt 0.529364 0.401094
vt 0.669619 0.346907
vt 0.583323 0.293718
vt 0.600619 0.401094
vt 0.669619 0.346907
vt 0.583323 0.346907
vt 0.583323 0.313773
vt 0.577694 0.293718
vt 0.600619 0.725852
vt 0.691033 0.691127
vt 0.680011 0.378807
vt 0.709869 0.408021
vt 0.695801 0.557530
vt 0.529364 0.367257
vt 0.691432 0.726297
vt 0.555161 0.408021
vt 0.695801 0.318174
vt 0.704902 0.323177
vt 0.724700 0.355755
vt 0.718388 0.422422
vt 0.366196 0.422422
vt 0.366196 0.422422
vt 0.366196 0.346764
vt 0.073082 0.605684
vt 0.473464 0.216852
vt 0.153728 0.190043
vt 0.093930 0.013623
vt 0.136564 0.031360
vt 0.474973 0.134937
vt 0.043624 0.244132
vt 0.283813 0.243731
vt 0.221922 0.753818
vt 0.536515 0.757824
vt 0.517697 0.243731
vt 0.221922 0.013623
vt 0.136564 0.005323
vt 0.310807 0.009343
vt 0.244989 0.031360
vt 0.474973 0.005323
vt 0.310807 0.917170
vt 0.986011 0.897659
vt 0.975502 0.928797
vt 0.910832 0.928797
vt 0.910832 0.963292
vt 0.997536 0.998413
vt 0.995040 0.939017
vt 0.994378 0.963292
vt 0.997536 0.939017
vt 0.994378 0.917170
vt 0.986011 0.917170
vt 0.986011 0.928797
vt 0.910832 0.013623
vt 0.136564 0.011265
vt 0.754483 0.088216
vt 0.766047 0.003562
vt 0.999289 0.005533
vt 0.872005 0.011265
vt 0.754483 0.254088
vt 0.312972 0.257502
vt 0.386193 0.464411
vt 0.700932 0.134937
vt 0.043624 0.005912
vt 0.019874 0.134576
vt 0.043759 0.134576
vt 0.043759 0.048263
vt 0.260955 0.468051
vt 0.881526 0.514336
vt 0.872133 0.262317
vt 0.867336 0.262365
vt 0.867877 0.288463
vt 0.818265 0.464411
vt 0.700932 0.556164
vt 0.860645 0.371103
vt 0.615648 0.410382
vt 0.661996 0.374640
vt 0.882586 0.902223
vt 0.705149 0.329109
vt 0.758070 0.410794
vt 0.732752 0.415471
vt 0.519184 0.786743
vt 0.785337 0.518022
vt 0.658654 0.410382
vt 0.661996 0.371103
vt 0.615648 0.976099
vt 0.715168 0.518022
vt 0.658654 0.976099
vt 0.715168 0.375049
vt 0.882574 0.261882
vt 0.867879 0.306199
vt 0.789055 0.327410
vt 0.756678 0.976099
vt 0.715168 0.986645
vt 0.764122 0.329109
vt 0.758070 0.418853
vt 0.801640 0.464411
vt 0.700932 0.410794
vt 0.732752 0.410794
vt 0.732752 0.464411
vt 0.700932 0.976099
vt 0.715168 0.379448
vt 0.552961 0.518022
vt 0.658654 0.902223
vt 0.705149 0.518022
vt 0.658654 0.518022
vt 0.658654 0.464411
vt 0.700932 0.375049
vt 0.882574 0.371103
vt 0.615648 0.379448
vt 0.552961 0.410382
vt 0.661996 0.375771
vt 0.882258 0.379448
vt 0.552961 0.415471
vt 0.519184 0.518022
vt 0.658654 0.518022
vt 0.658654 0.011265
vt 0.754483 0.986645
vt 0.764122 0.933341
vt 0.753944 0.994909
vt 0.805116 0.986645
vt 0.764122 0.994909
vt 0.805116 0.963592
vt 0.753433 0.948930
vt 0.728030 0.986645
vt 0.764122 0.994909
vt 0.805116 0.998430
vt 0.838815 0.149834
vt 0.996225 0.208718
vt 0.962598 0.242601
vt 0.938441 0.107247
vt 0.997790 0.009343
vt 0.244989 0.048517
vt 0.260137 0.055545
vt 0.944731 0.055545
vt 0.944731 0.048517
vt 0.260137 0.257502
vt 0.386193 0.255788
vt 0.386641 0.076276
vt 0.877813 0.046138
vt 0.961346 0.998137
vt 0.154342 0.939017
vt 0.994378 0.789818
vt 0.699177 0.738978
vt 0.684081 0.764996
vt 0.654996 0.963292
vt 0.997536 0.009343
vt 0.244989 0.343833
vt 0.748146 0.323177
vt 0.724700 0.355755
vt 0.718388 0.726297
vt 0.555161 0.009343
vt 0.244989 0.005323
vt 0.310807 0.407977
vt 0.726427 0.378807
vt 0.709869 0.408021
vt 0.695801 0.323177
vt 0.724700 0.318174
vt 0.704902 0.669973
vt 0.444501 0.593060
vt 0.473711 0.605684
vt 0.473464 0.593060
vt 0.473711 0.557530
vt 0.529364 0.559475
vt 0.543718 0.557530
vt 0.529364 0.605684
vt 0.473464 0.378807
vt 0.709869 0.367257
vt 0.691432 0.346907
vt 0.583323 0.346907
vt 0.583323 0.557530
vt 0.529364 0.346907
vt 0.583323 0.628325
vt 0.432169 0.645437
vt 0.442649 0.605684
vt 0.473464 0.596717
vt 0.446597 0.714159
vt 0.026463 0.517433
vt 0.427428 0.422422
vt 0.366196 0.816007
vt 0.676203 0.929521
vt 0.025358 0.863908
vt 0.002026 0.738695
vt 0.543473 0.729696
vt 0.993930 0.629533
vt 0.993438 0.816007
vt 0.676203 0.937571
vt 0.678514 0.861480
vt 0.730750 0.816007
vt 0.676203 0.795358
vt 0.705738 0.861480
vt 0.730750 0.897811
vt 0.402724 0.955850
vt 0.407955 0.254705
vt 0.071281 0.212621
vt 0.118482 0.729696
vt 0.993930 0.589022
vt 0.993239 0.629533
vt 0.993438 0.758691
vt 0.517545 0.694635
vt 0.470583 0.428907
vt 0.425467 0.439238
vt 0.470616 0.992092
vt 0.273874 0.428907
vt 0.425467 0.422422
vt 0.366196 0.571019
vt 0.474620 0.592799
vt 0.486853 0.694635
vt 0.470583 0.934686
vt 0.102779 0.954461
vt 0.092102 0.891885
vt 0.444489 0.031360
vt 0.474973 0.937571
vt 0.678514 0.624393
vt 0.355358 0.716584
vt 0.344006 0.635027
vt 0.410774 0.716558
vt 0.404550 0.857958
vt 0.994559 0.753818
vt 0.536515 0.589022
vt 0.993239 0.689904
vt 0.993735 0.995158
vt 0.103409 0.428907
vt 0.425467 0.671930
vt 0.631653 0.760476
vt 0.648618 0.814141
vt 0.418735 0.830033
vt 0.434037 0.891885
vt 0.444489 0.279851
vt 0.320870 0.411515
vt 0.005931 0.531065
vt 0.010343 0.417982
vt 0.052405 0.753052
vt 0.012077 0.559475
vt 0.543718 0.669973
vt 0.444501 0.738695
vt 0.543473 0.643140
vt 0.582927 0.725852
vt 0.691033 0.857958
vt 0.994559 0.816184
vt 0.994354 0.816184
vt 0.994354 0.869771
vt 0.067141 0.514661
vt 0.060965 0.760476
vt 0.648618 0.830033
vt 0.434037 0.346764
vt 0.073082 0.514661
vt 0.060965 0.636068
vt 0.014311 0.632697
vt 0.626403 0.559475
vt 0.543718 0.346764
vt 0.073082 0.310817
vt 0.010139 0.417982
vt 0.052405 0.732570
vt 0.020730 0.835036
vt 0.043736 0.753052
vt 0.012077 0.691127
vt 0.680011 0.725852
vt 0.691033 0.753818
vt 0.536515 0.346764
vt 0.073082 0.753052
vt 0.012077 0.758691
vt 0.517545 0.005533
vt 0.872005 0.373571
vt 0.091250 0.346764
vt 0.073082 0.417982
vt 0.052405 0.753818
vt 0.536515 0.726297
vt 0.555161 0.514661
vt 0.060965 0.643140
vt 0.582927 0.671930
vt 0.631653 0.816184
vt 0.994354 0.689904
vt 0.993735 0.816184
vt 0.994354 0.753052
vt 0.012077 0.774911
vt 0.002051 0.373571
vt 0.091250 0.417982
vt 0.052405 0.514661
vt 0.060965 0.301098
vt 0.366048 0.891885
vt 0.444489 0.760476
vt 0.648618 0.671930
vt 0.631653 0.738522
vt 0.672237 0.340985
vt 0.527899 0.689904
vt 0.993735 0.694635
vt 0.470583 0.700254
vt 0.435848 0.635027
vt 0.410774 0.760476
vt 0.648618 0.592799
vt 0.486853 0.422422
vt 0.366196 0.514661
vt 0.060965 0.629533
vt 0.993438 0.031360
vt 0.474973 0.011553
vt 0.754695 0.861480
vt 0.730750 0.795358
vt 0.705738 0.839145
vt 0.775044 0.816007
vt 0.676203 0.760476
vt 0.648618 0.514661
vt 0.060965 0.629533
vt 0.993438 0.816007
vt 0.676203 0.861480
vt 0.730750 0.422422
vt 0.366196 0.517433
vt 0.427428 0.887430
vt 0.061690 0.736406
vt 0.126754 0.736406
vt 0.126754 0.592799
vt 0.486853 0.632697
vt 0.626403 0.685445
vt 0.519053 0.738695
vt 0.543473 0.596717
vt 0.446597 0.645437
vt 0.442649 0.628325
vt 0.432169 0.343833
vt 0.748146 0.592799
vt 0.486853 0.593060
vt 0.473711 0.645437
vt 0.442649 0.669973
vt 0.444501 0.571019
vt 0.474620 0.407977
vt 0.726427 0.408021
vt 0.695801 0.293718
vt 0.600619 0.596717
vt 0.446597 0.645437
vt 0.442649 0.669973
vt 0.444501 0.738695
vt 0.543473 0.685445
vt 0.519053 0.605684
vt 0.473464 0.593060
vt 0.473711 0.685445
vt 0.519053 0.557530
vt 0.529364 0.605684
vt 0.473464 0.557530
vt 0.529364 0.401094
vt 0.669619 0.346907
vt 0.583323 0.293718
vt 0.600619 0.401094
vt 0.669619 0.346907
vt 0.583323 0.313773
vt 0.577694 0.346907
vt 0.583323 0.293718
vt 0.600619 0.725852
vt 0.691033 0.691127
vt 0.680011 0.310259
vt 0.258194 0.263211
vt 0.249926 0.340604
vt 0.175265 0.408021
vt 0.695801 0.378807
vt 0.709869 0.557530
vt 0.529364 0.367257
vt 0.691432 0.726297
vt 0.555161 0.408021
vt 0.695801 0.318174
vt 0.704902 0.355755
vt 0.718388 0.323177
vt 0.724700 0.422422
vt 0.366196 0.422422
vt 0.366196 0.422422
vt 0.366196 0.346764
vt 0.073082 0.605684
vt 0.473464 0.190043
vt 0.093930 0.216852
vt 0.153728 0.013623
vt 0.136564 0.031360
vt 0.474973 0.134937
vt 0.043624 0.243731
vt 0.221922 0.244132
vt 0.283813 0.757824
vt 0.517697 0.753818
vt 0.536515 0.243731
vt 0.221922 0.013623
vt 0.136564 0.005323
vt 0.310807 0.009343
vt 0.244989 0.031360
vt 0.474973 0.005323
vt 0.310807 0.897659
vt 0.975502 0.917170
vt 0.986011 0.928797
vt 0.910832 0.928797
vt 0.910832 0.963292
vt 0.997536 0.998413
vt 0.995040 0.939017
vt 0.994378 0.963292
vt 0.997536 0.939017
vt 0.994378 0.917170
vt 0.986011 0.928797
vt 0.910832 0.917170
vt 0.986011 0.013623
vt 0.136564 0.011553
vt 0.754695 0.088216
vt 0.766047 0.003562
vt 0.999289 0.005533
vt 0.872005 0.011553
vt 0.754695 0.254088
vt 0.312972 0.257502
vt 0.386193 0.464411
vt 0.700932 0.134937
vt 0.043624 0.134411
vt 0.043842 0.006243
vt 0.019754 0.134411
vt 0.043842 0.048517
vt 0.260137 0.468051
vt 0.881526 0.514336
vt 0.872133 0.289627
vt 0.817723 0.262317
vt 0.867336 0.600014
vt 0.728580 0.576911
vt 0.592201 0.288463
vt 0.818265 0.262365
vt 0.867877 0.464411
vt 0.700932 0.328080
vt 0.755618 0.556164
vt 0.860645 0.371103
vt 0.615648 0.448195
vt 0.487443 0.523573
vt 0.486333 0.410382
vt 0.661996 0.417820
vt 0.487891 0.374640
vt 0.882586 0.247615
vt 0.930205 0.325705
vt 0.945625 0.902223
vt 0.705149 0.410794
vt 0.732752 0.329109
vt 0.758070 0.415471
vt 0.519184 0.786743
vt 0.785337 0.794302
vt 0.841129 0.835836
vt 0.895550 0.898394
vt 0.965478 0.518022
vt 0.658654 0.920663
vt 0.903278 0.371103
vt 0.615648 0.410382
vt 0.661996 0.976099
vt 0.715168 0.518022
vt 0.658654 0.976099
vt 0.715168 0.261882
vt 0.867879 0.375049
vt 0.882574 0.306199
vt 0.789055 0.327410
vt 0.756678 0.986645
vt 0.764122 0.976099
vt 0.715168 0.464411
vt 0.700932 0.410794
vt 0.732752 0.410794
vt 0.732752 0.464411
vt 0.700932 0.976099
vt 0.715168 0.379448
vt 0.552961 0.518022
vt 0.658654 0.902223
vt 0.705149 0.518022
vt 0.658654 0.464411
vt 0.700932 0.518022
vt 0.658654 0.932612
vt 0.878394 0.375049
vt 0.882574 0.371103
vt 0.615648 0.379448
vt 0.552961 0.410382
vt 0.661996 0.375771
vt 0.882258 0.379448
vt 0.552961 0.415471
vt 0.519184 0.518022
vt 0.658654 0.518022
vt 0.658654 0.011553
vt 0.754695 0.986645
vt 0.764122 0.932612
vt 0.878394 0.953725
vt 0.860806 0.933341
vt 0.753944 0.994909
vt 0.805116 0.994909
vt 0.805116 0.986645
vt 0.764122 0.963592
vt 0.753433 0.948930
vt 0.728030 0.986645
vt 0.764122 0.998430
vt 0.838815 0.994909
vt 0.805116 0.177714
vt 0.893556 0.149834
vt 0.996225 0.208718
vt 0.962598 0.242601
vt 0.938441 0.107247
vt 0.997790 0.201497
vt 0.858377 0.578559
vt 0.816391 0.591610
vt 0.806836 0.567199
vt 0.849208 0.616021
vt 0.849208 0.604660
vt 0.816391 0.591610
vt 0.885751 0.561683
vt 0.866320 0.621537
vt 0.866320 1.000000

f 76/76 730/730 23/23
f 103/103 127/127 18/18
f 23/23 730/730 86/86
f 20/20 103/103 18/18
f 83/83 103/103 233/233
f 3/3 1/1 228/228
f 84/84 112/112 95/95
f 24/24 61/61 58/58
f 58/58 771/771 24/24
f 15/15 19/19 27/27
f 87/87 136/136 24/24
f 25/25 2/2 772/772
f 15/15 9/9 773/773
f 156/156 59/59 151/151
f 774/774 9/9 7/7
f 27/27 9/9 15/15
f 740/740 14/14 769/769
f 25/25 775/775 5/5
f 22/22 68/68 67/67
f 6/6 776/776 21/21
f 140/140 197/197 213/213
f 777/777 86/86 241/241
f 86/86 730/730 241/241
f 64/64 778/778 779/779
f 23/23 86/86 112/112
f 32/32 72/72 35/35
f 332/332 130/130 132/132
f 153/153 16/16 166/166
f 780/780 89/89 91/91
f 32/32 35/35 206/206
f 781/781 782/782 783/783
f 39/39 41/41 42/42
f 784/784 91/91 99/99
f 95/95 112/112 136/136
f 87/87 24/24 785/785
f 42/42 40/40 39/39
f 786/786 787/787 788/788
f 46/46 48/48 49/49
f 86/86 117/117 136/136
f 131/131 147/147 789/789
f 88/88 790/790 791/791
f 49/49 47/47 46/46
f 792/792 793/793 794/794
f 38/38 153/153 166/166
f 178/178 175/175 52/52
f 50/50 41/41 39/39
f 39/39 36/36 51/51
f 45/45 43/43 150/150
f 50/50 114/114 150/150
f 51/51 36/36 161/161
f 795/795 37/37 796/796
f 46/46 45/45 38/38
f 39/39 51/51 50/50
f 161/161 36/36 797/797
f 150/150 43/43 798/798
f 799/799 150/150 800/800
f 175/175 37/37 52/52
f 211/211 190/190 168/168
f 107/107 194/194 183/183
f 52/52 44/44 85/85
f 801/801 166/166 802/802
f 29/29 187/187 212/212
f 38/38 166/166 803/803
f 161/161 157/157 51/51
f 50/50 150/150 804/804
f 38/38 48/48 46/46
f 46/46 43/43 45/45
f 805/805 44/44 806/806
f 150/150 105/105 45/45
f 45/45 153/153 38/38
f 50/50 157/157 114/114
f 52/52 85/85 807/807
f 52/52 808/808 178/178
f 92/92 77/77 73/73
f 201/201 809/809 106/106
f 168/168 190/190 29/29
f 207/207 204/204 30/30
f 31/31 203/203 202/202
f 209/209 183/183 194/194
f 187/187 34/34 30/30
f 205/205 110/110 109/109
f 810/810 53/53 178/178
f 198/198 196/196 202/202
f 200/200 811/811 812/812
f 207/207 813/813 814/814
f 341/341 171/171 130/130
f 78/78 169/169 55/55
f 197/197 60/60 214/214
f 65/65 60/60 140/140
f 218/218 129/129 56/56
f 174/174 56/56 223/223
f 140/140 137/137 134/134
f 218/218 226/226 172/172
f 189/189 191/191 98/98
f 223/223 222/222 213/213
f 182/182 73/73 72/72
f 142/142 133/133 134/134
f 214/214 60/60 65/65
f 56/56 129/129 57/57
f 66/66 171/171 341/341
f 96/96 59/59 156/156
f 218/218 219/219 815/815
f 816/816 69/69 93/93
f 213/213 222/222 188/188
f 28/28 71/71 229/229
f 199/199 142/142 137/137
f 817/817 139/139 161/161
f 120/120 818/818 819/819
f 220/220 69/69 820/820
f 93/93 821/821 822/822
f 823/823 824/824 825/825
f 69/69 13/13 70/70
f 761/761 141/141 10/10
f 188/188 227/227 62/62
f 761/761 334/334 327/327
f 135/135 826/826 120/120
f 827/827 828/828 125/125
f 80/80 829/829 830/830
f 129/129 831/831 154/154
f 142/142 144/144 132/132
f 199/199 762/762 144/144
f 724/724 832/832 833/833
f 116/116 834/834 835/835
f 23/23 84/84 76/76
f 141/141 179/179 10/10
f 836/836 158/158 80/80
f 340/340 336/336 216/216
f 139/139 157/157 161/161
f 90/90 13/13 69/69
f 197/197 140/140 60/60
f 102/102 104/104 98/98
f 74/74 837/837 8/8
f 95/95 100/100 838/838
f 165/165 153/153 105/105
f 54/54 839/839 93/93
f 223/223 56/56 224/224
f 222/222 223/223 17/17
f 122/122 840/840 135/135
f 176/176 184/184 208/208
f 123/123 115/115 124/124
f 98/98 110/110 205/205
f 841/841 170/170 164/164
f 192/192 98/98 191/191
f 33/33 189/189 176/176
f 125/125 842/842 843/843
f 229/229 71/71 217/217
f 154/154 844/844 724/724
f 225/225 172/172 179/179
f 118/118 121/121 120/120
f 845/845 131/131 846/846
f 205/205 189/189 98/98
f 188/188 12/12 227/227
f 184/184 173/173 208/208
f 75/75 847/847 848/848
f 220/220 164/164 170/170
f 33/33 192/192 191/191
f 165/165 150/150 114/114
f 105/105 150/150 165/165
f 230/230 849/849 850/850
f 13/13 90/90 81/81
f 70/70 13/13 151/151
f 333/333 342/342 851/851
f 54/54 59/59 96/96
f 28/28 177/177 852/852
f 853/853 166/166 16/16
f 184/184 109/109 185/185
f 161/161 854/854 855/855
f 147/147 131/131 856/856
f 173/173 195/195 857/857
f 182/182 32/32 92/92
f 858/858 859/859 122/122
f 125/125 124/124 115/115
f 860/860 123/123 124/124
f 332/332 330/330 130/130
f 63/63 861/861 55/55
f 164/164 220/220 862/862
f 158/158 863/863 75/75
f 11/11 10/10 864/864
f 74/74 151/151 81/81
f 865/865 66/66 337/337
f 16/16 866/866 867/867
f 90/90 170/170 79/79
f 335/335 868/868 869/869
f 67/67 76/76 128/128
f 165/165 157/157 139/139
f 339/339 870/870 871/871
f 123/123 122/122 119/119
f 115/115 109/109 110/110
f 108/108 185/185 109/109
f 192/192 872/872 873/873
f 113/113 108/108 109/109
f 216/216 177/177 229/229
f 340/340 216/216 229/229
f 65/65 171/171 66/66
f 218/218 214/214 226/226
f 11/11 335/335 334/334
f 55/55 226/226 214/214
f 79/79 170/170 874/874
f 111/111 115/115 110/110
f 75/75 79/79 80/80
f 75/75 81/81 79/79
f 11/11 875/875 335/335
f 111/111 110/110 104/104
f 55/55 214/214 63/63
f 218/218 174/174 214/214
f 192/192 195/195 108/108
f 216/216 339/339 177/177
f 123/123 119/119 113/113
f 339/339 876/876 177/177
f 80/80 79/79 877/877
f 67/67 128/128 878/878
f 179/179 879/879 880/880
f 335/335 881/881 342/342
f 882/882 164/164 883/883
f 90/90 79/79 81/81
f 884/884 337/337 333/333
f 74/74 81/81 75/75
f 158/158 75/75 80/80
f 885/885 886/886 131/131
f 113/113 119/119 108/108
f 108/108 195/195 185/185
f 887/887 124/124 888/888
f 125/125 115/115 111/111
f 118/118 104/104 102/102
f 119/119 102/102 108/108
f 121/121 118/118 119/119
f 889/889 122/122 123/123
f 28/28 890/890 891/891
f 179/179 169/169 892/892
f 255/255 238/238 276/276
f 333/333 893/893 894/894
f 156/156 151/151 74/74
f 895/895 896/896 897/897
f 13/13 81/81 151/151
f 220/220 170/170 90/90
f 75/75 898/898 74/74
f 899/899 900/900 901/901
f 225/225 179/179 895/895
f 154/154 724/724 215/215
f 125/125 902/902 124/124
f 126/126 111/111 118/118
f 158/158 903/903 904/904
f 122/122 135/135 121/121
f 222/222 17/17 12/12
f 63/63 65/65 66/66
f 223/223 224/224 17/17
f 54/54 93/93 70/70
f 70/70 151/151 59/59
f 74/74 8/8 156/156
f 164/164 905/905 131/131
f 90/90 69/69 220/220
f 116/116 906/906 168/168
f 115/115 113/113 109/109
f 724/724 907/907 221/221
f 129/129 154/154 57/57
f 55/55 908/908 78/78
f 909/909 125/125 126/126
f 120/120 126/126 118/118
f 135/135 120/120 121/121
f 84/84 910/910 128/128
f 188/188 62/62 762/762
f 761/761 10/10 11/11
f 132/132 144/144 332/332
f 165/165 114/114 157/157
f 911/911 242/242 778/778
f 69/69 70/70 93/93
f 912/912 913/913 914/914
f 220/220 915/915 916/916
f 63/63 66/66 917/917
f 68/68 76/76 67/67
f 173/173 185/185 195/195
f 142/142 132/132 133/133
f 120/120 918/918 126/126
f 184/184 205/205 109/109
f 199/199 137/137 213/213
f 28/28 229/229 177/177
f 213/213 188/188 199/199
f 199/199 188/188 762/762
f 172/172 225/225 219/219
f 919/919 93/93 920/920
f 218/218 921/921 129/129
f 229/229 217/217 340/340
f 66/66 341/341 337/337
f 56/56 57/57 224/224
f 214/214 65/65 63/63
f 213/213 137/137 140/140
f 142/142 134/134 137/137
f 223/223 213/213 197/197
f 216/216 338/338 339/339
f 218/218 172/172 219/219
f 338/338 216/216 336/336
f 55/55 169/169 172/172
f 184/184 185/185 173/173
f 188/188 222/222 12/12
f 140/140 134/134 922/922
f 174/174 223/223 197/197
f 172/172 226/226 55/55
f 205/205 184/184 189/189
f 218/218 56/56 174/174
f 123/123 113/113 115/115
f 65/65 140/140 923/923
f 197/197 214/214 174/174
f 341/341 130/130 330/330
f 193/193 30/30 204/204
f 201/201 29/29 180/180
f 29/29 212/212 180/180
f 168/168 924/924 211/211
f 212/212 925/925 210/210
f 926/926 927/927 193/193
f 200/200 928/928 186/186
f 207/207 34/34 211/211
f 204/204 929/929 193/193
f 116/116 168/168 201/201
f 186/186 930/930 200/200
f 198/198 931/931 196/196
f 116/116 106/106 94/94
f 200/200 204/204 207/207
f 211/211 932/932 933/933
f 193/193 934/934 935/935
f 94/94 936/936 116/116
f 107/107 937/937 938/938
f 187/187 211/211 34/34
f 939/939 31/31 209/209
f 207/207 940/940 200/200
f 200/200 941/941 204/204
f 190/190 211/211 187/187
f 210/210 180/180 212/212
f 193/193 942/942 943/943
f 198/198 202/202 203/203
f 187/187 29/29 190/190
f 944/944 30/30 193/193
f 945/945 211/211 946/946
f 187/187 30/30 947/947
f 201/201 180/180 948/948
f 207/207 211/211 949/949
f 950/950 180/180 210/210
f 209/209 194/194 951/951
f 209/209 952/952 953/953
f 31/31 202/202 209/209
f 209/209 954/954 955/955
f 956/956 957/957 958/958
f 207/207 30/30 34/34
f 168/168 29/29 201/201
f 201/201 106/106 116/116
f 72/72 32/32 182/182
f 92/92 73/73 182/182
f 206/206 77/77 92/92
f 92/92 32/32 206/206
f 119/119 122/122 121/121
f 126/126 125/125 111/111
f 108/108 102/102 192/192
f 959/959 195/195 192/192
f 118/118 111/111 104/104
f 192/192 102/102 98/98
f 33/33 960/960 192/192
f 119/119 118/118 102/102
f 152/152 162/162 167/167
f 149/149 155/155 162/162
f 162/162 155/155 181/181
f 162/162 159/159 167/167
f 181/181 146/146 159/159
f 167/167 163/163 152/152
f 162/162 181/181 159/159
f 729/729 668/668 667/667
f 149/149 160/160 155/155
f 148/148 670/670 669/669
f 728/728 727/727 143/143
f 33/33 191/191 189/189
f 138/138 728/728 143/143
f 98/98 104/104 110/110
f 176/176 189/189 184/184
f 141/141 895/895 179/179
f 761/761 11/11 334/334
f 50/50 51/51 157/157
f 45/45 105/105 153/153
f 961/961 962/962 44/44
f 46/46 47/47 43/43
f 38/38 963/963 48/48
f 52/52 964/964 44/44
f 965/965 164/164 131/131
f 107/107 966/966 194/194
f 175/175 967/967 37/37
f 968/968 969/969 37/37
f 970/970 219/219 225/225
f 897/897 221/221 971/971
f 972/972 225/225 897/897
f 897/897 225/225 895/895
f 39/39 40/40 36/36
f 973/973 10/10 179/179
f 54/54 70/70 59/59
f 50/50 974/974 41/41
f 153/153 165/165 16/16
f 975/975 976/976 117/117
f 977/977 58/58 61/61
f 95/95 978/978 84/84
f 128/128 76/76 84/84
f 976/976 26/26 117/117
f 976/976 979/979 26/26
f 980/980 981/981 117/117
f 982/982 983/983 79/79
f 777/777 980/980 86/86
f 117/117 984/984 975/975
f 3/3 228/228 985/985
f 26/26 1/1 3/3
f 3/3 61/61 117/117
f 88/88 986/986 100/100
f 86/86 136/136 112/112
f 87/87 987/987 88/88
f 95/95 136/136 87/87
f 988/988 100/100 989/989
f 990/990 991/991 992/992
f 89/89 993/993 101/101
f 994/994 99/99 995/995
f 91/91 101/101 99/99
f 996/996 91/91 997/997
f 89/89 101/101 91/91
f 89/89 998/998 999/999
f 1000/1000 1001/1001 89/89
f 1002/1002 61/61 3/3
f 1003/1003 83/83 233/233
f 23/23 112/112 84/84
f 1004/1004 245/245 76/76
f 245/245 730/730 76/76
f 142/142 199/199 144/144
f 68/68 1004/1004 76/76
f 779/779 231/231 64/64
f 67/67 1005/1005 22/22
f 1006/1006 1005/1005 67/67
f 64/64 1007/1007 778/778
f 61/61 136/136 117/117
f 24/24 136/136 61/61
f 6/6 1008/1008 1009/1009
f 26/26 3/3 117/117
f 262/262 740/740 1010/1010
f 117/117 86/86 980/980
f 26/26 1011/1011 1/1
f 1012/1012 1013/1013 5/5
f 25/25 5/5 1014/1014
f 127/127 1015/1015 2/2
f 725/725 672/672 671/671
f 674/674 673/673 760/760
f 234/234 246/246 232/232
f 234/234 236/236 246/246
f 235/235 244/244 1004/1004
f 777/777 241/241 237/237
f 676/676 675/675 735/735
f 235/235 1004/1004 240/240
f 82/82 250/250 249/249
f 241/241 730/730 245/245
f 245/245 246/246 236/236
f 244/244 245/245 1004/1004
f 239/239 243/243 241/241
f 237/237 241/241 243/243
f 245/245 236/236 241/241
f 315/315 723/723 247/247
f 306/306 322/322 260/260
f 288/288 306/306 253/253
f 678/678 677/677 733/733
f 680/680 679/679 252/252
f 317/317 253/253 257/257
f 290/290 280/280 265/265
f 255/255 276/276 271/271
f 292/292 293/293 294/294
f 352/352 353/353 321/321
f 1016/1016 309/309 1017/1017
f 1018/1018 328/328 305/305
f 343/343 331/331 309/309
f 1019/1019 1020/1020 295/295
f 254/254 321/321 1021/1021
f 312/312 295/295 1020/1020
f 305/305 328/328 291/291
f 97/97 734/734 251/251
f 286/286 682/682 681/681
f 260/260 324/324 253/253
f 269/269 267/267 248/248
f 267/267 255/255 271/271
f 309/309 1022/1022 1017/1017
f 304/304 260/260 322/322
f 288/288 317/317 274/274
f 288/288 289/289 306/306
f 300/300 296/296 1023/1023
f 306/306 289/289 322/322
f 267/267 271/271 248/248
f 250/250 256/256 249/249
f 322/322 289/289 304/304
f 265/265 297/297 310/310
f 734/734 273/273 251/251
f 1024/1024 296/296 321/321
f 306/306 260/260 253/253
f 295/295 312/312 314/314
f 288/288 253/253 317/317
f 280/280 308/308 294/294
f 343/343 319/319 277/277
f 265/265 303/303 297/297
f 684/684 683/683 258/258
f 686/686 685/685 261/261
f 263/263 264/264 313/313
f 736/736 275/275 266/266
f 763/763 688/688 687/687
f 14/14 740/740 262/262
f 307/307 297/297 303/303
f 277/277 310/310 343/343
f 690/690 689/689 732/732
f 283/283 738/738 285/285
f 311/311 278/278 145/145
f 738/738 726/726 285/285
f 298/298 278/278 311/311
f 736/736 731/731 275/275
f 1019/1019 295/295 1025/1025
f 281/281 282/282 279/279
f 282/282 759/759 279/279
f 737/737 692/692 691/691
f 299/299 260/260 304/304
f 317/317 257/257 1026/1026
f 290/290 265/265 277/277
f 317/317 323/323 274/274
f 270/270 316/316 268/268
f 270/270 299/299 329/329
f 280/280 290/290 308/308
f 1027/1027 1028/1028 740/740
f 292/292 296/296 293/293
f 303/303 1029/1029 307/307
f 302/302 1030/1030 316/316
f 302/302 270/270 326/326
f 318/318 272/272 325/325
f 300/300 294/294 293/293
f 1031/1031 321/321 353/353
f 292/292 294/294 308/308
f 303/303 265/265 280/280
f 284/284 272/272 320/320
f 329/329 326/326 270/270
f 1032/1032 1033/1033 296/296
f 316/316 270/270 302/302
f 284/284 325/325 272/272
f 304/304 320/320 329/329
f 287/287 259/259 1034/1034
f 329/329 320/320 272/272
f 299/299 304/304 329/329
f 1035/1035 308/308 290/290
f 1036/1036 259/259 274/274
f 1037/1037 1038/1038 1039/1039
f 305/305 291/291 301/301
f 312/312 1020/1020 1040/1040
f 293/293 296/296 300/300
f 1041/1041 1042/1042 287/287
f 1043/1043 1044/1044 1039/1039
f 254/254 1045/1045 1046/1046
f 740/740 1047/1047 1048/1048
f 310/310 277/277 265/265
f 14/14 262/262 1016/1016
f 326/326 318/318 302/302
f 303/303 280/280 294/294
f 1049/1049 274/274 323/323
f 300/300 1050/1050 303/303
f 1051/1051 290/290 277/277
f 268/268 324/324 260/260
f 317/317 1052/1052 323/323
f 277/277 319/319 1053/1053
f 1022/1022 309/309 331/331
f 1054/1054 1055/1055 321/321
f 320/320 4/4 284/284
f 318/318 326/326 272/272
f 1039/1039 1044/1044 1056/1056
f 300/300 303/303 294/294
f 300/300 1057/1057 1058/1058
f 1059/1059 321/321 254/254
f 1018/1018 305/305 1060/1060
f 288/288 274/274 289/289
f 303/303 1061/1061 1062/1062
f 352/352 321/321 296/296
f 324/324 257/257 253/253
f 309/309 262/262 1063/1063
f 272/272 326/326 329/329
f 260/260 299/299 268/268
f 270/270 268/268 299/299
f 309/309 1064/1064 319/319
f 343/343 309/309 319/319
f 1016/1016 262/262 309/309
f 274/274 259/259 289/289
f 694/694 693/693 739/739
f 233/233 103/103 20/20
f 242/242 1065/1065 233/233
f 179/179 172/172 169/169
f 346/346 349/349 348/348
f 1066/1066 345/345 349/349
f 344/344 345/345 347/347
f 346/346 1067/1067 349/349
f 1068/1068 347/347 345/345
f 1069/1069 1070/1070 345/345
f 345/345 348/348 349/349
f 1071/1071 349/349 1067/1067
f 1072/1072 1071/1071 1067/1067
f 344/344 348/348 345/345
f 349/349 1071/1071 1073/1073
f 1074/1074 1075/1075 347/347
f 1076/1076 350/350 1077/1077
f 1077/1077 350/350 1078/1078
f 1079/1079 350/350 1076/1076
f 350/350 351/351 1078/1078
f 292/292 352/352 296/296
f 292/292 308/308 352/352
f 352/352 308/308 353/353
f 1031/1031 353/353 308/308
f 748/748 422/422 373/373
f 473/473 449/449 368/368
f 748/748 373/373 432/432
f 449/449 370/370 368/368
f 449/449 429/429 573/573
f 354/354 356/356 568/568
f 458/458 430/430 441/441
f 409/409 374/374 406/406
f 1080/1080 406/406 374/374
f 369/369 366/366 377/377
f 482/482 433/433 374/374
f 355/355 375/375 1081/1081
f 361/361 366/366 1082/1082
f 407/407 500/500 496/496
f 361/361 1083/1083 359/359
f 361/361 377/377 366/366
f 365/365 758/758 770/770
f 1084/1084 375/375 357/357
f 415/415 372/372 414/414
f 1085/1085 358/358 371/371
f 541/541 486/486 557/557
f 432/432 1086/1086 581/581
f 748/748 432/432 581/581
f 1087/1087 411/411 1088/1088
f 432/432 373/373 458/458
f 418/418 381/381 384/384
f 476/476 1089/1089 478/478
f 367/367 498/498 510/510
f 435/435 1090/1090 437/437
f 384/384 381/381 550/550
f 1091/1091 1092/1092 1093/1093
f 390/390 388/388 391/391
f 437/437 1094/1094 445/445
f 458/458 441/441 482/482
f 374/374 433/433 1095/1095
f 389/389 391/391 388/388
f 1096/1096 1097/1097 1098/1098
f 397/397 395/395 398/398
f 463/463 432/432 482/482
f 492/492 477/477 1099/1099
f 1100/1100 434/434 1101/1101
f 396/396 398/398 395/395
f 1102/1102 1103/1103 1104/1104
f 498/498 387/387 510/510
f 519/519 522/522 401/401
f 390/390 399/399 388/388
f 385/385 388/388 400/400
f 392/392 394/394 495/495
f 460/460 399/399 495/495
f 385/385 400/400 505/505
f 386/386 1105/1105 1106/1106
f 394/394 395/395 387/387
f 400/400 388/388 399/399
f 385/385 505/505 1107/1107
f 392/392 495/495 1108/1108
f 495/495 1109/1109 1110/1110
f 386/386 519/519 401/401
f 534/534 555/555 512/512
f 538/538 453/453 527/527
f 393/393 401/401 431/431
f 510/510 1111/1111 1112/1112
f 531/531 378/378 556/556
f 510/510 387/387 1113/1113
f 501/501 505/505 400/400
f 495/495 399/399 1114/1114
f 397/397 387/387 395/395
f 392/392 395/395 394/394
f 393/393 1115/1115 1116/1116
f 451/451 495/495 394/394
f 498/498 394/394 387/387
f 501/501 399/399 460/460
f 431/431 401/401 1117/1117
f 1118/1118 401/401 522/522
f 423/423 438/438 419/419
f 1119/1119 545/545 452/452
f 534/534 512/512 378/378
f 548/548 551/551 379/379
f 547/547 380/380 546/546
f 527/527 553/553 538/538
f 383/383 531/531 379/379
f 456/456 549/549 455/455
f 402/402 1120/1120 522/522
f 540/540 542/542 546/546
f 1121/1121 544/544 1122/1122
f 1123/1123 551/551 1124/1124
f 515/515 1125/1125 476/476
f 513/513 424/424 404/404
f 408/408 541/541 558/558
f 408/408 412/412 486/486
f 475/475 560/560 405/405
f 405/405 518/518 565/565
f 483/483 486/486 480/480
f 567/567 560/560 516/516
f 535/535 533/533 444/444
f 564/564 565/565 557/557
f 419/419 526/526 418/418
f 479/479 488/488 480/480
f 408/408 558/558 412/412
f 475/475 405/405 1126/1126
f 515/515 413/413 1125/1125
f 407/407 442/442 500/500
f 561/561 560/560 1127/1127
f 416/416 1128/1128 439/439
f 564/564 557/557 532/532
f 1129/1129 1130/1130 569/569
f 488/488 543/543 483/483
f 485/485 1131/1131 505/505
f 1132/1132 466/466 1133/1133
f 416/416 562/562 1134/1134
f 1135/1135 439/439 1136/1136
f 1137/1137 1138/1138 1139/1139
f 364/364 416/416 417/417
f 487/487 766/766 362/362
f 1140/1140 532/532 1141/1141
f 1142/1142 766/766 1143/1143
f 1144/1144 481/481 466/466
f 1145/1145 1146/1146 471/471
f 1147/1147 426/426 1148/1148
f 1149/1149 475/475 1150/1150
f 1151/1151 488/488 478/478
f 767/767 543/543 1151/1151
f 1152/1152 742/742 1153/1153
f 1154/1154 462/462 1155/1155
f 430/430 373/373 422/422
f 523/523 487/487 362/362
f 502/502 1156/1156 426/426
f 1157/1157 1158/1158 559/559
f 501/501 485/485 505/505
f 364/364 436/436 416/416
f 486/486 541/541 408/408
f 450/450 448/448 444/444
f 1159/1159 420/420 360/360
f 446/446 441/441 1160/1160
f 498/498 509/509 451/451
f 1161/1161 403/403 439/439
f 1162/1162 1163/1163 1164/1164
f 565/565 564/564 1165/1165
f 1166/1166 468/468 481/481
f 528/528 520/520 552/552
f 461/461 469/469 470/470
f 456/456 444/444 549/549
f 514/514 1167/1167 508/508
f 444/444 536/536 535/535
f 533/533 382/382 520/520
f 1168/1168 471/471 1169/1169
f 1129/1129 569/569 1170/1170
f 1171/1171 1150/1150 742/742
f 516/516 566/566 523/523
f 467/467 464/464 466/466
f 477/477 1172/1172 1173/1173
f 533/533 549/549 444/444
f 1174/1174 532/532 1140/1140
f 517/517 528/528 552/552
f 1175/1175 421/421 1176/1176
f 508/508 562/562 514/514
f 536/536 382/382 535/535
f 495/495 509/509 460/460
f 495/495 451/451 509/509
f 487/487 570/570 1177/1177
f 436/436 364/364 427/427
f 364/364 417/417 496/496
f 1178/1178 1179/1179 1180/1180
f 407/407 403/403 442/442
f 521/521 1130/1130 1181/1181
f 510/510 1182/1182 367/367
f 455/455 528/528 529/529
f 1183/1183 505/505 1184/1184
f 477/477 492/492 1185/1185
f 539/539 517/517 1186/1186
f 381/381 526/526 438/438
f 1187/1187 1188/1188 468/468
f 470/470 471/471 461/461
f 469/469 1189/1189 470/470
f 1190/1190 1089/1089 476/476
f 1191/1191 410/410 404/404
f 562/562 508/508 1192/1192
f 1193/1193 502/502 421/421
f 362/362 363/363 1194/1194
f 496/496 420/420 427/427
f 413/413 1195/1195 1196/1196
f 1197/1197 367/367 1198/1198
f 514/514 436/436 425/425
f 1199/1199 1200/1200 1201/1201
f 422/422 414/414 474/474
f 501/501 509/509 485/485
f 1202/1202 1203/1203 1204/1204
f 468/468 469/469 465/465
f 455/455 461/461 456/456
f 529/529 454/454 455/455
f 1205/1205 536/536 1206/1206
f 454/454 459/459 455/455
f 521/521 559/559 569/569
f 559/559 1158/1158 569/569
f 515/515 412/412 413/413
f 558/558 560/560 567/567
f 1200/1200 363/363 1142/1142
f 567/567 404/404 558/558
f 514/514 425/425 1207/1207
f 461/461 457/457 456/456
f 425/425 421/421 426/426
f 427/427 421/421 425/425
f 1208/1208 363/363 1200/1200
f 456/456 457/457 450/450
f 558/558 404/404 410/410
f 518/518 560/560 558/558
f 539/539 536/536 454/454
f 1203/1203 559/559 521/521
f 465/465 469/469 459/459
f 1209/1209 1203/1203 521/521
f 425/425 426/426 1210/1210
f 474/474 414/414 1211/1211
f 1212/1212 523/523 1213/1213
f 1214/1214 1200/1200 1178/1178
f 508/508 1215/1215 1216/1216
f 425/425 436/436 427/427
f 1196/1196 1217/1217 1179/1179
f 427/427 420/420 421/421
f 421/421 502/502 426/426
f 1218/1218 1219/1219 477/477
f 465/465 459/459 454/454
f 539/539 454/454 529/529
f 470/470 1220/1220 1221/1221
f 461/461 471/471 457/457
f 450/450 464/464 448/448
f 448/448 465/465 454/454
f 464/464 467/467 465/465
f 468/468 1222/1222 469/469
f 1223/1223 1130/1130 1224/1224
f 513/513 523/523 1225/1225
f 578/578 595/595 616/616
f 1226/1226 1179/1179 1227/1227
f 496/496 500/500 420/420
f 1177/1177 570/570 1228/1228
f 427/427 364/364 496/496
f 514/514 562/562 436/436
f 1229/1229 421/421 420/420
f 1230/1230 1231/1231 1232/1232
f 523/523 566/566 570/570
f 742/742 1150/1150 1233/1233
f 1234/1234 471/471 470/470
f 457/457 472/472 464/464
f 1235/1235 502/502 1236/1236
f 481/481 468/468 467/467
f 1165/1165 564/564 1174/1174
f 412/412 410/410 413/413
f 1237/1237 565/565 1165/1165
f 439/439 403/403 417/417
f 496/496 417/417 407/407
f 360/360 420/420 500/500
f 1238/1238 508/508 477/477
f 416/416 436/436 562/562
f 1239/1239 462/462 512/512
f 459/459 461/461 455/455
f 1240/1240 742/742 563/563
f 1150/1150 475/475 1126/1126
f 1241/1241 404/404 424/424
f 471/471 1242/1242 472/472
f 472/472 466/466 464/464
f 466/466 481/481 467/467
f 1243/1243 430/430 474/474
f 1141/1141 532/532 767/767
f 362/362 766/766 363/363
f 1151/1151 478/478 1089/1089
f 460/460 509/509 501/501
f 582/582 1244/1244 1087/1087
f 417/417 416/416 439/439
f 1245/1245 1246/1246 1247/1247
f 1248/1248 562/562 1249/1249
f 413/413 410/410 1250/1250
f 422/422 415/415 414/414
f 529/529 517/517 539/539
f 478/478 488/488 479/479
f 1251/1251 466/466 472/472
f 549/549 528/528 455/455
f 483/483 543/543 557/557
f 569/569 1130/1130 521/521
f 532/532 557/557 543/543
f 532/532 543/543 767/767
f 566/566 516/516 561/561
f 439/439 1252/1252 1253/1253
f 1254/1254 560/560 475/475
f 1170/1170 569/569 1158/1158
f 1125/1125 413/413 1196/1196
f 1255/1255 1162/1162 1164/1164
f 412/412 558/558 410/410
f 483/483 557/557 486/486
f 480/480 488/488 483/483
f 557/557 565/565 541/541
f 1256/1256 559/559 1203/1203
f 516/516 560/560 561/561
f 559/559 1256/1256 1157/1157
f 513/513 404/404 516/516
f 529/529 528/528 517/517
f 564/564 532/532 1174/1174
f 480/480 486/486 1257/1257
f 565/565 518/518 541/541
f 567/567 516/516 404/404
f 528/528 549/549 533/533
f 405/405 560/560 518/518
f 459/459 469/469 461/461
f 486/486 412/412 1258/1258
f 558/558 541/541 518/518
f 476/476 1125/1125 1190/1190
f 379/379 537/537 548/548
f 378/378 545/545 524/524
f 556/556 378/378 524/524
f 1259/1259 512/512 555/555
f 1260/1260 556/556 554/554
f 1261/1261 1262/1262 537/537
f 1263/1263 544/544 530/530
f 383/383 551/551 555/555
f 1264/1264 548/548 537/537
f 512/512 462/462 545/545
f 1265/1265 530/530 544/544
f 1266/1266 542/542 540/540
f 452/452 462/462 440/440
f 548/548 544/544 551/551
f 1267/1267 555/555 1268/1268
f 1269/1269 537/537 1270/1270
f 1271/1271 440/440 462/462
f 1272/1272 453/453 1273/1273
f 555/555 531/531 383/383
f 380/380 1274/1274 553/553
f 1275/1275 551/551 544/544
f 1276/1276 544/544 548/548
f 555/555 534/534 531/531
f 524/524 554/554 556/556
f 1277/1277 537/537 1278/1278
f 546/546 542/542 547/547
f 378/378 531/531 534/534
f 379/379 1279/1279 537/537
f 555/555 1280/1280 1281/1281
f 379/379 531/531 1282/1282
f 524/524 545/545 1283/1283
f 555/555 551/551 1284/1284
f 524/524 1285/1285 554/554
f 538/538 553/553 1286/1286
f 1287/1287 553/553 1288/1288
f 546/546 380/380 553/553
f 1289/1289 553/553 1290/1290
f 1291/1291 1292/1292 1293/1293
f 379/379 551/551 383/383
f 378/378 512/512 545/545
f 452/452 545/545 462/462
f 381/381 418/418 526/526
f 419/419 438/438 526/526
f 423/423 550/550 438/438
f 381/381 438/438 550/550
f 468/468 465/465 467/467
f 471/471 472/472 457/457
f 448/448 454/454 536/536
f 539/539 1294/1294 536/536
f 457/457 464/464 450/450
f 448/448 536/536 444/444
f 1295/1295 382/382 536/536
f 464/464 465/465 448/448
f 506/506 497/497 511/511
f 499/499 494/494 506/506
f 499/499 506/506 525/525
f 503/503 506/506 511/511
f 491/491 525/525 503/503
f 507/507 511/511 497/497
f 525/525 506/506 503/503
f 695/695 747/747 696/696
f 504/504 494/494 499/499
f 697/697 493/493 698/698
f 745/745 746/746 489/489
f 535/535 382/382 533/533
f 746/746 484/484 489/489
f 450/450 444/444 456/456
f 533/533 520/520 528/528
f 1296/1296 1297/1297 1298/1298
f 363/363 766/766 1142/1142
f 400/400 399/399 501/501
f 451/451 394/394 498/498
f 1299/1299 1300/1300 393/393
f 396/396 395/395 392/392
f 1301/1301 387/387 397/397
f 1302/1302 401/401 393/393
f 508/508 1303/1303 477/477
f 1304/1304 453/453 538/538
f 1305/1305 519/519 386/386
f 1306/1306 1307/1307 386/386
f 561/561 1308/1308 566/566
f 563/563 1228/1228 1309/1309
f 566/566 1310/1310 1228/1228
f 566/566 1228/1228 570/570
f 389/389 388/388 385/385
f 362/362 1311/1311 523/523
f 417/417 403/403 407/407
f 1312/1312 399/399 390/390
f 509/509 498/498 367/367
f 1313/1313 1314/1314 463/463
f 406/406 1315/1315 409/409
f 1316/1316 441/441 430/430
f 422/422 474/474 430/430
f 376/376 1313/1313 463/463
f 1317/1317 1313/1313 376/376
f 1318/1318 1319/1319 463/463
f 1320/1320 1321/1321 425/425
f 1319/1319 1086/1086 432/432
f 1322/1322 463/463 1314/1314
f 568/568 356/356 1323/1323
f 354/354 376/376 356/356
f 409/409 356/356 463/463
f 1324/1324 434/434 446/446
f 482/482 432/432 458/458
f 1325/1325 433/433 434/434
f 482/482 441/441 433/433
f 446/446 1326/1326 1327/1327
f 1328/1328 1329/1329 1330/1330
f 1331/1331 435/435 447/447
f 445/445 1332/1332 1333/1333
f 447/447 437/437 445/445
f 437/437 1334/1334 1335/1335
f 447/447 435/435 437/437
f 1336/1336 435/435 1337/1337
f 1338/1338 1339/1339 435/435
f 409/409 1340/1340 356/356
f 429/429 1341/1341 573/573
f 458/458 373/373 430/430
f 585/585 1342/1342 422/422
f 748/748 585/585 422/422
f 543/543 488/488 1151/1151
f 1342/1342 415/415 422/422
f 571/571 1088/1088 411/411
f 1343/1343 414/414 372/372
f 1343/1343 1344/1344 414/414
f 1345/1345 411/411 1087/1087
f 482/482 409/409 463/463
f 482/482 374/374 409/409
f 1346/1346 358/358 1347/1347
f 356/356 376/376 463/463
f 758/758 753/753 1348/1348
f 432/432 463/463 1319/1319
f 1349/1349 376/376 354/354
f 1350/1350 1351/1351 357/357
f 357/357 375/375 1352/1352
f 1353/1353 473/473 355/355
f 699/699 743/743 700/700
f 702/702 701/701 765/765
f 586/586 574/574 572/572
f 576/576 574/574 586/586
f 584/584 575/575 1342/1342
f 581/581 1086/1086 577/577
f 704/704 703/703 602/602
f 1342/1342 575/575 580/580
f 751/751 428/428 589/589
f 748/748 581/581 585/585
f 586/586 585/585 576/576
f 585/585 584/584 1342/1342
f 583/583 579/579 581/581
f 581/581 577/577 583/583
f 576/576 585/585 581/581
f 741/741 649/649 587/587
f 655/655 642/642 600/600
f 642/642 627/627 593/593
f 706/706 705/705 590/590
f 708/708 707/707 592/592
f 593/593 651/651 597/597
f 620/620 629/629 605/605
f 616/616 595/595 611/611
f 631/631 630/630 632/632
f 665/665 664/664 654/654
f 644/644 1354/1354 1355/1355
f 1356/1356 1357/1357 641/641
f 1358/1358 1359/1359 644/644
f 1360/1360 1361/1361 633/633
f 654/654 594/594 1362/1362
f 633/633 646/646 1360/1360
f 1356/1356 641/641 1363/1363
f 752/752 443/443 591/591
f 709/709 625/625 710/710
f 657/657 600/600 593/593
f 607/607 609/609 588/588
f 595/595 607/607 611/611
f 1364/1364 644/644 1355/1355
f 600/600 640/640 655/655
f 651/651 627/627 614/614
f 628/628 627/627 642/642
f 634/634 637/637 1365/1365
f 628/628 642/642 655/655
f 611/611 607/607 588/588
f 596/596 751/751 589/589
f 628/628 655/655 640/640
f 1366/1366 605/605 1367/1367
f 613/613 752/752 591/591
f 634/634 1368/1368 654/654
f 600/600 642/642 593/593
f 646/646 633/633 648/648
f 593/593 627/627 651/651
f 643/643 620/620 632/632
f 652/652 1359/1359 617/617
f 639/639 605/605 1366/1366
f 712/712 711/711 598/598
f 714/714 713/713 601/601
f 604/604 603/603 647/647
f 615/615 768/768 606/606
f 715/715 754/754 716/716
f 758/758 365/365 753/753
f 1366/1366 1369/1369 639/639
f 1367/1367 617/617 1359/1359
f 718/718 717/717 750/750
f 756/756 623/623 624/624
f 618/618 645/645 490/490
f 744/744 756/756 624/624
f 618/618 635/635 645/645
f 749/749 768/768 615/615
f 633/633 1361/1361 1370/1370
f 622/622 621/621 619/619
f 764/764 1371/1371 1372/1372
f 719/719 755/755 720/720
f 600/600 636/636 640/640
f 597/597 651/651 1373/1373
f 605/605 629/629 617/617
f 656/656 651/651 614/614
f 650/650 610/610 608/608
f 636/636 610/610 659/659
f 629/629 620/620 643/643
f 1374/1374 1375/1375 758/758
f 634/634 630/630 631/631
f 1376/1376 639/639 1369/1369
f 1377/1377 1378/1378 650/650
f 610/610 1378/1378 658/658
f 612/612 1379/1379 1380/1380
f 632/632 637/637 631/631
f 654/654 1381/1381 665/665
f 632/632 630/630 643/643
f 605/605 639/639 620/620
f 612/612 1382/1382 653/653
f 658/658 659/659 610/610
f 1383/1383 1384/1384 634/634
f 610/610 650/650 1378/1378
f 1380/1380 1382/1382 612/612
f 653/653 640/640 659/659
f 599/599 626/626 1385/1385
f 653/653 659/659 612/612
f 640/640 636/636 659/659
f 643/643 1386/1386 629/629
f 599/599 1387/1387 614/614
f 1388/1388 1389/1389 1390/1390
f 1363/1363 641/641 638/638
f 1360/1360 646/646 1391/1391
f 634/634 631/631 637/637
f 1392/1392 1393/1393 626/626
f 758/758 1375/1375 1390/1390
f 1394/1394 594/594 1395/1395
f 1396/1396 758/758 1397/1397
f 617/617 1367/1367 605/605
f 753/753 365/365 1354/1354
f 1379/1379 658/658 1378/1378
f 620/620 639/639 632/632
f 614/614 1398/1398 656/656
f 1399/1399 637/637 639/639
f 629/629 1400/1400 617/617
f 657/657 608/608 600/600
f 1401/1401 651/651 656/656
f 652/652 617/617 1402/1402
f 644/644 1364/1364 1358/1358
f 1403/1403 1404/1404 654/654
f 1405/1405 653/653 1382/1382
f 658/658 1379/1379 612/612
f 758/758 1390/1390 1406/1406
f 639/639 637/637 632/632
f 1407/1407 637/637 1408/1408
f 654/654 1409/1409 594/594
f 641/641 1357/1357 1410/1410
f 614/614 627/627 628/628
f 1411/1411 639/639 1412/1412
f 654/654 664/664 634/634
f 597/597 657/657 593/593
f 753/753 644/644 1413/1413
f 658/658 612/612 659/659
f 636/636 600/600 608/608
f 608/608 610/610 636/636
f 1414/1414 644/644 652/652
f 644/644 1359/1359 652/652
f 753/753 1354/1354 644/644
f 599/599 614/614 628/628
f 722/722 721/721 757/757
f 449/449 573/573 370/370
f 1415/1415 582/582 573/573
f 516/516 523/523 513/513
f 663/663 661/661 662/662
f 660/660 1416/1416 663/663
f 660/660 1417/1417 1418/1418
f 1419/1419 661/661 663/663
f 1418/1418 1420/1420 660/660
f 1421/1421 1422/1422 660/660
f 662/662 660/660 663/663
f 663/663 1423/1423 1419/1419
f 1423/1423 1424/1424 1419/1419
f 662/662 1417/1417 660/660
f 1423/1423 663/663 1425/1425
f 1426/1426 1427/1427 1418/1418
f 1428/1428 1429/1429 1430/1430
f 1428/1428 1430/1430 1431/1431
f 1428/1428 1432/1432 1429/1429
f 1433/1433 1428/1428 1431/1431
f 664/664 630/630 634/634
f 643/643 630/630 664/664
f 643/643 664/664 665/665
f 665/665 1381/1381 643/643
f 1434/1434 666/666 1435/1435
f 666/666 1434/1434 1436/1436
f 1435/1435 1437/1437 1438/1438
f 1437/1437 1435/1435 666/666
f 1436/1436 1439/1439 666/666
f 1439/1439 1436/1436 1440/1440
f 666/666 1441/1441 1437/1437
f 1441/1441 666/666 1439/1439
