# MOD converted: v_fix_cake01_1.mod
# 1577 verts, 1516 faces

v 121.506538 -181.769073 -132.658600
v 121.459412 -184.840134 -133.532593
v 121.555832 -177.823959 -129.587173
v 121.508705 -180.895020 -136.597107
v 126.506073 -181.836914 -132.651688
v 126.458946 -184.907990 -133.525681
v 126.555367 -177.891800 -129.580261
v 126.508240 -180.962875 -136.604019
v 121.506538 -181.769073 -132.651688
v 126.458946 -184.907990 -132.658600
v 121.459412 -184.840134 -136.597107
v 126.506073 -181.836914 -132.658600
v 121.459412 -184.840134 -129.580261
v 126.508240 -180.962875 -129.587173
v 121.508705 -180.895020 -132.651688
v 126.458946 -184.907990 -129.587173
v 121.508705 -180.895020 -133.525681
v 126.555367 -177.891800 -133.532593
v 121.555832 -177.823959 -129.580261
v 126.508240 -180.962875 -133.532593
v 121.555832 -177.823959 -136.597107
v 126.506073 -181.836914 -136.604019
v 121.506538 -181.769073 -133.525681
v 126.555367 -177.891800 1.000000
v 123.548927 -183.742416 -126.872810
v 115.361259 -188.555023 -133.496735
v 107.173569 -183.742432 -121.152496
v 116.725189 -166.752014 -117.357323
v 110.101219 -175.458099 -126.810051
v 103.477264 -174.538971 -113.523354
v 98.860420 -156.251389 -111.476433
v 96.330292 -167.363770 -122.677475
v 93.800163 -168.850937 -113.523354
v 79.290909 -156.251404 -111.476433
v 79.308502 -167.363785 -122.677475
v 79.326065 -168.850952 -153.470154
v 79.290962 -211.233490 -142.269165
v 79.308533 -209.746323 -144.316086
v 79.326088 -198.633957 -153.470169
v 98.860466 -211.233475 -142.269165
v 96.330322 -209.746307 -144.316086
v 93.800186 -198.633957 -145.841019
v 116.725227 -200.732819 -136.388260
v 110.101242 -201.651932 -140.183441
v 103.477257 -192.945877 -113.523354
v -13.528299 -156.251450 -111.476440
v -13.510716 -167.363831 -122.677452
v -13.493153 -168.851028 -148.893127
v 76.733711 -204.933731 -140.120712
v 115.361252 -178.929825 -130.605255
v 110.101204 -165.832916 -124.724358
v 96.330276 -157.738571 -124.724365
v 79.308479 -157.738586 -155.517090
v 79.308517 -200.121140 -155.517075
v 96.330307 -200.121109 -149.636200
v 110.101242 -192.026764 -124.724380
v -13.510719 -157.738663 -142.269165
v 79.308533 -209.746323 -144.316086
v 79.326088 -198.633957 -153.470154
v 79.290962 -211.233490 -133.496735
v 107.173569 -183.742432 -126.810051
v 103.477264 -174.538971 -122.677475
v 93.800163 -168.850937 -144.316086
v 79.326088 -198.633957 -144.316086
v 93.800186 -198.633957 -140.183441
v 103.477257 -192.945877 -155.517090
v 79.308517 -200.121140 0.670846
v 125.088730 73.950844 -219.087463
v 125.026291 69.193283 -212.792725
v 125.061295 72.414291 -214.329498
v 124.998856 67.656731 -217.543777
v 130.088257 73.882996 -219.080551
v 130.025818 69.125435 -212.785812
v 130.060837 72.346443 -214.322586
v 129.998398 67.588882 -217.550690
v 125.088730 73.950844 -219.080551
v 130.025818 69.125435 -219.087463
v 125.026291 69.193283 -217.543777
v 130.088257 73.882996 -219.087463
v 125.026291 69.193283 -214.322586
v 129.998398 67.588882 -214.329498
v 124.998856 67.656731 -219.080551
v 130.025818 69.125435 -214.329498
v 124.998856 67.656731 -212.785812
v 130.060837 72.346443 -212.792725
v 125.061295 72.414291 -214.322586
v 129.998398 67.588882 -212.792725
v 125.061295 72.414291 -217.543777
v 130.088257 73.882996 -217.550690
v 125.088730 73.950844 -212.785812
v 130.060837 72.346443 1.000000
v 123.548813 70.183487 -218.532471
v 115.361153 62.396530 -216.002335
v 107.173454 70.183464 -196.028915
v 116.725113 63.693722 -203.136108
v 110.101128 57.393948 -205.183044
v 103.477150 66.668068 -183.684662
v 98.860336 59.682827 -193.620621
v 96.330215 54.302177 -198.496338
v 93.800072 64.495407 -183.684647
v 79.290840 59.682796 -193.620621
v 79.308418 54.302166 -198.496323
v 79.325974 64.495384 -248.319977
v 79.290817 80.684074 -243.444336
v 79.308403 70.490852 -233.508347
v 79.325958 75.871490 -248.320007
v 98.860321 80.684113 -243.444336
v 96.330200 70.490868 -233.508347
v 93.800056 75.871498 -235.975739
v 116.725082 76.673233 -233.928818
v 110.101120 67.399101 -226.821640
v 103.477150 73.698868 -183.684647
v -13.528385 59.682713 -193.620605
v -13.510806 54.302078 -198.496307
v -13.493251 64.495308 -240.914154
v 76.733566 78.277786 -213.472214
v 115.361137 77.970421 -198.075851
v 110.101120 72.967834 -188.560379
v 96.330185 69.876060 -188.560364
v 79.308395 69.876038 -238.384064
v 79.308372 86.064728 -238.384048
v 96.330170 86.064720 -228.868561
v 110.101112 82.972977 -188.560364
v -13.510813 69.875954 -243.444336
v 79.308403 70.490852 -233.508347
v 79.325958 75.871490 -248.319977
v 79.290817 80.684074 -216.002335
v 107.173454 70.183464 -205.183044
v 103.477150 66.668068 -198.496338
v 93.800072 64.495407 -233.508347
v 79.325958 75.871490 -233.508347
v 93.800056 75.871498 -226.821640
v 103.477150 73.698868 -238.384064
v 79.308372 86.064728 0.670846
v 126.935806 232.526550 -1.815715
v 126.942360 232.500473 3.210212
v 126.867912 227.527084 -1.789718
v 126.874466 227.501007 3.191123
v 131.935333 232.458710 -1.808807
v 131.941895 232.432617 3.217120
v 131.867447 227.459229 -1.782810
v 131.874008 227.433151 3.184215
v 126.935806 232.526550 -1.808807
v 131.941895 232.432617 -1.815715
v 126.942360 232.500473 3.191123
v 131.935333 232.458710 -1.815715
v 126.942360 232.500473 -1.782810
v 131.874008 227.433151 -1.789718
v 126.874466 227.501007 -1.808807
v 131.941895 232.432617 -1.789718
v 126.874466 227.501007 3.217120
v 131.867447 227.459229 3.210212
v 126.867912 227.527084 -1.782810
v 131.874008 227.433151 3.210212
v 126.867912 227.527084 3.191123
v 131.935333 232.458710 3.184215
v 126.935806 232.526550 3.217120
v 131.867447 227.459229 1.000000
v 123.548759 227.118347 -0.000040
v 116.725052 206.117050 -0.000041
v 103.477097 215.742233 -0.000034
v 98.860298 193.137543 -0.000038
v 93.800011 208.711441 -0.000053
v 79.290741 261.099091 -0.000048
v 79.325897 245.525223 -0.000019
v -13.528438 193.137451 8.187626
v 115.361076 227.118347 8.187633
v 110.101059 210.929642 8.187636
v 96.330154 200.924438 8.187640
v 79.308350 200.924423 8.187620
v 79.308311 253.312149 8.187616
v 96.330124 253.312164 8.187619
v 110.101059 243.307053 8.187648
v -13.510863 200.924393 -0.000046
v 107.173409 227.118332 -0.000031
v 79.290787 193.137482 -0.000036
v 79.325912 208.711395 -0.000056
v 98.860252 261.099091 -0.000050
v 93.799995 245.525208 -0.000054
v 116.725021 248.119629 -0.000049
v 103.477081 238.494415 -0.000024
v -13.493307 208.711349 -0.000050
v 76.733498 253.312149 -8.187718
v 115.361076 227.118332 -8.187714
v 110.101059 210.929626 -8.187708
v 96.330154 200.924438 -8.187707
v 79.308350 200.924423 -8.187722
v 79.308311 253.312149 -8.187722
v 96.330124 253.312164 -8.187722
v 110.101059 243.307037 -8.187692
v -13.510848 200.924377 8.187620
v 79.308311 253.312149 -0.000048
v 79.325897 245.525223 -0.000053
v 79.290741 261.099091 -0.000050
v 76.733498 253.312149 -8.187722
v 79.308311 253.312149 -0.000048
v 79.325897 245.525223 -0.000053
v 79.290741 261.099091 0.670846
v 124.410248 68.490723 218.454025
v 124.477127 73.269226 215.145248
v 124.396896 67.020569 213.675064
v 124.463776 71.799072 219.931122
v 129.409790 68.422874 218.460922
v 129.476669 73.201370 215.152161
v 129.396423 66.952721 213.681961
v 129.463303 71.731224 219.924210
v 124.410248 68.490723 218.460922
v 129.476669 73.201370 218.454025
v 124.477127 73.269226 219.931122
v 129.409790 68.422874 218.454025
v 124.477127 73.269226 213.681961
v 129.463303 71.731224 213.675064
v 124.463776 71.799072 218.460922
v 129.476669 73.201370 213.675064
v 124.463776 71.799072 215.152161
v 129.396423 66.952721 215.145248
v 124.396896 67.020569 213.681961
v 129.463303 71.731224 215.145248
v 124.396896 67.020569 219.931122
v 129.409790 68.422874 219.924210
v 124.410248 68.490723 215.152161
v 129.396423 66.952721 1.000000
v 123.548798 70.183578 218.532425
v 115.361137 62.396622 216.002274
v 107.173439 70.183548 196.028885
v 116.725090 63.693798 203.136078
v 110.101112 57.394028 205.182983
v 103.477135 66.668152 183.684631
v 98.860321 59.682896 193.620590
v 96.330193 54.302250 198.496277
v 93.800049 64.495491 183.684631
v 79.290825 59.682865 193.620590
v 79.308395 54.302238 198.496277
v 79.325951 64.495461 248.319931
v 79.290810 80.684189 243.444260
v 79.308395 70.490959 233.508286
v 79.325951 75.871590 248.319916
v 98.860313 80.684219 243.444260
v 96.330193 70.490974 233.508286
v 93.800049 75.871597 235.975677
v 116.725075 76.673332 233.928772
v 110.101112 67.399200 226.821579
v 103.477135 73.698967 183.684631
v -13.528401 59.682781 193.620605
v -13.510818 54.302155 198.496307
v -13.493262 64.495384 240.914108
v 76.733559 78.277893 213.472137
v 115.361122 77.970512 198.075806
v 110.101097 72.967911 188.560333
v 96.330170 69.876129 188.560318
v 79.308380 69.876106 238.383987
v 79.308365 86.064827 238.383972
v 96.330162 86.064827 228.868484
v 110.101097 82.973076 188.560349
v -13.510828 69.876030 243.444260
v 79.308395 70.490959 233.508286
v 79.325951 75.871590 248.319931
v 79.290810 80.684189 205.182983
v 103.477135 66.668152 216.002274
v 107.173439 70.183548 198.496277
v 93.800049 64.495491 233.508286
v 93.800049 75.871597 233.508286
v 79.325951 75.871590 226.821579
v 103.477135 73.698967 238.383987
v 79.308365 86.064827 0.670846
v 121.071808 -186.496170 135.627411
v 121.107224 -183.480331 128.623444
v 121.130081 -182.508682 132.611374
v 121.165497 -179.492844 131.646393
v 126.071342 -186.564011 135.634308
v 126.106758 -183.548187 128.630356
v 126.129616 -182.576523 132.618271
v 126.165031 -179.560684 131.639481
v 121.071808 -186.496170 135.634308
v 126.106758 -183.548187 135.627411
v 121.107224 -183.480331 131.646393
v 126.071342 -186.564011 135.627411
v 121.107224 -183.480331 132.618271
v 126.165031 -179.560684 132.611374
v 121.165497 -179.492844 135.634308
v 126.106758 -183.548187 132.611374
v 121.165497 -179.492844 128.630356
v 126.129616 -182.576523 128.623444
v 121.130081 -182.508682 132.618271
v 126.165031 -179.560684 128.623444
v 121.130081 -182.508682 131.646393
v 126.071342 -186.564011 131.639481
v 121.071808 -186.496170 128.630356
v 126.129616 -182.576523 1.000000
v 123.548866 -183.742386 126.872864
v 115.361198 -188.554977 133.496826
v 107.173508 -183.742386 121.152557
v 116.725128 -166.751984 117.357384
v 110.101166 -175.458069 126.810112
v 103.477188 -174.538940 113.523415
v 98.860359 -156.251358 111.476486
v 96.330231 -167.363739 122.677528
v 93.800102 -168.850906 113.523407
v 79.290855 -156.251373 111.476486
v 79.308441 -167.363754 122.677536
v 79.326004 -168.850922 153.470261
v 79.290901 -211.233429 142.269257
v 79.308472 -209.746277 144.316162
v 79.326027 -198.633911 153.470276
v 98.860405 -211.233414 142.269257
v 96.330261 -209.746262 144.316162
v 93.800125 -198.633911 145.841095
v 116.725166 -200.732773 136.388336
v 110.101181 -201.651886 140.183533
v 103.477196 -192.945831 113.523392
v -13.528362 -156.251434 111.476486
v -13.510778 -167.363815 122.677513
v -13.493215 -168.850998 148.893219
v 76.733650 -204.933670 140.120804
v 115.361191 -178.929779 130.605301
v 110.101143 -165.832870 124.724411
v 96.330215 -157.738541 124.724411
v 79.308418 -157.738556 155.517166
v 79.308456 -200.121078 155.517166
v 96.330246 -200.121048 149.636276
v 110.101181 -192.026718 124.724419
v -13.510780 -157.738617 142.269257
v 79.308472 -209.746277 144.316162
v 79.326027 -198.633911 153.470261
v 79.290901 -211.233429 126.810112
v 103.477188 -174.538940 133.496826
v 107.173508 -183.742386 122.677528
v 93.800102 -168.850906 144.316162
v 93.800125 -198.633911 144.316162
v 79.326027 -198.633911 140.183533
v 103.477196 -192.945831 155.517166
v 79.308456 -200.121078 0.670846
v -1.692502 263.522186 131.761063
v -1.692463 228.216934 228.216888
v -1.692414 131.761124 263.522186
v -1.692373 0.000032 228.216888
v -1.692355 -131.761078 131.761093
v -1.692352 -228.216873 -0.000047
v 14.736983 263.522186 131.761047
v 14.737022 228.216949 228.216873
v 14.737072 131.761139 263.522186
v 14.737112 0.000033 228.216888
v 14.737131 -131.761063 131.761093
v 14.737125 -228.216858 -0.000066
v 164.921585 131.286514 65.643181
v 103.842010 113.697472 65.643166
v 164.921600 113.697487 113.697380
v 103.842041 65.643295 113.697365
v 164.921631 65.643303 131.286453
v 103.842056 0.000045 131.286438
v 164.921646 0.000060 113.697403
v 103.842056 -65.643188 113.697388
v 164.921646 -65.643181 65.643219
v 103.842072 -113.697395 65.643204
v 164.921631 -113.697380 -131.761139
v -1.692533 228.216904 -228.216919
v -1.692531 131.761063 -263.522186
v -1.692513 -0.000054 -228.216858
v -1.692472 -131.761139 -131.761032
v -1.692422 -228.216904 0.000044
v -1.692384 -263.522156 -131.761154
v 14.736952 228.216904 -228.216934
v 14.736946 131.761063 -263.522186
v 14.736973 -0.000053 -228.216858
v 14.737005 -131.761139 -131.761032
v 14.737054 -228.216904 0.000039
v 14.737102 -263.522156 -0.000049
v 103.842018 131.286530 -65.643272
v 103.841980 113.697449 -65.643288
v 164.921570 113.697472 -113.697456
v 103.841980 65.643257 -113.697472
v 164.921570 65.643272 -131.286514
v 103.841980 0.000003 -131.286530
v 164.921585 0.000017 -113.697433
v 103.841995 -65.643227 -113.697449
v 164.921585 -65.643211 -65.643234
v 103.842033 -113.697418 -65.643250
v 164.921600 -113.697395 -0.000006
v 103.842064 -131.286453 -0.000023
v 164.921646 -131.286407 81.613708
v 111.509109 -111.746513 73.924507
v 106.223137 -119.721222 45.994789
v 123.160248 -136.687134 52.760189
v 113.146088 -134.540619 63.188034
v 107.072113 -128.123291 76.131729
v 111.509109 -103.917427 66.008110
v 106.223137 -108.415421 86.247452
v 126.922684 -102.668129 63.479095
v 128.341187 -118.610695 40.512810
v 123.160248 -128.858063 44.843792
v 113.146088 -123.234825 43.180126
v 141.010239 -132.824188 54.440632
v 107.072105 -115.630714 53.909454
v 107.408302 -116.051605 66.390518
v 106.422806 -108.245514 89.052475
v 140.821350 -102.068176 82.952003
v 134.432022 -112.634499 80.092598
v 118.719673 -117.587135 82.712357
v 105.982552 -113.049614 101.191406
v 112.185173 -81.042931 97.768105
v 106.928314 -86.972275 100.269424
v 120.673080 -82.639832 86.023354
v 140.515823 -107.314758 80.490089
v 110.110756 -116.898659 79.572052
v 118.931198 -105.794556 87.119820
v 114.249542 -94.101227 96.592346
v 115.935089 -82.508110 81.199272
v 127.872704 -102.976135 88.625633
v 122.523918 -91.493080 95.760269
v 111.362961 -83.949287 90.308662
v 104.850769 -99.892395 95.235344
v 131.922699 -91.359116 99.968628
v 111.020470 -86.058067 109.459602
v 104.111610 -69.619225 94.939766
v 126.408669 -94.768295 118.257591
v 109.434685 -54.380650 95.350594
v 140.564072 -94.056717 122.492332
v 120.806519 -47.045860 98.504913
v 126.408669 -96.826637 103.533768
v 111.020454 -88.116402 113.024750
v 104.111610 -71.677567 121.822739
v 109.434685 -56.438995 126.057480
v 120.806519 -49.104198 98.915749
v 140.564072 -96.115044 -89.649071
v 111.020424 -101.443375 -72.445602
v 104.111572 -109.465492 -98.764450
v 126.408615 -97.192795 -56.498230
v 109.434647 -116.901878 -98.019775
v 140.564011 -97.540047 -48.822266
v 120.806488 -120.481255 -100.504227
v 126.408615 -100.923767 -91.388847
v 111.020409 -105.174347 -74.185387
v 104.111572 -113.196465 -58.238010
v 109.434647 -120.632858 -50.562050
v 120.806488 -124.212227 -99.759560
v 140.564011 -101.271027 -22.135601
v 111.509087 -138.726273 -33.211658
v 106.223106 -138.928131 -64.957672
v 123.160217 -131.175568 -58.655987
v 113.146057 -134.441605 -46.744663
v 107.072083 -137.277481 -20.475948
v 111.509087 -129.313919 -30.814987
v 106.223114 -125.336006 -12.439665
v 126.922661 -135.583435 -39.812431
v 128.341171 -130.756866 -63.298016
v 123.160217 -121.763222 -56.259319
v 113.146057 -120.849464 -64.216408
v 141.010208 -126.453773 -44.096409
v 107.072083 -122.258537 -44.769619
v 107.408279 -122.180542 -30.424438
v 106.422783 -125.486267 -10.031985
v 140.821320 -137.142654 -21.817190
v 134.431992 -140.300476 -27.341141
v 118.719650 -141.780609 -22.280184
v 105.982529 -140.424545 13.418641
v 112.185158 -130.859085 6.805311
v 106.928299 -132.631134 11.637522
v 120.673065 -131.336349 -15.883799
v 140.515793 -138.710632 -26.573238
v 110.110733 -141.574860 -19.370605
v 118.931175 -133.073929 -5.765087
v 114.249519 -130.142578 9.130559
v 115.935074 -128.643097 -16.227060
v 127.872681 -132.231628 -2.856079
v 122.523895 -129.363113 7.523135
v 111.362946 -129.073807 -7.605211
v 104.850746 -136.492401 1.912412
v 131.922668 -133.942169 7.511521
v 111.020454 -133.122772 25.348688
v 104.111595 -126.630585 -1.939640
v 126.408653 -136.562729 41.883518
v 109.434677 -120.612396 -1.167530
v 140.564041 -136.281693 49.842224
v 120.806511 -117.715660 -0.531651
v 126.408653 -140.431137 8.919509
v 111.020439 -136.991196 26.756678
v 104.111595 -130.498993 43.291508
v 109.434677 -124.480804 51.250221
v 120.806511 -121.584068 0.240459
v 140.564041 -140.150116 135.897934
v 111.509109 -19.307133 136.099792
v 106.223137 -30.383192 128.347244
v 123.160263 -62.129208 131.613281
v 113.146103 -55.827522 134.449158
v 107.072121 -43.916199 126.485588
v 111.509109 -17.647488 122.507668
v 106.223145 -27.986536 132.755081
v 126.922684 -9.611196 127.928543
v 128.341202 -36.983963 118.934906
v 123.160255 -60.469555 118.021149
v 113.146095 -53.430866 123.625458
v 141.010254 -61.387939 119.430214
v 107.072113 -41.267952 119.352219
v 107.408310 -41.941174 122.657928
v 106.422813 -27.595985 134.314301
v 140.821335 -7.203513 137.472153
v 134.432022 -18.988714 138.952271
v 118.719673 -24.512671 137.596207
v 105.982552 -19.451715 128.030746
v 112.185165 16.247107 129.802780
v 106.928314 9.633774 128.507980
v 120.673073 14.465984 135.882294
v 140.515823 -13.055321 138.746521
v 110.110756 -23.744776 130.245590
v 118.931198 -16.542145 127.314247
v 114.249542 -2.936618 125.814751
v 115.935081 11.959025 129.403290
v 127.872704 -13.398589 126.534760
v 122.523918 -0.027618 126.245438
v 111.362953 10.351594 133.664047
v 104.850769 -4.776750 131.113815
v 131.922684 4.740880 130.294449
v 111.020470 10.339902 123.802246
v 104.111603 28.177069 133.734375
v 126.408669 0.888739 117.784050
v 109.434669 44.711887 133.453339
v 140.564056 1.660861 114.887321
v 120.806503 52.670609 137.602798
v 126.408669 2.296731 134.162857
v 111.020454 11.747885 127.670654
v 104.111603 29.585051 121.652466
v 109.434677 46.119884 118.755745
v 120.806503 54.078602 137.321747
v 140.564056 3.068842 108.918175
v 111.509087 84.442116 116.892876
v 106.223122 76.752899 133.858795
v 123.160248 48.823181 131.712280
v 113.146088 55.588593 125.294952
v 107.072098 66.016426 101.089081
v 111.509087 78.960129 105.587074
v 106.223129 68.836502 99.839775
v 126.922661 89.075851 115.782356
v 128.341171 66.307495 126.029732
v 123.160248 43.341217 120.406487
v 113.146080 47.672188 129.995834
v 141.010239 46.008545 112.802376
v 107.072098 57.269020 113.223259
v 107.408295 56.737846 105.417168
v 106.422798 69.218903 99.239807
v 140.821320 91.880867 109.806122
v 134.431992 85.780396 114.758797
v 118.719658 82.921005 110.221268
v 105.982529 85.540733 78.214577
v 112.185143 104.019814 84.143921
v 106.928284 100.596489 79.811478
v 120.673050 103.097824 104.486397
v 140.515793 88.851753 114.070320
v 110.110741 83.318497 102.966209
v 118.931175 82.400452 91.272873
v 114.249519 89.948227 79.679764
v 115.935059 99.420723 100.147789
v 127.872681 84.027672 88.664726
v 122.523895 91.454025 81.120926
v 111.362930 98.588646 97.064041
v 104.850746 93.137062 88.530754
v 131.922668 98.063736 83.992279
v 111.020439 101.443459 66.788818
v 104.111572 109.465553 93.107651
v 126.408646 97.192886 50.841427
v 109.434647 116.901947 92.362961
v 140.564041 97.540138 43.165459
v 120.806473 120.481316 94.847435
v 126.408646 100.923866 85.732063
v 111.020424 105.174431 68.528603
v 104.111572 113.196526 52.581211
v 109.434647 120.632912 44.905239
v 120.806473 124.212288 94.102745
v 140.564041 101.271111 16.478785
v 111.509056 138.726318 27.554846
v 106.223083 138.928177 59.300858
v 123.160217 131.175644 52.999168
v 113.146049 134.441650 41.087845
v 107.072067 137.277512 14.819132
v 111.509056 129.313950 25.158182
v 106.223099 125.336029 6.782848
v 126.922630 135.583466 34.155605
v 128.341141 130.756927 57.641209
v 123.160217 121.763298 50.602516
v 113.146057 120.849525 58.559582
v 141.010208 126.453842 38.439602
v 107.072067 122.258583 39.112816
v 107.408264 122.180588 24.767633
v 106.422768 125.486305 4.375158
v 140.821289 137.142685 16.160364
v 134.431961 140.300522 21.684317
v 118.719620 141.780655 16.623369
v 105.982498 140.424591 -19.075447
v 112.185112 130.859116 -12.462120
v 106.928253 132.631149 -17.294346
v 120.673019 131.336349 10.226958
v 140.515762 138.710663 20.916424
v 110.110703 141.574905 13.713793
v 118.931145 133.073975 0.108277
v 114.249489 130.142609 -14.787378
v 115.935028 128.643112 10.570235
v 127.872650 132.231659 -2.800740
v 122.523865 129.363144 -13.179949
v 111.362900 129.073822 1.948404
v 104.850716 136.492432 -7.569234
v 131.922638 133.942200 -13.168229
v 111.020409 133.122803 -31.005398
v 104.111549 126.630623 -3.717077
v 126.408607 136.562744 -47.540218
v 109.434616 120.612427 -4.489184
v 140.564011 136.281723 -55.498936
v 120.806450 117.715691 -5.125052
v 126.408607 140.431168 -14.576210
v 111.020393 136.991226 -32.413372
v 104.111549 130.499039 -48.948212
v 109.434616 124.480835 -56.906933
v 120.806450 121.584114 -5.897176
v 140.564011 140.150131 -87.270424
v 111.509033 111.746536 -79.581215
v 106.223061 119.721230 -51.651524
v 123.160187 136.687180 -58.416908
v 113.146027 134.540634 -68.844757
v 107.072037 128.123322 -81.788452
v 111.509033 103.917450 -71.664825
v 106.223076 108.415443 -91.904175
v 126.922607 102.668159 -69.135826
v 128.341125 118.610733 -46.169540
v 123.160187 128.858109 -50.500511
v 113.146027 123.234856 -48.836868
v 141.010178 132.824234 -60.097351
v 107.072044 115.630737 -59.566174
v 107.408241 116.051628 -72.047241
v 106.422745 108.245537 -94.709206
v 140.821259 102.068207 -88.608727
v 134.431931 112.634529 -85.749321
v 118.719597 117.587166 -88.369064
v 105.982475 113.049637 -106.848129
v 112.185097 81.042953 -103.424828
v 106.928238 86.972305 -105.926163
v 120.673004 82.639854 -91.680084
v 140.515732 107.314796 -86.146820
v 110.110680 116.898674 -85.228783
v 118.931122 105.794586 -92.776543
v 114.249466 94.101250 -102.249062
v 115.935013 82.508141 -86.856003
v 127.872627 102.976158 -94.282372
v 122.523842 91.493103 -101.416985
v 111.362885 83.949310 -95.965385
v 104.850693 99.892418 -100.892082
v 131.922607 91.359146 -104.271774
v 111.020393 86.820686 -112.293877
v 104.111534 69.617226 -100.021210
v 126.408592 95.936066 -119.730278
v 109.434608 53.669842 -100.368454
v 140.563980 95.191391 -123.309631
v 120.806442 45.993874 -103.752182
v 126.408592 97.675850 -108.002747
v 111.020378 88.560471 -116.024857
v 104.111534 71.357002 -123.461250
v 109.434608 55.409622 -127.040619
v 120.806442 47.733665 -104.099434
v 140.563980 96.931175 -141.554657
v 111.509033 19.307207 -141.756516
v 106.223061 30.383265 -134.003967
v 123.160172 62.129272 -137.269989
v 113.146011 55.827595 -140.105850
v 107.072029 43.916275 -132.142303
v 111.509033 17.647556 -128.164383
v 106.223068 27.986601 -138.411819
v 126.922607 9.611271 -133.585266
v 128.341110 36.984035 -124.591629
v 123.160179 60.469631 -123.677849
v 113.146019 53.430931 -129.282181
v 141.010162 61.388012 -125.086937
v 107.072037 41.268024 -125.008942
v 107.408234 41.941235 -128.314636
v 106.422737 27.596054 -139.971039
v 140.821259 7.203589 -143.128876
v 134.431931 18.988794 -144.608994
v 118.719597 24.512741 -143.252930
v 105.982475 19.451792 -133.687454
v 112.185104 -16.247032 -135.459503
v 106.928238 -9.633699 -134.164719
v 120.673012 -14.465916 -141.539032
v 140.515732 13.055404 -144.403244
v 110.110680 23.744844 -135.902313
v 118.931122 16.542213 -132.970963
v 114.249466 2.936697 -131.471466
v 115.935020 -11.958950 -135.060013
v 127.872627 13.398666 -132.191498
v 122.523842 0.027689 -131.902176
v 111.362892 -10.351527 -139.320786
v 104.850693 4.776820 -136.770554
v 131.922623 -4.740807 -135.951172
v 111.020393 -10.339797 -129.459000
v 104.111542 -28.176970 -139.391113
v 126.408592 -0.888641 -123.440788
v 109.434624 -44.711803 -139.110077
v 140.563995 -1.660753 -120.544075
v 120.806458 -52.670521 -143.259521
v 126.408592 -2.296625 -139.819580
v 111.020378 -11.747788 -133.327393
v 104.111542 -29.584959 -127.309212
v 109.434616 -46.119789 -124.412483
v 120.806458 -54.078506 -142.978500
v 140.563995 -3.068735 -114.574921
v 111.509056 -84.442017 -122.549606
v 106.223076 -76.752808 -139.515549
v 123.160187 -48.823093 -137.369019
v 113.146027 -55.588490 -130.951706
v 107.072052 -66.016327 -106.745834
v 111.509056 -78.960037 -111.243820
v 106.223083 -68.836403 -105.496544
v 126.922630 -89.075760 -121.439110
v 128.341141 -66.307396 -131.686478
v 123.160187 -43.341110 -126.063225
v 113.146034 -47.672092 -135.652588
v 141.010178 -46.008438 -118.459114
v 107.072052 -57.268932 -118.879997
v 107.408249 -56.737755 -111.073914
v 106.422752 -69.218819 -104.896591
v 140.821289 -91.880791 -115.462906
v 134.431961 -85.780312 -120.415543
v 118.719612 -82.920898 -115.878021
v 105.982498 -85.540649 -83.871338
v 112.185127 -104.019730 -89.800690
v 106.928268 -100.596420 -85.468239
v 120.673035 -103.097755 -110.143173
v 140.515762 -88.851669 -119.727066
v 110.110695 -83.318398 -108.622963
v 118.931145 -82.400360 -96.929634
v 114.249489 -89.948135 -85.336525
v 115.935043 -99.420654 -105.804550
v 127.872650 -84.027580 -94.321487
v 122.523865 -91.453949 -86.777702
v 111.362915 -98.588585 -102.720795
v 104.850716 -93.136971 -94.187538
v 131.922638 -98.063660 228.216873
v 14.737072 131.761139 263.522186
v 14.737112 0.000033 131.761047
v 14.737022 228.216949 228.216888
v 14.737131 -131.761063 131.761093
v 14.737125 -228.216858 0.000039
v 14.737102 -263.522156 -0.000047
v 14.736983 263.522186 113.697365
v 164.921631 65.643303 131.286438
v 164.921646 0.000060 65.643166
v 164.921600 113.697487 113.697388
v 164.921646 -65.643181 65.643204
v 164.921631 -113.697380 -0.000023
v 164.921646 -131.286407 -0.000066
v 164.921585 131.286514 -228.216858
v 14.737005 -131.761139 -263.522186
v 14.736973 -0.000053 -131.761032
v 14.737054 -228.216904 -228.216934
v 14.736946 131.761063 -131.761154
v 14.736952 228.216904 -113.697449
v 164.921585 -65.643211 -131.286530
v 164.921585 0.000017 -65.643250
v 164.921600 -113.697395 -113.697472
v 164.921570 65.643272 -65.643288
v 164.921570 113.697472 63.479095
v 128.341187 -118.610695 63.188034
v 107.072113 -128.123291 86.247452
v 126.922684 -102.668129 63.479095
v 128.341187 -118.610695 43.180126
v 141.010239 -132.824188 63.479095
v 128.341187 -118.610695 54.440632
v 107.072105 -115.630714 52.760189
v 113.146088 -134.540619 53.909454
v 107.408302 -116.051605 44.843792
v 113.146088 -123.234825 63.188034
v 107.072113 -128.123291 76.131729
v 111.509109 -103.917427 81.613708
v 111.509109 -111.746513 86.247452
v 126.922684 -102.668129 45.994789
v 123.160248 -136.687134 40.512810
v 123.160248 -128.858063 43.180126
v 141.010239 -132.824188 54.440632
v 107.072105 -115.630714 66.390518
v 106.422806 -108.245514 66.008110
v 106.223137 -108.415421 73.924507
v 106.223137 -119.721222 95.235344
v 131.922699 -91.359116 82.712357
v 105.982552 -113.049614 89.052475
v 140.821350 -102.068176 90.308662
v 104.850769 -99.892395 80.490089
v 110.110756 -116.898659 86.023354
v 140.515823 -107.314758 97.768105
v 106.928314 -86.972275 100.269424
v 120.673080 -82.639832 101.191406
v 112.185173 -81.042931 82.952003
v 134.432022 -112.634499 80.092598
v 118.719673 -117.587135 121.822739
v 109.434685 -56.438995 -58.238010
v 109.434647 -120.632858 -39.812431
v 128.341171 -130.756866 -46.744663
v 107.072083 -137.277481 -12.439665
v 126.922661 -135.583435 -39.812431
v 128.341171 -130.756866 -64.216408
v 141.010208 -126.453773 -39.812431
v 128.341171 -130.756866 -44.096409
v 107.072083 -122.258537 -58.655987
v 113.146057 -134.441605 -44.769619
v 107.408279 -122.180542 -56.259319
v 113.146057 -120.849464 -46.744663
v 107.072083 -137.277481 -20.475948
v 111.509087 -129.313919 -22.135601
v 111.509087 -138.726273 -12.439665
v 126.922661 -135.583435 -64.957672
v 123.160217 -131.175568 -63.298016
v 123.160217 -121.763222 -64.216408
v 141.010208 -126.453773 -44.096409
v 107.072083 -122.258537 -30.424438
v 106.422783 -125.486267 -30.814987
v 106.223114 -125.336006 -33.211658
v 106.223106 -138.928131 1.912412
v 131.922668 -133.942169 -22.280184
v 105.982529 -140.424545 -10.031985
v 140.821320 -137.142654 -7.605211
v 104.850746 -136.492401 -26.573238
v 110.110733 -141.574860 -15.883799
v 140.515793 -138.710632 6.805311
v 106.928299 -132.631134 11.637522
v 120.673065 -131.336349 13.418641
v 112.185158 -130.859085 -21.817190
v 134.431992 -140.300476 -27.341141
v 118.719650 -141.780609 43.291508
v 109.434677 -124.480804 127.928543
v 128.341202 -36.983963 134.449158
v 107.072121 -43.916199 132.755081
v 126.922684 -9.611196 127.928543
v 128.341202 -36.983963 123.625458
v 141.010254 -61.387939 127.928543
v 128.341202 -36.983963 119.430214
v 107.072113 -41.267952 131.613281
v 113.146103 -55.827522 119.352219
v 107.408310 -41.941174 118.021149
v 113.146095 -53.430866 134.449158
v 107.072121 -43.916199 126.485588
v 111.509109 -17.647488 135.897934
v 111.509109 -19.307133 132.755081
v 126.922684 -9.611196 128.347244
v 123.160263 -62.129208 118.934906
v 123.160255 -60.469555 123.625458
v 141.010254 -61.387939 119.430214
v 107.072113 -41.267952 122.657928
v 106.422813 -27.595985 122.507668
v 106.223145 -27.986536 136.099792
v 106.223137 -30.383192 131.113815
v 131.922684 4.740880 137.596207
v 105.982552 -19.451715 134.314301
v 140.821335 -7.203513 133.664047
v 104.850769 -4.776750 138.746521
v 110.110756 -23.744776 135.882294
v 140.515823 -13.055321 129.802780
v 106.928314 9.633774 128.507980
v 120.673073 14.465984 128.030746
v 112.185165 16.247107 137.472153
v 134.432022 -18.988714 138.952271
v 118.719673 -24.512671 121.652466
v 109.434677 46.119884 115.782356
v 128.341171 66.307495 125.294952
v 107.072098 66.016426 99.839775
v 126.922661 89.075851 115.782356
v 128.341171 66.307495 129.995834
v 141.010239 46.008545 115.782356
v 128.341171 66.307495 112.802376
v 107.072098 57.269020 131.712280
v 113.146088 55.588593 113.223259
v 107.408295 56.737846 120.406487
v 113.146080 47.672188 125.294952
v 107.072098 66.016426 101.089081
v 111.509087 78.960129 108.918175
v 111.509087 84.442116 99.839775
v 126.922661 89.075851 133.858795
v 123.160248 48.823181 126.029732
v 123.160248 43.341217 129.995834
v 141.010239 46.008545 112.802376
v 107.072098 57.269020 105.417168
v 106.422798 69.218903 105.587074
v 106.223129 68.836502 116.892876
v 106.223122 76.752899 88.530754
v 131.922668 98.063736 110.221268
v 105.982529 85.540733 99.239807
v 140.821320 91.880867 97.064041
v 104.850746 93.137062 114.070320
v 110.110741 83.318497 104.486397
v 140.515793 88.851753 84.143921
v 106.928284 100.596489 79.811478
v 120.673050 103.097824 78.214577
v 112.185143 104.019814 109.806122
v 134.431992 85.780396 114.758797
v 118.719658 82.921005 52.581211
v 109.434647 120.632912 34.155605
v 128.341141 130.756927 41.087845
v 107.072067 137.277512 6.782848
v 126.922630 135.583466 34.155605
v 128.341141 130.756927 58.559582
v 141.010208 126.453842 34.155605
v 128.341141 130.756927 38.439602
v 107.072067 122.258583 52.999168
v 113.146049 134.441650 39.112816
v 107.408264 122.180588 50.602516
v 113.146057 120.849525 41.087845
v 107.072067 137.277512 14.819132
v 111.509056 129.313950 16.478785
v 111.509056 138.726318 6.782848
v 126.922630 135.583466 59.300858
v 123.160217 131.175644 57.641209
v 123.160217 121.763298 58.559582
v 141.010208 126.453842 38.439602
v 107.072067 122.258583 24.767633
v 106.422768 125.486305 25.158182
v 106.223099 125.336029 27.554846
v 106.223083 138.928177 -7.569234
v 131.922638 133.942200 16.623369
v 105.982498 140.424591 4.375158
v 140.821289 137.142685 1.948404
v 104.850716 136.492432 20.916424
v 110.110703 141.574905 10.226958
v 140.515762 138.710663 -12.462120
v 106.928253 132.631149 -17.294346
v 120.673019 131.336349 -19.075447
v 112.185112 130.859116 16.160364
v 134.431961 140.300522 21.684317
v 118.719620 141.780655 -48.948212
v 109.434616 124.480835 -69.135826
v 128.341125 118.610733 -68.844757
v 107.072037 128.123322 -91.904175
v 126.922607 102.668159 -69.135826
v 128.341125 118.610733 -48.836868
v 141.010178 132.824234 -69.135826
v 128.341125 118.610733 -60.097351
v 107.072044 115.630737 -58.416908
v 113.146027 134.540634 -59.566174
v 107.408241 116.051628 -50.500511
v 113.146027 123.234856 -68.844757
v 107.072037 128.123322 -81.788452
v 111.509033 103.917450 -87.270424
v 111.509033 111.746536 -91.904175
v 126.922607 102.668159 -51.651524
v 123.160187 136.687180 -46.169540
v 123.160187 128.858109 -48.836868
v 141.010178 132.824234 -60.097351
v 107.072044 115.630737 -72.047241
v 106.422745 108.245537 -71.664825
v 106.223076 108.415443 -79.581215
v 106.223061 119.721230 -100.892082
v 131.922607 91.359146 -88.369064
v 105.982475 113.049637 -94.709206
v 140.821259 102.068207 -95.965385
v 104.850693 99.892418 -86.146820
v 110.110680 116.898674 -91.680084
v 140.515732 107.314796 -103.424828
v 106.928238 86.972305 -105.926163
v 120.673004 82.639854 -106.848129
v 112.185097 81.042953 -88.608727
v 134.431931 112.634529 -85.749321
v 118.719597 117.587166 -123.461250
v 109.434608 55.409622 -133.585266
v 128.341110 36.984035 -140.105850
v 107.072029 43.916275 -138.411819
v 126.922607 9.611271 -133.585266
v 128.341110 36.984035 -129.282181
v 141.010162 61.388012 -133.585266
v 128.341110 36.984035 -125.086937
v 107.072037 41.268024 -137.269989
v 113.146011 55.827595 -125.008942
v 107.408234 41.941235 -123.677849
v 113.146019 53.430931 -140.105850
v 107.072029 43.916275 -132.142303
v 111.509033 17.647556 -141.554657
v 111.509033 19.307207 -138.411819
v 126.922607 9.611271 -134.003967
v 123.160172 62.129272 -124.591629
v 123.160179 60.469631 -129.282181
v 141.010162 61.388012 -125.086937
v 107.072037 41.268024 -128.314636
v 106.422737 27.596054 -128.164383
v 106.223068 27.986601 -141.756516
v 106.223061 30.383265 -136.770554
v 131.922623 -4.740807 -143.252930
v 105.982475 19.451792 -139.971039
v 140.821259 7.203589 -139.320786
v 104.850693 4.776820 -144.403244
v 110.110680 23.744844 -141.539032
v 140.515732 13.055404 -135.459503
v 106.928238 -9.633699 -134.164719
v 120.673012 -14.465916 -133.687454
v 112.185104 -16.247032 -143.128876
v 134.431931 18.988794 -144.608994
v 118.719597 24.512741 -127.309212
v 109.434616 -46.119789 -121.439110
v 128.341141 -66.307396 -130.951706
v 107.072052 -66.016327 -105.496544
v 126.922630 -89.075760 -121.439110
v 128.341141 -66.307396 -135.652588
v 141.010178 -46.008438 -121.439110
v 128.341141 -66.307396 -118.459114
v 107.072052 -57.268932 -137.369019
v 113.146027 -55.588490 -118.879997
v 107.408249 -56.737755 -126.063225
v 113.146034 -47.672092 -130.951706
v 107.072052 -66.016327 -106.745834
v 111.509056 -78.960037 -114.574921
v 111.509056 -84.442017 -105.496544
v 126.922630 -89.075760 -139.515549
v 123.160187 -48.823093 -131.686478
v 123.160187 -43.341110 -135.652588
v 141.010178 -46.008438 -118.459114
v 107.072052 -57.268932 -111.073914
v 106.422752 -69.218819 -111.243820
v 106.223083 -68.836403 -122.549606
v 106.223076 -76.752808 -94.187538
v 131.922638 -98.063660 -115.878021
v 105.982498 -85.540649 -104.896591
v 140.821289 -91.880791 -102.720795
v 104.850716 -93.136971 -119.727066
v 110.110695 -83.318398 -110.143173
v 140.515762 -88.851669 -89.800690
v 106.928268 -100.596420 -85.468239
v 120.673035 -103.097755 -83.871338
v 112.185127 -104.019730 -115.462906
v 134.431961 -85.780312 -120.415543
v 118.719612 -82.920898 0.266346
v 270.623505 -0.000012 -0.086987
v 266.476257 7.917087 -0.087028
v 266.476196 -7.917089 5.702227
v 266.476257 -5.598243 8.021094
v 266.476227 -0.000011 5.702251
v 266.476257 5.598188 -0.086979
v 255.103210 14.225851 -0.087030
v 255.103149 -14.225876 5.506182
v 255.103149 -13.030560 10.167955
v 255.103119 -10.059241 13.139310
v 255.103149 -5.397467 14.334649
v 255.103165 -0.000011 13.139341
v 255.103195 5.397407 10.167995
v 255.103210 10.059176 5.506232
v 255.103210 13.030520 -0.086930
v 243.591766 25.445400 -0.087078
v 243.591705 -25.445431 6.658413
v 243.587982 -24.578402 12.795392
v 243.584625 -22.036407 18.065321
v 243.581802 -17.992680 22.109085
v 243.579559 -12.722768 24.651129
v 243.578232 -6.585825 25.518160
v 243.577789 -0.000010 24.651146
v 243.578232 6.585685 22.109152
v 243.579651 12.722647 18.065416
v 243.581848 17.992577 12.795510
v 243.584686 22.036356 6.658576
v 243.588058 24.578377 -0.086839
v 232.409363 42.197754 -0.087143
v 232.409424 -42.197758 10.834448
v 232.403458 -40.759941 21.011745
v 232.397888 -36.544403 29.751234
v 232.393158 -29.838419 36.457275
v 232.389496 -21.099003 40.672890
v 232.387177 -10.921724 42.110771
v 232.386368 -0.000009 40.672958
v 232.387146 10.921414 36.457405
v 232.389435 21.098732 29.751417
v 232.393082 29.838207 21.012020
v 232.397858 36.544250 10.834760
v 232.403412 40.759853 -0.086715
v 219.818863 58.631588 -0.087259
v 219.819351 -58.631599 15.087743
v 219.802750 -56.633827 28.391300
v 217.764008 -53.542980 41.371677
v 219.774063 -41.458965 50.689335
v 219.763901 -29.316019 56.546761
v 219.757446 -15.175235 58.544628
v 219.755219 -0.000008 56.546875
v 219.757309 15.174705 50.689629
v 219.763641 29.315565 41.372025
v 219.773743 41.458614 29.229065
v 219.786926 50.776310 15.088263
v 219.802338 56.633713 -0.086659
v 204.210678 67.030304 -0.087371
v 204.211441 -67.030334 20.382090
v 204.189026 -63.436081 44.937206
v 204.162170 -49.378410 57.962818
v 204.147980 -33.515457 64.659286
v 204.140594 -17.349030 66.943352
v 204.138031 -0.000007 64.659424
v 204.140411 17.348370 57.963150
v 204.147614 33.514858 47.310902
v 204.159164 47.397404 33.428493
v 204.174225 58.049812 17.262070
v 204.191788 64.746239 -0.086617
v 188.685440 67.968147 -0.087411
v 188.686325 -67.968170 17.406761
v 188.572525 -65.650856 33.809841
v 189.410706 -59.281872 47.973625
v 188.633774 -48.061420 58.775085
v 188.621964 -33.984848 65.565239
v 188.614456 -17.592255 67.881248
v 188.611801 -0.000007 65.565407
v 188.614212 17.590649 58.775478
v 188.621521 33.983337 47.974102
v 188.633179 48.060051 33.897484
v 188.648438 58.861523 17.504894
v 188.666275 65.651688 -0.086562
v 177.015396 65.082413 -0.087418
v 177.016556 -65.082413 16.757381
v 176.998169 -62.866470 32.454071
v 176.981003 -56.364811 45.933147
v 176.966232 -46.022102 56.276024
v 176.954849 -32.543163 62.777943
v 176.947617 -16.846544 64.995667
v 176.945053 -0.000006 62.778141
v 176.947327 16.842581 56.276455
v 176.954254 32.539246 45.933743
v 176.965424 46.018330 32.454800
v 176.980011 56.361202 16.758196
v 176.997040 62.863056 -0.086498
v 168.826569 60.140961 -0.087498
v 168.827774 -60.140995 14.983283
v 168.569336 -56.171467 29.044659
v 168.553955 -50.347187 41.119434
v 168.540695 -41.082016 50.384800
v 168.530487 -29.007338 56.209297
v 168.523987 -14.946082 58.195988
v 168.521667 0.143636 56.209496
v 168.523682 15.233169 50.385204
v 168.529907 29.294518 41.120033
v 168.539871 41.369305 29.045387
v 168.552933 50.634663 14.984095
v 168.568192 56.459141 -0.086632
v 162.356400 48.470188 -0.087402
v 162.357422 -48.470234 12.486541
v 162.350571 -47.037987 24.176651
v 162.344147 -42.195892 34.215240
v 162.338608 -34.493137 41.918152
v 162.334305 -24.454685 46.760414
v 162.331528 -12.764633 48.412079
v 162.330505 -0.219399 46.760590
v 162.331268 12.325397 41.918514
v 162.333786 24.015530 34.215729
v 162.337875 34.054089 24.177275
v 162.343262 41.756981 12.487243
v 162.349579 46.599312 -4.444657
v 158.496826 33.101543 4.270621
v 158.497482 -33.101574 20.266413
v 158.497437 -26.706797 30.787432
v 158.497299 -12.995770 33.043358
v 158.497131 4.138815 26.429762
v 158.496964 20.105787 12.718746
v 158.496857 30.626814 -0.087010
v 155.686295 -0.000007 -5.876226
v 266.476257 5.598254 -8.195111
v 266.476257 -0.000012 -5.876261
v 266.476257 -5.598213 -5.680175
v 255.103210 13.030560 -10.341969
v 255.103210 10.059232 -13.313306
v 255.103165 5.397439 -14.508651
v 255.103195 -0.000011 -13.313347
v 255.103165 -5.397412 -10.342010
v 255.103149 -10.059192 -5.680249
v 255.103119 -13.030520 -6.832438
v 243.595428 24.578392 -12.969386
v 243.598755 22.036386 -18.239334
v 243.601624 17.992697 -22.283104
v 243.603821 12.722784 -24.825127
v 243.605225 6.585825 -25.692165
v 243.605652 -0.000011 -24.825151
v 243.605194 -6.585670 -22.283157
v 243.603790 -12.722656 -18.239429
v 243.601593 -17.992577 -12.969522
v 243.598663 -22.036350 -6.832576
v 243.595367 -24.578381 -11.008425
v 232.415344 40.759968 -21.185747
v 232.420883 36.544388 -29.925209
v 232.425644 29.838408 -36.631252
v 232.429291 21.099003 -40.846859
v 232.431580 10.921728 -42.284752
v 232.432373 -0.000010 -40.846931
v 232.431610 -10.921446 -36.631409
v 232.429291 -21.098743 -29.925407
v 232.425690 -29.838203 -21.186001
v 232.420914 -36.544243 -11.008731
v 232.415344 -40.759850 -15.261705
v 219.835388 56.633812 -29.402588
v 219.850830 50.776577 -41.545631
v 219.864105 41.458992 -50.863346
v 219.874313 29.316006 -56.720745
v 219.880753 15.175207 -58.718632
v 219.883026 -0.000010 -56.720871
v 219.880890 -15.174712 -50.863621
v 219.874557 -29.315544 -41.545998
v 219.864441 -41.458641 -30.576416
v 217.450958 -51.681362 -15.337715
v 219.968338 -56.411484 -17.435404
v 204.229614 64.746384 -33.601891
v 204.247299 58.050125 -47.484379
v 204.262466 47.397850 -58.136822
v 204.274139 33.515446 -64.833275
v 204.281525 17.349012 -67.117355
v 204.284134 -0.000009 -64.833458
v 204.281708 -17.348398 -58.137169
v 204.274506 -33.514866 -44.968239
v 204.260162 -50.459892 -21.511578
v 204.234665 -63.353497 -17.678167
v 188.704620 65.652756 -34.070839
v 188.722504 58.862808 -48.147568
v 188.737946 48.061462 -58.949078
v 188.749802 33.984863 -65.739227
v 188.757309 17.592237 -68.055283
v 188.759933 -0.000008 -65.739403
v 188.757507 -17.590673 -58.949455
v 188.750259 -33.983337 -48.148056
v 188.738525 -48.060112 -34.012325
v 192.253799 -58.823860 -17.678837
v 188.705444 -65.651695 -16.931356
v 177.033783 62.866459 -32.628063
v 177.050934 56.364799 -46.107140
v 177.065720 46.022114 -56.450027
v 177.077103 32.543156 -62.951908
v 177.084320 16.846573 -65.169640
v 177.086899 -0.000008 -62.952141
v 177.084625 -16.842587 -56.450466
v 177.077667 -32.539249 -46.107731
v 177.066528 -46.018341 -32.628784
v 177.051941 -56.361229 -16.932192
v 177.034882 -62.863083 -15.157297
v 168.601044 56.171471 -29.218636
v 168.616409 50.347153 -41.293427
v 168.629684 41.081993 -50.558788
v 168.639908 29.007360 -56.383278
v 168.646393 14.946105 -58.369968
v 168.648712 -0.143755 -56.383492
v 168.646698 -15.233197 -50.559204
v 168.640503 -29.294565 -41.294029
v 168.630508 -41.369320 -29.219351
v 168.617447 -50.634686 -15.158105
v 168.602188 -56.459167 -12.660534
v 162.363251 47.037952 -24.350662
v 162.369675 42.195869 -34.389244
v 162.375244 34.493130 -42.092140
v 162.379547 24.454651 -46.934422
v 162.382294 12.764615 -48.586117
v 162.383484 0.186472 -46.934612
v 162.382568 -12.325421 -42.092506
v 162.380051 -24.015558 -34.389774
v 162.375977 -34.054127 -24.351294
v 162.370575 -41.757019 -12.661251
v 162.364258 -46.599312 -20.440420
v 158.496872 26.706757 -30.961424
v 158.497009 12.995743 -33.217384
v 158.497177 -4.138837 -26.603777
v 158.497345 -20.105804 -12.892747
v 158.497467 -30.626812 -33.914471
v 204.248138 -57.722507 33.001186
v 204.175201 -57.902607 -17.648211
v 203.979630 -64.434731 -29.305136
v 220.051544 -49.311031 -47.703812
v 204.525146 -47.455803 -33.674709
v 187.955307 -58.676865 27.126743
v 220.295395 -52.222134 17.025169
v 204.572205 -64.732567 33.625610
v 186.696182 -59.410999 47.405609
v 204.515778 -47.146358 -0.087402
v 162.357422 -48.470234 12.486541
v 162.350571 -47.037987 24.176651
v 162.344147 -42.195892 34.215240
v 162.338608 -34.493137 41.918152
v 162.334305 -24.454685 46.760414
v 162.331528 -12.764633 48.412079
v 162.330505 -0.219399 46.760590
v 162.331268 12.325397 41.918514
v 162.333786 24.015530 34.215729
v 162.337875 34.054089 24.177275
v 162.343262 41.756981 12.487243
v 162.349579 46.599312 -0.086632
v 162.356400 48.470188 -0.086839
v 232.409363 42.197754 -0.086715
v 219.818863 58.631588 -0.086659
v 204.210678 67.030304 -0.086617
v 188.685440 67.968147 -0.086562
v 177.015396 65.082413 -0.086498
v 168.826569 60.140961 -0.086632
v 162.356400 48.470188 -12.660534
v 162.363251 47.037952 -24.350662
v 162.369675 42.195869 -34.389244
v 162.375244 34.493130 -42.092140
v 162.379547 24.454651 -46.934422
v 162.382294 12.764615 -48.586117
v 162.383484 0.186472 -46.934612
v 162.382568 -12.325421 -42.092506
v 162.380051 -24.015558 -34.389774
v 162.375977 -34.054127 -24.351294
v 162.370575 -41.757019 -12.661251
v 162.364258 -46.599312 0.867660
v 13.423189 159.113663 79.556824
v 13.423194 137.796463 137.796432
v 13.423195 79.556831 159.113663
v 13.423201 -0.000003 137.796432
v 13.423213 -79.556816 79.556801
v 13.423216 -137.796448 0.000000
v 107.888023 159.113663 79.556801
v 107.888031 137.796463 137.796417
v 107.888031 79.556839 159.113663
v 107.888046 0.000009 137.796417
v 107.888054 -79.556808 79.556801
v 107.888054 -137.796417 -79.556824
v 13.423192 137.796463 -137.796432
v 13.423195 79.556831 -159.113663
v 13.423199 -0.000003 -137.796432
v 13.423213 -79.556816 -79.556801
v 13.423214 -137.796448 0.000001
v 13.423217 -159.113632 -79.556801
v 107.888031 137.796463 -137.796417
v 107.888031 79.556839 -159.113663
v 107.888046 0.000009 -137.796417
v 107.888054 -79.556808 -79.556801
v 107.888054 -137.796417 0.000000
v 107.888054 -159.113586 -40.001801
v 79.286102 -146.169205 -52.312954
v 71.725006 -142.867706 -27.883614
v 71.407532 -149.418945 -65.044106
v 47.357784 -139.453568 -15.744596
v 46.717064 -152.674286 -69.595963
v 26.334211 -138.232880 -62.682552
v 14.471326 -140.086868 -18.900511
v 13.902283 -151.827957 -11.701519
v 25.581781 -153.758530 -50.693783
v 71.503616 -152.296432 -43.396530
v 71.322800 -157.996506 -33.965195
v 71.294754 -156.555771 -62.383575
v 46.894630 -158.387115 -47.088001
v 46.520718 -170.120270 -27.774048
v 46.449528 -167.760498 -61.174702
v 13.992545 -159.424393 -66.689415
v 25.781086 -160.523636 -47.390106
v 13.663233 -169.672165 -48.804527
v 25.319048 -175.306808 -30.291311
v 13.590198 -168.009048 -25.851398
v 25.249071 -171.875351 -107.727173
v 79.286102 -106.585335 -116.738197
v 71.725006 -97.570580 -98.857391
v 71.407532 -115.458778 -126.056633
v 47.357784 -88.248268 -89.972359
v 46.717064 -124.347504 -129.388306
v 26.334211 -84.915199 -124.328110
v 14.471326 -89.977509 -92.282303
v 13.902283 -122.036613 -87.013077
v 25.581781 -127.308022 -120.050316
v 71.503616 -106.545685 -116.580742
v 71.322800 -115.130707 -107.692604
v 71.294754 -118.598671 -133.219315
v 46.894630 -105.975471 -125.839539
v 46.520718 -123.784470 -107.933281
v 46.449528 -131.397827 -132.691040
v 13.992545 -107.478218 -138.016541
v 25.781086 -105.672829 -125.877113
v 13.663233 -123.245338 -129.919357
v 25.319048 -127.417885 -110.237564
v 13.590198 -130.354446 -108.325638
v 25.249071 -135.922714 -146.587143
v 79.286102 -38.442013 -149.883530
v 71.725006 -26.129490 -143.342407
v 71.407532 -50.561535 -153.292374
v 47.357784 -13.396917 -140.092102
v 46.717064 -62.701908 -154.511154
v 26.334211 -8.844555 -152.660065
v 14.471326 -15.758740 -140.937134
v 13.902283 -59.545643 -139.009552
v 25.581781 -66.745430 -157.239471
v 71.503616 -32.246098 -158.527252
v 71.322800 -41.415733 -152.563873
v 71.294754 -48.863152 -168.359055
v 46.894630 -25.167780 -170.872482
v 46.520718 -44.280716 -159.171875
v 46.449528 -59.827206 -168.652924
v 13.992545 -26.733335 -172.362244
v 25.781086 -22.507072 -170.635452
v 13.663233 -43.795029 -176.222412
v 25.319048 -45.387428 -160.645752
v 13.590198 -57.771461 -161.774109
v 25.249071 -63.549690 -146.169205
v 79.286102 40.001808 -142.867706
v 71.725006 52.312965 -149.418945
v 71.407532 27.883625 -139.453552
v 47.357784 65.044121 -152.674286
v 46.717064 15.744604 -138.232864
v 26.334211 69.595970 -140.086853
v 14.471326 62.682568 -151.827972
v 13.902283 18.900520 -153.758530
v 25.581781 11.701528 -152.296432
v 71.503616 50.693794 -157.996506
v 71.322800 43.396542 -156.555771
v 71.294754 33.965206 -158.387100
v 46.894630 62.383595 -170.120270
v 46.520718 47.088017 -167.760513
v 46.449528 27.774057 -159.424393
v 13.992545 61.174717 -160.523621
v 25.781086 66.689438 -169.672150
v 13.663233 47.390125 -175.306808
v 25.319048 48.804546 -168.009048
v 13.590198 30.291321 -171.875351
v 25.249071 25.851408 -106.585335
v 79.286102 107.727173 -97.570572
v 71.725006 116.738205 -115.458794
v 71.407532 98.857384 -88.248260
v 47.357784 126.056633 -124.347511
v 46.717064 89.972366 -84.915199
v 26.334211 129.388321 -89.977516
v 14.471326 124.328110 -122.036613
v 13.902283 92.282303 -127.308029
v 25.581781 87.013077 -106.545677
v 71.503616 120.050323 -115.130707
v 71.322800 116.580750 -118.598671
v 71.294754 107.692612 -105.975464
v 46.894630 133.219315 -123.784470
v 46.520718 125.839531 -131.397842
v 46.449528 107.933289 -107.478218
v 13.992545 132.691040 -105.672821
v 25.781086 138.016556 -123.245346
v 13.663233 125.877121 -127.417877
v 25.319048 129.919373 -130.354446
v 13.590198 110.237564 -135.922714
v 25.249071 108.325638 -38.442028
v 79.286102 146.587143 -26.129490
v 71.725006 149.883545 -50.561550
v 71.407532 143.342407 -13.396920
v 47.357784 153.292389 -62.701916
v 46.717064 140.092117 -8.844572
v 26.334211 154.511169 -15.758745
v 14.471326 152.660065 -59.545662
v 13.902283 140.937134 -66.745438
v 25.581781 139.009552 -32.246101
v 71.503616 157.239487 -41.415749
v 71.322800 158.527252 -48.863152
v 71.294754 152.563889 -25.167789
v 46.894630 168.359055 -44.280724
v 46.520718 170.872482 -59.827209
v 46.449528 159.171890 -26.733337
v 13.992545 168.652939 -22.507082
v 25.781086 172.362259 -43.795029
v 13.663233 170.635468 -45.387440
v 25.319048 176.222412 -57.771469
v 13.590198 160.645767 -63.549709
v 25.249071 161.774109 40.001808
v 79.286102 -146.169220 52.312954
v 71.725006 -142.867706 27.883619
v 71.407532 -149.418945 65.044121
v 47.357784 -139.453583 15.744596
v 46.717064 -152.674301 69.595978
v 26.334211 -138.232895 62.682556
v 14.471326 -140.086868 18.900511
v 13.902283 -151.827972 11.701525
v 25.581781 -153.758530 50.693787
v 71.503616 -152.296432 43.396545
v 71.322800 -157.996521 33.965202
v 71.294754 -156.555786 62.383583
v 46.894630 -158.387131 47.088009
v 46.520718 -170.120285 27.774054
v 46.449528 -167.760513 61.174709
v 13.992545 -159.424408 66.689423
v 25.781086 -160.523636 47.390114
v 13.663233 -169.672165 48.804527
v 25.319048 -175.306824 30.291315
v 13.590198 -168.009064 25.851404
v 25.249071 -171.875366 107.727188
v 79.286102 -106.585350 116.738197
v 71.725006 -97.570580 98.857399
v 71.407532 -115.458786 126.056641
v 47.357784 -88.248283 89.972366
v 46.717064 -124.347519 129.388306
v 26.334211 -84.915199 124.328133
v 14.471326 -89.977501 92.282310
v 13.902283 -122.036613 87.013092
v 25.581781 -127.308029 120.050331
v 71.503616 -106.545685 116.580765
v 71.322800 -115.130722 107.692612
v 71.294754 -118.598671 133.219330
v 46.894630 -105.975464 125.839554
v 46.520718 -123.784477 107.933289
v 46.449528 -131.397858 132.691040
v 13.992545 -107.478233 138.016571
v 25.781086 -105.672836 125.877129
v 13.663233 -123.245354 129.919388
v 25.319048 -127.417892 110.237587
v 13.590198 -130.354446 108.325653
v 25.249071 -135.922729 146.587158
v 79.286102 -38.442017 149.883545
v 71.725006 -26.129486 143.342422
v 71.407532 -50.561535 153.292389
v 47.357784 -13.396921 140.092133
v 46.717064 -62.701904 154.511185
v 26.334211 -8.844546 152.660080
v 14.471326 -15.758739 140.937134
v 13.902283 -59.545647 139.009552
v 25.581781 -66.745438 157.239471
v 71.503616 -32.246101 158.527252
v 71.322800 -41.415741 152.563904
v 71.294754 -48.863155 168.359055
v 46.894630 -25.167784 170.872498
v 46.520718 -44.280731 159.171890
v 46.449528 -59.827209 168.652939
v 13.992545 -26.733328 172.362274
v 25.781086 -22.507074 170.635483
v 13.663233 -43.795025 176.222412
v 25.319048 -45.387428 160.645767
v 13.590198 -57.771473 161.774124
v 25.249071 -63.549694 146.169220
v 79.286102 40.001812 142.867722
v 71.725006 52.312969 149.418961
v 71.407532 27.883623 139.453583
v 47.357784 65.044128 152.674316
v 46.717064 15.744617 138.232895
v 26.334211 69.595993 140.086868
v 14.471326 62.682571 151.828003
v 13.902283 18.900530 153.758545
v 25.581781 11.701528 152.296463
v 71.503616 50.693806 157.996521
v 71.322800 43.396549 156.555786
v 71.294754 33.965206 158.387131
v 46.894630 62.383598 170.120300
v 46.520718 47.088024 167.760529
v 46.449528 27.774057 159.424408
v 13.992545 61.174725 160.523651
v 25.781086 66.689438 169.672165
v 13.663233 47.390129 175.306839
v 25.319048 48.804554 168.009064
v 13.590198 30.291328 171.875381
v 25.249071 25.851408 106.585358
v 79.286102 107.727196 97.570595
v 71.725006 116.738228 115.458801
v 71.407532 98.857399 88.248283
v 47.357784 126.056656 124.347527
v 46.717064 89.972374 84.915222
v 26.334211 129.388336 89.977539
v 14.471326 124.328133 122.036629
v 13.902283 92.282310 127.308044
v 25.581781 87.013084 106.545692
v 71.503616 120.050331 115.130730
v 71.322800 116.580772 118.598701
v 71.294754 107.692627 105.975479
v 46.894630 133.219330 123.784492
v 46.520718 125.839546 131.397858
v 46.449528 107.933304 107.478233
v 13.992545 132.691055 105.672852
v 25.781086 138.016571 123.245361
v 13.663233 125.877129 127.417900
v 25.319048 129.919388 130.354462
v 13.590198 110.237579 135.922745
v 25.249071 108.325661 38.442043
v 79.286102 146.587158 26.129501
v 71.725006 149.883575 50.561569
v 71.407532 143.342438 13.396922
v 47.357784 153.292404 62.701923
v 46.717064 140.092133 8.844582
v 26.334211 154.511185 15.758758
v 14.471326 152.660095 59.545677
v 13.902283 140.937149 66.745461
v 25.581781 139.009583 32.246124
v 71.503616 157.239502 41.415760
v 71.322800 158.527267 48.863167
v 71.294754 152.563904 25.167809
v 46.894630 168.359085 44.280735
v 46.520718 170.872498 59.827236
v 46.449528 159.171921 26.733356
v 13.992545 168.652969 22.507095
v 25.781086 172.362289 43.795036
v 13.663233 170.635483 45.387455
v 25.319048 176.222443 57.771481
v 13.590198 160.645782 63.549725
v 25.249071 161.774139 137.796417
v 107.888031 79.556839 159.113663
v 107.888046 0.000009 79.556801
v 107.888031 137.796463 137.796417
v 107.888054 -79.556808 79.556801
v 107.888054 -137.796417 0.000000
v 107.888054 -159.113586 0.000000
v 107.888023 159.113663 -137.796417
v 107.888054 -79.556808 -159.113663
v 107.888046 0.000009 -79.556801
v 107.888054 -137.796417 -137.796417
v 107.888031 79.556839 -79.556801
v 107.888031 137.796463 0.010402

vt 0.000000 1.000000
vt 0.000000 0.000000
vt 1.000000 1.000000
vt 1.000000 1.000000
vt 0.000000 0.000000
vt 0.000000 1.000000
vt 1.000000 0.000000
vt 1.000000 1.000000
vt 0.000000 0.000000
vt 1.000000 0.000000
vt 0.000000 1.000000
vt 1.000000 1.000000
vt 0.000000 0.000000
vt 1.000000 0.000000
vt 0.000000 1.000000
vt 1.000000 1.000000
vt 0.000000 0.000000
vt 1.000000 0.000000
vt 0.000000 1.000000
vt 1.000000 1.000000
vt 0.000000 0.000000
vt 1.000000 0.000000
vt 0.000000 1.000000
vt 1.000000 1.000000
vt 0.475425 0.356893
vt 0.475423 0.384338
vt 0.475425 0.329154
vt 0.448781 0.356895
vt 0.448782 0.384338
vt 0.448781 0.329154
vt 0.420543 0.356896
vt 0.420551 0.384338
vt 0.420543 0.329154
vt 0.390649 0.356896
vt 0.390657 0.384439
vt 0.390685 0.329154
vt 0.542787 0.356875
vt 0.542773 0.384337
vt 0.542787 0.329154
vt 0.520888 0.356885
vt 0.520871 0.384338
vt 0.520888 0.329154
vt 0.499048 0.356889
vt 0.499045 0.384338
vt 0.499048 0.329154
vt 0.243512 0.356885
vt 0.243514 0.384431
vt 0.243526 0.244355
vt 0.697242 0.356893
vt 0.475423 0.356895
vt 0.448782 0.356896
vt 0.420551 0.356896
vt 0.390657 0.356875
vt 0.542773 0.356885
vt 0.520871 0.356889
vt 0.499045 0.356885
vt 0.243514 0.156112
vt 0.697242 0.156112
vt 0.660616 0.156112
vt 0.733869 0.384536
vt 0.475441 0.384538
vt 0.448783 0.384539
vt 0.420564 0.384526
vt 0.542747 0.384531
vt 0.520863 0.384534
vt 0.499056 0.156112
vt 0.697242 1.000000
vt 0.000000 1.000000
vt 0.000000 0.000000
vt 1.000000 1.000000
vt 1.000000 1.000000
vt 0.000000 0.000000
vt 0.000000 1.000000
vt 1.000000 0.000000
vt 1.000000 1.000000
vt 0.000000 0.000000
vt 1.000000 0.000000
vt 0.000000 1.000000
vt 1.000000 1.000000
vt 0.000000 0.000000
vt 1.000000 0.000000
vt 0.000000 1.000000
vt 1.000000 1.000000
vt 0.000000 0.000000
vt 1.000000 0.000000
vt 0.000000 1.000000
vt 1.000000 1.000000
vt 0.000000 0.000000
vt 1.000000 0.000000
vt 0.000000 1.000000
vt 1.000000 1.000000
vt 0.475425 0.356893
vt 0.475423 0.384338
vt 0.475425 0.329154
vt 0.448781 0.356895
vt 0.448782 0.384338
vt 0.448781 0.329154
vt 0.420543 0.356896
vt 0.420551 0.384338
vt 0.420543 0.329154
vt 0.390649 0.356896
vt 0.390657 0.384439
vt 0.390685 0.329154
vt 0.542787 0.356875
vt 0.542773 0.384337
vt 0.542787 0.329154
vt 0.520888 0.356885
vt 0.520871 0.384338
vt 0.520888 0.329154
vt 0.499048 0.356889
vt 0.499045 0.384338
vt 0.499048 0.329154
vt 0.243512 0.356885
vt 0.243514 0.384431
vt 0.243526 0.244355
vt 0.697242 0.356893
vt 0.475423 0.356895
vt 0.448782 0.356896
vt 0.420551 0.356896
vt 0.390657 0.356875
vt 0.542773 0.356885
vt 0.520871 0.356889
vt 0.499045 0.356885
vt 0.243514 0.156112
vt 0.697242 0.156112
vt 0.660616 0.156112
vt 0.733869 0.384536
vt 0.475441 0.384538
vt 0.448783 0.384539
vt 0.420564 0.384526
vt 0.542747 0.384531
vt 0.520863 0.384534
vt 0.499056 0.156112
vt 0.697242 1.000000
vt 0.000000 1.000000
vt 0.000000 0.000000
vt 1.000000 1.000000
vt 1.000000 1.000000
vt 0.000000 0.000000
vt 0.000000 1.000000
vt 1.000000 0.000000
vt 1.000000 1.000000
vt 0.000000 0.000000
vt 1.000000 0.000000
vt 0.000000 1.000000
vt 1.000000 1.000000
vt 0.000000 0.000000
vt 1.000000 0.000000
vt 0.000000 1.000000
vt 1.000000 1.000000
vt 0.000000 0.000000
vt 1.000000 0.000000
vt 0.000000 1.000000
vt 1.000000 1.000000
vt 0.000000 0.000000
vt 1.000000 0.000000
vt 0.000000 1.000000
vt 1.000000 1.000000
vt 0.475425 0.329154
vt 0.448781 0.384538
vt 0.448783 0.329154
vt 0.420543 0.384539
vt 0.420564 0.329154
vt 0.542787 0.384526
vt 0.542747 0.329154
vt 0.243512 0.356893
vt 0.475423 0.356895
vt 0.448782 0.356896
vt 0.420551 0.356896
vt 0.390657 0.356875
vt 0.542773 0.356885
vt 0.520871 0.356889
vt 0.499045 0.356885
vt 0.243514 0.384536
vt 0.475441 0.329154
vt 0.390649 0.384439
vt 0.390685 0.329154
vt 0.520888 0.384531
vt 0.520863 0.329154
vt 0.499048 0.384534
vt 0.499056 0.384431
vt 0.243526 0.244355
vt 0.697242 0.356893
vt 0.475423 0.356895
vt 0.448782 0.356896
vt 0.420551 0.356896
vt 0.390657 0.356875
vt 0.542773 0.356885
vt 0.520871 0.356889
vt 0.499045 0.356885
vt 0.243514 0.156112
vt 0.697242 0.156112
vt 0.660616 0.156112
vt 0.733869 0.244355
vt 0.697242 0.156112
vt 0.697242 0.156112
vt 0.660616 0.156112
vt 0.733869 1.000000
vt 0.000000 1.000000
vt 0.000000 0.000000
vt 1.000000 1.000000
vt 1.000000 1.000000
vt 0.000000 0.000000
vt 0.000000 1.000000
vt 1.000000 0.000000
vt 1.000000 1.000000
vt 0.000000 0.000000
vt 1.000000 0.000000
vt 0.000000 1.000000
vt 1.000000 1.000000
vt 0.000000 0.000000
vt 1.000000 0.000000
vt 0.000000 1.000000
vt 1.000000 1.000000
vt 0.000000 0.000000
vt 1.000000 0.000000
vt 0.000000 1.000000
vt 1.000000 1.000000
vt 0.000000 0.000000
vt 1.000000 0.000000
vt 0.000000 1.000000
vt 1.000000 1.000000
vt 0.475425 0.356893
vt 0.475423 0.384338
vt 0.475425 0.329154
vt 0.448781 0.356895
vt 0.448782 0.384338
vt 0.448781 0.329154
vt 0.420543 0.356896
vt 0.420551 0.384338
vt 0.420543 0.329154
vt 0.390649 0.356896
vt 0.390657 0.384439
vt 0.390685 0.329154
vt 0.542787 0.356875
vt 0.542773 0.384337
vt 0.542787 0.329154
vt 0.520888 0.356885
vt 0.520871 0.384338
vt 0.520888 0.329154
vt 0.499048 0.356889
vt 0.499045 0.384338
vt 0.499048 0.329154
vt 0.243512 0.356885
vt 0.243514 0.384431
vt 0.243526 0.244355
vt 0.697242 0.356893
vt 0.475423 0.356895
vt 0.448782 0.356896
vt 0.420551 0.356896
vt 0.390657 0.356875
vt 0.542773 0.356885
vt 0.520871 0.356889
vt 0.499045 0.356885
vt 0.243514 0.156112
vt 0.697242 0.156112
vt 0.660616 0.156112
vt 0.733869 0.384538
vt 0.448783 0.384536
vt 0.475441 0.384539
vt 0.420564 0.384531
vt 0.520863 0.384526
vt 0.542747 0.384534
vt 0.499056 0.156112
vt 0.697242 1.000000
vt 0.000000 1.000000
vt 0.000000 0.000000
vt 1.000000 1.000000
vt 1.000000 1.000000
vt 0.000000 0.000000
vt 0.000000 1.000000
vt 1.000000 0.000000
vt 1.000000 1.000000
vt 0.000000 0.000000
vt 1.000000 0.000000
vt 0.000000 1.000000
vt 1.000000 1.000000
vt 0.000000 0.000000
vt 1.000000 0.000000
vt 0.000000 1.000000
vt 1.000000 1.000000
vt 0.000000 0.000000
vt 1.000000 0.000000
vt 0.000000 1.000000
vt 1.000000 1.000000
vt 0.000000 0.000000
vt 1.000000 0.000000
vt 0.000000 1.000000
vt 1.000000 1.000000
vt 0.475425 0.356893
vt 0.475423 0.384338
vt 0.475425 0.329154
vt 0.448781 0.356895
vt 0.448782 0.384338
vt 0.448781 0.329154
vt 0.420543 0.356896
vt 0.420551 0.384338
vt 0.420543 0.329154
vt 0.390649 0.356896
vt 0.390657 0.384439
vt 0.390685 0.329154
vt 0.542787 0.356875
vt 0.542773 0.384337
vt 0.542787 0.329154
vt 0.520888 0.356885
vt 0.520871 0.384338
vt 0.520888 0.329154
vt 0.499048 0.356889
vt 0.499045 0.384338
vt 0.499048 0.329154
vt 0.243512 0.356885
vt 0.243514 0.384431
vt 0.243526 0.244355
vt 0.697242 0.356893
vt 0.475423 0.356895
vt 0.448782 0.356896
vt 0.420551 0.356896
vt 0.390657 0.356875
vt 0.542773 0.356885
vt 0.520871 0.356889
vt 0.499045 0.356885
vt 0.243514 0.156112
vt 0.697242 0.156112
vt 0.660616 0.156112
vt 0.733869 0.384538
vt 0.448783 0.384536
vt 0.475441 0.384539
vt 0.420564 0.384531
vt 0.520863 0.384526
vt 0.542747 0.384534
vt 0.499056 0.156112
vt 0.697242 1.000000
vt 0.173390 0.650321
vt 0.173390 0.566988
vt 0.173390 0.483654
vt 0.173390 0.400321
vt 0.173390 0.316988
vt 0.173390 0.733654
vt 0.215543 0.650321
vt 0.215543 0.566988
vt 0.215543 0.483654
vt 0.215543 0.400321
vt 0.215543 0.316988
vt 0.215543 0.902965
vt 0.152984 0.749766
vt 0.010599 0.749766
vt 0.152983 0.597931
vt 0.010599 0.597931
vt 0.152983 0.448141
vt 0.010599 0.448141
vt 0.152983 0.300851
vt 0.010599 0.300851
vt 0.152983 0.155855
vt 0.010599 0.155855
vt 0.152983 0.650321
vt 0.173390 0.566988
vt 0.173390 0.483654
vt 0.173390 0.400321
vt 0.173390 0.316988
vt 0.173390 0.233654
vt 0.173390 0.650321
vt 0.215543 0.566988
vt 0.215543 0.483654
vt 0.215543 0.400321
vt 0.215543 0.316988
vt 0.215543 0.233654
vt 0.215543 0.895771
vt 0.010599 0.749766
vt 0.010599 0.749766
vt 0.152983 0.597931
vt 0.010599 0.597931
vt 0.152983 0.448141
vt 0.010599 0.448141
vt 0.152983 0.300851
vt 0.010599 0.300851
vt 0.152983 0.155855
vt 0.010599 0.155855
vt 0.152983 0.012230
vt 0.010598 0.012230
vt 0.152983 0.023250
vt 0.741425 0.044686
vt 0.758368 0.126831
vt 0.741295 0.104911
vt 0.758471 0.075114
vt 0.765420 0.023250
vt 0.741425 0.044686
vt 0.758368 0.015857
vt 0.680730 0.075272
vt 0.702399 0.126831
vt 0.741295 0.104911
vt 0.758471 0.134227
vt 0.680730 0.075114
vt 0.765420 0.076653
vt 0.765023 0.043877
vt 0.757728 0.640042
vt 0.467588 0.665740
vt 0.493398 0.665743
vt 0.537049 0.640198
vt 0.562790 0.546907
vt 0.514188 0.558264
vt 0.533182 0.558437
vt 0.496771 0.655546
vt 0.473391 0.655581
vt 0.556945 0.639850
vt 0.527345 0.597358
vt 0.526235 0.557952
vt 0.510129 0.639644
vt 0.503331 0.597163
vt 0.504156 0.557756
vt 0.521614 0.597048
vt 0.551599 0.597014
vt 0.478710 0.938118
vt 0.102292 0.938118
vt 0.054430 0.959678
vt 0.133614 0.959678
vt 0.023108 0.986250
vt 0.144403 0.986250
vt 0.012318 0.959678
vt 0.133614 0.938118
vt 0.101571 0.938118
vt 0.054911 0.959678
vt 0.023108 0.986250
vt 0.012894 0.986250
vt 0.143827 0.938118
vt 0.102292 0.938118
vt 0.054430 0.959678
vt 0.133614 0.959678
vt 0.023108 0.986250
vt 0.144403 0.986250
vt 0.012318 0.959678
vt 0.133614 0.938118
vt 0.101571 0.938118
vt 0.054911 0.959678
vt 0.023108 0.986250
vt 0.012894 0.986250
vt 0.143827 0.023250
vt 0.741425 0.044686
vt 0.758368 0.126831
vt 0.741295 0.104911
vt 0.758471 0.075114
vt 0.765420 0.023250
vt 0.741425 0.044686
vt 0.758368 0.015857
vt 0.680730 0.075272
vt 0.702399 0.126831
vt 0.741295 0.104911
vt 0.758471 0.134227
vt 0.680730 0.075114
vt 0.765420 0.076653
vt 0.765023 0.043877
vt 0.757728 0.640042
vt 0.467588 0.665740
vt 0.493398 0.665743
vt 0.537049 0.640198
vt 0.562790 0.546907
vt 0.514188 0.558264
vt 0.533182 0.558437
vt 0.496771 0.655546
vt 0.473391 0.655581
vt 0.556945 0.639850
vt 0.527345 0.597358
vt 0.526235 0.557952
vt 0.510129 0.639644
vt 0.503331 0.597163
vt 0.504156 0.557756
vt 0.521614 0.597048
vt 0.551599 0.597014
vt 0.478710 0.938118
vt 0.102292 0.938118
vt 0.054430 0.959678
vt 0.133614 0.959678
vt 0.023108 0.986250
vt 0.144403 0.986250
vt 0.012318 0.959678
vt 0.133614 0.938118
vt 0.101571 0.938118
vt 0.054911 0.959678
vt 0.023108 0.986250
vt 0.012894 0.986250
vt 0.143827 0.023250
vt 0.741425 0.044686
vt 0.758368 0.126831
vt 0.741295 0.104911
vt 0.758471 0.075114
vt 0.765420 0.023250
vt 0.741425 0.044686
vt 0.758368 0.015857
vt 0.680730 0.075272
vt 0.702399 0.126831
vt 0.741295 0.104911
vt 0.758471 0.134227
vt 0.680730 0.075114
vt 0.765420 0.076653
vt 0.765023 0.043877
vt 0.757728 0.640042
vt 0.467588 0.665740
vt 0.493398 0.665743
vt 0.537049 0.640198
vt 0.562790 0.546907
vt 0.514188 0.558264
vt 0.533182 0.558437
vt 0.496771 0.655546
vt 0.473391 0.655581
vt 0.556945 0.639850
vt 0.527345 0.597358
vt 0.526235 0.557952
vt 0.510129 0.639644
vt 0.503331 0.597163
vt 0.504156 0.557756
vt 0.521614 0.597048
vt 0.551599 0.597014
vt 0.478710 0.938118
vt 0.102292 0.938118
vt 0.054430 0.959678
vt 0.133614 0.959678
vt 0.023108 0.986250
vt 0.144403 0.986250
vt 0.012318 0.959678
vt 0.133614 0.938118
vt 0.101571 0.938118
vt 0.054911 0.959678
vt 0.023108 0.986250
vt 0.012894 0.986250
vt 0.143827 0.023250
vt 0.741425 0.044686
vt 0.758368 0.126831
vt 0.741295 0.104911
vt 0.758471 0.075114
vt 0.765420 0.023250
vt 0.741425 0.044686
vt 0.758368 0.015857
vt 0.680730 0.075272
vt 0.702399 0.126831
vt 0.741295 0.104911
vt 0.758471 0.134227
vt 0.680730 0.075114
vt 0.765420 0.076653
vt 0.765023 0.043877
vt 0.757728 0.640042
vt 0.467588 0.665740
vt 0.493398 0.665743
vt 0.537049 0.640198
vt 0.562790 0.546907
vt 0.514188 0.558264
vt 0.533182 0.558437
vt 0.496771 0.655546
vt 0.473391 0.655581
vt 0.556945 0.639850
vt 0.527345 0.597358
vt 0.526235 0.557952
vt 0.510129 0.639644
vt 0.503331 0.597163
vt 0.504156 0.557756
vt 0.521614 0.597048
vt 0.551599 0.597014
vt 0.478710 0.938118
vt 0.102292 0.938118
vt 0.054430 0.959678
vt 0.133614 0.959678
vt 0.023108 0.986250
vt 0.144403 0.986250
vt 0.012318 0.959678
vt 0.133614 0.938118
vt 0.101571 0.938118
vt 0.054911 0.959678
vt 0.023108 0.986250
vt 0.012894 0.986250
vt 0.143827 0.023250
vt 0.741425 0.044686
vt 0.758368 0.126831
vt 0.741295 0.104911
vt 0.758471 0.075114
vt 0.765420 0.023250
vt 0.741425 0.044686
vt 0.758368 0.015857
vt 0.680730 0.075272
vt 0.702399 0.126831
vt 0.741295 0.104911
vt 0.758471 0.134227
vt 0.680730 0.075114
vt 0.765420 0.076653
vt 0.765023 0.043877
vt 0.757728 0.640042
vt 0.467588 0.665740
vt 0.493398 0.665743
vt 0.537049 0.640198
vt 0.562790 0.546907
vt 0.514188 0.558264
vt 0.533182 0.558437
vt 0.496771 0.655546
vt 0.473391 0.655581
vt 0.556945 0.639850
vt 0.527345 0.597358
vt 0.526235 0.557952
vt 0.510129 0.639644
vt 0.503331 0.597163
vt 0.504156 0.557756
vt 0.521614 0.597048
vt 0.551599 0.597014
vt 0.478710 0.938118
vt 0.102292 0.938118
vt 0.054430 0.959678
vt 0.133614 0.959678
vt 0.023108 0.986250
vt 0.144403 0.986250
vt 0.012318 0.959678
vt 0.133614 0.938118
vt 0.101571 0.938118
vt 0.054911 0.959678
vt 0.023108 0.986250
vt 0.012894 0.986250
vt 0.143827 0.023250
vt 0.741425 0.044686
vt 0.758368 0.126831
vt 0.741295 0.104911
vt 0.758471 0.075114
vt 0.765420 0.023250
vt 0.741425 0.044686
vt 0.758368 0.015857
vt 0.680730 0.075272
vt 0.702399 0.126831
vt 0.741295 0.104911
vt 0.758471 0.134227
vt 0.680730 0.075114
vt 0.765420 0.076653
vt 0.765023 0.043877
vt 0.757728 0.640042
vt 0.467588 0.665740
vt 0.493398 0.665743
vt 0.537049 0.640198
vt 0.562790 0.546907
vt 0.514188 0.558264
vt 0.533182 0.558437
vt 0.496771 0.655546
vt 0.473391 0.655581
vt 0.556945 0.639850
vt 0.527345 0.597358
vt 0.526235 0.557952
vt 0.510129 0.639644
vt 0.503331 0.597163
vt 0.504156 0.557756
vt 0.521614 0.597048
vt 0.551599 0.597014
vt 0.478710 0.938118
vt 0.102292 0.938118
vt 0.054430 0.959678
vt 0.133614 0.959678
vt 0.023108 0.986250
vt 0.144403 0.986250
vt 0.012318 0.959678
vt 0.133614 0.938118
vt 0.101571 0.938118
vt 0.054911 0.959678
vt 0.023108 0.986250
vt 0.012894 0.986250
vt 0.143827 0.023250
vt 0.741425 0.044686
vt 0.758368 0.126831
vt 0.741295 0.104911
vt 0.758471 0.075114
vt 0.765420 0.023250
vt 0.741425 0.044686
vt 0.758368 0.015857
vt 0.680730 0.075272
vt 0.702399 0.126831
vt 0.741295 0.104911
vt 0.758471 0.134227
vt 0.680730 0.075114
vt 0.765420 0.076653
vt 0.765023 0.043877
vt 0.757728 0.640042
vt 0.467588 0.665740
vt 0.493398 0.665743
vt 0.537049 0.640198
vt 0.562790 0.546907
vt 0.514188 0.558264
vt 0.533182 0.558437
vt 0.496771 0.655546
vt 0.473391 0.655581
vt 0.556945 0.639850
vt 0.527345 0.597358
vt 0.526235 0.557952
vt 0.510129 0.639644
vt 0.503331 0.597163
vt 0.504156 0.557756
vt 0.521614 0.597048
vt 0.551599 0.597014
vt 0.478710 0.938118
vt 0.102292 0.938118
vt 0.054430 0.959678
vt 0.133614 0.959678
vt 0.023108 0.986250
vt 0.144403 0.986250
vt 0.012318 0.959678
vt 0.133614 0.938118
vt 0.101571 0.938118
vt 0.054911 0.959678
vt 0.023108 0.986250
vt 0.012894 0.986250
vt 0.143827 0.023250
vt 0.741425 0.044686
vt 0.758368 0.126831
vt 0.741295 0.104911
vt 0.758471 0.075114
vt 0.765420 0.023250
vt 0.741425 0.044686
vt 0.758368 0.015857
vt 0.680730 0.075272
vt 0.702399 0.126831
vt 0.741295 0.104911
vt 0.758471 0.134227
vt 0.680730 0.075114
vt 0.765420 0.076653
vt 0.765023 0.043877
vt 0.757728 0.640042
vt 0.467588 0.665740
vt 0.493398 0.665743
vt 0.537049 0.640198
vt 0.562790 0.546907
vt 0.514188 0.558264
vt 0.533182 0.558437
vt 0.496771 0.655546
vt 0.473391 0.655581
vt 0.556945 0.639850
vt 0.527345 0.597358
vt 0.526235 0.557952
vt 0.510129 0.639644
vt 0.503331 0.597163
vt 0.504156 0.557756
vt 0.521614 0.597048
vt 0.551599 0.597014
vt 0.478710 0.641860
vt 0.579690 0.508945
vt 0.544222 0.739161
vt 0.676590 0.376030
vt 0.579690 0.278729
vt 0.676590 0.243115
vt 0.808959 0.774775
vt 0.808959 0.233460
vt 0.294615 0.267728
vt 0.422505 0.139838
vt 0.200993 0.233460
vt 0.550395 0.139838
vt 0.644017 0.011948
vt 0.678285 0.011948
vt 0.166725 0.376030
vt 0.579690 0.508945
vt 0.544222 0.278729
vt 0.676590 0.641860
vt 0.579690 0.739161
vt 0.676590 0.233460
vt 0.550395 0.267728
vt 0.422505 0.139838
vt 0.644017 0.233460
vt 0.294615 0.139838
vt 0.200993 0.074812
vt 0.702399 0.074997
vt 0.765407 0.015857
vt 0.680730 0.075272
vt 0.702399 0.134227
vt 0.680730 0.074812
vt 0.702399 0.074997
vt 0.765407 0.094760
vt 0.705658 0.084978
vt 0.733651 0.103333
vt 0.723922 0.075562
vt 0.713439 0.114714
vt 0.715228 0.108798
vt 0.702541 0.118336
vt 0.705816 0.108798
vt 0.702541 0.114714
vt 0.715228 0.118336
vt 0.705816 0.084978
vt 0.733651 0.103333
vt 0.723922 0.103333
vt 0.723922 0.094760
vt 0.705658 0.464582
vt 0.463046 0.420600
vt 0.551105 0.420600
vt 0.451995 0.464588
vt 0.540048 0.403843
vt 0.544798 0.403843
vt 0.458302 0.504475
vt 0.521198 0.504475
vt 0.482097 0.518375
vt 0.501733 0.392774
vt 0.479201 0.392774
vt 0.523899 0.959678
vt 0.023108 0.959678
vt 0.023108 0.074812
vt 0.702399 0.074997
vt 0.765407 0.015857
vt 0.680730 0.075272
vt 0.702399 0.134227
vt 0.680730 0.074812
vt 0.702399 0.074997
vt 0.765407 0.094760
vt 0.705658 0.084978
vt 0.733651 0.103333
vt 0.723922 0.075562
vt 0.713439 0.114714
vt 0.715228 0.108798
vt 0.702541 0.118336
vt 0.705816 0.108798
vt 0.702541 0.114714
vt 0.715228 0.118336
vt 0.705816 0.084978
vt 0.733651 0.103333
vt 0.723922 0.103333
vt 0.723922 0.094760
vt 0.705658 0.464582
vt 0.463046 0.420600
vt 0.551105 0.420600
vt 0.451995 0.464588
vt 0.540048 0.403843
vt 0.544798 0.403843
vt 0.458302 0.504475
vt 0.521198 0.504475
vt 0.482097 0.518375
vt 0.501733 0.392774
vt 0.479201 0.392774
vt 0.523899 0.959678
vt 0.023108 0.074812
vt 0.702399 0.074997
vt 0.765407 0.015857
vt 0.680730 0.075272
vt 0.702399 0.134227
vt 0.680730 0.074812
vt 0.702399 0.074997
vt 0.765407 0.094760
vt 0.705658 0.084978
vt 0.733651 0.103333
vt 0.723922 0.075562
vt 0.713439 0.114714
vt 0.715228 0.108798
vt 0.702541 0.118336
vt 0.705816 0.108798
vt 0.702541 0.114714
vt 0.715228 0.118336
vt 0.705816 0.084978
vt 0.733651 0.103333
vt 0.723922 0.103333
vt 0.723922 0.094760
vt 0.705658 0.464582
vt 0.463046 0.420600
vt 0.551105 0.420600
vt 0.451995 0.464588
vt 0.540048 0.403843
vt 0.544798 0.403843
vt 0.458302 0.504475
vt 0.521198 0.504475
vt 0.482097 0.518375
vt 0.501733 0.392774
vt 0.479201 0.392774
vt 0.523899 0.959678
vt 0.023108 0.074812
vt 0.702399 0.074997
vt 0.765407 0.015857
vt 0.680730 0.075272
vt 0.702399 0.134227
vt 0.680730 0.074812
vt 0.702399 0.074997
vt 0.765407 0.094760
vt 0.705658 0.084978
vt 0.733651 0.103333
vt 0.723922 0.075562
vt 0.713439 0.114714
vt 0.715228 0.108798
vt 0.702541 0.118336
vt 0.705816 0.108798
vt 0.702541 0.114714
vt 0.715228 0.118336
vt 0.705816 0.084978
vt 0.733651 0.103333
vt 0.723922 0.103333
vt 0.723922 0.094760
vt 0.705658 0.464582
vt 0.463046 0.420600
vt 0.551105 0.420600
vt 0.451995 0.464588
vt 0.540048 0.403843
vt 0.544798 0.403843
vt 0.458302 0.504475
vt 0.521198 0.504475
vt 0.482097 0.518375
vt 0.501733 0.392774
vt 0.479201 0.392774
vt 0.523899 0.959678
vt 0.023108 0.074812
vt 0.702399 0.074997
vt 0.765407 0.015857
vt 0.680730 0.075272
vt 0.702399 0.134227
vt 0.680730 0.074812
vt 0.702399 0.074997
vt 0.765407 0.094760
vt 0.705658 0.084978
vt 0.733651 0.103333
vt 0.723922 0.075562
vt 0.713439 0.114714
vt 0.715228 0.108798
vt 0.702541 0.118336
vt 0.705816 0.108798
vt 0.702541 0.114714
vt 0.715228 0.118336
vt 0.705816 0.084978
vt 0.733651 0.103333
vt 0.723922 0.103333
vt 0.723922 0.094760
vt 0.705658 0.464582
vt 0.463046 0.420600
vt 0.551105 0.420600
vt 0.451995 0.464588
vt 0.540048 0.403843
vt 0.544798 0.403843
vt 0.458302 0.504475
vt 0.521198 0.504475
vt 0.482097 0.518375
vt 0.501733 0.392774
vt 0.479201 0.392774
vt 0.523899 0.959678
vt 0.023108 0.074812
vt 0.702399 0.074997
vt 0.765407 0.015857
vt 0.680730 0.075272
vt 0.702399 0.134227
vt 0.680730 0.074812
vt 0.702399 0.074997
vt 0.765407 0.094760
vt 0.705658 0.084978
vt 0.733651 0.103333
vt 0.723922 0.075562
vt 0.713439 0.114714
vt 0.715228 0.108798
vt 0.702541 0.118336
vt 0.705816 0.108798
vt 0.702541 0.114714
vt 0.715228 0.118336
vt 0.705816 0.084978
vt 0.733651 0.103333
vt 0.723922 0.103333
vt 0.723922 0.094760
vt 0.705658 0.464582
vt 0.463046 0.420600
vt 0.551105 0.420600
vt 0.451995 0.464588
vt 0.540048 0.403843
vt 0.544798 0.403843
vt 0.458302 0.504475
vt 0.521198 0.504475
vt 0.482097 0.518375
vt 0.501733 0.392774
vt 0.479201 0.392774
vt 0.523899 0.959678
vt 0.023108 0.074812
vt 0.702399 0.074997
vt 0.765407 0.015857
vt 0.680730 0.075272
vt 0.702399 0.134227
vt 0.680730 0.074812
vt 0.702399 0.074997
vt 0.765407 0.094760
vt 0.705658 0.084978
vt 0.733651 0.103333
vt 0.723922 0.075562
vt 0.713439 0.114714
vt 0.715228 0.108798
vt 0.702541 0.118336
vt 0.705816 0.108798
vt 0.702541 0.114714
vt 0.715228 0.118336
vt 0.705816 0.084978
vt 0.733651 0.103333
vt 0.723922 0.103333
vt 0.723922 0.094760
vt 0.705658 0.464582
vt 0.463046 0.420600
vt 0.551105 0.420600
vt 0.451995 0.464588
vt 0.540048 0.403843
vt 0.544798 0.403843
vt 0.458302 0.504475
vt 0.521198 0.504475
vt 0.482097 0.518375
vt 0.501733 0.392774
vt 0.479201 0.392774
vt 0.523899 0.959678
vt 0.023108 0.074812
vt 0.702399 0.074997
vt 0.765407 0.015857
vt 0.680730 0.075272
vt 0.702399 0.134227
vt 0.680730 0.074812
vt 0.702399 0.074997
vt 0.765407 0.094760
vt 0.705658 0.084978
vt 0.733651 0.103333
vt 0.723922 0.075562
vt 0.713439 0.114714
vt 0.715228 0.108798
vt 0.702541 0.118336
vt 0.705816 0.108798
vt 0.702541 0.114714
vt 0.715228 0.118336
vt 0.705816 0.084978
vt 0.733651 0.103333
vt 0.723922 0.103333
vt 0.723922 0.094760
vt 0.705658 0.464582
vt 0.463046 0.420600
vt 0.551105 0.420600
vt 0.451995 0.464588
vt 0.540048 0.403843
vt 0.544798 0.403843
vt 0.458302 0.504475
vt 0.521198 0.504475
vt 0.482097 0.518375
vt 0.501733 0.392774
vt 0.479201 0.392774
vt 0.523899 1.000000
vt 0.874596 0.136219
vt 0.879617 0.128462
vt 0.869576 0.126026
vt 0.873961 0.127337
vt 0.878678 0.131510
vt 0.881061 0.139304
vt 0.883610 0.125377
vt 0.865583 0.122514
vt 0.869153 0.121094
vt 0.873381 0.121543
vt 0.877829 0.123448
vt 0.881851 0.126827
vt 0.884669 0.130941
vt 0.886128 0.135270
vt 0.885666 0.144778
vt 0.890697 0.119903
vt 0.858496 0.116174
vt 0.862433 0.113637
vt 0.867124 0.112369
vt 0.872330 0.112455
vt 0.877695 0.113890
vt 0.882855 0.116575
vt 0.887458 0.119331
vt 0.892395 0.124320
vt 0.895052 0.129958
vt 0.895099 0.135180
vt 0.895010 0.140201
vt 0.893536 0.148595
vt 0.903157 0.112446
vt 0.849279 0.107285
vt 0.854761 0.103441
vt 0.862383 0.101400
vt 0.870021 0.101523
vt 0.877886 0.103085
vt 0.885221 0.105543
vt 0.891870 0.110139
vt 0.898117 0.117667
vt 0.903559 0.124641
vt 0.906105 0.133164
vt 0.906851 0.141876
vt 0.905685 0.140198
vt 0.929754 0.104893
vt 0.841380 0.098450
vt 0.848030 0.089475
vt 0.856107 0.090950
vt 0.867539 0.091120
vt 0.878116 0.092890
vt 0.889147 0.095784
vt 0.898503 0.101606
vt 0.906768 0.109932
vt 0.915714 0.119309
vt 0.921529 0.130105
vt 0.925361 0.138927
vt 0.928516 0.132420
vt 0.951845 0.096028
vt 0.831682 0.084310
vt 0.844139 0.074136
vt 0.863308 0.075242
vt 0.877937 0.077947
vt 0.891680 0.081219
vt 0.903414 0.086219
vt 0.913769 0.096396
vt 0.926538 0.105179
vt 0.934956 0.114678
vt 0.942274 0.124085
vt 0.948799 0.117254
vt 0.967992 0.088637
vt 0.822070 0.075643
vt 0.835390 0.067203
vt 0.845604 0.060991
vt 0.860900 0.059972
vt 0.873623 0.060662
vt 0.886955 0.063035
vt 0.901961 0.069808
vt 0.915756 0.078562
vt 0.929362 0.089249
vt 0.942816 0.100702
vt 0.953812 0.110072
vt 0.961571 0.100916
vt 0.979659 0.079582
vt 0.810975 0.065809
vt 0.825624 0.056584
vt 0.837571 0.051159
vt 0.853534 0.048699
vt 0.867362 0.047548
vt 0.881343 0.047703
vt 0.896838 0.053694
vt 0.913583 0.064562
vt 0.930159 0.072213
vt 0.944587 0.081888
vt 0.958130 0.091310
vt 0.970283 0.080245
vt 0.982140 0.071978
vt 0.801174 0.057626
vt 0.816115 0.048918
vt 0.829450 0.040529
vt 0.843879 0.036317
vt 0.857984 0.034229
vt 0.873602 0.035040
vt 0.890122 0.040502
vt 0.909930 0.048846
vt 0.928508 0.055330
vt 0.942994 0.062428
vt 0.957183 0.070536
vt 0.970295 0.063247
vt 0.981483 0.065737
vt 0.792689 0.051185
vt 0.806902 0.040745
vt 0.820899 0.031915
vt 0.837413 0.027794
vt 0.851222 0.024203
vt 0.867900 0.024107
vt 0.885217 0.027066
vt 0.904208 0.032745
vt 0.923472 0.039767
vt 0.940313 0.047377
vt 0.955397 0.055460
vt 0.970181 0.198238
vt 0.970926 0.190327
vt 0.910800 0.175809
vt 0.916608 0.166259
vt 0.929060 0.164212
vt 0.944622 0.170215
vt 0.959123 0.182660
vt 0.968678 0.194283
vt 0.940863 0.138655
vt 0.875232 0.137344
vt 0.870515 0.133170
vt 0.868132 0.142167
vt 0.880039 0.143587
vt 0.875812 0.143137
vt 0.871364 0.141233
vt 0.867342 0.137854
vt 0.864524 0.133740
vt 0.863065 0.129411
vt 0.863527 0.148507
vt 0.886760 0.151044
vt 0.882069 0.152077
vt 0.876863 0.152187
vt 0.870971 0.151224
vt 0.865619 0.147873
vt 0.861060 0.143884
vt 0.857521 0.139788
vt 0.855397 0.134723
vt 0.854094 0.129501
vt 0.854183 0.124480
vt 0.855657 0.163488
vt 0.886914 0.164233
vt 0.880215 0.163420
vt 0.873721 0.162099
vt 0.865437 0.158357
vt 0.858467 0.153719
vt 0.852923 0.148253
vt 0.846787 0.141050
vt 0.844035 0.133372
vt 0.843136 0.125950
vt 0.843261 0.118813
vt 0.845357 0.179465
vt 0.885082 0.179903
vt 0.875929 0.177502
vt 0.866558 0.173642
vt 0.856529 0.168265
vt 0.848297 0.161067
vt 0.842334 0.151640
vt 0.836638 0.142783
vt 0.832094 0.132797
vt 0.831907 0.121781
vt 0.830597 0.113855
vt 0.836178 0.196386
vt 0.876631 0.194017
vt 0.864064 0.188779
vt 0.852789 0.182677
vt 0.844898 0.173368
vt 0.836932 0.165220
vt 0.828920 0.155143
vt 0.822645 0.144524
vt 0.818894 0.128329
vt 0.817532 0.109088
vt 0.822269 0.207585
vt 0.866651 0.203533
vt 0.852848 0.196033
vt 0.840526 0.188581
vt 0.831492 0.176626
vt 0.821113 0.165244
vt 0.814540 0.154402
vt 0.808261 0.144124
vt 0.805619 0.129885
vt 0.803187 0.115266
vt 0.809093 0.101673
vt 0.811802 0.220263
vt 0.849267 0.211753
vt 0.838886 0.202436
vt 0.826708 0.191504
vt 0.816763 0.178059
vt 0.806738 0.164963
vt 0.800394 0.151855
vt 0.796345 0.140371
vt 0.793901 0.127525
vt 0.792727 0.108898
vt 0.795588 0.095493
vt 0.800655 0.225584
vt 0.835950 0.215065
vt 0.824086 0.205057
vt 0.813628 0.193136
vt 0.804137 0.179096
vt 0.794064 0.163529
vt 0.788310 0.148856
vt 0.784987 0.136569
vt 0.783250 0.123009
vt 0.782068 0.103577
vt 0.785820 0.088418
vt 0.791017 0.227069
vt 0.823405 0.217535
vt 0.811822 0.206273
vt 0.801445 0.194296
vt 0.791779 0.179708
vt 0.782125 0.162331
vt 0.776404 0.146109
vt 0.772572 0.129880
vt 0.771325 0.113121
vt 0.772526 0.097321
vt 0.776392 0.082250
vt 0.782566 0.212757
vt 0.965118 0.222306
vt 0.952666 0.224354
vt 0.937104 0.218351
vt 0.922603 0.205906
vt 0.913048 0.118708
vt 0.819498 0.078960
vt 0.851840 0.106944
vt 0.823747 0.122752
vt 0.833427 0.131448
vt 0.816507 0.113842
vt 0.806304 0.092322
vt 0.857270 0.085750
vt 0.842490 0.064211
vt 0.843867 0.073550
vt 0.867510 0.194283
vt 0.896928 0.182892
vt 0.898227 0.173253
vt 0.902616 0.163209
vt 0.909598 0.156231
vt 0.918697 0.151844
vt 0.929293 0.150348
vt 0.940664 0.151844
vt 0.952035 0.156231
vt 0.962632 0.163209
vt 0.971731 0.172302
vt 0.978713 0.182892
vt 0.983102 0.194283
vt 0.984798 0.160412
vt 0.893844 0.178112
vt 0.889247 0.199341
vt 0.885296 0.212660
vt 0.877679 0.226103
vt 0.861301 0.232360
vt 0.848549 0.234721
vt 0.834726 0.205673
vt 0.983499 0.216263
vt 0.979110 0.225357
vt 0.972128 0.232335
vt 0.963029 0.236721
vt 0.952433 0.238217
vt 0.941062 0.236721
vt 0.929691 0.232335
vt 0.919094 0.225357
vt 0.909995 0.216263
vt 0.903013 0.205673
vt 0.898624 1.000000
vt 0.829524 0.863358
vt 0.829524 0.738719
vt 0.829524 0.616204
vt 0.829524 0.496118
vt 0.829524 0.378185
vt 0.829524 0.989598
vt 0.989510 0.863358
vt 0.989510 0.738719
vt 0.989510 0.616204
vt 0.989510 0.496118
vt 0.989510 0.378185
vt 0.989510 0.863358
vt 0.829524 0.738719
vt 0.829524 0.616204
vt 0.829524 0.496118
vt 0.829524 0.378185
vt 0.829524 0.261519
vt 0.829524 0.863358
vt 0.989510 0.738719
vt 0.989510 0.616204
vt 0.989510 0.496118
vt 0.989510 0.378185
vt 0.989510 0.261519
vt 0.989510 0.545119
vt 0.411984 0.597761
vt 0.399379 0.492757
vt 0.399312 0.660725
vt 0.348099 0.429850
vt 0.348179 0.672383
vt 0.293656 0.637170
vt 0.259313 0.453075
vt 0.259418 0.418084
vt 0.293761 0.574378
vt 0.389629 0.545174
vt 0.386327 0.515219
vt 0.390055 0.603859
vt 0.339989 0.545193
vt 0.338107 0.485959
vt 0.340151 0.591178
vt 0.280936 0.607613
vt 0.301123 0.545163
vt 0.285055 0.545209
vt 0.303237 0.499145
vt 0.280972 0.482824
vt 0.301178 0.545119
vt 0.411984 0.597761
vt 0.399379 0.492757
vt 0.399312 0.660725
vt 0.348099 0.429850
vt 0.348179 0.672383
vt 0.293656 0.637170
vt 0.259313 0.453075
vt 0.259418 0.418084
vt 0.293761 0.574378
vt 0.389629 0.545174
vt 0.386327 0.515219
vt 0.390055 0.603859
vt 0.339989 0.545193
vt 0.338107 0.485959
vt 0.340151 0.591178
vt 0.280936 0.607613
vt 0.301123 0.545163
vt 0.285055 0.545209
vt 0.303237 0.499145
vt 0.280972 0.482824
vt 0.301178 0.545119
vt 0.411984 0.597761
vt 0.399379 0.492757
vt 0.399312 0.660725
vt 0.348099 0.429850
vt 0.348179 0.672383
vt 0.293656 0.637170
vt 0.259313 0.453075
vt 0.259418 0.418084
vt 0.293761 0.574378
vt 0.389629 0.545174
vt 0.386327 0.515219
vt 0.390055 0.603859
vt 0.339989 0.545193
vt 0.338107 0.485959
vt 0.340151 0.591178
vt 0.280936 0.607613
vt 0.301123 0.545163
vt 0.285055 0.545209
vt 0.303237 0.499145
vt 0.280972 0.482824
vt 0.301178 0.545119
vt 0.411984 0.597761
vt 0.399379 0.492757
vt 0.399312 0.660725
vt 0.348099 0.429850
vt 0.348179 0.672383
vt 0.293656 0.637170
vt 0.259313 0.453075
vt 0.259418 0.418084
vt 0.293761 0.574378
vt 0.389629 0.545174
vt 0.386327 0.515219
vt 0.390055 0.603859
vt 0.339989 0.545193
vt 0.338107 0.485959
vt 0.340151 0.591178
vt 0.280936 0.607613
vt 0.301123 0.545163
vt 0.285055 0.545209
vt 0.303237 0.499145
vt 0.280972 0.482824
vt 0.301178 0.545119
vt 0.411984 0.597761
vt 0.399379 0.492757
vt 0.399312 0.660725
vt 0.348099 0.429850
vt 0.348179 0.672383
vt 0.293656 0.637170
vt 0.259313 0.453075
vt 0.259418 0.418084
vt 0.293761 0.574378
vt 0.389629 0.545174
vt 0.386327 0.515219
vt 0.390055 0.603859
vt 0.339989 0.545193
vt 0.338107 0.485959
vt 0.340151 0.591178
vt 0.280936 0.607613
vt 0.301123 0.545163
vt 0.285055 0.545209
vt 0.303237 0.499145
vt 0.280972 0.482824
vt 0.301178 0.545119
vt 0.411984 0.597761
vt 0.399379 0.492757
vt 0.399312 0.660725
vt 0.348099 0.429850
vt 0.348179 0.672383
vt 0.293656 0.637170
vt 0.259313 0.453075
vt 0.259418 0.418084
vt 0.293761 0.574378
vt 0.389629 0.545174
vt 0.386327 0.515219
vt 0.390055 0.603859
vt 0.339989 0.545193
vt 0.338107 0.485959
vt 0.340151 0.591178
vt 0.280936 0.607613
vt 0.301123 0.545163
vt 0.285055 0.545209
vt 0.303237 0.499145
vt 0.280972 0.482824
vt 0.301178 0.545119
vt 0.411984 0.597761
vt 0.399379 0.492757
vt 0.399312 0.660725
vt 0.348099 0.429850
vt 0.348179 0.672383
vt 0.293656 0.637170
vt 0.259313 0.453075
vt 0.259418 0.418084
vt 0.293761 0.574378
vt 0.389629 0.545174
vt 0.386327 0.515219
vt 0.390055 0.603859
vt 0.339989 0.545193
vt 0.338107 0.485959
vt 0.340151 0.591178
vt 0.280936 0.607613
vt 0.301123 0.545163
vt 0.285055 0.545209
vt 0.303237 0.499145
vt 0.280972 0.482824
vt 0.301178 0.545119
vt 0.411984 0.597761
vt 0.399379 0.492757
vt 0.399312 0.660725
vt 0.348099 0.429850
vt 0.348179 0.672383
vt 0.293656 0.637170
vt 0.259313 0.453075
vt 0.259418 0.418084
vt 0.293761 0.574378
vt 0.389629 0.545174
vt 0.386327 0.515219
vt 0.390055 0.603859
vt 0.339989 0.545193
vt 0.338107 0.485959
vt 0.340151 0.591178
vt 0.280936 0.607613
vt 0.301123 0.545163
vt 0.285055 0.545209
vt 0.303237 0.499145
vt 0.280972 0.482824
vt 0.301178 0.545119
vt 0.411984 0.597761
vt 0.399379 0.492757
vt 0.399312 0.660725
vt 0.348099 0.429850
vt 0.348179 0.672383
vt 0.293656 0.637170
vt 0.259313 0.453075
vt 0.259418 0.418084
vt 0.293761 0.574378
vt 0.389629 0.545174
vt 0.386327 0.515219
vt 0.390055 0.603859
vt 0.339989 0.545193
vt 0.338107 0.485959
vt 0.340151 0.591178
vt 0.280936 0.607613
vt 0.301123 0.545163
vt 0.285055 0.545209
vt 0.303237 0.499145
vt 0.280972 0.482824
vt 0.301178 0.545119
vt 0.411984 0.597761
vt 0.399379 0.492757
vt 0.399312 0.660725
vt 0.348099 0.429850
vt 0.348179 0.672383
vt 0.293656 0.637170
vt 0.259313 0.453075
vt 0.259418 0.418084
vt 0.293761 0.574378
vt 0.389629 0.545174
vt 0.386327 0.515219
vt 0.390055 0.603859
vt 0.339989 0.545193
vt 0.338107 0.485959
vt 0.340151 0.591178
vt 0.280936 0.607613
vt 0.301123 0.545163
vt 0.285055 0.545209
vt 0.303237 0.499145
vt 0.280972 0.482824
vt 0.301178 0.545119
vt 0.411984 0.597761
vt 0.399379 0.492757
vt 0.399312 0.660725
vt 0.348099 0.429850
vt 0.348179 0.672383
vt 0.293656 0.637170
vt 0.259313 0.453075
vt 0.259418 0.418084
vt 0.293761 0.574378
vt 0.389629 0.545174
vt 0.386327 0.515219
vt 0.390055 0.603859
vt 0.339989 0.545193
vt 0.338107 0.485959
vt 0.340151 0.591178
vt 0.280936 0.607613
vt 0.301123 0.545163
vt 0.285055 0.545209
vt 0.303237 0.499145
vt 0.280972 0.482824
vt 0.301178 0.545119
vt 0.411984 0.597761
vt 0.399379 0.492757
vt 0.399312 0.660725
vt 0.348099 0.429850
vt 0.348179 0.672383
vt 0.293656 0.637170
vt 0.259313 0.453075
vt 0.259418 0.418084
vt 0.293761 0.574378
vt 0.389629 0.545174
vt 0.386327 0.515219
vt 0.390055 0.603859
vt 0.339989 0.545193
vt 0.338107 0.485959
vt 0.340151 0.591178
vt 0.280936 0.607613
vt 0.301123 0.545163
vt 0.285055 0.545209
vt 0.303237 0.499145
vt 0.280972 0.482824
vt 0.301178 0.719197
vt 0.318159 0.676545
vt 0.477336 0.835723
vt 0.201633 0.719197
vt 0.636514 0.835723
vt 0.753040 0.987706
vt 0.795691 0.987706
vt 0.158981 0.719197
vt 0.636514 0.676545
vt 0.477336 0.835723
vt 0.753040 0.719197
vt 0.318159 0.835723
vt 0.201633 1.000000

f 17/17 18/18 19/19
f 18/18 17/17 20/20
f 1/1 13/13 14/14
f 15/15 14/14 13/13
f 28/28 29/29 25/25
f 26/26 25/25 29/29
f 29/29 30/30 26/26
f 27/27 26/26 30/30
f 31/31 32/32 28/28
f 29/29 28/28 32/32
f 32/32 33/33 29/29
f 30/30 29/29 33/33
f 34/34 35/35 31/31
f 32/32 31/31 35/35
f 35/35 36/36 32/32
f 33/33 32/32 36/36
f 40/40 41/41 37/37
f 38/38 37/37 41/41
f 41/41 42/42 38/38
f 39/39 38/38 42/42
f 43/43 44/44 40/40
f 41/41 40/40 44/44
f 44/44 45/45 41/41
f 42/42 41/41 45/45
f 25/25 26/26 43/43
f 44/44 43/43 26/26
f 26/26 27/27 44/44
f 45/45 44/44 27/27
f 46/46 47/47 34/34
f 35/35 34/34 47/47
f 47/47 48/48 35/35
f 36/36 35/35 48/48
f 49/49 58/58 59/59
f 60/60 58/58 49/49
f 50/50 51/51 25/25
f 28/28 25/25 51/51
f 61/61 62/62 50/50
f 51/51 50/50 62/62
f 51/51 52/52 28/28
f 31/31 28/28 52/52
f 62/62 63/63 51/51
f 52/52 51/51 63/63
f 52/52 53/53 31/31
f 34/34 31/31 53/53
f 63/63 36/36 52/52
f 53/53 52/52 36/36
f 40/40 37/37 55/55
f 54/54 55/55 37/37
f 64/64 65/65 54/54
f 55/55 54/54 65/65
f 55/55 56/56 40/40
f 43/43 40/40 56/56
f 65/65 66/66 55/55
f 56/56 55/55 66/66
f 56/56 50/50 43/43
f 25/25 43/43 50/50
f 66/66 61/61 56/56
f 50/50 56/56 61/61
f 53/53 57/57 34/34
f 46/46 34/34 57/57
f 36/36 48/48 53/53
f 57/57 53/53 48/48
f 67/67 49/49 59/59
f 67/67 60/60 49/49
f 84/84 85/85 86/86
f 85/85 84/84 87/87
f 68/68 80/80 81/81
f 82/82 81/81 80/80
f 95/95 96/96 92/92
f 93/93 92/92 96/96
f 96/96 97/97 93/93
f 94/94 93/93 97/97
f 98/98 99/99 95/95
f 96/96 95/95 99/99
f 99/99 100/100 96/96
f 97/97 96/96 100/100
f 101/101 102/102 98/98
f 99/99 98/98 102/102
f 102/102 103/103 99/99
f 100/100 99/99 103/103
f 107/107 108/108 104/104
f 105/105 104/104 108/108
f 108/108 109/109 105/105
f 106/106 105/105 109/109
f 110/110 111/111 107/107
f 108/108 107/107 111/111
f 111/111 112/112 108/108
f 109/109 108/108 112/112
f 92/92 93/93 110/110
f 111/111 110/110 93/93
f 93/93 94/94 111/111
f 112/112 111/111 94/94
f 113/113 114/114 101/101
f 102/102 101/101 114/114
f 114/114 115/115 102/102
f 103/103 102/102 115/115
f 116/116 125/125 126/126
f 127/127 125/125 116/116
f 117/117 118/118 92/92
f 95/95 92/92 118/118
f 128/128 129/129 117/117
f 118/118 117/117 129/129
f 118/118 119/119 95/95
f 98/98 95/95 119/119
f 129/129 130/130 118/118
f 119/119 118/118 130/130
f 119/119 120/120 98/98
f 101/101 98/98 120/120
f 130/130 103/103 119/119
f 120/120 119/119 103/103
f 107/107 104/104 122/122
f 121/121 122/122 104/104
f 131/131 132/132 121/121
f 122/122 121/121 132/132
f 122/122 123/123 107/107
f 110/110 107/107 123/123
f 132/132 133/133 122/122
f 123/123 122/122 133/133
f 123/123 117/117 110/110
f 92/92 110/110 117/117
f 133/133 128/128 123/123
f 117/117 123/123 128/128
f 120/120 124/124 101/101
f 113/113 101/101 124/124
f 103/103 115/115 120/120
f 124/124 120/120 115/115
f 134/134 116/116 126/126
f 134/134 127/127 116/116
f 151/151 152/152 153/153
f 152/152 151/151 154/154
f 135/135 147/147 148/148
f 149/149 148/148 147/147
f 167/167 168/168 159/159
f 160/160 159/159 168/168
f 175/175 161/161 167/167
f 168/168 167/167 161/161
f 168/168 169/169 160/160
f 162/162 160/160 169/169
f 161/161 163/163 168/168
f 169/169 168/168 163/163
f 169/169 170/170 162/162
f 176/176 162/162 170/170
f 163/163 177/177 169/169
f 170/170 169/169 177/177
f 178/178 164/164 172/172
f 171/171 172/172 164/164
f 165/165 179/179 171/171
f 172/172 171/171 179/179
f 172/172 173/173 178/178
f 180/180 178/178 173/173
f 179/179 181/181 172/172
f 173/173 172/172 181/181
f 173/173 167/167 180/180
f 159/159 180/180 167/167
f 181/181 175/175 173/173
f 167/167 173/173 175/175
f 170/170 174/174 176/176
f 166/166 176/176 174/174
f 177/177 182/182 170/170
f 174/174 170/170 182/182
f 192/192 183/183 193/193
f 192/192 194/194 183/183
f 160/160 185/185 159/159
f 184/184 159/159 185/185
f 185/185 161/161 184/184
f 175/175 184/184 161/161
f 162/162 186/186 160/160
f 185/185 160/160 186/186
f 186/186 163/163 185/185
f 161/161 185/185 163/163
f 176/176 187/187 162/162
f 186/186 162/162 187/187
f 187/187 177/177 186/186
f 163/163 186/186 177/177
f 188/188 164/164 189/189
f 178/178 189/189 164/164
f 189/189 179/179 188/188
f 165/165 188/188 179/179
f 180/180 190/190 178/178
f 189/189 178/178 190/190
f 190/190 181/181 189/189
f 179/179 189/189 181/181
f 159/159 184/184 180/180
f 190/190 180/180 184/184
f 184/184 175/175 190/190
f 181/181 190/190 175/175
f 166/166 191/191 176/176
f 187/187 176/176 191/191
f 191/191 182/182 187/187
f 177/177 187/187 182/182
f 195/195 196/196 197/197
f 198/198 196/196 195/195
f 215/215 216/216 217/217
f 216/216 215/215 218/218
f 199/199 211/211 212/212
f 213/213 212/212 211/211
f 224/224 227/227 223/223
f 226/226 223/223 227/227
f 225/225 228/228 224/224
f 227/227 224/224 228/228
f 227/227 230/230 226/226
f 229/229 226/226 230/230
f 228/228 231/231 227/227
f 230/230 227/227 231/231
f 230/230 233/233 229/229
f 232/232 229/229 233/233
f 231/231 234/234 230/230
f 233/233 230/230 234/234
f 236/236 239/239 235/235
f 238/238 235/235 239/239
f 237/237 240/240 236/236
f 239/239 236/236 240/240
f 239/239 242/242 238/238
f 241/241 238/238 242/242
f 240/240 243/243 239/239
f 242/242 239/239 243/243
f 242/242 224/224 241/241
f 223/223 241/241 224/224
f 243/243 225/225 242/242
f 224/224 242/242 225/225
f 233/233 245/245 232/232
f 244/244 232/232 245/245
f 234/234 246/246 233/233
f 245/245 233/233 246/246
f 256/256 247/247 257/257
f 256/256 258/258 247/247
f 226/226 249/249 223/223
f 248/248 223/223 249/249
f 249/249 259/259 248/248
f 260/260 248/248 259/259
f 229/229 250/250 226/226
f 249/249 226/226 250/250
f 250/250 261/261 249/249
f 259/259 249/249 261/261
f 232/232 251/251 229/229
f 250/250 229/229 251/251
f 251/251 234/234 250/250
f 261/261 250/250 234/234
f 252/252 235/235 253/253
f 238/238 253/253 235/235
f 253/253 262/262 252/252
f 263/263 252/252 262/262
f 241/241 254/254 238/238
f 253/253 238/238 254/254
f 254/254 264/264 253/253
f 262/262 253/253 264/264
f 223/223 248/248 241/241
f 254/254 241/241 248/248
f 248/248 260/260 254/254
f 264/264 254/254 260/260
f 244/244 255/255 232/232
f 251/251 232/232 255/255
f 255/255 246/246 251/251
f 234/234 251/251 246/246
f 247/247 265/265 257/257
f 258/258 265/265 247/247
f 282/282 283/283 284/284
f 283/283 282/282 285/285
f 266/266 278/278 279/279
f 280/280 279/279 278/278
f 291/291 294/294 290/290
f 293/293 290/290 294/294
f 292/292 295/295 291/291
f 294/294 291/291 295/295
f 294/294 297/297 293/293
f 296/296 293/293 297/297
f 295/295 298/298 294/294
f 297/297 294/294 298/298
f 297/297 300/300 296/296
f 299/299 296/296 300/300
f 298/298 301/301 297/297
f 300/300 297/297 301/301
f 303/303 306/306 302/302
f 305/305 302/302 306/306
f 304/304 307/307 303/303
f 306/306 303/303 307/307
f 306/306 309/309 305/305
f 308/308 305/305 309/309
f 307/307 310/310 306/306
f 309/309 306/306 310/310
f 309/309 291/291 308/308
f 290/290 308/308 291/291
f 310/310 292/292 309/309
f 291/291 309/309 292/292
f 300/300 312/312 299/299
f 311/311 299/299 312/312
f 301/301 313/313 300/300
f 312/312 300/300 313/313
f 323/323 314/314 324/324
f 323/323 325/325 314/314
f 293/293 316/316 290/290
f 315/315 290/290 316/316
f 316/316 326/326 315/315
f 327/327 315/315 326/326
f 296/296 317/317 293/293
f 316/316 293/293 317/317
f 317/317 328/328 316/316
f 326/326 316/316 328/328
f 299/299 318/318 296/296
f 317/317 296/296 318/318
f 318/318 301/301 317/317
f 328/328 317/317 301/301
f 319/319 302/302 320/320
f 305/305 320/320 302/302
f 320/320 329/329 319/319
f 330/330 319/319 329/329
f 308/308 321/321 305/305
f 320/320 305/305 321/321
f 321/321 331/331 320/320
f 329/329 320/320 331/331
f 290/290 315/315 308/308
f 321/321 308/308 315/315
f 315/315 327/327 321/321
f 331/331 321/321 327/327
f 311/311 322/322 299/299
f 318/318 299/299 322/322
f 322/322 313/313 318/318
f 301/301 318/318 313/313
f 314/314 332/332 324/324
f 325/325 332/332 314/314
f 346/346 347/347 368/368
f 345/345 368/368 347/347
f 348/348 349/349 346/346
f 347/347 346/346 349/349
f 350/350 351/351 348/348
f 349/349 348/348 351/351
f 352/352 353/353 350/350
f 351/351 350/350 353/353
f 354/354 355/355 352/352
f 353/353 352/352 355/355
f 379/379 380/380 354/354
f 355/355 354/354 380/380
f 740/740 741/741 742/742
f 743/743 744/744 741/741
f 744/744 745/745 741/741
f 741/741 745/745 742/742
f 742/742 745/745 746/746
f 345/345 370/370 368/368
f 369/369 368/368 370/370
f 370/370 372/372 369/369
f 371/371 369/369 372/372
f 372/372 374/374 371/371
f 373/373 371/371 374/374
f 374/374 376/376 373/373
f 375/375 373/373 376/376
f 376/376 378/378 375/375
f 377/377 375/375 378/378
f 378/378 380/380 377/377
f 379/379 377/377 380/380
f 752/752 753/753 754/754
f 754/754 753/753 745/745
f 755/755 756/756 753/753
f 753/753 756/756 745/745
f 745/745 756/756 746/746
f 340/340 333/333 339/339
f 333/333 340/340 335/335
f 341/341 334/334 340/340
f 334/334 341/341 336/336
f 342/342 335/335 341/341
f 335/335 342/342 337/337
f 343/343 336/336 342/342
f 336/336 343/343 338/338
f 344/344 337/337 343/343
f 337/337 344/344 361/361
f 367/367 338/338 344/344
f 338/338 367/367 733/733
f 734/734 735/735 736/736
f 738/738 739/739 339/339
f 362/362 333/333 356/356
f 363/363 356/356 357/357
f 364/364 357/357 358/358
f 365/365 358/358 359/359
f 366/366 359/359 360/360
f 367/367 360/360 361/361
f 360/360 367/367 747/747
f 748/748 738/738 750/750
f 751/751 739/739 388/388
f 389/389 381/381 392/392
f 757/757 758/758 759/759
f 395/395 386/386 760/760
f 387/387 395/395 760/760
f 393/393 387/387 761/761
f 394/394 763/763 762/762
f 391/391 394/394 762/762
f 390/390 391/391 764/764
f 764/764 767/767 768/768
f 769/769 770/770 771/771
f 772/772 773/773 767/767
f 775/775 776/776 767/767
f 775/775 774/774 777/777
f 775/775 767/767 768/768
f 768/768 775/775 412/412
f 412/412 396/396 403/403
f 408/408 396/396 410/410
f 400/400 402/402 410/410
f 400/400 407/407 401/401
f 400/400 410/410 403/403
f 397/397 408/408 406/406
f 406/406 409/409 401/401
f 401/401 410/410 411/411
f 411/411 406/406 405/405
f 404/404 399/399 409/409
f 409/409 407/407 405/405
f 398/398 404/404 778/778
f 778/778 781/781 780/780
f 780/780 779/779 778/778
f 778/778 785/785 784/784
f 785/785 786/786 787/787
f 787/787 783/783 420/420
f 422/422 421/421 424/424
f 424/424 423/423 789/789
f 420/420 419/419 415/415
f 415/415 419/419 421/421
f 414/414 421/421 416/416
f 416/416 422/422 418/418
f 418/418 423/423 417/417
f 417/417 424/424 432/432
f 434/434 433/433 436/436
f 436/436 435/435 790/790
f 432/432 431/431 427/427
f 427/427 431/431 433/433
f 426/426 433/433 428/428
f 428/428 434/434 430/430
f 430/430 435/435 429/429
f 429/429 436/436 444/444
f 445/445 437/437 448/448
f 791/791 792/792 793/793
f 451/451 442/442 794/794
f 443/443 451/451 794/794
f 449/449 443/443 795/795
f 450/450 797/797 796/796
f 447/447 450/450 796/796
f 446/446 447/447 798/798
f 798/798 801/801 802/802
f 803/803 804/804 805/805
f 806/806 807/807 801/801
f 809/809 810/810 801/801
f 809/809 808/808 811/811
f 809/809 801/801 802/802
f 802/802 809/809 468/468
f 468/468 452/452 459/459
f 464/464 452/452 466/466
f 456/456 458/458 466/466
f 456/456 463/463 457/457
f 456/456 466/466 459/459
f 453/453 464/464 462/462
f 462/462 465/465 457/457
f 457/457 466/466 467/467
f 467/467 462/462 461/461
f 460/460 455/455 465/465
f 465/465 463/463 461/461
f 454/454 460/460 812/812
f 812/812 815/815 814/814
f 814/814 813/813 812/812
f 812/812 819/819 818/818
f 819/819 820/820 821/821
f 821/821 817/817 476/476
f 478/478 477/477 480/480
f 480/480 479/479 823/823
f 476/476 475/475 471/471
f 471/471 475/475 477/477
f 470/470 477/477 472/472
f 472/472 478/478 474/474
f 474/474 479/479 473/473
f 473/473 480/480 488/488
f 489/489 481/481 492/492
f 824/824 825/825 826/826
f 495/495 486/486 827/827
f 487/487 495/495 827/827
f 493/493 487/487 828/828
f 494/494 830/830 829/829
f 491/491 494/494 829/829
f 490/490 491/491 831/831
f 831/831 834/834 835/835
f 836/836 837/837 838/838
f 839/839 840/840 834/834
f 842/842 843/843 834/834
f 842/842 841/841 844/844
f 842/842 834/834 835/835
f 835/835 842/842 512/512
f 512/512 496/496 503/503
f 508/508 496/496 510/510
f 500/500 502/502 510/510
f 500/500 507/507 501/501
f 500/500 510/510 503/503
f 497/497 508/508 506/506
f 506/506 509/509 501/501
f 501/501 510/510 511/511
f 511/511 506/506 505/505
f 504/504 499/499 509/509
f 509/509 507/507 505/505
f 498/498 504/504 845/845
f 845/845 848/848 847/847
f 847/847 846/846 845/845
f 845/845 852/852 851/851
f 852/852 853/853 854/854
f 854/854 850/850 520/520
f 522/522 521/521 524/524
f 524/524 523/523 856/856
f 520/520 519/519 515/515
f 515/515 519/519 521/521
f 514/514 521/521 516/516
f 516/516 522/522 518/518
f 518/518 523/523 517/517
f 517/517 524/524 532/532
f 533/533 525/525 536/536
f 857/857 858/858 859/859
f 539/539 530/530 860/860
f 531/531 539/539 860/860
f 537/537 531/531 861/861
f 538/538 863/863 862/862
f 535/535 538/538 862/862
f 534/534 535/535 864/864
f 864/864 867/867 868/868
f 869/869 870/870 871/871
f 872/872 873/873 867/867
f 875/875 876/876 867/867
f 875/875 874/874 877/877
f 875/875 867/867 868/868
f 868/868 875/875 556/556
f 556/556 540/540 547/547
f 552/552 540/540 554/554
f 544/544 546/546 554/554
f 544/544 551/551 545/545
f 544/544 554/554 547/547
f 541/541 552/552 550/550
f 550/550 553/553 545/545
f 545/545 554/554 555/555
f 555/555 550/550 549/549
f 548/548 543/543 553/553
f 553/553 551/551 549/549
f 542/542 548/548 878/878
f 878/878 881/881 880/880
f 880/880 879/879 878/878
f 878/878 885/885 884/884
f 885/885 886/886 887/887
f 887/887 883/883 564/564
f 566/566 565/565 568/568
f 568/568 567/567 889/889
f 564/564 563/563 559/559
f 559/559 563/563 565/565
f 558/558 565/565 560/560
f 560/560 566/566 562/562
f 562/562 567/567 561/561
f 561/561 568/568 576/576
f 577/577 569/569 580/580
f 890/890 891/891 892/892
f 583/583 574/574 893/893
f 575/575 583/583 893/893
f 581/581 575/575 894/894
f 582/582 896/896 895/895
f 579/579 582/582 895/895
f 578/578 579/579 897/897
f 897/897 900/900 901/901
f 902/902 903/903 904/904
f 905/905 906/906 900/900
f 908/908 909/909 900/900
f 908/908 907/907 910/910
f 908/908 900/900 901/901
f 901/901 908/908 600/600
f 600/600 584/584 591/591
f 596/596 584/584 598/598
f 588/588 590/590 598/598
f 588/588 595/595 589/589
f 588/588 598/598 591/591
f 585/585 596/596 594/594
f 594/594 597/597 589/589
f 589/589 598/598 599/599
f 599/599 594/594 593/593
f 592/592 587/587 597/597
f 597/597 595/595 593/593
f 586/586 592/592 911/911
f 911/911 914/914 913/913
f 913/913 912/912 911/911
f 911/911 918/918 917/917
f 918/918 919/919 920/920
f 920/920 916/916 608/608
f 610/610 609/609 612/612
f 612/612 611/611 922/922
f 608/608 607/607 603/603
f 603/603 607/607 609/609
f 602/602 609/609 604/604
f 604/604 610/610 606/606
f 606/606 611/611 605/605
f 605/605 612/612 620/620
f 621/621 613/613 624/624
f 923/923 924/924 925/925
f 627/627 618/618 926/926
f 619/619 627/627 926/926
f 625/625 619/619 927/927
f 626/626 929/929 928/928
f 623/623 626/626 928/928
f 622/622 623/623 930/930
f 930/930 933/933 934/934
f 935/935 936/936 937/937
f 938/938 939/939 933/933
f 941/941 942/942 933/933
f 941/941 940/940 943/943
f 941/941 933/933 934/934
f 934/934 941/941 644/644
f 644/644 628/628 635/635
f 640/640 628/628 642/642
f 632/632 634/634 642/642
f 632/632 639/639 633/633
f 632/632 642/642 635/635
f 629/629 640/640 638/638
f 638/638 641/641 633/633
f 633/633 642/642 643/643
f 643/643 638/638 637/637
f 636/636 631/631 641/641
f 641/641 639/639 637/637
f 630/630 636/636 944/944
f 944/944 947/947 946/946
f 946/946 945/945 944/944
f 944/944 951/951 950/950
f 951/951 952/952 953/953
f 953/953 949/949 652/652
f 654/654 653/653 656/656
f 656/656 655/655 955/955
f 652/652 651/651 647/647
f 647/647 651/651 653/653
f 646/646 653/653 648/648
f 648/648 654/654 650/650
f 650/650 655/655 649/649
f 649/649 656/656 664/664
f 665/665 657/657 668/668
f 956/956 957/957 958/958
f 671/671 662/662 959/959
f 663/663 671/671 959/959
f 669/669 663/663 960/960
f 670/670 962/962 961/961
f 667/667 670/670 961/961
f 666/666 667/667 963/963
f 963/963 966/966 967/967
f 968/968 969/969 970/970
f 971/971 972/972 966/966
f 974/974 975/975 966/966
f 974/974 973/973 976/976
f 974/974 966/966 967/967
f 967/967 974/974 688/688
f 688/688 672/672 679/679
f 684/684 672/672 686/686
f 676/676 678/678 686/686
f 676/676 683/683 677/677
f 676/676 686/686 679/679
f 673/673 684/684 682/682
f 682/682 685/685 677/677
f 677/677 686/686 687/687
f 687/687 682/682 681/681
f 680/680 675/675 685/685
f 685/685 683/683 681/681
f 674/674 680/680 977/977
f 977/977 980/980 979/979
f 979/979 978/978 977/977
f 977/977 984/984 983/983
f 984/984 985/985 986/986
f 986/986 982/982 696/696
f 698/698 697/697 700/700
f 700/700 699/699 988/988
f 696/696 695/695 691/691
f 691/691 695/695 697/697
f 690/690 697/697 692/692
f 692/692 698/698 694/694
f 694/694 699/699 693/693
f 693/693 700/700 708/708
f 709/709 701/701 712/712
f 989/989 990/990 991/991
f 715/715 706/706 992/992
f 707/707 715/715 992/992
f 713/713 707/707 993/993
f 714/714 995/995 994/994
f 711/711 714/714 994/994
f 710/710 711/711 996/996
f 996/996 999/999 1000/1000
f 1001/1001 1002/1002 1003/1003
f 1004/1004 1005/1005 999/999
f 1007/1007 1008/1008 999/999
f 1007/1007 1006/1006 1009/1009
f 1007/1007 999/999 1000/1000
f 1000/1000 1007/1007 732/732
f 732/732 716/716 723/723
f 728/728 716/716 730/730
f 720/720 722/722 730/730
f 720/720 727/727 721/721
f 720/720 730/730 723/723
f 717/717 728/728 726/726
f 726/726 729/729 721/721
f 721/721 730/730 731/731
f 731/731 726/726 725/725
f 724/724 719/719 729/729
f 729/729 727/727 725/725
f 718/718 724/724 1010/1010
f 1010/1010 1013/1013 1012/1012
f 1012/1012 1011/1011 1010/1010
f 1010/1010 1017/1017 1016/1016
f 1017/1017 1018/1018 1019/1019
f 1021/1021 1024/1024 1023/1023
f 1021/1021 1025/1025 1024/1024
f 1021/1021 1026/1026 1025/1025
f 1021/1021 1022/1022 1026/1026
f 1023/1023 1029/1029 1028/1028
f 1023/1023 1024/1024 1029/1029
f 1024/1024 1030/1030 1029/1029
f 1024/1024 1031/1031 1030/1030
f 1024/1024 1025/1025 1031/1031
f 1025/1025 1032/1032 1031/1031
f 1025/1025 1033/1033 1032/1032
f 1025/1025 1026/1026 1033/1033
f 1026/1026 1034/1034 1033/1033
f 1026/1026 1035/1035 1034/1034
f 1026/1026 1022/1022 1035/1035
f 1022/1022 1027/1027 1035/1035
f 1028/1028 1038/1038 1037/1037
f 1028/1028 1029/1029 1038/1038
f 1029/1029 1039/1039 1038/1038
f 1029/1029 1040/1040 1039/1039
f 1029/1029 1030/1030 1040/1040
f 1030/1030 1041/1041 1040/1040
f 1030/1030 1031/1031 1041/1041
f 1031/1031 1042/1042 1041/1041
f 1031/1031 1043/1043 1042/1042
f 1031/1031 1032/1032 1043/1043
f 1032/1032 1044/1044 1043/1043
f 1032/1032 1033/1033 1044/1044
f 1033/1033 1045/1045 1044/1044
f 1033/1033 1046/1046 1045/1045
f 1033/1033 1034/1034 1046/1046
f 1034/1034 1047/1047 1046/1046
f 1034/1034 1035/1035 1047/1047
f 1035/1035 1048/1048 1047/1047
f 1035/1035 1036/1036 1048/1048
f 1035/1035 1027/1027 1036/1036
f 1037/1037 1051/1051 1050/1050
f 1037/1037 1038/1038 1051/1051
f 1038/1038 1052/1052 1051/1051
f 1038/1038 1039/1039 1052/1052
f 1039/1039 1053/1053 1052/1052
f 1039/1039 1040/1040 1053/1053
f 1040/1040 1054/1054 1053/1053
f 1040/1040 1041/1041 1054/1054
f 1041/1041 1055/1055 1054/1054
f 1041/1041 1042/1042 1055/1055
f 1042/1042 1056/1056 1055/1055
f 1042/1042 1043/1043 1056/1056
f 1043/1043 1057/1057 1056/1056
f 1043/1043 1044/1044 1057/1057
f 1044/1044 1058/1058 1057/1057
f 1044/1044 1045/1045 1058/1058
f 1045/1045 1059/1059 1058/1058
f 1045/1045 1046/1046 1059/1059
f 1046/1046 1060/1060 1059/1059
f 1046/1046 1047/1047 1060/1060
f 1047/1047 1061/1061 1060/1060
f 1047/1047 1048/1048 1061/1061
f 1048/1048 1049/1049 1061/1061
f 1048/1048 1036/1036 1049/1049
f 1050/1050 1064/1064 1063/1063
f 1050/1050 1051/1051 1064/1064
f 1051/1051 1052/1052 1064/1064
f 1052/1052 1053/1053 1066/1066
f 1053/1053 1067/1067 1066/1066
f 1053/1053 1054/1054 1067/1067
f 1054/1054 1068/1068 1067/1067
f 1054/1054 1055/1055 1068/1068
f 1055/1055 1069/1069 1068/1068
f 1055/1055 1056/1056 1069/1069
f 1056/1056 1070/1070 1069/1069
f 1056/1056 1057/1057 1070/1070
f 1057/1057 1071/1071 1070/1070
f 1057/1057 1058/1058 1071/1071
f 1058/1058 1072/1072 1071/1071
f 1058/1058 1059/1059 1072/1072
f 1059/1059 1073/1073 1072/1072
f 1059/1059 1060/1060 1073/1073
f 1060/1060 1074/1074 1073/1073
f 1060/1060 1061/1061 1074/1074
f 1061/1061 1062/1062 1074/1074
f 1061/1061 1049/1049 1062/1062
f 1063/1063 1064/1064 1076/1076
f 1066/1066 1067/1067 1079/1079
f 1067/1067 1080/1080 1079/1079
f 1067/1067 1068/1068 1080/1080
f 1068/1068 1081/1081 1080/1080
f 1068/1068 1069/1069 1081/1081
f 1069/1069 1082/1082 1081/1081
f 1069/1069 1070/1070 1082/1082
f 1070/1070 1083/1083 1082/1082
f 1070/1070 1071/1071 1083/1083
f 1071/1071 1084/1084 1083/1083
f 1071/1071 1072/1072 1084/1084
f 1072/1072 1085/1085 1084/1084
f 1072/1072 1073/1073 1085/1085
f 1073/1073 1086/1086 1085/1085
f 1073/1073 1074/1074 1086/1086
f 1074/1074 1075/1075 1086/1086
f 1074/1074 1062/1062 1075/1075
f 1076/1076 1089/1089 1088/1088
f 1079/1079 1092/1092 1091/1091
f 1079/1079 1093/1093 1092/1092
f 1079/1079 1080/1080 1093/1093
f 1080/1080 1094/1094 1093/1093
f 1080/1080 1081/1081 1094/1094
f 1081/1081 1095/1095 1094/1094
f 1081/1081 1082/1082 1095/1095
f 1082/1082 1096/1096 1095/1095
f 1082/1082 1083/1083 1096/1096
f 1083/1083 1097/1097 1096/1096
f 1083/1083 1084/1084 1097/1097
f 1084/1084 1098/1098 1097/1097
f 1084/1084 1085/1085 1098/1098
f 1085/1085 1099/1099 1098/1098
f 1085/1085 1086/1086 1099/1099
f 1086/1086 1087/1087 1099/1099
f 1086/1086 1075/1075 1087/1087
f 1089/1089 1102/1102 1101/1101
f 1088/1088 1089/1089 1101/1101
f 1089/1089 1103/1103 1102/1102
f 1091/1091 1104/1104 1103/1103
f 1091/1091 1105/1105 1104/1104
f 1091/1091 1092/1092 1105/1105
f 1092/1092 1106/1106 1105/1105
f 1092/1092 1093/1093 1106/1106
f 1093/1093 1107/1107 1106/1106
f 1093/1093 1094/1094 1107/1107
f 1094/1094 1108/1108 1107/1107
f 1094/1094 1095/1095 1108/1108
f 1095/1095 1109/1109 1108/1108
f 1095/1095 1096/1096 1109/1109
f 1096/1096 1110/1110 1109/1109
f 1096/1096 1097/1097 1110/1110
f 1097/1097 1111/1111 1110/1110
f 1097/1097 1098/1098 1111/1111
f 1098/1098 1112/1112 1111/1111
f 1098/1098 1099/1099 1112/1112
f 1099/1099 1100/1100 1112/1112
f 1099/1099 1087/1087 1100/1100
f 1101/1101 1115/1115 1114/1114
f 1101/1101 1102/1102 1115/1115
f 1102/1102 1116/1116 1115/1115
f 1102/1102 1103/1103 1116/1116
f 1103/1103 1117/1117 1116/1116
f 1103/1103 1104/1104 1117/1117
f 1104/1104 1118/1118 1117/1117
f 1104/1104 1105/1105 1118/1118
f 1105/1105 1119/1119 1118/1118
f 1105/1105 1106/1106 1119/1119
f 1106/1106 1120/1120 1119/1119
f 1106/1106 1107/1107 1120/1120
f 1107/1107 1121/1121 1120/1120
f 1107/1107 1108/1108 1121/1121
f 1108/1108 1122/1122 1121/1121
f 1108/1108 1109/1109 1122/1122
f 1109/1109 1123/1123 1122/1122
f 1109/1109 1110/1110 1123/1123
f 1110/1110 1124/1124 1123/1123
f 1110/1110 1111/1111 1124/1124
f 1111/1111 1125/1125 1124/1124
f 1111/1111 1112/1112 1125/1125
f 1112/1112 1113/1113 1125/1125
f 1112/1112 1100/1100 1113/1113
f 1114/1114 1128/1128 1127/1127
f 1114/1114 1115/1115 1128/1128
f 1115/1115 1129/1129 1128/1128
f 1115/1115 1116/1116 1129/1129
f 1116/1116 1130/1130 1129/1129
f 1116/1116 1117/1117 1130/1130
f 1117/1117 1131/1131 1130/1130
f 1117/1117 1118/1118 1131/1131
f 1118/1118 1132/1132 1131/1131
f 1118/1118 1119/1119 1132/1132
f 1119/1119 1133/1133 1132/1132
f 1119/1119 1120/1120 1133/1133
f 1120/1120 1134/1134 1133/1133
f 1120/1120 1121/1121 1134/1134
f 1121/1121 1135/1135 1134/1134
f 1121/1121 1122/1122 1135/1135
f 1122/1122 1136/1136 1135/1135
f 1122/1122 1123/1123 1136/1136
f 1123/1123 1137/1137 1136/1136
f 1123/1123 1124/1124 1137/1137
f 1124/1124 1138/1138 1137/1137
f 1124/1124 1125/1125 1138/1138
f 1125/1125 1126/1126 1138/1138
f 1125/1125 1113/1113 1126/1126
f 1259/1259 1260/1260 1140/1140
f 1260/1260 1141/1141 1140/1140
f 1260/1260 1261/1261 1141/1141
f 1261/1261 1262/1262 1141/1141
f 1262/1262 1142/1142 1141/1141
f 1262/1262 1263/1263 1142/1142
f 1263/1263 1264/1264 1142/1142
f 1264/1264 1143/1143 1142/1142
f 1264/1264 1265/1265 1143/1143
f 1265/1265 1266/1266 1143/1143
f 1266/1266 1144/1144 1143/1143
f 1266/1266 1267/1267 1144/1144
f 1267/1267 1268/1268 1144/1144
f 1268/1268 1145/1145 1144/1144
f 1268/1268 1269/1269 1145/1145
f 1269/1269 1270/1270 1145/1145
f 1270/1270 1139/1139 1145/1145
f 1270/1270 1271/1271 1139/1139
f 1146/1146 1140/1140 1141/1141
f 1146/1146 1141/1141 1142/1142
f 1146/1146 1142/1142 1143/1143
f 1146/1146 1143/1143 1144/1144
f 1146/1146 1144/1144 1145/1145
f 1146/1146 1145/1145 1139/1139
f 1021/1021 1147/1147 1022/1022
f 1021/1021 1148/1148 1147/1147
f 1021/1021 1149/1149 1148/1148
f 1021/1021 1023/1023 1149/1149
f 1022/1022 1150/1150 1027/1027
f 1022/1022 1147/1147 1150/1150
f 1147/1147 1151/1151 1150/1150
f 1147/1147 1152/1152 1151/1151
f 1147/1147 1148/1148 1152/1152
f 1148/1148 1153/1153 1152/1152
f 1148/1148 1154/1154 1153/1153
f 1148/1148 1149/1149 1154/1154
f 1149/1149 1155/1155 1154/1154
f 1149/1149 1156/1156 1155/1155
f 1149/1149 1023/1023 1156/1156
f 1023/1023 1028/1028 1156/1156
f 1027/1027 1157/1157 1036/1036
f 1027/1027 1150/1150 1157/1157
f 1150/1150 1158/1158 1157/1157
f 1150/1150 1159/1159 1158/1158
f 1150/1150 1151/1151 1159/1159
f 1151/1151 1160/1160 1159/1159
f 1151/1151 1152/1152 1160/1160
f 1152/1152 1161/1161 1160/1160
f 1152/1152 1162/1162 1161/1161
f 1152/1152 1153/1153 1162/1162
f 1153/1153 1163/1163 1162/1162
f 1153/1153 1154/1154 1163/1163
f 1154/1154 1164/1164 1163/1163
f 1154/1154 1165/1165 1164/1164
f 1154/1154 1155/1155 1165/1165
f 1155/1155 1166/1166 1165/1165
f 1155/1155 1156/1156 1166/1166
f 1156/1156 1167/1167 1166/1166
f 1156/1156 1037/1037 1167/1167
f 1156/1156 1028/1028 1037/1037
f 1036/1036 1168/1168 1272/1272
f 1036/1036 1157/1157 1168/1168
f 1157/1157 1169/1169 1168/1168
f 1157/1157 1158/1158 1169/1169
f 1158/1158 1170/1170 1169/1169
f 1158/1158 1159/1159 1170/1170
f 1159/1159 1171/1171 1170/1170
f 1159/1159 1160/1160 1171/1171
f 1160/1160 1172/1172 1171/1171
f 1160/1160 1161/1161 1172/1172
f 1161/1161 1173/1173 1172/1172
f 1161/1161 1162/1162 1173/1173
f 1162/1162 1174/1174 1173/1173
f 1162/1162 1163/1163 1174/1174
f 1163/1163 1175/1175 1174/1174
f 1163/1163 1164/1164 1175/1175
f 1164/1164 1176/1176 1175/1175
f 1164/1164 1165/1165 1176/1176
f 1165/1165 1177/1177 1176/1176
f 1165/1165 1166/1166 1177/1177
f 1166/1166 1178/1178 1177/1177
f 1166/1166 1167/1167 1178/1178
f 1167/1167 1050/1050 1178/1178
f 1167/1167 1037/1037 1050/1050
f 1272/1272 1179/1179 1273/1273
f 1272/1272 1168/1168 1179/1179
f 1168/1168 1180/1180 1179/1179
f 1168/1168 1169/1169 1180/1180
f 1169/1169 1181/1181 1180/1180
f 1169/1169 1170/1170 1181/1181
f 1170/1170 1182/1182 1181/1181
f 1170/1170 1171/1171 1182/1182
f 1171/1171 1183/1183 1182/1182
f 1171/1171 1172/1172 1183/1183
f 1172/1172 1184/1184 1183/1183
f 1172/1172 1173/1173 1184/1184
f 1173/1173 1185/1185 1184/1184
f 1173/1173 1174/1174 1185/1185
f 1174/1174 1186/1186 1185/1185
f 1174/1174 1175/1175 1186/1186
f 1175/1175 1187/1187 1186/1186
f 1175/1175 1176/1176 1187/1187
f 1176/1176 1177/1177 1187/1187
f 1178/1178 1050/1050 1189/1189
f 1273/1273 1190/1190 1274/1274
f 1273/1273 1179/1179 1190/1190
f 1179/1179 1191/1191 1190/1190
f 1179/1179 1180/1180 1191/1191
f 1180/1180 1192/1192 1191/1191
f 1180/1180 1181/1181 1192/1192
f 1181/1181 1193/1193 1192/1192
f 1181/1181 1182/1182 1193/1193
f 1182/1182 1194/1194 1193/1193
f 1182/1182 1183/1183 1194/1194
f 1183/1183 1195/1195 1194/1194
f 1183/1183 1184/1184 1195/1195
f 1184/1184 1196/1196 1195/1195
f 1184/1184 1185/1185 1196/1196
f 1185/1185 1197/1197 1196/1196
f 1185/1185 1186/1186 1197/1197
f 1186/1186 1187/1187 1197/1197
f 1189/1189 1063/1063 1076/1076
f 1274/1274 1200/1200 1275/1275
f 1274/1274 1190/1190 1200/1200
f 1190/1190 1201/1201 1200/1200
f 1190/1190 1191/1191 1201/1201
f 1191/1191 1202/1202 1201/1201
f 1191/1191 1192/1192 1202/1202
f 1192/1192 1203/1203 1202/1202
f 1192/1192 1193/1193 1203/1203
f 1193/1193 1204/1204 1203/1203
f 1193/1193 1194/1194 1204/1204
f 1194/1194 1205/1205 1204/1204
f 1194/1194 1195/1195 1205/1205
f 1195/1195 1206/1206 1205/1205
f 1195/1195 1196/1196 1206/1206
f 1196/1196 1207/1207 1206/1206
f 1196/1196 1197/1197 1207/1207
f 1197/1197 1208/1208 1207/1207
f 1076/1076 1088/1088 1210/1210
f 1275/1275 1211/1211 1276/1276
f 1275/1275 1200/1200 1211/1211
f 1200/1200 1212/1212 1211/1211
f 1200/1200 1201/1201 1212/1212
f 1201/1201 1213/1213 1212/1212
f 1201/1201 1202/1202 1213/1213
f 1202/1202 1214/1214 1213/1213
f 1202/1202 1203/1203 1214/1214
f 1203/1203 1215/1215 1214/1214
f 1203/1203 1204/1204 1215/1215
f 1204/1204 1216/1216 1215/1215
f 1204/1204 1205/1205 1216/1216
f 1205/1205 1217/1217 1216/1216
f 1205/1205 1206/1206 1217/1217
f 1206/1206 1218/1218 1217/1217
f 1206/1206 1207/1207 1218/1218
f 1207/1207 1219/1219 1218/1218
f 1207/1207 1208/1208 1219/1219
f 1208/1208 1220/1220 1219/1219
f 1210/1210 1221/1221 1220/1220
f 1210/1210 1101/1101 1221/1221
f 1210/1210 1088/1088 1101/1101
f 1276/1276 1222/1222 1277/1277
f 1276/1276 1211/1211 1222/1222
f 1211/1211 1223/1223 1222/1222
f 1211/1211 1212/1212 1223/1223
f 1212/1212 1224/1224 1223/1223
f 1212/1212 1213/1213 1224/1224
f 1213/1213 1225/1225 1224/1224
f 1213/1213 1214/1214 1225/1225
f 1214/1214 1226/1226 1225/1225
f 1214/1214 1215/1215 1226/1226
f 1215/1215 1227/1227 1226/1226
f 1215/1215 1216/1216 1227/1227
f 1216/1216 1228/1228 1227/1227
f 1216/1216 1217/1217 1228/1228
f 1217/1217 1229/1229 1228/1228
f 1217/1217 1218/1218 1229/1229
f 1218/1218 1230/1230 1229/1229
f 1218/1218 1219/1219 1230/1230
f 1219/1219 1231/1231 1230/1230
f 1219/1219 1220/1220 1231/1231
f 1220/1220 1232/1232 1231/1231
f 1220/1220 1221/1221 1232/1232
f 1221/1221 1114/1114 1232/1232
f 1221/1221 1101/1101 1114/1114
f 1277/1277 1233/1233 1278/1278
f 1277/1277 1222/1222 1233/1233
f 1222/1222 1234/1234 1233/1233
f 1222/1222 1223/1223 1234/1234
f 1223/1223 1235/1235 1234/1234
f 1223/1223 1224/1224 1235/1235
f 1224/1224 1236/1236 1235/1235
f 1224/1224 1225/1225 1236/1236
f 1225/1225 1237/1237 1236/1236
f 1225/1225 1226/1226 1237/1237
f 1226/1226 1238/1238 1237/1237
f 1226/1226 1227/1227 1238/1238
f 1227/1227 1239/1239 1238/1238
f 1227/1227 1228/1228 1239/1239
f 1228/1228 1240/1240 1239/1239
f 1228/1228 1229/1229 1240/1240
f 1229/1229 1241/1241 1240/1240
f 1229/1229 1230/1230 1241/1241
f 1230/1230 1242/1242 1241/1241
f 1230/1230 1231/1231 1242/1242
f 1231/1231 1243/1243 1242/1242
f 1231/1231 1232/1232 1243/1243
f 1232/1232 1127/1127 1243/1243
f 1232/1232 1114/1114 1127/1127
f 1271/1271 1279/1279 1139/1139
f 1279/1279 1244/1244 1139/1139
f 1279/1279 1280/1280 1244/1244
f 1280/1280 1281/1281 1244/1244
f 1281/1281 1245/1245 1244/1244
f 1281/1281 1282/1282 1245/1245
f 1282/1282 1283/1283 1245/1245
f 1283/1283 1246/1246 1245/1245
f 1283/1283 1284/1284 1246/1246
f 1284/1284 1285/1285 1246/1246
f 1285/1285 1247/1247 1246/1246
f 1285/1285 1286/1286 1247/1247
f 1286/1286 1287/1287 1247/1247
f 1287/1287 1248/1248 1247/1247
f 1287/1287 1288/1288 1248/1248
f 1288/1288 1289/1289 1248/1248
f 1289/1289 1140/1140 1248/1248
f 1289/1289 1259/1259 1140/1140
f 1146/1146 1139/1139 1244/1244
f 1146/1146 1244/1244 1245/1245
f 1146/1146 1245/1245 1246/1246
f 1146/1146 1246/1246 1247/1247
f 1146/1146 1247/1247 1248/1248
f 1146/1146 1248/1248 1140/1140
f 1177/1177 1178/1178 1189/1189
f 1050/1050 1063/1063 1189/1189
f 1251/1251 1076/1076 1210/1210
f 1177/1177 1189/1189 1252/1252
f 1177/1177 1252/1252 1187/1187
f 1187/1187 1253/1253 1197/1197
f 1197/1197 1253/1253 1208/1208
f 1208/1208 1254/1254 1220/1220
f 1254/1254 1210/1210 1220/1220
f 1189/1189 1076/1076 1251/1251
f 1052/1052 1255/1255 1064/1064
f 1052/1052 1066/1066 1255/1255
f 1064/1064 1256/1256 1076/1076
f 1076/1076 1256/1256 1089/1089
f 1089/1089 1257/1257 1103/1103
f 1257/1257 1091/1091 1103/1103
f 1258/1258 1079/1079 1091/1091
f 1066/1066 1079/1079 1258/1258
f 1077/1077 1065/1065 1256/1256
f 1256/1256 1077/1077 1258/1258
f 1090/1090 1250/1250 1188/1188
f 1249/1249 1198/1198 1251/1251
f 1251/1251 1199/1199 1253/1253
f 1253/1253 1198/1198 1252/1252
f 1252/1252 1188/1188 1257/1257
f 1257/1257 1090/1090 1065/1065
f 1078/1078 1250/1250 1249/1249
f 1209/1209 1198/1198 1199/1199
f 1209/1209 1249/1249 1254/1254
f 1254/1254 1209/1209 1188/1188
f 1199/1199 1249/1249 1255/1255
f 1255/1255 1065/1065 1250/1250
f 1090/1090 1077/1077 1189/1189
f 1254/1254 1208/1208 1210/1210
f 1254/1254 1251/1251 1255/1255
f 1256/1256 1064/1064 1257/1257
f 1089/1089 1256/1256 1091/1091
f 1257/1257 1258/1258 1066/1066
f 1314/1314 1323/1323 1315/1315
f 1314/1314 1324/1324 1323/1323
f 1314/1314 1325/1325 1324/1324
f 1314/1314 1316/1316 1325/1325
f 1315/1315 1323/1323 1326/1326
f 1326/1326 1317/1317 1315/1315
f 1323/1323 1324/1324 1327/1327
f 1327/1327 1326/1326 1323/1323
f 1327/1327 1324/1324 1325/1325
f 1325/1325 1328/1328 1327/1327
f 1328/1328 1325/1325 1316/1316
f 1316/1316 1318/1318 1328/1328
f 1329/1329 1320/1320 1319/1319
f 1319/1319 1330/1330 1329/1329
f 1331/1331 1329/1329 1330/1330
f 1330/1330 1332/1332 1331/1331
f 1333/1333 1331/1331 1332/1332
f 1332/1332 1334/1334 1333/1333
f 1321/1321 1333/1333 1334/1334
f 1334/1334 1322/1322 1321/1321
f 1317/1317 1326/1326 1330/1330
f 1330/1330 1319/1319 1317/1317
f 1326/1326 1327/1327 1332/1332
f 1332/1332 1330/1330 1326/1326
f 1332/1332 1327/1327 1328/1328
f 1328/1328 1334/1334 1332/1332
f 1334/1334 1328/1328 1318/1318
f 1318/1318 1322/1322 1334/1334
f 1335/1335 1344/1344 1336/1336
f 1335/1335 1345/1345 1344/1344
f 1335/1335 1346/1346 1345/1345
f 1335/1335 1337/1337 1346/1346
f 1336/1336 1344/1344 1347/1347
f 1347/1347 1338/1338 1336/1336
f 1344/1344 1345/1345 1348/1348
f 1348/1348 1347/1347 1344/1344
f 1348/1348 1345/1345 1346/1346
f 1346/1346 1349/1349 1348/1348
f 1349/1349 1346/1346 1337/1337
f 1337/1337 1339/1339 1349/1349
f 1350/1350 1341/1341 1340/1340
f 1340/1340 1351/1351 1350/1350
f 1352/1352 1350/1350 1351/1351
f 1351/1351 1353/1353 1352/1352
f 1354/1354 1352/1352 1353/1353
f 1353/1353 1355/1355 1354/1354
f 1342/1342 1354/1354 1355/1355
f 1355/1355 1343/1343 1342/1342
f 1338/1338 1347/1347 1351/1351
f 1351/1351 1340/1340 1338/1338
f 1347/1347 1348/1348 1353/1353
f 1353/1353 1351/1351 1347/1347
f 1353/1353 1348/1348 1349/1349
f 1349/1349 1355/1355 1353/1353
f 1355/1355 1349/1349 1339/1339
f 1339/1339 1343/1343 1355/1355
f 1356/1356 1365/1365 1357/1357
f 1356/1356 1366/1366 1365/1365
f 1356/1356 1367/1367 1366/1366
f 1356/1356 1358/1358 1367/1367
f 1357/1357 1365/1365 1368/1368
f 1368/1368 1359/1359 1357/1357
f 1365/1365 1366/1366 1369/1369
f 1369/1369 1368/1368 1365/1365
f 1369/1369 1366/1366 1367/1367
f 1367/1367 1370/1370 1369/1369
f 1370/1370 1367/1367 1358/1358
f 1358/1358 1360/1360 1370/1370
f 1371/1371 1362/1362 1361/1361
f 1361/1361 1372/1372 1371/1371
f 1373/1373 1371/1371 1372/1372
f 1372/1372 1374/1374 1373/1373
f 1375/1375 1373/1373 1374/1374
f 1374/1374 1376/1376 1375/1375
f 1363/1363 1375/1375 1376/1376
f 1376/1376 1364/1364 1363/1363
f 1359/1359 1368/1368 1372/1372
f 1372/1372 1361/1361 1359/1359
f 1368/1368 1369/1369 1374/1374
f 1374/1374 1372/1372 1368/1368
f 1374/1374 1369/1369 1370/1370
f 1370/1370 1376/1376 1374/1374
f 1376/1376 1370/1370 1360/1360
f 1360/1360 1364/1364 1376/1376
f 1377/1377 1386/1386 1378/1378
f 1377/1377 1387/1387 1386/1386
f 1377/1377 1388/1388 1387/1387
f 1377/1377 1379/1379 1388/1388
f 1378/1378 1386/1386 1389/1389
f 1389/1389 1380/1380 1378/1378
f 1386/1386 1387/1387 1390/1390
f 1390/1390 1389/1389 1386/1386
f 1390/1390 1387/1387 1388/1388
f 1388/1388 1391/1391 1390/1390
f 1391/1391 1388/1388 1379/1379
f 1379/1379 1381/1381 1391/1391
f 1392/1392 1383/1383 1382/1382
f 1382/1382 1393/1393 1392/1392
f 1394/1394 1392/1392 1393/1393
f 1393/1393 1395/1395 1394/1394
f 1396/1396 1394/1394 1395/1395
f 1395/1395 1397/1397 1396/1396
f 1384/1384 1396/1396 1397/1397
f 1397/1397 1385/1385 1384/1384
f 1380/1380 1389/1389 1393/1393
f 1393/1393 1382/1382 1380/1380
f 1389/1389 1390/1390 1395/1395
f 1395/1395 1393/1393 1389/1389
f 1395/1395 1390/1390 1391/1391
f 1391/1391 1397/1397 1395/1395
f 1397/1397 1391/1391 1381/1381
f 1381/1381 1385/1385 1397/1397
f 1398/1398 1407/1407 1399/1399
f 1398/1398 1408/1408 1407/1407
f 1398/1398 1409/1409 1408/1408
f 1398/1398 1400/1400 1409/1409
f 1399/1399 1407/1407 1410/1410
f 1410/1410 1401/1401 1399/1399
f 1407/1407 1408/1408 1411/1411
f 1411/1411 1410/1410 1407/1407
f 1411/1411 1408/1408 1409/1409
f 1409/1409 1412/1412 1411/1411
f 1412/1412 1409/1409 1400/1400
f 1400/1400 1402/1402 1412/1412
f 1413/1413 1404/1404 1403/1403
f 1403/1403 1414/1414 1413/1413
f 1415/1415 1413/1413 1414/1414
f 1414/1414 1416/1416 1415/1415
f 1417/1417 1415/1415 1416/1416
f 1416/1416 1418/1418 1417/1417
f 1405/1405 1417/1417 1418/1418
f 1418/1418 1406/1406 1405/1405
f 1401/1401 1410/1410 1414/1414
f 1414/1414 1403/1403 1401/1401
f 1410/1410 1411/1411 1416/1416
f 1416/1416 1414/1414 1410/1410
f 1416/1416 1411/1411 1412/1412
f 1412/1412 1418/1418 1416/1416
f 1418/1418 1412/1412 1402/1402
f 1402/1402 1406/1406 1418/1418
f 1419/1419 1428/1428 1420/1420
f 1419/1419 1429/1429 1428/1428
f 1419/1419 1430/1430 1429/1429
f 1419/1419 1421/1421 1430/1430
f 1420/1420 1428/1428 1431/1431
f 1431/1431 1422/1422 1420/1420
f 1428/1428 1429/1429 1432/1432
f 1432/1432 1431/1431 1428/1428
f 1432/1432 1429/1429 1430/1430
f 1430/1430 1433/1433 1432/1432
f 1433/1433 1430/1430 1421/1421
f 1421/1421 1423/1423 1433/1433
f 1434/1434 1425/1425 1424/1424
f 1424/1424 1435/1435 1434/1434
f 1436/1436 1434/1434 1435/1435
f 1435/1435 1437/1437 1436/1436
f 1438/1438 1436/1436 1437/1437
f 1437/1437 1439/1439 1438/1438
f 1426/1426 1438/1438 1439/1439
f 1439/1439 1427/1427 1426/1426
f 1422/1422 1431/1431 1435/1435
f 1435/1435 1424/1424 1422/1422
f 1431/1431 1432/1432 1437/1437
f 1437/1437 1435/1435 1431/1431
f 1437/1437 1432/1432 1433/1433
f 1433/1433 1439/1439 1437/1437
f 1439/1439 1433/1433 1423/1423
f 1423/1423 1427/1427 1439/1439
f 1440/1440 1441/1441 1449/1449
f 1440/1440 1449/1449 1450/1450
f 1440/1440 1450/1450 1451/1451
f 1440/1440 1451/1451 1442/1442
f 1441/1441 1452/1452 1449/1449
f 1452/1452 1441/1441 1443/1443
f 1449/1449 1453/1453 1450/1450
f 1453/1453 1449/1449 1452/1452
f 1453/1453 1451/1451 1450/1450
f 1451/1451 1453/1453 1454/1454
f 1454/1454 1442/1442 1451/1451
f 1442/1442 1454/1454 1444/1444
f 1455/1455 1445/1445 1446/1446
f 1445/1445 1455/1455 1456/1456
f 1457/1457 1456/1456 1455/1455
f 1456/1456 1457/1457 1458/1458
f 1459/1459 1458/1458 1457/1457
f 1458/1458 1459/1459 1460/1460
f 1447/1447 1460/1460 1459/1459
f 1460/1460 1447/1447 1448/1448
f 1443/1443 1456/1456 1452/1452
f 1456/1456 1443/1443 1445/1445
f 1452/1452 1458/1458 1453/1453
f 1458/1458 1452/1452 1456/1456
f 1458/1458 1454/1454 1453/1453
f 1454/1454 1458/1458 1460/1460
f 1460/1460 1444/1444 1454/1454
f 1444/1444 1460/1460 1448/1448
f 1461/1461 1462/1462 1470/1470
f 1461/1461 1470/1470 1471/1471
f 1461/1461 1471/1471 1472/1472
f 1461/1461 1472/1472 1463/1463
f 1462/1462 1473/1473 1470/1470
f 1473/1473 1462/1462 1464/1464
f 1470/1470 1474/1474 1471/1471
f 1474/1474 1470/1470 1473/1473
f 1474/1474 1472/1472 1471/1471
f 1472/1472 1474/1474 1475/1475
f 1475/1475 1463/1463 1472/1472
f 1463/1463 1475/1475 1465/1465
f 1476/1476 1466/1466 1467/1467
f 1466/1466 1476/1476 1477/1477
f 1478/1478 1477/1477 1476/1476
f 1477/1477 1478/1478 1479/1479
f 1480/1480 1479/1479 1478/1478
f 1479/1479 1480/1480 1481/1481
f 1468/1468 1481/1481 1480/1480
f 1481/1481 1468/1468 1469/1469
f 1464/1464 1477/1477 1473/1473
f 1477/1477 1464/1464 1466/1466
f 1473/1473 1479/1479 1474/1474
f 1479/1479 1473/1473 1477/1477
f 1479/1479 1475/1475 1474/1474
f 1475/1475 1479/1479 1481/1481
f 1481/1481 1465/1465 1475/1475
f 1465/1465 1481/1481 1469/1469
f 1482/1482 1483/1483 1491/1491
f 1482/1482 1491/1491 1492/1492
f 1482/1482 1492/1492 1493/1493
f 1482/1482 1493/1493 1484/1484
f 1483/1483 1494/1494 1491/1491
f 1494/1494 1483/1483 1485/1485
f 1491/1491 1495/1495 1492/1492
f 1495/1495 1491/1491 1494/1494
f 1495/1495 1493/1493 1492/1492
f 1493/1493 1495/1495 1496/1496
f 1496/1496 1484/1484 1493/1493
f 1484/1484 1496/1496 1486/1486
f 1497/1497 1487/1487 1488/1488
f 1487/1487 1497/1497 1498/1498
f 1499/1499 1498/1498 1497/1497
f 1498/1498 1499/1499 1500/1500
f 1501/1501 1500/1500 1499/1499
f 1500/1500 1501/1501 1502/1502
f 1489/1489 1502/1502 1501/1501
f 1502/1502 1489/1489 1490/1490
f 1485/1485 1498/1498 1494/1494
f 1498/1498 1485/1485 1487/1487
f 1494/1494 1500/1500 1495/1495
f 1500/1500 1494/1494 1498/1498
f 1500/1500 1496/1496 1495/1495
f 1496/1496 1500/1500 1502/1502
f 1502/1502 1486/1486 1496/1496
f 1486/1486 1502/1502 1490/1490
f 1503/1503 1504/1504 1512/1512
f 1503/1503 1512/1512 1513/1513
f 1503/1503 1513/1513 1514/1514
f 1503/1503 1514/1514 1505/1505
f 1504/1504 1515/1515 1512/1512
f 1515/1515 1504/1504 1506/1506
f 1512/1512 1516/1516 1513/1513
f 1516/1516 1512/1512 1515/1515
f 1516/1516 1514/1514 1513/1513
f 1514/1514 1516/1516 1517/1517
f 1517/1517 1505/1505 1514/1514
f 1505/1505 1517/1517 1507/1507
f 1518/1518 1508/1508 1509/1509
f 1508/1508 1518/1518 1519/1519
f 1520/1520 1519/1519 1518/1518
f 1519/1519 1520/1520 1521/1521
f 1522/1522 1521/1521 1520/1520
f 1521/1521 1522/1522 1523/1523
f 1510/1510 1523/1523 1522/1522
f 1523/1523 1510/1510 1511/1511
f 1506/1506 1519/1519 1515/1515
f 1519/1519 1506/1506 1508/1508
f 1515/1515 1521/1521 1516/1516
f 1521/1521 1515/1515 1519/1519
f 1521/1521 1517/1517 1516/1516
f 1517/1517 1521/1521 1523/1523
f 1523/1523 1507/1507 1517/1517
f 1507/1507 1523/1523 1511/1511
f 1524/1524 1525/1525 1533/1533
f 1524/1524 1533/1533 1534/1534
f 1524/1524 1534/1534 1535/1535
f 1524/1524 1535/1535 1526/1526
f 1525/1525 1536/1536 1533/1533
f 1536/1536 1525/1525 1527/1527
f 1533/1533 1537/1537 1534/1534
f 1537/1537 1533/1533 1536/1536
f 1537/1537 1535/1535 1534/1534
f 1535/1535 1537/1537 1538/1538
f 1538/1538 1526/1526 1535/1535
f 1526/1526 1538/1538 1528/1528
f 1539/1539 1529/1529 1530/1530
f 1529/1529 1539/1539 1540/1540
f 1541/1541 1540/1540 1539/1539
f 1540/1540 1541/1541 1542/1542
f 1543/1543 1542/1542 1541/1541
f 1542/1542 1543/1543 1544/1544
f 1531/1531 1544/1544 1543/1543
f 1544/1544 1531/1531 1532/1532
f 1527/1527 1540/1540 1536/1536
f 1540/1540 1527/1527 1529/1529
f 1536/1536 1542/1542 1537/1537
f 1542/1542 1536/1536 1540/1540
f 1542/1542 1538/1538 1537/1537
f 1538/1538 1542/1542 1544/1544
f 1544/1544 1528/1528 1538/1538
f 1528/1528 1544/1544 1532/1532
f 1545/1545 1546/1546 1554/1554
f 1545/1545 1554/1554 1555/1555
f 1545/1545 1555/1555 1556/1556
f 1545/1545 1556/1556 1547/1547
f 1546/1546 1557/1557 1554/1554
f 1557/1557 1546/1546 1548/1548
f 1554/1554 1558/1558 1555/1555
f 1558/1558 1554/1554 1557/1557
f 1558/1558 1556/1556 1555/1555
f 1556/1556 1558/1558 1559/1559
f 1559/1559 1547/1547 1556/1556
f 1547/1547 1559/1559 1549/1549
f 1560/1560 1550/1550 1551/1551
f 1550/1550 1560/1560 1561/1561
f 1562/1562 1561/1561 1560/1560
f 1561/1561 1562/1562 1563/1563
f 1564/1564 1563/1563 1562/1562
f 1563/1563 1564/1564 1565/1565
f 1552/1552 1565/1565 1564/1564
f 1565/1565 1552/1552 1553/1553
f 1548/1548 1561/1561 1557/1557
f 1561/1561 1548/1548 1550/1550
f 1557/1557 1563/1563 1558/1558
f 1563/1563 1557/1557 1561/1561
f 1563/1563 1559/1559 1558/1558
f 1559/1559 1563/1563 1565/1565
f 1565/1565 1549/1549 1559/1559
f 1549/1549 1565/1565 1553/1553
f 1296/1296 1291/1291 1290/1290
f 1291/1291 1296/1296 1292/1292
f 1298/1298 1291/1291 1297/1297
f 1291/1291 1298/1298 1293/1293
f 1299/1299 1292/1292 1298/1298
f 1292/1292 1299/1299 1294/1294
f 1300/1300 1293/1293 1299/1299
f 1293/1293 1300/1300 1295/1295
f 1301/1301 1294/1294 1300/1300
f 1294/1294 1301/1301 1313/1313
f 1301/1301 1307/1307 1295/1295
f 1307/1307 1301/1301 1566/1566
f 1567/1567 1568/1568 1569/1569
f 1571/1571 1572/1572 1290/1290
f 1296/1296 1302/1302 1308/1308
f 1302/1302 1296/1296 1308/1308
f 1309/1309 1302/1302 1303/1303
f 1310/1310 1303/1303 1304/1304
f 1311/1311 1304/1304 1305/1305
f 1312/1312 1305/1305 1306/1306
f 1305/1305 1312/1312 1306/1306
f 1312/1312 1307/1307 1313/1313
f 1307/1307 1312/1312 1573/1573
f 1574/1574 1571/1571 1576/1576
