# MOD converted: v_fix_drop.mod
# 1557 verts, 1069 faces

v 1486.166992 92.021561 57.659512
v 1498.157715 111.138344 54.353992
v 1486.166992 65.805832 101.279228
v 1497.034912 73.948975 131.311584
v 1512.804321 44.380875 105.025436
v 1531.068359 111.138313 131.311554
v 1578.625488 111.138298 164.089813
v 1572.107178 44.380859 127.333275
v 1591.796631 109.379761 159.128967
v 1588.443726 43.753281 91.324814
v 1678.967163 101.918129 142.785919
v 1637.928467 41.090218 114.227158
v 1631.410034 101.918137 50.056232
v 1711.877808 101.918121 31.373394
v 1545.714966 145.281189 44.516460
v 1554.846924 145.281174 81.342484
v 1514.613037 111.138306 63.838829
v 1605.017822 144.012375 57.659519
v 1563.979004 145.281174 50.056252
v 1646.056763 144.012390 62.766075
v 1619.664429 144.012390 27.153908
v 1664.320557 144.012375 116.160179
v 1605.017822 101.918121 145.196350
v 1605.017822 41.090233 66.873940
v 1466.845337 76.770126 68.122574
v 1433.781250 78.018730 58.859756
v 1411.765747 68.755959 -1.317919
v 1744.108521 65.006844 -70.991913
v 1730.308105 23.960032 -60.295364
v 1498.157715 111.138359 -1.317922
v 1498.243286 111.138336 -56.989838
v 1486.166992 65.805840 -103.915054
v 1497.034912 50.032326 -133.947418
v 1512.804443 44.380844 -166.725677
v 1572.107300 44.380875 -133.947388
v 1578.625610 111.138321 -107.661285
v 1531.068359 111.138336 -161.764832
v 1588.443848 43.753265 -129.969116
v 1591.796631 109.379776 -93.960648
v 1678.967285 101.918137 -116.863022
v 1631.410156 101.918137 -145.421783
v 1637.928467 41.090225 -52.692089
v 1711.877808 101.918137 -1.317916
v 1723.623535 101.918137 -34.009254
v 1545.714966 145.281204 -1.317931
v 1539.196655 145.281204 -83.978325
v 1514.613037 111.138336 -47.152306
v 1554.846924 145.281204 -66.474678
v 1605.017822 144.012421 -60.295368
v 1563.979004 145.281174 -52.692078
v 1646.056641 144.012390 -65.401924
v 1619.664429 144.012405 -29.789730
v 1664.320557 144.012390 -1.317924
v 1670.838989 144.012375 -1.317914
v 1605.017822 154.916092 -118.796021
v 1605.017822 101.918144 -147.832214
v 1605.017822 41.090218 -1.317916
v 1466.845337 105.308823 -69.509781
v 1466.845337 76.770157 -1.317923
v 1433.781250 107.074654 -70.758423
v 1433.781250 78.018745 -1.317920
v 1411.765869 93.975082 -61.495605
v 1411.765869 68.755966 131.311584
v 1512.804443 3.364306 159.128967
v 1588.443726 3.364541 145.196381
v 1605.017822 3.364278 102.239151
v 1494.237183 3.364428 80.569710
v 1486.166992 3.364436 95.412621
v 1466.845337 3.364415 97.178452
v 1433.781250 3.364406 -83.205551
v 1486.166992 3.364417 -104.875008
v 1494.237183 3.364467 -98.048477
v 1466.845337 3.364470 -99.814308
v 1433.781250 3.364442 -86.714737
v 1411.765869 3.364439 164.089813
v 1572.107178 3.364630 -145.421783
v 1637.894165 3.364267 -161.764832
v 1588.443726 3.364625 -133.947418
v 1512.804443 3.364441 90.004547
v 1714.470703 39.660172 107.776886
v 1743.315918 16.639069 -110.412773
v 1743.315918 16.639065 -92.640396
v 1714.470703 39.660164 68.356079
v 1730.308105 23.960030 83.383690
v 1736.134399 16.066206 116.336296
v 1716.813477 16.066202 116.872986
v 1738.711792 6.961427 107.559097
v 1752.185181 0.779459 -118.972107
v 1716.813477 16.066208 -101.316650
v 1747.920166 6.961426 -119.508820
v 1738.711792 6.961428 -110.194946
v 1752.185181 0.779455 109.334160
v 1697.349121 23.979122 131.311554
v 1512.804321 -37.651985 164.089813
v 1572.107178 -37.652016 142.785919
v 1637.928345 -34.361351 109.334160
v 1697.349121 -9.792710 68.356079
v 1730.308105 -9.792696 57.659508
v 1498.157715 -104.409447 105.025406
v 1531.068359 -104.409462 131.311554
v 1578.625488 -104.409454 114.227150
v 1631.410034 -95.189262 91.324799
v 1678.967163 -95.189285 50.056213
v 1711.877808 -95.189270 31.373367
v 1545.714966 -138.552261 57.659458
v 1563.978882 -138.552246 63.838814
v 1605.017822 -137.283493 62.766098
v 1619.664307 -137.283508 50.056213
v 1646.056641 -137.283508 27.153860
v 1664.320557 -137.283508 145.196350
v 1605.017822 -34.361382 116.160202
v 1605.017822 -95.189240 159.128967
v 1588.443726 -37.024399 127.333275
v 1591.796631 -102.650894 54.353989
v 1486.166992 -59.076942 -1.317942
v 1486.166992 -85.292656 66.873932
v 1466.845337 -70.041237 68.122566
v 1433.781250 -71.289833 58.859756
v 1411.765747 -62.027054 81.342484
v 1514.613037 -104.409431 44.516468
v 1554.846924 -138.552261 101.279205
v 1497.034790 -43.303406 116.336288
v 1716.813477 -8.894914 83.383698
v 1736.134521 -8.894913 98.680817
v 1747.920166 6.961427 116.872986
v 1738.711792 -5.402512 98.680817
v 1747.920166 -5.402515 95.340569
v 1703.891968 -10.035917 73.304214
v 1725.743286 -10.035917 112.150276
v 1726.474976 -8.651703 96.780090
v 1738.732300 -8.651705 110.808968
v 1741.781250 -5.402512 104.744873
v 1744.850586 -5.402511 89.061508
v 1713.291138 12.185787 106.169273
v 1737.200684 7.466194 100.439735
v 1727.559082 13.083584 -111.969986
v 1697.349121 23.983747 -133.947418
v 1512.804321 -37.651947 -166.725647
v 1572.107178 -37.651978 -145.421783
v 1637.928345 -34.361328 -111.969986
v 1697.349121 -9.792684 -70.991913
v 1730.308105 -9.792700 -1.317925
v 1744.108398 -34.361336 -1.317931
v 1498.243286 -104.409454 -60.295368
v 1498.157715 -104.409447 -107.661293
v 1531.068359 -104.409424 -133.947388
v 1578.625488 -104.409439 -116.862991
v 1631.410034 -95.189262 -93.960670
v 1678.967285 -95.189278 -52.692070
v 1711.877808 -95.189270 -1.317899
v 1723.623535 -95.189270 -1.317892
v 1539.196533 -138.552261 -34.009254
v 1545.714966 -138.552261 -60.295353
v 1563.979004 -138.552246 -66.474670
v 1605.017822 -137.283493 -65.401947
v 1619.664307 -137.283493 -52.692078
v 1646.056641 -137.283508 -29.789764
v 1664.320557 -137.283493 -1.317905
v 1670.838989 -137.283478 -1.317903
v 1605.017822 -148.187195 -147.832184
v 1605.017822 -34.361298 -118.796021
v 1605.017822 -95.189255 -161.764832
v 1588.443726 -37.024345 -129.969116
v 1591.796631 -102.650887 -56.989830
v 1486.166992 -59.076942 -1.317915
v 1466.845337 -98.579910 -69.509781
v 1466.845337 -70.041222 -1.317945
v 1433.781250 -100.345749 -70.758415
v 1433.781250 -71.289833 -1.317954
v 1411.765747 -87.246170 -61.495605
v 1411.765869 -62.027046 -83.978310
v 1514.613037 -104.409431 -47.152306
v 1554.846924 -138.552261 -103.915047
v 1497.034790 -43.303421 -86.019547
v 1736.134521 16.066206 -118.972115
v 1716.813477 -8.894911 -86.019547
v 1736.134521 -8.894916 -119.508820
v 1738.711792 -5.402514 -101.316650
v 1747.920166 -5.402512 -97.976418
v 1703.892090 -10.035917 -75.940048
v 1725.743286 -10.035917 -114.786102
v 1726.474976 -8.651703 -99.415924
v 1738.732300 -8.651703 -113.444801
v 1741.781250 -5.402513 -107.380753
v 1744.850830 -5.402513 -91.697327
v 1713.291260 12.185791 -108.805107
v 1737.200684 7.466194 -103.075577
v 1727.559082 13.083585 116.336288
v 1716.813477 5.853509 116.872986
v 1738.711792 1.368800 -119.508820
v 1738.711792 0.915589 -118.972115
v 1716.813477 1.318645 84.078865
v 1411.765869 3.364511 -1.317922
v 1744.108398 13.172115 142.785919
v 1637.894165 3.364558 109.334167
v 1697.349121 7.626967 -111.969978
v 1697.349121 3.364439 -147.832184
v 1605.017822 3.364295 -166.725677
v 1572.107300 3.364401 59.206158
v 1724.869019 -52.490990 -61.842007
v 1724.869019 -52.490982 -1.317927
v 1737.642090 -64.775314 -108.249046
v 1688.489990 -50.949715 106.133148
v 1689.046265 -48.365005 -1.317919
v 1744.108521 65.006844 -1.317922
v 1744.108398 13.172115 -1.317924
v 1486.166992 92.021561 -1.317922
v 1498.243286 111.138336 -1.317916
v 1723.623535 101.918137 -1.317931
v 1539.196655 145.281204 -1.317924
v 1670.838989 144.012375 -1.317914
v 1605.017822 154.916092 -1.317916
v 1466.845337 105.308823 -1.317923
v 1433.781250 107.074654 -1.317920
v 1411.765869 93.975082 68.356079
v 1730.308105 23.960030 -1.317922
v 1744.108398 13.172115 102.239151
v 1494.237183 3.364428 80.569710
v 1486.166992 3.364436 95.412621
v 1466.845337 3.364415 97.178452
v 1433.781250 3.364406 84.078865
v 1411.765869 3.364511 109.334167
v 1697.349121 7.626967 116.336296
v 1716.813477 16.066202 109.334160
v 1697.349121 23.979122 83.383690
v 1736.134399 16.066206 116.872986
v 1738.711792 6.961427 98.680817
v 1747.920166 6.961427 107.559097
v 1752.185181 0.779459 -70.991913
v 1730.308105 23.960032 -1.317925
v 1744.108398 -34.361336 -1.317922
v 1744.108398 13.172115 -1.317942
v 1486.166992 -85.292656 -1.317931
v 1498.243286 -104.409454 -104.875008
v 1494.237183 3.364467 -83.205551
v 1486.166992 3.364417 -1.317927
v 1737.642090 -64.775314 -1.317899
v 1723.623535 -95.189270 -1.317892
v 1539.196533 -138.552261 -1.317905
v 1670.838989 -137.283478 -1.317903
v 1605.017822 -148.187195 -1.317915
v 1466.845337 -98.579910 -98.048477
v 1466.845337 3.364470 -1.317945
v 1433.781250 -100.345749 -99.814308
v 1433.781250 3.364442 -1.317954
v 1411.765747 -87.246170 -86.714737
v 1411.765869 3.364439 -118.972107
v 1716.813477 16.066208 -111.969978
v 1697.349121 3.364439 -111.969986
v 1697.349121 23.983747 -86.019547
v 1736.134521 16.066206 -119.508820
v 1738.711792 6.961428 -101.316650
v 1747.920166 6.961426 -110.194946
v 1752.185181 0.779455 131.311584
v 1512.804443 3.364306 164.089813
v 1572.107178 3.364630 159.128967
v 1588.443726 3.364541 145.196381
v 1605.017822 3.364278 142.785919
v 1637.894165 3.364558 -145.421783
v 1637.894165 3.364267 -147.832184
v 1605.017822 3.364295 -161.764832
v 1588.443726 3.364625 -166.725677
v 1572.107300 3.364401 -133.947418
v 1512.804443 3.364441 0.994297
v 30.569849 227.406982 -51.293285
v 30.569851 232.406982 -56.293285
v 30.569851 227.406982 -56.293285
v 30.569853 232.406982 -51.293282
v 35.569851 227.406982 -51.293285
v 35.569851 232.406982 -56.293282
v 35.569851 227.406982 -56.293285
v 35.569851 232.406982 -51.293285
v 30.569849 227.406982 -51.293285
v 35.569851 232.406982 -51.293285
v 30.569851 232.406982 -51.293282
v 35.569851 227.406982 -51.293285
v 30.569851 232.406982 -56.293285
v 35.569851 232.406982 -56.293285
v 30.569853 232.406982 -51.293285
v 35.569851 232.406982 -56.293285
v 30.569853 232.406982 -56.293282
v 35.569851 227.406982 -56.293285
v 30.569851 227.406982 -56.293285
v 35.569851 232.406982 -56.293285
v 30.569851 227.406982 -51.293282
v 35.569851 227.406982 -51.293285
v 30.569849 227.406982 -56.293282
v 35.569851 227.406982 1.000000
v 30.569860 227.406967 32.586826
v 30.569862 232.406967 27.586828
v 30.569862 227.406967 27.586824
v 30.569864 232.406967 32.586830
v 35.569862 227.406967 32.586826
v 35.569862 232.406967 27.586830
v 35.569862 227.406967 27.586828
v 35.569862 232.406967 32.586826
v 30.569860 227.406967 32.586826
v 35.569862 232.406967 32.586826
v 30.569862 232.406967 32.586830
v 35.569862 227.406967 32.586826
v 30.569862 232.406967 27.586828
v 35.569862 232.406967 27.586824
v 30.569864 232.406967 32.586826
v 35.569862 232.406967 27.586824
v 30.569864 232.406967 27.586830
v 35.569862 227.406967 27.586828
v 30.569862 227.406967 27.586828
v 35.569862 232.406967 27.586828
v 30.569862 227.406967 32.586830
v 35.569862 227.406967 32.586826
v 30.569860 227.406967 27.586830
v 35.569862 227.406967 1.000000
v 30.569843 -227.406998 27.586807
v 30.569843 -232.406998 32.586807
v 30.569843 -227.406998 32.586807
v 30.569843 -232.406998 27.586807
v 35.569843 -227.406998 27.586807
v 35.569843 -232.406998 32.586807
v 35.569843 -227.406998 32.586807
v 35.569843 -232.406998 27.586807
v 30.569843 -227.406998 27.586807
v 35.569843 -232.406998 27.586807
v 30.569843 -232.406998 27.586807
v 35.569843 -227.406998 27.586807
v 30.569843 -232.406998 32.586807
v 35.569843 -232.406998 32.586807
v 30.569843 -232.406998 27.586807
v 35.569843 -232.406998 32.586807
v 30.569843 -232.406998 32.586807
v 35.569843 -227.406998 32.586807
v 30.569843 -227.406998 32.586807
v 35.569843 -232.406998 32.586807
v 30.569843 -227.406998 27.586807
v 35.569843 -227.406998 27.586807
v 30.569843 -227.406998 32.586807
v 35.569843 -227.406998 1.000000
v 30.569836 -227.406982 -56.293320
v 30.569836 -232.406982 -51.293320
v 30.569836 -227.406982 -51.293320
v 30.569836 -232.406982 -56.293320
v 35.569836 -227.406982 -56.293320
v 35.569836 -232.406982 -51.293320
v 35.569836 -227.406982 -51.293320
v 35.569836 -232.406982 -56.293320
v 30.569836 -227.406982 -56.293320
v 35.569836 -232.406982 -56.293320
v 30.569836 -232.406982 -56.293320
v 35.569836 -227.406982 -56.293320
v 30.569836 -232.406982 -51.293320
v 35.569836 -232.406982 -51.293320
v 30.569836 -232.406982 -56.293320
v 35.569836 -232.406982 -51.293320
v 30.569836 -232.406982 -51.293320
v 35.569836 -227.406982 -51.293320
v 30.569836 -227.406982 -51.293320
v 35.569836 -232.406982 -51.293320
v 30.569836 -227.406982 -56.293320
v 35.569836 -227.406982 -56.293320
v 30.569836 -227.406982 -51.293320
v 35.569836 -227.406982 1.000000
v 83.057709 -182.815460 88.845360
v 83.057640 -147.968582 88.845360
v 43.128685 -147.968567 -11.751040
v 43.128754 -182.815475 155.128113
v 83.057625 -56.738152 155.128113
v 43.128670 -56.738163 155.128113
v 83.057610 56.028858 155.128113
v 43.128654 56.028847 88.845345
v 83.057594 147.259232 88.845345
v 43.128639 147.259247 -11.751062
v 83.057709 182.106171 -11.751062
v 43.128632 182.106155 59.304710
v 121.841354 97.023170 -11.751059
v 121.841408 120.010933 103.030060
v 121.841362 36.840378 103.030083
v 121.841377 -37.549656 59.304710
v 121.841446 -97.732475 -11.751043
v 121.841454 -120.720238 -11.751059
v 149.156357 120.010933 59.304710
v 149.156296 97.023186 103.030060
v 149.156311 36.840385 103.030083
v 149.156311 -37.549652 59.304710
v 149.156387 -97.732460 -11.751043
v 149.156387 -120.720253 47.094955
v 43.128651 80.589233 83.440994
v 43.128658 30.563152 83.440994
v 149.156372 30.563171 47.094955
v 149.156357 80.589264 83.440994
v 43.128666 -31.272484 83.440994
v 149.156372 -31.272469 47.094936
v 43.128674 -81.298569 47.094929
v 149.156387 -81.298546 -11.751045
v 149.156387 -95.465240 -11.751045
v 43.128738 -97.149117 -11.751057
v 43.128647 96.439796 -11.751057
v 149.156357 94.755936 82.826080
v 82.929726 134.691406 -11.751061
v 82.929718 166.571457 143.465561
v 82.929741 51.228363 143.465530
v 82.929695 -51.937698 82.826042
v 82.929710 -135.400757 -11.751040
v 82.929840 -167.280853 62.272114
v 19.990509 -193.717346 59.443050
v 14.400973 -203.361481 59.443050
v 14.400971 -191.607468 59.443050
v 8.523958 -197.484467 66.192383
v 17.207184 -187.696243 69.970062
v 12.705171 -193.573257 66.192390
v 17.207186 -199.450256 69.041641
v 22.085541 -184.217316 74.918671
v 22.085541 -190.094315 69.041649
v 22.085543 -195.971329 90.490852
v 75.086449 -132.102631 95.666245
v 66.923058 -130.432739 101.639954
v 73.943077 -128.285126 96.669334
v 79.060143 -129.947891 83.065079
v 71.944916 -170.834427 89.338852
v 65.954620 -166.131073 95.264107
v 71.288116 -167.372360 89.520805
v 71.079437 -174.651062 90.157890
v 77.110687 -166.452087 -112.347435
v 83.057640 -147.968582 -112.347435
v 43.128685 -147.968582 -178.630203
v 83.057625 -56.738174 -178.630203
v 43.128670 -56.738182 -178.630219
v 83.057610 56.028835 -178.630219
v 43.128654 56.028828 -112.347450
v 83.057594 147.259232 -112.347450
v 43.128639 147.259232 -82.806824
v 121.841354 97.023163 -126.532166
v 121.841362 36.840363 -126.532173
v 121.841377 -37.549671 -82.806793
v 121.841446 -97.732483 -82.806824
v 149.156296 97.023178 -126.532166
v 149.156311 36.840370 -126.532173
v 149.156311 -37.549667 -82.806793
v 149.156387 -97.732468 -70.597061
v 43.128651 80.589226 -106.943100
v 43.128658 30.563141 -106.943100
v 149.156372 30.563160 -70.597061
v 149.156357 80.589256 -106.943100
v 43.128666 -31.272495 -106.943100
v 149.156372 -31.272480 -70.597031
v 43.128674 -81.298576 -70.597031
v 149.156387 -81.298553 -106.328209
v 82.929726 134.691406 -166.967667
v 82.929741 51.228344 -166.967621
v 82.929695 -51.937717 -106.328125
v 82.929710 -135.400757 -85.774185
v 19.990509 -193.717361 -82.945129
v 14.400973 -203.361496 -82.945129
v 14.400971 -191.607483 -82.945129
v 8.523958 -197.484482 -11.751039
v 20.277925 -197.484497 -11.751039
v 14.400973 -203.361496 -11.751040
v 14.400971 -191.607483 -11.751039
v 8.523958 -197.484482 -89.694473
v 17.207184 -187.696259 -93.472130
v 12.705171 -193.573273 -89.694466
v 17.207186 -199.450272 -92.543739
v 22.085541 -184.217331 -98.420738
v 22.085541 -190.094330 -92.543732
v 22.085543 -195.971344 -113.992928
v 75.086449 -132.102631 -119.168343
v 66.923058 -130.432755 -125.142036
v 73.943077 -128.285141 -120.171425
v 79.060143 -129.947891 -106.567162
v 71.944916 -170.834427 -112.840942
v 65.954620 -166.131088 -118.766205
v 71.288116 -167.372375 -113.022881
v 71.079437 -174.651077 -113.659966
v 77.110687 -166.452087 62.272091
v 19.990385 194.645020 59.443035
v 14.400907 204.289154 -11.751063
v 14.400907 204.289139 -11.751063
v 20.277861 198.412125 59.443035
v 8.523832 198.412170 -11.751063
v 8.523832 198.412155 59.443035
v 14.400847 192.535141 -11.751062
v 14.400847 192.535126 66.192360
v 17.207123 188.623917 69.970032
v 12.705108 194.500946 66.192360
v 17.207121 200.377930 69.041626
v 22.085419 185.144989 74.918640
v 22.085480 191.021988 69.041618
v 22.085478 196.899017 89.520790
v 71.079315 175.578735 90.157875
v 77.110565 167.379745 95.264091
v 71.287994 168.299988 83.065063
v 71.944794 171.762054 95.666229
v 66.923012 131.360413 90.490837
v 75.086403 133.030289 89.338837
v 65.954498 167.058746 101.639938
v 73.943031 129.212784 96.669319
v 79.060036 130.875565 -85.774216
v 19.990385 194.645004 -82.945160
v 14.400907 204.289139 -82.945160
v 8.523832 198.412155 -82.945160
v 14.400847 192.535126 -89.694496
v 17.207123 188.623901 -93.472160
v 12.705108 194.500931 -89.694496
v 17.207121 200.377914 -92.543755
v 22.085419 185.144974 -98.420769
v 22.085480 191.021973 -92.543762
v 22.085478 196.899002 -113.022896
v 71.079315 175.578720 -118.766220
v 71.287994 168.299973 -113.659981
v 77.110565 167.379745 -106.567177
v 71.944794 171.762054 -119.168358
v 66.923012 131.360397 -112.840965
v 65.954498 167.058731 -113.992943
v 75.086403 133.030289 -125.142052
v 73.943031 129.212769 -120.171440
v 79.060036 130.875565 56.033936
v 8.782696 -258.726715 4.312582
v 8.782696 -258.726715 54.039356
v 8.782687 -206.189362 6.307162
v 8.782687 -206.189362 54.615097
v 23.022930 -254.911499 5.731422
v 23.022930 -254.911514 52.304455
v 23.715672 -207.789719 8.042058
v 23.715672 -207.789734 62.400665
v 8.782694 -249.272003 62.400661
v 8.782689 -215.692703 -2.054139
v 8.782689 -215.692719 -2.054137
v 8.782694 -249.272018 1.327103
v 25.741617 -248.108536 1.327101
v 25.741611 -216.811066 59.019413
v 25.741611 -216.811050 59.019417
v 25.741617 -248.108521 7.207497
v 22.465975 -194.698349 53.139011
v 22.465975 -194.698334 54.039356
v 96.487274 -179.401245 6.307161
v 96.487274 -179.401245 52.729923
v 94.686493 -192.292206 7.616594
v 94.686493 -192.292206 58.793011
v 32.926727 -190.620377 62.400661
v 82.141022 -187.521896 -2.054141
v 82.141022 -187.521896 1.553502
v 32.926727 -190.620377 3.123724
v 34.214024 -203.511337 -0.285960
v 81.022736 -200.412842 60.632473
v 81.022736 -200.412842 57.222752
v 34.214024 -203.511337 38.128609
v 103.175018 -179.401245 22.217903
v 103.175018 -179.401245 22.654385
v 101.374176 -192.292206 37.692131
v 101.374176 -192.292206 -79.536011
v 8.782696 -258.726746 -27.814655
v 8.782696 -258.726715 -77.541443
v 8.782687 -206.189346 -29.809237
v 8.782687 -206.189346 -78.117172
v 23.022808 -254.911499 -29.233492
v 23.022808 -254.911499 -75.806541
v 23.715611 -207.789719 -31.544136
v 23.715611 -207.789719 -85.902740
v 8.782694 -249.272003 -85.902740
v 8.782689 -215.692703 -21.447937
v 8.782689 -215.692703 -21.447935
v 8.782694 -249.272003 -24.829174
v 25.741556 -248.108521 -24.829176
v 25.741550 -216.811035 -82.521492
v 25.741550 -216.811035 -82.521492
v 25.741556 -248.108521 -30.709578
v 22.465914 -194.698334 -76.641090
v 22.465914 -194.698334 -77.541451
v 96.487213 -179.401245 -29.809238
v 96.487213 -179.401245 -76.231995
v 94.686432 -192.292191 -31.118673
v 94.686432 -192.292191 -82.295090
v 32.926605 -190.620361 -85.902748
v 82.140961 -187.521881 -21.447939
v 82.140961 -187.521881 -25.055578
v 32.926605 -190.620361 -26.625799
v 34.213902 -203.511337 -23.216116
v 81.022614 -200.412827 -84.134552
v 81.022614 -200.412827 -80.724823
v 34.213902 -203.511337 -61.630688
v 103.174957 -179.401245 -45.719982
v 103.174957 -179.401245 -46.156464
v 101.374115 -192.292191 -61.194210
v 101.374115 -192.292191 62.400639
v 8.782619 216.620361 -2.054167
v 8.782619 216.620346 -2.054169
v 8.782613 250.199646 62.400635
v 8.782613 250.199661 1.327073
v 25.741480 217.738678 59.019390
v 25.741480 217.738693 59.019386
v 25.741476 249.036179 1.327071
v 25.741476 249.036133 56.033905
v 8.782612 259.654358 4.312551
v 8.782612 259.654358 5.731391
v 23.022785 255.839066 54.615067
v 23.022785 255.839081 54.039333
v 8.782620 207.116989 6.307137
v 8.782620 207.116989 8.042033
v 23.715542 208.717361 52.304432
v 23.715542 208.717377 53.138988
v 22.465849 195.625977 7.207473
v 22.465849 195.625961 62.400639
v 82.140900 188.449539 -2.054165
v 82.140900 188.449539 1.553477
v 32.926605 191.548019 58.792988
v 32.926605 191.548019 -0.285984
v 81.022614 201.340485 60.632450
v 81.022614 201.340485 57.222729
v 34.213894 204.438995 3.123699
v 34.213894 204.438995 38.128586
v 103.175018 180.328857 37.692108
v 101.374115 193.219849 22.654362
v 101.374115 193.219849 22.217880
v 103.175018 180.328857 6.307139
v 96.487213 180.328873 54.039333
v 96.487213 180.328873 52.729900
v 94.686432 193.219849 7.616571
v 94.686432 193.219849 -85.902771
v 8.782680 216.620361 -85.902771
v 8.782674 250.199661 -21.447964
v 8.782674 250.199661 -21.447962
v 8.782680 216.620361 -24.829201
v 25.741480 217.738708 -24.829203
v 25.741476 249.036163 -82.521523
v 25.741476 249.036179 -82.521523
v 25.741480 217.738708 -79.536041
v 8.782612 259.654327 -78.117203
v 23.022785 255.839096 -29.233522
v 23.022785 255.839096 -27.814688
v 8.782612 259.654358 -77.541473
v 8.782620 207.117004 -29.809263
v 8.782620 207.117004 -31.544163
v 23.715542 208.717377 -75.806572
v 23.715542 208.717377 -30.709600
v 22.465849 195.625992 -76.641121
v 22.465849 195.625992 -85.902771
v 82.140900 188.449539 -82.295120
v 32.926605 191.548035 -25.055603
v 32.926605 191.548035 -21.447962
v 82.140900 188.449539 -23.216141
v 81.022614 201.340500 -26.625824
v 34.213894 204.438995 -80.724854
v 34.213894 204.438995 -84.134583
v 81.022614 201.340500 -61.630711
v 103.174896 180.328857 -45.720005
v 103.174896 180.328857 -46.156487
v 101.374054 193.219849 -61.194233
v 101.374054 193.219849 -77.541466
v 96.487152 180.328873 -29.809261
v 96.487152 180.328873 -31.118696
v 94.686371 193.219864 -76.232025
v 94.686371 193.219864 88.845360
v 83.057640 -147.968582 88.845360
v 43.128685 -147.968567 155.128113
v 83.057625 -56.738152 155.128113
v 43.128670 -56.738163 155.128113
v 83.057610 56.028858 155.128113
v 43.128654 56.028847 88.845345
v 83.057594 147.259232 88.845345
v 43.128639 147.259247 82.826080
v 82.929726 134.691406 143.465561
v 82.929741 51.228363 143.465530
v 82.929695 -51.937698 82.826042
v 82.929710 -135.400757 155.128113
v 43.128654 56.028847 88.845345
v 43.128639 147.259247 59.304710
v 121.841354 97.023170 59.304710
v 149.156296 97.023186 103.030060
v 121.841362 36.840378 103.030060
v 149.156311 36.840385 103.030083
v 121.841377 -37.549656 103.030083
v 149.156311 -37.549652 59.304710
v 121.841446 -97.732475 59.304710
v 149.156387 -97.732460 -11.751059
v 149.156357 120.010933 59.304710
v 149.156296 97.023186 47.094929
v 149.156387 -81.298546 47.094936
v 43.128674 -81.298569 83.440994
v 149.156372 -31.272469 83.440994
v 43.128658 30.563152 83.440994
v 43.128666 -31.272484 83.440994
v 149.156372 30.563171 47.094955
v 43.128651 80.589233 47.094955
v 149.156357 80.589264 83.440994
v 43.128658 30.563152 -11.751057
v 149.156357 94.755936 47.094955
v 43.128651 80.589233 47.094955
v 149.156357 80.589264 -11.751059
v 121.841408 120.010933 59.304710
v 121.841354 97.023170 59.304710
v 121.841354 97.023170 103.030060
v 121.841362 36.840378 103.030083
v 121.841377 -37.549656 103.030060
v 121.841362 36.840378 59.304710
v 121.841446 -97.732475 103.030083
v 121.841377 -37.549656 -11.751043
v 121.841454 -120.720238 59.304710
v 121.841446 -97.732475 59.443050
v 8.523958 -197.484467 -11.751039
v 8.523958 -197.484482 -11.751039
v 20.277925 -197.484497 62.272114
v 19.990509 -193.717346 69.970062
v 12.705171 -193.573257 74.918671
v 22.085541 -190.094315 83.065079
v 71.944916 -170.834427 95.264107
v 71.288116 -167.372360 101.639954
v 73.943077 -128.285126 90.490852
v 75.086449 -132.102631 47.094929
v 149.156387 -81.298546 -11.751045
v 149.156387 -95.465240 59.304710
v 149.156387 -97.732460 83.440994
v 149.156372 -31.272469 103.030083
v 149.156311 -37.549652 47.094929
v 149.156387 -81.298546 103.030083
v 149.156311 -37.549652 83.440994
v 149.156372 30.563171 103.030060
v 149.156311 36.840385 83.440994
v 149.156372 -31.272469 103.030060
v 149.156311 36.840385 47.094955
v 149.156357 80.589264 59.304710
v 149.156296 97.023186 83.440994
v 149.156372 30.563171 47.094955
v 43.128651 80.589233 -11.751062
v 43.128632 182.106155 -11.751057
v 43.128647 96.439796 88.845345
v 43.128639 147.259247 155.128113
v 43.128670 -56.738163 83.440994
v 43.128658 30.563152 83.440994
v 43.128666 -31.272484 155.128113
v 43.128654 56.028847 155.128113
v 43.128670 -56.738163 47.094936
v 43.128674 -81.298569 88.845360
v 43.128685 -147.968567 83.440994
v 43.128666 -31.272484 88.845360
v 43.128685 -147.968567 -11.751045
v 43.128738 -97.149117 -11.751040
v 43.128754 -182.815475 47.094936
v 43.128674 -81.298569 -11.751040
v 83.057709 -182.815460 -11.751040
v 43.128754 -182.815475 -112.347435
v 83.057640 -147.968582 -112.347435
v 43.128685 -147.968582 -178.630203
v 83.057625 -56.738174 -178.630203
v 43.128670 -56.738182 -178.630219
v 83.057610 56.028835 -178.630219
v 43.128654 56.028828 -11.751062
v 43.128632 182.106155 -112.347450
v 83.057594 147.259232 -112.347450
v 43.128639 147.259232 -11.751062
v 83.057709 182.106171 -11.751061
v 82.929718 166.571457 -106.328209
v 82.929726 134.691406 -166.967667
v 82.929741 51.228344 -166.967621
v 82.929695 -51.937717 -11.751040
v 82.929840 -167.280853 -106.328125
v 82.929710 -135.400757 -178.630219
v 43.128654 56.028828 -112.347450
v 43.128639 147.259232 -11.751059
v 121.841408 120.010933 -11.751059
v 149.156357 120.010933 -82.806824
v 121.841354 97.023163 -82.806824
v 149.156296 97.023178 -126.532166
v 121.841362 36.840363 -126.532166
v 149.156311 36.840370 -126.532173
v 121.841377 -37.549671 -126.532173
v 149.156311 -37.549667 -11.751043
v 149.156387 -120.720253 -82.806793
v 121.841446 -97.732483 -82.806793
v 149.156387 -97.732468 -11.751043
v 121.841454 -120.720238 -11.751059
v 149.156357 120.010933 -82.806824
v 149.156296 97.023178 -11.751057
v 149.156357 94.755936 -11.751045
v 149.156387 -95.465240 -11.751045
v 43.128738 -97.149117 -70.597031
v 149.156387 -81.298553 -70.597031
v 43.128674 -81.298576 -106.943100
v 149.156372 -31.272480 -106.943100
v 43.128658 30.563141 -106.943100
v 43.128666 -31.272495 -106.943100
v 149.156372 30.563160 -70.597061
v 43.128651 80.589226 -106.943100
v 43.128658 30.563141 -70.597061
v 149.156357 80.589256 -11.751057
v 149.156357 94.755936 -70.597061
v 43.128651 80.589226 -70.597061
v 149.156357 80.589256 -11.751057
v 43.128647 96.439796 -11.751059
v 121.841408 120.010933 -82.806824
v 121.841354 97.023163 -82.806824
v 121.841354 97.023163 -126.532166
v 121.841362 36.840363 -126.532173
v 121.841377 -37.549671 -126.532166
v 121.841362 36.840363 -82.806793
v 121.841446 -97.732483 -126.532173
v 121.841377 -37.549671 -11.751043
v 121.841454 -120.720238 -82.806793
v 121.841446 -97.732483 -11.751039
v 14.400973 -203.361496 -11.751039
v 20.277925 -197.484497 -11.751039
v 8.523958 -197.484482 -11.751040
v 14.400971 -191.607483 -82.945129
v 8.523958 -197.484482 -11.751039
v 8.523958 -197.484482 -11.751039
v 20.277925 -197.484497 -85.774185
v 19.990509 -193.717361 -93.472130
v 12.705171 -193.573273 -98.420738
v 22.085541 -190.094330 -106.567162
v 71.944916 -170.834427 -118.766205
v 71.288116 -167.372375 -125.142036
v 73.943077 -128.285141 -113.992928
v 75.086449 -132.102631 -70.597031
v 149.156387 -81.298553 -11.751045
v 149.156387 -95.465240 -82.806793
v 149.156387 -97.732468 -106.943100
v 149.156372 -31.272480 -70.597031
v 149.156387 -81.298553 -126.532173
v 149.156311 -37.549667 -126.532173
v 149.156311 -37.549667 -106.943100
v 149.156372 30.563160 -106.943100
v 149.156372 -31.272480 -126.532166
v 149.156311 36.840370 -126.532166
v 149.156311 36.840370 -70.597061
v 149.156357 80.589256 -106.943100
v 149.156372 30.563160 -82.806824
v 149.156296 97.023178 -70.597061
v 43.128651 80.589226 -11.751062
v 43.128632 182.106155 -112.347450
v 43.128639 147.259232 -11.751057
v 43.128647 96.439796 -178.630203
v 43.128670 -56.738182 -106.943100
v 43.128658 30.563141 -178.630219
v 43.128654 56.028828 -106.943100
v 43.128666 -31.272495 -178.630203
v 43.128670 -56.738182 -70.597031
v 43.128674 -81.298576 -106.943100
v 43.128666 -31.272495 -112.347435
v 43.128685 -147.968582 -112.347435
v 43.128685 -147.968582 -11.751045
v 43.128738 -97.149117 -70.597031
v 43.128674 -81.298576 -11.751040
v 43.128754 -182.815475 59.443035
v 8.523832 198.412170 -11.751063
v 8.523832 198.412155 -11.751063
v 20.277861 198.412125 62.272091
v 19.990385 194.645020 69.970032
v 12.705108 194.500946 74.918640
v 22.085480 191.021988 83.065063
v 71.944794 171.762054 95.264091
v 71.287994 168.299988 101.639938
v 73.943031 129.212784 90.490837
v 75.086403 133.030289 -11.751063
v 14.400907 204.289139 -11.751063
v 20.277861 198.412125 -11.751063
v 8.523832 198.412155 -11.751062
v 14.400847 192.535126 -82.945160
v 8.523832 198.412155 -11.751063
v 8.523832 198.412155 -11.751063
v 20.277861 198.412125 -85.774216
v 19.990385 194.645004 -93.472160
v 12.705108 194.500931 -98.420769
v 22.085480 191.021973 -106.567177
v 71.944794 171.762054 -118.766220
v 71.287994 168.299973 -125.142052
v 73.943031 129.212769 -113.992943
v 75.086403 133.030289 -2.054139
v 8.782689 -215.692719 -2.054137
v 8.782694 -249.272018 62.400665
v 8.782694 -249.272003 62.400661
v 8.782689 -215.692703 4.312582
v 8.782696 -258.726715 56.033936
v 8.782696 -258.726715 6.307162
v 8.782687 -206.189362 54.039356
v 8.782687 -206.189362 6.307162
v 8.782687 -206.189362 54.039356
v 8.782687 -206.189362 53.139011
v 22.465975 -194.698334 7.207497
v 22.465975 -194.698349 -2.054141
v 82.141022 -187.521896 1.553502
v 32.926727 -190.620377 58.793011
v 32.926727 -190.620377 62.400661
v 82.141022 -187.521896 22.217903
v 103.175018 -179.401245 38.128609
v 103.175018 -179.401245 6.307161
v 96.487274 -179.401245 7.207497
v 22.465975 -194.698349 54.039356
v 96.487274 -179.401245 -21.447937
v 8.782689 -215.692703 -21.447935
v 8.782694 -249.272003 -85.902740
v 8.782694 -249.272003 -85.902740
v 8.782689 -215.692703 -27.814655
v 8.782696 -258.726715 -79.536011
v 8.782696 -258.726746 -29.809237
v 8.782687 -206.189346 -77.541443
v 8.782687 -206.189346 -29.809237
v 8.782687 -206.189346 -77.541443
v 8.782687 -206.189346 -76.641090
v 22.465914 -194.698334 -30.709578
v 22.465914 -194.698334 -21.447939
v 82.140961 -187.521881 -25.055578
v 32.926605 -190.620361 -82.295090
v 32.926605 -190.620361 -85.902748
v 82.140961 -187.521881 -45.719982
v 103.174957 -179.401245 -61.630688
v 103.174957 -179.401245 -29.809238
v 96.487213 -179.401245 -30.709578
v 22.465914 -194.698334 -77.541451
v 96.487213 -179.401245 -2.054167
v 8.782619 216.620346 -2.054169
v 8.782613 250.199646 62.400635
v 8.782613 250.199661 62.400639
v 8.782619 216.620361 4.312551
v 8.782612 259.654358 56.033905
v 8.782612 259.654358 6.307137
v 8.782620 207.116989 54.039333
v 8.782620 207.116989 6.307137
v 8.782620 207.116989 54.039333
v 8.782620 207.116989 53.138988
v 22.465849 195.625977 7.207473
v 22.465849 195.625961 -2.054165
v 82.140900 188.449539 1.553477
v 32.926605 191.548019 58.792988
v 32.926605 191.548019 62.400639
v 82.140900 188.449539 22.217880
v 103.175018 180.328857 38.128586
v 103.175018 180.328857 6.307139
v 96.487213 180.328873 7.207473
v 22.465849 195.625961 54.039333
v 96.487213 180.328873 -21.447962
v 8.782680 216.620361 -21.447964
v 8.782674 250.199661 -85.902771
v 8.782674 250.199661 -85.902771
v 8.782680 216.620361 -27.814688
v 8.782612 259.654358 -79.536041
v 8.782612 259.654327 -29.809263
v 8.782620 207.117004 -77.541473
v 8.782620 207.117004 -29.809263
v 8.782620 207.117004 -77.541473
v 8.782620 207.117004 -76.641121
v 22.465849 195.625992 -30.709600
v 22.465849 195.625992 -21.447962
v 82.140900 188.449539 -25.055603
v 32.926605 191.548035 -82.295120
v 32.926605 191.548035 -85.902771
v 82.140900 188.449539 -45.720005
v 103.174896 180.328857 -61.630711
v 103.174896 180.328857 -29.809261
v 96.487152 180.328873 -30.709600
v 22.465849 195.625992 -77.541466
v 96.487152 180.328873 0.966407
v 1535.071655 101.574760 209.607941
v 1448.515381 97.274689 151.427643
v 1372.434692 97.274803 115.367401
v 1471.379272 101.574760 174.567322
v 1535.071655 92.974815 115.367371
v 1471.379272 92.974823 325.709595
v 1577.481323 97.274780 368.614014
v 1661.130981 97.274605 160.537292
v 1540.490723 101.574760 157.810242
v 1542.890503 97.274803 183.873474
v 1633.283569 97.274796 185.567383
v 1630.883911 101.574760 7.694711
v 1479.900635 102.243843 7.694706
v 1479.900635 92.555351 9.769583
v 1485.231567 97.399597 167.552338
v 1537.781250 105.314850 113.061615
v 1479.476440 106.637245 167.552338
v 1537.781250 89.234711 197.256927
v 1621.420166 92.974808 191.412170
v 1626.151978 89.234711 11.055504
v 1470.786743 101.574768 19.787413
v 1441.458740 97.274803 10.155996
v 1467.939331 91.976364 110.135956
v 1487.730103 102.282005 160.537292
v 1540.490723 92.974800 185.567383
v 1630.883911 92.974808 197.256958
v 1621.420166 101.574768 265.263062
v 1480.159668 97.274773 87.339783
v 1416.291992 97.274796 69.995888
v 1459.008057 101.574753 348.504761
v 1487.427979 97.274948 69.995941
v 1459.008057 92.974823 67.307304
v 1476.814941 102.781219 68.020554
v 1479.214600 97.274796 107.642662
v 1488.811035 97.412941 191.412201
v 1626.151978 105.314865 68.915970
v 1467.461426 107.570702 113.061607
v 1479.476196 87.912331 68.915962
v 1467.461426 86.978874 110.135956
v 1487.730103 92.267586 67.307297
v 1476.814941 91.768341 22.029259
v 1489.319336 102.822830 23.479551
v 1491.718994 97.399605 21.155827
v 1479.971069 107.539948 21.155819
v 1479.971069 87.259262 22.029255
v 1489.319336 91.976364 -176.398590
v 1535.071655 101.574760 -117.198647
v 1471.379395 101.574760 -153.258881
v 1372.434692 97.274803 -211.439178
v 1448.515381 97.274780 -117.198586
v 1471.379272 92.974823 -176.398590
v 1535.071655 92.974815 -327.540833
v 1577.481445 97.274780 -371.113403
v 1659.680420 98.558662 -162.368561
v 1540.490845 101.574768 -187.398590
v 1630.883911 101.574760 -185.704681
v 1633.283569 97.274803 -159.641479
v 1542.890503 97.274811 -9.525966
v 1479.900635 102.243843 -11.600811
v 1485.231567 97.399597 -9.525968
v 1479.900757 92.555351 -169.383606
v 1537.781250 105.314857 -114.892876
v 1479.476440 106.637245 -169.383606
v 1537.781250 89.234711 -193.243378
v 1626.151978 89.234711 -199.088104
v 1621.420166 92.974808 -12.886715
v 1470.786743 101.574760 -11.987256
v 1467.939331 91.976364 -21.618618
v 1441.458862 97.274803 -111.967201
v 1487.730103 102.282005 -162.368561
v 1540.490845 92.974815 -187.398590
v 1630.883911 92.974808 -369.554413
v 1663.065063 95.562950 -199.088196
v 1621.420166 101.574760 -267.094269
v 1480.159790 97.274780 -89.171036
v 1416.291992 97.274780 -71.827141
v 1459.008057 101.574753 -350.335999
v 1487.427979 97.274796 -71.827141
v 1459.008057 92.974815 -69.138550
v 1476.814941 102.781219 -109.473915
v 1488.811035 97.412941 -69.851761
v 1479.214600 97.274796 -193.243378
v 1626.151978 105.314857 -70.747162
v 1467.461548 107.570702 -114.892876
v 1479.476440 87.912331 -70.747162
v 1467.461548 86.978874 -111.967201
v 1487.730103 92.267586 -69.138557
v 1476.814941 91.768341 -23.860508
v 1489.319336 102.822830 -25.310802
v 1491.718994 97.399605 -22.987026
v 1479.971069 107.539940 -22.987026
v 1479.971069 87.259262 -23.860508
v 1489.319336 91.976364 0.468297
v 37.838257 -186.162735 107.937836
v 37.838257 -150.689133 175.412598
v 37.838379 -57.818077 175.412598
v 37.838379 56.976883 107.937836
v 37.838379 149.847977 -1.317921
v 37.838379 185.321533 -1.317921
v -3.166382 -199.008438 115.422836
v -3.166382 -161.081512 187.564087
v -3.166382 -61.787628 187.564087
v -3.166260 60.946411 115.422859
v -3.166260 160.240341 -1.317921
v -3.166260 198.167252 -1.317921
v 60.360107 99.706924 57.614838
v 60.360107 80.584290 93.988289
v 60.360107 30.520514 93.988289
v 60.360107 -31.361713 -1.317922
v 1411.574219 90.937943 52.414829
v 1411.574219 73.502609 85.578835
v 1411.574219 27.856274 85.578835
v 1411.574219 -28.565697 -1.317922
v 1325.096191 90.937935 52.414814
v 1325.096191 73.502594 85.578819
v 1325.096191 27.856256 85.578835
v 1325.096191 -28.565708 -1.317922
v 1368.335327 109.486320 63.595039
v 1368.335327 88.508560 103.497116
v 1368.335327 33.588028 103.497139
v 1368.335449 -34.297462 264.460297
v -3.148804 27.377073 93.457237
v -3.148804 27.377073 199.681183
v 101.893066 23.598545 264.460297
v -3.148804 -25.977276 93.457237
v -3.148804 -25.977276 199.681183
v 101.893066 -22.198761 167.102814
v 101.893066 23.598545 158.655518
v 76.316650 23.598543 158.655518
v 76.316650 -22.198759 167.102814
v 101.893066 -22.198761 136.478149
v 64.446411 23.598547 136.478149
v 64.446411 -22.198759 109.065414
v 68.197876 23.598547 109.065414
v 68.197876 -22.198757 93.457237
v 79.637695 23.598549 93.457237
v 79.637695 -22.198759 258.535675
v 13.691284 25.821272 229.350433
v 57.782593 23.598549 216.390228
v 77.526855 23.598547 216.390228
v 77.526733 -22.198759 229.350433
v 57.782593 -22.198757 234.871216
v 24.359253 -22.198763 258.535675
v 13.691284 -24.421488 191.681396
v 90.510254 -22.198753 191.681396
v 90.510254 23.598545 234.871216
v 24.359253 23.598549 -1.317921
v 60.360107 -100.548172 52.414829
v 1325.096191 -74.212074 57.614838
v 60.360107 -81.425507 63.595055
v 1368.335449 -89.218002 -1.317922
v 1411.574219 -91.647400 52.414829
v 1411.574219 -74.212051 -110.573677
v 37.838257 -150.689133 -178.048431
v 37.838379 -57.818077 -178.048431
v 37.838379 56.976883 -110.573677
v 37.838379 149.847977 -118.058678
v -3.166382 -161.081512 -190.199921
v -3.166382 -61.787628 -190.199951
v -3.166260 60.946411 -118.058701
v -3.166260 160.240341 -60.250679
v 60.360107 80.584290 -96.624146
v 60.360107 30.520514 -96.624146
v 60.360107 -31.361713 -55.050671
v 1411.574219 73.502609 -88.214684
v 1411.574219 27.856274 -88.214684
v 1411.574219 -28.565697 -55.050667
v 1325.096191 73.502594 -88.214668
v 1325.096191 27.856256 -88.214684
v 1325.096191 -28.565708 -66.230881
v 1368.335449 88.508560 -106.132973
v 1368.335449 33.588028 -106.132973
v 1368.335449 -34.297462 -267.096100
v -3.148804 27.377073 -96.093079
v -3.148804 27.377073 -202.317017
v 101.893066 23.598545 -267.096100
v -3.148804 -25.977276 -96.093079
v -3.148804 -25.977276 -202.317017
v 101.893066 -22.198761 -169.738678
v 101.893066 23.598545 -161.291382
v 76.316650 23.598543 -161.291382
v 76.316650 -22.198759 -169.738678
v 101.893066 -22.198761 -139.113983
v 64.446411 23.598547 -139.113983
v 64.446411 -22.198759 -111.701263
v 68.197876 23.598547 -111.701263
v 68.197876 -22.198757 -96.093079
v 79.637695 23.598549 -96.093079
v 79.637695 -22.198759 -261.171509
v 13.691284 25.821272 -231.986267
v 57.782593 23.598549 -219.026031
v 77.526855 23.598547 -219.026031
v 77.526733 -22.198759 -231.986267
v 57.782593 -22.198757 -237.507050
v 24.359253 -22.198763 -261.171509
v 13.691284 -24.421488 -194.317230
v 90.510254 -22.198753 -194.317230
v 90.510254 23.598545 -237.507050
v 24.359253 23.598549 -1.317922
v 1325.096191 -91.532425 -55.050671
v 1325.096191 -74.212074 -60.250679
v 60.360107 -81.425507 -1.317922
v 1368.335449 -110.242371 -66.230896
v 1368.335449 -89.218002 -55.050671
v 1411.574219 -74.212051 -7.245021
v 1381.950928 -100.206642 -4.577644
v 1386.571045 -100.206642 0.757109
v 1386.571045 -100.206642 3.424481
v 1381.950928 -100.206642 0.757104
v 1377.330933 -100.206642 -4.577644
v 1377.330933 -100.206642 -14.809538
v 1316.567993 -365.367828 -8.476951
v 1326.722656 -369.513824 4.188231
v 1326.722656 -369.513824 10.520834
v 1316.567993 -365.367828 4.188240
v 1306.413452 -361.221771 -8.476959
v 1306.413452 -361.221771 -2.725330
v 1373.222534 -217.296097 -7.051698
v 1366.009521 -215.264847 5.927440
v 1373.222534 -217.296097 10.253831
v 1366.009521 -215.264847 5.927444
v 1358.796631 -213.233582 -2.725328
v 1358.796631 -213.233582 95.213181
v 1380.978027 -34.583488 95.540024
v 1385.598022 -31.936201 96.193718
v 1385.598022 -26.641647 96.520531
v 1380.978027 -23.994370 96.193718
v 1376.358032 -26.641649 95.540031
v 1376.358032 -31.936207 289.188354
v 1321.727173 -207.173248 296.350311
v 1331.881836 -204.724075 304.131592
v 1331.881836 -194.731140 304.751038
v 1321.727173 -187.187439 297.589142
v 1311.572632 -189.636612 289.807800
v 1311.572754 -199.629578 198.245453
v 1370.499878 -110.950302 193.984711
v 1363.286987 -113.115860 203.561584
v 1370.499878 -104.123222 204.616974
v 1363.286987 -99.461678 200.356232
v 1356.073975 -101.627235 195.040131
v 1356.073975 -108.454330 -92.229851
v 1381.647217 -31.084158 -93.859154
v 1386.240479 -28.991789 -97.117729
v 1386.240479 -24.807068 -98.747009
v 1381.647217 -22.714691 -97.117729
v 1377.054077 -24.807041 -93.859154
v 1377.054077 -28.991776 -287.761169
v 1324.449829 -209.804825 -294.923126
v 1334.604492 -207.355606 -302.704407
v 1334.604492 -197.362717 -303.323822
v 1324.449829 -189.818985 -296.161896
v 1314.295288 -192.268158 -288.380615
v 1314.295288 -202.261108 -196.552338
v 1373.222534 -118.005402 -192.291565
v 1366.009521 -120.170959 -201.868469
v 1373.222534 -111.178314 -202.923859
v 1366.009521 -106.516777 -198.663147
v 1358.796509 -108.682335 -193.346985
v 1358.796509 -115.509445 -3.468460
v 1385.925537 100.451523 -2.725331
v 1373.222412 216.670349 -7.051699
v 1366.009521 214.639145 -6.120359
v 1381.332275 100.451523 1.835341
v 1385.925537 100.451553 5.927440
v 1373.222412 216.670349 4.487236
v 1381.332275 100.451523 10.253831
v 1366.009521 214.639145 1.835337
v 1376.739014 100.451523 5.927444
v 1358.796631 212.607864 -3.468460
v 1376.739014 100.451553 -2.725328
v 1358.796631 212.607864 4.188231
v 1326.722656 368.888123 10.520834
v 1316.568115 364.742096 4.188240
v 1306.413452 360.596069 -8.476960
v 1306.413452 360.596069 -14.809538
v 1316.568115 364.742096 -8.476951
v 1326.722656 368.888123 89.764984
v 1386.386353 29.966352 189.703278
v 1373.222412 115.007683 185.442505
v 1366.009521 117.173195 88.135666
v 1381.793091 32.058746 93.023544
v 1386.386353 25.781639 195.019470
v 1373.222412 108.180588 94.652847
v 1381.793091 23.689257 196.074829
v 1366.009521 103.519051 93.023544
v 1377.199951 25.781651 191.814087
v 1358.796509 105.684608 89.764984
v 1377.199951 29.966356 186.497925
v 1358.796509 112.511703 301.119568
v 1334.604370 195.344101 301.738953
v 1324.449707 187.800385 294.577057
v 1314.295166 190.249588 286.795746
v 1314.295288 200.242523 286.176300
v 1324.449829 207.786255 293.338226
v 1334.604370 205.336990 -137.075836
v 1371.317993 71.785194 -92.202003
v 1349.114746 129.854996 -161.326202
v 1292.172974 236.204300 -45.722088
v 1349.151611 152.752258 -82.363029
v 1292.235718 275.103699 -95.106567
v 1386.010132 34.059143 -93.606537
v 1381.443481 36.227463 -194.804718
v 1366.009521 120.459312 -199.236206
v 1373.222412 118.668991 -98.106613
v 1386.010132 29.722509 -205.120941
v 1373.222412 112.325432 -99.606644
v 1381.443481 27.554178 -206.574097
v 1366.009521 107.772194 -98.106613
v 1376.876709 29.722500 -202.142639
v 1358.796509 109.562508 -95.106567
v 1376.876709 34.059135 -196.257874
v 1358.796509 115.906059 -318.303162
v 1334.604492 181.318954 -311.097687
v 1334.604370 191.734726 -304.085114
v 1324.449829 194.583755 -304.278320
v 1314.295288 187.017151 -311.483765
v 1314.295166 176.601395 -318.496246
v 1324.449829 173.752335 -1.317923
v 130.918701 90.937973 52.414818
v 130.918701 73.502632 85.578819
v 130.918701 27.856293 85.578819
v 130.918701 -28.565672 -1.317923
v 1335.055176 90.937927 52.414814
v 1335.055176 73.502586 85.578819
v 1335.055176 27.856256 85.578827
v 1335.055176 -28.565706 -1.317923
v 130.918701 -91.647369 52.414825
v 1335.055176 -74.212074 52.414825
v 130.918701 -74.212029 -55.050667
v 130.918701 73.502632 -88.214668
v 130.918701 27.856293 -88.214668
v 130.918701 -28.565672 -55.050659
v 1335.055176 73.502586 -88.214676
v 1335.055176 27.856256 -88.214676
v 1335.055176 -28.565706 -1.317923
v 1335.055176 -91.532417 -55.050671
v 1335.055176 -74.212074 -55.050671
v 130.918701 -74.212029 158.690338
v 1292.172974 236.204300 89.566139
v 1349.114746 129.854996 79.727180
v 1292.235718 275.103699 43.086239
v 1349.151611 152.752258 -1.317923
v 1329.382568 352.237305 -1.317923
v 1370.129395 166.686523 276.918915
v 1292.172852 35.821053 151.058380
v 1349.114624 20.090076 275.187408
v 1292.954346 -52.442642 151.354675
v 1349.151611 -31.722866 153.029510
v 1370.654053 -76.959129 289.279999
v 1329.179199 191.299774 143.356750
v 1372.506592 74.871597 158.690338
v 1292.172974 -236.830002 79.727180
v 1292.235718 -275.729401 89.566139
v 1349.114746 -130.480713 43.086239
v 1349.151733 -153.378006 294.411316
v 1329.280884 -194.854507 -161.326202
v 1292.172974 -236.830002 -82.363029
v 1292.235840 -275.729401 -92.202003
v 1349.114746 -130.480713 -45.722088
v 1349.151733 -153.378006 -1.317923
v 1329.382568 -352.863068 -1.317923
v 1370.129517 -167.312256 -274.146851
v 1292.172852 -39.968605 -148.189789
v 1349.114624 -25.030472 -274.095917
v 1292.235596 48.056076 -148.159821
v 1349.151611 26.783295 -293.730103
v 1329.280884 182.715775 -291.865173
v 1329.179077 -198.750900 -145.920349
v 1372.506592 -72.555077 57.728767
v 124.175659 80.819695 -1.317923
v 124.175659 99.979317 -60.364613
v 124.175659 80.819695 -96.814598
v 124.175537 30.650583 -96.814598
v 124.175537 -31.359962 -60.364632
v 124.175537 -81.529099 -1.317923
v 124.175537 -100.688721 57.728779
v 124.175537 -81.529099 94.178764
v 124.175537 -31.359962 94.178764
v 124.175537 30.650583 57.728767
v 59.487671 80.819702 -1.317923
v 59.487671 99.979324 -60.364613
v 59.487671 80.819702 -96.814598
v 59.487671 30.650593 -96.814598
v 59.487671 -31.359957 -60.364632
v 59.487671 -81.529091 -1.317923
v 59.487671 -100.688713 57.728779
v 59.487671 -81.529091 94.178764
v 59.487671 -31.359957 94.178764
v 59.487671 30.650593 107.937836
v 37.838257 -150.689133 115.422836
v -3.166382 -161.081512 175.412598
v 37.838379 -57.818077 187.564087
v -3.166382 -61.787628 175.412598
v 37.838379 56.976883 187.564087
v -3.166260 60.946411 107.937836
v 37.838379 149.847977 115.422859
v -3.166260 160.240341 57.614838
v 60.360107 80.584290 93.988289
v 60.360107 30.520514 93.988289
v 60.360107 -31.361713 57.614838
v 60.360107 -81.425507 85.578819
v 1325.096191 27.856256 103.497116
v 1368.335327 33.588028 85.578835
v 1411.574219 27.856274 85.578835
v 1411.574219 -28.565697 52.414829
v 1411.574219 73.502609 85.578835
v 1411.574219 27.856274 -1.317922
v 1411.574219 90.937943 52.414829
v 1411.574219 -74.212051 234.871216
v 24.359253 23.598549 229.350433
v 57.782593 23.598549 167.102814
v 101.893066 23.598545 199.681183
v 101.893066 23.598545 234.871216
v 24.359253 -22.198763 229.350433
v 57.782593 -22.198757 199.681183
v 101.893066 -22.198761 167.102814
v 101.893066 -22.198761 136.478149
v 64.446411 -22.198759 158.655518
v 76.316650 23.598543 158.655518
v 76.316650 -22.198759 136.478149
v 64.446411 23.598547 109.065414
v 68.197876 -22.198757 109.065414
v 68.197876 23.598547 93.457237
v 79.637695 -22.198759 93.457237
v 79.637695 23.598549 258.535675
v 13.691284 -24.421488 264.460297
v -3.148804 27.377073 264.460297
v -3.148804 -25.977276 258.535675
v 13.691284 25.821272 216.390228
v 77.526855 23.598547 191.681396
v 90.510254 -22.198753 191.681396
v 90.510254 23.598545 216.390228
v 77.526733 -22.198759 52.414829
v 1325.096191 -74.212074 63.595055
v 1368.335449 -89.218002 -1.317922
v 1411.574219 -91.647400 52.414829
v 1411.574219 -74.212051 -1.317921
v 37.838257 -186.162735 -1.317921
v -3.166382 -199.008438 -110.573677
v 37.838257 -150.689133 -118.058678
v -3.166382 -161.081512 -178.048431
v 37.838379 -57.818077 -190.199921
v -3.166382 -61.787628 -178.048431
v 37.838379 56.976883 -190.199951
v -3.166260 60.946411 -1.317921
v -3.166260 198.167252 -110.573677
v 37.838379 149.847977 -118.058701
v -3.166260 160.240341 -1.317921
v 37.838379 185.321533 -1.317921
v 60.360107 99.706924 -60.250679
v 60.360107 80.584290 -96.624146
v 60.360107 30.520514 -96.624146
v 60.360107 -31.361713 -1.317921
v 60.360107 -100.548172 -60.250679
v 60.360107 -81.425507 -1.317922
v 1325.096191 90.937935 -1.317922
v 1368.335327 109.486320 -88.214668
v 1325.096191 27.856256 -106.132973
v 1368.335449 33.588028 -1.317922
v 1411.574219 90.937943 -88.214684
v 1411.574219 27.856274 -88.214684
v 1411.574219 -28.565697 -1.317922
v 1411.574219 -91.647400 -55.050671
v 1411.574219 -74.212051 -55.050671
v 1411.574219 73.502609 -1.317922
v 1411.574219 90.937943 -88.214684
v 1411.574219 27.856274 -237.507050
v 24.359253 23.598549 -231.986267
v 57.782593 23.598549 -169.738678
v 101.893066 23.598545 -202.317017
v 101.893066 23.598545 -202.317017
v 101.893066 -22.198761 -169.738678
v 101.893066 -22.198761 -231.986267
v 57.782593 -22.198757 -237.507050
v 24.359253 -22.198763 -139.113983
v 64.446411 -22.198759 -161.291382
v 76.316650 23.598543 -139.113983
v 64.446411 23.598547 -161.291382
v 76.316650 -22.198759 -111.701263
v 68.197876 -22.198757 -111.701263
v 68.197876 23.598547 -96.093079
v 79.637695 -22.198759 -96.093079
v 79.637695 23.598549 -261.171509
v 13.691284 -24.421488 -267.096100
v -3.148804 27.377073 -261.171509
v 13.691284 25.821272 -267.096100
v -3.148804 -25.977276 -219.026031
v 77.526855 23.598547 -194.317230
v 90.510254 -22.198753 -219.026031
v 77.526733 -22.198759 -194.317230
v 90.510254 23.598545 -55.050671
v 1325.096191 -74.212074 -1.317922
v 1368.335449 -110.242371 -1.317922
v 1325.096191 -91.532425 -66.230896
v 1368.335449 -89.218002 -1.317922
v 1411.574219 -91.647400 -55.050671
v 1411.574219 -74.212051 85.578819
v 1335.055176 27.856256 85.578819
v 130.918701 27.856293 -2.725330
v 1373.222534 -217.296097 -4.577644
v 1386.571045 -100.206642 5.927444
v 1358.796631 -213.233582 0.757104
v 1377.330933 -100.206642 -8.476951
v 1326.722656 -369.513824 -14.809538
v 1316.567993 -365.367828 4.188231
v 1326.722656 -369.513824 -8.476951
v 1326.722656 -369.513824 10.520834
v 1316.567993 -365.367828 4.188240
v 1306.413452 -361.221771 -8.476959
v 1306.413452 -361.221771 4.188240
v 1306.413452 -361.221771 198.245453
v 1370.499878 -110.950302 95.540024
v 1385.598022 -31.936201 200.356232
v 1356.073975 -101.627235 96.193718
v 1376.358032 -26.641649 296.350311
v 1331.881836 -204.724075 289.188354
v 1321.727173 -207.173248 304.131592
v 1331.881836 -194.731140 296.350311
v 1331.881836 -204.724075 304.751038
v 1321.727173 -187.187439 297.589142
v 1311.572632 -189.636612 289.807800
v 1311.572754 -199.629578 297.589142
v 1311.572632 -189.636612 52.414825
v 1335.055176 -74.212074 52.414825
v 130.918701 -74.212029 -1.317923
v 1335.055176 90.937927 -1.317923
v 130.918701 90.937973 -88.214676
v 1335.055176 27.856256 -88.214668
v 130.918701 27.856293 -196.552338
v 1373.222534 -118.005402 -93.859154
v 1386.240479 -28.991789 -198.663147
v 1358.796509 -108.682335 -97.117729
v 1377.054077 -24.807041 -294.923126
v 1334.604492 -207.355606 -287.761169
v 1324.449829 -209.804825 -302.704407
v 1334.604492 -197.362717 -294.923126
v 1334.604492 -207.355606 -303.323822
v 1324.449829 -189.818985 -296.161896
v 1314.295288 -192.268158 -288.380615
v 1314.295288 -202.261108 -296.161896
v 1314.295288 -192.268158 -55.050671
v 1335.055176 -74.212074 -1.317923
v 130.918701 -91.647369 -55.050671
v 130.918701 -74.212029 -1.317923
v 1335.055176 -91.532417 -2.725331
v 1373.222412 216.670349 -3.468460
v 1385.925537 100.451523 5.927444
v 1358.796631 212.607864 1.835337
v 1376.739014 100.451523 -8.476951
v 1326.722656 368.888123 -14.809538
v 1316.568115 364.742096 4.188231
v 1326.722656 368.888123 -8.476951
v 1326.722656 368.888123 10.520834
v 1316.568115 364.742096 4.188240
v 1306.413452 360.596069 -8.476960
v 1306.413452 360.596069 4.188240
v 1306.413452 360.596069 189.703278
v 1373.222412 115.007683 89.764984
v 1386.386353 29.966352 191.814087
v 1358.796509 105.684608 93.023544
v 1377.199951 25.781651 293.338226
v 1334.604370 205.336990 286.176300
v 1324.449829 207.786255 301.119568
v 1334.604370 195.344101 293.338226
v 1334.604370 205.336990 301.738953
v 1324.449707 187.800385 294.577057
v 1314.295166 190.249588 286.795746
v 1314.295288 200.242523 294.577057
v 1314.295166 190.249588 -199.236206
v 1373.222412 118.668991 -95.106567
v 1386.010132 34.059143 -202.142639
v 1358.796509 109.562508 -98.106613
v 1376.876709 29.722500 -311.097687
v 1334.604370 191.734726 -304.085114
v 1324.449829 194.583755 -318.303162
v 1334.604492 181.318954 -311.097687
v 1334.604370 191.734726 -318.496246
v 1324.449829 173.752335 -311.483765
v 1314.295166 176.601395 -304.278320
v 1314.295288 187.017151 -311.483765
v 1314.295166 176.601395 -1.317923
v 1370.129395 166.686523 -1.317923
v 1329.382568 352.237305 289.279999
v 1329.179199 191.299774 143.356750
v 1372.506592 74.871597 294.411316
v 1329.280884 -194.854507 153.029510
v 1370.654053 -76.959129 -1.317923
v 1370.129517 -167.312256 -1.317923
v 1329.382568 -352.863068 -291.865173
v 1329.179077 -198.750900 -145.920349
v 1372.506592 -72.555077 -137.075836
v 1371.317993 71.785194 -293.730103
v 1329.280884 182.715775 52.414818
v 130.918701 73.502632 -1.317923
v 130.918701 90.937973 -1.317923
v 130.918701 90.937973 -55.050667
v 130.918701 73.502632 -88.214668
v 130.918701 27.856293 -88.214668
v 130.918701 27.856293 -88.214668
v 130.918701 -28.565672 -55.050671
v 130.918701 -74.212029 -55.050671
v 130.918701 -74.212029 -1.317923
v 130.918701 -91.647369 -1.317923
v 130.918701 -91.647369 52.414825
v 130.918701 -74.212029 52.414825
v 130.918701 -74.212029 85.578819
v 130.918701 -28.565672 85.578819
v 130.918701 27.856293 85.578819
v 130.918701 27.856293 0.304059

vt 0.197685 0.167583
vt 0.230223 0.158613
vt 0.197685 0.307705
vt 0.247478 0.403702
vt 0.290272 0.287414
vt 0.332583 0.348483
vt 0.448582 0.458158
vt 0.434240 0.337686
vt 0.484322 0.460685
vt 0.478571 0.248947
vt 0.726867 0.428340
vt 0.616950 0.321086
vt 0.591818 0.146950
vt 0.810178 0.096252
vt 0.359274 0.131917
vt 0.384055 0.231849
vt 0.274877 0.184352
vt 0.520202 0.167583
vt 0.408836 0.146950
vt 0.631564 0.181441
vt 0.559944 0.084803
vt 0.681126 0.333025
vt 0.524664 0.456529
vt 0.528011 0.192586
vt 0.145253 0.195976
vt 0.055529 0.170839
vt 0.002584 0.005663
vt 0.946182 0.245647
vt 0.970069 0.167720
vt 0.230223 0.005703
vt 0.230454 0.158750
vt 0.197685 0.307843
vt 0.247478 0.403840
vt 0.290272 0.458295
vt 0.434240 0.348620
vt 0.448582 0.287552
vt 0.332583 0.460822
vt 0.478571 0.337824
vt 0.484322 0.249085
vt 0.726867 0.321224
vt 0.591818 0.428477
vt 0.616950 0.147088
vt 0.810178 0.005703
vt 0.842051 0.096389
vt 0.359274 0.005703
vt 0.341588 0.231987
vt 0.274877 0.132055
vt 0.384055 0.184490
vt 0.520202 0.167720
vt 0.408836 0.147088
vt 0.631564 0.181578
vt 0.559944 0.084941
vt 0.681126 0.005703
vt 0.698815 0.005703
vt 0.520202 0.333163
vt 0.524664 0.456666
vt 0.528011 0.005703
vt 0.145253 0.192724
vt 0.145253 0.005703
vt 0.055529 0.196113
vt 0.055529 0.005703
vt 0.002584 0.170976
vt 0.002584 0.510502
vt 0.291318 0.536648
vt 0.505521 0.527490
vt 0.553524 0.435023
vt 0.233795 0.364416
vt 0.197775 0.361361
vt 0.146210 0.374226
vt 0.058639 0.364554
vt 0.197775 0.435023
vt 0.233795 0.361361
vt 0.146210 0.374226
vt 0.058639 0.349982
vt 0.002584 0.547797
vt 0.439405 0.505610
vt 0.640185 0.536648
vt 0.505521 0.510502
vt 0.291318 0.320035
vt 0.845400 0.360398
vt 0.921789 0.360219
vt 0.921704 0.320173
vt 0.845400 0.245673
vt 0.970095 0.289187
vt 0.948275 0.400924
vt 0.870188 0.398240
vt 0.906148 0.383226
vt 0.947929 0.400924
vt 0.870188 0.331620
vt 0.949941 0.398277
vt 0.906478 0.382803
vt 0.947663 0.362740
vt 0.803243 0.592143
vt 0.290272 0.537687
vt 0.434240 0.539308
vt 0.621498 0.618488
vt 0.813686 0.757350
vt 0.935913 0.828262
vt 0.230223 0.708431
vt 0.332583 0.647362
vt 0.448582 0.674759
vt 0.591818 0.746898
vt 0.726867 0.848895
vt 0.810178 0.899593
vt 0.359274 0.828262
vt 0.408836 0.811493
vt 0.520202 0.814404
vt 0.559944 0.848895
vt 0.631564 0.911042
vt 0.681126 0.539316
vt 0.528011 0.662820
vt 0.524664 0.535160
vt 0.478571 0.658159
vt 0.484322 0.837232
vt 0.197685 0.990211
vt 0.197685 0.803259
vt 0.145253 0.799869
vt 0.055529 0.825006
vt 0.002584 0.763996
vt 0.274877 0.863928
vt 0.384055 0.688140
vt 0.247478 0.617250
vt 0.874163 0.732363
vt 0.921739 0.331186
vt 0.949614 0.613565
vt 0.934702 0.663948
vt 0.963753 0.661816
vt 0.846099 0.714619
vt 0.897001 0.631653
vt 0.894519 0.683859
vt 0.924982 0.632119
vt 0.943031 0.646475
vt 0.951361 0.693132
vt 0.899952 0.648209
vt 0.936199 0.663431
vt 0.918450 0.362578
vt 0.803538 0.592143
vt 0.290272 0.537687
vt 0.434240 0.539308
vt 0.621498 0.618488
vt 0.813686 0.757350
vt 0.935913 0.990211
vt 0.937086 0.990211
vt 0.230454 0.828262
vt 0.230223 0.708431
vt 0.332583 0.647362
vt 0.448582 0.674759
vt 0.591818 0.746898
vt 0.726867 0.848895
vt 0.810178 0.990211
vt 0.842051 0.990211
vt 0.341588 0.899593
vt 0.359274 0.828262
vt 0.408836 0.811493
vt 0.520202 0.814404
vt 0.559944 0.848895
vt 0.631564 0.911042
vt 0.681126 0.990211
vt 0.698815 0.990211
vt 0.520202 0.539316
vt 0.528011 0.662820
vt 0.524664 0.535160
vt 0.478571 0.658159
vt 0.484322 0.837232
vt 0.197685 0.990211
vt 0.145253 0.803259
vt 0.145253 0.990211
vt 0.055529 0.799869
vt 0.055529 0.990211
vt 0.002584 0.825006
vt 0.002584 0.763996
vt 0.274877 0.863928
vt 0.384055 0.688140
vt 0.247478 0.289187
vt 0.948275 0.617250
vt 0.874163 0.732363
vt 0.921739 0.613565
vt 0.934702 0.663948
vt 0.963753 0.661816
vt 0.846099 0.714619
vt 0.897001 0.631653
vt 0.894519 0.683859
vt 0.924982 0.632119
vt 0.943031 0.646475
vt 0.951361 0.693132
vt 0.899952 0.648209
vt 0.936199 0.663431
vt 0.918450 0.573031
vt 0.870772 0.587276
vt 0.939730 0.587276
vt 0.939730 0.573031
vt 0.870772 0.349982
vt 0.002584 0.005179
vt 0.999889 0.505605
vt 0.640233 0.401817
vt 0.818773 0.401817
vt 0.818773 0.527490
vt 0.553524 0.547797
vt 0.439405 0.817466
vt 0.865349 0.817466
vt 0.865349 0.990211
vt 0.889569 0.677203
vt 0.764291 0.672364
vt 0.762532 0.005800
vt 0.946182 0.005316
vt 0.999889 0.005703
vt 0.197685 0.005703
vt 0.230454 0.005703
vt 0.842051 0.005703
vt 0.341588 0.005703
vt 0.698815 0.005703
vt 0.520202 0.005703
vt 0.145253 0.005703
vt 0.055529 0.005703
vt 0.002584 0.754567
vt 0.974996 0.994941
vt 0.997888 0.571117
vt 0.226260 0.641655
vt 0.197775 0.652853
vt 0.148363 0.620073
vt 0.058101 0.645932
vt 0.002584 0.590016
vt 0.804978 0.617250
vt 0.874163 0.573031
vt 0.870772 0.707084
vt 0.971548 0.613565
vt 0.934702 0.667594
vt 0.979121 0.633242
vt 0.978960 0.754567
vt 0.974996 0.990211
vt 0.937086 0.994941
vt 0.997888 0.990211
vt 0.197685 0.990211
vt 0.230454 0.571117
vt 0.226260 0.641655
vt 0.197775 0.990211
vt 0.889569 0.990211
vt 0.842051 0.990211
vt 0.341588 0.990211
vt 0.698815 0.990211
vt 0.520202 0.990211
vt 0.145253 0.652853
vt 0.148363 0.990211
vt 0.055529 0.620073
vt 0.058101 0.990211
vt 0.002584 0.645932
vt 0.002584 0.617250
vt 0.874163 0.590016
vt 0.804978 0.573031
vt 0.870772 0.707084
vt 0.971548 0.613565
vt 0.934702 0.667594
vt 0.979121 0.633242
vt 0.978960 0.495245
vt 0.287925 0.444321
vt 0.439628 0.461692
vt 0.503341 0.469580
vt 0.550230 0.488237
vt 0.641894 0.488237
vt 0.641894 0.469580
vt 0.550230 0.461692
vt 0.503341 0.444321
vt 0.439628 0.495245
vt 0.287925 1.000000
vt 0.000000 1.000000
vt 0.000000 0.000000
vt 1.000000 1.000000
vt 1.000000 1.000000
vt 0.000000 0.000000
vt 0.000000 1.000000
vt 1.000000 0.000000
vt 1.000000 1.000000
vt 0.000000 0.000000
vt 1.000000 0.000000
vt 0.000000 1.000000
vt 1.000000 1.000000
vt 0.000000 0.000000
vt 1.000000 0.000000
vt 0.000000 1.000000
vt 1.000000 1.000000
vt 0.000000 0.000000
vt 1.000000 0.000000
vt 0.000000 1.000000
vt 1.000000 1.000000
vt 0.000000 0.000000
vt 1.000000 0.000000
vt 0.000000 1.000000
vt 1.000000 1.000000
vt 0.000000 1.000000
vt 0.000000 0.000000
vt 1.000000 1.000000
vt 1.000000 1.000000
vt 0.000000 0.000000
vt 0.000000 1.000000
vt 1.000000 0.000000
vt 1.000000 1.000000
vt 0.000000 0.000000
vt 1.000000 0.000000
vt 0.000000 1.000000
vt 1.000000 1.000000
vt 0.000000 0.000000
vt 1.000000 0.000000
vt 0.000000 1.000000
vt 1.000000 1.000000
vt 0.000000 0.000000
vt 1.000000 0.000000
vt 0.000000 1.000000
vt 1.000000 1.000000
vt 0.000000 0.000000
vt 1.000000 0.000000
vt 0.000000 1.000000
vt 1.000000 1.000000
vt 0.000000 1.000000
vt 0.000000 0.000000
vt 1.000000 1.000000
vt 1.000000 1.000000
vt 0.000000 0.000000
vt 0.000000 1.000000
vt 1.000000 0.000000
vt 1.000000 1.000000
vt 0.000000 0.000000
vt 1.000000 0.000000
vt 0.000000 1.000000
vt 1.000000 1.000000
vt 0.000000 0.000000
vt 1.000000 0.000000
vt 0.000000 1.000000
vt 1.000000 1.000000
vt 0.000000 0.000000
vt 1.000000 0.000000
vt 0.000000 1.000000
vt 1.000000 1.000000
vt 0.000000 0.000000
vt 1.000000 0.000000
vt 0.000000 1.000000
vt 1.000000 1.000000
vt 0.000000 1.000000
vt 0.000000 0.000000
vt 1.000000 1.000000
vt 1.000000 1.000000
vt 0.000000 0.000000
vt 0.000000 1.000000
vt 1.000000 0.000000
vt 1.000000 1.000000
vt 0.000000 0.000000
vt 1.000000 0.000000
vt 0.000000 1.000000
vt 1.000000 1.000000
vt 0.000000 0.000000
vt 1.000000 0.000000
vt 0.000000 1.000000
vt 1.000000 1.000000
vt 0.000000 0.000000
vt 1.000000 0.000000
vt 0.000000 1.000000
vt 1.000000 1.000000
vt 0.000000 0.000000
vt 1.000000 0.000000
vt 0.000000 1.000000
vt 1.000000 1.000000
vt 0.161034 0.304771
vt 0.161034 0.304771
vt 0.020781 0.033593
vt 0.020781 0.033516
vt 0.161034 0.033516
vt 0.020781 0.304771
vt 0.161034 0.304771
vt 0.020781 0.033516
vt 0.161034 0.033516
vt 0.020781 0.304771
vt 0.161034 0.304771
vt 0.020781 0.047218
vt 0.498504 0.288279
vt 0.498504 0.288279
vt 0.498504 0.047218
vt 0.498504 0.288279
vt 0.498504 0.047218
vt 0.498504 0.288279
vt 0.606578 0.047218
vt 0.606578 0.288279
vt 0.606578 0.047218
vt 0.606578 0.288279
vt 0.606578 0.047218
vt 0.606578 0.245142
vt 0.497365 0.094640
vt 0.497365 0.288279
vt 0.649363 0.047218
vt 0.655520 0.047218
vt 0.972789 0.047218
vt 0.649363 0.288279
vt 0.972789 0.288279
vt 0.649363 0.047218
vt 0.649363 0.047218
vt 0.972789 0.288279
vt 0.972789 0.288279
vt 0.655520 0.033593
vt 0.216054 0.304771
vt 0.216054 0.304042
vt 0.216054 0.033593
vt 0.216054 0.304042
vt 0.216054 0.033593
vt 0.216054 0.408491
vt 0.815452 0.371299
vt 0.831802 0.371299
vt 0.830645 0.330202
vt 0.841220 0.371299
vt 0.806488 0.330202
vt 0.805960 0.371299
vt 0.807171 0.371299
vt 0.791215 0.330202
vt 0.780956 0.371299
vt 0.790976 0.408491
vt 0.596176 0.371299
vt 0.596176 0.330202
vt 0.596176 0.371299
vt 0.596176 0.408491
vt 0.690783 0.371299
vt 0.687384 0.330202
vt 0.681943 0.371299
vt 0.687560 0.371299
vt 0.668101 0.304042
vt 0.161034 0.304042
vt 0.020781 0.033516
vt 0.161034 0.033516
vt 0.020781 0.304771
vt 0.161034 0.304771
vt 0.020781 0.033516
vt 0.161034 0.033516
vt 0.020781 0.047218
vt 0.498504 0.288279
vt 0.498504 0.047218
vt 0.498504 0.288279
vt 0.498504 0.047218
vt 0.606578 0.288279
vt 0.606578 0.047218
vt 0.606578 0.288279
vt 0.606578 0.245142
vt 0.497365 0.094640
vt 0.497365 0.288279
vt 0.649363 0.047218
vt 0.655520 0.047218
vt 0.972789 0.047218
vt 0.649363 0.288279
vt 0.972789 0.288279
vt 0.649363 0.033593
vt 0.216054 0.304042
vt 0.216054 0.033593
vt 0.216054 0.304042
vt 0.216054 0.408491
vt 0.815452 0.371299
vt 0.831802 0.371299
vt 0.830645 0.330202
vt 0.841220 0.408491
vt 0.997117 0.371299
vt 0.997117 0.371299
vt 0.997117 0.330202
vt 0.997117 0.371299
vt 0.806488 0.330202
vt 0.805960 0.371299
vt 0.807171 0.371299
vt 0.791215 0.330202
vt 0.780956 0.371299
vt 0.790976 0.408491
vt 0.596176 0.371299
vt 0.596176 0.330202
vt 0.596176 0.371299
vt 0.596176 0.408491
vt 0.690783 0.371299
vt 0.687384 0.330202
vt 0.681943 0.371299
vt 0.687560 0.371299
vt 0.668101 0.408491
vt 0.815452 0.371299
vt 0.831802 0.371299
vt 0.997117 0.408491
vt 0.997117 0.330202
vt 0.841220 0.330202
vt 0.997117 0.371299
vt 0.830645 0.371299
vt 0.997117 0.371299
vt 0.806488 0.330202
vt 0.805960 0.371299
vt 0.807171 0.371299
vt 0.791215 0.330202
vt 0.780956 0.371299
vt 0.790976 0.371299
vt 0.687560 0.371299
vt 0.668101 0.330202
vt 0.681943 0.408491
vt 0.690783 0.371299
vt 0.596176 0.408491
vt 0.596176 0.371299
vt 0.687384 0.330202
vt 0.596176 0.371299
vt 0.596176 0.408491
vt 0.815452 0.371299
vt 0.831802 0.330202
vt 0.841220 0.371299
vt 0.830645 0.371299
vt 0.806488 0.330202
vt 0.805960 0.371299
vt 0.807171 0.371299
vt 0.791215 0.330202
vt 0.780956 0.371299
vt 0.790976 0.371299
vt 0.687560 0.330202
vt 0.681943 0.371299
vt 0.668101 0.408491
vt 0.690783 0.371299
vt 0.596176 0.371299
vt 0.687384 0.408491
vt 0.596176 0.330202
vt 0.596176 0.371299
vt 0.596176 0.926943
vt 0.414628 0.721064
vt 0.414628 0.727695
vt 0.633604 0.918382
vt 0.633963 0.918152
vt 0.446955 0.726101
vt 0.446955 0.910023
vt 0.634459 0.735501
vt 0.634120 0.701968
vt 0.466920 0.701968
vt 0.597573 0.943170
vt 0.597573 0.943170
vt 0.466920 0.708635
vt 0.474351 0.708635
vt 0.597516 0.936013
vt 0.597516 0.936013
vt 0.474351 0.927829
vt 0.653801 0.719293
vt 0.653801 0.729059
vt 0.918889 0.917512
vt 0.918889 0.911544
vt 0.914268 0.733804
vt 0.914268 0.706326
vt 0.678063 0.695500
vt 0.861568 0.950560
vt 0.861568 0.940155
vt 0.678063 0.715944
vt 0.676031 0.702648
vt 0.860232 0.942807
vt 0.860232 0.929365
vt 0.676031 0.855124
vt 0.992914 0.792401
vt 0.992914 0.793801
vt 0.940848 0.852168
vt 0.940848 0.926943
vt 0.414628 0.721064
vt 0.414628 0.727695
vt 0.633604 0.918382
vt 0.633963 0.918152
vt 0.446955 0.726101
vt 0.446955 0.910023
vt 0.634459 0.735501
vt 0.634120 0.701968
vt 0.466920 0.701968
vt 0.597573 0.943170
vt 0.597573 0.943170
vt 0.466920 0.708635
vt 0.474351 0.708635
vt 0.597516 0.936013
vt 0.597516 0.936013
vt 0.474351 0.927829
vt 0.653801 0.719293
vt 0.653801 0.729059
vt 0.918889 0.917512
vt 0.918889 0.911544
vt 0.914268 0.733804
vt 0.914268 0.706326
vt 0.678063 0.695500
vt 0.861568 0.950560
vt 0.861568 0.940155
vt 0.678063 0.715944
vt 0.676031 0.702648
vt 0.860232 0.942807
vt 0.860232 0.929365
vt 0.676031 0.855124
vt 0.992914 0.792401
vt 0.992914 0.793801
vt 0.940848 0.852168
vt 0.940848 0.701968
vt 0.597573 0.943170
vt 0.597573 0.943170
vt 0.466920 0.701968
vt 0.466920 0.708635
vt 0.597516 0.936013
vt 0.597516 0.936013
vt 0.474351 0.708635
vt 0.474351 0.926943
vt 0.414628 0.721064
vt 0.414628 0.726101
vt 0.446955 0.918152
vt 0.446955 0.727695
vt 0.633604 0.918382
vt 0.633963 0.735501
vt 0.634120 0.910023
vt 0.634459 0.719293
vt 0.653801 0.927829
vt 0.653801 0.695500
vt 0.861568 0.950560
vt 0.861568 0.940155
vt 0.678063 0.706326
vt 0.678063 0.702648
vt 0.860232 0.942807
vt 0.860232 0.929365
vt 0.676031 0.715944
vt 0.676031 0.855124
vt 0.992914 0.852168
vt 0.940848 0.793801
vt 0.940848 0.792401
vt 0.992914 0.917512
vt 0.918889 0.729059
vt 0.918889 0.911544
vt 0.914268 0.733804
vt 0.914268 0.701968
vt 0.597573 0.701968
vt 0.466920 0.943170
vt 0.466920 0.943170
vt 0.597573 0.708635
vt 0.597516 0.708635
vt 0.474351 0.936013
vt 0.474351 0.936013
vt 0.597516 0.926943
vt 0.414628 0.918152
vt 0.446955 0.726101
vt 0.446955 0.721064
vt 0.414628 0.727695
vt 0.633604 0.918382
vt 0.633963 0.735501
vt 0.634120 0.910023
vt 0.634459 0.927829
vt 0.653801 0.719293
vt 0.653801 0.695500
vt 0.861568 0.706326
vt 0.678063 0.940155
vt 0.678063 0.950560
vt 0.861568 0.702648
vt 0.860232 0.715944
vt 0.676031 0.929365
vt 0.676031 0.942807
vt 0.860232 0.855124
vt 0.992914 0.792401
vt 0.992914 0.793801
vt 0.940848 0.852168
vt 0.940848 0.729059
vt 0.918889 0.917512
vt 0.918889 0.733804
vt 0.914268 0.911544
vt 0.914268 0.304042
vt 0.161034 0.304042
vt 0.020781 0.033593
vt 0.161034 0.033593
vt 0.020781 0.304042
vt 0.161034 0.304042
vt 0.020781 0.033593
vt 0.161034 0.033593
vt 0.020781 0.033516
vt 0.216054 0.304771
vt 0.216054 0.033516
vt 0.216054 0.304771
vt 0.216054 0.033159
vt 0.168183 0.304644
vt 0.168183 0.047218
vt 0.498504 0.047218
vt 0.606578 0.288279
vt 0.498504 0.288279
vt 0.606578 0.047218
vt 0.498504 0.047218
vt 0.606578 0.288279
vt 0.498504 0.288279
vt 0.606578 0.288279
vt 0.606578 0.047218
vt 0.606578 0.288279
vt 0.649363 0.288279
vt 0.972789 0.047218
vt 0.649363 0.288279
vt 0.972789 0.047218
vt 0.972789 0.288279
vt 0.649363 0.047218
vt 0.972789 0.047218
vt 0.649363 0.288279
vt 0.972789 0.288279
vt 0.649363 0.047218
vt 0.972789 0.047218
vt 0.649363 0.269352
vt 0.497440 0.075669
vt 0.497440 0.075669
vt 0.497440 0.269352
vt 0.497440 0.075669
vt 0.497440 0.269352
vt 0.497440 0.269352
vt 0.497440 0.075669
vt 0.497440 0.075669
vt 0.497440 0.269352
vt 0.497440 0.330202
vt 0.841447 0.330202
vt 0.997117 0.408491
vt 0.997117 0.408491
vt 0.816469 0.330202
vt 0.805732 0.330202
vt 0.780729 0.408491
vt 0.691371 0.330202
vt 0.682531 0.330202
vt 0.596176 0.408491
vt 0.596176 0.288279
vt 0.655520 0.047218
vt 0.655520 0.288279
vt 0.606578 0.047218
vt 0.655520 0.047218
vt 0.606578 0.288279
vt 0.655520 0.047218
vt 0.606578 0.288279
vt 0.655520 0.288279
vt 0.606578 0.047218
vt 0.655520 0.288279
vt 0.606578 0.047218
vt 0.655520 0.047218
vt 0.606578 0.288279
vt 0.655520 0.094640
vt 0.497365 0.304644
vt 0.168183 0.245142
vt 0.497365 0.033159
vt 0.168183 0.304644
vt 0.168183 0.094640
vt 0.497365 0.245142
vt 0.497365 0.033159
vt 0.168183 0.033159
vt 0.168183 0.245142
vt 0.497365 0.304644
vt 0.168183 0.094640
vt 0.497365 0.304644
vt 0.168183 0.094640
vt 0.497365 0.033159
vt 0.168183 0.245142
vt 0.497365 0.033516
vt 0.161034 0.033516
vt 0.020781 0.304042
vt 0.161034 0.304042
vt 0.020781 0.033593
vt 0.161034 0.033593
vt 0.020781 0.304042
vt 0.161034 0.304042
vt 0.020781 0.304771
vt 0.020781 0.033593
vt 0.161034 0.033593
vt 0.020781 0.304771
vt 0.161034 0.304771
vt 0.216054 0.033516
vt 0.216054 0.304771
vt 0.216054 0.033516
vt 0.216054 0.033516
vt 0.216054 0.304042
vt 0.216054 0.033159
vt 0.168183 0.304644
vt 0.168183 0.288279
vt 0.498504 0.288279
vt 0.606578 0.047218
vt 0.498504 0.047218
vt 0.606578 0.288279
vt 0.498504 0.288279
vt 0.606578 0.047218
vt 0.498504 0.047218
vt 0.606578 0.047218
vt 0.606578 0.288279
vt 0.498504 0.288279
vt 0.606578 0.047218
vt 0.498504 0.288279
vt 0.606578 0.047218
vt 0.606578 0.288279
vt 0.655520 0.047218
vt 0.649363 0.047218
vt 0.972789 0.288279
vt 0.649363 0.288279
vt 0.972789 0.047218
vt 0.649363 0.288279
vt 0.972789 0.047218
vt 0.972789 0.288279
vt 0.649363 0.047218
vt 0.972789 0.288279
vt 0.972789 0.047218
vt 0.649363 0.288279
vt 0.649363 0.047218
vt 0.972789 0.047218
vt 0.649363 0.288279
vt 0.972789 0.269352
vt 0.497440 0.075669
vt 0.497440 0.075669
vt 0.497440 0.269352
vt 0.497440 0.075669
vt 0.497440 0.269352
vt 0.497440 0.269352
vt 0.497440 0.075669
vt 0.497440 0.075669
vt 0.497440 0.269352
vt 0.497440 0.371299
vt 0.997117 0.408491
vt 0.997117 0.330202
vt 0.997117 0.371299
vt 0.997117 0.330202
vt 0.841447 0.330202
vt 0.997117 0.408491
vt 0.997117 0.408491
vt 0.816469 0.330202
vt 0.805732 0.330202
vt 0.780729 0.408491
vt 0.691371 0.330202
vt 0.682531 0.330202
vt 0.596176 0.408491
vt 0.596176 0.288279
vt 0.655520 0.047218
vt 0.655520 0.288279
vt 0.606578 0.047218
vt 0.655520 0.288279
vt 0.655520 0.047218
vt 0.606578 0.047218
vt 0.606578 0.288279
vt 0.655520 0.047218
vt 0.655520 0.288279
vt 0.606578 0.288279
vt 0.606578 0.047218
vt 0.655520 0.288279
vt 0.655520 0.047218
vt 0.606578 0.245142
vt 0.497365 0.033159
vt 0.168183 0.304644
vt 0.168183 0.094640
vt 0.497365 0.033159
vt 0.168183 0.245142
vt 0.497365 0.304644
vt 0.168183 0.094640
vt 0.497365 0.304644
vt 0.168183 0.094640
vt 0.497365 0.245142
vt 0.497365 0.033159
vt 0.168183 0.033159
vt 0.168183 0.245142
vt 0.497365 0.094640
vt 0.497365 0.304644
vt 0.168183 0.330202
vt 0.841447 0.330202
vt 0.997117 0.408491
vt 0.997117 0.408491
vt 0.816469 0.330202
vt 0.805732 0.330202
vt 0.780729 0.408491
vt 0.691371 0.330202
vt 0.682531 0.330202
vt 0.596176 0.408491
vt 0.596176 0.371299
vt 0.997117 0.408491
vt 0.997117 0.330202
vt 0.997117 0.371299
vt 0.997117 0.330202
vt 0.841447 0.330202
vt 0.997117 0.408491
vt 0.997117 0.408491
vt 0.816469 0.330202
vt 0.805732 0.330202
vt 0.780729 0.408491
vt 0.691371 0.330202
vt 0.682531 0.330202
vt 0.596176 0.408491
vt 0.596176 0.677391
vt 0.591646 0.677391
vt 0.463554 0.966221
vt 0.469732 0.966221
vt 0.591646 0.924223
vt 0.437858 0.720494
vt 0.437858 0.702460
vt 0.628852 0.956457
vt 0.610246 0.918382
vt 0.633963 0.727695
vt 0.633604 0.947072
vt 0.628529 0.702020
vt 0.628613 0.650344
vt 0.863779 0.671536
vt 0.670065 0.971576
vt 0.670065 0.990684
vt 0.863779 0.854227
vt 0.947086 0.792311
vt 0.947086 0.703929
vt 0.942386 0.702020
vt 0.628613 0.937818
vt 0.942386 0.677391
vt 0.591646 0.677391
vt 0.463554 0.966221
vt 0.469732 0.966221
vt 0.591646 0.924223
vt 0.437858 0.720494
vt 0.437858 0.702460
vt 0.628852 0.956457
vt 0.610246 0.918382
vt 0.633963 0.727695
vt 0.633604 0.947072
vt 0.628529 0.702020
vt 0.628613 0.650344
vt 0.863779 0.671536
vt 0.670065 0.971576
vt 0.670065 0.990684
vt 0.863779 0.854227
vt 0.947086 0.792311
vt 0.947086 0.703929
vt 0.942386 0.702020
vt 0.628613 0.937818
vt 0.942386 0.677391
vt 0.591646 0.677391
vt 0.463554 0.966221
vt 0.469732 0.966221
vt 0.591646 0.924223
vt 0.437858 0.720494
vt 0.437858 0.692234
vt 0.611090 0.956457
vt 0.610246 0.918382
vt 0.633963 0.727695
vt 0.633604 0.947072
vt 0.628529 0.702020
vt 0.628613 0.650344
vt 0.863779 0.671536
vt 0.670065 0.971576
vt 0.670065 0.990684
vt 0.863779 0.854227
vt 0.947086 0.792311
vt 0.947086 0.703929
vt 0.942386 0.702020
vt 0.628613 0.937818
vt 0.942386 0.677391
vt 0.591646 0.677391
vt 0.463554 0.966221
vt 0.469732 0.966221
vt 0.591646 0.924223
vt 0.437858 0.720494
vt 0.437858 0.702460
vt 0.628852 0.956457
vt 0.610246 0.918382
vt 0.633963 0.727695
vt 0.633604 0.947072
vt 0.628529 0.702020
vt 0.628613 0.650344
vt 0.863779 0.671536
vt 0.670065 0.971576
vt 0.670065 0.990684
vt 0.863779 0.854227
vt 0.947086 0.792311
vt 0.947086 0.703929
vt 0.942386 0.702020
vt 0.628613 0.937818
vt 0.942386 1.000000
vt 0.523522 0.391123
vt 0.280931 0.527860
vt 0.008089 0.680601
vt 0.310135 0.531703
vt 0.523522 0.680601
vt 0.310135 0.095366
vt 0.712138 0.034775
vt 0.969995 0.578621
vt 0.541760 0.594518
vt 0.549783 0.553549
vt 0.830520 0.539611
vt 0.819983 0.999733
vt 0.289568 0.999663
vt 0.290544 0.997138
vt 0.303608 0.553619
vt 0.528631 0.690806
vt 0.333167 0.553619
vt 0.528631 0.500429
vt 0.788843 0.519719
vt 0.800431 0.990602
vt 0.266653 0.951367
vt 0.179569 0.989137
vt 0.264931 0.711085
vt 0.361868 0.579628
vt 0.542198 0.539919
vt 0.820206 0.500429
vt 0.788843 0.248478
vt 0.387382 0.740712
vt 0.132427 0.809895
vt 0.254581 0.000644
vt 0.456880 0.809895
vt 0.254581 0.834522
vt 0.312870 0.845521
vt 0.331927 0.725045
vt 0.375811 0.519719
vt 0.800431 0.816616
vt 0.279181 0.690806
vt 0.333167 0.816616
vt 0.279181 0.711554
vt 0.361229 0.835529
vt 0.313846 0.965864
vt 0.321358 0.965560
vt 0.341222 0.962812
vt 0.295820 0.962812
vt 0.295820 0.965795
vt 0.321257 0.531703
vt 0.523522 0.680601
vt 0.310135 0.527860
vt 0.008089 0.391123
vt 0.280931 0.680601
vt 0.310135 0.531703
vt 0.523522 0.095366
vt 0.712138 0.032104
vt 0.965787 0.578621
vt 0.541760 0.539611
vt 0.819983 0.553549
vt 0.830520 0.594518
vt 0.549783 0.999733
vt 0.289568 0.997138
vt 0.303608 0.999663
vt 0.290544 0.553619
vt 0.528631 0.690806
vt 0.333167 0.553619
vt 0.528631 0.519719
vt 0.800431 0.500429
vt 0.788843 0.990602
vt 0.266653 0.989137
vt 0.264931 0.951367
vt 0.179569 0.711085
vt 0.361868 0.579628
vt 0.542198 0.539919
vt 0.820206 0.038337
vt 0.975606 0.500429
vt 0.788843 0.248478
vt 0.387382 0.740712
vt 0.132427 0.809895
vt 0.254581 0.000644
vt 0.456880 0.809895
vt 0.254581 0.834522
vt 0.312870 0.725045
vt 0.375811 0.845521
vt 0.331927 0.519719
vt 0.800431 0.816616
vt 0.279181 0.690806
vt 0.333167 0.816616
vt 0.279181 0.711554
vt 0.361229 0.835529
vt 0.313846 0.965864
vt 0.321358 0.965560
vt 0.341222 0.962812
vt 0.295820 0.962812
vt 0.295820 0.965795
vt 0.321257 1.000000
vt 0.523814 0.980253
vt 0.523814 0.980253
vt 0.523814 0.695941
vt 0.523814 0.980253
vt 0.523814 0.695941
vt 0.523814 0.673434
vt 0.412744 0.993322
vt 0.412744 0.993322
vt 0.412744 0.673434
vt 0.412744 0.993322
vt 0.412744 0.673434
vt 0.412744 0.752982
vt 0.724094 0.917947
vt 0.724094 0.752982
vt 0.724094 0.917947
vt 0.724094 0.993007
vt 0.997636 0.853580
vt 0.997636 0.717244
vt 0.997636 0.853580
vt 0.997636 0.993007
vt 0.742783 0.853580
vt 0.742783 0.717244
vt 0.742783 0.853580
vt 0.742783 0.993007
vt 0.868595 0.853580
vt 0.868595 0.717244
vt 0.868595 0.853580
vt 0.868595 0.983571
vt 0.007429 0.983571
vt 0.401940 0.743349
vt 0.156650 0.983571
vt 0.007429 0.983571
vt 0.401940 0.558041
vt 0.279279 0.743349
vt 0.231808 0.801841
vt 0.251526 0.801841
vt 0.251526 0.558041
vt 0.223364 0.828988
vt 0.302688 0.828988
vt 0.302688 0.820408
vt 0.365931 0.820408
vt 0.365931 0.794246
vt 0.401940 0.794246
vt 0.401940 0.945060
vt 0.021097 0.844227
vt 0.088430 0.799074
vt 0.118330 0.799074
vt 0.118330 0.558041
vt 0.419901 0.558041
vt 0.479722 0.945060
vt 0.021097 0.769383
vt 0.175334 0.769383
vt 0.175334 0.920662
vt 0.075693 0.752982
vt 0.724094 0.993007
vt 0.742783 0.752982
vt 0.724094 0.993007
vt 0.868595 0.604051
vt 0.784081 0.993007
vt 0.997636 0.695941
vt 0.523814 0.980253
vt 0.523814 0.695941
vt 0.523814 0.980253
vt 0.523814 0.673434
vt 0.412744 0.993322
vt 0.412744 0.673434
vt 0.412744 0.993322
vt 0.412744 0.917947
vt 0.724094 0.752982
vt 0.724094 0.917947
vt 0.724094 0.853580
vt 0.997636 0.717244
vt 0.997636 0.853580
vt 0.997636 0.853580
vt 0.742783 0.717244
vt 0.742783 0.853580
vt 0.742783 0.853580
vt 0.868595 0.717244
vt 0.868595 0.853580
vt 0.868595 0.983571
vt 0.007429 0.983571
vt 0.401940 0.743349
vt 0.156650 0.983571
vt 0.007429 0.983571
vt 0.401940 0.558041
vt 0.279279 0.743349
vt 0.231808 0.801841
vt 0.251526 0.801841
vt 0.251526 0.558041
vt 0.223364 0.828988
vt 0.302688 0.828988
vt 0.302688 0.820408
vt 0.365931 0.820408
vt 0.365931 0.794246
vt 0.401940 0.794246
vt 0.401940 0.945060
vt 0.021097 0.844227
vt 0.088430 0.799074
vt 0.118330 0.799074
vt 0.118330 0.558041
vt 0.419901 0.558041
vt 0.479722 0.945060
vt 0.021097 0.769383
vt 0.175334 0.769383
vt 0.175334 0.920662
vt 0.075693 0.853580
vt 0.742783 0.993007
vt 0.742783 0.752982
vt 0.724094 0.853580
vt 0.868595 0.993007
vt 0.868595 0.993007
vt 0.997636 0.989420
vt 0.386058 0.989420
vt 0.423278 0.989420
vt 0.386058 0.989420
vt 0.351927 0.989420
vt 0.317181 0.989420
vt 0.351927 0.243644
vt 0.368604 0.219260
vt 0.320118 0.170488
vt 0.320118 0.146108
vt 0.368604 0.170488
vt 0.417090 0.219260
vt 0.417090 0.620563
vt 0.423278 0.620563
vt 0.386058 0.620563
vt 0.386058 0.620563
vt 0.351927 0.620563
vt 0.317181 0.620563
vt 0.351927 0.989420
vt 0.386058 0.989420
vt 0.423278 0.989420
vt 0.386058 0.989420
vt 0.351927 0.989420
vt 0.317181 0.989420
vt 0.351927 0.243644
vt 0.368604 0.219260
vt 0.320118 0.170488
vt 0.320118 0.146108
vt 0.368604 0.170488
vt 0.417090 0.219260
vt 0.417090 0.620563
vt 0.423278 0.620563
vt 0.386058 0.620563
vt 0.386058 0.620563
vt 0.351927 0.620563
vt 0.317181 0.620563
vt 0.351927 0.989420
vt 0.386058 0.989420
vt 0.423278 0.989420
vt 0.386058 0.989420
vt 0.351927 0.989420
vt 0.317181 0.989420
vt 0.351927 0.243644
vt 0.368604 0.219260
vt 0.320118 0.170488
vt 0.320118 0.146108
vt 0.368604 0.170488
vt 0.417090 0.219260
vt 0.417090 0.620563
vt 0.423278 0.620563
vt 0.386058 0.620563
vt 0.386058 0.620563
vt 0.351927 0.620563
vt 0.317181 0.620563
vt 0.351927 0.989420
vt 0.423278 0.620563
vt 0.423278 0.620563
vt 0.386058 0.989420
vt 0.386058 0.989420
vt 0.386058 0.620563
vt 0.386058 0.989420
vt 0.351927 0.620563
vt 0.351927 0.989420
vt 0.317181 0.620563
vt 0.317181 0.989420
vt 0.351927 0.620563
vt 0.351927 0.170488
vt 0.320118 0.146108
vt 0.368604 0.170488
vt 0.417090 0.219260
vt 0.417090 0.243644
vt 0.368604 0.219260
vt 0.320118 0.989420
vt 0.423278 0.620563
vt 0.423278 0.620563
vt 0.386058 0.989420
vt 0.386058 0.989420
vt 0.386058 0.620563
vt 0.386058 0.989420
vt 0.351927 0.620563
vt 0.351927 0.989420
vt 0.317181 0.620563
vt 0.317181 0.989420
vt 0.351927 0.620563
vt 0.351927 0.170488
vt 0.320118 0.146108
vt 0.368604 0.170488
vt 0.417090 0.219260
vt 0.417090 0.243644
vt 0.368604 0.219260
vt 0.320118 0.738032
vt 0.993008 0.575956
vt 0.925506 0.630378
vt 0.495337 0.414458
vt 0.925506 0.356011
vt 0.495337 0.989420
vt 0.423278 0.989420
vt 0.386058 0.620563
vt 0.386058 0.620563
vt 0.423278 0.989420
vt 0.386058 0.620563
vt 0.386058 0.989420
vt 0.351927 0.620563
vt 0.351927 0.989420
vt 0.317181 0.620563
vt 0.317181 0.989420
vt 0.351927 0.620563
vt 0.351927 0.170488
vt 0.320118 0.219260
vt 0.320118 0.243644
vt 0.368604 0.219260
vt 0.417090 0.170488
vt 0.417090 0.146108
vt 0.368604 -1.590486
vt 0.009939 -1.590486
vt 0.152164 -1.590486
vt 0.285701 -1.590486
vt 0.152164 3.068483
vt 0.009939 3.068483
vt 0.152164 3.068483
vt 0.285701 3.068483
vt 0.152164 -1.590486
vt 0.152164 3.068483
vt 0.009939 -1.590486
vt 0.009939 -1.590486
vt 0.152164 -1.590486
vt 0.285701 -1.590486
vt 0.152164 3.068483
vt 0.152164 3.068483
vt 0.285701 3.068483
vt 0.152164 3.068483
vt 0.152164 3.068483
vt 0.009939 -1.590486
vt 0.009939 0.630378
vt 0.495337 0.575956
vt 0.925506 0.356011
vt 0.495337 0.414458
vt 0.925506 -0.000883
vt 0.450622 0.249165
vt 0.993008 0.630378
vt 0.495337 0.575956
vt 0.925506 0.356011
vt 0.495337 0.414458
vt 0.925506 0.249165
vt 0.993008 0.998341
vt 0.450622 0.738032
vt 0.993008 0.630378
vt 0.495337 0.356011
vt 0.495337 0.575956
vt 0.925506 0.414458
vt 0.925506 -0.000883
vt 0.450622 0.630378
vt 0.495337 0.356011
vt 0.495337 0.575956
vt 0.925506 0.414458
vt 0.925506 -0.000883
vt 0.450622 0.249165
vt 0.993008 0.630378
vt 0.495337 0.575956
vt 0.925506 0.356011
vt 0.495337 0.414458
vt 0.925506 0.998341
vt 0.450622 0.998341
vt 0.450622 0.738032
vt 0.993008 0.211334
vt 0.195949 0.211334
vt 0.020714 0.211334
vt 0.195949 0.211334
vt 0.360480 0.211334
vt 0.195949 0.211334
vt 0.020714 0.211334
vt 0.195949 0.211334
vt 0.020714 0.211334
vt 0.195949 0.211334
vt 0.360480 0.017033
vt 0.195949 0.017033
vt 0.020714 0.017033
vt 0.195949 0.017033
vt 0.360480 0.017033
vt 0.195949 0.017033
vt 0.020714 0.017033
vt 0.195949 0.017033
vt 0.020714 0.017033
vt 0.195949 0.017033
vt 0.360480 0.695941
vt 0.523814 0.673434
vt 0.412744 0.980253
vt 0.523814 0.993322
vt 0.412744 0.695941
vt 0.523814 0.673434
vt 0.412744 0.980253
vt 0.523814 0.993322
vt 0.412744 0.917947
vt 0.724094 0.752982
vt 0.724094 0.917947
vt 0.724094 0.917947
vt 0.724094 0.717244
vt 0.742783 0.717244
vt 0.868595 0.717244
vt 0.997636 0.702263
vt 0.855437 0.664748
vt 0.970896 0.702264
vt 0.919263 0.604050
vt 0.990620 0.664750
vt 0.803804 0.658439
vt 0.479722 0.658439
vt 0.419901 0.658439
vt 0.223364 0.658439
vt 0.279279 0.920662
vt 0.075693 0.844227
vt 0.088430 0.743349
vt 0.157105 0.743349
vt 0.232263 0.558041
vt 0.128486 0.658439
vt 0.180525 0.558041
vt 0.180525 0.658439
vt 0.128486 0.558041
vt 0.059060 0.658439
vt 0.059060 0.558041
vt 0.008668 0.658439
vt 0.008668 0.553168
vt 0.551979 0.666721
vt 0.587879 0.549758
vt 0.587879 0.663311
vt 0.551979 0.658439
vt 0.371989 0.558041
vt 0.314909 0.658439
vt 0.314909 0.558041
vt 0.371989 0.993007
vt 0.742783 0.993007
vt 0.868595 0.853580
vt 0.997636 0.993007
vt 0.997636 0.980253
vt 0.523814 0.993322
vt 0.412744 0.695941
vt 0.523814 0.673434
vt 0.412744 0.980253
vt 0.523814 0.993322
vt 0.412744 0.695941
vt 0.523814 0.673434
vt 0.412744 0.673434
vt 0.412744 0.980253
vt 0.523814 0.993322
vt 0.412744 0.695941
vt 0.523814 0.752982
vt 0.724094 0.917947
vt 0.724094 0.752982
vt 0.724094 0.917947
vt 0.724094 0.917947
vt 0.724094 0.752982
vt 0.724094 0.993007
vt 0.742783 0.993007
vt 0.868595 0.717244
vt 0.742783 0.717244
vt 0.868595 0.993007
vt 0.997636 0.717244
vt 0.997636 0.702263
vt 0.855437 0.604051
vt 0.784081 0.664750
vt 0.803804 0.664748
vt 0.970896 0.604050
vt 0.990620 0.702264
vt 0.919263 0.658439
vt 0.479722 0.658439
vt 0.419901 0.658439
vt 0.223364 0.658439
vt 0.279279 0.743349
vt 0.157105 0.743349
vt 0.232263 0.844227
vt 0.088430 0.920662
vt 0.075693 0.558041
vt 0.128486 0.658439
vt 0.180525 0.658439
vt 0.128486 0.558041
vt 0.180525 0.558041
vt 0.059060 0.658439
vt 0.059060 0.558041
vt 0.008668 0.658439
vt 0.008668 0.553168
vt 0.551979 0.666721
vt 0.587879 0.663311
vt 0.551979 0.549758
vt 0.587879 0.658439
vt 0.371989 0.558041
vt 0.314909 0.558041
vt 0.371989 0.658439
vt 0.314909 0.993007
vt 0.742783 0.853580
vt 0.868595 0.853580
vt 0.742783 0.993007
vt 0.868595 0.853580
vt 0.997636 0.993007
vt 0.997636 3.068483
vt 0.285701 -1.590486
vt 0.285701 0.620563
vt 0.423278 0.989420
vt 0.423278 0.620563
vt 0.317181 0.989420
vt 0.317181 0.250826
vt 0.423278 0.250826
vt 0.386058 0.250826
vt 0.386058 0.250826
vt 0.423278 0.250826
vt 0.351927 0.250826
vt 0.317181 0.250826
vt 0.351927 0.250826
vt 0.317181 0.620563
vt 0.423278 0.989420
vt 0.423278 0.620563
vt 0.317181 0.989420
vt 0.317181 0.250826
vt 0.423278 0.250826
vt 0.386058 0.250826
vt 0.386058 0.250826
vt 0.423278 0.250826
vt 0.351927 0.250826
vt 0.317181 0.250826
vt 0.351927 0.250826
vt 0.317181 3.068483
vt 0.009939 -1.590486
vt 0.009939 3.068483
vt 0.009939 -1.590486
vt 0.009939 3.068483
vt 0.285701 -1.590486
vt 0.285701 0.620563
vt 0.423278 0.989420
vt 0.423278 0.620563
vt 0.317181 0.989420
vt 0.317181 0.250826
vt 0.423278 0.250826
vt 0.386058 0.250826
vt 0.386058 0.250826
vt 0.423278 0.250826
vt 0.351927 0.250826
vt 0.317181 0.250826
vt 0.351927 0.250826
vt 0.317181 3.068483
vt 0.009939 -1.590486
vt 0.152164 -1.590486
vt 0.009939 3.068483
vt 0.152164 0.620563
vt 0.423278 0.989420
vt 0.423278 0.620563
vt 0.317181 0.989420
vt 0.317181 0.250826
vt 0.423278 0.250826
vt 0.386058 0.250826
vt 0.386058 0.250826
vt 0.423278 0.250826
vt 0.351927 0.250826
vt 0.317181 0.250826
vt 0.351927 0.250826
vt 0.317181 0.620563
vt 0.423278 0.989420
vt 0.423278 0.620563
vt 0.317181 0.989420
vt 0.317181 0.250826
vt 0.423278 0.250826
vt 0.386058 0.250826
vt 0.386058 0.250826
vt 0.423278 0.250826
vt 0.351927 0.250826
vt 0.317181 0.250826
vt 0.351927 0.250826
vt 0.317181 0.620563
vt 0.423278 0.989420
vt 0.423278 0.620563
vt 0.317181 0.989420
vt 0.317181 0.250826
vt 0.423278 0.250826
vt 0.386058 0.250826
vt 0.386058 0.250826
vt 0.423278 0.250826
vt 0.351927 0.250826
vt 0.317181 0.250826
vt 0.351927 0.250826
vt 0.317181 0.249165
vt 0.993008 -0.000883
vt 0.450622 0.997962
vt 0.450622 0.738032
vt 0.993008 0.998341
vt 0.450622 0.738032
vt 0.993008 0.249165
vt 0.993008 -0.000883
vt 0.450622 0.998341
vt 0.450622 0.738032
vt 0.993008 0.249165
vt 0.993008 -0.000883
vt 0.450622 0.266291
vt 0.195949 0.266291
vt 0.020714 0.266291
vt 0.020714 0.266291
vt 0.195949 0.266291
vt 0.360480 0.266291
vt 0.360480 0.266291
vt 0.195949 0.266291
vt 0.020714 0.266291
vt 0.020714 0.266291
vt 0.195949 0.266291
vt 0.195949 0.266291
vt 0.020714 0.266291
vt 0.020714 0.266291
vt 0.195949 0.266291
vt 0.360480 0.266291
vt 0.360480 1.000000

f 216/216 143/143 217/217
f 143/143 216/216 98/98
f 116/116 144/144 99/99
f 218/218 115/115 122/122
f 115/115 218/218 219/219
f 101/101 94/94 100/100
f 94/94 101/101 95/95
f 113/113 101/101 114/114
f 101/101 113/113 95/95
f 103/103 96/96 102/102
f 96/96 103/103 204/204
f 200/200 97/97 204/204
f 200/200 128/128 97/97
f 200/200 129/129 128/128
f 200/200 98/98 129/129
f 202/202 104/104 151/151
f 104/104 202/202 200/200
f 144/144 105/105 99/99
f 105/105 144/144 152/152
f 121/121 99/99 105/105
f 99/99 121/121 120/120
f 100/100 107/107 101/101
f 107/107 100/100 106/106
f 101/101 107/107 114/114
f 102/102 109/109 103/103
f 109/109 102/102 108/108
f 103/103 110/110 104/104
f 110/110 103/103 109/109
f 104/104 159/159 151/151
f 159/159 104/104 110/110
f 160/160 105/105 152/152
f 160/160 106/106 121/121
f 160/160 107/107 106/106
f 160/160 108/108 107/107
f 160/160 109/109 108/108
f 160/160 110/110 109/109
f 160/160 159/159 110/110
f 96/96 112/112 102/102
f 112/112 96/96 111/111
f 102/102 107/107 108/108
f 107/107 102/102 112/112
f 111/111 114/114 112/112
f 114/114 111/111 113/113
f 107/107 112/112 114/114
f 117/117 116/116 115/115
f 116/116 117/117 166/166
f 220/220 115/115 219/219
f 115/115 220/220 117/117
f 118/118 166/166 117/117
f 166/166 118/118 168/168
f 221/221 117/117 220/220
f 117/117 221/221 118/118
f 119/119 168/168 118/118
f 168/168 119/119 170/170
f 222/222 118/118 221/221
f 118/118 222/222 119/119
f 99/99 115/115 116/116
f 115/115 99/99 122/122
f 122/122 94/94 218/218
f 120/120 106/106 100/100
f 106/106 120/120 121/121
f 122/122 100/100 94/94
f 100/100 122/122 120/120
f 121/121 105/105 160/160
f 99/99 120/120 122/122
f 223/223 224/224 225/225
f 224/224 223/223 189/189
f 226/226 98/98 216/216
f 98/98 226/226 124/124
f 189/189 227/227 224/224
f 227/227 189/189 190/190
f 228/228 124/124 226/226
f 124/124 228/228 127/127
f 227/227 190/190 229/229
f 126/126 132/132 229/229
f 127/127 228/228 229/229
f 124/124 129/129 98/98
f 129/129 124/124 131/131
f 128/128 123/123 97/97
f 123/123 128/128 130/130
f 127/127 131/131 124/124
f 131/131 127/127 133/133
f 130/130 126/126 123/123
f 126/126 130/130 132/132
f 132/132 133/133 229/229
f 133/133 127/127 229/229
f 128/128 129/129 134/134
f 136/136 129/129 131/131
f 129/129 136/136 134/134
f 135/135 131/131 133/133
f 131/131 135/135 136/136
f 133/133 132/132 135/135
f 136/136 132/132 130/130
f 132/132 136/136 135/135
f 134/134 130/130 128/128
f 130/130 134/134 136/136
f 230/230 231/231 142/142
f 231/231 230/230 232/232
f 233/233 145/145 234/234
f 235/235 165/165 236/236
f 165/165 235/235 174/174
f 147/147 138/138 139/139
f 138/138 147/147 146/146
f 163/163 147/147 139/139
f 147/147 163/163 164/164
f 149/149 140/140 203/203
f 140/140 149/149 148/148
f 149/149 201/201 150/150
f 201/201 149/149 203/203
f 150/150 237/237 238/238
f 237/237 150/150 201/201
f 234/234 153/153 239/239
f 153/153 234/234 145/145
f 173/173 145/145 172/172
f 145/145 173/173 153/153
f 146/146 155/155 154/154
f 155/155 146/146 147/147
f 147/147 164/164 155/155
f 148/148 157/157 156/156
f 157/157 148/148 149/149
f 149/149 158/158 157/157
f 158/158 149/149 150/150
f 150/150 240/240 158/158
f 240/240 150/150 238/238
f 241/241 239/239 153/153
f 241/241 173/173 154/154
f 241/241 154/154 155/155
f 241/241 155/155 156/156
f 241/241 156/156 157/157
f 241/241 157/157 158/158
f 241/241 158/158 240/240
f 140/140 162/162 161/161
f 162/162 140/140 148/148
f 148/148 155/155 162/162
f 155/155 148/148 156/156
f 161/161 164/164 163/163
f 164/164 161/161 162/162
f 155/155 164/164 162/162
f 167/167 233/233 242/242
f 233/233 167/167 165/165
f 243/243 165/165 167/167
f 165/165 243/243 236/236
f 169/169 242/242 244/244
f 242/242 169/169 167/167
f 245/245 167/167 169/169
f 167/167 245/245 243/243
f 171/171 244/244 246/246
f 244/244 171/171 169/169
f 247/247 169/169 171/171
f 169/169 247/247 245/245
f 145/145 233/233 165/165
f 165/165 174/174 145/145
f 174/174 235/235 138/138
f 172/172 154/154 173/173
f 154/154 172/172 146/146
f 174/174 146/146 172/172
f 146/146 174/174 138/138
f 173/173 241/241 153/153
f 145/145 174/174 172/172
f 248/248 249/249 250/250
f 249/249 248/248 192/192
f 251/251 142/142 177/177
f 142/142 251/251 230/230
f 252/252 192/192 248/248
f 192/192 252/252 191/191
f 253/253 177/177 179/179
f 177/177 253/253 251/251
f 252/252 254/254 191/191
f 178/178 254/254 184/184
f 179/179 254/254 253/253
f 177/177 181/181 183/183
f 181/181 177/177 142/142
f 180/180 176/176 182/182
f 176/176 180/180 141/141
f 179/179 183/183 185/185
f 183/183 179/179 177/177
f 182/182 178/178 184/184
f 178/178 182/182 176/176
f 184/184 254/254 185/185
f 185/185 254/254 179/179
f 180/180 186/186 181/181
f 188/188 181/181 186/186
f 181/181 188/188 183/183
f 187/187 183/183 188/188
f 183/183 187/187 185/185
f 185/185 187/187 184/184
f 188/188 184/184 187/187
f 184/184 188/188 182/182
f 186/186 182/182 188/188
f 182/182 186/186 180/180
f 218/218 94/94 255/255
f 94/94 256/256 255/255
f 256/256 94/94 95/95
f 256/256 113/113 257/257
f 113/113 256/256 95/95
f 257/257 111/111 258/258
f 111/111 257/257 113/113
f 258/258 96/96 259/259
f 96/96 258/258 111/111
f 259/259 97/97 223/223
f 97/97 259/259 96/96
f 97/97 189/189 223/223
f 189/189 97/97 123/123
f 123/123 190/190 189/189
f 190/190 123/123 126/126
f 190/190 126/126 229/229
f 254/254 178/178 191/191
f 178/178 192/192 191/191
f 192/192 178/178 176/176
f 192/192 141/141 249/249
f 141/141 192/192 176/176
f 141/141 260/260 249/249
f 260/260 141/141 140/140
f 140/140 261/261 260/260
f 261/261 140/140 161/161
f 161/161 262/262 261/261
f 262/262 161/161 163/163
f 163/163 263/263 262/262
f 263/263 163/163 139/139
f 263/263 138/138 264/264
f 138/138 263/263 139/139
f 264/264 138/138 235/235
f 143/143 200/200 202/202
f 200/200 143/143 98/98
f 201/201 231/231 237/237
f 231/231 201/201 142/142
f 203/203 142/142 201/201
f 203/203 181/181 142/142
f 203/203 180/180 181/181
f 203/203 141/141 180/180
f 103/103 200/200 204/204
f 200/200 103/103 104/104
f 140/140 141/141 203/203
f 204/204 97/97 96/96
f 84/84 194/194 1/1
f 2/2 31/31 67/67
f 67/67 4/4 7/7
f 7/7 6/6 10/10
f 10/10 9/9 12/12
f 12/12 93/93 84/84
f 84/84 28/28 31/31
f 31/31 2/2 16/16
f 16/16 15/15 6/6
f 9/9 18/18 13/13
f 14/14 44/44 55/55
f 46/46 15/15 55/55
f 16/16 19/19 55/55
f 19/19 18/18 55/55
f 18/18 21/21 55/55
f 21/21 20/20 55/55
f 20/20 22/22 55/55
f 22/22 54/54 12/12
f 13/13 21/21 24/24
f 24/24 23/23 18/18
f 9/9 23/23 25/25
f 25/25 3/3 69/69
f 69/69 68/68 26/26
f 26/26 25/25 70/70
f 70/70 69/69 27/27
f 27/27 26/26 193/193
f 193/193 70/70 2/2
f 67/67 5/5 17/17
f 17/17 6/6 4/4
f 4/4 5/5 16/16
f 55/55 15/15 2/2
f 4/4 17/17 14/14
f 14/14 11/11 80/80
f 11/11 93/93 205/205
f 206/206 29/29 207/207
f 208/208 30/30 72/72
f 72/72 71/71 36/36
f 36/36 35/35 38/38
f 38/38 35/35 42/42
f 42/42 41/41 29/29
f 29/29 43/43 208/208
f 208/208 210/210 48/48
f 48/48 47/47 37/37
f 37/37 50/50 36/36
f 49/49 39/39 41/41
f 41/41 52/52 40/40
f 40/40 51/51 43/43
f 43/43 53/53 212/212
f 45/45 210/210 212/212
f 50/50 48/48 212/212
f 49/49 50/50 212/212
f 52/52 49/49 212/212
f 51/51 52/52 212/212
f 53/53 51/51 212/212
f 211/211 53/53 42/42
f 42/42 57/57 41/41
f 41/41 56/56 57/57
f 57/57 38/38 49/49
f 56/56 39/39 59/59
f 59/59 213/213 73/73
f 73/73 59/59 61/61
f 61/61 214/214 74/74
f 74/74 61/61 63/63
f 63/63 215/215 75/75
f 75/75 63/63 30/30
f 34/34 72/72 47/47
f 47/47 48/48 33/33
f 33/33 47/47 48/48
f 45/45 212/212 30/30
f 47/47 33/33 43/43
f 43/43 29/29 83/83
f 137/137 40/40 67/67
f 5/5 64/64 76/76
f 195/195 196/196 137/137
f 137/137 197/197 42/42
f 42/42 77/77 57/57
f 57/57 198/198 38/38
f 38/38 78/78 199/199
f 72/72 34/34 81/81
f 81/81 88/88 80/80
f 93/93 86/86 81/81
f 87/87 88/88 81/81
f 81/81 80/80 85/85
f 84/84 80/80 82/82
f 82/82 83/83 90/90
f 92/92 82/82 83/83
f 89/89 137/137 82/82
f 92/92 91/91 82/82
f 82/82 91/91 175/175
f 281/281 282/282 283/283
f 282/282 281/281 284/284
f 265/265 277/277 278/278
f 279/279 278/278 277/277
f 305/305 306/306 307/307
f 306/306 305/305 308/308
f 289/289 301/301 302/302
f 303/303 302/302 301/301
f 329/329 330/330 331/331
f 330/330 329/329 332/332
f 313/313 325/325 326/326
f 327/327 326/326 325/325
f 353/353 354/354 355/355
f 354/354 353/353 356/356
f 337/337 349/349 350/350
f 351/351 350/350 349/349
f 526/526 524/524 525/525
f 524/524 526/526 523/523
f 530/530 528/528 529/529
f 528/528 530/530 527/527
f 520/520 515/515 516/516
f 515/515 520/520 519/519
f 527/527 865/865 528/528
f 865/865 527/527 866/866
f 529/529 867/867 530/530
f 867/867 529/529 868/868
f 525/525 517/517 518/518
f 517/517 525/525 524/524
f 523/523 869/869 870/870
f 869/869 523/523 526/526
f 529/529 522/522 521/521
f 522/522 529/529 528/528
f 527/527 519/519 520/520
f 519/519 527/527 530/530
f 528/528 871/871 522/522
f 871/871 528/528 865/865
f 866/866 520/520 516/516
f 520/520 866/866 527/527
f 530/530 515/515 519/519
f 515/515 530/530 867/867
f 868/868 521/521 872/872
f 521/521 868/868 529/529
f 532/532 873/873 874/874
f 873/873 532/532 531/531
f 521/521 875/875 872/872
f 871/871 876/876 522/522
f 540/540 538/538 539/539
f 538/538 540/540 537/537
f 544/544 542/542 543/543
f 542/542 544/544 541/541
f 541/541 877/877 542/542
f 877/877 541/541 878/878
f 547/547 545/545 548/548
f 545/545 547/547 546/546
f 543/543 879/879 544/544
f 879/879 543/543 880/880
f 539/539 881/881 534/534
f 539/539 882/882 881/881
f 539/539 533/533 882/882
f 538/538 533/533 539/539
f 537/537 531/531 532/532
f 531/531 537/537 540/540
f 543/543 548/548 535/535
f 543/543 547/547 548/548
f 543/543 536/536 547/547
f 542/542 536/536 543/543
f 541/541 521/521 522/522
f 521/521 541/541 544/544
f 542/542 883/883 536/536
f 883/883 542/542 877/877
f 878/878 522/522 884/884
f 522/522 878/878 541/541
f 544/544 875/875 521/521
f 875/875 544/544 879/879
f 880/880 535/535 885/885
f 535/535 880/880 543/543
f 535/535 545/545 885/885
f 545/545 535/535 548/548
f 546/546 536/536 883/883
f 536/536 546/546 547/547
f 560/560 558/558 557/557
f 558/558 560/560 559/559
f 564/564 562/562 561/561
f 562/562 564/564 563/563
f 554/554 549/549 553/553
f 549/549 554/554 550/550
f 561/561 886/886 887/887
f 886/886 561/561 562/562
f 563/563 888/888 889/889
f 888/888 563/563 564/564
f 559/559 551/551 558/558
f 551/551 559/559 552/552
f 557/557 890/890 560/560
f 890/890 557/557 891/891
f 563/563 556/556 562/562
f 556/556 563/563 555/555
f 561/561 553/553 564/564
f 553/553 561/561 554/554
f 562/562 892/892 886/886
f 892/892 562/562 556/556
f 887/887 554/554 561/561
f 554/554 887/887 550/550
f 564/564 549/549 888/888
f 549/549 564/564 553/553
f 889/889 555/555 563/563
f 555/555 889/889 893/893
f 566/566 894/894 565/565
f 894/894 566/566 895/895
f 896/896 555/555 893/893
f 897/897 892/892 556/556
f 574/574 572/572 571/571
f 572/572 574/574 573/573
f 578/578 576/576 575/575
f 576/576 578/578 577/577
f 575/575 898/898 899/899
f 898/898 575/575 576/576
f 581/581 579/579 580/580
f 579/579 581/581 582/582
f 577/577 900/900 901/901
f 900/900 577/577 578/578
f 902/902 573/573 568/568
f 903/903 573/573 902/902
f 567/567 573/573 903/903
f 572/572 573/573 567/567
f 571/571 565/565 574/574
f 565/565 571/571 566/566
f 582/582 577/577 569/569
f 581/581 577/577 582/582
f 570/570 577/577 581/581
f 576/576 577/577 570/570
f 575/575 555/555 578/578
f 555/555 575/575 556/556
f 576/576 904/904 898/898
f 904/904 576/576 570/570
f 899/899 556/556 575/575
f 556/556 899/899 905/905
f 578/578 896/896 900/900
f 896/896 578/578 555/555
f 901/901 569/569 577/577
f 569/569 901/901 906/906
f 569/569 579/579 582/582
f 579/579 569/569 906/906
f 580/580 570/570 581/581
f 570/570 580/580 904/904
f 585/585 583/583 586/586
f 583/583 585/585 584/584
f 589/589 587/587 590/590
f 587/587 589/589 588/588
f 593/593 591/591 594/594
f 591/591 593/593 592/592
f 590/590 907/907 908/908
f 907/907 590/590 587/587
f 588/588 909/909 910/910
f 909/909 588/588 589/589
f 584/584 595/595 583/583
f 595/595 584/584 596/596
f 586/586 911/911 585/585
f 911/911 586/586 912/912
f 588/588 597/597 587/587
f 597/597 588/588 598/598
f 590/590 594/594 589/589
f 594/594 590/590 593/593
f 587/587 913/913 907/907
f 913/913 587/587 597/597
f 908/908 593/593 590/590
f 593/593 908/908 592/592
f 589/589 591/591 909/909
f 591/591 589/589 594/594
f 910/910 598/598 588/588
f 598/598 910/910 914/914
f 599/599 915/915 600/600
f 915/915 599/599 916/916
f 917/917 598/598 914/914
f 918/918 913/913 597/597
f 603/603 601/601 604/604
f 601/601 603/603 602/602
f 607/607 605/605 608/608
f 605/605 607/607 606/606
f 608/608 919/919 920/920
f 919/919 608/608 605/605
f 611/611 609/609 612/612
f 609/609 611/611 610/610
f 606/606 921/921 922/922
f 921/921 606/606 607/607
f 923/923 602/602 613/613
f 924/924 602/602 923/923
f 614/614 602/602 924/924
f 601/601 602/602 614/614
f 604/604 600/600 603/603
f 600/600 604/604 599/599
f 610/610 606/606 615/615
f 611/611 606/606 610/610
f 616/616 606/606 611/611
f 605/605 606/606 616/616
f 608/608 598/598 607/607
f 598/598 608/608 597/597
f 605/605 925/925 919/919
f 925/925 605/605 616/616
f 920/920 597/597 608/608
f 597/597 920/920 926/926
f 607/607 917/917 921/921
f 917/917 607/607 598/598
f 922/922 615/615 606/606
f 615/615 922/922 927/927
f 615/615 609/609 610/610
f 609/609 615/615 927/927
f 612/612 616/616 611/611
f 616/616 612/612 925/925
f 619/619 617/617 620/620
f 617/617 619/619 618/618
f 623/623 621/621 624/624
f 621/621 623/623 622/622
f 627/627 625/625 628/628
f 625/625 627/627 626/626
f 622/622 928/928 621/621
f 928/928 622/622 929/929
f 624/624 930/930 623/623
f 930/930 624/624 931/931
f 620/620 629/629 630/630
f 629/629 620/620 617/617
f 618/618 932/932 933/933
f 932/932 618/618 619/619
f 624/624 631/631 632/632
f 631/631 624/624 621/621
f 622/622 626/626 627/627
f 626/626 622/622 623/623
f 621/621 934/934 631/631
f 934/934 621/621 928/928
f 929/929 627/627 628/628
f 627/627 929/929 622/622
f 623/623 625/625 626/626
f 625/625 623/623 930/930
f 931/931 632/632 935/935
f 632/632 931/931 624/624
f 634/634 936/936 937/937
f 936/936 634/634 633/633
f 632/632 938/938 935/935
f 934/934 939/939 631/631
f 637/637 635/635 638/638
f 635/635 637/637 636/636
f 641/641 639/639 642/642
f 639/639 641/641 640/640
f 640/640 940/940 639/639
f 940/940 640/640 941/941
f 645/645 643/643 646/646
f 643/643 645/645 644/644
f 642/642 942/942 641/641
f 942/942 642/642 943/943
f 638/638 944/944 648/648
f 638/638 945/945 944/944
f 638/638 647/647 945/945
f 635/635 647/647 638/638
f 636/636 633/633 634/634
f 633/633 636/636 637/637
f 642/642 646/646 650/650
f 642/642 645/645 646/646
f 642/642 649/649 645/645
f 639/639 649/649 642/642
f 640/640 632/632 631/631
f 632/632 640/640 641/641
f 639/639 946/946 649/649
f 946/946 639/639 940/940
f 941/941 631/631 947/947
f 631/631 941/941 640/640
f 641/641 938/938 632/632
f 938/938 641/641 942/942
f 943/943 650/650 948/948
f 650/650 943/943 642/642
f 650/650 643/643 948/948
f 643/643 650/650 646/646
f 644/644 649/649 946/946
f 649/649 644/644 645/645
f 363/363 364/364 366/366
f 366/366 652/652 368/368
f 368/368 654/654 370/370
f 370/370 656/656 372/372
f 372/372 658/658 398/398
f 398/398 371/371 659/659
f 659/659 369/369 660/660
f 660/660 367/367 401/401
f 401/401 661/661 402/402
f 402/402 662/662 663/663
f 663/663 664/664 380/380
f 380/380 379/379 381/381
f 381/381 666/666 382/382
f 382/382 668/668 383/383
f 383/383 670/670 384/384
f 384/384 672/672 673/673
f 673/673 674/674 393/393
f 393/393 394/394 675/675
f 675/675 676/676 677/677
f 677/677 679/679 680/680
f 680/680 683/683 684/684
f 684/684 686/686 687/687
f 687/687 398/398 689/689
f 689/689 659/659 660/660
f 660/660 400/400 661/661
f 661/661 401/401 662/662
f 662/662 402/402 455/455
f 455/455 454/454 457/457
f 457/457 455/455 456/456
f 456/456 698/698 699/699
f 699/699 456/456 405/405
f 407/407 700/700 408/408
f 408/408 407/407 409/409
f 409/409 701/701 403/403
f 409/409 404/404 407/407
f 410/410 700/700 411/411
f 411/411 410/410 412/412
f 412/412 702/702 403/403
f 412/412 409/409 421/421
f 419/419 420/420 421/421
f 420/420 417/417 703/703
f 703/703 418/418 410/410
f 410/410 418/418 414/414
f 414/414 418/418 704/704
f 704/704 418/418 705/705
f 705/705 419/419 420/420
f 420/420 419/419 421/421
f 417/417 420/420 384/384
f 384/384 708/708 709/709
f 709/709 712/712 713/713
f 713/713 716/716 717/717
f 717/717 720/720 721/721
f 721/721 724/724 725/725
f 725/725 728/728 729/729
f 729/729 732/732 733/733
f 733/733 736/736 423/423
f 423/423 422/422 425/425
f 425/425 424/424 427/427
f 427/427 426/426 429/429
f 429/429 428/428 745/745
f 745/745 748/748 749/749
f 749/749 446/446 750/750
f 750/750 447/447 751/751
f 751/751 448/448 449/449
f 449/449 739/739 753/753
f 753/753 737/737 755/755
f 755/755 439/439 434/434
f 434/434 430/430 435/435
f 435/435 431/431 436/436
f 436/436 432/432 437/437
f 437/437 433/433 765/765
f 765/765 768/768 769/769
f 769/769 771/771 772/772
f 772/772 445/445 774/774
f 774/774 443/443 776/776
f 776/776 440/440 779/779
f 779/779 782/782 783/783
f 783/783 786/786 787/787
f 787/787 788/788 789/789
f 789/789 790/790 751/751
f 751/751 792/792 752/752
f 752/752 794/794 754/754
f 754/754 796/796 797/797
f 797/797 451/451 799/799
f 799/799 453/453 800/800
f 800/800 452/452 803/803
f 803/803 804/804 458/458
f 452/452 804/804 459/459
f 459/459 801/801 460/460
f 450/450 451/451 461/461
f 458/458 804/804 462/462
f 462/462 459/459 463/463
f 450/450 460/460 470/470
f 472/472 468/468 807/807
f 807/807 464/464 461/461
f 461/461 804/804 465/465
f 465/465 466/466 808/808
f 808/808 462/462 809/809
f 809/809 467/467 471/471
f 471/471 463/463 472/472
f 472/472 467/467 468/468
f 468/468 450/450 765/765
f 765/765 767/767 813/813
f 813/813 816/816 817/817
f 817/817 820/820 821/821
f 821/821 824/824 825/825
f 825/825 828/828 829/829
f 829/829 832/832 833/833
f 833/833 836/836 837/837
f 837/837 840/840 475/475
f 475/475 474/474 478/478
f 478/478 477/477 480/480
f 480/480 479/479 843/843
f 843/843 844/844 481/481
f 479/479 844/844 482/482
f 482/482 841/841 483/483
f 473/473 474/474 484/484
f 481/481 844/844 485/485
f 485/485 482/482 486/486
f 473/473 483/483 489/489
f 488/488 490/490 847/847
f 847/847 492/492 484/484
f 484/484 844/844 491/491
f 491/491 494/494 848/848
f 848/848 485/485 849/849
f 849/849 495/495 487/487
f 487/487 486/486 488/488
f 488/488 495/495 490/490
f 490/490 473/473 851/851
f 851/851 852/852 853/853
f 853/853 851/851 854/854
f 854/854 856/856 857/857
f 857/857 854/854 499/499
f 500/500 858/858 501/501
f 501/501 500/500 502/502
f 502/502 859/859 496/496
f 502/502 497/497 500/500
f 503/503 858/858 504/504
f 504/504 503/503 505/505
f 505/505 860/860 496/496
f 505/505 502/502 508/508
f 507/507 506/506 508/508
f 506/506 509/509 861/861
f 861/861 511/511 503/503
f 503/503 511/511 510/510
f 510/510 511/511 862/862
f 862/862 511/511 863/863
f 863/863 507/507 506/506
f 506/506 507/507 508/508
f 951/951 949/949 952/952
f 949/949 951/951 950/950
f 954/954 950/950 951/951
f 950/950 954/954 953/953
f 958/958 960/960 959/959
f 960/960 958/958 957/957
f 961/961 963/963 962/962
f 952/952 964/964 965/965
f 964/964 952/952 949/949
f 967/967 966/966 968/968
f 966/966 967/967 953/953
f 969/969 971/971 970/970
f 962/962 969/969 961/961
f 969/969 962/962 971/971
f 965/965 957/957 972/972
f 957/957 965/965 964/964
f 968/968 973/973 974/974
f 973/973 968/968 966/966
f 955/955 956/956 975/975
f 950/950 975/975 949/949
f 975/975 950/950 976/976
f 952/952 977/977 951/951
f 977/977 952/952 978/978
f 955/955 967/967 956/956
f 976/976 967/967 979/979
f 977/977 954/954 951/951
f 954/954 977/977 980/980
f 982/982 972/972 983/983
f 972/972 982/982 981/981
f 983/983 957/957 958/958
f 957/957 983/983 972/972
f 956/956 974/974 959/959
f 984/984 975/975 956/956
f 949/949 984/984 964/964
f 984/984 949/949 975/975
f 965/965 978/978 952/952
f 978/978 965/965 985/985
f 980/980 986/986 954/954
f 986/986 980/980 987/987
f 953/953 986/986 966/966
f 986/986 953/953 954/954
f 956/956 967/967 968/968
f 956/956 960/960 984/984
f 964/964 960/960 957/957
f 960/960 964/964 984/984
f 972/972 985/985 965/965
f 985/985 972/972 981/981
f 987/987 988/988 986/986
f 988/988 987/987 989/989
f 966/966 988/988 973/973
f 988/988 966/966 986/986
f 956/956 968/968 974/974
f 978/978 970/970 977/977
f 970/970 978/978 969/969
f 970/970 980/980 977/977
f 980/980 970/970 971/971
f 991/991 981/981 982/982
f 981/981 991/991 990/990
f 985/985 969/969 978/978
f 969/969 985/985 992/992
f 993/993 971/971 962/962
f 981/981 992/992 985/985
f 992/992 981/981 990/990
f 993/993 989/989 987/987
f 989/989 993/993 994/994
f 976/976 953/953 967/967
f 953/953 976/976 950/950
f 976/976 979/979 975/975
f 967/967 955/955 979/979
f 955/955 975/975 979/979
f 963/963 990/990 991/991
f 963/963 992/992 990/990
f 992/992 963/963 961/961
f 993/993 963/963 994/994
f 963/963 993/993 962/962
f 971/971 987/987 980/980
f 987/987 971/971 993/993
f 969/969 992/992 961/961
f 973/973 959/959 974/974
f 959/959 973/973 958/958
f 989/989 983/983 988/988
f 983/983 989/989 982/982
f 988/988 958/958 973/973
f 958/958 988/988 983/983
f 956/956 959/959 960/960
f 994/994 982/982 989/989
f 982/982 994/994 991/991
f 963/963 991/991 994/994
f 997/997 995/995 998/998
f 995/995 997/997 996/996
f 999/999 998/998 1000/1000
f 998/998 999/999 997/997
f 1006/1006 1004/1004 1003/1003
f 1004/1004 1006/1006 1005/1005
f 1007/1007 1009/1009 1008/1008
f 996/996 1010/1010 995/995
f 1010/1010 996/996 1011/1011
f 1014/1014 1012/1012 1000/1000
f 1012/1012 1014/1014 1013/1013
f 1015/1015 1017/1017 1016/1016
f 1009/1009 1015/1015 1016/1016
f 1015/1015 1009/1009 1007/1007
f 1011/1011 1003/1003 1010/1010
f 1003/1003 1011/1011 1018/1018
f 1013/1013 1019/1019 1012/1012
f 1019/1019 1013/1013 1020/1020
f 1001/1001 1022/1022 1002/1002
f 998/998 1022/1022 1023/1023
f 1022/1022 998/998 995/995
f 996/996 1024/1024 1025/1025
f 1024/1024 996/996 997/997
f 1001/1001 1002/1002 1014/1014
f 1023/1023 1026/1026 1014/1014
f 1024/1024 999/999 1027/1027
f 999/999 1024/1024 997/997
f 1030/1030 1018/1018 1028/1028
f 1018/1018 1030/1030 1029/1029
f 1029/1029 1003/1003 1018/1018
f 1003/1003 1029/1029 1006/1006
f 1021/1021 1005/1005 1020/1020
f 1002/1002 1022/1022 1031/1031
f 995/995 1031/1031 1022/1022
f 1031/1031 995/995 1010/1010
f 1011/1011 1025/1025 1032/1032
f 1025/1025 1011/1011 996/996
f 1027/1027 1033/1033 1034/1034
f 1033/1033 1027/1027 999/999
f 1000/1000 1033/1033 999/999
f 1033/1033 1000/1000 1012/1012
f 1013/1013 1002/1002 1021/1021
f 1002/1002 1013/1013 1014/1014
f 1002/1002 1031/1031 1004/1004
f 1010/1010 1004/1004 1031/1031
f 1004/1004 1010/1010 1003/1003
f 1018/1018 1032/1032 1028/1028
f 1032/1032 1018/1018 1011/1011
f 1034/1034 1035/1035 1036/1036
f 1035/1035 1034/1034 1033/1033
f 1012/1012 1035/1035 1033/1033
f 1035/1035 1012/1012 1019/1019
f 1021/1021 1020/1020 1013/1013
f 1025/1025 1017/1017 1015/1015
f 1017/1017 1025/1025 1024/1024
f 1017/1017 1027/1027 1016/1016
f 1027/1027 1017/1017 1024/1024
f 1038/1038 1028/1028 1037/1037
f 1028/1028 1038/1038 1030/1030
f 1032/1032 1015/1015 1039/1039
f 1015/1015 1032/1032 1025/1025
f 1040/1040 1009/1009 1016/1016
f 1028/1028 1039/1039 1037/1037
f 1039/1039 1028/1028 1032/1032
f 1040/1040 1036/1036 1041/1041
f 1036/1036 1040/1040 1034/1034
f 1023/1023 1000/1000 998/998
f 1000/1000 1023/1023 1014/1014
f 1023/1023 1022/1022 1026/1026
f 1014/1014 1026/1026 1001/1001
f 1001/1001 1026/1026 1022/1022
f 1008/1008 1038/1038 1037/1037
f 1008/1008 1039/1039 1007/1007
f 1039/1039 1008/1008 1037/1037
f 1040/1040 1008/1008 1009/1009
f 1008/1008 1040/1040 1041/1041
f 1016/1016 1034/1034 1040/1040
f 1034/1034 1016/1016 1027/1027
f 1015/1015 1007/1007 1039/1039
f 1019/1019 1005/1005 1006/1006
f 1005/1005 1019/1019 1020/1020
f 1036/1036 1029/1029 1030/1030
f 1029/1029 1036/1036 1035/1035
f 1035/1035 1006/1006 1029/1029
f 1006/1006 1035/1035 1019/1019
f 1002/1002 1005/1005 1021/1021
f 1005/1005 1002/1002 1004/1004
f 1041/1041 1030/1030 1038/1038
f 1030/1030 1041/1041 1036/1036
f 1008/1008 1041/1041 1038/1038
f 1330/1330 1328/1328 1329/1329
f 1328/1328 1336/1336 1337/1337
f 1336/1336 1334/1334 1335/1335
f 1328/1328 1334/1334 1336/1336
f 1334/1334 1332/1332 1333/1333
f 1328/1328 1332/1332 1334/1334
f 1330/1330 1332/1332 1328/1328
f 1330/1330 1331/1331 1332/1332
f 1542/1542 1319/1319 1318/1318
f 1319/1319 1542/1542 1543/1543
f 1544/1544 1320/1320 1319/1319
f 1320/1320 1544/1544 1545/1545
f 1545/1545 1321/1321 1320/1320
f 1321/1321 1545/1545 1546/1546
f 1547/1547 1322/1322 1321/1321
f 1322/1322 1547/1547 1548/1548
f 1548/1548 1323/1323 1322/1322
f 1323/1323 1548/1548 1549/1549
f 1550/1550 1324/1324 1323/1323
f 1324/1324 1550/1550 1551/1551
f 1552/1552 1325/1325 1324/1324
f 1325/1325 1552/1552 1553/1553
f 1554/1554 1326/1326 1325/1325
f 1326/1326 1554/1554 1555/1555
f 1555/1555 1327/1327 1326/1326
f 1327/1327 1555/1555 1556/1556
f 1557/1557 1318/1318 1327/1327
f 1318/1318 1557/1557 1542/1542
f 1318/1318 1329/1329 1328/1328
f 1329/1329 1318/1318 1319/1319
f 1319/1319 1330/1330 1329/1329
f 1330/1330 1319/1319 1320/1320
f 1320/1320 1331/1331 1330/1330
f 1331/1331 1320/1320 1321/1321
f 1321/1321 1332/1332 1331/1331
f 1332/1332 1321/1321 1322/1322
f 1322/1322 1333/1333 1332/1332
f 1333/1333 1322/1322 1323/1323
f 1323/1323 1334/1334 1333/1333
f 1334/1334 1323/1323 1324/1324
f 1324/1324 1335/1335 1334/1334
f 1335/1335 1324/1324 1325/1325
f 1325/1325 1336/1336 1335/1335
f 1336/1336 1325/1325 1326/1326
f 1326/1326 1337/1337 1336/1336
f 1337/1337 1326/1326 1327/1327
f 1327/1327 1328/1328 1337/1337
f 1328/1328 1327/1327 1318/1318
f 1271/1271 1267/1267 1272/1272
f 1272/1272 1268/1268 1446/1446
f 1446/1446 1447/1447 1274/1274
f 1274/1274 1270/1270 1167/1167
f 1167/1167 1154/1154 1448/1448
f 1448/1448 1449/1449 1168/1168
f 1168/1168 1156/1156 1169/1169
f 1169/1169 1157/1157 1450/1450
f 1450/1450 1451/1451 1171/1171
f 1171/1171 1159/1159 1164/1164
f 1162/1162 1163/1163 1164/1164
f 1165/1165 1160/1160 1164/1164
f 1165/1165 1161/1161 1167/1167
f 1167/1167 1166/1166 1448/1448
f 1169/1169 1170/1170 1450/1450
f 1171/1171 1167/1167 1185/1185
f 1185/1185 1172/1172 1460/1460
f 1460/1460 1461/1461 1186/1186
f 1186/1186 1174/1174 1187/1187
f 1187/1187 1175/1175 1462/1462
f 1462/1462 1463/1463 1189/1189
f 1189/1189 1177/1177 1182/1182
f 1180/1180 1181/1181 1182/1182
f 1183/1183 1178/1178 1182/1182
f 1183/1183 1179/1179 1185/1185
f 1185/1185 1184/1184 1460/1460
f 1187/1187 1188/1188 1462/1462
f 1189/1189 1185/1185 1472/1472
f 1472/1472 1473/1473 1474/1474
f 1281/1281 1282/1282 1476/1476
f 1283/1283 1285/1285 1203/1203
f 1203/1203 1202/1202 1478/1478
f 1205/1205 1206/1206 1480/1480
f 1207/1207 1203/1203 1198/1198
f 1200/1200 1199/1199 1201/1201
f 1197/1197 1196/1196 1200/1200
f 1197/1197 1201/1201 1198/1198
f 1197/1197 1200/1200 1203/1203
f 1203/1203 1483/1483 1478/1478
f 1478/1478 1485/1485 1204/1204
f 1204/1204 1484/1484 1205/1205
f 1205/1205 1486/1486 1480/1480
f 1480/1480 1489/1489 1207/1207
f 1207/1207 1488/1488 1490/1490
f 1490/1490 1493/1493 1210/1210
f 1210/1210 1209/1209 1494/1494
f 1215/1215 1217/1217 1496/1496
f 1219/1219 1210/1210 1220/1220
f 1222/1222 1221/1221 1223/1223
f 1225/1225 1224/1224 1222/1222
f 1225/1225 1223/1223 1220/1220
f 1225/1225 1222/1222 1210/1210
f 1210/1210 1499/1499 1494/1494
f 1494/1494 1501/1501 1213/1213
f 1213/1213 1500/1500 1215/1215
f 1215/1215 1502/1502 1496/1496
f 1496/1496 1505/1505 1219/1219
f 1219/1219 1504/1504 1228/1228
f 1228/1228 1227/1227 1506/1506
f 1233/1233 1235/1235 1508/1508
f 1237/1237 1228/1228 1238/1238
f 1240/1240 1239/1239 1241/1241
f 1243/1243 1242/1242 1240/1240
f 1243/1243 1241/1241 1238/1238
f 1243/1243 1240/1240 1228/1228
f 1228/1228 1511/1511 1506/1506
f 1506/1506 1513/1513 1231/1231
f 1231/1231 1512/1512 1233/1233
f 1233/1233 1514/1514 1508/1508
f 1508/1508 1517/1517 1237/1237
f 1237/1237 1516/1516 1245/1245
f 1245/1245 1244/1244 1247/1247
f 1247/1247 1245/1245 1292/1292
f 1292/1292 1247/1247 1251/1251
f 1251/1251 1250/1250 1518/1518
f 1518/1518 1519/1519 1254/1254
f 1254/1254 1253/1253 1256/1256
f 1256/1256 1255/1255 1520/1520
f 1520/1520 1521/1521 1260/1260
f 1260/1260 1259/1259 1265/1265
f 1261/1261 1266/1266 1265/1265
f 1264/1264 1263/1263 1265/1265
f 1264/1264 1262/1262 1251/1251
f 1251/1251 1252/1252 1518/1518
f 1256/1256 1258/1258 1520/1520
f 1260/1260 1251/1251 1288/1288
f 1288/1288 1287/1287 1290/1290
f 1290/1290 1289/1289 1530/1530
f 1530/1530 1531/1531 1294/1294
f 1294/1294 1533/1533 1296/1296
f 1296/1296 1295/1295 1302/1302
f 1302/1302 1535/1535 1303/1303
f 1303/1303 1302/1302 1310/1310
f 1310/1310 1303/1303 1307/1307
f 1307/1307 1305/1305 1308/1308
f 1308/1308 1306/1306 1536/1536
f 1536/1536 1537/1537 1312/1312
f 1312/1312 1539/1539 1314/1314
f 1314/1314 1312/1312 1540/1540
