# MOD converted: v_fix_cake02_1.mod
# 1573 verts, 1351 faces

v 185.496262 -134.420197 -52.605331
v 185.496231 -97.864746 -52.605324
v 100.305817 -97.864746 0.000000
v 100.305832 -134.420197 -126.124352
v 185.496185 0.246143 -127.621811
v 185.496201 39.228378 -127.621811
v 100.305786 39.228359 -126.124352
v 100.305786 0.246126 0.000000
v 185.496216 52.055191 -31.704058
v 185.496201 71.745323 -72.603592
v 185.496170 81.693260 -109.521309
v 185.496170 71.649010 -98.902519
v 185.496201 -51.718590 -98.902519
v 100.305801 -51.718597 -109.521309
v 100.305771 71.648972 -72.603584
v 100.305771 81.693237 -31.704046
v 100.305779 71.745300 0.000000
v 100.305794 52.055176 0.000000
v 108.246819 -182.847931 -173.358826
v 108.246803 15.472245 0.000000
v 108.246803 93.317558 0.000000
v 15.254215 -182.847931 -173.358826
v 15.254200 15.472239 0.000000
v 15.254192 93.317551 -93.120171
v 108.246788 130.482498 -93.120155
v 15.254185 130.482498 -70.457443
v 108.246811 -129.848297 -70.457428
v 15.254208 -129.848282 -170.876373
v 108.246796 68.915108 -170.876373
v 15.254196 68.915108 -135.446213
v 15.254204 -62.943653 -135.446213
v 108.246811 -62.943645 -42.478455
v 15.254185 119.640671 -42.478458
v 108.246796 119.640701 -142.571060
v 15.254189 112.272125 -142.571060
v 108.246796 112.272141 52.605331
v 185.496231 -97.864746 52.605324
v 100.305817 -97.864746 126.124352
v 185.496185 0.246143 127.621811
v 185.496201 39.228378 127.621811
v 100.305786 39.228359 126.124352
v 100.305786 0.246126 31.704058
v 185.496201 71.745323 72.603592
v 185.496170 81.693260 109.521309
v 185.496170 71.649010 98.902519
v 185.496201 -51.718590 98.902519
v 100.305801 -51.718597 109.521309
v 100.305771 71.648972 72.603584
v 100.305771 81.693237 31.704046
v 100.305779 71.745300 173.358826
v 108.246803 15.472245 173.358826
v 15.254200 15.472239 93.120171
v 108.246788 130.482498 93.120155
v 15.254185 130.482498 70.457443
v 108.246811 -129.848297 70.457428
v 15.254208 -129.848282 170.876373
v 108.246796 68.915108 170.876373
v 15.254196 68.915108 135.446213
v 15.254204 -62.943653 135.446213
v 108.246811 -62.943645 42.478455
v 15.254185 119.640671 42.478458
v 108.246796 119.640701 142.571060
v 15.254189 112.272125 142.571060
v 108.246796 112.272141 -103.143166
v 163.544052 -68.385208 -95.482262
v 158.649902 -69.541847 -98.462997
v 158.536224 -74.544144 -104.319908
v 158.518570 -75.845863 -109.463440
v 158.589478 -73.108780 -96.722237
v 158.789139 -63.586430 -87.243149
v 143.174301 -70.452133 -90.082260
v 143.465546 -58.623947 -93.539848
v 142.939148 -80.811455 -105.399452
v 142.894363 -83.823479 -115.794586
v 143.062607 -77.840446 -87.715790
v 122.483444 -71.335358 -91.313942
v 122.784492 -59.544456 -87.708214
v 130.244629 -56.849678 -84.232681
v 129.896790 -70.724747 -93.464714
v 122.276321 -80.480003 -91.353210
v 129.606247 -83.461395 -103.867172
v 122.230400 -83.396301 -105.590164
v 129.562210 -86.673302 -114.148613
v 122.426643 -76.610313 -117.903267
v 129.771439 -79.416420 -102.082558
v 158.649902 -60.710430 -107.724266
v 158.536224 -62.152256 -110.631592
v 158.518570 -67.400604 -100.621941
v 143.174301 -52.550892 -112.340508
v 142.939133 -55.655556 -118.588295
v 142.894363 -66.176392 -101.602852
v 122.483444 -52.754009 -100.030693
v 129.896774 -49.586491 -112.001358
v 122.276321 -55.677380 -114.262589
v 129.606247 -52.807911 -117.744598
v 122.230392 -64.827858 -121.375427
v 129.562210 -65.552094 -137.285110
v 163.544037 -17.293079 -129.546524
v 158.649902 -16.916645 -131.482529
v 158.536224 -22.408426 -136.967834
v 158.518555 -24.839300 -142.550034
v 158.589478 -23.169954 -131.936264
v 158.789124 -11.322586 -121.289658
v 143.174286 -16.184727 -126.404991
v 143.465530 -5.148418 -125.420387
v 142.939133 -27.582115 -136.453400
v 142.894348 -32.873158 -147.824066
v 143.062592 -29.056992 -121.578865
v 122.483437 -17.143795 -127.431007
v 122.784477 -6.293694 -124.427353
v 130.244614 -2.940928 -118.284523
v 129.896774 -15.858453 -125.412086
v 122.276306 -27.242373 -122.754242
v 129.606232 -29.748957 -135.035431
v 122.230385 -32.152271 -136.078537
v 129.562195 -35.704655 -146.452942
v 122.426636 -27.526495 -149.580658
v 129.771439 -31.017735 -137.758377
v 158.649902 -9.559824 -143.005112
v 158.536209 -12.085644 -144.820633
v 158.518555 -17.804155 -137.935089
v 143.174286 -1.272473 -148.811554
v 142.939133 -6.626534 -152.862534
v 142.894348 -18.172630 -138.856720
v 122.483429 -1.664993 -137.939896
v 129.896774 1.750306 -148.474762
v 122.276306 -6.581066 -151.257339
v 129.606232 -4.213728 -152.301270
v 122.230385 -16.684229 -155.718033
v 129.562195 -18.110090 -150.566772
v 163.544022 47.647133 -145.843231
v 158.649887 41.505852 -151.458221
v 158.536209 39.963264 -156.583801
v 158.518539 43.081932 -158.397034
v 158.589462 48.619072 -142.611801
v 158.789124 46.659721 -140.532028
v 143.174286 35.141674 -134.385437
v 143.465530 45.638622 -152.249542
v 142.939133 32.032925 -162.888931
v 142.894348 38.076572 -166.240784
v 143.062592 49.592670 -141.484756
v 122.483437 34.832146 -135.911392
v 122.784477 45.828026 -131.444244
v 130.244614 45.273560 -138.549805
v 129.896774 32.859550 -151.965729
v 122.276306 32.219902 -152.508362
v 129.606232 28.607050 -161.487930
v 122.230392 37.323135 -165.000687
v 129.562210 36.153481 -164.201584
v 122.426643 49.339531 -168.853271
v 129.771439 49.916939 -144.485153
v 158.649887 52.447197 -149.552628
v 158.536209 55.315758 -155.285110
v 158.518539 53.544868 -137.779190
v 143.174286 57.319782 -148.381058
v 142.939117 63.198902 -160.175140
v 142.894348 59.939816 -138.627319
v 122.483437 57.852821 -135.299194
v 129.896774 59.048019 -148.151596
v 122.276306 62.948219 -147.794479
v 129.606232 66.584053 -158.632492
v 122.230377 60.327850 -161.752655
v 129.562195 62.320824 -54.897919
v 163.427200 -121.909233 -47.202888
v 158.832550 -119.997360 -48.304409
v 158.211639 -125.682594 -53.369373
v 157.819641 -128.874878 -59.137108
v 157.844986 -128.047104 -50.394455
v 159.347275 -114.842499 -38.835102
v 143.742355 -116.761276 -45.528175
v 144.761368 -106.651093 -41.232777
v 142.450867 -128.576614 -51.360825
v 141.620621 -135.392624 -63.171265
v 141.729675 -133.298630 -38.563629
v 123.043327 -115.991920 -45.957989
v 124.033195 -106.173256 -43.632687
v 131.833725 -103.065018 -35.644745
v 130.639114 -114.875351 -40.859337
v 121.894653 -126.486115 -38.008530
v 129.079468 -129.192780 -49.649681
v 121.139748 -132.721329 -50.304188
v 128.121979 -136.997177 -61.626526
v 121.340790 -129.838455 -64.351685
v 128.273499 -134.358307 -56.409027
v 159.163101 -113.939674 -61.222092
v 158.675461 -117.182663 -62.172932
v 158.135727 -123.082054 -57.495888
v 144.412369 -104.482338 -67.456017
v 143.392426 -111.321533 -69.756676
v 142.281128 -123.288033 -57.933399
v 123.738808 -103.246483 -57.679913
v 131.430298 -100.376076 -66.714333
v 122.822983 -109.473328 -69.962639
v 130.226791 -108.166756 -69.005989
v 121.834724 -119.984756 -72.321571
v 128.912521 -122.509613 -108.550827
v 163.544006 98.931122 -109.189949
v 158.649872 91.209793 -114.381294
v 158.536194 93.847534 -116.073708
v 158.518539 99.603714 -113.688530
v 158.589447 104.919571 -103.331329
v 158.789108 92.847244 -109.544418
v 143.174271 82.928093 -97.933769
v 143.465515 86.555832 -120.303513
v 142.939117 88.514275 -124.105858
v 142.894333 100.144623 -118.835060
v 143.062576 110.918381 -110.457390
v 122.483429 83.340294 -98.934990
v 122.784470 87.722847 -96.003937
v 130.244614 84.306404 -109.614044
v 129.896759 79.906120 -119.967758
v 122.276299 88.461609 -122.800499
v 129.606232 86.154465 -123.576660
v 122.230370 98.644478 -126.962059
v 129.562180 100.143349 -117.497040
v 122.426628 109.358833 -120.549164
v 129.771423 112.916359 -100.822128
v 158.649872 98.388763 -102.639885
v 158.536194 103.920822 -108.071793
v 158.518539 106.468796 -92.582863
v 143.174271 97.479858 -96.468132
v 142.939117 108.963257 -107.385117
v 142.894333 114.489777 -92.851448
v 122.483421 98.444878 -89.585411
v 129.896759 97.089149 -96.467125
v 122.276299 108.623375 -93.756126
v 129.606232 111.072365 -105.982941
v 122.230370 113.738579 -106.949593
v 129.562180 117.312538 -39.216572
v 163.544022 92.671875 -43.416981
v 158.649872 86.161591 -46.754105
v 158.536194 90.933517 -45.535984
v 158.518539 96.808380 -40.928215
v 158.589447 100.374344 -37.477669
v 158.789108 84.846718 -47.630199
v 143.174286 79.022926 -35.679417
v 143.465515 76.754623 -54.490231
v 142.939117 89.018105 -52.366684
v 142.894333 101.068558 -42.642796
v 143.062576 108.090027 -48.241455
v 122.483429 79.816544 -36.012970
v 122.784477 78.255661 -35.036442
v 130.244614 73.861389 -49.114948
v 129.896759 76.389900 -54.218884
v 122.276299 88.813492 -57.804329
v 129.606232 88.112465 -52.606392
v 122.230370 99.495979 -54.886868
v 129.562195 102.412666 -42.197067
v 122.426628 106.084099 -43.213875
v 129.771423 110.659874 -32.654202
v 158.649872 88.553307 -31.652187
v 158.536194 94.289490 -35.243816
v 158.518539 99.095505 -25.814075
v 143.174271 83.870926 -23.832932
v 142.939117 95.830841 -30.860294
v 142.894333 105.847733 -25.596483
v 122.483429 84.848740 -23.353922
v 129.896759 82.114571 -23.992094
v 122.276299 95.530525 -20.447180
v 129.606232 96.414040 -29.977144
v 122.230370 104.524712 -29.146597
v 129.562180 108.132729 -69.194710
v 121.525940 -128.094574 -73.476875
v 121.525940 -112.954895 -52.990067
v 130.426270 -115.426254 -72.238045
v 105.154724 -110.283768 -62.446136
v 105.154716 -98.518600 -63.442047
v 114.942101 -96.503525 -74.359726
v 114.942108 -109.621307 -55.461880
v 121.525940 -135.772217 -70.842522
v 105.154724 -125.526962 -72.803955
v 114.942108 -126.616951 -40.322571
v 121.525940 -131.490372 -59.077347
v 105.154724 -135.318878 -59.685787
v 114.942108 -137.534668 -32.644657
v 121.525940 -117.757431 -47.202808
v 105.154701 -97.123299 -35.437626
v 105.154724 -106.915199 -33.328468
v 114.942108 -105.865471 -46.446125
v 114.942101 -94.947830 -36.926319
v 121.525932 -102.617821 -34.042629
v 105.154709 -122.158302 -31.772709
v 114.942108 -122.861107 -50.659653
v 121.525932 -94.940109 -43.834557
v 105.154724 -133.923477 -42.690399
v 114.942108 -135.978912 -65.798950
v 121.525932 -99.221947 -119.837456
v 121.525940 -78.221733 -122.783806
v 121.525940 -62.766457 -102.590355
v 130.426270 -67.013954 -121.316879
v 105.154724 -60.213467 -110.536827
v 105.154716 -49.346497 -111.353340
v 114.942101 -47.252293 -123.372772
v 114.942101 -59.368603 -106.826042
v 121.525940 -87.067062 -121.255203
v 105.154724 -75.520279 -123.304199
v 114.942101 -76.435188 -91.371170
v 121.525940 -84.120987 -110.388252
v 105.154724 -86.300331 -111.187477
v 114.942101 -88.454666 -82.525551
v 121.525932 -71.109489 -95.229919
v 105.154701 -49.285057 -84.362946
v 105.154724 -60.065094 -82.170311
v 114.942101 -59.203182 -94.286507
v 114.942101 -47.183819 -85.471420
v 121.525932 -55.654324 -84.301758
v 105.154709 -75.371773 -82.101730
v 114.942101 -76.269737 -98.483322
v 121.525932 -46.808887 -95.081841
v 105.154724 -86.238739 -94.121178
v 114.942101 -88.386086 -113.938202
v 121.525932 -49.754955 -146.887039
v 121.525932 -32.672852 -156.089050
v 121.525932 -19.910810 -135.992493
v 130.426254 -15.226230 -155.838516
v 105.154716 -16.977060 -150.661026
v 105.154716 -2.572379 -152.286087
v 114.942101 -1.019472 -158.058807
v 114.942101 -17.080210 -131.356506
v 121.525932 -35.190582 -149.313675
v 105.154716 -30.823692 -150.784012
v 114.942101 -32.518776 -118.594696
v 121.525932 -25.989021 -134.908997
v 105.154716 -36.001156 -134.722900
v 114.942108 -38.291409 -116.076752
v 121.525932 -10.458283 -136.814224
v 105.154694 3.952279 -122.409554
v 105.154716 -1.225173 -120.786621
v 114.942101 0.482630 -136.847229
v 114.942101 6.255343 -125.278259
v 121.525932 2.303875 -115.885223
v 105.154701 -15.071882 -113.511826
v 114.942101 -14.955940 -140.809296
v 121.525932 4.821503 -121.062714
v 105.154716 -29.476561 -119.284554
v 114.942101 -31.016712 -153.571091
v 121.525932 -4.380051 -164.330505
v 121.525940 33.048515 -171.176620
v 121.525940 47.214600 -150.571884
v 130.426270 48.338287 -170.420441
v 105.154732 50.060268 -162.820251
v 105.154732 63.347050 -164.150970
v 114.942108 65.158569 -172.624924
v 114.942101 50.344246 -149.473114
v 121.525940 27.872185 -166.399155
v 105.154724 35.290974 -168.141525
v 114.942108 33.876945 -135.307343
v 121.525940 34.717888 -153.112396
v 105.154732 27.690817 -153.326813
v 114.942108 25.403038 -130.130768
v 121.525940 49.575447 -148.050797
v 105.154709 67.368111 -134.764038
v 105.154732 59.767963 -132.869202
v 114.942101 61.168007 -147.683411
v 114.942108 69.641907 -136.976349
v 121.525940 63.741562 -130.743286
v 105.154716 44.998676 -128.385803
v 114.942108 44.700722 -151.834259
v 121.525940 68.917870 -138.343475
v 105.154724 31.711897 -136.859772
v 114.942101 29.886383 -166.000015
v 121.525940 62.072166 -122.090141
v 121.525932 84.175682 -128.936234
v 121.525932 98.341759 -108.331520
v 130.426254 99.465431 -128.180069
v 105.154724 101.187401 -120.579887
v 105.154724 114.474205 -121.910614
v 114.942093 116.285713 -130.384537
v 114.942101 101.471382 -107.232742
v 121.525932 78.999321 -124.158806
v 105.154724 86.418137 -125.901138
v 114.942101 85.004097 -93.066971
v 121.525932 85.845024 -110.872025
v 105.154724 78.817955 -111.086433
v 114.942101 76.530182 -87.890404
v 121.525932 100.702614 -105.810448
v 105.154701 118.495262 -92.523674
v 105.154724 110.895119 -90.628815
v 114.942101 112.295158 -105.443039
v 114.942093 120.769066 -94.735992
v 121.525932 114.868706 -88.502922
v 105.154709 96.125832 -86.145439
v 114.942101 95.827888 -109.593895
v 121.525925 120.045021 -96.103104
v 105.154724 82.839050 -94.619400
v 114.942101 81.013519 -123.759628
v 121.525932 113.199318 -53.302105
v 121.525932 77.938385 -60.148228
v 121.525932 92.104454 -39.543507
v 130.426254 93.228142 -59.392063
v 105.154724 94.950142 -51.791862
v 105.154724 108.236885 -53.122581
v 114.942101 110.048439 -61.596527
v 114.942093 95.234093 -38.444702
v 121.525932 72.762077 -55.370796
v 105.154716 80.180855 -57.113121
v 114.942101 78.766808 -24.278929
v 121.525932 79.607773 -42.084003
v 105.154716 72.580696 -42.298420
v 114.942101 70.292931 -19.102375
v 121.525932 94.465324 -37.022415
v 105.154701 112.257973 -23.735641
v 105.154724 104.657860 -21.840796
v 114.942093 106.057899 -36.655022
v 114.942101 114.531776 -25.947954
v 121.525932 108.631432 -19.714918
v 105.154709 89.888557 -17.357437
v 114.942101 89.590591 -40.805878
v 121.525932 113.807716 -27.315063
v 105.154716 76.601799 -25.831356
v 114.942101 74.776268 -54.971600
v 121.525932 106.962029 103.143181
v 163.544037 -68.385216 95.482292
v 158.649902 -69.541847 98.463013
v 158.536224 -74.544159 104.319923
v 158.518570 -75.845871 109.463455
v 158.589478 -73.108788 96.722260
v 158.789139 -63.586430 87.243164
v 143.174301 -70.452133 90.082275
v 143.465530 -58.623951 93.539856
v 142.939133 -80.811470 105.399467
v 142.894348 -83.823486 115.794617
v 143.062607 -77.840454 87.715820
v 122.483437 -71.335365 91.313950
v 122.784485 -59.544464 87.708237
v 130.244614 -56.849682 84.232681
v 129.896774 -70.724754 93.464745
v 122.276306 -80.480011 91.353218
v 129.606247 -83.461403 103.867188
v 122.230385 -83.396309 105.590179
v 129.562210 -86.673309 114.148628
v 122.426636 -76.610321 117.903282
v 129.771439 -79.416435 102.082588
v 158.649902 -60.710430 107.724281
v 158.536224 -62.152264 110.631607
v 158.518555 -67.400612 100.621956
v 143.174286 -52.550896 112.340538
v 142.939133 -55.655556 118.588303
v 142.894348 -66.176399 101.602859
v 122.483429 -52.754013 100.030716
v 129.896774 -49.586491 112.001381
v 122.276306 -55.677383 114.262596
v 129.606232 -52.807915 117.744629
v 122.230385 -64.827858 121.375443
v 129.562195 -65.552101 137.285141
v 163.544022 -17.293074 129.546524
v 158.649887 -16.916645 131.482559
v 158.536209 -22.408424 136.967865
v 158.518555 -24.839296 142.550049
v 158.589462 -23.169954 131.936295
v 158.789124 -11.322578 121.289680
v 143.174286 -16.184727 126.405022
v 143.465515 -5.148415 125.420395
v 142.939117 -27.582117 136.453430
v 142.894333 -32.873154 147.824097
v 143.062592 -29.056988 121.578888
v 122.483429 -17.143789 127.431030
v 122.784470 -6.293688 124.427368
v 130.244598 -2.940924 118.284538
v 129.896759 -15.858449 125.412102
v 122.276299 -27.242373 122.754257
v 129.606232 -29.748960 135.035446
v 122.230370 -32.152271 136.078552
v 129.562180 -35.704651 146.452972
v 122.426628 -27.526491 149.580688
v 129.771423 -31.017731 137.758408
v 158.649887 -9.559824 143.005127
v 158.536209 -12.085642 144.820663
v 158.518555 -17.804152 137.935120
v 143.174271 -1.272469 148.811584
v 142.939117 -6.626528 152.862549
v 142.894333 -18.172625 138.856735
v 122.483421 -1.664986 137.939911
v 129.896759 1.750306 148.474792
v 122.276291 -6.581059 151.257370
v 129.606232 -4.213721 152.301300
v 122.230370 -16.684223 155.718063
v 129.562180 -18.110081 150.566803
v 163.544022 47.647148 145.843262
v 158.649887 41.505867 151.458252
v 158.536194 39.963280 156.583832
v 158.518539 43.081947 158.397064
v 158.589447 48.619087 142.611816
v 158.789108 46.659729 140.532059
v 143.174271 35.141682 134.385452
v 143.465515 45.638630 152.249557
v 142.939117 32.032932 162.888947
v 142.894333 38.076580 166.240799
v 143.062576 49.592686 141.484787
v 122.483429 34.832161 135.911407
v 122.784470 45.828033 131.444275
v 130.244614 45.273567 138.549820
v 129.896759 32.859558 151.965759
v 122.276299 32.219910 152.508377
v 129.606232 28.607065 161.487961
v 122.230377 37.323143 165.000702
v 129.562195 36.153488 164.201599
v 122.426628 49.339546 168.853302
v 129.771423 49.916954 144.485168
v 158.649872 52.447205 149.552658
v 158.536194 55.315781 155.285126
v 158.518539 53.544884 137.779205
v 143.174271 57.319798 148.381073
v 142.939117 63.198910 160.175156
v 142.894333 59.939831 138.627350
v 122.483421 57.852829 135.299194
v 129.896759 59.048035 148.151627
v 122.276291 62.948242 147.794479
v 129.606216 66.584068 158.632507
v 122.230370 60.327866 161.752670
v 129.562195 62.320847 54.897923
v 163.427200 -121.909256 47.202908
v 158.832550 -119.997375 48.304420
v 158.211639 -125.682610 53.369396
v 157.819626 -128.874893 59.137135
v 157.844986 -128.047119 50.394474
v 159.347275 -114.842514 38.835102
v 143.742355 -116.761299 45.528179
v 144.761368 -106.651108 41.232792
v 142.450867 -128.576630 51.360828
v 141.620605 -135.392654 63.171272
v 141.729660 -133.298645 38.563648
v 123.043327 -115.991928 45.958004
v 124.033188 -106.173264 43.632706
v 131.833725 -103.065025 35.644768
v 130.639114 -114.875366 40.859337
v 121.894646 -126.486137 38.008533
v 129.079468 -129.192810 49.649689
v 121.139740 -132.721344 50.304199
v 128.121964 -136.997208 61.626541
v 121.340790 -129.838470 64.351700
v 128.273499 -134.358322 56.409031
v 159.163086 -113.939690 61.222095
v 158.675461 -117.182686 62.172951
v 158.135727 -123.082069 57.495907
v 144.412369 -104.482353 67.456047
v 143.392426 -111.321541 69.756691
v 142.281113 -123.288048 57.933399
v 123.738800 -103.246498 57.679932
v 131.430283 -100.376083 66.714340
v 122.822975 -109.473343 69.962662
v 130.226791 -108.166763 69.006012
v 121.834717 -119.984772 72.321579
v 128.912521 -122.509628 108.550842
v 163.544006 98.931152 109.189957
v 158.649872 91.209808 114.381317
v 158.536194 93.847549 116.073730
v 158.518524 99.603729 113.688545
v 158.589447 104.919586 103.331329
v 158.789108 92.847260 109.544426
v 143.174271 82.928108 97.933792
v 143.465515 86.555855 120.303520
v 142.939102 88.514290 124.105873
v 142.894318 100.144653 118.835083
v 143.062576 110.918396 110.457397
v 122.483414 83.340309 98.935005
v 122.784462 87.722862 96.003960
v 130.244598 84.306419 109.614052
v 129.896759 79.906143 119.967758
v 122.276291 88.461624 122.800507
v 129.606216 86.154480 123.576675
v 122.230362 98.644508 126.962074
v 129.562180 100.143364 117.497040
v 122.426613 109.358849 120.549187
v 129.771408 112.916389 100.822151
v 158.649872 98.388794 102.639900
v 158.536194 103.920837 108.071793
v 158.518524 106.468811 92.582886
v 143.174271 97.479889 96.468132
v 142.939102 108.963272 107.385132
v 142.894318 114.489807 92.851463
v 122.483414 98.444893 89.585426
v 129.896759 97.089180 96.467125
v 122.276283 108.623390 93.756142
v 129.606216 111.072380 105.982948
v 122.230362 113.738609 106.949608
v 129.562164 117.312569 39.216576
v 163.544022 92.671890 43.417000
v 158.649872 86.161606 46.754108
v 158.536194 90.933533 45.535976
v 158.518539 96.808395 40.928226
v 158.589447 100.374359 37.477680
v 158.789108 84.846741 47.630203
v 143.174271 79.022934 35.679428
v 143.465515 76.754639 54.490238
v 142.939117 89.018127 52.366684
v 142.894333 101.068558 42.642788
v 143.062576 108.090042 48.241459
v 122.483421 79.816559 36.012962
v 122.784470 78.255676 35.036442
v 130.244598 73.861404 49.114956
v 129.896759 76.389908 54.218891
v 122.276299 88.813507 57.804329
v 129.606232 88.112480 52.606392
v 122.230362 99.495995 54.886875
v 129.562180 102.412682 42.197063
v 122.426620 106.084114 43.213875
v 129.771423 110.659889 32.654205
v 158.649872 88.553314 31.652199
v 158.536194 94.289505 35.243816
v 158.518539 99.095520 25.814064
v 143.174271 83.870941 23.832933
v 142.939117 95.830856 30.860292
v 142.894333 105.847748 25.596491
v 122.483421 84.848755 23.353912
v 129.896759 82.114571 23.992102
v 122.276291 95.530540 20.447172
v 129.606216 96.414070 29.977146
v 122.230362 104.524727 29.146591
v 129.562180 108.132744 69.194725
v 121.525932 -128.094589 73.476898
v 121.525932 -112.954910 52.990089
v 130.426254 -115.426262 72.238052
v 105.154716 -110.283783 62.446156
v 105.154709 -98.518608 63.442070
v 114.942101 -96.503532 74.359734
v 114.942101 -109.621330 55.461891
v 121.525932 -135.772232 70.842537
v 105.154716 -125.526970 72.803978
v 114.942101 -126.616966 40.322590
v 121.525932 -131.490387 59.077354
v 105.154716 -135.318893 59.685799
v 114.942101 -137.534683 32.644665
v 121.525932 -117.757446 47.202808
v 105.154694 -97.123314 35.437645
v 105.154716 -106.915207 33.328476
v 114.942101 -105.865479 46.446129
v 114.942093 -94.947838 36.926334
v 121.525925 -102.617828 34.042629
v 105.154701 -122.158325 31.772722
v 114.942101 -122.861122 50.659672
v 121.525925 -94.940117 43.834579
v 105.154716 -133.923492 42.690418
v 114.942101 -135.978928 65.798965
v 121.525925 -99.221954 119.837471
v 121.525925 -78.221741 122.783813
v 121.525925 -62.766464 102.590370
v 130.426254 -67.013962 121.316902
v 105.154709 -60.213470 110.536835
v 105.154701 -49.346500 111.353348
v 114.942093 -47.252300 123.372795
v 114.942093 -59.368603 106.826065
v 121.525925 -87.067070 121.255234
v 105.154709 -75.520279 123.304214
v 114.942093 -76.435196 91.371185
v 121.525925 -84.120995 110.388283
v 105.154709 -86.300339 111.187500
v 114.942093 -88.454674 82.525551
v 121.525925 -71.109505 95.229935
v 105.154686 -49.285057 84.362953
v 105.154716 -60.065102 82.170326
v 114.942093 -59.203186 94.286530
v 114.942093 -47.183823 85.471436
v 121.525925 -55.654327 84.301765
v 105.154701 -75.371780 82.101753
v 114.942093 -76.269737 98.483330
v 121.525925 -46.808895 95.081856
v 105.154709 -86.238747 94.121193
v 114.942093 -88.386093 113.938232
v 121.525925 -49.754951 146.887054
v 121.525925 -32.672852 156.089066
v 121.525925 -19.910812 135.992508
v 130.426239 -15.226228 155.838531
v 105.154709 -16.977058 150.661041
v 105.154701 -2.572376 152.286118
v 114.942085 -1.019468 158.058838
v 114.942093 -17.080202 131.356522
v 121.525925 -35.190586 149.313705
v 105.154701 -30.823689 150.784012
v 114.942093 -32.518780 118.594704
v 121.525925 -25.989023 134.909027
v 105.154701 -36.001152 134.722900
v 114.942093 -38.291412 116.076767
v 121.525925 -10.458276 136.814224
v 105.154686 3.952279 122.409569
v 105.154701 -1.225166 120.786636
v 114.942093 0.482634 136.847244
v 114.942085 6.255351 125.278282
v 121.525925 2.303882 115.885246
v 105.154694 -15.071877 113.511841
v 114.942085 -14.955936 140.809326
v 121.525925 4.821510 121.062737
v 105.154701 -29.476557 119.284576
v 114.942093 -31.016710 153.571106
v 121.525925 -4.380043 164.330536
v 121.525925 33.048523 171.176636
v 121.525925 47.214607 150.571899
v 130.426254 48.338303 170.420471
v 105.154716 50.060276 162.820282
v 105.154716 63.347065 164.150986
v 114.942093 65.158577 172.624939
v 114.942093 50.344261 149.473129
v 121.525925 27.872192 166.399185
v 105.154716 35.290981 168.141556
v 114.942093 33.876953 135.307358
v 121.525932 34.717896 153.112411
v 105.154716 27.690825 153.326828
v 114.942093 25.403049 130.130798
v 121.525932 49.575462 148.050812
v 105.154701 67.368118 134.764053
v 105.154716 59.767971 132.869217
v 114.942093 61.168022 147.683411
v 114.942093 69.641930 136.976379
v 121.525925 63.741577 130.743301
v 105.154701 44.998684 128.385818
v 114.942101 44.700737 151.834290
v 121.525925 68.917877 138.343506
v 105.154716 31.711912 136.859787
v 114.942093 29.886391 166.000031
v 121.525925 62.072182 122.090164
v 121.525925 84.175697 128.936234
v 121.525925 98.341774 108.331535
v 130.426239 99.465446 128.180084
v 105.154709 101.187416 120.579895
v 105.154709 114.474220 121.910614
v 114.942085 116.285744 130.384552
v 114.942093 101.471413 107.232742
v 121.525925 78.999336 124.158806
v 105.154716 86.418152 125.901161
v 114.942093 85.004120 93.066994
v 121.525925 85.845047 110.872032
v 105.154716 78.817970 111.086449
v 114.942093 76.530190 87.890419
v 121.525925 100.702629 105.810448
v 105.154686 118.495277 92.523682
v 105.154709 110.895134 90.628822
v 114.942093 112.295174 105.443047
v 114.942085 120.769096 94.735992
v 121.525925 114.868721 88.502945
v 105.154694 96.125847 86.145454
v 114.942093 95.827904 109.593895
v 121.525917 120.045036 96.103119
v 105.154716 82.839066 94.619400
v 114.942093 81.013535 123.759644
v 121.525925 113.199348 53.302105
v 121.525925 77.938393 60.148232
v 121.525925 92.104485 39.543503
v 130.426254 93.228157 59.392071
v 105.154716 94.950142 51.791874
v 105.154716 108.236916 53.122581
v 114.942093 110.048454 61.596523
v 114.942093 95.234108 38.444698
v 121.525925 72.762085 55.370800
v 105.154716 80.180870 57.113129
v 114.942093 78.766823 24.278923
v 121.525932 79.607780 42.084011
v 105.154716 72.580711 42.298424
v 114.942101 70.292938 19.102364
v 121.525925 94.465340 37.022419
v 105.154694 112.257988 23.735641
v 105.154716 104.657875 21.840782
v 114.942093 106.057915 36.655018
v 114.942093 114.531792 25.947952
v 121.525925 108.631447 19.714905
v 105.154701 89.888573 17.357447
v 114.942093 89.590614 40.805893
v 121.525925 113.807747 27.315073
v 105.154716 76.601814 25.831356
v 114.942093 74.776276 54.971611
v 121.525925 106.962044 -0.480322
v 130.426285 -149.922852 20.545807
v 105.154747 -147.230423 16.125385
v 121.525955 -135.218506 -0.401537
v 121.525963 -169.418472 -14.567289
v 121.525955 -162.572769 -19.743874
v 121.525963 -147.715225 14.455880
v 121.525955 -164.242157 -12.898311
v 121.525955 -133.549118 21.301968
v 121.525955 -150.076080 1.959625
v 121.525955 -128.372803 16.524536
v 105.154747 -161.999695 3.237731
v 105.154755 -169.599854 -11.531175
v 105.154747 -165.578766 -19.131348
v 105.154739 -152.291992 -15.110604
v 105.154747 -137.522705 -1.823810
v 105.154724 -129.922562 12.945642
v 105.154747 -133.943634 14.276334
v 114.942123 -132.132111 22.750286
v 114.942123 -146.946457 18.266899
v 114.942123 -163.413727 3.452147
v 114.942131 -171.887634 -17.005449
v 114.942123 -136.122665 -2.191229
v 114.942123 -127.648743 -21.488857
v 114.942123 -152.589951 -13.014878
v 114.942123 -167.404297 1.064763
v 163.544052 -150.800781 -5.177940
v 158.649918 -146.212143 -6.597847
v 158.536240 -151.859421 -3.368282
v 158.518585 -156.915848 2.207046
v 158.589493 -158.608017 -0.095716
v 158.789154 -142.869202 -11.656333
v 143.174316 -141.040848 -1.295768
v 143.465561 -134.667038 -14.509073
v 142.939163 -152.823273 -8.235081
v 142.894379 -163.328506 3.351292
v 143.062622 -166.428696 -11.945024
v 122.483467 -142.000076 -1.073167
v 122.784508 -136.188492 -1.724827
v 130.244644 -131.734467 -13.981087
v 129.896805 -139.108826 -14.328324
v 122.276344 -152.535477 -17.928484
v 129.606277 -153.156677 -9.018842
v 122.230415 -161.944260 -10.111720
v 129.562225 -165.481659 3.053819
v 122.426674 -164.395462 3.732402
v 129.771469 -169.033493 5.731219
v 158.649918 -144.616028 8.709482
v 158.536240 -149.619781 7.063903
v 158.518585 -155.389526 10.456552
v 143.174316 -137.805496 16.565247
v 142.939163 -148.276779 13.563842
v 142.894379 -160.139084 11.007967
v 122.483467 -138.641815 12.130347
v 129.896805 -135.288452 16.309618
v 122.276344 -148.052826 19.936853
v 129.606277 -147.616592 13.918198
v 122.230415 -158.588333 15.978666
v 129.562241 -161.664368 -16.378096
v 231.491852 -0.495824 -16.634880
v 234.190277 3.363409 -16.813673
v 238.046875 0.654949 -3.452140
v 237.880798 0.784301 -7.584227
v 239.553146 5.504217 -11.613284
v 242.755661 1.547061 -8.252194
v 250.798492 8.301790 -13.158318
v 250.073425 2.819157 -3.224109
v 253.335007 3.512273 -19.139133
v 259.211151 9.656053 -20.479713
v 255.202438 3.636715 -17.676584
v 265.031311 5.403266 -38.805210
v 261.168518 4.471218 -35.327606
v 256.317596 8.953583 -31.728033
v 253.278061 3.163807 -49.584759
v 244.455002 1.395879 -44.405136
v 242.638657 6.433598 -39.103558
v 242.633759 1.199167 -47.965046
v 225.855179 -1.864864 -42.824604
v 226.843918 3.667042 -37.562195
v 229.644089 -1.073190 -24.512794
v 205.485123 0.117956 -20.594938
v 209.824783 -4.366761 -28.308689
v 202.956909 -5.669463 -17.208530
v 185.069641 -8.691993 -11.784042
v 183.296890 -3.643695 -10.545055
v 191.519928 -7.475404 -25.363855
v 238.154312 2.439903 -26.478762
v 237.052124 0.364764 -24.205946
v 239.895218 0.893117 7.548893
v 227.708191 -0.878966 8.745962
v 230.176697 2.956991 10.021013
v 233.803406 0.225245 -2.729249
v 237.766495 0.772725 1.862519
v 238.059296 5.352949 6.557308
v 239.882263 1.256090 6.053864
v 248.536209 8.072705 10.323286
v 246.360184 2.443160 1.906405
v 252.523682 3.430116 19.041689
v 253.173462 9.044662 18.891596
v 248.976501 3.006259 19.313742
v 259.181885 4.810930 38.180447
v 248.994476 3.238444 33.517838
v 245.430771 7.851158 28.977192
v 243.678497 2.191736 43.177002
v 229.786179 -0.089509 37.849705
v 229.631348 5.116452 32.644375
v 231.287964 0.050260 35.797676
v 212.609436 -3.206154 31.388359
v 215.108322 2.478667 27.101000
v 219.418625 -2.108644 7.279451
v 200.457687 -0.391133 4.753257
v 205.816360 -4.772665 9.927603
v 196.910431 -6.281749 -6.237719
v 183.334763 -8.867673 18.238729
v 231.259247 1.741695 18.893871
v 229.877136 -0.361784 17.626593
v 233.280060 0.223263 -16.556898
v 235.348465 -3.204295 -7.481198
v 241.083313 -3.172854 -8.130229
v 252.609924 -1.970347 -19.017168
v 261.022583 -0.616084 -35.205635
v 258.129028 -1.318558 -44.283184
v 244.450089 -3.838549 -42.702637
v 228.655365 -6.605095 -24.390829
v 207.296555 -10.154181 -11.662079
v 185.108322 -13.915832 -25.320848
v 238.793015 -1.182009 8.823944
v 231.334869 -3.610713 1.965542
v 239.589462 -3.324135 6.175828
v 250.347656 -2.199431 19.163649
v 254.984909 -1.227473 33.639805
v 247.242203 -2.420980 37.971672
v 231.442795 -5.155686 31.510323
v 216.919739 -7.793468 7.401416
v 202.269119 -10.663270 18.281734
v 231.897949 -1.880216 -67.878693
v 252.300812 23.920454 -72.034569
v 255.467377 29.792631 -72.382988
v 262.273224 25.876005 -52.874443
v 267.344177 35.349312 -62.757080
v 267.085693 39.747692 -67.609421
v 271.635345 31.213371 -70.900826
v 284.004852 44.403114 -74.175919
v 282.345978 32.641262 -61.670734
v 291.355682 40.854900 -91.685097
v 292.685028 39.546001 -87.841110
v 287.365387 29.192186 -89.574089
v 303.696655 34.589756 -117.986450
v 289.292511 18.183334 -113.493271
v 281.751007 26.998451 -103.045090
v 279.901428 20.503506 -123.774689
v 259.124237 4.716002 -118.601273
v 256.958496 15.794299 -107.472862
v 260.484711 11.562538 -110.436295
v 230.980637 -0.559122 -106.976532
v 233.141052 11.461026 -97.561760
v 240.993469 8.171110 -67.759811
v 207.383087 17.138437 -61.207554
v 217.082214 13.421700 -68.357094
v 203.375931 5.545105 -41.667194
v 180.115616 7.278685 -36.163788
v 178.114990 18.546721 -35.796753
v 192.756729 14.261748 -86.074615
v 258.529480 22.639227 -85.836044
v 256.879486 18.638033 -84.213486
v 262.186432 21.242155 -30.884958
v 255.985352 39.679352 -32.793022
v 259.375793 46.509068 -30.893633
v 266.405518 43.549984 -51.756771
v 267.455505 35.825424 -48.151375
v 268.540405 45.969559 -39.515701
v 274.433472 43.180969 -48.782097
v 286.207855 53.825424 -37.870808
v 285.961914 48.106815 -53.738400
v 292.145752 44.233982 -32.653370
v 298.564545 64.692818 -26.968773
v 293.428223 55.123081 -32.383007
v 309.392822 58.952484 1.041760
v 301.147614 68.887955 -7.050710
v 292.352570 72.341736 -9.188200
v 289.249481 60.485439 19.645107
v 273.408752 65.811150 8.573689
v 269.625000 69.969345 3.457264
v 271.533264 58.817467 19.070002
v 243.879364 54.609032 7.764812
v 244.569199 60.339485 2.414594
v 250.951019 50.759861 -18.605536
v 212.278809 38.077579 -22.016476
v 220.985611 30.116634 -9.239613
v 209.263977 30.728456 -24.705124
v 181.805023 14.504322 -18.660271
v 265.243866 51.356949 -15.685011
v 263.866455 48.521545 -19.535826
v 268.628265 48.794075 -68.227112
v 259.106659 20.003834 -57.726784
v 271.893829 26.814989 -64.945831
v 289.696808 29.093052 -85.730103
v 298.376984 24.235939 -107.538284
v 287.442963 11.688389 -112.646278
v 262.650482 0.484242 -101.021538
v 238.833023 -3.849043 -61.804821
v 213.075058 1.828377 -30.208807
v 183.806961 3.236653 -83.974922
v 260.536438 17.240957 -28.985571
v 263.015076 36.720268 -43.121086
v 273.348541 33.036842 -42.827106
v 291.899811 38.515369 -26.698389
v 304.256500 49.382751 -1.095727
v 298.044556 57.031662 14.528674
v 275.316986 54.659279 13.719796
v 250.261169 45.029415 -12.650542
v 217.970779 22.767521 -16.560574
v 267.250854 45.958679 -127.621811
v 185.496201 39.228378 -126.124352
v 185.496185 0.246143 -52.605331
v 185.496231 -97.864746 0.000000
v 185.496262 -134.420197 -31.704058
v 185.496201 71.745323 -72.603592
v 185.496170 81.693260 -98.902519
v 185.496201 -51.718590 -109.521309
v 185.496170 71.649010 0.000000
v 185.496216 52.055191 -170.876373
v 108.246796 68.915108 -173.358826
v 108.246803 15.472245 -70.457443
v 108.246811 -129.848297 0.000000
v 108.246819 -182.847931 -42.478458
v 108.246796 119.640701 -93.120171
v 108.246788 130.482498 -135.446213
v 108.246811 -62.943645 -142.571060
v 108.246796 112.272141 0.000000
v 108.246803 93.317558 0.000000
v 100.305832 -134.420197 0.000000
v 185.496262 -134.420197 127.621811
v 185.496201 39.228378 126.124352
v 185.496185 0.246143 52.605331
v 185.496231 -97.864746 0.000000
v 185.496262 -134.420197 0.000000
v 185.496216 52.055191 31.704058
v 185.496201 71.745323 72.603592
v 185.496170 81.693260 98.902519
v 185.496201 -51.718590 109.521309
v 185.496170 71.649010 0.000000
v 185.496216 52.055191 0.000000
v 100.305794 52.055176 0.000000
v 15.254215 -182.847931 0.000000
v 108.246819 -182.847931 170.876373
v 108.246796 68.915108 173.358826
v 108.246803 15.472245 70.457443
v 108.246811 -129.848297 0.000000
v 108.246819 -182.847931 0.000000
v 108.246803 93.317558 42.478458
v 108.246796 119.640701 93.120171
v 108.246788 130.482498 135.446213
v 108.246811 -62.943645 142.571060
v 108.246796 112.272141 0.000000
v 108.246803 93.317558 0.000000
v 15.254192 93.317551 -103.143166
v 163.544052 -68.385208 -96.722237
v 158.789139 -63.586430 -109.463440
v 158.589478 -73.108780 -90.082260
v 143.465546 -58.623947 -115.794586
v 143.062607 -77.840446 -91.313942
v 122.784492 -59.544456 -87.708214
v 130.244629 -56.849678 -114.148613
v 122.426643 -76.610313 -117.903267
v 129.771439 -79.416420 -137.285110
v 163.544037 -17.293079 -131.936264
v 158.789124 -11.322586 -142.550034
v 158.589478 -23.169954 -126.404991
v 143.465530 -5.148418 -147.824066
v 143.062592 -29.056992 -127.431007
v 122.784477 -6.293694 -124.427353
v 130.244614 -2.940928 -146.452942
v 122.426636 -27.526495 -149.580658
v 129.771439 -31.017735 -150.566772
v 163.544022 47.647133 -142.611801
v 158.789124 46.659721 -158.397034
v 158.589462 48.619072 -134.385437
v 143.465530 45.638622 -166.240784
v 143.062592 49.592670 -135.911392
v 122.784477 45.828026 -131.444244
v 130.244614 45.273560 -164.201584
v 122.426643 49.339531 -168.853271
v 129.771439 49.916939 -54.897919
v 163.427200 -121.909233 -50.394455
v 159.347275 -114.842499 -59.137108
v 157.844986 -128.047104 -45.528175
v 144.761368 -106.651093 -63.171265
v 141.729675 -133.298630 -45.957989
v 124.033195 -106.173256 -43.632687
v 131.833725 -103.065018 -61.626526
v 121.340790 -129.838455 -64.351685
v 128.273499 -134.358307 -108.550827
v 163.544006 98.931122 -103.331329
v 158.789108 92.847244 -113.688530
v 158.589447 104.919571 -97.933769
v 143.465515 86.555832 -118.835060
v 143.062576 110.918381 -98.934990
v 122.784470 87.722847 -96.003937
v 130.244614 84.306404 -117.497040
v 122.426628 109.358833 -120.549164
v 129.771423 112.916359 -39.216572
v 163.544022 92.671875 -37.477669
v 158.789108 84.846718 -40.928215
v 158.589447 100.374344 -35.679417
v 143.465515 76.754623 -42.642796
v 143.062576 108.090027 -36.012970
v 122.784477 78.255661 -35.036442
v 130.244614 73.861389 -42.197067
v 122.426628 106.084099 -43.213875
v 129.771423 110.659874 -52.990067
v 130.426270 -115.426254 -102.590355
v 130.426270 -67.013954 -135.992493
v 130.426254 -15.226230 -150.571884
v 130.426270 48.338287 -108.331520
v 130.426254 99.465431 -39.543507
v 130.426254 93.228142 103.143181
v 163.544037 -68.385216 96.722260
v 158.789139 -63.586430 109.463455
v 158.589478 -73.108788 90.082275
v 143.465530 -58.623951 115.794617
v 143.062607 -77.840454 87.708237
v 130.244614 -56.849682 91.313950
v 122.784485 -59.544464 114.148628
v 122.426636 -76.610321 117.903282
v 129.771439 -79.416435 137.285141
v 163.544022 -17.293074 131.936295
v 158.789124 -11.322578 142.550049
v 158.589462 -23.169954 126.405022
v 143.465515 -5.148415 147.824097
v 143.062592 -29.056988 124.427368
v 130.244598 -2.940924 127.431030
v 122.784470 -6.293688 146.452972
v 122.426628 -27.526491 149.580688
v 129.771423 -31.017731 150.566803
v 163.544022 47.647148 142.611816
v 158.789108 46.659729 158.397064
v 158.589447 48.619087 134.385452
v 143.465515 45.638630 166.240799
v 143.062576 49.592686 131.444275
v 130.244614 45.273567 135.911407
v 122.784470 45.828033 164.201599
v 122.426628 49.339546 168.853302
v 129.771423 49.916954 54.897923
v 163.427200 -121.909256 50.394474
v 159.347275 -114.842514 59.137135
v 157.844986 -128.047119 45.528179
v 144.761368 -106.651108 63.171272
v 141.729660 -133.298645 43.632706
v 131.833725 -103.065025 45.958004
v 124.033188 -106.173264 61.626541
v 121.340790 -129.838470 64.351700
v 128.273499 -134.358322 108.550842
v 163.544006 98.931152 103.331329
v 158.789108 92.847260 113.688545
v 158.589447 104.919586 97.933792
v 143.465515 86.555855 118.835083
v 143.062576 110.918396 96.003960
v 130.244598 84.306419 98.935005
v 122.784462 87.722862 117.497040
v 122.426613 109.358849 120.549187
v 129.771408 112.916389 39.216576
v 163.544022 92.671890 37.477680
v 158.789108 84.846741 40.928226
v 158.589447 100.374359 35.679428
v 143.465515 76.754639 42.642788
v 143.062576 108.090042 35.036442
v 130.244598 73.861404 36.012962
v 122.784470 78.255676 42.197063
v 122.426620 106.084114 43.213875
v 129.771423 110.659889 52.990089
v 130.426254 -115.426262 102.590370
v 130.426254 -67.013962 135.992508
v 130.426239 -15.226228 150.571899
v 130.426254 48.338303 108.331535
v 130.426239 99.465446 39.543503
v 130.426254 93.228157 -0.480322
v 130.426285 -149.922852 1.064763
v 163.544052 -150.800781 -0.095716
v 158.789154 -142.869202 2.207046
v 158.589493 -158.608017 -1.295768
v 143.465561 -134.667038 3.351292
v 143.062622 -166.428696 -1.724827
v 130.244644 -131.734467 -1.073167
v 122.784508 -136.188492 3.053819
v 122.426674 -164.395462 3.732402
v 129.771469 -169.033493 -11.784042
v 183.296890 -3.643695 -10.545055
v 191.519928 -7.475404 -16.378096
v 231.491852 -0.495824 -3.452140
v 237.880798 0.784301 -16.813673
v 238.046875 0.654949 -11.613284
v 242.755661 1.547061 -3.224109
v 253.335007 3.512273 -13.158318
v 250.073425 2.819157 -17.676584
v 265.031311 5.403266 -20.479713
v 255.202438 3.636715 -38.805210
v 261.168518 4.471218 -31.728033
v 253.278061 3.163807 -49.584759
v 244.455002 1.395879 -39.103558
v 242.633759 1.199167 -47.965046
v 225.855179 -1.864864 -37.562195
v 229.644089 -1.073190 -28.308689
v 202.956909 -5.669463 -20.594938
v 209.824783 -4.366761 -17.208530
v 185.069641 -8.691993 -10.545055
v 191.519928 -7.475404 -26.478762
v 237.052124 0.364764 -24.205946
v 239.895218 0.893117 7.548893
v 227.708191 -0.878966 -2.729249
v 237.766495 0.772725 6.557308
v 239.882263 1.256090 10.021013
v 233.803406 0.225245 1.906405
v 252.523682 3.430116 10.323286
v 246.360184 2.443160 19.313742
v 259.181885 4.810930 18.891596
v 248.976501 3.006259 38.180447
v 248.994476 3.238444 28.977192
v 243.678497 2.191736 43.177002
v 229.786179 -0.089509 32.644375
v 231.287964 0.050260 35.797676
v 212.609436 -3.206154 27.101000
v 219.418625 -2.108644 9.927603
v 196.910431 -6.281749 4.753257
v 205.816360 -4.772665 -6.237719
v 183.334763 -8.867673 -11.662079
v 185.108322 -13.915832 -10.545055
v 191.519928 -7.475404 18.893871
v 229.877136 -0.361784 17.626593
v 233.280060 0.223263 -36.163788
v 178.114990 18.546721 -35.796753
v 192.756729 14.261748 -67.878693
v 252.300812 23.920454 -52.874443
v 267.344177 35.349312 -72.382988
v 262.273224 25.876005 -67.609421
v 271.635345 31.213371 -61.670734
v 291.355682 40.854900 -74.175919
v 282.345978 32.641262 -89.574089
v 303.696655 34.589756 -87.841110
v 287.365387 29.192186 -117.986450
v 289.292511 18.183334 -103.045090
v 279.901428 20.503506 -123.774689
v 259.124237 4.716002 -107.472862
v 260.484711 11.562538 -110.436295
v 230.980637 -0.559122 -97.561760
v 240.993469 8.171110 -68.357094
v 203.375931 5.545105 -61.207554
v 217.082214 13.421700 -41.667194
v 180.115616 7.278685 -35.796753
v 192.756729 14.261748 -85.836044
v 256.879486 18.638033 -84.213486
v 262.186432 21.242155 -30.884958
v 255.985352 39.679352 -51.756771
v 267.455505 35.825424 -39.515701
v 274.433472 43.180969 -30.893633
v 266.405518 43.549984 -53.738400
v 292.145752 44.233982 -37.870808
v 285.961914 48.106815 -32.383007
v 309.392822 58.952484 -26.968773
v 293.428223 55.123081 1.041760
v 301.147614 68.887955 -9.188200
v 289.249481 60.485439 19.645107
v 273.408752 65.811150 3.457264
v 271.533264 58.817467 19.070002
v 243.879364 54.609032 2.414594
v 250.951019 50.759861 -9.239613
v 209.263977 30.728456 -22.016476
v 220.985611 30.116634 -24.705124
v 181.805023 14.504322 -30.208807
v 183.806961 3.236653 -35.796753
v 192.756729 14.261748 -15.685011
v 263.866455 48.521545 -19.535826
v 268.628265 48.794075 0.006229
v 121.506470 -181.769104 -132.658691
v 121.459343 -184.840164 -133.532684
v 121.555763 -177.823990 -129.587265
v 121.508636 -180.895050 -136.597198
v 126.506004 -181.836945 -132.651779
v 126.458878 -184.908020 -133.525772
v 126.555298 -177.891830 -129.580368
v 126.508171 -180.962906 -136.604111
v 121.506470 -181.769104 -132.651779
v 126.458878 -184.908020 -132.658691
v 121.459343 -184.840164 -136.597198
v 126.506004 -181.836945 -132.658691
v 121.459343 -184.840164 -129.580368
v 126.508171 -180.962906 -129.587265
v 121.508636 -180.895050 -132.651779
v 126.458878 -184.908020 -129.587265
v 121.508636 -180.895050 -133.525772
v 126.555298 -177.891830 -133.532684
v 121.555763 -177.823990 -129.580368
v 126.508171 -180.962906 -133.532684
v 121.555763 -177.823990 -136.597198
v 126.506004 -181.836945 -136.604111
v 121.506470 -181.769104 -133.525772
v 126.555298 -177.891830 1.000000
v 123.548904 -183.742386 -126.872910
v 115.361221 -188.554977 -133.496765
v 107.173546 -183.742386 -121.152481
v 116.725159 -166.752014 -117.357330
v 110.101189 -175.458054 -126.810188
v 103.477226 -174.538940 -113.523422
v 98.860397 -156.251343 -111.476616
v 96.330276 -167.363724 -122.677567
v 93.800133 -168.850922 -113.523430
v 79.290901 -156.251389 -111.476624
v 79.308472 -167.363739 -122.677567
v 79.326042 -168.850952 -153.470139
v 79.290916 -211.233429 -142.269211
v 79.308495 -209.746277 -144.316269
v 79.326050 -198.633911 -153.470413
v 98.860420 -211.233444 -142.269211
v 96.330292 -209.746277 -144.316269
v 93.800140 -198.633911 -145.841080
v 116.725182 -200.732773 -136.388474
v 110.101196 -201.651917 -140.183624
v 103.477226 -192.945847 -113.523453
v -13.528310 -156.251389 -111.476646
v -13.510737 -167.363739 -122.677589
v -13.493166 -168.850906 -148.893341
v 76.733673 -204.933655 -140.120911
v 115.361221 -178.929810 -130.605331
v 110.101173 -165.832870 -124.724365
v 96.330261 -157.738556 -124.724373
v 79.308464 -157.738556 -155.517212
v 79.308479 -200.121048 -155.517212
v 96.330284 -200.121078 -149.636215
v 110.101196 -192.026733 -124.724396
v -13.510731 -157.738541 0.804274
v 125.088699 73.950859 -219.087418
v 125.026260 69.193291 -212.792679
v 125.061264 72.414299 -214.329468
v 124.998825 67.656731 -217.543716
v 130.088242 73.883003 -219.080505
v 130.025787 69.125443 -212.785751
v 130.060806 72.346443 -214.322556
v 129.998367 67.588882 -217.550629
v 125.088699 73.950859 -219.080505
v 130.025787 69.125443 -219.087418
v 125.026260 69.193291 -217.543716
v 130.088242 73.883003 -219.087418
v 125.026260 69.193291 -214.322556
v 129.998367 67.588882 -214.329468
v 124.998825 67.656731 -219.080505
v 130.025787 69.125443 -214.329468
v 124.998825 67.656731 -212.785751
v 130.060806 72.346443 -212.792679
v 125.061264 72.414299 -214.322556
v 129.998367 67.588882 -212.792679
v 125.061264 72.414299 -217.543716
v 130.088242 73.883003 -217.550629
v 125.088699 73.950859 -212.785751
v 130.060806 72.346443 1.000000
v 123.548775 70.183495 -218.532471
v 115.361099 62.396549 -216.002457
v 107.173409 70.183479 -196.028839
v 116.725044 63.693729 -203.136169
v 110.101082 57.393978 -205.182983
v 103.477112 66.668083 -183.684799
v 98.860291 59.682842 -193.620605
v 96.330154 54.302200 -198.496399
v 93.800026 64.495430 -183.684784
v 79.290802 59.682823 -193.620605
v 79.308365 54.302197 -198.496384
v 79.325928 64.495430 -248.320114
v 79.290779 80.684128 -243.444321
v 79.308357 70.490906 -233.508240
v 79.325920 75.871521 -248.320114
v 98.860283 80.684128 -243.444336
v 96.330147 70.490898 -233.508240
v 93.800003 75.871529 -235.975815
v 116.725044 76.673248 -233.928757
v 110.101074 67.399132 -226.821671
v 103.477097 73.698883 -183.684784
v -13.528409 59.682804 -193.620590
v -13.510845 54.302158 -198.496384
v -13.493279 64.495399 -240.914032
v 76.733536 78.277824 -213.472183
v 115.361084 77.970421 -198.075897
v 110.101074 72.967857 -188.560333
v 96.330147 69.876060 -188.560318
v 79.308350 69.876060 -238.384033
v 79.308342 86.064766 -238.384033
v 96.330139 86.064766 -228.868469
v 110.101074 82.973000 -188.560318
v -13.510848 69.876045 0.804274
v 126.935837 232.526505 -1.815652
v 126.942390 232.500412 3.210276
v 126.867943 227.527023 -1.789653
v 126.874496 227.500931 3.191185
v 131.935364 232.458649 -1.808745
v 131.941925 232.432556 3.217184
v 131.867477 227.459167 -1.782745
v 131.874039 227.433075 3.184277
v 126.935837 232.526505 -1.808745
v 131.941925 232.432556 -1.815652
v 126.942390 232.500412 3.191185
v 131.935364 232.458649 -1.815652
v 126.942390 232.500412 -1.782745
v 131.874039 227.433075 -1.789653
v 126.874496 227.500931 -1.808745
v 131.941925 232.432556 -1.789653
v 126.874496 227.500931 3.217184
v 131.867477 227.459167 3.210276
v 126.867943 227.527023 -1.782745
v 131.874039 227.433075 3.210276
v 126.867943 227.527023 3.191185
v 131.935364 232.458649 3.184277
v 126.935837 232.526505 3.217184
v 131.867477 227.459167 1.000000
v 115.361107 227.118256 8.187644
v 110.101089 210.929550 8.187645
v 96.330162 200.924393 8.187647
v 79.308365 200.924393 8.187654
v 79.308350 253.312103 8.187653
v 96.330154 253.312103 8.187649
v 110.101074 243.306946 8.187659
v -13.510844 200.924362 -0.000082
v 123.548782 227.118256 -8.187807
v 115.361092 227.118256 -0.000080
v 107.173409 227.118256 -0.000084
v 116.725060 206.116959 -8.187809
v 110.101074 210.929550 -0.000081
v 103.477112 215.742142 -0.000084
v 98.860298 193.137451 -8.187808
v 96.330154 200.924393 -0.000081
v 93.800018 208.711349 -0.000081
v 79.290794 193.137436 -8.187806
v 79.308357 200.924393 -0.000079
v 79.325928 208.711334 -0.000071
v 79.290771 261.099030 -8.187799
v 79.308342 253.312103 -0.000073
v 79.325920 245.525131 -0.000074
v 98.860283 261.099030 -8.187800
v 96.330139 253.312073 -0.000075
v 93.800018 245.525146 -0.000078
v 116.725044 248.119522 -8.187804
v 110.101067 243.306946 -0.000078
v 103.477104 238.494339 -0.000069
v -13.528412 193.137421 -8.187794
v -13.510853 200.924362 -0.000067
v -13.493277 208.711319 -0.000072
v 76.733528 253.312103 0.804230
v 124.410210 68.490578 218.454056
v 124.477089 73.269073 215.145309
v 124.396858 67.020416 213.675095
v 124.463737 71.798912 219.931168
v 129.409744 68.422722 218.460968
v 129.476624 73.201218 215.152206
v 129.396393 66.952560 213.682007
v 129.463272 71.731064 219.924271
v 124.410210 68.490578 218.460968
v 129.476624 73.201218 218.454056
v 124.477089 73.269073 219.931168
v 129.409744 68.422722 218.454056
v 124.477089 73.269073 213.682007
v 129.463272 71.731064 213.675095
v 124.463737 71.798912 218.460968
v 129.476624 73.201218 213.675095
v 124.463737 71.798912 215.152206
v 129.396393 66.952560 215.145309
v 124.396858 67.020416 213.682007
v 129.463272 71.731064 215.145309
v 124.396858 67.020416 219.931168
v 129.409744 68.422722 219.924271
v 124.410210 68.490578 215.152206
v 129.396393 66.952560 1.000000
v 123.548851 70.183418 218.532257
v 115.361168 62.396477 216.002243
v 107.173477 70.183395 196.028885
v 116.725113 63.693657 203.135956
v 110.101135 57.393898 205.182770
v 103.477165 66.667999 183.684586
v 98.860344 59.682774 193.620392
v 96.330215 54.302124 198.496185
v 93.800079 64.495354 183.684586
v 79.290848 59.682755 193.620392
v 79.308411 54.302120 198.496185
v 79.325981 64.495354 248.319901
v 79.290855 80.684036 243.444107
v 79.308418 70.490814 233.508301
v 79.325989 75.871429 248.319901
v 98.860352 80.684052 243.444107
v 96.330223 70.490814 233.508301
v 93.800087 75.871452 235.975601
v 116.725113 76.673172 233.928543
v 110.101143 67.399055 226.821457
v 103.477173 73.698807 183.684601
v -13.528356 59.682724 193.620407
v -13.510785 54.302071 198.496201
v -13.493216 64.495308 240.914108
v 76.733597 78.277740 213.471970
v 115.361153 77.970337 198.075684
v 110.101128 72.967789 188.560120
v 96.330215 69.875999 188.560120
v 79.308411 69.875984 238.383835
v 79.308411 86.064682 238.383835
v 96.330223 86.064690 228.868530
v 110.101143 82.972923 188.560135
v -13.510788 69.875954 0.804274
v 121.071815 -186.496262 135.627335
v 121.107239 -183.480423 128.623367
v 121.130096 -182.508774 132.611298
v 121.165520 -179.492935 131.646317
v 126.071358 -186.564117 135.634232
v 126.106773 -183.548279 128.630280
v 126.129631 -182.576614 132.618195
v 126.165054 -179.560776 131.639404
v 121.071815 -186.496262 135.634232
v 126.106773 -183.548279 135.627335
v 121.107239 -183.480423 131.646317
v 126.071358 -186.564117 135.627335
v 121.107239 -183.480423 132.618195
v 126.165054 -179.560776 132.611298
v 121.165520 -179.492935 135.634232
v 126.106773 -183.548279 132.611298
v 121.165520 -179.492935 128.630280
v 126.129631 -182.576614 128.623367
v 121.130096 -182.508774 132.618195
v 126.165054 -179.560776 128.623367
v 121.130096 -182.508774 131.646317
v 126.071358 -186.564117 131.639404
v 121.071815 -186.496262 128.630280
v 126.129631 -182.576614 1.000000
v 123.548889 -183.742432 126.872665
v 115.361206 -188.555023 133.496536
v 107.173515 -183.742432 121.152489
v 116.725151 -166.752060 117.357094
v 110.101181 -175.458099 126.809944
v 103.477211 -174.539001 113.523178
v 98.860382 -156.251389 111.476379
v 96.330254 -167.363770 122.677322
v 93.800125 -168.850967 113.523178
v 79.290878 -156.251419 111.476379
v 79.308456 -167.363770 122.677322
v 79.326027 -168.850967 153.470154
v 79.290901 -211.233490 142.268951
v 79.308464 -209.746338 144.316010
v 79.326035 -198.633957 153.470154
v 98.860405 -211.233490 142.268951
v 96.330269 -209.746338 144.316010
v 93.800133 -198.633957 145.840836
v 116.725166 -200.732819 136.388229
v 110.101181 -201.651962 140.183380
v 103.477211 -192.945892 113.523193
v -13.528324 -156.251434 111.476395
v -13.510752 -167.363785 122.677338
v -13.493181 -168.850998 148.893082
v 76.733650 -204.933701 140.120651
v 115.361198 -178.929855 130.605087
v 110.101166 -165.832916 124.724129
v 96.330254 -157.738602 124.724129
v 79.308449 -157.738602 155.516953
v 79.308464 -200.121140 155.516953
v 96.330254 -200.121124 149.635971
v 110.101189 -192.026779 124.724144
v -13.510745 -157.738617 0.804274
v -1.692516 -0.000044 -228.216888
v -1.692536 131.761047 -131.761108
v -1.692532 228.216858 -0.000043
v -1.692507 263.522156 0.000043
v -1.692387 -263.522156 -131.761078
v -1.692428 -228.216873 -228.216888
v -1.692476 -131.761063 -263.522156
v 14.736966 -0.000040 -228.216904
v 14.736945 131.761047 -131.761124
v 14.736949 228.216858 -0.000047
v 14.736979 263.522156 0.000039
v 14.737100 -263.522156 -131.761078
v 14.737054 -228.216873 -228.216888
v 14.737005 -131.761063 263.522156
v -1.692373 0.000042 228.216858
v -1.692413 131.761108 131.761047
v -1.692461 228.216888 131.761139
v -1.692357 -228.216843 228.216919
v -1.692353 -131.761002 263.522156
v 14.737108 0.000046 228.216843
v 14.737068 131.761124 131.761032
v 14.737020 228.216904 131.761139
v 14.737124 -228.216827 228.216919
v 14.737128 -131.760986 -228.216888
v -1.692536 131.761047 -0.000043
v -1.692507 263.522156 -131.761108
v -1.692532 228.216858 -263.522156
v -1.692516 -0.000044 -131.761078
v -1.692428 -228.216873 0.000043
v -1.692387 -263.522156 -228.216888
v -1.692476 -131.761063 -131.761078
v 14.737054 -228.216873 -0.000047
v 14.736979 263.522156 0.000039
v 14.737100 -263.522156 -228.216904
v 14.736945 131.761047 -131.761124
v 14.736949 228.216858 -228.216888
v 14.737005 -131.761063 -263.522156
v 14.736966 -0.000040 -0.000047
v 14.736979 263.522156 -0.000043
v -1.692507 263.522156 0.000043
v -1.692387 -263.522156 0.000039
v 14.737100 -263.522156 131.761139
v -1.692357 -228.216843 -0.000043
v -1.692507 263.522156 0.000043
v -1.692387 -263.522156 228.216858
v -1.692413 131.761108 131.761047
v -1.692461 228.216888 263.522156
v -1.692373 0.000042 228.216919
v -1.692353 -131.761002 228.216843
v 14.737068 131.761124 -0.000047
v 14.736979 263.522156 131.761032
v 14.737020 228.216904 131.761139
v 14.737124 -228.216827 0.000039
v 14.737100 -263.522156 228.216919
v 14.737128 -131.760986 263.522156
v 14.737108 0.000046 0.995030

vt 0.195501 0.847209
vt 0.195350 0.847599
vt 0.100567 0.994161
vt 0.100718 0.556458
vt 0.195051 0.462420
vt 0.194954 0.462820
vt 0.100171 0.556852
vt 0.100269 0.234376
vt 0.955713 0.314053
vt 0.982486 0.416746
vt 0.996013 0.509441
vt 0.982356 0.482779
vt 0.814608 0.695989
vt 0.100412 0.374888
vt 0.100078 0.289224
vt 0.099985 0.195094
vt 0.099881 0.111336
vt 0.100290 0.044096
vt 0.088701 0.528865
vt 0.087706 0.265173
vt 0.699513 0.043402
vt 0.004768 0.528182
vt 0.003773 0.997120
vt 0.002818 0.408314
vt 0.728364 0.813408
vt 0.003194 0.203250
vt 0.088372 0.202558
vt 0.004439 0.625458
vt 0.087510 0.624777
vt 0.003577 0.370938
vt 0.004093 0.474493
vt 0.579607 0.906907
vt 0.003003 0.330419
vt 0.719886 0.718264
vt 0.003388 0.484530
vt 0.714480 0.847209
vt 0.195350 0.847599
vt 0.100567 0.556458
vt 0.195051 0.462420
vt 0.194954 0.462820
vt 0.100171 0.556852
vt 0.100269 0.314053
vt 0.982486 0.416746
vt 0.996013 0.509441
vt 0.982356 0.482779
vt 0.814608 0.695989
vt 0.100412 0.374888
vt 0.100078 0.289224
vt 0.099985 0.195094
vt 0.099881 0.528865
vt 0.087706 0.528182
vt 0.003773 0.408314
vt 0.728364 0.813408
vt 0.003194 0.203250
vt 0.088372 0.202558
vt 0.004439 0.625458
vt 0.087510 0.624777
vt 0.003577 0.370938
vt 0.004093 0.474493
vt 0.579607 0.906907
vt 0.003003 0.330419
vt 0.719886 0.718264
vt 0.003388 0.484530
vt 0.714480 0.603810
vt 0.378797 0.640384
vt 0.356442 0.603879
vt 0.353140 0.566435
vt 0.356868 0.538358
vt 0.366125 0.669613
vt 0.366192 0.677235
vt 0.306802 0.748318
vt 0.314912 0.603903
vt 0.304920 0.529860
vt 0.306964 0.459724
vt 0.314992 0.661384
vt 0.247749 0.718874
vt 0.226126 0.762890
vt 0.260469 0.681928
vt 0.267936 0.603865
vt 0.251868 0.603923
vt 0.270050 0.546343
vt 0.247785 0.525942
vt 0.267991 0.488755
vt 0.226231 0.445017
vt 0.260574 0.640384
vt 0.356442 0.603879
vt 0.353140 0.566435
vt 0.356868 0.677235
vt 0.306802 0.603903
vt 0.304920 0.529860
vt 0.306964 0.661384
vt 0.247749 0.681928
vt 0.267936 0.603865
vt 0.251868 0.603923
vt 0.270050 0.546343
vt 0.247785 0.525942
vt 0.267991 0.603810
vt 0.378797 0.640384
vt 0.356442 0.603879
vt 0.353140 0.566435
vt 0.356868 0.538358
vt 0.366125 0.669613
vt 0.366192 0.677235
vt 0.306802 0.748318
vt 0.314912 0.603903
vt 0.304920 0.529860
vt 0.306964 0.459724
vt 0.314992 0.661384
vt 0.247749 0.718874
vt 0.226126 0.762890
vt 0.260469 0.681928
vt 0.267936 0.603865
vt 0.251868 0.603923
vt 0.270050 0.546343
vt 0.247785 0.525942
vt 0.267991 0.488755
vt 0.226231 0.445017
vt 0.260574 0.640384
vt 0.356442 0.603879
vt 0.353140 0.566435
vt 0.356868 0.677235
vt 0.306802 0.603903
vt 0.304920 0.529860
vt 0.306964 0.661384
vt 0.247749 0.681928
vt 0.267936 0.603865
vt 0.251868 0.603923
vt 0.270050 0.546343
vt 0.247785 0.525942
vt 0.267991 0.603810
vt 0.378797 0.640384
vt 0.356442 0.603879
vt 0.353140 0.566435
vt 0.356868 0.538358
vt 0.366125 0.669613
vt 0.366192 0.677235
vt 0.306802 0.748318
vt 0.314912 0.603903
vt 0.304920 0.529860
vt 0.306964 0.459724
vt 0.314992 0.661384
vt 0.247749 0.718874
vt 0.226126 0.762890
vt 0.260469 0.681928
vt 0.267936 0.603865
vt 0.251868 0.603923
vt 0.270050 0.546343
vt 0.247785 0.525942
vt 0.267991 0.488755
vt 0.226231 0.445017
vt 0.260574 0.640384
vt 0.356442 0.603879
vt 0.353140 0.566435
vt 0.356868 0.677235
vt 0.306802 0.603903
vt 0.304920 0.529860
vt 0.306964 0.661384
vt 0.247749 0.681928
vt 0.267936 0.603865
vt 0.251868 0.603923
vt 0.270050 0.546343
vt 0.247785 0.525942
vt 0.267991 0.603810
vt 0.378797 0.640384
vt 0.356442 0.603879
vt 0.353140 0.566435
vt 0.356868 0.538358
vt 0.366125 0.669613
vt 0.366192 0.677235
vt 0.306802 0.748318
vt 0.314912 0.603903
vt 0.304920 0.529860
vt 0.306964 0.459724
vt 0.314992 0.661384
vt 0.247749 0.718874
vt 0.226126 0.762890
vt 0.260469 0.681928
vt 0.267936 0.603865
vt 0.251868 0.603923
vt 0.270050 0.546343
vt 0.247785 0.525942
vt 0.267991 0.488755
vt 0.226231 0.445017
vt 0.260574 0.640384
vt 0.356442 0.603879
vt 0.353140 0.566435
vt 0.356868 0.677235
vt 0.306802 0.603903
vt 0.304920 0.529860
vt 0.306964 0.661384
vt 0.247749 0.681928
vt 0.267936 0.603865
vt 0.251868 0.603923
vt 0.270050 0.546343
vt 0.247785 0.525942
vt 0.267991 0.603810
vt 0.378797 0.640384
vt 0.356442 0.603879
vt 0.353140 0.566435
vt 0.356868 0.538358
vt 0.366125 0.669613
vt 0.366192 0.677235
vt 0.306802 0.748318
vt 0.314912 0.603903
vt 0.304920 0.529860
vt 0.306964 0.459724
vt 0.314992 0.661384
vt 0.247749 0.718874
vt 0.226126 0.762890
vt 0.260469 0.681928
vt 0.267936 0.603865
vt 0.251868 0.603923
vt 0.270050 0.546343
vt 0.247785 0.525942
vt 0.267991 0.488755
vt 0.226231 0.445017
vt 0.260574 0.640384
vt 0.356442 0.603879
vt 0.353140 0.566435
vt 0.356868 0.677235
vt 0.306802 0.603903
vt 0.304920 0.529860
vt 0.306964 0.661384
vt 0.247749 0.681928
vt 0.267936 0.603865
vt 0.251868 0.603923
vt 0.270050 0.546343
vt 0.247785 0.525942
vt 0.267991 0.603810
vt 0.378797 0.640384
vt 0.356442 0.603879
vt 0.353140 0.566435
vt 0.356868 0.538358
vt 0.366125 0.669613
vt 0.366192 0.677235
vt 0.306802 0.748318
vt 0.314912 0.603903
vt 0.304920 0.529860
vt 0.306964 0.459724
vt 0.314992 0.661384
vt 0.247749 0.718874
vt 0.226126 0.762890
vt 0.260469 0.681928
vt 0.267936 0.603865
vt 0.251868 0.603923
vt 0.270050 0.546343
vt 0.247785 0.525942
vt 0.267991 0.488755
vt 0.226231 0.445017
vt 0.260574 0.640384
vt 0.356442 0.603879
vt 0.353140 0.566435
vt 0.356868 0.677235
vt 0.306802 0.603903
vt 0.304920 0.529860
vt 0.306964 0.661384
vt 0.247749 0.681928
vt 0.267936 0.603865
vt 0.251868 0.603923
vt 0.270050 0.546343
vt 0.247785 0.525942
vt 0.267991 0.105523
vt 0.552298 0.147088
vt 0.513598 0.153208
vt 0.549630 0.110154
vt 0.487905 0.055834
vt 0.550292 0.089370
vt 0.544334 0.133350
vt 0.504006 0.099859
vt 0.613995 0.055834
vt 0.550292 0.089370
vt 0.544334 0.143433
vt 0.671591 0.049643
vt 0.630285 0.082768
vt 0.618270 0.208893
vt 0.690018 0.049643
vt 0.630285 0.104738
vt 0.698607 0.134179
vt 0.682170 0.082768
vt 0.618270 0.143433
vt 0.671591 0.193163
vt 0.733119 0.204799
vt 0.704961 0.099859
vt 0.613995 0.104738
vt 0.698607 0.134179
vt 0.682170 0.105523
vt 0.552298 0.105523
vt 0.552298 0.147088
vt 0.513598 0.153208
vt 0.549630 0.110154
vt 0.487905 0.055834
vt 0.550292 0.089370
vt 0.544334 0.133350
vt 0.504006 0.099859
vt 0.613995 0.055834
vt 0.550292 0.089370
vt 0.544334 0.143433
vt 0.671591 0.049643
vt 0.630285 0.082768
vt 0.618270 0.208893
vt 0.690018 0.049643
vt 0.630285 0.104738
vt 0.698607 0.134179
vt 0.682170 0.082768
vt 0.618270 0.143433
vt 0.671591 0.193163
vt 0.733119 0.204799
vt 0.704961 0.099859
vt 0.613995 0.104738
vt 0.698607 0.134179
vt 0.682170 0.105523
vt 0.552298 0.105523
vt 0.552298 0.147088
vt 0.513598 0.153208
vt 0.549630 0.110154
vt 0.487905 0.055834
vt 0.550292 0.089370
vt 0.544334 0.133350
vt 0.504006 0.099859
vt 0.613995 0.055834
vt 0.550292 0.089370
vt 0.544334 0.143433
vt 0.671591 0.049643
vt 0.630285 0.082768
vt 0.618270 0.208893
vt 0.690018 0.049643
vt 0.630285 0.104738
vt 0.698607 0.134179
vt 0.682170 0.082768
vt 0.618270 0.143433
vt 0.671591 0.193163
vt 0.733119 0.204799
vt 0.704961 0.099859
vt 0.613995 0.104738
vt 0.698607 0.134179
vt 0.682170 0.105523
vt 0.552298 0.105523
vt 0.552298 0.147088
vt 0.513598 0.153208
vt 0.549630 0.110154
vt 0.487905 0.055834
vt 0.550292 0.089370
vt 0.544334 0.133350
vt 0.504006 0.099859
vt 0.613995 0.055834
vt 0.550292 0.089370
vt 0.544334 0.143433
vt 0.671591 0.049643
vt 0.630285 0.082768
vt 0.618270 0.208893
vt 0.690018 0.049643
vt 0.630285 0.104738
vt 0.698607 0.134179
vt 0.682170 0.082768
vt 0.618270 0.143433
vt 0.671591 0.193163
vt 0.733119 0.204799
vt 0.704961 0.099859
vt 0.613995 0.104738
vt 0.698607 0.134179
vt 0.682170 0.105523
vt 0.552298 0.105523
vt 0.552298 0.147088
vt 0.513598 0.153208
vt 0.549630 0.110154
vt 0.487905 0.055834
vt 0.550292 0.089370
vt 0.544334 0.133350
vt 0.504006 0.099859
vt 0.613995 0.055834
vt 0.550292 0.089370
vt 0.544334 0.143433
vt 0.671591 0.049643
vt 0.630285 0.082768
vt 0.618270 0.208893
vt 0.690018 0.049643
vt 0.630285 0.104738
vt 0.698607 0.134179
vt 0.682170 0.082768
vt 0.618270 0.143433
vt 0.671591 0.193163
vt 0.733119 0.204799
vt 0.704961 0.099859
vt 0.613995 0.104738
vt 0.698607 0.134179
vt 0.682170 0.105523
vt 0.552298 0.105523
vt 0.552298 0.147088
vt 0.513598 0.153208
vt 0.549630 0.110154
vt 0.487905 0.055834
vt 0.550292 0.089370
vt 0.544334 0.133350
vt 0.504006 0.099859
vt 0.613995 0.055834
vt 0.550292 0.089370
vt 0.544334 0.143433
vt 0.671591 0.049643
vt 0.630285 0.082768
vt 0.618270 0.208893
vt 0.690018 0.049643
vt 0.630285 0.104738
vt 0.698607 0.134179
vt 0.682170 0.082768
vt 0.618270 0.143433
vt 0.671591 0.193163
vt 0.733119 0.204799
vt 0.704961 0.099859
vt 0.613995 0.104738
vt 0.698607 0.134179
vt 0.682170 0.105523
vt 0.552298 0.603810
vt 0.378797 0.640384
vt 0.356442 0.603879
vt 0.353140 0.566435
vt 0.356868 0.538358
vt 0.366125 0.669613
vt 0.366192 0.677235
vt 0.306802 0.748318
vt 0.314912 0.603903
vt 0.304920 0.529860
vt 0.306964 0.459724
vt 0.314992 0.661384
vt 0.247749 0.718874
vt 0.226126 0.762890
vt 0.260469 0.681928
vt 0.267936 0.603865
vt 0.251868 0.603923
vt 0.270050 0.546343
vt 0.247785 0.525942
vt 0.267991 0.488755
vt 0.226231 0.445017
vt 0.260574 0.640384
vt 0.356442 0.603879
vt 0.353140 0.566435
vt 0.356868 0.677235
vt 0.306802 0.603903
vt 0.304920 0.529860
vt 0.306964 0.661384
vt 0.247749 0.681928
vt 0.267936 0.603865
vt 0.251868 0.603923
vt 0.270050 0.546343
vt 0.247785 0.525942
vt 0.267991 0.603810
vt 0.378797 0.640384
vt 0.356442 0.603879
vt 0.353140 0.566435
vt 0.356868 0.538358
vt 0.366125 0.669613
vt 0.366192 0.677235
vt 0.306802 0.748318
vt 0.314912 0.603903
vt 0.304920 0.529860
vt 0.306964 0.459724
vt 0.314992 0.661384
vt 0.247749 0.718874
vt 0.226126 0.762890
vt 0.260469 0.681928
vt 0.267936 0.603865
vt 0.251868 0.603923
vt 0.270050 0.546343
vt 0.247785 0.525942
vt 0.267991 0.488755
vt 0.226231 0.445017
vt 0.260574 0.640384
vt 0.356442 0.603879
vt 0.353140 0.566435
vt 0.356868 0.677235
vt 0.306802 0.603903
vt 0.304920 0.529860
vt 0.306964 0.661384
vt 0.247749 0.681928
vt 0.267936 0.603865
vt 0.251868 0.603923
vt 0.270050 0.546343
vt 0.247785 0.525942
vt 0.267991 0.603810
vt 0.378797 0.640384
vt 0.356442 0.603879
vt 0.353140 0.566435
vt 0.356868 0.538358
vt 0.366125 0.669613
vt 0.366192 0.677235
vt 0.306802 0.748318
vt 0.314912 0.603903
vt 0.304920 0.529860
vt 0.306964 0.459724
vt 0.314992 0.661384
vt 0.247749 0.718874
vt 0.226126 0.762890
vt 0.260469 0.681928
vt 0.267936 0.603865
vt 0.251868 0.603923
vt 0.270050 0.546343
vt 0.247785 0.525942
vt 0.267991 0.488755
vt 0.226231 0.445017
vt 0.260574 0.640384
vt 0.356442 0.603879
vt 0.353140 0.566435
vt 0.356868 0.677235
vt 0.306802 0.603903
vt 0.304920 0.529860
vt 0.306964 0.661384
vt 0.247749 0.681928
vt 0.267936 0.603865
vt 0.251868 0.603923
vt 0.270050 0.546343
vt 0.247785 0.525942
vt 0.267991 0.603810
vt 0.378797 0.640384
vt 0.356442 0.603879
vt 0.353140 0.566435
vt 0.356868 0.538358
vt 0.366125 0.669613
vt 0.366192 0.677235
vt 0.306802 0.748318
vt 0.314912 0.603903
vt 0.304920 0.529860
vt 0.306964 0.459724
vt 0.314992 0.661384
vt 0.247749 0.718874
vt 0.226126 0.762890
vt 0.260469 0.681928
vt 0.267936 0.603865
vt 0.251868 0.603923
vt 0.270050 0.546343
vt 0.247785 0.525942
vt 0.267991 0.488755
vt 0.226231 0.445017
vt 0.260574 0.640384
vt 0.356442 0.603879
vt 0.353140 0.566435
vt 0.356868 0.677235
vt 0.306802 0.603903
vt 0.304920 0.529860
vt 0.306964 0.661384
vt 0.247749 0.681928
vt 0.267936 0.603865
vt 0.251868 0.603923
vt 0.270050 0.546343
vt 0.247785 0.525942
vt 0.267991 0.603810
vt 0.378797 0.640384
vt 0.356442 0.603879
vt 0.353140 0.566435
vt 0.356868 0.538358
vt 0.366125 0.669613
vt 0.366192 0.677235
vt 0.306802 0.748318
vt 0.314912 0.603903
vt 0.304920 0.529860
vt 0.306964 0.459724
vt 0.314992 0.661384
vt 0.247749 0.718874
vt 0.226126 0.762890
vt 0.260469 0.681928
vt 0.267936 0.603865
vt 0.251868 0.603923
vt 0.270050 0.546343
vt 0.247785 0.525942
vt 0.267991 0.488755
vt 0.226231 0.445017
vt 0.260574 0.640384
vt 0.356442 0.603879
vt 0.353140 0.566435
vt 0.356868 0.677235
vt 0.306802 0.603903
vt 0.304920 0.529860
vt 0.306964 0.661384
vt 0.247749 0.681928
vt 0.267936 0.603865
vt 0.251868 0.603923
vt 0.270050 0.546343
vt 0.247785 0.525942
vt 0.267991 0.603810
vt 0.378797 0.640384
vt 0.356442 0.603879
vt 0.353140 0.566435
vt 0.356868 0.538358
vt 0.366125 0.669613
vt 0.366192 0.677235
vt 0.306802 0.748318
vt 0.314912 0.603903
vt 0.304920 0.529860
vt 0.306964 0.459724
vt 0.314992 0.661384
vt 0.247749 0.718874
vt 0.226126 0.762890
vt 0.260469 0.681928
vt 0.267936 0.603865
vt 0.251868 0.603923
vt 0.270050 0.546343
vt 0.247785 0.525942
vt 0.267991 0.488755
vt 0.226231 0.445017
vt 0.260574 0.640384
vt 0.356442 0.603879
vt 0.353140 0.566435
vt 0.356868 0.677235
vt 0.306802 0.603903
vt 0.304920 0.529860
vt 0.306964 0.661384
vt 0.247749 0.681928
vt 0.267936 0.603865
vt 0.251868 0.603923
vt 0.270050 0.546343
vt 0.247785 0.525942
vt 0.267991 0.105523
vt 0.552298 0.147088
vt 0.513598 0.153208
vt 0.549630 0.110154
vt 0.487905 0.055834
vt 0.550292 0.089370
vt 0.544334 0.133350
vt 0.504006 0.099859
vt 0.613995 0.055834
vt 0.550292 0.089370
vt 0.544334 0.143433
vt 0.671591 0.049643
vt 0.630285 0.082768
vt 0.618270 0.208893
vt 0.690018 0.049643
vt 0.630285 0.104738
vt 0.698607 0.134179
vt 0.682170 0.082768
vt 0.618270 0.143433
vt 0.671591 0.193163
vt 0.733119 0.204799
vt 0.704961 0.099859
vt 0.613995 0.104738
vt 0.698607 0.134179
vt 0.682170 0.105523
vt 0.552298 0.105523
vt 0.552298 0.147088
vt 0.513598 0.153208
vt 0.549630 0.110154
vt 0.487905 0.055834
vt 0.550292 0.089370
vt 0.544334 0.133350
vt 0.504006 0.099859
vt 0.613995 0.055834
vt 0.550292 0.089370
vt 0.544334 0.143433
vt 0.671591 0.049643
vt 0.630285 0.082768
vt 0.618270 0.208893
vt 0.690018 0.049643
vt 0.630285 0.104738
vt 0.698607 0.134179
vt 0.682170 0.082768
vt 0.618270 0.143433
vt 0.671591 0.193163
vt 0.733119 0.204799
vt 0.704961 0.099859
vt 0.613995 0.104738
vt 0.698607 0.134179
vt 0.682170 0.105523
vt 0.552298 0.105523
vt 0.552298 0.147088
vt 0.513598 0.153208
vt 0.549630 0.110154
vt 0.487905 0.055834
vt 0.550292 0.089370
vt 0.544334 0.133350
vt 0.504006 0.099859
vt 0.613995 0.055834
vt 0.550292 0.089370
vt 0.544334 0.143433
vt 0.671591 0.049643
vt 0.630285 0.082768
vt 0.618270 0.208893
vt 0.690018 0.049643
vt 0.630285 0.104738
vt 0.698607 0.134179
vt 0.682170 0.082768
vt 0.618270 0.143433
vt 0.671591 0.193163
vt 0.733119 0.204799
vt 0.704961 0.099859
vt 0.613995 0.104738
vt 0.698607 0.134179
vt 0.682170 0.105523
vt 0.552298 0.105523
vt 0.552298 0.147088
vt 0.513598 0.153208
vt 0.549630 0.110154
vt 0.487905 0.055834
vt 0.550292 0.089370
vt 0.544334 0.133350
vt 0.504006 0.099859
vt 0.613995 0.055834
vt 0.550292 0.089370
vt 0.544334 0.143433
vt 0.671591 0.049643
vt 0.630285 0.082768
vt 0.618270 0.208893
vt 0.690018 0.049643
vt 0.630285 0.104738
vt 0.698607 0.134179
vt 0.682170 0.082768
vt 0.618270 0.143433
vt 0.671591 0.193163
vt 0.733119 0.204799
vt 0.704961 0.099859
vt 0.613995 0.104738
vt 0.698607 0.134179
vt 0.682170 0.105523
vt 0.552298 0.105523
vt 0.552298 0.147088
vt 0.513598 0.153208
vt 0.549630 0.110154
vt 0.487905 0.055834
vt 0.550292 0.089370
vt 0.544334 0.133350
vt 0.504006 0.099859
vt 0.613995 0.055834
vt 0.550292 0.089370
vt 0.544334 0.143433
vt 0.671591 0.049643
vt 0.630285 0.082768
vt 0.618270 0.208893
vt 0.690018 0.049643
vt 0.630285 0.104738
vt 0.698607 0.134179
vt 0.682170 0.082768
vt 0.618270 0.143433
vt 0.671591 0.193163
vt 0.733119 0.204799
vt 0.704961 0.099859
vt 0.613995 0.104738
vt 0.698607 0.134179
vt 0.682170 0.105523
vt 0.552298 0.105523
vt 0.552298 0.147088
vt 0.513598 0.153208
vt 0.549630 0.110154
vt 0.487905 0.055834
vt 0.550292 0.089370
vt 0.544334 0.133350
vt 0.504006 0.099859
vt 0.613995 0.055834
vt 0.550292 0.089370
vt 0.544334 0.143433
vt 0.671591 0.049643
vt 0.630285 0.082768
vt 0.618270 0.208893
vt 0.690018 0.049643
vt 0.630285 0.104738
vt 0.698607 0.134179
vt 0.682170 0.082768
vt 0.618270 0.143433
vt 0.671591 0.193163
vt 0.733119 0.204799
vt 0.704961 0.099859
vt 0.613995 0.104738
vt 0.698607 0.134179
vt 0.682170 0.105523
vt 0.552298 0.153208
vt 0.549630 0.110154
vt 0.487905 0.105523
vt 0.552298 0.099859
vt 0.613995 0.143433
vt 0.671591 0.208893
vt 0.690018 0.105523
vt 0.552298 0.143433
vt 0.671591 0.147088
vt 0.513598 0.099859
vt 0.613995 0.055834
vt 0.550292 0.049643
vt 0.630285 0.104738
vt 0.698607 0.193163
vt 0.733119 0.104738
vt 0.698607 0.049643
vt 0.630285 0.055834
vt 0.550292 0.089370
vt 0.544334 0.133350
vt 0.504006 0.089370
vt 0.544334 0.082768
vt 0.618270 0.134179
vt 0.682170 0.082768
vt 0.618270 0.204799
vt 0.704961 0.134179
vt 0.682170 0.603810
vt 0.378797 0.640384
vt 0.356442 0.603879
vt 0.353140 0.566435
vt 0.356868 0.538358
vt 0.366125 0.669613
vt 0.366192 0.677235
vt 0.306802 0.748318
vt 0.314912 0.603903
vt 0.304920 0.529860
vt 0.306964 0.459724
vt 0.314992 0.661384
vt 0.247749 0.718874
vt 0.226126 0.762890
vt 0.260469 0.681928
vt 0.267936 0.603865
vt 0.251868 0.603923
vt 0.270050 0.546343
vt 0.247785 0.525942
vt 0.267991 0.488755
vt 0.226231 0.445017
vt 0.260574 0.640384
vt 0.356442 0.603879
vt 0.353140 0.566435
vt 0.356868 0.677235
vt 0.306802 0.603903
vt 0.304920 0.529860
vt 0.306964 0.661384
vt 0.247749 0.681928
vt 0.267936 0.603865
vt 0.251868 0.603923
vt 0.270050 0.546343
vt 0.247785 0.525942
vt 0.267991 0.282507
vt 0.301572 0.265577
vt 0.298461 0.249924
vt 0.293980 0.248743
vt 0.324419 0.237296
vt 0.313379 0.227776
vt 0.301855 0.193026
vt 0.313718 0.199619
vt 0.300072 0.186496
vt 0.327231 0.151609
vt 0.297434 0.174544
vt 0.289701 0.127849
vt 0.304436 0.113524
vt 0.262437 0.140176
vt 0.266540 0.166853
vt 0.269817 0.155353
vt 0.228635 0.172977
vt 0.239468 0.191203
vt 0.249814 0.221768
vt 0.211509 0.228687
vt 0.225217 0.235946
vt 0.239390 0.337386
vt 0.225132 0.336111
vt 0.239379 0.338356
vt 0.211506 0.418356
vt 0.211526 0.436247
vt 0.225222 0.417025
vt 0.239490 0.268658
vt 0.280082 0.278735
vt 0.279179 0.258623
vt 0.280014 0.282507
vt 0.301572 0.265577
vt 0.298461 0.249924
vt 0.293980 0.248743
vt 0.324419 0.237296
vt 0.313379 0.227776
vt 0.301855 0.193026
vt 0.313718 0.199619
vt 0.300072 0.186496
vt 0.327231 0.151609
vt 0.297434 0.174544
vt 0.289701 0.127849
vt 0.304436 0.113524
vt 0.262437 0.140176
vt 0.266540 0.166853
vt 0.269817 0.155353
vt 0.228635 0.172977
vt 0.239468 0.191203
vt 0.249814 0.221768
vt 0.211509 0.228687
vt 0.225217 0.235946
vt 0.239390 0.337386
vt 0.225132 0.336111
vt 0.239379 0.338356
vt 0.211506 0.418356
vt 0.211526 0.268658
vt 0.280082 0.278735
vt 0.279179 0.258623
vt 0.280014 0.265577
vt 0.298461 0.237296
vt 0.313379 0.193026
vt 0.313718 0.151609
vt 0.297434 0.140176
vt 0.266540 0.172977
vt 0.239468 0.228687
vt 0.225217 0.337386
vt 0.225132 0.436247
vt 0.225222 0.268658
vt 0.280082 0.265577
vt 0.298461 0.237296
vt 0.313379 0.193026
vt 0.313718 0.151609
vt 0.297434 0.140176
vt 0.266540 0.172977
vt 0.239468 0.228687
vt 0.225217 0.337386
vt 0.225132 0.268658
vt 0.280082 0.712600
vt 0.536299 0.684571
vt 0.531148 0.658657
vt 0.523729 0.656701
vt 0.574123 0.637750
vt 0.555846 0.621989
vt 0.536767 0.564459
vt 0.556406 0.575375
vt 0.533816 0.553649
vt 0.578779 0.495892
vt 0.529449 0.533861
vt 0.516645 0.456555
vt 0.541040 0.432840
vt 0.471509 0.476963
vt 0.478302 0.521129
vt 0.483727 0.502090
vt 0.415548 0.531268
vt 0.433483 0.561441
vt 0.450611 0.612044
vt 0.387195 0.623497
vt 0.409889 0.635515
vt 0.433354 0.803454
vt 0.409749 0.801344
vt 0.433335 0.805059
vt 0.387190 0.937503
vt 0.387224 0.967123
vt 0.409897 0.935300
vt 0.433519 0.689672
vt 0.500721 0.706354
vt 0.499225 0.673059
vt 0.500608 0.712600
vt 0.536299 0.684571
vt 0.531148 0.658657
vt 0.523729 0.656701
vt 0.574123 0.637750
vt 0.555846 0.621989
vt 0.536767 0.564459
vt 0.556406 0.575375
vt 0.533816 0.553649
vt 0.578779 0.495892
vt 0.529449 0.533861
vt 0.516645 0.456555
vt 0.541040 0.432840
vt 0.471509 0.476963
vt 0.478302 0.521129
vt 0.483727 0.502090
vt 0.415548 0.531268
vt 0.433483 0.561441
vt 0.450611 0.612044
vt 0.387195 0.623497
vt 0.409889 0.635515
vt 0.433354 0.803454
vt 0.409749 0.801344
vt 0.433335 0.805059
vt 0.387190 0.937503
vt 0.387224 0.689672
vt 0.500721 0.706354
vt 0.499225 0.673059
vt 0.500608 0.684571
vt 0.531148 0.637750
vt 0.555846 0.564459
vt 0.556406 0.495892
vt 0.529449 0.476963
vt 0.478302 0.531268
vt 0.433483 0.623497
vt 0.409889 0.803454
vt 0.409749 0.967123
vt 0.409897 0.689672
vt 0.500721 0.684571
vt 0.531148 0.637750
vt 0.555846 0.564459
vt 0.556406 0.495892
vt 0.529449 0.476963
vt 0.478302 0.531268
vt 0.433483 0.623497
vt 0.409889 0.803454
vt 0.409749 0.689672
vt 0.500721 0.554889
vt 0.938272 0.551129
vt 0.885266 0.366533
vt 0.751861 0.234376
vt 0.716107 0.194677
vt 0.194664 0.288811
vt 0.194767 0.695599
vt 0.195195 0.374482
vt 0.194860 0.111291
vt 0.195073 0.528330
vt 0.681186 0.532435
vt 0.640060 0.374811
vt 0.527942 0.266638
vt 0.486964 0.907595
vt 0.086936 0.814093
vt 0.087127 0.371626
vt 0.088026 0.718946
vt 0.087321 0.997809
vt 0.086751 0.994161
vt 0.100718 0.993771
vt 0.195501 0.554889
vt 0.938272 0.551129
vt 0.885266 0.366533
vt 0.751861 0.234376
vt 0.716107 0.234376
vt 0.955713 0.194677
vt 0.194664 0.288811
vt 0.194767 0.695599
vt 0.195195 0.374482
vt 0.194860 0.111291
vt 0.195073 0.111336
vt 0.100290 0.043402
vt 0.004768 0.044096
vt 0.088701 0.528330
vt 0.681186 0.532435
vt 0.640060 0.374811
vt 0.527942 0.266638
vt 0.486964 0.265173
vt 0.699513 0.907595
vt 0.086936 0.814093
vt 0.087127 0.371626
vt 0.088026 0.718946
vt 0.087321 0.997809
vt 0.086751 0.997120
vt 0.002818 0.603810
vt 0.378797 0.669613
vt 0.366192 0.538358
vt 0.366125 0.748318
vt 0.314912 0.459724
vt 0.314992 0.718874
vt 0.226126 0.762890
vt 0.260469 0.488755
vt 0.226231 0.445017
vt 0.260574 0.603810
vt 0.378797 0.669613
vt 0.366192 0.538358
vt 0.366125 0.748318
vt 0.314912 0.459724
vt 0.314992 0.718874
vt 0.226126 0.762890
vt 0.260469 0.488755
vt 0.226231 0.445017
vt 0.260574 0.603810
vt 0.378797 0.669613
vt 0.366192 0.538358
vt 0.366125 0.748318
vt 0.314912 0.459724
vt 0.314992 0.718874
vt 0.226126 0.762890
vt 0.260469 0.488755
vt 0.226231 0.445017
vt 0.260574 0.603810
vt 0.378797 0.669613
vt 0.366192 0.538358
vt 0.366125 0.748318
vt 0.314912 0.459724
vt 0.314992 0.718874
vt 0.226126 0.762890
vt 0.260469 0.488755
vt 0.226231 0.445017
vt 0.260574 0.603810
vt 0.378797 0.669613
vt 0.366192 0.538358
vt 0.366125 0.748318
vt 0.314912 0.459724
vt 0.314992 0.718874
vt 0.226126 0.762890
vt 0.260469 0.488755
vt 0.226231 0.445017
vt 0.260574 0.603810
vt 0.378797 0.669613
vt 0.366192 0.538358
vt 0.366125 0.748318
vt 0.314912 0.459724
vt 0.314992 0.718874
vt 0.226126 0.762890
vt 0.260469 0.488755
vt 0.226231 0.445017
vt 0.260574 0.174146
vt 0.621392 0.174146
vt 0.621392 0.174146
vt 0.621392 0.174146
vt 0.621392 0.174146
vt 0.621392 0.174146
vt 0.621392 0.603810
vt 0.378797 0.669613
vt 0.366192 0.538358
vt 0.366125 0.748318
vt 0.314912 0.459724
vt 0.314992 0.762890
vt 0.260469 0.718874
vt 0.226126 0.488755
vt 0.226231 0.445017
vt 0.260574 0.603810
vt 0.378797 0.669613
vt 0.366192 0.538358
vt 0.366125 0.748318
vt 0.314912 0.459724
vt 0.314992 0.762890
vt 0.260469 0.718874
vt 0.226126 0.488755
vt 0.226231 0.445017
vt 0.260574 0.603810
vt 0.378797 0.669613
vt 0.366192 0.538358
vt 0.366125 0.748318
vt 0.314912 0.459724
vt 0.314992 0.762890
vt 0.260469 0.718874
vt 0.226126 0.488755
vt 0.226231 0.445017
vt 0.260574 0.603810
vt 0.378797 0.669613
vt 0.366192 0.538358
vt 0.366125 0.748318
vt 0.314912 0.459724
vt 0.314992 0.762890
vt 0.260469 0.718874
vt 0.226126 0.488755
vt 0.226231 0.445017
vt 0.260574 0.603810
vt 0.378797 0.669613
vt 0.366192 0.538358
vt 0.366125 0.748318
vt 0.314912 0.459724
vt 0.314992 0.762890
vt 0.260469 0.718874
vt 0.226126 0.488755
vt 0.226231 0.445017
vt 0.260574 0.603810
vt 0.378797 0.669613
vt 0.366192 0.538358
vt 0.366125 0.748318
vt 0.314912 0.459724
vt 0.314992 0.762890
vt 0.260469 0.718874
vt 0.226126 0.488755
vt 0.226231 0.445017
vt 0.260574 0.174146
vt 0.621392 0.174146
vt 0.621392 0.174146
vt 0.621392 0.174146
vt 0.621392 0.174146
vt 0.621392 0.174146
vt 0.621392 0.174146
vt 0.621392 0.603810
vt 0.378797 0.669613
vt 0.366192 0.538358
vt 0.366125 0.748318
vt 0.314912 0.459724
vt 0.314992 0.762890
vt 0.260469 0.718874
vt 0.226126 0.488755
vt 0.226231 0.445017
vt 0.260574 0.436247
vt 0.225222 0.417025
vt 0.239490 0.282507
vt 0.301572 0.248743
vt 0.324419 0.249924
vt 0.293980 0.227776
vt 0.301855 0.186496
vt 0.327231 0.199619
vt 0.300072 0.127849
vt 0.304436 0.174544
vt 0.289701 0.113524
vt 0.262437 0.166853
vt 0.269817 0.155353
vt 0.228635 0.191203
vt 0.249814 0.221768
vt 0.211509 0.235946
vt 0.239390 0.338356
vt 0.211506 0.336111
vt 0.239379 0.418356
vt 0.211526 0.417025
vt 0.239490 0.278735
vt 0.279179 0.258623
vt 0.280014 0.282507
vt 0.301572 0.248743
vt 0.324419 0.227776
vt 0.301855 0.249924
vt 0.293980 0.186496
vt 0.327231 0.199619
vt 0.300072 0.127849
vt 0.304436 0.174544
vt 0.289701 0.113524
vt 0.262437 0.166853
vt 0.269817 0.155353
vt 0.228635 0.191203
vt 0.249814 0.221768
vt 0.211509 0.235946
vt 0.239390 0.338356
vt 0.211506 0.336111
vt 0.239379 0.418356
vt 0.211526 0.436247
vt 0.225222 0.417025
vt 0.239490 0.278735
vt 0.279179 0.258623
vt 0.280014 0.967123
vt 0.409897 0.935300
vt 0.433519 0.712600
vt 0.536299 0.656701
vt 0.574123 0.658657
vt 0.523729 0.621989
vt 0.536767 0.553649
vt 0.578779 0.575375
vt 0.533816 0.456555
vt 0.541040 0.533861
vt 0.516645 0.432840
vt 0.471509 0.521129
vt 0.483727 0.502090
vt 0.415548 0.561441
vt 0.450611 0.612044
vt 0.387195 0.635515
vt 0.433354 0.805059
vt 0.387190 0.801344
vt 0.433335 0.937503
vt 0.387224 0.935300
vt 0.433519 0.706354
vt 0.499225 0.673059
vt 0.500608 0.712600
vt 0.536299 0.656701
vt 0.574123 0.621989
vt 0.536767 0.658657
vt 0.523729 0.553649
vt 0.578779 0.575375
vt 0.533816 0.456555
vt 0.541040 0.533861
vt 0.516645 0.432840
vt 0.471509 0.521129
vt 0.483727 0.502090
vt 0.415548 0.561441
vt 0.450611 0.612044
vt 0.387195 0.635515
vt 0.433354 0.805059
vt 0.387190 0.801344
vt 0.433335 0.937503
vt 0.387224 0.967123
vt 0.409897 0.935300
vt 0.433519 0.706354
vt 0.499225 0.673059
vt 0.500608 1.000000
vt 0.000000 1.000000
vt 0.000000 0.000000
vt 1.000000 1.000000
vt 1.000000 1.000000
vt 0.000000 0.000000
vt 0.000000 1.000000
vt 1.000000 0.000000
vt 1.000000 1.000000
vt 0.000000 0.000000
vt 1.000000 0.000000
vt 0.000000 1.000000
vt 1.000000 1.000000
vt 0.000000 0.000000
vt 1.000000 0.000000
vt 0.000000 1.000000
vt 1.000000 1.000000
vt 0.000000 0.000000
vt 1.000000 0.000000
vt 0.000000 1.000000
vt 1.000000 1.000000
vt 0.000000 0.000000
vt 1.000000 0.000000
vt 0.000000 1.000000
vt 1.000000 1.000000
vt 0.485505 0.195770
vt 0.466629 0.195790
vt 0.439576 0.076094
vt 0.466329 0.103552
vt 0.451847 0.130987
vt 0.429189 0.002210
vt 0.416199 0.046599
vt 0.413205 0.090965
vt 0.402034 0.002286
vt 0.361311 0.046665
vt 0.365463 0.091022
vt 0.361438 0.389511
vt 0.361434 0.345155
vt 0.365557 0.300776
vt 0.361504 0.389435
vt 0.416321 0.345089
vt 0.413299 0.300719
vt 0.402100 0.315412
vt 0.466404 0.288028
vt 0.451905 0.260622
vt 0.429230 0.002648
vt 0.100977 0.047027
vt 0.105128 0.091383
vt 0.101103 0.345154
vt 0.354247 0.195770
vt 0.466629 0.103552
vt 0.451847 0.046599
vt 0.413205 0.046665
vt 0.365463 0.345155
vt 0.365557 0.345089
vt 0.413299 0.288028
vt 0.451905 0.047027
vt 0.105128 1.000000
vt 0.000000 1.000000
vt 0.000000 0.000000
vt 1.000000 1.000000
vt 1.000000 1.000000
vt 0.000000 0.000000
vt 0.000000 1.000000
vt 1.000000 0.000000
vt 1.000000 1.000000
vt 0.000000 0.000000
vt 1.000000 0.000000
vt 0.000000 1.000000
vt 1.000000 1.000000
vt 0.000000 0.000000
vt 1.000000 0.000000
vt 0.000000 1.000000
vt 1.000000 1.000000
vt 0.000000 0.000000
vt 1.000000 0.000000
vt 0.000000 1.000000
vt 1.000000 1.000000
vt 0.000000 0.000000
vt 1.000000 0.000000
vt 0.000000 1.000000
vt 1.000000 1.000000
vt 0.485505 0.195770
vt 0.466629 0.195790
vt 0.439576 0.076094
vt 0.466329 0.103552
vt 0.451847 0.130987
vt 0.429189 0.002210
vt 0.416199 0.046599
vt 0.413205 0.090965
vt 0.402034 0.002286
vt 0.361311 0.046665
vt 0.365463 0.091022
vt 0.361438 0.389511
vt 0.361434 0.345155
vt 0.365557 0.300776
vt 0.361504 0.389435
vt 0.416321 0.345089
vt 0.413299 0.300719
vt 0.402100 0.315412
vt 0.466404 0.288028
vt 0.451905 0.260622
vt 0.429230 0.002648
vt 0.100977 0.047027
vt 0.105128 0.091383
vt 0.101103 0.345154
vt 0.354247 0.195770
vt 0.466629 0.103552
vt 0.451847 0.046599
vt 0.413205 0.046665
vt 0.365463 0.345155
vt 0.365557 0.345089
vt 0.413299 0.288028
vt 0.451905 0.047027
vt 0.105128 1.000000
vt 0.000000 1.000000
vt 0.000000 0.000000
vt 1.000000 1.000000
vt 1.000000 1.000000
vt 0.000000 0.000000
vt 0.000000 1.000000
vt 1.000000 0.000000
vt 1.000000 1.000000
vt 0.000000 0.000000
vt 1.000000 0.000000
vt 0.000000 1.000000
vt 1.000000 1.000000
vt 0.000000 0.000000
vt 1.000000 0.000000
vt 0.000000 1.000000
vt 1.000000 1.000000
vt 0.000000 0.000000
vt 1.000000 0.000000
vt 0.000000 1.000000
vt 1.000000 1.000000
vt 0.000000 0.000000
vt 1.000000 0.000000
vt 0.000000 1.000000
vt 1.000000 1.000000
vt 0.466629 0.103552
vt 0.451847 0.046599
vt 0.413205 0.046665
vt 0.365463 0.345155
vt 0.365557 0.345089
vt 0.413299 0.288028
vt 0.451905 0.047027
vt 0.105128 0.195726
vt 0.485505 0.195770
vt 0.466629 0.195790
vt 0.439576 0.076094
vt 0.466329 0.103552
vt 0.451847 0.130987
vt 0.429189 0.002210
vt 0.416199 0.046599
vt 0.413205 0.090965
vt 0.402034 0.002286
vt 0.361311 0.046665
vt 0.365463 0.091022
vt 0.361438 0.389511
vt 0.361434 0.345155
vt 0.365557 0.300776
vt 0.361504 0.389435
vt 0.416321 0.345089
vt 0.413299 0.300719
vt 0.402100 0.315412
vt 0.466404 0.288028
vt 0.451905 0.260622
vt 0.429230 0.002648
vt 0.100977 0.047027
vt 0.105128 0.091383
vt 0.101103 0.345154
vt 0.354247 1.000000
vt 0.000000 1.000000
vt 0.000000 0.000000
vt 1.000000 1.000000
vt 1.000000 1.000000
vt 0.000000 0.000000
vt 0.000000 1.000000
vt 1.000000 0.000000
vt 1.000000 1.000000
vt 0.000000 0.000000
vt 1.000000 0.000000
vt 0.000000 1.000000
vt 1.000000 1.000000
vt 0.000000 0.000000
vt 1.000000 0.000000
vt 0.000000 1.000000
vt 1.000000 1.000000
vt 0.000000 0.000000
vt 1.000000 0.000000
vt 0.000000 1.000000
vt 1.000000 1.000000
vt 0.000000 0.000000
vt 1.000000 0.000000
vt 0.000000 1.000000
vt 1.000000 1.000000
vt 0.485505 0.195770
vt 0.466629 0.195790
vt 0.439576 0.076094
vt 0.466329 0.103552
vt 0.451847 0.130987
vt 0.429189 0.002210
vt 0.416199 0.046599
vt 0.413205 0.090965
vt 0.402034 0.002286
vt 0.361311 0.046665
vt 0.365463 0.091022
vt 0.361438 0.389511
vt 0.361434 0.345155
vt 0.365557 0.300776
vt 0.361504 0.389435
vt 0.416321 0.345089
vt 0.413299 0.300719
vt 0.402100 0.315412
vt 0.466404 0.288028
vt 0.451905 0.260622
vt 0.429230 0.002648
vt 0.100977 0.047027
vt 0.105128 0.091383
vt 0.101103 0.345154
vt 0.354247 0.195770
vt 0.466629 0.103552
vt 0.451847 0.046599
vt 0.413205 0.046665
vt 0.365463 0.345155
vt 0.365557 0.345089
vt 0.413299 0.288028
vt 0.451905 0.047027
vt 0.105128 1.000000
vt 0.000000 1.000000
vt 0.000000 0.000000
vt 1.000000 1.000000
vt 1.000000 1.000000
vt 0.000000 0.000000
vt 0.000000 1.000000
vt 1.000000 0.000000
vt 1.000000 1.000000
vt 0.000000 0.000000
vt 1.000000 0.000000
vt 0.000000 1.000000
vt 1.000000 1.000000
vt 0.000000 0.000000
vt 1.000000 0.000000
vt 0.000000 1.000000
vt 1.000000 1.000000
vt 0.000000 0.000000
vt 1.000000 0.000000
vt 0.000000 1.000000
vt 1.000000 1.000000
vt 0.000000 0.000000
vt 1.000000 0.000000
vt 0.000000 1.000000
vt 1.000000 1.000000
vt 0.485505 0.195770
vt 0.466629 0.195790
vt 0.439576 0.076094
vt 0.466329 0.103552
vt 0.451847 0.130987
vt 0.429189 0.002210
vt 0.416199 0.046599
vt 0.413205 0.090965
vt 0.402034 0.002286
vt 0.361311 0.046665
vt 0.365463 0.091022
vt 0.361438 0.389511
vt 0.361434 0.345155
vt 0.365557 0.300776
vt 0.361504 0.389435
vt 0.416321 0.345089
vt 0.413299 0.300719
vt 0.402100 0.315412
vt 0.466404 0.288028
vt 0.451905 0.260622
vt 0.429230 0.002648
vt 0.100977 0.047027
vt 0.105128 0.091383
vt 0.101103 0.345154
vt 0.354247 0.195770
vt 0.466629 0.103552
vt 0.451847 0.046599
vt 0.413205 0.046665
vt 0.365463 0.345155
vt 0.365557 0.345089
vt 0.413299 0.288028
vt 0.451905 0.047027
vt 0.105128 1.000000
vt 0.733859 0.004974
vt 0.647015 0.004978
vt 0.560170 0.004982
vt 0.473325 0.004958
vt 0.970716 0.004961
vt 0.907549 0.004966
vt 0.820704 0.034623
vt 0.732970 0.034627
vt 0.647133 0.034631
vt 0.560288 0.034635
vt 0.473443 0.034611
vt 0.970834 0.034614
vt 0.907164 0.034619
vt 0.820822 0.004970
vt 0.733859 0.004974
vt 0.647015 0.004978
vt 0.560170 0.004961
vt 0.907549 0.004966
vt 0.820704 0.034623
vt 0.732970 0.034627
vt 0.647133 0.034631
vt 0.560288 0.034614
vt 0.907164 0.034619
vt 0.820822 0.073784
vt 0.867730 0.208542
vt 0.906632 0.130739
vt 0.896208 0.052937
vt 0.828829 0.130739
vt 0.761450 0.208542
vt 0.751026 0.073784
vt 0.789928 0.753025
vt 0.961180 0.988819
vt 0.523802 0.988819
vt 0.995390 0.580412
vt 0.641699 0.753025
vt 0.555393 0.581067
vt 0.872254 0.517231
vt 0.759596 0.034635
vt 0.473443 0.004982
vt 0.473325 0.004958
vt 0.970716 0.034611
vt 0.970834 0.130739
vt 0.761450 0.208542
vt 0.906632 0.208542
vt 0.751026 0.073784
vt 0.867730 0.130739
vt 0.896208 0.052937
vt 0.828829 0.073784
vt 0.789928 0.580412
vt 0.641699 0.988819
vt 0.523802 0.753025
vt 0.555393 0.753025
vt 0.961180 0.988819
vt 0.995390 0.581067
vt 0.872254 0.517231
vt 0.759596 1.000000

f 65/65 70/70 66/66
f 65/65 66/66 67/67
f 65/65 67/67 68/68
f 65/65 68/68 69/69
f 70/70 71/71 66/66
f 71/71 70/70 72/72
f 66/66 73/73 67/67
f 73/73 66/66 71/71
f 73/73 68/68 67/67
f 68/68 73/73 74/74
f 74/74 69/69 68/68
f 69/69 74/74 75/75
f 76/76 78/78 77/77
f 78/78 76/76 79/79
f 80/80 79/79 76/76
f 79/79 80/80 81/81
f 82/82 81/81 80/80
f 81/81 82/82 83/83
f 84/84 83/83 82/82
f 83/83 84/84 85/85
f 72/72 79/79 71/71
f 79/79 72/72 78/78
f 71/71 81/81 73/73
f 81/81 71/71 79/79
f 81/81 74/74 73/73
f 74/74 81/81 83/83
f 83/83 75/75 74/74
f 75/75 83/83 85/85
f 1017/1017 86/86 1018/1018
f 1017/1017 87/87 86/86
f 1017/1017 88/88 87/87
f 1017/1017 1019/1019 88/88
f 1018/1018 86/86 89/89
f 89/89 1020/1020 1018/1018
f 86/86 87/87 90/90
f 90/90 89/89 86/86
f 90/90 87/87 88/88
f 88/88 91/91 90/90
f 91/91 88/88 1019/1019
f 1019/1019 1021/1021 91/91
f 92/92 1022/1022 1023/1023
f 1023/1023 93/93 92/92
f 94/94 92/92 93/93
f 93/93 95/95 94/94
f 96/96 94/94 95/95
f 95/95 97/97 96/96
f 1024/1024 96/96 97/97
f 97/97 1025/1025 1024/1024
f 1020/1020 89/89 93/93
f 93/93 1023/1023 1020/1020
f 89/89 90/90 95/95
f 95/95 93/93 89/89
f 95/95 90/90 91/91
f 91/91 97/97 95/95
f 97/97 91/91 1021/1021
f 1021/1021 1025/1025 97/97
f 98/98 103/103 99/99
f 98/98 99/99 100/100
f 98/98 100/100 101/101
f 98/98 101/101 102/102
f 103/103 104/104 99/99
f 104/104 103/103 105/105
f 99/99 106/106 100/100
f 106/106 99/99 104/104
f 106/106 101/101 100/100
f 101/101 106/106 107/107
f 107/107 102/102 101/101
f 102/102 107/107 108/108
f 109/109 111/111 110/110
f 111/111 109/109 112/112
f 113/113 112/112 109/109
f 112/112 113/113 114/114
f 115/115 114/114 113/113
f 114/114 115/115 116/116
f 117/117 116/116 115/115
f 116/116 117/117 118/118
f 105/105 112/112 104/104
f 112/112 105/105 111/111
f 104/104 114/114 106/106
f 114/114 104/104 112/112
f 114/114 107/107 106/106
f 107/107 114/114 116/116
f 116/116 108/108 107/107
f 108/108 116/116 118/118
f 1026/1026 119/119 1027/1027
f 1026/1026 120/120 119/119
f 1026/1026 121/121 120/120
f 1026/1026 1028/1028 121/121
f 1027/1027 119/119 122/122
f 122/122 1029/1029 1027/1027
f 119/119 120/120 123/123
f 123/123 122/122 119/119
f 123/123 120/120 121/121
f 121/121 124/124 123/123
f 124/124 121/121 1028/1028
f 1028/1028 1030/1030 124/124
f 125/125 1031/1031 1032/1032
f 1032/1032 126/126 125/125
f 127/127 125/125 126/126
f 126/126 128/128 127/127
f 129/129 127/127 128/128
f 128/128 130/130 129/129
f 1033/1033 129/129 130/130
f 130/130 1034/1034 1033/1033
f 1029/1029 122/122 126/126
f 126/126 1032/1032 1029/1029
f 122/122 123/123 128/128
f 128/128 126/126 122/122
f 128/128 123/123 124/124
f 124/124 130/130 128/128
f 130/130 124/124 1030/1030
f 1030/1030 1034/1034 130/130
f 131/131 136/136 132/132
f 131/131 132/132 133/133
f 131/131 133/133 134/134
f 131/131 134/134 135/135
f 136/136 137/137 132/132
f 137/137 136/136 138/138
f 132/132 139/139 133/133
f 139/139 132/132 137/137
f 139/139 134/134 133/133
f 134/134 139/139 140/140
f 140/140 135/135 134/134
f 135/135 140/140 141/141
f 142/142 144/144 143/143
f 144/144 142/142 145/145
f 146/146 145/145 142/142
f 145/145 146/146 147/147
f 148/148 147/147 146/146
f 147/147 148/148 149/149
f 150/150 149/149 148/148
f 149/149 150/150 151/151
f 138/138 145/145 137/137
f 145/145 138/138 144/144
f 137/137 147/147 139/139
f 147/147 137/137 145/145
f 147/147 140/140 139/139
f 140/140 147/147 149/149
f 149/149 141/141 140/140
f 141/141 149/149 151/151
f 1035/1035 152/152 1036/1036
f 1035/1035 153/153 152/152
f 1035/1035 154/154 153/153
f 1035/1035 1037/1037 154/154
f 1036/1036 152/152 155/155
f 155/155 1038/1038 1036/1036
f 152/152 153/153 156/156
f 156/156 155/155 152/152
f 156/156 153/153 154/154
f 154/154 157/157 156/156
f 157/157 154/154 1037/1037
f 1037/1037 1039/1039 157/157
f 158/158 1040/1040 1041/1041
f 1041/1041 159/159 158/158
f 160/160 158/158 159/159
f 159/159 161/161 160/160
f 162/162 160/160 161/161
f 161/161 163/163 162/162
f 1042/1042 162/162 163/163
f 163/163 1043/1043 1042/1042
f 1038/1038 155/155 159/159
f 159/159 1041/1041 1038/1038
f 155/155 156/156 161/161
f 161/161 159/159 155/155
f 161/161 156/156 157/157
f 157/157 163/163 161/161
f 163/163 157/157 1039/1039
f 1039/1039 1043/1043 163/163
f 164/164 169/169 165/165
f 164/164 165/165 166/166
f 164/164 166/166 167/167
f 164/164 167/167 168/168
f 169/169 170/170 165/165
f 170/170 169/169 171/171
f 165/165 172/172 166/166
f 172/172 165/165 170/170
f 172/172 167/167 166/166
f 167/167 172/172 173/173
f 173/173 168/168 167/167
f 168/168 173/173 174/174
f 175/175 177/177 176/176
f 177/177 175/175 178/178
f 179/179 178/178 175/175
f 178/178 179/179 180/180
f 181/181 180/180 179/179
f 180/180 181/181 182/182
f 183/183 182/182 181/181
f 182/182 183/183 184/184
f 171/171 178/178 170/170
f 178/178 171/171 177/177
f 170/170 180/180 172/172
f 180/180 170/170 178/178
f 180/180 173/173 172/172
f 173/173 180/180 182/182
f 182/182 174/174 173/173
f 174/174 182/182 184/184
f 1044/1044 185/185 1045/1045
f 1044/1044 186/186 185/185
f 1044/1044 187/187 186/186
f 1044/1044 1046/1046 187/187
f 1045/1045 185/185 188/188
f 188/188 1047/1047 1045/1045
f 185/185 186/186 189/189
f 189/189 188/188 185/185
f 189/189 186/186 187/187
f 187/187 190/190 189/189
f 190/190 187/187 1046/1046
f 1046/1046 1048/1048 190/190
f 191/191 1049/1049 1050/1050
f 1050/1050 192/192 191/191
f 193/193 191/191 192/192
f 192/192 194/194 193/193
f 195/195 193/193 194/194
f 194/194 196/196 195/195
f 1051/1051 195/195 196/196
f 196/196 1052/1052 1051/1051
f 1047/1047 188/188 192/192
f 192/192 1050/1050 1047/1047
f 188/188 189/189 194/194
f 194/194 192/192 188/188
f 194/194 189/189 190/190
f 190/190 196/196 194/194
f 196/196 190/190 1048/1048
f 1048/1048 1052/1052 196/196
f 197/197 202/202 198/198
f 197/197 198/198 199/199
f 197/197 199/199 200/200
f 197/197 200/200 201/201
f 202/202 203/203 198/198
f 203/203 202/202 204/204
f 198/198 205/205 199/199
f 205/205 198/198 203/203
f 205/205 200/200 199/199
f 200/200 205/205 206/206
f 206/206 201/201 200/200
f 201/201 206/206 207/207
f 208/208 210/210 209/209
f 210/210 208/208 211/211
f 212/212 211/211 208/208
f 211/211 212/212 213/213
f 214/214 213/213 212/212
f 213/213 214/214 215/215
f 216/216 215/215 214/214
f 215/215 216/216 217/217
f 204/204 211/211 203/203
f 211/211 204/204 210/210
f 203/203 213/213 205/205
f 213/213 203/203 211/211
f 213/213 206/206 205/205
f 206/206 213/213 215/215
f 215/215 207/207 206/206
f 207/207 215/215 217/217
f 1053/1053 218/218 1054/1054
f 1053/1053 219/219 218/218
f 1053/1053 220/220 219/219
f 1053/1053 1055/1055 220/220
f 1054/1054 218/218 221/221
f 221/221 1056/1056 1054/1054
f 218/218 219/219 222/222
f 222/222 221/221 218/218
f 222/222 219/219 220/220
f 220/220 223/223 222/222
f 223/223 220/220 1055/1055
f 1055/1055 1057/1057 223/223
f 224/224 1058/1058 1059/1059
f 1059/1059 225/225 224/224
f 226/226 224/224 225/225
f 225/225 227/227 226/226
f 228/228 226/226 227/227
f 227/227 229/229 228/228
f 1060/1060 228/228 229/229
f 229/229 1061/1061 1060/1060
f 1056/1056 221/221 225/225
f 225/225 1059/1059 1056/1056
f 221/221 222/222 227/227
f 227/227 225/225 221/221
f 227/227 222/222 223/223
f 223/223 229/229 227/227
f 229/229 223/223 1057/1057
f 1057/1057 1061/1061 229/229
f 230/230 235/235 231/231
f 230/230 231/231 232/232
f 230/230 232/232 233/233
f 230/230 233/233 234/234
f 235/235 236/236 231/231
f 236/236 235/235 237/237
f 231/231 238/238 232/232
f 238/238 231/231 236/236
f 238/238 233/233 232/232
f 233/233 238/238 239/239
f 239/239 234/234 233/233
f 234/234 239/239 240/240
f 241/241 243/243 242/242
f 243/243 241/241 244/244
f 245/245 244/244 241/241
f 244/244 245/245 246/246
f 247/247 246/246 245/245
f 246/246 247/247 248/248
f 249/249 248/248 247/247
f 248/248 249/249 250/250
f 237/237 244/244 236/236
f 244/244 237/237 243/243
f 236/236 246/246 238/238
f 246/246 236/236 244/244
f 246/246 239/239 238/238
f 239/239 246/246 248/248
f 248/248 240/240 239/239
f 240/240 248/248 250/250
f 1062/1062 251/251 1063/1063
f 1062/1062 252/252 251/251
f 1062/1062 253/253 252/252
f 1062/1062 1064/1064 253/253
f 1063/1063 251/251 254/254
f 254/254 1065/1065 1063/1063
f 251/251 252/252 255/255
f 255/255 254/254 251/251
f 255/255 252/252 253/253
f 253/253 256/256 255/255
f 256/256 253/253 1064/1064
f 1064/1064 1066/1066 256/256
f 257/257 1067/1067 1068/1068
f 1068/1068 258/258 257/257
f 259/259 257/257 258/258
f 258/258 260/260 259/259
f 261/261 259/259 260/260
f 260/260 262/262 261/261
f 1069/1069 261/261 262/262
f 262/262 1070/1070 1069/1069
f 1065/1065 254/254 258/258
f 258/258 1068/1068 1065/1065
f 254/254 255/255 260/260
f 260/260 258/258 254/254
f 260/260 255/255 256/256
f 256/256 262/262 260/260
f 262/262 256/256 1066/1066
f 1066/1066 1070/1070 262/262
f 413/413 414/414 418/418
f 413/413 415/415 414/414
f 413/413 416/416 415/415
f 413/413 417/417 416/416
f 418/418 414/414 419/419
f 419/419 420/420 418/418
f 414/414 415/415 421/421
f 421/421 419/419 414/414
f 421/421 415/415 416/416
f 416/416 422/422 421/421
f 422/422 416/416 417/417
f 417/417 423/423 422/422
f 424/424 425/425 426/426
f 426/426 427/427 424/424
f 428/428 424/424 427/427
f 427/427 429/429 428/428
f 430/430 428/428 429/429
f 429/429 431/431 430/430
f 432/432 430/430 431/431
f 431/431 433/433 432/432
f 420/420 419/419 427/427
f 427/427 426/426 420/420
f 419/419 421/421 429/429
f 429/429 427/427 419/419
f 429/429 421/421 422/422
f 422/422 431/431 429/429
f 431/431 422/422 423/423
f 423/423 433/433 431/431
f 1077/1077 1078/1078 434/434
f 1077/1077 434/434 435/435
f 1077/1077 435/435 436/436
f 1077/1077 436/436 1079/1079
f 1078/1078 437/437 434/434
f 437/437 1078/1078 1080/1080
f 434/434 438/438 435/435
f 438/438 434/434 437/437
f 438/438 436/436 435/435
f 436/436 438/438 439/439
f 439/439 1079/1079 436/436
f 1079/1079 439/439 1081/1081
f 440/440 1082/1082 1083/1083
f 1082/1082 440/440 441/441
f 442/442 441/441 440/440
f 441/441 442/442 443/443
f 444/444 443/443 442/442
f 443/443 444/444 445/445
f 1084/1084 445/445 444/444
f 445/445 1084/1084 1085/1085
f 1080/1080 441/441 437/437
f 441/441 1080/1080 1082/1082
f 437/437 443/443 438/438
f 443/443 437/437 441/441
f 443/443 439/439 438/438
f 439/439 443/443 445/445
f 445/445 1081/1081 439/439
f 1081/1081 445/445 1085/1085
f 446/446 447/447 451/451
f 446/446 448/448 447/447
f 446/446 449/449 448/448
f 446/446 450/450 449/449
f 451/451 447/447 452/452
f 452/452 453/453 451/451
f 447/447 448/448 454/454
f 454/454 452/452 447/447
f 454/454 448/448 449/449
f 449/449 455/455 454/454
f 455/455 449/449 450/450
f 450/450 456/456 455/455
f 457/457 458/458 459/459
f 459/459 460/460 457/457
f 461/461 457/457 460/460
f 460/460 462/462 461/461
f 463/463 461/461 462/462
f 462/462 464/464 463/463
f 465/465 463/463 464/464
f 464/464 466/466 465/465
f 453/453 452/452 460/460
f 460/460 459/459 453/453
f 452/452 454/454 462/462
f 462/462 460/460 452/452
f 462/462 454/454 455/455
f 455/455 464/464 462/462
f 464/464 455/455 456/456
f 456/456 466/466 464/464
f 1086/1086 1087/1087 467/467
f 1086/1086 467/467 468/468
f 1086/1086 468/468 469/469
f 1086/1086 469/469 1088/1088
f 1087/1087 470/470 467/467
f 470/470 1087/1087 1089/1089
f 467/467 471/471 468/468
f 471/471 467/467 470/470
f 471/471 469/469 468/468
f 469/469 471/471 472/472
f 472/472 1088/1088 469/469
f 1088/1088 472/472 1090/1090
f 473/473 1091/1091 1092/1092
f 1091/1091 473/473 474/474
f 475/475 474/474 473/473
f 474/474 475/475 476/476
f 477/477 476/476 475/475
f 476/476 477/477 478/478
f 1093/1093 478/478 477/477
f 478/478 1093/1093 1094/1094
f 1089/1089 474/474 470/470
f 474/474 1089/1089 1091/1091
f 470/470 476/476 471/471
f 476/476 470/470 474/474
f 476/476 472/472 471/471
f 472/472 476/476 478/478
f 478/478 1090/1090 472/472
f 1090/1090 478/478 1094/1094
f 479/479 480/480 484/484
f 479/479 481/481 480/480
f 479/479 482/482 481/481
f 479/479 483/483 482/482
f 484/484 480/480 485/485
f 485/485 486/486 484/484
f 480/480 481/481 487/487
f 487/487 485/485 480/480
f 487/487 481/481 482/482
f 482/482 488/488 487/487
f 488/488 482/482 483/483
f 483/483 489/489 488/488
f 490/490 491/491 492/492
f 492/492 493/493 490/490
f 494/494 490/490 493/493
f 493/493 495/495 494/494
f 496/496 494/494 495/495
f 495/495 497/497 496/496
f 498/498 496/496 497/497
f 497/497 499/499 498/498
f 486/486 485/485 493/493
f 493/493 492/492 486/486
f 485/485 487/487 495/495
f 495/495 493/493 485/485
f 495/495 487/487 488/488
f 488/488 497/497 495/495
f 497/497 488/488 489/489
f 489/489 499/499 497/497
f 1095/1095 1096/1096 500/500
f 1095/1095 500/500 501/501
f 1095/1095 501/501 502/502
f 1095/1095 502/502 1097/1097
f 1096/1096 503/503 500/500
f 503/503 1096/1096 1098/1098
f 500/500 504/504 501/501
f 504/504 500/500 503/503
f 504/504 502/502 501/501
f 502/502 504/504 505/505
f 505/505 1097/1097 502/502
f 1097/1097 505/505 1099/1099
f 506/506 1100/1100 1101/1101
f 1100/1100 506/506 507/507
f 508/508 507/507 506/506
f 507/507 508/508 509/509
f 510/510 509/509 508/508
f 509/509 510/510 511/511
f 1102/1102 511/511 510/510
f 511/511 1102/1102 1103/1103
f 1098/1098 507/507 503/503
f 507/507 1098/1098 1100/1100
f 503/503 509/509 504/504
f 509/509 503/503 507/507
f 509/509 505/505 504/504
f 505/505 509/509 511/511
f 511/511 1099/1099 505/505
f 1099/1099 511/511 1103/1103
f 512/512 513/513 517/517
f 512/512 514/514 513/513
f 512/512 515/515 514/514
f 512/512 516/516 515/515
f 517/517 513/513 518/518
f 518/518 519/519 517/517
f 513/513 514/514 520/520
f 520/520 518/518 513/513
f 520/520 514/514 515/515
f 515/515 521/521 520/520
f 521/521 515/515 516/516
f 516/516 522/522 521/521
f 523/523 524/524 525/525
f 525/525 526/526 523/523
f 527/527 523/523 526/526
f 526/526 528/528 527/527
f 529/529 527/527 528/528
f 528/528 530/530 529/529
f 531/531 529/529 530/530
f 530/530 532/532 531/531
f 519/519 518/518 526/526
f 526/526 525/525 519/519
f 518/518 520/520 528/528
f 528/528 526/526 518/518
f 528/528 520/520 521/521
f 521/521 530/530 528/528
f 530/530 521/521 522/522
f 522/522 532/532 530/530
f 1104/1104 1105/1105 533/533
f 1104/1104 533/533 534/534
f 1104/1104 534/534 535/535
f 1104/1104 535/535 1106/1106
f 1105/1105 536/536 533/533
f 536/536 1105/1105 1107/1107
f 533/533 537/537 534/534
f 537/537 533/533 536/536
f 537/537 535/535 534/534
f 535/535 537/537 538/538
f 538/538 1106/1106 535/535
f 1106/1106 538/538 1108/1108
f 539/539 1109/1109 1110/1110
f 1109/1109 539/539 540/540
f 541/541 540/540 539/539
f 540/540 541/541 542/542
f 543/543 542/542 541/541
f 542/542 543/543 544/544
f 1111/1111 544/544 543/543
f 544/544 1111/1111 1112/1112
f 1107/1107 540/540 536/536
f 540/540 1107/1107 1109/1109
f 536/536 542/542 537/537
f 542/542 536/536 540/540
f 542/542 538/538 537/537
f 538/538 542/542 544/544
f 544/544 1108/1108 538/538
f 1108/1108 544/544 1112/1112
f 545/545 546/546 550/550
f 545/545 547/547 546/546
f 545/545 548/548 547/547
f 545/545 549/549 548/548
f 550/550 546/546 551/551
f 551/551 552/552 550/550
f 546/546 547/547 553/553
f 553/553 551/551 546/546
f 553/553 547/547 548/548
f 548/548 554/554 553/553
f 554/554 548/548 549/549
f 549/549 555/555 554/554
f 556/556 557/557 558/558
f 558/558 559/559 556/556
f 560/560 556/556 559/559
f 559/559 561/561 560/560
f 562/562 560/560 561/561
f 561/561 563/563 562/562
f 564/564 562/562 563/563
f 563/563 565/565 564/564
f 552/552 551/551 559/559
f 559/559 558/558 552/552
f 551/551 553/553 561/561
f 561/561 559/559 551/551
f 561/561 553/553 554/554
f 554/554 563/563 561/561
f 563/563 554/554 555/555
f 555/555 565/565 563/563
f 1113/1113 1114/1114 566/566
f 1113/1113 566/566 567/567
f 1113/1113 567/567 568/568
f 1113/1113 568/568 1115/1115
f 1114/1114 569/569 566/566
f 569/569 1114/1114 1116/1116
f 566/566 570/570 567/567
f 570/570 566/566 569/569
f 570/570 568/568 567/567
f 568/568 570/570 571/571
f 571/571 1115/1115 568/568
f 1115/1115 571/571 1117/1117
f 572/572 1118/1118 1119/1119
f 1118/1118 572/572 573/573
f 574/574 573/573 572/572
f 573/573 574/574 575/575
f 576/576 575/575 574/574
f 575/575 576/576 577/577
f 1120/1120 577/577 576/576
f 577/577 1120/1120 1121/1121
f 1116/1116 573/573 569/569
f 573/573 1116/1116 1118/1118
f 569/569 575/575 570/570
f 575/575 569/569 573/573
f 575/575 571/571 570/570
f 571/571 575/575 577/577
f 577/577 1117/1117 571/571
f 1117/1117 577/577 1121/1121
f 578/578 579/579 583/583
f 578/578 580/580 579/579
f 578/578 581/581 580/580
f 578/578 582/582 581/581
f 583/583 579/579 584/584
f 584/584 585/585 583/583
f 579/579 580/580 586/586
f 586/586 584/584 579/579
f 586/586 580/580 581/581
f 581/581 587/587 586/586
f 587/587 581/581 582/582
f 582/582 588/588 587/587
f 589/589 590/590 591/591
f 591/591 592/592 589/589
f 593/593 589/589 592/592
f 592/592 594/594 593/593
f 595/595 593/593 594/594
f 594/594 596/596 595/595
f 597/597 595/595 596/596
f 596/596 598/598 597/597
f 585/585 584/584 592/592
f 592/592 591/591 585/585
f 584/584 586/586 594/594
f 594/594 592/592 584/584
f 594/594 586/586 587/587
f 587/587 596/596 594/594
f 596/596 587/587 588/588
f 588/588 598/598 596/596
f 1122/1122 1123/1123 599/599
f 1122/1122 599/599 600/600
f 1122/1122 600/600 601/601
f 1122/1122 601/601 1124/1124
f 1123/1123 602/602 599/599
f 602/602 1123/1123 1125/1125
f 599/599 603/603 600/600
f 603/603 599/599 602/602
f 603/603 601/601 600/600
f 601/601 603/603 604/604
f 604/604 1124/1124 601/601
f 1124/1124 604/604 1126/1126
f 605/605 1127/1127 1128/1128
f 1127/1127 605/605 606/606
f 607/607 606/606 605/605
f 606/606 607/607 608/608
f 609/609 608/608 607/607
f 608/608 609/609 610/610
f 1129/1129 610/610 609/609
f 610/610 1129/1129 1130/1130
f 1125/1125 606/606 602/602
f 606/606 1125/1125 1127/1127
f 602/602 608/608 603/603
f 608/608 602/602 606/606
f 608/608 604/604 603/603
f 604/604 608/608 610/610
f 610/610 1126/1126 604/604
f 1126/1126 610/610 1130/1130
f 786/786 787/787 791/791
f 786/786 788/788 787/787
f 786/786 789/789 788/788
f 786/786 790/790 789/789
f 791/791 787/787 792/792
f 792/792 793/793 791/791
f 787/787 788/788 794/794
f 794/794 792/792 787/787
f 794/794 788/788 789/789
f 789/789 795/795 794/794
f 795/795 789/789 790/790
f 790/790 796/796 795/795
f 797/797 798/798 799/799
f 799/799 800/800 797/797
f 801/801 797/797 800/800
f 800/800 802/802 801/801
f 803/803 801/801 802/802
f 802/802 804/804 803/803
f 805/805 803/803 804/804
f 804/804 806/806 805/805
f 793/793 792/792 800/800
f 800/800 799/799 793/793
f 792/792 794/794 802/802
f 802/802 800/800 792/792
f 802/802 794/794 795/795
f 795/795 804/804 802/802
f 804/804 795/795 796/796
f 796/796 806/806 804/804
f 1138/1138 1139/1139 807/807
f 1138/1138 807/807 808/808
f 1138/1138 808/808 809/809
f 1138/1138 809/809 1140/1140
f 1139/1139 810/810 807/807
f 810/810 1139/1139 1141/1141
f 807/807 811/811 808/808
f 811/811 807/807 810/810
f 811/811 809/809 808/808
f 809/809 811/811 812/812
f 812/812 1140/1140 809/809
f 1140/1140 812/812 1142/1142
f 813/813 1143/1143 1144/1144
f 1143/1143 813/813 814/814
f 815/815 814/814 813/813
f 814/814 815/815 816/816
f 817/817 816/816 815/815
f 816/816 817/817 818/818
f 1145/1145 818/818 817/817
f 818/818 1145/1145 1146/1146
f 1141/1141 814/814 810/810
f 814/814 1141/1141 1143/1143
f 810/810 816/816 811/811
f 816/816 810/810 814/814
f 816/816 812/812 811/811
f 812/812 816/816 818/818
f 818/818 1142/1142 812/812
f 1142/1142 818/818 1146/1146
f 264/264 265/265 266/266
f 269/269 266/266 270/270
f 263/263 265/265 271/271
f 272/272 271/271 273/273
f 270/270 265/265 274/274
f 275/275 274/274 276/276
f 273/273 1071/1071 277/277
f 280/280 277/277 281/281
f 276/276 1071/1071 278/278
f 279/279 278/278 284/284
f 281/281 1071/1071 282/282
f 283/283 282/282 287/287
f 284/284 1071/1071 285/285
f 286/286 285/285 264/264
f 287/287 265/265 267/267
f 268/268 267/267 269/269
f 275/275 272/272 279/279
f 283/283 286/286 275/275
f 286/286 275/275 268/268
f 268/268 280/280 288/288
f 289/289 290/290 291/291
f 294/294 291/291 295/295
f 288/288 290/290 296/296
f 297/297 296/296 298/298
f 295/295 290/290 299/299
f 300/300 299/299 301/301
f 298/298 1072/1072 302/302
f 305/305 302/302 306/306
f 301/301 1072/1072 303/303
f 304/304 303/303 309/309
f 306/306 1072/1072 307/307
f 308/308 307/307 312/312
f 309/309 1072/1072 310/310
f 311/311 310/310 289/289
f 312/312 290/290 292/292
f 293/293 292/292 294/294
f 300/300 297/297 304/304
f 308/308 311/311 300/300
f 311/311 300/300 293/293
f 293/293 305/305 313/313
f 314/314 315/315 316/316
f 319/319 316/316 320/320
f 313/313 315/315 321/321
f 322/322 321/321 323/323
f 320/320 315/315 324/324
f 325/325 324/324 326/326
f 323/323 1073/1073 327/327
f 330/330 327/327 331/331
f 326/326 1073/1073 328/328
f 329/329 328/328 334/334
f 331/331 1073/1073 332/332
f 333/333 332/332 337/337
f 334/334 1073/1073 335/335
f 336/336 335/335 314/314
f 337/337 315/315 317/317
f 318/318 317/317 319/319
f 325/325 322/322 329/329
f 333/333 336/336 325/325
f 336/336 325/325 318/318
f 318/318 330/330 338/338
f 339/339 340/340 341/341
f 344/344 341/341 345/345
f 338/338 340/340 346/346
f 347/347 346/346 348/348
f 345/345 340/340 349/349
f 350/350 349/349 351/351
f 348/348 1074/1074 352/352
f 355/355 352/352 356/356
f 351/351 1074/1074 353/353
f 354/354 353/353 359/359
f 356/356 1074/1074 357/357
f 358/358 357/357 362/362
f 359/359 1074/1074 360/360
f 361/361 360/360 339/339
f 362/362 340/340 342/342
f 343/343 342/342 344/344
f 350/350 347/347 354/354
f 358/358 361/361 350/350
f 361/361 350/350 343/343
f 343/343 355/355 363/363
f 364/364 365/365 366/366
f 369/369 366/366 370/370
f 363/363 365/365 371/371
f 372/372 371/371 373/373
f 370/370 365/365 374/374
f 375/375 374/374 376/376
f 373/373 1075/1075 377/377
f 380/380 377/377 381/381
f 376/376 1075/1075 378/378
f 379/379 378/378 384/384
f 381/381 1075/1075 382/382
f 383/383 382/382 387/387
f 384/384 1075/1075 385/385
f 386/386 385/385 364/364
f 387/387 365/365 367/367
f 368/368 367/367 369/369
f 375/375 372/372 379/379
f 383/383 386/386 375/375
f 386/386 375/375 368/368
f 368/368 380/380 388/388
f 389/389 390/390 391/391
f 394/394 391/391 395/395
f 388/388 390/390 396/396
f 397/397 396/396 398/398
f 395/395 390/390 399/399
f 400/400 399/399 401/401
f 398/398 1076/1076 402/402
f 405/405 402/402 406/406
f 401/401 1076/1076 403/403
f 404/404 403/403 409/409
f 406/406 1076/1076 407/407
f 408/408 407/407 412/412
f 409/409 1076/1076 410/410
f 411/411 410/410 389/389
f 412/412 390/390 392/392
f 393/393 392/392 394/394
f 400/400 397/397 404/404
f 408/408 411/411 400/400
f 411/411 400/400 393/393
f 393/393 405/405 611/611
f 613/613 612/612 614/614
f 614/614 617/617 618/618
f 613/613 611/611 619/619
f 619/619 620/620 621/621
f 613/613 618/618 622/622
f 622/622 623/623 624/624
f 1131/1131 621/621 625/625
f 625/625 628/628 629/629
f 1131/1131 624/624 626/626
f 626/626 627/627 632/632
f 1131/1131 629/629 630/630
f 630/630 631/631 635/635
f 1131/1131 632/632 633/633
f 633/633 634/634 612/612
f 613/613 635/635 615/615
f 615/615 616/616 617/617
f 620/620 623/623 627/627
f 634/634 631/631 623/623
f 623/623 634/634 616/616
f 628/628 616/616 636/636
f 638/638 637/637 639/639
f 639/639 642/642 643/643
f 638/638 636/636 644/644
f 644/644 645/645 646/646
f 638/638 643/643 647/647
f 647/647 648/648 649/649
f 1132/1132 646/646 650/650
f 650/650 653/653 654/654
f 1132/1132 649/649 651/651
f 651/651 652/652 657/657
f 1132/1132 654/654 655/655
f 655/655 656/656 660/660
f 1132/1132 657/657 658/658
f 658/658 659/659 637/637
f 638/638 660/660 640/640
f 640/640 641/641 642/642
f 645/645 648/648 652/652
f 659/659 656/656 648/648
f 648/648 659/659 641/641
f 653/653 641/641 661/661
f 663/663 662/662 664/664
f 664/664 667/667 668/668
f 663/663 661/661 669/669
f 669/669 670/670 671/671
f 663/663 668/668 672/672
f 672/672 673/673 674/674
f 1133/1133 671/671 675/675
f 675/675 678/678 679/679
f 1133/1133 674/674 676/676
f 676/676 677/677 682/682
f 1133/1133 679/679 680/680
f 680/680 681/681 685/685
f 1133/1133 682/682 683/683
f 683/683 684/684 662/662
f 663/663 685/685 665/665
f 665/665 666/666 667/667
f 670/670 673/673 677/677
f 684/684 681/681 673/673
f 673/673 684/684 666/666
f 678/678 666/666 686/686
f 688/688 687/687 689/689
f 689/689 692/692 693/693
f 688/688 686/686 694/694
f 694/694 695/695 696/696
f 688/688 693/693 697/697
f 697/697 698/698 699/699
f 1134/1134 696/696 700/700
f 700/700 703/703 704/704
f 1134/1134 699/699 701/701
f 701/701 702/702 707/707
f 1134/1134 704/704 705/705
f 705/705 706/706 710/710
f 1134/1134 707/707 708/708
f 708/708 709/709 687/687
f 688/688 710/710 690/690
f 690/690 691/691 692/692
f 695/695 698/698 702/702
f 709/709 706/706 698/698
f 698/698 709/709 691/691
f 703/703 691/691 711/711
f 713/713 712/712 714/714
f 714/714 717/717 718/718
f 713/713 711/711 719/719
f 719/719 720/720 721/721
f 713/713 718/718 722/722
f 722/722 723/723 724/724
f 1135/1135 721/721 725/725
f 725/725 728/728 729/729
f 1135/1135 724/724 726/726
f 726/726 727/727 732/732
f 1135/1135 729/729 730/730
f 730/730 731/731 735/735
f 1135/1135 732/732 733/733
f 733/733 734/734 712/712
f 713/713 735/735 715/715
f 715/715 716/716 717/717
f 720/720 723/723 727/727
f 734/734 731/731 723/723
f 723/723 734/734 716/716
f 728/728 716/716 736/736
f 738/738 737/737 739/739
f 739/739 742/742 743/743
f 738/738 736/736 744/744
f 744/744 745/745 746/746
f 738/738 743/743 747/747
f 747/747 748/748 749/749
f 1136/1136 746/746 750/750
f 750/750 753/753 754/754
f 1136/1136 749/749 751/751
f 751/751 752/752 757/757
f 1136/1136 754/754 755/755
f 755/755 756/756 760/760
f 1136/1136 757/757 758/758
f 758/758 759/759 737/737
f 738/738 760/760 740/740
f 740/740 741/741 742/742
f 745/745 748/748 752/752
f 759/759 756/756 748/748
f 748/748 759/759 741/741
f 753/753 741/741 767/767
f 761/761 769/769 762/762
f 762/762 779/779 764/764
f 761/761 767/767 771/771
f 771/771 780/780 765/765
f 761/761 764/764 772/772
f 772/772 781/781 766/766
f 1137/1137 765/765 776/776
f 776/776 783/783 768/768
f 1137/1137 766/766 775/775
f 775/775 782/782 770/770
f 1137/1137 768/768 774/774
f 774/774 784/784 763/763
f 1137/1137 770/770 773/773
f 773/773 785/785 769/769
f 761/761 763/763 777/777
f 777/777 778/778 779/779
f 780/780 781/781 782/782
f 785/785 784/784 781/781
f 781/781 785/785 778/778
f 1249/1249 1250/1250 1251/1251
f 1250/1250 1249/1249 1252/1252
f 1233/1233 1245/1245 1246/1246
f 1247/1247 1246/1246 1245/1245
f 1257/1257 1261/1261 1258/1258
f 1261/1261 1257/1257 1260/1260
f 1258/1258 1262/1262 1259/1259
f 1262/1262 1258/1258 1261/1261
f 1260/1260 1264/1264 1261/1261
f 1264/1264 1260/1260 1263/1263
f 1261/1261 1265/1265 1262/1262
f 1265/1265 1261/1261 1264/1264
f 1263/1263 1267/1267 1264/1264
f 1267/1267 1263/1263 1266/1266
f 1264/1264 1268/1268 1265/1265
f 1268/1268 1264/1264 1267/1267
f 1269/1269 1273/1273 1270/1270
f 1273/1273 1269/1269 1272/1272
f 1270/1270 1274/1274 1271/1271
f 1274/1274 1270/1270 1273/1273
f 1272/1272 1276/1276 1273/1273
f 1276/1276 1272/1272 1275/1275
f 1273/1273 1277/1277 1274/1274
f 1277/1277 1273/1273 1276/1276
f 1275/1275 1258/1258 1276/1276
f 1258/1258 1275/1275 1257/1257
f 1276/1276 1259/1259 1277/1277
f 1259/1259 1276/1276 1258/1258
f 1266/1266 1279/1279 1267/1267
f 1279/1279 1266/1266 1278/1278
f 1267/1267 1280/1280 1268/1268
f 1280/1280 1267/1267 1279/1279
f 1271/1271 1281/1281 1270/1270
f 1281/1281 1269/1269 1270/1270
f 1257/1257 1283/1283 1260/1260
f 1283/1283 1257/1257 1282/1282
f 1282/1282 1262/1262 1283/1283
f 1262/1262 1282/1282 1259/1259
f 1260/1260 1284/1284 1263/1263
f 1284/1284 1260/1260 1283/1283
f 1283/1283 1265/1265 1284/1284
f 1265/1265 1283/1283 1262/1262
f 1263/1263 1285/1285 1266/1266
f 1285/1285 1263/1263 1284/1284
f 1284/1284 1268/1268 1285/1285
f 1268/1268 1284/1284 1265/1265
f 1287/1287 1269/1269 1286/1286
f 1269/1269 1287/1287 1272/1272
f 1286/1286 1274/1274 1287/1287
f 1274/1274 1286/1286 1271/1271
f 1272/1272 1288/1288 1275/1275
f 1288/1288 1272/1272 1287/1287
f 1287/1287 1277/1277 1288/1288
f 1277/1277 1287/1287 1274/1274
f 1275/1275 1282/1282 1257/1257
f 1282/1282 1275/1275 1288/1288
f 1288/1288 1259/1259 1282/1282
f 1259/1259 1288/1288 1277/1277
f 1266/1266 1289/1289 1278/1278
f 1289/1289 1266/1266 1285/1285
f 1285/1285 1280/1280 1289/1289
f 1280/1280 1285/1285 1268/1268
f 1271/1271 1286/1286 1281/1281
f 1281/1281 1286/1286 1269/1269
f 1306/1306 1307/1307 1308/1308
f 1307/1307 1306/1306 1309/1309
f 1290/1290 1302/1302 1303/1303
f 1304/1304 1303/1303 1302/1302
f 1314/1314 1318/1318 1315/1315
f 1318/1318 1314/1314 1317/1317
f 1315/1315 1319/1319 1316/1316
f 1319/1319 1315/1315 1318/1318
f 1317/1317 1321/1321 1318/1318
f 1321/1321 1317/1317 1320/1320
f 1318/1318 1322/1322 1319/1319
f 1322/1322 1318/1318 1321/1321
f 1320/1320 1324/1324 1321/1321
f 1324/1324 1320/1320 1323/1323
f 1321/1321 1325/1325 1322/1322
f 1325/1325 1321/1321 1324/1324
f 1326/1326 1330/1330 1327/1327
f 1330/1330 1326/1326 1329/1329
f 1327/1327 1331/1331 1328/1328
f 1331/1331 1327/1327 1330/1330
f 1329/1329 1333/1333 1330/1330
f 1333/1333 1329/1329 1332/1332
f 1330/1330 1334/1334 1331/1331
f 1334/1334 1330/1330 1333/1333
f 1332/1332 1315/1315 1333/1333
f 1315/1315 1332/1332 1314/1314
f 1333/1333 1316/1316 1334/1334
f 1316/1316 1333/1333 1315/1315
f 1323/1323 1336/1336 1324/1324
f 1336/1336 1323/1323 1335/1335
f 1324/1324 1337/1337 1325/1325
f 1337/1337 1324/1324 1336/1336
f 1328/1328 1338/1338 1327/1327
f 1338/1338 1326/1326 1327/1327
f 1314/1314 1340/1340 1317/1317
f 1340/1340 1314/1314 1339/1339
f 1339/1339 1319/1319 1340/1340
f 1319/1319 1339/1339 1316/1316
f 1317/1317 1341/1341 1320/1320
f 1341/1341 1317/1317 1340/1340
f 1340/1340 1322/1322 1341/1341
f 1322/1322 1340/1340 1319/1319
f 1320/1320 1342/1342 1323/1323
f 1342/1342 1320/1320 1341/1341
f 1341/1341 1325/1325 1342/1342
f 1325/1325 1341/1341 1322/1322
f 1344/1344 1326/1326 1343/1343
f 1326/1326 1344/1344 1329/1329
f 1343/1343 1331/1331 1344/1344
f 1331/1331 1343/1343 1328/1328
f 1329/1329 1345/1345 1332/1332
f 1345/1345 1329/1329 1344/1344
f 1344/1344 1334/1334 1345/1345
f 1334/1334 1344/1344 1331/1331
f 1332/1332 1339/1339 1314/1314
f 1339/1339 1332/1332 1345/1345
f 1345/1345 1316/1316 1339/1339
f 1316/1316 1345/1345 1334/1334
f 1323/1323 1346/1346 1335/1335
f 1346/1346 1323/1323 1342/1342
f 1342/1342 1337/1337 1346/1346
f 1337/1337 1342/1342 1325/1325
f 1328/1328 1343/1343 1338/1338
f 1338/1338 1343/1343 1326/1326
f 1363/1363 1364/1364 1365/1365
f 1364/1364 1363/1363 1366/1366
f 1347/1347 1359/1359 1360/1360
f 1361/1361 1360/1360 1359/1359
f 1379/1379 1372/1372 1382/1382
f 1372/1372 1379/1379 1371/1371
f 1371/1371 1384/1384 1372/1372
f 1384/1384 1371/1371 1381/1381
f 1382/1382 1373/1373 1385/1385
f 1373/1373 1382/1382 1372/1372
f 1372/1372 1387/1387 1373/1373
f 1387/1387 1372/1372 1384/1384
f 1385/1385 1374/1374 1388/1388
f 1374/1374 1385/1385 1373/1373
f 1373/1373 1390/1390 1374/1374
f 1390/1390 1373/1373 1387/1387
f 1391/1391 1376/1376 1394/1394
f 1376/1376 1391/1391 1375/1375
f 1375/1375 1396/1396 1376/1376
f 1396/1396 1375/1375 1393/1393
f 1394/1394 1377/1377 1397/1397
f 1377/1377 1394/1394 1376/1376
f 1376/1376 1399/1399 1377/1377
f 1399/1399 1376/1376 1396/1396
f 1397/1397 1371/1371 1379/1379
f 1371/1371 1397/1397 1377/1377
f 1377/1377 1381/1381 1371/1371
f 1381/1381 1377/1377 1399/1399
f 1388/1388 1378/1378 1400/1400
f 1378/1378 1388/1388 1374/1374
f 1374/1374 1402/1402 1378/1378
f 1402/1402 1374/1374 1390/1390
f 1393/1393 1375/1375 1403/1403
f 1403/1403 1375/1375 1391/1391
f 1379/1379 1383/1383 1380/1380
f 1383/1383 1379/1379 1382/1382
f 1380/1380 1384/1384 1381/1381
f 1384/1384 1380/1380 1383/1383
f 1382/1382 1386/1386 1383/1383
f 1386/1386 1382/1382 1385/1385
f 1383/1383 1387/1387 1384/1384
f 1387/1387 1383/1383 1386/1386
f 1385/1385 1389/1389 1386/1386
f 1389/1389 1385/1385 1388/1388
f 1386/1386 1390/1390 1387/1387
f 1390/1390 1386/1386 1389/1389
f 1391/1391 1395/1395 1392/1392
f 1395/1395 1391/1391 1394/1394
f 1392/1392 1396/1396 1393/1393
f 1396/1396 1392/1392 1395/1395
f 1394/1394 1398/1398 1395/1395
f 1398/1398 1394/1394 1397/1397
f 1395/1395 1399/1399 1396/1396
f 1399/1399 1395/1395 1398/1398
f 1397/1397 1380/1380 1398/1398
f 1380/1380 1397/1397 1379/1379
f 1398/1398 1381/1381 1399/1399
f 1381/1381 1398/1398 1380/1380
f 1388/1388 1401/1401 1389/1389
f 1401/1401 1388/1388 1400/1400
f 1389/1389 1402/1402 1390/1390
f 1402/1402 1389/1389 1401/1401
f 1393/1393 1403/1403 1392/1392
f 1403/1403 1391/1391 1392/1392
f 1420/1420 1421/1421 1422/1422
f 1421/1421 1420/1420 1423/1423
f 1404/1404 1416/1416 1417/1417
f 1418/1418 1417/1417 1416/1416
f 1428/1428 1432/1432 1431/1431
f 1432/1432 1428/1428 1429/1429
f 1429/1429 1433/1433 1432/1432
f 1433/1433 1429/1429 1430/1430
f 1431/1431 1435/1435 1434/1434
f 1435/1435 1431/1431 1432/1432
f 1432/1432 1436/1436 1435/1435
f 1436/1436 1432/1432 1433/1433
f 1434/1434 1438/1438 1437/1437
f 1438/1438 1434/1434 1435/1435
f 1435/1435 1439/1439 1438/1438
f 1439/1439 1435/1435 1436/1436
f 1440/1440 1444/1444 1443/1443
f 1444/1444 1440/1440 1441/1441
f 1441/1441 1445/1445 1444/1444
f 1445/1445 1441/1441 1442/1442
f 1443/1443 1447/1447 1446/1446
f 1447/1447 1443/1443 1444/1444
f 1444/1444 1448/1448 1447/1447
f 1448/1448 1444/1444 1445/1445
f 1446/1446 1429/1429 1428/1428
f 1429/1429 1446/1446 1447/1447
f 1447/1447 1430/1430 1429/1429
f 1430/1430 1447/1447 1448/1448
f 1437/1437 1450/1450 1449/1449
f 1450/1450 1437/1437 1438/1438
f 1438/1438 1451/1451 1450/1450
f 1451/1451 1438/1438 1439/1439
f 1442/1442 1441/1441 1452/1452
f 1452/1452 1441/1441 1440/1440
f 1428/1428 1454/1454 1453/1453
f 1454/1454 1428/1428 1431/1431
f 1453/1453 1433/1433 1430/1430
f 1433/1433 1453/1453 1454/1454
f 1431/1431 1455/1455 1454/1454
f 1455/1455 1431/1431 1434/1434
f 1454/1454 1436/1436 1433/1433
f 1436/1436 1454/1454 1455/1455
f 1434/1434 1456/1456 1455/1455
f 1456/1456 1434/1434 1437/1437
f 1455/1455 1439/1439 1436/1436
f 1439/1439 1455/1455 1456/1456
f 1458/1458 1440/1440 1443/1443
f 1440/1440 1458/1458 1457/1457
f 1457/1457 1445/1445 1442/1442
f 1445/1445 1457/1457 1458/1458
f 1443/1443 1459/1459 1458/1458
f 1459/1459 1443/1443 1446/1446
f 1458/1458 1448/1448 1445/1445
f 1448/1448 1458/1458 1459/1459
f 1446/1446 1453/1453 1459/1459
f 1453/1453 1446/1446 1428/1428
f 1459/1459 1430/1430 1448/1448
f 1430/1430 1459/1459 1453/1453
f 1437/1437 1460/1460 1456/1456
f 1460/1460 1437/1437 1449/1449
f 1456/1456 1451/1451 1439/1439
f 1451/1451 1456/1456 1460/1460
f 1442/1442 1452/1452 1457/1457
f 1452/1452 1440/1440 1457/1457
f 1477/1477 1478/1478 1479/1479
f 1478/1478 1477/1477 1480/1480
f 1461/1461 1473/1473 1474/1474
f 1475/1475 1474/1474 1473/1473
f 1485/1485 1489/1489 1488/1488
f 1489/1489 1485/1485 1486/1486
f 1486/1486 1490/1490 1489/1489
f 1490/1490 1486/1486 1487/1487
f 1488/1488 1492/1492 1491/1491
f 1492/1492 1488/1488 1489/1489
f 1489/1489 1493/1493 1492/1492
f 1493/1493 1489/1489 1490/1490
f 1491/1491 1495/1495 1494/1494
f 1495/1495 1491/1491 1492/1492
f 1492/1492 1496/1496 1495/1495
f 1496/1496 1492/1492 1493/1493
f 1497/1497 1501/1501 1500/1500
f 1501/1501 1497/1497 1498/1498
f 1498/1498 1502/1502 1501/1501
f 1502/1502 1498/1498 1499/1499
f 1500/1500 1504/1504 1503/1503
f 1504/1504 1500/1500 1501/1501
f 1501/1501 1505/1505 1504/1504
f 1505/1505 1501/1501 1502/1502
f 1503/1503 1486/1486 1485/1485
f 1486/1486 1503/1503 1504/1504
f 1504/1504 1487/1487 1486/1486
f 1487/1487 1504/1504 1505/1505
f 1494/1494 1507/1507 1506/1506
f 1507/1507 1494/1494 1495/1495
f 1495/1495 1508/1508 1507/1507
f 1508/1508 1495/1495 1496/1496
f 1499/1499 1498/1498 1509/1509
f 1509/1509 1498/1498 1497/1497
f 1485/1485 1511/1511 1510/1510
f 1511/1511 1485/1485 1488/1488
f 1510/1510 1490/1490 1487/1487
f 1490/1490 1510/1510 1511/1511
f 1488/1488 1512/1512 1511/1511
f 1512/1512 1488/1488 1491/1491
f 1511/1511 1493/1493 1490/1490
f 1493/1493 1511/1511 1512/1512
f 1491/1491 1513/1513 1512/1512
f 1513/1513 1491/1491 1494/1494
f 1512/1512 1496/1496 1493/1493
f 1496/1496 1512/1512 1513/1513
f 1515/1515 1497/1497 1500/1500
f 1497/1497 1515/1515 1514/1514
f 1514/1514 1502/1502 1499/1499
f 1502/1502 1514/1514 1515/1515
f 1500/1500 1516/1516 1515/1515
f 1516/1516 1500/1500 1503/1503
f 1515/1515 1505/1505 1502/1502
f 1505/1505 1515/1515 1516/1516
f 1503/1503 1510/1510 1516/1516
f 1510/1510 1503/1503 1485/1485
f 1516/1516 1487/1487 1505/1505
f 1487/1487 1516/1516 1510/1510
f 1494/1494 1517/1517 1513/1513
f 1517/1517 1494/1494 1506/1506
f 1513/1513 1508/1508 1496/1496
f 1508/1508 1513/1513 1517/1517
f 1499/1499 1509/1509 1514/1514
f 1509/1509 1497/1497 1514/1514
f 1518/1518 1526/1526 1525/1525
f 1526/1526 1518/1518 1519/1519
f 1519/1519 1527/1527 1526/1526
f 1527/1527 1519/1519 1520/1520
f 1520/1520 1528/1528 1527/1527
f 1528/1528 1520/1520 1521/1521
f 1522/1522 1530/1530 1529/1529
f 1530/1530 1522/1522 1523/1523
f 1523/1523 1531/1531 1530/1530
f 1531/1531 1523/1523 1524/1524
f 1524/1524 1525/1525 1531/1531
f 1525/1525 1524/1524 1518/1518
f 1542/1542 1543/1543 1544/1544
f 1545/1545 1543/1543 1542/1542
f 1543/1543 1546/1546 1547/1547
f 1545/1545 1546/1546 1543/1543
f 1548/1548 1546/1546 1545/1545
f 1549/1549 1550/1550 1551/1551
f 1550/1550 1552/1552 1553/1553
f 1549/1549 1552/1552 1550/1550
f 1554/1554 1552/1552 1549/1549
f 1555/1555 1552/1552 1554/1554
f 1532/1532 1538/1538 1533/1533
f 1538/1538 1532/1532 1537/1537
f 1533/1533 1539/1539 1534/1534
f 1539/1539 1533/1533 1538/1538
f 1534/1534 1556/1556 1557/1557
f 1556/1556 1534/1534 1539/1539
f 1558/1558 1540/1540 1535/1535
f 1540/1540 1558/1558 1559/1559
f 1535/1535 1541/1541 1536/1536
f 1541/1541 1535/1535 1540/1540
f 1536/1536 1537/1537 1532/1532
f 1537/1537 1536/1536 1541/1541
f 1560/1560 1561/1561 1562/1562
f 1561/1561 1563/1563 1564/1564
f 1561/1561 1565/1565 1563/1563
f 1560/1560 1565/1565 1561/1561
f 1566/1566 1565/1565 1560/1560
f 1567/1567 1568/1568 1569/1569
f 1568/1568 1570/1570 1571/1571
f 1567/1567 1570/1570 1568/1568
f 1567/1567 1572/1572 1570/1570
f 1573/1573 1572/1572 1567/1567
