# MOD converted: v_move_griffon_a.mod
# 1391 verts, 1218 faces

v 101.395195 -32.283421 19.683640
v 104.799789 8.659280 20.168095
v 120.083969 -22.123901 0.000172
v 87.370369 -118.527206 11.845901
v 124.276733 -19.878613 20.426416
v 103.397430 21.816908 23.460426
v 111.205414 18.958652 12.639130
v 44.243706 -15.374050 30.640560
v 113.014084 35.205017 19.502254
v 60.417084 -52.709423 10.242034
v 57.085587 -58.652615 -0.000004
v 103.712517 40.876099 25.354029
v 31.771072 -39.126259 24.457184
v 101.468750 -54.926399 37.699310
v 123.700630 36.325706 29.124084
v 8.253836 -30.059383 0.000004
v 101.141403 22.649822 31.456959
v 119.569122 24.136600 46.011185
v 133.071869 50.530540 43.128273
v 132.297012 34.649261 21.869692
v 106.839554 33.760887 91.244629
v 233.199524 44.219772 60.860596
v 160.891373 9.557938 22.728647
v 136.768600 -13.107772 17.388714
v 98.512573 -0.372302 21.567072
v 114.085846 -18.239607 37.392830
v 118.670647 45.402729 -0.000009
v 111.408043 78.835770 25.464886
v 12.464597 41.458534 11.438830
v 12.310352 38.594097 8.566576
v -0.000011 38.834812 17.022089
v 22.615711 -14.761719 19.338392
v -0.000011 68.260406 15.408575
v 12.517707 38.850159 16.549526
v 15.414185 -14.036302 14.363593
v 1.773717 -57.032204 21.876310
v 2.074717 -56.955650 30.958059
v 12.900063 -54.483978 18.261311
v 10.770855 -64.277794 14.623395
v 2.786351 -62.275867 21.804428
v 3.087431 -62.276638 18.022596
v 0.062933 -69.207039 25.340900
v 1.958945 -56.033035 32.273876
v 1.866312 -54.496590 28.032475
v 12.900064 -55.051060 31.170910
v 10.770861 -62.177437 27.044046
v 2.902124 -61.253540 33.816494
v 3.041097 -59.130989 32.529770
v 0.062937 -66.862106 19.941031
v 13.271352 -56.629211 16.835321
v 13.009299 -56.611214 22.928213
v -0.000007 -53.662411 18.435749
v -0.000003 -21.272488 27.219891
v 48.331032 -44.553642 23.738449
v 57.628311 -13.333248 12.953554
v 96.156219 6.077020 0.000027
v 102.876320 -13.135838 16.066891
v 135.393784 -7.717188 16.026592
v 41.157745 -42.821442 21.010954
v 67.551041 20.932312 22.041306
v 132.898438 -12.645638 -0.000008
v 101.260506 67.816055 21.418108
v 55.895752 6.017535 84.348236
v 224.417557 35.258526 17.149853
v 53.843262 21.675953 13.944360
v 46.065979 5.543681 86.588448
v 223.051422 35.510895 83.076965
v 218.009735 43.684780 30.012104
v 32.023773 -30.871063 26.802128
v 42.128876 -43.233231 -0.000026
v 121.742699 96.279572 13.995702
v 20.781004 -21.063381 14.348424
v 30.907379 -22.519991 11.286329
v 31.688519 -29.835249 11.683855
v 21.404461 -28.566494 75.009323
v 205.236511 25.084816 23.112036
v 31.261953 -21.434225 23.192612
v 42.321140 -17.994396 15.195473
v 13.729693 -33.319805 10.858377
v 11.856166 -27.847902 15.802973
v 22.254843 -35.275379 25.509022
v 93.038788 -58.937057 55.793686
v 167.334671 9.046467 60.998711
v 164.631287 6.198975 33.396862
v -0.000004 -52.181110 36.429249
v 139.151993 -6.720716 24.549067
v 139.357239 -12.762162 20.043617
v 142.012802 -7.139002 20.626118
v 151.370132 -16.414696 22.866606
v 22.768364 -35.473995 24.148325
v 155.337982 -15.433205 19.470961
v 26.932299 -17.245836 31.189562
v 43.133942 -31.702183 27.088533
v 0.076278 28.799507 32.091713
v 143.973312 -9.365345 13.089964
v 47.738678 -44.882446 10.542177
v 117.478989 -49.943169 14.882886
v 24.616905 75.834518 21.669212
v 156.214264 -11.224376 27.258591
v 146.892166 -3.847427 12.467224
v 157.622314 -16.761362 21.044987
v 25.441921 66.423431 27.721489
v 146.781464 0.267660 15.117429
v 29.916359 74.555573 27.462133
v 15.030776 -53.306576 28.278629
v 3.121212 35.375717 21.838167
v 2.979124 33.570240 17.801933
v 22.940422 58.879192 12.857557
v 23.839169 61.017967 10.385704
v 27.462147 67.388321 15.407682
v 39.528198 64.938156 34.746330
v 142.139572 -9.019577 13.547146
v 31.650826 52.675568 20.405092
v 14.806261 -55.046402 12.031799
v 36.285133 59.876720 25.660242
v 11.024225 32.784359 26.701107
v 131.354385 -11.268509 22.003283
v 36.825340 56.719040 19.042366
v 30.860739 51.055397 26.404373
v 48.852844 46.069595 25.188618
v 43.352249 35.230904 17.599545
v 38.886330 32.403828 9.586959
v 40.455345 35.573708 7.480219
v 46.285286 52.660580 13.887592
v 50.322487 63.409515 20.467161
v 50.794846 57.261002 17.610401
v 139.903656 -4.749811 71.054260
v 208.618561 24.861023 14.523837
v 97.278786 -14.214949 3.699442
v 55.738674 49.580696 21.402065
v 8.043680 -20.858212 13.256440
v 66.042374 65.201599 21.483429
v 62.070240 58.273975 27.477987
v 60.419163 41.557205 26.643227
v 56.360756 26.076330 26.531071
v 135.782471 -13.599068 26.074297
v 71.301559 42.420540 9.569538
v 77.291435 75.722557 13.221266
v 9.483641 -34.964203 26.785978
v 67.999077 25.213646 20.011026
v 79.786919 -65.723824 21.482023
v 72.258301 60.203022 8.703699
v 88.013756 71.917610 -0.000053
v 83.378853 66.603531 11.484004
v 73.425125 -70.750183 5.717623
v 93.216576 64.767548 26.692671
v -0.000007 -24.689329 5.255980
v 82.034851 71.361603 5.791367
v 91.632332 89.709595 23.621557
v 11.120876 -53.705177 16.094343
v 31.548859 -39.335178 6.223810
v 95.447701 97.416237 30.964516
v 14.754346 -51.979954 0.000092
v 112.879593 -30.733418 3.837978
v 85.706215 86.696358 7.533257
v 40.861191 -31.809364 16.220554
v 14.603477 -55.347416 13.699154
v 8.992510 -22.283825 8.514787
v 98.944740 75.614273 3.629234
v 90.088547 100.103485 13.378246
v 11.308271 -54.755405 7.542051
v 94.655029 82.106842 7.785414
v 99.112717 119.569687 24.693598
v 11.698442 -27.459967 22.104782
v 10.370150 -35.050896 33.199799
v 11.612825 -50.501431 9.687220
v 103.593384 89.955017 22.708080
v 10.568765 38.846184 32.122749
v 48.111671 -31.888569 21.653570
v 13.757847 -32.772621 7.788633
v 53.018898 27.044651 35.273983
v 66.254089 -31.824955 10.707079
v 8.496127 58.763763 21.347204
v 83.167625 6.580406 12.996410
v -0.000008 -55.064445 14.099926
v -0.000014 69.970551 3.723079
v 106.591637 80.116699 12.292609
v -0.000001 -24.602476 29.012482
v 65.761620 -47.744293 27.637781
v 9.252670 42.716179 3.953682
v 88.682175 74.186203 15.696954
v 27.072746 -18.410648 20.239683
v 2.014792 38.010914 10.766047
v 9.215992 66.831841 13.206460
v 12.128426 59.927509 13.317701
v 0.076279 26.804865 17.788031
v 9.605451 55.938282 8.874138
v 93.517776 56.433067 14.117938
v 8.686424 71.985855 22.121735
v 12.747224 40.330086 18.395094
v 8.589290 70.831551 22.260723
v 11.616539 64.268143 8.796949
v 8.941300 39.097687 26.832781
v 1.920093 39.317833 17.935564
v 13.069029 58.733463 16.858479
v 3.168582 32.699989 18.181479
v 83.302734 25.144094 10.054493
v 2.860730 32.700645 14.946728
v 83.180504 59.490536 13.381756
v 11.024225 30.997746 25.455212
v 10.568765 39.328556 16.947180
v 2.133166 37.226131 9.830077
v 1.825412 37.161003 11.589066
v 10.680447 37.519085 11.343066
v 23.639526 68.593445 21.688646
v 21.191685 -20.313679 14.737995
v 10.948378 37.503788 9.952842
v -0.000014 65.541054 17.980886
v -0.000009 40.027405 27.927425
v -0.000009 41.287434 18.521276
v 8.749679 39.991028 24.062330
v 8.208319 60.793716 21.262794
v 85.183098 40.697845 22.763582
v 68.433891 6.736597 0.000124
v 121.132957 -50.706123 2.272554
v 111.261169 95.324387 -0.000087
v 133.518600 131.747147 23.397064
v 83.527527 -14.388220 29.318979
v 85.670609 -30.242367 26.550739
v 22.188137 -28.799492 19.625660
v 109.749687 -51.034615 11.448079
v 97.301758 40.063347 14.678518
v 95.311241 22.594250 0.000027
v 102.373337 7.439909 27.581226
v 84.253983 -42.535755 25.377739
v 68.968086 -13.400952 -0.000000
v 100.648811 56.475552 10.631773
v 109.259590 -32.368149 2.931155
v 116.700150 95.603607 26.805580
v 81.293694 -53.324612 99.095581
v 242.964813 39.779148 76.505142
v 205.980133 61.115265 55.679245
v 158.382065 21.451626 70.483154
v 188.082047 65.035461 78.702194
v 206.680115 51.091873 66.069618
v 174.911194 60.950302 50.067886
v 138.035889 46.995331 26.031145
v 116.765312 -85.974945 62.548531
v 164.773056 60.107422 86.087692
v 222.001495 47.968964 56.939331
v 149.369614 46.736973 70.879555
v 201.644928 36.475845 56.612885
v 148.328903 56.236862 72.458817
v 194.293350 49.298782 64.796761
v 177.984024 44.042515 69.490234
v 189.949570 55.082142 34.369049
v 99.027946 -59.410137 29.719587
v 129.109070 -70.592918 29.977463
v 90.215149 -49.413017 28.769218
v 98.119400 -46.583794 9.218888
v 116.385635 -38.717522 1.133049
v 118.790268 -38.971153 23.467171
v 106.778320 -96.411423 23.807997
v 107.740967 -88.389297 30.060034
v 119.633514 -75.451683 34.347427
v 94.345367 -39.413727 21.384249
v 108.222748 -94.342133 28.256138
v 102.428101 -37.385361 27.040497
v 95.386810 -86.424324 19.498447
v 99.996353 -102.162094 16.789406
v 111.467026 -36.102325 22.968613
v 122.134987 -72.066048 28.045706
v 110.140892 -73.588440 35.547020
v 106.086304 -65.483376 6.460680
v 128.825836 -108.451843 34.793720
v 114.818993 -62.820953 32.578846
v 123.264870 -67.729790 9.441141
v 108.103745 -108.818634 32.071934
v 132.011292 -60.964340 9.202425
v 107.051033 -121.681252 28.425470
v 127.692932 -78.469841 7.951510
v 85.129227 -125.618019 4.588650
v 120.252251 -28.928074 28.595192
v 100.587090 -86.238358 28.310434
v 115.078552 -73.610527 25.921635
v 128.731400 -89.769157 10.870568
v 132.660294 -99.324005 16.640919
v 63.402149 -63.138123 29.814621
v 82.572983 -52.672821 10.557438
v 131.181091 -109.945412 35.762856
v 73.741730 -51.044979 27.388590
v 75.345413 -55.835823 11.217836
v 48.186081 -68.489014 0.000174
v 84.315628 -123.527122 11.644641
v 61.465408 -68.521469 4.157934
v 58.910015 -69.967949 23.388060
v 90.652512 -88.726410 27.554590
v 101.815094 -91.457291 23.305025
v 96.455063 -92.689850 16.661545
v 134.197830 -101.764870 0.000151
v 83.217659 -90.689110 19.848923
v 123.470421 -102.877472 15.105102
v 120.406448 -106.439102 14.464620
v 124.877693 -110.351044 20.239946
v 87.048439 -73.232742 18.106071
v 114.159012 -103.191788 0.000188
v 122.929298 -112.723022 26.730833
v 55.140591 -60.002953 15.919616
v 97.968025 -108.151909 9.332618
v 111.877228 -108.284119 8.673875
v 85.865898 -87.939354 0.000189
v 107.593140 -124.318481 6.867422
v 118.372192 -111.602776 19.009916
v 92.982742 -100.122520 9.587718
v 80.765083 -75.478630 26.159649
v 100.980232 -95.325455 0.000185
v 117.139648 -114.041077 21.232132
v 130.373734 -103.346970 10.391904
v 131.561646 -71.541512 0.000185
v 132.769409 -103.523209 23.682154
v 67.636765 -60.162384 19.116907
v 89.498856 -84.448608 26.132675
v 104.302391 -71.221413 23.571623
v 94.286140 -80.523682 43.083427
v 97.042336 -52.521580 5.413427
v 115.240387 -111.849350 26.892853
v 106.450256 -89.641800 0.000187
v 94.625648 -130.426498 10.044590
v 134.496979 -90.212326 10.162799
v 91.544441 -114.376923 25.405001
v 117.803314 -92.236176 23.793098
v 96.468864 -96.171417 24.438137
v 105.457565 -83.071762 14.846625
v 105.736244 -101.907822 0.000178
v 74.688385 -133.104065 7.799860
v 96.101028 -125.639542 0.000123
v 70.997299 -76.880798 0.000130
v 78.617371 -79.255501 12.326069
v 92.709412 -116.681656 0.000000
v 52.886414 46.620209 0.000156
v 134.621658 -71.189789 -0.000000
v 65.115433 60.941708 0.000046
v 41.526337 -11.521469 0.000105
v 55.024681 -61.960098 0.000062
v 47.072617 -45.695385 -0.000112
v 111.834145 118.944870 0.000028
v 41.428024 5.538835 -0.000066
v 107.351204 96.529655 -0.000048
v 99.551392 81.571671 -0.000087
v 116.819283 114.298164 0.000004
v 46.993000 24.016743 0.000049
v 41.937710 -31.970886 0.000174
v 137.014252 -89.002090 0.000190
v 81.860016 -119.960182 9.174283
v 81.899002 -103.124512 15.874413
v 91.565231 -101.396095 0.000170
v 82.031761 -104.066177 8.182339
v 86.084099 -114.581833 16.055187
v 87.597694 -100.804192 0.000144
v 91.971443 -85.873016 0.000001
v 115.004471 -84.249916 21.220886
v 120.914520 -97.154510 25.754776
v 124.938408 -96.556305 -20.514717
v 101.395195 -32.283421 -19.683638
v 104.799789 8.659277 -20.168093
v 120.083969 -22.123905 -11.845903
v 124.276733 -19.878613 -20.426409
v 103.397430 21.816912 -23.460434
v 111.205429 18.958649 -12.639130
v 44.243706 -15.374051 -30.640585
v 113.014084 35.205017 -19.502262
v 60.417084 -52.709415 -10.242027
v 57.085587 -58.652615 -25.354031
v 31.771088 -39.126255 -24.457186
v 101.468758 -54.926392 -37.699341
v 123.700638 36.325703 -29.124088
v 8.253847 -30.059378 -31.456974
v 119.569130 24.136604 -46.011219
v 133.071884 50.530533 -43.128288
v 132.297043 34.649254 -21.869684
v 106.839561 33.760880 -91.244644
v 233.199554 44.219772 -60.860596
v 160.891388 9.557928 -22.728645
v 136.768600 -13.107776 -17.388710
v 98.512573 -0.372298 -21.567072
v 114.085846 -18.239605 -37.392868
v 118.670654 45.402718 -25.464895
v 12.464606 41.458530 -11.438844
v 12.310362 38.594097 -8.566586
v -0.000001 38.834812 -17.022091
v 22.615700 -14.761720 -19.338406
v -0.000004 68.260399 -15.408590
v 12.517716 38.850159 -16.549526
v 15.414167 -14.036304 -14.363596
v 1.773716 -57.032204 -21.876316
v 2.074718 -56.955650 -30.958065
v 12.900065 -54.483978 -18.261318
v 10.770859 -64.277794 -14.623400
v 2.786351 -62.275867 -21.804436
v 3.087431 -62.276638 -18.022602
v 0.062934 -69.207039 -25.340906
v 1.958945 -56.033035 -32.273884
v 1.866311 -54.496590 -28.032480
v 12.900063 -55.051060 -31.170919
v 10.770860 -62.177437 -27.044054
v 2.902124 -61.253540 -33.816498
v 3.041095 -59.130989 -32.529778
v 0.062935 -66.862106 -19.941038
v 13.271353 -56.629211 -16.835327
v 13.009299 -56.611217 -22.928215
v -0.000006 -53.662411 -18.435751
v -0.000003 -21.272488 -27.219891
v 48.331043 -44.553642 -23.738441
v 57.628311 -13.333268 -12.953552
v 96.156219 6.077021 -16.066891
v 135.393784 -7.717189 -16.026596
v 41.157738 -42.821449 -21.010954
v 67.551041 20.932304 -22.041304
v 132.898438 -12.645643 -21.418110
v 55.895752 6.017533 -84.348236
v 224.417587 35.258514 -17.149857
v 53.843258 21.675945 -13.944355
v 46.065979 5.543681 -86.588448
v 223.051468 35.510883 -83.076981
v 218.009766 43.684769 -30.012108
v 32.023804 -30.871065 -26.802128
v 42.128891 -43.233231 -13.995705
v 20.780975 -21.063385 -14.348424
v 30.907360 -22.519995 -11.286329
v 31.688498 -29.835255 -11.683856
v 21.404425 -28.566515 -75.009323
v 205.236542 25.084810 -23.112036
v 31.261967 -21.434227 -23.192612
v 42.321140 -17.994400 -15.195476
v 13.729678 -33.319809 -10.858377
v 11.856134 -27.847904 -15.802977
v 22.254826 -35.275383 -25.509022
v 93.038780 -58.937057 -55.793686
v 167.334686 9.046457 -60.998711
v 164.631302 6.198966 -33.396870
v -0.000004 -52.181110 -36.429253
v 139.151993 -6.720721 -24.549061
v 139.357239 -12.762169 -20.043621
v 142.012802 -7.139003 -20.626114
v 151.370132 -16.414700 -22.866608
v 22.768383 -35.473995 -24.148321
v 155.337982 -15.433208 -19.470961
v 26.932301 -17.245838 -31.189558
v 43.133957 -31.702187 -27.088549
v 0.076286 28.799507 -32.091717
v 143.973312 -9.365349 -13.089964
v 47.738674 -44.882439 -10.542178
v 117.479004 -49.943169 -14.882895
v 24.616922 75.834503 -21.669216
v 156.214264 -11.224377 -27.258596
v 146.892166 -3.847431 -12.467228
v 157.622314 -16.761362 -21.044996
v 25.441925 66.423409 -27.721489
v 146.781464 0.267656 -15.117437
v 29.916368 74.555542 -27.462141
v 15.030773 -53.306576 -28.278639
v 3.121220 35.375717 -21.838181
v 2.979131 33.570240 -17.801949
v 22.940426 58.879166 -12.857565
v 23.839176 61.017952 -10.385714
v 27.462152 67.388298 -15.407691
v 39.528198 64.938133 -34.746326
v 142.139572 -9.019581 -13.547156
v 31.650829 52.675541 -20.405102
v 14.806261 -55.046402 -12.031806
v 36.285137 59.876698 -25.660250
v 11.024236 32.784359 -26.701107
v 131.354385 -11.268510 -22.003290
v 36.825348 56.719002 -19.042374
v 30.860744 51.055367 -26.404379
v 48.852844 46.069557 -25.188622
v 43.352249 35.230873 -17.599558
v 38.886326 32.403793 -9.586968
v 40.455338 35.573677 -7.480226
v 46.285278 52.660545 -13.887596
v 50.322487 63.409485 -20.467167
v 50.794853 57.260971 -17.610401
v 139.903656 -4.749813 -71.054260
v 208.618576 24.861015 -14.523835
v 97.278793 -14.214947 -3.699444
v 55.738670 49.580688 -21.402067
v 8.043686 -20.858208 -13.256441
v 66.042374 65.201599 -21.483435
v 62.070240 58.273952 -27.477991
v 60.419163 41.557178 -26.643234
v 56.360764 26.076305 -26.531071
v 135.782471 -13.599068 -26.074301
v 71.301559 42.420536 -9.569674
v 77.291504 75.722527 -13.221271
v 9.483635 -34.964203 -26.785980
v 67.999077 25.213634 -20.011026
v 79.786919 -65.723831 -21.482025
v 72.258301 60.203011 -8.703758
v 88.013809 71.917587 -11.484007
v 73.425125 -70.750183 -5.717626
v 93.216599 64.767532 -26.692667
v 0.000001 -24.689325 -5.256072
v 82.034882 71.361588 -5.791453
v 91.632370 89.709579 -23.621553
v 11.120877 -53.705177 -16.094343
v 31.548851 -39.335182 -6.223895
v 95.447739 97.416214 -30.964521
v 14.754346 -51.979954 -3.838099
v 85.706245 86.696342 -7.533253
v 40.861183 -31.809357 -16.220558
v 14.603476 -55.347420 -13.699157
v 8.992492 -22.283825 -8.514787
v 98.944786 75.614250 -3.629363
v 90.088577 100.103470 -13.378251
v 11.308269 -54.755405 -7.542095
v 94.655075 82.106827 -7.785537
v 99.112762 119.569672 -24.693602
v 11.698462 -27.459967 -22.104786
v 10.370153 -35.050896 -33.199806
v 11.612825 -50.501431 -9.687232
v 103.593437 89.954987 -22.708092
v 10.568773 38.846184 -32.122749
v 48.111687 -31.888569 -21.653572
v 13.757853 -32.772621 -7.788634
v 53.018898 27.044640 -35.273987
v 66.254082 -31.824951 -10.707091
v 8.496138 58.763763 -21.347206
v 83.167625 6.580406 -12.996417
v -0.000007 -55.064445 -14.099937
v -0.000002 69.970551 -3.723043
v 106.591667 80.116692 -12.292612
v -0.000008 -24.602476 -29.012480
v 65.761620 -47.744293 -27.637794
v 9.252674 42.716179 -3.953741
v 88.682213 74.186188 -15.696954
v 27.072729 -18.410650 -20.239693
v 2.014799 38.010914 -10.766061
v 9.216013 66.831841 -13.206473
v 12.128433 59.927505 -13.317718
v 0.076287 26.804861 -17.788044
v 9.605455 55.938282 -8.874137
v 93.517776 56.433067 -14.117953
v 8.686445 71.985855 -22.121742
v 12.747232 40.330086 -18.395107
v 8.589300 70.831551 -22.260736
v 11.616538 64.268135 -8.796957
v 8.941309 39.097687 -26.832792
v 1.920099 39.317833 -17.935574
v 13.069027 58.733452 -16.858492
v 3.168589 32.699989 -18.181475
v 83.302734 25.144094 -10.054504
v 2.860737 32.700645 -14.946728
v 83.180504 59.490536 -13.381769
v 11.024234 30.997746 -25.455223
v 10.568771 39.328556 -16.947189
v 2.133174 37.226131 -9.830090
v 1.825421 37.161003 -11.589076
v 10.680455 37.519085 -11.343074
v 23.639547 68.593422 -21.688646
v 21.191692 -20.313679 -14.738004
v 10.948384 37.503788 -9.952855
v -0.000001 65.541054 -17.980896
v -0.000002 40.027405 -27.927435
v -0.000004 41.287426 -18.521286
v 8.749685 39.991035 -24.062346
v 8.208323 60.793716 -21.262794
v 85.183090 40.697849 -22.763584
v 68.433891 6.736597 -2.272532
v 111.261185 95.324387 -23.397064
v 83.527527 -14.388216 -29.318979
v 85.670609 -30.242371 -26.550737
v 22.188169 -28.799484 -19.625664
v 109.749687 -51.034615 -11.448082
v 97.301758 40.063351 -14.678523
v 95.311234 22.594250 -27.581226
v 84.253983 -42.535755 -25.377745
v 68.968086 -13.400949 -10.631777
v 109.259575 -32.368149 -2.931099
v 116.700165 95.603592 -26.805580
v 81.293686 -53.324612 -99.095581
v 242.964844 39.779137 -76.505142
v 205.980164 61.115261 -55.679253
v 158.382080 21.451618 -70.483147
v 188.082077 65.035446 -78.702194
v 206.680145 51.091858 -66.069611
v 174.911209 60.950287 -50.067924
v 138.035873 46.995338 -26.031149
v 116.765312 -85.974945 -62.548546
v 164.773071 60.107414 -86.087700
v 222.001511 47.968960 -56.939342
v 149.369629 46.736961 -70.879555
v 201.644958 36.475830 -56.612900
v 148.328918 56.236858 -72.458824
v 194.293365 49.298771 -64.796768
v 177.984039 44.042507 -69.490242
v 189.949585 55.082138 -34.369057
v 99.027954 -59.410137 -29.719587
v 129.109070 -70.592926 -29.977463
v 90.215149 -49.413013 -28.769218
v 98.119400 -46.583794 -9.218894
v 116.385635 -38.717522 -1.133049
v 118.790268 -38.971153 -23.467173
v 106.778320 -96.411430 -23.807999
v 107.740967 -88.389297 -30.060034
v 119.633522 -75.451675 -34.347427
v 94.345367 -39.413727 -21.384249
v 108.222748 -94.342140 -28.256140
v 102.428101 -37.385361 -27.040504
v 95.386810 -86.424332 -19.498446
v 99.996353 -102.162094 -16.789413
v 111.467026 -36.102325 -22.968615
v 122.134987 -72.066048 -28.045702
v 110.140892 -73.588440 -35.547024
v 106.086304 -65.483376 -6.460680
v 128.825836 -108.451851 -34.793728
v 114.818977 -62.820953 -32.578854
v 123.264870 -67.729797 -9.441140
v 108.103745 -108.818634 -32.071941
v 132.011307 -60.964344 -9.202426
v 107.051033 -121.681252 -28.425476
v 127.692932 -78.469841 -7.951506
v 85.129227 -125.618019 -4.588661
v 120.252258 -28.928074 -28.595192
v 100.587097 -86.238365 -28.310438
v 115.078552 -73.610535 -25.921638
v 128.731415 -89.769165 -10.870572
v 132.660309 -99.324005 -16.640923
v 63.402153 -63.138123 -29.814623
v 82.572983 -52.672817 -10.557432
v 131.181091 -109.945419 -35.762852
v 73.741730 -51.044975 -27.388592
v 75.345413 -55.835823 -11.217832
v 48.186085 -68.489014 -11.644642
v 61.465408 -68.521469 -4.157940
v 58.910011 -69.967957 -23.388063
v 90.652512 -88.726418 -27.554592
v 101.815094 -91.457298 -23.305027
v 96.455063 -92.689842 -16.661543
v 134.197845 -101.764870 -19.848919
v 123.470428 -102.877472 -15.105101
v 120.406464 -106.439102 -14.464615
v 124.877686 -110.351051 -20.239950
v 87.048431 -73.232750 -18.106073
v 114.159012 -103.191795 -26.730839
v 55.140594 -60.002949 -15.919616
v 97.968018 -108.151909 -9.332620
v 111.877228 -108.284119 -8.673873
v 85.865898 -87.939362 -6.867420
v 118.372192 -111.602776 -19.009914
v 92.982735 -100.122513 -9.587715
v 80.765076 -75.478630 -26.159647
v 100.980232 -95.325462 -21.232126
v 130.373749 -103.346977 -10.391901
v 131.561646 -71.541512 -23.682152
v 67.636765 -60.162380 -19.116905
v 89.498848 -84.448608 -26.132675
v 104.302391 -71.221420 -23.571623
v 94.286140 -80.523682 -43.083427
v 97.042328 -52.521584 -5.413424
v 115.240402 -111.849342 -26.892851
v 106.450249 -89.641808 -10.044594
v 134.496994 -90.212326 -10.162793
v 91.544449 -114.376930 -25.405006
v 117.803329 -92.236176 -23.793097
v 96.468872 -96.171425 -24.438139
v 105.457565 -83.071762 -14.846624
v 105.736252 -101.907822 -7.799859
v 96.101036 -125.639542 -12.326072
v 92.709419 -116.681656 -9.174286
v 81.899002 -103.124512 -15.874413
v 91.565239 -101.396103 -8.182341
v 86.084106 -114.581841 -16.055187
v 87.597694 -100.804199 -21.220882
v 120.914528 -97.154510 -25.754780
v 124.938423 -96.556313 0.000164
v 101.816338 -101.727135 55.679245
v 158.382065 21.451626 17.610401
v 139.903656 -4.749811 16.066891
v 135.393784 -7.717188 31.456959
v 119.569122 24.136600 31.456959
v 119.569122 24.136600 16.066891
v 135.393784 -7.717188 23.460426
v 111.205414 18.958652 43.128273
v 132.297012 34.649261 83.076965
v 218.009735 43.684780 91.244629
v 233.199524 44.219772 24.549067
v 139.357239 -12.762162 21.688646
v 21.191685 -20.313679 16.549526
v 15.414185 -14.036302 13.995702
v 20.781004 -21.063381 32.091713
v 143.973312 -9.365345 17.610401
v 139.903656 -4.749811 14.623395
v 2.786351 -62.275867 18.022596
v 0.062933 -69.207039 21.804428
v 3.087431 -62.276638 29.124084
v 8.253836 -30.059383 17.610401
v 139.903656 -4.749811 27.721489
v 146.781464 0.267660 27.044046
v 2.902124 -61.253540 32.529770
v 0.062937 -66.862106 33.816494
v 3.041097 -59.130989 14.623395
v 2.786351 -62.275867 14.363593
v 1.773717 -57.032204 12.996410
v -0.000008 -55.064445 22.928213
v -0.000007 -53.662411 21.876310
v 2.074717 -56.955650 22.928213
v -0.000007 -53.662411 32.273876
v 1.866312 -54.496590 33.396862
v -0.000004 -52.181110 32.273876
v 1.866312 -54.496590 21.876310
v 2.074717 -56.955650 27.044046
v 2.902124 -61.253540 25.340900
v 1.958945 -56.033035 26.692671
v -0.000007 -24.689329 26.692671
v -0.000007 -24.689329 26.832781
v 1.920093 39.317833 26.692671
v -0.000007 -24.689329 10.054493
v 2.860730 32.700645 9.830077
v 1.825412 37.161003 16.947180
v 2.133166 37.226131 16.858479
v 3.168582 32.699989 20.514711
v 101.395195 -32.283421 23.112036
v 31.261953 -21.434225 12.292609
v -0.000001 -24.602476 27.477987
v 60.419163 41.557205 21.483429
v 62.070240 58.273975 23.112036
v 31.261953 -21.434225 32.122749
v 48.111671 -31.888569 23.192612
v 42.321140 -17.994396 14.348424
v 30.907379 -22.519991 23.112036
v 31.261953 -21.434225 23.192612
v 42.321140 -17.994396 27.477987
v 60.419163 41.557205 21.483429
v 62.070240 58.273975 13.256440
v 66.042374 65.201599 13.221266
v 9.483641 -34.964203 12.292609
v -0.000001 -24.602476 10.631773
v 109.259590 -32.368149 10.631773
v 109.259590 -32.368149 20.514711
v 101.395195 -32.283421 21.838167
v 2.979124 33.570240 20.239683
v 2.014792 38.010914 12.292609
v -0.000001 -24.602476 14.348424
v 30.907379 -22.519991 55.793686
v 167.334671 9.046467 32.122749
v 48.111671 -31.888569 17.149853
v 53.843262 21.675953 22.104782
v 10.370150 -35.050896 13.256440
v 66.042374 65.201599 3.699442
v 55.738674 49.580696 10.631773
v 109.259590 -32.368149 13.699154
v 8.992510 -22.283825 21.688646
v 21.191685 -20.313679 13.995702
v 20.781004 -21.063381 14.348424
v 30.907379 -22.519991 20.011026
v 79.786919 -65.723824 25.509022
v 93.038788 -58.937057 7.533257
v 40.861191 -31.809364 5.717623
v 93.216576 64.767548 33.396862
v -0.000004 -52.181110 12.996410
v -0.000008 -55.064445 12.292609
v -0.000001 -24.602476 18.435749
v -0.000003 -21.272488 17.788031
v 9.605451 55.938282 7.788633
v 53.018898 27.044651 17.149853
v 53.843262 21.675953 7.788633
v 53.018898 27.044651 12.639130
v 44.243706 -15.374050 21.688646
v 21.191685 -20.313679 13.995702
v 20.781004 -21.063381 13.089964
v 47.738678 -44.882446 12.639130
v 44.243706 -15.374050 26.692671
v -0.000007 -24.689329 33.396862
v -0.000004 -52.181110 13.089964
v 47.738678 -44.882446 7.533257
v 40.861191 -31.809364 -0.000053
v 83.378853 66.603531 5.717623
v 93.216576 64.767548 24.062330
v 8.208319 60.793716 17.788031
v 9.605451 55.938282 22.104782
v 10.370150 -35.050896 13.089964
v 47.738678 -44.882446 5.717623
v 93.216576 64.767548 13.221266
v 9.483641 -34.964203 84.348236
v 224.417557 35.258526 27.219891
v 48.331032 -44.553642 13.089964
v 47.738678 -44.882446 7.533257
v 40.861191 -31.809364 22.104782
v 10.370150 -35.050896 29.124084
v 8.253836 -30.059383 12.639130
v 44.243706 -15.374050 13.699154
v 8.992510 -22.283825 18.435749
v -0.000003 -21.272488 7.788633
v 53.018898 27.044651 3.699442
v 55.738674 49.580696 7.788633
v 53.018898 27.044651 5.717623
v 93.216576 64.767548 -0.000008
v 101.260506 67.816055 27.219891
v 48.331032 -44.553642 7.533257
v 40.861191 -31.809364 12.639130
v 44.243706 -15.374050 26.805580
v 81.293694 -53.324612 25.509022
v 93.038788 -58.937057 24.457184
v 101.468750 -54.926399 14.348424
v 30.907379 -22.519991 13.699154
v 8.992510 -22.283825 21.688646
v 21.191685 -20.313679 13.995702
v 20.781004 -21.063381 3.699442
v 55.738674 49.580696 12.292609
v -0.000001 -24.602476 18.435749
v -0.000003 -21.272488 21.688646
v 21.191685 -20.313679 20.239683
v 2.014792 38.010914 20.514711
v 101.395195 -32.283421 12.639130
v 44.243706 -15.374050 21.483429
v 62.070240 58.273975 55.793686
v 167.334671 9.046467 71.054260
v 208.618561 24.861023 14.348424
v 30.907379 -22.519991 23.192612
v 42.321140 -17.994396 12.639130
v 44.243706 -15.374050 23.112036
v 31.261953 -21.434225 21.688646
v 21.191685 -20.313679 12.639130
v 44.243706 -15.374050 21.483429
v 62.070240 58.273975 23.112036
v 31.261953 -21.434225 23.192612
v 42.321140 -17.994396 20.514711
v 101.395195 -32.283421 26.643227
v 56.360756 26.076330 26.643227
v 56.360756 26.076330 20.239683
v 2.014792 38.010914 19.338392
v -0.000011 68.260406 9.952842
v -0.000014 65.541054 10.707079
v 8.496127 58.763763 16.858479
v 3.168582 32.699989 9.830077
v 1.825412 37.161003 10.054493
v 2.860730 32.700645 13.317701
v 0.076279 26.804865 20.239683
v 2.014792 38.010914 17.980886
v -0.000009 40.027405 9.830077
v 1.825412 37.161003 8.566576
v -0.000011 38.834812 21.838167
v 2.979124 33.570240 27.088533
v 0.076278 28.799507 28.278629
v 3.121212 35.375717 9.952842
v -0.000014 65.541054 16.858479
v 3.168582 32.699989 9.830077
v 1.825412 37.161003 8.566576
v -0.000011 38.834812 9.952842
v -0.000014 65.541054 10.707079
v 8.496127 58.763763 16.947180
v 2.133166 37.226131 17.980886
v -0.000009 40.027405 10.707079
v 8.496127 58.763763 26.832781
v 1.920093 39.317833 16.947180
v 2.133166 37.226131 26.832781
v 1.920093 39.317833 27.927425
v -0.000009 41.287434 19.338392
v -0.000011 68.260406 9.952842
v -0.000014 65.541054 27.927425
v -0.000009 41.287434 19.338392
v -0.000011 68.260406 19.338392
v -0.000011 68.260406 14.099926
v -0.000014 69.970551 9.952842
v -0.000014 65.541054 17.788031
v 9.605451 55.938282 24.062330
v 8.208319 60.793716 5.717623
v 93.216576 64.767548 -0.000053
v 83.378853 66.603531 -0.000053
v 83.378853 66.603531 5.717623
v 93.216576 64.767548 27.044046
v 2.902124 -61.253540 33.816494
v 3.041097 -59.130989 32.273876
v 1.866312 -54.496590 25.340900
v 1.958945 -56.033035 29.124084
v 8.253836 -30.059383 28.278629
v 3.121212 35.375717 14.363593
v 1.773717 -57.032204 14.623395
v 2.786351 -62.275867 21.804428
v 3.087431 -62.276638 20.514711
v 101.395195 -32.283421 20.514711
v 101.395195 -32.283421 20.514711
v 101.395195 -32.283421 13.089964
v 47.738678 -44.882446 21.876310
v 2.074717 -56.955650 19.683640
v 104.799789 8.659280 17.388714
v 98.512573 -0.372302 11.845901
v 124.276733 -19.878613 55.793686
v 167.334671 9.046467 14.523837
v 97.278786 -14.214949 31.456959
v 119.569122 24.136600 23.460426
v 111.205414 18.958652 22.104782
v 10.370150 -35.050896 13.221266
v 9.483641 -34.964203 23.460426
v 111.205414 18.958652 11.845901
v 124.276733 -19.878613 27.721489
v 146.781464 0.267660 17.610401
v 139.903656 -4.749811 55.793686
v 167.334671 9.046467 27.721489
v 146.781464 0.267660 20.043617
v 142.012802 -7.139002 27.258591
v 146.892166 -3.847427 21.669212
v 156.214264 -11.224376 21.669212
v 156.214264 -11.224376 32.091713
v 143.973312 -9.365345 27.258591
v 146.892166 -3.847427 24.549067
v 139.357239 -12.762162 32.091713
v 143.973312 -9.365345 24.549067
v 139.357239 -12.762162 20.043617
v 142.012802 -7.139002 20.043617
v 142.012802 -7.139002 21.669212
v 156.214264 -11.224376 11.845901
v 124.276733 -19.878613 71.054260
v 208.618561 24.861023 70.879555
v 201.644928 36.475845 99.095581
v 242.964813 39.779148 84.348236
v 224.417557 35.258526 71.054260
v 208.618561 24.861023 19.683640
v 104.799789 8.659280 23.460426
v 111.205414 18.958652 26.031145
v 116.765312 -85.974945 14.523837
v 97.278786 -14.214949 10.631773
v 109.259590 -32.368149 14.523837
v 97.278786 -14.214949 14.523837
v 97.278786 -14.214949 16.066891
v 135.393784 -7.717188 23.460426
v 111.205414 18.958652 25.921635
v 128.731400 -89.769157 25.509022
v 93.038788 -58.937057 10.542177
v 117.478989 -49.943169 0.000124
v 121.132957 -50.706123 19.625660
v 109.749687 -51.034615 0.000123
v 70.997299 -76.880798 11.484004
v 73.425125 -70.750183 9.587718
v 80.765083 -75.478630 26.031145
v 116.765312 -85.974945 11.484004
v 73.425125 -70.750183 14.846625
v 105.736244 -101.907822 21.384249
v 108.222748 -94.342133 26.132675
v 104.302391 -71.221413 26.132675
v 104.302391 -71.221413 26.031145
v 116.765312 -85.974945 26.132675
v 104.302391 -71.221413 26.031145
v 116.765312 -85.974945 20.011026
v 79.786919 -65.723824 25.509022
v 93.038788 -58.937057 20.011026
v 79.786919 -65.723824 25.509022
v 93.038788 -58.937057 23.807997
v 107.740967 -88.389297 23.571623
v 94.286140 -80.523682 24.438137
v 105.457565 -83.071762 5.413427
v 115.240387 -111.849350 0.000185
v 117.139648 -114.041077 25.921635
v 128.731400 -89.769157 21.384249
v 108.222748 -94.342133 14.846625
v 105.736244 -101.907822 23.571623
v 94.286140 -80.523682 25.921635
v 128.731400 -89.769157 23.571623
v 94.286140 -80.523682 25.509022
v 93.038788 -58.937057 20.239946
v 87.048439 -73.232742 8.673875
v 85.865898 -87.939354 23.571623
v 94.286140 -80.523682 19.116907
v 89.498856 -84.448608 23.571623
v 94.286140 -80.523682 26.132675
v 104.302391 -71.221413 26.031145
v 116.765312 -85.974945 24.438137
v 105.457565 -83.071762 24.438137
v 105.457565 -83.071762 26.031145
v 116.765312 -85.974945 23.571623
v 94.286140 -80.523682 9.441141
v 108.103745 -108.818634 25.921635
v 128.731400 -89.769157 23.807997
v 107.740967 -88.389297 25.921635
v 128.731400 -89.769157 25.921635
v 128.731400 -89.769157 26.031145
v 116.765312 -85.974945 25.509022
v 93.038788 -58.937057 14.846625
v 105.736244 -101.907822 9.441141
v 108.103745 -108.818634 21.384249
v 108.222748 -94.342133 9.441141
v 108.103745 -108.818634 5.413427
v 115.240387 -111.849350 25.921635
v 128.731400 -89.769157 25.921635
v 128.731400 -89.769157 71.054260
v 208.618561 24.861023 19.116907
v 89.498856 -84.448608 23.305025
v 96.455063 -92.689850 8.673875
v 85.865898 -87.939354 19.116907
v 89.498856 -84.448608 8.673875
v 85.865898 -87.939354 23.388060
v 90.652512 -88.726410 27.040497
v 95.386810 -86.424324 19.116907
v 89.498856 -84.448608 8.673875
v 85.865898 -87.939354 0.000151
v 83.217659 -90.689110 8.182339
v 86.084099 -114.581833 15.874413
v 91.565231 -101.396095 23.305025
v 96.455063 -92.689850 0.000190
v 81.860016 -119.960182 -55.679253
v 158.382080 21.451618 -17.610401
v 139.903656 -4.749813 -16.066891
v 135.393784 -7.717189 -31.456974
v 119.569130 24.136604 -31.456974
v 119.569130 24.136604 -16.066891
v 135.393784 -7.717189 -23.460434
v 111.205429 18.958649 -43.128288
v 132.297043 34.649254 -83.076981
v 218.009766 43.684769 -91.244644
v 233.199554 44.219772 -0.000000
v 65.115433 60.941708 -24.549061
v 139.357239 -12.762169 -16.549526
v 15.414167 -14.036304 -21.688646
v 21.191692 -20.313679 -13.995705
v 20.780975 -21.063385 -32.091717
v 143.973312 -9.365349 -17.610401
v 139.903656 -4.749813 -18.022602
v 0.062934 -69.207039 -14.623400
v 2.786351 -62.275867 -21.804436
v 3.087431 -62.276638 -29.124088
v 8.253847 -30.059378 -17.610401
v 139.903656 -4.749813 -27.721489
v 146.781464 0.267656 -32.529778
v 0.062935 -66.862106 -27.044054
v 2.902124 -61.253540 -33.816498
v 3.041095 -59.130989 -14.623400
v 2.786351 -62.275867 -14.363596
v 1.773716 -57.032204 -12.996417
v -0.000007 -55.064445 -22.928215
v -0.000006 -53.662411 -21.876316
v 2.074718 -56.955650 -22.928215
v -0.000006 -53.662411 -32.273884
v 1.866311 -54.496590 -33.396870
v -0.000004 -52.181110 -32.273884
v 1.866311 -54.496590 -21.876316
v 2.074718 -56.955650 -27.044054
v 2.902124 -61.253540 -25.340906
v 1.958945 -56.033035 -26.692667
v 0.000001 -24.689325 -26.692667
v 0.000001 -24.689325 -26.832792
v 1.920099 39.317833 -26.692667
v 0.000001 -24.689325 -10.054504
v 2.860737 32.700645 -9.830090
v 1.825421 37.161003 -16.947189
v 2.133174 37.226131 -16.858492
v 3.168589 32.699989 0.000004
v 46.993000 24.016743 0.000027
v 102.876320 -13.135838 -20.514717
v 101.395195 -32.283421 -23.112036
v 31.261967 -21.434227 -0.000026
v 121.742699 96.279572 -0.000009
v 111.408043 78.835770 -12.292612
v -0.000008 -24.602476 -27.477991
v 60.419163 41.557178 -21.483435
v 62.070240 58.273952 -23.112036
v 31.261967 -21.434227 -32.122749
v 48.111687 -31.888569 -23.192612
v 42.321140 -17.994400 -23.112036
v 31.261967 -21.434227 -14.348424
v 30.907360 -22.519995 -23.192612
v 42.321140 -17.994400 -0.000000
v 100.648811 56.475552 -0.000008
v 101.260506 67.816055 0.000105
v 55.024681 -61.960098 0.000123
v 70.997299 -76.880798 -27.477991
v 60.419163 41.557178 -13.256441
v 66.042374 65.201599 -21.483435
v 62.070240 58.273952 -13.221271
v 9.483635 -34.964203 -12.292612
v -0.000008 -24.602476 -10.631777
v 109.259575 -32.368149 0.000092
v 112.879593 -30.733418 -0.000053
v 83.378853 66.603531 -10.631777
v 109.259575 -32.368149 -20.514717
v 101.395195 -32.283421 -21.838181
v 2.979131 33.570240 -20.239693
v 2.014799 38.010914 -12.292612
v -0.000008 -24.602476 -0.000112
v 111.834145 118.944870 -0.000087
v 116.819283 114.298164 -14.348424
v 30.907360 -22.519995 -55.793686
v 167.334686 9.046457 -32.122749
v 48.111687 -31.888569 -12.953552
v 96.156219 6.077021 -14.678523
v 95.311234 22.594250 0.000027
v 102.373337 7.439909 0.000004
v 101.141403 22.649822 -17.149857
v 53.843258 21.675945 -22.104786
v 10.370153 -35.050896 -13.256441
v 66.042374 65.201599 -3.699444
v 55.738670 49.580688 -0.000087
v 133.518600 131.747147 -10.631777
v 109.259575 -32.368149 -13.699157
v 8.992492 -22.283825 -21.688646
v 21.191692 -20.313679 -0.000004
v 103.712517 40.876099 -13.995705
v 20.780975 -21.063385 -14.348424
v 30.907360 -22.519995 -25.509022
v 93.038780 -58.937057 0.000049
v 41.937710 -31.970886 0.000046
v 41.526337 -11.521469 -7.533253
v 40.861183 -31.809357 -5.717626
v 93.216599 64.767532 -33.396870
v -0.000004 -52.181110 -12.996417
v -0.000007 -55.064445 -12.292612
v -0.000008 -24.602476 -18.435751
v -0.000003 -21.272488 -17.788044
v 9.605455 55.938282 -17.149857
v 53.843258 21.675945 -7.788634
v 53.018898 27.044640 -7.788634
v 53.018898 27.044640 0.000000
v 52.886414 46.620209 -12.639130
v 44.243706 -15.374051 -21.688646
v 21.191692 -20.313679 -13.995705
v 20.780975 -21.063385 -13.089964
v 47.738674 -44.882439 -12.639130
v 44.243706 -15.374051 0.000028
v 41.428024 5.538835 -26.692667
v 0.000001 -24.689325 -33.396870
v -0.000004 -52.181110 -13.089964
v 47.738674 -44.882439 0.000062
v 47.072617 -45.695385 -7.533253
v 40.861183 -31.809357 -0.000053
v 83.378853 66.603531 -0.000048
v 99.551392 81.571671 -5.717626
v 93.216599 64.767532 -24.062346
v 8.208323 60.793716 -17.788044
v 9.605455 55.938282 -22.104786
v 10.370153 -35.050896 -13.089964
v 47.738674 -44.882439 -5.717626
v 93.216599 64.767532 -13.221271
v 9.483635 -34.964203 -84.348236
v 224.417587 35.258514 -27.219891
v 48.331043 -44.553642 -13.089964
v 47.738674 -44.882439 -7.533253
v 40.861183 -31.809357 -22.104786
v 10.370153 -35.050896 -29.124088
v 8.253847 -30.059378 -12.639130
v 44.243706 -15.374051 -18.435751
v -0.000003 -21.272488 -13.699157
v 8.992492 -22.283825 -7.788634
v 53.018898 27.044640 -3.699444
v 55.738670 49.580688 -7.788634
v 53.018898 27.044640 -5.717626
v 93.216599 64.767532 -0.000008
v 101.260506 67.816055 -27.219891
v 48.331043 -44.553642 -7.533253
v 40.861183 -31.809357 -12.639130
v 44.243706 -15.374051 -24.457186
v 101.468758 -54.926392 -14.348424
v 30.907360 -22.519995 -21.688646
v 21.191692 -20.313679 -13.699157
v 8.992492 -22.283825 -13.995705
v 20.780975 -21.063385 0.000124
v 121.132957 -50.706123 -3.699444
v 55.738670 49.580688 -12.292612
v -0.000008 -24.602476 -18.435751
v -0.000003 -21.272488 0.000027
v 102.373337 7.439909 -21.688646
v 21.191692 -20.313679 -20.239693
v 2.014799 38.010914 -20.514717
v 101.395195 -32.283421 -12.639130
v 44.243706 -15.374051 -21.483435
v 62.070240 58.273952 -55.793686
v 167.334686 9.046457 -71.054260
v 208.618576 24.861015 -23.192612
v 42.321140 -17.994400 -14.348424
v 30.907360 -22.519995 -12.639130
v 44.243706 -15.374051 -23.112036
v 31.261967 -21.434227 -21.688646
v 21.191692 -20.313679 -12.639130
v 44.243706 -15.374051 -21.483435
v 62.070240 58.273952 -23.112036
v 31.261967 -21.434227 -23.192612
v 42.321140 -17.994400 -20.514717
v 101.395195 -32.283421 0.000027
v 102.876320 -13.135838 -0.000066
v 107.351204 96.529655 -26.643234
v 56.360764 26.076305 -26.643234
v 56.360764 26.076305 -20.239693
v 2.014799 38.010914 -19.338406
v -0.000004 68.260399 -10.707091
v 8.496138 58.763763 -9.952855
v -0.000001 65.541054 -16.858492
v 3.168589 32.699989 -9.830090
v 1.825421 37.161003 -10.054504
v 2.860737 32.700645 -13.317718
v 0.076287 26.804861 -20.239693
v 2.014799 38.010914 -17.980896
v -0.000002 40.027405 -9.830090
v 1.825421 37.161003 -8.566586
v -0.000001 38.834812 -21.838181
v 2.979131 33.570240 -27.088549
v 0.076286 28.799507 -28.278639
v 3.121220 35.375717 -9.952855
v -0.000001 65.541054 -16.858492
v 3.168589 32.699989 -9.830090
v 1.825421 37.161003 -8.566586
v -0.000001 38.834812 -9.952855
v -0.000001 65.541054 -10.707091
v 8.496138 58.763763 -16.947189
v 2.133174 37.226131 -17.980896
v -0.000002 40.027405 -10.707091
v 8.496138 58.763763 -26.832792
v 1.920099 39.317833 -16.947189
v 2.133174 37.226131 -26.832792
v 1.920099 39.317833 -27.927435
v -0.000004 41.287426 -19.338406
v -0.000004 68.260399 -9.952855
v -0.000001 65.541054 -27.927435
v -0.000004 41.287426 -19.338406
v -0.000004 68.260399 -14.099937
v -0.000002 69.970551 -19.338406
v -0.000004 68.260399 -9.952855
v -0.000001 65.541054 -17.788044
v 9.605455 55.938282 -24.062346
v 8.208323 60.793716 -5.717626
v 93.216599 64.767532 -0.000053
v 83.378853 66.603531 -0.000053
v 83.378853 66.603531 -5.717626
v 93.216599 64.767532 -26.805580
v 81.293686 -53.324612 -20.011026
v 79.786919 -65.723831 -29.012480
v 65.761620 -47.744293 -33.816498
v 3.041095 -59.130989 -27.044054
v 2.902124 -61.253540 -32.273884
v 1.866311 -54.496590 -25.340906
v 1.958945 -56.033035 -29.124088
v 8.253847 -30.059378 -28.278639
v 3.121220 35.375717 -14.363596
v 1.773716 -57.032204 -21.804436
v 3.087431 -62.276638 -14.623400
v 2.786351 -62.275867 -20.514717
v 101.395195 -32.283421 -20.514717
v 101.395195 -32.283421 -20.514717
v 101.395195 -32.283421 -13.089964
v 47.738674 -44.882439 -21.876316
v 2.074718 -56.955650 -17.388710
v 98.512573 -0.372298 -19.683638
v 104.799789 8.659277 -11.845903
v 124.276733 -19.878613 -55.793686
v 167.334686 9.046457 -14.523835
v 97.278793 -14.214947 -23.460434
v 111.205429 18.958649 -31.456974
v 119.569130 24.136604 -13.221271
v 9.483635 -34.964203 -22.104786
v 10.370153 -35.050896 -23.460434
v 111.205429 18.958649 -11.845903
v 124.276733 -19.878613 -27.721489
v 146.781464 0.267656 -17.610401
v 139.903656 -4.749813 -55.793686
v 167.334686 9.046457 -27.721489
v 146.781464 0.267656 -27.258596
v 146.892166 -3.847431 -20.043621
v 142.012802 -7.139003 -21.669216
v 156.214264 -11.224377 -21.669216
v 156.214264 -11.224377 -32.091717
v 143.973312 -9.365349 -27.258596
v 146.892166 -3.847431 -24.549061
v 139.357239 -12.762169 -32.091717
v 143.973312 -9.365349 -24.549061
v 139.357239 -12.762169 -20.043621
v 142.012802 -7.139003 -21.669216
v 156.214264 -11.224377 -20.043621
v 142.012802 -7.139003 -11.845903
v 124.276733 -19.878613 -71.054260
v 208.618576 24.861015 -70.879555
v 201.644958 36.475830 -99.095581
v 242.964844 39.779137 -84.348236
v 224.417587 35.258514 -71.054260
v 208.618576 24.861015 -19.683638
v 104.799789 8.659277 -23.460434
v 111.205429 18.958649 -26.031149
v 116.765312 -85.974945 -14.523835
v 97.278793 -14.214947 -14.523835
v 97.278793 -14.214947 -10.631777
v 109.259575 -32.368149 -14.523835
v 97.278793 -14.214947 -16.066891
v 135.393784 -7.717189 -23.460434
v 111.205429 18.958649 -25.921638
v 128.731415 -89.769165 -25.509022
v 93.038780 -58.937057 0.000124
v 121.132957 -50.706123 -10.542178
v 117.479004 -49.943169 -19.625664
v 109.749687 -51.034615 0.000130
v 78.617371 -79.255501 0.000123
v 70.997299 -76.880798 0.000156
v 134.621658 -71.189789 0.000174
v 137.014252 -89.002090 -9.587715
v 80.765076 -75.478630 -11.484007
v 73.425125 -70.750183 -26.031149
v 116.765312 -85.974945 0.000151
v 83.217659 -90.689110 -11.484007
v 73.425125 -70.750183 -14.846624
v 105.736252 -101.907822 0.000188
v 122.929298 -112.723022 0.000185
v 132.769409 -103.523209 -21.384249
v 108.222748 -94.342140 -26.132675
v 104.302391 -71.221420 -26.132675
v 104.302391 -71.221420 -26.031149
v 116.765312 -85.974945 0.000185
v 117.139648 -114.041077 -26.132675
v 104.302391 -71.221420 -26.031149
v 116.765312 -85.974945 -20.011026
v 79.786919 -65.723831 -25.509022
v 93.038780 -58.937057 -27.388592
v 75.345413 -55.835823 -29.814623
v 82.572983 -52.672817 -20.011026
v 79.786919 -65.723831 -25.509022
v 93.038780 -58.937057 -23.807999
v 107.740967 -88.389297 -24.438139
v 105.457565 -83.071762 -23.571623
v 94.286140 -80.523682 -5.413424
v 115.240402 -111.849342 0.000185
v 117.139648 -114.041077 0.000189
v 107.593140 -124.318481 0.000187
v 94.625648 -130.426498 0.000178
v 74.688385 -133.104065 -25.921638
v 128.731415 -89.769165 0.000174
v 84.315628 -123.527122 -14.846624
v 105.736252 -101.907822 -21.384249
v 108.222748 -94.342140 -23.571623
v 94.286140 -80.523682 -25.921638
v 128.731415 -89.769165 -23.571623
v 94.286140 -80.523682 -25.509022
v 93.038780 -58.937057 -20.239950
v 87.048431 -73.232750 -8.673873
v 85.865898 -87.939362 -19.116905
v 89.498848 -84.448608 -23.571623
v 94.286140 -80.523682 -26.031149
v 116.765312 -85.974945 -24.438139
v 105.457565 -83.071762 -24.438139
v 105.457565 -83.071762 -26.031149
v 116.765312 -85.974945 -23.571623
v 94.286140 -80.523682 -9.441140
v 108.103745 -108.818634 -25.921638
v 128.731415 -89.769165 -23.807999
v 107.740967 -88.389297 -25.921638
v 128.731415 -89.769165 -26.031149
v 116.765312 -85.974945 -25.921638
v 128.731415 -89.769165 0.000172
v 87.370369 -118.527206 -25.509022
v 93.038780 -58.937057 -14.846624
v 105.736252 -101.907822 -9.441140
v 108.103745 -108.818634 -21.384249
v 108.222748 -94.342140 -9.441140
v 108.103745 -108.818634 -5.413424
v 115.240402 -111.849342 -25.921638
v 128.731415 -89.769165 -25.921638
v 128.731415 -89.769165 -71.054260
v 208.618576 24.861015 -19.116905
v 89.498848 -84.448608 0.000190
v 81.860016 -119.960182 0.000170
v 82.031761 -104.066177 -23.305027
v 96.455063 -92.689842 -8.673873
v 85.865898 -87.939362 -8.673873
v 85.865898 -87.939362 -19.116905
v 89.498848 -84.448608 -23.388063
v 90.652512 -88.726418 -27.040504
v 95.386810 -86.424332 -19.116905
v 89.498848 -84.448608 0.000151
v 83.217659 -90.689110 -8.673873
v 85.865898 -87.939362 0.000144
v 91.971443 -85.873016 -8.182341
v 86.084106 -114.581841 -15.874413
v 91.565239 -101.396103 -23.305027
v 96.455063 -92.689842 0.000190
v 81.860016 -119.960182 0.000001
v 115.004471 -84.249916 10.162799
v 91.544441 -114.376923 19.009916
v 92.982742 -100.122520 0.000172
v 87.370369 -118.527206 -19.009914
v 92.982735 -100.122513 -10.162793
v 91.544449 -114.376930 0.000001
v 115.004471 -84.249916 23.305025
v 96.455063 -92.689850 -23.305027
v 96.455063 -92.689842 0.943436
v 105.139885 19.880064 -2.499995
v 105.139893 14.880064 2.500004
v 105.139877 19.880064 2.500005
v 105.139885 14.880064 -2.499991
v 110.139885 19.880066 -2.499990
v 110.139893 14.880066 2.500009
v 110.139877 19.880066 2.500010
v 110.139885 14.880067 -2.499996
v 105.139885 19.880064 -2.499990
v 110.139893 14.880066 -2.499995
v 105.139893 14.880064 -2.499991
v 110.139885 19.880066 -2.499995
v 105.139893 14.880064 2.500010
v 110.139885 14.880067 2.500005
v 105.139885 14.880064 -2.499990
v 110.139893 14.880066 2.500005
v 105.139885 14.880064 2.500009
v 110.139877 19.880066 2.500004
v 105.139877 19.880064 2.500010
v 110.139885 14.880067 2.500004
v 105.139877 19.880064 -2.499991
v 110.139885 19.880066 -2.499996
v 105.139885 19.880064 2.500009
v 110.139877 19.880066 1.000000

vt 0.003731 0.216491
vt 0.153863 0.050144
vt 0.135784 0.932612
vt 0.878394 0.018273
vt 0.137959 0.298126
vt 0.365619 0.034226
vt 0.998267 0.974708
vt 0.402694 0.113760
vt 0.957882 0.306291
vt 0.138305 0.281233
vt 0.110250 0.814141
vt 0.418735 0.877562
vt 0.586824 0.424835
vt 0.881089 0.113931
vt 0.899887 0.629981
vt 0.575635 0.716558
vt 0.404550 0.243771
vt 0.283948 0.173992
vt 0.809350 0.255427
vt 0.386776 0.314024
vt 0.440528 0.046664
vt 0.961128 0.072614
vt 0.460286 0.048843
vt 0.249321 0.189682
vt 0.094065 0.081326
vt 0.116390 0.161299
vt 0.908942 0.863908
vt 0.002026 0.588763
vt 0.519997 0.642141
vt 0.468047 0.310597
vt 0.698578 0.753259
vt 0.770704 0.660446
vt 0.639165 0.626574
vt 0.479340 0.746345
vt 0.829528 0.645437
vt 0.442649 0.351650
vt 0.698804 0.578446
vt 0.514485 0.609949
vt 0.442219 0.628325
vt 0.432169 0.596717
vt 0.446597 0.594145
vt 0.419718 0.592799
vt 0.486853 0.397634
vt 0.679460 0.590784
vt 0.502707 0.560024
vt 0.486075 0.571019
vt 0.474620 0.544460
vt 0.495908 0.543571
vt 0.464945 0.622586
vt 0.472088 0.637262
vt 0.460491 0.354627
vt 0.684492 0.313773
vt 0.577694 0.980888
vt 0.614048 0.525212
vt 0.132592 0.624393
vt 0.355358 0.517433
vt 0.427428 0.032016
vt 0.221036 0.952284
vt 0.571559 0.708524
vt 0.186475 0.056811
vt 0.235344 0.955850
vt 0.407955 0.628944
vt 0.123789 0.008148
vt 0.873903 0.712901
vt 0.113186 0.629452
vt 0.063073 0.025799
vt 0.883009 0.076802
vt 0.877595 0.851364
vt 0.630162 0.944562
vt 0.600185 0.929521
vt 0.025358 0.711865
vt 0.763747 0.730603
vt 0.684710 0.895573
vt 0.489447 0.832725
vt 0.480123 0.031301
vt 0.749578 0.791817
vt 0.703906 0.480838
vt 0.062367 0.784570
vt 0.508853 0.774305
vt 0.474281 0.837668
vt 0.527374 0.375049
vt 0.882574 0.032038
vt 0.475266 0.055666
vt 0.468071 0.401094
vt 0.669619 0.066349
vt 0.289238 0.044793
vt 0.265521 0.023374
vt 0.269754 0.946268
vt 0.918843 0.819051
vt 0.575637 0.971229
vt 0.921415 0.772008
vt 0.728761 0.911325
vt 0.662893 0.543571
vt 0.464945 0.045479
vt 0.305514 0.991880
vt 0.584251 0.329047
vt 0.471696 0.597030
vt 0.756381 0.991262
vt 0.920242 0.020125
vt 0.318690 0.967553
vt 0.872440 0.646380
vt 0.775644 0.051351
vt 0.307319 0.595566
vt 0.786916 0.598598
vt 0.507426 0.544460
vt 0.495908 0.378807
vt 0.709869 0.703912
vt 0.777515 0.677995
vt 0.775532 0.638005
vt 0.784997 0.632187
vt 0.853793 0.055442
vt 0.302307 0.710589
vt 0.830712 0.626574
vt 0.479340 0.664535
vt 0.844311 0.560024
vt 0.486075 0.070625
vt 0.242099 0.680678
vt 0.852192 0.735447
vt 0.823568 0.719048
vt 0.933695 0.786043
vt 0.921163 0.825800
vt 0.897628 0.788761
vt 0.905033 0.687620
vt 0.909496 0.623412
vt 0.914294 0.655759
vt 0.926520 0.052968
vt 0.280406 0.011418
vt 0.754273 0.518391
vt 0.354550 0.865264
vt 0.099939 0.694565
vt 0.601827 0.961208
vt 0.176619 0.908745
vt 0.160555 0.818546
vt 0.146407 0.816184
vt 0.994354 0.056326
vt 0.258455 0.823551
vt 0.207045 0.295798
vt 0.010758 0.685445
vt 0.519053 0.731450
vt 0.188973 0.263211
vt 0.249926 0.918803
vt 0.212586 0.194779
vt 0.003881 0.992092
vt 0.273874 0.228055
vt 0.172282 0.942323
vt 0.334674 0.665919
vt 0.555311 0.232548
vt 0.040406 0.835779
vt 0.127217 0.612215
vt 0.495255 0.893578
vt 0.548581 0.859857
vt 0.135400 0.588763
vt 0.519997 0.439238
vt 0.470616 0.816491
vt 0.144081 0.951502
vt 0.502928 0.642141
vt 0.468047 0.757589
vt 0.439744 0.796402
vt 0.087317 0.865894
vt 0.145598 0.653111
vt 0.461867 0.809793
vt 0.111973 0.936570
vt 0.161287 0.735370
vt 0.580016 0.652557
vt 0.535178 0.579639
vt 0.529445 0.850957
vt 0.099251 0.590784
vt 0.502707 0.426065
vt 0.081256 0.763669
vt 0.559528 0.731936
vt 0.067209 0.425886
vt 0.178279 0.691127
vt 0.680011 0.631178
vt 0.269646 0.310597
vt 0.698578 0.631818
vt 0.631977 0.850655
vt 0.021402 0.293718
vt 0.600619 0.340604
vt 0.175265 0.579639
vt 0.529445 0.774462
vt 0.117555 0.745929
vt 0.722293 0.367257
vt 0.691432 0.652031
vt 0.689869 0.679102
vt 0.708131 0.594145
vt 0.419718 0.652557
vt 0.535178 0.897945
vt 0.335223 0.617309
vt 0.682779 0.598598
vt 0.507426 0.630112
vt 0.683957 0.664873
vt 0.704801 0.653111
vt 0.461867 0.397634
vt 0.679460 0.707767
vt 0.718658 0.355755
vt 0.718388 0.730639
vt 0.270812 0.323177
vt 0.724700 0.914672
vt 0.270979 0.609949
vt 0.442219 0.578446
vt 0.514485 0.351650
vt 0.698804 0.318174
vt 0.704902 0.637262
vt 0.460491 0.637540
vt 0.762526 0.790932
vt 0.773070 0.622586
vt 0.472088 0.660446
vt 0.639165 0.354627
vt 0.684492 0.559475
vt 0.543718 0.612215
vt 0.495255 0.629981
vt 0.575635 0.813923
vt 0.281240 0.632438
vt 0.190857 0.340985
vt 0.527899 0.898544
vt 0.048147 0.995158
vt 0.103409 0.518818
vt 0.271070 0.445558
vt 0.282205 0.793831
vt 0.608063 0.321713
vt 0.410426 0.810127
vt 0.355068 0.716584
vt 0.344006 0.635027
vt 0.410774 0.367981
vt 0.274283 0.524525
vt 0.193233 0.897811
vt 0.402724 0.003195
vt 0.017950 0.915949
vt 0.038012 0.310259
vt 0.258194 0.003201
vt 0.999424 0.172017
vt 0.869918 0.134813
vt 0.484006 0.233593
vt 0.786341 0.136593
vt 0.840978 0.257983
vt 0.702093 0.292984
vt 0.458002 0.464384
vt 0.701124 0.280089
vt 0.644754 0.084852
vt 0.913283 0.263265
vt 0.518184 0.087855
vt 0.766182 0.305507
vt 0.543582 0.160419
vt 0.768432 0.179718
vt 0.663463 0.187371
vt 0.763916 0.424936
vt 0.880736 0.530351
vt 0.744555 0.374383
vt 0.943276 0.416020
vt 0.944910 0.514089
vt 0.926431 0.557390
vt 0.913955 0.885346
vt 0.738831 0.416108
vt 0.699598 0.485773
vt 0.734890 0.407243
vt 0.998789 0.878324
vt 0.728738 0.446942
vt 0.990900 0.948930
vt 0.728030 0.895214
vt 0.776242 0.489755
vt 0.965908 0.504631
vt 0.765032 0.448815
vt 0.787395 0.424713
vt 0.882419 0.499800
vt 0.516053 0.476780
vt 0.848724 0.505438
vt 0.764955 0.843055
vt 0.788282 0.546174
vt 0.798738 0.821625
vt 0.832483 0.520648
vt 0.713372 0.881179
vt 0.907994 0.541811
vt 0.989741 0.936491
vt 0.718299 0.471400
vt 0.778714 0.518072
vt 0.659601 0.543633
vt 0.581461 0.247307
vt 0.928791 0.325705
vt 0.945625 0.494467
vt 0.530494 0.259880
vt 0.990597 0.247615
vt 0.930205 0.261000
vt 0.989212 0.920663
vt 0.903278 0.324629
vt 0.945810 0.247576
vt 0.929049 0.963592
vt 0.753433 0.917049
vt 0.734082 0.933341
vt 0.753944 0.524551
vt 0.584316 0.328080
vt 0.755618 0.478443
vt 0.594057 0.457614
vt 0.563076 0.480047
vt 0.537414 0.393816
vt 0.847580 0.431031
vt 0.600737 0.448195
vt 0.487443 0.259952
vt 0.990693 0.883598
vt 0.806774 0.403439
vt 0.561699 0.418511
vt 0.801838 0.794302
vt 0.841129 0.433467
vt 0.521874 0.924057
vt 0.790640 0.393788
vt 0.848328 0.909090
vt 0.750764 0.417820
vt 0.487891 0.509043
vt 0.590998 0.561422
vt 0.726975 0.523573
vt 0.486333 0.325443
vt 0.946049 0.370242
vt 0.776528 0.418853
vt 0.801640 0.419268
vt 0.801140 0.415456
vt 0.943614 0.814640
vt 0.778958 0.905101
vt 0.714136 0.835836
vt 0.895550 0.552847
vt 0.621774 0.892781
vt 0.846852 0.461937
vt 0.663440 0.923349
vt 0.766773 0.927531
vt 0.692687 0.881036
vt 0.769517 0.898394
vt 0.965478 0.845475
vt 0.876744 0.212621
vt 0.118482 0.289627
vt 0.817723 0.881415
vt 0.849776 0.869771
vt 0.067141 0.600014
vt 0.728580 0.998137
vt 0.154342 0.531065
vt 0.010343 0.254705
vt 0.071281 0.310817
vt 0.010139 0.934686
vt 0.102779 0.636068
vt 0.014311 0.887430
vt 0.061690 0.835036
vt 0.043736 0.954461
vt 0.092102 0.714159
vt 0.026463 0.411515
vt 0.005931 0.576911
vt 0.592201 0.932612
vt 0.878394 0.936889
vt 0.824245 0.924057
vt 0.790640 0.953725
vt 0.860806 0.892781
vt 0.846852 0.934378
vt 0.797646 0.177714
vt 0.893556 0.201497
vt 0.858377 0.471912
vt 0.631362 0.496352
vt 0.635274 0.056564
vt 0.003731 0.216325
vt 0.153946 0.050144
vt 0.135784 0.019418
vt 0.138459 0.298126
vt 0.365619 0.034226
vt 0.998267 0.974708
vt 0.402694 0.113760
vt 0.957882 0.306291
vt 0.138305 0.281233
vt 0.110250 0.877562
vt 0.586824 0.424835
vt 0.881089 0.113931
vt 0.899887 0.629981
vt 0.575635 0.243606
vt 0.284031 0.173992
vt 0.809350 0.255262
vt 0.386859 0.314024
vt 0.440528 0.046664
vt 0.961128 0.072614
vt 0.460286 0.048843
vt 0.249321 0.189517
vt 0.094147 0.081326
vt 0.116390 0.161299
vt 0.908942 0.588763
vt 0.519997 0.642141
vt 0.468047 0.310597
vt 0.698578 0.753259
vt 0.770704 0.660446
vt 0.639165 0.626574
vt 0.479340 0.746345
vt 0.829528 0.645437
vt 0.442649 0.351650
vt 0.698804 0.578446
vt 0.514485 0.609949
vt 0.442219 0.628325
vt 0.432169 0.596717
vt 0.446597 0.594145
vt 0.419718 0.592799
vt 0.486853 0.397634
vt 0.679460 0.590784
vt 0.502707 0.560024
vt 0.486075 0.571019
vt 0.474620 0.544460
vt 0.495908 0.543571
vt 0.464945 0.622586
vt 0.472088 0.637262
vt 0.460491 0.354627
vt 0.684492 0.313773
vt 0.577694 0.980888
vt 0.614048 0.525212
vt 0.132592 0.624393
vt 0.355358 0.032016
vt 0.221036 0.952284
vt 0.571559 0.708524
vt 0.186475 0.056811
vt 0.235344 0.628944
vt 0.123789 0.007558
vt 0.873804 0.712901
vt 0.113186 0.629452
vt 0.063073 0.025799
vt 0.883009 0.076802
vt 0.877595 0.851364
vt 0.630162 0.944562
vt 0.600185 0.711865
vt 0.763747 0.730603
vt 0.684710 0.895573
vt 0.489447 0.832725
vt 0.480123 0.031301
vt 0.749578 0.791817
vt 0.703906 0.480838
vt 0.062367 0.784570
vt 0.508853 0.774305
vt 0.474281 0.837668
vt 0.527374 0.375049
vt 0.882574 0.032137
vt 0.474449 0.055666
vt 0.468071 0.401094
vt 0.669619 0.066349
vt 0.289238 0.044793
vt 0.265521 0.023374
vt 0.269754 0.946268
vt 0.918843 0.819051
vt 0.575637 0.971229
vt 0.921415 0.772008
vt 0.728761 0.911325
vt 0.662893 0.543571
vt 0.464945 0.045479
vt 0.305514 0.991880
vt 0.584251 0.329047
vt 0.471696 0.597030
vt 0.756381 0.991262
vt 0.920242 0.020125
vt 0.318690 0.967553
vt 0.872440 0.646380
vt 0.775644 0.051210
vt 0.307276 0.595566
vt 0.786916 0.598598
vt 0.507426 0.544460
vt 0.495908 0.378807
vt 0.709869 0.703912
vt 0.777515 0.677995
vt 0.775532 0.638005
vt 0.784997 0.632187
vt 0.853793 0.055442
vt 0.302307 0.710589
vt 0.830712 0.626574
vt 0.479340 0.664535
vt 0.844311 0.560024
vt 0.486075 0.070625
vt 0.242099 0.680678
vt 0.852192 0.735447
vt 0.823568 0.719048
vt 0.933695 0.786043
vt 0.921163 0.825800
vt 0.897628 0.788761
vt 0.905033 0.687620
vt 0.909496 0.623412
vt 0.914294 0.655759
vt 0.926520 0.053603
vt 0.279976 0.011418
vt 0.754273 0.518391
vt 0.354550 0.865264
vt 0.099939 0.694565
vt 0.601827 0.961208
vt 0.176619 0.908745
vt 0.160555 0.818546
vt 0.146407 0.816184
vt 0.994354 0.056326
vt 0.258455 0.823551
vt 0.207045 0.295798
vt 0.010758 0.685445
vt 0.519053 0.731450
vt 0.188973 0.263211
vt 0.249926 0.918803
vt 0.212586 0.194779
vt 0.003881 0.228055
vt 0.172282 0.942323
vt 0.334674 0.665919
vt 0.555311 0.232548
vt 0.040406 0.835779
vt 0.127217 0.612215
vt 0.495255 0.893578
vt 0.548581 0.859857
vt 0.135400 0.588763
vt 0.519997 0.816491
vt 0.144081 0.951502
vt 0.502928 0.642141
vt 0.468047 0.757589
vt 0.439744 0.796402
vt 0.087317 0.865894
vt 0.145598 0.653111
vt 0.461867 0.809793
vt 0.111973 0.936570
vt 0.161287 0.735370
vt 0.580016 0.652557
vt 0.535178 0.579639
vt 0.529445 0.850957
vt 0.099251 0.590784
vt 0.502707 0.426065
vt 0.081256 0.763669
vt 0.559528 0.731936
vt 0.067209 0.425886
vt 0.178279 0.691127
vt 0.680011 0.631178
vt 0.269646 0.310597
vt 0.698578 0.631818
vt 0.631977 0.850655
vt 0.021402 0.293718
vt 0.600619 0.340604
vt 0.175265 0.579639
vt 0.529445 0.774462
vt 0.117555 0.745929
vt 0.722293 0.367257
vt 0.691432 0.652031
vt 0.689869 0.679102
vt 0.708131 0.594145
vt 0.419718 0.652557
vt 0.535178 0.897945
vt 0.335223 0.617309
vt 0.682779 0.598598
vt 0.507426 0.630112
vt 0.683957 0.664873
vt 0.704801 0.653111
vt 0.461867 0.397634
vt 0.679460 0.707767
vt 0.718658 0.355755
vt 0.718388 0.730639
vt 0.270812 0.323177
vt 0.724700 0.914672
vt 0.270979 0.609949
vt 0.442219 0.578446
vt 0.514485 0.351650
vt 0.698804 0.318174
vt 0.704902 0.637262
vt 0.460491 0.637540
vt 0.762526 0.790932
vt 0.773070 0.622586
vt 0.472088 0.660446
vt 0.639165 0.354627
vt 0.684492 0.559475
vt 0.543718 0.612215
vt 0.495255 0.629981
vt 0.575635 0.813923
vt 0.281240 0.632438
vt 0.190857 0.898544
vt 0.048147 0.518818
vt 0.271070 0.445558
vt 0.282205 0.793831
vt 0.608063 0.321713
vt 0.410426 0.810127
vt 0.355068 0.716584
vt 0.344006 0.367981
vt 0.274283 0.524525
vt 0.193233 0.003195
vt 0.017950 0.915949
vt 0.038012 0.310259
vt 0.258194 0.003035
vt 0.999507 0.172017
vt 0.869918 0.134813
vt 0.484006 0.233593
vt 0.786341 0.136593
vt 0.840978 0.257983
vt 0.702093 0.292984
vt 0.458002 0.464384
vt 0.701124 0.280089
vt 0.644754 0.084852
vt 0.913283 0.263265
vt 0.518184 0.087690
vt 0.766265 0.305507
vt 0.543582 0.160419
vt 0.768432 0.179718
vt 0.663463 0.187371
vt 0.763916 0.424936
vt 0.880736 0.530351
vt 0.744555 0.374383
vt 0.943276 0.416020
vt 0.944910 0.514089
vt 0.926431 0.557390
vt 0.913955 0.885346
vt 0.738831 0.416108
vt 0.699598 0.485773
vt 0.734890 0.407243
vt 0.998789 0.878324
vt 0.728738 0.446942
vt 0.990900 0.948930
vt 0.728030 0.895214
vt 0.776242 0.489755
vt 0.965908 0.504631
vt 0.765032 0.448815
vt 0.787395 0.424713
vt 0.882419 0.499800
vt 0.516053 0.476780
vt 0.848724 0.505438
vt 0.764955 0.843055
vt 0.788282 0.546174
vt 0.798738 0.821625
vt 0.832483 0.520648
vt 0.713372 0.881179
vt 0.907994 0.541811
vt 0.989741 0.936491
vt 0.718299 0.471400
vt 0.778714 0.518072
vt 0.659601 0.543633
vt 0.581461 0.247307
vt 0.928791 0.325705
vt 0.945625 0.494467
vt 0.530494 0.259880
vt 0.990597 0.247615
vt 0.930205 0.261000
vt 0.989212 0.324629
vt 0.945810 0.247576
vt 0.929049 0.963592
vt 0.753433 0.917049
vt 0.734082 0.933341
vt 0.753944 0.524551
vt 0.584316 0.478443
vt 0.594057 0.457614
vt 0.563076 0.480047
vt 0.537414 0.393816
vt 0.847580 0.431031
vt 0.600737 0.259952
vt 0.990693 0.883598
vt 0.806774 0.403439
vt 0.561699 0.418511
vt 0.801838 0.433467
vt 0.521874 0.924057
vt 0.790640 0.393788
vt 0.848328 0.909090
vt 0.750764 0.509043
vt 0.590998 0.561422
vt 0.726975 0.325443
vt 0.946049 0.370242
vt 0.776528 0.418853
vt 0.801640 0.419268
vt 0.801140 0.415456
vt 0.943614 0.814640
vt 0.778958 0.905101
vt 0.714136 0.552847
vt 0.621774 0.892781
vt 0.846852 0.461937
vt 0.663440 0.923349
vt 0.766773 0.927531
vt 0.692687 0.881036
vt 0.769517 0.845475
vt 0.876744 0.881415
vt 0.849776 0.936889
vt 0.824245 0.924057
vt 0.790640 0.892781
vt 0.846852 0.934378
vt 0.797646 0.471912
vt 0.631362 0.496352
vt 0.635274 0.591610
vt 0.845514 0.134452
vt 0.484141 0.009343
vt 0.244989 0.048263
vt 0.260955 0.055545
vt 0.944731 0.055545
vt 0.944731 0.048263
vt 0.260955 0.257502
vt 0.386193 0.255788
vt 0.386641 0.076441
vt 0.877730 0.046303
vt 0.961263 0.939017
vt 0.994378 0.738978
vt 0.684081 0.789818
vt 0.699177 0.764996
vt 0.654996 0.963292
vt 0.997536 0.009343
vt 0.244989 0.323177
vt 0.724700 0.343833
vt 0.748146 0.355755
vt 0.718388 0.726297
vt 0.555161 0.009343
vt 0.244989 0.005323
vt 0.310807 0.378807
vt 0.709869 0.407977
vt 0.726427 0.408021
vt 0.695801 0.323177
vt 0.724700 0.318174
vt 0.704902 0.669973
vt 0.444501 0.593060
vt 0.473711 0.605684
vt 0.473464 0.593060
vt 0.473711 0.557530
vt 0.529364 0.559475
vt 0.543718 0.557530
vt 0.529364 0.605684
vt 0.473464 0.378807
vt 0.709869 0.367257
vt 0.691432 0.346907
vt 0.583323 0.346907
vt 0.583323 0.557530
vt 0.529364 0.346907
vt 0.583323 0.628325
vt 0.432169 0.645437
vt 0.442649 0.605684
vt 0.473464 0.596717
vt 0.446597 0.422422
vt 0.366196 0.816007
vt 0.676203 0.738695
vt 0.543473 0.729696
vt 0.993930 0.629533
vt 0.993438 0.816007
vt 0.676203 0.937571
vt 0.678514 0.861480
vt 0.730750 0.795358
vt 0.705738 0.816007
vt 0.676203 0.861480
vt 0.730750 0.729696
vt 0.993930 0.629533
vt 0.993438 0.589022
vt 0.993239 0.758691
vt 0.517545 0.694635
vt 0.470583 0.428907
vt 0.425467 0.428907
vt 0.425467 0.422422
vt 0.366196 0.571019
vt 0.474620 0.592799
vt 0.486853 0.694635
vt 0.470583 0.891885
vt 0.444489 0.031360
vt 0.474973 0.937571
vt 0.678514 0.857958
vt 0.994559 0.753818
vt 0.536515 0.589022
vt 0.993239 0.689904
vt 0.993735 0.428907
vt 0.425467 0.671930
vt 0.631653 0.760476
vt 0.648618 0.830033
vt 0.434037 0.891885
vt 0.444489 0.263211
vt 0.249926 0.279851
vt 0.320870 0.417982
vt 0.052405 0.753052
vt 0.012077 0.559475
vt 0.543718 0.669973
vt 0.444501 0.738695
vt 0.543473 0.643140
vt 0.582927 0.725852
vt 0.691033 0.816184
vt 0.994354 0.857958
vt 0.994559 0.816184
vt 0.994354 0.514661
vt 0.060965 0.760476
vt 0.648618 0.830033
vt 0.434037 0.346764
vt 0.073082 0.514661
vt 0.060965 0.632697
vt 0.626403 0.559475
vt 0.543718 0.346764
vt 0.073082 0.417982
vt 0.052405 0.732570
vt 0.020730 0.753052
vt 0.012077 0.691127
vt 0.680011 0.725852
vt 0.691033 0.753818
vt 0.536515 0.346764
vt 0.073082 0.753052
vt 0.012077 0.758691
vt 0.517545 0.005533
vt 0.872005 0.373571
vt 0.091250 0.346764
vt 0.073082 0.417982
vt 0.052405 0.753818
vt 0.536515 0.726297
vt 0.555161 0.514661
vt 0.060965 0.671930
vt 0.631653 0.643140
vt 0.582927 0.816184
vt 0.994354 0.689904
vt 0.993735 0.816184
vt 0.994354 0.753052
vt 0.012077 0.774911
vt 0.002051 0.373571
vt 0.091250 0.417982
vt 0.052405 0.514661
vt 0.060965 0.310259
vt 0.258194 0.279851
vt 0.320870 0.301098
vt 0.366048 0.891885
vt 0.444489 0.671930
vt 0.631653 0.760476
vt 0.648618 0.738522
vt 0.672237 0.689904
vt 0.993735 0.694635
vt 0.470583 0.700254
vt 0.435848 0.760476
vt 0.648618 0.592799
vt 0.486853 0.422422
vt 0.366196 0.514661
vt 0.060965 0.629533
vt 0.993438 0.031360
vt 0.474973 0.011265
vt 0.754483 0.795358
vt 0.705738 0.861480
vt 0.730750 0.839145
vt 0.775044 0.816007
vt 0.676203 0.760476
vt 0.648618 0.514661
vt 0.060965 0.629533
vt 0.993438 0.816007
vt 0.676203 0.861480
vt 0.730750 0.422422
vt 0.366196 0.736406
vt 0.126754 0.736406
vt 0.126754 0.592799
vt 0.486853 0.632697
vt 0.626403 0.738695
vt 0.543473 0.685445
vt 0.519053 0.596717
vt 0.446597 0.645437
vt 0.442649 0.628325
vt 0.432169 0.343833
vt 0.748146 0.592799
vt 0.486853 0.593060
vt 0.473711 0.645437
vt 0.442649 0.669973
vt 0.444501 0.571019
vt 0.474620 0.407977
vt 0.726427 0.408021
vt 0.695801 0.293718
vt 0.600619 0.596717
vt 0.446597 0.645437
vt 0.442649 0.669973
vt 0.444501 0.738695
vt 0.543473 0.685445
vt 0.519053 0.605684
vt 0.473464 0.593060
vt 0.473711 0.685445
vt 0.519053 0.557530
vt 0.529364 0.605684
vt 0.473464 0.557530
vt 0.529364 0.401094
vt 0.669619 0.346907
vt 0.583323 0.293718
vt 0.600619 0.401094
vt 0.669619 0.346907
vt 0.583323 0.346907
vt 0.583323 0.313773
vt 0.577694 0.293718
vt 0.600619 0.725852
vt 0.691033 0.691127
vt 0.680011 0.752174
vt 0.087160 0.741342
vt 0.121580 0.189790
vt 0.065527 0.120124
vt 0.024206 0.378807
vt 0.709869 0.408021
vt 0.695801 0.557530
vt 0.529364 0.367257
vt 0.691432 0.726297
vt 0.555161 0.408021
vt 0.695801 0.318174
vt 0.704902 0.323177
vt 0.724700 0.355755
vt 0.718388 0.422422
vt 0.366196 0.422422
vt 0.366196 0.422422
vt 0.366196 0.346764
vt 0.073082 0.605684
vt 0.473464 0.216852
vt 0.153728 0.190043
vt 0.093930 0.013623
vt 0.136564 0.031360
vt 0.474973 0.134937
vt 0.043624 0.244132
vt 0.283813 0.243731
vt 0.221922 0.753818
vt 0.536515 0.757824
vt 0.517697 0.243731
vt 0.221922 0.013623
vt 0.136564 0.005323
vt 0.310807 0.009343
vt 0.244989 0.031360
vt 0.474973 0.005323
vt 0.310807 0.917170
vt 0.986011 0.897659
vt 0.975502 0.928797
vt 0.910832 0.928797
vt 0.910832 0.963292
vt 0.997536 0.998413
vt 0.995040 0.939017
vt 0.994378 0.963292
vt 0.997536 0.939017
vt 0.994378 0.917170
vt 0.986011 0.917170
vt 0.986011 0.928797
vt 0.910832 0.013623
vt 0.136564 0.011265
vt 0.754483 0.088216
vt 0.766047 0.003562
vt 0.999289 0.005533
vt 0.872005 0.011265
vt 0.754483 0.254088
vt 0.312972 0.257502
vt 0.386193 0.464411
vt 0.700932 0.134937
vt 0.043624 0.005912
vt 0.019874 0.134576
vt 0.043759 0.134576
vt 0.043759 0.048263
vt 0.260955 0.243370
vt 0.222057 0.518022
vt 0.658654 0.375072
vt 0.882514 0.514336
vt 0.872133 0.556164
vt 0.860645 0.468051
vt 0.881526 0.262317
vt 0.867336 0.262365
vt 0.867877 0.288463
vt 0.818265 0.464411
vt 0.700932 0.375771
vt 0.882258 0.371103
vt 0.615648 0.410382
vt 0.661996 0.418935
vt 0.801645 0.418935
vt 0.801645 0.463624
vt 0.704224 0.418792
vt 0.801278 0.463624
vt 0.704224 0.374640
vt 0.882586 0.375049
vt 0.882574 0.261882
vt 0.867879 0.375049
vt 0.882574 0.902223
vt 0.705149 0.329109
vt 0.758070 0.410794
vt 0.732752 0.415471
vt 0.519184 0.786743
vt 0.785337 0.518022
vt 0.658654 0.410382
vt 0.661996 0.371103
vt 0.615648 0.976099
vt 0.715168 0.518022
vt 0.658654 0.976099
vt 0.715168 0.375049
vt 0.882574 0.306199
vt 0.789055 0.327410
vt 0.756678 0.976099
vt 0.715168 0.986645
vt 0.764122 0.329109
vt 0.758070 0.418853
vt 0.801640 0.464411
vt 0.700932 0.410794
vt 0.732752 0.410794
vt 0.732752 0.464411
vt 0.700932 0.976099
vt 0.715168 0.379448
vt 0.552961 0.518022
vt 0.658654 0.902223
vt 0.705149 0.518022
vt 0.658654 0.518022
vt 0.658654 0.464411
vt 0.700932 0.375049
vt 0.882574 0.371103
vt 0.615648 0.379448
vt 0.552961 0.410382
vt 0.661996 0.379448
vt 0.552961 0.415471
vt 0.519184 0.518022
vt 0.658654 0.518022
vt 0.658654 0.011265
vt 0.754483 0.986645
vt 0.764122 0.933341
vt 0.753944 0.994909
vt 0.805116 0.986645
vt 0.764122 0.994909
vt 0.805116 0.963592
vt 0.753433 0.948930
vt 0.728030 0.986645
vt 0.764122 0.994909
vt 0.805116 0.998430
vt 0.838815 0.149834
vt 0.996225 0.208718
vt 0.962598 0.242601
vt 0.938441 0.107247
vt 0.997790 0.134287
vt 0.484224 0.009343
vt 0.244989 0.048517
vt 0.260137 0.055545
vt 0.944731 0.055545
vt 0.944731 0.048517
vt 0.260137 0.257502
vt 0.386193 0.255788
vt 0.386641 0.076276
vt 0.877813 0.046138
vt 0.961346 0.998137
vt 0.154342 0.939017
vt 0.994378 0.789818
vt 0.699177 0.738978
vt 0.684081 0.764996
vt 0.654996 0.963292
vt 0.997536 0.009343
vt 0.244989 0.343833
vt 0.748146 0.323177
vt 0.724700 0.355755
vt 0.718388 0.726297
vt 0.555161 0.009343
vt 0.244989 0.005323
vt 0.310807 0.407977
vt 0.726427 0.378807
vt 0.709869 0.408021
vt 0.695801 0.323177
vt 0.724700 0.318174
vt 0.704902 0.669973
vt 0.444501 0.593060
vt 0.473711 0.605684
vt 0.473464 0.593060
vt 0.473711 0.557530
vt 0.529364 0.559475
vt 0.543718 0.557530
vt 0.529364 0.605684
vt 0.473464 0.378807
vt 0.709869 0.367257
vt 0.691432 0.346907
vt 0.583323 0.346907
vt 0.583323 0.557530
vt 0.529364 0.346907
vt 0.583323 0.628325
vt 0.432169 0.645437
vt 0.442649 0.605684
vt 0.473464 0.596717
vt 0.446597 0.714159
vt 0.026463 0.517433
vt 0.427428 0.422422
vt 0.366196 0.816007
vt 0.676203 0.929521
vt 0.025358 0.863908
vt 0.002026 0.738695
vt 0.543473 0.729696
vt 0.993930 0.629533
vt 0.993438 0.816007
vt 0.676203 0.937571
vt 0.678514 0.861480
vt 0.730750 0.816007
vt 0.676203 0.795358
vt 0.705738 0.861480
vt 0.730750 0.897811
vt 0.402724 0.955850
vt 0.407955 0.254705
vt 0.071281 0.212621
vt 0.118482 0.729696
vt 0.993930 0.589022
vt 0.993239 0.629533
vt 0.993438 0.758691
vt 0.517545 0.694635
vt 0.470583 0.428907
vt 0.425467 0.439238
vt 0.470616 0.992092
vt 0.273874 0.428907
vt 0.425467 0.422422
vt 0.366196 0.571019
vt 0.474620 0.592799
vt 0.486853 0.694635
vt 0.470583 0.934686
vt 0.102779 0.954461
vt 0.092102 0.891885
vt 0.444489 0.031360
vt 0.474973 0.937571
vt 0.678514 0.624393
vt 0.355358 0.716584
vt 0.344006 0.635027
vt 0.410774 0.716558
vt 0.404550 0.857958
vt 0.994559 0.753818
vt 0.536515 0.589022
vt 0.993239 0.689904
vt 0.993735 0.995158
vt 0.103409 0.428907
vt 0.425467 0.671930
vt 0.631653 0.760476
vt 0.648618 0.814141
vt 0.418735 0.830033
vt 0.434037 0.891885
vt 0.444489 0.279851
vt 0.320870 0.411515
vt 0.005931 0.531065
vt 0.010343 0.417982
vt 0.052405 0.753052
vt 0.012077 0.559475
vt 0.543718 0.669973
vt 0.444501 0.738695
vt 0.543473 0.643140
vt 0.582927 0.725852
vt 0.691033 0.857958
vt 0.994559 0.816184
vt 0.994354 0.816184
vt 0.994354 0.869771
vt 0.067141 0.514661
vt 0.060965 0.760476
vt 0.648618 0.830033
vt 0.434037 0.346764
vt 0.073082 0.514661
vt 0.060965 0.636068
vt 0.014311 0.632697
vt 0.626403 0.559475
vt 0.543718 0.346764
vt 0.073082 0.310817
vt 0.010139 0.417982
vt 0.052405 0.732570
vt 0.020730 0.835036
vt 0.043736 0.753052
vt 0.012077 0.691127
vt 0.680011 0.725852
vt 0.691033 0.753818
vt 0.536515 0.346764
vt 0.073082 0.753052
vt 0.012077 0.758691
vt 0.517545 0.005533
vt 0.872005 0.373571
vt 0.091250 0.346764
vt 0.073082 0.417982
vt 0.052405 0.753818
vt 0.536515 0.726297
vt 0.555161 0.514661
vt 0.060965 0.643140
vt 0.582927 0.671930
vt 0.631653 0.816184
vt 0.994354 0.689904
vt 0.993735 0.816184
vt 0.994354 0.753052
vt 0.012077 0.774911
vt 0.002051 0.373571
vt 0.091250 0.417982
vt 0.052405 0.514661
vt 0.060965 0.301098
vt 0.366048 0.891885
vt 0.444489 0.760476
vt 0.648618 0.671930
vt 0.631653 0.738522
vt 0.672237 0.340985
vt 0.527899 0.689904
vt 0.993735 0.694635
vt 0.470583 0.700254
vt 0.435848 0.635027
vt 0.410774 0.760476
vt 0.648618 0.592799
vt 0.486853 0.422422
vt 0.366196 0.514661
vt 0.060965 0.629533
vt 0.993438 0.031360
vt 0.474973 0.011553
vt 0.754695 0.861480
vt 0.730750 0.795358
vt 0.705738 0.839145
vt 0.775044 0.816007
vt 0.676203 0.760476
vt 0.648618 0.514661
vt 0.060965 0.629533
vt 0.993438 0.816007
vt 0.676203 0.861480
vt 0.730750 0.422422
vt 0.366196 0.517433
vt 0.427428 0.887430
vt 0.061690 0.736406
vt 0.126754 0.736406
vt 0.126754 0.592799
vt 0.486853 0.632697
vt 0.626403 0.685445
vt 0.519053 0.738695
vt 0.543473 0.596717
vt 0.446597 0.645437
vt 0.442649 0.628325
vt 0.432169 0.343833
vt 0.748146 0.592799
vt 0.486853 0.593060
vt 0.473711 0.645437
vt 0.442649 0.669973
vt 0.444501 0.571019
vt 0.474620 0.407977
vt 0.726427 0.408021
vt 0.695801 0.293718
vt 0.600619 0.596717
vt 0.446597 0.645437
vt 0.442649 0.669973
vt 0.444501 0.738695
vt 0.543473 0.685445
vt 0.519053 0.605684
vt 0.473464 0.593060
vt 0.473711 0.685445
vt 0.519053 0.557530
vt 0.529364 0.605684
vt 0.473464 0.557530
vt 0.529364 0.401094
vt 0.669619 0.346907
vt 0.583323 0.293718
vt 0.600619 0.401094
vt 0.669619 0.346907
vt 0.583323 0.313773
vt 0.577694 0.346907
vt 0.583323 0.293718
vt 0.600619 0.725852
vt 0.691033 0.691127
vt 0.680011 0.752174
vt 0.087160 0.741342
vt 0.121580 0.189790
vt 0.065527 0.120124
vt 0.024206 0.310259
vt 0.258194 0.263211
vt 0.249926 0.340604
vt 0.175265 0.408021
vt 0.695801 0.378807
vt 0.709869 0.557530
vt 0.529364 0.367257
vt 0.691432 0.726297
vt 0.555161 0.408021
vt 0.695801 0.318174
vt 0.704902 0.355755
vt 0.718388 0.323177
vt 0.724700 0.422422
vt 0.366196 0.422422
vt 0.366196 0.422422
vt 0.366196 0.346764
vt 0.073082 0.605684
vt 0.473464 0.190043
vt 0.093930 0.216852
vt 0.153728 0.013623
vt 0.136564 0.031360
vt 0.474973 0.134937
vt 0.043624 0.243731
vt 0.221922 0.244132
vt 0.283813 0.757824
vt 0.517697 0.753818
vt 0.536515 0.243731
vt 0.221922 0.013623
vt 0.136564 0.005323
vt 0.310807 0.009343
vt 0.244989 0.031360
vt 0.474973 0.005323
vt 0.310807 0.897659
vt 0.975502 0.917170
vt 0.986011 0.928797
vt 0.910832 0.928797
vt 0.910832 0.963292
vt 0.997536 0.998413
vt 0.995040 0.939017
vt 0.994378 0.963292
vt 0.997536 0.939017
vt 0.994378 0.917170
vt 0.986011 0.928797
vt 0.910832 0.917170
vt 0.986011 0.013623
vt 0.136564 0.011553
vt 0.754695 0.088216
vt 0.766047 0.003562
vt 0.999289 0.005533
vt 0.872005 0.011553
vt 0.754695 0.254088
vt 0.312972 0.257502
vt 0.386193 0.464411
vt 0.700932 0.134937
vt 0.043624 0.134411
vt 0.043842 0.006243
vt 0.019754 0.134411
vt 0.043842 0.048517
vt 0.260137 0.243205
vt 0.222140 0.518022
vt 0.658654 0.375072
vt 0.882514 0.556164
vt 0.860645 0.514336
vt 0.872133 0.468051
vt 0.881526 0.289627
vt 0.817723 0.262317
vt 0.867336 0.600014
vt 0.728580 0.576911
vt 0.592201 0.288463
vt 0.818265 0.262365
vt 0.867877 0.464411
vt 0.700932 0.328080
vt 0.755618 0.375771
vt 0.882258 0.371103
vt 0.615648 0.448195
vt 0.487443 0.523573
vt 0.486333 0.410382
vt 0.661996 0.418935
vt 0.801645 0.418935
vt 0.801645 0.463624
vt 0.704224 0.417820
vt 0.487891 0.418792
vt 0.801278 0.463624
vt 0.704224 0.374640
vt 0.882586 0.375049
vt 0.882574 0.247615
vt 0.930205 0.325705
vt 0.945625 0.261882
vt 0.867879 0.375049
vt 0.882574 0.902223
vt 0.705149 0.410794
vt 0.732752 0.329109
vt 0.758070 0.415471
vt 0.519184 0.786743
vt 0.785337 0.794302
vt 0.841129 0.835836
vt 0.895550 0.898394
vt 0.965478 0.518022
vt 0.658654 0.920663
vt 0.903278 0.371103
vt 0.615648 0.410382
vt 0.661996 0.976099
vt 0.715168 0.518022
vt 0.658654 0.976099
vt 0.715168 0.375049
vt 0.882574 0.306199
vt 0.789055 0.327410
vt 0.756678 0.986645
vt 0.764122 0.976099
vt 0.715168 0.464411
vt 0.700932 0.410794
vt 0.732752 0.410794
vt 0.732752 0.464411
vt 0.700932 0.976099
vt 0.715168 0.379448
vt 0.552961 0.518022
vt 0.658654 0.902223
vt 0.705149 0.518022
vt 0.658654 0.464411
vt 0.700932 0.518022
vt 0.658654 0.932612
vt 0.878394 0.375049
vt 0.882574 0.371103
vt 0.615648 0.379448
vt 0.552961 0.410382
vt 0.661996 0.379448
vt 0.552961 0.415471
vt 0.519184 0.518022
vt 0.658654 0.518022
vt 0.658654 0.011553
vt 0.754695 0.986645
vt 0.764122 0.932612
vt 0.878394 0.953725
vt 0.860806 0.933341
vt 0.753944 0.994909
vt 0.805116 0.994909
vt 0.805116 0.986645
vt 0.764122 0.963592
vt 0.753433 0.948930
vt 0.728030 0.986645
vt 0.764122 0.998430
vt 0.838815 0.994909
vt 0.805116 0.177714
vt 0.893556 0.149834
vt 0.996225 0.208718
vt 0.962598 0.242601
vt 0.938441 0.107247
vt 0.997790 0.201497
vt 0.858377 0.578559
vt 0.816391 0.567199
vt 0.849208 0.591610
vt 0.806836 0.616021
vt 0.849208 0.604660
vt 0.816391 0.591610
vt 0.885751 0.561683
vt 0.866320 0.621537
vt 0.866320 1.000000
vt 0.000000 1.000000
vt 0.000000 0.000000
vt 1.000000 1.000000
vt 1.000000 1.000000
vt 0.000000 0.000000
vt 0.000000 1.000000
vt 1.000000 0.000000
vt 1.000000 1.000000
vt 0.000000 0.000000
vt 1.000000 0.000000
vt 0.000000 1.000000
vt 1.000000 1.000000
vt 0.000000 0.000000
vt 1.000000 0.000000
vt 0.000000 1.000000
vt 1.000000 1.000000
vt 0.000000 0.000000
vt 1.000000 0.000000
vt 0.000000 1.000000
vt 1.000000 1.000000
vt 0.000000 0.000000
vt 1.000000 0.000000
vt 0.000000 1.000000
vt 1.000000 1.000000

f 76/76 233/233 23/23
f 103/103 127/127 18/18
f 23/23 233/233 86/86
f 20/20 103/103 18/18
f 83/83 103/103 667/667
f 3/3 1/1 228/228
f 84/84 112/112 95/95
f 24/24 61/61 58/58
f 58/58 668/668 24/24
f 15/15 19/19 27/27
f 87/87 136/136 24/24
f 25/25 2/2 669/669
f 15/15 9/9 670/670
f 156/156 59/59 151/151
f 671/671 9/9 7/7
f 27/27 9/9 15/15
f 313/313 14/14 82/82
f 25/25 672/672 5/5
f 22/22 68/68 67/67
f 6/6 673/673 21/21
f 140/140 197/197 213/213
f 674/674 86/86 241/241
f 86/86 233/233 241/241
f 64/64 675/675 676/676
f 23/23 86/86 112/112
f 32/32 72/72 35/35
f 332/332 130/130 132/132
f 153/153 16/16 166/166
f 677/677 89/89 91/91
f 32/32 35/35 206/206
f 678/678 679/679 680/680
f 39/39 41/41 42/42
f 681/681 91/91 99/99
f 95/95 112/112 136/136
f 87/87 24/24 682/682
f 42/42 40/40 39/39
f 683/683 684/684 685/685
f 46/46 48/48 49/49
f 86/86 117/117 136/136
f 131/131 147/147 686/686
f 88/88 687/687 688/688
f 49/49 47/47 46/46
f 689/689 690/690 691/691
f 38/38 153/153 166/166
f 178/178 175/175 52/52
f 50/50 41/41 39/39
f 39/39 36/36 51/51
f 45/45 43/43 150/150
f 50/50 114/114 150/150
f 51/51 36/36 161/161
f 692/692 37/37 693/693
f 46/46 45/45 38/38
f 39/39 51/51 50/50
f 161/161 36/36 694/694
f 150/150 43/43 695/695
f 696/696 150/150 697/697
f 175/175 37/37 52/52
f 211/211 190/190 168/168
f 107/107 194/194 183/183
f 52/52 44/44 85/85
f 698/698 166/166 699/699
f 29/29 187/187 212/212
f 38/38 166/166 700/700
f 161/161 157/157 51/51
f 50/50 150/150 701/701
f 38/38 48/48 46/46
f 46/46 43/43 45/45
f 702/702 44/44 703/703
f 150/150 105/105 45/45
f 45/45 153/153 38/38
f 50/50 157/157 114/114
f 52/52 85/85 704/704
f 52/52 705/705 178/178
f 92/92 77/77 73/73
f 201/201 706/706 106/106
f 168/168 190/190 29/29
f 207/207 204/204 30/30
f 31/31 203/203 202/202
f 209/209 183/183 194/194
f 187/187 34/34 30/30
f 205/205 110/110 109/109
f 707/707 53/53 178/178
f 198/198 196/196 202/202
f 200/200 708/708 709/709
f 207/207 710/710 711/711
f 341/341 171/171 130/130
f 78/78 169/169 55/55
f 197/197 60/60 214/214
f 65/65 60/60 140/140
f 218/218 129/129 56/56
f 174/174 56/56 223/223
f 140/140 137/137 134/134
f 218/218 226/226 172/172
f 189/189 191/191 98/98
f 223/223 222/222 213/213
f 182/182 73/73 72/72
f 142/142 133/133 134/134
f 214/214 60/60 65/65
f 56/56 129/129 57/57
f 66/66 171/171 341/341
f 96/96 59/59 156/156
f 218/218 219/219 712/712
f 713/713 69/69 93/93
f 213/213 222/222 188/188
f 28/28 71/71 229/229
f 199/199 142/142 137/137
f 714/714 139/139 161/161
f 120/120 715/715 716/716
f 220/220 69/69 717/717
f 93/93 718/718 719/719
f 720/720 721/721 722/722
f 69/69 13/13 70/70
f 145/145 141/141 10/10
f 188/188 227/227 62/62
f 145/145 334/334 327/327
f 135/135 723/723 120/120
f 724/724 725/725 125/125
f 80/80 726/726 727/727
f 129/129 728/728 154/154
f 142/142 144/144 132/132
f 199/199 146/146 144/144
f 97/97 729/729 730/730
f 116/116 731/731 732/732
f 23/23 84/84 76/76
f 141/141 179/179 10/10
f 733/733 158/158 80/80
f 340/340 336/336 216/216
f 139/139 157/157 161/161
f 90/90 13/13 69/69
f 197/197 140/140 60/60
f 102/102 104/104 98/98
f 74/74 734/734 8/8
f 95/95 100/100 735/735
f 165/165 153/153 105/105
f 54/54 736/736 93/93
f 223/223 56/56 224/224
f 222/222 223/223 17/17
f 122/122 737/737 135/135
f 176/176 184/184 208/208
f 123/123 115/115 124/124
f 98/98 110/110 205/205
f 738/738 170/170 164/164
f 192/192 98/98 191/191
f 33/33 189/189 176/176
f 125/125 739/739 740/740
f 229/229 71/71 217/217
f 154/154 741/741 97/97
f 225/225 172/172 179/179
f 118/118 121/121 120/120
f 742/742 131/131 743/743
f 205/205 189/189 98/98
f 188/188 12/12 227/227
f 184/184 173/173 208/208
f 75/75 744/744 745/745
f 220/220 164/164 170/170
f 33/33 192/192 191/191
f 165/165 150/150 114/114
f 105/105 150/150 165/165
f 230/230 746/746 747/747
f 13/13 90/90 81/81
f 70/70 13/13 151/151
f 333/333 342/342 748/748
f 54/54 59/59 96/96
f 28/28 177/177 749/749
f 750/750 166/166 16/16
f 184/184 109/109 185/185
f 161/161 751/751 752/752
f 147/147 131/131 753/753
f 173/173 195/195 754/754
f 182/182 32/32 92/92
f 755/755 756/756 122/122
f 125/125 124/124 115/115
f 757/757 123/123 124/124
f 332/332 330/330 130/130
f 63/63 758/758 55/55
f 164/164 220/220 759/759
f 158/158 760/760 75/75
f 11/11 10/10 761/761
f 74/74 151/151 81/81
f 762/762 66/66 337/337
f 16/16 763/763 764/764
f 90/90 170/170 79/79
f 335/335 765/765 766/766
f 67/67 76/76 128/128
f 165/165 157/157 139/139
f 339/339 767/767 768/768
f 123/123 122/122 119/119
f 115/115 109/109 110/110
f 108/108 185/185 109/109
f 192/192 769/769 770/770
f 113/113 108/108 109/109
f 216/216 177/177 229/229
f 340/340 216/216 229/229
f 65/65 171/171 66/66
f 218/218 214/214 226/226
f 11/11 335/335 334/334
f 55/55 226/226 214/214
f 79/79 170/170 771/771
f 111/111 115/115 110/110
f 75/75 79/79 80/80
f 75/75 81/81 79/79
f 11/11 772/772 335/335
f 111/111 110/110 104/104
f 55/55 214/214 63/63
f 218/218 174/174 214/214
f 192/192 195/195 108/108
f 216/216 339/339 177/177
f 123/123 119/119 113/113
f 339/339 773/773 177/177
f 80/80 79/79 774/774
f 67/67 128/128 775/775
f 179/179 776/776 777/777
f 335/335 778/778 342/342
f 779/779 164/164 780/780
f 90/90 79/79 81/81
f 781/781 337/337 333/333
f 74/74 81/81 75/75
f 158/158 75/75 80/80
f 782/782 783/783 131/131
f 113/113 119/119 108/108
f 108/108 195/195 185/185
f 784/784 124/124 785/785
f 125/125 115/115 111/111
f 118/118 104/104 102/102
f 119/119 102/102 108/108
f 121/121 118/118 119/119
f 786/786 122/122 123/123
f 28/28 787/787 788/788
f 179/179 169/169 789/789
f 255/255 238/238 276/276
f 333/333 790/790 791/791
f 156/156 151/151 74/74
f 792/792 793/793 794/794
f 13/13 81/81 151/151
f 220/220 170/170 90/90
f 75/75 795/795 74/74
f 796/796 797/797 798/798
f 225/225 179/179 792/792
f 154/154 97/97 215/215
f 125/125 799/799 124/124
f 126/126 111/111 118/118
f 158/158 800/800 801/801
f 122/122 135/135 121/121
f 222/222 17/17 12/12
f 63/63 65/65 66/66
f 223/223 224/224 17/17
f 54/54 93/93 70/70
f 70/70 151/151 59/59
f 74/74 8/8 156/156
f 164/164 802/802 131/131
f 90/90 69/69 220/220
f 116/116 803/803 168/168
f 115/115 113/113 109/109
f 97/97 804/804 221/221
f 129/129 154/154 57/57
f 55/55 805/805 78/78
f 806/806 125/125 126/126
f 120/120 126/126 118/118
f 135/135 120/120 121/121
f 84/84 807/807 128/128
f 188/188 62/62 146/146
f 145/145 10/10 11/11
f 132/132 144/144 332/332
f 165/165 114/114 157/157
f 808/808 242/242 675/675
f 69/69 70/70 93/93
f 809/809 810/810 811/811
f 220/220 812/812 813/813
f 63/63 66/66 814/814
f 68/68 76/76 67/67
f 173/173 185/185 195/195
f 142/142 132/132 133/133
f 120/120 815/815 126/126
f 184/184 205/205 109/109
f 199/199 137/137 213/213
f 28/28 229/229 177/177
f 213/213 188/188 199/199
f 199/199 188/188 146/146
f 172/172 225/225 219/219
f 816/816 93/93 817/817
f 218/218 818/818 129/129
f 229/229 217/217 340/340
f 66/66 341/341 337/337
f 56/56 57/57 224/224
f 214/214 65/65 63/63
f 213/213 137/137 140/140
f 142/142 134/134 137/137
f 223/223 213/213 197/197
f 216/216 338/338 339/339
f 218/218 172/172 219/219
f 338/338 216/216 336/336
f 55/55 169/169 172/172
f 184/184 185/185 173/173
f 188/188 222/222 12/12
f 140/140 134/134 819/819
f 174/174 223/223 197/197
f 172/172 226/226 55/55
f 205/205 184/184 189/189
f 218/218 56/56 174/174
f 123/123 113/113 115/115
f 65/65 140/140 820/820
f 197/197 214/214 174/174
f 341/341 130/130 330/330
f 193/193 30/30 204/204
f 201/201 29/29 180/180
f 29/29 212/212 180/180
f 168/168 821/821 211/211
f 212/212 822/822 210/210
f 823/823 824/824 193/193
f 200/200 825/825 186/186
f 207/207 34/34 211/211
f 204/204 826/826 193/193
f 116/116 168/168 201/201
f 186/186 827/827 200/200
f 198/198 828/828 196/196
f 116/116 106/106 94/94
f 200/200 204/204 207/207
f 211/211 829/829 830/830
f 193/193 831/831 832/832
f 94/94 833/833 116/116
f 107/107 834/834 835/835
f 187/187 211/211 34/34
f 836/836 31/31 209/209
f 207/207 837/837 200/200
f 200/200 838/838 204/204
f 190/190 211/211 187/187
f 210/210 180/180 212/212
f 193/193 839/839 840/840
f 198/198 202/202 203/203
f 187/187 29/29 190/190
f 841/841 30/30 193/193
f 842/842 211/211 843/843
f 187/187 30/30 844/844
f 201/201 180/180 845/845
f 207/207 211/211 846/846
f 847/847 180/180 210/210
f 209/209 194/194 848/848
f 209/209 849/849 850/850
f 31/31 202/202 209/209
f 209/209 851/851 852/852
f 853/853 854/854 855/855
f 207/207 30/30 34/34
f 168/168 29/29 201/201
f 201/201 106/106 116/116
f 72/72 32/32 182/182
f 92/92 73/73 182/182
f 206/206 77/77 92/92
f 92/92 32/32 206/206
f 119/119 122/122 121/121
f 126/126 125/125 111/111
f 108/108 102/102 192/192
f 856/856 195/195 192/192
f 118/118 111/111 104/104
f 192/192 102/102 98/98
f 33/33 857/857 192/192
f 119/119 118/118 102/102
f 152/152 162/162 167/167
f 149/149 155/155 162/162
f 162/162 155/155 181/181
f 162/162 159/159 167/167
f 181/181 858/858 159/159
f 167/167 163/163 152/152
f 162/162 181/181 159/159
f 181/181 859/859 858/858
f 149/149 160/160 155/155
f 148/148 860/860 861/861
f 148/148 861/861 143/143
f 33/33 191/191 189/189
f 138/138 148/148 143/143
f 98/98 104/104 110/110
f 176/176 189/189 184/184
f 141/141 792/792 179/179
f 145/145 11/11 334/334
f 50/50 51/51 157/157
f 45/45 105/105 153/153
f 862/862 863/863 44/44
f 46/46 47/47 43/43
f 38/38 864/864 48/48
f 52/52 865/865 44/44
f 866/866 164/164 131/131
f 107/107 867/867 194/194
f 175/175 868/868 37/37
f 869/869 870/870 37/37
f 871/871 219/219 225/225
f 794/794 221/221 872/872
f 873/873 225/225 794/794
f 794/794 225/225 792/792
f 39/39 40/40 36/36
f 874/874 10/10 179/179
f 54/54 70/70 59/59
f 50/50 875/875 41/41
f 153/153 165/165 16/16
f 876/876 877/877 117/117
f 878/878 58/58 61/61
f 95/95 879/879 84/84
f 128/128 76/76 84/84
f 877/877 26/26 117/117
f 877/877 880/880 26/26
f 881/881 882/882 117/117
f 883/883 884/884 79/79
f 674/674 881/881 86/86
f 117/117 885/885 876/876
f 3/3 228/228 886/886
f 26/26 1/1 3/3
f 3/3 61/61 117/117
f 88/88 887/887 100/100
f 86/86 136/136 112/112
f 87/87 888/888 88/88
f 95/95 136/136 87/87
f 889/889 100/100 890/890
f 891/891 892/892 893/893
f 89/89 894/894 101/101
f 895/895 99/99 896/896
f 91/91 101/101 99/99
f 897/897 91/91 898/898
f 89/89 101/101 91/91
f 89/89 899/899 900/900
f 901/901 902/902 89/89
f 903/903 61/61 3/3
f 904/904 83/83 667/667
f 23/23 112/112 84/84
f 905/905 245/245 76/76
f 245/245 233/233 76/76
f 142/142 199/199 144/144
f 68/68 905/905 76/76
f 676/676 231/231 64/64
f 67/67 906/906 22/22
f 907/907 906/906 67/67
f 64/64 908/908 675/675
f 61/61 136/136 117/117
f 24/24 136/136 61/61
f 6/6 909/909 910/910
f 26/26 3/3 117/117
f 262/262 313/313 911/911
f 117/117 86/86 881/881
f 26/26 912/912 1/1
f 913/913 914/914 5/5
f 25/25 5/5 915/915
f 127/127 916/916 2/2
f 127/127 2/2 917/917
f 917/917 18/18 127/127
f 234/234 246/246 232/232
f 234/234 236/236 246/246
f 235/235 244/244 905/905
f 674/674 241/241 237/237
f 911/911 918/918 262/262
f 235/235 905/905 240/240
f 82/82 250/250 249/249
f 241/241 233/233 245/245
f 245/245 246/246 236/236
f 244/244 245/245 905/905
f 239/239 243/243 241/241
f 237/237 241/241 243/243
f 245/245 236/236 241/241
f 315/315 919/919 247/247
f 306/306 322/322 260/260
f 288/288 306/306 253/253
f 82/82 14/14 250/250
f 920/920 921/921 252/252
f 317/317 253/253 257/257
f 290/290 280/280 265/265
f 255/255 276/276 271/271
f 292/292 293/293 294/294
f 352/352 353/353 321/321
f 922/922 309/309 920/920
f 923/923 328/328 305/305
f 343/343 331/331 309/309
f 924/924 925/925 295/295
f 254/254 321/321 926/926
f 312/312 295/295 925/925
f 305/305 328/328 291/291
f 920/920 252/252 251/251
f 286/286 923/923 927/927
f 260/260 324/324 253/253
f 269/269 267/267 248/248
f 267/267 255/255 271/271
f 309/309 921/921 920/920
f 304/304 260/260 322/322
f 288/288 317/317 274/274
f 288/288 289/289 306/306
f 300/300 296/296 928/928
f 306/306 289/289 322/322
f 267/267 271/271 248/248
f 250/250 256/256 249/249
f 322/322 289/289 304/304
f 265/265 297/297 310/310
f 252/252 273/273 251/251
f 929/929 296/296 321/321
f 306/306 260/260 253/253
f 295/295 312/312 314/314
f 288/288 253/253 317/317
f 280/280 308/308 294/294
f 343/343 319/319 277/277
f 265/265 303/303 297/297
f 14/14 922/922 258/258
f 922/922 920/920 261/261
f 263/263 264/264 930/930
f 263/263 275/275 266/266
f 263/263 931/931 932/932
f 14/14 313/313 262/262
f 307/307 297/297 303/303
f 277/277 310/310 343/343
f 919/919 933/933 247/247
f 283/283 286/286 285/285
f 311/311 278/278 924/924
f 286/286 927/927 285/285
f 298/298 278/278 311/311
f 263/263 934/934 275/275
f 924/924 295/295 935/935
f 281/281 282/282 279/279
f 282/282 936/936 279/279
f 282/282 937/937 938/938
f 299/299 260/260 304/304
f 317/317 257/257 939/939
f 290/290 265/265 277/277
f 317/317 323/323 274/274
f 270/270 316/316 268/268
f 270/270 299/299 329/329
f 280/280 290/290 308/308
f 940/940 941/941 313/313
f 292/292 296/296 293/293
f 303/303 942/942 307/307
f 302/302 943/943 316/316
f 302/302 270/270 326/326
f 318/318 272/272 325/325
f 300/300 294/294 293/293
f 944/944 321/321 353/353
f 292/292 294/294 308/308
f 303/303 265/265 280/280
f 284/284 272/272 320/320
f 329/329 326/326 270/270
f 945/945 946/946 296/296
f 316/316 270/270 302/302
f 284/284 325/325 272/272
f 304/304 320/320 329/329
f 287/287 259/259 947/947
f 329/329 320/320 272/272
f 299/299 304/304 329/329
f 948/948 308/308 290/290
f 949/949 259/259 274/274
f 950/950 937/937 951/951
f 305/305 291/291 301/301
f 312/312 925/925 952/952
f 293/293 296/296 300/300
f 953/953 954/954 287/287
f 955/955 956/956 951/951
f 254/254 957/957 958/958
f 313/313 959/959 960/960
f 310/310 277/277 265/265
f 14/14 262/262 922/922
f 326/326 318/318 302/302
f 303/303 280/280 294/294
f 961/961 274/274 323/323
f 300/300 962/962 303/303
f 963/963 290/290 277/277
f 268/268 324/324 260/260
f 317/317 964/964 323/323
f 277/277 319/319 965/965
f 921/921 309/309 331/331
f 966/966 967/967 321/321
f 320/320 4/4 284/284
f 318/318 326/326 272/272
f 951/951 956/956 968/968
f 300/300 303/303 294/294
f 300/300 969/969 970/970
f 971/971 321/321 254/254
f 923/923 305/305 927/927
f 288/288 274/274 289/289
f 303/303 972/972 973/973
f 352/352 321/321 296/296
f 324/324 257/257 253/253
f 309/309 262/262 974/974
f 272/272 326/326 329/329
f 260/260 299/299 268/268
f 270/270 268/268 299/299
f 309/309 975/975 319/319
f 343/343 309/309 319/319
f 922/922 262/262 309/309
f 274/274 259/259 289/289
f 924/924 935/935 311/311
f 667/667 103/103 20/20
f 242/242 976/976 667/667
f 179/179 172/172 169/169
f 346/346 349/349 348/348
f 977/977 345/345 349/349
f 344/344 345/345 347/347
f 346/346 978/978 349/349
f 979/979 347/347 345/345
f 980/980 981/981 345/345
f 345/345 348/348 349/349
f 982/982 349/349 978/978
f 983/983 982/982 978/978
f 344/344 348/348 345/345
f 349/349 982/982 984/984
f 985/985 986/986 347/347
f 987/987 350/350 988/988
f 988/988 350/350 989/989
f 990/990 350/350 987/987
f 350/350 351/351 989/989
f 292/292 352/352 296/296
f 292/292 308/308 352/352
f 352/352 308/308 353/353
f 944/944 353/353 308/308
f 573/573 422/422 373/373
f 473/473 449/449 368/368
f 573/573 373/373 432/432
f 449/449 370/370 368/368
f 449/449 429/429 991/991
f 354/354 356/356 568/568
f 458/458 430/430 441/441
f 409/409 374/374 406/406
f 992/992 406/406 374/374
f 369/369 366/366 377/377
f 482/482 433/433 374/374
f 355/355 375/375 993/993
f 361/361 366/366 994/994
f 407/407 500/500 496/496
f 361/361 995/995 359/359
f 361/361 377/377 366/366
f 365/365 647/647 428/428
f 996/996 375/375 357/357
f 415/415 372/372 414/414
f 997/997 358/358 371/371
f 541/541 486/486 557/557
f 432/432 998/998 581/581
f 573/573 432/432 581/581
f 999/999 411/411 1000/1000
f 432/432 373/373 458/458
f 418/418 381/381 384/384
f 476/476 1001/1001 478/478
f 367/367 498/498 510/510
f 435/435 1002/1002 437/437
f 384/384 381/381 550/550
f 1003/1003 1004/1004 1005/1005
f 390/390 388/388 391/391
f 437/437 1006/1006 445/445
f 458/458 441/441 482/482
f 374/374 433/433 1007/1007
f 389/389 391/391 388/388
f 1008/1008 1009/1009 1010/1010
f 397/397 395/395 398/398
f 463/463 432/432 482/482
f 492/492 477/477 1011/1011
f 1012/1012 434/434 1013/1013
f 396/396 398/398 395/395
f 1014/1014 1015/1015 1016/1016
f 498/498 387/387 510/510
f 519/519 522/522 401/401
f 390/390 399/399 388/388
f 385/385 388/388 400/400
f 392/392 394/394 495/495
f 460/460 399/399 495/495
f 385/385 400/400 505/505
f 386/386 1017/1017 1018/1018
f 394/394 395/395 387/387
f 400/400 388/388 399/399
f 385/385 505/505 1019/1019
f 392/392 495/495 1020/1020
f 495/495 1021/1021 1022/1022
f 386/386 519/519 401/401
f 534/534 555/555 512/512
f 538/538 453/453 527/527
f 393/393 401/401 431/431
f 510/510 1023/1023 1024/1024
f 531/531 378/378 556/556
f 510/510 387/387 1025/1025
f 501/501 505/505 400/400
f 495/495 399/399 1026/1026
f 397/397 387/387 395/395
f 392/392 395/395 394/394
f 393/393 1027/1027 1028/1028
f 451/451 495/495 394/394
f 498/498 394/394 387/387
f 501/501 399/399 460/460
f 431/431 401/401 1029/1029
f 1030/1030 401/401 522/522
f 423/423 438/438 419/419
f 1031/1031 545/545 452/452
f 534/534 512/512 378/378
f 548/548 551/551 379/379
f 547/547 380/380 546/546
f 527/527 553/553 538/538
f 383/383 531/531 379/379
f 456/456 549/549 455/455
f 402/402 1032/1032 522/522
f 540/540 542/542 546/546
f 1033/1033 544/544 1034/1034
f 1035/1035 551/551 1036/1036
f 515/515 1037/1037 476/476
f 513/513 424/424 404/404
f 408/408 541/541 558/558
f 408/408 412/412 486/486
f 475/475 560/560 405/405
f 405/405 518/518 565/565
f 483/483 486/486 480/480
f 567/567 560/560 516/516
f 535/535 533/533 444/444
f 564/564 565/565 557/557
f 419/419 526/526 418/418
f 479/479 488/488 480/480
f 408/408 558/558 412/412
f 475/475 405/405 1038/1038
f 515/515 413/413 1037/1037
f 407/407 442/442 500/500
f 561/561 560/560 1039/1039
f 416/416 1040/1040 439/439
f 564/564 557/557 532/532
f 1041/1041 1042/1042 569/569
f 488/488 543/543 483/483
f 485/485 1043/1043 505/505
f 1044/1044 466/466 1045/1045
f 416/416 562/562 1046/1046
f 1047/1047 439/439 1048/1048
f 1049/1049 1050/1050 1051/1051
f 364/364 416/416 417/417
f 487/487 490/490 362/362
f 1052/1052 532/532 1053/1053
f 1054/1054 490/490 1055/1055
f 1056/1056 481/481 466/466
f 1057/1057 1058/1058 471/471
f 1059/1059 426/426 1060/1060
f 1061/1061 475/475 1062/1062
f 1063/1063 488/488 478/478
f 491/491 543/543 1063/1063
f 1064/1064 443/443 1065/1065
f 1066/1066 462/462 1067/1067
f 430/430 373/373 422/422
f 523/523 487/487 362/362
f 502/502 1068/1068 426/426
f 1069/1069 1070/1070 559/559
f 501/501 485/485 505/505
f 364/364 436/436 416/416
f 486/486 541/541 408/408
f 450/450 448/448 444/444
f 1071/1071 420/420 360/360
f 446/446 441/441 1072/1072
f 498/498 509/509 451/451
f 1073/1073 403/403 439/439
f 1074/1074 1075/1075 1076/1076
f 565/565 564/564 1077/1077
f 1078/1078 468/468 481/481
f 528/528 520/520 552/552
f 461/461 469/469 470/470
f 456/456 444/444 549/549
f 514/514 1079/1079 508/508
f 444/444 536/536 535/535
f 533/533 382/382 520/520
f 1080/1080 471/471 1081/1081
f 1041/1041 569/569 1082/1082
f 1083/1083 1062/1062 443/443
f 516/516 566/566 523/523
f 467/467 464/464 466/466
f 477/477 1084/1084 1085/1085
f 533/533 549/549 444/444
f 1086/1086 532/532 1052/1052
f 517/517 528/528 552/552
f 1087/1087 421/421 1088/1088
f 508/508 562/562 514/514
f 536/536 382/382 535/535
f 495/495 509/509 460/460
f 495/495 451/451 509/509
f 487/487 570/570 1089/1089
f 436/436 364/364 427/427
f 364/364 417/417 496/496
f 1090/1090 1091/1091 1092/1092
f 407/407 403/403 442/442
f 521/521 1042/1042 1093/1093
f 510/510 1094/1094 367/367
f 455/455 528/528 529/529
f 1095/1095 505/505 1096/1096
f 477/477 492/492 1097/1097
f 539/539 517/517 1098/1098
f 381/381 526/526 438/438
f 1099/1099 1100/1100 468/468
f 470/470 471/471 461/461
f 469/469 1101/1101 470/470
f 1102/1102 1001/1001 476/476
f 1103/1103 410/410 404/404
f 562/562 508/508 1104/1104
f 1105/1105 502/502 421/421
f 362/362 363/363 1106/1106
f 496/496 420/420 427/427
f 413/413 1107/1107 1108/1108
f 1109/1109 367/367 1110/1110
f 514/514 436/436 425/425
f 1111/1111 1112/1112 1113/1113
f 422/422 414/414 474/474
f 501/501 509/509 485/485
f 1114/1114 1115/1115 1116/1116
f 468/468 469/469 465/465
f 455/455 461/461 456/456
f 529/529 454/454 455/455
f 1117/1117 536/536 1118/1118
f 454/454 459/459 455/455
f 521/521 559/559 569/569
f 559/559 1070/1070 569/569
f 515/515 412/412 413/413
f 558/558 560/560 567/567
f 1112/1112 363/363 1054/1054
f 567/567 404/404 558/558
f 514/514 425/425 1119/1119
f 461/461 457/457 456/456
f 425/425 421/421 426/426
f 427/427 421/421 425/425
f 1120/1120 363/363 1112/1112
f 456/456 457/457 450/450
f 558/558 404/404 410/410
f 518/518 560/560 558/558
f 539/539 536/536 454/454
f 1115/1115 559/559 521/521
f 465/465 469/469 459/459
f 1121/1121 1115/1115 521/521
f 425/425 426/426 1122/1122
f 474/474 414/414 1123/1123
f 1124/1124 523/523 1125/1125
f 1126/1126 1112/1112 1090/1090
f 508/508 1127/1127 1128/1128
f 425/425 436/436 427/427
f 1108/1108 1129/1129 1091/1091
f 427/427 420/420 421/421
f 421/421 502/502 426/426
f 1130/1130 1131/1131 477/477
f 465/465 459/459 454/454
f 539/539 454/454 529/529
f 470/470 1132/1132 1133/1133
f 461/461 471/471 457/457
f 450/450 464/464 448/448
f 448/448 465/465 454/454
f 464/464 467/467 465/465
f 468/468 1134/1134 469/469
f 1135/1135 1042/1042 1136/1136
f 513/513 523/523 1137/1137
f 578/578 595/595 616/616
f 1138/1138 1091/1091 1139/1139
f 496/496 500/500 420/420
f 1089/1089 570/570 1140/1140
f 427/427 364/364 496/496
f 514/514 562/562 436/436
f 1141/1141 421/421 420/420
f 1142/1142 1143/1143 1144/1144
f 523/523 566/566 570/570
f 443/443 1062/1062 1145/1145
f 1146/1146 471/471 470/470
f 457/457 472/472 464/464
f 1147/1147 502/502 1148/1148
f 481/481 468/468 467/467
f 1077/1077 564/564 1086/1086
f 412/412 410/410 413/413
f 1149/1149 565/565 1077/1077
f 439/439 403/403 417/417
f 496/496 417/417 407/407
f 360/360 420/420 500/500
f 1150/1150 508/508 477/477
f 416/416 436/436 562/562
f 1151/1151 462/462 512/512
f 459/459 461/461 455/455
f 1152/1152 443/443 563/563
f 1062/1062 475/475 1038/1038
f 1153/1153 404/404 424/424
f 471/471 1154/1154 472/472
f 472/472 466/466 464/464
f 466/466 481/481 467/467
f 1155/1155 430/430 474/474
f 1053/1053 532/532 491/491
f 362/362 490/490 363/363
f 1063/1063 478/478 1001/1001
f 460/460 509/509 501/501
f 582/582 1156/1156 999/999
f 417/417 416/416 439/439
f 1157/1157 1158/1158 1159/1159
f 1160/1160 562/562 1161/1161
f 413/413 410/410 1162/1162
f 422/422 415/415 414/414
f 529/529 517/517 539/539
f 478/478 488/488 479/479
f 1163/1163 466/466 472/472
f 549/549 528/528 455/455
f 483/483 543/543 557/557
f 569/569 1042/1042 521/521
f 532/532 557/557 543/543
f 532/532 543/543 491/491
f 566/566 516/516 561/561
f 439/439 1164/1164 1165/1165
f 1166/1166 560/560 475/475
f 1082/1082 569/569 1070/1070
f 1037/1037 413/413 1108/1108
f 1167/1167 1074/1074 1076/1076
f 412/412 558/558 410/410
f 483/483 557/557 486/486
f 480/480 488/488 483/483
f 557/557 565/565 541/541
f 1168/1168 559/559 1115/1115
f 516/516 560/560 561/561
f 559/559 1168/1168 1069/1069
f 513/513 404/404 516/516
f 529/529 528/528 517/517
f 564/564 532/532 1086/1086
f 480/480 486/486 1169/1169
f 565/565 518/518 541/541
f 567/567 516/516 404/404
f 528/528 549/549 533/533
f 405/405 560/560 518/518
f 459/459 469/469 461/461
f 486/486 412/412 1170/1170
f 558/558 541/541 518/518
f 476/476 1037/1037 1102/1102
f 379/379 537/537 548/548
f 378/378 545/545 524/524
f 556/556 378/378 524/524
f 1171/1171 512/512 555/555
f 1172/1172 556/556 554/554
f 1173/1173 1174/1174 537/537
f 1175/1175 544/544 530/530
f 383/383 551/551 555/555
f 1176/1176 548/548 537/537
f 512/512 462/462 545/545
f 1177/1177 530/530 544/544
f 1178/1178 542/542 540/540
f 452/452 462/462 440/440
f 548/548 544/544 551/551
f 1179/1179 555/555 1180/1180
f 1181/1181 537/537 1182/1182
f 1183/1183 440/440 462/462
f 1184/1184 453/453 1185/1185
f 555/555 531/531 383/383
f 380/380 1186/1186 553/553
f 1187/1187 551/551 544/544
f 1188/1188 544/544 548/548
f 555/555 534/534 531/531
f 524/524 554/554 556/556
f 1189/1189 537/537 1190/1190
f 546/546 542/542 547/547
f 378/378 531/531 534/534
f 379/379 1191/1191 537/537
f 555/555 1192/1192 1193/1193
f 379/379 531/531 1194/1194
f 524/524 545/545 1195/1195
f 555/555 551/551 1196/1196
f 524/524 1197/1197 554/554
f 538/538 553/553 1198/1198
f 1199/1199 553/553 1200/1200
f 546/546 380/380 553/553
f 1201/1201 553/553 1202/1202
f 1203/1203 1204/1204 1205/1205
f 379/379 551/551 383/383
f 378/378 512/512 545/545
f 452/452 545/545 462/462
f 381/381 418/418 526/526
f 419/419 438/438 526/526
f 423/423 550/550 438/438
f 381/381 438/438 550/550
f 468/468 465/465 467/467
f 471/471 472/472 457/457
f 448/448 454/454 536/536
f 539/539 1206/1206 536/536
f 457/457 464/464 450/450
f 448/448 536/536 444/444
f 1207/1207 382/382 536/536
f 464/464 465/465 448/448
f 506/506 497/497 511/511
f 499/499 494/494 506/506
f 499/499 506/506 525/525
f 503/503 506/506 511/511
f 1208/1208 525/525 503/503
f 507/507 511/511 497/497
f 525/525 506/506 503/503
f 1209/1209 525/525 1208/1208
f 504/504 494/494 499/499
f 1210/1210 493/493 1211/1211
f 1211/1211 493/493 489/489
f 535/535 382/382 533/533
f 493/493 484/484 489/489
f 450/450 444/444 456/456
f 533/533 520/520 528/528
f 1212/1212 1213/1213 1214/1214
f 363/363 490/490 1054/1054
f 400/400 399/399 501/501
f 451/451 394/394 498/498
f 1215/1215 1216/1216 393/393
f 396/396 395/395 392/392
f 1217/1217 387/387 397/397
f 1218/1218 401/401 393/393
f 508/508 1219/1219 477/477
f 1220/1220 453/453 538/538
f 1221/1221 519/519 386/386
f 1222/1222 1223/1223 386/386
f 561/561 1224/1224 566/566
f 563/563 1140/1140 1225/1225
f 566/566 1226/1226 1140/1140
f 566/566 1140/1140 570/570
f 389/389 388/388 385/385
f 362/362 1227/1227 523/523
f 417/417 403/403 407/407
f 1228/1228 399/399 390/390
f 509/509 498/498 367/367
f 1229/1229 1230/1230 463/463
f 406/406 1231/1231 409/409
f 1232/1232 441/441 430/430
f 422/422 474/474 430/430
f 376/376 1229/1229 463/463
f 1233/1233 1229/1229 376/376
f 1234/1234 1235/1235 463/463
f 1236/1236 1237/1237 425/425
f 1235/1235 998/998 432/432
f 1238/1238 463/463 1230/1230
f 568/568 356/356 1239/1239
f 354/354 376/376 356/356
f 409/409 356/356 463/463
f 1240/1240 434/434 446/446
f 482/482 432/432 458/458
f 1241/1241 433/433 434/434
f 482/482 441/441 433/433
f 446/446 1242/1242 1243/1243
f 1244/1244 1245/1245 1246/1246
f 1247/1247 435/435 447/447
f 445/445 1248/1248 1249/1249
f 447/447 437/437 445/445
f 437/437 1250/1250 1251/1251
f 447/447 435/435 437/437
f 1252/1252 435/435 1253/1253
f 1254/1254 1255/1255 435/435
f 409/409 1256/1256 356/356
f 429/429 1257/1257 991/991
f 458/458 373/373 430/430
f 585/585 1258/1258 422/422
f 573/573 585/585 422/422
f 543/543 488/488 1063/1063
f 1258/1258 415/415 422/422
f 571/571 1000/1000 411/411
f 1259/1259 414/414 372/372
f 1259/1259 1260/1260 414/414
f 1261/1261 411/411 999/999
f 482/482 409/409 463/463
f 482/482 374/374 409/409
f 1262/1262 358/358 1263/1263
f 356/356 376/376 463/463
f 647/647 602/602 1264/1264
f 432/432 463/463 1235/1235
f 1265/1265 376/376 354/354
f 1266/1266 1267/1267 357/357
f 357/357 375/375 1268/1268
f 1269/1269 473/473 355/355
f 355/355 473/473 1270/1270
f 368/368 1270/1270 473/473
f 586/586 574/574 572/572
f 576/576 574/574 586/586
f 584/584 575/575 1258/1258
f 581/581 998/998 577/577
f 1271/1271 1264/1264 602/602
f 1258/1258 575/575 580/580
f 590/590 428/428 589/589
f 573/573 581/581 585/585
f 586/586 585/585 576/576
f 585/585 584/584 1258/1258
f 583/583 579/579 581/581
f 581/581 577/577 583/583
f 576/576 585/585 581/581
f 1272/1272 649/649 587/587
f 655/655 642/642 600/600
f 642/642 627/627 593/593
f 365/365 428/428 590/590
f 1273/1273 1274/1274 592/592
f 593/593 651/651 597/597
f 620/620 629/629 605/605
f 616/616 595/595 611/611
f 631/631 630/630 632/632
f 665/665 664/664 654/654
f 644/644 1275/1275 1274/1274
f 1276/1276 1277/1277 641/641
f 1278/1278 1279/1279 644/644
f 1280/1280 1281/1281 633/633
f 654/654 594/594 1282/1282
f 633/633 646/646 1280/1280
f 1276/1276 641/641 1283/1283
f 592/592 1274/1274 591/591
f 1277/1277 625/625 1284/1284
f 657/657 600/600 593/593
f 607/607 609/609 588/588
f 595/595 607/607 611/611
f 1273/1273 644/644 1274/1274
f 600/600 640/640 655/655
f 651/651 627/627 614/614
f 628/628 627/627 642/642
f 634/634 637/637 1285/1285
f 628/628 642/642 655/655
f 611/611 607/607 588/588
f 596/596 590/590 589/589
f 628/628 655/655 640/640
f 1286/1286 605/605 1287/1287
f 613/613 592/592 591/591
f 634/634 1288/1288 654/654
f 600/600 642/642 593/593
f 646/646 633/633 648/648
f 593/593 627/627 651/651
f 643/643 620/620 632/632
f 652/652 1279/1279 617/617
f 639/639 605/605 1286/1286
f 1275/1275 365/365 598/598
f 1274/1274 1275/1275 601/601
f 604/604 603/603 1289/1289
f 615/615 603/603 606/606
f 1290/1290 603/603 1291/1291
f 647/647 365/365 602/602
f 1286/1286 1292/1292 639/639
f 1287/1287 617/617 1279/1279
f 1293/1293 1272/1272 587/587
f 625/625 623/623 624/624
f 618/618 645/645 1281/1281
f 1284/1284 625/625 624/624
f 618/618 635/635 645/645
f 1294/1294 603/603 615/615
f 633/633 1281/1281 1295/1295
f 622/622 621/621 619/619
f 1296/1296 1297/1297 1298/1298
f 1299/1299 1297/1297 1300/1300
f 600/600 636/636 640/640
f 597/597 651/651 1301/1301
f 605/605 629/629 617/617
f 656/656 651/651 614/614
f 650/650 610/610 608/608
f 636/636 610/610 659/659
f 629/629 620/620 643/643
f 1302/1302 1303/1303 647/647
f 634/634 630/630 631/631
f 1304/1304 639/639 1292/1292
f 1305/1305 1306/1306 650/650
f 610/610 1306/1306 658/658
f 612/612 1307/1307 1308/1308
f 632/632 637/637 631/631
f 654/654 1309/1309 665/665
f 632/632 630/630 643/643
f 605/605 639/639 620/620
f 612/612 1310/1310 653/653
f 658/658 659/659 610/610
f 1311/1311 1312/1312 634/634
f 610/610 650/650 1306/1306
f 1308/1308 1310/1310 612/612
f 653/653 640/640 659/659
f 599/599 626/626 1313/1313
f 653/653 659/659 612/612
f 640/640 636/636 659/659
f 643/643 1314/1314 629/629
f 599/599 1315/1315 614/614
f 1299/1299 1316/1316 1317/1317
f 1283/1283 641/641 638/638
f 1280/1280 646/646 1318/1318
f 634/634 631/631 637/637
f 1319/1319 1320/1320 626/626
f 647/647 1303/1303 1317/1317
f 1321/1321 594/594 1322/1322
f 1323/1323 647/647 1324/1324
f 617/617 1287/1287 605/605
f 602/602 365/365 1275/1275
f 1307/1307 658/658 1306/1306
f 620/620 639/639 632/632
f 614/614 1325/1325 656/656
f 1326/1326 637/637 639/639
f 629/629 1327/1327 617/617
f 657/657 608/608 600/600
f 1328/1328 651/651 656/656
f 652/652 617/617 1329/1329
f 644/644 1273/1273 1278/1278
f 1330/1330 1331/1331 654/654
f 1332/1332 653/653 1310/1310
f 658/658 1307/1307 612/612
f 647/647 1317/1317 1333/1333
f 639/639 637/637 632/632
f 1334/1334 637/637 1335/1335
f 654/654 1336/1336 594/594
f 641/641 1277/1277 1284/1284
f 614/614 627/627 628/628
f 1337/1337 639/639 1338/1338
f 654/654 664/664 634/634
f 597/597 657/657 593/593
f 602/602 644/644 1339/1339
f 658/658 612/612 659/659
f 636/636 600/600 608/608
f 608/608 610/610 636/636
f 1340/1340 644/644 652/652
f 644/644 1279/1279 652/652
f 602/602 1275/1275 644/644
f 599/599 614/614 628/628
f 1295/1295 1281/1281 645/645
f 449/449 991/991 370/370
f 1341/1341 582/582 991/991
f 516/516 523/523 513/513
f 663/663 661/661 662/662
f 660/660 1342/1342 663/663
f 660/660 1343/1343 1344/1344
f 1345/1345 661/661 663/663
f 1344/1344 1346/1346 660/660
f 1347/1347 1348/1348 660/660
f 662/662 660/660 663/663
f 663/663 1349/1349 1345/1345
f 1349/1349 1350/1350 1345/1345
f 662/662 1343/1343 660/660
f 1349/1349 663/663 1351/1351
f 1352/1352 1353/1353 1344/1344
f 1354/1354 1355/1355 1356/1356
f 1354/1354 1356/1356 1357/1357
f 1354/1354 1358/1358 1355/1355
f 1359/1359 1354/1354 1357/1357
f 664/664 630/630 634/634
f 643/643 630/630 664/664
f 643/643 664/664 665/665
f 665/665 1309/1309 643/643
f 666/666 1360/1360 1361/1361
f 1360/1360 666/666 1362/1362
f 1363/1363 1362/1362 666/666
f 1362/1362 1363/1363 1364/1364
f 1365/1365 1361/1361 1366/1366
f 1361/1361 1365/1365 666/666
f 1367/1367 666/666 1365/1365
f 666/666 1367/1367 1363/1363
f 1384/1384 1385/1385 1386/1386
f 1385/1385 1384/1384 1387/1387
f 1368/1368 1380/1380 1381/1381
f 1382/1382 1381/1381 1380/1380
