2026-06-08 02:07:23,676 [INFO] ============================================================
2026-06-08 02:07:23,690 [INFO] PHOENIX Asset Pipeline v1.0 — Starting
2026-06-08 02:07:23,690 [INFO] *** DRY RUN MODE — no files will be modified ***
2026-06-08 02:07:23,690 [INFO] ============================================================
2026-06-08 02:07:23,691 [INFO] 
--- Step: textures ---
2026-06-08 02:07:23,691 [INFO] === Texture Conversion ===
2026-06-08 02:07:23,691 [INFO] [DRY-RUN] Would execute: python /Users/macbookair/PRIBADI/luna-plus-master/Luna-Plus-Reborn/tools/asset_pipeline/convert_textures.py --all --workers=4
2026-06-08 02:07:23,693 [INFO] 
--- Step: models ---
2026-06-08 02:07:23,693 [INFO] === Model Conversion ===
2026-06-08 02:07:23,693 [INFO] [DRY-RUN] Would execute: python /Users/macbookair/PRIBADI/luna-plus-master/Luna-Plus-Reborn/tools/asset_pipeline/convert_models.py --all --workers=4
2026-06-08 02:07:23,694 [INFO] 
--- Step: heightmaps ---
2026-06-08 02:07:23,694 [INFO] === Heightmap Conversion ===
2026-06-08 02:07:23,694 [INFO] [DRY-RUN] Would execute: python /Users/macbookair/PRIBADI/luna-plus-master/Luna-Plus-Reborn/tools/asset_pipeline/convert_heightmaps.py --all
2026-06-08 02:07:23,694 [INFO] 
--- Step: chardefs ---
2026-06-08 02:07:23,694 [INFO] === Character Definition Conversion ===
2026-06-08 02:07:23,694 [INFO] [DRY-RUN] Would execute: python /Users/macbookair/PRIBADI/luna-plus-master/Luna-Plus-Reborn/tools/asset_pipeline/convert_chardefs.py --all
2026-06-08 02:07:23,695 [INFO] 
--- Step: scripts ---
2026-06-08 02:07:23,696 [INFO] === Script Conversion ===
2026-06-08 02:07:23,696 [INFO] Script conversion: copying .bin.txt files (already converted)
2026-06-08 02:07:23,696 [INFO] 
--- Step: inventory ---
2026-06-08 02:07:23,696 [INFO] === Generate Asset Inventory ===
2026-06-08 02:07:23,696 [INFO] [DRY-RUN] Would generate asset inventory
2026-06-08 02:07:23,696 [INFO] 
--- Step: validate ---
2026-06-08 02:07:23,696 [INFO] === Validate Asset Completeness ===
2026-06-08 02:07:23,696 [INFO] [DRY-RUN] Would validate assets
2026-06-08 02:07:23,696 [INFO] ============================================================
2026-06-08 02:07:23,696 [INFO] Pipeline completed successfully in 0.0s
2026-06-08 02:07:23,696 [INFO] ============================================================
2026-06-08 02:27:13,628 [INFO] ============================================================
2026-06-08 02:27:13,628 [INFO] PHOENIX Asset Pipeline v1.0 — Starting
2026-06-08 02:27:13,629 [INFO] ============================================================
2026-06-08 02:27:13,629 [INFO] 
--- Step: textures ---
2026-06-08 02:27:13,629 [INFO] === Texture Conversion ===
2026-06-08 02:27:13,629 [INFO] Textures already completed. Use --force to re-run.
2026-06-08 02:27:13,629 [INFO] ============================================================
2026-06-08 02:27:13,629 [INFO] Pipeline completed successfully in 0.0s
2026-06-08 02:27:13,629 [INFO] ============================================================
2026-06-08 02:27:20,403 [INFO] ============================================================
2026-06-08 02:27:20,403 [INFO] PHOENIX Asset Pipeline v1.0 — Starting
2026-06-08 02:27:20,403 [INFO] ============================================================
2026-06-08 02:27:20,403 [INFO] 
--- Step: textures ---
2026-06-08 02:27:20,403 [INFO] === Texture Conversion ===
2026-06-08 02:27:20,403 [INFO] Running: /opt/homebrew/opt/python@3.14/bin/python3.14 /Users/macbookair/PRIBADI/luna-plus-master/Luna-Plus-Reborn/tools/asset_pipeline/convert_textures.py --all --workers=4
2026-06-08 02:27:21,595 [INFO] ============================================================
2026-06-08 02:27:21,595 [INFO] Pipeline completed successfully in 1.2s
2026-06-08 02:27:21,595 [INFO] ============================================================
2026-06-08 02:27:33,780 [INFO] ============================================================
2026-06-08 02:27:33,780 [INFO] PHOENIX Asset Pipeline v1.0 — Starting
2026-06-08 02:27:33,780 [INFO] ============================================================
2026-06-08 02:27:33,780 [INFO] 
--- Step: chardefs ---
2026-06-08 02:27:33,780 [INFO] === Character Definition Conversion ===
2026-06-08 02:27:33,780 [INFO] Running: /opt/homebrew/opt/python@3.14/bin/python3.14 /Users/macbookair/PRIBADI/luna-plus-master/Luna-Plus-Reborn/tools/asset_pipeline/convert_chardefs.py --all
2026-06-08 02:27:33,968 [INFO] ============================================================
2026-06-08 02:27:33,969 [INFO] Pipeline completed successfully in 0.2s
2026-06-08 02:27:33,969 [INFO] ============================================================
2026-06-08 02:27:45,753 [INFO] ============================================================
2026-06-08 02:27:45,753 [INFO] PHOENIX Asset Pipeline v1.0 — Starting
2026-06-08 02:27:45,754 [INFO] ============================================================
2026-06-08 02:27:45,754 [INFO] 
--- Step: models ---
2026-06-08 02:27:45,754 [INFO] === Model Conversion ===
2026-06-08 02:27:45,754 [INFO] Running: /opt/homebrew/opt/python@3.14/bin/python3.14 /Users/macbookair/PRIBADI/luna-plus-master/Luna-Plus-Reborn/tools/asset_pipeline/convert_models.py --all --workers=4
2026-06-08 02:27:46,004 [ERROR] Module convert_models.py failed with code 1
2026-06-08 02:27:46,004 [ERROR] Step 'models' FAILED
2026-06-08 02:27:46,004 [INFO] ============================================================
2026-06-08 02:27:46,004 [WARNING] Pipeline finished with errors in 0.3s
2026-06-08 02:27:46,004 [INFO] ============================================================
2026-06-08 06:55:30,999 [INFO] ============================================================
2026-06-08 06:55:30,999 [INFO] PHOENIX Asset Pipeline v2.0 — Starting
2026-06-08 06:55:30,999 [INFO] ============================================================
2026-06-08 06:55:30,999 [INFO] 
--- Step: textures ---
2026-06-08 06:55:30,999 [INFO] === Texture Conversion (.dds/.tif/.tga -> .png) ===
2026-06-08 06:55:30,999 [INFO] Running: /opt/homebrew/opt/python@3.14/bin/python3.14 /Users/macbookair/PRIBADI/luna-plus-master/Luna-Plus-Reborn/tools/asset_pipeline/convert_textures.py --all --workers=4
2026-06-08 06:55:36,599 [INFO] [textures] stdout:
Found 355 texture files to convert
Output: /Users/macbookair/PRIBADI/luna-plus-master/Luna-Plus-Reborn/assets/textures

  OK  4.tif
  OK  2.tif
  OK  1.tif
  OK  3.tif
  OK  5.tif
  OK  action_02.tif
  OK  b0.tif
  OK  action_01.tif
  OK  b1.tif
  OK  b2.tif
  OK  b3.tif
  OK  6.tif
  OK  b5.tif
  OK  b6.tif
  OK  b4.tif
  OK  b7.tif
  OK  b9.tif
  OK  critical.tif
  OK  b8.tif
  OK  devil_start.tif
  OK  dodge.tif
  OK  eff_s_block.tif
  OK  eff_typo_hprecovery_violet_00.tif
  OK  eff_typo_hprecovery_violet_01.tif
  OK  eff_typo_hprecovery_violet_04.tif
  OK  eff_typo_hprecovery_violet_02.tif
  OK  eff_typo_hprecovery_violet_03.tif
  OK  eff_typo_hprecovery_violet_05.tif
  OK  eff_typo_hprecovery_violet_08.tif
  OK  eff_typo_hprecovery_violet_07.tif
  OK  eff_typo_hprecovery_violet_06.tif
  OK  eff_typo_hprecovery_violet_09.tif
  OK  eff_typo_hprecovery_yellow_00.tif
  OK  eff_typo_hprecovery_yellow_01.tif
  OK  eff_typo_hprecovery_yellow_02.tif
  OK  eff_typo_hprecovery_yellow_03.tif
  OK  eff_typo_hprecovery_yellow_04.tif
  OK  eff_typo_hprecovery_yellow_05.tif
  OK  eff_typo_hprecovery_yellow_07.tif
  OK  eff_typo_hprecovery_yellow_06.tif
  OK  eff_typo_hprecovery_yellow_09.tif
  OK  eff_typo_hprecovery_yellow_08.tif
  OK  fishing_good.tif
  OK  emoticon_01.tif
  OK  fishing_great.tif
  OK  fishing_o.tif
  OK  fishing_miss.tif
  OK  fishing_perfect.tif
  OK  g2.tif
  OK  fishing_x.tif
  OK  g0.tif
  OK  g1.tif
  OK  g5.tif
  OK  g3.tif
  OK  g4.tif
  OK  g6.tif
  OK  g7.tif
  OK  g9.tif
  OK  g8.tif
  OK  grade_mark.tif
  OK  grade_mark2.tif
  OK  grey_01.tif
  OK  grey_02.tif
  OK  grey_03.tif
  OK  grey_login_bar00.tif
  OK  grey_06.tif
  OK  grey_keysetting2.tif
  OK  grey_keysetting.tif
  OK  house_funiture.tif
  OK  grey_login_bar01.tif
  OK  house_spend.tif
  OK  house_warehouse.tif
  OK  housesetitem.tif
  OK  housingicon_c01.tif
  OK  housingicon_b01.tif
  OK  housingicon_d01.tif
  OK  icon_class.tif
  OK  icon_minimap.tif
  OK  icon_minimapeffect.tif
  OK  housingicon_e01.tif
  OK  item_access_belt_01.tif
  OK  item_access_earing_01.tif
  OK  item_access_neckless_01.tif
  OK  item_access_head_01.tif
  OK  item_access_ring_01.tif
  OK  item_armor_devil_body_01.tif
  OK  item_access_wing.tif
  OK  item_armor_devil_boots_01.tif
  OK  item_armor_devil_glove_01.tif
  OK  item_armor_helmet_01.tif
  OK  item_armor_leather_body_01.tif
  OK  item_armor_leather_boots_01.tif
  OK  item_armor_leather_demon_01.tif
  OK  item_armor_leather_glove_01.tif
  OK  item_armor_metal_boots_01.tif
  OK  item_armor_metal_body_01.tif
  OK  item_armor_metal_glove_01.tif
  OK  item_armor_robe_boots_01.tif
  OK  item_armor_robe_body_01.tif
  OK  item_armor_robe_glove_01.tif
  OK  item_armor_shield_01.tif
  OK  item_artifact_01.tif
  OK  item_cooking001.tif
  OK  item_costume_01.tif
  OK  item_costume_03.tif
  OK  item_costume_04.tif
  OK  item_costume_02.tif
  OK  item_costume_05.tif
  OK  item_costume_07.tif
  OK  item_costume_09.tif
  OK  item_costume_06.tif
  OK  item_costume_08.tif
  OK  item_costume_13.tif
  OK  item_costume_12.tif
  OK  item_costume_11.tif
  OK  item_costume_10.tif
  OK  item_costume_lf.tif
  OK  item_event_03.tif
  OK  item_event_02.tif
  OK  item_event_01.tif
  OK  item_event_xmas.tif
  OK  item_fishing.tif
  OK  item_fishing_01.tif
  OK  item_mall_01.tif
  OK  item_mall_02.tif
  OK  item_material_craft_02.tif
  OK  item_material_craft_03.tif
  OK  item_material_craft_01.tif
  OK  item_material_craft_03_01.tif
  OK  item_material_craft_06.tif
  OK  item_material_craft_05.tif
  OK  item_material_craft_04.tif
  OK  item_material_fertile_01.tif
  OK  item_material_paper_01.tif
  OK  item_material_gem_01.tif
  OK  item_material_potion_01.tif
  OK  item_material_powder_01.tif
  OK  item_material_seed_02.tif
  OK  item_material_scroll_01.tif
  OK  item_material_seed_01.tif
  OK  item_quest_01.tif
  OK  item_material_stone_02.tif
  OK  item_pcroom_01.tif
  OK  item_material_stone_01.tif
  OK  item_weapon_bothhands_01.tif
  OK  item_quest_02.tif
  OK  item_weapon_bow_01.tif
  OK  item_weapon_dagger_01.tif
  OK  item_weapon_musket_01.tif
  OK  item_weapon_ohmace_01.tif
  OK  item_weapon_ohsword_01.tif
  OK  item_weapon_ohaxe_01.tif
  OK  item_weapon_ohwand_01.tif
  OK  item_weapon_thmace_01.tif
  OK  item_weapon_staff_01.tif
  OK  item_weapon_thaxe_01.tif
  OK  localization_hk.tif
  OK  item_weapon_thsword_01.tif
  OK  keysetting2.tif
  OK  keysetting.tif
  OK  localization_th.tif
  OK  localization_jp.tif
  OK  localization_tw.tif
  OK  login_bar00.tif
  OK  login_bar01.tif
  OK  login_bar02.tif
  OK  login_g.tif
  OK  loginbar_bottom.tif
  OK  loginbar_top.tif
  OK  loginbar_logo.tif
  OK  login.tif
  OK  lunaclient.tif
  OK  maploadingimage01.dds
  OK  maploadingimage02.dds
  OK  login.dds
  OK  maploadingimage03.dds
  OK  maploadingimage04.dds
  OK  loginloading.dds
  OK  maploadingimage05.dds
  OK  maploadingimage06.dds
  OK  maploadingimage13.dds
  OK  maploadingimage14.dds
  OK  maploadingimage15.dds
  OK  maploadingimage16.dds
  OK  maploadingimage17.dds
  OK  maploadingimage19.dds
  OK  maploadingimage20.dds
  OK  maploadingimage21.dds
  OK  maploadingimage22.dds
  OK  maploadingimage23.dds
  OK  maploadingimage25.dds
  OK  maploadingimage26.dds
  OK  maploadingimage27.dds
  OK  maploadingimage28.dds
  OK  maploadingimage29.dds
  OK  maploadingimage31.dds
  OK  maploadingimage32.dds
  OK  maploadingimage33.dds
  OK  maploadingimage34.dds
  OK  maploadingimage41.dds
  OK  maploadingimage42.dds
  OK  maploadingimage51.dds
  OK  maploadingimage52.dds
  OK  maploadingimage53.tga
  OK  maploadingimage53.dds
  OK  maploadingimage54.dds
  OK  maploadingimage55.dds
  OK  maploadingimage60.dds
  OK  maploadingimage61.dds
  OK  maploadingimage62.dds
  OK  maploadingimage71.dds
  OK  maploadingimage72.dds
  OK  maploadingimage73.dds
  OK  maploadingimage74.dds
  OK  maploadingimage75.dds
  OK  maploadingimage81.dds
  OK  maploadingimage82.dds
  OK  maploadingimage83.dds
  OK  maploadingimage91.dds
  OK  maploadingimage84.dds
  OK  maploadingimage92.dds
  OK  maploadingimage93.dds
  OK  maploadingimage94.dds
  OK  maploadingimage96.dds
  OK  mini_02_ful.tif
  OK  mini_13.tif
  OK  mini_03_ful.tif
  OK  mini_14.tif
  OK  mini_13_ful.tif
  OK  maploadingimage97.dds
  OK  mini_14_ful.tif
  OK  mini_15.tif
  OK  mini_16_ful.tif
  OK  mini_15_ful.tif
  OK  mini_19.tif
  OK  mini_17_ful.tif
  OK  mini_20.tif
  OK  mini_19_ful.tif
  OK  mini_20_ful.tif
  OK  mini_20_ful_event.tif
  OK  mini_21.tif
  OK  mini_20_new_event.tif
  OK  mini_22.tif
  OK  mini_21_ful.tif
  OK  mini_23.tif
  OK  mini_25.tif
  OK  mini_22_ful.tif
  OK  mini_23_ful.tif
  OK  mini_26.tif
  OK  mini_25_ful.tif
  OK  mini_27.tif
  OK  mini_26_ful.tif
  OK  mini_28.tif
  OK  mini_28_ful.tif
  OK  mini_27_ful.tif
  OK  mini_29_ful.tif
  OK  mini_31_ful.tif
  OK  mini_33_ful.tif
  OK  mini_32_ful.tif
  OK  mini_34_ful.tif
  OK  mini_41_ful.tif
  OK  mini_51_ful.tif
  OK  mini_42_ful.tif
  OK  mini_52_ful.tif
  OK  mini_52_new_event.tif
  OK  mini_54_ful.tif
  OK  mini_53_ful.tif
  OK  mini_60_ful.tif
  OK  mini_55_ful.tif
  OK  mini_72_ful.tif
  OK  mini_73_ful.tif
  OK  mini_71_ful.tif
  OK  mini_74_ful.tif
  OK  mini_96_ful.tif
  OK  mini_75_ful.tif
  OK  mini_94_ful.tif
  OK  mini_84_ful.tif
  OK  miss.tif
  OK  mix.tif
  OK  mix_gray.tif
  OK  mini_97_ful.tif
  OK  mix_pink.tif
  OK  number.tif
  OK  noimage.tif
  OK  pet01.tif
  OK  pet02.tif
  OK  pet_item01.tif
  OK  pet_skill01.tif
  OK  pink_02.tif
  OK  pink_03.tif
  OK  pink_06.tif
  OK  pink_01.tif
  OK  pink_login_bar00.tif
  OK  pink_login_bar01.tif
  OK  pink_keysetting2.tif
  OK  pink_keysetting.tif
  OK  r0.tif
  OK  r1.tif
  OK  r2.tif
  OK  r3.tif
  OK  r4.tif
  OK  r5.tif
  OK  r6.tif
  OK  r7.tif
  OK  r8.tif
  OK  r9.tif
  OK  skill_common_01.tif
  OK  skill_devil_01.tif
  OK  skill_musket_01.tif
  OK  skill_fighter_01.tif
  OK  skill_mage_01.tif
  OK  skill_rogue_01.tif
  OK  ui/Launcher/Launcher_01_02.TIF
  OK  ui/Launcher/Launcher_01_01.TIF
  OK  ui/Launcher/C_launcher.tif
  OK  ui/Launcher/Launcher_01_03.TIF
  OK  ui/Launcher/Launcher_01_04.TIF
  OK  ui/Launcher/Launcher_01_05.TIF
  OK  ui/Launcher/Launcher_01_06.TIF
  OK  ui/Launcher/Launcher_01_07.TIF
  OK  ui/Launcher/Launcher_01_08.TIF
  OK  ui/Launcher/Launcher_01_09.TIF
  OK  ui/Launcher/Launcher_01_10.TIF
  OK  ui/Launcher/Launcher_01_11.TIF
  OK  ui/Launcher/Launcher_01_12.TIF
  OK  ui/Launcher/Launcher_01_13.TIF
  OK  ui/Launcher/Launcher_01_15.TIF
  OK  ui/Launcher/Launcher_01_14.TIF
  OK  ui/Launcher/Launcher_01_16.TIF
  OK  ui/Launcher/Launcher_01_17.TIF
  OK  ui/Launcher/Launcher_01_18.TIF
  OK  ui/Launcher/Launcher_01_19.TIF
  OK  ui/Launcher/Launcher_01_21.TIF
  OK  ui/Launcher/Launcher_01_20.TIF
  OK  ui/Launcher/Launcher_01_23.TIF
  OK  ui/Launcher/Launcher_01_22.TIF
  OK  ui_npctopbottom.tif
  OK  ui/Launcher/Launcher_01_24.TIF
  OK  vehicle_item.tif
  OK  vehicle_item02.tif
  OK  vimu.tif
  OK  weather_01.tif
  OK  y0.tif
  OK  worldmap2.tif
  OK  y1.tif
  OK  ui/Launcher/lunaclient.tif
  OK  y2.tif
  OK  y3.tif
  OK  y4.tif
  OK  worldmap.tif
  OK  y8.tif
  OK  y5.tif
  OK  y6.tif
  OK  y7.tif
  OK  y9.tif

=== Texture Conversion Complete ===
  Converted: 355
  Failed:    0
  Skipped:   0
  Total:     355

2026-06-08 06:55:36,599 [INFO] Step 'textures' completed successfully
2026-06-08 06:55:36,600 [INFO] ============================================================
2026-06-08 06:55:36,600 [INFO] Pipeline completed successfully in 5.6s
2026-06-08 06:55:36,600 [INFO] ============================================================
2026-06-08 06:55:43,718 [INFO] ============================================================
2026-06-08 06:55:43,718 [INFO] PHOENIX Asset Pipeline v2.0 — Starting
2026-06-08 06:55:43,718 [INFO] ============================================================
2026-06-08 06:55:43,718 [INFO] 
--- Step: models ---
2026-06-08 06:55:43,718 [INFO] === Model Conversion (.mod -> .obj) ===
2026-06-08 06:55:43,719 [INFO] Running: /opt/homebrew/opt/python@3.14/bin/python3.14 /Users/macbookair/PRIBADI/luna-plus-master/Luna-Plus-Reborn/tools/asset_pipeline/convert_models.py --all --workers=4
2026-06-08 06:55:46,741 [INFO] [models] stdout:
character: 6004 .mod files
monster: 410 .mod files
npc: 138 .mod files
effect: 688 .mod files
farm: 57 .mod files
housing: 260 .mod files

Total: 7557 models to convert
Output: /Users/macbookair/PRIBADI/luna-plus-master/Luna-Plus-Reborn/assets/models

  OK  [r]_e_m_head_001.mod (178v 112t)
  OK  [r]_d_w_head_001.mod (178v 112t)
  OK  [r]_d_m_head_001.mod (178v 112t)
  OK  [r]_e_w_head_001.mod (178v 112t)
  OK  [r]_h_m_head_001.mod (178v 112t)
  OK  [r]_h_w_head_001.mod (178v 112t)
  OK  [r]_head_004.mod (360v 594t)
  OK  [r]_head_002.mod (545v 74t)
  OK  [r]_head_003.mod (890v 1214t)
  OK  [r]_wing_001.mod (252v 204t)
  OK  [r]_wing_002.mod (150v 132t)
  OK  [r]_head_005.mod (1282v 1215t)
  OK  [r]_head_006.mod (842v 950t)
  OK  [r]e_m_crystal_wing.mod (412v 808t)
  OK  [r]siege_d_m_clothboots001.mod (156v 224t)
  OK  [r]siege_d_m_clothboots002.mod (202v 245t)
  OK  [r]siege_d_m_clothboots003.mod (202v 245t)
  OK  [r]siege_d_m_clothglove001.mod (166v 208t)
  OK  [r]siege_d_m_clothboots005.mod (236v 218t)
  OK  [r]siege_d_m_clothboots004.mod (236v 218t)
  OK  [r]siege_d_m_clothglove002.mod (416v 444t)
  OK  [r]siege_d_m_clothglove004.mod (248v 304t)
  OK  [r]siege_d_m_clothglove005.mod (248v 304t)
  OK  [r]siege_d_m_clothglove003.mod (416v 444t)
  OK  [r]siege_d_m_clothhead003.mod (42v 52t)
  OK  [r]siege_d_m_clothhead002.mod (42v 52t)
  OK  [r]siege_d_m_clothhead001.mod (144v 238t)
  OK  [r]siege_d_m_clothhead005.mod (118v 132t)
  OK  [r]siege_d_m_clothhead004.mod (118v 132t)
  OK  [r]siege_d_m_clothrobe001.mod (516v 509t)
  OK  [r]siege_d_m_clothrobe002.mod (852v 736t)
  OK  [r]siege_d_w_clothboots001.mod (156v 224t)
  OK  [r]siege_d_m_clothrobe004.mod (818v 1069t)
  OK  [r]siege_d_m_clothrobe003.mod (888v 1078t)
  OK  [r]siege_d_m_clothrobe005.mod (817v 213t)
  OK  [r]siege_d_w_clothboots002.mod (202v 275t)
  OK  [r]siege_d_w_clothboots004.mod (236v 223t)
  OK  [r]siege_d_w_clothboots003.mod (202v 275t)
  OK  [r]siege_d_w_clothglove001.mod (166v 208t)
  OK  [r]siege_d_w_clothboots005.mod (236v 223t)
  OK  [r]siege_d_w_clothglove002.mod (416v 444t)
  OK  [r]siege_d_w_clothglove005.mod (248v 304t)
  OK  [r]siege_d_w_clothglove004.mod (248v 304t)
  OK  [r]siege_d_w_clothhead003.mod (42v 52t)
  OK  [r]siege_d_w_clothglove003.mod (416v 444t)
  OK  [r]siege_d_w_clothhead002.mod (42v 52t)
  OK  [r]siege_d_w_clothhead001.mod (144v 238t)
  OK  [r]siege_d_w_clothhead004.mod (118v 132t)
  OK  [r]siege_d_w_clothhead005.mod (118v 102t)
  OK  [r]siege_d_w_clothrobe001.mod (544v 517t)
  OK  [r]siege_d_w_clothrobe002.mod (856v 776t)
  OK  [r]siege_d_w_clothrobe003.mod (910v 921t)
  OK  [r]siege_d_w_clothrobe004.mod (845v 722t)
  OK  [r]siege_e_m_clothboots001.mod (304v 217t)
  OK  [r]siege_d_w_clothrobe005.mod (856v 773t)
  OK  [r]siege_e_m_clothboots003.mod (158v 220t)
  OK  [r]siege_e_m_clothboots002.mod (212v 216t)
  OK  [r]siege_e_m_clothhead001.mod (20v 16t)
  OK  [r]siege_e_m_clothglove002.mod (238v 240t)
  OK  [r]siege_e_m_clothhead002.mod (57v 52t)
  OK  [r]siege_e_m_clothglove001.mod (428v 392t)
  OK  [r]siege_e_m_clothglove003.mod (310v 326t)
  OK  [r]siege_e_m_clothhead003.mod (70v 35t)
  OK  [r]siege_e_m_clothrobe002.mod (806v 661t)
  OK  [r]siege_e_m_leatherarmor001.mod (495v 519t)
  OK  [r]siege_e_m_clothrobe001.mod (874v 968t)
  OK  [r]siege_e_m_clothrobe003.mod (828v 904t)
  OK  [r]siege_e_m_leatherboots002.mod (184v 232t)
  OK  [r]siege_e_m_leatherboots001.mod (152v 200t)
  OK  [r]siege_e_m_leatherarmor002.mod (607v 619t)
  OK  [r]siege_e_m_leatherglove001.mod (206v 272t)
  OK  [r]siege_e_m_leatherarmor003.mod (722v 692t)
  OK  [r]siege_e_m_leatherboots003.mod (440v 393t)
  OK  [r]siege_e_m_leatherglove002.mod (336v 344t)
  OK  [r]siege_e_m_leatherhead002.mod (56v 76t)
  OK  [r]siege_e_m_leatherhead003.mod (48v 62t)
  OK  [r]siege_e_m_leatherhead001.mod (165v 266t)
  OK  [r]siege_e_m_leatherglove003.mod (468v 456t)
  OK  [r]siege_e_m_metalarmor003.mod (754v 692t)
  OK  [r]siege_e_m_metalboots002.mod (217v 290t)
  OK  [r]siege_e_m_metalarmor002.mod (836v 745t)
  OK  [r]siege_e_m_metalarmor004.mod (485v 482t)
  OK  [r]siege_e_m_metalboots004.mod (112v 142t)
  OK  [r]siege_e_m_metalboots003.mod (190v 229t)
  OK  [r]siege_e_m_metalglove002.mod (352v 277t)
  OK  [r]siege_e_m_metalglove004.mod (238v 240t)
  OK  [r]siege_e_m_metalglove003.mod (462v 403t)
  OK  [r]siege_e_m_metalhead002.mod (380v 271t)
  OK  [r]siege_e_m_metalhead004.mod (108v 81t)
  OK  [r]siege_e_m_metalhead003.mod (266v 316t)
  OK  [r]siege_e_w_clothboots003.mod (158v 220t)
  OK  [r]siege_e_w_clothboots002.mod (212v 216t)
  OK  [r]siege_e_w_clothboots001.mod (304v 217t)
  OK  [r]siege_e_w_clothhead001.mod (20v 16t)
  OK  [r]siege_e_w_clothhead002.mod (57v 52t)
  OK  [r]siege_e_w_clothglove002.mod (238v 240t)
  OK  [r]siege_e_w_clothglove003.mod (310v 330t)
  OK  [r]siege_e_w_clothhead003.mod (72v 35t)
  OK  [r]siege_e_w_clothglove001.mod (428v 339t)
  OK  [r]siege_e_w_leatherarmor001.mod (509v 517t)
  OK  [r]siege_e_w_clothrobe003.mod (820v 782t)
  OK  [r]siege_e_w_clothrobe002.mod (770v 625t)
  OK  [r]siege_e_w_clothrobe001.mod (840v 968t)
  OK  [r]siege_e_w_leatherarmor002.mod (670v 252t)
  OK  [r]siege_e_w_leatherboots001.mod (152v 200t)
  OK  [r]siege_e_w_leatherboots002.mod (184v 232t)
  OK  [r]siege_e_w_leatherarmor003.mod (733v 668t)
  OK  [r]siege_e_w_leatherglove001.mod (206v 272t)
  OK  [r]siege_e_w_leatherboots003.mod (440v 393t)
  OK  [r]siege_e_w_leatherglove002.mod (336v 344t)
  OK  [r]siege_e_w_leatherhead002.mod (56v 71t)
  OK  [r]siege_e_w_leatherhead003.mod (126v 62t)
  OK  [r]siege_e_w_leatherhead001.mod (165v 266t)
  OK  [r]siege_e_w_leatherglove003.mod (468v 456t)
  OK  [r]siege_e_w_metalarmor002.mod (850v 741t)
  OK  [r]siege_e_w_metalarmor004.mod (485v 477t)
  OK  [r]siege_e_w_metalboots002.mod (182v 211t)
  OK  [r]siege_e_w_metalarmor003.mod (766v 666t)
  OK  [r]siege_e_w_metalboots004.mod (112v 142t)
  OK  [r]siege_e_w_metalboots003.mod (190v 250t)
  OK  [r]siege_e_w_metalglove002.mod (352v 277t)
  OK  [r]siege_e_w_metalglove004.mod (238v 240t)
  OK  [r]siege_e_w_metalhead002.mod (346v 275t)
  OK  [r]siege_e_w_metalglove003.mod (462v 448t)
  OK  [r]siege_e_w_metalhead003.mod (266v 316t)
  OK  [r]siege_e_w_metalhead004.mod (108v 81t)
  OK  [r]siege_h_m_clothboots003.mod (158v 220t)
  OK  [r]siege_h_m_clothboots001.mod (304v 217t)
  OK  [r]siege_h_m_clothboots002.mod (212v 216t)
  OK  [r]siege_h_m_clothglove001.mod (428v 392t)
  OK  [r]siege_h_m_clothhead001.mod (20v 16t)
  OK  [r]siege_h_m_clothhead002.mod (57v 52t)
  OK  [r]siege_h_m_clothhead003.mod (70v 35t)
  OK  [r]siege_h_m_clothglove002.mod (238v 240t)
  OK  [r]siege_h_m_clothglove003.mod (310v 292t)
  OK  [r]siege_h_m_leatherarmor001.mod (495v 519t)
  OK  [r]siege_h_m_clothrobe003.mod (828v 1114t)
  OK  [r]siege_h_m_clothrobe001.mod (838v 787t)
  OK  [r]siege_h_m_clothrobe002.mod (802v 655t)
  OK  [r]siege_h_m_leatherarmor002.mod (607v 619t)
  OK  [r]siege_h_m_leatherboots001.mod (152v 200t)
  OK  [r]siege_h_m_leatherboots002.mod (184v 232t)
  OK  [r]siege_h_m_leatherarmor003.mod (727v 692t)
  OK  [r]siege_h_m_leatherglove001.mod (206v 272t)
  OK  [r]siege_h_m_leatherglove002.mod (336v 344t)
  OK  [r]siege_h_m_leatherboots003.mod (440v 393t)
  OK  [r]siege_h_m_leatherhead001.mod (165v 266t)
  OK  [r]siege_h_m_leatherhead002.mod (56v 76t)
  OK  [r]siege_h_m_leatherhead003.mod (48v 62t)
  OK  [r]siege_h_m_leatherglove003.mod (468v 456t)
  OK  [r]siege_h_m_metalboots002.mod (217v 290t)
  OK  [r]siege_h_m_metalarmor004.mod (485v 482t)
  OK  [r]siege_h_m_metalboots003.mod (190v 229t)
  OK  [r]siege_h_m_metalarmor003.mod (754v 692t)
  OK  [r]siege_h_m_metalarmor002.mod (836v 746t)
  OK  [r]siege_h_m_metalboots004.mod (112v 142t)
  OK  [r]siege_h_m_metalglove004.mod (238v 240t)
  OK  [r]siege_h_m_metalglove002.mod (352v 277t)
  OK  [r]siege_h_m_metalhead002.mod (380v 271t)
  OK  [r]siege_h_m_metalglove003.mod (462v 393t)
  OK  [r]siege_h_m_metalhead004.mod (108v 81t)
  OK  [r]siege_h_m_metalhead003.mod (266v 316t)
  OK  [r]siege_h_w_clothboots002.mod (212v 216t)
  OK  [r]siege_h_w_clothboots001.mod (304v 217t)
  OK  [r]siege_h_w_clothboots003.mod (158v 220t)
  OK  [r]siege_h_w_clothhead001.mod (20v 16t)
  OK  [r]siege_h_w_clothglove002.mod (238v 240t)
  OK  [r]siege_h_w_clothhead002.mod (57v 52t)
  OK  [r]siege_h_w_clothhead003.mod (72v 35t)
  OK  [r]siege_h_w_clothglove003.mod (310v 331t)
  OK  [r]siege_h_w_clothglove001.mod (428v 339t)
  OK  [r]siege_h_w_leatherarmor001.mod (509v 533t)
  OK  [r]siege_h_w_clothrobe001.mod (845v 333t)
  OK  [r]siege_h_w_clothrobe002.mod (770v 625t)
  OK  [r]siege_h_w_leatherboots001.mod (152v 200t)
  OK  [r]siege_h_w_leatherarmor002.mod (670v 261t)
  OK  [r]siege_h_w_clothrobe003.mod (828v 787t)
  OK  [r]siege_h_w_leatherboots002.mod (184v 232t)
  OK  [r]siege_h_w_leatherarmor003.mod (737v 673t)
  OK  [r]siege_h_w_leatherglove001.mod (206v 272t)
  OK  [r]siege_h_w_leatherboots003.mod (440v 393t)
  OK  [r]siege_h_w_leatherglove002.mod (336v 344t)
  OK  [r]siege_h_w_leatherhead002.mod (56v 71t)
  OK  [r]siege_h_w_leatherhead001.mod (165v 266t)
  OK  [r]siege_h_w_leatherhead003.mod (48v 62t)
  OK  [r]siege_h_w_leatherglove003.mod (468v 456t)
  OK  [r]siege_h_w_metalboots002.mod (182v 211t)
  OK  [r]siege_h_w_metalarmor004.mod (485v 477t)
  OK  [r]siege_h_w_metalboots003.mod (190v 250t)
  OK  [r]siege_h_w_metalarmor002.mod (850v 739t)
  OK  [r]siege_h_w_metalboots004.mod (112v 142t)
  OK  [r]siege_h_w_metalarmor003.mod (766v 770t)
  OK  [r]siege_h_w_metalglove002.mod (352v 277t)
  OK  [r]siege_h_w_metalglove004.mod (238v 240t)
  OK  [r]siege_h_w_metalglove003.mod (462v 438t)
  OK  [r]siege_h_w_metalhead002.mod (346v 275t)
  OK  [r]siege_h_w_metalhead004.mod (108v 81t)
  OK  [r]temple_d_m_clothboots001_1.mod (194v 217t)
  OK  [r]siege_h_w_metalhead003.mod (266v 316t)
  OK  [r]temple_d_m_clothboots002_1.mod (190v 228t)
  OK  [r]temple_d_m_clothboots003_1.mod (162v 192t)
  OK  [r]temple_d_m_clothboots005_1.mod (116v 150t)
  OK  [r]temple_d_m_clothboots004_1.mod (140v 188t)
  OK  [r]temple_d_m_clothboots008.mod (120v 150t)
  OK  [r]temple_d_m_clothboots007.mod (120v 150t)
  OK  [r]temple_d_m_clothboots006_1.mod (272v 305t)
  OK  [r]temple_d_m_clothboots009.mod (178v 236t)
  OK  [r]temple_d_m_clothboots011.mod (220v 255t)
  OK  [r]temple_d_m_clothglove001.mod (462v 504t)
  OK  [r]temple_d_m_clothglove001_1.mod (382v 378t)
  OK  [r]temple_d_m_clothglove002_1.mod (236v 250t)
  OK  [r]temple_d_m_clothglove002.mod (429v 292t)
  OK  [r]temple_d_m_clothglove003_1.mod (336v 330t)
  OK  [r]temple_d_m_clothglove004_1.mod (238v 240t)
  OK  [r]temple_d_m_clothglove004.mod (334v 348t)
  OK  [r]temple_d_m_clothglove003.mod (736v 708t)
  OK  [r]temple_d_m_clothglove005_1.mod (238v 240t)
  OK  [r]temple_d_m_clothglove006_1.mod (442v 387t)
  OK  [r]temple_d_m_clothglove007.mod (318v 318t)
  OK  [r]temple_d_m_clothglove008.mod (318v 318t)
  OK  [r]temple_d_m_clothglove009.mod (303v 247t)
  OK  [r]temple_d_m_clothhead004_1.mod (34v 38t)
  OK  [r]temple_d_m_clothhead006_1.mod (69v 58t)
  OK  [r]temple_d_m_clothhead007.mod (40v 48t)
  OK  [r]temple_d_m_clothhead008.mod (40v 48t)
  OK  [r]temple_d_m_clothglove011.mod (408v 284t)
  OK  [r]temple_d_m_clothhead011.mod (73v 63t)
  OK  [r]temple_d_m_clothhead005_1.mod (265v 18t)
  OK  [r]temple_d_m_clothhead009.mod (390v 331t)
  OK  [r]temple_d_m_clothrobe001.mod (837v 179t)
  OK  [r]temple_d_m_clothrobe001_1.mod (648v 808t)
  OK  [r]temple_d_m_clothrobe003.mod (628v 113t)
  OK  [r]temple_d_m_clothrobe002.mod (869v 879t)
  OK  [r]temple_d_m_clothrobe003_1.mod (884v 908t)
  OK  [r]temple_d_m_clothrobe004.mod (782v 1017t)
  OK  [r]temple_d_m_clothrobe004_1.mod (826v 681t)
  OK  [r]temple_d_m_clothrobe002_1.mod (2972v 1139t)
  OK  [r]temple_d_m_clothrobe005.mod (967v 967t)
  OK  [r]temple_d_m_clothrobe005_1.mod (703v 479t)
  OK  [r]temple_d_m_clothrobe006_1.mod (578v 104t)
  OK  [r]temple_d_m_clothrobe006.mod (1310v 1140t)
  OK  [r]temple_d_m_clothrobe007.mod (904v 724t)
  OK  [r]temple_d_m_clothrobe008.mod (971v 149t)
  OK  [r]temple_d_m_clothrobe009.mod (986v 1136t)
  OK  [r]temple_d_m_clothrobe010.mod (806v 999t)
  OK  [r]temple_d_m_clothrobe012.mod (800v 801t)
  OK  [r]temple_d_m_clothrobe011.mod (997v 1331t)
  OK  [r]temple_d_m_leathearmor001_1.mod (555v 669t)
  OK  [r]temple_d_m_leathearmor002_1.mod (719v 150t)
  OK  [r]temple_d_m_leathehead004_1.mod (56v 76t)
  OK  [r]temple_d_m_leathearmor003_1.mod (753v 102t)
  OK  [r]temple_d_m_leathearmor004_1.mod (739v 390t)
  OK  [r]temple_d_m_leatherboots001_1.mod (196v 198t)
  OK  [r]temple_d_m_leathearmor006_1.mod (630v 816t)
  OK  [r]temple_d_m_leatherarmor005_1.mod (610v 801t)
  OK  [r]temple_d_m_leatherboots002_1.mod (184v 220t)
  OK  [r]temple_d_m_leatherboots004_1.mod (178v 232t)
  OK  [r]temple_d_m_leatherboots003_1.mod (184v 220t)
  OK  [r]temple_d_m_leatherboots005_1.mod (242v 274t)
  OK  [r]temple_d_m_leatherboots006_1.mod (260v 259t)
  OK  [r]temple_d_m_leatherglove001_1.mod (304v 342t)
  OK  [r]temple_d_m_leatherglove002_1.mod (532v 525t)
  OK  [r]temple_d_m_leatherglove005_1.mod (134v 168t)
  OK  [r]temple_d_m_leatherglove004_1.mod (422v 13t)
  OK  [r]temple_d_m_leatherglove003_1.mod (532v 525t)
  OK  [r]temple_d_m_leatherhead006_1.mod (107v 102t)
  OK  [r]temple_d_m_leatherglove006_1.mod (228v 240t)
  OK  [r]temple_d_m_leatherhead005_1.mod (205v 258t)
  OK  [r]temple_d_m_metalarmor002_1.mod (876v 1123t)
  OK  [r]temple_d_m_metalarmor001_1.mod (1104v 1152t)
  OK  [r]temple_d_m_metalarmor004_1.mod (892v 1147t)
  OK  [r]temple_d_m_metalarmor003_1.mod (1101v 1279t)
  OK  [r]temple_d_m_metalboots001_1.mod (256v 270t)
  OK  [r]temple_d_m_metalboots002_1.mod (200v 236t)
  OK  [r]temple_d_m_metalarmor005_1.mod (710v 816t)
  OK  [r]temple_d_m_metalarmor006_1.mod (725v 371t)
  OK  [r]temple_d_m_metalboots003_1.mod (224v 272t)
  OK  [r]temple_d_m_metalboots005_1.mod (158v 188t)
  OK  [r]temple_d_m_metalboots004_1.mod (218v 292t)
  OK  [r]temple_d_m_metalboots006_1.mod (236v 213t)
  OK  [r]temple_d_m_metalglove003_1.mod (334v 366t)
  OK  [r]temple_d_m_metalglove001_1.mod (404v 273t)
  OK  [r]temple_d_m_metalglove002_1.mod (346v 382t)
  OK  [r]temple_d_m_metalglove004_1.mod (406v 287t)
  OK  [r]temple_d_m_metalgloves005_1.mod (274v 280t)
  OK  [r]temple_d_m_metalhead005_1.mod (224v 158t)
  OK  [r]temple_d_m_metalhead004_1.mod (324v 390t)
  OK  [r]temple_d_m_metalglove006_1.mod (358v 320t)
  OK  [r]temple_d_m_metalhead006_1.mod (251v 195t)
  OK  [r]temple_d_w_clothboots001_1.mod (194v 231t)
  OK  [r]temple_d_w_clothboots004_1.mod (140v 188t)
  OK  [r]temple_d_w_clothboots003_1.mod (158v 184t)
  OK  [r]temple_d_w_clothboots005_1.mod (446v 150t)
  OK  [r]temple_d_w_clothboots002_1.mod (190v 228t)
  OK  [r]temple_d_w_clothboots006_1.mod (272v 330t)
  OK  [r]temple_d_w_clothboots008.mod (120v 150t)
  OK  [r]temple_d_w_clothboots009.mod (178v 236t)
  OK  [r]temple_d_w_clothboots007.mod (120v 150t)
  OK  [r]temple_d_w_clothboots011.mod (220v 255t)
  OK  [r]temple_d_w_clothglove001_1.mod (388v 378t)
  OK  [r]temple_d_w_clothglove002.mod (431v 363t)
  OK  [r]temple_d_w_clothglove002_1.mod (246v 177t)
  OK  [r]temple_d_w_clothglove001.mod (462v 504t)
  OK  [r]temple_d_w_clothglove004.mod (334v 348t)
  OK  [r]temple_d_w_clothglove004_1.mod (238v 240t)
  OK  [r]temple_d_w_clothglove003_1.mod (336v 330t)
  OK  [r]temple_d_w_clothglove003.mod (736v 683t)
  OK  [r]temple_d_w_clothglove005_1.mod (238v 240t)
  OK  [r]temple_d_w_clothglove007.mod (314v 312t)
  OK  [r]temple_d_w_clothglove006_1.mod (442v 378t)
  OK  [r]temple_d_w_clothhead004_1.mod (34v 38t)
  OK  [r]temple_d_w_clothglove008.mod (314v 312t)
  OK  [r]temple_d_w_clothglove009.mod (303v 313t)
  OK  [r]temple_d_w_clothhead006_1.mod (69v 58t)
  OK  [r]temple_d_w_clothhead007.mod (54v 58t)
  OK  [r]temple_d_w_clothhead008.mod (54v 58t)
  OK  [r]temple_d_w_clothhead005_1.mod (282v 12t)
  OK  [r]temple_d_w_clothhead011.mod (76v 59t)
  OK  [r]temple_d_w_clothglove011.mod (408v 290t)
  OK  [r]temple_d_w_clothhead009.mod (408v 512t)
  OK  [r]temple_d_w_clothrobe001.mod (939v 227t)
  OK  [r]temple_d_w_clothrobe001_1.mod (626v 665t)
  OK  [r]temple_d_w_clothrobe002.mod (791v 373t)
  OK  [r]temple_d_w_clothrobe003.mod (578v 464t)
  OK  [r]temple_d_w_clothrobe002_1.mod (854v 769t)
  OK  [r]temple_d_w_clothrobe003_1.mod (970v 1093t)
  OK  [r]temple_d_w_clothrobe004.mod (789v 947t)
  OK  [r]temple_d_w_clothrobe004_1.mod (800v 665t)
  OK  [r]temple_d_w_clothrobe005.mod (949v 529t)
  OK  [r]temple_d_w_clothrobe005_1.mod (694v 604t)
  OK  [r]temple_d_w_clothrobe006_1.mod (615v 655t)
  OK  [r]temple_d_w_clothrobe008.mod (1016v 237t)
  OK  [r]temple_d_w_clothrobe007.mod (949v 1147t)
  OK  [r]temple_d_w_clothrobe006.mod (1382v 1094t)
  OK  [r]temple_d_w_clothrobe009.mod (1029v 1114t)
  OK  [r]temple_d_w_clothrobe012.mod (841v 785t)
  OK  [r]temple_d_w_clothrobe011.mod (1006v 1352t)
  OK  [r]temple_d_w_clothrobe010.mod (889v 992t)
  OK  [r]temple_d_w_leathearmor001_1.mod (487v 576t)
  OK  [r]temple_d_w_leathearmor003_1.mod (729v 656t)
  OK  [r]temple_d_w_leathearmor002_1.mod (745v 729t)
  OK  [r]temple_d_w_leathehead004_1.mod (56v 76t)
  OK  [r]temple_d_w_leathearmor004_1.mod (765v 1166t)
  OK  [r]temple_d_w_leathearmor006_1.mod (658v 305t)
  OK  [r]temple_d_w_leatherboots001_1.mod (180v 173t)
  OK  [r]temple_d_w_leatherboots002_1.mod (184v 220t)
  OK  [r]temple_d_w_leatherarmor005_1.mod (616v 849t)
  OK  [r]temple_d_w_leatherboots003_1.mod (184v 220t)
  OK  [r]temple_d_w_leatherboots004_1.mod (178v 232t)
  OK  [r]temple_d_w_leatherboots005_1.mod (244v 225t)
  OK  [r]temple_d_w_leatherboots006_1.mod (260v 308t)
  OK  [r]temple_d_w_leatherglove001_1.mod (318v 346t)
  OK  [r]temple_d_w_leatherglove005_1.mod (134v 168t)
  OK  [r]temple_d_w_leatherglove004_1.mod (422v 13t)
  OK  [r]temple_d_w_leatherglove003_1.mod (526v 509t)
  OK  [r]temple_d_w_leatherglove002_1.mod (526v 509t)
  OK  [r]temple_d_w_leatherglove006_1.mod (228v 240t)
  OK  [r]temple_d_w_leatherhead006_1.mod (164v 168t)
  OK  [r]temple_d_w_leatherhead005_1.mod (205v 258t)
  OK  [r]temple_d_w_metalarmor002_1.mod (955v 719t)
  OK  [r]temple_d_w_metalarmor001_1.mod (1042v 1007t)
  OK  [r]temple_d_w_metalarmor004_1.mod (938v 1148t)
  OK  [r]temple_d_w_metalarmor003_1.mod (1132v 1358t)
  OK  [r]temple_d_w_metalboots001_1.mod (320v 291t)
  OK  [r]temple_d_w_metalboots002_1.mod (200v 236t)
  OK  [r]temple_d_w_metalarmor006_1.mod (736v 363t)
  OK  [r]temple_d_w_metalboots003_1.mod (188v 248t)
  OK  [r]temple_d_w_metalarmor005_1.mod (691v 828t)
  OK  [r]temple_d_w_metalboots004_1.mod (218v 292t)
  OK  [r]temple_d_w_metalboots005_1.mod (158v 188t)
  OK  [r]temple_d_w_metalglove001_1.mod (404v 273t)
  OK  [r]temple_d_w_metalboots006_1.mod (236v 241t)
  OK  [r]temple_d_w_metalglove003_1.mod (346v 366t)
  OK  [r]temple_d_w_metalglove002_1.mod (360v 382t)
  OK  [r]temple_d_w_metalgloves005_1.mod (274v 280t)
  OK  [r]temple_d_w_metalhead004_1.mod (324v 390t)
  OK  [r]temple_d_w_metalglove006_1.mod (358v 320t)
  OK  [r]temple_d_w_metalglove004_1.mod (428v 289t)
  OK  [r]temple_d_w_metalhead005_1.mod (400v 396t)
  OK  [r]temple_d_w_metalhead006_1.mod (236v 190t)
  OK  [r]temple_e_m_clothboots005.mod (116v 150t)
  OK  [r]temple_e_m_clothboots004.mod (140v 188t)
  OK  [r]temple_e_m_clothglove003.mod (336v 330t)
  OK  [r]temple_e_m_clothboots006.mod (272v 305t)
  OK  [r]temple_e_m_clothglove001.mod (382v 378t)
  OK  [r]temple_e_m_clothhead004.mod (34v 38t)
  OK  [r]temple_e_m_clothglove004.mod (238v 240t)
  OK  [r]temple_e_m_clothglove005.mod (238v 240t)
  OK  [r]temple_e_m_clothhead005.mod (277v 18t)
  OK  [r]temple_e_m_clothglove006.mod (442v 387t)
  OK  [r]temple_e_m_clothrobe001.mod (648v 808t)
  OK  [r]temple_e_m_clothrobe004.mod (828v 670t)
  OK  [r]temple_e_m_clothrobe003.mod (865v 872t)
  OK  [r]temple_e_m_clothrobe006.mod (578v 103t)
  OK  [r]temple_e_m_clothrobe005.mod (703v 479t)
  OK  [r]temple_e_m_leathearmor001.mod (555v 645t)
  OK  [r]temple_e_m_leathearmor002.mod (719v 34t)
  OK  [r]temple_e_m_leathearmor003.mod (755v 102t)
  OK  [r]temple_e_m_clothrobe002.mod (2976v 1137t)
  OK  [r]temple_e_m_leathearmor004.mod (739v 6t)
  OK  [r]temple_e_m_leathehead004.mod (56v 76t)
  OK  [r]temple_e_m_leatherboots004.mod (178v 232t)
  OK  [r]temple_e_m_leatherboots005.mod (242v 274t)
  OK  [r]temple_e_m_leathearmor006.mod (630v 816t)
  OK  [r]temple_e_m_leatherarmor005.mod (610v 801t)
  OK  [r]temple_e_m_leatherboots006.mod (260v 259t)
  OK  [r]temple_e_m_leatherglove001.mod (304v 342t)
  OK  [r]temple_e_m_leatherglove005.mod (134v 168t)
  OK  [r]temple_e_m_leatherglove002.mod (532v 525t)
  OK  [r]temple_e_m_leatherglove003.mod (532v 525t)
  OK  [r]temple_e_m_leatherglove004.mod (422v 13t)
  OK  [r]temple_e_m_leatherglove006.mod (228v 240t)
  OK  [r]temple_e_m_leatherhead006.mod (107v 102t)
  OK  [r]temple_e_m_leatherhead005.mod (205v 258t)
  OK  [r]temple_e_m_metalarmor002.mod (876v 912t)
  OK  [r]temple_e_m_metalarmor001.mod (1104v 1209t)
  OK  [r]temple_e_m_metalarmor003.mod (1101v 1279t)
  OK  [r]temple_e_m_metalarmor004.mod (892v 1147t)
  OK  [r]temple_e_m_metalboots004.mod (218v 292t)
  OK  [r]temple_e_m_metalboots005.mod (158v 188t)
  OK  [r]temple_e_m_metalarmor005.mod (671v 536t)
  OK  [r]temple_e_m_metalarmor006.mod (725v 169t)
  OK  [r]temple_e_m_metalglove001.mod (404v 273t)
  OK  [r]temple_e_m_metalboots006.mod (236v 213t)
  OK  [r]temple_e_m_metalglove005.mod (274v 280t)
  OK  [r]temple_e_m_metalglove004.mod (406v 287t)
  OK  [r]temple_e_m_metalglove002.mod (346v 382t)
  OK  [r]temple_e_m_metalglove003.mod (334v 366t)
  OK  [r]temple_e_m_metalhead005.mod (224v 169t)
  OK  [r]temple_e_m_metalhead006.mod (236v 190t)
  OK  [r]temple_e_m_metalhead004.mod (324v 390t)
  OK  [r]temple_e_m_metalglove006.mod (358v 320t)
  OK  [r]temple_e_w_clothboots004.mod (140v 188t)
  OK  [r]temple_e_w_clothboots005.mod (114v 148t)
  OK  [r]temple_e_w_clothboots006.mod (272v 305t)
  OK  [r]temple_e_w_clothglove003.mod (336v 330t)
  OK  [r]temple_e_w_clothglove001.mod (388v 378t)
  OK  [r]temple_e_w_clothglove004.mod (238v 240t)
  OK  [r]temple_e_w_clothhead004.mod (34v 38t)
  OK  [r]temple_e_w_clothglove005.mod (238v 240t)
  OK  [r]temple_e_w_clothhead005.mod (292v 12t)
  OK  [r]temple_e_w_clothglove006.mod (454v 333t)
  OK  [r]temple_e_w_clothrobe001.mod (586v 726t)
  OK  [r]temple_e_w_clothrobe002.mod (852v 767t)
  OK  [r]temple_e_w_clothrobe004.mod (798v 645t)
  OK  [r]temple_e_w_clothrobe003.mod (933v 1068t)
  OK  [r]temple_e_w_clothrobe005.mod (692v 590t)
  OK  [r]temple_e_w_clothrobe006.mod (597v 633t)
  OK  [r]temple_e_w_leathearmor001.mod (471v 488t)
  OK  [r]temple_e_w_leathearmor002.mod (755v 900t)
  OK  [r]temple_e_w_leathearmor003.mod (721v 806t)
  OK  [r]temple_e_w_leathehead004.mod (56v 71t)
  OK  [r]temple_e_w_leathearmor006.mod (648v 301t)
  OK  [r]temple_e_w_leathearmor004.mod (763v 891t)
  OK  [r]temple_e_w_leatherboots004.mod (178v 232t)
  OK  [r]temple_e_w_leatherboots005.mod (240v 195t)
  OK  [r]temple_e_w_leatherboots006.mod (260v 308t)
  OK  [r]temple_e_w_leatherarmor005.mod (608v 572t)
  OK  [r]temple_e_w_leatherglove001.mod (318v 346t)
  OK  [r]temple_e_w_leatherglove004.mod (422v 13t)
  OK  [r]temple_e_w_leatherglove002.mod (532v 525t)
  OK  [r]temple_e_w_leatherglove005.mod (134v 168t)
  OK  [r]temple_e_w_leatherglove003.mod (532v 515t)
  OK  [r]temple_e_w_leatherglove006.mod (228v 240t)
  OK  [r]temple_e_w_leatherhead006.mod (164v 168t)
  OK  [r]temple_e_w_leatherhead005.mod (205v 258t)
  OK  [r]temple_e_w_metalarmor002.mod (959v 472t)
  OK  [r]temple_e_w_metalarmor001.mod (1048v 1093t)
  OK  [r]temple_e_w_metalarmor004.mod (936v 988t)
  OK  [r]temple_e_w_metalarmor003.mod (1135v 1364t)
  OK  [r]temple_e_w_metalboots004.mod (218v 292t)
  OK  [r]temple_e_w_metalboots005.mod (158v 188t)
  OK  [r]temple_e_w_metalarmor005.mod (658v 713t)
  OK  [r]temple_e_w_metalarmor006.mod (720v 169t)
  OK  [r]temple_e_w_metalglove003.mod (346v 366t)
  OK  [r]temple_e_w_metalglove001.mod (404v 273t)
  OK  [r]temple_e_w_metalglove002.mod (360v 382t)
  OK  [r]temple_e_w_metalboots006.mod (236v 213t)
  OK  [r]temple_e_w_metalglove004.mod (428v 289t)
  OK  [r]temple_e_w_metalglove006.mod (358v 320t)
  OK  [r]temple_e_w_metalglove005.mod (274v 280t)
  OK  [r]temple_e_w_metalhead004.mod (324v 390t)
  OK  [r]temple_e_w_metalhead006.mod (236v 190t)
  OK  [r]temple_e_w_metalhead005.mod (400v 336t)
  OK  [r]temple_eff_l_aweapon001.mod (92v 6t)
  OK  [r]temple_eff_bow001.mod (328v 408t)
  OK  [r]temple_eff_daggers001.mod (412v 436t)
  OK  [r]temple_eff_l_mweapon001.mod (28v 32t)
  OK  [r]temple_eff_l_aweapon002.mod (307v 348t)
  OK  [r]temple_eff_oh_axe001.mod (158v 218t)
  OK  [r]temple_eff_oh_mace002.mod (77v 105t)
  OK  [r]temple_eff_oh_mace001.mod (144v 56t)
  OK  [r]temple_eff_r_aweapon001.mod (92v 7t)
  OK  [r]temple_eff_oh_sword001.mod (203v 80t)
  OK  [r]temple_eff_oh_sword002.mod (307v 348t)
  OK  [r]temple_eff_r_mweapon001.mod (28v 32t)
  OK  [r]temple_eff_r_aweapon002.mod (307v 348t)
  OK  [r]temple_eff_th_axe001.mod (237v 194t)
  OK  [r]temple_eff_th_axe002.mod (158v 27t)
  OK  [r]temple_eff_staff001.mod (459v 315t)
  OK  [r]temple_eff_staff002.mod (331v 321t)
  OK  [r]temple_eff_th_sword001.mod (60v 5t)
  OK  [r]temple_eff_th_mace001.mod (200v 34t)
  OK  [r]temple_eff_th_staff001.mod (288v 388t)
  OK  [r]temple_h_m_clothboots005.mod (116v 150t)
  OK  [r]temple_h_m_clothboots004.mod (140v 188t)
  OK  [r]temple_eff_th_sword002.mod (307v 348t)
  OK  [r]temple_h_m_clothboots006.mod (272v 305t)
  OK  [r]temple_h_m_clothglove004.mod (238v 240t)
  OK  [r]temple_h_m_clothglove003.mod (336v 330t)
  OK  [r]temple_h_m_clothglove001.mod (382v 378t)
  OK  [r]temple_h_m_clothhead004.mod (34v 38t)
  OK  [r]temple_h_m_clothglove005.mod (238v 240t)
  OK  [r]temple_h_m_clothglove006.mod (442v 372t)
  OK  [r]temple_h_m_clothhead005.mod (273v 18t)
  OK  [r]temple_h_m_clothrobe001.mod (648v 808t)
  OK  [r]temple_h_m_clothrobe003.mod (865v 871t)
  OK  [r]temple_h_m_clothrobe004.mod (808v 900t)
  OK  [r]temple_h_m_clothrobe005.mod (730v 974t)
  OK  [r]temple_h_m_leathearmor002.mod (719v 34t)
  OK  [r]temple_h_m_leathearmor001.mod (549v 734t)
  OK  [r]temple_h_m_clothrobe006.mod (578v 103t)
  OK  [r]temple_h_m_leathearmor003.mod (755v 102t)
  OK  [r]temple_h_m_leathearmor006.mod (630v 816t)
  OK  [r]temple_h_m_leathehead004.mod (56v 76t)
  OK  [r]temple_h_m_leathearmor004.mod (739v 993t)
  OK  [r]temple_h_m_leatherboots005.mod (242v 274t)
  OK  [r]temple_h_m_leatherboots004.mod (178v 232t)
  OK  [r]temple_h_m_clothrobe002.mod (2976v 1137t)
  OK  [r]temple_h_m_leatherarmor005.mod (610v 801t)
  OK  [r]temple_h_m_leatherboots006.mod (260v 259t)
  OK  [r]temple_h_m_leatherglove004.mod (422v 13t)
  OK  [r]temple_h_m_leatherglove001.mod (304v 342t)
  OK  [r]temple_h_m_leatherglove005.mod (134v 168t)
  OK  [r]temple_h_m_leatherglove002.mod (532v 525t)
  OK  [r]temple_h_m_leatherglove003.mod (532v 525t)
  OK  [r]temple_h_m_leatherglove006.mod (228v 240t)
  OK  [r]temple_h_m_leatherhead006.mod (107v 102t)
  OK  [r]temple_h_m_leatherhead005.mod (205v 258t)
  OK  [r]temple_h_m_metalarmor002.mod (876v 912t)
  OK  [r]temple_h_m_metalarmor004.mod (892v 1147t)
  OK  [r]temple_h_m_metalarmor001.mod (1108v 1094t)
  OK  [r]temple_h_m_metalarmor003.mod (1101v 1279t)
  OK  [r]temple_h_m_metalboots004.mod (218v 292t)
  OK  [r]temple_h_m_metalboots005.mod (158v 188t)
  OK  [r]temple_h_m_metalboots006.mod (236v 213t)
  OK  [r]temple_h_m_metalglove001.mod (404v 273t)
  OK  [r]temple_h_m_metalarmor005.mod (665v 564t)
  OK  [r]temple_h_m_metalarmor006.mod (728v 169t)
  OK  [r]temple_h_m_metalglove005.mod (274v 280t)
  OK  [r]temple_h_m_metalglove003.mod (334v 366t)
  OK  [r]temple_h_m_metalglove002.mod (346v 382t)
  OK  [r]temple_h_m_metalglove006.mod (358v 320t)
  OK  [r]temple_h_m_metalhead005.mod (224v 169t)
  OK  [r]temple_h_m_metalglove004.mod (406v 287t)
  OK  [r]temple_h_m_metalhead004.mod (324v 390t)
  OK  [r]temple_h_m_metalhead006.mod (236v 190t)
  OK  [r]temple_h_w_clothboots005.mod (114v 148t)
  OK  [r]temple_h_w_clothboots004.mod (140v 188t)
  OK  [r]temple_h_w_clothboots006.mod (272v 305t)
  OK  [r]temple_h_w_clothglove004.mod (238v 240t)
  OK  [r]temple_h_w_clothglove003.mod (336v 330t)
  OK  [r]temple_h_w_clothglove001.mod (388v 378t)
  OK  [r]temple_h_w_clothglove005.mod (238v 240t)
  OK  [r]temple_h_w_clothhead004.mod (34v 38t)
  OK  [r]temple_h_w_clothhead005.mod (282v 12t)
  OK  [r]temple_h_w_clothglove006.mod (454v 372t)
  OK  [r]temple_h_w_clothrobe001.mod (586v 726t)
  OK  [r]temple_h_w_clothrobe003.mod (923v 855t)
  OK  [r]temple_h_w_clothrobe002.mod (848v 763t)
  OK  [r]temple_h_w_clothrobe004.mod (798v 904t)
  OK  [r]temple_h_w_clothrobe006.mod (605v 561t)
  OK  [r]temple_h_w_leathearmor001.mod (461v 630t)
  OK  [r]temple_h_w_clothrobe005.mod (690v 622t)
  OK  [r]temple_h_w_leathearmor002.mod (737v 900t)
  OK  [r]temple_h_w_leathehead004.mod (56v 71t)
  OK  [r]temple_h_w_leathearmor006.mod (638v 299t)
  OK  [r]temple_h_w_leathearmor003.mod (905v 1026t)
  OK  [r]temple_h_w_leathearmor004.mod (763v 972t)
  OK  [r]temple_h_w_leatherboots004.mod (178v 232t)
  OK  [r]temple_h_w_leatherboots005.mod (240v 195t)
  OK  [r]temple_h_w_leatherglove001.mod (318v 346t)
  OK  [r]temple_h_w_leatherarmor005.mod (608v 847t)
  OK  [r]temple_h_w_leatherboots006.mod (924v 308t)
  OK  [r]temple_h_w_leatherglove002.mod (532v 525t)
  OK  [r]temple_h_w_leatherglove005.mod (134v 168t)
  OK  [r]temple_h_w_leatherglove004.mod (422v 13t)
  OK  [r]temple_h_w_leatherglove006.mod (228v 240t)
  OK  [r]temple_h_w_leatherglove003.mod (532v 515t)
  OK  [r]temple_h_w_leatherhead005.mod (205v 258t)
  OK  [r]temple_h_w_leatherhead006.mod (164v 168t)
  OK  [r]temple_h_w_metalarmor001.mod (1048v 1094t)
  OK  [r]temple_h_w_metalarmor003.mod (1154v 1366t)
  OK  [r]temple_h_w_metalarmor004.mod (936v 1143t)
  OK  [r]temple_h_w_metalboots004.mod (218v 292t)
  OK  [r]temple_h_w_metalarmor005.mod (658v 713t)
  OK  [r]temple_h_w_metalarmor002.mod (960v 944t)
  OK  [r]temple_h_w_metalarmor006.mod (730v 169t)
  OK  [r]temple_h_w_metalboots005.mod (160v 188t)
  OK  [r]temple_h_w_metalboots006.mod (236v 213t)
  OK  [r]temple_h_w_metalglove001.mod (404v 273t)
  OK  [r]temple_h_w_metalglove003.mod (346v 366t)
  OK  [r]temple_h_w_metalglove002.mod (360v 382t)
  OK  [r]temple_h_w_metalglove004.mod (428v 289t)
  OK  [r]temple_h_w_metalglove005.mod (274v 280t)
  OK  [r]temple_h_w_metalglove006.mod (358v 320t)
  OK  [r]temple_m_clothhead006.mod (69v 58t)
  OK  [r]temple_h_w_metalhead004.mod (324v 390t)
  OK  [r]temple_h_w_metalhead005.mod (400v 336t)
  OK  [r]temple_w_clothhead006.mod (69v 58t)
  OK  [r]temple_h_w_metalhead006.mod (236v 190t)
  OK  [r]temple_m_wing002.mod (110v 128t)
  OK  [r]temple_w_wing002.mod (110v 128t)
  OK  boots_box.mod (60v 7t)
  OK  [r]temple_wing001.mod (302v 358t)
  OK  body_box.mod (192v 28t)
  OK  bothhands_l.mod (52v 72t)
  OK  bothhands_l002.mod (52v 72t)
  OK  bothhands_l003.mod (67v 93t)
  OK  bothhands_l001.mod (72v 85t)
  OK  bothhands_l004.mod (100v 105t)
  OK  bothhands_l005.mod (130v 198t)
  OK  bothhands_l008.mod (82v 81t)
  OK  bothhands_l006.mod (83v 108t)
  OK  bothhands_l007.mod (108v 71t)
  OK  bothhands_l013.mod (186v 220t)
  OK  bothhands_r.mod (52v 77t)
  OK  bothhands_l011.mod (366v 390t)
  OK  bothhands_l010.mod (262v 82t)
  OK  bothhands_l012.mod (552v 140t)
  OK  bothhands_r002.mod (52v 77t)
  OK  bothhands_r003.mod (67v 98t)
  OK  bothhands_r001.mod (72v 96t)
  OK  bothhands_r006.mod (83v 108t)
  OK  bothhands_r005.mod (130v 198t)
  OK  bothhands_r007.mod (108v 71t)
  OK  bothhands_r004.mod (100v 140t)
  OK  bothhands_r008.mod (82v 91t)
  OK  bothhands_r010.mod (262v 74t)
  OK  bothhands_r013.mod (186v 220t)
  OK  bothhands_r011.mod (366v 255t)
  OK  bow001.mod (88v 116t)
  OK  bow002.mod (114v 152t)
  OK  bothhands_r012.mod (552v 119t)
  OK  bow004.mod (134v 192t)
  OK  bow003.mod (156v 184t)
  OK  bow005.mod (202v 216t)
  OK  bow006.mod (162v 284t)
  OK  bow007.mod (324v 396t)
  OK  bow009.mod (178v 310t)
  OK  bow008.mod (316v 369t)
  OK  bow010.mod (168v 289t)
  OK  bow011.mod (190v 324t)
  OK  bow012.mod (180v 244t)
  OK  bow014.mod (148v 170t)
  OK  bow013.mod (268v 265t)
  OK  bow015.mod (200v 237t)
  OK  bow016.mod (220v 260t)
  OK  bow018.mod (195v 330t)
  OK  bow017.mod (284v 328t)
  OK  bow019.mod (316v 262t)
  OK  bow021.mod (264v 360t)
  OK  bow022.mod (254v 312t)
  OK  bow020.mod (736v 300t)
  OK  bow023.mod (205v 2t)
  OK  bow024.mod (264v 360t)
  OK  bow025.mod (316v 396t)
  OK  bow027.mod (204v 13t)
  OK  bow026.mod (428v 552t)
  OK  bow028.mod (414v 50t)
  OK  bow029.mod (296v 478t)
  OK  candy.mod (144v 131t)
  OK  cheetos_m_face_b.mod (187v 211t)
  OK  cheetos_m_face_v.mod (187v 211t)
  OK  cheetos_m_head.mod (32v 36t)
  OK  bow030.mod (814v 158t)
  OK  cheetos_m_face_y.mod (187v 211t)
  OK  cheetos_m_head_b.mod (32v 36t)
  OK  cheetos_m_head_v.mod (32v 36t)
  OK  cheetos_m_tail_b.mod (106v 73t)
  OK  cheetos_m_tail_v.mod (106v 73t)
  OK  cheetos_m_tail_y.mod (106v 73t)
  OK  cheetos_w_face_b.mod (187v 211t)
  OK  cheetos_w_face_v.mod (187v 211t)
  OK  cheetos_w_head.mod (32v 36t)
  OK  cheetos_w_head_b.mod (32v 36t)
  OK  cheetos_w_head_v.mod (32v 36t)
  OK  cheetos_w_face_y.mod (187v 211t)
  OK  cheetos_w_tail_b.mod (106v 73t)
  OK  cheetos_w_tail_v.mod (106v 73t)
  OK  cheetos_w_tail_y.mod (106v 73t)
  OK  costume_devil_item.mod (86v 111t)
  OK  costume_feather_g.mod (118v 109t)
  OK  costume_feather.mod (118v 109t)
  OK  costume_angel_wing.mod (212v 416t)
  OK  costume_feather_v.mod (118v 109t)
  OK  costume_feather_r.mod (118v 109t)
  OK  costume_lf_001.mod (108v 48t)
  OK  costume_halloween_04.mod (255v 53t)
  OK  costume_lf_002.mod (187v 6t)
  OK  costume_lf_004.mod (156v 207t)
  OK  costume_wolf_item.mod (36v 35t)
  OK  costume_siren.mod (155v 160t)
  OK  costume_lf_005.mod (110v 131t)
  OK  d_m.mod (126v 176t)
  OK  costume_wing.mod (212v 416t)
  OK  d_m_body000.mod (347v 496t)
  OK  d_m_body.mod (347v 520t)
  OK  d_m_celebrite_boots.mod (416v 386t)
  OK  d_m_celebrite_glove.mod (290v 280t)
  OK  d_m_celebrite_hair.mod (359v 364t)
  OK  d_m_chstume_chef_boots.mod (112v 142t)
  OK  d_m_celebrite_body.mod (819v 893t)
  OK  d_m_chstume_chef_glove.mod (201v 211t)
  OK  d_m_clothboots001.mod (214v 241t)
  OK  d_m_chstume_chef_hair.mod (377v 368t)
  OK  d_m_chstume_chef_body.mod (733v 886t)
  OK  d_m_clothboots002.mod (346v 249t)
  OK  d_m_clothboots004.mod (244v 186t)
  OK  d_m_clothboots003.mod (246v 231t)
  OK  d_m_clothboots005.mod (98v 114t)
  OK  d_m_clothboots006.mod (120v 150t)
  OK  d_m_clothboots008.mod (98v 114t)
  OK  d_m_clothboots007.mod (106v 142t)
  OK  d_m_clothboots009.mod (106v 142t)
  OK  d_m_clothboots012.mod (138v 150t)
  OK  d_m_clothboots011.mod (156v 201t)
  OK  d_m_clothboots010.mod (158v 174t)
  OK  d_m_clothboots013.mod (142v 158t)
  OK  d_m_clothglove001.mod (334v 384t)
  OK  d_m_clothglove003.mod (411v 331t)
  OK  d_m_clothglove004.mod (307v 289t)
  OK  d_m_clothglove002.mod (434v 456t)
  OK  d_m_clothglove005.mod (238v 240t)
  OK  d_m_clothglove007.mod (238v 240t)
  OK  d_m_clothglove008.mod (236v 229t)
  OK  d_m_clothglove006.mod (542v 463t)
  OK  d_m_clothglove009.mod (238v 240t)
  OK  d_m_clothglove010.mod (214v 216t)
  OK  d_m_clothglove012.mod (238v 240t)
  OK  d_m_clothglove011.mod (334v 364t)
  OK  d_m_clothglove013.mod (212v 240t)
  OK  d_m_clothrobe002.mod (730v 19t)
  OK  d_m_clothrobe001.mod (898v 868t)
  OK  d_m_clothrobe004.mod (533v 489t)
  OK  d_m_clothrobe003.mod (778v 715t)
  OK  d_m_clothrobe006.mod (558v 17t)
  OK  d_m_clothrobe005.mod (627v 824t)
  OK  d_m_clothrobe007.mod (745v 709t)
  OK  d_m_clothrobe008.mod (1038v 890t)
  OK  d_m_clothrobe009.mod (656v 788t)
  OK  d_m_clothrobe010.mod (792v 1044t)
  OK  d_m_clothrobe011.mod (674v 807t)
  OK  d_m_clothrobe013.mod (638v 421t)
  OK  d_m_clothrobe016.mod (622v 707t)
  OK  d_m_clothrobe012.mod (988v 845t)
  OK  d_m_costume_angel_boots.mod (298v 364t)
  OK  d_m_costume_angel_body.mod (613v 823t)
  OK  d_m_costume_arabian_boots.mod (160v 206t)
  OK  d_m_costume_angel_hair.mod (469v 71t)
  OK  d_m_costume_angel_glove.mod (306v 280t)
  OK  d_m_costume_arabian_body.mod (510v 696t)
  OK  d_m_costume_arabian_hair.mod (435v 536t)
  OK  d_m_costume_arabian_glove.mod (258v 256t)
  OK  d_m_costume_army sergeon_boots.mod (684v 228t)
  OK  d_m_costume_army sergeon_body.mod (794v 912t)
  OK  d_m_costume_army sergeon_hair.mod (191v 163t)
  OK  d_m_costume_army sergeon_glove.mod (256v 276t)
  OK  d_m_costume_armysurgeon_hair.mod (191v 163t)
  OK  d_m_costume_armysurgeon_glove.mod (256v 276t)
  OK  d_m_costume_armysurgeon_boots.mod (684v 228t)
  OK  d_m_costume_armysurgeon_body.mod (794v 912t)
  OK  d_m_costume_bani_boots.mod (80v 142t)
  OK  d_m_costume_bani_body.mod (445v 672t)
  OK  d_m_costume_bani_body_b.mod (445v 672t)
  OK  d_m_costume_bani_boots_b.mod (80v 142t)
  OK  d_m_costume_bani_glove.mod (294v 255t)
  OK  d_m_costume_bani_glove_b.mod (294v 255t)
  OK  d_m_costume_batman_boots.mod (180v 224t)
  OK  d_m_costume_batman_body.mod (784v 6t)
  OK  d_m_costume_batman_glove.mod (404v 488t)
  OK  d_m_costume_batman_hair.mod (322v 287t)
  OK  d_m_costume_cardcaptor_boot.mod (118v 144t)
  OK  d_m_costume_cardcaptor_glove.mod (238v 240t)
  OK  d_m_costume_cardcaptor_body.mod (769v 710t)
  OK  d_m_costume_cardcaptor_hair.mod (400v 380t)
  OK  d_m_costume_cat1_body.mod (494v 539t)
  OK  d_m_costume_cat1_boot.mod (164v 212t)
  OK  d_m_costume_cat1_glove.mod (164v 208t)
  OK  d_m_costume_cat1_hair.mod (284v 424t)
  OK  d_m_costume_cat2_boot.mod (164v 212t)
  OK  d_m_costume_cat2_glove.mod (164v 208t)
  OK  d_m_costume_cat2_body.mod (460v 642t)
  OK  d_m_costume_cat2_hair.mod (284v 424t)
  OK  d_m_costume_cat3_boot.mod (164v 212t)
  OK  d_m_costume_cat3_glove.mod (164v 208t)
  OK  d_m_costume_cat3_hair.mod (284v 424t)
  OK  d_m_costume_cat3_body.mod (460v 642t)
  OK  d_m_costume_cat4_boots.mod (162v 212t)
  OK  d_m_costume_cat4_glove.mod (166v 208t)
  OK  d_m_costume_cat4_body.mod (556v 557t)
  OK  d_m_costume_cat4_hair.mod (210v 316t)
  OK  d_m_costume_celebrity_glove.mod (302v 20t)
  OK  d_m_costume_celebrity_body.mod (670v 429t)
  OK  d_m_costume_celebrity_boots.mod (202v 250t)
  OK  d_m_costume_celebrity_hair.mod (328v 365t)
  OK  d_m_costume_chic_b_hair.mod (248v 207t)
  OK  d_m_costume_chic_b_boots.mod (194v 208t)
  OK  d_m_costume_chic_b_glove.mod (268v 276t)
  OK  d_m_costume_chic_b_body.mod (612v 657t)
  OK  d_m_costume_chic_g_boots.mod (194v 208t)
  OK  d_m_costume_chic_g_glove.mod (268v 276t)
  OK  d_m_costume_chic_g_hair.mod (248v 207t)
  OK  d_m_costume_chic_g_body.mod (612v 657t)
  OK  d_m_costume_chic_p_boots.mod (194v 208t)
  OK  d_m_costume_chic_p_hair.mod (248v 207t)
  OK  d_m_costume_chic_p_glove.mod (268v 276t)
  OK  d_m_costume_chic_p_body.mod (612v 657t)
  OK  d_m_costume_chic_suit_boots.mod (194v 208t)
  OK  d_m_costume_chic_suit_glove.mod (268v 276t)
  OK  d_m_costume_chic_suit_body.mod (539v 277t)
  OK  d_m_costume_chic_suit_hair.mod (230v 189t)
  OK  d_m_costume_chic_w_boots.mod (194v 208t)
  OK  d_m_costume_chic_w_hair.mod (248v 207t)
  OK  d_m_costume_chic_w_glove.mod (268v 276t)
  OK  d_m_costume_chic_w_body.mod (612v 657t)
  OK  d_m_costume_chick_boot.mod (194v 208t)
  OK  d_m_costume_chick_body.mod (612v 657t)
  OK  d_m_costume_chick_hair.mod (248v 207t)
  OK  d_m_costume_chick_glove.mod (268v 276t)
  OK  d_m_costume_china_body.mod (524v 514t)
  OK  d_m_costume_china_boots.mod (180v 252t)
  OK  d_m_costume_china_body_b.mod (524v 514t)
  OK  d_m_costume_china_boots_b.mod (180v 252t)
  OK  d_m_costume_china_glove.mod (238v 240t)
  OK  d_m_costume_china_hair_b.mod (247v 217t)
  OK  d_m_costume_china_hair.mod (247v 217t)
  OK  d_m_costume_china_glove_b.mod (238v 240t)
  OK  d_m_costume_cow_boot.mod (140v 179t)
  OK  d_m_costume_claw_glove.mod (130v 208t)
  OK  d_m_costume_cow_gloves.mod (130v 156t)
  OK  d_m_costume_cow_hair.mod (405v 30t)
  OK  d_m_costume_cowboy_boots.mod (240v 264t)
  OK  d_m_costume_cow_body.mod (507v 521t)
  OK  d_m_costume_cowboy_glove.mod (254v 264t)
  OK  d_m_costume_cowboy_body.mod (691v 642t)
  OK  d_m_costume_cowboy_hair.mod (308v 210t)
  OK  d_m_costume_dark_boots.mod (192v 232t)
  OK  d_m_costume_dark_hair.mod (252v 188t)
  OK  d_m_costume_dark_glove.mod (367v 390t)
  OK  d_m_costume_dark_body.mod (740v 761t)
  OK  d_m_costume_devil02_glove.mod (266v 272t)
  OK  d_m_costume_devil02_hair.mod (267v 279t)
  OK  d_m_costume_devil02_boots.mod (230v 242t)
  OK  d_m_costume_devil_boots.mod (80v 142t)
  OK  d_m_costume_devil02_body.mod (705v 820t)
  OK  d_m_costume_devil_glove.mod (238v 240t)
  OK  d_m_costume_devil_body.mod (670v 690t)
  OK  d_m_costume_devil_hair.mod (307v 263t)
  OK  d_m_costume_divingsuit_boots.mod (156v 166t)
  OK  d_m_costume_divingsuit_body.mod (322v 520t)
  OK  d_m_costume_divingsuit_glove.mod (242v 264t)
  OK  d_m_costume_dracula_boots.mod (128v 158t)
  OK  d_m_costume_dracula_headband.mod (74v 94t)
  OK  d_m_costume_dracula_glove.mod (288v 263t)
  OK  d_m_costume_dracula_body.mod (802v 1040t)
  OK  d_m_costume_dress_body.mod (553v 601t)
  OK  d_m_costume_dress_boot.mod (112v 142t)
  OK  d_m_costume_dress_body_r.mod (553v 601t)
  OK  d_m_costume_dress_boots.mod (112v 142t)
  OK  d_m_costume_dress_boots_r.mod (112v 142t)
  OK  d_m_costume_dress_body_w.mod (553v 601t)
  OK  d_m_costume_dress_boots_w.mod (112v 142t)
  OK  d_m_costume_dress_glove_r.mod (278v 288t)
  OK  d_m_costume_dress_glove.mod (270v 243t)
  OK  d_m_costume_dress_glove_w.mod (278v 288t)
  OK  d_m_costume_dress_hair.mod (340v 180t)
  OK  d_m_costume_dress_hair_w.mod (340v 180t)
  OK  d_m_costume_dress_hair_r.mod (340v 180t)
  OK  d_m_costume_fireman_boots.mod (194v 260t)
  OK  d_m_costume_fireman_glove.mod (272v 196t)
  OK  d_m_costume_fireman_body.mod (565v 506t)
  OK  d_m_costume_fishing_boots.mod (180v 185t)
  OK  d_m_costume_fireman_hair.mod (319v 343t)
  OK  d_m_costume_fishinghat_hair.mod (176v 183t)
  OK  d_m_costume_fishinghat_hair02.mod (134v 107t)
  OK  d_m_costume_fishing_glove.mod (284v 324t)
  OK  d_m_costume_frog_hair.mod (392v 303t)
  OK  d_m_costume_fruit01.mod (197v 16t)
  OK  d_m_costume_fruit02.mod (197v 241t)
  OK  d_m_costume_funky_boots.mod (112v 142t)
  OK  d_m_costume_funky_glove.mod (314v 193t)
  OK  d_m_costume_funky_body.mod (1001v 33t)
  OK  d_m_costume_halloween_01.mod (294v 300t)
  OK  d_m_costume_funky_cap.mod (536v 523t)
  OK  d_m_costume_halloween_03.mod (270v 400t)
  OK  d_m_costume_halloween_02.mod (297v 378t)
  OK  d_m_costume_hero_boots.mod (166v 159t)
  OK  d_m_costume_hero_body.mod (504v 586t)
  OK  d_m_costume_hero_hair.mod (242v 338t)
  OK  d_m_costume_hero_glove.mod (292v 217t)
  OK  d_m_costume_hiphop_body01.mod (637v 597t)
  OK  d_m_costume_hiphop_body02.mod (612v 710t)
  OK  d_m_costume_hiphop_boots01.mod (138v 172t)
  OK  d_m_costume_hiphop_boots02.mod (138v 172t)
  OK  d_m_costume_hiphop_body03.mod (570v 683t)
  OK  d_m_costume_hiphop_boots03.mod (138v 172t)
  OK  d_m_costume_hiphop_body04.mod (655v 724t)
  OK  d_m_costume_hiphop_boots04.mod (138v 172t)
  OK  d_m_costume_hiphop_glove01.mod (266v 165t)
  OK  d_m_costume_hiphop_glove02.mod (293v 301t)
  OK  d_m_costume_hiphop_glove03.mod (293v 301t)
  OK  d_m_costume_hiphop_hair01.mod (174v 57t)
  OK  d_m_costume_hiphop_glove04.mod (266v 165t)
  OK  d_m_costume_hiphop_hair02.mod (242v 145t)
  OK  d_m_costume_hiphop_hair04.mod (174v 57t)
  OK  d_m_costume_hiphop_hair03.mod (242v 145t)
  OK  d_m_costume_honeybee_boots.mod (186v 270t)
  OK  d_m_costume_honeybee_body.mod (488v 676t)
  OK  d_m_costume_honeybee_glove.mod (322v 360t)
  OK  d_m_costume_honeybee_hair.mod (171v 290t)
  OK  d_m_costume_indian_boots.mod (222v 264t)
  OK  d_m_costume_indian_glove.mod (268v 31t)
  OK  d_m_costume_innerboot.mod (116v 150t)
  OK  d_m_costume_indian_hair.mod (563v 438t)
  OK  d_m_costume_indian_body.mod (722v 779t)
  OK  d_m_costume_kimono_body.mod (572v 146t)
  OK  d_m_costume_kimono_boots.mod (132v 166t)
  OK  d_m_costume_kimono_glove.mod (266v 242t)
  OK  d_m_costume_kimono_hair.mod (408v 488t)
  OK  d_m_costume_kindergarten_boots.mod (194v 232t)
  OK  d_m_costume_kindergarten_glove.mod (318v 51t)
  OK  d_m_costume_kindergarten_body.mod (461v 129t)
  OK  d_m_costume_korclothes_boot.mod (112v 142t)
  OK  d_m_costume_kindergarten_hair.mod (226v 212t)
  OK  d_m_costume_korclothes_glove.mod (238v 240t)
  OK  d_m_costume_korclothes_hair.mod (214v 80t)
  OK  d_m_costume_korclothes_body.mod (785v 174t)
  OK  d_m_costume_koreanclothes_01_boot.mod (112v 142t)
  OK  d_m_costume_koreanclothes_01_body.mod (547v 564t)
  OK  d_m_costume_koreanclothes_01_hair.mod (259v 77t)
  OK  d_m_costume_koreanclothes_01_glove.mod (310v 229t)
  OK  d_m_costume_koreanwedding_boots.mod (148v 228t)
  OK  d_m_costume_koreanwedding_glove.mod (268v 18t)
  OK  d_m_costume_koreanwedding_body.mod (745v 23t)
  OK  d_m_costume_koreanwedding_hair.mod (208v 135t)
  OK  d_m_costume_lf_006_hair.mod (92v 118t)
  OK  d_m_costume_lf_007.mod (411v 359t)
  OK  d_m_costume_magicknight_boots.mod (298v 253t)
  OK  d_m_costume_lf_006_body.mod (597v 673t)
  OK  d_m_costume_magicknight_glove.mod (362v 255t)
  OK  d_m_costume_magicknight_body.mod (820v 677t)
  OK  d_m_costume_magicknight_hair.mod (246v 267t)
  OK  d_m_costume_maid_boots.mod (128v 158t)
  OK  d_m_costume_maid_glove.mod (238v 240t)
  OK  d_m_costume_maid_body.mod (679v 815t)
  OK  d_m_costume_maid_hair.mod (306v 233t)
  OK  d_m_costume_monster01_boot.mod (120v 89t)
  OK  d_m_costume_monster01_boots.mod (120v 89t)
  OK  d_m_costume_monster01_body.mod (616v 231t)
  OK  d_m_costume_monster01_glove.mod (210v 221t)
  OK  d_m_costume_monster01_hair.mod (248v 112t)
  OK  d_m_costume_monster02_boot.mod (148v 192t)
  OK  d_m_costume_monster02_boots.mod (148v 192t)
  OK  d_m_costume_monster02_glove.mod (158v 208t)
  OK  d_m_costume_mummy_01.mod (143v 184t)
  OK  d_m_costume_monster02_hair.mod (238v 288t)
  OK  d_m_costume_monster02_body.mod (522v 518t)
  OK  d_m_costume_mummy_02.mod (134v 168t)
  OK  d_m_costume_npc01_boots.mod (128v 174t)
  OK  d_m_costume_mummy_03.mod (401v 422t)
  OK  d_m_costume_mummy_04.mod (112v 142t)
  OK  d_m_costume_npc01_body.mod (513v 511t)
  OK  d_m_costume_npc01_glove.mod (286v 271t)
  OK  d_m_costume_npc01_hair.mod (322v 360t)
  OK  d_m_costume_npc02_glove.mod (138v 192t)
  OK  d_m_costume_npc02_boots.mod (134v 182t)
  OK  d_m_costume_npc02_hair.mod (249v 226t)
  OK  d_m_costume_npc02_body.mod (582v 661t)
  OK  d_m_costume_officer_boot.mod (112v 142t)
  OK  d_m_costume_octopus_hair.mod (380v 486t)
  OK  d_m_costume_officer_glove.mod (270v 268t)
  OK  d_m_costume_officer_body.mod (717v 99t)
  OK  d_m_costume_opera_boots.mod (214v 217t)
  OK  d_m_costume_opera_glove.mod (282v 231t)
  OK  d_m_costume_opera_mask.mod (56v 76t)
  OK  d_m_costume_opera_body.mod (574v 513t)
  OK  d_m_costume_pajamas_boots.mod (268v 161t)
  OK  d_m_costume_pajamas_body.mod (569v 546t)
  OK  d_m_costume_pajamas_glove.mod (388v 315t)
  OK  d_m_costume_pajamas_hair.mod (388v 377t)
  OK  d_m_costume_panda_body.mod (621v 576t)
  OK  d_m_costume_panda_boots.mod (140v 184t)
  OK  d_m_costume_panda_boot.mod (140v 184t)
  OK  d_m_costume_panda_glove.mod (162v 204t)
  OK  d_m_costume_panda_hair.mod (170v 230t)
  OK  d_m_costume_pants01_boots.mod (116v 150t)
  OK  d_m_costume_pants01_hair.mod (136v 168t)
  OK  d_m_costume_pants01_body.mod (372v 520t)
  OK  d_m_costume_pants02_boots.mod (176v 206t)
  OK  d_m_costume_pants01_glove.mod (268v 231t)
  OK  d_m_costume_pants02_glove.mod (266v 243t)
  OK  d_m_costume_pants02_body.mod (510v 681t)
  OK  d_m_costume_pants02_hair.mod (199v 42t)
  OK  d_m_costume_pants03_boots.mod (122v 150t)
  OK  d_m_costume_paperbag_hair.mod (104v 27t)
  OK  d_m_costume_pants03_glove.mod (266v 231t)
  OK  d_m_costume_pants03_body.mod (570v 538t)
  OK  d_m_costume_pants03_hair.mod (400v 422t)
  OK  d_m_costume_pirate_boot.mod (198v 260t)
  OK  d_m_costume_pirate_boots.mod (198v 260t)
  OK  d_m_costume_pirate_mask.mod (26v 15t)
  OK  d_m_costume_pirate_body.mod (587v 646t)
  OK  d_m_costume_pirate_hair.mod (237v 228t)
  OK  d_m_costume_pirate_glove.mod (314v 289t)
  OK  d_m_costume_priest_boots.mod (148v 188t)
  OK  d_m_costume_priest_boots_black.mod (148v 188t)
  OK  d_m_costume_priest_body.mod (667v 7t)
  OK  d_m_costume_priest_body_black.mod (667v 7t)
  OK  d_m_costume_priest_glove.mod (369v 300t)
  OK  d_m_costume_priest_glove_black.mod (369v 300t)
  OK  d_m_costume_priest_hair.mod (306v 245t)
  OK  d_m_costume_priest_hair_black.mod (306v 245t)
  OK  d_m_costume_prince_glove.mod (268v 18t)
  OK  d_m_costume_prince_boots.mod (236v 314t)
  OK  d_m_costume_prince_hair.mod (288v 233t)
  OK  d_m_costume_prince_body.mod (624v 461t)
  OK  d_m_costume_rabbit_boots.mod (144v 204t)
  OK  d_m_costume_rabbit_glove.mod (136v 160t)
  OK  d_m_costume_puffer_hair.mod (349v 456t)
  OK  d_m_costume_rabbit_hair.mod (189v 246t)
  OK  d_m_costume_rabbit_body.mod (560v 601t)
  OK  d_m_costume_rain_boots.mod (174v 196t)
  OK  d_m_costume_rain_body.mod (594v 181t)
  OK  d_m_costume_rain_glove.mod (302v 216t)
  OK  d_m_costume_rider_boots.mod (160v 198t)
  OK  d_m_costume_rain_hair.mod (431v 14t)
  OK  d_m_costume_rider_body.mod (714v 18t)
  OK  d_m_costume_rider_glove.mod (254v 240t)
  OK  d_m_costume_rider_hair.mod (164v 200t)
  OK  d_m_costume_rudolf_boots.mod (160v 204t)
  OK  d_m_costume_rudolf_glove.mod (234v 245t)
  OK  d_m_costume_rudolf_hair.mod (352v 139t)
  OK  d_m_costume_rudolf_body.mod (538v 543t)
  OK  d_m_costume_samurai_boots.mod (166v 214t)
  OK  d_m_costume_samurai_glove.mod (238v 240t)
  OK  d_m_costume_santa_boot.mod (148v 173t)
  OK  d_m_costume_santa_body.mod (527v 21t)
  OK  d_m_costume_santa_boots.mod (148v 173t)
  OK  d_m_costume_samurai_body.mod (693v 735t)
  OK  d_m_costume_santa_glove.mod (174v 232t)
  OK  d_m_costume_santa_hair.mod (330v 105t)
  OK  d_m_costume_schooluniform_boots.mod (120v 150t)
  OK  d_m_costume_schooluniform_boot.mod (120v 150t)
  OK  d_m_costume_sexy_boots.mod (170v 238t)
  OK  d_m_costume_schooluniform_glove.mod (272v 280t)
  OK  d_m_costume_schooluniform_body.mod (593v 343t)
  OK  d_m_costume_sexy_body.mod (586v 792t)
  OK  d_m_costume_sexy_hair.mod (263v 295t)
  OK  d_m_costume_sexy_glove.mod (318v 304t)
  OK  d_m_costume_sf_boots.mod (106v 122t)
  OK  d_m_costume_sf_body.mod (572v 825t)
  OK  d_m_costume_sf_glove.mod (426v 311t)
  OK  d_m_costume_sf_hair.mod (286v 206t)
  OK  d_m_costume_shaman_glove.mod (238v 240t)
  OK  d_m_costume_shark_hair.mod (219v 222t)
  OK  d_m_costume_sheep_boots.mod (314v 334t)
  OK  d_m_costume_sheep_hair.mod (442v 13t)
  OK  d_m_costume_sheep_glove.mod (344v 303t)
  OK  d_m_costume_sheep_body.mod (549v 716t)
  OK  d_m_costume_snake_boots.mod (80v 142t)
  OK  d_m_costume_snake_glove.mod (308v 283t)
  OK  d_m_costume_snake_hair.mod (203v 213t)
  OK  d_m_costume_snake_body.mod (586v 580t)
  OK  d_m_costume_soccer_boots.mod (106v 152t)
  OK  d_m_costume_soccer_glove.mod (136v 180t)
  OK  d_m_costume_soccer_body.mod (572v 710t)
  OK  d_m_costume_soccer_hair.mod (201v 245t)
  OK  d_m_costume_suncap01.mod (226v 253t)
  OK  d_m_costume_superman_boots.mod (202v 272t)
  OK  d_m_costume_superman_glove.mod (238v 240t)
  OK  d_m_costume_superman_body.mod (426v 664t)
  OK  d_m_costume_superman_hair.mod (193v 273t)
  OK  d_m_costume_sv_boots.mod (234v 163t)
  OK  d_m_costume_sv_glove.mod (334v 52t)
  OK  d_m_costume_sv_hair.mod (178v 206t)
  OK  d_m_costume_sv_body.mod (573v 535t)
  OK  d_m_costume_swimcap01.mod (196v 240t)
  OK  d_m_costume_tc_boots.mod (164v 192t)
  OK  d_m_costume_tc_hair.mod (224v 8t)
  OK  d_m_costume_tc_glove.mod (238v 240t)
  OK  d_m_costume_tc_body.mod (716v 623t)
  OK  d_m_costume_thailand_boots.mod (138v 172t)
  OK  d_m_costume_thailand_glove.mod (266v 231t)
  OK  d_m_costume_thailand_body.mod (480v 426t)
  OK  d_m_costume_thief01_boots.mod (154v 220t)
  OK  d_m_costume_thief01_hair.mod (138v 190t)
  OK  d_m_costume_thief01_glove.mod (318v 324t)
  OK  d_m_costume_thief01_body.mod (488v 664t)
  OK  d_m_costume_thief02_boots.mod (188v 218t)
  OK  d_m_costume_thief02_body.mod (418v 477t)
  OK  d_m_costume_thief02_glove.mod (394v 404t)
  OK  d_m_costume_thief02_hair.mod (294v 253t)
  OK  d_m_costume_thief03_boots.mod (184v 220t)
  OK  d_m_costume_thief03_glove.mod (188v 228t)
  OK  d_m_costume_thief03_body.mod (568v 597t)
  OK  d_m_costume_thief03_hair.mod (382v 321t)
  OK  d_m_costume_thief04_boots.mod (198v 234t)
  OK  d_m_costume_thief04_glove.mod (200v 228t)
  OK  d_m_costume_thief04_body.mod (556v 708t)
  OK  d_m_costume_thief04_hair.mod (212v 172t)
  OK  d_m_costume_tights_boots.mod (116v 150t)
  OK  d_m_costume_tightsblack_hair.mod (128v 180t)
  OK  d_m_costume_tightsblack_glove.mod (238v 240t)
  OK  d_m_costume_tightsblack_body.mod (414v 479t)
  OK  d_m_costume_tightsblue_hair.mod (128v 180t)
  OK  d_m_costume_tightsblue_glove.mod (238v 240t)
  OK  d_m_costume_tightsblue_body.mod (414v 479t)
  OK  d_m_costume_tightsgreen_hair.mod (128v 180t)
  OK  d_m_costume_tightsgreen_glove.mod (238v 240t)
  OK  d_m_costume_tightsgreen_body.mod (414v 479t)
  OK  d_m_costume_tightspink_body.mod (414v 479t)
  OK  d_m_costume_tightspink_glove.mod (238v 240t)
  OK  d_m_costume_tightspink_hair.mod (128v 180t)
  OK  d_m_costume_tightsred_body.mod (414v 479t)
  OK  d_m_costume_tightsred_hair.mod (128v 180t)
  OK  d_m_costume_tightsred_glove.mod (238v 240t)
  OK  d_m_costume_tightsyellow_hair.mod (128v 180t)
  OK  d_m_costume_tightsyellow_glove.mod (238v 240t)
  OK  d_m_costume_tightsyellow_body.mod (414v 479t)
  OK  d_m_costume_trump_glove.mod (264v 166t)
  OK  d_m_costume_trump_boots.mod (250v 292t)
  OK  d_m_costume_wig02_hair.mod (263v 305t)
  OK  d_m_costume_wig01_hair.mod (365v 267t)
  OK  d_m_costume_trump_body.mod (620v 854t)
  OK  d_m_costume_trump_hair.mod (526v 493t)
  OK  d_m_costume_wig04_hair.mod (158v 243t)
  OK  d_m_costume_wig03_hair.mod (284v 330t)
  OK  d_m_costume_wig05_hair.mod (312v 287t)
  OK  d_m_costume_wig06_hair.mod (305v 237t)
  OK  d_m_costume_wig07_hair.mod (274v 332t)
  OK  d_m_costume_wig08_hair.mod (222v 236t)
  OK  d_m_costume_wizard_boots.mod (198v 260t)
  OK  d_m_costume_wizard_body.mod (662v 33t)
  OK  d_m_costume_wizard_glove.mod (294v 288t)
  OK  d_m_costume_wizard_hair.mod (383v 403t)
  OK  d_m_costume_wolf_body.mod (551v 454t)
  OK  d_m_costume_wolf_boots.mod (340v 448t)
  OK  d_m_costume_wolf_hair.mod (596v 66t)
  OK  d_m_costume_wolf_glove.mod (426v 516t)
  OK  d_m_costume_yoroi_boots.mod (410v 375t)
  OK  d_m_costume_yoroi_glove.mod (238v 240t)
  OK  d_m_face.mod (126v 176t)
  OK  d_m_face000.mod (126v 176t)
  OK  d_m_costume_yoroi_hair.mod (446v 532t)
  OK  d_m_foot.mod (98v 114t)
  OK  d_m_foot000.mod (98v 114t)
  OK  d_m_hair000.mod (342v 283t)
  OK  d_m_hair001.mod (382v 323t)
  OK  d_m_hair002.mod (357v 348t)
  OK  d_m_hair003.mod (208v 282t)
  OK  d_m_hair004.mod (428v 93t)
  OK  d_m_hair005.mod (277v 247t)
  OK  d_m_costume_yoroi_body.mod (2040v 2243t)
  OK  d_m_hair006.mod (339v 267t)
  OK  d_m_hair008.mod (342v 382t)
  OK  d_m_hair007.mod (373v 357t)
  OK  d_m_hair009.mod (406v 296t)
  OK  d_m_hair010.mod (244v 259t)
  OK  d_m_hair011.mod (317v 311t)
  OK  d_m_hair012.mod (336v 397t)
  OK  d_m_hair014.mod (278v 256t)
  OK  d_m_hand.mod (238v 240t)
  OK  d_m_hair013.mod (520v 538t)
  OK  d_m_head_cn_apple.mod (96v 160t)
  OK  d_m_hand000.mod (238v 240t)
  OK  d_m_head_cn_rabbit.mod (133v 109t)
  OK  d_m_head_cn_star.mod (106v 114t)
  OK  d_w.mod (122v 176t)
  OK  d_w_celebrite_boots.mod (210v 214t)
  OK  d_w_body.mod (334v 514t)
  OK  d_w_body000.mod (334v 514t)
  OK  d_w_celebrite_body.mod (698v 808t)
  OK  d_w_chstume_chef_boots.mod (114v 138t)
  OK  d_w_chstume_chef_body.mod (653v 296t)
  OK  d_w_celebrite_glove.mod (594v 556t)
  OK  d_w_celebrite_hair.mod (872v 967t)
  OK  d_w_chstume_chef_glove.mod (205v 120t)
  OK  d_w_clothboots001.mod (214v 280t)
  OK  d_w_chstume_chef_hair.mod (356v 361t)
  OK  d_w_clothboots003.mod (246v 231t)
  OK  d_w_clothboots002.mod (346v 249t)
  OK  d_w_clothboots005.mod (98v 114t)
  OK  d_w_clothboots004.mod (244v 186t)
  OK  d_w_clothboots007.mod (120v 170t)
  OK  d_w_clothboots006.mod (164v 216t)
  OK  d_w_clothboots009.mod (106v 142t)
  OK  d_w_clothboots008.mod (98v 114t)
  OK  d_w_clothboots012.mod (138v 150t)
  OK  d_w_clothboots010.mod (158v 174t)
  OK  d_w_clothboots011.mod (156v 201t)
  OK  d_w_clothboots013.mod (142v 158t)
  OK  d_w_clothglove002.mod (434v 456t)
  OK  d_w_clothglove003.mod (412v 333t)
  OK  d_w_clothglove004.mod (307v 337t)
  OK  d_w_clothglove001.mod (334v 384t)
  OK  d_w_clothglove007.mod (238v 240t)
  OK  d_w_clothglove008.mod (236v 207t)
  OK  d_w_clothglove005.mod (238v 240t)
  OK  d_w_clothglove006.mod (542v 463t)
  OK  d_w_clothglove009.mod (238v 240t)
  OK  d_w_clothglove010.mod (202v 216t)
  OK  d_w_clothglove011.mod (334v 364t)
  OK  d_w_clothglove012.mod (238v 240t)
  OK  d_w_clothglove013.mod (212v 240t)
  OK  d_w_clothrobe002.mod (804v 19t)
  OK  d_w_clothrobe004.mod (517v 463t)
  OK  d_w_clothrobe001.mod (926v 1005t)
  OK  d_w_clothrobe003.mod (700v 205t)
  OK  d_w_clothrobe006.mod (508v 368t)
  OK  d_w_clothrobe007.mod (736v 292t)
  OK  d_w_clothrobe005.mod (640v 756t)
  OK  d_w_clothrobe008.mod (1075v 847t)
  OK  d_w_clothrobe009.mod (674v 811t)
  OK  d_w_clothrobe010.mod (898v 1118t)
  OK  d_w_clothrobe011.mod (722v 980t)
  OK  d_w_clothrobe013.mod (699v 660t)
  OK  d_w_clothrobe012.mod (1027v 1284t)
  OK  d_w_costume_angel_boots.mod (270v 205t)
  OK  d_w_clothrobe016.mod (484v 589t)
  OK  d_w_costume_angel_glove.mod (306v 231t)
  OK  d_w_costume_angel_hair.mod (416v 96t)
  OK  d_w_costume_angel_body.mod (722v 657t)
  OK  d_w_costume_arabian_boots.mod (188v 179t)
  OK  d_w_costume_arabian_glove.mod (258v 256t)
  OK  d_w_costume_arabian_body.mod (687v 581t)
  OK  d_w_costume_bani_boots.mod (94v 170t)
  OK  d_w_costume_arabian_hair.mod (739v 809t)
  OK  d_w_costume_bani_body.mod (420v 477t)
  OK  d_w_costume_bani_body_w.mod (420v 477t)
  OK  d_w_costume_bani_boots_w.mod (94v 170t)
  OK  d_w_costume_bani_glove_w.mod (294v 281t)
  OK  d_w_costume_bani_glove.mod (294v 281t)
  OK  d_w_costume_bikini01_boot.mod (166v 198t)
  OK  d_w_costume_bikini01_boots.mod (166v 198t)
  OK  d_w_costume_bikini01_glove.mod (269v 235t)
  OK  d_w_costume_bikini01_body.mod (510v 465t)
  OK  d_w_costume_bikini01_hair.mod (428v 372t)
  OK  d_w_costume_bikini02_body.mod (636v 776t)
  OK  d_w_costume_bikini02_glove.mod (442v 379t)
  OK  d_w_costume_bikini02_boot.mod (418v 355t)
  OK  d_w_costume_bikini02_hair.mod (475v 249t)
  OK  d_w_costume_bikini03_boots.mod (216v 187t)
  OK  d_w_costume_bikini03_glove.mod (263v 176t)
  OK  d_w_costume_bikini03_hair.mod (348v 239t)
  OK  d_w_costume_cardcaptor_boot.mod (194v 181t)
  OK  d_w_costume_bikini03_body.mod (658v 742t)
  OK  d_w_costume_cardcaptor_glove.mod (320v 312t)
  OK  d_w_costume_cat1_boot.mod (162v 212t)
  OK  d_w_costume_cardcaptor_hair.mod (390v 311t)
  OK  d_w_costume_cat1_glove.mod (164v 208t)
  OK  d_w_costume_cat1_body.mod (494v 539t)
  OK  d_w_costume_cardcaptor_body.mod (744v 753t)
  OK  d_w_costume_cat2_boot.mod (162v 212t)
  OK  d_w_costume_cat2_glove.mod (164v 208t)
  OK  d_w_costume_cat1_hair.mod (284v 424t)
  OK  d_w_costume_cat3_boot.mod (162v 212t)
  OK  d_w_costume_cat2_hair.mod (284v 424t)
  OK  d_w_costume_cat2_body.mod (460v 642t)
  OK  d_w_costume_cat3_body.mod (460v 642t)
  OK  d_w_costume_cat3_glove.mod (164v 208t)
  OK  d_w_costume_cat3_hair.mod (284v 424t)
  OK  d_w_costume_cat4_boots.mod (162v 212t)
  OK  d_w_costume_cat4_glove.mod (166v 208t)
  OK  d_w_costume_cat4_hair.mod (210v 316t)
  OK  d_w_costume_cat4_body.mod (556v 557t)
  OK  d_w_costume_catwoman_body.mod (473v 13t)
  OK  d_w_costume_catwoman_boots.mod (130v 166t)
  OK  d_w_costume_catwoman_hair.mod (350v 322t)
  OK  d_w_costume_catwoman_glove.mod (384v 404t)
  OK  d_w_costume_celebrity_body.mod (511v 37t)
  OK  d_w_costume_celebrity_boots.mod (212v 230t)
  OK  d_w_costume_celebrity_glove.mod (350v 20t)
  OK  d_w_costume_chic_b_boots.mod (194v 208t)
  OK  d_w_costume_celebrity_hair.mod (457v 8t)
  OK  d_w_costume_chic_b_glove.mod (268v 276t)
  OK  d_w_costume_chic_b_hair.mod (280v 51t)
  OK  d_w_costume_chic_b_body.mod (580v 335t)
  OK  d_w_costume_chic_g_boots.mod (194v 208t)
  OK  d_w_costume_chic_g_body.mod (580v 335t)
  OK  d_w_costume_chic_g_hair.mod (280v 51t)
  OK  d_w_costume_chic_g_glove.mod (268v 276t)
  OK  d_w_costume_chic_p_boots.mod (194v 208t)
  OK  d_w_costume_chic_p_body.mod (580v 335t)
  OK  d_w_costume_chic_p_hair.mod (280v 51t)
  OK  d_w_costume_chic_p_glove.mod (268v 276t)
  OK  d_w_costume_chic_suit_boots.mod (194v 208t)
  OK  d_w_costume_chic_suit_hair.mod (230v 189t)
  OK  d_w_costume_chic_suit_glove.mod (268v 276t)
  OK  d_w_costume_chic_suit_body.mod (537v 275t)
  OK  d_w_costume_chic_w_hair.mod (280v 51t)
  OK  d_w_costume_chic_w_boots.mod (194v 208t)
  OK  d_w_costume_chic_w_glove.mod (268v 276t)
  OK  d_w_costume_chic_w_body.mod (580v 335t)
  OK  d_w_costume_chick_boot.mod (194v 208t)
  OK  d_w_costume_chick_glove.mod (268v 276t)
  OK  d_w_costume_chick_body.mod (580v 335t)
  OK  d_w_costume_chick_hair.mod (280v 51t)
  OK  d_w_costume_china_boots.mod (206v 240t)
  OK  d_w_costume_china_boots_b.mod (206v 240t)
  OK  d_w_costume_china_body.mod (758v 717t)
  OK  d_w_costume_china_body_b.mod (758v 717t)
  OK  d_w_costume_china_glove.mod (238v 240t)
  OK  d_w_costume_china_glove_b.mod (238v 240t)
  OK  d_w_costume_china_hair.mod (404v 385t)
  OK  d_w_costume_china_hair_b.mod (404v 385t)
  OK  d_w_costume_claw_glove.mod (130v 208t)
  OK  d_w_costume_cow_gloves.mod (130v 156t)
  OK  d_w_costume_cow_boot.mod (166v 196t)
  OK  d_w_costume_cow_hair.mod (411v 21t)
  OK  d_w_costume_cow_body.mod (495v 583t)
  OK  d_w_costume_cowboy_boots.mod (240v 264t)
  OK  d_w_costume_cowboy_hair.mod (412v 302t)
  OK  d_w_costume_cowboy_glove.mod (288v 265t)
  OK  d_w_costume_cowboy_body.mod (981v 1112t)
  OK  d_w_costume_devil02_boots.mod (264v 300t)
  OK  d_w_costume_devil02_glove.mod (278v 255t)
  OK  d_w_costume_devil02_hair.mod (538v 253t)
  OK  d_w_costume_devil02_body.mod (1179v 1417t)
  OK  d_w_costume_devil_boots.mod (172v 260t)
  OK  d_w_costume_devil_hair.mod (276v 39t)
  OK  d_w_costume_devil_glove.mod (260v 225t)
  OK  d_w_costume_divingsuit_boots.mod (156v 166t)
  OK  d_w_costume_devil_body.mod (669v 553t)
  OK  d_w_costume_dracula_boots.mod (128v 158t)
  OK  d_w_costume_dracula_headband.mod (72v 94t)
  OK  d_w_costume_dracula_glove.mod (285v 260t)
  OK  d_w_costume_dracula_body.mod (818v 527t)
  OK  d_w_costume_dress_boot.mod (140v 182t)
  OK  d_w_costume_dress_body.mod (816v 694t)
  OK  d_w_costume_dress_body_b.mod (816v 694t)
  OK  d_w_costume_dress_boots_b.mod (140v 182t)
  OK  d_w_costume_dress_boots_r.mod (140v 182t)
  OK  d_w_costume_dress_body_r.mod (816v 694t)
  OK  d_w_costume_dress_glove.mod (374v 356t)
  OK  d_w_costume_dress_glove_r.mod (374v 356t)
  OK  d_w_costume_dress_glove_b.mod (374v 356t)
  OK  d_w_costume_dress_hair.mod (453v 456t)
  OK  d_w_costume_fireman_boots.mod (194v 260t)
  OK  d_w_costume_dress_hair_b.mod (453v 456t)
  OK  d_w_costume_dress_hair_r.mod (453v 456t)
  OK  d_w_costume_fireman_body.mod (588v 506t)
  OK  d_w_costume_fireman_glove.mod (270v 164t)
  OK  d_w_costume_fireman_hair.mod (291v 310t)
  OK  d_w_costume_fishinghat_hair.mod (207v 213t)
  OK  d_w_costume_fishinghat_hair02.mod (196v 158t)
  OK  d_w_costume_fishing_boots.mod (180v 185t)
  OK  d_w_costume_fishing_glove.mod (284v 324t)
  OK  d_w_costume_fruit01.mod (183v 7t)
  OK  d_w_costume_fruit02.mod (197v 241t)
  OK  d_w_costume_frog_hair.mod (392v 303t)
  OK  d_w_costume_gothloli_boots.mod (212v 246t)
  OK  d_w_costume_gothloli_cap.mod (284v 251t)
  OK  d_w_costume_gothloli_glove.mod (238v 240t)
  OK  d_w_costume_gothloli_body.mod (856v 767t)
  OK  d_w_costume_halloween_01.mod (294v 300t)
  OK  d_w_costume_halloween_02.mod (302v 378t)
  OK  d_w_costume_hero_boots.mod (166v 146t)
  OK  d_w_costume_halloween_03.mod (270v 400t)
  OK  d_w_costume_hero_glove.mod (292v 253t)
  OK  d_w_costume_hero_body.mod (504v 524t)
  OK  d_w_costume_hero_hair.mod (242v 338t)
  OK  d_w_costume_hiphop_body01.mod (665v 107t)
  OK  d_w_costume_hiphop_boots01.mod (138v 172t)
  OK  d_w_costume_hiphop_body04.mod (684v 321t)
  OK  d_w_costume_hiphop_body02.mod (690v 511t)
  OK  d_w_costume_hiphop_body03.mod (690v 511t)
  OK  d_w_costume_hiphop_boots02.mod (138v 172t)
  OK  d_w_costume_hiphop_boots03.mod (138v 172t)
  OK  d_w_costume_hiphop_boots04.mod (138v 172t)
  OK  d_w_costume_hiphop_glove01.mod (266v 249t)
  OK  d_w_costume_hiphop_glove02.mod (293v 275t)
  OK  d_w_costume_hiphop_glove03.mod (293v 275t)
  OK  d_w_costume_hiphop_glove04.mod (266v 249t)
  OK  d_w_costume_hiphop_hair01.mod (169v 122t)
  OK  d_w_costume_hiphop_hair02.mod (265v 239t)
  OK  d_w_costume_hiphop_hair04.mod (169v 122t)
  OK  d_w_costume_hiphop_hair03.mod (265v 239t)
  OK  d_w_costume_honeybee_boots.mod (202v 264t)
  OK  d_w_costume_honeybee_body.mod (476v 652t)
  OK  d_w_costume_honeybee_hair.mod (190v 290t)
  OK  d_w_costume_honeybee_glove.mod (322v 327t)
  OK  d_w_costume_indian_boots.mod (114v 138t)
  OK  d_w_costume_indian_glove.mod (252v 12t)
  OK  d_w_costume_innerboot.mod (112v 142t)
  OK  d_w_costume_indian_body.mod (515v 648t)
  OK  d_w_costume_indian_hair.mod (494v 632t)
  OK  d_w_costume_kimono_boots.mod (182v 210t)
  OK  d_w_costume_kimono_hair.mod (409v 155t)
  OK  d_w_costume_kimono_glove.mod (478v 523t)
  OK  d_w_costume_kindergarten_boots.mod (202v 236t)
  OK  d_w_costume_kimono_body.mod (1351v 942t)
  OK  d_w_costume_kindergarten_glove.mod (415v 417t)
  OK  d_w_costume_kindergarten_body.mod (629v 205t)
  OK  d_w_costume_kindergarten_hair.mod (434v 495t)
  OK  d_w_costume_korclothes_boot.mod (126v 166t)
  OK  d_w_costume_korclothes_glove.mod (238v 240t)
  OK  d_w_costume_korclothes_body.mod (837v 703t)
  OK  d_w_costume_koreanclothes_01_boot.mod (114v 142t)
  OK  d_w_costume_korclothes_hair.mod (507v 168t)
  OK  d_w_costume_koreanclothes_01_body.mod (594v 13t)
  OK  d_w_costume_koreanclothes_01_glove.mod (310v 229t)
  OK  d_w_costume_koreanclothes_01_hair.mod (313v 77t)
  OK  d_w_costume_koreanwedding_boots.mod (168v 228t)
  OK  d_w_costume_koreanwedding_glove.mod (314v 65t)
  OK  d_w_costume_koreanwedding_body.mod (1106v 13t)
  OK  d_w_costume_lf_006_hair.mod (92v 118t)
  OK  d_w_costume_lf_006_body.mod (616v 297t)
  OK  d_w_costume_lf_007.mod (411v 463t)
  OK  d_w_costume_koreanwedding_hair.mod (837v 636t)
  OK  d_w_costume_magiccard_boots.mod (252v 278t)
  OK  d_w_costume_magiccard_glove.mod (244v 240t)
  OK  d_w_costume_magiccard_body.mod (798v 711t)
  OK  d_w_costume_magiccard_hair.mod (377v 351t)
  OK  d_w_costume_magicknight_boots.mod (218v 256t)
  OK  d_w_costume_magicknight_glove.mod (374v 267t)
  OK  d_w_costume_maid_boots.mod (128v 158t)
  OK  d_w_costume_magicknight_body.mod (1243v 209t)
  OK  d_w_costume_magicknight_hair.mod (717v 844t)
  OK  d_w_costume_maid_glove.mod (280v 189t)
  OK  d_w_costume_maid_hair.mod (212v 85t)
  OK  d_w_costume_monster01_boot.mod (120v 89t)
  OK  d_w_costume_monster01_boots.mod (120v 89t)
  OK  d_w_costume_maid_body.mod (756v 679t)
  OK  d_w_costume_monster01_glove.mod (210v 221t)
  OK  d_w_costume_monster01_body.mod (606v 549t)
  OK  d_w_costume_monster01_hair.mod (248v 112t)
  OK  d_w_costume_monster02_boot.mod (148v 192t)
  OK  d_w_costume_monster02_boots.mod (148v 192t)
  OK  d_w_costume_monster02_body.mod (516v 494t)
  OK  d_w_costume_monster02_glove.mod (158v 208t)
  OK  d_w_costume_mummy_02.mod (134v 168t)
  OK  d_w_costume_mummy_01.mod (141v 180t)
  OK  d_w_costume_monster02_hair.mod (238v 288t)
  OK  d_w_costume_mummy_04.mod (106v 130t)
  OK  d_w_costume_mummy_03.mod (433v 430t)
  OK  d_w_costume_npc01_boots.mod (104v 134t)
  OK  d_w_costume_npc01_body.mod (572v 615t)
  OK  d_w_costume_npc01_glove.mod (340v 333t)
  OK  d_w_costume_npc01_hair.mod (300v 375t)
  OK  d_w_costume_npc02_boots.mod (190v 292t)
  OK  d_w_costume_npc02_hair.mod (310v 38t)
  OK  d_w_costume_npc02_glove.mod (238v 240t)
  OK  d_w_costume_npc02_body.mod (751v 812t)
  OK  d_w_costume_nurse_boots.mod (114v 138t)
  OK  d_w_costume_nurse_glove.mod (268v 231t)
  OK  d_w_costume_nurse_hair.mod (365v 30t)
  OK  d_w_costume_nurse_body.mod (862v 236t)
  OK  d_w_costume_octopus_hair.mod (380v 486t)
  OK  d_w_costume_officer_boot.mod (112v 142t)
  OK  d_w_costume_officer_glove.mod (270v 268t)
  OK  d_w_costume_onepiece01_boots.mod (186v 198t)
  OK  d_w_costume_onepiece01_glove.mod (354v 263t)
  OK  d_w_costume_onepiece01_body.mod (548v 668t)
  OK  d_w_costume_officer_body.mod (788v 695t)
  OK  d_w_costume_onepiece02_boots.mod (186v 198t)
  OK  d_w_costume_onepiece01_hair.mod (289v 225t)
  OK  d_w_costume_onepiece02_glove.mod (319v 295t)
  OK  d_w_costume_onepiece02_body.mod (518v 612t)
  OK  d_w_costume_onepiece02_hair.mod (338v 306t)
  OK  d_w_costume_opera_mask.mod (56v 76t)
  OK  d_w_costume_opera_glove.mod (274v 231t)
  OK  d_w_costume_opera_body.mod (592v 599t)
  OK  d_w_costume_opera_boots.mod (214v 215t)
  OK  d_w_costume_pajamas_boots.mod (268v 161t)
  OK  d_w_costume_pajamas_body.mod (654v 831t)
  OK  d_w_costume_pajamas_glove.mod (388v 371t)
  OK  d_w_costume_pajamas_hair.mod (501v 8t)
  OK  d_w_costume_panda_boot.mod (140v 184t)
  OK  d_w_costume_panda_boots.mod (140v 184t)
  OK  d_w_costume_panda_glove.mod (162v 204t)
  OK  d_w_costume_paperbag_hair.mod (104v 27t)
  OK  d_w_costume_panda_hair.mod (170v 230t)
  OK  d_w_costume_pirate_boot.mod (198v 260t)
  OK  d_w_costume_pirate_boots.mod (198v 260t)
  OK  d_w_costume_panda_body.mod (814v 892t)
  OK  d_w_costume_pirate_body.mod (573v 375t)
  OK  d_w_costume_pirate_mask.mod (26v 15t)
  OK  d_w_costume_pirate_glove.mod (314v 220t)
  OK  d_w_costume_pirate_hair.mod (295v 128t)
  OK  d_w_costume_priest_boots.mod (192v 248t)
  OK  d_w_costume_priest_boots_black.mod (192v 248t)
  OK  d_w_costume_priest_body.mod (806v 792t)
  OK  d_w_costume_priest_body_black.mod (806v 792t)
  OK  d_w_costume_priest_glove_black.mod (238v 240t)
  OK  d_w_costume_priest_glove.mod (238v 240t)
  OK  d_w_costume_priest_hair.mod (280v 328t)
  OK  d_w_costume_priest_hair_black.mod (280v 328t)
  OK  d_w_costume_prince_glove.mod (268v 258t)
  OK  d_w_costume_prince_boots.mod (782v 259t)
  OK  d_w_costume_prince_hair.mod (450v 332t)
  OK  d_w_costume_prince_body.mod (736v 1022t)
  OK  d_w_costume_princess_glove.mod (268v 258t)
  OK  d_w_costume_princess_boots.mod (782v 259t)
  OK  d_w_costume_princess_hair.mod (450v 332t)
  OK  d_w_costume_princess_body.mod (736v 1022t)
  OK  d_w_costume_rabbit_boots.mod (144v 204t)
  OK  d_w_costume_puffer_hair.mod (349v 456t)
  OK  d_w_costume_rabbit_glove.mod (136v 160t)
  OK  d_w_costume_rabbit_hair.mod (189v 246t)
  OK  d_w_costume_rabbit_body.mod (560v 706t)
  OK  d_w_costume_rain_boots.mod (174v 196t)
  OK  d_w_costume_rain_glove.mod (302v 38t)
  OK  d_w_costume_rain_hair.mod (481v 6t)
  OK  d_w_costume_rain_body.mod (602v 454t)
  OK  d_w_costume_rider_boots.mod (160v 212t)
  OK  d_w_costume_rider_body.mod (577v 513t)
  OK  d_w_costume_rider_glove.mod (238v 240t)
  OK  d_w_costume_rider_hair.mod (548v 63t)
  OK  d_w_costume_rudolf_boots.mod (160v 204t)
  OK  d_w_costume_rudolf_body.mod (538v 609t)
  OK  d_w_costume_rudolf_glove.mod (234v 245t)
  OK  d_w_costume_rudolf_hair.mod (352v 139t)
  OK  d_w_costume_samurai_glove.mod (238v 240t)
  OK  d_w_costume_samurai_boots.mod (166v 214t)
  OK  d_w_costume_samurai_body.mod (810v 614t)
  OK  d_w_costume_santa_boot.mod (148v 173t)
  OK  d_w_costume_santa_boots.mod (148v 173t)
  OK  d_w_costume_santa_body.mod (532v 739t)
  OK  d_w_costume_santa_glove.mod (174v 232t)
  OK  d_w_costume_schooluniform_boot.mod (114v 138t)
  OK  d_w_costume_santa_hair.mod (247v 105t)
  OK  d_w_costume_schooluniform_boots.mod (114v 138t)
  OK  d_w_costume_schooluniform_glove.mod (272v 178t)
  OK  d_w_costume_schooluniform_body.mod (585v 598t)
  OK  d_w_costume_sexy_glove.mod (238v 240t)
  OK  d_w_costume_sexy_boots.mod (230v 282t)
  OK  d_w_costume_sexy_body.mod (632v 882t)
  OK  d_w_costume_sexy_hair.mod (362v 540t)
  OK  d_w_costume_sf_boots.mod (192v 219t)
  OK  d_w_costume_sf_glove.mod (354v 331t)
  OK  d_w_costume_shaman_boots.mod (166v 214t)
  OK  d_w_costume_sf_body.mod (598v 790t)
  OK  d_w_costume_sf_hair.mod (346v 408t)
  OK  d_w_costume_shark_hair.mod (219v 222t)
  OK  d_w_costume_shaman_body.mod (810v 614t)
  OK  d_w_costume_shaman_glove.mod (238v 240t)
  OK  d_w_costume_sheep_body.mod (596v 11t)
  OK  d_w_costume_sheep_boots.mod (314v 334t)
  OK  d_w_costume_sheep_hair.mod (509v 12t)
  OK  d_w_costume_sheep_glove.mod (344v 303t)
  OK  d_w_costume_snake_boots.mod (94v 170t)
  OK  d_w_costume_snake_body.mod (538v 596t)
  OK  d_w_costume_snake_hair.mod (256v 236t)
  OK  d_w_costume_soccer_boots.mod (106v 152t)
  OK  d_w_costume_snake_glove.mod (322v 303t)
  OK  d_w_costume_soccer_glove.mod (136v 180t)
  OK  d_w_costume_soccer_hair.mod (201v 46t)
  OK  d_w_costume_soccer_body.mod (593v 610t)
  OK  d_w_costume_suncap01.mod (322v 363t)
  OK  d_w_costume_sv_boots.mod (310v 356t)
  OK  d_w_costume_sv_glove.mod (274v 235t)
  OK  d_w_costume_sv_body.mod (775v 950t)
  OK  d_w_costume_sv_hair.mod (426v 395t)
  OK  d_w_costume_swimcap_01.mod (194v 236t)
  OK  d_w_costume_tc_boots.mod (170v 200t)
  OK  d_w_costume_tc_glove.mod (332v 288t)
  OK  d_w_costume_tc_body.mod (1028v 75t)
  OK  d_w_costume_thailand_boots.mod (138v 172t)
  OK  d_w_costume_thailand_glove.mod (266v 162t)
  OK  d_w_costume_thailand_body.mod (485v 546t)
  OK  d_w_costume_tc_hair.mod (1152v 407t)
  OK  d_w_costume_thief01_hair.mod (138v 190t)
  OK  d_w_costume_thief01_body.mod (556v 558t)
  OK  d_w_costume_thief01_boots.mod (154v 220t)
  OK  d_w_costume_thief01_glove.mod (318v 324t)
  OK  d_w_costume_thief02_boots.mod (188v 218t)
  OK  d_w_costume_thief02_body.mod (424v 506t)
  OK  d_w_costume_thief02_hair.mod (317v 365t)
  OK  d_w_costume_thief02_glove.mod (394v 404t)
  OK  d_w_costume_thief03_boots.mod (184v 220t)
  OK  d_w_costume_thief03_glove.mod (306v 324t)
  OK  d_w_costume_thief03_hair.mod (374v 412t)
  OK  d_w_costume_thief03_body.mod (581v 786t)
  OK  d_w_costume_thief04_hair.mod (110v 172t)
  OK  d_w_costume_thief04_boots.mod (194v 228t)
  OK  d_w_costume_thief04_glove.mod (200v 228t)
  OK  d_w_costume_thief04_body.mod (600v 547t)
  OK  d_w_costume_tights_boots.mod (112v 142t)
  OK  d_w_costume_tightsblack_glove.mod (238v 240t)
  OK  d_w_costume_tightsblack_hair.mod (128v 180t)
  OK  d_w_costume_tightsblack_body.mod (412v 480t)
  OK  d_w_costume_tightsblue_hair.mod (128v 180t)
  OK  d_w_costume_tightsblue_glove.mod (238v 240t)
  OK  d_w_costume_tightsblue_body.mod (412v 480t)
  OK  d_w_costume_tightsgreen_glove.mod (238v 240t)
  OK  d_w_costume_tightsgreen_hair.mod (128v 180t)
  OK  d_w_costume_tightsgreen_body.mod (412v 480t)
  OK  d_w_costume_tightspink_hair.mod (128v 180t)
  OK  d_w_costume_tightspink_glove.mod (238v 240t)
  OK  d_w_costume_tightspink_body.mod (412v 480t)
  OK  d_w_costume_tightsred_hair.mod (128v 180t)
  OK  d_w_costume_tightsred_glove.mod (238v 240t)
  OK  d_w_costume_tightsred_body.mod (412v 480t)
  OK  d_w_costume_tightsyellow_hair.mod (128v 180t)
  OK  d_w_costume_tightsyellow_glove.mod (238v 240t)
  OK  d_w_costume_tightsyellow_body.mod (412v 480t)
  OK  d_w_costume_trump_glove.mod (268v 250t)
  OK  d_w_costume_trump_body.mod (568v 788t)
  OK  d_w_costume_trump_boots.mod (482v 162t)
  OK  d_w_costume_trump_hair.mod (544v 674t)
  OK  d_w_costume_wig02_hair.mod (333v 358t)
  OK  d_w_costume_wig04_hair.mod (150v 229t)
  OK  d_w_costume_wig03_hair.mod (260v 332t)
  OK  d_w_costume_wig01_hair.mod (503v 427t)
  OK  d_w_costume_wig06_hair.mod (303v 238t)
  OK  d_w_costume_wig05_hair.mod (368v 297t)
  OK  d_w_costume_wig07_hair.mod (309v 362t)
  OK  d_w_costume_wig08_hair.mod (305v 319t)
  OK  d_w_costume_wizard_boots.mod (198v 260t)
  OK  d_w_costume_wizard_glove.mod (294v 186t)
  OK  d_w_costume_wizard_hair.mod (353v 345t)
  OK  d_w_costume_wolf_boots.mod (340v 448t)
  OK  d_w_costume_wizard_body.mod (742v 767t)
  OK  d_w_costume_wolf_glove.mod (426v 512t)
  OK  d_w_costume_wolf_body.mod (565v 579t)
  OK  d_w_costume_wonder_boots.mod (184v 236t)
  OK  d_w_costume_wonder_glove.mod (238v 240t)
  OK  d_w_costume_wonder_body.mod (527v 675t)
  OK  d_w_costume_wonder_hair.mod (302v 237t)
  OK  d_w_costume_yoroi_boots.mod (506v 590t)
  OK  d_w_costume_yoroi_glove.mod (346v 61t)
  OK  d_w_costume_wolf_hair.mod (1767v 77t)
  OK  d_w_face.mod (122v 176t)
  OK  d_w_face000.mod (122v 176t)
  OK  d_w_costume_yoroi_hair.mod (710v 477t)
  OK  d_w_foot000.mod (98v 114t)
  OK  d_w_foot.mod (98v 114t)
  OK  d_w_costume_yoroi_body.mod (1822v 554t)
  OK  d_w_hair000.mod (360v 464t)
  OK  d_w_hair001.mod (489v 472t)
  OK  d_w_hair004.mod (293v 292t)
  OK  d_w_hair002.mod (376v 318t)
  OK  d_w_hair003.mod (536v 545t)
  OK  d_w_hair006.mod (335v 274t)
  OK  d_w_hair005.mod (352v 410t)
  OK  d_w_hair007.mod (417v 298t)
  OK  d_w_hair008.mod (472v 187t)
  OK  d_w_hair010.mod (206v 22t)
  OK  d_w_hair009.mod (477v 389t)
  OK  d_w_hair012.mod (275v 52t)
  OK  d_w_hair013.mod (276v 239t)
  OK  d_w_hair011.mod (466v 367t)
  OK  d_w_hair017.mod (204v 137t)
  OK  d_w_hair015.mod (325v 345t)
  OK  d_w_hair014.mod (392v 616t)
  OK  d_w_hand.mod (238v 240t)
  OK  d_w_hand000.mod (238v 240t)
  OK  d_w_head_cn_apple.mod (96v 160t)
  OK  d_w_head_cn_rabbit.mod (119v 194t)
  OK  d_w_head_cn_star.mod (145v 142t)
  OK  dagger002.mod (108v 120t)
  OK  dagger003.mod (108v 120t)
  OK  dagger005.mod (70v 81t)
  OK  dagger001.mod (133v 144t)
  OK  dagger004.mod (116v 144t)
  OK  dagger006.mod (147v 200t)
  OK  dagger007.mod (87v 104t)
  OK  dagger009.mod (72v 112t)
  OK  dagger010.mod (52v 89t)
  OK  dagger008.mod (162v 127t)
  OK  dagger011.mod (67v 110t)
  OK  dagger012.mod (100v 184t)
  OK  dagger014.mod (83v 108t)
  OK  dagger015.mod (108v 71t)
  OK  dagger013.mod (130v 198t)
  OK  dagger016.mod (82v 112t)
  OK  dagger017.mod (130v 148t)
  OK  dagger018.mod (163v 190t)
  OK  dagger019.mod (182v 276t)
  OK  dagger020.mod (220v 296t)
  OK  dagger024.mod (105v 174t)
  OK  dagger023.mod (97v 108t)
  OK  dagger025.mod (168v 115t)
  OK  dagger026.mod (173v 172t)
  OK  dagger027.mod (140v 142t)
  OK  dagger031.mod (170v 144t)
  OK  dagger029.mod (402v 526t)
  OK  dagger028.mod (272v 60t)
  OK  dagger030.mod (531v 108t)
  OK  dagger_wolf.mod (36v 35t)
  OK  daggers021.mod (153v 252t)
  OK  daggers022.mod (132v 234t)
  OK  e_m_celebrite_glove.mod (290v 280t)
  OK  e_m_celebrite_boots.mod (416v 386t)
  OK  e_m_body000.mod (348v 520t)
  OK  e_m_celebrite_body.mod (819v 893t)
  OK  e_m_chstume_chef_boots.mod (116v 150t)
  OK  e_m_celebrite_hair.mod (359v 364t)
  OK  e_m_chstume_chef_item.mod (40v 46t)
  OK  e_m_chstume_chef_glove.mod (201v 228t)
  OK  e_m_chstume_chef_hair.mod (381v 372t)
  OK  e_m_chstume_chef_body.mod (739v 916t)
  OK  e_m_clothboots001.mod (154v 184t)
  OK  e_m_clothboots002.mod (272v 264t)
  OK  e_m_clothboots003.mod (164v 232t)
  OK  e_m_clothboots004.mod (168v 177t)
  OK  e_m_clothboots005.mod (178v 189t)
  OK  e_m_clothboots006.mod (214v 260t)
  OK  e_m_clothboots007.mod (194v 217t)
  OK  e_m_clothboots008.mod (208v 219t)
  OK  e_m_clothboots009.mod (194v 217t)
  OK  e_m_clothboots011.mod (168v 177t)
  OK  e_m_clothboots010.mod (232v 237t)
  OK  e_m_clothboots012.mod (208v 219t)
  OK  e_m_clothboots015.mod (106v 142t)
  OK  e_m_clothboots013.mod (140v 220t)
  OK  e_m_clothboots014.mod (178v 236t)
  OK  e_m_clothboots015_lod0.mod (106v 142t)
  OK  e_m_clothboots015_lod1.mod (106v 142t)
  OK  e_m_clothboots015_lod2.mod (106v 142t)
  OK  e_m_clothboots016.mod (192v 248t)
  OK  e_m_clothboots016_lod0.mod (192v 248t)
  OK  e_m_clothboots016_lod1.mod (192v 248t)
  OK  e_m_clothboots016_lod2.mod (192v 248t)
  OK  e_m_clothboots017.mod (166v 212t)
  OK  e_m_clothboots018.mod (202v 181t)
  OK  e_m_clothboots019.mod (192v 232t)
  OK  e_m_clothboots021.mod (162v 192t)
  OK  e_m_clothboots022.mod (168v 232t)
  OK  e_m_clothboots023.mod (184v 190t)
  OK  e_m_clothboots020.mod (184v 244t)
  OK  e_m_clothboots025.mod (178v 236t)
  OK  e_m_clothboots024.mod (328v 292t)
  OK  e_m_clothboots026.mod (162v 208t)
  OK  e_m_clothboots027.mod (198v 218t)
  OK  e_m_clothboots028.mod (190v 199t)
  OK  e_m_clothboots029.mod (152v 166t)
  OK  e_m_clothboots030.mod (176v 192t)
  OK  e_m_clothglove001.mod (256v 276t)
  OK  e_m_clothglove003.mod (294v 300t)
  OK  e_m_clothglove005.mod (256v 288t)
  OK  e_m_clothglove004.mod (256v 288t)
  OK  e_m_clothglove002.mod (592v 376t)
  OK  e_m_clothglove006.mod (310v 324t)
  OK  e_m_clothglove008.mod (256v 288t)
  OK  e_m_clothglove007.mod (334v 324t)
  OK  e_m_clothglove009.mod (334v 324t)
  OK  e_m_clothglove010.mod (294v 300t)
  OK  e_m_clothglove011.mod (256v 288t)
  OK  e_m_clothglove012.mod (256v 288t)
  OK  e_m_clothglove014.mod (264v 296t)
  OK  e_m_clothglove015.mod (272v 247t)
  OK  e_m_clothglove013.mod (310v 300t)
  OK  e_m_clothglove015_lod0.mod (272v 247t)
  OK  e_m_clothglove015_lod1.mod (272v 247t)
  OK  e_m_clothglove015_lod2.mod (272v 247t)
  OK  e_m_clothglove016.mod (312v 370t)
  OK  e_m_clothglove016_lod0.mod (312v 370t)
  OK  e_m_clothglove016_lod1.mod (312v 370t)
  OK  e_m_clothglove016_lod2.mod (312v 370t)
  OK  e_m_clothglove017.mod (326v 303t)
  OK  e_m_clothglove018.mod (288v 262t)
  OK  e_m_clothglove019.mod (250v 260t)
  OK  e_m_clothglove020.mod (238v 240t)
  OK  e_m_clothglove022.mod (314v 275t)
  OK  e_m_clothglove021.mod (288v 276t)
  OK  e_m_clothglove023.mod (238v 240t)
  OK  e_m_clothglove024.mod (372v 296t)
  OK  e_m_clothglove025.mod (280v 276t)
  OK  e_m_clothglove026.mod (308v 213t)
  OK  e_m_clothglove027.mod (288v 276t)
  OK  e_m_clothglove028.mod (238v 240t)
  OK  e_m_clothglove029.mod (240v 240t)
  OK  e_m_clothrglove020.mod (238v 240t)
  OK  e_m_clothglove030.mod (334v 303t)
  OK  e_m_clothrobe001.mod (508v 695t)
  OK  e_m_clothrobe002.mod (578v 447t)
  OK  e_m_clothrobe003.mod (528v 655t)
  OK  e_m_clothrobe003_lod0.mod (528v 655t)
  OK  e_m_clothrobe003_lod1.mod (528v 655t)
  OK  e_m_clothrobe003_lod2.mod (528v 655t)
  OK  e_m_clothrobe004.mod (552v 724t)
  OK  e_m_clothrobe005.mod (546v 726t)
  OK  e_m_clothrobe006.mod (633v 648t)
  OK  e_m_clothrobe006_lod0.mod (633v 648t)
  OK  e_m_clothrobe006_lod1.mod (633v 648t)
  OK  e_m_clothrobe006_lod2.mod (633v 648t)
  OK  e_m_clothrobe007.mod (562v 718t)
  OK  e_m_clothrobe008.mod (552v 712t)
  OK  e_m_clothrobe009.mod (562v 718t)
  OK  e_m_clothrobe010.mod (564v 597t)
  OK  e_m_clothrobe011.mod (552v 724t)
  OK  e_m_clothrobe012.mod (588v 583t)
  OK  e_m_clothrobe013.mod (602v 575t)
  OK  e_m_clothrobe015.mod (443v 235t)
  OK  e_m_clothrobe014.mod (542v 756t)
  OK  e_m_clothrobe015_lod0.mod (443v 235t)
  OK  e_m_clothrobe015_lod1.mod (443v 235t)
  OK  e_m_clothrobe015_lod2.mod (443v 235t)
  OK  e_m_clothrobe016.mod (576v 331t)
  OK  e_m_clothrobe016_lod0.mod (576v 331t)
  OK  e_m_clothrobe016_lod1.mod (576v 331t)
  OK  e_m_clothrobe016_lod2.mod (576v 331t)
  OK  e_m_clothrobe017.mod (693v 62t)
  OK  e_m_clothrobe018.mod (816v 683t)
  OK  e_m_clothrobe020.mod (593v 426t)
  OK  e_m_clothrobe021.mod (671v 674t)
  OK  e_m_clothrobe023.mod (695v 582t)
  OK  e_m_clothrobe024.mod (660v 607t)
  OK  e_m_clothrobe022.mod (711v 660t)
  OK  e_m_clothrobe026.mod (660v 141t)
  OK  e_m_clothrobe019.mod (2766v 921t)
  OK  e_m_clothrobe025.mod (754v 501t)
  OK  e_m_clothrobe027.mod (908v 508t)
  OK  e_m_clothrobe029.mod (654v 177t)
  OK  e_m_clothrobe028.mod (720v 1011t)
  OK  e_m_costume_angel_boots.mod (298v 364t)
  OK  e_m_clothrobe030.mod (993v 928t)
  OK  e_m_costume_angel_glove.mod (308v 242t)
  OK  e_m_costume_angel_hair.mod (476v 95t)
  OK  e_m_costume_angel_body.mod (646v 603t)
  OK  e_m_costume_arabian_boots.mod (160v 206t)
  OK  e_m_costume_arabian_body.mod (576v 796t)
  OK  e_m_costume_arabian_glove.mod (258v 223t)
  OK  e_m_costume_arabian_hair.mod (439v 539t)
  OK  e_m_costume_armysurgeon_glove.mod (256v 276t)
  OK  e_m_costume_armysurgeon_hair.mod (191v 163t)
  OK  e_m_costume_armysurgeon_boots.mod (684v 228t)
  OK  e_m_costume_bani_boots.mod (80v 142t)
  OK  e_m_costume_armysurgeon_body.mod (794v 912t)
  OK  e_m_costume_bani_hair.mod (38v 64t)
  OK  e_m_costume_bani_body.mod (445v 60t)
  OK  e_m_costume_boot.mod (116v 150t)
  OK  e_m_costume_bani_glove.mod (294v 288t)
  OK  e_m_costume_cardcaptor_boot.mod (118v 144t)
  OK  e_m_costume_cardcaptor_gloves.mod (238v 240t)
  OK  e_m_costume_cardcaptor_hair.mod (354v 379t)
  OK  e_m_costume_cardcaptor_body.mod (756v 803t)
  OK  e_m_costume_cat1_body.mod (494v 539t)
  OK  e_m_costume_cat1_body_lod0.mod (494v 539t)
  OK  e_m_costume_cat1_body_lod1.mod (494v 539t)
  OK  e_m_costume_cat1_boot.mod (164v 212t)
  OK  e_m_costume_cat1_boot_lod0.mod (164v 212t)
  OK  e_m_costume_cat1_body_lod2.mod (494v 539t)
  OK  e_m_costume_cat1_boot_lod1.mod (164v 212t)
  OK  e_m_costume_cat1_boot_lod2.mod (164v 212t)
  OK  e_m_costume_cat1_glove_lod2.mod (164v 208t)
  OK  e_m_costume_cat1_glove_lod0.mod (164v 208t)
  OK  e_m_costume_cat1_glove_lod1.mod (164v 208t)
  OK  e_m_costume_cat1_glove.mod (164v 208t)
  OK  e_m_costume_cat1_hair.mod (284v 424t)
  OK  e_m_costume_cat1_hair_lod1.mod (284v 424t)
  OK  e_m_costume_cat1_hair_lod0.mod (284v 424t)
  OK  e_m_costume_cat1_hair_lod2.mod (284v 424t)
  OK  e_m_costume_cat2_body.mod (460v 642t)
  OK  e_m_costume_cat2_body_lod2.mod (460v 642t)
  OK  e_m_costume_cat2_body_lod1.mod (460v 642t)
  OK  e_m_costume_cat2_body_lod0.mod (460v 642t)
  OK  e_m_costume_cat2_boot_lod1.mod (164v 212t)
  OK  e_m_costume_cat2_boot_lod0.mod (164v 212t)
  OK  e_m_costume_cat2_boot.mod (164v 212t)
  OK  e_m_costume_cat2_boot_lod2.mod (164v 212t)
  OK  e_m_costume_cat2_glove_lod1.mod (164v 208t)
  OK  e_m_costume_cat2_glove_lod0.mod (164v 208t)
  OK  e_m_costume_cat2_glove_lod2.mod (164v 208t)
  OK  e_m_costume_cat2_hair.mod (284v 424t)
  OK  e_m_costume_cat2_hair_lod0.mod (284v 424t)
  OK  e_m_costume_cat2_hair_lod1.mod (284v 424t)
  OK  e_m_costume_cat2_glove.mod (164v 208t)
  OK  e_m_costume_cat2_hair_lod2.mod (284v 424t)
  OK  e_m_costume_cat3_body.mod (460v 642t)
  OK  e_m_costume_cat3_body_lod0.mod (460v 642t)
  OK  e_m_costume_cat3_body_lod1.mod (460v 642t)
  OK  e_m_costume_cat3_boot.mod (164v 212t)
  OK  e_m_costume_cat3_body_lod2.mod (460v 642t)
  OK  e_m_costume_cat3_boot_lod0.mod (164v 212t)
  OK  e_m_costume_cat3_boot_lod1.mod (164v 212t)
  OK  e_m_costume_cat3_boot_lod2.mod (164v 212t)
  OK  e_m_costume_cat3_glove_lod0.mod (164v 208t)
  OK  e_m_costume_cat3_glove.mod (164v 208t)
  OK  e_m_costume_cat3_glove_lod1.mod (164v 208t)
  OK  e_m_costume_cat3_glove_lod2.mod (164v 208t)
  OK  e_m_costume_cat3_hair_lod1.mod (284v 424t)
  OK  e_m_costume_cat3_hair.mod (284v 424t)
  OK  e_m_costume_cat3_hair_lod2.mod (284v 424t)
  OK  e_m_costume_cat3_hair_lod0.mod (284v 424t)
  OK  e_m_costume_cat4_hair.mod (210v 316t)
  OK  e_m_costume_cat4_glove.mod (166v 208t)
  OK  e_m_costume_cat4_boots.mod (162v 212t)
  OK  e_m_costume_cat4_body.mod (556v 557t)
  OK  e_m_costume_celebrity_glove.mod (302v 20t)
  OK  e_m_costume_celebrity_boots.mod (202v 250t)
  OK  e_m_costume_celebrity_hair.mod (328v 365t)
  OK  e_m_costume_celebrity_body.mod (670v 429t)
  OK  e_m_costume_chic_b_boots.mod (194v 208t)
  OK  e_m_costume_chic_b_hair.mod (196v 222t)
  OK  e_m_costume_chic_b_glove.mod (268v 276t)
  OK  e_m_costume_chic_b_body.mod (588v 656t)
  OK  e_m_costume_chic_g_glove.mod (268v 276t)
  OK  e_m_costume_chic_g_hair.mod (196v 222t)
  OK  e_m_costume_chic_g_boots.mod (194v 208t)
  OK  e_m_costume_chic_g_body.mod (588v 656t)
  OK  e_m_costume_chic_p_boots.mod (194v 208t)
  OK  e_m_costume_chic_p_glove.mod (268v 276t)
  OK  e_m_costume_chic_p_hair.mod (196v 222t)
  OK  e_m_costume_chic_p_body.mod (588v 656t)
  OK  e_m_costume_chic_suit_boots.mod (194v 208t)
  OK  e_m_costume_chic_suit_glove.mod (268v 276t)
  OK  e_m_costume_chic_suit_hair.mod (230v 189t)
  OK  e_m_costume_chic_suit_body.mod (539v 596t)
  OK  e_m_costume_chic_w_boots.mod (194v 208t)
  OK  e_m_costume_chic_w_hair.mod (196v 222t)
  OK  e_m_costume_chic_w_glove.mod (268v 276t)
  OK  e_m_costume_chic_w_body.mod (588v 656t)
  OK  e_m_costume_chick_boot.mod (194v 208t)
  OK  e_m_costume_chick_glove.mod (268v 276t)
  OK  e_m_costume_chick_body.mod (592v 657t)
  OK  e_m_costume_chick_hair.mod (248v 207t)
  OK  e_m_costume_china_boots.mod (180v 252t)
  OK  e_m_costume_china_hair.mod (247v 213t)
  OK  e_m_costume_china_glove.mod (238v 240t)
  OK  e_m_costume_china_body.mod (524v 531t)
  OK  e_m_costume_claw_glove.mod (130v 208t)
  OK  e_m_costume_cow_boot.mod (140v 179t)
  OK  e_m_costume_cow_body.mod (507v 521t)
  OK  e_m_costume_cow_hair.mod (405v 30t)
  OK  e_m_costume_cow_gloves.mod (130v 156t)
  OK  e_m_costume_cowboy_body.mod (691v 642t)
  OK  e_m_costume_cowboy_glove.mod (254v 264t)
  OK  e_m_costume_cowboy_hair.mod (308v 210t)
  OK  e_m_costume_cowboy_boots.mod (240v 264t)
  OK  e_m_costume_dark_boots.mod (192v 232t)
  OK  e_m_costume_dark_hair.mod (250v 186t)
  OK  e_m_costume_dark_glove.mod (367v 390t)
  OK  e_m_costume_dark_body.mod (735v 737t)
  OK  e_m_costume_devil02_boots.mod (230v 242t)
  OK  e_m_costume_devil02_glove.mod (266v 272t)
  OK  e_m_costume_devil02_hair.mod (267v 279t)
  OK  e_m_costume_devil_boots.mod (80v 142t)
  OK  e_m_costume_devil02_body.mod (733v 844t)
  OK  e_m_costume_devil_glove.mod (238v 240t)
  OK  e_m_costume_devil_body.mod (670v 690t)
  OK  e_m_costume_devil_item.mod (86v 111t)
  OK  e_m_costume_devil_hair.mod (308v 263t)
  OK  e_m_costume_divingsuit_body.mod (322v 520t)
  OK  e_m_costume_divingsuit_glove.mod (242v 264t)
  OK  e_m_costume_divingsuit_boots.mod (156v 166t)
  OK  e_m_costume_dracula_boots.mod (128v 158t)
  OK  e_m_costume_dracula_headband.mod (74v 94t)
  OK  e_m_costume_dracula_glove.mod (268v 235t)
  OK  e_m_costume_dracula_body.mod (802v 1040t)
  OK  e_m_costume_dress_body.mod (553v 601t)
  OK  e_m_costume_dress_body_lod0.mod (553v 601t)
  OK  e_m_costume_dress_body_lod2.mod (553v 601t)
  OK  e_m_costume_dress_body_lod1.mod (553v 601t)
  OK  e_m_costume_dress_boot.mod (112v 142t)
  OK  e_m_costume_dress_boot_lod0.mod (112v 142t)
  OK  e_m_costume_dress_body_r.mod (553v 601t)
  OK  e_m_costume_dress_boot_lod1.mod (112v 142t)
  OK  e_m_costume_dress_boot_lod2.mod (112v 142t)
  OK  e_m_costume_dress_boots.mod (112v 142t)
  OK  e_m_costume_dress_body_w.mod (553v 601t)
  OK  e_m_costume_dress_boots_r.mod (112v 142t)
  OK  e_m_costume_dress_boots_w.mod (112v 142t)
  OK  e_m_costume_dress_glove.mod (294v 300t)
  OK  e_m_costume_dress_glove_lod0.mod (294v 300t)
  OK  e_m_costume_dress_glove_lod1.mod (294v 300t)
  OK  e_m_costume_dress_glove_lod2.mod (294v 300t)
  OK  e_m_costume_dress_glove_r.mod (290v 288t)
  OK  e_m_costume_dress_glove_w.mod (290v 288t)
  OK  e_m_costume_dress_hair.mod (272v 165t)
  OK  e_m_costume_dress_hair_lod2.mod (272v 165t)
  OK  e_m_costume_dress_hair_lod0.mod (272v 165t)
  OK  e_m_costume_dress_hair_lod1.mod (272v 165t)
  OK  e_m_costume_dress_hair_r.mod (272v 165t)
  OK  e_m_costume_fireman_boots.mod (194v 260t)
  OK  e_m_costume_fireman_body.mod (548v 503t)
  OK  e_m_costume_fireman_glove.mod (272v 196t)
  OK  e_m_costume_dress_hair_w.mod (272v 165t)
  OK  e_m_costume_fireman_item.mod (81v 92t)
  OK  e_m_costume_fishing_boots.mod (180v 185t)
  OK  e_m_costume_fireman_hair.mod (317v 343t)
  OK  e_m_costume_fishing_glove.mod (284v 324t)
  OK  e_m_costume_fishinghat_hair02.mod (140v 111t)
  OK  e_m_costume_fishinghat_hair.mod (176v 183t)
  OK  e_m_costume_fruit01.mod (197v 16t)
  OK  e_m_costume_fruit02.mod (197v 241t)
  OK  e_m_costume_frog_hair.mod (392v 303t)
  OK  e_m_costume_funky_boots.mod (112v 142t)
  OK  e_m_costume_funky_glove.mod (254v 240t)
  OK  e_m_costume_funky_body.mod (993v 33t)
  OK  e_m_costume_halloween_01.mod (240v 286t)
  OK  e_m_costume_funky_cap.mod (534v 520t)
  OK  e_m_costume_hero_boots.mod (166v 159t)
  OK  e_m_costume_halloween_03.mod (270v 400t)
  OK  e_m_costume_halloween_02.mod (274v 374t)
  OK  e_m_costume_hero_body.mod (504v 586t)
  OK  e_m_costume_hero_glove.mod (292v 217t)
  OK  e_m_costume_hero_hair.mod (256v 189t)
  OK  e_m_costume_hiphop_body01.mod (658v 641t)
  OK  e_m_costume_hiphop_body02.mod (598v 747t)
  OK  e_m_costume_hiphop_body03.mod (556v 189t)
  OK  e_m_costume_hiphop_body04.mod (676v 738t)
  OK  e_m_costume_hiphop_boots01.mod (138v 172t)
  OK  e_m_costume_hiphop_boots03.mod (138v 172t)
  OK  e_m_costume_hiphop_boots02.mod (138v 172t)
  OK  e_m_costume_hiphop_boots04.mod (138v 172t)
  OK  e_m_costume_hiphop_glove01.mod (266v 231t)
  OK  e_m_costume_hiphop_glove02.mod (293v 275t)
  OK  e_m_costume_hiphop_glove03.mod (293v 275t)
  OK  e_m_costume_hiphop_hair01.mod (174v 57t)
  OK  e_m_costume_hiphop_glove04.mod (266v 231t)
  OK  e_m_costume_hiphop_hair02.mod (242v 145t)
  OK  e_m_costume_hiphop_hair03.mod (242v 139t)
  OK  e_m_costume_hiphop_hair04.mod (174v 57t)
  OK  e_m_costume_honeybee_boots.mod (186v 270t)
  OK  e_m_costume_honeybee_glove.mod (322v 360t)
  OK  e_m_costume_honeybee_hair.mod (179v 306t)
  OK  e_m_costume_honeybee_body.mod (488v 676t)
  OK  e_m_costume_indian_boots.mod (222v 264t)
  OK  e_m_costume_indian_glove.mod (268v 31t)
  OK  e_m_costume_indian_item.mod (136v 142t)
  OK  e_m_costume_indian_body.mod (722v 779t)
  OK  e_m_costume_innerboot.mod (116v 150t)
  OK  e_m_costume_indian_hair.mod (563v 438t)
  OK  e_m_costume_kimono_boots.mod (132v 166t)
  OK  e_m_costume_kimono_body.mod (572v 146t)
  OK  e_m_costume_kimono_glove.mod (266v 242t)
  OK  e_m_costume_kindergarten_boots.mod (194v 232t)
  OK  e_m_costume_kimono_hair.mod (408v 488t)
  OK  e_m_costume_kindergarten_glove.mod (318v 51t)
  OK  e_m_costume_kindergarten_body.mod (466v 625t)
  OK  e_m_costume_kindergarten_item.mod (226v 84t)
  OK  e_m_costume_kindergarten_hair.mod (226v 212t)
  OK  e_m_costume_korclothes_body.mod (785v 174t)
  OK  e_m_costume_korclothes_body_lod1.mod (785v 174t)
  OK  e_m_costume_korclothes_boot.mod (112v 142t)
  OK  e_m_costume_korclothes_body_lod2.mod (785v 174t)
  OK  e_m_costume_korclothes_boot_lod0.mod (112v 142t)
  OK  e_m_costume_korclothes_body_lod0.mod (785v 174t)
  OK  e_m_costume_korclothes_boot_lod1.mod (112v 142t)
  OK  e_m_costume_korclothes_glove.mod (238v 240t)
  OK  e_m_costume_korclothes_boot_lod2.mod (112v 142t)
  OK  e_m_costume_korclothes_glove_lod0.mod (238v 240t)
  OK  e_m_costume_korclothes_glove_lod1.mod (238v 240t)
  OK  e_m_costume_korclothes_glove_lod2.mod (238v 240t)
  OK  e_m_costume_korclothes_hair.mod (214v 80t)
  OK  e_m_costume_korclothes_hair_lod0.mod (214v 80t)
  OK  e_m_costume_korclothes_hair_lod1.mod (214v 80t)
  OK  e_m_costume_korclothes_hair_lod2.mod (214v 80t)
  OK  e_m_costume_koreanclothes_01_body.mod (553v 683t)
  OK  e_m_costume_koreanclothes_01_body_lod0.mod (553v 683t)
  OK  e_m_costume_koreanclothes_01_body_lod1.mod (553v 683t)
  OK  e_m_costume_koreanclothes_01_body_lod2.mod (553v 683t)
  OK  e_m_costume_koreanclothes_01_boot.mod (112v 142t)
  OK  e_m_costume_koreanclothes_01_boot_lod0.mod (112v 142t)
  OK  e_m_costume_koreanclothes_01_boot_lod1.mod (112v 142t)
  OK  e_m_costume_koreanclothes_01_boot_lod2.mod (112v 142t)
  OK  e_m_costume_koreanclothes_01_glove.mod (238v 240t)
  OK  e_m_costume_koreanclothes_01_glove_lod0.mod (238v 240t)
  OK  e_m_costume_koreanclothes_01_glove_lod1.mod (238v 240t)
  OK  e_m_costume_koreanclothes_01_glove_lod2.mod (238v 240t)
  OK  e_m_costume_koreanclothes_01_hair.mod (259v 77t)
  OK  e_m_costume_koreanclothes_01_hair_lod0.mod (259v 77t)
  OK  e_m_costume_koreanclothes_01_hair_lod2.mod (259v 77t)
  OK  e_m_costume_koreanclothes_01_hair_lod1.mod (259v 77t)
  OK  e_m_costume_koreanwedding_boots.mod (148v 228t)
  OK  e_m_costume_koreanwedding_body.mod (745v 23t)
  OK  e_m_costume_koreanwedding_glove.mod (268v 18t)
  OK  e_m_costume_koreanwedding_hair.mod (208v 135t)
  OK  e_m_costume_lf_003.mod (255v 366t)
  OK  e_m_costume_lf_006_hair.mod (81v 118t)
  OK  e_m_costume_lf_007.mod (411v 359t)
  OK  e_m_costume_lf_006_body.mod (589v 588t)
  OK  e_m_costume_magicknight_boots.mod (298v 253t)
  OK  e_m_costume_magicknight_glove.mod (362v 255t)
  OK  e_m_costume_magicknight_body.mod (824v 689t)
  OK  e_m_costume_magicknight_hair.mod (246v 267t)
  OK  e_m_costume_maid_body.mod (675v 704t)
  OK  e_m_costume_maid_boots.mod (128v 158t)
  OK  e_m_costume_maid_body_lod0.mod (675v 704t)
  OK  e_m_costume_maid_body_lod1.mod (675v 704t)
  OK  e_m_costume_maid_body_lod2.mod (675v 704t)
  OK  e_m_costume_maid_boots_lod0.mod (128v 158t)
  OK  e_m_costume_maid_boots_lod1.mod (128v 158t)
  OK  e_m_costume_maid_boots_lod2.mod (128v 158t)
  OK  e_m_costume_maid_glove.mod (238v 240t)
  OK  e_m_costume_maid_glove_lod0.mod (238v 240t)
  OK  e_m_costume_maid_glove_lod1.mod (238v 240t)
  OK  e_m_costume_maid_glove_lod2.mod (238v 240t)
  OK  e_m_costume_maid_hair_lod0.mod (306v 233t)
  OK  e_m_costume_maid_hair_lod2.mod (306v 233t)
  OK  e_m_costume_maid_hair.mod (306v 233t)
  OK  e_m_costume_maid_hair_lod1.mod (306v 233t)
  OK  e_m_costume_monster01_glove.mod (210v 221t)
  OK  e_m_costume_monster01_boots.mod (120v 89t)
  OK  e_m_costume_monster01_hair.mod (248v 112t)
  OK  e_m_costume_monster01_body.mod (620v 252t)
  OK  e_m_costume_monster02_boots.mod (148v 192t)
  OK  e_m_costume_monster02_glove.mod (158v 208t)
  OK  e_m_costume_mummy_01.mod (144v 184t)
  OK  e_m_costume_monster02_hair.mod (238v 288t)
  OK  e_m_costume_monster02_body.mod (522v 493t)
  OK  e_m_costume_mummy_02.mod (134v 168t)
  OK  e_m_costume_mummy_04.mod (112v 142t)
  OK  e_m_costume_npc01_boots.mod (128v 174t)
  OK  e_m_costume_mummy_03.mod (419v 557t)
  OK  e_m_costume_npc01_glove.mod (286v 249t)
  OK  e_m_costume_npc01_body.mod (507v 540t)
  OK  e_m_costume_npc02_boots.mod (134v 182t)
  OK  e_m_costume_npc02_glove.mod (138v 192t)
  OK  e_m_costume_npc01_hair.mod (322v 360t)
  OK  e_m_costume_npc02_hair.mod (271v 226t)
  OK  e_m_costume_npc02_body.mod (588v 837t)
  OK  e_m_costume_officer_body.mod (717v 101t)
  OK  e_m_costume_octopus_hair.mod (380v 486t)
  OK  e_m_costume_officer_boot.mod (112v 142t)
  OK  e_m_costume_officer_body_lod0.mod (717v 101t)
  OK  e_m_costume_officer_body_lod1.mod (717v 101t)
  OK  e_m_costume_officer_body_lod2.mod (717v 101t)
  OK  e_m_costume_officer_boot_lod0.mod (112v 142t)
  OK  e_m_costume_officer_boot_lod1.mod (112v 142t)
  OK  e_m_costume_officer_boot_lod2.mod (112v 142t)
  OK  e_m_costume_officer_glove.mod (294v 300t)
  OK  e_m_costume_officer_glove_lod0.mod (294v 300t)
  OK  e_m_costume_officer_glove_lod1.mod (294v 300t)
  OK  e_m_costume_officer_glove_lod2.mod (294v 300t)
  OK  e_m_costume_opera_body.mod (548v 758t)
  OK  e_m_costume_opera_body_lod0.mod (548v 758t)
  OK  e_m_costume_opera_body_lod2.mod (548v 758t)
  OK  e_m_costume_opera_body_lod1.mod (548v 758t)
  OK  e_m_costume_opera_boots.mod (210v 218t)
  OK  e_m_costume_opera_boots_lod0.mod (210v 218t)
  OK  e_m_costume_opera_boots_lod1.mod (210v 218t)
  OK  e_m_costume_opera_boots_lod2.mod (210v 218t)
  OK  e_m_costume_opera_glove.mod (282v 231t)
  OK  e_m_costume_opera_glove_lod0.mod (282v 231t)
  OK  e_m_costume_opera_mask_lod0.mod (57v 78t)
  OK  e_m_costume_opera_glove_lod2.mod (282v 231t)
  OK  e_m_costume_opera_mask.mod (57v 78t)
  OK  e_m_costume_opera_glove_lod1.mod (282v 231t)
  OK  e_m_costume_opera_mask_lod1.mod (57v 78t)
  OK  e_m_costume_opera_mask_lod2.mod (57v 78t)
  OK  e_m_costume_pajamas_boots.mod (274v 302t)
  OK  e_m_costume_pajamas_glove.mod (388v 255t)
  OK  e_m_costume_pajamas_hair.mod (388v 377t)
  OK  e_m_costume_panda_boot.mod (140v 184t)
  OK  e_m_costume_panda_glove.mod (162v 204t)
  OK  e_m_costume_panda_hair.mod (170v 230t)
  OK  e_m_costume_panda_body.mod (621v 576t)
  OK  e_m_costume_pajamas_body.mod (580v 832t)
  OK  e_m_costume_pants01_body.mod (372v 520t)
  OK  e_m_costume_pants01_boots.mod (116v 150t)
  OK  e_m_costume_pants01_hair.mod (136v 170t)
  OK  e_m_costume_pants01_glove.mod (268v 231t)
  OK  e_m_costume_pants02_boots.mod (176v 206t)
  OK  e_m_costume_pants02_body.mod (509v 6t)
  OK  e_m_costume_pants02_hair.mod (199v 42t)
  OK  e_m_costume_pants02_glove.mod (266v 243t)
  OK  e_m_costume_pants03_boots.mod (122v 150t)
  OK  e_m_costume_pants03_glove.mod (266v 231t)
  OK  e_m_costume_pants03_body.mod (569v 561t)
  OK  e_m_costume_paperbag_hair.mod (104v 27t)
  OK  e_m_costume_pants03_hair.mod (376v 416t)
  OK  e_m_costume_pirate_body_lod0.mod (587v 649t)
  OK  e_m_costume_pirate_body_lod1.mod (587v 649t)
  OK  e_m_costume_pirate_boot.mod (198v 260t)
  OK  e_m_costume_pirate_boot_lod0.mod (198v 260t)
  OK  e_m_costume_pirate_body.mod (587v 649t)
  OK  e_m_costume_pirate_body_lod2.mod (587v 649t)
  OK  e_m_costume_pirate_boot_lod1.mod (198v 260t)
  OK  e_m_costume_pirate_glove_lod0.mod (314v 289t)
  OK  e_m_costume_pirate_boot_lod2.mod (198v 260t)
  OK  e_m_costume_pirate_glove.mod (314v 289t)
  OK  e_m_costume_pirate_glove_lod1.mod (314v 289t)
  OK  e_m_costume_pirate_hair.mod (237v 228t)
  OK  e_m_costume_pirate_hair_lod0.mod (237v 228t)
  OK  e_m_costume_pirate_glove_lod2.mod (314v 289t)
  OK  e_m_costume_pirate_manteau.mod (44v 58t)
  OK  e_m_costume_pirate_hair_lod1.mod (237v 228t)
  OK  e_m_costume_pirate_hair_lod2.mod (237v 228t)
  OK  e_m_costume_priest_boots.mod (148v 188t)
  OK  e_m_costume_priest_hair.mod (275v 241t)
  OK  e_m_costume_priest_glove.mod (446v 379t)
  OK  e_m_costume_priest_body.mod (707v 7t)
  OK  e_m_costume_prince_boots.mod (236v 314t)
  OK  e_m_costume_prince_body.mod (624v 460t)
  OK  e_m_costume_prince_glove.mod (268v 18t)
  OK  e_m_costume_prince_hair.mod (288v 233t)
  OK  e_m_costume_rabbit_boots.mod (144v 204t)
  OK  e_m_costume_rabbit_glove.mod (136v 160t)
  OK  e_m_costume_puffer_hair.mod (349v 456t)
  OK  e_m_costume_rabbit_body.mod (560v 601t)
  OK  e_m_costume_rabbit_hair.mod (189v 246t)
  OK  e_m_costume_rain_boots.mod (174v 196t)
  OK  e_m_costume_rain_body.mod (596v 187t)
  OK  e_m_costume_rain_glove.mod (302v 185t)
  OK  e_m_costume_rain_hair.mod (433v 14t)
  OK  e_m_costume_rider_boots.mod (160v 198t)
  OK  e_m_costume_rider_glove.mod (254v 240t)
  OK  e_m_costume_rider_hair.mod (164v 200t)
  OK  e_m_costume_rider_body.mod (714v 18t)
  OK  e_m_costume_rudolf_glove.mod (234v 245t)
  OK  e_m_costume_rudolf_hair.mod (352v 139t)
  OK  e_m_costume_rudolf_body.mod (538v 543t)
  OK  e_m_costume_rudolf_boots.mod (160v 204t)
  OK  e_m_costume_samurai_boots.mod (166v 214t)
  OK  e_m_costume_samurai_glove.mod (238v 240t)
  OK  e_m_costume_santa_body.mod (527v 22t)
  OK  e_m_costume_samurai_body.mod (693v 735t)
  OK  e_m_costume_santa_body_lod0.mod (527v 22t)
  OK  e_m_costume_santa_body_lod1.mod (527v 22t)
  OK  e_m_costume_santa_body_lod2.mod (527v 22t)
  OK  e_m_costume_santa_boot.mod (148v 173t)
  OK  e_m_costume_santa_boot_lod1.mod (148v 173t)
  OK  e_m_costume_santa_boot_lod0.mod (148v 173t)
  OK  e_m_costume_santa_boot_lod2.mod (148v 173t)
  OK  e_m_costume_santa_glove.mod (174v 232t)
  OK  e_m_costume_santa_glove_lod0.mod (174v 232t)
  OK  e_m_costume_santa_glove_lod1.mod (174v 232t)
  OK  e_m_costume_santa_glove_lod2.mod (174v 232t)
  OK  e_m_costume_santa_hair.mod (282v 107t)
  OK  e_m_costume_santa_hair_lod0.mod (282v 107t)
  OK  e_m_costume_santa_hair_lod1.mod (282v 107t)
  OK  e_m_costume_santa_hair_lod2.mod (282v 107t)
  OK  e_m_costume_schooluniform_body.mod (589v 343t)
  OK  e_m_costume_schooluniform_body_lod1.mod (589v 343t)
  OK  e_m_costume_schooluniform_body_lod0.mod (589v 343t)
  OK  e_m_costume_schooluniform_boot.mod (120v 150t)
  OK  e_m_costume_schooluniform_body_lod2.mod (589v 343t)
  OK  e_m_costume_schooluniform_boot_lod0.mod (120v 150t)
  OK  e_m_costume_schooluniform_boot_lod1.mod (120v 150t)
  OK  e_m_costume_schooluniform_boot_lod2.mod (120v 150t)
  OK  e_m_costume_schooluniform_glove.mod (272v 280t)
  OK  e_m_costume_schooluniform_glove_lod0.mod (272v 280t)
  OK  e_m_costume_schooluniform_glove_lod1.mod (272v 280t)
  OK  e_m_costume_schooluniform_glove_lod2.mod (272v 280t)
  OK  e_m_costume_sexy_boots.mod (170v 238t)
  OK  e_m_costume_sexy_body.mod (618v 796t)
  OK  e_m_costume_sf_boots.mod (106v 122t)
  OK  e_m_costume_sexy_glove.mod (318v 304t)
  OK  e_m_costume_sf_body.mod (572v 825t)
  OK  e_m_costume_sexy_hair.mod (885v 295t)
  OK  e_m_costume_shark_hair.mod (219v 222t)
  OK  e_m_costume_sf_glove.mod (426v 311t)
  OK  e_m_costume_sf_hair.mod (287v 207t)
  OK  e_m_costume_snake_boots.mod (80v 142t)
  OK  e_m_costume_snake_body.mod (576v 138t)
  OK  e_m_costume_snake_glove.mod (308v 279t)
  OK  e_m_costume_snake_hair.mod (203v 213t)
  OK  e_m_costume_soccer_boots.mod (106v 152t)
  OK  e_m_costume_soccer_body.mod (572v 710t)
  OK  e_m_costume_soccer_hair.mod (201v 245t)
  OK  e_m_costume_soccer_glove.mod (136v 180t)
  OK  e_m_costume_suncap01.mod (343v 341t)
  OK  e_m_costume_sv_boots.mod (234v 163t)
  OK  e_m_costume_sv_hair.mod (178v 206t)
  OK  e_m_costume_sv_glove.mod (334v 52t)
  OK  e_m_costume_sv_body.mod (573v 535t)
  OK  e_m_costume_tc_boots.mod (164v 192t)
  OK  e_m_costume_sv_item.mod (74v 64t)
  OK  e_m_costume_tc_glove.mod (238v 240t)
  OK  e_m_costume_swimcap01.mod (196v 240t)
  OK  e_m_costume_tc_hair.mod (224v 8t)
  OK  e_m_costume_thailand_boots.mod (138v 172t)
  OK  e_m_costume_tc_body.mod (716v 623t)
  OK  e_m_costume_thailand_glove.mod (266v 231t)
  OK  e_m_costume_thailand_body.mod (480v 420t)
  OK  e_m_costume_thief01_boots.mod (154v 220t)
  OK  e_m_costume_thief01_body.mod (488v 664t)
  OK  e_m_costume_thief01_glove.mod (318v 324t)
  OK  e_m_costume_thief01_hair.mod (138v 190t)
  OK  e_m_costume_thief02_boots.mod (188v 218t)
  OK  e_m_costume_thief02_body.mod (418v 469t)
  OK  e_m_costume_thief02_hair.mod (283v 249t)
  OK  e_m_costume_thief03_boots.mod (184v 220t)
  OK  e_m_costume_thief02_glove.mod (394v 404t)
  OK  e_m_costume_thief03_glove.mod (188v 228t)
  OK  e_m_costume_thief03_body.mod (568v 597t)
  OK  e_m_costume_thief04_boots.mod (198v 234t)
  OK  e_m_costume_thief04_glove.mod (200v 228t)
  OK  e_m_costume_thief04_hair.mod (212v 172t)
  OK  e_m_costume_thief03_hair.mod (380v 320t)
  OK  e_m_costume_thief04_body.mod (556v 708t)
  OK  e_m_costume_tightsblack_hair.mod (128v 180t)
  OK  e_m_costume_tightsblack_glove.mod (238v 240t)
  OK  e_m_costume_tightsblue_body.mod (414v 491t)
  OK  e_m_costume_tightsblue_hair.mod (128v 180t)
  OK  e_m_costume_tightsblue_glove.mod (238v 240t)
  OK  e_m_costume_tightsgreen_hair.mod (128v 180t)
  OK  e_m_costume_tightsblack_body.mod (414v 491t)
  OK  e_m_costume_tightsgreen_glove.mod (238v 240t)
  OK  e_m_costume_tightsgreen_body.mod (414v 491t)
  OK  e_m_costume_tightspink_hair.mod (128v 180t)
  OK  e_m_costume_tightspink_glove.mod (238v 240t)
  OK  e_m_costume_tightspink_body.mod (414v 491t)
  OK  e_m_costume_tightsred_glove.mod (238v 240t)
  OK  e_m_costume_tightsred_body.mod (414v 491t)
  OK  e_m_costume_tightsred_hair.mod (128v 180t)
  OK  e_m_costume_tightsyellow_glove.mod (238v 240t)
  OK  e_m_costume_tightsyellow_hair.mod (128v 180t)
  OK  e_m_costume_tightsyellow_body.mod (414v 491t)
  OK  e_m_costume_trump_boots.mod (250v 292t)
  OK  e_m_costume_trump_hair.mod (413v 427t)
  OK  e_m_costume_trump_glove.mod (264v 166t)
  OK  e_m_costume_trump_body.mod (622v 856t)
  OK  e_m_costume_wig02_hair.mod (261v 296t)
  OK  e_m_costume_wig01_hair.mod (365v 267t)
  OK  e_m_costume_wig04_hair.mod (198v 265t)
  OK  e_m_costume_wig03_hair.mod (262v 338t)
  OK  e_m_costume_wig06_hair.mod (305v 237t)
  OK  e_m_costume_wig08_hair.mod (208v 228t)
  OK  e_m_costume_wig07_hair.mod (273v 339t)
  OK  e_m_costume_wig05_hair.mod (296v 273t)
  OK  e_m_costume_wizard_boots.mod (198v 260t)
  OK  e_m_costume_wizard_glove.mod (294v 288t)
  OK  e_m_costume_wizard_hair.mod (360v 401t)
  OK  e_m_costume_wizard_body.mod (670v 47t)
  OK  e_m_costume_wolf_boots.mod (340v 448t)
  OK  e_m_costume_wolf_body.mod (551v 454t)
  OK  e_m_costume_wolf_hair.mod (553v 62t)
  OK  e_m_costume_wolf_glove.mod (426v 516t)
  OK  e_m_costume_yoroi_glove.mod (238v 240t)
  OK  e_m_costume_yoroi_boots.mod (410v 375t)
  OK  e_m_costume_yoroi_hair.mod (446v 16t)
  OK  e_m_face.mod (118v 172t)
  OK  e_m_face000.mod (118v 172t)
  OK  e_m_face001.mod (118v 172t)
  OK  e_m_face002.mod (118v 172t)
  OK  e_m_face003.mod (118v 172t)
  OK  e_m_face004.mod (118v 172t)
  OK  e_m_foot000.mod (116v 150t)
  OK  e_m_hair001.mod (223v 193t)
  OK  e_m_hair000.mod (240v 293t)
  OK  e_m_hair002.mod (239v 222t)
  OK  e_m_hair003.mod (250v 231t)
  OK  e_m_hair004.mod (328v 293t)
  OK  e_m_costume_yoroi_body.mod (2035v 2250t)
  OK  e_m_hair005.mod (366v 310t)
  OK  e_m_hair005_lod0.mod (366v 310t)
  OK  e_m_hair005_lod1.mod (366v 310t)
  OK  e_m_hair005_lod2.mod (366v 310t)
  OK  e_m_hair006.mod (260v 218t)
  OK  e_m_hair006_lod0.mod (260v 218t)
  OK  e_m_hair007.mod (236v 197t)
  OK  e_m_hair006_lod1.mod (260v 218t)
  OK  e_m_hair006_lod2.mod (260v 218t)
  OK  e_m_hair007_lod0.mod (236v 197t)
  OK  e_m_hair007_lod1.mod (236v 197t)
  OK  e_m_hair007_lod2.mod (236v 197t)
  OK  e_m_hair008_lod1.mod (241v 328t)
  OK  e_m_hair008.mod (241v 328t)
  OK  e_m_hair008_lod0.mod (241v 328t)
  OK  e_m_hair008_lod2.mod (241v 328t)
  OK  e_m_hair009.mod (158v 119t)
  OK  e_m_hair009_lod0.mod (158v 119t)
  OK  e_m_hair009_lod2.mod (158v 119t)
  OK  e_m_hair009_lod1.mod (158v 119t)
  OK  e_m_hand000.mod (238v 240t)
  OK  e_m_hair010.mod (286v 365t)
  OK  e_m_hair011.mod (319v 113t)
  OK  e_m_hair012.mod (378v 396t)
  OK  e_m_head_cn_apple.mod (104v 81t)
  OK  e_m_head_cn_rabbit.mod (221v 191t)
  OK  e_m_head_cn_star.mod (202v 159t)
  OK  e_m_head_us_hat.mod (276v 251t)
  OK  e_m_leathearmor001.mod (502v 640t)
  OK  e_m_leathearmor001_lod0.mod (502v 640t)
  OK  e_m_leathearmor001_lod2.mod (502v 640t)
  OK  e_m_leathearmor002.mod (440v 632t)
  OK  e_m_leathearmor001_lod1.mod (502v 640t)
  OK  e_m_leathearmor004.mod (532v 621t)
  OK  e_m_leathearmor003.mod (637v 606t)
  OK  e_m_leathearmor004_lod0.mod (532v 621t)
  OK  e_m_leathearmor004_lod1.mod (532v 621t)
  OK  e_m_leathearmor004_lod2.mod (532v 621t)
  OK  e_m_leathearmor005.mod (596v 595t)
  OK  e_m_leathearmor006.mod (578v 736t)
  OK  e_m_leathearmor009.mod (470v 648t)
  OK  e_m_leathearmor008.mod (621v 572t)
  OK  e_m_leathearmor007.mod (631v 788t)
  OK  e_m_leathearmor010.mod (584v 758t)
  OK  e_m_leathearmor011.mod (570v 740t)
  OK  e_m_leathearmor012.mod (622v 591t)
  OK  e_m_leathearmor014.mod (504v 682t)
  OK  e_m_leathearmor013.mod (564v 762t)
  OK  e_m_leathearmor015.mod (696v 10t)
  OK  e_m_leathearmor015_lod0.mod (696v 10t)
  OK  e_m_leathearmor015_lod1.mod (696v 10t)
  OK  e_m_leathearmor015_lod2.mod (696v 10t)
  OK  e_m_leathearmor016.mod (678v 24t)
  OK  e_m_leathearmor016_lod0.mod (678v 24t)
  OK  e_m_leathearmor016_lod1.mod (678v 24t)
  OK  e_m_leathearmor016_lod2.mod (678v 24t)
  OK  e_m_leathearmor018.mod (708v 797t)
  OK  e_m_leathearmor017.mod (618v 744t)
  OK  e_m_leathearmor020.mod (582v 157t)
  OK  e_m_leathearmor019.mod (647v 597t)
  OK  e_m_leathearmor022.mod (521v 546t)
  OK  e_m_leathearmor021.mod (479v 443t)
  OK  e_m_leathearmor024.mod (897v 10t)
  OK  e_m_leathearmor023.mod (869v 1086t)
  OK  e_m_leathearmor025.mod (506v 635t)
  OK  e_m_leathearmor026.mod (755v 204t)
  OK  e_m_leathearmor028.mod (726v 777t)
  OK  e_m_leathearmor027.mod (800v 771t)
  OK  e_m_leathearmor029.mod (743v 349t)
  OK  e_m_leatherboots001.mod (152v 192t)
  OK  e_m_leathearmor030.mod (628v 634t)
  OK  e_m_leatherboots002.mod (194v 209t)
  OK  e_m_leatherboots003.mod (168v 220t)
  OK  e_m_leatherboots005.mod (210v 198t)
  OK  e_m_leatherboots004.mod (196v 198t)
  OK  e_m_leatherboots006.mod (202v 248t)
  OK  e_m_leatherboots007.mod (236v 221t)
  OK  e_m_leatherboots009.mod (194v 209t)
  OK  e_m_leatherboots008.mod (254v 244t)
  OK  e_m_leatherboots010.mod (222v 203t)
  OK  e_m_leatherboots011.mod (212v 240t)
  OK  e_m_leatherboots012.mod (202v 244t)
  OK  e_m_leatherboots013.mod (202v 236t)
  OK  e_m_leatherboots014.mod (186v 260t)
  OK  e_m_leatherboots015.mod (184v 220t)
  OK  e_m_leatherboots015_lod0.mod (184v 220t)
  OK  e_m_leatherboots015_lod1.mod (184v 220t)
  OK  e_m_leatherboots015_lod2.mod (184v 220t)
  OK  e_m_leatherboots016.mod (218v 220t)
  OK  e_m_leatherboots016_lod0.mod (218v 220t)
  OK  e_m_leatherboots016_lod2.mod (218v 220t)
  OK  e_m_leatherboots016_lod1.mod (218v 220t)
  OK  e_m_leatherboots017.mod (196v 232t)
  OK  e_m_leatherboots018.mod (200v 232t)
  OK  e_m_leatherboots020.mod (222v 252t)
  OK  e_m_leatherboots019.mod (208v 219t)
  OK  e_m_leatherboots021.mod (204v 248t)
  OK  e_m_leatherboots022.mod (156v 224t)
  OK  e_m_leatherboots023.mod (342v 408t)
  OK  e_m_leatherboots025.mod (182v 260t)
  OK  e_m_leatherboots024.mod (198v 226t)
  OK  e_m_leatherboots026.mod (256v 186t)
  OK  e_m_leatherboots027.mod (198v 244t)
  OK  e_m_leatherboots028.mod (212v 240t)
  OK  e_m_leatherboots029.mod (174v 192t)
  OK  e_m_leatherboots030.mod (190v 187t)
  OK  e_m_leatherglove001.mod (276v 296t)
  OK  e_m_leatherglove002.mod (256v 288t)
  OK  e_m_leatherglove004.mod (256v 288t)
  OK  e_m_leatherglove003.mod (272v 304t)
  OK  e_m_leatherglove007.mod (262v 294t)
  OK  e_m_leatherglove005.mod (262v 294t)
  OK  e_m_leatherglove008.mod (256v 288t)
  OK  e_m_leatherglove006.mod (259v 291t)
  OK  e_m_leatherglove012.mod (256v 288t)
  OK  e_m_leatherglove010.mod (262v 294t)
  OK  e_m_leatherglove009.mod (276v 302t)
  OK  e_m_leatherglove011.mod (318v 324t)
  OK  e_m_leatherglove013.mod (270v 300t)
  OK  e_m_leatherglove014.mod (290v 312t)
  OK  e_m_leatherglove015.mod (436v 417t)
  OK  e_m_leatherglove015_lod0.mod (436v 417t)
  OK  e_m_leatherglove015_lod1.mod (436v 417t)
  OK  e_m_leatherglove015_lod2.mod (436v 417t)
  OK  e_m_leatherglove016.mod (436v 417t)
  OK  e_m_leatherglove016_lod0.mod (436v 417t)
  OK  e_m_leatherglove016_lod1.mod (436v 417t)
  OK  e_m_leatherglove017.mod (326v 259t)
  OK  e_m_leatherglove016_lod2.mod (436v 417t)
  OK  e_m_leatherglove018.mod (386v 368t)
  OK  e_m_leatherglove019.mod (266v 300t)
  OK  e_m_leatherglove020.mod (330v 336t)
  OK  e_m_leatherglove021.mod (360v 7t)
  OK  e_m_leatherglove022.mod (318v 324t)
  OK  e_m_leatherglove023.mod (392v 351t)
  OK  e_m_leatherglove025.mod (272v 304t)
  OK  e_m_leatherglove024.mod (416v 428t)
  OK  e_m_leatherglove026.mod (492v 111t)
  OK  e_m_leatherglove028.mod (220v 199t)
  OK  e_m_leatherglove027.mod (296v 336t)
  OK  e_m_leatherglove029.mod (240v 244t)
  OK  e_m_leatherglove030.mod (286v 229t)
  OK  e_m_metalarmor001.mod (504v 672t)
  OK  e_m_metalarmor002.mod (818v 841t)
  OK  e_m_metalarmor004.mod (664v 590t)
  OK  e_m_metalarmor003.mod (846v 875t)
  OK  e_m_metalarmor005.mod (914v 791t)
  OK  e_m_metalarmor006.mod (650v 850t)
  OK  e_m_metalarmor007.mod (835v 823t)
  OK  e_m_metalarmor008.mod (912v 805t)
  OK  e_m_metalarmor009.mod (706v 864t)
  OK  e_m_metalarmor011.mod (608v 768t)
  OK  e_m_metalarmor010.mod (958v 885t)
  OK  e_m_metalarmor012.mod (740v 683t)
  OK  e_m_metalarmor013.mod (732v 659t)
  OK  e_m_metalarmor014.mod (662v 806t)
  OK  e_m_metalarmor015_lod0.mod (566v 724t)
  OK  e_m_metalarmor015.mod (566v 724t)
  OK  e_m_metalarmor015_lod2.mod (566v 724t)
  OK  e_m_metalarmor015_lod1.mod (566v 724t)
  OK  e_m_metalarmor016.mod (612v 435t)
  OK  e_m_metalarmor016_lod0.mod (612v 435t)
  OK  e_m_metalarmor016_lod1.mod (612v 435t)
  OK  e_m_metalarmor016_lod2.mod (612v 435t)
  OK  e_m_metalarmor018.mod (708v 585t)
  OK  e_m_metalarmor017.mod (842v 943t)
  OK  e_m_metalarmor019.mod (559v 587t)
  OK  e_m_metalarmor020.mod (626v 655t)
  OK  e_m_metalarmor022.mod (634v 67t)
  OK  e_m_metalarmor021.mod (855v 1040t)
  OK  e_m_metalarmor024.mod (626v 678t)
  OK  e_m_metalarmor025.mod (802v 377t)
  OK  e_m_metalarmor026.mod (932v 83t)
  OK  e_m_metalarmor027.mod (801v 4t)
  OK  e_m_metalarmor023.mod (2620v 889t)
  OK  e_m_metalarmor029.mod (864v 1090t)
  OK  e_m_metalarmor028.mod (1051v 1123t)
  OK  e_m_metalarmor030.mod (860v 1164t)
  OK  e_m_metalboots002.mod (232v 250t)
  OK  e_m_metalboots001.mod (268v 276t)
  OK  e_m_metalboots003.mod (226v 264t)
  OK  e_m_metalaromr020.mod (626v 655t)
  OK  e_m_metalboots004.mod (228v 256t)
  OK  e_m_metalboots005.mod (338v 327t)
  OK  e_m_metalboots008.mod (256v 265t)
  OK  e_m_metalboots007.mod (256v 265t)
  OK  e_m_metalboots006.mod (226v 292t)
  OK  e_m_metalboots009.mod (264v 284t)
  OK  e_m_metalboots011.mod (216v 244t)
  OK  e_m_metalboots012.mod (268v 243t)
  OK  e_m_metalboots010.mod (256v 265t)
  OK  e_m_metalboots013.mod (200v 236t)
  OK  e_m_metalboots014.mod (264v 316t)
  OK  e_m_metalboots015.mod (208v 197t)
  OK  e_m_metalboots015_lod0.mod (208v 197t)
  OK  e_m_metalboots015_lod2.mod (208v 197t)
  OK  e_m_metalboots015_lod1.mod (208v 197t)
  OK  e_m_metalboots016.mod (236v 229t)
  OK  e_m_metalboots016_lod0.mod (236v 229t)
  OK  e_m_metalboots016_lod1.mod (236v 229t)
  OK  e_m_metalboots016_lod2.mod (236v 229t)
  OK  e_m_metalboots017.mod (218v 247t)
  OK  e_m_metalboots018.mod (188v 248t)
  OK  e_m_metalboots019.mod (216v 272t)
  OK  e_m_metalboots020.mod (192v 252t)
  OK  e_m_metalboots021.mod (198v 203t)
  OK  e_m_metalboots022.mod (258v 324t)
  OK  e_m_metalboots024.mod (196v 247t)
  OK  e_m_metalboots023.mod (294v 320t)
  OK  e_m_metalboots027.mod (234v 103t)
  OK  e_m_metalboots026.mod (308v 264t)
  OK  e_m_metalboots028.mod (234v 175t)
  OK  e_m_metalboots025.mod (368v 416t)
  OK  e_m_metalboots029.mod (318v 241t)
  OK  e_m_metalglove001.mod (282v 300t)
  OK  e_m_metalglove002.mod (357v 291t)
  OK  e_m_metalboots030.mod (612v 204t)
  OK  e_m_metalglove003.mod (272v 304t)
  OK  e_m_metalglove004.mod (368v 376t)
  OK  e_m_metalglove005.mod (350v 207t)
  OK  e_m_metalglove006.mod (378v 392t)
  OK  e_m_metalglove007.mod (326v 324t)
  OK  e_m_metalglove008.mod (356v 219t)
  OK  e_m_metalglove009.mod (288v 310t)
  OK  e_m_metalglove011.mod (402v 404t)
  OK  e_m_metalglove010.mod (356v 219t)
  OK  e_m_metalglove012.mod (356v 313t)
  OK  e_m_metalglove013.mod (298v 328t)
  OK  e_m_metalglove014.mod (298v 326t)
  OK  e_m_metalglove015_lod1.mod (348v 368t)
  OK  e_m_metalglove015_lod0.mod (348v 368t)
  OK  e_m_metalglove015.mod (348v 368t)
  OK  e_m_metalglove015_lod2.mod (348v 368t)
  OK  e_m_metalglove016_lod1.mod (316v 336t)
  OK  e_m_metalglove016.mod (316v 336t)
  OK  e_m_metalglove016_lod0.mod (316v 336t)
  OK  e_m_metalglove016_lod2.mod (316v 336t)
  OK  e_m_metalglove017.mod (288v 193t)
  OK  e_m_metalglove018.mod (286v 312t)
  OK  e_m_metalglove019.mod (336v 304t)
  OK  e_m_metalglove020.mod (386v 392t)
  OK  e_m_metalglove021.mod (372v 297t)
  OK  e_m_metalglove022.mod (394v 428t)
  OK  e_m_metalglove023.mod (358v 354t)
  OK  e_m_metalglove024.mod (382v 325t)
  OK  e_m_metalglove025.mod (420v 353t)
  OK  e_m_metalglove026.mod (392v 310t)
  OK  e_m_metalglove027.mod (568v 155t)
  OK  e_m_wing_01.mod (128v 248t)
  OK  e_m_metalglove030.mod (320v 342t)
  OK  e_m_metalglove028.mod (1068v 356t)
  OK  e_m_metalglove029.mod (540v 712t)
  OK  e_m_wing_02.mod (128v 248t)
  OK  e_m_wing_03.mod (243v 4t)
  OK  e_m_wing_03_flag.mod (273v 4t)
  OK  e_m_wing_04.mod (277v 66t)
  OK  e_m_wing_06.mod (212v 416t)
  OK  e_m_wing_05.mod (212v 416t)
  OK  e_m_wing_07.mod (228v 242t)
  OK  e_m_wing_09.mod (246v 307t)
  OK  e_m_wing_09_w.mod (246v 307t)
  OK  e_m_wing_10.mod (255v 315t)
  OK  e_m_wing_11.mod (190v 244t)
  OK  e_m_wing_10_v.mod (255v 315t)
  OK  e_m_wing_13.mod (120v 128t)
  OK  e_m_wing_14.mod (120v 128t)
  OK  e_m_wing_12.mod (204v 242t)
  OK  e_w_body000.mod (330v 510t)
  OK  e_w_celebrite_boots.mod (208v 212t)
  OK  e_w_celebrite_glove.mod (594v 556t)
  OK  e_w_celebrite_body.mod (734v 846t)
  OK  e_w_chstume_chef_body.mod (643v 10t)
  OK  e_w_chstume_chef_boots.mod (112v 136t)
  OK  e_w_chstume_chef_glove.mod (205v 120t)
  OK  e_w_celebrite_hair.mod (872v 967t)
  OK  e_w_chstume_chef_item.mod (40v 46t)
  OK  e_w_chstume_chef_hair.mod (341v 353t)
  OK  e_w_clothboots001.mod (163v 172t)
  OK  e_w_clothboots004.mod (164v 173t)
  OK  e_w_clothboots002.mod (272v 264t)
  OK  e_w_clothboots003.mod (166v 228t)
  OK  e_w_clothboots005.mod (164v 173t)
  OK  e_w_clothboots006.mod (146v 180t)
  OK  e_w_clothboots009.mod (194v 231t)
  OK  e_w_clothboots008.mod (220v 243t)
  OK  e_w_clothboots010.mod (232v 237t)
  OK  e_w_clothboots007.mod (190v 219t)
  OK  e_w_clothboots011.mod (168v 177t)
  OK  e_w_clothboots012.mod (208v 219t)
  OK  e_w_clothboots013.mod (140v 220t)
  OK  e_w_clothboots014.mod (178v 189t)
  OK  e_w_clothboots015.mod (90v 120t)
  OK  e_w_clothboots015_lod0.mod (90v 120t)
  OK  e_w_clothboots015_lod1.mod (90v 120t)
  OK  e_w_clothboots015_lod2.mod (90v 120t)
  OK  e_w_clothboots016_lod0.mod (192v 248t)
  OK  e_w_clothboots016.mod (192v 248t)
  OK  e_w_clothboots016_lod1.mod (192v 248t)
  OK  e_w_clothboots016_lod2.mod (192v 248t)
  OK  e_w_clothboots017.mod (166v 212t)
  OK  e_w_clothboots018.mod (186v 232t)
  OK  e_w_clothboots019.mod (190v 228t)
  OK  e_w_clothboots020.mod (184v 244t)
  OK  e_w_clothboots021.mod (162v 192t)
  OK  e_w_clothboots022.mod (168v 232t)
  OK  e_w_clothboots023.mod (130v 158t)
  OK  e_w_clothboots026.mod (162v 208t)
  OK  e_w_clothboots025.mod (178v 236t)
  OK  e_w_clothboots024.mod (328v 299t)
  OK  e_w_clothboots027.mod (198v 210t)
  OK  e_w_clothboots028.mod (190v 224t)
  OK  e_w_clothboots029.mod (152v 166t)
  OK  e_w_clothboots030.mod (176v 192t)
  OK  e_w_clothglove001.mod (270v 280t)
  OK  e_w_clothglove004.mod (270v 292t)
  OK  e_w_clothglove003.mod (294v 300t)
  OK  e_w_clothglove005.mod (270v 292t)
  OK  e_w_clothglove002.mod (706v 376t)
  OK  e_w_clothglove006.mod (277v 280t)
  OK  e_w_clothglove007.mod (366v 356t)
  OK  e_w_clothglove008.mod (270v 292t)
  OK  e_w_clothglove009.mod (340v 324t)
  OK  e_w_clothglove010.mod (294v 300t)
  OK  e_w_clothglove011.mod (256v 288t)
  OK  e_w_clothglove012.mod (256v 288t)
  OK  e_w_clothglove013.mod (306v 283t)
  OK  e_w_clothglove014.mod (266v 300t)
  OK  e_w_clothglove015.mod (272v 280t)
  OK  e_w_clothglove015_lod0.mod (272v 280t)
  OK  e_w_clothglove015_lod1.mod (272v 280t)
  OK  e_w_clothglove015_lod2.mod (272v 280t)
  OK  e_w_clothglove016_lod0.mod (318v 370t)
  OK  e_w_clothglove016.mod (318v 370t)
  OK  e_w_clothglove016_lod1.mod (318v 370t)
  OK  e_w_clothglove016_lod2.mod (318v 370t)
  OK  e_w_clothglove017.mod (326v 303t)
  OK  e_w_clothglove018.mod (302v 282t)
  OK  e_w_clothglove019.mod (250v 260t)
  OK  e_w_clothglove020.mod (238v 240t)
  OK  e_w_clothglove021.mod (288v 276t)
  OK  e_w_clothglove022.mod (314v 275t)
  OK  e_w_clothglove023.mod (258v 256t)
  OK  e_w_clothglove024.mod (362v 317t)
  OK  e_w_clothglove026.mod (308v 210t)
  OK  e_w_clothglove025.mod (268v 276t)
  OK  e_w_clothglove027.mod (288v 276t)
  OK  e_w_clothglove028.mod (238v 240t)
  OK  e_w_clothglove029.mod (238v 240t)
  OK  e_w_clothglove030.mod (334v 323t)
  OK  e_w_clothrobe001.mod (529v 485t)
  OK  e_w_clothrobe003.mod (568v 629t)
  OK  e_w_clothrobe002.mod (628v 604t)
  OK  e_w_clothrobe003_lod0.mod (568v 629t)
  OK  e_w_clothrobe004.mod (462v 612t)
  OK  e_w_clothrobe003_lod1.mod (568v 629t)
  OK  e_w_clothrobe003_lod2.mod (568v 629t)
  OK  e_w_clothrobe005.mod (532v 656t)
  OK  e_w_clothrobe006.mod (552v 710t)
  OK  e_w_clothrobe006_lod0.mod (552v 710t)
  OK  e_w_clothrobe006_lod1.mod (552v 710t)
  OK  e_w_clothrobe006_lod2.mod (552v 710t)
  OK  e_w_clothrobe007.mod (500v 636t)
  OK  e_w_clothrobe008.mod (522v 497t)
  OK  e_w_clothrobe009.mod (500v 636t)
  OK  e_w_clothrobe011.mod (462v 612t)
  OK  e_w_clothrobe010.mod (630v 603t)
  OK  e_w_clothrobe012.mod (558v 531t)
  OK  e_w_clothrobe013.mod (598v 546t)
  OK  e_w_clothrobe014.mod (466v 674t)
  OK  e_w_clothrobe015_lod0.mod (424v 516t)
  OK  e_w_clothrobe015.mod (424v 516t)
  OK  e_w_clothrobe015_lod1.mod (424v 516t)
  OK  e_w_clothrobe015_lod2.mod (424v 516t)
  OK  e_w_clothrobe016_lod0.mod (490v 664t)
  OK  e_w_clothrobe016_lod1.mod (490v 664t)
  OK  e_w_clothrobe016.mod (490v 664t)
  OK  e_w_clothrobe016_lod2.mod (490v 664t)
  OK  e_w_clothrobe017.mod (619v 593t)
  OK  e_w_clothrobe018.mod (648v 810t)
  OK  e_w_clothrobe019.mod (642v 551t)
  OK  e_w_clothrobe020.mod (587v 432t)
  OK  e_w_clothrobe021.mod (739v 870t)
  OK  e_w_clothrobe022.mod (702v 601t)
  OK  e_w_clothrobe023.mod (848v 914t)
  OK  e_w_clothrobe024.mod (728v 361t)
  OK  e_w_clothrobe025.mod (764v 766t)
  OK  e_w_clothrobe026.mod (716v 679t)
  OK  e_w_clothrobe027.mod (976v 787t)
  OK  e_w_clothrobe028.mod (838v 1023t)
  OK  e_w_clothrobe029.mod (638v 634t)
  OK  e_w_costume_angel_boots.mod (270v 205t)
  OK  e_w_costume_angel_body.mod (708v 874t)
  OK  e_w_costume_angel_hair.mod (416v 93t)
  OK  e_w_costume_angel_glove.mod (306v 255t)
  OK  e_w_clothrobe030.mod (995v 899t)
  OK  e_w_costume_arabian_boots.mod (187v 177t)
  OK  e_w_costume_arabian_glove.mod (258v 256t)
  OK  e_w_costume_bani_boots.mod (92v 168t)
  OK  e_w_costume_arabian_body.mod (649v 552t)
  OK  e_w_costume_bani_body.mod (353v 15t)
  OK  e_w_costume_arabian_hair.mod (740v 818t)
  OK  e_w_costume_bani_hair.mod (56v 64t)
  OK  e_w_costume_bani_glove.mod (294v 288t)
  OK  e_w_costume_bikini01_boot.mod (158v 184t)
  OK  e_w_costume_bikini01_boots.mod (158v 184t)
  OK  e_w_costume_bikini01_glove.mod (269v 235t)
  OK  e_w_costume_bikini01_body.mod (504v 464t)
  OK  e_w_costume_bikini01_hair.mod (432v 368t)
  OK  e_w_costume_bikini02_body.mod (615v 730t)
  OK  e_w_costume_bikini02_glove.mod (442v 379t)
  OK  e_w_costume_bikini02_hair.mod (475v 249t)
  OK  e_w_costume_bikini02_boot.mod (412v 313t)
  OK  e_w_costume_bikini03_boots.mod (214v 171t)
  OK  e_w_costume_bikini03_glove.mod (263v 176t)
  OK  e_w_costume_bikini03_hair.mod (350v 239t)
  OK  e_w_costume_bikini03_body.mod (619v 780t)
  OK  e_w_costume_boot.mod (110v 140t)
  OK  e_w_costume_cardcaptor_boot.mod (178v 179t)
  OK  e_w_costume_cardcaptor_gloves.mod (320v 312t)
  OK  e_w_costume_cardcaptor_hair.mod (384v 311t)
  OK  e_w_costume_cardcaptor_body.mod (694v 681t)
  OK  e_w_costume_cat1_body.mod (494v 539t)
  OK  e_w_costume_cat1_body_lod0.mod (494v 539t)
  OK  e_w_costume_cat1_body_lod1.mod (494v 539t)
  OK  e_w_costume_cat1_body_lod2.mod (494v 539t)
  OK  e_w_costume_cat1_boot.mod (162v 212t)
  OK  e_w_costume_cat1_boot_lod0.mod (162v 212t)
  OK  e_w_costume_cat1_boot_lod2.mod (162v 212t)
  OK  e_w_costume_cat1_boot_lod1.mod (162v 212t)
  OK  e_w_costume_cat1_glove.mod (164v 208t)
  OK  e_w_costume_cat1_glove_lod0.mod (164v 208t)
  OK  e_w_costume_cat1_glove_lod1.mod (164v 208t)
  OK  e_w_costume_cat1_glove_lod2.mod (164v 208t)
  OK  e_w_costume_cat1_hair.mod (284v 424t)
  OK  e_w_costume_cat1_hair_lod1.mod (284v 424t)
  OK  e_w_costume_cat1_hair_lod0.mod (284v 424t)
  OK  e_w_costume_cat1_hair_lod2.mod (284v 424t)
  OK  e_w_costume_cat2_body.mod (460v 642t)
  OK  e_w_costume_cat2_boot.mod (162v 212t)
  OK  e_w_costume_cat2_body_lod1.mod (460v 642t)
  OK  e_w_costume_cat2_body_lod0.mod (460v 642t)
  OK  e_w_costume_cat2_body_lod2.mod (460v 642t)
  OK  e_w_costume_cat2_boot_lod2.mod (162v 212t)
  OK  e_w_costume_cat2_glove.mod (164v 208t)
  OK  e_w_costume_cat2_boot_lod0.mod (162v 212t)
  OK  e_w_costume_cat2_boot_lod1.mod (162v 212t)
  OK  e_w_costume_cat2_glove_lod0.mod (164v 208t)
  OK  e_w_costume_cat2_glove_lod1.mod (164v 208t)
  OK  e_w_costume_cat2_glove_lod2.mod (164v 208t)
  OK  e_w_costume_cat2_hair.mod (284v 424t)
  OK  e_w_costume_cat2_hair_lod1.mod (284v 424t)
  OK  e_w_costume_cat2_hair_lod0.mod (284v 424t)
  OK  e_w_costume_cat2_hair_lod2.mod (284v 424t)
  OK  e_w_costume_cat3_body.mod (460v 642t)
  OK  e_w_costume_cat3_body_lod1.mod (460v 642t)
  OK  e_w_costume_cat3_boot.mod (162v 212t)
  OK  e_w_costume_cat3_body_lod2.mod (460v 642t)
  OK  e_w_costume_cat3_body_lod0.mod (460v 642t)
  OK  e_w_costume_cat3_boot_lod1.mod (162v 212t)
  OK  e_w_costume_cat3_boot_lod0.mod (162v 212t)
  OK  e_w_costume_cat3_boot_lod2.mod (162v 212t)
  OK  e_w_costume_cat3_glove.mod (164v 208t)
  OK  e_w_costume_cat3_glove_lod0.mod (164v 208t)
  OK  e_w_costume_cat3_glove_lod1.mod (164v 208t)
  OK  e_w_costume_cat3_glove_lod2.mod (164v 208t)
  OK  e_w_costume_cat3_hair.mod (284v 424t)
  OK  e_w_costume_cat3_hair_lod0.mod (284v 424t)
  OK  e_w_costume_cat3_hair_lod1.mod (284v 424t)
  OK  e_w_costume_cat3_hair_lod2.mod (284v 424t)
  OK  e_w_costume_cat4_boots.mod (162v 212t)
  OK  e_w_costume_cat4_glove.mod (166v 208t)
  OK  e_w_costume_cat4_hair.mod (210v 316t)
  OK  e_w_costume_cat4_body.mod (556v 557t)
  OK  e_w_costume_celebrity_body.mod (509v 37t)
  OK  e_w_costume_celebrity_boots.mod (210v 228t)
  OK  e_w_costume_celebrity_glove.mod (350v 20t)
  OK  e_w_costume_celebrity_hair.mod (459v 8t)
  OK  e_w_costume_chic_b_boots.mod (194v 208t)
  OK  e_w_costume_chic_b_hair.mod (196v 222t)
  OK  e_w_costume_chic_b_body.mod (554v 333t)
  OK  e_w_costume_chic_g_body.mod (554v 333t)
  OK  e_w_costume_chic_g_boots.mod (194v 208t)
  OK  e_w_costume_chic_b_glove.mod (268v 276t)
  OK  e_w_costume_chic_g_hair.mod (196v 222t)
  OK  e_w_costume_chic_g_glove.mod (268v 276t)
  OK  e_w_costume_chic_p_body.mod (554v 333t)
  OK  e_w_costume_chic_p_hair.mod (196v 222t)
  OK  e_w_costume_chic_p_glove.mod (268v 276t)
  OK  e_w_costume_chic_p_boots.mod (194v 208t)
  OK  e_w_costume_chic_suit_boots.mod (194v 208t)
  OK  e_w_costume_chic_suit_hair.mod (230v 189t)
  OK  e_w_costume_chic_suit_glove.mod (268v 276t)
  OK  e_w_costume_chic_suit_body.mod (537v 275t)
  OK  e_w_costume_chic_w_glove.mod (268v 276t)
  OK  e_w_costume_chic_w_boots.mod (194v 208t)
  OK  e_w_costume_chic_w_body.mod (554v 333t)
  OK  e_w_costume_chic_w_hair.mod (196v 222t)
  OK  e_w_costume_chick_boot.mod (194v 208t)
  OK  e_w_costume_chick_glove.mod (268v 276t)
  OK  e_w_costume_chick_body.mod (558v 333t)
  OK  e_w_costume_chick_hair.mod (280v 51t)
  OK  e_w_costume_china_boots.mod (206v 240t)
  OK  e_w_costume_china_glove.mod (238v 240t)
  OK  e_w_costume_claw_glove.mod (130v 208t)
  OK  e_w_costume_china_hair.mod (327v 329t)
  OK  e_w_costume_china_body.mod (758v 642t)
  OK  e_w_costume_cow_boot.mod (166v 196t)
  OK  e_w_costume_cow_gloves.mod (130v 156t)
  OK  e_w_costume_cow_hair.mod (411v 21t)
  OK  e_w_costume_cowboy_boots.mod (240v 264t)
  OK  e_w_costume_cow_body.mod (495v 583t)
  OK  e_w_costume_cowboy_glove.mod (288v 265t)
  OK  e_w_costume_cowboy_body.mod (874v 30t)
  OK  e_w_costume_cowboy_hair.mod (409v 302t)
  OK  e_w_costume_devil02_boots.mod (264v 300t)
  OK  e_w_costume_devil02_body.mod (1171v 1431t)
  OK  e_w_costume_devil02_glove.mod (278v 223t)
  OK  e_w_costume_devil02_hair.mod (540v 246t)
  OK  e_w_costume_devil_boots.mod (172v 260t)
  OK  e_w_costume_devil_glove.mod (260v 225t)
  OK  e_w_costume_devil_hair.mod (274v 39t)
  OK  e_w_costume_devil_item.mod (86v 111t)
  OK  e_w_costume_devil_body.mod (667v 551t)
  OK  e_w_costume_divingsuit_boots.mod (156v 166t)
  OK  e_w_costume_dracula_headband.mod (72v 94t)
  OK  e_w_costume_dracula_boots.mod (128v 158t)
  OK  e_w_costume_dracula_glove.mod (268v 261t)
  OK  e_w_costume_dracula_body.mod (780v 513t)
  OK  e_w_costume_dress_body_lod0.mod (776v 633t)
  OK  e_w_costume_dress_body.mod (776v 633t)
  OK  e_w_costume_dress_body_lod1.mod (776v 633t)
  OK  e_w_costume_dress_body_r.mod (776v 633t)
  OK  e_w_costume_dress_body_lod2.mod (776v 633t)
  OK  e_w_costume_dress_boot.mod (138v 180t)
  OK  e_w_costume_dress_boot_lod1.mod (138v 180t)
  OK  e_w_costume_dress_boot_lod0.mod (138v 180t)
  OK  e_w_costume_dress_body_w.mod (776v 633t)
  OK  e_w_costume_dress_boots_r.mod (138v 180t)
  OK  e_w_costume_dress_boots.mod (138v 180t)
  OK  e_w_costume_dress_boot_lod2.mod (138v 180t)
  OK  e_w_costume_dress_boots_w.mod (138v 180t)
  OK  e_w_costume_dress_boots_w_.mod (138v 180t)
  OK  e_w_costume_dress_glove.mod (364v 356t)
  OK  e_w_costume_dress_glove_lod0.mod (364v 356t)
  OK  e_w_costume_dress_glove_lod2.mod (364v 356t)
  OK  e_w_costume_dress_glove_lod1.mod (364v 356t)
  OK  e_w_costume_dress_glove_r.mod (364v 356t)
  OK  e_w_costume_dress_glove_w.mod (364v 356t)
  OK  e_w_costume_dress_hair.mod (398v 456t)
  OK  e_w_costume_dress_hair_lod0.mod (398v 456t)
  OK  e_w_costume_dress_hair_lod2.mod (398v 456t)
  OK  e_w_costume_dress_hair_lod1.mod (398v 456t)
  OK  e_w_costume_dress_hair_r.mod (398v 456t)
  OK  e_w_costume_dress_hair_w.mod (398v 456t)
  OK  e_w_costume_fireman_boots.mod (194v 260t)
  OK  e_w_costume_fireman_glove.mod (270v 164t)
  OK  e_w_costume_fireman_item.mod (81v 92t)
  OK  e_w_costume_fireman_hair.mod (291v 310t)
  OK  e_w_costume_fireman_body.mod (586v 503t)
  OK  e_w_costume_fishing_boots.mod (180v 185t)
  OK  e_w_costume_fishinghat_hair.mod (207v 213t)
  OK  e_w_costume_fishinghat_hair02.mod (196v 158t)
  OK  e_w_costume_fishing_glove.mod (284v 324t)
  OK  e_w_costume_fruit01.mod (183v 7t)
  OK  e_w_costume_frog_hair.mod (392v 303t)
  OK  e_w_costume_gothloli_boots.mod (204v 236t)
  OK  e_w_costume_gothloli_cap.mod (255v 242t)
  OK  e_w_costume_fruit02.mod (197v 241t)
  OK  e_w_costume_halloween_01.mod (240v 286t)
  OK  e_w_costume_halloween_02.mod (274v 374t)
  OK  e_w_costume_gothloli_glove.mod (238v 240t)
  OK  e_w_costume_gothloli_body.mod (818v 860t)
  OK  e_w_costume_hero_boots.mod (166v 146t)
  OK  e_w_costume_halloween_03.mod (270v 400t)
  OK  e_w_costume_hero_glove.mod (292v 217t)
  OK  e_w_costume_hero_body.mod (531v 224t)
  OK  e_w_costume_hero_hair.mod (242v 338t)
  OK  e_w_costume_hiphop_body03.mod (575v 183t)
  OK  e_w_costume_hiphop_body01.mod (650v 582t)
  OK  e_w_costume_hiphop_boots01.mod (138v 172t)
  OK  e_w_costume_hiphop_body02.mod (615v 715t)
  OK  e_w_costume_hiphop_boots02.mod (138v 172t)
  OK  e_w_costume_hiphop_body04.mod (666v 690t)
  OK  e_w_costume_hiphop_boots03.mod (138v 172t)
  OK  e_w_costume_hiphop_boots04.mod (138v 172t)
  OK  e_w_costume_hiphop_glove01.mod (266v 231t)
  OK  e_w_costume_hiphop_glove02.mod (293v 275t)
  OK  e_w_costume_hiphop_glove04.mod (266v 231t)
  OK  e_w_costume_hiphop_hair01.mod (169v 122t)
  OK  e_w_costume_hiphop_glove03.mod (293v 275t)
  OK  e_w_costume_hiphop_hair04.mod (169v 122t)
  OK  e_w_costume_hiphop_hair03.mod (265v 239t)
  OK  e_w_costume_hiphop_hair02.mod (265v 239t)
  OK  e_w_costume_honeybee_boots.mod (202v 264t)
  OK  e_w_costume_honeybee_glove.mod (322v 327t)
  OK  e_w_costume_honeybee_hair.mod (198v 306t)
  OK  e_w_costume_honeybee_body.mod (495v 682t)
  OK  e_w_costume_indian_boots.mod (112v 136t)
  OK  e_w_costume_indian_glove.mod (252v 12t)
  OK  e_w_costume_indian_item.mod (74v 60t)
  OK  e_w_costume_innerboot.mod (110v 140t)
  OK  e_w_costume_indian_body.mod (513v 646t)
  OK  e_w_costume_kimono_boots.mod (180v 186t)
  OK  e_w_costume_indian_hair.mod (494v 632t)
  OK  e_w_costume_kimono_glove.mod (478v 523t)
  OK  e_w_costume_kindergarten_boots.mod (194v 232t)
  OK  e_w_costume_kimono_hair.mod (411v 155t)
  OK  e_w_costume_kimono_body.mod (1347v 940t)
  OK  e_w_costume_kindergarten_body.mod (631v 528t)
  SKIP e_w_costume_kindergartent_body.mod (no geometry)
  OK  e_w_costume_kindergarten_glove.mod (415v 111t)
  OK  e_w_costume_kindergarten_item.mod (226v 84t)
  OK  e_w_costume_kindergarten_hair.mod (434v 495t)
  OK  e_w_costume_korclothes_body.mod (841v 105t)
  OK  e_w_costume_korclothes_body_lod1.mod (841v 105t)
  OK  e_w_costume_korclothes_boot.mod (124v 164t)
  OK  e_w_costume_korclothes_body_lod0.mod (841v 105t)
  OK  e_w_costume_korclothes_boot_lod0.mod (124v 164t)
  OK  e_w_costume_korclothes_boot_lod1.mod (124v 164t)
  OK  e_w_costume_korclothes_body_lod2.mod (841v 105t)
  OK  e_w_costume_korclothes_boot_lod2.mod (124v 164t)
  OK  e_w_costume_korclothes_glove_lod1.mod (238v 240t)
  OK  e_w_costume_korclothes_glove_lod0.mod (238v 240t)
  OK  e_w_costume_korclothes_glove_lod2.mod (238v 240t)
  OK  e_w_costume_korclothes_glove.mod (238v 240t)
  OK  e_w_costume_korclothes_hair.mod (507v 168t)
  OK  e_w_costume_korclothes_hair_lod2.mod (507v 168t)
  OK  e_w_costume_korclothes_hair_lod1.mod (507v 168t)
  OK  e_w_costume_korclothes_hair_lod0.mod (507v 168t)
  OK  e_w_costume_koreanclothes_01_body.mod (559v 722t)
  OK  e_w_costume_koreanclothes_01_body_lod0.mod (559v 722t)
  OK  e_w_costume_koreanclothes_01_body_lod1.mod (559v 722t)
  OK  e_w_costume_koreanclothes_01_body_lod2.mod (559v 722t)
  OK  e_w_costume_koreanclothes_01_boot_lod0.mod (112v 140t)
  OK  e_w_costume_koreanclothes_01_boot.mod (112v 140t)
  OK  e_w_costume_koreanclothes_01_boot_lod1.mod (112v 140t)
  OK  e_w_costume_koreanclothes_01_glove.mod (238v 240t)
  OK  e_w_costume_koreanclothes_01_glove_lod0.mod (238v 240t)
  OK  e_w_costume_koreanclothes_01_boot_lod2.mod (112v 140t)
  OK  e_w_costume_koreanclothes_01_glove_lod1.mod (238v 240t)
  OK  e_w_costume_koreanclothes_01_glove_lod2.mod (238v 240t)
  OK  e_w_costume_koreanclothes_01_hair.mod (313v 77t)
  OK  e_w_costume_koreanclothes_01_hair_lod0.mod (313v 77t)
  OK  e_w_costume_koreanclothes_01_hair_lod1.mod (313v 77t)
  OK  e_w_costume_koreanclothes_01_hair_lod2.mod (313v 77t)
  OK  e_w_costume_koreanwedding_boots.mod (168v 228t)
  OK  e_w_costume_lf_003.mod (255v 366t)
  OK  e_w_costume_koreanwedding_glove.mod (314v 65t)
  OK  e_w_costume_koreanwedding_body.mod (1104v 13t)
  OK  e_w_costume_lf_006_hair.mod (92v 118t)
  OK  e_w_costume_lf_006_body.mod (565v 618t)
  OK  e_w_costume_koreanwedding_hair.mod (837v 636t)
  OK  e_w_costume_lf_007.mod (411v 463t)
  OK  e_w_costume_magiccard_glove.mod (244v 240t)
  OK  e_w_costume_magiccard_boots.mod (242v 268t)
  OK  e_w_costume_magiccard_hair.mod (377v 359t)
  OK  e_w_costume_magicknight_boots.mod (218v 256t)
  OK  e_w_costume_magiccard_body.mod (787v 255t)
  OK  e_w_costume_magicknight_glove.mod (368v 293t)
  OK  e_w_costume_magicknight_body.mod (1197v 209t)
  OK  e_w_costume_magicknight_hair.mod (717v 844t)
  OK  e_w_costume_maid_body.mod (724v 924t)
  OK  e_w_costume_maid_body_lod1.mod (724v 924t)
  OK  e_w_costume_maid_boots.mod (128v 158t)
  OK  e_w_costume_maid_boots_lod0.mod (128v 158t)
  OK  e_w_costume_maid_body_lod0.mod (724v 924t)
  OK  e_w_costume_maid_boots_lod2.mod (128v 158t)
  OK  e_w_costume_maid_boots_lod1.mod (128v 158t)
  OK  e_w_costume_maid_body_lod2.mod (724v 924t)
  OK  e_w_costume_maid_glove_lod0.mod (280v 288t)
  OK  e_w_costume_maid_glove_lod1.mod (280v 288t)
  OK  e_w_costume_maid_glove_lod2.mod (280v 288t)
  OK  e_w_costume_maid_glove.mod (280v 288t)
  OK  e_w_costume_maid_hair.mod (191v 78t)
  OK  e_w_costume_maid_hair_lod1.mod (191v 78t)
  OK  e_w_costume_maid_hair_lod0.mod (191v 78t)
  OK  e_w_costume_maid_hair_lod2.mod (191v 78t)
  OK  e_w_costume_monster01_boots.mod (120v 89t)
  OK  e_w_costume_monster01_glove.mod (210v 221t)
  OK  e_w_costume_monster01_hair.mod (248v 112t)
  OK  e_w_costume_monster01_body.mod (610v 362t)
  OK  e_w_costume_monster02_boots.mod (148v 192t)
  OK  e_w_costume_monster02_glove.mod (158v 208t)
  OK  e_w_costume_monster02_hair.mod (238v 288t)
  OK  e_w_costume_monster02_body.mod (514v 678t)
  OK  e_w_costume_mummy_01.mod (144v 184t)
  OK  e_w_costume_mummy_02.mod (134v 168t)
  OK  e_w_costume_mummy_04.mod (104v 128t)
  OK  e_w_costume_npc01_boots.mod (102v 132t)
  OK  e_w_costume_mummy_03.mod (418v 565t)
  OK  e_w_costume_npc01_body.mod (527v 724t)
  OK  e_w_costume_npc01_hair.mod (300v 375t)
  OK  e_w_costume_npc02_boots.mod (190v 292t)
  OK  e_w_costume_npc01_glove.mod (340v 343t)
  OK  e_w_costume_npc02_glove.mod (238v 240t)
  OK  e_w_costume_npc02_hair.mod (308v 38t)
  OK  e_w_costume_nurse_boots.mod (112v 136t)
  OK  e_w_costume_npc02_body.mod (763v 1050t)
  OK  e_w_costume_nurse_hair.mod (365v 30t)
  OK  e_w_costume_nurse_glove.mod (268v 252t)
  OK  e_w_costume_octopus_hair.mod (380v 486t)
  OK  e_w_costume_nurse_body.mod (828v 236t)
  OK  e_w_costume_officer_body.mod (760v 102t)
  OK  e_w_costume_officer_body_lod1.mod (760v 102t)
  OK  e_w_costume_officer_boot.mod (110v 140t)
  OK  e_w_costume_officer_body_lod2.mod (760v 102t)
  OK  e_w_costume_officer_boot_lod0.mod (110v 140t)
  OK  e_w_costume_officer_body_lod0.mod (760v 102t)
  OK  e_w_costume_officer_boot_lod1.mod (110v 140t)
  OK  e_w_costume_officer_boot_lod2.mod (110v 140t)
  OK  e_w_costume_officer_glove_lod0.mod (294v 300t)
  OK  e_w_costume_officer_glove.mod (294v 300t)
  OK  e_w_costume_officer_glove_lod2.mod (294v 300t)
  OK  e_w_costume_officer_glove_lod1.mod (294v 300t)
  OK  e_w_costume_onepiece01_boots.mod (184v 196t)
  OK  e_w_costume_onepiece01_hair.mod (289v 225t)
  OK  e_w_costume_onepiece01_body.mod (544v 666t)
  OK  e_w_costume_onepiece01_glove.mod (354v 328t)
  OK  e_w_costume_onepiece02_body.mod (469v 610t)
  OK  e_w_costume_onepiece02_boots.mod (184v 196t)
  OK  e_w_costume_onepiece02_hair.mod (338v 306t)
  OK  e_w_costume_onepiece02_glove.mod (319v 319t)
  OK  e_w_costume_opera_body_lod0.mod (590v 824t)
  OK  e_w_costume_opera_body.mod (590v 824t)
  OK  e_w_costume_opera_boots_lod0.mod (214v 218t)
  OK  e_w_costume_opera_body_lod2.mod (590v 824t)
  OK  e_w_costume_opera_body_lod1.mod (590v 824t)
  OK  e_w_costume_opera_boots.mod (214v 218t)
  OK  e_w_costume_opera_boots_lod2.mod (214v 218t)
  OK  e_w_costume_opera_boots_lod1.mod (214v 218t)
  OK  e_w_costume_opera_glove_lod0.mod (274v 231t)
  OK  e_w_costume_opera_glove.mod (274v 231t)
  OK  e_w_costume_opera_glove_lod1.mod (274v 231t)
  OK  e_w_costume_opera_mask.mod (56v 76t)
  OK  e_w_costume_opera_mask_lod0.mod (56v 76t)
  OK  e_w_costume_opera_glove_lod2.mod (274v 231t)
  OK  e_w_costume_opera_mask_lod2.mod (56v 76t)
  OK  e_w_costume_opera_mask_lod1.mod (56v 76t)
  OK  e_w_costume_pajamas_hair.mod (501v 8t)
  OK  e_w_costume_pajamas_boots.mod (268v 292t)
  OK  e_w_costume_pajamas_glove.mod (388v 255t)
  OK  e_w_costume_pajamas_body.mod (644v 860t)
  OK  e_w_costume_panda_boot.mod (140v 184t)
  OK  e_w_costume_panda_glove.mod (162v 204t)
  OK  e_w_costume_paperbag_hair.mod (104v 27t)
  OK  e_w_costume_panda_hair.mod (170v 230t)
  OK  e_w_costume_pirate_body_lod0.mod (563v 373t)
  OK  e_w_costume_panda_body.mod (814v 892t)
  OK  e_w_costume_pirate_body.mod (563v 373t)
  OK  e_w_costume_pirate_body_lod1.mod (563v 373t)
  OK  e_w_costume_pirate_boot.mod (198v 260t)
  OK  e_w_costume_pirate_boot_lod0.mod (198v 260t)
  OK  e_w_costume_pirate_boot_lod1.mod (198v 260t)
  OK  e_w_costume_pirate_boot_lod2.mod (198v 260t)
  OK  e_w_costume_pirate_body_lod2.mod (563v 373t)
  OK  e_w_costume_pirate_glove.mod (314v 289t)
  OK  e_w_costume_pirate_glove_lod0.mod (314v 289t)
  OK  e_w_costume_pirate_glove_lod2.mod (314v 289t)
  OK  e_w_costume_pirate_glove_lod1.mod (314v 289t)
  OK  e_w_costume_pirate_hair_lod0.mod (295v 128t)
  OK  e_w_costume_pirate_hair.mod (295v 128t)
  OK  e_w_costume_pirate_hair_lod2.mod (295v 128t)
  OK  e_w_costume_pirate_hair_lod1.mod (295v 128t)
  OK  e_w_costume_pirate_manteau.mod (44v 58t)
  OK  e_w_costume_priest_glove.mod (238v 240t)
  OK  e_w_costume_priest_boots.mod (192v 248t)
  OK  e_w_costume_priest_hair.mod (280v 328t)
  OK  e_w_costume_prince_glove.mod (268v 18t)
  OK  e_w_costume_priest_body.mod (798v 138t)
  OK  e_w_costume_prince_boots.mod (780v 259t)
  OK  e_w_costume_prince_hair.mod (450v 332t)
  OK  e_w_costume_prince_body.mod (734v 1020t)
  OK  e_w_costume_princess_glove.mod (268v 18t)
  OK  e_w_costume_princess_boots.mod (780v 259t)
  OK  e_w_costume_princess_hair.mod (450v 332t)
  OK  e_w_costume_puffer_hair.mod (349v 456t)
  OK  e_w_costume_princess_body.mod (734v 1020t)
  OK  e_w_costume_rabbit_boots.mod (144v 204t)
  OK  e_w_costume_rabbit_glove.mod (136v 160t)
  OK  e_w_costume_rabbit_hair.mod (189v 246t)
  OK  e_w_costume_rabbit_body.mod (560v 706t)
  OK  e_w_costume_rain_boots.mod (174v 196t)
  OK  e_w_costume_rain_glove.mod (302v 33t)
  OK  e_w_costume_rain_body.mod (538v 446t)
  OK  e_w_costume_rain_hair.mod (491v 521t)
  OK  e_w_costume_rider_boots.mod (160v 212t)
  OK  e_w_costume_rider_glove.mod (238v 240t)
  OK  e_w_costume_rider_body.mod (575v 517t)
  OK  e_w_costume_rudolf_boots.mod (160v 204t)
  OK  e_w_costume_rudolf_glove.mod (234v 245t)
  OK  e_w_costume_rider_hair.mod (548v 63t)
  OK  e_w_costume_rudolf_body.mod (538v 609t)
  OK  e_w_costume_rudolf_hair.mod (352v 139t)
  OK  e_w_costume_samurai_boots.mod (164v 212t)
  OK  e_w_costume_samurai_glove.mod (238v 240t)
  OK  e_w_costume_samurai_body.mod (806v 40t)
  OK  e_w_costume_santa_body.mod (523v 6t)
  OK  e_w_costume_santa_body_lod0.mod (523v 6t)
  OK  e_w_costume_santa_body_lod1.mod (523v 6t)
  OK  e_w_costume_santa_body_lod2.mod (523v 6t)
  OK  e_w_costume_santa_boot.mod (148v 173t)
  OK  e_w_costume_santa_boot_lod0.mod (148v 173t)
  OK  e_w_costume_santa_boot_lod1.mod (148v 173t)
  OK  e_w_costume_santa_boot_lod2.mod (148v 173t)
  OK  e_w_costume_santa_glove.mod (174v 232t)
  OK  e_w_costume_santa_glove_lod0.mod (174v 232t)
  OK  e_w_costume_santa_glove_lod2.mod (174v 232t)
  OK  e_w_costume_santa_glove_lod1.mod (174v 232t)
  OK  e_w_costume_santa_hair.mod (247v 105t)
  OK  e_w_costume_santa_hair_lod1.mod (247v 105t)
  OK  e_w_costume_santa_hair_lod0.mod (247v 105t)
  OK  e_w_costume_santa_hair_lod2.mod (247v 105t)
  OK  e_w_costume_schooluniform_body_lod0.mod (583v 608t)
  OK  e_w_costume_schooluniform_body_lod1.mod (583v 608t)
  OK  e_w_costume_schooluniform_body.mod (583v 608t)
  OK  e_w_costume_schooluniform_boot.mod (115v 142t)
  OK  e_w_costume_schooluniform_body_lod2.mod (583v 608t)
  OK  e_w_costume_schooluniform_boot_lod1.mod (115v 142t)
  OK  e_w_costume_schooluniform_boot_lod2.mod (115v 142t)
  OK  e_w_costume_schooluniform_boot_lod0.mod (115v 142t)
  OK  e_w_costume_schooluniform_glove.mod (272v 247t)
  OK  e_w_costume_schooluniform_glove_lod0.mod (272v 247t)
  OK  e_w_costume_schooluniform_glove_lod1.mod (272v 247t)
  OK  e_w_costume_schooluniform_glove_lod2.mod (272v 247t)
  OK  e_w_costume_sexy_boots.mod (230v 282t)
  OK  e_w_costume_sexy_body.mod (632v 882t)
  OK  e_w_costume_sexy_glove.mod (238v 240t)
  OK  e_w_costume_sexy_hair.mod (360v 536t)
  OK  e_w_costume_sf_boots.mod (192v 219t)
  OK  e_w_costume_sf_body.mod (584v 803t)
  OK  e_w_costume_sf_glove.mod (354v 300t)
  OK  e_w_costume_shark_hair.mod (219v 222t)
  OK  e_w_costume_sf_hair.mod (344v 407t)
  OK  e_w_costume_snake_boots.mod (92v 168t)
  OK  e_w_costume_snake_body.mod (566v 146t)
  OK  e_w_costume_snake_hair.mod (256v 236t)
  OK  e_w_costume_snake_glove.mod (342v 308t)
  OK  e_w_costume_soccer_boots.mod (106v 152t)
  OK  e_w_costume_soccer_glove.mod (136v 180t)
  OK  e_w_costume_soccer_body.mod (547v 403t)
  OK  e_w_costume_soccer_hair.mod (201v 46t)
  OK  e_w_costume_suncap01.mod (322v 363t)
  OK  e_w_costume_sv_glove.mod (274v 235t)
  OK  e_w_costume_sv_boots.mod (310v 356t)
  OK  e_w_costume_swimcap01.mod (194v 236t)
  OK  e_w_costume_sv_body.mod (773v 948t)
  OK  e_w_costume_sv_hair.mod (426v 395t)
  OK  e_w_costume_swimcap_01.mod (194v 236t)
  OK  e_w_costume_tc_boots.mod (170v 200t)
  OK  e_w_costume_tc_glove.mod (332v 288t)
  OK  e_w_costume_thailand_boots.mod (138v 172t)
  OK  e_w_costume_thailand_body.mod (481v 518t)
  OK  e_w_costume_tc_body.mod (1070v 75t)
  OK  e_w_costume_tc_hair.mod (1152v 407t)
  OK  e_w_costume_thailand_glove.mod (266v 231t)
  OK  e_w_costume_thief01_boots.mod (154v 220t)
  OK  e_w_costume_thief01_body.mod (538v 603t)
  OK  e_w_costume_thief01_hair.mod (138v 190t)
  OK  e_w_costume_thief01_glove.mod (318v 324t)
  OK  e_w_costume_thief02_boots.mod (188v 218t)
  OK  e_w_costume_thief02_glove.mod (394v 404t)
  OK  e_w_costume_thief02_hair.mod (298v 363t)
  OK  e_w_costume_thief02_body.mod (422v 507t)
  OK  e_w_costume_thief03_boots.mod (184v 220t)
  OK  e_w_costume_thief03_body.mod (579v 784t)
  OK  e_w_costume_thief03_glove.mod (306v 324t)
  OK  e_w_costume_thief03_hair.mod (368v 408t)
  OK  e_w_costume_thief04_glove.mod (200v 228t)
  OK  e_w_costume_thief04_boots.mod (194v 228t)
  OK  e_w_costume_thief04_hair.mod (110v 172t)
  OK  e_w_costume_tightsblack_hair.mod (128v 180t)
  OK  e_w_costume_tightsblack_glove.mod (238v 240t)
  OK  e_w_costume_thief04_body.mod (766v 601t)
  OK  e_w_costume_tightsblack_body.mod (425v 500t)
  OK  e_w_costume_tightsblue_hair.mod (128v 180t)
  OK  e_w_costume_tightsblue_glove.mod (238v 240t)
  OK  e_w_costume_tightsblue_body.mod (425v 500t)
  OK  e_w_costume_tightsgreen_hair.mod (128v 180t)
  OK  e_w_costume_tightsgreen_glove.mod (238v 240t)
  OK  e_w_costume_tightsgreen_body.mod (425v 500t)
  OK  e_w_costume_tightspink_hair.mod (128v 180t)
  OK  e_w_costume_tightspink_glove.mod (238v 240t)
  OK  e_w_costume_tightspink_body.mod (425v 500t)
  OK  e_w_costume_tightsred_boot.mod (110v 140t)
  OK  e_w_costume_tightsred_body.mod (425v 500t)
  OK  e_w_costume_tightsred_glove.mod (238v 240t)
  OK  e_w_costume_tightsred_hair.mod (128v 180t)
  OK  e_w_costume_tightsyellow_hair.mod (128v 180t)
  OK  e_w_costume_tightsyellow_glove.mod (238v 240t)
  OK  e_w_costume_tightsyellow_body.mod (425v 500t)
  OK  e_w_costume_trump_glove.mod (256v 250t)
  OK  e_w_costume_trump_boots.mod (480v 160t)
  OK  e_w_costume_trump_body.mod (560v 514t)
  OK  e_w_costume_wig02_hair.mod (329v 351t)
  OK  e_w_costume_trump_hair.mod (412v 528t)
  OK  e_w_costume_wig01_hair.mod (503v 437t)
  OK  e_w_costume_wig04_hair.mod (216v 248t)
  OK  e_w_costume_wig03_hair.mod (266v 344t)
  OK  e_w_costume_wig06_hair.mod (303v 238t)
  OK  e_w_costume_wig08_hair.mod (305v 319t)
  OK  e_w_costume_wig07_hair.mod (308v 363t)
  OK  e_w_costume_wig05_hair.mod (350v 287t)
  OK  e_w_costume_wizard_boots.mod (198v 260t)
  OK  e_w_costume_wizard_glove.mod (294v 255t)
  OK  e_w_costume_wizard_body.mod (728v 795t)
  OK  e_w_costume_wizard_hair.mod (339v 345t)
  OK  e_w_costume_wolf_body.mod (553v 549t)
  OK  e_w_costume_wolf_boots.mod (340v 448t)
  OK  e_w_costume_wolf_glove.mod (426v 512t)
  OK  e_w_costume_yoroi_glove.mod (346v 61t)
  OK  e_w_costume_yoroi_boots.mod (506v 590t)
  OK  e_w_costume_wolf_hair.mod (1748v 68t)
  OK  e_w_face.mod (118v 172t)
  OK  e_w_face000.mod (117v 172t)
  OK  e_w_costume_yoroi_hair.mod (710v 497t)
  OK  e_w_face001.mod (118v 172t)
  OK  e_w_face002.mod (118v 172t)
  OK  e_w_face003.mod (118v 172t)
  OK  e_w_face004.mod (118v 172t)
  OK  e_w_costume_yoroi_body.mod (1820v 516t)
  OK  e_w_foot000.mod (112v 136t)
  OK  e_w_hair002.mod (312v 76t)
  OK  e_w_hair001.mod (312v 257t)
  OK  e_w_hair000.mod (331v 404t)
  OK  e_w_hair003.mod (204v 198t)
  OK  e_w_hair005.mod (246v 69t)
  OK  e_w_hair004.mod (304v 292t)
  OK  e_w_hair006.mod (213v 223t)
  OK  e_w_hair008.mod (177v 66t)
  OK  e_w_hair007.mod (283v 314t)
  OK  e_w_hair009.mod (379v 12t)
  OK  e_w_hair010.mod (328v 379t)
  OK  e_w_hair011.mod (312v 60t)
  OK  e_w_hand000.mod (238v 240t)
  OK  e_w_hair012.mod (338v 386t)
  OK  e_w_head_cn_apple.mod (211v 332t)
  OK  e_w_head_cn_rabbit.mod (144v 114t)
  OK  e_w_head_cn_star.mod (141v 136t)
  OK  e_w_head_us_hat.mod (211v 139t)
  OK  e_w_leathearmor002.mod (368v 506t)
  OK  e_w_leathearmor001.mod (450v 624t)
  OK  e_w_leathearmor004.mod (448v 464t)
  OK  e_w_leathearmor003.mod (591v 574t)
  OK  e_w_leathearmor005.mod (527v 585t)
  OK  e_w_leathearmor006.mod (594v 559t)
  OK  e_w_leathearmor007.mod (552v 555t)
  OK  e_w_leathearmor008.mod (570v 778t)
  OK  e_w_leathearmor009.mod (395v 522t)
  OK  e_w_leathearmor010.mod (511v 571t)
  OK  e_w_leathearmor012.mod (613v 619t)
  OK  e_w_leathearmor013.mod (594v 768t)
  OK  e_w_leathearmor011.mod (596v 786t)
  OK  e_w_leathearmor014.mod (504v 505t)
  OK  e_w_leathearmor015.mod (732v 876t)
  OK  e_w_leathearmor016.mod (644v 728t)
  OK  e_w_leathearmor016_lod0.mod (644v 728t)
  OK  e_w_leathearmor016_lod2.mod (644v 728t)
  OK  e_w_leathearmor016_lod1.mod (644v 728t)
  OK  e_w_leathearmor017.mod (587v 704t)
  OK  e_w_leathearmor018.mod (660v 758t)
  OK  e_w_leathearmor019.mod (668v 313t)
  OK  e_w_leathearmor020.mod (585v 600t)
  OK  e_w_leathearmor021.mod (539v 709t)
  OK  e_w_leathearmor022.mod (619v 673t)
  OK  e_w_leathearmor025.mod (526v 233t)
  OK  e_w_leathearmor023.mod (866v 670t)
  OK  e_w_leathearmor024.mod (836v 438t)
  OK  e_w_leathearmor026.mod (807v 652t)
  OK  e_w_leathearmor028.mod (741v 769t)
  OK  e_w_leathearmor027.mod (772v 896t)
  OK  e_w_leathearmor030.mod (696v 220t)
  OK  e_w_leatherboots001.mod (152v 192t)
  OK  e_w_leatherboots002.mod (182v 189t)
  OK  e_w_leathearmor029.mod (753v 976t)
  OK  e_w_leatherboots004.mod (180v 173t)
  OK  e_w_leatherboots003.mod (168v 220t)
  OK  e_w_leatherboots007.mod (212v 240t)
  OK  e_w_leatherboots006.mod (202v 248t)
  OK  e_w_leatherboots005.mod (188v 220t)
  OK  e_w_leatherboots008.mod (266v 265t)
  OK  e_w_leatherboots011.mod (212v 240t)
  OK  e_w_leatherboots009.mod (194v 209t)
  OK  e_w_leatherboots012.mod (266v 265t)
  OK  e_w_leatherboots010.mod (222v 203t)
  OK  e_w_leatherboots013.mod (202v 236t)
  OK  e_w_leatherboots014.mod (186v 260t)
  OK  e_w_leatherboots015.mod (184v 220t)
  OK  e_w_leatherboots016.mod (184v 220t)
  OK  e_w_leatherboots016_lod1.mod (184v 220t)
  OK  e_w_leatherboots016_lod2.mod (184v 220t)
  OK  e_w_leatherboots016_lod0.mod (184v 220t)
  OK  e_w_leatherboots017.mod (196v 232t)
  OK  e_w_leatherboots018.mod (200v 232t)
  OK  e_w_leatherboots020.mod (222v 252t)
  OK  e_w_leatherboots019.mod (208v 246t)
  OK  e_w_leatherboots021.mod (204v 248t)
  OK  e_w_leatherboots024.mod (198v 226t)
  OK  e_w_leatherboots025.mod (182v 260t)
  OK  e_w_leatherboots023.mod (342v 408t)
  OK  e_w_leatherboots022.mod (156v 224t)
  OK  e_w_leatherboots026.mod (256v 187t)
  OK  e_w_leatherboots027.mod (198v 244t)
  OK  e_w_leatherboots029.mod (174v 203t)
  OK  e_w_leatherboots028.mod (212v 240t)
  OK  e_w_leatherboots030.mod (152v 155t)
  OK  e_w_leatherglove003.mod (272v 304t)
  OK  e_w_leatherglove001.mod (276v 296t)
  OK  e_w_leatherglove002.mod (270v 292t)
  OK  e_w_leatherglove004.mod (270v 292t)
  OK  e_w_leatherglove005.mod (298v 320t)
  OK  e_w_leatherglove006.mod (258v 288t)
  OK  e_w_leatherglove007.mod (298v 320t)
  OK  e_w_leatherglove010.mod (262v 294t)
  OK  e_w_leatherglove009.mod (278v 302t)
  OK  e_w_leatherglove008.mod (256v 288t)
  OK  e_w_leatherglove011.mod (318v 324t)
  OK  e_w_leatherglove012.mod (256v 288t)
  OK  e_w_leatherglove014.mod (290v 312t)
  OK  e_w_leatherglove013.mod (270v 300t)
  OK  e_w_leatherglove015.mod (436v 417t)
  OK  e_w_leatherglove016.mod (436v 407t)
  OK  e_w_leatherglove016_lod1.mod (436v 407t)
  OK  e_w_leatherglove016_lod0.mod (436v 407t)
  OK  e_w_leatherglove016_lod2.mod (436v 407t)
  OK  e_w_leatherglove017.mod (326v 259t)
  OK  e_w_leatherglove019.mod (266v 300t)
  OK  e_w_leatherglove018.mod (386v 368t)
  OK  e_w_leatherglove021.mod (360v 7t)
  OK  e_w_leatherglove020.mod (330v 336t)
  OK  e_w_leatherglove022.mod (318v 324t)
  OK  e_w_leatherglove023.mod (392v 353t)
  OK  e_w_leatherglove025.mod (272v 304t)
  OK  e_w_leatherglove024.mod (416v 428t)
  OK  e_w_leatherglove026.mod (492v 111t)
  OK  e_w_leatherglove028.mod (220v 211t)
  OK  e_w_leatherglove029.mod (240v 244t)
  OK  e_w_leatherglove027.mod (296v 336t)
  OK  e_w_leatherglove030.mod (274v 208t)
  OK  e_w_metalarmor001.mod (568v 758t)
  OK  e_w_metalarmor002.mod (808v 924t)
  OK  e_w_metalarmor004.mod (632v 830t)
  OK  e_w_metalarmor003.mod (840v 838t)
  OK  e_w_metalarmor005.mod (790v 825t)
  OK  e_w_metalarmor006.mod (732v 932t)
  OK  e_w_metalarmor007.mod (762v 757t)
  OK  e_w_metalarmor008.mod (856v 777t)
  OK  e_w_metalarmor009.mod (761v 763t)
  OK  e_w_metalarmor012.mod (683v 653t)
  OK  e_w_metalarmor010.mod (902v 847t)
  OK  e_w_metalarmor011.mod (682v 776t)
  OK  e_w_metalarmor013.mod (824v 235t)
  OK  e_w_metalarmor015_lod0.mod (598v 760t)
  OK  e_w_metalarmor015.mod (598v 760t)
  OK  e_w_metalarmor015_lod1.mod (598v 760t)
  OK  e_w_metalarmor014.mod (669v 846t)
  OK  e_w_metalarmor015_lod2.mod (598v 760t)
  OK  e_w_metalarmor016.mod (616v 776t)
  OK  e_w_metalarmor016_lod0.mod (616v 776t)
  OK  e_w_metalarmor016_lod1.mod (616v 776t)
  OK  e_w_metalarmor016_lod2.mod (616v 776t)
  OK  e_w_metalarmor019.mod (611v 528t)
  OK  e_w_metalarmor018.mod (742v 756t)
  OK  e_w_metalarmor020.mod (702v 651t)
  OK  e_w_metalarmor017.mod (2600v 359t)
  OK  e_w_metalarmor022.mod (655v 704t)
  OK  e_w_metalarmor021.mod (872v 520t)
  OK  e_w_metalarmor025.mod (820v 281t)
  OK  e_w_metalarmor026.mod (992v 251t)
  OK  e_w_metalarmor024.mod (650v 846t)
  OK  e_w_metalarmor023.mod (1407v 832t)
  OK  e_w_metalarmor027.mod (799v 924t)
  OK  e_w_metalarmor028.mod (1037v 1098t)
  OK  e_w_metalarmor029.mod (862v 1088t)
  OK  e_w_metalboots001.mod (296v 304t)
  OK  e_w_metalboots002.mod (232v 306t)
  OK  e_w_metalboots003.mod (226v 264t)
  OK  e_w_metalarmor030.mod (908v 1180t)
  OK  e_w_metalboots004.mod (228v 248t)
  OK  e_w_metalboots006.mod (226v 292t)
  OK  e_w_metalboots005.mod (300v 326t)
  OK  e_w_metalboots007.mod (320v 291t)
  OK  e_w_metalboots008.mod (320v 307t)
  OK  e_w_metalboots010.mod (320v 307t)
  OK  e_w_metalboots009.mod (264v 284t)
  OK  e_w_metalboots011.mod (216v 244t)
  OK  e_w_metalboots015.mod (208v 197t)
  OK  e_w_metalboots012.mod (268v 243t)
  OK  e_w_metalboots013.mod (200v 236t)
  OK  e_w_metalboots014.mod (264v 278t)
  OK  e_w_metalboots015_lod0.mod (208v 197t)
  OK  e_w_metalboots015_lod1.mod (208v 197t)
  OK  e_w_metalboots015_lod2.mod (208v 197t)
  OK  e_w_metalboots016.mod (304v 273t)
  OK  e_w_metalboots016_lod0.mod (304v 273t)
  OK  e_w_metalboots017.mod (218v 247t)
  OK  e_w_metalboots016_lod1.mod (304v 273t)
  OK  e_w_metalboots016_lod2.mod (304v 273t)
  OK  e_w_metalboots018.mod (188v 248t)
  OK  e_w_metalboots019.mod (216v 272t)
  OK  e_w_metalboots021.mod (198v 203t)
  OK  e_w_metalboots020.mod (192v 252t)
  OK  e_w_metalboots022.mod (260v 324t)
  OK  e_w_metalboots024.mod (196v 288t)
  OK  e_w_metalboots023.mod (294v 320t)
  OK  e_w_metalboots025.mod (368v 416t)
  OK  e_w_metalboots027.mod (234v 103t)
  OK  e_w_metalboots026.mod (308v 283t)
  OK  e_w_metalboots028.mod (234v 175t)
  OK  e_w_metalboots029.mod (318v 291t)
  OK  e_w_metalglove001.mod (282v 300t)
  OK  e_w_metalglove002.mod (356v 368t)
  OK  e_w_metalboots030.mod (612v 204t)
  OK  e_w_metalglove003.mod (272v 304t)
  OK  e_w_metalglove005.mod (350v 207t)
  OK  e_w_metalglove006.mod (378v 392t)
  OK  e_w_metalglove004.mod (370v 337t)
  OK  e_w_metalglove007.mod (326v 324t)
  OK  e_w_metalglove008.mod (356v 219t)
  OK  e_w_metalglove010.mod (356v 219t)
  OK  e_w_metalglove009.mod (288v 310t)
  OK  e_w_metalglove011.mod (402v 404t)
  OK  e_w_metalglove012.mod (356v 313t)
  OK  e_w_metalglove013.mod (312v 328t)
  OK  e_w_metalglove014.mod (298v 326t)
  OK  e_w_metalglove015.mod (356v 368t)
  OK  e_w_metalglove015_lod0.mod (356v 368t)
  OK  e_w_metalglove015_lod1.mod (356v 368t)
  OK  e_w_metalglove015_lod2.mod (356v 368t)
  OK  e_w_metalglove016.mod (316v 336t)
  OK  e_w_metalglove016_lod0.mod (316v 336t)
  OK  e_w_metalglove017.mod (308v 209t)
  OK  e_w_metalglove016_lod2.mod (316v 336t)
  OK  e_w_metalglove019.mod (304v 304t)
  OK  e_w_metalglove018.mod (298v 312t)
  OK  e_w_metalglove016_lod1.mod (316v 336t)
  OK  e_w_metalglove020.mod (392v 392t)
  OK  e_w_metalglove021.mod (372v 274t)
  OK  e_w_metalglove024.mod (382v 376t)
  OK  e_w_metalglove023.mod (358v 354t)
  OK  e_w_metalglove022.mod (394v 428t)
  OK  e_w_metalglove026.mod (392v 321t)
  OK  e_w_metalglove025.mod (420v 367t)
  OK  e_w_metalglove027.mod (568v 155t)
  OK  e_w_wing_01.mod (128v 248t)
  OK  e_w_metalglove030.mod (320v 342t)
  OK  e_w_metalglove028.mod (1068v 356t)
  OK  e_w_metalglove029.mod (540v 712t)
  OK  e_w_wing_02.mod (128v 248t)
  OK  e_w_wing_03_flag.mod (273v 4t)
  OK  e_w_wing_03.mod (243v 4t)
  OK  e_w_wing_04.mod (277v 66t)
  OK  e_w_wing_05.mod (212v 416t)
  OK  e_w_wing_07.mod (228v 242t)
  OK  e_w_wing_09.mod (246v 307t)
  OK  e_w_wing_06.mod (212v 416t)
  OK  e_w_wing_09_w.mod (246v 307t)
  OK  e_w_wing_10.mod (255v 315t)
  OK  e_w_wing_10_v.mod (255v 315t)
  OK  e_w_wing_12.mod (204v 242t)
  OK  e_w_wing_13.mod (120v 128t)
  OK  e_w_wing_14.mod (120v 128t)
  OK  e_w_wing_11.mod (190v 244t)
  OK  eff_dagger010.mod (111v 132t)
  OK  eff_bow009_40.mod (344v 502t)
  OK  eff_bow012_55.mod (346v 455t)
  OK  eff_bow017_80.mod (440v 462t)
  OK  eff_dagger011.mod (79v 116t)
  OK  eff_dagger012.mod (124v 201t)
  OK  eff_dagger013.mod (142v 204t)
  OK  eff_dagger019.mod (235v 312t)
  OK  eff_daggers8.mod (174v 133t)
  OK  eff_heart_green.mod (251v 148t)
  OK  eff_heart_purple.mod (251v 148t)
  OK  eff_heart_yellow.mod (251v 148t)
  OK  eff_oh_mace005.mod (180v 130t)
  OK  eff_oh_axe011.mod (369v 256t)
  OK  eff_oh_axe019.mod (391v 152t)
  OK  eff_oh_axe005.mod (213v 254t)
  OK  eff_oh_mace008.mod (135v 115t)
  OK  eff_oh_mace010.mod (271v 123t)
  OK  eff_shield006.mod (48v 40t)
  OK  eff_oh_sword012.mod (170v 268t)
  OK  eff_oh_sword006.mod (192v 216t)
  OK  eff_shield008.mod (52v 40t)
  OK  eff_oh_sword007.mod (217v 304t)
  OK  eff_shield015.mod (96v 88t)
  OK  eff_sp_item_gold.mod (136v 105t)
  OK  eff_sp_item_5g.mod (215v 134t)
  OK  eff_sp_item_5r.mod (215v 134t)
  OK  eff_sp_item_5b.mod (215v 134t)
  OK  eff_staff016.mod (256v 287t)
  OK  eff_th_mace005.mod (161v 144t)
  OK  eff_staff004.mod (237v 330t)
  OK  eff_staff007.mod (297v 440t)
  OK  enchant_light_blue.mod (24v 12t)
  OK  enchant_light_orange.mod (24v 12t)
  OK  enchant_light_purple.mod (24v 12t)
  OK  enchant_light_yellow.mod (24v 12t)
  OK  eff_th_mace008.mod (145v 121t)
  OK  eff_th_mace018.mod (489v 360t)
  OK  enchant_spark_green.mod (195v 180t)
  OK  enchant_spark_blue.mod (195v 180t)
  OK  enchant_spark_orange.mod (195v 180t)
  OK  enchant_spark_purple.mod (195v 180t)
  OK  event_item_yut.mod (45v 4t)
  OK  event_item_luckybag.mod (130v 75t)
  OK  fishingtackle01.mod (59v 68t)
  OK  fishingtackle02.mod (42v 72t)
  OK  fishingtackle03.mod (50v 72t)
  OK  fishingtackle04.mod (65v 110t)
  OK  fishingtackle_001_black.mod (59v 68t)
  OK  g001_pet.mod (324v 412t)
  OK  glove_box.mod (32v 7t)
  OK  g002.mod (884v 1216t)
  OK  g003_pet.mod (556v 533t)
  OK  g002_pet.mod (884v 1216t)
  OK  h_m_body000.mod (338v 520t)
  OK  h_m_celebrite_glove.mod (290v 280t)
  OK  h_m_celebrite_boots.mod (416v 386t)
  OK  h_m_celebrite_hair.mod (359v 364t)
  OK  h_m_chstume_chef_boots.mod (116v 150t)
  OK  h_m_celebrite_body.mod (819v 893t)
  OK  h_m_chstume_chef_item.mod (40v 46t)
  OK  h_m_chstume_chef_glove.mod (201v 228t)
  OK  h_m_chstume_chef_hair.mod (336v 316t)
  OK  h_m_clothboots001.mod (154v 184t)
  OK  h_m_chstume_chef_body.mod (739v 916t)
  OK  h_m_clothboots002.mod (276v 268t)
  OK  h_m_clothboots003.mod (164v 232t)
  OK  h_m_clothboots004.mod (168v 177t)
  OK  h_m_clothboots005.mod (178v 189t)
  OK  h_m_clothboots006.mod (150v 196t)
  OK  h_m_clothboots007.mod (194v 217t)
  OK  h_m_clothboots010.mod (232v 237t)
  OK  h_m_clothboots008.mod (208v 219t)
  OK  h_m_clothboots009.mod (194v 217t)
  OK  h_m_clothboots011.mod (168v 177t)
  OK  h_m_clothboots015.mod (106v 142t)
  OK  h_m_clothboots013.mod (140v 220t)
  OK  h_m_clothboots012.mod (208v 219t)
  OK  h_m_clothboots014.mod (178v 236t)
  OK  h_m_clothboots015_lod0.mod (106v 142t)
  OK  h_m_clothboots015_lod1.mod (106v 142t)
  OK  h_m_clothboots016.mod (192v 248t)
  OK  h_m_clothboots015_lod2.mod (106v 142t)
  OK  h_m_clothboots016_lod0.mod (192v 248t)
  OK  h_m_clothboots016_lod1.mod (192v 248t)
  OK  h_m_clothboots016_lod2.mod (192v 248t)
  OK  h_m_clothboots018.mod (202v 181t)
  OK  h_m_clothboots017.mod (166v 212t)
  OK  h_m_clothboots019.mod (192v 232t)
  OK  h_m_clothboots020.mod (184v 244t)
  OK  h_m_clothboots022.mod (168v 232t)
  OK  h_m_clothboots021.mod (162v 192t)
  OK  h_m_clothboots023.mod (184v 190t)
  OK  h_m_clothboots026.mod (162v 208t)
  OK  h_m_clothboots027.mod (198v 218t)
  OK  h_m_clothboots025.mod (178v 236t)
  OK  h_m_clothboots024.mod (328v 299t)
  OK  h_m_clothboots029.mod (152v 166t)
  OK  h_m_clothboots030.mod (176v 192t)
  OK  h_m_clothboots028.mod (190v 199t)
  OK  h_m_clothglove001.mod (256v 276t)
  OK  h_m_clothglove003.mod (294v 269t)
  OK  h_m_clothglove004.mod (256v 288t)
  OK  h_m_clothglove002.mod (592v 376t)
  OK  h_m_clothglove005.mod (256v 288t)
  OK  h_m_clothglove006.mod (310v 324t)
  OK  h_m_clothglove008.mod (256v 288t)
  OK  h_m_clothglove007.mod (334v 324t)
  OK  h_m_clothglove010.mod (294v 269t)
  OK  h_m_clothglove009.mod (334v 324t)
  OK  h_m_clothglove011.mod (256v 288t)
  OK  h_m_clothglove014.mod (264v 296t)
  OK  h_m_clothglove012.mod (256v 288t)
  OK  h_m_clothglove013.mod (310v 300t)
  OK  h_m_clothglove015_lod0.mod (272v 247t)
  OK  h_m_clothglove015_lod1.mod (272v 247t)
  OK  h_m_clothglove015.mod (272v 247t)
  OK  h_m_clothglove015_lod2.mod (272v 247t)
  OK  h_m_clothglove016.mod (312v 370t)
  OK  h_m_clothglove016_lod1.mod (312v 370t)
  OK  h_m_clothglove016_lod2.mod (312v 370t)
  OK  h_m_clothglove016_lod0.mod (312v 370t)
  OK  h_m_clothglove018.mod (288v 262t)
  OK  h_m_clothglove017.mod (326v 303t)
  OK  h_m_clothglove020.mod (238v 240t)
  OK  h_m_clothglove021.mod (288v 276t)
  OK  h_m_clothglove019.mod (250v 260t)
  OK  h_m_clothglove023.mod (238v 240t)
  OK  h_m_clothglove022.mod (314v 275t)
  OK  h_m_clothglove024.mod (372v 327t)
  OK  h_m_clothglove025.mod (280v 276t)
  OK  h_m_clothglove026.mod (308v 306t)
  OK  h_m_clothglove029.mod (238v 240t)
  OK  h_m_clothglove028.mod (238v 240t)
  OK  h_m_clothglove027.mod (288v 276t)
  OK  h_m_clothglove030.mod (334v 303t)
  OK  h_m_clothrobe002.mod (626v 684t)
  OK  h_m_clothrobe003.mod (588v 645t)
  OK  h_m_clothrobe001.mod (519v 675t)
  OK  h_m_clothrobe003_lod2.mod (588v 645t)
  OK  h_m_clothrobe003_lod0.mod (588v 645t)
  OK  h_m_clothrobe003_lod1.mod (588v 645t)
  OK  h_m_clothrobe004.mod (544v 724t)
  OK  h_m_clothrobe006.mod (588v 637t)
  OK  h_m_clothrobe005.mod (546v 726t)
  OK  h_m_clothrobe008.mod (552v 712t)
  OK  h_m_clothrobe007.mod (562v 718t)
  OK  h_m_clothrobe009.mod (562v 718t)
  OK  h_m_clothrobe010.mod (564v 599t)
  OK  h_m_clothrobe012.mod (588v 583t)
  OK  h_m_clothrobe011.mod (544v 724t)
  OK  h_m_clothrobe013.mod (600v 573t)
  OK  h_m_clothrobe015.mod (443v 235t)
  OK  h_m_clothrobe014.mod (562v 760t)
  OK  h_m_clothrobe015_lod1.mod (443v 235t)
  OK  h_m_clothrobe015_lod0.mod (443v 235t)
  OK  h_m_clothrobe015_lod2.mod (443v 235t)
  OK  h_m_clothrobe016_lod0.mod (600v 338t)
  OK  h_m_clothrobe016_lod1.mod (600v 338t)
  OK  h_m_clothrobe016.mod (600v 338t)
  OK  h_m_clothrobe016_lod2.mod (600v 338t)
  OK  h_m_clothrobe017.mod (693v 127t)
  OK  h_m_clothrobe018.mod (816v 683t)
  OK  h_m_clothrobe021.mod (671v 673t)
  OK  h_m_clothrobe022.mod (711v 660t)
  OK  h_m_clothrobe020.mod (593v 754t)
  OK  h_m_clothrobe023.mod (693v 575t)
  OK  h_m_clothrobe024.mod (660v 607t)
  OK  h_m_clothrobe019.mod (2766v 921t)
  OK  h_m_clothrobe025.mod (754v 687t)
  OK  h_m_clothrobe026.mod (660v 141t)
  OK  h_m_clothrobe029.mod (652v 179t)
  OK  h_m_clothrobe028.mod (720v 1011t)
  OK  h_m_costume_angel_boots.mod (298v 364t)
  OK  h_m_costume_angel_body.mod (646v 621t)
  OK  h_m_clothrobe027.mod (909v 508t)
  OK  h_m_clothrobe030.mod (993v 311t)
  OK  h_m_costume_angel_glove.mod (308v 242t)
  OK  h_m_costume_angel_hair.mod (336v 77t)
  OK  h_m_costume_arabian_boots.mod (160v 206t)
  OK  h_m_costume_arabian_glove.mod (258v 223t)
  OK  h_m_costume_arabian_body.mod (580v 796t)
  OK  h_m_costume_arabian_hair.mod (439v 539t)
  OK  h_m_costume_armysurgeon_glove.mod (256v 276t)
  OK  h_m_costume_armysurgeon_hair.mod (191v 163t)
  OK  h_m_costume_armysurgeon_boots.mod (684v 228t)
  OK  h_m_costume_armysurgeon_body.mod (794v 912t)
  OK  h_m_costume_bani_hair.mod (38v 64t)
  OK  h_m_costume_bani_boots.mod (80v 142t)
  OK  h_m_costume_bani_body.mod (445v 60t)
  OK  h_m_costume_bani_glove.mod (294v 288t)
  OK  h_m_costume_boot.mod (116v 150t)
  OK  h_m_costume_cardcaptor_boot.mod (118v 144t)
  OK  h_m_costume_cardcaptor_body.mod (756v 803t)
  OK  h_m_costume_cardcaptor_hair.mod (354v 379t)
  OK  h_m_costume_cardcaptor_glove.mod (238v 240t)
  OK  h_m_costume_cat1_body.mod (494v 539t)
  OK  h_m_costume_cat1_boot.mod (164v 212t)
  OK  h_m_costume_cat1_body_lod0.mod (494v 539t)
  OK  h_m_costume_cat1_body_lod2.mod (494v 539t)
  OK  h_m_costume_cat1_boot_lod0.mod (164v 212t)
  OK  h_m_costume_cat1_body_lod1.mod (494v 539t)
  OK  h_m_costume_cat1_boot_lod1.mod (164v 212t)
  OK  h_m_costume_cat1_glove.mod (164v 208t)
  OK  h_m_costume_cat1_boot_lod2.mod (164v 212t)
  OK  h_m_costume_cat1_glove_lod0.mod (164v 208t)
  OK  h_m_costume_cat1_glove_lod1.mod (164v 208t)
  OK  h_m_costume_cat1_glove_lod2.mod (164v 208t)
  OK  h_m_costume_cat1_hair_lod1.mod (268v 396t)
  OK  h_m_costume_cat1_hair_lod0.mod (268v 396t)
  OK  h_m_costume_cat1_hair.mod (268v 396t)
  OK  h_m_costume_cat1_hair_lod2.mod (268v 396t)
  OK  h_m_costume_cat2_body_lod2.mod (460v 642t)
  OK  h_m_costume_cat2_body_lod0.mod (460v 642t)
  OK  h_m_costume_cat2_body_lod1.mod (460v 642t)
  OK  h_m_costume_cat2_body.mod (460v 642t)
  OK  h_m_costume_cat2_boot.mod (164v 212t)
  OK  h_m_costume_cat2_boot_lod1.mod (164v 212t)
  OK  h_m_costume_cat2_boot_lod0.mod (164v 212t)
  OK  h_m_costume_cat2_glove.mod (164v 208t)
  OK  h_m_costume_cat2_boot_lod2.mod (164v 212t)
  OK  h_m_costume_cat2_glove_lod0.mod (164v 208t)
  OK  h_m_costume_cat2_glove_lod1.mod (164v 208t)
  OK  h_m_costume_cat2_glove_lod2.mod (164v 208t)
  OK  h_m_costume_cat2_hair.mod (268v 396t)
  OK  h_m_costume_cat2_hair_lod0.mod (268v 396t)
  OK  h_m_costume_cat2_hair_lod1.mod (268v 396t)
  OK  h_m_costume_cat3_body.mod (460v 642t)
  OK  h_m_costume_cat2_hair_lod2.mod (268v 396t)
  OK  h_m_costume_cat3_body_lod0.mod (460v 642t)
  OK  h_m_costume_cat3_body_lod1.mod (460v 642t)
  OK  h_m_costume_cat3_boot.mod (164v 212t)
  OK  h_m_costume_cat3_boot_lod0.mod (164v 212t)
  OK  h_m_costume_cat3_body_lod2.mod (460v 642t)
  OK  h_m_costume_cat3_boot_lod2.mod (164v 212t)
  OK  h_m_costume_cat3_boot_lod1.mod (164v 212t)
  OK  h_m_costume_cat3_glove_lod0.mod (164v 208t)
  OK  h_m_costume_cat3_glove_lod1.mod (164v 208t)
  OK  h_m_costume_cat3_glove.mod (164v 208t)
  OK  h_m_costume_cat3_glove_lod2.mod (164v 208t)
  OK  h_m_costume_cat3_hair_lod0.mod (268v 396t)
  OK  h_m_costume_cat3_hair_lod1.mod (268v 396t)
  OK  h_m_costume_cat3_hair_lod2.mod (268v 396t)
  OK  h_m_costume_cat3_hair.mod (268v 396t)
  OK  h_m_costume_cat4_glove.mod (166v 208t)
  OK  h_m_costume_cat4_hair.mod (210v 316t)
  OK  h_m_costume_cat4_boots.mod (162v 212t)
  OK  h_m_costume_cat4_body.mod (556v 557t)
  OK  h_m_costume_celebrity_boots.mod (202v 250t)
  OK  h_m_costume_celebrity_glove.mod (302v 20t)
  OK  h_m_costume_celebrity_body.mod (670v 429t)
  OK  h_m_costume_celebrity_hair.mod (328v 365t)
  OK  h_m_costume_chic_b_boots.mod (194v 208t)
  OK  h_m_costume_chic_b_glove.mod (268v 276t)
  OK  h_m_costume_chic_b_body.mod (598v 657t)
  OK  h_m_costume_chic_b_hair.mod (196v 222t)
  OK  h_m_costume_chic_g_boots.mod (194v 208t)
  OK  h_m_costume_chic_g_glove.mod (268v 276t)
  OK  h_m_costume_chic_g_body.mod (598v 657t)
  OK  h_m_costume_chic_g_hair.mod (196v 222t)
  OK  h_m_costume_chic_p_boots.mod (194v 208t)
  OK  h_m_costume_chic_p_glove.mod (268v 276t)
  OK  h_m_costume_chic_p_hair.mod (196v 222t)
  OK  h_m_costume_chic_suit_boots.mod (194v 208t)
  OK  h_m_costume_chic_suit_body.mod (539v 277t)
  OK  h_m_costume_chic_p_body.mod (598v 657t)
  OK  h_m_costume_chic_suit_glove.mod (268v 276t)
  OK  h_m_costume_chic_w_boots.mod (194v 208t)
  OK  h_m_costume_chic_suit_hair.mod (230v 189t)
  OK  h_m_costume_chic_w_glove.mod (268v 276t)
  OK  h_m_costume_chic_w_body.mod (598v 657t)
  OK  h_m_costume_chick_glove.mod (268v 276t)
  OK  h_m_costume_chick_boot.mod (194v 208t)
  OK  h_m_costume_chic_w_hair.mod (196v 222t)
  OK  h_m_costume_chick_body.mod (598v 657t)
  OK  h_m_costume_chick_hair.mod (206v 284t)
  OK  h_m_costume_china_boots.mod (180v 252t)
  OK  h_m_costume_china_glove.mod (238v 240t)
  OK  h_m_costume_china_hair.mod (247v 213t)
  OK  h_m_costume_claw_glove.mod (130v 208t)
  OK  h_m_costume_china_body.mod (516v 531t)
  OK  h_m_costume_cow_boot.mod (140v 179t)
  OK  h_m_costume_cow_body.mod (507v 521t)
  OK  h_m_costume_cow_gloves.mod (130v 156t)
  OK  h_m_costume_cow_hair.mod (405v 30t)
  OK  h_m_costume_cowboy_boots.mod (240v 264t)
  OK  h_m_costume_cowboy_glove.mod (254v 264t)
  OK  h_m_costume_cowboy_body.mod (691v 642t)
  OK  h_m_costume_dark_boots.mod (192v 232t)
  OK  h_m_costume_cowboy_hair.mod (308v 210t)
  OK  h_m_costume_dark_hair.mod (250v 186t)
  OK  h_m_costume_dark_glove.mod (374v 400t)
  OK  h_m_costume_dark_body.mod (735v 737t)
  OK  h_m_costume_devil02_glove.mod (266v 272t)
  OK  h_m_costume_devil02_hair.mod (267v 279t)
  OK  h_m_costume_devil02_body.mod (743v 844t)
  OK  h_m_costume_devil02_boots.mod (230v 242t)
  OK  h_m_costume_devil_boots.mod (80v 142t)
  OK  h_m_costume_devil_glove.mod (238v 240t)
  OK  h_m_costume_devil_item.mod (86v 111t)
  OK  h_m_costume_devil_body.mod (670v 690t)
  OK  h_m_costume_divingsuit_boots.mod (156v 166t)
  OK  h_m_costume_devil_hair.mod (381v 314t)
  OK  h_m_costume_divingsuit_body.mod (322v 520t)
  OK  h_m_costume_divingsuit_glove.mod (242v 264t)
  OK  h_m_costume_dracula_boots.mod (128v 158t)
  OK  h_m_costume_dracula_headband.mod (72v 94t)
  OK  h_m_costume_dracula_glove.mod (268v 235t)
  OK  h_m_costume_dracula_body.mod (808v 816t)
  OK  h_m_costume_dress_body_lod0.mod (553v 601t)
  OK  h_m_costume_dress_body.mod (553v 601t)
  OK  h_m_costume_dress_body_lod1.mod (553v 601t)
  OK  h_m_costume_dress_boot.mod (112v 142t)
  OK  h_m_costume_dress_boot_lod0.mod (112v 142t)
  OK  h_m_costume_dress_body_lod2.mod (553v 601t)
  OK  h_m_costume_dress_boot_lod1.mod (112v 142t)
  OK  h_m_costume_dress_body_w.mod (553v 601t)
  OK  h_m_costume_dress_boots_w.mod (112v 142t)
  OK  h_m_costume_dress_boots.mod (112v 142t)
  OK  h_m_costume_dress_boot_lod2.mod (112v 142t)
  OK  h_m_costume_dress_glove.mod (294v 300t)
  OK  h_m_costume_dress_glove_lod2.mod (294v 300t)
  OK  h_m_costume_dress_glove_lod1.mod (294v 300t)
  OK  h_m_costume_dress_glove_lod0.mod (294v 300t)
  OK  h_m_costume_dress_hair.mod (272v 165t)
  OK  h_m_costume_dress_hair_lod0.mod (263v 165t)
  OK  h_m_costume_dress_glove_w.mod (290v 288t)
  OK  h_m_costume_dress_hair_lod2.mod (263v 165t)
  OK  h_m_costume_dress_hair_w.mod (272v 165t)
  OK  h_m_costume_dress_hair_lod1.mod (263v 165t)
  OK  h_m_costume_fireman_body.mod (548v 502t)
  OK  h_m_costume_fireman_glove.mod (272v 164t)
  OK  h_m_costume_fireman_hair.mod (317v 342t)
  OK  h_m_costume_fireman_boots.mod (194v 260t)
  OK  h_m_costume_fireman_item.mod (81v 92t)
  OK  h_m_costume_fishinghat_hair.mod (147v 121t)
  OK  h_m_costume_fishing_boots.mod (180v 185t)
  OK  h_m_costume_fishinghat_hair02.mod (151v 132t)
  OK  h_m_costume_fishing_glove.mod (284v 324t)
  OK  h_m_costume_fruit02.mod (197v 241t)
  OK  h_m_costume_fruit01.mod (189v 200t)
  OK  h_m_costume_frog_hair.mod (392v 303t)
  OK  h_m_costume_funky_boots.mod (112v 142t)
  OK  h_m_costume_funky_body.mod (993v 33t)
  OK  h_m_costume_funky_glove.mod (254v 240t)
  OK  h_m_costume_funky_cap.mod (509v 491t)
  OK  h_m_costume_halloween_02.mod (287v 374t)
  OK  h_m_costume_halloween_01.mod (240v 286t)
  OK  h_m_costume_halloween_03.mod (270v 400t)
  OK  h_m_costume_hero_boots.mod (166v 146t)
  OK  h_m_costume_hero_glove.mod (292v 283t)
  OK  h_m_costume_hero_body.mod (504v 586t)
  OK  h_m_costume_hero_hair.mod (242v 338t)
  OK  h_m_costume_hiphop_body02.mod (598v 65t)
  OK  h_m_costume_hiphop_boots01.mod (138v 172t)
  OK  h_m_costume_hiphop_body03.mod (556v 189t)
  OK  h_m_costume_hiphop_body04.mod (676v 728t)
  OK  h_m_costume_hiphop_body01.mod (658v 641t)
  OK  h_m_costume_hiphop_boots02.mod (138v 172t)
  OK  h_m_costume_hiphop_boots03.mod (138v 172t)
  OK  h_m_costume_hiphop_boots04.mod (138v 172t)
  OK  h_m_costume_hiphop_glove02.mod (293v 275t)
  OK  h_m_costume_hiphop_glove01.mod (266v 231t)
  OK  h_m_costume_hiphop_hair01.mod (174v 57t)
  OK  h_m_costume_hiphop_glove04.mod (266v 231t)
  OK  h_m_costume_hiphop_hair02.mod (242v 145t)
  OK  h_m_costume_hiphop_glove03.mod (293v 275t)
  OK  h_m_costume_hiphop_hair04.mod (174v 57t)
  OK  h_m_costume_hiphop_hair03.mod (242v 145t)
  OK  h_m_costume_honeybee_boots.mod (186v 270t)
  OK  h_m_costume_honeybee_hair.mod (179v 306t)
  OK  h_m_costume_honeybee_glove.mod (322v 360t)
  OK  h_m_costume_indian_boots.mod (222v 264t)
  OK  h_m_costume_indian_glove.mod (268v 191t)
  OK  h_m_costume_honeybee_body.mod (488v 676t)
  OK  h_m_costume_indian_body.mod (722v 787t)
  OK  h_m_costume_indian_item.mod (136v 142t)
  OK  h_m_costume_innerboot.mod (116v 150t)
  OK  h_m_costume_kimono_boots.mod (132v 166t)
  OK  h_m_costume_indian_hair.mod (572v 354t)
  OK  h_m_costume_kimono_body.mod (572v 146t)
  OK  h_m_costume_kimono_glove.mod (266v 242t)
  OK  h_m_costume_kindergarten_boots.mod (194v 232t)
  OK  h_m_costume_kindergarten_glove.mod (318v 51t)
  OK  h_m_costume_kimono_hair.mod (408v 488t)
  OK  h_m_costume_kindergarten_item.mod (226v 84t)
  OK  h_m_costume_kindergarten_body.mod (488v 623t)
  OK  h_m_costume_kindergarten_hair.mod (226v 212t)
  OK  h_m_costume_korclothes_body.mod (785v 174t)
  OK  h_m_costume_korclothes_body_lod0.mod (785v 174t)
  OK  h_m_costume_korclothes_body_lod1.mod (785v 174t)
  OK  h_m_costume_korclothes_boot.mod (112v 142t)
  OK  h_m_costume_korclothes_body_lod2.mod (785v 174t)
  OK  h_m_costume_korclothes_boot_lod2.mod (112v 142t)
  OK  h_m_costume_korclothes_boot_lod1.mod (112v 142t)
  OK  h_m_costume_korclothes_boot_lod0.mod (112v 142t)
  OK  h_m_costume_korclothes_glove.mod (238v 240t)
  OK  h_m_costume_korclothes_hair.mod (214v 80t)
  OK  h_m_costume_korclothes_glove_lod0.mod (238v 240t)
  OK  h_m_costume_korclothes_glove_lod1.mod (238v 240t)
  OK  h_m_costume_korclothes_glove_lod2.mod (238v 240t)
  OK  h_m_costume_korclothes_hair_lod1.mod (214v 80t)
  OK  h_m_costume_korclothes_hair_lod0.mod (214v 80t)
  OK  h_m_costume_korclothes_hair_lod2.mod (214v 80t)
  OK  h_m_costume_koreanclothes_01_body.mod (553v 683t)
  OK  h_m_costume_koreanclothes_01_body_lod0.mod (553v 683t)
  OK  h_m_costume_koreanclothes_01_body_lod1.mod (553v 683t)
  OK  h_m_costume_koreanclothes_01_boot.mod (112v 142t)
  OK  h_m_costume_koreanclothes_01_body_lod2.mod (553v 683t)
  OK  h_m_costume_koreanclothes_01_boot_lod1.mod (112v 142t)
  OK  h_m_costume_koreanclothes_01_boot_lod2.mod (112v 142t)
  OK  h_m_costume_koreanclothes_01_boot_lod0.mod (112v 142t)
  OK  h_m_costume_koreanclothes_01_glove.mod (238v 240t)
  OK  h_m_costume_koreanclothes_01_glove_lod0.mod (238v 240t)
  OK  h_m_costume_koreanclothes_01_glove_lod1.mod (238v 240t)
  OK  h_m_costume_koreanclothes_01_glove_lod2.mod (238v 240t)
  OK  h_m_costume_koreanclothes_01_hair.mod (259v 77t)
  OK  h_m_costume_koreanclothes_01_hair_lod0.mod (259v 77t)
  OK  h_m_costume_koreanclothes_01_hair_lod1.mod (259v 77t)
  OK  h_m_costume_koreanclothes_01_hair_lod2.mod (259v 77t)
  OK  h_m_costume_koreanwedding_boots.mod (148v 228t)
  OK  h_m_costume_koreanwedding_glove.mod (268v 18t)
  OK  h_m_costume_koreanwedding_body.mod (745v 23t)
  OK  h_m_costume_koreanwedding_hair.mod (208v 135t)
  OK  h_m_costume_lf_006_hair.mod (81v 118t)
  OK  h_m_costume_lf_003.mod (255v 366t)
  OK  h_m_costume_lf_006_body.mod (575v 622t)
  OK  h_m_costume_lf_007.mod (411v 370t)
  OK  h_m_costume_magicknight_boots.mod (298v 253t)
  OK  h_m_costume_magicknight_hair.mod (246v 267t)
  OK  h_m_costume_magicknight_glove.mod (362v 255t)
  OK  h_m_costume_magicknight_body.mod (828v 747t)
  OK  h_m_costume_maid_body.mod (675v 706t)
  OK  h_m_costume_maid_boots.mod (128v 158t)
  OK  h_m_costume_maid_body_lod0.mod (675v 706t)
  OK  h_m_costume_maid_body_lod1.mod (675v 706t)
  OK  h_m_costume_maid_boots_lod0.mod (128v 158t)
  OK  h_m_costume_maid_body_lod2.mod (675v 706t)
  OK  h_m_costume_maid_boots_lod2.mod (128v 158t)
  OK  h_m_costume_maid_boots_lod1.mod (128v 158t)
  OK  h_m_costume_maid_glove.mod (238v 240t)
  OK  h_m_costume_maid_glove_lod1.mod (238v 240t)
  OK  h_m_costume_maid_glove_lod0.mod (238v 240t)
  OK  h_m_costume_maid_glove_lod2.mod (238v 240t)
  OK  h_m_costume_maid_hair.mod (229v 151t)
  OK  h_m_costume_maid_hair_lod2.mod (229v 151t)
  OK  h_m_costume_maid_hair_lod0.mod (229v 151t)
  OK  h_m_costume_maid_hair_lod1.mod (229v 151t)
  OK  h_m_costume_monster01_glove.mod (210v 221t)
  OK  h_m_costume_monster01_boots.mod (120v 89t)
  OK  h_m_costume_monster01_hair.mod (248v 112t)
  OK  h_m_costume_monster01_body.mod (620v 252t)
  OK  h_m_costume_monster02_glove.mod (158v 208t)
  OK  h_m_costume_monster02_boots.mod (148v 192t)
  OK  h_m_costume_monster02_hair.mod (238v 288t)
  OK  h_m_costume_monster02_body.mod (522v 494t)
  OK  h_m_costume_mummy_02.mod (134v 168t)
  OK  h_m_costume_mummy_01.mod (127v 160t)
  OK  h_m_costume_mummy_04.mod (112v 142t)
  OK  h_m_costume_npc01_boots.mod (128v 174t)
  OK  h_m_costume_mummy_03.mod (419v 557t)
  OK  h_m_costume_npc01_glove.mod (286v 249t)
  OK  h_m_costume_npc01_body.mod (548v 540t)
  OK  h_m_costume_npc01_hair.mod (318v 356t)
  OK  h_m_costume_npc02_boots.mod (134v 182t)
  OK  h_m_costume_npc02_glove.mod (138v 192t)
  OK  h_m_costume_npc02_hair.mod (267v 226t)
  OK  h_m_costume_npc02_body.mod (588v 837t)
  OK  h_m_costume_octopus_hair.mod (380v 486t)
  OK  h_m_costume_officer_body.mod (736v 101t)
  OK  h_m_costume_officer_body_lod1.mod (736v 101t)
  OK  h_m_costume_officer_body_lod0.mod (736v 101t)
  OK  h_m_costume_officer_body_lod2.mod (736v 101t)
  OK  h_m_costume_officer_boot.mod (112v 142t)
  OK  h_m_costume_officer_boot_lod0.mod (112v 142t)
  OK  h_m_costume_officer_boot_lod1.mod (112v 142t)
  OK  h_m_costume_officer_boot_lod2.mod (112v 142t)
  OK  h_m_costume_officer_glove.mod (294v 300t)
  OK  h_m_costume_officer_glove_lod0.mod (294v 300t)
  OK  h_m_costume_officer_glove_lod1.mod (294v 300t)
  OK  h_m_costume_officer_glove_lod2.mod (294v 300t)
  OK  h_m_costume_opera_body.mod (548v 758t)
  OK  h_m_costume_opera_body_lod0.mod (548v 758t)
  OK  h_m_costume_opera_body_lod2.mod (548v 758t)
  OK  h_m_costume_opera_body_lod1.mod (548v 758t)
  OK  h_m_costume_opera_boots_lod0.mod (212v 218t)
  OK  h_m_costume_opera_boots.mod (212v 218t)
  OK  h_m_costume_opera_boots_lod1.mod (212v 218t)
  OK  h_m_costume_opera_boots_lod2.mod (212v 218t)
  OK  h_m_costume_opera_glove_lod0.mod (282v 231t)
  OK  h_m_costume_opera_glove.mod (282v 231t)
  OK  h_m_costume_opera_glove_lod1.mod (282v 231t)
  OK  h_m_costume_opera_mask_lod0.mod (56v 76t)
  OK  h_m_costume_opera_mask.mod (56v 76t)
  OK  h_m_costume_opera_mask_lod1.mod (56v 76t)
  OK  h_m_costume_opera_glove_lod2.mod (282v 231t)
  OK  h_m_costume_opera_mask_lod2.mod (56v 76t)
  OK  h_m_costume_pajamas_body.mod (580v 832t)
  OK  h_m_costume_pajamas_boots.mod (274v 302t)
  OK  h_m_costume_pajamas_glove.mod (388v 255t)
  OK  h_m_costume_pajamas_hair.mod (388v 377t)
  OK  h_m_costume_panda_hair.mod (170v 230t)
  OK  h_m_costume_panda_boot.mod (140v 184t)
  OK  h_m_costume_panda_glove.mod (162v 204t)
  OK  h_m_costume_pants01_boots.mod (116v 150t)
  OK  h_m_costume_panda_body.mod (621v 576t)
  OK  h_m_costume_pants01_glove.mod (268v 231t)
  OK  h_m_costume_pants01_body.mod (372v 520t)
  OK  h_m_costume_pants01_hair.mod (136v 154t)
  OK  h_m_costume_pants02_boots.mod (176v 206t)
  OK  h_m_costume_pants02_body.mod (509v 6t)
  OK  h_m_costume_pants02_hair.mod (199v 42t)
  OK  h_m_costume_pants02_glove.mod (266v 243t)
  OK  h_m_costume_pants03_boots.mod (122v 150t)
  OK  h_m_costume_paperbag_hair.mod (104v 27t)
  OK  h_m_costume_pants03_glove.mod (266v 231t)
  OK  h_m_costume_pants03_hair.mod (376v 416t)
  OK  h_m_costume_pants03_body.mod (569v 578t)
  OK  h_m_costume_pirate_body.mod (587v 649t)
  OK  h_m_costume_pirate_body_lod0.mod (587v 649t)
  OK  h_m_costume_pirate_body_lod1.mod (587v 649t)
  OK  h_m_costume_pirate_boot_lod0.mod (198v 260t)
  OK  h_m_costume_pirate_body_lod2.mod (587v 649t)
  OK  h_m_costume_pirate_boot.mod (198v 260t)
  OK  h_m_costume_pirate_boot_lod1.mod (198v 260t)
  OK  h_m_costume_pirate_boot_lod2.mod (198v 260t)
  OK  h_m_costume_pirate_glove.mod (314v 289t)
  OK  h_m_costume_pirate_glove_lod0.mod (314v 289t)
  OK  h_m_costume_pirate_glove_lod1.mod (314v 289t)
  OK  h_m_costume_pirate_glove_lod2.mod (314v 289t)
  OK  h_m_costume_pirate_hair.mod (237v 228t)
  OK  h_m_costume_pirate_manteau.mod (44v 58t)
  OK  h_m_costume_pirate_hair_lod0.mod (237v 228t)
  OK  h_m_costume_pirate_hair_lod1.mod (237v 228t)
  OK  h_m_costume_pirate_hair_lod2.mod (237v 228t)
  OK  h_m_costume_priest_boots.mod (148v 188t)
  OK  h_m_costume_priest_hair.mod (275v 241t)
  OK  h_m_costume_priest_glove.mod (446v 379t)
  OK  h_m_costume_priest_body.mod (707v 871t)
  OK  h_m_costume_prince_boots.mod (236v 314t)
  OK  h_m_costume_prince_glove.mod (268v 18t)
  OK  h_m_costume_prince_body.mod (624v 467t)
  OK  h_m_costume_prince_hair.mod (288v 233t)
  OK  h_m_costume_rabbit_boots.mod (144v 204t)
  OK  h_m_costume_puffer_hair.mod (349v 456t)
  OK  h_m_costume_rabbit_glove.mod (136v 160t)
  OK  h_m_costume_rain_boots.mod (174v 196t)
  OK  h_m_costume_rabbit_body.mod (560v 601t)
  OK  h_m_costume_rabbit_hair.mod (189v 246t)
  OK  h_m_costume_rain_body.mod (596v 187t)
  OK  h_m_costume_rain_glove.mod (302v 221t)
  OK  h_m_costume_rain_hair.mod (423v 14t)
  OK  h_m_costume_rider_body.mod (714v 18t)
  OK  h_m_costume_rider_hair.mod (164v 200t)
  OK  h_m_costume_rider_boots.mod (160v 198t)
  OK  h_m_costume_rider_glove.mod (254v 240t)
  OK  h_m_costume_rudolf_boots.mod (160v 204t)
  OK  h_m_costume_rudolf_hair.mod (352v 139t)
  OK  h_m_costume_rudolf_glove.mod (234v 245t)
  OK  h_m_costume_samurai_boots.mod (166v 214t)
  OK  h_m_costume_rudolf_body.mod (538v 543t)
  OK  h_m_costume_samurai_glove.mod (238v 240t)
  OK  h_m_costume_samurai_body.mod (681v 715t)
  OK  h_m_costume_santa_body_lod0.mod (527v 22t)
  OK  h_m_costume_santa_body.mod (527v 22t)
  OK  h_m_costume_santa_body_lod2.mod (527v 22t)
  OK  h_m_costume_santa_body_lod1.mod (527v 22t)
  OK  h_m_costume_santa_boot.mod (148v 173t)
  OK  h_m_costume_santa_boot_lod0.mod (148v 173t)
  OK  h_m_costume_santa_boot_lod1.mod (148v 173t)
  OK  h_m_costume_santa_boot_lod2.mod (148v 173t)
  OK  h_m_costume_santa_glove.mod (174v 232t)
  OK  h_m_costume_santa_glove_lod0.mod (174v 232t)
  OK  h_m_costume_santa_glove_lod1.mod (174v 232t)
  OK  h_m_costume_santa_glove_lod2.mod (174v 232t)
  OK  h_m_costume_santa_hair_lod0.mod (282v 134t)
  OK  h_m_costume_santa_hair.mod (282v 134t)
  OK  h_m_costume_santa_hair_lod1.mod (282v 134t)
  OK  h_m_costume_santa_hair_lod2.mod (282v 134t)
  OK  h_m_costume_schooluniform_body_lod0.mod (614v 343t)
  OK  h_m_costume_schooluniform_body.mod (614v 343t)
  OK  h_m_costume_schooluniform_body_lod1.mod (614v 343t)
  OK  h_m_costume_schooluniform_body_lod2.mod (614v 343t)
  OK  h_m_costume_schooluniform_boot.mod (120v 150t)
  OK  h_m_costume_schooluniform_boot_lod0.mod (120v 150t)
  OK  h_m_costume_schooluniform_boot_lod2.mod (120v 150t)
  OK  h_m_costume_schooluniform_boot_lod1.mod (120v 150t)
  OK  h_m_costume_schooluniform_glove.mod (272v 280t)
  OK  h_m_costume_schooluniform_glove_lod1.mod (272v 280t)
  OK  h_m_costume_schooluniform_glove_lod0.mod (272v 280t)
  OK  h_m_costume_schooluniform_glove_lod2.mod (272v 280t)
  OK  h_m_costume_sexy_boots.mod (170v 238t)
  OK  h_m_costume_sexy_glove.mod (318v 304t)
  OK  h_m_costume_sexy_body.mod (586v 792t)
  OK  h_m_costume_sexy_hair.mod (263v 295t)
  OK  h_m_costume_sf_boots.mod (106v 122t)
  OK  h_m_costume_sf_hair.mod (287v 207t)
  OK  h_m_costume_sf_glove.mod (420v 311t)
  OK  h_m_costume_shark_hair.mod (219v 222t)
  OK  h_m_costume_sf_body.mod (586v 825t)
  OK  h_m_costume_snake_boots.mod (80v 142t)
  OK  h_m_costume_snake_body.mod (574v 571t)
  OK  h_m_costume_snake_hair.mod (203v 213t)
  OK  h_m_costume_snake_glove.mod (546v 453t)
  OK  h_m_costume_soccer_boots.mod (106v 152t)
  OK  h_m_costume_soccer_body.mod (572v 710t)
  OK  h_m_costume_soccer_hair.mod (201v 245t)
  OK  h_m_costume_soccer_glove.mod (136v 180t)
  OK  h_m_costume_sv_boots.mod (234v 163t)
  OK  h_m_costume_sv_glove.mod (334v 255t)
  OK  h_m_costume_suncap01.mod (226v 253t)
  OK  h_m_costume_sv_body.mod (573v 535t)
  OK  h_m_costume_sv_hair.mod (178v 206t)
  OK  h_m_costume_sv_item.mod (74v 64t)
  OK  h_m_costume_swimcap01.mod (188v 224t)
  OK  h_m_costume_tc_boots.mod (164v 192t)
  OK  h_m_costume_tc_glove.mod (238v 240t)
  OK  h_m_costume_tc_hair.mod (224v 8t)
  OK  h_m_costume_tc_body.mod (716v 623t)
  OK  h_m_costume_thailand_boots.mod (138v 172t)
  OK  h_m_costume_thailand_glove.mod (266v 231t)
  OK  h_m_costume_thailand_body.mod (481v 420t)
  OK  h_m_costume_thief01_boots.mod (154v 220t)
  OK  h_m_costume_thief01_hair.mod (138v 190t)
  OK  h_m_costume_thief01_glove.mod (318v 324t)
  OK  h_m_costume_thief01_body.mod (488v 664t)
  OK  h_m_costume_thief02_boots.mod (188v 218t)
  OK  h_m_costume_thief02_body.mod (418v 469t)
  OK  h_m_costume_thief02_hair.mod (283v 249t)
  OK  h_m_costume_thief02_glove.mod (394v 404t)
  OK  h_m_costume_thief03_boots.mod (184v 220t)
  OK  h_m_costume_thief03_glove.mod (294v 300t)
  OK  h_m_costume_thief03_body.mod (568v 597t)
  OK  h_m_costume_thief03_hair.mod (374v 410t)
  OK  h_m_costume_thief04_boots.mod (194v 228t)
  OK  h_m_costume_thief04_glove.mod (200v 228t)
  OK  h_m_costume_thief04_body.mod (556v 708t)
  OK  h_m_costume_thief04_hair.mod (212v 172t)
  OK  h_m_costume_tightsblack_glove.mod (238v 240t)
  OK  h_m_costume_tightsblack_hair.mod (128v 180t)
  OK  h_m_costume_tightsblack_body.mod (404v 477t)
  OK  h_m_costume_tightsblue_body.mod (404v 477t)
  OK  h_m_costume_tightsblue_hair.mod (128v 180t)
  OK  h_m_costume_tightsblue_glove.mod (238v 240t)
  OK  h_m_costume_tightsgreen_hair.mod (128v 180t)
  OK  h_m_costume_tightsgreen_glove.mod (238v 240t)
  OK  h_m_costume_tightsgreen_body.mod (404v 477t)
  OK  h_m_costume_tightspink_body.mod (404v 477t)
  OK  h_m_costume_tightspink_glove.mod (238v 240t)
  OK  h_m_costume_tightspink_hair.mod (128v 180t)
  OK  h_m_costume_tightsred_glove.mod (238v 240t)
  OK  h_m_costume_tightsred_body.mod (404v 477t)
  OK  h_m_costume_tightsred_hair.mod (128v 180t)
  OK  h_m_costume_tightsyellow_glove.mod (238v 240t)
  OK  h_m_costume_tightsyellow_hair.mod (128v 180t)
  OK  h_m_costume_tightsyellow_body.mod (404v 477t)
  OK  h_m_costume_trump_boots.mod (250v 292t)
  OK  h_m_costume_trump_glove.mod (264v 166t)
  OK  h_m_costume_wig02_hair.mod (261v 296t)
  OK  h_m_costume_wig01_hair.mod (365v 267t)
  OK  h_m_costume_trump_hair.mod (413v 427t)
  OK  h_m_costume_trump_body.mod (620v 854t)
  OK  h_m_costume_wig04_hair.mod (156v 237t)
  OK  h_m_costume_wig03_hair.mod (266v 326t)
  OK  h_m_costume_wig05_hair.mod (296v 273t)
  OK  h_m_costume_wig06_hair.mod (303v 235t)
  OK  h_m_costume_wig08_hair.mod (208v 228t)
  OK  h_m_costume_wig07_hair.mod (259v 339t)
  OK  h_m_costume_wizard_boots.mod (198v 260t)
  OK  h_m_costume_wizard_body.mod (670v 715t)
  OK  h_m_costume_wizard_glove.mod (294v 183t)
  OK  h_m_costume_wizard_hair.mod (360v 446t)
  OK  h_m_costume_wolf_boots.mod (340v 448t)
  OK  h_m_costume_wolf_body.mod (551v 454t)
  OK  h_m_costume_wolf_glove.mod (426v 516t)
  OK  h_m_costume_wolf_hair.mod (560v 62t)
  OK  h_m_costume_yoroi_boots.mod (410v 375t)
  OK  h_m_costume_yoroi_glove.mod (238v 240t)
  OK  h_m_face.mod (118v 172t)
  OK  h_m_face000.mod (118v 172t)
  OK  h_m_costume_yoroi_hair.mod (446v 16t)
  OK  h_m_face003.mod (118v 172t)
  OK  h_m_face001.mod (118v 172t)
  OK  h_m_foot000.mod (116v 150t)
  OK  h_m_face002.mod (118v 172t)
  OK  h_m_face004.mod (118v 172t)
  OK  h_m_hair000.mod (215v 253t)
  OK  h_m_hair001.mod (268v 29t)
  OK  h_m_hair002.mod (223v 14t)
  OK  h_m_costume_yoroi_body.mod (2027v 2238t)
  OK  h_m_hair003.mod (199v 171t)
  OK  h_m_hair004.mod (242v 202t)
  OK  h_m_hair005_lod0.mod (226v 233t)
  OK  h_m_hair005_lod1.mod (226v 233t)
  OK  h_m_hair005.mod (226v 233t)
  OK  h_m_hair006.mod (157v 215t)
  OK  h_m_hair006_lod0.mod (157v 215t)
  OK  h_m_hair005_lod2.mod (226v 233t)
  OK  h_m_hair006_lod1.mod (157v 215t)
  OK  h_m_hair007.mod (340v 45t)
  OK  h_m_hair006_lod2.mod (157v 215t)
  OK  h_m_hair007_lod0.mod (340v 45t)
  OK  h_m_hair007_lod1.mod (340v 45t)
  OK  h_m_hair008.mod (197v 227t)
  OK  h_m_hair008_lod0.mod (197v 227t)
  OK  h_m_hair007_lod2.mod (340v 45t)
  OK  h_m_hair008_lod1.mod (197v 227t)
  OK  h_m_hair008_lod2.mod (197v 227t)
  OK  h_m_hair009.mod (206v 238t)
  OK  h_m_hair009_lod1.mod (206v 238t)
  OK  h_m_hair009_lod0.mod (206v 238t)
  OK  h_m_hair009_lod2.mod (206v 238t)
  OK  h_m_hair010.mod (146v 214t)
  OK  h_m_head_cn_apple.mod (104v 81t)
  OK  h_m_hair011.mod (251v 285t)
  OK  h_m_hand000.mod (238v 240t)
  OK  h_m_head_cn_star.mod (202v 159t)
  OK  h_m_hair012.mod (312v 353t)
  OK  h_m_head_cn_rabbit.mod (221v 187t)
  OK  h_m_head_us_hat.mod (206v 237t)
  OK  h_m_leathearmor001.mod (435v 634t)
  OK  h_m_leathearmor001_lod1.mod (435v 634t)
  OK  h_m_leathearmor001_lod2.mod (435v 634t)
  OK  h_m_leathearmor001_lod0.mod (435v 634t)
  OK  h_m_leathearmor002.mod (431v 630t)
  OK  h_m_leathearmor003.mod (518v 524t)
  OK  h_m_leathearmor004.mod (526v 710t)
  OK  h_m_leathearmor005.mod (596v 595t)
  OK  h_m_leathearmor007.mod (631v 788t)
  OK  h_m_leathearmor006.mod (578v 736t)
  OK  h_m_leathearmor008.mod (601v 555t)
  OK  h_m_leathearmor009.mod (470v 648t)
  OK  h_m_leathearmor010.mod (584v 758t)
  OK  h_m_leathearmor011.mod (570v 740t)
  OK  h_m_leathearmor012.mod (604v 567t)
  OK  h_m_leathearmor015.mod (696v 10t)
  OK  h_m_leathearmor014.mod (504v 682t)
  OK  h_m_leathearmor016.mod (678v 24t)
  OK  h_m_leathearmor013.mod (564v 762t)
  OK  h_m_leathearmor016_lod1.mod (678v 24t)
  OK  h_m_leathearmor016_lod2.mod (678v 24t)
  OK  h_m_leathearmor016_lod0.mod (678v 24t)
  OK  h_m_leathearmor017.mod (618v 744t)
  OK  h_m_leathearmor018.mod (708v 797t)
  OK  h_m_leathearmor020.mod (582v 156t)
  OK  h_m_leathearmor019.mod (647v 597t)
  OK  h_m_leathearmor021.mod (479v 443t)
  OK  h_m_leathearmor022.mod (606v 790t)
  OK  h_m_leathearmor024.mod (897v 10t)
  OK  h_m_leathearmor025.mod (506v 635t)
  OK  h_m_leathearmor023.mod (853v 1086t)
  OK  h_m_leathearmor026.mod (755v 204t)
  OK  h_m_leathearmor029.mod (743v 349t)
  OK  h_m_leathearmor028.mod (726v 777t)
  OK  h_m_leathearmor027.mod (800v 771t)
  OK  h_m_leatherboots001.mod (152v 192t)
  OK  h_m_leatherboots003.mod (168v 220t)
  OK  h_m_leatherboots002.mod (194v 209t)
  OK  h_m_leathearmor030.mod (666v 876t)
  OK  h_m_leatherboots004.mod (196v 193t)
  OK  h_m_leatherboots005.mod (210v 198t)
  OK  h_m_leatherboots006.mod (202v 248t)
  OK  h_m_leatherboots007.mod (236v 221t)
  OK  h_m_leatherboots008.mod (254v 244t)
  OK  h_m_leatherboots009.mod (194v 209t)
  OK  h_m_leatherboots010.mod (222v 203t)
  OK  h_m_leatherboots011.mod (212v 240t)
  OK  h_m_leatherboots012.mod (202v 244t)
  OK  h_m_leatherboots013.mod (202v 236t)
  OK  h_m_leatherboots014.mod (186v 260t)
  OK  h_m_leatherboots015.mod (184v 220t)
  OK  h_m_leatherboots016_lod0.mod (218v 220t)
  OK  h_m_leatherboots016_lod1.mod (218v 220t)
  OK  h_m_leatherboots016.mod (218v 220t)
  OK  h_m_leatherboots016_lod2.mod (218v 220t)
  OK  h_m_leatherboots017.mod (196v 232t)
  OK  h_m_leatherboots019.mod (208v 219t)
  OK  h_m_leatherboots018.mod (200v 232t)
  OK  h_m_leatherboots020.mod (222v 252t)
  OK  h_m_leatherboots022.mod (156v 224t)
  OK  h_m_leatherboots021.mod (204v 248t)
  OK  h_m_leatherboots023.mod (342v 408t)
  OK  h_m_leatherboots024.mod (198v 226t)
  OK  h_m_leatherboots027.mod (198v 244t)
  OK  h_m_leatherboots025.mod (182v 260t)
  OK  h_m_leatherboots028.mod (212v 240t)
  OK  h_m_leatherboots026.mod (256v 186t)
  OK  h_m_leatherboots029.mod (174v 192t)
  OK  h_m_leatherboots030.mod (190v 224t)
  OK  h_m_leatherglove002.mod (256v 288t)
  OK  h_m_leatherglove003.mod (272v 304t)
  OK  h_m_leatherglove001.mod (276v 296t)
  OK  h_m_leatherglove004.mod (256v 288t)
  OK  h_m_leatherglove006.mod (259v 291t)
  OK  h_m_leatherglove005.mod (262v 294t)
  OK  h_m_leatherglove008.mod (256v 288t)
  OK  h_m_leatherglove007.mod (262v 294t)
  OK  h_m_leatherglove009.mod (276v 302t)
  OK  h_m_leatherglove010.mod (262v 294t)
  OK  h_m_leatherglove011.mod (318v 324t)
  OK  h_m_leatherglove012.mod (256v 288t)
  OK  h_m_leatherglove013.mod (270v 300t)
  OK  h_m_leatherglove014.mod (290v 312t)
  OK  h_m_leatherglove015.mod (436v 417t)
  OK  h_m_leatherglove016.mod (436v 417t)
  OK  h_m_leatherglove016_lod0.mod (436v 417t)
  OK  h_m_leatherglove016_lod1.mod (436v 417t)
  OK  h_m_leatherglove017.mod (326v 259t)
  OK  h_m_leatherglove016_lod2.mod (436v 417t)
  OK  h_m_leatherglove019.mod (266v 300t)
  OK  h_m_leatherglove020.mod (330v 336t)
  OK  h_m_leatherglove018.mod (386v 368t)
  OK  h_m_leatherglove021.mod (360v 7t)
  OK  h_m_leatherglove022.mod (318v 324t)
  OK  h_m_leatherglove023.mod (392v 351t)
  OK  h_m_leatherglove025.mod (272v 304t)
  OK  h_m_leatherglove026.mod (492v 119t)
  OK  h_m_leatherglove024.mod (420v 428t)
  OK  h_m_leatherglove027.mod (296v 336t)
  OK  h_m_leatherglove028.mod (220v 199t)
  OK  h_m_leatherglove029.mod (240v 244t)
  OK  h_m_leatherglove030.mod (274v 292t)
  OK  h_m_metalarmor001.mod (542v 676t)
  OK  h_m_metalarmor002.mod (814v 842t)
  OK  h_m_metalarmor004.mod (626v 814t)
  OK  h_m_metalarmor003.mod (846v 875t)
  OK  h_m_metalarmor005.mod (914v 791t)
  OK  h_m_metalarmor006.mod (612v 810t)
  OK  h_m_metalarmor007.mod (834v 785t)
  OK  h_m_metalarmor008.mod (916v 809t)
  OK  h_m_metalarmor009.mod (706v 864t)
  OK  h_m_metalarmor011.mod (608v 768t)
  OK  h_m_metalarmor010.mod (962v 848t)
  OK  h_m_metalarmor012.mod (740v 683t)
  OK  h_m_metalarmor013.mod (732v 659t)
  OK  h_m_metalarmor015.mod (566v 724t)
  OK  h_m_metalarmor014.mod (662v 806t)
  OK  h_m_metalarmor015_lod0.mod (566v 724t)
  OK  h_m_metalarmor015_lod1.mod (566v 724t)
  OK  h_m_metalarmor015_lod2.mod (566v 724t)
  OK  h_m_metalarmor016.mod (612v 435t)
  OK  h_m_metalarmor016_lod0.mod (612v 435t)
  OK  h_m_metalarmor016_lod1.mod (612v 435t)
  OK  h_m_metalarmor016_lod2.mod (612v 435t)
  OK  h_m_metalarmor017.mod (838v 941t)
  OK  h_m_metalarmor019.mod (559v 585t)
  OK  h_m_metalarmor018.mod (708v 587t)
  OK  h_m_metalarmor020.mod (626v 655t)
  OK  h_m_metalarmor022.mod (634v 67t)
  OK  h_m_metalarmor021.mod (855v 1040t)
  OK  h_m_metalarmor024.mod (626v 678t)
  OK  h_m_metalarmor025.mod (804v 376t)
  OK  h_m_metalarmor026.mod (932v 83t)
  OK  h_m_metalarmor027.mod (801v 4t)
  OK  h_m_metalarmor023.mod (2620v 889t)
  OK  h_m_metalarmor029.mod (864v 1090t)
  OK  h_m_metalarmor028.mod (1051v 1123t)
  OK  h_m_metalarmor030.mod (855v 1164t)
  OK  h_m_metalboots002.mod (232v 284t)
  OK  h_m_metalboots001.mod (268v 276t)
  OK  h_m_metalboots003.mod (226v 264t)
  OK  h_m_metalboots004.mod (228v 256t)
  OK  h_m_metalboots006.mod (206v 252t)
  OK  h_m_metalboots007.mod (256v 265t)
  OK  h_m_metalboots005.mod (300v 326t)
  OK  h_m_metalboots011.mod (216v 244t)
  OK  h_m_metalboots010.mod (256v 265t)
  OK  h_m_metalboots008.mod (256v 265t)
  OK  h_m_metalboots009.mod (264v 284t)
  OK  h_m_metalboots012.mod (268v 243t)
  OK  h_m_metalboots013.mod (200v 236t)
  OK  h_m_metalboots014.mod (264v 316t)
  OK  h_m_metalboots015.mod (208v 197t)
  OK  h_m_metalboots015_lod2.mod (208v 197t)
  OK  h_m_metalboots015_lod1.mod (208v 197t)
  OK  h_m_metalboots015_lod0.mod (208v 197t)
  OK  h_m_metalboots016.mod (236v 229t)
  OK  h_m_metalboots016_lod0.mod (236v 229t)
  OK  h_m_metalboots016_lod2.mod (236v 229t)
  OK  h_m_metalboots017.mod (218v 247t)
  OK  h_m_metalboots016_lod1.mod (236v 229t)
  OK  h_m_metalboots018.mod (188v 248t)
  OK  h_m_metalboots020.mod (192v 252t)
  OK  h_m_metalboots021.mod (198v 203t)
  OK  h_m_metalboots019.mod (216v 272t)
  OK  h_m_metalboots022.mod (258v 324t)
  OK  h_m_metalboots024.mod (196v 247t)
  OK  h_m_metalboots025.mod (368v 167t)
  OK  h_m_metalboots023.mod (294v 320t)
  OK  h_m_metalboots026.mod (308v 264t)
  OK  h_m_metalboots027.mod (234v 103t)
  OK  h_m_metalboots029.mod (318v 241t)
  OK  h_m_metalboots028.mod (234v 175t)
  OK  h_m_metalglove001.mod (282v 300t)
  OK  h_m_metalboots030.mod (612v 204t)
  OK  h_m_metalglove002.mod (356v 368t)
  OK  h_m_metalglove003.mod (272v 304t)
  OK  h_m_metalglove004.mod (368v 376t)
  OK  h_m_metalglove005.mod (350v 207t)
  OK  h_m_metalglove006.mod (378v 392t)
  OK  h_m_metalglove007.mod (326v 325t)
  OK  h_m_metalglove008.mod (356v 219t)
  OK  h_m_metalglove009.mod (288v 310t)
  OK  h_m_metalglove010.mod (356v 219t)
  OK  h_m_metalglove012.mod (356v 313t)
  OK  h_m_metalglove011.mod (402v 404t)
  OK  h_m_metalglove013.mod (298v 328t)
  OK  h_m_metalglove014.mod (298v 326t)
  OK  h_m_metalglove015_lod0.mod (348v 368t)
  OK  h_m_metalglove015.mod (348v 368t)
  OK  h_m_metalglove015_lod2.mod (348v 368t)
  OK  h_m_metalglove015_lod1.mod (348v 368t)
  OK  h_m_metalglove016_lod0.mod (316v 336t)
  OK  h_m_metalglove016.mod (316v 336t)
  OK  h_m_metalglove017.mod (288v 193t)
  OK  h_m_metalglove018.mod (286v 312t)
  OK  h_m_metalglove016_lod2.mod (316v 336t)
  OK  h_m_metalglove016_lod1.mod (316v 336t)
  OK  h_m_metalglove019.mod (304v 304t)
  OK  h_m_metalglove021.mod (372v 297t)
  OK  h_m_metalglove020.mod (392v 392t)
  OK  h_m_metalglove022.mod (394v 428t)
  OK  h_m_metalglove023.mod (358v 354t)
  OK  h_m_metalglove024.mod (382v 325t)
  OK  h_m_metalglove025.mod (420v 353t)
  OK  h_m_metalglove026.mod (392v 310t)
  OK  h_m_metalglove027.mod (568v 155t)
  OK  h_m_metalglove030.mod (320v 342t)
  OK  h_m_wing_01.mod (128v 248t)
  OK  h_m_wing_02.mod (128v 248t)
  OK  h_m_metalglove029.mod (540v 712t)
  OK  h_m_metalglove028.mod (1068v 356t)
  OK  h_m_wing_03_flag.mod (273v 4t)
  OK  h_m_wing_03.mod (243v 4t)
  OK  h_m_wing_04.mod (277v 66t)
  OK  h_m_wing_05.mod (212v 416t)
  OK  h_m_wing_07.mod (228v 242t)
  OK  h_m_wing_09.mod (246v 307t)
  OK  h_m_wing_06.mod (212v 416t)
  OK  h_m_wing_09_w.mod (246v 307t)
  OK  h_m_wing_10.mod (255v 315t)
  OK  h_m_wing_10_v.mod (255v 315t)
  OK  h_m_wing_11.mod (190v 244t)
  OK  h_m_wing_12.mod (204v 242t)
  OK  h_m_wing_14.mod (120v 128t)
  OK  h_m_wing_13.mod (120v 128t)
  OK  h_w_celebrite_boots.mod (208v 212t)
  OK  h_w_body000.mod (332v 510t)
  OK  h_w_celebrite_glove.mod (594v 556t)
  OK  h_w_celebrite_body.mod (734v 846t)
  OK  h_w_chstume_chef_boots.mod (112v 136t)
  OK  h_w_chstume_chef_body.mod (646v 28t)
  OK  h_w_chstume_chef_glove.mod (205v 120t)
  OK  h_w_chstume_chef_item.mod (40v 46t)
  OK  h_w_celebrite_hair.mod (887v 735t)
  OK  h_w_chstume_chef_hair.mod (379v 395t)
  OK  h_w_clothboots001.mod (176v 196t)
  OK  h_w_clothboots003.mod (166v 228t)
  OK  h_w_clothboots002.mod (276v 268t)
  OK  h_w_clothboots004.mod (164v 173t)
  OK  h_w_clothboots005.mod (164v 173t)
  OK  h_w_clothboots006.mod (180v 204t)
  OK  h_w_clothboots007.mod (190v 219t)
  OK  h_w_clothboots008.mod (220v 243t)
  OK  h_w_clothboots009.mod (194v 231t)
  OK  h_w_clothboots011.mod (168v 177t)
  OK  h_w_clothboots010.mod (232v 237t)
  OK  h_w_clothboots012.mod (208v 219t)
  OK  h_w_clothboots015.mod (90v 120t)
  OK  h_w_clothboots014.mod (178v 189t)
  OK  h_w_clothboots015_lod0.mod (90v 120t)
  OK  h_w_clothboots013.mod (140v 220t)
  OK  h_w_clothboots015_lod1.mod (90v 120t)
  OK  h_w_clothboots015_lod2.mod (90v 120t)
  OK  h_w_clothboots016.mod (192v 246t)
  OK  h_w_clothboots016_lod0.mod (192v 246t)
  OK  h_w_clothboots016_lod2.mod (192v 246t)
  OK  h_w_clothboots018.mod (186v 232t)
  OK  h_w_clothboots016_lod1.mod (192v 246t)
  OK  h_w_clothboots017.mod (166v 212t)
  OK  h_w_clothboots019.mod (190v 228t)
  OK  h_w_clothboots023.mod (130v 158t)
  OK  h_w_clothboots020.mod (184v 244t)
  OK  h_w_clothboots022.mod (168v 232t)
  OK  h_w_clothboots024.mod (328v 299t)
  OK  h_w_clothboots021.mod (162v 192t)
  OK  h_w_clothboots026.mod (162v 208t)
  OK  h_w_clothboots025.mod (178v 236t)
  OK  h_w_clothboots029.mod (152v 166t)
  OK  h_w_clothboots027.mod (198v 210t)
  OK  h_w_clothboots030.mod (176v 192t)
  OK  h_w_clothboots028.mod (190v 224t)
  OK  h_w_clothglove004.mod (270v 292t)
  OK  h_w_clothglove005.mod (270v 292t)
  OK  h_w_clothglove001.mod (256v 276t)
  OK  h_w_clothglove003.mod (294v 300t)
  OK  h_w_clothglove002.mod (592v 376t)
  OK  h_w_clothglove006.mod (308v 324t)
  OK  h_w_clothglove008.mod (270v 292t)
  OK  h_w_clothglove009.mod (340v 324t)
  OK  h_w_clothglove007.mod (366v 356t)
  OK  h_w_clothglove010.mod (294v 300t)
  OK  h_w_clothglove012.mod (256v 288t)
  OK  h_w_clothglove011.mod (256v 288t)
  OK  h_w_clothglove014.mod (266v 300t)
  OK  h_w_clothglove013.mod (306v 283t)
  OK  h_w_clothglove015.mod (272v 280t)
  OK  h_w_clothglove015_lod1.mod (272v 280t)
  OK  h_w_clothglove015_lod0.mod (272v 280t)
  OK  h_w_clothglove015_lod2.mod (272v 280t)
  OK  h_w_clothglove016.mod (324v 370t)
  OK  h_w_clothglove016_lod0.mod (324v 370t)
  OK  h_w_clothglove016_lod1.mod (324v 370t)
  OK  h_w_clothglove016_lod2.mod (324v 370t)
  OK  h_w_clothglove019.mod (250v 260t)
  OK  h_w_clothglove017.mod (326v 303t)
  OK  h_w_clothglove018.mod (288v 283t)
  OK  h_w_clothglove020.mod (238v 240t)
  OK  h_w_clothglove021.mod (288v 276t)
  OK  h_w_clothglove023.mod (258v 256t)
  OK  h_w_clothglove022.mod (314v 275t)
  OK  h_w_clothglove024.mod (358v 317t)
  OK  h_w_clothglove028.mod (238v 240t)
  OK  h_w_clothglove026.mod (308v 299t)
  OK  h_w_clothglove025.mod (268v 276t)
  OK  h_w_clothglove027.mod (288v 276t)
  OK  h_w_clothglove030.mod (334v 323t)
  OK  h_w_clothglove029.mod (380v 240t)
  OK  h_w_clothrobe001.mod (599v 637t)
  OK  h_w_clothrobe002.mod (547v 594t)
  OK  h_w_clothrobe003_lod1.mod (568v 629t)
  OK  h_w_clothrobe003.mod (568v 629t)
  OK  h_w_clothrobe003_lod0.mod (568v 629t)
  OK  h_w_clothrobe003_lod2.mod (568v 629t)
  OK  h_w_clothrobe006.mod (521v 556t)
  OK  h_w_clothrobe005.mod (531v 656t)
  OK  h_w_clothrobe007.mod (500v 636t)
  OK  h_w_clothrobe004.mod (462v 612t)
  OK  h_w_clothrobe009.mod (500v 636t)
  OK  h_w_clothrobe008.mod (524v 497t)
  OK  h_w_clothrobe011.mod (462v 612t)
  OK  h_w_clothrobe010.mod (630v 789t)
  OK  h_w_clothrobe012.mod (560v 607t)
  OK  h_w_clothrobe013.mod (598v 548t)
  OK  h_w_clothrobe014.mod (467v 513t)
  OK  h_w_clothrobe015.mod (462v 521t)
  OK  h_w_clothrobe015_lod0.mod (462v 521t)
  OK  h_w_clothrobe015_lod2.mod (462v 521t)
  OK  h_w_clothrobe015_lod1.mod (462v 521t)
  OK  h_w_clothrobe016.mod (508v 640t)
  OK  h_w_clothrobe016_lod0.mod (508v 640t)
  OK  h_w_clothrobe016_lod2.mod (508v 640t)
  OK  h_w_clothrobe016_lod1.mod (508v 640t)
  OK  h_w_clothrobe017.mod (616v 628t)
  OK  h_w_clothrobe018.mod (664v 834t)
  OK  h_w_clothrobe019.mod (638v 547t)
  OK  h_w_clothrobe020.mod (587v 436t)
  OK  h_w_clothrobe021.mod (729v 657t)
  OK  h_w_clothrobe022.mod (710v 601t)
  OK  h_w_clothrobe024.mod (726v 361t)
  OK  h_w_clothrobe023.mod (858v 916t)
  OK  h_w_clothrobe025.mod (736v 738t)
  OK  h_w_clothrobe026.mod (717v 825t)
  OK  h_w_clothrobe028.mod (812v 1023t)
  OK  h_w_clothrobe029.mod (638v 634t)
  OK  h_w_clothrobe027.mod (982v 785t)
  OK  h_w_costume_angel_boots.mod (270v 280t)
  OK  h_w_clothrobe030.mod (1005v 899t)
  OK  h_w_costume_angel_body.mod (634v 822t)
  OK  h_w_costume_angel_glove.mod (306v 280t)
  OK  h_w_costume_angel_hair.mod (416v 93t)
  OK  h_w_costume_arabian_boots.mod (186v 177t)
  OK  h_w_costume_arabian_body.mod (643v 534t)
  OK  h_w_costume_bani_body.mod (353v 15t)
  OK  h_w_costume_arabian_glove.mod (258v 256t)
  OK  h_w_costume_bani_boots.mod (92v 168t)
  OK  h_w_costume_bani_hair.mod (56v 64t)
  OK  h_w_costume_bani_glove.mod (294v 288t)
  OK  h_w_costume_arabian_hair.mod (740v 818t)
  OK  h_w_costume_bikini01_boots.mod (158v 184t)
  OK  h_w_costume_bikini01_glove.mod (269v 168t)
  OK  h_w_costume_bikini01_body.mod (504v 465t)
  OK  h_w_costume_bikini02_boot.mod (412v 313t)
  OK  h_w_costume_bikini02_boots.mod (398v 317t)
  OK  h_w_costume_bikini01_hair.mod (432v 368t)
  OK  h_w_costume_bikini02_body.mod (629v 776t)
  OK  h_w_costume_bikini03_boots.mod (214v 185t)
  OK  h_w_costume_bikini02_glove.mod (442v 379t)
  OK  h_w_costume_bikini02_hair.mod (475v 502t)
  OK  h_w_costume_boot.mod (110v 140t)
  OK  h_w_costume_bikini03_glove.mod (263v 256t)
  OK  h_w_costume_bikini03_body.mod (636v 779t)
  OK  h_w_costume_bikini03_hair.mod (370v 245t)
  OK  h_w_costume_cardcaptor_boot.mod (178v 179t)
  OK  h_w_costume_cardcaptor_hair.mod (384v 311t)
  OK  h_w_costume_cardcaptor_gloves.mod (320v 312t)
  OK  h_w_costume_cardcaptor_body.mod (698v 681t)
  OK  h_w_costume_cat1_body_lod0.mod (443v 539t)
  OK  h_w_costume_cat1_body_lod1.mod (443v 539t)
  OK  h_w_costume_cat1_body.mod (443v 539t)
  OK  h_w_costume_cat1_boot.mod (162v 212t)
  OK  h_w_costume_cat1_boot_lod0.mod (162v 212t)
  OK  h_w_costume_cat1_body_lod2.mod (443v 539t)
  OK  h_w_costume_cat1_boot_lod1.mod (162v 212t)
  OK  h_w_costume_cat1_boot_lod2.mod (162v 212t)
  OK  h_w_costume_cat1_glove.mod (164v 208t)
  OK  h_w_costume_cat1_glove_lod0.mod (164v 208t)
  OK  h_w_costume_cat1_glove_lod1.mod (164v 208t)
  OK  h_w_costume_cat1_glove_lod2.mod (164v 208t)
  OK  h_w_costume_cat1_hair_lod2.mod (272v 400t)
  OK  h_w_costume_cat1_hair_lod0.mod (272v 400t)
  OK  h_w_costume_cat1_hair.mod (272v 400t)
  OK  h_w_costume_cat1_hair_lod1.mod (272v 400t)
  OK  h_w_costume_cat2_body_lod0.mod (460v 642t)
  OK  h_w_costume_cat2_body_lod2.mod (460v 642t)
  OK  h_w_costume_cat2_body.mod (460v 642t)
  OK  h_w_costume_cat2_body_lod1.mod (460v 642t)
  OK  h_w_costume_cat2_boot.mod (162v 212t)
  OK  h_w_costume_cat2_boot_lod0.mod (162v 212t)
  OK  h_w_costume_cat2_boot_lod2.mod (162v 212t)
  OK  h_w_costume_cat2_boot_lod1.mod (162v 212t)
  OK  h_w_costume_cat2_glove_lod0.mod (164v 208t)
  OK  h_w_costume_cat2_glove.mod (164v 208t)
  OK  h_w_costume_cat2_hair_lod0.mod (272v 400t)
  OK  h_w_costume_cat2_hair.mod (272v 400t)
  OK  h_w_costume_cat2_glove_lod1.mod (164v 208t)
  OK  h_w_costume_cat2_glove_lod2.mod (164v 208t)
  OK  h_w_costume_cat2_hair_lod2.mod (272v 400t)
  OK  h_w_costume_cat2_hair_lod1.mod (272v 400t)
  OK  h_w_costume_cat3_body_lod0.mod (460v 642t)
  OK  h_w_costume_cat3_body.mod (460v 642t)
  OK  h_w_costume_cat3_boot.mod (162v 212t)
  OK  h_w_costume_cat3_body_lod1.mod (460v 642t)
  OK  h_w_costume_cat3_body_lod2.mod (460v 642t)
  OK  h_w_costume_cat3_boot_lod0.mod (162v 212t)
  OK  h_w_costume_cat3_boot_lod1.mod (162v 212t)
  OK  h_w_costume_cat3_boot_lod2.mod (162v 212t)
  OK  h_w_costume_cat3_glove_lod0.mod (164v 208t)
  OK  h_w_costume_cat3_glove.mod (164v 208t)
  OK  h_w_costume_cat3_glove_lod1.mod (164v 208t)
  OK  h_w_costume_cat3_glove_lod2.mod (164v 208t)
  OK  h_w_costume_cat3_hair.mod (272v 400t)
  OK  h_w_costume_cat3_hair_lod2.mod (272v 400t)
  OK  h_w_costume_cat3_hair_lod1.mod (272v 400t)
  OK  h_w_costume_cat3_hair_lod0.mod (272v 400t)
  OK  h_w_costume_cat4_glove.mod (166v 208t)
  OK  h_w_costume_cat4_boots.mod (162v 212t)
  OK  h_w_costume_cat4_hair.mod (210v 316t)
  OK  h_w_costume_celebrity_boots.mod (210v 228t)
  OK  h_w_costume_celebrity_body.mod (517v 37t)
  OK  h_w_costume_cat4_body.mod (556v 557t)
  OK  h_w_costume_celebrity_glove.mod (350v 20t)
  OK  h_w_costume_chic_b_boots.mod (194v 208t)
  OK  h_w_costume_celebrity_hair.mod (459v 8t)
  OK  h_w_costume_chic_b_body.mod (564v 333t)
  OK  h_w_costume_chic_b_hair.mod (196v 222t)
  OK  h_w_costume_chic_g_boots.mod (194v 208t)
  OK  h_w_costume_chic_b_glove.mod (268v 276t)
  OK  h_w_costume_chic_g_body.mod (564v 333t)
  OK  h_w_costume_chic_g_hair.mod (196v 222t)
  OK  h_w_costume_chic_p_glove.mod (268v 276t)
  OK  h_w_costume_chic_p_body.mod (564v 333t)
  OK  h_w_costume_chic_p_boots.mod (194v 208t)
  OK  h_w_costume_chic_p_hair.mod (196v 222t)
  OK  h_w_costume_chic_g_glove.mod (268v 276t)
  OK  h_w_costume_chic_suit_hair.mod (230v 189t)
  OK  h_w_costume_chic_suit_glove.mod (268v 276t)
  OK  h_w_costume_chic_suit_boots.mod (388v 416t)
  OK  h_w_costume_chic_w_body.mod (564v 333t)
  OK  h_w_costume_chic_suit_body.mod (537v 275t)
  OK  h_w_costume_chic_w_glove.mod (268v 276t)
  OK  h_w_costume_chic_w_hair.mod (196v 222t)
  OK  h_w_costume_chic_w_boots.mod (194v 208t)
  OK  h_w_costume_chick_boot.mod (194v 208t)
  OK  h_w_costume_chick_body.mod (564v 333t)
  OK  h_w_costume_chick_glove.mod (268v 276t)
  OK  h_w_costume_chick_hair.mod (238v 199t)
  OK  h_w_costume_china_boots.mod (206v 240t)
  OK  h_w_costume_china_body.mod (758v 641t)
  OK  h_w_costume_china_hair.mod (321v 325t)
  OK  h_w_costume_china_glove.mod (238v 240t)
  OK  h_w_costume_claw_glove.mod (130v 208t)
  OK  h_w_costume_cow_boot.mod (166v 196t)
  OK  h_w_costume_cow_gloves.mod (130v 156t)
  OK  h_w_costume_cow_body.mod (560v 589t)
  OK  h_w_costume_cow_hair.mod (411v 21t)
  OK  h_w_costume_cowboy_boots.mod (240v 264t)
  OK  h_w_costume_cowboy_body.mod (874v 30t)
  OK  h_w_costume_cowboy_glove.mod (288v 265t)
  OK  h_w_costume_cowboy_hair.mod (409v 302t)
  OK  h_w_costume_devil02_glove.mod (278v 223t)
  OK  h_w_costume_devil02_boots.mod (264v 300t)
  OK  h_w_costume_devil02_hair.mod (540v 246t)
  OK  h_w_costume_devil_boots.mod (172v 260t)
  OK  h_w_costume_devil_hair.mod (274v 39t)
  OK  h_w_costume_devil02_body.mod (1178v 1431t)
  OK  h_w_costume_devil_body.mod (633v 545t)
  OK  h_w_costume_devil_glove.mod (260v 225t)
  OK  h_w_costume_devil_item.mod (86v 111t)
  OK  h_w_costume_dracula_boots.mod (128v 158t)
  OK  h_w_costume_divingsuit_boots.mod (156v 166t)
  OK  h_w_costume_dracula_glove.mod (268v 261t)
  OK  h_w_costume_dracula_headband.mod (72v 94t)
  OK  h_w_costume_dracula_body.mod (780v 855t)
  OK  h_w_costume_dress_body.mod (808v 626t)
  OK  h_w_costume_dress_body_lod0.mod (808v 626t)
  OK  h_w_costume_dress_body_lod1.mod (808v 626t)
  OK  h_w_costume_dress_body_lod2.mod (808v 626t)
  OK  h_w_costume_dress_boot.mod (138v 180t)
  OK  h_w_costume_dress_body_w.mod (808v 626t)
  OK  h_w_costume_dress_body_r.mod (808v 626t)
  OK  h_w_costume_dress_boot_lod0.mod (138v 180t)
  OK  h_w_costume_dress_boot_lod1.mod (138v 180t)
  OK  h_w_costume_dress_boots_r.mod (138v 180t)
  OK  h_w_costume_dress_boots.mod (138v 180t)
  OK  h_w_costume_dress_boot_lod2.mod (138v 180t)
  OK  h_w_costume_dress_boots_w.mod (138v 180t)
  OK  h_w_costume_dress_glove_lod1.mod (364v 356t)
  OK  h_w_costume_dress_glove_lod0.mod (364v 356t)
  OK  h_w_costume_dress_glove_lod2.mod (364v 356t)
  OK  h_w_costume_dress_glove.mod (364v 356t)
  OK  h_w_costume_dress_glove_r.mod (364v 356t)
  OK  h_w_costume_dress_glove_w.mod (364v 356t)
  OK  h_w_costume_dress_hair.mod (398v 456t)
  OK  h_w_costume_dress_hair_lod0.mod (398v 456t)
  OK  h_w_costume_dress_hair_lod1.mod (398v 456t)
  OK  h_w_costume_dress_hair_lod2.mod (398v 456t)
  OK  h_w_costume_dress_hair_r.mod (398v 456t)
  OK  h_w_costume_dress_hair_w.mod (398v 456t)
  OK  h_w_costume_fireman_glove.mod (272v 164t)
  OK  h_w_costume_fireman_boots.mod (194v 260t)
  OK  h_w_costume_fireman_hair.mod (291v 310t)
  OK  h_w_costume_fireman_body.mod (688v 616t)
  OK  h_w_costume_fireman_item.mod (81v 92t)
  OK  h_w_costume_fishing_boots.mod (180v 185t)
  OK  h_w_costume_fishinghat_hair02.mod (196v 112t)
  OK  h_w_costume_fishing_glove.mod (284v 324t)
  OK  h_w_costume_fishinghat_hair.mod (207v 213t)
  OK  h_w_costume_frog_hair.mod (392v 303t)
  OK  h_w_costume_fruit01.mod (175v 7t)
  OK  h_w_costume_fruit02.mod (197v 241t)
  OK  h_w_costume_gothloli_body.mod (810v 19t)
  OK  h_w_costume_gothloli_glove.mod (238v 240t)
  OK  h_w_costume_gothloli_boots.mod (204v 236t)
  OK  h_w_costume_gothloli_cap.mod (440v 397t)
  OK  h_w_costume_halloween_01.mod (240v 286t)
  OK  h_w_costume_halloween_02.mod (287v 374t)
  OK  h_w_costume_hero_boots.mod (166v 146t)
  OK  h_w_costume_halloween_03.mod (270v 400t)
  OK  h_w_costume_hero_glove.mod (292v 217t)
  OK  h_w_costume_hero_body.mod (531v 224t)
  OK  h_w_costume_hero_hair.mod (242v 338t)
  OK  h_w_costume_hiphop_body01.mod (650v 575t)
  OK  h_w_costume_hiphop_body03.mod (576v 652t)
  OK  h_w_costume_hiphop_body04.mod (666v 677t)
  OK  h_w_costume_hiphop_boots01.mod (138v 172t)
  OK  h_w_costume_hiphop_boots03.mod (138v 172t)
  OK  h_w_costume_hiphop_boots02.mod (138v 172t)
  OK  h_w_costume_hiphop_boots04.mod (138v 172t)
  OK  h_w_costume_hiphop_glove01.mod (266v 225t)
  OK  h_w_costume_hiphop_body02.mod (616v 708t)
  OK  h_w_costume_hiphop_glove03.mod (293v 275t)
  OK  h_w_costume_hiphop_glove02.mod (293v 275t)
  OK  h_w_costume_hiphop_hair01.mod (169v 122t)
  OK  h_w_costume_hiphop_glove04.mod (266v 225t)
  OK  h_w_costume_hiphop_hair02.mod (265v 239t)
  OK  h_w_costume_hiphop_hair03.mod (265v 239t)
  OK  h_w_costume_hiphop_hair04.mod (169v 122t)
  OK  h_w_costume_honeybee_boots.mod (202v 264t)
  OK  h_w_costume_honeybee_body.mod (495v 682t)
  OK  h_w_costume_honeybee_hair.mod (198v 306t)
  OK  h_w_costume_honeybee_glove.mod (322v 327t)
  OK  h_w_costume_indian_body.mod (519v 650t)
  OK  h_w_costume_indian_boots.mod (104v 128t)
  OK  h_w_costume_indian_glove.mod (252v 12t)
  OK  h_w_costume_indian_item.mod (74v 60t)
  OK  h_w_costume_indian_hair.mod (516v 413t)
  OK  h_w_costume_innerboot.mod (110v 140t)
  OK  h_w_costume_kimono_boots.mod (168v 200t)
  OK  h_w_costume_kimono_glove.mod (478v 523t)
  OK  h_w_costume_kindergarten_body.mod (623v 520t)
  OK  h_w_costume_kindergarten_boots.mod (194v 232t)
  OK  h_w_costume_kimono_body.mod (1347v 940t)
  OK  h_w_costume_kimono_hair.mod (411v 155t)
  OK  h_w_costume_kindergarten_glove.mod (415v 111t)
  OK  h_w_costume_kindergarten_item.mod (226v 84t)
  OK  h_w_costume_kindergarten_hair.mod (434v 495t)
  OK  h_w_costume_korclothes_body.mod (857v 105t)
  OK  h_w_costume_korclothes_body_lod0.mod (857v 105t)
  OK  h_w_costume_korclothes_boot.mod (124v 164t)
  OK  h_w_costume_korclothes_boot_lod0.mod (124v 164t)
  OK  h_w_costume_korclothes_boot_lod1.mod (124v 164t)
  OK  h_w_costume_korclothes_body_lod1.mod (857v 105t)
  OK  h_w_costume_korclothes_boot_lod2.mod (124v 164t)
  OK  h_w_costume_korclothes_body_lod2.mod (857v 105t)
  OK  h_w_costume_korclothes_glove_lod0.mod (238v 240t)
  OK  h_w_costume_korclothes_glove_lod1.mod (238v 240t)
  OK  h_w_costume_korclothes_glove.mod (238v 240t)
  OK  h_w_costume_korclothes_glove_lod2.mod (238v 240t)
  OK  h_w_costume_korclothes_hair.mod (500v 168t)
  OK  h_w_costume_korclothes_hair_lod2.mod (500v 168t)
  OK  h_w_costume_korclothes_hair_lod1.mod (500v 168t)
  OK  h_w_costume_korclothes_hair_lod0.mod (500v 168t)
  OK  h_w_costume_koreanclothes_01_body.mod (566v 722t)
  OK  h_w_costume_koreanclothes_01_body_lod0.mod (566v 722t)
  OK  h_w_costume_koreanclothes_01_body_lod2.mod (566v 722t)
  OK  h_w_costume_koreanclothes_01_body_lod1.mod (566v 722t)
  OK  h_w_costume_koreanclothes_01_boot_lod1.mod (112v 140t)
  OK  h_w_costume_koreanclothes_01_boot_lod2.mod (112v 140t)
  OK  h_w_costume_koreanclothes_01_boot.mod (112v 140t)
  OK  h_w_costume_koreanclothes_01_boot_lod0.mod (112v 140t)
  OK  h_w_costume_koreanclothes_01_glove_lod0.mod (238v 240t)
  OK  h_w_costume_koreanclothes_01_glove_lod2.mod (238v 240t)
  OK  h_w_costume_koreanclothes_01_glove.mod (238v 240t)
  OK  h_w_costume_koreanclothes_01_hair.mod (313v 77t)
  OK  h_w_costume_koreanclothes_01_hair_lod0.mod (313v 77t)
  OK  h_w_costume_koreanclothes_01_glove_lod1.mod (238v 240t)
  OK  h_w_costume_koreanclothes_01_hair_lod1.mod (313v 77t)
  OK  h_w_costume_koreanwedding_boots.mod (168v 228t)
  OK  h_w_costume_koreanclothes_01_hair_lod2.mod (313v 77t)
  OK  h_w_costume_koreanwedding_glove.mod (314v 65t)
  OK  h_w_costume_koreanwedding_body.mod (1104v 13t)
  OK  h_w_costume_lf_006_hair.mod (92v 118t)
  OK  h_w_costume_lf_003.mod (255v 366t)
  OK  h_w_costume_koreanwedding_hair.mod (837v 636t)
  OK  h_w_costume_lf_006_body.mod (600v 538t)
  OK  h_w_costume_magiccard_boots.mod (242v 268t)
  OK  h_w_costume_magiccard_glove.mod (244v 240t)
  OK  h_w_costume_lf_007.mod (411v 463t)
  OK  h_w_costume_magiccard_body.mod (796v 254t)
  OK  h_w_costume_magicknight_glove.mod (368v 293t)
  OK  h_w_costume_magiccard_hair.mod (379v 391t)
  OK  h_w_costume_magicknight_body.mod (1197v 181t)
  OK  h_w_costume_magicknight_boots.mod (218v 256t)
  OK  h_w_costume_maid_body.mod (724v 924t)
  OK  h_w_costume_magicknight_hair.mod (717v 844t)
  OK  h_w_costume_maid_body_lod0.mod (724v 924t)
  OK  h_w_costume_maid_body_lod1.mod (724v 924t)
  OK  h_w_costume_maid_boots.mod (128v 158t)
  OK  h_w_costume_maid_boots_lod0.mod (128v 158t)
  OK  h_w_costume_maid_boots_lod2.mod (128v 158t)
  OK  h_w_costume_maid_boots_lod1.mod (128v 158t)
  OK  h_w_costume_maid_body_lod2.mod (724v 924t)
  OK  h_w_costume_maid_glove_lod0.mod (280v 288t)
  OK  h_w_costume_maid_glove.mod (280v 288t)
  OK  h_w_costume_maid_hair.mod (344v 280t)
  OK  h_w_costume_maid_hair_lod0.mod (344v 280t)
  OK  h_w_costume_maid_glove_lod2.mod (280v 288t)
  OK  h_w_costume_maid_glove_lod1.mod (280v 288t)
  OK  h_w_costume_monster01_boots.mod (120v 89t)
  OK  h_w_costume_maid_hair_lod2.mod (344v 280t)
  OK  h_w_costume_maid_hair_lod1.mod (344v 280t)
  OK  h_w_costume_monster01_glove.mod (210v 229t)
  OK  h_w_costume_monster01_hair.mod (248v 112t)
  OK  h_w_costume_monster02_boots.mod (148v 192t)
  OK  h_w_costume_monster02_glove.mod (158v 208t)
  OK  h_w_costume_monster01_body.mod (604v 362t)
  OK  h_w_costume_mummy_01.mod (127v 160t)
  OK  h_w_costume_monster02_body.mod (514v 492t)
  OK  h_w_costume_monster02_hair.mod (238v 288t)
  OK  h_w_costume_mummy_02.mod (134v 168t)
  OK  h_w_costume_mummy_04.mod (104v 128t)
  OK  h_w_costume_npc01_boots.mod (102v 132t)
  OK  h_w_costume_npc01_body.mod (558v 724t)
  OK  h_w_costume_npc01_glove.mod (340v 343t)
  OK  h_w_costume_mummy_03.mod (418v 565t)
  OK  h_w_costume_npc01_hair.mod (300v 375t)
  OK  h_w_costume_npc02_boots.mod (190v 292t)
  OK  h_w_costume_npc02_hair.mod (308v 38t)
  OK  h_w_costume_npc02_glove.mod (238v 240t)
  OK  h_w_costume_nurse_boots.mod (112v 136t)
  OK  h_w_costume_nurse_body.mod (820v 858t)
  OK  h_w_costume_nurse_glove.mod (268v 252t)
  OK  h_w_costume_nurse_hair.mod (356v 348t)
  OK  h_w_costume_npc02_body.mod (763v 1047t)
  OK  h_w_costume_officer_body_lod0.mod (800v 102t)
  OK  h_w_costume_octopus_hair.mod (380v 486t)
  OK  h_w_costume_officer_body.mod (800v 102t)
  OK  h_w_costume_officer_boot.mod (110v 140t)
  OK  h_w_costume_officer_body_lod1.mod (800v 102t)
  OK  h_w_costume_officer_boot_lod0.mod (110v 140t)
  OK  h_w_costume_officer_boot_lod2.mod (110v 140t)
  OK  h_w_costume_officer_body_lod2.mod (800v 102t)
  OK  h_w_costume_officer_boot_lod1.mod (110v 140t)
  OK  h_w_costume_officer_glove_lod0.mod (294v 300t)
  OK  h_w_costume_officer_glove_lod2.mod (294v 300t)
  OK  h_w_costume_officer_glove.mod (294v 300t)
  OK  h_w_costume_officer_glove_lod1.mod (294v 300t)
  OK  h_w_costume_onepiece01_hair.mod (288v 225t)
  OK  h_w_costume_onepiece01_boots.mod (184v 196t)
  OK  h_w_costume_onepiece01_body.mod (548v 668t)
  OK  h_w_costume_onepiece01_glove.mod (354v 259t)
  OK  h_w_costume_onepiece02_boots.mod (184v 196t)
  OK  h_w_costume_onepiece02_glove.mod (319v 319t)
  OK  h_w_costume_onepiece02_body.mod (580v 610t)
  OK  h_w_costume_onepiece02_hair.mod (338v 306t)
  OK  h_w_costume_opera_body.mod (592v 824t)
  OK  h_w_costume_opera_body_lod0.mod (592v 824t)
  OK  h_w_costume_opera_body_lod1.mod (592v 824t)
  OK  h_w_costume_opera_body_lod2.mod (592v 824t)
  OK  h_w_costume_opera_boots.mod (214v 218t)
  OK  h_w_costume_opera_boots_lod0.mod (214v 218t)
  OK  h_w_costume_opera_boots_lod2.mod (214v 218t)
  OK  h_w_costume_opera_boots_lod1.mod (214v 218t)
  OK  h_w_costume_opera_glove_lod0.mod (274v 231t)
  OK  h_w_costume_opera_glove_lod1.mod (274v 231t)
  OK  h_w_costume_opera_mask.mod (56v 76t)
  OK  h_w_costume_opera_glove_lod2.mod (274v 231t)
  OK  h_w_costume_opera_glove.mod (274v 231t)
  OK  h_w_costume_opera_mask_lod2.mod (56v 76t)
  OK  h_w_costume_opera_mask_lod0.mod (56v 76t)
  OK  h_w_costume_opera_mask_lod1.mod (56v 76t)
  OK  h_w_costume_pajamas_body.mod (644v 860t)
  OK  h_w_costume_pajamas_boots.mod (268v 292t)
  OK  h_w_costume_pajamas_hair.mod (501v 8t)
  OK  h_w_costume_pajamas_glove.mod (388v 255t)
  OK  h_w_costume_panda_boot.mod (138v 184t)
  OK  h_w_costume_panda_glove.mod (162v 204t)
  OK  h_w_costume_paperbag_hair.mod (104v 27t)
  OK  h_w_costume_panda_hair.mod (170v 230t)
  OK  h_w_costume_pirate_body.mod (563v 373t)
  OK  h_w_costume_pirate_body_lod0.mod (563v 373t)
  OK  h_w_costume_panda_body.mod (816v 893t)
  OK  h_w_costume_pirate_boot_lod0.mod (198v 260t)
  OK  h_w_costume_pirate_body_lod2.mod (563v 373t)
  OK  h_w_costume_pirate_body_lod1.mod (563v 373t)
  OK  h_w_costume_pirate_boot.mod (198v 260t)
  OK  h_w_costume_pirate_boot_lod1.mod (198v 260t)
  OK  h_w_costume_pirate_glove.mod (314v 289t)
  OK  h_w_costume_pirate_glove_lod0.mod (314v 289t)
  OK  h_w_costume_pirate_boot_lod2.mod (198v 260t)
  OK  h_w_costume_pirate_glove_lod2.mod (314v 289t)
  OK  h_w_costume_pirate_glove_lod1.mod (314v 289t)
  OK  h_w_costume_pirate_hair.mod (295v 128t)
  OK  h_w_costume_pirate_hair_lod0.mod (295v 128t)
  OK  h_w_costume_pirate_hair_lod2.mod (295v 128t)
  OK  h_w_costume_pirate_hair_lod1.mod (295v 128t)
  OK  h_w_costume_pirate_manteau.mod (44v 58t)
  OK  h_w_costume_priest_boots.mod (192v 248t)
  OK  h_w_costume_priest_hair.mod (280v 328t)
  OK  h_w_costume_priest_glove.mod (238v 240t)
  OK  h_w_costume_prince_glove.mod (268v 18t)
  OK  h_w_costume_priest_body.mod (798v 138t)
  OK  h_w_costume_prince_boots.mod (210v 165t)
  OK  h_w_costume_prince_body.mod (736v 1020t)
  OK  h_w_costume_prince_hair.mod (450v 332t)
  OK  h_w_costume_princess_glove.mod (268v 18t)
  OK  h_w_costume_princess_boots.mod (210v 165t)
  OK  h_w_costume_princess_hair.mod (450v 332t)
  OK  h_w_costume_rabbit_boots.mod (144v 204t)
  OK  h_w_costume_rabbit_glove.mod (136v 136t)
  OK  h_w_costume_puffer_hair.mod (349v 456t)
  OK  h_w_costume_rabbit_body.mod (560v 543t)
  OK  h_w_costume_rabbit_hair.mod (189v 246t)
  OK  h_w_costume_rain_glove.mod (302v 33t)
  OK  h_w_costume_rain_body.mod (538v 449t)
  OK  h_w_costume_rider_boots.mod (160v 212t)
  OK  h_w_costume_rain_boots.mod (174v 196t)
  OK  h_w_costume_rain_hair.mod (481v 6t)
  OK  h_w_costume_rider_glove.mod (238v 240t)
  OK  h_w_costume_rider_body.mod (575v 767t)
  OK  h_w_costume_rider_hair.mod (548v 63t)
  OK  h_w_costume_rudolf_boots.mod (160v 204t)
  OK  h_w_costume_rudolf_body.mod (538v 531t)
  OK  h_w_costume_samurai_body.mod (813v 40t)
  OK  h_w_costume_samurai_boots.mod (164v 212t)
  OK  h_w_costume_rudolf_glove.mod (234v 245t)
  OK  h_w_costume_rudolf_hair.mod (352v 139t)
  OK  h_w_costume_samurai_glove.mod (238v 240t)
  OK  h_w_costume_santa_body_lod0.mod (523v 6t)
  OK  h_w_costume_santa_body.mod (523v 6t)
  OK  h_w_costume_santa_body_lod1.mod (523v 6t)
  OK  h_w_costume_santa_boot_lod1.mod (148v 173t)
  OK  h_w_costume_santa_body_lod2.mod (523v 6t)
  OK  h_w_costume_santa_boot.mod (148v 173t)
  OK  h_w_costume_santa_boot_lod2.mod (148v 173t)
  OK  h_w_costume_santa_glove.mod (174v 232t)
  OK  h_w_costume_santa_boot_lod0.mod (148v 173t)
  OK  h_w_costume_santa_glove_lod0.mod (174v 232t)
  OK  h_w_costume_santa_glove_lod2.mod (174v 232t)
  OK  h_w_costume_santa_glove_lod1.mod (174v 232t)
  OK  h_w_costume_santa_hair.mod (247v 105t)
  OK  h_w_costume_santa_hair_lod2.mod (247v 105t)
  OK  h_w_costume_santa_hair_lod1.mod (247v 105t)
  OK  h_w_costume_santa_hair_lod0.mod (247v 105t)
  OK  h_w_costume_schooluniform_body.mod (592v 549t)
  OK  h_w_costume_schooluniform_boot.mod (115v 142t)
  OK  h_w_costume_schooluniform_body_lod0.mod (592v 549t)
  OK  h_w_costume_schooluniform_body_lod2.mod (592v 549t)
  OK  h_w_costume_schooluniform_body_lod1.mod (592v 549t)
  OK  h_w_costume_schooluniform_boot_lod0.mod (115v 142t)
  OK  h_w_costume_schooluniform_boot_lod1.mod (115v 142t)
  OK  h_w_costume_schooluniform_boot_lod2.mod (115v 142t)
  OK  h_w_costume_schooluniform_glove_lod0.mod (272v 247t)
  OK  h_w_costume_schooluniform_glove_lod1.mod (272v 247t)
  OK  h_w_costume_schooluniform_glove.mod (272v 247t)
  OK  h_w_costume_schooluniform_glove_lod2.mod (272v 247t)
  OK  h_w_costume_sexy_boots.mod (230v 282t)
  OK  h_w_costume_sexy_glove.mod (238v 240t)
  OK  h_w_costume_sf_boots.mod (192v 219t)
  OK  h_w_costume_sexy_hair.mod (362v 540t)
  OK  h_w_costume_sexy_body.mod (632v 882t)
  OK  h_w_costume_sf_glove.mod (354v 299t)
  OK  h_w_costume_shark_hair.mod (219v 222t)
  OK  h_w_costume_sf_body.mod (571v 695t)
  OK  h_w_costume_sf_hair.mod (344v 407t)
  OK  h_w_costume_snake_boots.mod (92v 168t)
  OK  h_w_costume_snake_glove.mod (342v 308t)
  OK  h_w_costume_snake_hair.mod (256v 236t)
  OK  h_w_costume_snake_body.mod (550v 584t)
  OK  h_w_costume_soccer_boots.mod (106v 152t)
  OK  h_w_costume_soccer_body.mod (615v 241t)
  OK  h_w_costume_soccer_glove.mod (136v 180t)
  OK  h_w_costume_soccer_hair.mod (201v 46t)
  OK  h_w_costume_sv_boots.mod (310v 356t)
  OK  h_w_costume_sv_glove.mod (274v 268t)
  OK  h_w_costume_suncap01.mod (322v 363t)
  OK  h_w_costume_swimcap01.mod (186v 220t)
  OK  h_w_costume_sv_body.mod (773v 948t)
  OK  h_w_costume_tc_boots.mod (170v 200t)
  OK  h_w_costume_sv_hair.mod (426v 395t)
  OK  h_w_costume_tc_body.mod (1028v 75t)
  OK  h_w_costume_tc_glove.mod (332v 288t)
  OK  h_w_costume_thailand_glove.mod (266v 225t)
  OK  h_w_costume_thailand_body.mod (481v 680t)
  OK  h_w_costume_thailand_boots.mod (138v 172t)
  OK  h_w_costume_tc_hair.mod (1152v 407t)
  OK  h_w_costume_thief01_boots.mod (154v 220t)
  OK  h_w_costume_thief01_hair.mod (164v 192t)
  OK  h_w_costume_thief01_glove.mod (318v 324t)
  OK  h_w_costume_thief02_boots.mod (188v 218t)
  OK  h_w_costume_thief01_body.mod (538v 603t)
  OK  h_w_costume_thief02_body.mod (422v 515t)
  OK  h_w_costume_thief03_boots.mod (184v 220t)
  OK  h_w_costume_thief02_glove.mod (394v 404t)
  OK  h_w_costume_thief02_hair.mod (298v 363t)
  OK  h_w_costume_thief03_body.mod (675v 896t)
  OK  h_w_costume_thief04_body.mod (598v 545t)
  OK  h_w_costume_thief03_glove.mod (306v 324t)
  OK  h_w_costume_thief03_hair.mod (407v 408t)
  OK  h_w_costume_thief04_boots.mod (194v 228t)
  OK  h_w_costume_thief04_glove.mod (200v 228t)
  OK  h_w_costume_tightsblack_glove.mod (238v 240t)
  OK  h_w_costume_thief04_hair.mod (212v 172t)
  OK  h_w_costume_tightsblack_body.mod (426v 505t)
  OK  h_w_costume_tightsblack_hair.mod (128v 180t)
  OK  h_w_costume_tightsblue_hair.mod (128v 180t)
  OK  h_w_costume_tightsgreen_body.mod (426v 505t)
  OK  h_w_costume_tightsgreen_glove.mod (238v 240t)
  OK  h_w_costume_tightsblue_glove.mod (238v 240t)
  OK  h_w_costume_tightsblue_body.mod (426v 505t)
  OK  h_w_costume_tightsgreen_hair.mod (128v 180t)
  OK  h_w_costume_tightspink_hair.mod (128v 180t)
  OK  h_w_costume_tightspink_glove.mod (238v 240t)
  OK  h_w_costume_tightspink_body.mod (426v 505t)
  OK  h_w_costume_tightsred_glove.mod (238v 240t)
  OK  h_w_costume_tightsred_hair.mod (128v 180t)
  OK  h_w_costume_tightsred_body.mod (426v 505t)
  OK  h_w_costume_tightsyellow_hair.mod (128v 180t)
  OK  h_w_costume_tightsyellow_body.mod (426v 505t)
  OK  h_w_costume_tightsyellow_glove.mod (238v 240t)
  OK  h_w_costume_trump_body.mod (560v 768t)
  OK  h_w_costume_trump_glove.mod (256v 250t)
  OK  h_w_costume_trump_hair.mod (412v 528t)
  OK  h_w_costume_trump_boots.mod (480v 160t)
  OK  h_w_costume_wig04_hair.mod (150v 232t)
  OK  h_w_costume_wig03_hair.mod (260v 332t)
  OK  h_w_costume_wig02_hair.mod (329v 353t)
  OK  h_w_costume_wig01_hair.mod (503v 437t)
  OK  h_w_costume_wig06_hair.mod (303v 238t)
  OK  h_w_costume_wig07_hair.mod (292v 356t)
  OK  h_w_costume_wig08_hair.mod (305v 319t)
  OK  h_w_costume_wig05_hair.mod (348v 287t)
  OK  h_w_costume_wizard_boots.mod (198v 260t)
  OK  h_w_costume_wizard_glove.mod (294v 186t)
  OK  h_w_costume_wizard_body.mod (728v 792t)
  OK  h_w_costume_wolf_boots.mod (340v 448t)
  OK  h_w_costume_wizard_hair.mod (337v 345t)
  OK  h_w_costume_wolf_body.mod (553v 549t)
  OK  h_w_costume_wolf_glove.mod (426v 512t)
  OK  h_w_costume_yoroi_boots.mod (506v 590t)
  OK  h_w_costume_yoroi_glove.mod (346v 61t)
  OK  h_w_face.mod (118v 172t)
  OK  h_w_face000.mod (118v 172t)
  OK  h_w_face001.mod (118v 172t)
  OK  h_w_face002.mod (118v 172t)
  OK  h_w_costume_yoroi_hair.mod (710v 497t)
  OK  h_w_costume_yoroi_body.mod (1818v 516t)
  OK  h_w_face003.mod (118v 172t)
  OK  h_w_face004.mod (118v 172t)
  OK  h_w_costume_wolf_hair.mod (1748v 68t)
  OK  h_w_foot000.mod (112v 136t)
  OK  h_w_hair003.mod (320v 273t)
  OK  h_w_hair001.mod (271v 97t)
  OK  h_w_hair000.mod (322v 402t)
  OK  h_w_hair002.mod (198v 192t)
  OK  h_w_hair005.mod (276v 120t)
  OK  h_w_hair007.mod (273v 128t)
  OK  h_w_hair006.mod (215v 94t)
  OK  h_w_hair004.mod (267v 142t)
  OK  h_w_hair011.mod (328v 42t)
  OK  h_w_hair010.mod (321v 206t)
  OK  h_w_hair008.mod (210v 265t)
  OK  h_w_hand000.mod (238v 240t)
  OK  h_w_hair009.mod (248v 322t)
  OK  h_w_head_cn_apple.mod (96v 160t)
  OK  h_w_head_cn_rabbit.mod (144v 114t)
  OK  h_w_head_cn_star.mod (141v 136t)
  OK  h_w_hair012.mod (350v 382t)
  OK  h_w_head_us_hat.mod (330v 207t)
  OK  h_w_leathearmor002.mod (404v 566t)
  OK  h_w_leathearmor004.mod (438v 606t)
  OK  h_w_leathearmor003.mod (482v 501t)
  OK  h_w_leathearmor001.mod (468v 680t)
  OK  h_w_leathearmor006.mod (591v 588t)
  OK  h_w_leathearmor007.mod (546v 552t)
  OK  h_w_leathearmor005.mod (500v 585t)
  OK  h_w_leathearmor008.mod (570v 778t)
  OK  h_w_leathearmor009.mod (436v 529t)
  OK  h_w_leathearmor010.mod (500v 549t)
  OK  h_w_leathearmor011.mod (596v 784t)
  OK  h_w_leathearmor012.mod (570v 778t)
  OK  h_w_leathearmor014.mod (504v 505t)
  OK  h_w_leathearmor013.mod (594v 630t)
  OK  h_w_leathearmor015.mod (714v 876t)
  OK  h_w_leathearmor016_lod0.mod (644v 728t)
  OK  h_w_leathearmor016_lod1.mod (644v 728t)
  OK  h_w_leathearmor016.mod (644v 728t)
  OK  h_w_leathearmor016_lod2.mod (644v 728t)
  OK  h_w_leathearmor017.mod (603v 704t)
  OK  h_w_leathearmor018.mod (676v 758t)
  OK  h_w_leathearmor020.mod (592v 601t)
  OK  h_w_leathearmor019.mod (668v 313t)
  OK  h_w_leathearmor021.mod (539v 721t)
  OK  h_w_leathearmor022.mod (639v 701t)
  OK  h_w_leathearmor024.mod (836v 504t)
  OK  h_w_leathearmor025.mod (526v 233t)
  OK  h_w_leathearmor023.mod (882v 671t)
  OK  h_w_leathearmor027.mod (772v 900t)
  OK  h_w_leathearmor026.mod (809v 654t)
  OK  h_w_leathearmor028.mod (740v 767t)
  OK  h_w_leatherboots002.mod (182v 189t)
  OK  h_w_leathearmor029.mod (755v 981t)
  OK  h_w_leatherboots001.mod (152v 192t)
  OK  h_w_leathearmor030.mod (719v 942t)
  OK  h_w_leatherboots004.mod (180v 173t)
  OK  h_w_leatherboots005.mod (188v 220t)
  OK  h_w_leatherboots003.mod (168v 220t)
  OK  h_w_leatherboots009.mod (194v 209t)
  OK  h_w_leatherboots006.mod (202v 248t)
  OK  h_w_leatherboots007.mod (212v 240t)
  OK  h_w_leatherboots008.mod (266v 265t)
  OK  h_w_leatherboots010.mod (222v 203t)
  OK  h_w_leatherboots013.mod (202v 236t)
  OK  h_w_leatherboots011.mod (212v 240t)
  OK  h_w_leatherboots012.mod (266v 265t)
  OK  h_w_leatherboots016.mod (184v 220t)
  OK  h_w_leatherboots016_lod0.mod (184v 220t)
  OK  h_w_leatherboots014.mod (186v 260t)
  OK  h_w_leatherboots015.mod (184v 220t)
  OK  h_w_leatherboots016_lod1.mod (184v 220t)
  OK  h_w_leatherboots016_lod2.mod (184v 220t)
  OK  h_w_leatherboots018.mod (200v 232t)
  OK  h_w_leatherboots017.mod (196v 232t)
  OK  h_w_leatherboots019.mod (208v 246t)
  OK  h_w_leatherboots020.mod (222v 252t)
  OK  h_w_leatherboots022.mod (156v 224t)
  OK  h_w_leatherboots021.mod (204v 248t)
  OK  h_w_leatherboots025.mod (182v 260t)
  OK  h_w_leatherboots024.mod (198v 226t)
  OK  h_w_leatherboots026.mod (256v 187t)
  OK  h_w_leatherboots023.mod (342v 408t)
  OK  h_w_leatherboots028.mod (212v 240t)
  OK  h_w_leatherboots029.mod (174v 203t)
  OK  h_w_leatherboots027.mod (198v 244t)
  OK  h_w_leatherboots030.mod (152v 192t)
  OK  h_w_leatherglove001.mod (276v 296t)
  OK  h_w_leatherglove002.mod (270v 292t)
  OK  h_w_leatherglove003.mod (272v 304t)
  OK  h_w_leatherglove004.mod (270v 292t)
  OK  h_w_leatherglove005.mod (298v 320t)
  OK  h_w_leatherglove006.mod (258v 288t)
  OK  h_w_leatherglove010.mod (262v 294t)
  OK  h_w_leatherglove007.mod (298v 320t)
  OK  h_w_leatherglove009.mod (276v 302t)
  OK  h_w_leatherglove008.mod (256v 288t)
  OK  h_w_leatherglove011.mod (318v 324t)
  OK  h_w_leatherglove012.mod (256v 288t)
  OK  h_w_leatherglove014.mod (290v 312t)
  OK  h_w_leatherglove015.mod (436v 417t)
  OK  h_w_leatherglove016.mod (436v 407t)
  OK  h_w_leatherglove016_lod0.mod (436v 407t)
  OK  h_w_leatherglove013.mod (270v 300t)
  OK  h_w_leatherglove016_lod2.mod (436v 407t)
  OK  h_w_leatherglove017.mod (326v 259t)
  OK  h_w_leatherglove018.mod (386v 368t)
  OK  h_w_leatherglove020.mod (330v 336t)
  OK  h_w_leatherglove021.mod (360v 7t)
  OK  h_w_leatherglove019.mod (266v 300t)
  OK  h_w_leatherglove022.mod (318v 324t)
  OK  h_w_leatherglove023.mod (392v 353t)
  OK  h_w_leatherglove024.mod (418v 428t)
  OK  h_w_leatherglove025.mod (272v 304t)
  OK  h_w_leatherglove016_lod1.mod (436v 407t)
  OK  h_w_leatherglove029.mod (240v 244t)
  OK  h_w_leatherglove027.mod (296v 336t)
  OK  h_w_leatherglove028.mod (220v 197t)
  OK  h_w_leatherglove026.mod (492v 111t)
  OK  h_w_metalarmor001.mod (606v 758t)
  OK  h_w_metalarmor002.mod (806v 48t)
  OK  h_w_metalarmor003.mod (810v 849t)
  OK  h_w_leatherglove030.mod (274v 292t)
  OK  h_w_metalarmor007.mod (762v 757t)
  OK  h_w_metalarmor004.mod (618v 649t)
  OK  h_w_metalarmor005.mod (743v 829t)
  OK  h_w_metalarmor006.mod (694v 888t)
  OK  h_w_metalarmor009.mod (764v 763t)
  OK  h_w_metalarmor011.mod (688v 776t)
  OK  h_w_metalarmor008.mod (856v 778t)
  OK  h_w_metalarmor014.mod (666v 846t)
  OK  h_w_metalarmor010.mod (902v 848t)
  OK  h_w_metalarmor012.mod (683v 654t)
  OK  h_w_metalarmor013.mod (825v 707t)
  OK  h_w_metalarmor015.mod (598v 760t)
  OK  h_w_metalarmor015_lod1.mod (598v 760t)
  OK  h_w_metalarmor015_lod0.mod (598v 760t)
  OK  h_w_metalarmor015_lod2.mod (598v 760t)
  OK  h_w_metalarmor016_lod0.mod (616v 555t)
  OK  h_w_metalarmor016.mod (616v 555t)
  OK  h_w_metalarmor016_lod1.mod (616v 555t)
  OK  h_w_metalarmor016_lod2.mod (616v 555t)
  OK  h_w_metalarmor018.mod (761v 758t)
  OK  h_w_metalarmor019.mod (611v 524t)
  OK  h_w_metalarmor017.mod (801v 1018t)
  OK  h_w_metalarmor020.mod (714v 651t)
  OK  h_w_metalarmor021.mod (891v 519t)
  OK  h_w_metalarmor025.mod (824v 281t)
  OK  h_w_metalarmor023.mod (1407v 833t)
  OK  h_w_metalarmor022.mod (669v 704t)
  OK  h_w_metalarmor027.mod (791v 912t)
  OK  h_w_metalarmor024.mod (650v 846t)
  OK  h_w_metalarmor028.mod (1056v 1100t)
  OK  h_w_metalarmor026.mod (992v 251t)
  OK  h_w_metalboots001.mod (296v 304t)
  OK  h_w_metalarmor030.mod (916v 1184t)
  OK  h_w_metalboots002.mod (228v 281t)
  OK  h_w_metalboots003.mod (226v 264t)
  OK  h_w_metalarmor029.mod (862v 1088t)
  OK  h_w_metalboots005.mod (300v 326t)
  OK  h_w_metalboots006.mod (206v 252t)
  OK  h_w_metalboots004.mod (228v 248t)
  OK  h_w_metalboots007.mod (320v 291t)
  OK  h_w_metalboots009.mod (264v 284t)
  OK  h_w_metalboots010.mod (320v 307t)
  OK  h_w_metalboots008.mod (320v 307t)
  OK  h_w_metalboots011.mod (216v 244t)
  OK  h_w_metalboots013.mod (200v 236t)
  OK  h_w_metalboots012.mod (268v 243t)
  OK  h_w_metalboots015.mod (208v 197t)
  OK  h_w_metalboots015_lod0.mod (208v 197t)
  OK  h_w_metalboots014.mod (264v 278t)
  OK  h_w_metalboots016.mod (304v 273t)
  OK  h_w_metalboots016_lod0.mod (304v 273t)
  OK  h_w_metalboots015_lod1.mod (208v 197t)
  OK  h_w_metalboots015_lod2.mod (208v 197t)
  OK  h_w_metalboots016_lod2.mod (304v 273t)
  OK  h_w_metalboots016_lod1.mod (304v 273t)
  OK  h_w_metalboots018.mod (188v 248t)
  OK  h_w_metalboots017.mod (218v 247t)
  OK  h_w_metalboots019.mod (216v 272t)
  OK  h_w_metalboots021.mod (198v 203t)
  OK  h_w_metalboots020.mod (192v 252t)
  OK  h_w_metalboots022.mod (260v 324t)
  OK  h_w_metalboots023.mod (294v 320t)
  OK  h_w_metalboots024.mod (196v 288t)
  OK  h_w_metalboots027.mod (234v 103t)
  OK  h_w_metalboots025.mod (368v 416t)
  OK  h_w_metalboots026.mod (308v 283t)
  OK  h_w_metalboots029.mod (318v 291t)
  OK  h_w_metalboots028.mod (234v 175t)
  OK  h_w_metalglove001.mod (282v 300t)
  OK  h_w_metalboots030.mod (612v 204t)
  OK  h_w_metalglove002.mod (356v 368t)
  OK  h_w_metalglove003.mod (272v 304t)
  OK  h_w_metalglove004.mod (370v 341t)
  OK  h_w_metalglove005.mod (350v 207t)
  OK  h_w_metalglove007.mod (326v 324t)
  OK  h_w_metalglove006.mod (383v 392t)
  OK  h_w_metalglove010.mod (356v 219t)
  OK  h_w_metalglove008.mod (356v 219t)
  OK  h_w_metalglove009.mod (288v 310t)
  OK  h_w_metalglove011.mod (402v 404t)
  OK  h_w_metalglove012.mod (356v 313t)
  OK  h_w_metalglove013.mod (312v 328t)
  OK  h_w_metalglove014.mod (298v 326t)
  OK  h_w_metalglove015_lod0.mod (356v 368t)
  OK  h_w_metalglove015.mod (356v 368t)
  OK  h_w_metalglove015_lod1.mod (356v 368t)
  OK  h_w_metalglove015_lod2.mod (356v 368t)
  OK  h_w_metalglove016.mod (316v 336t)
  OK  h_w_metalglove016_lod0.mod (316v 336t)
  OK  h_w_metalglove016_lod2.mod (316v 336t)
  OK  h_w_metalglove016_lod1.mod (316v 336t)
  OK  h_w_metalglove018.mod (298v 312t)
  OK  h_w_metalglove017.mod (308v 209t)
  OK  h_w_metalglove019.mod (304v 304t)
  OK  h_w_metalglove020.mod (392v 392t)
  OK  h_w_metalglove021.mod (372v 303t)
  OK  h_w_metalglove022.mod (394v 428t)
  OK  h_w_metalglove023.mod (358v 354t)
  OK  h_w_metalglove024.mod (382v 376t)
  OK  h_w_metalglove025.mod (420v 367t)
  OK  h_w_metalglove026.mod (392v 319t)
  OK  h_w_metalglove027.mod (568v 155t)
  OK  h_w_wing_01.mod (128v 248t)
  OK  h_w_metalglove029.mod (540v 712t)
  OK  h_w_metalglove030.mod (320v 342t)
  OK  h_w_metalglove028.mod (1068v 356t)
  OK  h_w_wing_03.mod (243v 4t)
  OK  h_w_wing_02.mod (128v 248t)
  OK  h_w_wing_03_flag.mod (273v 4t)
  OK  h_w_wing_04.mod (277v 66t)
  OK  h_w_wing_06.mod (212v 416t)
  OK  h_w_wing_05.mod (212v 416t)
  OK  h_w_wing_07.mod (228v 242t)
  OK  h_w_wing_09.mod (246v 307t)
  OK  h_w_wing_09_w.mod (246v 307t)
  OK  h_w_wing_10.mod (255v 315t)
  OK  h_w_wing_10_v.mod (255v 315t)
  OK  h_w_wing_11.mod (190v 244t)
  OK  h_w_wing_12.mod (204v 242t)
  OK  h_w_wing_13.mod (120v 128t)
  OK  h_w_wing_14.mod (120v 128t)
  OK  head001.mod (33v 23t)
  OK  head002.mod (76v 79t)
  OK  head000.mod (277v 49t)
  OK  head003.mod (169v 196t)
  OK  head003_d.mod (169v 196t)
  OK  head004.mod (30v 32t)
  OK  head005.mod (1138v 414t)
  OK  head005_1.mod (1138v 414t)
  OK  head005_1_d.mod (1138v 414t)
  OK  head005_2.mod (1138v 414t)
  OK  head007.mod (66v 72t)
  OK  head008.mod (187v 160t)
  OK  head008_d.mod (187v 160t)
  OK  head005_2_d.mod (1138v 414t)
  OK  head009.mod (361v 548t)
  OK  head005_d.mod (1138v 414t)
  OK  head012.mod (40v 32t)
  OK  head012_b.mod (40v 32t)
  OK  head010.mod (368v 472t)
  OK  head011.mod (297v 493t)
  OK  head012_b_d.mod (40v 32t)
  OK  head012_g.mod (40v 32t)
  OK  head012_d.mod (40v 32t)
  OK  head012_r_d.mod (40v 32t)
  OK  head012_r.mod (40v 32t)
  OK  head012_g_d.mod (40v 32t)
  OK  head013_d_m.mod (299v 116t)
  OK  head013_e_m.mod (298v 115t)
  OK  head013_d_w.mod (306v 294t)
  OK  head013_e_w.mod (306v 294t)
  OK  head013_h_m.mod (300v 118t)
  OK  head014_d_m.mod (292v 285t)
  OK  head014_d_w.mod (362v 359t)
  OK  head014_e_m.mod (292v 285t)
  OK  head013_h_w.mod (306v 294t)
  OK  head014_e_w.mod (362v 359t)
  OK  head015_m.mod (233v 355t)
  OK  head014_h_m.mod (292v 285t)
  OK  head014_h_w.mod (362v 359t)
  OK  head015_m_d.mod (233v 355t)
  OK  head015_w.mod (233v 355t)
  OK  head016_m_b.mod (233v 355t)
  OK  head015_w_d.mod (233v 355t)
  OK  head016_m.mod (233v 355t)
  OK  head016_m_b_d.mod (233v 355t)
  OK  head016_m_d.mod (233v 355t)
  OK  head016_m_g.mod (233v 355t)
  OK  head016_m_g_d.mod (233v 355t)
  OK  head016_m_r.mod (233v 355t)
  OK  head016_m_r_d.mod (233v 355t)
  OK  head016_w_b.mod (233v 355t)
  OK  head016_w.mod (233v 355t)
  OK  head016_w_d.mod (233v 355t)
  OK  head016_w_g.mod (233v 355t)
  OK  head016_w_b_d.mod (233v 355t)
  OK  head016_w_g_d.mod (233v 355t)
  OK  head016_w_r.mod (233v 355t)
  OK  head016_w_r_d.mod (233v 355t)
  OK  head017_d_m.mod (372v 380t)
  OK  head017_d_w.mod (394v 315t)
  OK  head017_e_m.mod (385v 376t)
  OK  head017_e_w.mod (395v 311t)
  OK  head017_h_m.mod (385v 376t)
  OK  head017_h_w.mod (395v 311t)
  OK  head018_g.mod (545v 74t)
  OK  head018_b.mod (545v 74t)
  OK  head019_m.mod (85v 74t)
  OK  head018_gold.mod (537v 64t)
  OK  head018_r.mod (545v 74t)
  OK  head019_w.mod (178v 208t)
  OK  head020_b.mod (762v 813t)
  OK  head020_b_d.mod (762v 813t)
  OK  head020_g.mod (762v 813t)
  OK  head020_g_d.mod (762v 813t)
  OK  head021.mod (145v 12t)
  OK  head024_m.mod (115v 164t)
  OK  head024_w.mod (116v 166t)
  OK  head030.mod (174v 117t)
  OK  head020_r.mod (762v 813t)
  OK  head020_r_d.mod (762v 813t)
  OK  head031.mod (174v 117t)
  OK  head_box.mod (18v 4t)
  OK  item_cooking_ladle_001.mod (69v 82t)
  OK  item_cooking_ladle_002.mod (69v 82t)
  OK  item_cooking_ladle_003.mod (68v 92t)
  OK  item_cooking_pot_001.mod (105v 139t)
  OK  item_cooking_pot_002.mod (237v 25t)
  OK  m_costume_arabian_item.mod (77v 102t)
  OK  m_costume_china_item.mod (24v 42t)
  OK  item_cooking_pot_003.mod (215v 274t)
  OK  m_costume_armysurgeon_item.mod (52v 32t)
  OK  m_costume_cowboy_item.mod (93v 36t)
  OK  m_costume_fishing_bag.mod (106v 6t)
  OK  m_costume_cow_item.mod (164v 182t)
  OK  m_costume_hero_item.mod (74v 49t)
  OK  m_costume_dark_item.mod (272v 340t)
  OK  m_costume_funky_item.mod (215v 150t)
  OK  m_costume_magiccard_item.mod (124v 164t)
  OK  m_costume_koreanwedding_item.mod (130v 162t)
  OK  m_costume_mask01.mod (71v 110t)
  OK  m_costume_mask02.mod (54v 50t)
  OK  m_costume_kimono_item.mod (358v 216t)
  OK  m_costume_pirate_mask.mod (26v 15t)
  OK  m_costume_mask03.mod (92v 114t)
  OK  m_costume_priest_item.mod (136v 23t)
  OK  m_costume_magicknight_item.mod (578v 346t)
  OK  m_costume_prince_item.mod (86v 120t)
  OK  m_costume_pajamas_item.mod (278v 181t)
  OK  m_costume_rabbit_item.mod (98v 120t)
  OK  m_costume_prince_itme.mod (86v 120t)
  OK  m_costume_rain_item.mod (145v 224t)
  OK  m_costume_rider_item.mod (62v 93t)
  OK  m_costume_rudolf_horn.mod (68v 123t)
  OK  m_costume_rudolf_nose.mod (30v 38t)
  OK  m_costume_samurai_item.mod (71v 78t)
  OK  m_costume_santa_item_g.mod (258v 235t)
  OK  m_costume_tortoise_back.mod (75v 101t)
  OK  m_costume_tc_item.mod (224v 219t)
  OK  m_costume_santa_item.mod (258v 235t)
  OK  m_glass_001.mod (48v 68t)
  OK  m_costume_yoroi_item.mod (352v 69t)
  OK  m_glass_bang_01.mod (28v 26t)
  OK  m_costume_trump_item.mod (188v 95t)
  OK  m_glass_bang_02.mod (99v 5t)
  OK  m_glass_heart_02.mod (48v 44t)
  OK  m_glass_heart_01.mod (48v 44t)
  OK  m_glass_heart_03.mod (48v 44t)
  OK  m_glass_heart_04.mod (48v 44t)
  OK  m_glass_heart_06.mod (48v 44t)
  OK  m_glass_heart_05.mod (48v 44t)
  OK  m_glass_horn_01.mod (54v 49t)
  OK  m_glass_horn_04.mod (54v 54t)
  OK  m_glass_horn_03.mod (78v 60t)
  OK  m_glass_horn_02.mod (54v 49t)
  OK  m_glass_horn_05.mod (62v 58t)
  OK  m_glass_horn_05_r.mod (60v 58t)
  OK  m_glass_horn_06.mod (96v 89t)
  OK  m_glass_horn_05_g.mod (60v 58t)
  OK  m_glass_horn_06_g.mod (96v 89t)
  OK  m_glass_horn_06_b.mod (96v 89t)
  OK  m_glass_horn_06_r.mod (96v 89t)
  OK  m_glass_horn_07.mod (40v 23t)
  OK  m_glass_horn_07_b.mod (40v 23t)
  OK  m_glass_horn_07_g.mod (40v 23t)
  OK  m_glass_horn_07_r.mod (40v 23t)
  OK  m_glass_horn_08_b.mod (78v 63t)
  OK  m_glass_horn_08_g.mod (78v 63t)
  OK  m_glass_star_02.mod (92v 81t)
  OK  m_glass_star_03.mod (92v 81t)
  OK  m_glass_star_01.mod (92v 81t)
  OK  m_glass_star_04.mod (92v 81t)
  OK  m_glass_star_05.mod (92v 81t)
  OK  m_glass_summer01.mod (48v 64t)
  OK  m_glass_star_06.mod (92v 81t)
  OK  m_glass_summer02.mod (148v 107t)
  OK  m_glass_summer03.mod (86v 78t)
  OK  m_glass_summer04.mod (84v 66t)
  OK  m_wing020.mod (106v 71t)
  OK  m_head022.mod (84v 132t)
  OK  m_wing020_v.mod (106v 71t)
  OK  m_wing020_y.mod (106v 71t)
  OK  m_wing022.mod (44v 84t)
  OK  m_wing020_b.mod (106v 71t)
  OK  m_wing021.mod (127v 168t)
  OK  m_wing_07_r.mod (228v 242t)
  OK  m_wing_flag_kor.mod (169v 184t)
  OK  m_wing_15.mod (245v 190t)
  OK  m_wing_lf_bag.mod (257v 363t)
  OK  magidagger001.mod (154v 55t)
  OK  musket001.mod (172v 198t)
  OK  musket004.mod (384v 233t)
  OK  musket002.mod (286v 393t)
  OK  musket006.mod (244v 195t)
  OK  musket005.mod (395v 410t)
  OK  musket008.mod (221v 223t)
  OK  musket003.mod (524v 504t)
  OK  musket007.mod (344v 325t)
  OK  musket010.mod (275v 23t)
  OK  musket009.mod (480v 7t)
  OK  musket012.mod (282v 206t)
  OK  musket011.mod (264v 321t)
  OK  musket013.mod (381v 66t)
  OK  null.mod (3v 1t)
  OK  oh_axe001.mod (47v 74t)
  OK  musket014.mod (326v 407t)
  OK  oh_axe002.mod (61v 98t)
  OK  oh_axe003.mod (66v 116t)
  OK  musket015.mod (579v 498t)
  OK  oh_axe004.mod (82v 142t)
  OK  oh_axe005.mod (149v 198t)
  OK  oh_axe006.mod (144v 204t)
  OK  oh_axe007.mod (134v 142t)
  OK  oh_axe009.mod (139v 87t)
  OK  oh_axe008.mod (142v 260t)
  OK  oh_axe011.mod (285v 192t)
  OK  oh_axe012.mod (244v 150t)
  OK  npc_cheetos.mod (1219v 1528t)
  OK  oh_axe010.mod (186v 181t)
  OK  oh_axe015.mod (82v 83t)
  OK  oh_axe013.mod (223v 281t)
  OK  oh_axe014.mod (190v 297t)
  OK  oh_axe016.mod (84v 95t)
  OK  oh_axe017.mod (178v 296t)
  OK  oh_axe019.mod (264v 31t)
  OK  oh_axe018.mod (140v 260t)
  OK  oh_axe021.mod (258v 5t)
  OK  oh_axe020.mod (224v 207t)
  OK  oh_axe022.mod (239v 15t)
  OK  oh_axe023.mod (279v 21t)
  OK  oh_axe024.mod (262v 304t)
  OK  oh_axe025.mod (265v 354t)
  OK  oh_axe026.mod (163v 222t)
  OK  oh_axe027.mod (244v 178t)
  OK  oh_axe029.mod (368v 457t)
  OK  oh_axe028.mod (623v 91t)
  OK  oh_axe031.mod (246v 179t)
  OK  oh_axe030.mod (704v 118t)
  OK  oh_mace001.mod (36v 48t)
  OK  oh_mace002.mod (126v 102t)
  OK  oh_mace004.mod (80v 63t)
  OK  oh_mace003.mod (124v 91t)
  OK  oh_mace.mod (257v 242t)
  OK  oh_mace007.mod (111v 105t)
  OK  oh_mace008.mod (107v 96t)
  OK  oh_mace005.mod (124v 91t)
  OK  oh_mace006.mod (99v 99t)
  OK  oh_mace009.mod (94v 50t)
  OK  oh_mace011.mod (123v 94t)
  OK  oh_mace010.mod (257v 113t)
  OK  oh_mace012.mod (200v 176t)
  OK  oh_mace013.mod (190v 224t)
  OK  oh_mace015.mod (156v 162t)
  OK  oh_mace014.mod (269v 116t)
  OK  oh_mace016.mod (148v 109t)
  OK  oh_mace018.mod (228v 280t)
  OK  oh_mace017.mod (236v 320t)
  OK  oh_mace020.mod (294v 8t)
  OK  oh_mace019.mod (230v 280t)
  OK  oh_mace022.mod (362v 314t)
  OK  oh_mace023.mod (184v 204t)
  OK  oh_mace021.mod (271v 262t)
  OK  oh_mace024.mod (244v 186t)
  OK  oh_mace027.mod (92v 69t)
  OK  oh_mace026.mod (259v 244t)
  OK  oh_mace025.mod (308v 298t)
  OK  oh_mace028.mod (771v 180t)
  OK  oh_mace031.mod (212v 203t)
  OK  oh_mace029.mod (593v 403t)
  OK  oh_mace030.mod (550v 700t)
  OK  oh_magisword001.mod (147v 167t)
  OK  oh_sword001.mod (92v 84t)
  OK  oh_sword002.mod (44v 76t)
  OK  oh_sword004.mod (96v 108t)
  OK  oh_sword003.mod (101v 92t)
  OK  oh_sword005.mod (106v 116t)
  OK  oh_sword006.mod (132v 154t)
  OK  oh_sword010.mod (82v 148t)
  OK  oh_sword008.mod (76v 87t)
  OK  oh_sword009.mod (59v 100t)
  OK  oh_sword011.mod (63v 99t)
  OK  oh_sword007.mod (156v 242t)
  OK  oh_sword012.mod (121v 226t)
  OK  oh_sword013.mod (76v 82t)
  OK  oh_sword015.mod (104v 140t)
  OK  oh_sword016.mod (97v 93t)
  OK  oh_sword014.mod (233v 403t)
  OK  oh_sword018.mod (106v 155t)
  OK  oh_sword020.mod (168v 80t)
  OK  oh_sword017.mod (242v 169t)
  OK  oh_sword021.mod (210v 252t)
  OK  oh_sword019.mod (330v 340t)
  OK  oh_sword023.mod (160v 237t)
  OK  oh_sword024.mod (175v 276t)
  OK  oh_sword022.mod (320v 380t)
  OK  oh_sword025.mod (194v 174t)
  OK  oh_sword026.mod (122v 138t)
  OK  oh_sword027.mod (142v 119t)
  OK  oh_sword028.mod (252v 60t)
  OK  oh_sword031.mod (162v 190t)
  OK  oh_sword029.mod (442v 40t)
  OK  oh_wand001.mod (127v 198t)
  OK  oh_sword030.mod (519v 112t)
  OK  oh_wand002.mod (160v 119t)
  OK  oh_wand004_v.mod (134v 99t)
  OK  oh_wand003.mod (169v 112t)
  OK  oh_wand004.mod (134v 99t)
  OK  oh_wand005.mod (166v 228t)
  OK  oh_wand006.mod (152v 137t)
  OK  oh_wand008.mod (329v 85t)
  OK  oh_wand007.mod (315v 192t)
  OK  oh_wand009.mod (211v 29t)
  OK  oh_wand010.mod (376v 356t)
  OK  oh_wand012.mod (484v 377t)
  OK  oh_wand014.mod (204v 23t)
  OK  oh_wand013.mod (554v 472t)
  OK  oh_wand011.mod (840v 382t)
  OK  pet001.mod (320v 380t)
  OK  pet003.mod (320v 380t)
  OK  pet002.mod (320v 380t)
  OK  pet004.mod (320v 380t)
  OK  pet005.mod (320v 380t)
  OK  pet010.mod (422v 205t)
  OK  pet009.mod (577v 337t)
  OK  pet011.mod (1068v 789t)
  OK  pet012.mod (796v 1153t)
  OK  pet013.mod (1192v 499t)
  OK  pet_armormonster.mod (1371v 1598t)
  OK  pet_armormonster_a.mod (1371v 1598t)
  OK  pet_armormonster_b.mod (1371v 1598t)
  OK  pet_armormonster_c.mod (1371v 1598t)
  OK  pet_can_a.mod (548v 720t)
  OK  pet_can_b.mod (548v 720t)
  OK  pet_can_c.mod (548v 720t)
  OK  pet_cobra_a.mod (464v 226t)
  OK  pet_cobra_b.mod (546v 397t)
  OK  pet_cheetos.mod (1217v 1524t)
  OK  pet_demon_a.mod (1288v 1454t)
  OK  pet_hedgehog_a.mod (863v 930t)
  OK  pet_item_back001.mod (81v 73t)
  OK  pet_demon_b.mod (1269v 1442t)
  OK  pet_item_back002.mod (86v 96t)
  OK  pet_item_back003.mod (243v 4t)
  OK  pet_item_back004.mod (128v 248t)
  OK  pet_item_back006.mod (94v 9t)
  OK  pet_item_back007.mod (106v 6t)
  OK  pet_item_back005.mod (128v 248t)
  OK  pet_item_face001.mod (50v 40t)
  OK  pet_hedgehog_b.mod (858v 819t)
  OK  pet_item_face003.mod (50v 40t)
  OK  pet_item_face004.mod (50v 40t)
  OK  pet_item_face002.mod (50v 40t)
  OK  pet_item_face006.mod (74v 74t)
  OK  pet_item_face005.mod (74v 74t)
  OK  pet_item_face008.mod (78v 114t)
  OK  pet_item_face007.mod (74v 74t)
  OK  pet_item_face010.mod (20v 36t)
  OK  pet_item_face009.mod (78v 114t)
  OK  pet_item_face011.mod (62v 62t)
  OK  pet_item_head003.mod (56v 72t)
  OK  pet_item_face012.mod (48v 70t)
  OK  pet_item_head001.mod (121v 158t)
  OK  pet_item_head002.mod (148v 158t)
  OK  pet_item_head004.mod (252v 336t)
  OK  pet_item_head007.mod (150v 160t)
  OK  pet_item_head005.mod (252v 336t)
  OK  pet_item_head006.mod (201v 216t)
  OK  pet_item_head008.mod (122v 136t)
  OK  pet_item_head011.mod (65v 74t)
  OK  pet_item_head010.mod (78v 144t)
  OK  pet_item_head009.mod (110v 127t)
  OK  pet_item_head014.mod (20v 28t)
  OK  pet_item_head012.mod (84v 60t)
  OK  pet_item_head013.mod (158v 109t)
  OK  pet_item_head015.mod (106v 127t)
  OK  pet_item_head017.mod (158v 228t)
  OK  pet_item_head016.mod (97v 113t)
  OK  pet_item_head019.mod (66v 110t)
  OK  pet_item_head018.mod (127v 160t)
  OK  pet_item_head020.mod (118v 94t)
  OK  pet_item_head022.mod (52v 72t)
  OK  pet_item_head021.mod (78v 84t)
  OK  pet_item_tail004.mod (90v 96t)
  OK  pet_item_tail003.mod (136v 144t)
  OK  pet_item_tail001.mod (136v 144t)
  OK  pet_item_tail002.mod (136v 144t)
  OK  pet_item_tail007.mod (12v 11t)
  OK  pet_item_tail008.mod (12v 11t)
  OK  pet_item_tail006.mod (12v 11t)
  OK  pet_item_tail010.mod (21v 36t)
  OK  pet_item_tail009.mod (66v 72t)
  OK  pet_item_tail005.mod (90v 96t)
  OK  pet_item_tail011.mod (34v 48t)
  OK  pet_item_tail012.mod (99v 120t)
  OK  pet_machinebutterfly_a.mod (719v 216t)
  OK  pet_machinebutterfly_b.mod (719v 216t)
  OK  pet_ladybug_b.mod (762v 813t)
  OK  pet_ladybug_a.mod (762v 813t)
  OK  pet_machinebutterfly_c.mod (719v 216t)
  OK  pet_machinecrab_a.mod (1017v 1426t)
  OK  pet_machinemantis_a.mod (1250v 37t)
  OK  pet_machinecrab_b.mod (1017v 1426t)
  OK  pet_machinecrab_c.mod (1017v 1426t)
  OK  pet_magicthing_a.mod (407v 490t)
  OK  pet_magicthing_b.mod (407v 490t)
  OK  pet_machinemantis_b.mod (1250v 838t)
  OK  pet_machinemantis_c.mod (1250v 838t)
  OK  pet_magicthing_c.mod (407v 490t)
  OK  pet_mimic_a.mod (1169v 1066t)
  OK  pet_mimic_b.mod (1169v 1066t)
  OK  pet_monster_a.mod (1250v 1244t)
  OK  pet_monster_b.mod (1250v 1244t)
  OK  pet_penguin_b.mod (544v 88t)
  OK  pet_penguin_c.mod (544v 88t)
  OK  pet_penguin_a.mod (544v 88t)
  OK  pet_monster_c.mod (1250v 1244t)
  OK  pet_poisonballoon_a.mod (1008v 115t)
  OK  pet_plantis_a.mod (821v 894t)
  OK  pet_poisonballoon_b.mod (1008v 115t)
  OK  pet_plantis_b.mod (1124v 1000t)
  OK  pet_shadow_a.mod (563v 660t)
  OK  pet_shadow_b.mod (563v 660t)
  OK  pet_siege02.mod (486v 376t)
  OK  pet_siege01.mod (934v 986t)
  OK  pet_siege04.mod (338v 332t)
  OK  pet_siege03.mod (748v 929t)
  OK  pet_slime_a.mod (361v 548t)
  OK  pet_skeleton_a.mod (978v 679t)
  OK  pet_skeleton_b.mod (1014v 656t)
  OK  pet_slime_b.mod (295v 493t)
  OK  pet_woodendoll_a.mod (246v 58t)
  OK  pet_woodendoll_b.mod (290v 172t)
  OK  pet_woodendoll_c.mod (306v 234t)
  OK  pet_wolf.mod (949v 715t)
  OK  pet_woodsnake_a.mod (226v 245t)
  OK  pet_woodsnake_b.mod (226v 245t)
  OK  pet_woodsnake_c.mod (226v 245t)
  OK  shield002.mod (34v 64t)
  OK  shield001.mod (32v 40t)
  OK  shield003.mod (33v 62t)
  OK  shield006.mod (30v 26t)
  OK  shield005.mod (34v 64t)
  OK  shaft.mod (114v 91t)
  OK  shield004.mod (47v 90t)
  OK  shield009.mod (42v 34t)
  OK  shield010.mod (42v 34t)
  OK  shield008.mod (34v 26t)
  OK  shield011.mod (32v 40t)
  OK  shield012.mod (32v 48t)
  OK  shield007.mod (34v 26t)
  OK  shield013.mod (46v 48t)
  OK  shield015.mod (48v 44t)
  OK  shield014.mod (59v 64t)
  OK  shield017.mod (21v 22t)
  OK  shield016.mod (35v 36t)
  OK  shield020.mod (44v 20t)
  OK  shield019.mod (31v 48t)
  OK  shield021.mod (36v 52t)
  OK  shield018.mod (45v 58t)
  OK  shield022.mod (54v 56t)
  OK  shield023.mod (146v 156t)
  OK  shield025.mod (34v 36t)
  OK  shield026.mod (46v 46t)
  OK  shield024.mod (65v 60t)
  OK  shield027.mod (34v 34t)
  OK  shield028.mod (43v 82t)
  OK  shield029.mod (209v 12t)
  OK  shield031.mod (78v 132t)
  OK  staff001.mod (82v 136t)
  OK  staff002.mod (84v 136t)
  OK  staff003.mod (88v 144t)
  OK  staff004.mod (113v 192t)
  OK  shield030.mod (590v 890t)
  OK  staff005.mod (188v 328t)
  OK  staff006.mod (168v 164t)
  OK  staff008.mod (148v 167t)
  OK  staff010.mod (67v 124t)
  OK  staff009.mod (68v 128t)
  OK  staff007.mod (174v 304t)
  OK  staff012.mod (108v 103t)
  OK  staff013.mod (91v 123t)
  OK  staff011.mod (106v 108t)
  OK  staff016.mod (130v 155t)
  OK  staff015.mod (133v 167t)
  OK  staff014.mod (249v 395t)
  OK  staff017.mod (240v 152t)
  OK  staff019.mod (190v 7t)
  OK  staff018.mod (160v 13t)
  OK  staff020.mod (240v 41t)
  OK  staff021.mod (199v 218t)
  OK  staff023.mod (154v 216t)
  OK  staff022.mod (65v 84t)
  OK  staff024.mod (99v 178t)
  OK  staff027.mod (230v 96t)
  OK  staff025.mod (258v 302t)
  OK  staff026.mod (319v 361t)
  OK  staff031.mod (302v 42t)
  OK  staff028.mod (816v 382t)
  OK  staff033.mod (154v 55t)
  OK  staff034.mod (147v 167t)
  OK  staff030.mod (554v 472t)
  OK  staff029.mod (676v 559t)
  OK  staff035.mod (127v 198t)
  OK  staff036.mod (160v 119t)
  OK  staff037.mod (169v 112t)
  OK  staff038.mod (134v 99t)
  OK  th_axe002.mod (138v 177t)
  OK  th_axe003.mod (129v 183t)
  OK  th_axe004.mod (58v 100t)
  OK  staff039.mod (166v 228t)
  OK  th_axe001.mod (61v 76t)
  OK  th_axe005.mod (168v 237t)
  OK  th_axe006.mod (78v 127t)
  OK  th_axe010.mod (150v 123t)
  OK  th_axe009.mod (190v 160t)
  OK  th_axe007.mod (108v 192t)
  OK  th_axe008.mod (142v 260t)
  OK  th_axe012.mod (162v 142t)
  OK  th_axe014.mod (194v 313t)
  OK  th_axe011.mod (178v 175t)
  OK  th_axe013.mod (160v 209t)
  OK  th_axe016.mod (121v 200t)
  OK  th_axe015.mod (181v 269t)
  OK  th_axe019.mod (129v 246t)
  OK  th_axe018.mod (290v 342t)
  OK  th_axe017.mod (300v 358t)
  OK  th_axe022.mod (204v 6t)
  OK  th_axe021.mod (233v 157t)
  OK  th_axe023.mod (152v 200t)
  OK  th_axe020.mod (166v 200t)
  OK  th_axe025.mod (266v 296t)
  OK  th_axe024.mod (322v 320t)
  OK  th_axe027.mod (230v 93t)
  OK  th_axe026.mod (267v 347t)
  OK  th_axe029.mod (443v 567t)
  OK  th_axe030.mod (704v 112t)
  OK  th_mace001.mod (36v 48t)
  OK  th_axe028.mod (653v 89t)
  OK  th_mace002.mod (123v 135t)
  OK  th_mace004.mod (80v 81t)
  OK  th_axe031.mod (304v 260t)
  OK  th_mace005.mod (92v 106t)
  OK  th_mace007.mod (95v 112t)
  OK  th_mace006.mod (132v 114t)
  OK  th_mace003.mod (142v 118t)
  OK  th_mace008.mod (87v 93t)
  OK  th_mace009.mod (130v 86t)
  OK  th_mace010.mod (160v 94t)
  OK  th_mace011.mod (175v 155t)
  OK  th_mace012.mod (208v 130t)
  OK  th_mace013.mod (125v 154t)
  OK  th_mace015.mod (292v 203t)
  OK  th_mace014.mod (342v 448t)
  OK  th_mace016.mod (154v 182t)
  OK  th_mace017.mod (358v 221t)
  OK  th_mace019.mod (220v 262t)
  OK  th_mace021.mod (264v 236t)
  OK  th_mace018.mod (408v 336t)
  OK  th_mace020.mod (373v 334t)
  OK  th_mace022.mod (214v 244t)
  OK  th_mace023.mod (118v 127t)
  OK  th_mace027.mod (166v 144t)
  OK  th_mace024.mod (244v 186t)
  OK  th_mace025.mod (423v 420t)
  OK  th_mace026.mod (351v 366t)
  OK  th_mace029.mod (642v 16t)
  OK  th_mace028.mod (771v 180t)
  OK  th_mace031.mod (310v 243t)
  OK  th_sword001.mod (65v 70t)
  OK  th_mace030.mod (550v 700t)
  OK  th_sword002.mod (62v 104t)
  OK  th_sword005.mod (74v 67t)
  OK  th_sword003.mod (65v 86t)
  OK  th_sword004.mod (74v 114t)
  OK  th_sword007.mod (32v 54t)
  OK  th_sword006.mod (102v 143t)
  OK  th_sword008.mod (57v 94t)
  OK  th_sword009.mod (109v 110t)
  OK  th_sword012.mod (62v 105t)
  OK  th_sword011.mod (56v 77t)
  OK  th_sword010.mod (189v 192t)
  OK  th_sword015.mod (58v 48t)
  OK  th_sword014.mod (118v 127t)
  OK  th_sword016.mod (150v 144t)
  OK  th_sword013.mod (112v 115t)
  OK  th_sword017.mod (144v 236t)
  OK  th_sword018.mod (178v 336t)
  OK  th_sword019.mod (135v 206t)
  OK  th_sword021.mod (133v 171t)
  OK  th_sword020.mod (180v 293t)
  OK  th_sword022.mod (305v 322t)
  OK  th_sword023.mod (233v 244t)
  OK  th_sword025.mod (198v 222t)
  OK  th_sword024.mod (294v 286t)
  OK  th_sword026.mod (458v 198t)
  OK  th_sword027.mod (162v 17t)
  OK  th_sword028.mod (270v 77t)
  OK  th_sword029.mod (432v 60t)
  OK  ulf_mark.mod (174v 159t)
  OK  uld_mark.mod (174v 159t)
  OK  th_sword030.mod (528v 109t)
  OK  th_sword031.mod (612v 204t)
  OK  w_costume_china_item.mod (24v 42t)
  OK  w_costume_cowboy_item.mod (149v 202t)
  OK  w_costume_fishing_bag.mod (106v 6t)
  OK  w_costume_cow_item.mod (164v 182t)
  OK  w_costume_arabian_item.mod (188v 208t)
  OK  w_costume_hero_item.mod (74v 49t)
  OK  w_costume_koreanwedding_item.mod (130v 162t)
  OK  w_costume_gothloli_item.mod (358v 319t)
  OK  w_costume_magiccard_item.mod (124v 164t)
  OK  w_costume_kimono_item.mod (396v 240t)
  OK  w_costume_mask01.mod (71v 110t)
  OK  w_costume_mask02.mod (54v 50t)
  OK  w_costume_mask03.mod (92v 114t)
  OK  w_costume_npc02_item.mod (101v 98t)
  OK  w_costume_pirate_mask.mod (26v 15t)
  OK  w_costume_nurse_item.mod (178v 156t)
  OK  w_costume_pajamas_item.mod (284v 39t)
  OK  w_costume_prince_itme.mod (38v 36t)
  OK  w_costume_magicknight_item.mod (776v 33t)
  OK  w_costume_priest_item.mod (177v 223t)
  OK  w_costume_princess_item.mod (38v 36t)
  OK  w_costume_rabbit_item.mod (98v 120t)
  OK  w_costume_rider_item.mod (124v 146t)
  OK  w_costume_rudolf_horn.mod (68v 123t)
  OK  w_costume_rain_item.mod (145v 224t)
  OK  w_costume_rudolf_nose.mod (30v 38t)
  OK  w_costume_samurai_item.mod (135v 110t)
  OK  w_costume_santa_item.mod (258v 235t)
  OK  w_costume_tortoise_back.mod (75v 101t)
  OK  w_costume_santa_item_g.mod (258v 235t)
  OK  w_costume_trump_item.mod (188v 95t)
  OK  w_glass_bang_01.mod (28v 26t)
  OK  w_glass_001.mod (51v 75t)
  OK  w_costume_tc_item.mod (224v 219t)
  OK  w_glass_bang_02.mod (99v 5t)
  OK  w_glass_heart_01.mod (48v 44t)
  OK  w_glass_heart_02.mod (48v 44t)
  OK  w_glass_heart_04.mod (48v 44t)
  OK  w_glass_heart_06.mod (48v 44t)
  OK  w_glass_heart_05.mod (48v 44t)
  OK  w_glass_heart_03.mod (48v 44t)
  OK  w_glass_horn_02.mod (54v 49t)
  OK  w_glass_horn_01.mod (54v 49t)
  OK  w_glass_horn_03.mod (78v 60t)
  OK  w_glass_horn_04.mod (54v 54t)
  OK  w_glass_horn_05.mod (62v 58t)
  OK  w_glass_horn_05_g.mod (60v 58t)
  OK  w_glass_horn_05_r.mod (60v 58t)
  OK  w_glass_horn_06.mod (96v 89t)
  OK  w_glass_horn_06_r.mod (96v 89t)
  OK  w_glass_horn_06_b.mod (96v 89t)
  OK  w_glass_horn_06_g.mod (96v 89t)
  OK  w_glass_horn_07.mod (40v 23t)
  OK  w_glass_horn_07_b.mod (40v 23t)
  OK  w_glass_horn_07_r.mod (40v 23t)
  OK  w_glass_horn_07_g.mod (40v 23t)
  OK  w_glass_horn_08_b.mod (78v 63t)
  OK  w_glass_star_01.mod (92v 81t)
  OK  w_glass_horn_08_g.mod (78v 63t)
  OK  w_glass_star_02.mod (92v 81t)
  OK  w_glass_star_03.mod (92v 81t)
  OK  w_glass_star_04.mod (92v 81t)
  OK  w_glass_star_05.mod (92v 81t)
  OK  w_glass_star_06.mod (92v 81t)
  OK  w_glass_summer01.mod (48v 64t)
  OK  w_glass_summer02.mod (148v 107t)
  OK  w_glass_summer04.mod (84v 66t)
  OK  w_glass_summer03.mod (86v 78t)
  OK  w_head022.mod (84v 132t)
  OK  w_head_box.mod (76v 54t)
  OK  w_wing020_b.mod (106v 71t)
  OK  w_wing020.mod (106v 71t)
  OK  w_wing020_v.mod (106v 71t)
  OK  w_wing020_y.mod (106v 71t)
  OK  w_wing022.mod (44v 84t)
  OK  w_wing021.mod (127v 168t)
  OK  w_wing_07_r.mod (228v 242t)
  OK  w_wing_15.mod (245v 190t)
  OK  w_wing_flag_kor.mod (169v 183t)
  OK  weapon_bow_lod.mod (25v 8t)
  OK  weapon_lhand_lod.mod (25v 8t)
  OK  weapon_rhand_lod.mod (25v 6t)
  OK  w_wing_lf_bag.mod (257v 363t)
  OK  weapon_shield_lod.mod (21v 3t)
  OK  wing018.mod (52v 44t)
  OK  wing018_purple.mod (52v 44t)
  OK  wing_us_roket.mod (52v 61t)
  OK  wing_08.mod (158v 96t)
  OK  wing_03_smile.mod (197v 4t)
  OK  57_pillar.mod (78v 33t)
  OK  boarda.mod (128v 19t)
  OK  bambusoideae.mod (203v 113t)
  OK  29_boss_sealstone.mod (1490v 874t)
  OK  c2_ohcast1.mod (882v 840t)
  OK  boss_taraintus.mod (2957v 373t)
  OK  chobj_runa_stone01.mod (208v 70t)
  OK  bose_leostein.mod (2780v 3599t)
  OK  dog01.mod (698v 1046t)
  OK  cow.mod (1338v 1436t)
  OK  eff_slotmachine_pung.mod (148v 74t)
  OK  m001.mod (216v 129t)
  OK  eff_c2_thcast1.mod (882v 840t)
  OK  m002.mod (291v 156t)
  OK  m003.mod (269v 467t)
  OK  boss_dragonian.mod (4299v 5046t)
  OK  m004.mod (768v 401t)
  OK  m004_lod02.mod (768v 401t)
  OK  m005.mod (897v 48t)
  OK  m007.mod (545v 74t)
  OK  m006.mod (797v 754t)
  OK  m008.mod (784v 1100t)
  OK  m010.mod (937v 998t)
  OK  m009.mod (957v 1189t)
  OK  m011.mod (949v 715t)
  OK  m012.mod (504v 613t)
  OK  m013.mod (991v 671t)
  OK  m016.mod (549v 650t)
  OK  m014.mod (1093v 984t)
  OK  m015.mod (1068v 926t)
  OK  m018.mod (216v 129t)
  OK  m018_lod02.mod (563v 626t)
  OK  m019.mod (904v 333t)
  OK  m019_argentina.mod (869v 327t)
  OK  m021.mod (216v 129t)
  OK  m017.mod (1367v 1214t)
  OK  m023.mod (269v 467t)
  OK  m020.mod (1109v 908t)
  OK  m025.mod (291v 156t)
  OK  m022.mod (1220v 1108t)
  OK  m027.mod (545v 74t)
  OK  m024.mod (748v 929t)
  OK  m026.mod (830v 877t)
  OK  m029.mod (897v 48t)
  OK  m028.mod (934v 986t)
  OK  m031.mod (784v 1100t)
  OK  m030.mod (1278v 1206t)
  OK  m032.mod (909v 1182t)
  OK  m033.mod (798v 803t)
  OK  m034.mod (837v 788t)
  OK  m036.mod (1075v 1113t)
  OK  m035.mod (952v 746t)
  OK  m037.mod (1316v 1074t)
  OK  m038.mod (890v 1214t)
  OK  m039.mod (884v 72t)
  OK  m041.mod (1220v 1108t)
  OK  m042.mod (840v 846t)
  OK  m040.mod (1307v 1554t)
  OK  m043.mod (901v 738t)
  OK  m044.mod (940v 782t)
  OK  m045.mod (957v 1189t)
  OK  m046.mod (957v 1189t)
  OK  m047.mod (1158v 1091t)
  OK  m048.mod (793v 714t)
  OK  m050.mod (768v 401t)
  OK  m051.mod (934v 797t)
  OK  m049.mod (814v 794t)
  OK  m052.mod (504v 613t)
  OK  m053.mod (748v 929t)
  OK  m055.mod (504v 613t)
  OK  m054.mod (1093v 984t)
  OK  m056.mod (935v 756t)
  OK  m057.mod (904v 333t)
  OK  m058.mod (904v 333t)
  OK  m060.mod (830v 877t)
  OK  m059.mod (1041v 836t)
  OK  m062.mod (973v 727t)
  OK  m061.mod (973v 727t)
  OK  m063.mod (549v 650t)
  OK  m064.mod (830v 877t)
  OK  m067.mod (768v 401t)
  OK  m066.mod (1068v 926t)
  OK  m065.mod (1068v 926t)
  OK  m068.mod (897v 48t)
  OK  m071.mod (917v 72t)
  OK  m069.mod (784v 1100t)
  OK  m072.mod (768v 401t)
  OK  m070.mod (904v 333t)
  OK  m073.mod (909v 1182t)
  OK  m074.mod (909v 1182t)
  OK  m076.mod (1093v 984t)
  OK  m075.mod (748v 929t)
  OK  m078.mod (1051v 801t)
  OK  m077.mod (1278v 1206t)
  OK  m080.mod (862v 692t)
  OK  m079.mod (975v 675t)
  OK  m082.mod (689v 482t)
  OK  m083.mod (830v 877t)
  OK  m087.mod (1441v 1214t)
  OK  m088.mod (1394v 1648t)
  OK  m089.mod (1447v 1678t)
  OK  m090.mod (1427v 1644t)
  OK  m092.mod (890v 1214t)
  OK  m091.mod (1457v 1171t)
  OK  m093.mod (890v 1214t)
  OK  m096.mod (884v 72t)
  OK  m094.mod (1340v 455t)
  OK  m095.mod (1301v 997t)
  OK  m097.mod (884v 72t)
  OK  m098.mod (884v 72t)
  OK  m100.mod (1220v 461t)
  OK  m101.mod (1131v 337t)
  OK  m099.mod (1109v 908t)
  OK  m102.mod (1081v 1121t)
  OK  m105.mod (1109v 490t)
  OK  m104.mod (1154v 730t)
  OK  m103.mod (1233v 606t)
  OK  m106.mod (1159v 622t)
  OK  m111.mod (867v 84t)
  OK  m114.mod (858v 69t)
  OK  m113.mod (931v 65t)
  OK  m112.mod (849v 1176t)
  OK  m117.mod (981v 75t)
  OK  m116.mod (860v 886t)
  OK  m115.mod (956v 910t)
  OK  m119.mod (977v 256t)
  OK  m120.mod (933v 67t)
  OK  m118.mod (1190v 1068t)
  OK  m121.mod (942v 824t)
  OK  m122.mod (1024v 936t)
  OK  m124.mod (1141v 653t)
  OK  m125.mod (1211v 612t)
  OK  m123.mod (1469v 1727t)
  OK  m126.mod (1046v 857t)
  OK  m154.mod (563v 660t)
  OK  m155.mod (898v 693t)
  OK  m157.mod (291v 156t)
  OK  m158.mod (216v 129t)
  OK  m156.mod (862v 692t)
  OK  m160.mod (563v 660t)
  OK  m159.mod (1220v 1108t)
  OK  m163.mod (504v 613t)
  OK  m161.mod (563v 660t)
  OK  m162.mod (1441v 1214t)
  OK  m164.mod (506v 358t)
  OK  m165.mod (876v 1174t)
  OK  m166.mod (642v 918t)
  OK  m167.mod (574v 874t)
  OK  m168.mod (1018v 232t)
  OK  m169.mod (637v 965t)
  OK  m170.mod (637v 965t)
  OK  m172.mod (821v 894t)
  OK  m173.mod (1274v 1072t)
  OK  m174.mod (1131v 463t)
  OK  m175.mod (1124v 994t)
  OK  m176.mod (1153v 853t)
  OK  m177.mod (1253v 1492t)
  OK  m171.mod (4074v 1612t)
  OK  m181.mod (751v 625t)
  OK  m178.mod (1155v 913t)
  OK  m180.mod (1222v 1512t)
  OK  m179.mod (1356v 1568t)
  OK  m182.mod (1169v 349t)
  OK  m184.mod (884v 72t)
  OK  m183.mod (1212v 1665t)
  OK  m185.mod (1171v 1354t)
  OK  m186.mod (1196v 1180t)
  OK  m187.mod (1576v 1680t)
  OK  m188.mod (1147v 719t)
  OK  m189.mod (1387v 1135t)
  OK  m192.mod (495v 70t)
  OK  m193.mod (338v 332t)
  OK  m195.mod (492v 104t)
  OK  m194.mod (762v 813t)
  OK  m190.mod (1390v 1193t)
  OK  m196.mod (783v 427t)
  OK  m200.mod (178v 198t)
  OK  m198.mod (744v 415t)
  OK  m197.mod (1075v 126t)
  OK  m199.mod (1009v 1231t)
  OK  m201.mod (993v 1115t)
  OK  m204.mod (1316v 1580t)
  OK  m203.mod (1358v 1709t)
  OK  m206.mod (1160v 888t)
  OK  m205.mod (1336v 1492t)
  OK  m207.mod (1129v 196t)
  OK  m208.mod (1404v 1456t)
  OK  m209.mod (1601v 1574t)
  OK  m210.mod (1828v 1574t)
  OK  m211.mod (1329v 1618t)
  OK  m212.mod (1530v 1652t)
  OK  m214.mod (1030v 1160t)
  OK  m213.mod (1530v 1652t)
  OK  m215.mod (1030v 1160t)
  OK  m216.mod (1000v 1076t)
  OK  m217.mod (1000v 1076t)
  OK  m219.mod (1191v 985t)
  OK  m218.mod (1191v 985t)
  OK  m220.mod (1027v 1106t)
  OK  m222.mod (269v 467t)
  OK  m223.mod (269v 467t)
  OK  m224.mod (262v 462t)
  OK  m221.mod (1027v 1106t)
  OK  m224_evt.mod (254v 445t)
  OK  m227.mod (851v 89t)
  OK  m226.mod (787v 768t)
  OK  m225.mod (950v 1018t)
  OK  m229.mod (818v 69t)
  OK  m228.mod (864v 886t)
  OK  m230.mod (802v 91t)
  OK  m232.mod (949v 715t)
  OK  m234.mod (1821v 299t)
  OK  m233.mod (1821v 299t)
  OK  m235.mod (1821v 299t)
  OK  m240.mod (1007v 887t)
  OK  m246.mod (1115v 4t)
  OK  m245.mod (1205v 817t)
  OK  m244.mod (1571v 1912t)
  OK  m243.mod (2158v 994t)
  OK  m247.mod (1408v 1331t)
  OK  m249.mod (804v 571t)
  OK  m248.mod (1305v 1366t)
  OK  m251.mod (1134v 119t)
  OK  m252.mod (284v 209t)
  OK  m254.mod (342v 261t)
  OK  m256.mod (594v 421t)
  OK  m255.mod (464v 226t)
  OK  m253.mod (748v 809t)
  OK  m258.mod (340v 411t)
  OK  m257.mod (667v 826t)
  OK  m259.mod (344v 447t)
  OK  m260.mod (943v 795t)
  OK  m263.mod (883v 1124t)
  OK  m262.mod (937v 1190t)
  OK  m264.mod (1221v 1012t)
  OK  m261.mod (873v 1117t)
  OK  m266.mod (1151v 237t)
  OK  m267.mod (1162v 41t)
  OK  m265.mod (1312v 1138t)
  OK  m268.mod (1043v 812t)
  OK  m269.mod (1043v 812t)
  OK  m270.mod (1043v 812t)
  OK  m274.mod (90v 123t)
  OK  m272.mod (1375v 721t)
  OK  m275.mod (90v 123t)
  OK  m273.mod (943v 1271t)
  OK  m271.mod (1259v 1493t)
  OK  m278.mod (489v 337t)
  OK  m279.mod (512v 469t)
  OK  m276.mod (788v 715t)
  OK  m281.mod (832v 96t)
  OK  m280.mod (653v 851t)
  OK  m282.mod (970v 797t)
  OK  m286.mod (526v 714t)
  OK  m283.mod (1671v 1164t)
  OK  m284.mod (1713v 635t)
  OK  m285.mod (1794v 1248t)
  OK  m290.mod (580v 534t)
  OK  m287.mod (1188v 1094t)
  OK  m288.mod (1130v 993t)
  OK  m289.mod (1117v 1089t)
  OK  m291.mod (1079v 1097t)
  OK  m293.mod (1032v 1241t)
  OK  m292.mod (946v 1150t)
  OK  m294.mod (1756v 1437t)
  OK  m298.mod (486v 376t)
  OK  m295.mod (1664v 1354t)
  OK  m296.mod (1512v 1490t)
  OK  m297.mod (1464v 1317t)
  OK  m305.mod (526v 500t)
  OK  m302.mod (1119v 1249t)
  OK  m303.mod (837v 953t)
  OK  m309.mod (1027v 115t)
  OK  m308.mod (1194v 1124t)
  OK  m310.mod (1466v 1373t)
  OK  m306.mod (2935v 3701t)
  OK  m307.mod (3121v 2415t)
  OK  m311.mod (1389v 1808t)
  OK  m317.mod (1242v 1109t)
  OK  m313.mod (1531v 1672t)
  OK  m318.mod (2992v 2253t)
  OK  m319.mod (2200v 2419t)
  OK  m320.mod (1430v 1755t)
  OK  m312.mod (5052v 1695t)
  OK  m322.mod (1235v 960t)
  OK  m321.mod (1639v 1491t)
  OK  m324.mod (1315v 1324t)
  OK  m325.mod (1216v 1199t)
  OK  m323.mod (1938v 1729t)
  OK  m326.mod (1230v 1154t)
  OK  m327.mod (1448v 1431t)
  OK  m329.mod (1076v 1533t)
  OK  m330.mod (1076v 1533t)
  OK  m328.mod (1342v 1758t)
  OK  m331.mod (1857v 2387t)
  OK  m332.mod (1328v 1710t)
  OK  m333.mod (1292v 1700t)
  OK  m334.mod (1212v 1602t)
  OK  m337.mod (748v 447t)
  OK  m338.mod (772v 774t)
  OK  m336.mod (1216v 1281t)
  OK  m335.mod (2748v 64t)
  OK  m339.mod (748v 461t)
  OK  m_19_boss_enragedbust.mod (269v 467t)
  OK  m340.mod (1414v 202t)
  OK  m_19_boss_enragedseolkata.mod (545v 74t)
  OK  m_15_boss_eyebat.mod (830v 837t)
  OK  m_13_boss_wasuqueen.mod (909v 1182t)
  OK  m_21_boss_gnoll.mod (897v 48t)
  OK  m_23_boss_bloodwolf.mod (949v 715t)
  OK  m_26_boss_kasasno.mod (830v 837t)
  OK  m_41_boss_docmas.mod (216v 129t)
  OK  m_32_boss_amodal.mod (890v 1214t)
  OK  m_42_boss_kangdusor.mod (904v 333t)
  OK  m_31_boss_stallweak.mod (1441v 1214t)
  OK  m_53_boss_sanjobras.mod (506v 864t)
  OK  m_51_boss_siwana.mod (1305v 1366t)
  OK  m_54_boss_arasedual.mod (949v 715t)
  OK  m_pet01.mod (320v 380t)
  OK  m_73_protectorbunswudi.mod (934v 986t)
  OK  m_pet02.mod (320v 380t)
  OK  m_55_boss_wugiarik.mod (1576v 1680t)
  OK  m_pet03.mod (320v 380t)
  OK  m_pet04.mod (320v 380t)
  OK  null.mod (3v 1t)
  OK  m_pet05.mod (320v 380t)
  OK  slotmachine_co.mod (453v 216t)
  OK  snowman.mod (401v 387t)
  OK  n088.mod (1206v 847t)
  OK  summon002.mod (82v 80t)
  OK  slotmachine.mod (874v 696t)
  OK  summon001.mod (388v 186t)
  OK  summon005.mod (725v 599t)
  OK  summon004.mod (725v 599t)
  OK  summon006.mod (725v 599t)
  OK  summon003.mod (870v 696t)
  OK  unicon.mod (1042v 236t)
  OK  v_fix_airballoon.mod (757v 649t)
  OK  v_fix_btrain.mod (654v 129t)
  OK  v_fix_cake01_1.mod (1577v 1516t)
  OK  v_fix_cake02_1.mod (1573v 1351t)
  OK  v_fix_dovebox.mod (1538v 727t)
  OK  v_fix_dovebox3.mod (1538v 727t)
  OK  v_fix_dovebox_b.mod (1538v 727t)
  OK  v_fix_dovebox_c.mod (1538v 727t)
  OK  v_fix_doveboxe_b.mod (1538v 727t)
  OK  v_fix_doveboxe_c.mod (1538v 727t)
  OK  v_fix_flesh.mod (1276v 446t)
  OK  v_fix_drop.mod (1557v 1069t)
  OK  v_fix_stree.mod (1832v 1159t)
  OK  v_fix_octopus.mod (2538v 1660t)
  OK  v_move_basilisk_a.mod (1079v 1238t)
  OK  v_fix_viking.mod (2377v 1905t)
  OK  v_move_bear_a.mod (888v 509t)
  OK  v_move_basilisk_b.mod (1079v 1238t)
  OK  v_move_cannon.mod (494v 359t)
  OK  v_move_bear_b.mod (888v 509t)
  OK  v_move_carpet.mod (192v 136t)
  OK  v_move_blackhorse_b.mod (1059v 126t)
  OK  v_move_blackhorse_a.mod (1059v 126t)
  OK  v_move_cloud_a.mod (286v 504t)
  OK  v_move_cloud_b.mod (286v 504t)
  OK  v_move_cloud_c.mod (286v 504t)
  OK  v_move_fish_a.mod (222v 181t)
  OK  v_move_fish_b.mod (222v 181t)
  OK  v_move_fish_c.mod (222v 181t)
  OK  v_move_fourlegrobot_a.mod (1001v 63t)
  OK  v_move_fourlegrobot_b.mod (1001v 63t)
  OK  v_move_fourlegrobot_c.mod (1001v 63t)
  OK  v_move_cow.mod (1338v 1436t)
  OK  v_move_hyena_a.mod (1302v 189t)
  OK  v_move_hyena_b.mod (1302v 189t)
  OK  v_move_griffon_a.mod (1391v 1218t)
  OK  v_move_griffon_b.mod (1391v 1218t)
  OK  v_move_magicwand_a.mod (239v 170t)
  OK  v_move_magicwand_b.mod (239v 170t)
  OK  v_move_magicwand_c.mod (239v 170t)
  OK  v_move_paperairplane_a.mod (52v 13t)
  OK  v_move_paperairplane_b.mod (52v 13t)
  OK  v_move_paperairplane_c.mod (52v 13t)
  OK  v_move_leopard_a.mod (1340v 1216t)
  OK  v_move_leopard_b.mod (1340v 1216t)
  OK  v_move_minicar.mod (1692v 810t)
  OK  v_move_seahorse_b.mod (1210v 893t)
  OK  v_move_seahorse_a.mod (1210v 893t)
  OK  v_move_snail_a.mod (582v 71t)
  OK  v_move_seahorse_c.mod (1210v 893t)
  OK  v_move_snail_b.mod (582v 71t)
  OK  v_move_skymoto.mod (1148v 536t)
  OK  v_move_rudolph.mod (2556v 3044t)
  OK  v_move_snail_c.mod (582v 71t)
  OK  v_move_tiger_a.mod (1075v 1464t)
  OK  v_move_tiger_b.mod (1075v 1464t)
  OK  v_move_spider_b.mod (1294v 1565t)
  OK  v_move_spider_a.mod (1294v 1565t)
  OK  v_move_turtle_b.mod (667v 657t)
  OK  v_move_turtle_a.mod (667v 657t)
  OK  v_move_ufo.mod (512v 652t)
  OK  v_move_tiger_c.mod (1075v 1464t)
  OK  v_move_ufo_c.mod (536v 656t)
  OK  v_move_ufo_b.mod (536v 656t)
  OK  v_move_ufo_a.mod (536v 656t)
  OK  v_move_w_horse.mod (1151v 305t)
  OK  v_move_warcart5.mod (1044v 289t)
  OK  v_move_weedy_a.mod (755v 700t)
  OK  v_move_weedy_b.mod (755v 700t)
  OK  v_move_wolf_a.mod (1954v 251t)
  OK  01_farm_bflower3.mod (63v 48t)
  OK  v_move_wolf_b.mod (1954v 251t)
  OK  01_farm_bflower4.mod (147v 120t)
  OK  01_farm_bflower5.mod (108v 88t)
  OK  v_move_woodwalker_a.mod (1931v 1708t)
  OK  v_move_woodwalker_b.mod (1931v 1708t)
  OK  01_farm_fence.mod (750v 421t)
  OK  01_farm_fence_lv4.mod (358v 95t)
  OK  01_farm_fence_lv1.mod (1389v 723t)
  OK  01_farm_fence_lv5.mod (242v 69t)
  OK  01_farm_fence_lv3.mod (1260v 196t)
  OK  01_farm_hill_lv1.mod (4v 2t)
  OK  01_farm_fence_lv2.mod (1288v 285t)
  OK  01_farm_hill_lv2.mod (14v 16t)
  OK  01_farm_hill_lv3.mod (8v 4t)
  OK  01_farm_fence_lv6.mod (366v 131t)
  OK  01_farm_hill_lv4.mod (44v 22t)
  OK  01_farm_house_lv2.mod (130v 47t)
  OK  01_farm_house_lv3.mod (154v 63t)
  OK  01_farm_house_lv1.mod (103v 43t)
  OK  01_farm_house_lv4.mod (246v 44t)
  OK  01_farm_mu_lv3.mod (39v 54t)
  OK  01_farm_housepost.mod (49v 50t)
  OK  01_farm_house_lv5.mod (375v 111t)
  OK  01_farm_mu_lv4.mod (57v 82t)
  OK  01_farm_produce_lv2.mod (22v 14t)
  OK  01_farm_house_lv6.mod (434v 77t)
  OK  01_farm_rflower3.mod (63v 48t)
  OK  01_farm_mu_lv5.mod (116v 152t)
  OK  01_farm_sflower3.mod (57v 40t)
  OK  01_farm_sflower4.mod (134v 120t)
  OK  01_farm_rflower5.mod (108v 88t)
  OK  01_farm_rflower4.mod (153v 124t)
  OK  01_farm_sflower5.mod (140v 124t)
  OK  01_farm_stable_lv1.mod (322v 208t)
  OK  01_farm_stable_lv2.mod (375v 230t)
  OK  01_farm_stable_lv4.mod (234v 134t)
  OK  01_farm_stable_lv3.mod (362v 218t)
  OK  01_farm_stable_lv5.mod (250v 132t)
  OK  01_farm_stable_lv6.mod (224v 144t)
  OK  01_farm_warehouse_lv1.mod (386v 158t)
  OK  01_farm_warehouse_lv2.mod (636v 301t)
  OK  01_farm_warehouse_lv3.mod (692v 200t)
  OK  01_jakmul01_lv1.mod (30v 18t)
  OK  01_farm_warehouse_lv4.mod (985v 316t)
  OK  01_jakmul01_lv2.mod (43v 34t)
  OK  01_jakmul01_lv3.mod (53v 40t)
  OK  01_jakmul02_lv1.mod (20v 12t)
  OK  01_jakmul02_lv2.mod (40v 24t)
  OK  01_jakmul02_lv3.mod (60v 36t)
  OK  01_jakmul03_lv2.mod (13v 7t)
  OK  01_jakmul03_lv1.mod (9v 5t)
  OK  01_jakmul03_lv3.mod (13v 7t)
  OK  01_farm_warehouse_lv5.mod (1172v 617t)
  OK  01_farm_warehouse_lv6.mod (1256v 603t)
  OK  20_alke02_npc_box001.mod (36v 4t)
  OK  19_alke_board.mod (200v 49t)
  OK  57_pillar.mod (78v 33t)
  OK  21_postbox.mod (289v 3t)
  OK  60_portal_up.mod (316v 252t)
  OK  60_portal_dn.mod (316v 252t)
  OK  65_crystal_blue.mod (748v 447t)
  OK  81_dummy01.mod (24v 4t)
  OK  crystal_switch1.mod (40v 20t)
  OK  65_crystal_purple.mod (772v 774t)
  OK  75_npc.mod (658v 482t)
  OK  eff_fishing01_b.mod (282v 196t)
  OK  eff_fishing01_t.mod (282v 196t)
  OK  eff_fishing02_b.mod (434v 342t)
  OK  eff_fishing02_t.mod (434v 342t)
  OK  eff_fishing03_b.mod (326v 218t)
  OK  eff_fishing03_t.mod (326v 218t)
  OK  eff_s_3530.mod (129v 144t)
  OK  eff_maploading.mod (320v 140t)
  OK  eff_s_3530_hold.mod (44v 22t)
  OK  eff_monrabbery.mod (498v 237t)
  OK  65_crystal_tree.mod (4074v 1612t)
  OK  house_01.mod (719v 334t)
  OK  housing_portal.mod (148v 95t)
  OK  item_cooking_woodfire.mod (193v 133t)
  OK  house_02.mod (1954v 1427t)
  OK  m008.mod (784v 1100t)
  OK  m030.mod (1278v 1206t)
  OK  house_03.mod (3811v 1356t)
  OK  m043.mod (901v 738t)
  OK  n001.mod (670v 150t)
  OK  n002.mod (920v 201t)
  OK  n004.mod (955v 99t)
  OK  n006.mod (859v 17t)
  OK  n003.mod (1415v 1916t)
  OK  n005.mod (1872v 2263t)
  OK  n008.mod (879v 846t)
  OK  n007.mod (1612v 2094t)
  OK  n007_a.mod (1809v 527t)
  OK  n011.mod (1589v 2158t)
  OK  n010.mod (1600v 2110t)
  OK  n013.mod (1211v 1106t)
  OK  n009_a.mod (2679v 2642t)
  OK  n012.mod (858v 1196t)
  OK  n014.mod (1071v 1342t)
  OK  n015.mod (910v 995t)
  OK  n009.mod (5391v 1796t)
  OK  n017.mod (924v 1082t)
  OK  n020.mod (1072v 102t)
  OK  n025.mod (365v 349t)
  OK  n023.mod (1751v 385t)
  OK  n026.mod (1153v 9t)
  OK  n024.mod (1458v 1577t)
  OK  n027.mod (1071v 1258t)
  OK  n030.mod (240v 324t)
  OK  n030_effect.mod (186v 114t)
  OK  n037.mod (1337v 20t)
  OK  n028.mod (1479v 1887t)
  OK  n039.mod (1599v 1459t)
  OK  n029.mod (1857v 2512t)
  OK  n042.mod (1338v 771t)
  OK  n041.mod (1823v 1555t)
  OK  n043.mod (1994v 1561t)
  OK  n044.mod (1506v 1100t)
  OK  n046.mod (1491v 950t)
  OK  n047.mod (1365v 1430t)
  OK  n048.mod (1488v 1222t)
  OK  n045.mod (1704v 1588t)
  OK  n050.mod (1209v 1121t)
  OK  n089.mod (226v 202t)
  OK  n049.mod (1577v 1501t)
  OK  n052.mod (1526v 1487t)
  OK  n051.mod (1397v 1407t)
  OK  n100.mod (927v 1223t)
  OK  n101.mod (1255v 1147t)
  OK  n099.mod (1009v 1231t)
  OK  n103.mod (1629v 815t)
  OK  n102.mod (2079v 1466t)
  OK  n106.mod (1466v 1373t)
  OK  n104.mod (1919v 1587t)
  OK  n110.mod (1196v 1180t)
  OK  n109.mod (1171v 1354t)
  OK  null.mod (3v 1t)
  OK  stone.mod (208v 70t)
  OK  64_portal02.mod (32v 16t)
  OK  70_test.mod (12v 6t)
  OK  [l]_crystal_eff_bothhands00.mod (153v 252t)
  OK  [l]_crystal_eff_bothhands01.mod (169v 260t)
  OK  [l]_crystal_eff_bothhands02.mod (169v 260t)
  OK  [r]_cristal_eff_musket00.mod (524v 504t)
  OK  npc_cook01.mod (1729v 2059t)
  OK  n111.mod (1576v 1680t)
  OK  [r]_cristal_eff_musket02.mod (536v 510t)
  OK  [r]_cristal_eff_musket01.mod (536v 510t)
  OK  [r]_crystal_eff_bothhands01.mod (169v 260t)
  OK  [r]_crystal_eff_bothhands00.mod (153v 252t)
  OK  [r]_crystal_eff_bothhands02.mod (169v 260t)
  OK  [r]_crystal_eff_bow00.mod (248v 320t)
  OK  [r]_crystal_eff_bow01.mod (284v 338t)
  OK  [r]_crystal_eff_bow02.mod (284v 338t)
  OK  [r]_crystal_eff_daggers00.mod (153v 252t)
  OK  [r]_crystal_eff_daggers01.mod (169v 260t)
  OK  [r]_crystal_eff_daggers02.mod (169v 260t)
  OK  [r]_crystal_eff_oh_mace00.mod (227v 310t)
  OK  [r]_crystal_eff_oh_mace01.mod (239v 316t)
  OK  [r]_crystal_eff_oh_sword00.mod (197v 225t)
  OK  [r]_crystal_eff_oh_mace02.mod (239v 316t)
  OK  [r]_crystal_eff_oh_sword01.mod (209v 231t)
  OK  [r]_crystal_eff_oh_sword02.mod (209v 231t)
  OK  [r]_crystal_eff_shield00.mod (36v 52t)
  OK  [r]_crystal_eff_shield01.mod (56v 62t)
  OK  [r]_crystal_eff_shield02.mod (56v 62t)
  OK  arrow.mod (29v 21t)
  OK  [r]_crystal_eff_staff00.mod (198v 252t)
  OK  [r]_crystal_eff_staff02.mod (214v 260t)
  OK  [r]_crystal_eff_staff01.mod (214v 260t)
  OK  boss_small_smog.mod (48v 24t)
  OK  boss_largel_smog.mod (96v 48t)
  OK  boss_hit.mod (592v 458t)
  OK  boss_tarintus_aid_magic.mod (32v 16t)
  OK  boss_tarintus_aid.mod (324v 162t)
  OK  boss_tarintus_at0.mod (128v 64t)
  OK  boss_tarintus_appear.mod (288v 144t)
  OK  boss_tarintus_at2.mod (166v 140t)
  OK  boss_hit_02.mod (1456v 710t)
  OK  boss_tarintus_at1.mod (508v 598t)
  OK  boss_tarintus_death.mod (1225v 312t)
  OK  boss_tarintus_skill1.mod (876v 438t)
  OK  boss_tarintus_rage.mod (1144v 830t)
  OK  boss_tarintus_at3.mod (1104v 1542t)
  OK  boss_tarintus_skill3_lighting.mod (100v 50t)
  OK  boss_tarintus_skill3.mod (420v 266t)
  OK  boss_tarintus_skill3_magic.mod (152v 76t)
  OK  camerafilter_house.mod (4v 2t)
  OK  boss_tarintus_skill2_wind.mod (1220v 1410t)
  OK  boss_tarintus_skill2_fire.mod (1581v 1462t)
  OK  criticall_hit01.mod (204v 108t)
  OK  ef_fade.mod (4v 2t)
  OK  de_etc_f0_001_s.mod (282v 198t)
  OK  c2_ohcast1.mod (882v 840t)
  OK  eff_94map_ani001.mod (120v 45t)
  OK  eff_94map_ani002.mod (120v 45t)
  OK  eff_arrow.mod (32v 23t)
  OK  eff_bmu_side.mod (140v 36t)
  OK  eff_bose_leostein_05.mod (84v 42t)
  OK  eff_areaenvenom.mod (476v 362t)
  OK  eff_bose_leostein_06.mod (60v 30t)
  OK  eff_block.mod (238v 368t)
  OK  eff_bose_leostein_07.mod (103v 82t)
  OK  eff_bose_leostein_08.mod (90v 78t)
  OK  eff_bose_leostein_09.mod (70v 46t)
  OK  eff_bose_leostein_10.mod (84v 42t)
  OK  eff_bose_leostein_12.mod (92v 46t)
  OK  eff_bose_leostein_14-1.mod (52v 26t)
  OK  eff_bose_leostein_14.mod (52v 26t)
  OK  eff_bose_leostein_15.mod (68v 34t)
  OK  eff_bose_leostein_12-1.mod (245v 178t)
  OK  eff_boss_dragonian_08.mod (528v 512t)
  OK  eff_boss_dragonian_07.mod (748v 800t)
  OK  eff_boss_dragonian_09.mod (684v 402t)
  OK  eff_boss_dragonian_10.mod (992v 1012t)
  OK  eff_boss_dragonian_12.mod (876v 438t)
  OK  eff_boss_dragonian_18.mod (684v 306t)
  OK  eff_boss_dragonian_15.mod (1351v 866t)
  OK  eff_boss_dragonian_11.mod (1565v 1454t)
  OK  eff_bow009_40.mod (344v 502t)
  OK  eff_bow012_55.mod (346v 455t)
  OK  eff_bow017_80.mod (440v 462t)
  OK  eff_buff_aid.mod (416v 208t)
  OK  eff_buff_f_nosferatu.mod (20v 10t)
  OK  eff_buff_atspeed.mod (476v 298t)
  OK  eff_buff_f_reinforcevital.mod (277v 206t)
  OK  eff_buff_dexup.mod (780v 704t)
  OK  eff_buff_intup.mod (400v 164t)
  OK  eff_buff_hpmax.mod (468v 198t)
  OK  eff_buff_m_reinforcewisdom.mod (310v 206t)
  OK  eff_buff_mpmax.mod (408v 168t)
  OK  eff_buff_magicat.mod (570v 464t)
  OK  eff_buff_r_reinforcesight.mod (394v 316t)
  OK  eff_buff_strup.mod (352v 158t)
  OK  eff_buff_wisup.mod (244v 122t)
  OK  eff_buff_vitup.mod (536v 268t)
  OK  eff_buff_movespeed.mod (944v 874t)
  OK  eff_c2_bowdgcast1.mod (882v 840t)
  OK  eff_c2_bwind.mod (882v 840t)
  OK  eff_c2_bowdgcast2.mod (882v 840t)
  OK  eff_c2_bwind2.mod (882v 840t)
  OK  eff_c2_fighterrune.mod (703v 516t)
  OK  eff_c_atbuffcast.mod (614v 518t)
  OK  eff_c_atbuffcast_red.mod (614v 518t)
  OK  eff_c2_thcast1.mod (882v 840t)
  OK  eff_c_bcurse3.mod (84v 54t)
  OK  eff_c_bcurse.mod (659v 494t)
  OK  eff_c_bfire.mod (446v 216t)
  OK  eff_c_bcurse2.mod (847v 772t)
  OK  eff_c_berje.mod (537v 552t)
  OK  eff_c_bearth.mod (1340v 342t)
  OK  eff_c_bice.mod (332v 86t)
  OK  eff_c_d_totem_attack.mod (213v 156t)
  OK  eff_c_d_totem_debuff.mod (213v 156t)
  OK  eff_c_bthunder.mod (508v 506t)
  OK  eff_c_d_totem_recovery.mod (213v 156t)
  OK  eff_c_breath.mod (1340v 342t)
  OK  eff_c_dfbuffcast.mod (592v 260t)
  OK  eff_c_f_chaos.mod (276v 178t)
  OK  eff_c_earthcast.mod (652v 710t)
  OK  eff_c_fightermagic_bottom.mod (48v 24t)
  OK  eff_c_f_nosferatu.mod (320v 180t)
  OK  eff_c_m_holyground2.mod (164v 82t)
  OK  eff_c_m_skiprisk.mod (40v 20t)
  OK  eff_c_fightermagic_top.mod (576v 432t)
  OK  eff_c_m_holyground1.mod (512v 530t)
  OK  eff_c_m_timelord.mod (296v 204t)
  OK  eff_c_m_berceuse.mod (797v 802t)
  OK  eff_c_m_turntofamilliar.mod (440v 286t)
  OK  eff_c_m_skiprisk_shadow.mod (592v 496t)
  OK  eff_c_r_movingshot.mod (256v 224t)
  OK  eff_c_parseika.mod (537v 552t)
  OK  eff_c_r_epidemic.mod (562v 390t)
  OK  eff_c_thundercast2_bottom.mod (4v 2t)
  OK  eff_c_rufia.mod (537v 552t)
  OK  eff_c_thundercast_bottom.mod (12v 6t)
  OK  eff_c_thundercast2_top.mod (732v 600t)
  OK  eff_c_r_proxy.mod (1268v 1114t)
  OK  eff_char_dead.mod (4v 2t)
  OK  eff_c_r_mlrs.mod (1769v 1925t)
  OK  eff_c_thundercast_top.mod (732v 600t)
  OK  eff_char_logout.mod (52v 26t)
  OK  eff_char_levelup.mod (344v 244t)
  OK  eff_creation.mod (36v 28t)
  OK  eff_dagger010.mod (111v 132t)
  OK  eff_char_login.mod (445v 500t)
  OK  eff_dagger011.mod (79v 116t)
  OK  eff_dagger012.mod (124v 201t)
  OK  eff_dagger013.mod (142v 204t)
  OK  eff_dagger019.mod (235v 312t)
  OK  eff_daggers005.mod (114v 114t)
  OK  eff_daggers006.mod (171v 222t)
  OK  eff_char_pvp.mod (636v 612t)
  OK  eff_daggers012.mod (124v 201t)
  OK  eff_daggers010.mod (111v 132t)
  OK  eff_daggers007.mod (131v 142t)
  OK  eff_daggers019.mod (235v 312t)
  OK  eff_daggers8.mod (174v 133t)
  OK  eff_dbuff_r_detropvoyage_shadow.mod (55v 44t)
  OK  eff_dbuff_paralysis.mod (164v 82t)
  OK  eff_dbuff_cures.mod (160v 80t)
  OK  eff_dbuff_bind.mod (294v 342t)
  OK  eff_debuff_f_chaos.mod (72v 36t)
  OK  eff_dbuff_silence.mod (160v 120t)
  OK  eff_dual_loof.mod (24v 5t)
  OK  eff_debufff_r_epidemic.mod (56v 28t)
  OK  eff_dual_start.mod (24v 5t)
  OK  eff_dual_targeta.mod (32v 28t)
  OK  eff_debuff_m_turntofamilliar.mod (287v 160t)
  OK  eff_dbuff_stone.mod (500v 572t)
  OK  eff_dual_targetb.mod (32v 28t)
  OK  eff_e_m_sba11.mod (264v 266t)
  OK  eff_e_m_saa10.mod (353v 400t)
  OK  eff_e_m_sca20.mod (326v 308t)
  OK  eff_e_m_sba12.mod (454v 436t)
  OK  eff_e_m_sga40.mod (28v 24t)
  OK  eff_emoticon_01.mod (4v 2t)
  OK  eff_e_m_scb20.mod (292v 296t)
  OK  eff_emoticon_02.mod (4v 2t)
  OK  eff_e_m_scb30.mod (496v 476t)
  OK  eff_emoticon_05.mod (4v 2t)
  OK  eff_emoticon_04.mod (4v 2t)
  OK  eff_emoticon_03.mod (4v 2t)
  OK  eff_emoticon_06.mod (4v 2t)
  OK  eff_emoticon_07.mod (4v 2t)
  OK  eff_emoticon_08.mod (4v 2t)
  OK  eff_emoticon_12.mod (4v 2t)
  OK  eff_emoticon_11.mod (4v 2t)
  OK  eff_emoticon_10.mod (4v 2t)
  OK  eff_emoticon_09.mod (4v 2t)
  OK  eff_emoticon_13.mod (4v 2t)
  OK  eff_emoticon_15.mod (4v 2t)
  OK  eff_emoticon_14.mod (4v 2t)
  OK  eff_emoticon_18.mod (4v 2t)
  OK  eff_emoticon_19.mod (4v 2t)
  OK  eff_emoticon_16.mod (4v 2t)
  OK  eff_emoticon_17.mod (4v 2t)
  OK  eff_emoticon_21.mod (4v 2t)
  OK  eff_emoticon_22.mod (4v 2t)
  OK  eff_emoticon_23.mod (4v 2t)
  OK  eff_emoticon_20.mod (4v 2t)
  OK  eff_emoticon_24.mod (4v 2t)
  OK  eff_emoticon_25.mod (4v 2t)
  OK  eff_ex_arrowf_01.mod (35v 28t)
  OK  eff_ex_arroww_01.mod (35v 28t)
  OK  eff_ex_del.mod (48v 24t)
  OK  eff_ex_arrowt_01.mod (47v 40t)
  OK  eff_ex_buttomwind.mod (228v 216t)
  OK  eff_ex_drainball1.mod (28v 14t)
  OK  eff_ex_drainball2.mod (28v 14t)
  OK  eff_ex_drain1.mod (388v 278t)
  OK  eff_ex_drainball3.mod (28v 14t)
  OK  eff_ex_drain2.mod (388v 278t)
  OK  eff_evt_fireworks_01.mod (808v 410t)
  OK  eff_ex_elea1.mod (125v 94t)
  OK  eff_ex_elea4.mod (504v 402t)
  OK  eff_ex_eleb1.mod (228v 156t)
  OK  eff_ex_elea2.mod (502v 258t)
  OK  eff_ex_eleb2_e.mod (166v 212t)
  OK  eff_ex_eleb2_s.mod (130v 180t)
  OK  eff_ex_elee1.mod (604v 518t)
  OK  eff_ex_eled2.mod (648v 476t)
  OK  eff_ex_elee2.mod (616v 308t)
  OK  eff_ex_elef1.mod (909v 714t)
  OK  eff_ex_finish3.mod (308v 266t)
  OK  eff_ex_elef2.mod (580v 402t)
  OK  eff_ex_ground.mod (218v 116t)
  OK  eff_ex_heal.mod (324v 162t)
  OK  eff_ex_elef4.mod (1032v 854t)
  OK  eff_ex_hitt_01.mod (176v 164t)
  OK  eff_ex_jwind_03.mod (348v 402t)
  OK  eff_ex_missile1.mod (36v 28t)
  OK  eff_ex_missile4.mod (12v 6t)
  OK  eff_ex_jwind_s.mod (150v 144t)
  OK  eff_ex_heal_02.mod (804v 402t)
  OK  eff_ex_punchf_01.mod (142v 186t)
  OK  eff_ex_punchw_01.mod (245v 133t)
  OK  eff_ex_slashf_02.mod (36v 18t)
  OK  eff_ex_slashf_06.mod (36v 18t)
  OK  eff_ex_puncht_01.mod (484v 448t)
  OK  eff_ex_slashf2.mod (192v 164t)
  OK  eff_ex_slasht_04.mod (96v 86t)
  OK  eff_ex_slasht_02.mod (96v 86t)
  OK  eff_ex_sword_missile2.mod (144v 128t)
  OK  eff_ex_slashw2.mod (180v 158t)
  OK  eff_ex_slasht2.mod (526v 500t)
  OK  eff_ex_warp_02.mod (114v 108t)
  OK  eff_ex_space.mod (600v 300t)
  OK  eff_f2_bunningsword.mod (262v 240t)
  OK  eff_ex_target.mod (530v 468t)
  OK  eff_f2_icerain1.mod (234v 110t)
  OK  eff_f2_cryeps.mod (660v 640t)
  OK  eff_f2_musketfire2.mod (84v 46t)
  OK  eff_f2_musketfire1.mod (84v 46t)
  OK  eff_f2_sheildbless.mod (28v 26t)
  OK  eff_f2_icerain2_boom.mod (804v 356t)
  OK  eff_f2_icerain2.mod (1080v 375t)
  OK  eff_f2_shieldbmr.mod (159v 174t)
  OK  eff_f_earthwave.mod (16v 8t)
  OK  eff_f_daggerblw.mod (384v 384t)
  OK  eff_f_fireshot1.mod (154v 206t)
  OK  eff_f_divineshot2.mod (156v 66t)
  OK  eff_filter_sandspray.mod (92v 46t)
  OK  eff_f_sheildeps.mod (674v 796t)
  OK  eff_get_armor.mod (132v 49t)
  OK  eff_floating.mod (324v 218t)
  OK  eff_get_item.mod (142v 47t)
  OK  eff_get_quest.mod (120v 94t)
  OK  eff_get_weapon.mod (130v 84t)
  OK  eff_get_money.mod (292v 330t)
  OK  eff_firemeteo.mod (1002v 942t)
  OK  eff_h_darkeps1.mod (264v 132t)
  OK  eff_h_darkeps2.mod (364v 244t)
  OK  eff_h_fireeps.mod (240v 120t)
  OK  eff_h_iceeps1.mod (260v 130t)
  OK  eff_h_windeps.mod (248v 124t)
  OK  eff_h_iceeps2.mod (356v 98t)
  OK  eff_heal.mod (116v 72t)
  OK  eff_heart.mod (103v 74t)
  OK  eff_hosin.mod (144v 102t)
  OK  eff_item_hosin.mod (336v 342t)
  OK  eff_item_heal.mod (336v 342t)
  OK  eff_jinh03_06.mod (4v 2t)
  OK  eff_item_mana.mod (336v 342t)
  OK  eff_hunterbom.mod (564v 406t)
  OK  eff_l165 fly.mod (4v 2t)
  OK  eff_l118_01b.mod (100v 62t)
  OK  eff_l123e.mod (116v 58t)
  OK  eff_l 165.mod (252v 210t)
  OK  eff_leaf.mod (20v 10t)
  OK  eff_m340_01.mod (582v 452t)
  OK  eff_m340_06.mod (708v 594t)
  OK  eff_m340_08.mod (124v 62t)
  OK  eff_main_attackdown.mod (48v 24t)
  OK  eff_m340_05.mod (588v 414t)
  OK  eff_m340_07.mod (762v 646t)
  OK  eff_main_damage1_r.mod (36v 18t)
  OK  eff_main_defensedown.mod (48v 24t)
  OK  eff_main_e_elemental.mod (92v 74t)
  OK  eff_main_damage2.mod (308v 154t)
  OK  eff_main_eledef1.mod (208v 144t)
  OK  eff_main_eledef2.mod (208v 144t)
  OK  eff_main_eledef3.mod (208v 144t)
  OK  eff_main_eledef4.mod (208v 144t)
  OK  eff_main_eledef5.mod (208v 144t)
  OK  eff_main_damage3.mod (216v 192t)
  OK  eff_main_f_elemental.mod (92v 74t)
  OK  eff_main_eledef6.mod (208v 144t)
  OK  eff_main_i_elemental.mod (92v 74t)
  OK  eff_main_slow.mod (28v 14t)
  OK  eff_main_slow2.mod (4v 2t)
  OK  eff_main_spdown.mod (82v 74t)
  OK  eff_main_regen.mod (284v 142t)
  OK  eff_main_stop2.mod (32v 16t)
  OK  eff_main_stop1.mod (28v 14t)
  OK  eff_main_stop3.mod (28v 14t)
  OK  eff_main_sturn.mod (32v 16t)
  OK  eff_main_w_elemental.mod (92v 74t)
  OK  eff_map_fog2.mod (28v 14t)
  OK  eff_main_t_elemental.mod (92v 74t)
  OK  eff_mana.mod (124v 76t)
  OK  eff_maploading.mod (320v 140t)
  OK  eff_max_blood.mod (230v 162t)
  OK  eff_monster_dead.mod (4v 2t)
  OK  eff_max_hosin.mod (410v 400t)
  OK  eff_monster_regen.mod (148v 104t)
  OK  eff_max_mana.mod (470v 454t)
  OK  eff_npc_periodqueststart.mod (61v 76t)
  OK  eff_monrabbery.mod (498v 237t)
  OK  eff_newyear_cn.mod (318v 172t)
  OK  eff_npc_questend.mod (112v 57t)
  OK  eff_npc_queststart.mod (61v 76t)
  OK  eff_newyear_en.mod (318v 172t)
  OK  eff_oh_axe005.mod (213v 254t)
  OK  eff_oh_axe011.mod (369v 256t)
  OK  eff_oh_mace.mod (275v 252t)
  OK  eff_oh_axe019.mod (391v 152t)
  OK  eff_oh_mace008.mod (135v 115t)
  OK  eff_oh_mace005.mod (180v 130t)
  OK  eff_oh_sword006.mod (192v 216t)
  OK  eff_oh_mace010.mod (271v 123t)
  OK  eff_oh_sword012.mod (170v 268t)
  OK  eff_oh_sword007.mod (217v 304t)
  OK  eff_quest_end.mod (146v 152t)
  OK  eff_poison_gas.mod (144v 88t)
  OK  eff_quest_start.mod (160v 228t)
  OK  eff_r_darkspin2.mod (128v 64t)
  OK  eff_r_divinespin2.mod (128v 64t)
  OK  eff_r_windspin2.mod (128v 64t)
  OK  eff_r_earthspin2.mod (400v 468t)
  OK  eff_regen.mod (155v 94t)
  OK  eff_return.mod (244v 152t)
  OK  eff_returncast_bottom.mod (240v 200t)
  OK  eff_s_1110.mod (40v 36t)
  OK  eff_s_1120.mod (40v 36t)
  OK  eff_returncast_top.mod (236v 99t)
  OK  eff_s_1140.mod (40v 36t)
  OK  eff_s_1130.mod (40v 36t)
  OK  eff_s_1150.mod (40v 36t)
  OK  eff_s_1160.mod (40v 36t)
  OK  eff_s_1172.mod (392v 178t)
  OK  eff_s_1173.mod (732v 373t)
  OK  eff_s_1177.mod (960v 728t)
  OK  eff_s_1176.mod (960v 728t)
  OK  eff_s_1175.mod (1512v 1260t)
  OK  eff_s_1178.mod (960v 728t)
  OK  eff_s_1210.mod (212v 160t)
  OK  eff_s_1180.mod (670v 400t)
  OK  eff_s_1181.mod (670v 400t)
  OK  eff_s_1179.mod (670v 400t)
  OK  eff_s_1220.mod (136v 68t)
  OK  eff_s_1217.mod (280v 226t)
  OK  eff_s_1230.mod (72v 54t)
  OK  eff_s_1250.mod (212v 160t)
  OK  eff_s_1240.mod (212v 160t)
  OK  eff_s_1260.mod (212v 160t)
  OK  eff_s_1511.mod (60v 32t)
  OK  eff_s_1470.mod (136v 68t)
  OK  eff_s_1531.mod (20v 10t)
  OK  eff_s_1530.mod (88v 44t)
  OK  eff_s_1520.mod (70v 22t)
  OK  eff_s_1560.mod (4v 2t)
  OK  eff_s_1561.mod (24v 12t)
  OK  eff_s_1522.mod (672v 70t)
  OK  eff_s_1550.mod (60v 28t)
  OK  eff_s_1551.mod (144v 62t)
  OK  eff_s_1570.mod (40v 20t)
  OK  eff_s_1652_head.mod (8v 4t)
  OK  eff_s_1641.mod (256v 128t)
  OK  eff_s_1611.mod (240v 120t)
  OK  eff_s_1710.mod (240v 162t)
  OK  eff_s_1720.mod (120v 60t)
  OK  eff_s_1673.mod (580v 506t)
  OK  eff_s_1730.mod (133v 74t)
  OK  eff_s_1740.mod (266v 202t)
  OK  eff_s_1750.mod (120v 60t)
  OK  eff_s_1652.mod (1328v 1044t)
  OK  eff_s_2110.mod (60v 30t)
  OK  eff_s_2120.mod (71v 46t)
  OK  eff_s_2130.mod (84v 54t)
  OK  eff_s_2150.mod (224v 168t)
  OK  eff_s_1671.mod (1776v 1488t)
  OK  eff_s_2140.mod (466v 450t)
  OK  eff_s_2250_a.mod (216v 192t)
  OK  eff_s_2250_b.mod (216v 192t)
  OK  eff_s_2180.mod (466v 450t)
  OK  eff_s_2170.mod (664v 642t)
  OK  eff_s_2250_c.mod (216v 192t)
  OK  eff_s_2250_d.mod (216v 192t)
  OK  eff_s_2252_a.mod (216v 192t)
  OK  eff_s_2251.mod (448v 368t)
  OK  eff_s_2252_b.mod (216v 192t)
  OK  eff_s_2252_c.mod (216v 192t)
  OK  eff_s_2360.mod (208v 118t)
  OK  eff_s_2252_d.mod (216v 192t)
  OK  eff_s_2410.mod (52v 22t)
  OK  eff_s_2252.mod (1190v 408t)
  OK  eff_s_2420_red.mod (24v 20t)
  OK  eff_s_2361.mod (168v 84t)
  OK  eff_s_2450_red.mod (36v 30t)
  OK  eff_s_2431.mod (156v 176t)
  OK  eff_s_2460.mod (64v 44t)
  OK  eff_s_2451_red.mod (672v 70t)
  OK  eff_s_2461.mod (243v 286t)
  OK  eff_s_2451_blue.mod (672v 70t)
  OK  eff_s_2471.mod (120v 71t)
  OK  eff_s_2422.mod (1456v 710t)
  OK  eff_s_2481.mod (112v 56t)
  OK  eff_s_2462.mod (355v 328t)
  OK  eff_s_2483.mod (251v 212t)
  OK  eff_s_2480.mod (548v 462t)
  OK  eff_s_2485.mod (90v 32t)
  OK  eff_s_2487.mod (185v 112t)
  OK  eff_s_2484.mod (368v 184t)
  OK  eff_s_2486.mod (341v 169t)
  OK  eff_s_3309.mod (298v 182t)
  OK  eff_s_3310.mod (215v 116t)
  OK  eff_s_3311.mod (298v 182t)
  OK  eff_s_3320.mod (203v 110t)
  OK  eff_s_3322.mod (56v 28t)
  OK  eff_s_3313.mod (298v 182t)
  OK  eff_s_3323.mod (56v 28t)
  OK  eff_s_3326.mod (208v 118t)
  OK  eff_s_3325.mod (208v 118t)
  OK  eff_s_3327.mod (208v 118t)
  OK  eff_s_3324.mod (456v 432t)
  OK  eff_s_3331.mod (56v 28t)
  OK  eff_s_3330.mod (56v 28t)
  OK  eff_s_3328.mod (208v 118t)
  OK  eff_s_3332.mod (56v 28t)
  OK  eff_s_3350.mod (54v 48t)
  OK  eff_s_3329.mod (208v 118t)
  OK  eff_s_3340.mod (160v 80t)
  OK  eff_s_3420.mod (108v 54t)
  OK  eff_s_3430.mod (104v 52t)
  OK  eff_s_3440.mod (172v 60t)
  OK  eff_s_3530_hold.mod (44v 22t)
  OK  eff_s_3530.mod (129v 144t)
  OK  eff_s_3520.mod (184v 128t)
  OK  eff_s_3530_stand.mod (52v 26t)
  OK  eff_s_3540_hold.mod (16v 8t)
  OK  eff_s_blastball.mod (20v 10t)
  OK  eff_s_abreak.mod (152v 76t)
  OK  eff_s_bloodlust.mod (360v 230t)
  OK  eff_s_blade_s.mod (544v 380t)
  OK  eff_s_battleheal.mod (692v 556t)
  OK  eff_s_blastbomb.mod (752v 628t)
  OK  eff_s_chaoticamy.mod (104v 52t)
  OK  eff_s_buff_f_reinforcevital.mod (277v 206t)
  OK  eff_s_buff_f_reinforcesight.mod (394v 316t)
  OK  eff_s_deadeye.mod (200v 140t)
  OK  eff_s_cursednail.mod (238v 164t)
  OK  eff_s_destruct.mod (108v 54t)
  OK  eff_s_disinteg.mod (168v 114t)
  OK  eff_s_dimpact.mod (250v 196t)
  OK  eff_s_ebony.mod (208v 166t)
  OK  eff_s_enblast_a.mod (78v 54t)
  OK  eff_s_evilarrow.mod (76v 96t)
  OK  eff_s_enblast_b.mod (250v 154t)
  OK  eff_s_engage.mod (341v 250t)
  OK  eff_s_eviladviser.mod (150v 94t)
  OK  eff_s_evilstrike.mod (306v 210t)
  OK  eff_s_eviltemp.mod (468v 324t)
  OK  eff_s_f_depressionspin_target.mod (272v 250t)
  OK  eff_s_f_proxy.mod (464v 424t)
  OK  eff_s_f_depressionspin_wind.mod (692v 646t)
  OK  eff_s_immolation.mod (112v 56t)
  OK  eff_s_healcircle.mod (315v 194t)
  OK  eff_s_genocide.mod (682v 432t)
  OK  eff_s_f_invisiblerope.mod (1045v 1352t)
  OK  eff_s_lightning.mod (240v 208t)
  OK  eff_s_mbreak.mod (152v 76t)
  OK  eff_s_m_holyground.mod (487v 432t)
  OK  eff_s_manaaid.mod (296v 178t)
  OK  eff_s_m_timelord.mod (805v 728t)
  OK  eff_s_moon.mod (408v 354t)
  OK  eff_s_nightmare.mod (404v 202t)
  OK  eff_s_penetrate.mod (434v 383t)
  OK  eff_s_plague.mod (340v 296t)
  OK  eff_s_r_sandspray_target.mod (52v 26t)
  OK  eff_s_r_detropvoyage.mod (400v 360t)
  OK  eff_s_r_sandspray_main.mod (248v 164t)
  OK  eff_s_soulcharge.mod (315v 194t)
  OK  eff_s_rebirth.mod (594v 300t)
  OK  eff_s_soul.mod (340v 220t)
  OK  eff_s_thundershot.mod (232v 116t)
  OK  eff_s_tundra.mod (274v 123t)
  OK  eff_s_wbreak.mod (152v 76t)
  OK  eff_s_thundereps_blue.mod (853v 734t)
  OK  eff_s_thundereps_yellow.mod (853v 734t)
  OK  eff_shield006.mod (48v 40t)
  OK  eff_shield008.mod (52v 40t)
  OK  eff_shield015.mod (96v 88t)
  OK  eff_s_wide_lightning.mod (536v 456t)
  OK  eff_sleeping.mod (12v 6t)
  OK  eff_siege_laser.mod (68v 34t)
  OK  eff_slotmachine_pung.mod (148v 74t)
  OK  eff_sparkler_l.mod (100v 47t)
  OK  eff_sparkler_r.mod (100v 46t)
  OK  eff_siege_waterseed.mod (388v 346t)
  OK  eff_spell_ready.mod (154v 130t)
  OK  eff_staff004.mod (237v 330t)
  OK  eff_staff009.mod (125v 180t)
  OK  eff_staff012.mod (162v 135t)
  OK  eff_staff007.mod (297v 440t)
  OK  eff_staff015.mod (172v 209t)
  OK  eff_staff016.mod (256v 287t)
  OK  eff_summon001.mod (122v 100t)
  OK  eff_summon003.mod (122v 100t)
  OK  eff_stone_01.mod (556v 123t)
  OK  eff_summon004.mod (258v 228t)
  OK  eff_stone_00.mod (844v 182t)
  OK  eff_summon005.mod (258v 228t)
  OK  eff_target_land.mod (36v 13t)
  OK  eff_summon006.mod (258v 228t)
  OK  eff_th_axe013.mod (278v 340t)
  OK  eff_th_mace005.mod (161v 144t)
  OK  eff_th_axe015.mod (268v 329t)
  OK  eff_th_mace008.mod (145v 121t)
  OK  eff_th_axe017.mod (391v 438t)
  OK  eff_th_mace018.mod (489v 360t)
  OK  eff_ungi.mod (272v 226t)
  OK  eff_toggle_f_blessingfighter.mod (688v 1044t)
  OK  eff_toggle_r_blessingrough.mod (688v 1044t)
  OK  eff_toggle_m_blessingmage.mod (688v 1044t)
  OK  eff_use2_01.mod (344v 276t)
  OK  eff_use2_04.mod (184v 176t)
  OK  eff_use2_03.mod (476v 436t)
  OK  eff_use2_02.mod (480v 276t)
  OK  eff_white_element.mod (60v 30t)
  OK  eff_use2_05.mod (344v 276t)
  OK  eff_water_point.mod (151v 104t)
  OK  effboss001_06a.mod (36v 18t)
  OK  effboss001_walk.mod (48v 24t)
  OK  effc008.mod (176v 88t)
  OK  effc006.mod (236v 118t)
  OK  enchant_bow_01_a.mod (12v 8t)
  OK  effm002.mod (112v 56t)
  OK  enchant_bow_01_c.mod (12v 8t)
  OK  enchant_bow_01_b.mod (20v 16t)
  OK  effm001.mod (254v 134t)
  OK  enchant_bow_01_e.mod (20v 16t)
  OK  enchant_bow_01_d.mod (20v 16t)
  OK  enchant_bow_01_f.mod (20v 16t)
  OK  enchant_bow_02_b.mod (26v 24t)
  OK  enchant_bow_01_g.mod (20v 16t)
  OK  enchant_bow_02_a.mod (26v 24t)
  OK  enchant_bow_02_c.mod (26v 24t)
  OK  enchant_bow_02_f.mod (26v 24t)
  OK  enchant_bow_02_g.mod (26v 24t)
  OK  enchant_bow_02_d.mod (26v 24t)
  OK  enchant_bow_02_e.mod (26v 24t)
  OK  enchant_bow_03_b.mod (20v 18t)
  OK  enchant_bow_03_c.mod (20v 18t)
  OK  enchant_bow_03_d.mod (20v 18t)
  OK  enchant_bow_03_a.mod (20v 18t)
  OK  enchant_daggers_01_a.mod (8v 4t)
  OK  enchant_bow_03_g.mod (20v 18t)
  OK  enchant_bow_03_e.mod (20v 18t)
  OK  enchant_bow_03_f.mod (20v 18t)
  OK  enchant_daggers_01_b.mod (12v 8t)
  OK  enchant_daggers_01_c.mod (8v 4t)
  OK  enchant_daggers_02_a.mod (18v 16t)
  OK  enchant_daggers_01_d.mod (8v 4t)
  OK  enchant_daggers_02_b.mod (18v 16t)
  OK  enchant_daggers_03_a.mod (18v 16t)
  OK  enchant_daggers_02_c.mod (18v 16t)
  OK  enchant_daggers_03_b.mod (18v 16t)
  OK  enchant_daggers_03_c.mod (18v 16t)
  OK  enchant_light_orange.mod (24v 12t)
  OK  enchant_light_blue.mod (24v 12t)
  OK  enchant_light_purple.mod (24v 12t)
  OK  enchant_light_yellow.mod (24v 12t)
  OK  enchant_maceaxe_01_b.mod (12v 8t)
  OK  enchant_maceaxe_01_a.mod (8v 4t)
  OK  enchant_maceaxe_01_c.mod (8v 4t)
  OK  enchant_maceaxe_01_d.mod (12v 8t)
  OK  enchant_maceaxe_01_e.mod (12v 8t)
  OK  enchant_maceaxe_02_b.mod (24v 18t)
  OK  enchant_maceaxe_01_f.mod (12v 8t)
  OK  enchant_maceaxe_02_a.mod (22v 16t)
  OK  enchant_maceaxe_02_d.mod (24v 18t)
  OK  enchant_maceaxe_02_c.mod (24v 18t)
  OK  enchant_maceaxe_02_e.mod (24v 18t)
  OK  enchant_maceaxe_03_a.mod (22v 16t)
  OK  enchant_maceaxe_03_b.mod (24v 18t)
  OK  enchant_maceaxe_03_c.mod (24v 18t)
  OK  enchant_maceaxe_02_f.mod (24v 18t)
  OK  enchant_maceaxe_03_d.mod (24v 18t)
  OK  enchant_ohsword_01_a.mod (8v 4t)
  OK  enchant_ohsword_01_b.mod (8v 4t)
  OK  enchant_maceaxe_03_e.mod (24v 18t)
  OK  enchant_ohsword_01_c.mod (8v 4t)
  OK  enchant_maceaxe_03_f.mod (24v 18t)
  OK  enchant_ohsword_03_a.mod (22v 16t)
  OK  enchant_ohsword_02_a.mod (22v 16t)
  OK  enchant_ohsword_02_c.mod (22v 16t)
  OK  enchant_ohsword_02_b.mod (22v 16t)
  OK  enchant_ohsword_03_b.mod (22v 16t)
  OK  enchant_ohsword_03_c.mod (22v 16t)
  OK  enchant_spark_green.mod (195v 180t)
  OK  enchant_staff_01_a.mod (8v 4t)
  OK  enchant_spark_blue.mod (195v 180t)
  OK  enchant_staff_01_b.mod (8v 4t)
  OK  enchant_spark_purple.mod (195v 180t)
  OK  enchant_spark_orange.mod (195v 180t)
  OK  enchant_staff_02_b.mod (24v 18t)
  OK  enchant_staff_02_c.mod (24v 18t)
  OK  enchant_staff_02_a.mod (24v 18t)
  OK  enchant_staff_01_c.mod (8v 4t)
  OK  enchant_staff_03_a.mod (24v 18t)
  OK  enchant_staff_03_b.mod (24v 18t)
  OK  enchant_staff_03_c.mod (24v 18t)
  OK  enchant_thmaceaxe_01_a.mod (8v 4t)
  OK  enchant_thmaceaxe_01_b.mod (8v 4t)
  OK  enchant_thmaceaxe_01_d.mod (8v 4t)
  OK  enchant_thmaceaxe_02_a.mod (24v 18t)
  OK  enchant_thmaceaxe_01_c.mod (8v 4t)
  OK  enchant_thmaceaxe_02_b.mod (24v 18t)
  OK  enchant_thmaceaxe_02_c.mod (24v 18t)
  OK  enchant_thmaceaxe_03_a.mod (24v 18t)
  OK  enchant_thmaceaxe_02_d.mod (22v 16t)
  OK  enchant_thmaceaxe_03_b.mod (24v 18t)
  OK  enchant_thmaceaxe_03_d.mod (22v 16t)
  OK  enchant_thmaceaxe_03_c.mod (24v 18t)
  OK  enchant_thsword_01_b.mod (8v 4t)
  OK  enchant_thsword_01_a.mod (8v 4t)
  OK  enchant_thsword_02_a.mod (22v 16t)
  OK  enchant_thsword_01_c.mod (12v 8t)
  OK  enchant_thsword_03_b.mod (22v 16t)
  OK  enchant_thsword_02_c.mod (22v 16t)
  OK  enchant_thsword_03_a.mod (22v 16t)
  OK  enchant_thsword_03_c.mod (22v 16t)
  OK  enchant_thsword_02_b.mod (22v 16t)
  OK  fireboom.mod (106v 74t)
  OK  jc_pearce01.mod (216v 184t)
  OK  item_get_effect.mod (400v 164t)
  OK  l_eff_dagger005.mod (114v 114t)
  OK  l_eff_dagger006.mod (171v 222t)
  OK  l_eff_dagger007.mod (131v 142t)
  OK  l_eff_dagger010.mod (111v 118t)
  OK  l_eff_dagger012.mod (124v 192t)
  OK  l_eff_dagger019.mod (235v 312t)
  OK  leaf.mod (510v 540t)
  OK  n088_eff_02.mod (196v 98t)
  OK  leaf_fall.mod (510v 540t)
  OK  flower.mod (1564v 1768t)
  OK  n088_eff_04.mod (112v 64t)
  OK  n088_eff_03.mod (128v 64t)
  OK  n088_eff_01.mod (876v 366t)
  OK  r_eff_dagger005.mod (114v 114t)
  OK  pung.mod (212v 98t)
  OK  r_eff_dagger006.mod (171v 222t)
  OK  r_eff_dagger007.mod (131v 142t)
  OK  r_eff_dagger012.mod (124v 192t)
  OK  r_eff_dagger010.mod (111v 118t)
  OK  r_eff_dagger019.mod (235v 312t)
  OK  sh.mod (4v 2t)
  OK  snow.mod (104v 52t)
  OK  snow01.mod (104v 52t)
  OK  special_hit01.mod (164v 88t)
  OK  spirit01.mod (16v 8t)
  OK  special_hit02.mod (164v 88t)
  OK  th_sword007.mod (89v 111t)
  OK  special_item_get_effect.mod (396v 162t)
  OK  th_sword002.mod (111v 150t)
  OK  th_sword012.mod (111v 151t)
  OK  01_farm_bflower3.mod (63v 48t)
  OK  01_farm_bflower4.mod (147v 120t)
  OK  01_farm_bflower5.mod (108v 88t)
  OK  01_farm_fence.mod (750v 421t)
  OK  01_farm_fence_lv2.mod (1288v 285t)
  OK  01_farm_fence_lv1.mod (1389v 723t)
  OK  01_farm_fence_lv4.mod (358v 95t)
  OK  01_farm_fence_lv5.mod (242v 69t)
  OK  sakuraeff01.mod (2719v 3096t)
  OK  01_farm_fence_lv3.mod (1260v 196t)
  OK  01_farm_hill_lv1.mod (4v 2t)
  OK  01_farm_hill_lv2.mod (14v 16t)
  OK  01_farm_fence_lv6.mod (366v 131t)
  OK  01_farm_hill_lv3.mod (8v 4t)
  OK  01_farm_hill_lv4.mod (44v 22t)
  OK  01_farm_house_lv1.mod (103v 43t)
  OK  01_farm_house_lv2.mod (130v 47t)
  OK  01_farm_house_lv3.mod (154v 63t)
  OK  01_farm_housepost.mod (49v 50t)
  OK  01_farm_house_lv4.mod (246v 44t)
  OK  01_farm_mu_lv3.mod (39v 54t)
  OK  01_farm_mu_lv4.mod (57v 82t)
  OK  01_farm_house_lv5.mod (375v 111t)
  OK  01_farm_mu_lv5.mod (116v 152t)
  OK  01_farm_produce_lv2.mod (22v 14t)
  OK  01_farm_house_lv6.mod (434v 77t)
  OK  01_farm_rflower3.mod (63v 48t)
  OK  01_farm_rflower5.mod (108v 88t)
  OK  01_farm_rflower4.mod (153v 124t)
  OK  01_farm_sflower3.mod (57v 40t)
  OK  01_farm_sflower5.mod (140v 124t)
  OK  01_farm_sflower4.mod (134v 120t)
  OK  01_farm_stable_lv1.mod (322v 208t)
  OK  01_farm_stable_lv4.mod (234v 134t)
  OK  01_farm_stable_lv2.mod (375v 230t)
  OK  01_farm_stable_lv6.mod (224v 144t)
  OK  01_farm_stable_lv5.mod (250v 132t)
  OK  01_farm_stable_lv3.mod (362v 218t)
  OK  01_farm_warehouse_lv3.mod (692v 200t)
  OK  01_farm_warehouse_lv2.mod (636v 301t)
  OK  01_farm_warehouse_lv1.mod (386v 158t)
  OK  01_farm_warehouse_lv4.mod (985v 316t)
  OK  01_jakmul01_lv1.mod (30v 18t)
  OK  01_jakmul01_lv2.mod (43v 34t)
  OK  01_jakmul01_lv3.mod (53v 40t)
  OK  01_jakmul02_lv1.mod (20v 12t)
  OK  01_jakmul02_lv2.mod (40v 24t)
  OK  01_jakmul02_lv3.mod (60v 36t)
  OK  01_jakmul03_lv1.mod (9v 5t)
  OK  01_jakmul03_lv2.mod (13v 7t)
  OK  01_farm_warehouse_lv5.mod (1172v 617t)
  OK  01_farm_warehouse_lv6.mod (1256v 603t)
  OK  01_jakmul03_lv3.mod (13v 7t)
  OK  eff_stable_01.mod (124v 94t)
  OK  g001.mod (324v 412t)
  OK  g003.mod (556v 533t)
  OK  60_portal_dn_no.mod (16v 8t)
  OK  ca_etc_b0_101_n.mod (6v 4t)
  OK  ca_etc_b0_102_n.mod (4v 2t)
  OK  ca_etc_e0_105_n.mod (4v 2t)
  OK  manager.mod (1072v 102t)
  OK  ca_etc_e0_114_n.mod (16v 8t)
  OK  ca_etc_e0_115_n.mod (16v 8t)
  OK  ca_etc_d0_103_s.mod (71v 54t)
  OK  g002.mod (884v 1216t)
  OK  ca_tile_f0_200_f.mod (4v 2t)
  OK  ca_tile_f0_400_f.mod (4v 2t)
  OK  ca_tile_f0_300_f.mod (4v 2t)
  OK  ca_tile_f0_100_f.mod (4v 2t)
  OK  de_ccover_f0_100_n.mod (4v 2t)
  OK  de_ccover_f0_300_n.mod (4v 2t)
  OK  de_ccover_f0_400_n.mod (4v 2t)
  OK  de_ccover_f0_200_n.mod (4v 2t)
  OK  de_etc_b0_103_n.mod (54v 48t)
  OK  de_etc_b0_104_n.mod (168v 163t)
  OK  de_etc_e0_103_n.mod (138v 66t)
  OK  de_etc_e0_102_n.mod (504v 28t)
  OK  de_etc_e0_101_n.mod (572v 264t)
  OK  de_etc_e0_105_n.mod (210v 227t)
  OK  de_etc_e0_106_n.mod (220v 242t)
  OK  de_etc_e0_109_n.mod (182v 33t)
  OK  de_etc_e0_107_n.mod (249v 288t)
  OK  de_etc_e0_108_n.mod (304v 207t)
  OK  de_etc_e0_110_n.mod (124v 40t)
  OK  de_etc_e0_112_n.mod (118v 142t)
  OK  de_etc_e0_116_n.mod (182v 3t)
  OK  de_etc_e0_114_n.mod (598v 290t)
  OK  de_etc_e0_115_n.mod (307v 306t)
  OK  de_etc_e0_117_n.mod (234v 7t)
  OK  de_etc_e0_111_n.mod (1348v 471t)
  OK  de_etc_e0_119_n.mod (436v 478t)
  OK  de_etc_e0_118_n.mod (596v 292t)
  OK  de_etc_e0_120_n.mod (504v 302t)
  OK  de_etc_f0_001_s.mod (6v 4t)
  OK  de_lamp_b0_101_n.mod (77v 59t)
  OK  de_etc_e0_121_n.mod (244v 195t)
  OK  de_lamp_e0_102_n.mod (84v 65t)
  OK  de_etc_e0_122_n.mod (416v 438t)
  OK  de_lamp_e0_103_n.mod (179v 8t)
  OK  de_lamp_e0_101_n.mod (177v 109t)
  OK  do_door_b0_101_d.mod (60v 6t)
  OK  do_door_b0_102_d.mod (99v 18t)
  OK  de_lamp_e0_105_n.mod (162v 150t)
  OK  do_door_d0_101_d.mod (77v 10t)
  OK  do_door_e0_101_d.mod (25v 39t)
  OK  do_door_c0_101_d.mod (104v 23t)
  OK  do_door_e0_103_d.mod (78v 35t)
  OK  do_door_b0_103_d.mod (138v 51t)
  OK  do_door_e0_105_d.mod (139v 161t)
  OK  do_door_e0_114_d.mod (48v 8t)
  OK  do_etc_b0_102_n.mod (298v 78t)
  OK  do_etc_b0_104_n.mod (86v 71t)
  OK  do_etc_b0_105_n.mod (100v 97t)
  OK  do_etc_d0_101_n.mod (168v 154t)
  OK  do_etc_d0_102_n.mod (144v 38t)
  OK  do_etc_b0_103_n.mod (876v 110t)
  OK  do_etc_e0_103_n.mod (94v 20t)
  OK  do_etc_e0_101_n.mod (162v 121t)
  OK  do_etc_d0_103_n.mod (250v 266t)
  OK  do_etc_e0_106_n.mod (14v 12t)
  OK  do_etc_e0_105_n.mod (8v 8t)
  OK  do_etc_e0_102_n.mod (376v 87t)
  OK  do_etc_e0_107_n.mod (152v 164t)
  OK  do_etc_e0_116_n.mod (92v 14t)
  OK  do_etc_e0_115_n.mod (366v 307t)
  OK  do_etc_e0_117_n.mod (250v 13t)
  OK  do_etc_e0_118_n.mod (152v 90t)
  OK  do_etc_e0_125_n.mod (180v 28t)
  OK  do_etc_e0_108_n.mod (1348v 471t)
  OK  do_etc_e0_114_n.mod (1085v 725t)
  OK  do_etc_e0_127_n.mod (186v 12t)
  OK  do_etc_e0_126_n.mod (153v 139t)
  OK  do_etc_e0_131_n.mod (16v 4t)
  OK  do_etc_e0_129_n.mod (134v 67t)
  OK  do_etc_e0_132_n.mod (16v 4t)
  OK  do_etc_e0_133_n.mod (51v 21t)
  OK  do_etc_e0_130_n.mod (265v 5t)
  OK  do_frame_b0_102_n.mod (78v 25t)
  OK  do_frame_b0_101_n.mod (64v 29t)
  OK  do_etc_e0_134_n.mod (106v 76t)
  OK  do_frame_b0_103_n.mod (50v 26t)
  OK  do_frame_b0_104_n.mod (78v 30t)
  OK  do_watch_b0_502_n.mod (62v 33t)
  OK  do_watch_e0_101_n.mod (110v 24t)
  OK  do_watch_b0_501_n.mod (126v 75t)
  OK  do_window_b0_101_n.mod (64v 17t)
  OK  do_window_b0_106_n.mod (24v 13t)
  OK  do_window_b0_102_n.mod (57v 24t)
  OK  do_window_b0_103_n.mod (99v 67t)
  OK  do_window_b0_105_n.mod (198v 84t)
  OK  do_window_b0_503_n.mod (84v 42t)
  OK  do_window_b0_502_n.mod (78v 40t)
  OK  do_window_b0_501_n.mod (129v 78t)
  OK  do_window_b0_504_n.mod (150v 78t)
  OK  do_window_b0_505_n.mod (132v 24t)
  OK  do_window_b0_506_n.mod (96v 11t)
  OK  do_window_d0_101_n.mod (108v 7t)
  OK  do_window_e0_101_n.mod (32v 35t)
  OK  do_window_e0_103_n.mod (78v 35t)
  OK  do_window_e0_114_n.mod (58v 6t)
  OK  do_window_e0_105_n.mod (190v 129t)
  OK  el_etc_b0_101_n.mod (40v 24t)
  OK  el_etc_b0_102_n.mod (45v 8t)
  OK  el_etc_b0_103_n.mod (32v 20t)
  OK  el_etc_b0_106_n.mod (24v 12t)
  OK  el_etc_b0_105.mod (60v 38t)
  OK  el_etc_b0_104_n.mod (140v 88t)
  OK  el_etc_b0_107_n.mod (24v 12t)
  OK  el_etc_b0_105_n.mod (129v 58t)
  OK  el_etc_b0_109_n.mod (24v 12t)
  OK  el_etc_b0_108_n.mod (48v 42t)
  OK  el_etc_b0_501_n.mod (136v 13t)
  OK  el_etc_b0_110_n.mod (336v 25t)
  OK  el_etc_c0_101_n.mod (299v 40t)
  OK  el_etc_e0_114_n.mod (84v 19t)
  OK  el_etc_c0_102_n.mod (425v 24t)
  OK  el_etc_c0_103_n.mod (342v 47t)
  OK  fu_bed_b0_101_a.mod (194v 140t)
  OK  fu_bed_b0_102_a.mod (401v 54t)
  OK  fu_bed_d0_101_a.mod (205v 21t)
  OK  fu_bed_b0_103_a.mod (399v 91t)
  OK  fu_bed_e0_103_a.mod (204v 77t)
  OK  fu_bed_e0_101_a.mod (451v 156t)
  OK  fu_chair_b0_101_a.mod (88v 72t)
  OK  fu_bed_e0_105_a.mod (473v 222t)
  OK  fu_chair_b0_102_a.mod (290v 187t)
  OK  fu_chair_b0_103_a.mod (286v 136t)
  OK  fu_chair_c0_101_a.mod (117v 49t)
  OK  fu_chair_d0_101_a.mod (112v 13t)
  OK  fu_bed_e0_114_a.mod (962v 129t)
  OK  fu_chair_e0_102_a.mod (160v 79t)
  OK  fu_chair_e0_105_a.mod (106v 85t)
  OK  fu_chair_e0_114_a.mod (113v 76t)
  OK  fu_chest_d0_101_n.mod (96v 9t)
  OK  fu_chair_e0_101_a.mod (324v 212t)
  OK  fu_chest_e0_101_n.mod (144v 49t)
  OK  fu_chest_e0_105_n.mod (62v 32t)
  OK  fu_chest_e0_103_n.mod (426v 139t)
  OK  fu_closet_b0_102_n.mod (28v 16t)
  OK  fu_closet_b0_101_n.mod (30v 20t)
  OK  fu_chest_e0_115_n.mod (223v 29t)
  OK  fu_chest_e0_114_n.mod (199v 113t)
  OK  fu_closet_b0_103_n.mod (76v 27t)
  OK  fu_closet_c0_101_n.mod (84v 30t)
  OK  fu_closet_e0_103_n.mod (245v 163t)
  OK  fu_closet_e0_104_n.mod (345v 17t)
  OK  fu_drawer_b0_101_n.mod (24v 12t)
  OK  fu_closet_e0_115_n.mod (368v 46t)
  OK  fu_drawer_e0_101_n.mod (287v 171t)
  OK  fu_drawer_e0_105_n.mod (272v 180t)
  OK  fu_drawer_e0_104_n.mod (506v 112t)
  OK  fu_drawer_e0_103_n.mod (618v 285t)
  OK  fu_drawer_e0_114_n.mod (163v 29t)
  OK  fu_etc_b0_103_n.mod (194v 75t)
  OK  fu_etc_b0_102_a.mod (308v 47t)
  OK  fu_etc_b0_105_n.mod (58v 13t)
  OK  fu_etc_c0_101_n.mod (203v 111t)
  OK  fu_etc_b0_106_n.mod (468v 356t)
  OK  fu_etc_b0_104_n.mod (869v 305t)
  OK  fu_sofa_b0_101_a.mod (130v 106t)
  OK  fu_sofa_c0_101_a.mod (128v 21t)
  OK  fu_table_b0_101_n.mod (94v 56t)
  OK  fu_sofa_c0_102_a.mod (132v 23t)
  OK  fu_closet_e0_114_n.mod (2950v 803t)
  OK  fu_etc_e0_101_n.mod (641v 279t)
  OK  fu_table_b0_102_n.mod (184v 96t)
  OK  fu_table_b0_103_n.mod (184v 96t)
  OK  fu_table_c0_101_n.mod (68v 26t)
  OK  fu_table_c0_102_n.mod (71v 62t)
  OK  fu_table_b0_501_n.mod (288v 250t)
  OK  fu_table_b0_104_n.mod (504v 194t)
  OK  fu_table_c0_103_n.mod (53v 10t)
  OK  fu_table_b0_106_n.mod (696v 151t)
  OK  fu_table_e0_101_n.mod (160v 93t)
  OK  fu_table_d0_101_n.mod (128v 37t)
  OK  fu_table_e0_102_n.mod (244v 158t)
  OK  fu_table_e0_114_n.mod (197v 140t)
  OK  fu_table_e0_105_n.mod (317v 175t)
  OK  fu_table_e0_104_n.mod (497v 312t)
  OK  fu_table_e0_103_n.mod (654v 205t)
  OK  pr_basket_b0_101_n.mod (24v 6t)
  OK  fu_table_e0_116_n.mod (524v 416t)
  OK  pr_clock_b0_501_n.mod (83v 21t)
  OK  pr_clock_b0_502_n.mod (186v 25t)
  OK  pr_cushion_b0_101_n.mod (28v 29t)
  OK  fu_table_e0_115_n.mod (1044v 378t)
  OK  pr_cushion_b0_102_n.mod (42v 7t)
  OK  pr_cushion_e0_104_n.mod (20v 4t)
  OK  pr_cushion_e0_105_n.mod (24v 4t)
  OK  pr_cushion_e0_103_a.mod (48v 18t)
  OK  pr_clock_b0_503_n.mod (498v 70t)
  OK  pr_doll_b0_101_n.mod (175v 146t)
  OK  pr_cushion_e0_106_n.mod (68v 80t)
  OK  pr_doll_e0_101_n.mod (98v 79t)
  OK  pr_etc_b0_102_n.mod (24v 12t)
  OK  pr_doll_b0_102_n.mod (362v 480t)
  OK  pr_etc_b0_103_n.mod (108v 15t)
  OK  pr_etc_b0_104_n.mod (84v 62t)
  OK  pr_etc_b0_101_n.mod (272v 13t)
  OK  pr_etc_b0_107_n.mod (32v 7t)
  OK  pr_etc_b0_106_n.mod (32v 7t)
  OK  pr_etc_b0_108_n.mod (32v 7t)
  OK  pr_etc_b0_109_n.mod (32v 7t)
  OK  pr_etc_b0_112_n.mod (21v 18t)
  OK  pr_etc_b0_110_n.mod (32v 7t)
  OK  pr_etc_b0_111_n.mod (36v 38t)
  OK  pr_etc_b0_105_n.mod (384v 47t)
  OK  pr_etc_b0_115_n.mod (4v 2t)
  OK  pr_etc_b0_116_n.mod (4v 2t)
  OK  pr_etc_b0_113_n.mod (121v 76t)
  OK  pr_etc_b0_114_n.mod (146v 113t)
  OK  pr_etc_b0_119_n.mod (24v 4t)
  OK  pr_etc_b0_118_n.mod (28v 22t)
  OK  pr_etc_b0_120_n.mod (52v 50t)
  OK  pr_etc_b0_117_n.mod (159v 120t)
  OK  pr_etc_b0_122_n.mod (206v 72t)
  OK  pr_etc_b0_123_n.mod (231v 157t)
  OK  pr_etc_b0_121_n.mod (230v 156t)
  OK  pr_etc_b0_126_n.mod (12v 6t)
  OK  pr_etc_c0_101_n.mod (61v 48t)
  OK  pr_etc_b0_125_n.mod (144v 27t)
  OK  pr_etc_e0_101_n.mod (142v 40t)
  OK  pr_etc_e0_103_n.mod (30v 6t)
  OK  pr_etc_e0_107_n.mod (248v 20t)
  OK  pr_etc_e0_108_n.mod (156v 78t)
  OK  pr_etc_e0_102_n.mod (381v 173t)
  OK  pr_etc_c0_102_a.mod (653v 509t)
  OK  pr_etc_e0_109_n.mod (80v 50t)
  OK  pr_etc_e0_110_n.mod (80v 50t)
  OK  pr_etc_e0_113_n.mod (76v 80t)
  OK  pr_etc_e0_111_n.mod (240v 152t)
  OK  pr_etc_e0_112_n.mod (520v 11t)
  OK  pr_etc_e0_117_n.mod (144v 69t)
  OK  pr_etc_e0_116_n.mod (762v 269t)
  OK  pr_etc_e0_115_n.mod (704v 217t)
  OK  pr_etc_e0_118_n.mod (88v 77t)
  OK  pr_etc_e0_119_n.mod (68v 48t)
  OK  pr_etc_e0_120_n.mod (48v 26t)
  OK  pr_etc_e0_114_n.mod (704v 419t)
  OK  pr_etc_e0_121_n.mod (103v 34t)
  OK  pr_etc_e0_123_n.mod (136v 95t)
  OK  pr_etc_e0_125_a.mod (128v 17t)
  OK  pr_etc_e0_122_n.mod (152v 90t)
  OK  pr_etc_e0_124_n.mod (168v 95t)
  OK  pr_flowerpot_b0_101_n.mod (234v 224t)
  OK  pr_flowerpot_e0_114_n.mod (240v 149t)
  OK  pr_flowerpot_e0_103_n.mod (272v 26t)
  OK  pr_flowerpot_e0_116_n.mod (135v 113t)
  OK  pr_flowerpot_e0_115_n.mod (135v 113t)
  OK  pr_flowerpot_e0_117_n.mod (127v 101t)
  OK  wa_wall_f0_300_w.mod (11v 8t)
  OK  wa_wall_f0_200_w.mod (11v 8t)
  OK  wa_wall_f0_100_w.mod (11v 8t)
  OK  wa_wall_f0_400_w.mod (11v 8t)
  OK  wa_wall_f0_500_w.mod (16v 8t)
  OK  wa_wall_f0_600_w.mod (16v 8t)
  OK  wa_wall_f0_700_w.mod (10v 8t)
  OK  wa_wall_f0_800_w.mod (10v 8t)

=== Model Conversion Complete ===
  Converted: 7556
  Failed:    0
  Skipped:   1
  Total:     7557

2026-06-08 06:55:46,742 [INFO] Step 'models' completed successfully
2026-06-08 06:55:46,742 [INFO] ============================================================
2026-06-08 06:55:46,742 [INFO] Pipeline completed successfully in 3.0s
2026-06-08 06:55:46,742 [INFO] ============================================================
2026-06-08 06:55:50,342 [INFO] ============================================================
2026-06-08 06:55:50,342 [INFO] PHOENIX Asset Pipeline v2.0 — Starting
2026-06-08 06:55:50,342 [INFO] ============================================================
2026-06-08 06:55:50,343 [INFO] 
--- Step: chardefs ---
2026-06-08 06:55:50,343 [INFO] === Character Definition Conversion (.chx -> .json) ===
2026-06-08 06:55:50,343 [INFO] Running: /opt/homebrew/opt/python@3.14/bin/python3.14 /Users/macbookair/PRIBADI/luna-plus-master/Luna-Plus-Reborn/tools/asset_pipeline/convert_chardefs.py --all
2026-06-08 06:55:50,755 [INFO] [chardefs] stdout:
character: 246 .chx files
monster: 446 .chx files
npc: 137 .chx files
effect: 648 .chx files

Total: 1477 character defs to convert
Output: /Users/macbookair/PRIBADI/luna-plus-master/Luna-Plus-Reborn/assets/characters

  OK  [r]_head_003.chx (84b, 1 sections)
  OK  [r]_head_004.chx (83b, 1 sections)
  OK  [r]_head_005.chx (83b, 1 sections)
  OK  [r]_head_006.chx (83b, 1 sections)
  OK  [r]_wing_e_m_001.chx (234b, 1 sections)
  OK  [r]_wing_e_m_002.chx (234b, 1 sections)
  OK  [r]_wing_e_w_001.chx (234b, 1 sections)
  OK  [r]_wing_e_w_002.chx (234b, 1 sections)
  OK  [r]_wing_h_m_001.chx (234b, 1 sections)
  OK  [r]_wing_h_m_002.chx (234b, 1 sections)
  OK  [r]_wing_h_w_001.chx (234b, 1 sections)
  OK  [r]_wing_h_w_002.chx (234b, 1 sections)
  OK  [r]e_m_crystal_wing.chx (299b, 1 sections)
  OK  [r]temple_e_m_wing001.chx (241b, 1 sections)
  OK  [r]temple_e_w_wing001.chx (241b, 1 sections)
  OK  [r]temple_h_m_wing001.chx (241b, 1 sections)
  OK  [r]temple_h_w_wing001.chx (241b, 1 sections)
  OK  both_weapon001.chx (84b, 1 sections)
  OK  both_weapon_001.chx (90b, 1 sections)
  OK  both_weapon_002.chx (90b, 1 sections)
  OK  both_weapon_003.chx (90b, 1 sections)
  OK  both_weapon_004.chx (90b, 1 sections)
  OK  both_weapon_005.chx (90b, 1 sections)
  OK  both_weapon_006.chx (90b, 1 sections)
  OK  both_weapon_007.chx (90b, 1 sections)
  OK  both_weapon_008.chx (90b, 1 sections)
  OK  d_m_wing_20.chx (235b, 1 sections)
  OK  d_man.chx (51515b, 1 sections)
  OK  d_w_wing_20.chx (240b, 1 sections)
  OK  d_woman.chx (51540b, 1 sections)
  OK  e_m_wing_01.chx (227b, 1 sections)
  OK  e_m_wing_018.chx (223b, 1 sections)
  OK  e_m_wing_02.chx (235b, 1 sections)
  OK  e_m_wing_020.chx (230b, 1 sections)
  OK  e_m_wing_03.chx (235b, 1 sections)
  OK  e_m_wing_03_flag.chx (240b, 1 sections)
  OK  e_m_wing_04.chx (235b, 1 sections)
  OK  e_m_wing_05.chx (235b, 1 sections)
  OK  e_m_wing_06.chx (235b, 1 sections)
  OK  e_m_wing_07.chx (235b, 1 sections)
  OK  e_m_wing_07_r.chx (235b, 1 sections)
  OK  e_m_wing_08.chx (250b, 1 sections)
  OK  e_m_wing_09.chx (235b, 1 sections)
  OK  e_m_wing_09_w.chx (237b, 1 sections)
  OK  e_m_wing_10.chx (235b, 1 sections)
  OK  e_m_wing_10_v.chx (237b, 1 sections)
  OK  e_m_wing_16.chx (242b, 1 sections)
  OK  e_m_wing_17.chx (242b, 1 sections)
  OK  e_m_wing_19.chx (242b, 1 sections)
  OK  e_m_wing_20.chx (235b, 1 sections)
  OK  e_man.chx (49399b, 1 sections)
  OK  e_w_wing_01.chx (227b, 1 sections)
  OK  e_w_wing_018.chx (223b, 1 sections)
  OK  e_w_wing_02.chx (235b, 1 sections)
  OK  e_w_wing_020.chx (230b, 1 sections)
  OK  e_w_wing_03.chx (235b, 1 sections)
  OK  e_w_wing_03_flag.chx (240b, 1 sections)
  OK  e_w_wing_04.chx (235b, 1 sections)
  OK  e_w_wing_05.chx (235b, 1 sections)
  OK  e_w_wing_06.chx (235b, 1 sections)
  OK  e_w_wing_07.chx (235b, 1 sections)
  OK  e_w_wing_07_r.chx (235b, 1 sections)
  OK  e_w_wing_08.chx (250b, 1 sections)
  OK  e_w_wing_09.chx (235b, 1 sections)
  OK  e_w_wing_09_w.chx (237b, 1 sections)
  OK  e_w_wing_10.chx (235b, 1 sections)
  OK  e_w_wing_10_v.chx (237b, 1 sections)
  OK  e_w_wing_16.chx (242b, 1 sections)
  OK  e_w_wing_17.chx (242b, 1 sections)
  OK  e_w_wing_19.chx (242b, 1 sections)
  OK  e_w_wing_20.chx (240b, 1 sections)
  OK  e_woman.chx (49439b, 1 sections)
  OK  eff_heart_green.chx (89b, 1 sections)
  OK  eff_heart_purple.chx (91b, 1 sections)
  OK  eff_heart_yellow.chx (91b, 1 sections)
  OK  eff_sp_item_5b.chx (89b, 1 sections)
  OK  eff_sp_item_5g.chx (89b, 1 sections)
  OK  eff_sp_item_5r.chx (94b, 1 sections)
  OK  eff_sp_item_gold.chx (95b, 1 sections)
  OK  enchant_light_blue.chx (103b, 1 sections)
  OK  enchant_light_orange.chx (107b, 1 sections)
  OK  enchant_light_purple.chx (107b, 1 sections)
  OK  enchant_light_yellow.chx (107b, 1 sections)
  OK  enchant_spark_blue.chx (103b, 1 sections)
  OK  enchant_spark_green.chx (103b, 1 sections)
  OK  enchant_spark_orange.chx (107b, 1 sections)
  OK  enchant_spark_purple.chx (105b, 1 sections)
  OK  h_m_wing_01.chx (229b, 1 sections)
  OK  h_m_wing_018.chx (225b, 1 sections)
  OK  h_m_wing_02.chx (235b, 1 sections)
  OK  h_m_wing_020.chx (230b, 1 sections)
  OK  h_m_wing_03.chx (235b, 1 sections)
  OK  h_m_wing_03_flag.chx (240b, 1 sections)
  OK  h_m_wing_04.chx (235b, 1 sections)
  OK  h_m_wing_05.chx (235b, 1 sections)
  OK  h_m_wing_06.chx (235b, 1 sections)
  OK  h_m_wing_07.chx (235b, 1 sections)
  OK  h_m_wing_07_r.chx (235b, 1 sections)
  OK  h_m_wing_08.chx (250b, 1 sections)
  OK  h_m_wing_09.chx (235b, 1 sections)
  OK  h_m_wing_09_w.chx (237b, 1 sections)
  OK  h_m_wing_10.chx (235b, 1 sections)
  OK  h_m_wing_10_v.chx (237b, 1 sections)
  OK  h_m_wing_16.chx (242b, 1 sections)
  OK  h_m_wing_17.chx (242b, 1 sections)
  OK  h_m_wing_19.chx (242b, 1 sections)
  OK  h_m_wing_20.chx (237b, 1 sections)
  OK  h_man.chx (49429b, 1 sections)
  OK  h_w_wing_01.chx (229b, 1 sections)
  OK  h_w_wing_018.chx (225b, 1 sections)
  OK  h_w_wing_02.chx (235b, 1 sections)
  OK  h_w_wing_020.chx (230b, 1 sections)
  OK  h_w_wing_03.chx (235b, 1 sections)
  OK  h_w_wing_03_flag.chx (240b, 1 sections)
  OK  h_w_wing_04.chx (235b, 1 sections)
  OK  h_w_wing_05.chx (235b, 1 sections)
  OK  h_w_wing_06.chx (235b, 1 sections)
  OK  h_w_wing_07.chx (235b, 1 sections)
  OK  h_w_wing_07_r.chx (235b, 1 sections)
  OK  h_w_wing_08.chx (250b, 1 sections)
  OK  h_w_wing_09.chx (235b, 1 sections)
  OK  h_w_wing_09_w.chx (237b, 1 sections)
  OK  h_w_wing_10.chx (235b, 1 sections)
  OK  h_w_wing_10_v.chx (237b, 1 sections)
  OK  h_w_wing_16.chx (242b, 1 sections)
  OK  h_w_wing_17.chx (242b, 1 sections)
  OK  h_w_wing_19.chx (242b, 1 sections)
  OK  h_w_wing_20.chx (242b, 1 sections)
  OK  h_woman.chx (49386b, 1 sections)
  OK  head003.chx (74b, 1 sections)
  OK  head003_d.chx (76b, 1 sections)
  OK  head005.chx (74b, 1 sections)
  OK  head005_1.chx (76b, 1 sections)
  OK  head005_1_d.chx (78b, 1 sections)
  OK  head005_2.chx (76b, 1 sections)
  OK  head005_2_d.chx (78b, 1 sections)
  OK  head005_d.chx (76b, 1 sections)
  OK  head006.chx (86b, 1 sections)
  OK  head007.chx (74b, 1 sections)
  OK  head009.chx (74b, 1 sections)
  OK  head010.chx (74b, 1 sections)
  OK  head011.chx (74b, 1 sections)
  OK  head012.chx (74b, 1 sections)
  OK  head012_d.chx (76b, 1 sections)
  OK  l_both_weapon_001.chx (53b, 1 sections)
  OK  l_both_weapon_002.chx (53b, 1 sections)
  OK  l_both_weapon_003.chx (53b, 1 sections)
  OK  l_both_weapon_004.chx (53b, 1 sections)
  OK  l_both_weapon_005.chx (53b, 1 sections)
  OK  l_both_weapon_006.chx (53b, 1 sections)
  OK  l_both_weapon_007.chx (54b, 1 sections)
  OK  l_both_weapon_008.chx (53b, 1 sections)
  OK  m_wing_15.chx (217b, 1 sections)
  OK  m_wing_lf_bag.chx (229b, 1 sections)
  OK  npc_cheetos.chx (150b, 1 sections)
  OK  pet001.chx (272b, 1 sections)
  OK  pet002.chx (272b, 1 sections)
  OK  pet003.chx (272b, 1 sections)
  OK  pet004.chx (272b, 1 sections)
  OK  pet005.chx (272b, 1 sections)
  OK  pet006.chx (286b, 1 sections)
  OK  pet007.chx (286b, 1 sections)
  OK  pet008.chx (286b, 1 sections)
  OK  pet009.chx (308b, 1 sections)
  OK  pet010.chx (308b, 1 sections)
  OK  pet011.chx (308b, 1 sections)
  OK  pet013.chx (305b, 1 sections)
  OK  pet_armormonster_a.chx (437b, 1 sections)
  OK  pet_armormonster_b.chx (437b, 1 sections)
  OK  pet_armormonster_c.chx (437b, 1 sections)
  OK  pet_can_a.chx (320b, 1 sections)
  OK  pet_can_b.chx (320b, 1 sections)
  OK  pet_can_c.chx (320b, 1 sections)
  OK  pet_cheetos.chx (370b, 1 sections)
  OK  pet_cobra_a.chx (346b, 1 sections)
  OK  pet_cobra_b.chx (346b, 1 sections)
  OK  pet_demon_a.chx (346b, 1 sections)
  OK  pet_demon_b.chx (346b, 1 sections)
  OK  pet_hedgehog_a.chx (385b, 1 sections)
  OK  pet_hedgehog_b.chx (385b, 1 sections)
  OK  pet_ladybug_a.chx (372b, 1 sections)
  OK  pet_ladybug_b.chx (372b, 1 sections)
  OK  pet_machinebutterfly_a.chx (483b, 1 sections)
  OK  pet_machinebutterfly_b.chx (483b, 1 sections)
  OK  pet_machinebutterfly_c.chx (483b, 1 sections)
  OK  pet_machinecrab_a.chx (424b, 1 sections)
  OK  pet_machinecrab_b.chx (424b, 1 sections)
  OK  pet_machinecrab_c.chx (424b, 1 sections)
  OK  pet_machinemantis_a.chx (450b, 1 sections)
  OK  pet_machinemantis_b.chx (450b, 1 sections)
  OK  pet_machinemantis_c.chx (450b, 1 sections)
  OK  pet_magicthing_a.chx (405b, 1 sections)
  OK  pet_magicthing_b.chx (405b, 1 sections)
  OK  pet_magicthing_c.chx (405b, 1 sections)
  OK  pet_mimic_a.chx (346b, 1 sections)
  OK  pet_mimic_b.chx (346b, 1 sections)
  OK  pet_monster_a.chx (372b, 1 sections)
  OK  pet_monster_b.chx (372b, 1 sections)
  OK  pet_monster_c.chx (372b, 1 sections)
  OK  pet_penguin_a.chx (372b, 1 sections)
  OK  pet_penguin_b.chx (372b, 1 sections)
  OK  pet_penguin_c.chx (372b, 1 sections)
  OK  pet_pet012.chx (305b, 1 sections)
  OK  pet_plantis_a.chx (372b, 1 sections)
  OK  pet_plantis_b.chx (372b, 1 sections)
  OK  pet_poisonballoon_a.chx (450b, 1 sections)
  OK  pet_poisonballoon_b.chx (450b, 1 sections)
  OK  pet_shadow_a.chx (359b, 1 sections)
  OK  pet_shadow_b.chx (359b, 1 sections)
  OK  pet_siege01.chx (373b, 1 sections)
  OK  pet_siege02.chx (373b, 1 sections)
  OK  pet_siege03.chx (373b, 1 sections)
  OK  pet_siege04.chx (373b, 1 sections)
  OK  pet_skeleton_a.chx (385b, 1 sections)
  OK  pet_skeleton_b.chx (385b, 1 sections)
  OK  pet_slime_a.chx (346b, 1 sections)
  OK  pet_slime_b.chx (346b, 1 sections)
  OK  pet_wolf.chx (266b, 1 sections)
  OK  pet_woodendoll_a.chx (411b, 1 sections)
  OK  pet_woodendoll_b.chx (411b, 1 sections)
  OK  pet_woodendoll_c.chx (411b, 1 sections)
  OK  pet_woodsnake_a.chx (398b, 1 sections)
  OK  pet_woodsnake_b.chx (398b, 1 sections)
  OK  pet_woodsnake_c.chx (398b, 1 sections)
  OK  r_both_weapon_001.chx (52b, 1 sections)
  OK  r_both_weapon_002.chx (54b, 1 sections)
  OK  r_both_weapon_003.chx (54b, 1 sections)
  OK  r_both_weapon_004.chx (54b, 1 sections)
  OK  r_both_weapon_005.chx (52b, 1 sections)
  OK  r_both_weapon_006.chx (52b, 1 sections)
  OK  r_both_weapon_007.chx (55b, 1 sections)
  OK  r_both_weapon_008.chx (53b, 1 sections)
  OK  rare_nanpa_eff_both_weapon.chx (386b, 1 sections)
  OK  rare_nanpa_eff_bow.chx (386b, 1 sections)
  OK  rare_nanpa_eff_daggers.chx (382b, 1 sections)
  OK  rare_nanpa_eff_oh_axe.chx (386b, 1 sections)
  OK  rare_nanpa_eff_oh_mace.chx (398b, 1 sections)
  OK  rare_nanpa_eff_oh_sword.chx (410b, 1 sections)
  OK  rare_nanpa_eff_shield.chx (386b, 1 sections)
  OK  rare_nanpa_eff_staff.chx (374b, 1 sections)
  OK  rare_nanpa_eff_th_mace.chx (398b, 1 sections)
  OK  uld_mark.chx (76b, 1 sections)
  OK  ulf_mark.chx (76b, 1 sections)
  OK  w_wing_15.chx (217b, 1 sections)
  OK  w_wing_lf_bag.chx (229b, 1 sections)
  OK  wing_03_smile.chx (243b, 1 sections)
  OK  29_boss_sealstone.chx (320b, 1 sections)
  OK  arach.chx (256b, 1 sections)
  OK  bambusoideae.chx (288b, 1 sections)
  OK  board.chx (258b, 1 sections)
  OK  boss_arach.chx (292b, 1 sections)
  OK  boss_dragonian.chx (572b, 1 sections)
  OK  boss_kierra.chx (292b, 1 sections)
  OK  boss_leostein.chx (443b, 1 sections)
  OK  boss_tarintus.chx (466b, 1 sections)
  OK  chobj_runa_stone01.chx (251b, 1 sections)
  OK  cow.chx (169b, 1 sections)
  OK  dog01.chx (261b, 1 sections)
  OK  kierra.chx (258b, 1 sections)
  OK  m001.chx (273b, 1 sections)
  OK  m002.chx (267b, 1 sections)
  OK  m003.chx (269b, 1 sections)
  OK  m004.chx (273b, 1 sections)
  OK  m004_lod02.chx (279b, 1 sections)
  OK  m005.chx (273b, 1 sections)
  OK  m006.chx (273b, 1 sections)
  OK  m007.chx (273b, 1 sections)
  OK  m008.chx (273b, 1 sections)
  OK  m009.chx (273b, 1 sections)
  OK  m010.chx (273b, 1 sections)
  OK  m011.chx (273b, 1 sections)
  OK  m012.chx (273b, 1 sections)
  OK  m013.chx (273b, 1 sections)
  OK  m014.chx (273b, 1 sections)
  OK  m015.chx (273b, 1 sections)
  OK  m016.chx (273b, 1 sections)
  OK  m017.chx (273b, 1 sections)
  OK  m018.chx (273b, 1 sections)
  OK  m018_lod02.chx (351b, 1 sections)
  OK  m019.chx (273b, 1 sections)
  OK  m019_argentina.chx (283b, 1 sections)
  OK  m020.chx (273b, 1 sections)
  OK  m021.chx (273b, 1 sections)
  OK  m022.chx (273b, 1 sections)
  OK  m023.chx (270b, 1 sections)
  OK  m024.chx (273b, 1 sections)
  OK  m025.chx (267b, 1 sections)
  OK  m026.chx (273b, 1 sections)
  OK  m027.chx (273b, 1 sections)
  OK  m028.chx (273b, 1 sections)
  OK  m029.chx (273b, 1 sections)
  OK  m030.chx (273b, 1 sections)
  OK  m031.chx (273b, 1 sections)
  OK  m032.chx (273b, 1 sections)
  OK  m033.chx (271b, 1 sections)
  OK  m034.chx (273b, 1 sections)
  OK  m035.chx (273b, 1 sections)
  OK  m036.chx (273b, 1 sections)
  OK  m037.chx (273b, 1 sections)
  OK  m038.chx (273b, 1 sections)
  OK  m039.chx (273b, 1 sections)
  OK  m040.chx (273b, 1 sections)
  OK  m041.chx (273b, 1 sections)
  OK  m042.chx (271b, 1 sections)
  OK  m043.chx (273b, 1 sections)
  OK  m044.chx (273b, 1 sections)
  OK  m045.chx (273b, 1 sections)
  OK  m046.chx (273b, 1 sections)
  OK  m047.chx (273b, 1 sections)
  OK  m048.chx (273b, 1 sections)
  OK  m049.chx (273b, 1 sections)
  OK  m050.chx (273b, 1 sections)
  OK  m051.chx (273b, 1 sections)
  OK  m052.chx (273b, 1 sections)
  OK  m053.chx (273b, 1 sections)
  OK  m054.chx (273b, 1 sections)
  OK  m055.chx (273b, 1 sections)
  OK  m056.chx (273b, 1 sections)
  OK  m057.chx (273b, 1 sections)
  OK  m058.chx (273b, 1 sections)
  OK  m059.chx (273b, 1 sections)
  OK  m060.chx (273b, 1 sections)
  OK  m061.chx (273b, 1 sections)
  OK  m062.chx (273b, 1 sections)
  OK  m063.chx (273b, 1 sections)
  OK  m064.chx (273b, 1 sections)
  OK  m065.chx (273b, 1 sections)
  OK  m066.chx (273b, 1 sections)
  OK  m067.chx (273b, 1 sections)
  OK  m068.chx (273b, 1 sections)
  OK  m069.chx (273b, 1 sections)
  OK  m070.chx (273b, 1 sections)
  OK  m071.chx (273b, 1 sections)
  OK  m072.chx (271b, 1 sections)
  OK  m073.chx (273b, 1 sections)
  OK  m074.chx (273b, 1 sections)
  OK  m075.chx (273b, 1 sections)
  OK  m076.chx (273b, 1 sections)
  OK  m077.chx (273b, 1 sections)
  OK  m078.chx (273b, 1 sections)
  OK  m079.chx (273b, 1 sections)
  OK  m080.chx (273b, 1 sections)
  OK  m082.chx (273b, 1 sections)
  OK  m083.chx (273b, 1 sections)
  OK  m084.chx (273b, 1 sections)
  OK  m085.chx (273b, 1 sections)
  OK  m087.chx (273b, 1 sections)
  OK  m088.chx (273b, 1 sections)
  OK  m089.chx (273b, 1 sections)
  OK  m090.chx (273b, 1 sections)
  OK  m091.chx (273b, 1 sections)
  OK  m092.chx (273b, 1 sections)
  OK  m093.chx (273b, 1 sections)
  OK  m094.chx (273b, 1 sections)
  OK  m095.chx (273b, 1 sections)
  OK  m096.chx (273b, 1 sections)
  OK  m097.chx (273b, 1 sections)
  OK  m098.chx (273b, 1 sections)
  OK  m099.chx (273b, 1 sections)
  OK  m100.chx (273b, 1 sections)
  OK  m101.chx (273b, 1 sections)
  OK  m102.chx (273b, 1 sections)
  OK  m103.chx (273b, 1 sections)
  OK  m104.chx (273b, 1 sections)
  OK  m105.chx (273b, 1 sections)
  OK  m106.chx (273b, 1 sections)
  OK  m111.chx (273b, 1 sections)
  OK  m112.chx (273b, 1 sections)
  OK  m113.chx (273b, 1 sections)
  OK  m114.chx (273b, 1 sections)
  OK  m115.chx (273b, 1 sections)
  OK  m116.chx (271b, 1 sections)
  OK  m117.chx (273b, 1 sections)
  OK  m118.chx (273b, 1 sections)
  OK  m119.chx (273b, 1 sections)
  OK  m120.chx (273b, 1 sections)
  OK  m121.chx (273b, 1 sections)
  OK  m122.chx (273b, 1 sections)
  OK  m123.chx (273b, 1 sections)
  OK  m124.chx (273b, 1 sections)
  OK  m125.chx (273b, 1 sections)
  OK  m126.chx (273b, 1 sections)
  OK  m128.chx (270b, 1 sections)
  OK  m129.chx (273b, 1 sections)
  OK  m130.chx (273b, 1 sections)
  OK  m131.chx (273b, 1 sections)
  OK  m132.chx (273b, 1 sections)
  OK  m133.chx (273b, 1 sections)
  OK  m134.chx (273b, 1 sections)
  OK  m135.chx (273b, 1 sections)
  OK  m136.chx (273b, 1 sections)
  OK  m137.chx (273b, 1 sections)
  OK  m138.chx (273b, 1 sections)
  OK  m139.chx (273b, 1 sections)
  OK  m140.chx (273b, 1 sections)
  OK  m141.chx (273b, 1 sections)
  OK  m142.chx (273b, 1 sections)
  OK  m143.chx (273b, 1 sections)
  OK  m144.chx (273b, 1 sections)
  OK  m145.chx (273b, 1 sections)
  OK  m146.chx (273b, 1 sections)
  OK  m147.chx (273b, 1 sections)
  OK  m148.chx (273b, 1 sections)
  OK  m149.chx (273b, 1 sections)
  OK  m150.chx (273b, 1 sections)
  OK  m151.chx (273b, 1 sections)
  OK  m152.chx (273b, 1 sections)
  OK  m153.chx (273b, 1 sections)
  OK  m154.chx (273b, 1 sections)
  OK  m155.chx (273b, 1 sections)
  OK  m156.chx (273b, 1 sections)
  OK  m157.chx (267b, 1 sections)
  OK  m158.chx (273b, 1 sections)
  OK  m159.chx (273b, 1 sections)
  OK  m160.chx (273b, 1 sections)
  OK  m161.chx (273b, 1 sections)
  OK  m162.chx (273b, 1 sections)
  OK  m163.chx (273b, 1 sections)
  OK  m164.chx (273b, 1 sections)
  OK  m165.chx (273b, 1 sections)
  OK  m166.chx (273b, 1 sections)
  OK  m167.chx (273b, 1 sections)
  OK  m168.chx (273b, 1 sections)
  OK  m169.chx (273b, 1 sections)
  OK  m170.chx (273b, 1 sections)
  OK  m171.chx (273b, 1 sections)
  OK  m172.chx (273b, 1 sections)
  OK  m173.chx (273b, 1 sections)
  OK  m174.chx (273b, 1 sections)
  OK  m175.chx (273b, 1 sections)
  OK  m176.chx (273b, 1 sections)
  OK  m177.chx (273b, 1 sections)
  OK  m178.chx (273b, 1 sections)
  OK  m179.chx (273b, 1 sections)
  OK  m180.chx (273b, 1 sections)
  OK  m181.chx (273b, 1 sections)
  OK  m182.chx (273b, 1 sections)
  OK  m183.chx (273b, 1 sections)
  OK  m184.chx (273b, 1 sections)
  OK  m185.chx (273b, 1 sections)
  OK  m186.chx (273b, 1 sections)
  OK  m187.chx (273b, 1 sections)
  OK  m188.chx (273b, 1 sections)
  OK  m189.chx (273b, 1 sections)
  OK  m190.chx (273b, 1 sections)
  OK  m192.chx (273b, 1 sections)
  OK  m193.chx (273b, 1 sections)
  OK  m194.chx (273b, 1 sections)
  OK  m195.chx (273b, 1 sections)
  OK  m196.chx (287b, 1 sections)
  OK  m197.chx (273b, 1 sections)
  OK  m198.chx (273b, 1 sections)
  OK  m199.chx (286b, 1 sections)
  OK  m200.chx (270b, 1 sections)
  OK  m201.chx (273b, 1 sections)
  OK  m203.chx (273b, 1 sections)
  OK  m204.chx (273b, 1 sections)
  OK  m205.chx (273b, 1 sections)
  OK  m206.chx (273b, 1 sections)
  OK  m207.chx (273b, 1 sections)
  OK  m208.chx (273b, 1 sections)
  OK  m209.chx (273b, 1 sections)
  OK  m210.chx (273b, 1 sections)
  OK  m211.chx (273b, 1 sections)
  OK  m212.chx (273b, 1 sections)
  OK  m213.chx (273b, 1 sections)
  OK  m214.chx (273b, 1 sections)
  OK  m215.chx (273b, 1 sections)
  OK  m216.chx (273b, 1 sections)
  OK  m217.chx (273b, 1 sections)
  OK  m218.chx (273b, 1 sections)
  OK  m219.chx (273b, 1 sections)
  OK  m220.chx (273b, 1 sections)
  OK  m221.chx (273b, 1 sections)
  OK  m222.chx (270b, 1 sections)
  OK  m223.chx (270b, 1 sections)
  OK  m224.chx (270b, 1 sections)
  OK  m224_evt.chx (274b, 1 sections)
  OK  m225.chx (271b, 1 sections)
  OK  m226.chx (273b, 1 sections)
  OK  m227.chx (271b, 1 sections)
  OK  m228.chx (271b, 1 sections)
  OK  m229.chx (271b, 1 sections)
  OK  m230.chx (271b, 1 sections)
  OK  m232.chx (273b, 1 sections)
  OK  m233.chx (273b, 1 sections)
  OK  m234.chx (271b, 1 sections)
  OK  m235.chx (271b, 1 sections)
  OK  m240.chx (273b, 1 sections)
  OK  m243.chx (273b, 1 sections)
  OK  m244.chx (273b, 1 sections)
  OK  m245.chx (273b, 1 sections)
  OK  m246.chx (273b, 1 sections)
  OK  m247.chx (273b, 1 sections)
  OK  m248.chx (273b, 1 sections)
  OK  m249.chx (267b, 1 sections)
  OK  m251.chx (273b, 1 sections)
  OK  m254.chx (273b, 1 sections)
  OK  m255.chx (273b, 1 sections)
  OK  m256.chx (273b, 1 sections)
  OK  m257.chx (273b, 1 sections)
  OK  m258.chx (273b, 1 sections)
  OK  m259.chx (273b, 1 sections)
  OK  m260.chx (273b, 1 sections)
  OK  m261.chx (271b, 1 sections)
  OK  m262.chx (271b, 1 sections)
  OK  m263.chx (271b, 1 sections)
  OK  m264.chx (273b, 1 sections)
  OK  m265.chx (271b, 1 sections)
  OK  m266.chx (273b, 1 sections)
  OK  m267.chx (271b, 1 sections)
  OK  m268.chx (273b, 1 sections)
  OK  m269.chx (273b, 1 sections)
  OK  m270.chx (273b, 1 sections)
  OK  m271.chx (273b, 1 sections)
  OK  m272.chx (273b, 1 sections)
  OK  m273.chx (271b, 1 sections)
  OK  m274.chx (273b, 1 sections)
  OK  m275.chx (273b, 1 sections)
  OK  m276.chx (273b, 1 sections)
  OK  m278.chx (273b, 1 sections)
  OK  m279.chx (271b, 1 sections)
  OK  m280.chx (271b, 1 sections)
  OK  m281.chx (271b, 1 sections)
  OK  m282.chx (273b, 1 sections)
  OK  m283.chx (273b, 1 sections)
  OK  m284.chx (273b, 1 sections)
  OK  m285.chx (273b, 1 sections)
  OK  m286.chx (273b, 1 sections)
  OK  m287.chx (273b, 1 sections)
  OK  m288.chx (273b, 1 sections)
  OK  m289.chx (273b, 1 sections)
  OK  m290.chx (271b, 1 sections)
  OK  m291.chx (273b, 1 sections)
  OK  m292.chx (273b, 1 sections)
  OK  m293.chx (273b, 1 sections)
  OK  m294.chx (273b, 1 sections)
  OK  m295.chx (273b, 1 sections)
  OK  m296.chx (273b, 1 sections)
  OK  m297.chx (273b, 1 sections)
  OK  m298.chx (273b, 1 sections)
  OK  m299.chx (362b, 1 sections)
  OK  m302.chx (273b, 1 sections)
  OK  m303.chx (273b, 1 sections)
  OK  m305.chx (273b, 1 sections)
  OK  m306.chx (252b, 1 sections)
  OK  m307.chx (273b, 1 sections)
  OK  m308.chx (252b, 1 sections)
  OK  m309.chx (253b, 1 sections)
  OK  m310.chx (252b, 1 sections)
  OK  m311.chx (273b, 1 sections)
  OK  m312.chx (273b, 1 sections)
  OK  m313.chx (253b, 1 sections)
  OK  m317.chx (271b, 1 sections)
  OK  m318.chx (273b, 1 sections)
  OK  m319.chx (273b, 1 sections)
  OK  m320.chx (273b, 1 sections)
  OK  m321.chx (273b, 1 sections)
  OK  m322.chx (273b, 1 sections)
  OK  m323.chx (273b, 1 sections)
  OK  m324.chx (273b, 1 sections)
  OK  m325.chx (273b, 1 sections)
  OK  m326.chx (273b, 1 sections)
  OK  m327.chx (273b, 1 sections)
  OK  m328.chx (273b, 1 sections)
  OK  m329.chx (273b, 1 sections)
  OK  m330.chx (273b, 1 sections)
  OK  m331.chx (273b, 1 sections)
  OK  m332.chx (273b, 1 sections)
  OK  m333.chx (273b, 1 sections)
  OK  m334.chx (273b, 1 sections)
  OK  m335.chx (273b, 1 sections)
  OK  m336.chx (273b, 1 sections)
  OK  m337.chx (273b, 1 sections)
  OK  m338.chx (273b, 1 sections)
  OK  m339.chx (273b, 1 sections)
  OK  m340.chx (297b, 1 sections)
  OK  m_13_boss_wasuqueen.chx (286b, 1 sections)
  OK  m_15_boss_eyebat.chx (283b, 1 sections)
  OK  m_19_boss_enragedbust.chx (284b, 1 sections)
  OK  m_19_boss_enragedseolkata.chx (292b, 1 sections)
  OK  m_21_boss_gnoll.chx (282b, 1 sections)
  OK  m_23_boss_bloodwolf.chx (286b, 1 sections)
  OK  m_26_boss_kasasno.chx (284b, 1 sections)
  OK  m_31_boss_stallweak.chx (286b, 1 sections)
  OK  m_32_boss_amodal.chx (283b, 1 sections)
  OK  m_41_boss_docmas.chx (283b, 1 sections)
  OK  m_42_boss_kangdusor.chx (286b, 1 sections)
  OK  m_51_boss_siwana.chx (283b, 1 sections)
  OK  m_53_boss_sanjobras.chx (286b, 1 sections)
  OK  m_54_boss_arasedual.chx (286b, 1 sections)
  OK  m_55_boss_wugiarik.chx (285b, 1 sections)
  OK  m_73_protectorbunswudi.chx (289b, 1 sections)
  OK  m_pet01.chx (294b, 1 sections)
  OK  m_pet02.chx (294b, 1 sections)
  OK  m_pet03.chx (294b, 1 sections)
  OK  m_pet04.chx (294b, 1 sections)
  OK  m_pet05.chx (294b, 1 sections)
  OK  magic_stone.chx (281b, 1 sections)
  OK  n088.chx (75b, 1 sections)
  OK  poison_water.chx (328b, 1 sections)
  OK  slotmachine.chx (123b, 1 sections)
  OK  slotmachine_00.chx (156b, 1 sections)
  OK  slotmachine_01.chx (156b, 1 sections)
  OK  slotmachine_02.chx (156b, 1 sections)
  OK  slotmachine_03.chx (156b, 1 sections)
  OK  slotmachine_04.chx (165b, 1 sections)
  OK  slotmachine_co.chx (384b, 1 sections)
  OK  snowman.chx (284b, 1 sections)
  OK  snowmanbig.chx (251b, 1 sections)
  OK  summon001.chx (337b, 1 sections)
  OK  summon002.chx (337b, 1 sections)
  OK  summon003.chx (337b, 1 sections)
  OK  summon004.chx (337b, 1 sections)
  OK  summon005.chx (337b, 1 sections)
  OK  summon006.chx (320b, 1 sections)
  OK  summon007.chx (407b, 1 sections)
  OK  summon008.chx (381b, 1 sections)
  OK  tarintus.chx (378b, 1 sections)
  OK  trap_fire.chx (95b, 1 sections)
  OK  trap_ice.chx (277b, 1 sections)
  OK  unicon.chx (149b, 1 sections)
  OK  v_fix_airballoon.chx (199b, 1 sections)
  OK  v_fix_btrain.chx (132b, 1 sections)
  OK  v_fix_cake01_1.chx (132b, 1 sections)
  OK  v_fix_cake02_1.chx (132b, 1 sections)
  OK  v_fix_dovebox_b.chx (188b, 1 sections)
  OK  v_fix_dovebox_c.chx (188b, 1 sections)
  OK  v_fix_doveboxe.chx (184b, 1 sections)
  OK  v_fix_drop.chx (121b, 1 sections)
  OK  v_fix_flesh.chx (129b, 1 sections)
  OK  v_fix_octopus.chx (135b, 1 sections)
  OK  v_fix_stree.chx (127b, 1 sections)
  OK  v_fix_viking.chx (132b, 1 sections)
  OK  v_move_basilisk_a.chx (198b, 1 sections)
  OK  v_move_basilisk_b.chx (198b, 1 sections)
  OK  v_move_bear_a.chx (178b, 1 sections)
  OK  v_move_bear_b.chx (178b, 1 sections)
  OK  v_move_blackhorse_a.chx (208b, 1 sections)
  OK  v_move_blackhorse_b.chx (208b, 1 sections)
  OK  v_move_cannon.chx (134b, 1 sections)
  OK  v_move_carpet.chx (185b, 1 sections)
  OK  v_move_cloud_a.chx (183b, 1 sections)
  OK  v_move_cloud_b.chx (183b, 1 sections)
  OK  v_move_cloud_c.chx (183b, 1 sections)
  OK  v_move_fish_a.chx (186b, 1 sections)
  OK  v_move_fish_b.chx (186b, 1 sections)
  OK  v_move_fish_c.chx (186b, 1 sections)
  OK  v_move_fourlegrobot_a.chx (218b, 1 sections)
  OK  v_move_fourlegrobot_b.chx (218b, 1 sections)
  OK  v_move_fourlegrobot_c.chx (218b, 1 sections)
  OK  v_move_griffon_a.chx (193b, 1 sections)
  OK  v_move_griffon_b.chx (193b, 1 sections)
  OK  v_move_hyena_a.chx (183b, 1 sections)
  OK  v_move_hyena_b.chx (183b, 1 sections)
  OK  v_move_leopard_a.chx (193b, 1 sections)
  OK  v_move_leopard_b.chx (193b, 1 sections)
  OK  v_move_magicwand_a.chx (203b, 1 sections)
  OK  v_move_magicwand_b.chx (203b, 1 sections)
  OK  v_move_magicwand_c.chx (203b, 1 sections)
  OK  v_move_minicar.chx (185b, 1 sections)
  OK  v_move_paperairplane_a.chx (223b, 1 sections)
  OK  v_move_paperairplane_b.chx (223b, 1 sections)
  OK  v_move_paperairplane_c.chx (223b, 1 sections)
  OK  v_move_rudolph.chx (190b, 1 sections)
  OK  v_move_seahorse_a.chx (198b, 1 sections)
  OK  v_move_seahorse_b.chx (198b, 1 sections)
  OK  v_move_seahorse_c.chx (198b, 1 sections)
  OK  v_move_skymoto.chx (189b, 1 sections)
  OK  v_move_snail_a.chx (183b, 1 sections)
  OK  v_move_snail_b.chx (183b, 1 sections)
  OK  v_move_snail_c.chx (183b, 1 sections)
  OK  v_move_spider_a.chx (188b, 1 sections)
  OK  v_move_spider_b.chx (188b, 1 sections)
  OK  v_move_tiger_a.chx (183b, 1 sections)
  OK  v_move_tiger_b.chx (183b, 1 sections)
  OK  v_move_tiger_c.chx (183b, 1 sections)
  OK  v_move_turtle_a.chx (188b, 1 sections)
  OK  v_move_turtle_b.chx (188b, 1 sections)
  OK  v_move_ufo_a.chx (173b, 1 sections)
  OK  v_move_ufo_b.chx (173b, 1 sections)
  OK  v_move_ufo_c.chx (173b, 1 sections)
  OK  v_move_w_horse.chx (187b, 1 sections)
  OK  v_move_warcart.chx (190b, 1 sections)
  OK  v_move_weedy_a.chx (183b, 1 sections)
  OK  v_move_weedy_b.chx (183b, 1 sections)
  OK  v_move_wolf_a.chx (178b, 1 sections)
  OK  v_move_wolf_b.chx (178b, 1 sections)
  OK  v_move_woodwalker_a.chx (208b, 1 sections)
  OK  v_move_woodwalker_b.chx (208b, 1 sections)
  OK  xmastree.chx (252b, 1 sections)
  OK  xmastreebig.chx (252b, 1 sections)
  OK  20_alke02_npc_box001.chx (76b, 1 sections)
  OK  21_postbox.chx (120b, 1 sections)
  OK  57_pillar.chx (78b, 1 sections)
  OK  65_crystal_blue.chx (167b, 1 sections)
  OK  65_crystal_purple.chx (177b, 1 sections)
  OK  65_crystal_tree.chx (167b, 1 sections)
  OK  75_npc.chx (62b, 1 sections)
  OK  crystal_switch1.chx (99b, 1 sections)
  OK  eff_buff_invulnerable1.chx (92b, 1 sections)
  OK  eff_fishing01_b.chx (92b, 1 sections)
  OK  eff_fishing01_t.chx (97b, 1 sections)
  OK  eff_fishing02_b.chx (92b, 1 sections)
  OK  eff_fishing02_t.chx (92b, 1 sections)
  OK  eff_fishing03_b.chx (92b, 1 sections)
  OK  eff_fishing03_t.chx (92b, 1 sections)
  OK  eff_maploading.chx (90b, 1 sections)
  OK  eff_monrabbery.chx (95b, 1 sections)
  OK  housing_portal.chx (105b, 1 sections)
  OK  n001.chx (124b, 1 sections)
  OK  n002.chx (124b, 1 sections)
  OK  n003.chx (124b, 1 sections)
  OK  n004.chx (124b, 1 sections)
  OK  n005.chx (124b, 1 sections)
  OK  n006.chx (124b, 1 sections)
  OK  n007.chx (124b, 1 sections)
  OK  n008.chx (124b, 1 sections)
  OK  n009.chx (124b, 1 sections)
  OK  n010.chx (124b, 1 sections)
  OK  n011.chx (124b, 1 sections)
  OK  n012.chx (124b, 1 sections)
  OK  n013.chx (124b, 1 sections)
  OK  n014.chx (124b, 1 sections)
  OK  n015.chx (124b, 1 sections)
  OK  n016.chx (124b, 1 sections)
  OK  n017.chx (124b, 1 sections)
  OK  n018.chx (79b, 1 sections)
  OK  n019.chx (124b, 1 sections)
  OK  n020.chx (124b, 1 sections)
  OK  n021.chx (124b, 1 sections)
  OK  n022.chx (130b, 1 sections)
  OK  n023.chx (124b, 1 sections)
  OK  n024.chx (123b, 1 sections)
  OK  n025.chx (124b, 1 sections)
  OK  n026.chx (124b, 1 sections)
  OK  n027.chx (124b, 1 sections)
  OK  n028.chx (124b, 1 sections)
  OK  n029.chx (124b, 1 sections)
  OK  n030.chx (142b, 1 sections)
  OK  n031.chx (90b, 1 sections)
  OK  n032.chx (71b, 1 sections)
  OK  n033.chx (71b, 1 sections)
  OK  n034.chx (71b, 1 sections)
  OK  n035.chx (71b, 1 sections)
  OK  n036.chx (71b, 1 sections)
  OK  n037.chx (124b, 1 sections)
  OK  n038.chx (71b, 1 sections)
  OK  n039.chx (71b, 1 sections)
  OK  n040.chx (71b, 1 sections)
  OK  n041.chx (124b, 1 sections)
  OK  n042.chx (124b, 1 sections)
  OK  n043.chx (124b, 1 sections)
  OK  n044.chx (71b, 1 sections)
  OK  n045.chx (71b, 1 sections)
  OK  n046.chx (71b, 1 sections)
  OK  n047.chx (71b, 1 sections)
  OK  n048.chx (72b, 1 sections)
  OK  n049.chx (72b, 1 sections)
  OK  n050.chx (72b, 1 sections)
  OK  n051.chx (72b, 1 sections)
  OK  n052.chx (72b, 1 sections)
  OK  n053.chx (72b, 1 sections)
  OK  n054.chx (72b, 1 sections)
  OK  n055.chx (72b, 1 sections)
  OK  n056.chx (75b, 1 sections)
  OK  n057.chx (75b, 1 sections)
  OK  n058.chx (75b, 1 sections)
  OK  n059.chx (75b, 1 sections)
  OK  n060.chx (75b, 1 sections)
  OK  n061.chx (75b, 1 sections)
  OK  n062.chx (75b, 1 sections)
  OK  n063.chx (75b, 1 sections)
  OK  n064.chx (99b, 1 sections)
  OK  n065.chx (92b, 1 sections)
  OK  n066.chx (92b, 1 sections)
  OK  n067.chx (92b, 1 sections)
  OK  n068.chx (92b, 1 sections)
  OK  n069.chx (92b, 1 sections)
  OK  n070.chx (92b, 1 sections)
  OK  n071.chx (88b, 1 sections)
  OK  n072.chx (88b, 1 sections)
  OK  n073.chx (88b, 1 sections)
  OK  n074.chx (92b, 1 sections)
  OK  n075.chx (92b, 1 sections)
  OK  n076.chx (92b, 1 sections)
  OK  n077.chx (92b, 1 sections)
  OK  n078.chx (92b, 1 sections)
  OK  n079.chx (92b, 1 sections)
  OK  n080.chx (92b, 1 sections)
  OK  n081.chx (92b, 1 sections)
  OK  n082.chx (92b, 1 sections)
  OK  n083.chx (92b, 1 sections)
  OK  n084.chx (92b, 1 sections)
  OK  n085.chx (92b, 1 sections)
  OK  n086.chx (69b, 1 sections)
  OK  n087.chx (73b, 1 sections)
  OK  n089.chx (75b, 1 sections)
  OK  n090.chx (81b, 1 sections)
  OK  n091.chx (90b, 1 sections)
  OK  n099.chx (121b, 1 sections)
  OK  n100.chx (123b, 1 sections)
  OK  n101.chx (123b, 1 sections)
  OK  n102.chx (123b, 1 sections)
  OK  n103.chx (123b, 1 sections)
  OK  n104.chx (105b, 1 sections)
  OK  n105.chx (125b, 1 sections)
  OK  n106.chx (70b, 1 sections)
  OK  n107.chx (85b, 1 sections)
  OK  n108.chx (85b, 1 sections)
  OK  n109.chx (74b, 1 sections)
  OK  n110.chx (74b, 1 sections)
  OK  n111.chx (74b, 1 sections)
  OK  n112.chx (89b, 1 sections)
  OK  n113.chx (76b, 1 sections)
  OK  n114.chx (89b, 1 sections)
  OK  n115.chx (89b, 1 sections)
  OK  npc_cook01.chx (78b, 1 sections)
  OK  portal_dn.chx (91b, 1 sections)
  OK  portal_up.chx (91b, 1 sections)
  OK  questnpc_610.chx (124b, 1 sections)
  OK  questnpc_611.chx (124b, 1 sections)
  OK  questnpc_612.chx (132b, 1 sections)
  OK  questnpc_613.chx (124b, 1 sections)
  OK  questnpc_614.chx (124b, 1 sections)
  OK  questnpc_617.chx (124b, 1 sections)
  OK  questnpc_618.chx (131b, 1 sections)
  OK  questnpc_619.chx (158b, 1 sections)
  OK  stone.chx (238b, 1 sections)
  OK  70_test.chx (92b, 1 sections)
  OK  [l]_crystal_eff_bothhands.chx (72b, 1 sections)
  OK  [l]_crystal_eff_bothhands01.chx (134b, 1 sections)
  OK  [l]_crystal_eff_bothhands02.chx (119b, 1 sections)
  OK  [r]_cristal_eff_musket.chx (66b, 1 sections)
  OK  [r]_cristal_eff_musket01.chx (111b, 1 sections)
  OK  [r]_cristal_eff_musket02.chx (111b, 1 sections)
  OK  [r]_cristal_eff_oh_sword.chx (72b, 1 sections)
  OK  [r]_cristal_eff_oh_sword01.chx (119b, 1 sections)
  OK  [r]_cristal_eff_oh_sword02.chx (119b, 1 sections)
  OK  [r]_crystal_eff_bothhands.chx (69b, 1 sections)
  OK  [r]_crystal_eff_bothhands01.chx (138b, 1 sections)
  OK  [r]_crystal_eff_bothhands02.chx (117b, 1 sections)
  OK  [r]_crystal_eff_bow.chx (63b, 1 sections)
  OK  [r]_crystal_eff_bow01.chx (105b, 1 sections)
  OK  [r]_crystal_eff_bow02.chx (105b, 1 sections)
  OK  [r]_crystal_eff_daggers.chx (67b, 1 sections)
  OK  [r]_crystal_eff_daggers01.chx (113b, 1 sections)
  OK  [r]_crystal_eff_daggers02.chx (113b, 1 sections)
  OK  [r]_crystal_eff_oh_mace.chx (67b, 1 sections)
  OK  [r]_crystal_eff_oh_mace01.chx (113b, 1 sections)
  OK  [r]_crystal_eff_oh_mace02.chx (113b, 1 sections)
  OK  [r]_crystal_eff_shield.chx (66b, 1 sections)
  OK  [r]_crystal_eff_shield01.chx (111b, 1 sections)
  OK  [r]_crystal_eff_shield02.chx (111b, 1 sections)
  OK  [r]_crystal_eff_staff.chx (65b, 1 sections)
  OK  [r]_crystal_eff_staff01.chx (109b, 1 sections)
  OK  [r]_crystal_eff_staff02.chx (109b, 1 sections)
  OK  boss_hit.chx (83b, 1 sections)
  OK  boss_hit_02.chx (89b, 1 sections)
  OK  boss_largel_smog.chx (99b, 1 sections)
  OK  boss_small_smog.chx (97b, 1 sections)
  OK  boss_tarintus_aid.chx (101b, 1 sections)
  OK  boss_tarintus_aid_magic.chx (113b, 1 sections)
  OK  boss_tarintus_appear.chx (107b, 1 sections)
  OK  boss_tarintus_at0.chx (101b, 1 sections)
  OK  boss_tarintus_at1.chx (101b, 1 sections)
  OK  boss_tarintus_at2.chx (101b, 1 sections)
  OK  boss_tarintus_at3.chx (101b, 1 sections)
  OK  boss_tarintus_death.chx (105b, 1 sections)
  OK  boss_tarintus_rage.chx (103b, 1 sections)
  OK  boss_tarintus_skill1.chx (107b, 1 sections)
  OK  boss_tarintus_skill2_fire.chx (117b, 1 sections)
  OK  boss_tarintus_skill2_wind.chx (117b, 1 sections)
  OK  boss_tarintus_skill3.chx (107b, 1 sections)
  OK  boss_tarintus_skill3_lighting.chx (125b, 1 sections)
  OK  boss_tarintus_skill3_magic.chx (119b, 1 sections)
  OK  c2_ohcast1.chx (87b, 1 sections)
  OK  camerafilter_house.chx (88b, 1 sections)
  OK  eff_94map_ani001.chx (99b, 1 sections)
  OK  eff_94map_ani002.chx (99b, 1 sections)
  OK  eff_94map_ani003.chx (99b, 1 sections)
  OK  eff_areaenvenom.chx (97b, 1 sections)
  OK  eff_arrow.chx (51b, 1 sections)
  OK  eff_arrow2.chx (87b, 1 sections)
  OK  eff_arrow3.chx (87b, 1 sections)
  OK  eff_block.chx (85b, 1 sections)
  OK  eff_bmu_side.chx (91b, 1 sections)
  OK  eff_bose_leostein_05.chx (107b, 1 sections)
  OK  eff_bose_leostein_06.chx (107b, 1 sections)
  OK  eff_bose_leostein_07.chx (107b, 1 sections)
  OK  eff_bose_leostein_08.chx (107b, 1 sections)
  OK  eff_bose_leostein_09.chx (107b, 1 sections)
  OK  eff_bose_leostein_10.chx (107b, 1 sections)
  OK  eff_bose_leostein_12-1.chx (111b, 1 sections)
  OK  eff_bose_leostein_12.chx (107b, 1 sections)
  OK  eff_bose_leostein_14-1.chx (111b, 1 sections)
  OK  eff_bose_leostein_14.chx (107b, 1 sections)
  OK  eff_bose_leostein_15.chx (107b, 1 sections)
  OK  eff_boss_dragonian_07.chx (109b, 1 sections)
  OK  eff_boss_dragonian_08.chx (109b, 1 sections)
  OK  eff_boss_dragonian_09.chx (109b, 1 sections)
  OK  eff_boss_dragonian_10.chx (109b, 1 sections)
  OK  eff_boss_dragonian_11.chx (109b, 1 sections)
  OK  eff_boss_dragonian_12.chx (109b, 1 sections)
  OK  eff_boss_dragonian_15.chx (109b, 1 sections)
  OK  eff_boss_dragonian_18.chx (109b, 1 sections)
  OK  eff_buff_aid.chx (91b, 1 sections)
  OK  eff_buff_aid1.chx (87b, 1 sections)
  OK  eff_buff_aid2.chx (87b, 1 sections)
  OK  eff_buff_aid3.chx (87b, 1 sections)
  OK  eff_buff_atspeed.chx (99b, 1 sections)
  OK  eff_buff_cuse.chx (87b, 1 sections)
  OK  eff_buff_dexup.chx (95b, 1 sections)
  OK  eff_buff_eps1.chx (87b, 1 sections)
  OK  eff_buff_eps2.chx (87b, 1 sections)
  OK  eff_buff_eps3.chx (87b, 1 sections)
  OK  eff_buff_eps4.chx (87b, 1 sections)
  OK  eff_buff_eps5.chx (87b, 1 sections)
  OK  eff_buff_eps_1.chx (82b, 1 sections)
  OK  eff_buff_eps_5.chx (87b, 1 sections)
  OK  eff_buff_f_nosferatu.chx (107b, 1 sections)
  OK  eff_buff_f_reinforcevital.chx (117b, 1 sections)
  OK  eff_buff_hpaid.chx (81b, 1 sections)
  OK  eff_buff_hpmax.chx (95b, 1 sections)
  OK  eff_buff_intup.chx (95b, 1 sections)
  OK  eff_buff_invulnerable1.chx (92b, 1 sections)
  OK  eff_buff_invulnerable2.chx (82b, 1 sections)
  OK  eff_buff_m_reinforcewisdom.chx (119b, 1 sections)
  OK  eff_buff_magicat.chx (99b, 1 sections)
  OK  eff_buff_magiccancel.chx (87b, 1 sections)
  OK  eff_buff_magicdf.chx (87b, 1 sections)
  OK  eff_buff_magicreg.chx (87b, 1 sections)
  OK  eff_buff_might.chx (82b, 1 sections)
  OK  eff_buff_movespeed.chx (103b, 1 sections)
  OK  eff_buff_mpaid.chx (81b, 1 sections)
  OK  eff_buff_mpmax.chx (95b, 1 sections)
  OK  eff_buff_r_reinforcesight.chx (117b, 1 sections)
  OK  eff_buff_shield.chx (82b, 1 sections)
  OK  eff_buff_strup.chx (95b, 1 sections)
  OK  eff_buff_vitup.chx (95b, 1 sections)
  OK  eff_buff_wisup.chx (95b, 1 sections)
  OK  eff_buffqubic1.chx (101b, 1 sections)
  OK  eff_buffqubic2.chx (101b, 1 sections)
  OK  eff_buffqubic3.chx (101b, 1 sections)
  OK  eff_buffqubic4.chx (97b, 1 sections)
  OK  eff_c2_bowdgcast1.chx (101b, 1 sections)
  OK  eff_c2_bowdgcast2.chx (101b, 1 sections)
  OK  eff_c2_buffcast1.chx (82b, 1 sections)
  OK  eff_c2_cast.chx (87b, 1 sections)
  OK  eff_c2_cast2.chx (87b, 1 sections)
  OK  eff_c2_fighterrune.chx (103b, 1 sections)
  OK  eff_c2_ohcast1.chx (87b, 1 sections)
  OK  eff_c2_thcast1.chx (95b, 1 sections)
  OK  eff_c2_windcast.chx (87b, 1 sections)
  OK  eff_c_atbuffcast.chx (99b, 1 sections)
  OK  eff_c_atbuffcast_red.chx (107b, 1 sections)
  OK  eff_c_bcurse.chx (91b, 1 sections)
  OK  eff_c_bcurse2.chx (93b, 1 sections)
  OK  eff_c_bcurse3.chx (93b, 1 sections)
  OK  eff_c_bearth.chx (91b, 1 sections)
  OK  eff_c_berje.chx (89b, 1 sections)
  OK  eff_c_bfire.chx (89b, 1 sections)
  OK  eff_c_bice.chx (87b, 1 sections)
  OK  eff_c_bthunder.chx (95b, 1 sections)
  OK  eff_c_bwind.chx (91b, 1 sections)
  OK  eff_c_bwind2.chx (93b, 1 sections)
  OK  eff_c_d_totem_attack.chx (107b, 1 sections)
  OK  eff_c_d_totem_debuff.chx (107b, 1 sections)
  OK  eff_c_d_totem_recovery.chx (111b, 1 sections)
  OK  eff_c_darkcast1.chx (82b, 1 sections)
  OK  eff_c_darkcast2.chx (82b, 1 sections)
  OK  eff_c_darkcast3.chx (82b, 1 sections)
  OK  eff_c_dfbuffcast.chx (99b, 1 sections)
  OK  eff_c_dvncast.chx (82b, 1 sections)
  OK  eff_c_earthcast.chx (97b, 1 sections)
  OK  eff_c_f_chaos.chx (93b, 1 sections)
  OK  eff_c_f_chaos_bg.chx (71b, 1 sections)
  OK  eff_c_f_nosferatu.chx (101b, 1 sections)
  OK  eff_c_f_proxy.chx (93b, 1 sections)
  OK  eff_c_fightermagic.chx (205b, 1 sections)
  OK  eff_c_firecast.chx (87b, 1 sections)
  OK  eff_c_icecast.chx (87b, 1 sections)
  OK  eff_c_icecast2.chx (167b, 1 sections)
  OK  eff_c_m_berceuse.chx (99b, 1 sections)
  OK  eff_c_m_holyground1.chx (105b, 1 sections)
  OK  eff_c_m_holyground2.chx (105b, 1 sections)
  OK  eff_c_m_skiprisk.chx (99b, 1 sections)
  OK  eff_c_m_timelord.chx (99b, 1 sections)
  OK  eff_c_m_turntofamilliar.chx (113b, 1 sections)
  OK  eff_c_magiccast1.chx (82b, 1 sections)
  OK  eff_c_manacast.chx (82b, 1 sections)
  OK  eff_c_parseika.chx (95b, 1 sections)
  OK  eff_c_poisoncast.chx (82b, 1 sections)
  OK  eff_c_r_bombardtrap.chx (91b, 1 sections)
  OK  eff_c_r_epidemic.chx (99b, 1 sections)
  OK  eff_c_r_movingshot.chx (103b, 1 sections)
  OK  eff_c_rufia.chx (89b, 1 sections)
  OK  eff_c_specialcast.chx (161b, 1 sections)
  OK  eff_c_thundercast.chx (201b, 1 sections)
  OK  eff_c_thundercast2.chx (205b, 1 sections)
  OK  eff_c_windcast.chx (82b, 1 sections)
  OK  eff_char_dead.chx (88b, 1 sections)
  OK  eff_char_death.chx (81b, 1 sections)
  OK  eff_char_levelup.chx (99b, 1 sections)
  OK  eff_char_pvp.chx (91b, 1 sections)
  OK  eff_cm2_firecast1.chx (87b, 1 sections)
  OK  eff_cm2_icecast1.chx (87b, 1 sections)
  OK  eff_cm2_windcast1.chx (87b, 1 sections)
  OK  eff_cm_darkcast.chx (87b, 1 sections)
  OK  eff_cm_dvncast.chx (87b, 1 sections)
  OK  eff_cm_earthcast.chx (87b, 1 sections)
  OK  eff_cm_firecast.chx (87b, 1 sections)
  OK  eff_cm_icecast.chx (87b, 1 sections)
  OK  eff_cm_thundercast.chx (87b, 1 sections)
  OK  eff_cm_windcast.chx (87b, 1 sections)
  OK  eff_creation.chx (91b, 1 sections)
  OK  eff_dbuff_atspeeddown.chx (93b, 1 sections)
  OK  eff_dbuff_attackdown.chx (105b, 1 sections)
  OK  eff_dbuff_bind.chx (95b, 1 sections)
  OK  eff_dbuff_bleed.chx (91b, 1 sections)
  OK  eff_dbuff_cures.chx (97b, 1 sections)
  OK  eff_dbuff_curse.chx (95b, 1 sections)
  OK  eff_dbuff_defensedown.chx (107b, 1 sections)
  OK  eff_dbuff_fire.chx (103b, 1 sections)
  OK  eff_dbuff_movespeeddown.chx (93b, 1 sections)
  OK  eff_dbuff_paralysis.chx (105b, 1 sections)
  OK  eff_dbuff_paralyze.chx (82b, 1 sections)
  OK  eff_dbuff_poison.chx (91b, 1 sections)
  OK  eff_dbuff_r_detropvoyage_bomb.chx (129b, 1 sections)
  OK  eff_dbuff_silence.chx (101b, 1 sections)
  OK  eff_dbuff_sleep.chx (97b, 1 sections)
  OK  eff_dbuff_stone.chx (97b, 1 sections)
  OK  eff_dbuff_sturn.chx (97b, 1 sections)
  OK  eff_dbuff_thunder.chx (87b, 1 sections)
  OK  eff_debuff_f_chaos.chx (103b, 1 sections)
  OK  eff_debuff_m_turntofamilliar.chx (123b, 1 sections)
  OK  eff_debufff_r_epidemic.chx (111b, 1 sections)
  OK  eff_dual_loof.chx (93b, 1 sections)
  OK  eff_dual_start.chx (95b, 1 sections)
  OK  eff_dual_targeta.chx (99b, 1 sections)
  OK  eff_dual_targetb.chx (99b, 1 sections)
  OK  eff_e_m_saa10.chx (88b, 1 sections)
  OK  eff_e_m_sba11.chx (88b, 1 sections)
  OK  eff_e_m_sba12.chx (88b, 1 sections)
  OK  eff_e_m_sca20.chx (88b, 1 sections)
  OK  eff_e_m_scb20.chx (88b, 1 sections)
  OK  eff_e_m_scb30.chx (88b, 1 sections)
  OK  eff_e_m_sga40.chx (88b, 1 sections)
  OK  eff_emoticon_01.chx (92b, 1 sections)
  OK  eff_emoticon_02.chx (92b, 1 sections)
  OK  eff_emoticon_03.chx (92b, 1 sections)
  OK  eff_emoticon_04.chx (92b, 1 sections)
  OK  eff_emoticon_05.chx (92b, 1 sections)
  OK  eff_emoticon_06.chx (92b, 1 sections)
  OK  eff_emoticon_07.chx (92b, 1 sections)
  OK  eff_emoticon_08.chx (92b, 1 sections)
  OK  eff_emoticon_09.chx (92b, 1 sections)
  OK  eff_emoticon_10.chx (92b, 1 sections)
  OK  eff_emoticon_11.chx (92b, 1 sections)
  OK  eff_emoticon_12.chx (92b, 1 sections)
  OK  eff_emoticon_13.chx (92b, 1 sections)
  OK  eff_emoticon_14.chx (92b, 1 sections)
  OK  eff_emoticon_15.chx (92b, 1 sections)
  OK  eff_emoticon_16.chx (92b, 1 sections)
  OK  eff_emoticon_17.chx (92b, 1 sections)
  OK  eff_emoticon_18.chx (92b, 1 sections)
  OK  eff_emoticon_19.chx (92b, 1 sections)
  OK  eff_emoticon_20.chx (92b, 1 sections)
  OK  eff_emoticon_21.chx (92b, 1 sections)
  OK  eff_emoticon_22.chx (92b, 1 sections)
  OK  eff_emoticon_23.chx (92b, 1 sections)
  OK  eff_emoticon_24.chx (92b, 1 sections)
  OK  eff_emoticon_25.chx (92b, 1 sections)
  OK  eff_evt_fireworks_01.chx (107b, 1 sections)
  OK  eff_evt_newyear_cn.chx (95b, 1 sections)
  OK  eff_evt_newyear_en.chx (95b, 1 sections)
  OK  eff_f2_arrow1.chx (87b, 1 sections)
  OK  eff_f2_arrow2.chx (87b, 1 sections)
  OK  eff_f2_blowsword.chx (87b, 1 sections)
  OK  eff_f2_blowsword2.chx (89b, 1 sections)
  OK  eff_f2_bunningsword.chx (105b, 1 sections)
  OK  eff_f2_cryeps.chx (93b, 1 sections)
  OK  eff_f2_downsword_blue.chx (97b, 1 sections)
  OK  eff_f2_downsword_red.chx (95b, 1 sections)
  OK  eff_f2_firearrow.chx (87b, 1 sections)
  OK  eff_f2_fireshot2.chx (101b, 1 sections)
  OK  eff_f2_icerain.chx (87b, 1 sections)
  OK  eff_f2_icerain1.chx (97b, 1 sections)
  OK  eff_f2_icerain2.chx (97b, 1 sections)
  OK  eff_f2_icerain2_boom.chx (107b, 1 sections)
  OK  eff_f2_musketfile2.chx (98b, 1 sections)
  OK  eff_f2_musketfire1.chx (98b, 1 sections)
  OK  eff_f2_oppersword1.chx (95b, 1 sections)
  OK  eff_f2_rush.chx (87b, 1 sections)
  OK  eff_f2_sheildbless.chx (103b, 1 sections)
  OK  eff_f2_shield.chx (87b, 1 sections)
  OK  eff_f2_shieldbmr.chx (99b, 1 sections)
  OK  eff_f2_shieldshot1.chx (87b, 1 sections)
  OK  eff_f2_shieldshot2.chx (87b, 1 sections)
  OK  eff_f2_slash1.chx (95b, 1 sections)
  OK  eff_f2_slash2.chx (95b, 1 sections)
  OK  eff_f2_slash3.chx (95b, 1 sections)
  OK  eff_f2_sonicbom.chx (109b, 1 sections)
  OK  eff_f2_sonicbom2.chx (87b, 1 sections)
  OK  eff_f2_swordfire.chx (82b, 1 sections)
  OK  eff_f2_swordstorm.chx (87b, 1 sections)
  OK  eff_f2_swordwave1.chx (97b, 1 sections)
  OK  eff_f2_swordwave2.chx (95b, 1 sections)
  OK  eff_f2_wheelwind.chx (87b, 1 sections)
  OK  eff_f_blastbody.chx (87b, 1 sections)
  OK  eff_f_blueheal.chx (87b, 1 sections)
  OK  eff_f_buff1.chx (82b, 1 sections)
  OK  eff_f_daggerblw.chx (97b, 1 sections)
  OK  eff_f_divineshot1.chx (89b, 1 sections)
  OK  eff_f_divineshot2.chx (101b, 1 sections)
  OK  eff_f_earthwave.chx (97b, 1 sections)
  OK  eff_f_fireeps1.chx (87b, 1 sections)
  OK  eff_f_fireshot1.chx (97b, 1 sections)
  OK  eff_f_fireshot2.chx (91b, 1 sections)
  OK  eff_f_fireshot3.chx (83b, 1 sections)
  OK  eff_f_fireshot4.chx (99b, 1 sections)
  OK  eff_f_fireshot5.chx (91b, 1 sections)
  OK  eff_f_fireshot6.chx (91b, 1 sections)
  OK  eff_f_hpdrain1.chx (95b, 1 sections)
  OK  eff_f_iceshot1.chx (87b, 1 sections)
  OK  eff_f_iceshot2.chx (87b, 1 sections)
  OK  eff_f_iceshot3.chx (91b, 1 sections)
  OK  eff_f_iceshot4_e.chx (91b, 1 sections)
  OK  eff_f_iceshot4_s.chx (91b, 1 sections)
  OK  eff_f_iceshot5.chx (93b, 1 sections)
  OK  eff_f_iceshot6.chx (93b, 1 sections)
  OK  eff_f_iceshot7.chx (87b, 1 sections)
  OK  eff_f_mpdrain2.chx (95b, 1 sections)
  OK  eff_f_pinkheal.chx (87b, 1 sections)
  OK  eff_f_sheildeps.chx (97b, 1 sections)
  OK  eff_f_shieldstorm.chx (87b, 1 sections)
  OK  eff_f_storm.chx (87b, 1 sections)
  OK  eff_f_thunder1.chx (91b, 1 sections)
  OK  eff_f_thunder2.chx (93b, 1 sections)
  OK  eff_f_windshot1.chx (87b, 1 sections)
  OK  eff_f_windshot4.chx (99b, 1 sections)
  OK  eff_f_windspike.chx (87b, 1 sections)
  OK  eff_f_windtornado.chx (87b, 1 sections)
  OK  eff_filter_sandspray.chx (117b, 1 sections)
  OK  eff_firemeteo.chx (93b, 1 sections)
  OK  eff_floating_a.chx (89b, 1 sections)
  OK  eff_floating_b.chx (89b, 1 sections)
  OK  eff_floating_c.chx (89b, 1 sections)
  OK  eff_get_armor.chx (88b, 1 sections)
  OK  eff_get_item.chx (86b, 1 sections)
  OK  eff_get_money.chx (88b, 1 sections)
  OK  eff_get_quest.chx (88b, 1 sections)
  OK  eff_get_rare.chx (113b, 1 sections)
  OK  eff_get_unique.chx (97b, 1 sections)
  OK  eff_get_weapon.chx (90b, 1 sections)
  OK  eff_h2_icerain.chx (87b, 1 sections)
  OK  eff_h2_stampeps.chx (87b, 1 sections)
  OK  eff_h_darkeps1.chx (95b, 1 sections)
  OK  eff_h_darkeps2.chx (95b, 1 sections)
  OK  eff_h_eartheps.chx (87b, 1 sections)
  OK  eff_h_eps.chx (81b, 1 sections)
  OK  eff_h_fireeps1.chx (93b, 1 sections)
  OK  eff_h_iceeps1.chx (93b, 1 sections)
  OK  eff_h_iceeps2.chx (93b, 1 sections)
  OK  eff_h_iceeps3.chx (99b, 1 sections)
  OK  eff_h_space1.chx (91b, 1 sections)
  OK  eff_h_space2.chx (93b, 1 sections)
  OK  eff_h_thundereps2.chx (99b, 1 sections)
  OK  eff_h_windeps.chx (87b, 1 sections)
  OK  eff_h_windeps1.chx (93b, 1 sections)
  OK  eff_heal3.chx (92b, 1 sections)
  OK  eff_heal4.chx (90b, 1 sections)
  OK  eff_heart.chx (85b, 1 sections)
  OK  eff_hit1.chx (93b, 1 sections)
  OK  eff_hit2.chx (93b, 1 sections)
  OK  eff_hit3.chx (97b, 1 sections)
  OK  eff_hm_del.chx (87b, 1 sections)
  OK  eff_hunterbom.chx (93b, 1 sections)
  OK  eff_leaf.chx (81b, 1 sections)
  OK  eff_m340_01.chx (89b, 1 sections)
  OK  eff_m340_05.chx (89b, 1 sections)
  OK  eff_m340_06.chx (89b, 1 sections)
  OK  eff_m340_07.chx (89b, 1 sections)
  OK  eff_m340_08.chx (89b, 1 sections)
  OK  eff_monrabbery.chx (95b, 1 sections)
  OK  eff_monster_dead.chx (94b, 1 sections)
  OK  eff_monster_regen.chx (96b, 1 sections)
  OK  eff_npc_periodqueststart.chx (110b, 1 sections)
  OK  eff_npc_questend.chx (94b, 1 sections)
  OK  eff_npc_queststart.chx (98b, 1 sections)
  OK  eff_poison_gas.chx (405b, 1 sections)
  OK  eff_potionhp1_little.chx (82b, 1 sections)
  OK  eff_potionhp_little.chx (82b, 1 sections)
  OK  eff_quest_end.chx (93b, 1 sections)
  OK  eff_quest_start.chx (97b, 1 sections)
  OK  eff_r2_arrow.chx (87b, 1 sections)
  OK  eff_r2_bowspin1.chx (91b, 1 sections)
  OK  eff_r2_bowspin2.chx (91b, 1 sections)
  OK  eff_r2_dgspin1.chx (91b, 1 sections)
  OK  eff_r2_dgspin2.chx (91b, 1 sections)
  OK  eff_r2_firespin1.chx (105b, 1 sections)
  OK  eff_r2_icespin1.chx (105b, 1 sections)
  OK  eff_r2_icespin2.chx (105b, 1 sections)
  OK  eff_r2_ohspin1.chx (91b, 1 sections)
  OK  eff_r2_ohspin2.chx (91b, 1 sections)
  OK  eff_r2_thspin1.chx (91b, 1 sections)
  OK  eff_r2_thspin2.chx (91b, 1 sections)
  OK  eff_r2_thunderspin1.chx (105b, 1 sections)
  OK  eff_r2_thunderspin2.chx (99b, 1 sections)
  OK  eff_r2_windspin2.chx (105b, 1 sections)
  OK  eff_r_buff1.chx (83b, 1 sections)
  OK  eff_r_buffmana.chx (95b, 1 sections)
  OK  eff_r_buffred.chx (91b, 1 sections)
  OK  eff_r_buffspin1.chx (91b, 1 sections)
  OK  eff_r_buffvital.chx (97b, 1 sections)
  OK  eff_r_cursspin1.chx (95b, 1 sections)
  OK  eff_r_darkspin1.chx (82b, 1 sections)
  OK  eff_r_darkspin2.chx (97b, 1 sections)
  OK  eff_r_divinespin1.chx (82b, 1 sections)
  OK  eff_r_divinespin2.chx (101b, 1 sections)
  OK  eff_r_earthspin1.chx (82b, 1 sections)
  OK  eff_r_earthspin2.chx (99b, 1 sections)
  OK  eff_r_firespin1.chx (82b, 1 sections)
  OK  eff_r_firespin2.chx (87b, 1 sections)
  OK  eff_r_firespin3.chx (95b, 1 sections)
  OK  eff_r_icespin1.chx (87b, 1 sections)
  OK  eff_r_icespin2.chx (87b, 1 sections)
  OK  eff_r_mana1.chx (97b, 1 sections)
  OK  eff_r_windspin1.chx (87b, 1 sections)
  OK  eff_r_windspin2.chx (97b, 1 sections)
  OK  eff_regen.chx (81b, 1 sections)
  OK  eff_return.chx (87b, 1 sections)
  OK  eff_returncast.chx (189b, 1 sections)
  OK  eff_s_3540_hold.chx (97b, 1 sections)
  OK  eff_s_abreak.chx (91b, 1 sections)
  OK  eff_s_battleheal.chx (99b, 1 sections)
  OK  eff_s_blastball.chx (97b, 1 sections)
  OK  eff_s_blastbomb.chx (97b, 1 sections)
  OK  eff_s_bloodlust.chx (97b, 1 sections)
  OK  eff_s_chaoticamy.chx (99b, 1 sections)
  OK  eff_s_cursednail.chx (99b, 1 sections)
  OK  eff_s_deadeye.chx (93b, 1 sections)
  OK  eff_s_death.chx (81b, 1 sections)
  OK  eff_s_destruct.chx (95b, 1 sections)
  OK  eff_s_dimpact.chx (93b, 1 sections)
  OK  eff_s_disinteg.chx (95b, 1 sections)
  OK  eff_s_ebony.chx (89b, 1 sections)
  OK  eff_s_enblast_a.chx (97b, 1 sections)
  OK  eff_s_enblast_b.chx (97b, 1 sections)
  OK  eff_s_engage.chx (91b, 1 sections)
  OK  eff_s_eviladviser.chx (101b, 1 sections)
  OK  eff_s_evilarrow.chx (97b, 1 sections)
  OK  eff_s_evilstrike.chx (99b, 1 sections)
  OK  eff_s_eviltemp.chx (95b, 1 sections)
  OK  eff_s_f_depressionspin_target.chx (125b, 1 sections)
  OK  eff_s_f_depressionspin_wind.chx (121b, 1 sections)
  OK  eff_s_f_invisiblerope.chx (109b, 1 sections)
  OK  eff_s_f_proxy.chx (93b, 1 sections)
  OK  eff_s_genocide.chx (95b, 1 sections)
  OK  eff_s_ground.chx (93b, 1 sections)
  OK  eff_s_heal.chx (89b, 1 sections)
  OK  eff_s_heal2.chx (81b, 1 sections)
  OK  eff_s_heal3.chx (97b, 1 sections)
  OK  eff_s_healcircle.chx (99b, 1 sections)
  OK  eff_s_hppotion.chx (87b, 1 sections)
  OK  eff_s_hppotion2.chx (87b, 1 sections)
  OK  eff_s_immolation.chx (99b, 1 sections)
  OK  eff_s_lightning.chx (97b, 1 sections)
  OK  eff_s_m_holyground.chx (103b, 1 sections)
  OK  eff_s_m_skiprisk_shadow.chx (113b, 1 sections)
  OK  eff_s_manaaid.chx (93b, 1 sections)
  OK  eff_s_mbreak.chx (91b, 1 sections)
  OK  eff_s_moon.chx (87b, 1 sections)
  OK  eff_s_mppotion.chx (87b, 1 sections)
  OK  eff_s_mppotion2.chx (87b, 1 sections)
  OK  eff_s_nightmare.chx (97b, 1 sections)
  OK  eff_s_penetrate.chx (97b, 1 sections)
  OK  eff_s_plague.chx (91b, 1 sections)
  OK  eff_s_r_detropvoyage.chx (107b, 1 sections)
  OK  eff_s_r_sandspray_main.chx (111b, 1 sections)
  OK  eff_s_r_sandspray_target.chx (115b, 1 sections)
  OK  eff_s_rebirth.chx (93b, 1 sections)
  OK  eff_s_soul.chx (87b, 1 sections)
  OK  eff_s_soulcharge.chx (99b, 1 sections)
  OK  eff_s_thundereps_blue.chx (109b, 1 sections)
  OK  eff_s_thundereps_yellow.chx (113b, 1 sections)
  OK  eff_s_thundershot.chx (101b, 1 sections)
  OK  eff_s_tundra.chx (91b, 1 sections)
  OK  eff_s_wbreak.chx (91b, 1 sections)
  OK  eff_siege_atk_01.chx (84b, 1 sections)
  OK  eff_siege_atk_02.chx (84b, 1 sections)
  OK  eff_siege_cast.chx (84b, 1 sections)
  OK  eff_siege_dead.chx (84b, 1 sections)
  OK  eff_siege_laser.chx (92b, 1 sections)
  OK  eff_siege_waterseed.chx (100b, 1 sections)
  OK  eff_sleeping.chx (91b, 1 sections)
  OK  eff_slotmachine_pung.chx (117b, 1 sections)
  OK  eff_sparkler_l.chx (95b, 1 sections)
  OK  eff_sparkler_r.chx (95b, 1 sections)
  OK  eff_summon001.chx (86b, 1 sections)
  OK  eff_summon003.chx (86b, 1 sections)
  OK  eff_summon004.chx (93b, 1 sections)
  OK  eff_summon005.chx (93b, 1 sections)
  OK  eff_summon006.chx (93b, 1 sections)
  OK  eff_target_land.chx (92b, 1 sections)
  OK  eff_toggle_f_blessingfighter.chx (123b, 1 sections)
  OK  eff_toggle_m_blessingmage.chx (117b, 1 sections)
  OK  eff_toggle_r_blessingrough.chx (119b, 1 sections)
  OK  enchant_bow_01_a.chx (99b, 1 sections)
  OK  enchant_bow_01_b.chx (99b, 1 sections)
  OK  enchant_bow_01_c.chx (99b, 1 sections)
  OK  enchant_bow_01_d.chx (99b, 1 sections)
  OK  enchant_bow_01_e.chx (99b, 1 sections)
  OK  enchant_bow_01_f.chx (99b, 1 sections)
  OK  enchant_bow_01_g.chx (99b, 1 sections)
  OK  enchant_bow_02_a.chx (99b, 1 sections)
  OK  enchant_bow_02_b.chx (99b, 1 sections)
  OK  enchant_bow_02_c.chx (99b, 1 sections)
  OK  enchant_bow_02_d.chx (99b, 1 sections)
  OK  enchant_bow_02_e.chx (99b, 1 sections)
  OK  enchant_bow_02_f.chx (99b, 1 sections)
  OK  enchant_bow_02_g.chx (99b, 1 sections)
  OK  enchant_bow_03_a.chx (99b, 1 sections)
  OK  enchant_bow_03_b.chx (99b, 1 sections)
  OK  enchant_bow_03_c.chx (99b, 1 sections)
  OK  enchant_bow_03_d.chx (99b, 1 sections)
  OK  enchant_bow_03_e.chx (99b, 1 sections)
  OK  enchant_bow_03_f.chx (99b, 1 sections)
  OK  enchant_bow_03_g.chx (99b, 1 sections)
  OK  enchant_daggers_01_a.chx (107b, 1 sections)
  OK  enchant_daggers_01_b.chx (107b, 1 sections)
  OK  enchant_daggers_01_c.chx (107b, 1 sections)
  OK  enchant_daggers_01_d.chx (107b, 1 sections)
  OK  enchant_daggers_02_a.chx (107b, 1 sections)
  OK  enchant_daggers_02_b.chx (107b, 1 sections)
  OK  enchant_daggers_02_c.chx (107b, 1 sections)
  OK  enchant_daggers_03_a.chx (107b, 1 sections)
  OK  enchant_daggers_03_b.chx (107b, 1 sections)
  OK  enchant_daggers_03_c.chx (107b, 1 sections)
  OK  enchant_light_blue.chx (103b, 1 sections)
  OK  enchant_light_orange.chx (107b, 1 sections)
  OK  enchant_light_purple.chx (107b, 1 sections)
  OK  enchant_light_yellow.chx (107b, 1 sections)
  OK  enchant_maceaxe_01_a.chx (107b, 1 sections)
  OK  enchant_maceaxe_01_b.chx (107b, 1 sections)
  OK  enchant_maceaxe_01_c.chx (107b, 1 sections)
  OK  enchant_maceaxe_01_d.chx (107b, 1 sections)
  OK  enchant_maceaxe_01_e.chx (107b, 1 sections)
  OK  enchant_maceaxe_01_f.chx (107b, 1 sections)
  OK  enchant_maceaxe_02_a.chx (107b, 1 sections)
  OK  enchant_maceaxe_02_b.chx (107b, 1 sections)
  OK  enchant_maceaxe_02_c.chx (107b, 1 sections)
  OK  enchant_maceaxe_02_d.chx (107b, 1 sections)
  OK  enchant_maceaxe_02_e.chx (107b, 1 sections)
  OK  enchant_maceaxe_02_f.chx (107b, 1 sections)
  OK  enchant_maceaxe_03_a.chx (107b, 1 sections)
  OK  enchant_maceaxe_03_b.chx (107b, 1 sections)
  OK  enchant_maceaxe_03_c.chx (107b, 1 sections)
  OK  enchant_maceaxe_03_d.chx (107b, 1 sections)
  OK  enchant_maceaxe_03_e.chx (107b, 1 sections)
  OK  enchant_maceaxe_03_f.chx (107b, 1 sections)
  OK  enchant_ohsword_01_a.chx (107b, 1 sections)
  OK  enchant_ohsword_01_b.chx (107b, 1 sections)
  OK  enchant_ohsword_01_c.chx (107b, 1 sections)
  OK  enchant_ohsword_02_a.chx (107b, 1 sections)
  OK  enchant_ohsword_02_b.chx (107b, 1 sections)
  OK  enchant_ohsword_02_c.chx (107b, 1 sections)
  OK  enchant_ohsword_03_a.chx (107b, 1 sections)
  OK  enchant_ohsword_03_b.chx (107b, 1 sections)
  OK  enchant_ohsword_03_c.chx (107b, 1 sections)
  OK  enchant_spark_blue.chx (103b, 1 sections)
  OK  enchant_spark_green.chx (103b, 1 sections)
  OK  enchant_spark_orange.chx (107b, 1 sections)
  OK  enchant_spark_purple.chx (105b, 1 sections)
  OK  enchant_staff_01_a.chx (103b, 1 sections)
  OK  enchant_staff_01_b.chx (103b, 1 sections)
  OK  enchant_staff_01_c.chx (103b, 1 sections)
  OK  enchant_staff_02_a.chx (103b, 1 sections)
  OK  enchant_staff_02_b.chx (103b, 1 sections)
  OK  enchant_staff_02_c.chx (103b, 1 sections)
  OK  enchant_staff_03_a.chx (103b, 1 sections)
  OK  enchant_staff_03_b.chx (103b, 1 sections)
  OK  enchant_staff_03_c.chx (103b, 1 sections)
  OK  enchant_thmaceaxe_01_a.chx (111b, 1 sections)
  OK  enchant_thmaceaxe_01_b.chx (111b, 1 sections)
  OK  enchant_thmaceaxe_01_c.chx (111b, 1 sections)
  OK  enchant_thmaceaxe_01_d.chx (111b, 1 sections)
  OK  enchant_thmaceaxe_02_a.chx (111b, 1 sections)
  OK  enchant_thmaceaxe_02_b.chx (111b, 1 sections)
  OK  enchant_thmaceaxe_02_c.chx (111b, 1 sections)
  OK  enchant_thmaceaxe_02_d.chx (111b, 1 sections)
  OK  enchant_thmaceaxe_03_a.chx (111b, 1 sections)
  OK  enchant_thmaceaxe_03_b.chx (111b, 1 sections)
  OK  enchant_thmaceaxe_03_c.chx (111b, 1 sections)
  OK  enchant_thmaceaxe_03_d.chx (111b, 1 sections)
  OK  enchant_thsword_01_a.chx (107b, 1 sections)
  OK  enchant_thsword_01_b.chx (107b, 1 sections)
  OK  enchant_thsword_01_c.chx (107b, 1 sections)
  OK  enchant_thsword_02_a.chx (107b, 1 sections)
  OK  enchant_thsword_02_b.chx (107b, 1 sections)
  OK  enchant_thsword_02_c.chx (107b, 1 sections)
  OK  enchant_thsword_03_a.chx (107b, 1 sections)
  OK  enchant_thsword_03_b.chx (107b, 1 sections)
  OK  enchant_thsword_03_c.chx (107b, 1 sections)
  OK  fadeinout.chx (110b, 1 sections)
  OK  flower.chx (89b, 1 sections)
  OK  leaf.chx (85b, 1 sections)
  OK  leaf_fall.chx (95b, 1 sections)
  OK  nanpa_b_p_stone.chx (101b, 1 sections)
  OK  nanpa_b_s_stone.chx (101b, 1 sections)
  OK  nanpa_s_p_stone.chx (101b, 1 sections)
  OK  nanpa_s_s_stone.chx (101b, 1 sections)
  OK  poison_water.chx (328b, 1 sections)
  OK  pung.chx (86b, 1 sections)
  OK  rare_nanpa_eff_both_weapon.chx (386b, 1 sections)
  OK  rare_nanpa_eff_both_weapon10.chx (106b, 1 sections)
  OK  rare_nanpa_eff_both_weapon12.chx (106b, 1 sections)
  OK  rare_nanpa_eff_both_weapon19.chx (106b, 1 sections)
  OK  rare_nanpa_eff_both_weapon5.chx (106b, 1 sections)
  OK  rare_nanpa_eff_both_weapon6.chx (104b, 1 sections)
  OK  rare_nanpa_eff_both_weapon7.chx (106b, 1 sections)
  OK  rare_nanpa_eff_bow.chx (386b, 1 sections)
  OK  rare_nanpa_eff_bow40.chx (102b, 1 sections)
  OK  rare_nanpa_eff_bow55.chx (102b, 1 sections)
  OK  rare_nanpa_eff_bow80.chx (102b, 1 sections)
  OK  rare_nanpa_eff_daggers.chx (382b, 1 sections)
  OK  rare_nanpa_eff_daggers11.chx (102b, 1 sections)
  OK  rare_nanpa_eff_daggers13.chx (102b, 1 sections)
  OK  rare_nanpa_eff_daggers8.chx (100b, 1 sections)
  OK  rare_nanpa_eff_l_weapon10.chx (108b, 1 sections)
  OK  rare_nanpa_eff_l_weapon12.chx (108b, 1 sections)
  OK  rare_nanpa_eff_l_weapon19.chx (108b, 1 sections)
  OK  rare_nanpa_eff_l_weapon5.chx (108b, 1 sections)
  OK  rare_nanpa_eff_l_weapon6.chx (108b, 1 sections)
  OK  rare_nanpa_eff_l_weapon7.chx (108b, 1 sections)
  OK  rare_nanpa_eff_oh_axe.chx (386b, 1 sections)
  OK  rare_nanpa_eff_oh_axe11.chx (104b, 1 sections)
  OK  rare_nanpa_eff_oh_axe19.chx (104b, 1 sections)
  OK  rare_nanpa_eff_oh_axe5.chx (104b, 1 sections)
  OK  rare_nanpa_eff_oh_mace.chx (398b, 1 sections)
  OK  rare_nanpa_eff_oh_mace05.chx (108b, 1 sections)
  OK  rare_nanpa_eff_oh_mace08.chx (108b, 1 sections)
  OK  rare_nanpa_eff_oh_mace10.chx (105b, 1 sections)
  OK  rare_nanpa_eff_oh_sword.chx (410b, 1 sections)
  OK  rare_nanpa_eff_oh_sword12.chx (106b, 1 sections)
  OK  rare_nanpa_eff_oh_sword6.chx (106b, 1 sections)
  OK  rare_nanpa_eff_oh_sword7.chx (106b, 1 sections)
  OK  rare_nanpa_eff_r_weapon10.chx (108b, 1 sections)
  OK  rare_nanpa_eff_r_weapon12.chx (108b, 1 sections)
  OK  rare_nanpa_eff_r_weapon19.chx (108b, 1 sections)
  OK  rare_nanpa_eff_r_weapon5.chx (108b, 1 sections)
  OK  rare_nanpa_eff_r_weapon6.chx (108b, 1 sections)
  OK  rare_nanpa_eff_r_weapon7.chx (108b, 1 sections)
  OK  rare_nanpa_eff_shield.chx (386b, 1 sections)
  OK  rare_nanpa_eff_shield15.chx (108b, 1 sections)
  OK  rare_nanpa_eff_shield6.chx (108b, 1 sections)
  OK  rare_nanpa_eff_shield8.chx (108b, 1 sections)
  OK  rare_nanpa_eff_staff.chx (374b, 1 sections)
  OK  rare_nanpa_eff_staff16.chx (100b, 1 sections)
  OK  rare_nanpa_eff_staff4.chx (100b, 1 sections)
  OK  rare_nanpa_eff_staff7.chx (100b, 1 sections)
  OK  rare_nanpa_eff_th_axe13.chx (104b, 1 sections)
  OK  rare_nanpa_eff_th_axe15.chx (104b, 1 sections)
  OK  rare_nanpa_eff_th_axe17.chx (104b, 1 sections)
  OK  rare_nanpa_eff_th_mace.chx (398b, 1 sections)
  OK  rare_nanpa_eff_th_mace18.chx (102b, 1 sections)
  OK  rare_nanpa_eff_th_mace5.chx (102b, 1 sections)
  OK  rare_nanpa_eff_th_mace8.chx (102b, 1 sections)
  OK  rare_nanpa_eff_th_staff12.chx (102b, 1 sections)
  OK  rare_nanpa_eff_th_staff15.chx (100b, 1 sections)
  OK  rare_nanpa_eff_th_staff9.chx (102b, 1 sections)
  OK  rare_nanpa_eff_th_sword12.chx (104b, 1 sections)
  OK  rare_nanpa_eff_th_sword2.chx (104b, 1 sections)
  OK  rare_nanpa_eff_th_sword7.chx (104b, 1 sections)
  OK  sakuraeff01.chx (84b, 1 sections)
  OK  snow.chx (73b, 1 sections)
  OK  snow01.chx (97b, 1 sections)

=== Character Definition Conversion Complete ===
  Converted: 1477
  Failed:    0
  Skipped:   0
  Total:     1477

2026-06-08 06:55:50,755 [INFO] Step 'chardefs' completed successfully
2026-06-08 06:55:50,755 [INFO] ============================================================
2026-06-08 06:55:50,755 [INFO] Pipeline completed successfully in 0.4s
2026-06-08 06:55:50,755 [INFO] ============================================================
2026-06-08 06:55:55,603 [INFO] ============================================================
2026-06-08 06:55:55,604 [INFO] PHOENIX Asset Pipeline v2.0 — Starting
2026-06-08 06:55:55,604 [INFO] ============================================================
2026-06-08 06:55:55,604 [INFO] 
--- Step: heightmaps ---
2026-06-08 06:55:55,604 [INFO] === Heightmap Conversion (.hfl -> .hgt) ===
2026-06-08 06:55:55,604 [INFO] Running: /opt/homebrew/opt/python@3.14/bin/python3.14 /Users/macbookair/PRIBADI/luna-plus-master/Luna-Plus-Reborn/tools/asset_pipeline/convert_heightmaps.py --all
2026-06-08 06:56:01,328 [INFO] [heightmaps] stdout:
Found 51 heightmap files
Output: /Users/macbookair/PRIBADI/luna-plus-master/Luna-Plus-Reborn/assets_converted/heightmaps

  SKIP 01.hfl (no grid pattern found (size=1141468))
  OK  01_loginpage_01.hfl (32x1167 hdr=128 range=[0.0,0.0])
  OK  13.hfl (32x8871 hdr=128 range=[-116.1,63839.5])
  OK  14.hfl (32x8871 hdr=128 range=[0.0,63839.5])
  OK  15.hfl (32x8871 hdr=128 range=[-159.0,63839.5])
  SKIP 16.hfl (no grid pattern found (size=1091418))
  SKIP 17.hfl (no grid pattern found (size=1094798))
  OK  19.hfl (32x8871 hdr=128 range=[-9896.1,9546.7])
  OK  20.hfl (32x8871 hdr=128 range=[-20040.0,1963.5])
  SKIP 200.hfl (no grid pattern found (size=1140428))
  OK  21.hfl (32x8871 hdr=128 range=[0.0,63839.5])
  OK  22.hfl (32x8871 hdr=128 range=[-5749.3,63839.5])
  OK  23.hfl (32x8871 hdr=128 range=[-64.0,16217.5])
  OK  25.hfl (32x8871 hdr=128 range=[-12501.9,57710.4])
  OK  26.hfl (32x8871 hdr=128 range=[-112.5,57710.4])
  OK  27.hfl (32x8871 hdr=128 range=[-1336.2,9315.2])
  OK  28.hfl (32x8871 hdr=128 range=[-380.2,57710.4])
  OK  29.hfl (32x8871 hdr=128 range=[0.0,63839.5])
  OK  31.hfl (32x8871 hdr=128 range=[-1091.6,5745.2])
  OK  32.hfl (32x8871 hdr=128 range=[0.0,6842.4])
  SKIP 33.hfl (no grid pattern found (size=1091418))
  SKIP 34.hfl (no grid pattern found (size=1094798))
  OK  41.hfl (32x8871 hdr=128 range=[-348.3,63839.5])
  SKIP 42.hfl (no grid pattern found (size=1140428))
  OK  51.hfl (32x8871 hdr=128 range=[-1237.3,63839.5])
  SKIP 52.hfl (no grid pattern found (size=1139908))
  SKIP 53.hfl (no grid pattern found (size=1153688))
  OK  54.hfl (32x9066 hdr=128 range=[-7220.1,59999.5])
  OK  55.hfl (32x8871 hdr=128 range=[-760.6,63839.5])
  OK  56.hfl (32x8871 hdr=128 range=[-2252.9,63839.5])
  SKIP 57.hfl (no grid pattern found (size=1140428))
  SKIP 60.hfl (no grid pattern found (size=275112))
  OK  63.hfl (32x8871 hdr=128 range=[-0.0,63839.5])
  OK  64.hfl (32x8871 hdr=128 range=[-92.6,12518.1])
  OK  65.hfl (32x8497 hdr=32 range=[-10426.8,51200.0])
  OK  65_ttb.hfl (32x49233 hdr=32 range=[-10426.8,51200.0])
  OK  65_ttb1.hfl (32x49233 hdr=32 range=[-10426.8,51200.0])
  OK  71.hfl (32x8871 hdr=128 range=[0.0,60257.4])
  SKIP 72.hfl (no grid pattern found (size=1140428))
  SKIP 73.hfl (no grid pattern found (size=1140428))
  OK  74.hfl (32x8871 hdr=128 range=[-2602.9,59999.5])
  OK  75.hfl (32x8871 hdr=128 range=[-1709.2,59999.5])
  OK  81.hfl (32x33986 hdr=128 range=[-880.0,1443.3])
  OK  82.hfl (32x9066 hdr=128 range=[-5775.0,59999.5])
  OK  83.hfl (32x33986 hdr=128 range=[-880.0,1443.3])
  SKIP 84.hfl (no grid pattern found (size=1094798))
  SKIP 91.hfl (no grid pattern found (size=1090768))
  SKIP 92.hfl (no grid pattern found (size=1090768))
  SKIP 93.hfl (no grid pattern found (size=1094798))
  OK  96.hfl (32x8871 hdr=128 range=[-300.0,60257.4])
  OK  97.hfl (32x8562 hdr=32 range=[-0.0,51200.0])

=== Heightmap Conversion Complete ===
  Converted: 34
  Failed:    0
  Skipped:   17
  Total:     51

2026-06-08 06:56:01,328 [INFO] Step 'heightmaps' completed successfully
2026-06-08 06:56:01,328 [INFO] ============================================================
2026-06-08 06:56:01,328 [INFO] Pipeline completed successfully in 5.7s
2026-06-08 06:56:01,328 [INFO] ============================================================
2026-06-08 06:56:24,436 [INFO] ============================================================
2026-06-08 06:56:24,437 [INFO] PHOENIX Asset Pipeline v2.0 — Starting
2026-06-08 06:56:24,437 [INFO] ============================================================
2026-06-08 06:56:24,437 [INFO] 
--- Step: validate ---
2026-06-08 06:56:24,437 [INFO] === Validate Asset Completeness ===
2026-06-08 06:56:24,437 [INFO] Running: /opt/homebrew/opt/python@3.14/bin/python3.14 /Users/macbookair/PRIBADI/luna-plus-master/Luna-Plus-Reborn/tools/asset_pipeline/validate_assets.py --report
2026-06-08 06:56:24,694 [INFO] [validate] stdout:
============================================================
LUNA Plus Reborn — Asset Validation Report
============================================================
Timestamp: 2026-06-08T06:56:24.489870

Directory Structure: OK

Asset Counts:
  animations: 0 files
  audio: 978 files
  characters: 1457 files
  converted: 9127 files
  data: 4 files
  fonts: 1 files
  interface: 0 files
  maps: 0 files
  models: 7556 files
  scripts: 0 files
  shaders: 26 files
  textures: 353 files

Shaders: 9 .bin, 17 .sc source

No issues found.

Total assets: 19502
Report saved: /Users/macbookair/PRIBADI/luna-plus-master/Luna-Plus-Reborn/tools/asset_pipeline/validation_report.json

2026-06-08 06:56:24,695 [INFO] Step 'validate' completed successfully
2026-06-08 06:56:24,695 [INFO] ============================================================
2026-06-08 06:56:24,695 [INFO] Pipeline completed successfully in 0.3s
2026-06-08 06:56:24,695 [INFO] ============================================================
2026-06-08 06:56:28,560 [INFO] ============================================================
2026-06-08 06:56:28,560 [INFO] PHOENIX Asset Pipeline v2.0 — Starting
2026-06-08 06:56:28,560 [INFO] ============================================================
2026-06-08 06:56:28,561 [INFO] 
--- Step: inventory ---
2026-06-08 06:56:28,561 [INFO] === Generate Asset Inventory ===
2026-06-08 06:56:28,561 [INFO] Running: /opt/homebrew/opt/python@3.14/bin/python3.14 /Users/macbookair/PRIBADI/luna-plus-master/Luna-Plus-Reborn/tools/asset_pipeline/generate_inventory.py
2026-06-08 06:56:35,338 [INFO] [inventory] stdout:
Scanning assets/ ...
Scanning assets_converted/ ...

Inventory generated: /Users/macbookair/PRIBADI/luna-plus-master/Luna-Plus-Reborn/tools/asset_pipeline/asset_inventory.json
Total files: 19502
Total size: 1937.68 MB
File types: 11

2026-06-08 06:56:35,339 [INFO] Step 'inventory' completed successfully
2026-06-08 06:56:35,339 [INFO] ============================================================
2026-06-08 06:56:35,339 [INFO] Pipeline completed successfully in 6.8s
2026-06-08 06:56:35,339 [INFO] ============================================================
2026-06-08 07:36:02,412 [INFO] ============================================================
2026-06-08 07:36:02,412 [INFO] PHOENIX Asset Pipeline v2.0 — Starting
2026-06-08 07:36:02,412 [INFO] ============================================================
2026-06-08 07:36:02,412 [INFO] *** DRY RUN MODE — no files will be modified ***
2026-06-08 07:36:02,412 [INFO] 
--- Step: textures ---
2026-06-08 07:36:02,412 [INFO] === Texture Conversion (.dds/.tif/.tga -> .png) ===
2026-06-08 07:36:02,412 [INFO] [DRY-RUN] Would execute: /opt/homebrew/opt/python@3.14/bin/python3.14 /Users/macbookair/PRIBADI/luna-plus-master/Luna-Plus-Reborn/tools/asset_pipeline/convert_textures.py --all --workers=4
2026-06-08 07:36:02,412 [INFO] 
--- Step: models ---
2026-06-08 07:36:02,412 [INFO] === Model Conversion (.mod -> .obj) ===
2026-06-08 07:36:02,412 [INFO] [DRY-RUN] Would execute: /opt/homebrew/opt/python@3.14/bin/python3.14 /Users/macbookair/PRIBADI/luna-plus-master/Luna-Plus-Reborn/tools/asset_pipeline/convert_models.py --all --workers=4
2026-06-08 07:36:02,412 [INFO] 
--- Step: heightmaps ---
2026-06-08 07:36:02,412 [INFO] === Heightmap Conversion (.hfl -> .hgt) ===
2026-06-08 07:36:02,412 [INFO] [DRY-RUN] Would execute: /opt/homebrew/opt/python@3.14/bin/python3.14 /Users/macbookair/PRIBADI/luna-plus-master/Luna-Plus-Reborn/tools/asset_pipeline/convert_heightmaps.py --all
2026-06-08 07:36:02,412 [INFO] 
--- Step: chardefs ---
2026-06-08 07:36:02,412 [INFO] === Character Definition Conversion (.chx -> .json) ===
2026-06-08 07:36:02,412 [INFO] [DRY-RUN] Would execute: /opt/homebrew/opt/python@3.14/bin/python3.14 /Users/macbookair/PRIBADI/luna-plus-master/Luna-Plus-Reborn/tools/asset_pipeline/convert_chardefs.py --all
2026-06-08 07:36:02,412 [INFO] 
--- Step: inventory ---
2026-06-08 07:36:02,412 [INFO] === Generate Asset Inventory ===
2026-06-08 07:36:02,412 [INFO] [DRY-RUN] Would execute: /opt/homebrew/opt/python@3.14/bin/python3.14 /Users/macbookair/PRIBADI/luna-plus-master/Luna-Plus-Reborn/tools/asset_pipeline/generate_inventory.py
2026-06-08 07:36:02,412 [INFO] 
--- Step: validate ---
2026-06-08 07:36:02,412 [INFO] === Validate Asset Completeness ===
2026-06-08 07:36:02,412 [INFO] [DRY-RUN] Would execute: /opt/homebrew/opt/python@3.14/bin/python3.14 /Users/macbookair/PRIBADI/luna-plus-master/Luna-Plus-Reborn/tools/asset_pipeline/validate_assets.py --report
2026-06-08 07:36:02,412 [INFO] ============================================================
2026-06-08 07:36:02,413 [INFO] Pipeline dry-run completed in 0.0s
2026-06-08 07:36:02,413 [INFO] ============================================================
