# MOD converted: boss_tarintus_skill2_fire.mod
# 1581 verts, 1462 faces

v 47.236290 -1435.303833 62.413448
v 47.236290 -1435.303833 61.408482
v 48.241257 -1435.303833 62.413448
v 48.241257 -1435.303833 0.500000
v 12.708472 -1435.303833 9.257143
v 12.708472 -1435.303833 8.118984
v 13.846631 -1435.303833 9.257143
v 13.846631 -1435.303833 -0.000000
v 0.276714 -1377.663574 17.455309
v 0.263171 -1377.586060 17.429592
v 0.263171 -1377.578735 17.402857
v 0.263171 -1377.579590 17.377718
v 0.263171 -1377.588745 17.356638
v 0.263171 -1377.605225 17.341679
v 0.263171 -1377.627441 17.334305
v 0.263171 -1377.653198 17.335238
v 0.263171 -1377.679932 17.344387
v 0.263171 -1377.705078 17.360859
v 0.263171 -1377.726074 17.383036
v 0.263171 -1377.741089 17.408752
v 0.263171 -1377.748413 17.435488
v 0.263171 -1377.747559 17.460627
v 0.263171 -1377.738403 17.481707
v 0.263171 -1377.721924 17.496666
v 0.263171 -1377.699707 17.504040
v 0.263171 -1377.673950 17.503107
v 0.263171 -1377.647217 17.493958
v 0.263171 -1377.622070 17.477486
v 0.263171 -1377.601074 17.487907
v 0.223869 -1377.516113 17.438993
v 0.223869 -1377.502197 17.388140
v 0.223869 -1377.503906 17.340322
v 0.223869 -1377.521362 17.300224
v 0.223869 -1377.552612 17.271770
v 0.223869 -1377.594849 17.257744
v 0.223869 -1377.643799 17.259520
v 0.223869 -1377.694580 17.276924
v 0.223869 -1377.742432 17.308252
v 0.223869 -1377.782471 17.350437
v 0.223869 -1377.811035 17.399351
v 0.223869 -1377.824951 17.450205
v 0.223869 -1377.823242 17.498022
v 0.223869 -1377.805786 17.538120
v 0.223869 -1377.774536 17.566574
v 0.223869 -1377.732300 17.580601
v 0.223869 -1377.683350 17.578825
v 0.223869 -1377.632568 17.561420
v 0.223869 -1377.584717 17.530092
v 0.223869 -1377.544678 17.513777
v 0.162654 -1377.460693 17.446453
v 0.162654 -1377.441406 17.376459
v 0.162654 -1377.443848 17.310646
v 0.162654 -1377.467773 17.255455
v 0.162654 -1377.510864 17.216291
v 0.162654 -1377.568970 17.196985
v 0.162654 -1377.636353 17.199430
v 0.162654 -1377.706299 17.223385
v 0.162654 -1377.772095 17.266504
v 0.162654 -1377.827271 17.324568
v 0.162654 -1377.866455 17.391891
v 0.162654 -1377.885742 17.461885
v 0.162654 -1377.883301 17.527699
v 0.162654 -1377.859375 17.582890
v 0.162654 -1377.816284 17.622053
v 0.162654 -1377.758179 17.641359
v 0.162654 -1377.690796 17.638914
v 0.162654 -1377.620850 17.614960
v 0.162654 -1377.555054 17.571840
v 0.162654 -1377.499878 17.530388
v 0.085519 -1377.425049 17.451242
v 0.085519 -1377.402344 17.368959
v 0.085519 -1377.405273 17.291592
v 0.085519 -1377.433472 17.226711
v 0.085519 -1377.484131 17.180672
v 0.085519 -1377.552368 17.157976
v 0.085519 -1377.631470 17.160851
v 0.085519 -1377.713745 17.189011
v 0.085519 -1377.791138 17.239700
v 0.085519 -1377.856079 17.307957
v 0.085519 -1377.902100 17.387102
v 0.085519 -1377.924805 17.469385
v 0.085519 -1377.921875 17.546753
v 0.085519 -1377.893677 17.611633
v 0.085519 -1377.843018 17.657673
v 0.085519 -1377.774780 17.680368
v 0.085519 -1377.695679 17.677494
v 0.085519 -1377.613403 17.649334
v 0.085519 -1377.536011 17.598644
v 0.085519 -1377.471069 17.536110
v 0.000014 -1377.412842 17.452894
v 0.000014 -1377.388916 17.366375
v 0.000014 -1377.391968 17.285025
v 0.000014 -1377.421509 17.216806
v 0.000014 -1377.474854 17.168398
v 0.000014 -1377.546631 17.144535
v 0.000014 -1377.629883 17.147556
v 0.000014 -1377.716431 17.177166
v 0.000014 -1377.797729 17.230463
v 0.000014 -1377.865967 17.302235
v 0.000014 -1377.914307 17.385450
v 0.000014 -1377.938232 17.471970
v 0.000014 -1377.935181 17.553320
v 0.000014 -1377.905640 17.621538
v 0.000014 -1377.852295 17.669947
v 0.000014 -1377.780518 17.693810
v 0.000014 -1377.697266 17.690788
v 0.000014 -1377.610718 17.661179
v 0.000014 -1377.529419 17.607882
v 0.000014 -1377.461182 0.125000
v 6.462277 -1382.572510 8.155324
v 6.462277 -1382.561279 8.164384
v 6.462277 -1382.573364 8.166558
v 6.462277 -1382.562378 8.173096
v 6.462277 -1382.576050 8.177361
v 6.462277 -1382.565674 8.181124
v 6.462277 -1382.580322 8.187317
v 6.462277 -1382.571045 8.188161
v 6.462277 -1382.586060 8.196043
v 6.462277 -1382.578125 8.193936
v 6.462277 -1382.593140 8.203204
v 6.462277 -1382.586914 8.198228
v 6.462277 -1382.601074 8.208526
v 6.462277 -1382.596802 8.200871
v 6.462277 -1382.609863 8.211802
v 6.462277 -1382.607666 8.201762
v 6.462277 -1382.618896 8.212909
v 6.462277 -1382.618896 8.200871
v 6.462277 -1382.627930 8.211802
v 6.462277 -1382.630127 8.198228
v 6.462277 -1382.636719 8.208526
v 6.462277 -1382.640991 8.193936
v 6.462277 -1382.644653 8.203204
v 6.462277 -1382.650879 8.188161
v 6.462277 -1382.651733 8.196043
v 6.462277 -1382.659668 8.181124
v 6.462277 -1382.657471 8.187317
v 6.462277 -1382.666748 8.173096
v 6.462277 -1382.661743 8.177361
v 6.462277 -1382.672119 8.164384
v 6.462277 -1382.664429 8.166558
v 6.462277 -1382.675415 8.155324
v 6.462277 -1382.665283 8.155324
v 6.462277 -1382.676514 8.146264
v 6.462277 -1382.664429 8.144090
v 6.462277 -1382.675415 8.137552
v 6.462277 -1382.661743 8.133287
v 6.462277 -1382.672119 8.129524
v 6.462277 -1382.657471 8.123331
v 6.462277 -1382.666748 8.122487
v 6.462277 -1382.651733 8.114605
v 6.462277 -1382.659668 8.116712
v 6.462277 -1382.644653 8.107444
v 6.462277 -1382.650879 8.112420
v 6.462277 -1382.636719 8.102122
v 6.462277 -1382.640991 8.109777
v 6.462277 -1382.627930 8.098845
v 6.462277 -1382.630127 8.108886
v 6.462277 -1382.618896 8.097739
v 6.462277 -1382.618896 8.109777
v 6.462277 -1382.609863 8.098845
v 6.462277 -1382.607666 8.112420
v 6.462277 -1382.601074 8.102122
v 6.462277 -1382.596802 8.116712
v 6.462277 -1382.593140 8.107444
v 6.462277 -1382.586914 8.122487
v 6.462277 -1382.586060 8.114605
v 6.462277 -1382.578125 8.129524
v 6.462277 -1382.580322 8.123332
v 6.462277 -1382.571045 8.137552
v 6.462277 -1382.576050 8.133287
v 6.462277 -1382.565674 8.146264
v 6.462277 -1382.573364 8.144090
v 6.462277 -1382.562378 8.155324
v 6.462277 -1382.572510 8.155324
v 6.462277 -1382.561279 0.978960
v 6.462277 -1382.574829 8.155324
v 6.462277 -1382.561279 8.163922
v 6.462277 -1382.575684 8.166558
v 6.462277 -1382.562378 8.172190
v 6.462277 -1382.578125 8.177361
v 6.462277 -1382.565674 8.179809
v 6.462277 -1382.582275 8.187317
v 6.462277 -1382.571045 8.186487
v 6.462277 -1382.587769 8.196043
v 6.462277 -1382.578125 8.191969
v 6.462277 -1382.594360 8.203204
v 6.462277 -1382.586914 8.196041
v 6.462277 -1382.602051 8.208526
v 6.462277 -1382.596802 8.198549
v 6.462277 -1382.610352 8.211802
v 6.462277 -1382.607666 8.199396
v 6.462277 -1382.618896 8.212909
v 6.462277 -1382.618896 8.198549
v 6.462277 -1382.627441 8.211802
v 6.462277 -1382.630127 8.196041
v 6.462277 -1382.635742 8.208526
v 6.462277 -1382.640991 8.191969
v 6.462277 -1382.643433 8.203204
v 6.462277 -1382.650879 8.186487
v 6.462277 -1382.650024 8.196043
v 6.462277 -1382.659668 8.179809
v 6.462277 -1382.655518 8.187317
v 6.462277 -1382.666748 8.172190
v 6.462277 -1382.659668 8.177361
v 6.462277 -1382.672119 8.163922
v 6.462277 -1382.662109 8.166558
v 6.462277 -1382.675415 8.155324
v 6.462277 -1382.662964 8.155324
v 6.462277 -1382.676514 8.146726
v 6.462277 -1382.662109 8.144090
v 6.462277 -1382.675415 8.138458
v 6.462277 -1382.659668 8.133287
v 6.462277 -1382.672119 8.130839
v 6.462277 -1382.655518 8.123331
v 6.462277 -1382.666748 8.124161
v 6.462277 -1382.650024 8.114605
v 6.462277 -1382.659668 8.118679
v 6.462277 -1382.643433 8.107444
v 6.462277 -1382.650879 8.114607
v 6.462277 -1382.635742 8.102122
v 6.462277 -1382.640991 8.112099
v 6.462277 -1382.627441 8.098845
v 6.462277 -1382.630127 8.111252
v 6.462277 -1382.618896 8.097739
v 6.462277 -1382.618896 8.112099
v 6.462277 -1382.610352 8.098845
v 6.462277 -1382.607666 8.114607
v 6.462277 -1382.602051 8.102122
v 6.462277 -1382.596802 8.118679
v 6.462277 -1382.594360 8.107444
v 6.462277 -1382.586914 8.124161
v 6.462277 -1382.587769 8.114605
v 6.462277 -1382.578125 8.130839
v 6.462277 -1382.582275 8.123332
v 6.462277 -1382.571045 8.138458
v 6.462277 -1382.578125 8.133287
v 6.462277 -1382.565674 8.146726
v 6.462277 -1382.575684 8.144090
v 6.462277 -1382.562378 8.155324
v 6.462277 -1382.574829 8.155324
v 6.462277 -1382.561279 0.978960
v 6.462277 -1382.575562 8.155324
v 6.462277 -1382.561279 8.163790
v 6.462277 -1382.576294 8.166558
v 6.462277 -1382.562378 8.171931
v 6.462277 -1382.578857 8.177361
v 6.462277 -1382.565674 8.179434
v 6.462277 -1382.582764 8.187317
v 6.462277 -1382.571045 8.186009
v 6.462277 -1382.588257 8.196043
v 6.462277 -1382.578125 8.191406
v 6.462277 -1382.594727 8.203204
v 6.462277 -1382.586914 8.195416
v 6.462277 -1382.602295 8.208526
v 6.462277 -1382.596802 8.197886
v 6.462277 -1382.610474 8.211802
v 6.462277 -1382.607666 8.198720
v 6.462277 -1382.618896 8.212909
v 6.462277 -1382.618896 8.197886
v 6.462277 -1382.627319 8.211802
v 6.462277 -1382.630127 8.195416
v 6.462277 -1382.635498 8.208526
v 6.462277 -1382.640991 8.191406
v 6.462277 -1382.643066 8.203204
v 6.462277 -1382.650879 8.186009
v 6.462277 -1382.649536 8.196043
v 6.462277 -1382.659668 8.179434
v 6.462277 -1382.655029 8.187317
v 6.462277 -1382.666748 8.171931
v 6.462277 -1382.658936 8.177361
v 6.462277 -1382.672119 8.163790
v 6.462277 -1382.661499 8.166558
v 6.462277 -1382.675415 8.155324
v 6.462277 -1382.662231 8.155324
v 6.462277 -1382.676514 8.146858
v 6.462277 -1382.661499 8.144090
v 6.462277 -1382.675415 8.138717
v 6.462277 -1382.658936 8.133287
v 6.462277 -1382.672119 8.131214
v 6.462277 -1382.655029 8.123331
v 6.462277 -1382.666748 8.124639
v 6.462277 -1382.649536 8.114605
v 6.462277 -1382.659668 8.119242
v 6.462277 -1382.643066 8.107444
v 6.462277 -1382.650879 8.115232
v 6.462277 -1382.635498 8.102122
v 6.462277 -1382.640991 8.112762
v 6.462277 -1382.627319 8.098845
v 6.462277 -1382.630127 8.111928
v 6.462277 -1382.618896 8.097739
v 6.462277 -1382.618896 8.112762
v 6.462277 -1382.610474 8.098845
v 6.462277 -1382.607666 8.115232
v 6.462277 -1382.602295 8.102122
v 6.462277 -1382.596802 8.119242
v 6.462277 -1382.594727 8.107444
v 6.462277 -1382.586914 8.124639
v 6.462277 -1382.588257 8.114605
v 6.462277 -1382.578125 8.131214
v 6.462277 -1382.582764 8.123332
v 6.462277 -1382.571045 8.138717
v 6.462277 -1382.578857 8.133287
v 6.462277 -1382.565674 8.146858
v 6.462277 -1382.576294 8.144090
v 6.462277 -1382.562378 8.155324
v 6.462277 -1382.575562 8.155324
v 6.462277 -1382.561279 0.978960
v 6.462277 -1382.572144 8.155324
v 6.462277 -1382.561279 8.164450
v 6.462277 -1382.572998 8.166558
v 6.462277 -1382.562378 8.173224
v 6.462277 -1382.575684 8.177361
v 6.462277 -1382.565674 8.181312
v 6.462277 -1382.579956 8.187317
v 6.462277 -1382.571045 8.188400
v 6.462277 -1382.585815 8.196043
v 6.462277 -1382.578125 8.194218
v 6.462277 -1382.592896 8.203204
v 6.462277 -1382.586914 8.198540
v 6.462277 -1382.600952 8.208526
v 6.462277 -1382.596802 8.201201
v 6.462277 -1382.609741 8.211802
v 6.462277 -1382.607666 8.202101
v 6.462277 -1382.618896 8.212909
v 6.462277 -1382.618896 8.201201
v 6.462277 -1382.628052 8.211802
v 6.462277 -1382.630127 8.198540
v 6.462277 -1382.636841 8.208526
v 6.462277 -1382.640991 8.194218
v 6.462277 -1382.644897 8.203204
v 6.462277 -1382.650879 8.188400
v 6.462277 -1382.651978 8.196043
v 6.462277 -1382.659668 8.181312
v 6.462277 -1382.657837 8.187317
v 6.462277 -1382.666748 8.173224
v 6.462277 -1382.662109 8.177361
v 6.462277 -1382.672119 8.164450
v 6.462277 -1382.664795 8.166558
v 6.462277 -1382.675415 8.155324
v 6.462277 -1382.665649 8.155324
v 6.462277 -1382.676514 8.146198
v 6.462277 -1382.664795 8.144090
v 6.462277 -1382.675415 8.137424
v 6.462277 -1382.662109 8.133287
v 6.462277 -1382.672119 8.129336
v 6.462277 -1382.657837 8.123331
v 6.462277 -1382.666748 8.122248
v 6.462277 -1382.651978 8.114605
v 6.462277 -1382.659668 8.116430
v 6.462277 -1382.644897 8.107444
v 6.462277 -1382.650879 8.112108
v 6.462277 -1382.636841 8.102122
v 6.462277 -1382.640991 8.109447
v 6.462277 -1382.628052 8.098845
v 6.462277 -1382.630127 8.108547
v 6.462277 -1382.618896 8.097739
v 6.462277 -1382.618896 8.109447
v 6.462277 -1382.609741 8.098845
v 6.462277 -1382.607666 8.112108
v 6.462277 -1382.600952 8.102122
v 6.462277 -1382.596802 8.116430
v 6.462277 -1382.592896 8.107444
v 6.462277 -1382.586914 8.122248
v 6.462277 -1382.585815 8.114605
v 6.462277 -1382.578125 8.129336
v 6.462277 -1382.579956 8.123332
v 6.462277 -1382.571045 8.137424
v 6.462277 -1382.575684 8.133287
v 6.462277 -1382.565674 8.146198
v 6.462277 -1382.572998 8.144090
v 6.462277 -1382.562378 8.155324
v 6.462277 -1382.572144 8.155324
v 6.462277 -1382.561279 0.978960
v 0.206806 -1377.663574 17.482103
v 0.196685 -1377.652466 17.475595
v 0.196685 -1377.633545 17.463562
v 0.196685 -1377.617554 17.447186
v 0.196685 -1377.606079 17.428066
v 0.196685 -1377.600342 17.408075
v 0.196685 -1377.600586 17.389172
v 0.196685 -1377.607178 17.373205
v 0.196685 -1377.619141 17.361738
v 0.196685 -1377.635620 17.355892
v 0.196685 -1377.654663 17.356241
v 0.196685 -1377.674683 17.362749
v 0.196685 -1377.693604 17.374783
v 0.196685 -1377.709595 17.391159
v 0.196685 -1377.721069 17.410278
v 0.196685 -1377.726807 17.430269
v 0.196685 -1377.726562 17.449173
v 0.196685 -1377.719971 17.465139
v 0.196685 -1377.708008 17.476606
v 0.196685 -1377.691528 17.482452
v 0.196685 -1377.672485 17.538876
v 0.167312 -1377.642456 17.526493
v 0.167312 -1377.606567 17.503607
v 0.167312 -1377.576172 17.472456
v 0.167312 -1377.554321 17.436089
v 0.167312 -1377.543213 17.398066
v 0.167312 -1377.543823 17.362108
v 0.167312 -1377.556274 17.331738
v 0.167312 -1377.579102 17.309925
v 0.167312 -1377.610229 17.298805
v 0.167312 -1377.646606 17.299469
v 0.167312 -1377.684692 17.311852
v 0.167312 -1377.720581 17.334738
v 0.167312 -1377.750977 17.365889
v 0.167312 -1377.772827 17.402256
v 0.167312 -1377.783936 17.440279
v 0.167312 -1377.783325 17.476236
v 0.167312 -1377.770874 17.506607
v 0.167312 -1377.748047 17.528419
v 0.167312 -1377.716919 17.539539
v 0.167312 -1377.680542 17.583929
v 0.121563 -1377.634521 17.566889
v 0.121563 -1377.585083 17.535387
v 0.121563 -1377.543213 17.492512
v 0.121563 -1377.513184 17.442455
v 0.121563 -1377.497925 17.390121
v 0.121563 -1377.498779 17.340630
v 0.121563 -1377.515869 17.298828
v 0.121563 -1377.547363 17.268806
v 0.121563 -1377.590210 17.253502
v 0.121563 -1377.640259 17.254416
v 0.121563 -1377.692627 17.271456
v 0.121563 -1377.742065 17.302958
v 0.121563 -1377.783936 17.345833
v 0.121563 -1377.813965 17.395889
v 0.121563 -1377.829224 17.448223
v 0.121563 -1377.828369 17.497715
v 0.121563 -1377.811279 17.539516
v 0.121563 -1377.779785 17.569538
v 0.121563 -1377.736938 17.584843
v 0.121563 -1377.686890 17.612856
v 0.063916 -1377.629395 17.592823
v 0.063916 -1377.571289 17.555792
v 0.063916 -1377.522095 17.505386
v 0.063916 -1377.486816 17.446543
v 0.063916 -1377.468872 17.385021
v 0.063916 -1377.469849 17.326841
v 0.063916 -1377.489868 17.277699
v 0.063916 -1377.526978 17.242405
v 0.063916 -1377.577393 17.224415
v 0.063916 -1377.636230 17.225489
v 0.063916 -1377.697754 17.245522
v 0.063916 -1377.755859 17.282553
v 0.063916 -1377.805054 17.332958
v 0.063916 -1377.840332 17.391802
v 0.063916 -1377.858276 17.453323
v 0.063916 -1377.857300 17.511503
v 0.063916 -1377.837280 17.560646
v 0.063916 -1377.800171 17.595940
v 0.063916 -1377.749756 17.613930
v 0.063916 -1377.690918 17.622822
v 0.000014 -1377.627686 17.601759
v 0.000014 -1377.566528 17.562822
v 0.000014 -1377.514771 17.509825
v 0.000014 -1377.477661 17.447952
v 0.000014 -1377.458740 17.383263
v 0.000014 -1377.459961 17.322090
v 0.000014 -1377.480957 17.270418
v 0.000014 -1377.519897 17.233309
v 0.000014 -1377.572876 17.214394
v 0.000014 -1377.634766 17.215523
v 0.000014 -1377.699463 17.236586
v 0.000014 -1377.760620 17.275522
v 0.000014 -1377.812378 17.328520
v 0.000014 -1377.849487 17.390392
v 0.000014 -1377.868408 17.455082
v 0.000014 -1377.867188 17.516254
v 0.000014 -1377.846191 17.567926
v 0.000014 -1377.807251 17.605036
v 0.000014 -1377.754272 17.623951
v 0.000014 -1377.692383 0.125000
v 0.218810 -1377.663574 17.419172
v 0.208101 -1377.595947 17.398279
v 0.208101 -1377.599243 17.379431
v 0.208101 -1377.608887 17.364473
v 0.208101 -1377.623779 17.354870
v 0.208101 -1377.642700 17.351561
v 0.208101 -1377.663574 17.354870
v 0.208101 -1377.684448 17.364473
v 0.208101 -1377.703369 17.379431
v 0.208101 -1377.718262 17.398279
v 0.208101 -1377.727905 17.419172
v 0.208101 -1377.731201 17.440065
v 0.208101 -1377.727905 17.458914
v 0.208101 -1377.718262 17.473871
v 0.208101 -1377.703369 17.483475
v 0.208101 -1377.684448 17.486784
v 0.208101 -1377.663574 17.483475
v 0.208101 -1377.642700 17.473871
v 0.208101 -1377.623779 17.458914
v 0.208101 -1377.608887 17.440065
v 0.208101 -1377.599243 17.419172
v 0.177024 -1377.534912 17.379431
v 0.177024 -1377.541260 17.343580
v 0.177024 -1377.559570 17.315128
v 0.177024 -1377.588013 17.296862
v 0.177024 -1377.623779 17.290567
v 0.177024 -1377.663574 17.296862
v 0.177024 -1377.703369 17.315128
v 0.177024 -1377.739136 17.343580
v 0.177024 -1377.767578 17.379431
v 0.177024 -1377.785889 17.419172
v 0.177024 -1377.792236 17.458914
v 0.177024 -1377.785889 17.494764
v 0.177024 -1377.767578 17.523216
v 0.177024 -1377.739136 17.541483
v 0.177024 -1377.703369 17.547777
v 0.177024 -1377.663574 17.541483
v 0.177024 -1377.623779 17.523216
v 0.177024 -1377.588013 17.494764
v 0.177024 -1377.559570 17.458914
v 0.177024 -1377.541260 17.419172
v 0.128619 -1377.486572 17.364473
v 0.128619 -1377.495239 17.315128
v 0.128619 -1377.520386 17.275969
v 0.128619 -1377.559570 17.250826
v 0.128619 -1377.608887 17.242163
v 0.128619 -1377.663574 17.250826
v 0.128619 -1377.718262 17.275969
v 0.128619 -1377.767578 17.315128
v 0.128619 -1377.806763 17.364473
v 0.128619 -1377.831909 17.419172
v 0.128619 -1377.840576 17.473871
v 0.128619 -1377.831909 17.523216
v 0.128619 -1377.806763 17.562376
v 0.128619 -1377.767578 17.587519
v 0.128619 -1377.718262 17.596182
v 0.128619 -1377.663574 17.587519
v 0.128619 -1377.608887 17.562376
v 0.128619 -1377.559570 17.523216
v 0.128619 -1377.520386 17.473871
v 0.128619 -1377.495239 17.419172
v 0.067626 -1377.455444 17.354870
v 0.067626 -1377.465698 17.296862
v 0.067626 -1377.495239 17.250826
v 0.067626 -1377.541260 17.221270
v 0.067626 -1377.599243 17.211084
v 0.067626 -1377.663574 17.221270
v 0.067626 -1377.727905 17.250826
v 0.067626 -1377.785889 17.296862
v 0.067626 -1377.831909 17.354870
v 0.067626 -1377.861450 17.419172
v 0.067626 -1377.871704 17.483475
v 0.067626 -1377.861450 17.541483
v 0.067626 -1377.831909 17.587519
v 0.067626 -1377.785889 17.617075
v 0.067626 -1377.727905 17.627260
v 0.067626 -1377.663574 17.617075
v 0.067626 -1377.599243 17.587519
v 0.067626 -1377.541260 17.541483
v 0.067626 -1377.495239 17.483475
v 0.067626 -1377.465698 17.419172
v 0.000014 -1377.444824 17.351561
v 0.000014 -1377.455444 17.290567
v 0.000014 -1377.486572 17.242163
v 0.000014 -1377.534912 17.211084
v 0.000014 -1377.595947 17.200377
v 0.000014 -1377.663574 17.211084
v 0.000014 -1377.731201 17.242163
v 0.000014 -1377.792236 17.290567
v 0.000014 -1377.840576 17.351561
v 0.000014 -1377.871704 17.419172
v 0.000014 -1377.882324 17.486784
v 0.000014 -1377.871704 17.547777
v 0.000014 -1377.840576 17.596182
v 0.000014 -1377.792236 17.627260
v 0.000014 -1377.731201 17.637968
v 0.000014 -1377.663574 17.627260
v 0.000014 -1377.595947 17.596182
v 0.000014 -1377.534912 17.547777
v 0.000014 -1377.486572 17.486784
v 0.000014 -1377.455444 0.125000
v 261.521271 -1516.439331 1508.814575
v 261.521271 -1516.439331 1508.565063
v 261.770782 -1516.439331 1508.814575
v 261.770782 -1516.439331 0.500000
v 95.194092 -2833.166504 209.850357
v 95.194092 -2833.166504 209.550156
v 95.494308 -2833.166504 209.850357
v 95.494308 -2833.166504 0.500000
v 77.914581 -1208.895508 -1487.313843
v 77.914581 -1208.895508 -1487.614136
v 78.214798 -1208.895508 -1487.313843
v 78.214798 -1208.895508 0.500000
v 82.549507 -91.753357 653.585022
v 82.549507 -91.753357 653.335510
v 82.799034 -91.753357 653.585022
v 82.799034 -91.753357 0.500000
v 176.246490 -2755.055664 -767.386780
v 176.246490 -2755.055664 -767.636292
v 176.496002 -2755.055664 -767.386780
v 176.496002 -2755.055664 0.500000
v 143.067215 -1240.589233 1442.015625
v 143.067215 -1240.589233 1441.766113
v 143.316727 -1240.589233 1442.015625
v 143.316727 -1240.589233 0.500000
v 119.374283 -2274.479492 1104.375244
v 119.374283 -2274.479492 1104.125732
v 119.623810 -2274.479492 1104.375244
v 119.623810 -2274.479492 0.500000
v 21.293346 -2493.697021 -1208.021851
v 21.293346 -2493.697021 -1208.271362
v 21.542866 -2493.697021 -1208.021851
v 21.542866 -2493.697021 0.500000
v 130.994858 -582.489075 -1080.988770
v 130.994858 -582.489075 -1081.238281
v 131.244370 -582.489075 -1080.988770
v 131.244370 -582.489075 0.500000
v 153.582565 -606.691040 1321.637207
v 153.582565 -606.691040 1321.336914
v 153.882767 -606.691040 1321.637207
v 153.882767 -606.691040 0.500000
v 160.739075 -2833.906738 -187.249817
v 160.739075 -2833.906738 -187.499329
v 160.988586 -2833.906738 -187.249817
v 160.988586 -2833.906738 0.500000
v 141.461731 -1623.681641 -1393.230225
v 141.461731 -1623.681641 -1393.479736
v 141.711243 -1623.681641 -1393.230225
v 141.711243 -1623.681641 0.500000
v 119.406563 -183.204956 -222.854858
v 119.406563 -183.204956 -223.104370
v 119.656090 -183.204956 -222.854858
v 119.656090 -183.204956 0.500000
v 262.403687 -1914.409180 1444.994507
v 262.403687 -1914.409180 1444.744995
v 262.653198 -1914.409180 1444.994507
v 262.653198 -1914.409180 0.500000
v 91.178665 -2157.265137 -1604.482910
v 91.178665 -2157.265137 -1604.783203
v 91.478882 -2157.265137 -1604.482910
v 91.478882 -2157.265137 0.500000
v 123.433701 -354.150696 -700.687378
v 123.433701 -354.150696 -700.987549
v 123.733917 -354.150696 -700.687378
v 123.733917 -354.150696 0.500000
v 149.687103 -361.286682 1096.193848
v 149.687103 -361.286682 1095.944336
v 149.936615 -361.286682 1096.193848
v 149.936615 -361.286682 0.500000
v 157.743439 -2623.841797 710.496765
v 157.743439 -2623.841797 710.196594
v 158.043640 -2623.841797 710.496765
v 158.043640 -2623.841797 0.500000
v 139.823807 -866.606812 -1427.687012
v 139.823807 -866.606812 -1427.936523
v 140.073318 -866.606812 -1427.687012
v 140.073318 -866.606812 0.500000
v 156.813110 67.761780 284.237305
v 156.813110 67.761780 283.987793
v 157.062622 67.761780 284.237305
v 157.062622 67.761780 0.500000
v 146.688736 -900.208252 1484.122192
v 146.688736 -900.208252 1483.872681
v 146.938248 -900.208252 1484.122192
v 146.938248 -900.208252 0.500000
v 118.140701 -1432.884277 980.521484
v 118.140701 -1432.884277 980.293945
v 118.368210 -1432.884277 980.521484
v 118.368210 -1432.884277 0.500000
v 84.866959 -2059.438477 793.879272
v 84.866959 -2059.438477 793.651733
v 85.094467 -2059.438477 793.879272
v 85.094467 -2059.438477 0.500000
v 12.608335 -2200.034424 -894.644287
v 12.608335 -2200.034424 -894.871826
v 12.835843 -2200.034424 -894.644287
v 12.835843 -2200.034424 0.500000
v 46.227150 -821.596191 -990.410767
v 46.227150 -821.596191 -990.684448
v 46.500885 -821.596191 -990.410767
v 46.500885 -821.596191 0.500000
v 229.097305 -816.018555 775.632263
v 229.097305 -816.018555 775.404724
v 229.324814 -816.018555 775.632263
v 229.324814 -816.018555 0.500000
v 46.594807 -2593.209229 -142.078278
v 46.594807 -2593.209229 -142.305786
v 46.822315 -2593.209229 -142.078278
v 46.822315 -2593.209229 0.500000
v 72.913223 -1454.165039 -1042.849121
v 72.913223 -1454.165039 -1043.076660
v 73.140732 -1454.165039 -1042.849121
v 73.140732 -1454.165039 0.500000
v 96.433853 -481.277588 -22.422770
v 96.433853 -481.277588 -22.696501
v 96.707581 -481.277588 -22.422770
v 96.707581 -481.277588 0.500000
v 236.053604 -1774.731934 1095.032715
v 236.053604 -1774.731934 1094.805176
v 236.281113 -1774.731934 1095.032715
v 236.281113 -1774.731934 0.500000
v 50.491550 -1907.939209 -1216.851562
v 50.491550 -1907.939209 -1217.079102
v 50.719059 -1907.939209 -1216.851562
v 50.719059 -1907.939209 0.500000
v 85.991318 -560.653320 -601.930115
v 85.991318 -560.653320 -602.157654
v 86.218826 -560.653320 -601.930115
v 86.218826 -560.653320 0.500000
v 52.459156 -618.372559 771.447632
v 52.459156 -618.372559 771.173950
v 52.732891 -618.372559 771.447632
v 52.732891 -618.372559 0.500000
v 49.057476 -2217.366943 227.824265
v 49.057476 -2217.366943 227.596756
v 49.284985 -2217.366943 227.824265
v 49.284985 -2217.366943 0.500000
v 58.698734 -1018.053345 -1128.532837
v 58.698734 -1018.053345 -1128.760376
v 58.926243 -1018.053345 -1128.532837
v 58.926243 -1018.053345 0.500000
v 36.964531 -77.252991 162.037201
v 36.964531 -77.252991 161.809692
v 37.192039 -77.252991 162.037201
v 37.192039 -77.252991 0.500000
v 66.680351 -1078.080688 1282.851562
v 66.680351 -1078.080688 1282.624023
v 66.907860 -1078.080688 1282.851562
v 66.907860 -1078.080688 0.500000
v 174.948853 -1432.884277 605.076660
v 174.948853 -1432.884277 604.849121
v 175.176361 -1432.884277 605.076660
v 175.176361 -1432.884277 0.500000
v -168.410233 -1863.034180 585.602295
v -168.410233 -1863.034180 585.328613
v -168.136490 -1863.034180 585.602295
v -168.136490 -1863.034180 0.500000
v -32.050415 -1934.157227 -621.539429
v -32.050415 -1934.157227 -621.813110
v -31.776682 -1934.157227 -621.539429
v -31.776682 -1934.157227 0.500000
v 95.116035 -1041.161865 -656.739868
v 95.116035 -1041.161865 -656.967407
v 95.343544 -1041.161865 -656.739868
v 95.343544 -1041.161865 0.500000
v 31.978832 -1051.021729 461.342743
v 31.978832 -1051.021729 461.115265
v 32.206341 -1051.021729 461.342743
v 32.206341 -1051.021729 0.500000
v -0.160529 -2099.109131 -121.019295
v -0.160529 -2099.109131 -121.246803
v 0.066979 -2099.109131 -121.019295
v 0.066979 -2099.109131 0.500000
v -18.749683 -1438.331787 -720.200684
v -18.749683 -1438.331787 -720.428223
v -18.522175 -1438.331787 -720.200684
v -18.522175 -1438.331787 0.500000
v -58.447254 -751.398682 -16.314415
v -58.447254 -751.398682 -16.588146
v -58.173519 -751.398682 -16.314415
v -58.173519 -751.398682 0.500000
v 115.955948 -1660.631226 644.038269
v 115.955948 -1660.631226 643.810730
v 116.183456 -1660.631226 644.038269
v 116.183456 -1660.631226 0.500000
v 23.381512 -1696.066772 -695.883728
v 23.381512 -1696.066772 -696.111267
v 23.609020 -1696.066772 -695.883728
v 23.609020 -1696.066772 0.500000
v -58.452183 -931.334473 -421.266266
v -58.452183 -931.334473 -421.493744
v -58.224674 -931.334473 -421.266266
v -58.224674 -931.334473 0.500000
v -116.434486 -841.771484 584.540039
v -116.434486 -841.771484 584.266357
v -116.160759 -841.771484 584.540039
v -116.160759 -841.771484 0.500000
v 147.720917 -1898.033203 93.348038
v 147.720917 -1898.033203 93.120529
v 147.948425 -1898.033203 93.348038
v 147.948425 -1898.033203 0.500000
v -138.331894 -1174.732422 -820.441895
v -138.331894 -1174.732422 -820.715576
v -138.058151 -1174.732422 -820.441895
v -138.058151 -1174.732422 0.500000
v 7.238270 -644.802124 90.810669
v 7.238270 -644.802124 90.583160
v 7.465779 -644.802124 90.810669
v 7.465779 -644.802124 0.500000
v -15.543109 -1226.343262 760.492920
v -15.543109 -1226.343262 760.265381
v -15.315600 -1226.343262 760.492920
v -15.315600 -1226.343262 0.500000
v 67.916824 -1413.059692 1370.590454
v 67.916824 -1413.059692 1370.098999
v 68.408279 -1413.059692 1370.590454
v 68.408279 -1413.059692 0.005952
v 112.701660 -880.191772 920.975586
v 112.701660 -880.191772 920.472412
v 113.204880 -880.191772 920.975586
v 113.204880 -880.191772 0.005952
v 112.707542 -1346.047363 -1881.605347
v 112.707542 -1346.047363 -1882.096802
v 113.198997 -1346.047363 -1881.605347
v 113.198997 -1346.047363 0.005952
v 112.707542 -357.795410 -1552.319214
v 112.707542 -357.795410 -1552.810669
v 113.198997 -357.795410 -1552.319214
v 113.198997 -357.795410 0.005952
v 112.707542 222.341553 -170.233353
v 112.707542 222.341553 -170.724808
v 113.198997 222.341553 -170.233353
v 113.198997 222.341553 0.005952
v 112.707542 -261.330811 1163.610229
v 112.707542 -261.330811 1163.118774
v 113.198997 -261.330811 1163.610229
v 113.198997 -261.330811 0.005952
v 112.707542 -1490.745239 1743.450317
v 112.707542 -1490.745239 1742.958862
v 113.198997 -1490.745239 1743.450317
v 113.198997 -1490.745239 0.005952
v 112.707542 -2466.710449 1208.365723
v 112.707542 -2466.710449 1207.874268
v 113.198997 -2466.710449 1208.365723
v 113.198997 -2466.710449 0.005952
v 112.707542 -2628.628174 -790.575684
v 112.707542 -2628.628174 -791.067139
v 113.198997 -2628.628174 -790.575684
v 113.198997 -2628.628174 0.005952
v 112.756927 -2538.469971 -213.785446
v 112.756927 -2538.469971 -214.178116
v 113.149612 -2538.469971 -213.785446
v 113.149612 -2538.469971 0.005952
v 112.778526 -1924.855713 1046.766113
v 112.778526 -1924.855713 1046.416748
v 113.128014 -1924.855713 1046.766113
v 113.128014 -1924.855713 0.005952
v 112.703354 -873.961670 1094.543701
v 112.703354 -873.961670 1094.043945
v 113.203186 -873.961670 1094.543701
v 113.203186 -873.961670 0.005952
v 112.704262 -446.529663 -27.966469
v 112.704262 -446.529663 -28.464493
v 113.202278 -446.529663 -27.966469
v 113.202278 -446.529663 0.005952
v 112.701660 -880.191772 -1053.178589
v 112.701660 -880.191772 -1053.681763
v 113.204880 -880.191772 -1053.178589
v 113.204880 -880.191772 0.005952
v 112.788727 -1596.362183 -1055.601807
v 112.788727 -1596.362183 -1055.930908
v 113.117813 -1596.362183 -1055.601807
v 113.117813 -1596.362183 0.005952
v 49.051819 -1597.422241 -794.809265
v 49.051819 -1597.422241 -795.216614
v 49.459152 -1597.422241 -794.809265
v 49.459152 -1597.422241 0.005952
v 11.711822 -2014.680176 291.740448
v 11.711822 -2014.680176 291.390900
v 12.061343 -2014.680176 291.740448
v 12.061343 -2014.680176 0.005952
v 49.096146 -1651.400757 811.168152
v 49.096146 -1651.400757 810.849426
v 49.414825 -1651.400757 811.168152
v 49.414825 -1651.400757 0.005952
v 112.752968 -929.208130 543.194153
v 112.752968 -929.208130 542.793518
v 113.153572 -929.208130 543.194153
v 113.153572 -929.208130 0.005952
v 49.079544 -694.541199 -163.561478
v 49.079544 -694.541199 -163.913345
v 49.431427 -694.541199 -163.561478
v 49.431427 -694.541199 0.005952
v -103.843071 -1153.235107 -251.146423
v -103.843071 -1153.235107 -251.600739
v -103.388741 -1153.235107 -251.146423
v -103.388741 -1153.235107 0.005952
v -103.795311 -1499.825439 -419.256104
v -103.795311 -1499.825439 -419.614929
v -103.436501 -1499.825439 -419.256104
v -103.436501 -1499.825439 0.005952
v -15.206658 -1693.947632 324.472351
v -15.206658 -1693.947632 324.081055
v -14.815381 -1693.947632 324.472351
v -14.815381 -1693.947632 0.005952
v -103.851753 -1278.609741 482.070770
v -103.851753 -1278.609741 481.599091
v -103.380058 -1278.609741 482.070770
v -103.380058 -1278.609741 0.005952
v 238.997391 -1366.172852 769.825195
v 238.997391 -1366.172852 769.405396
v 239.417160 -1366.172852 769.825195
v 239.417160 -1366.172852 0.005952
v 86.967949 -1085.682861 533.159729
v 86.967949 -1085.682861 532.729919
v 87.397774 -1085.682861 533.159729
v 87.397774 -1085.682861 0.005952
v 86.972969 -1330.899048 -942.059509
v 86.972969 -1330.899048 -942.479309
v 87.392754 -1330.899048 -942.059509
v 87.392754 -1330.899048 0.005952
v 86.972969 -810.704834 -768.730469
v 86.972969 -810.704834 -769.150269
v 87.392754 -810.704834 -768.730469
v 87.392754 -810.704834 0.005952
v 86.972969 -505.333435 -41.230717
v 86.972969 -505.333435 -41.650501
v 87.392754 -505.333435 -41.230717
v 87.392754 -505.333435 0.005952
v 86.972969 -759.927979 660.875366
v 86.972969 -759.927979 660.455566
v 87.392754 -759.927979 660.875366
v 87.392754 -759.927979 0.005952
v 86.972969 -1407.064819 966.090515
v 86.972969 -1407.064819 965.670715
v 87.392754 -1407.064819 966.090515
v 87.392754 -1407.064819 0.005952
v 86.972969 -1920.791504 684.433655
v 86.972969 -1920.791504 684.013855
v 87.392754 -1920.791504 684.433655
v 87.392754 -1920.791504 0.005952
v 86.972969 -2006.021484 -367.765381
v 86.972969 -2006.021484 -368.185181
v 87.392754 -2006.021484 -367.765381
v 87.392754 -2006.021484 0.005952
v 87.015160 -1958.564209 -64.171776
v 87.015160 -1958.564209 -64.507179
v 87.350563 -1958.564209 -64.171776
v 87.350563 -1958.564209 0.005952
v 87.033607 -1635.571045 599.347900
v 87.033607 -1635.571045 599.049438
v 87.332115 -1635.571045 599.347900
v 87.332115 -1635.571045 0.005952
v 86.969391 -1082.403442 624.521606
v 86.969391 -1082.403442 624.094727
v 87.396332 -1082.403442 624.521606
v 87.396332 -1082.403442 0.005952
v 86.970169 -857.412598 33.656521
v 86.970169 -857.412598 33.231136
v 87.395554 -857.412598 33.656521
v 87.395554 -857.412598 0.005952
v 86.967949 -1085.682861 -505.991821
v 86.967949 -1085.682861 -506.421631
v 87.397774 -1085.682861 -505.991821
v 87.397774 -1085.682861 0.005952
v 87.042320 -1462.659302 -507.295929
v 87.042320 -1462.659302 -507.576996
v 87.323402 -1462.659302 -507.295929
v 87.323402 -1462.659302 0.005952
v 53.479778 -1463.217285 -370.007629
v 53.479778 -1463.217285 -370.355530
v 53.827702 -1463.217285 -370.007629
v 53.827702 -1463.217285 0.005952
v 33.834293 -1682.852661 201.918915
v 33.834293 -1682.852661 201.620361
v 34.132839 -1682.852661 201.918915
v 34.132839 -1682.852661 0.005952
v 53.517639 -1491.630371 475.329193
v 53.517639 -1491.630371 475.056976
v 53.789841 -1491.630371 475.329193
v 53.789841 -1491.630371 0.005952
v 87.011772 -1111.484009 334.286987
v 87.011772 -1111.484009 333.944824
v 87.353951 -1111.484009 334.286987
v 87.353951 -1111.484009 0.005952
v 53.503460 -987.960449 -37.741669
v 53.503460 -987.960449 -38.042229
v 53.804020 -987.960449 -37.741669
v 53.804020 -987.960449 0.005952
v -27.008451 -1229.406860 -83.827682
v -27.008451 -1229.406860 -84.215744
v -26.620386 -1229.406860 -83.827682
v -26.620386 -1229.406860 0.005952
v -26.967657 -1411.844482 -172.332581
v -26.967657 -1411.844482 -172.639069
v -26.661180 -1411.844482 -172.332581
v -26.661180 -1411.844482 0.005952
v 19.658152 -1514.026123 219.155106
v 19.658152 -1514.026123 218.820908
v 19.992361 -1514.026123 219.155106
v 19.992361 -1514.026123 0.005952
v -27.015871 -1295.401367 302.124634
v -27.015871 -1295.401367 301.721741
v -26.612967 -1295.401367 302.124634
v -26.612967 -1295.401367 0.005952
v 191.742355 -1446.959106 755.111572
v 191.742355 -1446.959106 754.810181
v 192.043777 -1446.959106 755.111572
v 192.043777 -1446.959106 0.500000
v 53.771301 -2173.345215 127.770195
v 53.771301 -2173.345215 127.407539
v 54.133949 -2173.345215 127.770195
v 54.133949 -2173.345215 0.500000
v 77.955772 -1272.410400 -813.596313
v 77.955772 -1272.410400 -813.958984
v 78.318428 -1272.410400 -813.596313
v 78.318428 -1272.410400 0.500000
v 71.246590 -732.030823 327.712799
v 71.246590 -732.030823 327.411407
v 71.547997 -732.030823 327.712799
v 71.547997 -732.030823 0.500000
v 139.967560 -2045.012695 -353.965790
v 139.967560 -2045.012695 -354.267181
v 140.268982 -2045.012695 -353.965790
v 140.268982 -2045.012695 0.500000
v 85.291534 -1301.726196 750.213196
v 85.291534 -1301.726196 749.911804
v 85.592941 -1301.726196 750.213196
v 85.592941 -1301.726196 0.500000
v 128.670120 -1816.687988 551.570984
v 128.670120 -1816.687988 551.269592
v 128.971542 -1816.687988 551.570984
v 128.971542 -1816.687988 0.500000
v 13.125510 -1914.996826 -582.561401
v 13.125510 -1914.996826 -582.862793
v 13.426921 -1914.996826 -582.561401
v 13.426921 -1914.996826 0.500000
v 77.021606 -985.730835 -502.619995
v 77.021606 -985.730835 -502.921387
v 77.323013 -985.730835 -502.619995
v 77.323013 -985.730835 0.500000
v 122.347145 -938.385498 744.394104
v 122.347145 -938.385498 744.133850
v 122.607445 -938.385498 744.394104
v 122.607445 -938.385498 0.500000
v 139.967560 -2067.990234 -87.248322
v 139.967560 -2067.990234 -87.549728
v 140.268982 -2067.990234 -87.248322
v 140.268982 -2067.990234 0.500000
v 132.293518 -1499.892456 -671.423462
v 132.293518 -1499.892456 -671.724854
v 132.594940 -1499.892456 -671.423462
v 132.594940 -1499.892456 0.500000
v 81.071037 -807.797974 -94.282585
v 81.071037 -807.797974 -94.583992
v 81.372444 -807.797974 -94.282585
v 81.372444 -807.797974 0.500000
v 167.973129 -1641.521729 732.201660
v 167.973129 -1641.521729 731.900269
v 168.274551 -1641.521729 732.201660
v 168.274551 -1641.521729 0.500000
v 85.312965 -1798.442871 -878.586487
v 85.312965 -1798.442871 -878.949158
v 85.675621 -1798.442871 -878.586487
v 85.675621 -1798.442871 0.500000
v 73.380768 -798.308838 -377.277954
v 73.380768 -798.308838 -377.640625
v 73.743423 -798.308838 -377.277954
v 73.743423 -798.308838 0.500000
v 136.584305 -871.487305 553.608765
v 136.584305 -871.487305 553.307373
v 136.885727 -871.487305 553.608765
v 136.885727 -871.487305 0.500000
v 122.234459 -2057.239014 405.463837
v 122.234459 -2057.239014 405.101166
v 122.597115 -2057.239014 405.463837
v 122.597115 -2057.239014 0.500000
v 133.837601 -1116.152588 -689.595154
v 133.837601 -1116.152588 -689.896545
v 134.139023 -1116.152588 -689.595154
v 134.139023 -1116.152588 0.500000
v 138.568710 -677.580566 142.152664
v 138.568710 -677.580566 141.851242
v 138.870132 -677.580566 142.152664
v 138.870132 -677.580566 0.500000
v 135.749313 -1134.217163 737.913452
v 135.749313 -1134.217163 737.612061
v 136.050735 -1134.217163 737.913452
v 136.050735 -1134.217163 0.500000
v 198.441391 -1396.650269 504.811371
v 198.441391 -1396.650269 504.536530
v 198.716202 -1396.650269 504.811371
v 198.716202 -1396.650269 0.500000
v 50.227440 -1706.928711 404.431519
v 50.227440 -1706.928711 404.156677
v 50.502266 -1706.928711 404.431519
v 50.502266 -1706.928711 0.500000
v 202.037262 -1768.002197 -445.647980
v 202.037262 -1768.002197 -445.922821
v 202.312073 -1768.002197 -445.647980
v 202.312073 -1768.002197 0.500000
v 30.565239 -1057.586914 -537.987610
v 30.565239 -1057.586914 -538.318298
v 30.895897 -1057.586914 -537.987610
v 30.895897 -1057.586914 0.500000
v 190.519470 -1090.876831 387.863983
v 190.519470 -1090.876831 387.589142
v 190.794281 -1090.876831 387.863983
v 190.794281 -1090.876831 0.500000
v 79.144257 -1964.843262 -61.585697
v 79.144257 -1964.843262 -61.860523
v 79.419083 -1964.843262 -61.585697
v 79.419083 -1964.843262 0.500000
v 66.303162 -1407.755493 -502.434906
v 66.303162 -1407.755493 -502.709747
v 66.577988 -1407.755493 -502.434906
v 66.577988 -1407.755493 0.500000
v 88.236511 -868.822388 -1.073452
v 88.236511 -868.822388 -1.404111
v 88.567169 -868.822388 -1.073452
v 88.567169 -868.822388 0.500000
v 152.812225 -1567.946167 554.026184
v 152.812225 -1567.946167 553.751404
v 153.087036 -1567.946167 554.026184
v 153.087036 -1567.946167 0.500000
v 78.286507 -1632.172241 -591.827087
v 78.286507 -1632.172241 -592.101868
v 78.561333 -1632.172241 -591.827087
v 78.561333 -1632.172241 0.500000
v 50.746670 -974.767334 -291.588654
v 50.746670 -974.767334 -291.863495
v 51.021496 -974.767334 -291.588654
v 51.021496 -974.767334 0.500000
v 30.076157 -944.864868 439.262878
v 30.076157 -944.864868 438.932190
v 30.406815 -944.864868 439.262878
v 30.406815 -944.864868 0.500000
v 163.502213 -1782.161865 116.096626
v 163.502213 -1782.161865 115.821800
v 163.777023 -1782.161865 116.096626
v 163.777023 -1782.161865 0.500000
v 59.988590 -1196.373901 -550.287415
v 59.988590 -1196.373901 -550.562195
v 60.263416 -1196.373901 -550.287415
v 60.263416 -1196.373901 0.500000
v 72.853760 -734.157715 87.151543
v 72.853760 -734.157715 86.876717
v 73.128586 -734.157715 87.151543
v 73.128586 -734.157715 0.500000
v -10.457131 -1218.272705 652.758362
v -10.457131 -1218.272705 652.483582
v -10.182309 -1218.272705 652.758362
v -10.182309 -1218.272705 0.500000
v 100.154915 -1396.650269 296.563354
v 100.154915 -1396.650269 296.288513
v 100.429741 -1396.650269 296.563354
v 100.429741 -1396.650269 0.500000
v -58.664631 -1635.241699 336.179993
v -58.664631 -1635.241699 335.849304
v -58.333973 -1635.241699 336.179993
v -58.333973 -1635.241699 0.500000
v 16.970108 -1674.691650 -333.385620
v 16.970108 -1674.691650 -333.716309
v 17.300766 -1674.691650 -333.385620
v 17.300766 -1674.691650 0.500000
v 54.271557 -1227.206421 -291.791565
v 54.271557 -1227.206421 -292.066406
v 54.546383 -1227.206421 -291.791565
v 54.546383 -1227.206421 0.500000
v 81.183708 -1221.226196 213.536865
v 81.183708 -1221.226196 213.262054
v 81.458534 -1221.226196 213.536865
v 81.458534 -1221.226196 0.500000
v 53.210449 -1690.780762 -49.904903
v 53.210449 -1690.780762 -50.179729
v 53.485275 -1690.780762 -49.904903
v 53.485275 -1690.780762 0.500000
v 45.283581 -1398.973267 -323.471344
v 45.283581 -1398.973267 -323.746185
v 45.558407 -1398.973267 -323.471344
v 45.558407 -1398.973267 0.500000
v 2.328568 -1018.650513 2.314672
v 2.328568 -1018.650513 1.984013
v 2.659227 -1018.650513 2.314672
v 2.659227 -1018.650513 0.500000
v 86.197609 -1504.657837 303.873199
v 86.197609 -1504.657837 303.598358
v 86.472435 -1504.657837 303.873199
v 86.472435 -1504.657837 0.500000
v 63.249371 -1514.652832 -302.861664
v 63.249371 -1514.652832 -303.136505
v 63.524197 -1514.652832 -302.861664
v 63.524197 -1514.652832 0.500000
v 28.353445 -1180.373291 -191.379761
v 28.353445 -1180.373291 -191.654572
v 28.628267 -1180.373291 -191.379761
v 28.628267 -1180.373291 0.500000
v -29.835232 -1068.777588 335.590790
v -29.835232 -1068.777588 335.260101
v -29.504574 -1068.777588 335.590790
v -29.504574 -1068.777588 0.500000
v 99.742981 -1605.036865 41.506645
v 99.742981 -1605.036865 41.231819
v 100.017807 -1605.036865 41.506645
v 100.017807 -1605.036865 0.500000
v -41.981068 -1253.461182 -443.710907
v -41.981068 -1253.461182 -444.041595
v -41.650410 -1253.461182 -443.710907
v -41.650410 -1253.461182 0.500000
v 56.365479 -1048.960327 47.644306
v 56.365479 -1048.960327 47.369480
v 56.640305 -1048.960327 47.644306
v 56.640305 -1048.960327 0.500000
v 46.650944 -1300.509521 363.021729
v 46.650944 -1300.509521 362.746887
v 46.925770 -1300.509521 363.021729
v 46.925770 -1300.509521 0.500000
v 585.360779 -998.529785 -113.018555
v 585.360779 -998.529785 -113.697449
v 586.039612 -998.529785 -113.018555
v 586.039612 -998.529785 0.500000
v 585.265015 -998.529785 -113.051964
v 585.265015 -998.529785 -113.820824
v 586.033936 -998.529785 -113.051964
v 586.033936 -998.529785 -0.000000
v 585.631226 -998.529785 -113.440720
v 585.631226 -998.529785 -113.441498
v 585.631958 -998.529785 -113.440720
v 585.631958 -998.529785 -0.000000
v 585.631287 -998.529785 -113.440804
v 585.631287 -998.529785 -113.441414
v 585.631897 -998.529785 -113.440804
v 585.631897 -998.529785 0.000000
v 585.708862 -998.382996 -113.271233
v 585.683838 -998.452820 -113.277794
v 585.641724 -998.425903 -113.304626
v 585.614746 -998.392761 -113.344543
v 585.610291 -998.362244 -113.386841
v 585.629395 -998.342529 -113.248779
v 585.644836 -998.543091 -113.260139
v 585.571838 -998.496460 -113.306618
v 585.525146 -998.439087 -113.375748
v 585.517395 -998.386230 -113.449020
v 585.550537 -998.352112 -113.278290
v 585.602295 -998.629639 -113.291412
v 585.517944 -998.575867 -113.345078
v 585.464111 -998.509583 -113.424904
v 585.455078 -998.448547 -113.509506
v 585.493408 -998.409119 -113.351868
v 585.567566 -998.689331 -113.363228
v 585.494568 -998.642700 -113.409698
v 585.447876 -998.585327 -113.478836
v 585.440125 -998.532471 -113.552101
v 585.473267 -998.498352 -113.449783
v 585.549988 -998.706116 -113.456345
v 585.507874 -998.679199 -113.483177
v 585.480896 -998.646057 -113.523087
v 585.476440 -998.615540 -113.565392
v 585.495544 -998.595825 -113.545815
v 585.554321 -998.675476 0.421780
v 585.709717 -998.584778 -113.552513
v 585.761353 -998.520447 -113.577324
v 585.731445 -998.499634 -113.598701
v 585.692932 -998.499695 -113.610916
v 585.656128 -998.520508 -113.610703
v 585.630859 -998.556580 -113.492249
v 585.778198 -998.458435 -113.535217
v 585.726501 -998.422424 -113.572243
v 585.659790 -998.422485 -113.593407
v 585.595947 -998.458557 -113.593033
v 585.552185 -998.521057 -113.418716
v 585.755798 -998.415405 -113.468330
v 585.696045 -998.373840 -113.511078
v 585.619019 -998.373901 -113.535515
v 585.545349 -998.415588 -113.535088
v 585.494812 -998.487732 -113.351616
v 585.700134 -998.402893 -113.394577
v 585.648376 -998.366882 -113.431602
v 585.581665 -998.366882 -113.452766
v 585.517883 -998.403015 -113.452400
v 585.474060 -998.465515 -113.308929
v 585.626038 -998.424194 -113.333733
v 585.596191 -998.403381 -113.355110
v 585.557678 -998.403442 -113.367325
v 585.520874 -998.424255 -113.367111
v 585.495544 -998.460327 -113.302086
v 585.553467 -998.473694 0.421780
v 585.714478 -998.485901 -113.583916
v 585.678162 -998.395691 -113.608116
v 585.637878 -998.417236 -113.628983
v 585.615112 -998.458740 -113.640923
v 585.615967 -998.509094 -113.640732
v 585.640259 -998.554749 -113.510674
v 585.629456 -998.341309 -113.552597
v 585.559631 -998.378662 -113.588745
v 585.520203 -998.450500 -113.609421
v 585.521729 -998.537659 -113.609093
v 585.563782 -998.616760 -113.419228
v 585.581238 -998.337280 -113.467636
v 585.500610 -998.380371 -113.509377
v 585.455078 -998.463379 -113.533249
v 585.456848 -998.563965 -113.532867
v 585.505432 -998.655273 -113.334076
v 585.546570 -998.384705 -113.375999
v 585.476746 -998.421997 -113.412148
v 585.437317 -998.493835 -113.432823
v 585.438843 -998.580994 -113.432495
v 585.480896 -998.660095 -113.278038
v 585.534668 -998.470825 -113.302246
v 585.494324 -998.492371 -113.323112
v 585.471558 -998.533813 -113.335052
v 585.472473 -998.584167 -113.334862
v 585.496765 -998.629822 -113.266129
v 585.548706 -998.572571 0.421780
v 585.660034 -998.523682 -113.317375
v 585.654724 -998.596375 -113.310722
v 585.619629 -998.585693 -113.306694
v 585.594299 -998.558594 -113.306358
v 585.585632 -998.522339 -113.309814
v 585.595825 -998.486694 -113.366753
v 585.643250 -998.651123 -113.355225
v 585.582397 -998.632629 -113.348236
v 585.538635 -998.585693 -113.347664
v 585.523499 -998.522888 -113.353645
v 585.541199 -998.461060 -113.436478
v 585.628601 -998.673157 -113.423172
v 585.558411 -998.651794 -113.415108
v 585.507812 -998.597595 -113.414436
v 585.490356 -998.525085 -113.421349
v 585.510803 -998.453674 -113.507881
v 585.614807 -998.656616 -113.496361
v 585.554016 -998.638123 -113.489372
v 585.510193 -998.591187 -113.488792
v 585.495056 -998.528381 -113.494781
v 585.512756 -998.466553 -113.561829
v 585.605469 -998.605957 -113.555176
v 585.570374 -998.595276 -113.551140
v 585.545105 -998.568237 -113.550804
v 585.536377 -998.531982 -113.554260
v 585.546570 -998.496277 -113.583855
v 585.603149 -998.534790 0.421780
v 585.546875 -998.548340 -113.556839
v 585.591980 -998.607788 -113.575340
v 585.611206 -998.581726 -113.584991
v 585.616272 -998.546082 -113.583199
v 585.605774 -998.510315 -113.570442
v 585.582520 -998.484070 -113.525406
v 585.647644 -998.646118 -113.557457
v 585.680969 -998.601013 -113.574165
v 585.689758 -998.539246 -113.571060
v 585.671570 -998.477356 -113.548973
v 585.631287 -998.431946 -113.471817
v 585.699036 -998.653198 -113.508827
v 585.737549 -998.601074 -113.528122
v 585.747620 -998.529785 -113.524536
v 585.726624 -998.458313 -113.499031
v 585.680176 -998.405823 -113.410439
v 585.732361 -998.627014 -113.442490
v 585.765686 -998.581909 -113.459198
v 585.774414 -998.520142 -113.456093
v 585.756226 -998.458252 -113.434006
v 585.716003 -998.412781 -113.357704
v 585.738708 -998.574646 -113.376213
v 585.757935 -998.548584 -113.385857
v 585.762939 -998.512939 -113.384064
v 585.752441 -998.477234 -113.371315
v 585.729248 -998.450989 -113.327759
v 585.716309 -998.510132 0.421780
v 585.806335 -998.529236 -113.442726
v 585.782898 -998.441895 -113.486412
v 585.782898 -998.453552 -113.518394
v 585.782898 -998.485535 -113.530098
v 585.782898 -998.529236 -113.518394
v 585.782898 -998.572937 -113.442726
v 585.718933 -998.377930 -113.518394
v 585.718933 -998.398193 -113.573784
v 585.718933 -998.453552 -113.594055
v 585.718933 -998.529236 -113.573784
v 585.718933 -998.604919 -113.442726
v 585.631592 -998.354492 -113.530098
v 585.631592 -998.377930 -113.594055
v 585.631592 -998.441895 -113.617470
v 585.631592 -998.529236 -113.594055
v 585.631592 -998.616577 -113.442726
v 585.544250 -998.377930 -113.518394
v 585.544250 -998.398193 -113.573784
v 585.544250 -998.453552 -113.594055
v 585.544250 -998.529236 -113.573784
v 585.544250 -998.604919 -113.442726
v 585.480286 -998.441895 -113.486412
v 585.480286 -998.453552 -113.518394
v 585.480286 -998.485535 -113.530098
v 585.480286 -998.529236 -113.518394
v 585.480286 -998.572937 -113.442726
v 585.456848 -998.529236 0.421780
v 585.631531 -998.529785 -113.441025
v 585.631531 -998.529785 -113.441193
v 585.631653 -998.529785 -113.441025
v 585.631653 -998.529785 0.000000
v 72.472816 -836.895752 -123.569237
v 72.429070 -836.949707 -123.457497
v 72.390556 -836.885376 -123.522522
v 72.346809 -836.939331 0.000000
v 77.460258 -856.822571 -110.383080
v 77.407707 -856.887390 -110.248878
v 77.361458 -856.810120 -110.326981
v 77.308907 -856.874939 0.000000
v 79.678307 -865.756287 -104.460556
v 79.633278 -865.811829 -104.345551
v 79.593651 -865.745544 -104.412483
v 79.548622 -865.801086 0.000000
v 74.131851 -842.852112 -119.398430
v 74.067390 -842.931641 -119.233788
v 74.010643 -842.836792 -119.329605
v 73.946182 -842.916321 0.000000
v 79.354439 -863.155334 -105.717438
v 79.280357 -863.246704 -105.528244
v 79.215157 -863.137695 -105.638351
v 79.141075 -863.229065 0.000000
v 85.606178 -887.668335 -89.235802
v 85.536301 -887.754517 -89.057335
v 85.474792 -887.651733 -89.161194
v 85.404915 -887.737915 0.000000
v 92.932335 -916.208191 -70.129807
v 92.822334 -916.343933 -69.848862
v 92.725517 -916.182068 -70.012360
v 92.615517 -916.317810 0.000000
v 99.146843 -940.668396 -53.668591
v 99.056412 -940.779968 -53.437634
v 98.976822 -940.646912 -53.572041
v 98.886391 -940.758484 0.000000
v 105.052147 -963.625427 -38.242691
v 104.939110 -963.764893 -37.953972
v 104.839607 -963.598511 -38.121994
v 104.726570 -963.737976 0.000000
v 109.564362 -981.239136 -26.318844
v 109.466690 -981.359619 -26.069393
v 109.380722 -981.215942 -26.214565
v 109.283051 -981.336426 0.000000
v 112.469902 -992.271667 -18.774305
v 112.362991 -992.403564 -18.504225
v 112.274124 -992.246948 -18.663132
v 112.167213 -992.378845 0.000000
v 120.501831 -1024.318726 2.425360
v 120.375389 -1024.474731 2.748283
v 120.264107 -1024.288696 2.560354
v 120.137665 -1024.444702 0.000000
v 669.391479 -912.892578 -35.120182
v 669.345459 -912.949280 -35.002766
v 669.305054 -912.881653 -35.071098
v 669.259033 -912.938354 0.000000
v 529.451904 -1299.491211 544.455017
v 529.365662 -1299.524170 544.481384
v 529.492126 -1299.561768 544.504456
v 529.405884 -1299.594727 0.000000
v 529.456543 -1313.485474 524.451355
v 529.352966 -1313.525146 524.483093
v 529.504822 -1313.570312 524.510803
v 529.401245 -1313.609985 0.000000
v 529.452576 -1319.769043 515.492432
v 529.363831 -1319.802979 515.519653
v 529.493958 -1319.841797 515.543396
v 529.405212 -1319.875732 0.000000
v 529.673706 -1303.671387 538.272278
v 529.546570 -1303.719849 538.311218
v 529.732971 -1303.775513 538.345215
v 529.605835 -1303.823975 0.000000
v 529.889648 -1317.941772 517.701538
v 529.743652 -1317.997437 517.746216
v 529.957764 -1318.061401 517.785278
v 529.811768 -1318.117065 0.000000
v 530.098389 -1335.181641 492.917206
v 529.960632 -1335.234253 492.959381
v 530.162659 -1335.294556 492.996216
v 530.024902 -1335.347168 0.000000
v 530.330444 -1355.214111 464.056427
v 530.113586 -1355.296997 464.122833
v 530.431580 -1355.391724 464.180817
v 530.214722 -1355.474609 0.000000
v 530.531006 -1372.429810 439.337463
v 530.352783 -1372.497925 439.392029
v 530.614136 -1372.575806 439.439728
v 530.435913 -1372.643921 0.000000
v 530.753845 -1388.554077 416.093140
v 530.531006 -1388.639160 416.161377
v 530.857788 -1388.736572 416.220978
v 530.634949 -1388.821655 0.000000
v 530.956726 -1400.955444 398.241272
v 530.764160 -1401.028931 398.300232
v 531.046509 -1401.113159 398.351715
v 530.853943 -1401.186646 0.000000
v 531.173767 -1408.714355 386.975098
v 530.963013 -1408.794922 387.036438
v 531.269531 -1408.882568 387.092834
v 531.058777 -1408.963135 0.000000
v 531.182800 -1431.213867 354.798981
v 530.933533 -1431.309082 354.875275
v 531.299011 -1431.417969 354.941956
v 531.049744 -1431.513184 0.000000
v 590.658997 -974.268188 34.167137
v 590.568359 -974.302795 34.194878
v 590.701294 -974.342468 34.219120
v 590.610657 -974.377075 0.000000
v 411.787872 -591.720459 -522.563904
v 411.834473 -591.692932 -522.531921
v 411.705139 -591.712219 -522.610229
v 411.751740 -591.684692 0.000000
v 413.499390 -615.000732 -529.740234
v 413.555359 -614.967651 -529.701904
v 413.400024 -614.990845 -529.795898
v 413.455994 -614.957764 0.000000
v 414.261475 -625.426392 -532.951355
v 414.309418 -625.398071 -532.918518
v 414.176361 -625.417969 -532.999084
v 414.224304 -625.389648 0.000000
v 412.205048 -598.918640 -524.574890
v 412.273712 -598.878052 -524.527893
v 412.083160 -598.906494 -524.643188
v 412.151825 -598.865906 0.000000
v 413.846558 -622.860657 -531.743286
v 413.925446 -622.814026 -531.689209
v 413.706512 -622.846741 -531.821777
v 413.785400 -622.800110 0.000000
v 415.842529 -651.705566 -540.419189
v 415.916962 -651.661560 -540.368164
v 415.710419 -651.692444 -540.493225
v 415.784851 -651.648438 0.000000
v 418.203735 -685.296997 -550.568481
v 418.320892 -685.227783 -550.488159
v 417.995758 -685.276367 -550.684998
v 418.112915 -685.207153 0.000000
v 420.188141 -714.064941 -559.217041
v 420.284454 -714.008057 -559.151001
v 420.017181 -714.047974 -559.312805
v 420.113495 -713.991089 0.000000
v 422.062988 -741.119141 -567.347534
v 422.183380 -741.047974 -567.265015
v 421.849274 -741.097900 -567.467285
v 421.969666 -741.026733 0.000000
v 423.462677 -761.895569 -573.534302
v 423.566681 -761.834106 -573.463013
v 423.278046 -761.877197 -573.637756
v 423.382050 -761.815735 0.000000
v 424.307007 -775.010620 -577.367554
v 424.420868 -774.943359 -577.286621
v 424.110138 -774.991089 -577.477905
v 424.223999 -774.923828 0.000000
v 427.064606 -812.455994 -588.910217
v 427.199280 -812.376404 -588.817932
v 426.825562 -812.432312 -589.044128
v 426.960236 -812.352722 0.000000
v 703.035095 -938.314392 -116.416557
v 703.084045 -938.285461 -116.383003
v 702.948181 -938.305725 -116.465256
v 702.997131 -938.276794 0.000000
v 1176.934692 -682.288330 276.825165
v 1176.934692 -682.280029 276.730377
v 1177.029907 -682.288330 276.825165
v 1177.029907 -682.280029 0.000000
v 1176.925171 -706.612915 278.962769
v 1176.925171 -706.602905 278.848877
v 1177.039429 -706.612915 278.962769
v 1177.039429 -706.602905 0.000000
v 1176.933350 -717.510132 279.908051
v 1176.933350 -717.501587 279.810455
v 1177.031250 -717.510132 279.908051
v 1177.031250 -717.501587 0.000000
v 1176.912231 -689.753296 277.266937
v 1176.912231 -689.741089 277.127228
v 1177.052368 -689.753296 277.266937
v 1177.052368 -689.741089 0.000000
v 1176.901733 -714.719116 279.227875
v 1176.901733 -714.705078 279.067352
v 1177.062866 -714.719116 279.227875
v 1177.062866 -714.705078 0.000000
v 1176.906250 -744.812866 281.622589
v 1176.906250 -744.799561 281.471161
v 1177.058350 -744.812866 281.622589
v 1177.058350 -744.799561 0.000000
v 1176.862671 -779.852051 284.497620
v 1176.862671 -779.831177 284.259277
v 1177.101929 -779.852051 284.497620
v 1177.101929 -779.831177 0.000000
v 1176.883911 -809.870483 286.869232
v 1176.883911 -809.853394 286.673309
v 1177.080688 -809.870483 286.869232
v 1177.080688 -809.853394 0.000000
v 1176.859375 -838.084106 289.128326
v 1176.859375 -838.062622 288.883392
v 1177.105225 -838.084106 289.128326
v 1177.105225 -838.062622 0.000000
v 1176.876099 -859.750183 290.773743
v 1176.876099 -859.731628 290.562073
v 1177.088501 -859.750183 290.773743
v 1177.088501 -859.731628 0.000000
v 1176.869019 -873.402344 291.744476
v 1176.869019 -873.382080 291.512787
v 1177.095581 -873.402344 291.744476
v 1177.095581 -873.382080 0.000000
v 1176.844849 -912.525391 295.188263
v 1176.844849 -912.501465 294.914276
v 1177.119751 -912.525391 295.188263
v 1177.119751 -912.501465 0.000000
v 696.088196 -938.299927 6.356626
v 696.088196 -938.291260 6.257006
v 696.188171 -938.299927 6.356626
v 696.188171 -938.291260 0.000000

vt 0.500000 0.000000
vt 0.500000 0.500000
vt 1.000000 0.000000
vt 1.000000 1.000000
vt 0.500000 1.000000
vt 0.000000 0.500000
vt 0.500000 0.500000
vt 0.000000 1.000000
vt 0.750000 0.875000
vt 0.829043 0.886983
vt 0.825174 0.897793
vt 0.813947 0.906373
vt 0.796460 0.911881
vt 0.774426 0.913779
vt 0.750000 0.911881
vt 0.725575 0.906373
vt 0.703540 0.897794
vt 0.686053 0.886983
vt 0.674826 0.875000
vt 0.670958 0.863017
vt 0.674826 0.852206
vt 0.686053 0.843627
vt 0.703540 0.838119
vt 0.725575 0.836221
vt 0.750000 0.838119
vt 0.774426 0.843627
vt 0.796460 0.852206
vt 0.813947 0.863017
vt 0.825174 0.875000
vt 0.900348 0.897793
vt 0.892989 0.918356
vt 0.871634 0.934674
vt 0.838372 0.945151
vt 0.796460 0.948761
vt 0.750000 0.945151
vt 0.703540 0.934674
vt 0.661628 0.918356
vt 0.628366 0.897794
vt 0.607011 0.875000
vt 0.599652 0.852206
vt 0.607011 0.831644
vt 0.628366 0.815326
vt 0.661628 0.804849
vt 0.703540 0.801239
vt 0.750000 0.804849
vt 0.796460 0.815326
vt 0.838372 0.831644
vt 0.871634 0.852206
vt 0.892989 0.875000
vt 0.956936 0.906373
vt 0.946808 0.934674
vt 0.917415 0.957134
vt 0.871634 0.971555
vt 0.813947 0.976524
vt 0.750000 0.971555
vt 0.686053 0.957134
vt 0.628366 0.934674
vt 0.582585 0.906373
vt 0.553192 0.875000
vt 0.543064 0.843627
vt 0.553192 0.815326
vt 0.582585 0.792866
vt 0.628366 0.778445
vt 0.686053 0.773476
vt 0.750000 0.778445
vt 0.813947 0.792866
vt 0.871634 0.815326
vt 0.917415 0.843627
vt 0.946808 0.875000
vt 0.993268 0.911881
vt 0.981361 0.945151
vt 0.946808 0.971555
vt 0.892989 0.988507
vt 0.825174 0.994348
vt 0.750000 0.988507
vt 0.674826 0.971555
vt 0.607011 0.945151
vt 0.553192 0.911881
vt 0.518639 0.875000
vt 0.506732 0.838119
vt 0.518639 0.804849
vt 0.553192 0.778445
vt 0.607011 0.761493
vt 0.674826 0.755652
vt 0.750000 0.761493
vt 0.825174 0.778445
vt 0.892989 0.804849
vt 0.946808 0.838119
vt 0.981361 0.875000
vt 1.005787 0.913779
vt 0.993268 0.948761
vt 0.956936 0.976524
vt 0.900348 0.994348
vt 0.829043 1.000490
vt 0.750000 0.994348
vt 0.670958 0.976524
vt 0.599652 0.948761
vt 0.543064 0.913779
vt 0.506732 0.875000
vt 0.494213 0.836221
vt 0.506732 0.801239
vt 0.543064 0.773476
vt 0.599652 0.755652
vt 0.670958 0.749510
vt 0.750000 0.755652
vt 0.829043 0.773476
vt 0.900348 0.801239
vt 0.956936 0.836221
vt 0.993268 1.000000
vt 0.027560 0.021040
vt 1.004349 0.021773
vt 0.027560 0.021773
vt 1.004349 0.021040
vt 0.027560 0.021040
vt 1.004349 0.021773
vt 0.027560 0.021773
vt 1.004349 0.021040
vt 0.027560 0.021040
vt 1.004349 0.021773
vt 0.027560 0.021773
vt 1.004349 0.021040
vt 0.027560 0.021040
vt 1.004349 0.021773
vt 0.027560 0.021773
vt 1.004349 0.021040
vt 0.027560 0.021040
vt 1.004349 0.021773
vt 0.027560 0.021773
vt 1.004349 0.021040
vt 0.027560 0.021040
vt 1.004349 0.021773
vt 0.027560 0.021773
vt 1.004349 0.021040
vt 0.027560 0.021040
vt 1.004349 0.021773
vt 0.027560 0.021773
vt 1.004349 0.021040
vt 0.027560 0.021040
vt 1.004349 0.021773
vt 0.027560 0.021773
vt 1.004349 0.021040
vt 0.027560 0.021040
vt 1.004349 0.021773
vt 0.027560 0.021773
vt 1.004349 0.021040
vt 0.027560 0.021040
vt 1.004349 0.021773
vt 0.027560 0.021773
vt 1.004349 0.021040
vt 0.027560 0.021040
vt 1.004349 0.021773
vt 0.027560 0.021773
vt 1.004349 0.021040
vt 0.027560 0.021040
vt 1.004349 0.021773
vt 0.027560 0.021773
vt 1.004349 0.021040
vt 0.027560 0.021040
vt 1.004349 0.021773
vt 0.027560 0.021773
vt 1.004349 0.021040
vt 0.027560 0.021040
vt 1.004349 0.021773
vt 0.027560 0.021773
vt 1.004349 0.021040
vt 0.027560 0.021040
vt 1.004349 0.021773
vt 0.027560 0.021773
vt 1.004349 0.021040
vt 0.027560 0.021040
vt 1.004349 0.021773
vt 0.027560 0.021773
vt 1.004349 0.021040
vt 0.027560 0.021040
vt 1.004349 1.000000
vt 0.027560 0.021040
vt 1.004349 0.021773
vt 0.027560 0.021773
vt 1.004349 0.021040
vt 0.027560 0.021040
vt 1.004349 0.021773
vt 0.027560 0.021773
vt 1.004349 0.021040
vt 0.027560 0.021040
vt 1.004349 0.021773
vt 0.027560 0.021773
vt 1.004349 0.021040
vt 0.027560 0.021040
vt 1.004349 0.021773
vt 0.027560 0.021773
vt 1.004349 0.021040
vt 0.027560 0.021040
vt 1.004349 0.021773
vt 0.027560 0.021773
vt 1.004349 0.021040
vt 0.027560 0.021040
vt 1.004349 0.021773
vt 0.027560 0.021773
vt 1.004349 0.021040
vt 0.027560 0.021040
vt 1.004349 0.021773
vt 0.027560 0.021773
vt 1.004349 0.021040
vt 0.027560 0.021040
vt 1.004349 0.021773
vt 0.027560 0.021773
vt 1.004349 0.021040
vt 0.027560 0.021040
vt 1.004349 0.021773
vt 0.027560 0.021773
vt 1.004349 0.021040
vt 0.027560 0.021040
vt 1.004349 0.021773
vt 0.027560 0.021773
vt 1.004349 0.021040
vt 0.027560 0.021040
vt 1.004349 0.021773
vt 0.027560 0.021773
vt 1.004349 0.021040
vt 0.027560 0.021040
vt 1.004349 0.021773
vt 0.027560 0.021773
vt 1.004349 0.021040
vt 0.027560 0.021040
vt 1.004349 0.021773
vt 0.027560 0.021773
vt 1.004349 0.021040
vt 0.027560 0.021040
vt 1.004349 0.021773
vt 0.027560 0.021773
vt 1.004349 0.021040
vt 0.027560 0.021040
vt 1.004349 0.021773
vt 0.027560 0.021773
vt 1.004349 0.021040
vt 0.027560 0.021040
vt 1.004349 0.021773
vt 0.027560 0.021773
vt 1.004349 0.021040
vt 0.027560 0.021040
vt 1.004349 1.000000
vt 0.027560 0.021040
vt 1.004349 0.021773
vt 0.027560 0.021773
vt 1.004349 0.021040
vt 0.027560 0.021040
vt 1.004349 0.021773
vt 0.027560 0.021773
vt 1.004349 0.021040
vt 0.027560 0.021040
vt 1.004349 0.021773
vt 0.027560 0.021773
vt 1.004349 0.021040
vt 0.027560 0.021040
vt 1.004349 0.021773
vt 0.027560 0.021773
vt 1.004349 0.021040
vt 0.027560 0.021040
vt 1.004349 0.021773
vt 0.027560 0.021773
vt 1.004349 0.021040
vt 0.027560 0.021040
vt 1.004349 0.021773
vt 0.027560 0.021773
vt 1.004349 0.021040
vt 0.027560 0.021040
vt 1.004349 0.021773
vt 0.027560 0.021773
vt 1.004349 0.021040
vt 0.027560 0.021040
vt 1.004349 0.021773
vt 0.027560 0.021773
vt 1.004349 0.021040
vt 0.027560 0.021040
vt 1.004349 0.021773
vt 0.027560 0.021773
vt 1.004349 0.021040
vt 0.027560 0.021040
vt 1.004349 0.021773
vt 0.027560 0.021773
vt 1.004349 0.021040
vt 0.027560 0.021040
vt 1.004349 0.021773
vt 0.027560 0.021773
vt 1.004349 0.021040
vt 0.027560 0.021040
vt 1.004349 0.021773
vt 0.027560 0.021773
vt 1.004349 0.021040
vt 0.027560 0.021040
vt 1.004349 0.021773
vt 0.027560 0.021773
vt 1.004349 0.021040
vt 0.027560 0.021040
vt 1.004349 0.021773
vt 0.027560 0.021773
vt 1.004349 0.021040
vt 0.027560 0.021040
vt 1.004349 0.021773
vt 0.027560 0.021773
vt 1.004349 0.021040
vt 0.027560 0.021040
vt 1.004349 0.021773
vt 0.027560 0.021773
vt 1.004349 0.021040
vt 0.027560 0.021040
vt 1.004349 1.000000
vt 0.027560 0.021040
vt 1.004349 0.021773
vt 0.027560 0.021773
vt 1.004349 0.021040
vt 0.027560 0.021040
vt 1.004349 0.021773
vt 0.027560 0.021773
vt 1.004349 0.021040
vt 0.027560 0.021040
vt 1.004349 0.021773
vt 0.027560 0.021773
vt 1.004349 0.021040
vt 0.027560 0.021040
vt 1.004349 0.021773
vt 0.027560 0.021773
vt 1.004349 0.021040
vt 0.027560 0.021040
vt 1.004349 0.021773
vt 0.027560 0.021773
vt 1.004349 0.021040
vt 0.027560 0.021040
vt 1.004349 0.021773
vt 0.027560 0.021773
vt 1.004349 0.021040
vt 0.027560 0.021040
vt 1.004349 0.021773
vt 0.027560 0.021773
vt 1.004349 0.021040
vt 0.027560 0.021040
vt 1.004349 0.021773
vt 0.027560 0.021773
vt 1.004349 0.021040
vt 0.027560 0.021040
vt 1.004349 0.021773
vt 0.027560 0.021773
vt 1.004349 0.021040
vt 0.027560 0.021040
vt 1.004349 0.021773
vt 0.027560 0.021773
vt 1.004349 0.021040
vt 0.027560 0.021040
vt 1.004349 0.021773
vt 0.027560 0.021773
vt 1.004349 0.021040
vt 0.027560 0.021040
vt 1.004349 0.021773
vt 0.027560 0.021773
vt 1.004349 0.021040
vt 0.027560 0.021040
vt 1.004349 0.021773
vt 0.027560 0.021773
vt 1.004349 0.021040
vt 0.027560 0.021040
vt 1.004349 0.021773
vt 0.027560 0.021773
vt 1.004349 0.021040
vt 0.027560 0.021040
vt 1.004349 0.021773
vt 0.027560 0.021773
vt 1.004349 0.021040
vt 0.027560 0.021040
vt 1.004349 0.021773
vt 0.027560 0.021773
vt 1.004349 0.021040
vt 0.027560 0.021040
vt 1.004349 1.000000
vt 0.750000 0.875000
vt 0.829043 0.886983
vt 0.825174 0.897793
vt 0.813947 0.906373
vt 0.796460 0.911881
vt 0.774426 0.913779
vt 0.750000 0.911881
vt 0.725575 0.906373
vt 0.703540 0.897794
vt 0.686053 0.886983
vt 0.674826 0.875000
vt 0.670958 0.863017
vt 0.674826 0.852206
vt 0.686053 0.843627
vt 0.703540 0.838119
vt 0.725575 0.836221
vt 0.750000 0.838119
vt 0.774426 0.843627
vt 0.796460 0.852206
vt 0.813947 0.863017
vt 0.825174 0.875000
vt 0.900348 0.897793
vt 0.892989 0.918356
vt 0.871634 0.934674
vt 0.838372 0.945151
vt 0.796460 0.948761
vt 0.750000 0.945151
vt 0.703540 0.934674
vt 0.661628 0.918356
vt 0.628366 0.897794
vt 0.607011 0.875000
vt 0.599652 0.852206
vt 0.607011 0.831644
vt 0.628366 0.815326
vt 0.661628 0.804849
vt 0.703540 0.801239
vt 0.750000 0.804849
vt 0.796460 0.815326
vt 0.838372 0.831644
vt 0.871634 0.852206
vt 0.892989 0.875000
vt 0.956936 0.906373
vt 0.946808 0.934674
vt 0.917415 0.957134
vt 0.871634 0.971555
vt 0.813947 0.976524
vt 0.750000 0.971555
vt 0.686053 0.957134
vt 0.628366 0.934674
vt 0.582585 0.906373
vt 0.553192 0.875000
vt 0.543064 0.843627
vt 0.553192 0.815326
vt 0.582585 0.792866
vt 0.628366 0.778445
vt 0.686053 0.773476
vt 0.750000 0.778445
vt 0.813947 0.792866
vt 0.871634 0.815326
vt 0.917415 0.843627
vt 0.946808 0.875000
vt 0.993268 0.911881
vt 0.981361 0.945151
vt 0.946808 0.971555
vt 0.892989 0.988507
vt 0.825174 0.994348
vt 0.750000 0.988507
vt 0.674826 0.971555
vt 0.607011 0.945151
vt 0.553192 0.911881
vt 0.518639 0.875000
vt 0.506732 0.838119
vt 0.518639 0.804849
vt 0.553192 0.778445
vt 0.607011 0.761493
vt 0.674826 0.755652
vt 0.750000 0.761493
vt 0.825174 0.778445
vt 0.892989 0.804849
vt 0.946808 0.838119
vt 0.981361 0.875000
vt 1.005787 0.913779
vt 0.993268 0.948761
vt 0.956936 0.976524
vt 0.900348 0.994348
vt 0.829043 1.000490
vt 0.750000 0.994348
vt 0.670958 0.976524
vt 0.599652 0.948761
vt 0.543064 0.913779
vt 0.506732 0.875000
vt 0.494213 0.836221
vt 0.506732 0.801239
vt 0.543064 0.773476
vt 0.599652 0.755652
vt 0.670958 0.749510
vt 0.750000 0.755652
vt 0.829043 0.773476
vt 0.900348 0.801239
vt 0.956936 0.836221
vt 0.993268 1.000000
vt 0.750000 0.875000
vt 0.829043 0.886983
vt 0.825174 0.897793
vt 0.813947 0.906373
vt 0.796460 0.911881
vt 0.774426 0.913779
vt 0.750000 0.911881
vt 0.725575 0.906373
vt 0.703540 0.897794
vt 0.686053 0.886983
vt 0.674826 0.875000
vt 0.670958 0.863017
vt 0.674826 0.852206
vt 0.686053 0.843627
vt 0.703540 0.838119
vt 0.725575 0.836221
vt 0.750000 0.838119
vt 0.774426 0.843627
vt 0.796460 0.852206
vt 0.813947 0.863017
vt 0.825174 0.875000
vt 0.900348 0.897793
vt 0.892989 0.918356
vt 0.871634 0.934674
vt 0.838372 0.945151
vt 0.796460 0.948761
vt 0.750000 0.945151
vt 0.703540 0.934674
vt 0.661628 0.918356
vt 0.628366 0.897794
vt 0.607011 0.875000
vt 0.599652 0.852206
vt 0.607011 0.831644
vt 0.628366 0.815326
vt 0.661628 0.804849
vt 0.703540 0.801239
vt 0.750000 0.804849
vt 0.796460 0.815326
vt 0.838372 0.831644
vt 0.871634 0.852206
vt 0.892989 0.875000
vt 0.956936 0.906373
vt 0.946808 0.934674
vt 0.917415 0.957134
vt 0.871634 0.971555
vt 0.813947 0.976524
vt 0.750000 0.971555
vt 0.686053 0.957134
vt 0.628366 0.934674
vt 0.582585 0.906373
vt 0.553192 0.875000
vt 0.543064 0.843627
vt 0.553192 0.815326
vt 0.582585 0.792866
vt 0.628366 0.778445
vt 0.686053 0.773476
vt 0.750000 0.778445
vt 0.813947 0.792866
vt 0.871634 0.815326
vt 0.917415 0.843627
vt 0.946808 0.875000
vt 0.993268 0.911881
vt 0.981361 0.945151
vt 0.946808 0.971555
vt 0.892989 0.988507
vt 0.825174 0.994348
vt 0.750000 0.988507
vt 0.674826 0.971555
vt 0.607011 0.945151
vt 0.553192 0.911881
vt 0.518639 0.875000
vt 0.506732 0.838119
vt 0.518639 0.804849
vt 0.553192 0.778445
vt 0.607011 0.761493
vt 0.674826 0.755652
vt 0.750000 0.761493
vt 0.825174 0.778445
vt 0.892989 0.804849
vt 0.946808 0.838119
vt 0.981361 0.875000
vt 1.005787 0.913779
vt 0.993268 0.948761
vt 0.956936 0.976524
vt 0.900348 0.994348
vt 0.829043 1.000490
vt 0.750000 0.994348
vt 0.670958 0.976524
vt 0.599652 0.948761
vt 0.543064 0.913779
vt 0.506732 0.875000
vt 0.494213 0.836221
vt 0.506732 0.801239
vt 0.543064 0.773476
vt 0.599652 0.755652
vt 0.670958 0.749510
vt 0.750000 0.755652
vt 0.829043 0.773476
vt 0.900348 0.801239
vt 0.956936 0.836221
vt 0.993268 1.000000
vt 0.750000 0.250000
vt 0.750000 0.500000
vt 1.000000 0.250000
vt 1.000000 1.000000
vt 0.750000 0.250000
vt 0.750000 0.500000
vt 1.000000 0.250000
vt 1.000000 1.000000
vt 0.750000 0.250000
vt 0.750000 0.500000
vt 1.000000 0.250000
vt 1.000000 1.000000
vt 0.750000 0.250000
vt 0.750000 0.500000
vt 1.000000 0.250000
vt 1.000000 1.000000
vt 0.750000 0.250000
vt 0.750000 0.500000
vt 1.000000 0.250000
vt 1.000000 1.000000
vt 0.750000 0.250000
vt 0.750000 0.500000
vt 1.000000 0.250000
vt 1.000000 1.000000
vt 0.750000 0.250000
vt 0.750000 0.500000
vt 1.000000 0.250000
vt 1.000000 1.000000
vt 0.750000 0.250000
vt 0.750000 0.500000
vt 1.000000 0.250000
vt 1.000000 1.000000
vt 0.750000 0.250000
vt 0.750000 0.500000
vt 1.000000 0.250000
vt 1.000000 1.000000
vt 0.750000 0.250000
vt 0.750000 0.500000
vt 1.000000 0.250000
vt 1.000000 1.000000
vt 0.750000 0.250000
vt 0.750000 0.500000
vt 1.000000 0.250000
vt 1.000000 1.000000
vt 0.750000 0.250000
vt 0.750000 0.500000
vt 1.000000 0.250000
vt 1.000000 1.000000
vt 0.750000 0.250000
vt 0.750000 0.500000
vt 1.000000 0.250000
vt 1.000000 1.000000
vt 0.750000 0.250000
vt 0.750000 0.500000
vt 1.000000 0.250000
vt 1.000000 1.000000
vt 0.750000 0.250000
vt 0.750000 0.500000
vt 1.000000 0.250000
vt 1.000000 1.000000
vt 0.750000 0.250000
vt 0.750000 0.500000
vt 1.000000 0.250000
vt 1.000000 1.000000
vt 0.750000 0.250000
vt 0.750000 0.500000
vt 1.000000 0.250000
vt 1.000000 1.000000
vt 0.750000 0.250000
vt 0.750000 0.500000
vt 1.000000 0.250000
vt 1.000000 1.000000
vt 0.750000 0.250000
vt 0.750000 0.500000
vt 1.000000 0.250000
vt 1.000000 1.000000
vt 0.750000 0.250000
vt 0.750000 0.500000
vt 1.000000 0.250000
vt 1.000000 1.000000
vt 0.750000 0.250000
vt 0.750000 0.500000
vt 1.000000 0.250000
vt 1.000000 1.000000
vt 0.750000 0.250000
vt 0.750000 0.500000
vt 1.000000 0.250000
vt 1.000000 1.000000
vt 0.750000 0.250000
vt 0.750000 0.500000
vt 1.000000 0.250000
vt 1.000000 1.000000
vt 0.750000 0.250000
vt 0.750000 0.500000
vt 1.000000 0.250000
vt 1.000000 1.000000
vt 0.750000 0.250000
vt 0.750000 0.500000
vt 1.000000 0.250000
vt 1.000000 1.000000
vt 0.750000 0.250000
vt 0.750000 0.500000
vt 1.000000 0.250000
vt 1.000000 1.000000
vt 0.750000 0.250000
vt 0.750000 0.500000
vt 1.000000 0.250000
vt 1.000000 1.000000
vt 0.750000 0.250000
vt 0.750000 0.500000
vt 1.000000 0.250000
vt 1.000000 1.000000
vt 0.750000 0.250000
vt 0.750000 0.500000
vt 1.000000 0.250000
vt 1.000000 1.000000
vt 0.750000 0.250000
vt 0.750000 0.500000
vt 1.000000 0.250000
vt 1.000000 1.000000
vt 0.750000 0.250000
vt 0.750000 0.500000
vt 1.000000 0.250000
vt 1.000000 1.000000
vt 0.750000 0.250000
vt 0.750000 0.500000
vt 1.000000 0.250000
vt 1.000000 1.000000
vt 0.750000 0.250000
vt 0.750000 0.500000
vt 1.000000 0.250000
vt 1.000000 1.000000
vt 0.750000 0.250000
vt 0.750000 0.500000
vt 1.000000 0.250000
vt 1.000000 1.000000
vt 0.750000 0.250000
vt 0.750000 0.500000
vt 1.000000 0.250000
vt 1.000000 1.000000
vt 0.750000 0.250000
vt 0.750000 0.500000
vt 1.000000 0.250000
vt 1.000000 1.000000
vt 0.750000 0.250000
vt 0.750000 0.500000
vt 1.000000 0.250000
vt 1.000000 1.000000
vt 0.750000 0.250000
vt 0.750000 0.500000
vt 1.000000 0.250000
vt 1.000000 1.000000
vt 0.750000 0.250000
vt 0.750000 0.500000
vt 1.000000 0.250000
vt 1.000000 1.000000
vt 0.750000 0.250000
vt 0.750000 0.500000
vt 1.000000 0.250000
vt 1.000000 1.000000
vt 0.750000 0.250000
vt 0.750000 0.500000
vt 1.000000 0.250000
vt 1.000000 1.000000
vt 0.750000 0.250000
vt 0.750000 0.500000
vt 1.000000 0.250000
vt 1.000000 1.000000
vt 0.750000 0.250000
vt 0.750000 0.500000
vt 1.000000 0.250000
vt 1.000000 1.000000
vt 0.750000 0.250000
vt 0.750000 0.500000
vt 1.000000 0.250000
vt 1.000000 1.000000
vt 0.750000 0.250000
vt 0.750000 0.500000
vt 1.000000 0.250000
vt 1.000000 1.000000
vt 0.750000 0.250000
vt 0.750000 0.500000
vt 1.000000 0.250000
vt 1.000000 1.000000
vt 0.750000 0.250000
vt 0.750000 0.500000
vt 1.000000 0.250000
vt 1.000000 1.000000
vt 0.750000 0.250000
vt 0.750000 0.500000
vt 1.000000 0.250000
vt 1.000000 1.000000
vt 0.750000 0.250000
vt 0.750000 0.500000
vt 1.000000 0.250000
vt 1.000000 1.000000
vt 0.750000 0.250000
vt 0.750000 0.500000
vt 1.000000 0.250000
vt 1.000000 1.000000
vt 0.750000 0.250000
vt 0.750000 0.500000
vt 1.000000 0.250000
vt 1.000000 1.000000
vt 0.750000 0.250000
vt 0.750000 0.500000
vt 1.000000 0.250000
vt 1.000000 1.000000
vt 0.750000 0.250000
vt 0.750000 0.500000
vt 1.000000 0.250000
vt 1.000000 1.000000
vt 0.988095 0.755952
vt 0.988095 0.994048
vt 0.511905 0.755952
vt 0.511905 1.000000
vt 0.988095 0.755952
vt 0.988095 0.994048
vt 0.511905 0.755952
vt 0.511905 1.000000
vt 0.988095 0.755952
vt 0.988095 0.994048
vt 0.511905 0.755952
vt 0.511905 1.000000
vt 0.988095 0.755952
vt 0.988095 0.994048
vt 0.511905 0.755952
vt 0.511905 1.000000
vt 0.988095 0.755952
vt 0.988095 0.994048
vt 0.511905 0.755952
vt 0.511905 1.000000
vt 0.988095 0.755952
vt 0.988095 0.994048
vt 0.511905 0.755952
vt 0.511905 1.000000
vt 0.988095 0.755952
vt 0.988095 0.994048
vt 0.511905 0.755952
vt 0.511905 1.000000
vt 0.988095 0.755952
vt 0.988095 0.994048
vt 0.511905 0.755952
vt 0.511905 1.000000
vt 0.988095 0.755952
vt 0.988095 0.994048
vt 0.511905 0.755952
vt 0.511905 1.000000
vt 0.988095 0.755952
vt 0.988095 0.994048
vt 0.511905 0.755952
vt 0.511905 1.000000
vt 0.988095 0.755952
vt 0.988095 0.994048
vt 0.511905 0.755952
vt 0.511905 1.000000
vt 0.988095 0.755952
vt 0.988095 0.994048
vt 0.511905 0.755952
vt 0.511905 1.000000
vt 0.988095 0.755952
vt 0.988095 0.994048
vt 0.511905 0.755952
vt 0.511905 1.000000
vt 0.988095 0.755952
vt 0.988095 0.994048
vt 0.511905 0.755952
vt 0.511905 1.000000
vt 0.988095 0.755952
vt 0.988095 0.994048
vt 0.511905 0.755952
vt 0.511905 1.000000
vt 0.988095 0.755952
vt 0.988095 0.994048
vt 0.511905 0.755952
vt 0.511905 1.000000
vt 0.988095 0.755952
vt 0.988095 0.994048
vt 0.511905 0.755952
vt 0.511905 1.000000
vt 0.988095 0.755952
vt 0.988095 0.994048
vt 0.511905 0.755952
vt 0.511905 1.000000
vt 0.988095 0.755952
vt 0.988095 0.994048
vt 0.511905 0.755952
vt 0.511905 1.000000
vt 0.988095 0.755952
vt 0.988095 0.994048
vt 0.511905 0.755952
vt 0.511905 1.000000
vt 0.988095 0.755952
vt 0.988095 0.994048
vt 0.511905 0.755952
vt 0.511905 1.000000
vt 0.988095 0.755952
vt 0.988095 0.994048
vt 0.511905 0.755952
vt 0.511905 1.000000
vt 0.988095 0.755952
vt 0.988095 0.994048
vt 0.511905 0.755952
vt 0.511905 1.000000
vt 0.988095 0.755952
vt 0.988095 0.994048
vt 0.511905 0.755952
vt 0.511905 1.000000
vt 0.988095 0.755952
vt 0.988095 0.994048
vt 0.511905 0.755952
vt 0.511905 1.000000
vt 0.988095 0.755952
vt 0.988095 0.994048
vt 0.511905 0.755952
vt 0.511905 1.000000
vt 0.988095 0.755952
vt 0.988095 0.994048
vt 0.511905 0.755952
vt 0.511905 1.000000
vt 0.988095 0.755952
vt 0.988095 0.994048
vt 0.511905 0.755952
vt 0.511905 1.000000
vt 0.988095 0.755952
vt 0.988095 0.994048
vt 0.511905 0.755952
vt 0.511905 1.000000
vt 0.988095 0.755952
vt 0.988095 0.994048
vt 0.511905 0.755952
vt 0.511905 1.000000
vt 0.988095 0.755952
vt 0.988095 0.994048
vt 0.511905 0.755952
vt 0.511905 1.000000
vt 0.988095 0.755952
vt 0.988095 0.994048
vt 0.511905 0.755952
vt 0.511905 1.000000
vt 0.988095 0.755952
vt 0.988095 0.994048
vt 0.511905 0.755952
vt 0.511905 1.000000
vt 0.988095 0.755952
vt 0.988095 0.994048
vt 0.511905 0.755952
vt 0.511905 1.000000
vt 0.988095 0.755952
vt 0.988095 0.994048
vt 0.511905 0.755952
vt 0.511905 1.000000
vt 0.988095 0.755952
vt 0.988095 0.994048
vt 0.511905 0.755952
vt 0.511905 1.000000
vt 0.988095 0.755952
vt 0.988095 0.994048
vt 0.511905 0.755952
vt 0.511905 1.000000
vt 0.988095 0.755952
vt 0.988095 0.994048
vt 0.511905 0.755952
vt 0.511905 1.000000
vt 0.988095 0.755952
vt 0.988095 0.994048
vt 0.511905 0.755952
vt 0.511905 1.000000
vt 0.988095 0.755952
vt 0.988095 0.994048
vt 0.511905 0.755952
vt 0.511905 1.000000
vt 0.988095 0.755952
vt 0.988095 0.994048
vt 0.511905 0.755952
vt 0.511905 1.000000
vt 0.988095 0.755952
vt 0.988095 0.994048
vt 0.511905 0.755952
vt 0.511905 1.000000
vt 0.988095 0.755952
vt 0.988095 0.994048
vt 0.511905 0.755952
vt 0.511905 1.000000
vt 0.988095 0.755952
vt 0.988095 0.994048
vt 0.511905 0.755952
vt 0.511905 1.000000
vt 0.988095 0.755952
vt 0.988095 0.994048
vt 0.511905 0.755952
vt 0.511905 1.000000
vt 0.988095 0.755952
vt 0.988095 0.994048
vt 0.511905 0.755952
vt 0.511905 1.000000
vt 0.988095 0.755952
vt 0.988095 0.994048
vt 0.511905 0.755952
vt 0.511905 1.000000
vt 0.988095 0.755952
vt 0.988095 0.994048
vt 0.511905 0.755952
vt 0.511905 1.000000
vt 0.750000 0.250000
vt 0.750000 0.500000
vt 1.000000 0.250000
vt 1.000000 1.000000
vt 0.750000 0.250000
vt 0.750000 0.500000
vt 1.000000 0.250000
vt 1.000000 1.000000
vt 0.750000 0.250000
vt 0.750000 0.500000
vt 1.000000 0.250000
vt 1.000000 1.000000
vt 0.750000 0.250000
vt 0.750000 0.500000
vt 1.000000 0.250000
vt 1.000000 1.000000
vt 0.750000 0.250000
vt 0.750000 0.500000
vt 1.000000 0.250000
vt 1.000000 1.000000
vt 0.750000 0.250000
vt 0.750000 0.500000
vt 1.000000 0.250000
vt 1.000000 1.000000
vt 0.750000 0.250000
vt 0.750000 0.500000
vt 1.000000 0.250000
vt 1.000000 1.000000
vt 0.750000 0.250000
vt 0.750000 0.500000
vt 1.000000 0.250000
vt 1.000000 1.000000
vt 0.750000 0.250000
vt 0.750000 0.500000
vt 1.000000 0.250000
vt 1.000000 1.000000
vt 0.750000 0.250000
vt 0.750000 0.500000
vt 1.000000 0.250000
vt 1.000000 1.000000
vt 0.750000 0.250000
vt 0.750000 0.500000
vt 1.000000 0.250000
vt 1.000000 1.000000
vt 0.750000 0.250000
vt 0.750000 0.500000
vt 1.000000 0.250000
vt 1.000000 1.000000
vt 0.750000 0.250000
vt 0.750000 0.500000
vt 1.000000 0.250000
vt 1.000000 1.000000
vt 0.750000 0.250000
vt 0.750000 0.500000
vt 1.000000 0.250000
vt 1.000000 1.000000
vt 0.750000 0.250000
vt 0.750000 0.500000
vt 1.000000 0.250000
vt 1.000000 1.000000
vt 0.750000 0.250000
vt 0.750000 0.500000
vt 1.000000 0.250000
vt 1.000000 1.000000
vt 0.750000 0.250000
vt 0.750000 0.500000
vt 1.000000 0.250000
vt 1.000000 1.000000
vt 0.750000 0.250000
vt 0.750000 0.500000
vt 1.000000 0.250000
vt 1.000000 1.000000
vt 0.750000 0.250000
vt 0.750000 0.500000
vt 1.000000 0.250000
vt 1.000000 1.000000
vt 0.750000 0.250000
vt 0.750000 0.500000
vt 1.000000 0.250000
vt 1.000000 1.000000
vt 0.750000 0.250000
vt 0.750000 0.500000
vt 1.000000 0.250000
vt 1.000000 1.000000
vt 0.750000 0.250000
vt 0.750000 0.500000
vt 1.000000 0.250000
vt 1.000000 1.000000
vt 0.750000 0.250000
vt 0.750000 0.500000
vt 1.000000 0.250000
vt 1.000000 1.000000
vt 0.750000 0.250000
vt 0.750000 0.500000
vt 1.000000 0.250000
vt 1.000000 1.000000
vt 0.750000 0.250000
vt 0.750000 0.500000
vt 1.000000 0.250000
vt 1.000000 1.000000
vt 0.750000 0.250000
vt 0.750000 0.500000
vt 1.000000 0.250000
vt 1.000000 1.000000
vt 0.750000 0.250000
vt 0.750000 0.500000
vt 1.000000 0.250000
vt 1.000000 1.000000
vt 0.750000 0.250000
vt 0.750000 0.500000
vt 1.000000 0.250000
vt 1.000000 1.000000
vt 0.750000 0.250000
vt 0.750000 0.500000
vt 1.000000 0.250000
vt 1.000000 1.000000
vt 0.750000 0.250000
vt 0.750000 0.500000
vt 1.000000 0.250000
vt 1.000000 1.000000
vt 0.750000 0.250000
vt 0.750000 0.500000
vt 1.000000 0.250000
vt 1.000000 1.000000
vt 0.750000 0.250000
vt 0.750000 0.500000
vt 1.000000 0.250000
vt 1.000000 1.000000
vt 0.750000 0.250000
vt 0.750000 0.500000
vt 1.000000 0.250000
vt 1.000000 1.000000
vt 0.750000 0.250000
vt 0.750000 0.500000
vt 1.000000 0.250000
vt 1.000000 1.000000
vt 0.750000 0.250000
vt 0.750000 0.500000
vt 1.000000 0.250000
vt 1.000000 1.000000
vt 0.750000 0.250000
vt 0.750000 0.500000
vt 1.000000 0.250000
vt 1.000000 1.000000
vt 0.750000 0.250000
vt 0.750000 0.500000
vt 1.000000 0.250000
vt 1.000000 1.000000
vt 0.750000 0.250000
vt 0.750000 0.500000
vt 1.000000 0.250000
vt 1.000000 1.000000
vt 0.750000 0.250000
vt 0.750000 0.500000
vt 1.000000 0.250000
vt 1.000000 1.000000
vt 0.750000 0.250000
vt 0.750000 0.500000
vt 1.000000 0.250000
vt 1.000000 1.000000
vt 0.750000 0.250000
vt 0.750000 0.500000
vt 1.000000 0.250000
vt 1.000000 1.000000
vt 0.750000 0.250000
vt 0.750000 0.500000
vt 1.000000 0.250000
vt 1.000000 1.000000
vt 0.750000 0.250000
vt 0.750000 0.500000
vt 1.000000 0.250000
vt 1.000000 1.000000
vt 0.750000 0.250000
vt 0.750000 0.500000
vt 1.000000 0.250000
vt 1.000000 1.000000
vt 0.750000 0.250000
vt 0.750000 0.500000
vt 1.000000 0.250000
vt 1.000000 1.000000
vt 0.750000 0.250000
vt 0.750000 0.500000
vt 1.000000 0.250000
vt 1.000000 1.000000
vt 0.750000 0.250000
vt 0.750000 0.500000
vt 1.000000 0.250000
vt 1.000000 1.000000
vt 0.750000 0.250000
vt 0.750000 0.500000
vt 1.000000 0.250000
vt 1.000000 1.000000
vt 0.750000 0.250000
vt 0.750000 0.500000
vt 1.000000 0.250000
vt 1.000000 1.000000
vt 0.750000 0.250000
vt 0.750000 0.500000
vt 1.000000 0.250000
vt 1.000000 1.000000
vt 0.750000 0.250000
vt 0.750000 0.500000
vt 1.000000 0.250000
vt 1.000000 1.000000
vt 0.750000 0.250000
vt 0.750000 0.500000
vt 1.000000 0.250000
vt 1.000000 1.000000
vt 0.750000 0.250000
vt 0.750000 0.500000
vt 1.000000 0.250000
vt 1.000000 1.000000
vt 0.500000 0.000000
vt 0.500000 0.500000
vt 1.000000 0.000000
vt 1.000000 1.000000
vt 1.000000 1.000000
vt 0.500000 0.500000
vt 1.000000 0.500000
vt 0.500000 1.000000
vt 1.000000 1.000000
vt 0.500000 0.500000
vt 1.000000 0.500000
vt 0.500000 1.000000
vt 0.500000 0.500000
vt 0.500000 1.000000
vt 1.000000 0.500000
vt 1.000000 1.000000
vt 0.999501 0.808608
vt 0.899235 0.694168
vt 0.900113 0.546724
vt 0.909690 0.405782
vt 0.925401 0.309108
vt 0.943035 0.962807
vt 0.691995 0.764592
vt 0.693515 0.509210
vt 0.710104 0.265092
vt 0.737315 0.097647
vt 0.767859 0.999501
vt 0.433310 0.770621
vt 0.435065 0.475732
vt 0.454220 0.193848
vt 0.485641 0.000499
vt 0.520910 0.908855
vt 0.192494 0.710640
vt 0.194015 0.455258
vt 0.210603 0.211140
vt 0.237815 0.043695
vt 0.268359 0.715161
vt 0.034075 0.600721
vt 0.034952 0.453276
vt 0.044530 0.312334
vt 0.060241 0.215660
vt 0.077875 0.470316
vt 0.000500 1.000000
vt 0.999501 0.808608
vt 0.899235 0.694168
vt 0.900113 0.546724
vt 0.909690 0.405782
vt 0.925401 0.309108
vt 0.943035 0.962807
vt 0.691995 0.764592
vt 0.693515 0.509210
vt 0.710104 0.265092
vt 0.737315 0.097647
vt 0.767859 0.999501
vt 0.433310 0.770621
vt 0.435065 0.475732
vt 0.454220 0.193848
vt 0.485641 0.000499
vt 0.520910 0.908855
vt 0.192494 0.710640
vt 0.194015 0.455258
vt 0.210603 0.211140
vt 0.237815 0.043695
vt 0.268359 0.715161
vt 0.034075 0.600721
vt 0.034952 0.453276
vt 0.044530 0.312334
vt 0.060241 0.215660
vt 0.077875 0.470316
vt 0.000500 1.000000
vt 0.999501 0.808608
vt 0.899235 0.694168
vt 0.900113 0.546724
vt 0.909690 0.405782
vt 0.925401 0.309108
vt 0.943035 0.962807
vt 0.691995 0.764592
vt 0.693515 0.509210
vt 0.710104 0.265092
vt 0.737315 0.097647
vt 0.767859 0.999501
vt 0.433310 0.770621
vt 0.435065 0.475732
vt 0.454220 0.193848
vt 0.485641 0.000499
vt 0.520910 0.908855
vt 0.192494 0.710640
vt 0.194015 0.455258
vt 0.210603 0.211140
vt 0.237815 0.043695
vt 0.268359 0.715161
vt 0.034075 0.600721
vt 0.034952 0.453276
vt 0.044530 0.312334
vt 0.060241 0.215660
vt 0.077875 0.470316
vt 0.000500 1.000000
vt 0.999501 0.808608
vt 0.899235 0.694168
vt 0.900113 0.546724
vt 0.909690 0.405782
vt 0.925401 0.309108
vt 0.943035 0.962807
vt 0.691995 0.764592
vt 0.693515 0.509210
vt 0.710104 0.265092
vt 0.737315 0.097647
vt 0.767859 0.999501
vt 0.433310 0.770621
vt 0.435065 0.475732
vt 0.454220 0.193848
vt 0.485641 0.000499
vt 0.520910 0.908855
vt 0.192494 0.710640
vt 0.194015 0.455258
vt 0.210603 0.211140
vt 0.237815 0.043695
vt 0.268359 0.715161
vt 0.034075 0.600721
vt 0.034952 0.453276
vt 0.044530 0.312334
vt 0.060241 0.215660
vt 0.077875 0.470316
vt 0.000500 1.000000
vt 0.999501 0.808608
vt 0.899235 0.694168
vt 0.900113 0.546724
vt 0.909690 0.405782
vt 0.925401 0.309108
vt 0.943035 0.962807
vt 0.691995 0.764592
vt 0.693515 0.509210
vt 0.710104 0.265092
vt 0.737315 0.097647
vt 0.767859 0.999501
vt 0.433310 0.770621
vt 0.435065 0.475732
vt 0.454220 0.193848
vt 0.485641 0.000499
vt 0.520910 0.908855
vt 0.192494 0.710640
vt 0.194015 0.455258
vt 0.210603 0.211140
vt 0.237815 0.043695
vt 0.268359 0.715161
vt 0.034075 0.600721
vt 0.034952 0.453276
vt 0.044530 0.312334
vt 0.060241 0.215660
vt 0.077875 0.470316
vt 0.000500 1.000000
vt 0.999501 0.808608
vt 0.899235 0.694168
vt 0.900113 0.546724
vt 0.909690 0.405782
vt 0.925401 0.309108
vt 0.943035 0.962807
vt 0.691995 0.764592
vt 0.693515 0.509210
vt 0.710104 0.265092
vt 0.737315 0.097647
vt 0.767859 0.999501
vt 0.433310 0.770621
vt 0.435065 0.475732
vt 0.454220 0.193848
vt 0.485641 0.000499
vt 0.520910 0.908855
vt 0.192494 0.710640
vt 0.194015 0.455258
vt 0.210603 0.211140
vt 0.237815 0.043695
vt 0.268359 0.715161
vt 0.034075 0.600721
vt 0.034952 0.453276
vt 0.044530 0.312334
vt 0.060241 0.215660
vt 0.077875 0.470316
vt 0.000500 1.000000
vt 0.000000 0.000000
vt 0.000000 1.000000
vt 1.000000 0.000000
vt 1.000000 1.000000
vt 0.000000 0.000000
vt 0.000000 1.000000
vt 1.000000 0.000000
vt 1.000000 1.000000
vt 0.000000 0.000000
vt 0.000000 1.000000
vt 1.000000 0.000000
vt 1.000000 1.000000
vt 0.000000 0.000000
vt 0.000000 1.000000
vt 1.000000 0.000000
vt 1.000000 1.000000
vt 0.000000 0.000000
vt 0.000000 1.000000
vt 1.000000 0.000000
vt 1.000000 1.000000
vt 0.000000 0.000000
vt 0.000000 1.000000
vt 1.000000 0.000000
vt 1.000000 1.000000
vt 0.000000 0.000000
vt 0.000000 1.000000
vt 1.000000 0.000000
vt 1.000000 1.000000
vt 0.000000 0.000000
vt 0.000000 1.000000
vt 1.000000 0.000000
vt 1.000000 1.000000
vt 0.000000 0.000000
vt 0.000000 1.000000
vt 1.000000 0.000000
vt 1.000000 1.000000
vt 0.000000 0.000000
vt 0.000000 1.000000
vt 1.000000 0.000000
vt 1.000000 1.000000
vt 0.000000 0.000000
vt 0.000000 1.000000
vt 1.000000 0.000000
vt 1.000000 1.000000
vt 0.000000 0.000000
vt 0.000000 1.000000
vt 1.000000 0.000000
vt 1.000000 1.000000
vt 0.000000 0.000000
vt 0.000000 1.000000
vt 1.000000 0.000000
vt 1.000000 1.000000
vt 0.000000 0.000000
vt 0.000000 1.000000
vt 1.000000 0.000000
vt 1.000000 1.000000
vt 0.000000 0.000000
vt 0.000000 1.000000
vt 1.000000 0.000000
vt 1.000000 1.000000
vt 0.000000 0.000000
vt 0.000000 1.000000
vt 1.000000 0.000000
vt 1.000000 1.000000
vt 0.000000 0.000000
vt 0.000000 1.000000
vt 1.000000 0.000000
vt 1.000000 1.000000
vt 0.000000 0.000000
vt 0.000000 1.000000
vt 1.000000 0.000000
vt 1.000000 1.000000
vt 0.000000 0.000000
vt 0.000000 1.000000
vt 1.000000 0.000000
vt 1.000000 1.000000
vt 0.000000 0.000000
vt 0.000000 1.000000
vt 1.000000 0.000000
vt 1.000000 1.000000
vt 0.000000 0.000000
vt 0.000000 1.000000
vt 1.000000 0.000000
vt 1.000000 1.000000
vt 0.000000 0.000000
vt 0.000000 1.000000
vt 1.000000 0.000000
vt 1.000000 1.000000
vt 0.000000 0.000000
vt 0.000000 1.000000
vt 1.000000 0.000000
vt 1.000000 1.000000
vt 0.000000 0.000000
vt 0.000000 1.000000
vt 1.000000 0.000000
vt 1.000000 1.000000
vt 0.000000 0.000000
vt 0.000000 1.000000
vt 1.000000 0.000000
vt 1.000000 1.000000
vt 0.000000 0.000000
vt 0.000000 1.000000
vt 1.000000 0.000000
vt 1.000000 1.000000
vt 0.000000 0.000000
vt 0.000000 1.000000
vt 1.000000 0.000000
vt 1.000000 1.000000
vt 0.000000 0.000000
vt 0.000000 1.000000
vt 1.000000 0.000000
vt 1.000000 1.000000
vt 0.000000 0.000000
vt 0.000000 1.000000
vt 1.000000 0.000000
vt 1.000000 1.000000
vt 0.000000 0.000000
vt 0.000000 1.000000
vt 1.000000 0.000000
vt 1.000000 1.000000
vt 0.000000 0.000000
vt 0.000000 1.000000
vt 1.000000 0.000000
vt 1.000000 1.000000
vt 0.000000 0.000000
vt 0.000000 1.000000
vt 1.000000 0.000000
vt 1.000000 1.000000
vt 0.000000 0.000000
vt 0.000000 1.000000
vt 1.000000 0.000000
vt 1.000000 1.000000
vt 0.000000 0.000000
vt 0.000000 1.000000
vt 1.000000 0.000000
vt 1.000000 1.000000
vt 0.000000 0.000000
vt 0.000000 1.000000
vt 1.000000 0.000000
vt 1.000000 1.000000
vt 0.000000 0.000000
vt 0.000000 1.000000
vt 1.000000 0.000000
vt 1.000000 1.000000
vt 0.000000 0.000000
vt 0.000000 1.000000
vt 1.000000 0.000000
vt 1.000000 1.000000
vt 0.000000 0.000000
vt 0.000000 1.000000
vt 1.000000 0.000000
vt 1.000000 1.000000
vt 0.000000 0.000000
vt 0.000000 1.000000
vt 1.000000 0.000000
vt 1.000000 1.000000
vt 0.000000 0.000000
vt 0.000000 1.000000
vt 1.000000 0.000000
vt 1.000000 1.000000
vt 0.000000 0.000000
vt 0.000000 1.000000
vt 1.000000 0.000000
vt 1.000000 1.000000
vt 0.000000 0.000000
vt 0.000000 1.000000
vt 1.000000 0.000000
vt 1.000000 1.000000
vt 0.000000 0.000000
vt 0.000000 1.000000
vt 1.000000 0.000000
vt 1.000000 1.000000
vt 0.000000 0.000000
vt 0.000000 1.000000
vt 1.000000 0.000000
vt 1.000000 1.000000
vt 0.000000 0.000000
vt 0.000000 1.000000
vt 1.000000 0.000000
vt 1.000000 1.000000
vt 0.000000 0.000000
vt 0.000000 1.000000
vt 1.000000 0.000000
vt 1.000000 1.000000
vt 0.000000 0.000000
vt 0.000000 1.000000
vt 1.000000 0.000000
vt 1.000000 1.000000
vt 0.000000 0.000000
vt 0.000000 1.000000
vt 1.000000 0.000000
vt 1.000000 1.000000
vt 0.000000 0.000000
vt 0.000000 1.000000
vt 1.000000 0.000000
vt 1.000000 1.000000
vt 0.000000 0.000000
vt 0.000000 1.000000
vt 1.000000 0.000000
vt 1.000000 1.000000
vt 0.000000 0.000000
vt 0.000000 1.000000
vt 1.000000 0.000000
vt 1.000000 1.000000
vt 0.000000 0.000000
vt 0.000000 1.000000
vt 1.000000 0.000000
vt 1.000000 1.000000
vt 0.000000 0.000000
vt 0.000000 1.000000
vt 1.000000 0.000000
vt 1.000000 1.000000

f 3/3 4/4 1/1
f 2/2 1/1 4/4
f 7/7 8/8 5/5
f 6/6 5/5 8/8
f 9/9 11/11 10/10
f 9/9 12/12 11/11
f 9/9 13/13 12/12
f 9/9 14/14 13/13
f 9/9 15/15 14/14
f 9/9 16/16 15/15
f 9/9 17/17 16/16
f 9/9 18/18 17/17
f 9/9 19/19 18/18
f 9/9 20/20 19/19
f 9/9 21/21 20/20
f 9/9 22/22 21/21
f 9/9 23/23 22/22
f 9/9 24/24 23/23
f 9/9 25/25 24/24
f 9/9 26/26 25/25
f 9/9 27/27 26/26
f 9/9 28/28 27/27
f 9/9 29/29 28/28
f 9/9 10/10 29/29
f 31/31 10/10 11/11
f 10/10 31/31 30/30
f 32/32 11/11 12/12
f 11/11 32/32 31/31
f 33/33 12/12 13/13
f 12/12 33/33 32/32
f 34/34 13/13 14/14
f 13/13 34/34 33/33
f 35/35 14/14 15/15
f 14/14 35/35 34/34
f 36/36 15/15 16/16
f 15/15 36/36 35/35
f 37/37 16/16 17/17
f 16/16 37/37 36/36
f 38/38 17/17 18/18
f 17/17 38/38 37/37
f 39/39 18/18 19/19
f 18/18 39/39 38/38
f 40/40 19/19 20/20
f 19/19 40/40 39/39
f 41/41 20/20 21/21
f 20/20 41/41 40/40
f 42/42 21/21 22/22
f 21/21 42/42 41/41
f 43/43 22/22 23/23
f 22/22 43/43 42/42
f 44/44 23/23 24/24
f 23/23 44/44 43/43
f 45/45 24/24 25/25
f 24/24 45/45 44/44
f 46/46 25/25 26/26
f 25/25 46/46 45/45
f 47/47 26/26 27/27
f 26/26 47/47 46/46
f 48/48 27/27 28/28
f 27/27 48/48 47/47
f 49/49 28/28 29/29
f 28/28 49/49 48/48
f 30/30 29/29 10/10
f 29/29 30/30 49/49
f 51/51 30/30 31/31
f 30/30 51/51 50/50
f 52/52 31/31 32/32
f 31/31 52/52 51/51
f 53/53 32/32 33/33
f 32/32 53/53 52/52
f 54/54 33/33 34/34
f 33/33 54/54 53/53
f 55/55 34/34 35/35
f 34/34 55/55 54/54
f 56/56 35/35 36/36
f 35/35 56/56 55/55
f 57/57 36/36 37/37
f 36/36 57/57 56/56
f 58/58 37/37 38/38
f 37/37 58/58 57/57
f 59/59 38/38 39/39
f 38/38 59/59 58/58
f 60/60 39/39 40/40
f 39/39 60/60 59/59
f 61/61 40/40 41/41
f 40/40 61/61 60/60
f 62/62 41/41 42/42
f 41/41 62/62 61/61
f 63/63 42/42 43/43
f 42/42 63/63 62/62
f 64/64 43/43 44/44
f 43/43 64/64 63/63
f 65/65 44/44 45/45
f 44/44 65/65 64/64
f 66/66 45/45 46/46
f 45/45 66/66 65/65
f 67/67 46/46 47/47
f 46/46 67/67 66/66
f 68/68 47/47 48/48
f 47/47 68/68 67/67
f 69/69 48/48 49/49
f 48/48 69/69 68/68
f 50/50 49/49 30/30
f 49/49 50/50 69/69
f 71/71 50/50 51/51
f 50/50 71/71 70/70
f 72/72 51/51 52/52
f 51/51 72/72 71/71
f 73/73 52/52 53/53
f 52/52 73/73 72/72
f 74/74 53/53 54/54
f 53/53 74/74 73/73
f 75/75 54/54 55/55
f 54/54 75/75 74/74
f 76/76 55/55 56/56
f 55/55 76/76 75/75
f 77/77 56/56 57/57
f 56/56 77/77 76/76
f 78/78 57/57 58/58
f 57/57 78/78 77/77
f 79/79 58/58 59/59
f 58/58 79/79 78/78
f 80/80 59/59 60/60
f 59/59 80/80 79/79
f 81/81 60/60 61/61
f 60/60 81/81 80/80
f 82/82 61/61 62/62
f 61/61 82/82 81/81
f 83/83 62/62 63/63
f 62/62 83/83 82/82
f 84/84 63/63 64/64
f 63/63 84/84 83/83
f 85/85 64/64 65/65
f 64/64 85/85 84/84
f 86/86 65/65 66/66
f 65/65 86/86 85/85
f 87/87 66/66 67/67
f 66/66 87/87 86/86
f 88/88 67/67 68/68
f 67/67 88/88 87/87
f 89/89 68/68 69/69
f 68/68 89/89 88/88
f 70/70 69/69 50/50
f 69/69 70/70 89/89
f 91/91 70/70 71/71
f 70/70 91/91 90/90
f 92/92 71/71 72/72
f 71/71 92/92 91/91
f 93/93 72/72 73/73
f 72/72 93/93 92/92
f 94/94 73/73 74/74
f 73/73 94/94 93/93
f 95/95 74/74 75/75
f 74/74 95/95 94/94
f 96/96 75/75 76/76
f 75/75 96/96 95/95
f 97/97 76/76 77/77
f 76/76 97/97 96/96
f 98/98 77/77 78/78
f 77/77 98/98 97/97
f 99/99 78/78 79/79
f 78/78 99/99 98/98
f 100/100 79/79 80/80
f 79/79 100/100 99/99
f 101/101 80/80 81/81
f 80/80 101/101 100/100
f 102/102 81/81 82/82
f 81/81 102/102 101/101
f 103/103 82/82 83/83
f 82/82 103/103 102/102
f 104/104 83/83 84/84
f 83/83 104/104 103/103
f 105/105 84/84 85/85
f 84/84 105/105 104/104
f 106/106 85/85 86/86
f 85/85 106/106 105/105
f 107/107 86/86 87/87
f 86/86 107/107 106/106
f 108/108 87/87 88/88
f 87/87 108/108 107/107
f 109/109 88/88 89/89
f 88/88 109/109 108/108
f 90/90 89/89 70/70
f 89/89 90/90 109/109
f 111/111 112/112 110/110
f 112/112 111/111 113/113
f 113/113 114/114 112/112
f 114/114 113/113 115/115
f 115/115 116/116 114/114
f 116/116 115/115 117/117
f 117/117 118/118 116/116
f 118/118 117/117 119/119
f 119/119 120/120 118/118
f 120/120 119/119 121/121
f 121/121 122/122 120/120
f 122/122 121/121 123/123
f 123/123 124/124 122/122
f 124/124 123/123 125/125
f 125/125 126/126 124/124
f 126/126 125/125 127/127
f 127/127 128/128 126/126
f 128/128 127/127 129/129
f 129/129 130/130 128/128
f 130/130 129/129 131/131
f 131/131 132/132 130/130
f 132/132 131/131 133/133
f 133/133 134/134 132/132
f 134/134 133/133 135/135
f 135/135 136/136 134/134
f 136/136 135/135 137/137
f 137/137 138/138 136/136
f 138/138 137/137 139/139
f 139/139 140/140 138/138
f 140/140 139/139 141/141
f 141/141 142/142 140/140
f 142/142 141/141 143/143
f 143/143 144/144 142/142
f 144/144 143/143 145/145
f 145/145 146/146 144/144
f 146/146 145/145 147/147
f 147/147 148/148 146/146
f 148/148 147/147 149/149
f 149/149 150/150 148/148
f 150/150 149/149 151/151
f 151/151 152/152 150/150
f 152/152 151/151 153/153
f 153/153 154/154 152/152
f 154/154 153/153 155/155
f 155/155 156/156 154/154
f 156/156 155/155 157/157
f 157/157 158/158 156/156
f 158/158 157/157 159/159
f 159/159 160/160 158/158
f 160/160 159/159 161/161
f 161/161 162/162 160/160
f 162/162 161/161 163/163
f 163/163 164/164 162/162
f 164/164 163/163 165/165
f 165/165 166/166 164/164
f 166/166 165/165 167/167
f 167/167 168/168 166/166
f 168/168 167/167 169/169
f 169/169 170/170 168/168
f 170/170 169/169 171/171
f 171/171 172/172 170/170
f 172/172 171/171 173/173
f 173/173 174/174 172/172
f 174/174 173/173 175/175
f 177/177 178/178 176/176
f 178/178 177/177 179/179
f 179/179 180/180 178/178
f 180/180 179/179 181/181
f 181/181 182/182 180/180
f 182/182 181/181 183/183
f 183/183 184/184 182/182
f 184/184 183/183 185/185
f 185/185 186/186 184/184
f 186/186 185/185 187/187
f 187/187 188/188 186/186
f 188/188 187/187 189/189
f 189/189 190/190 188/188
f 190/190 189/189 191/191
f 191/191 192/192 190/190
f 192/192 191/191 193/193
f 193/193 194/194 192/192
f 194/194 193/193 195/195
f 195/195 196/196 194/194
f 196/196 195/195 197/197
f 197/197 198/198 196/196
f 198/198 197/197 199/199
f 199/199 200/200 198/198
f 200/200 199/199 201/201
f 201/201 202/202 200/200
f 202/202 201/201 203/203
f 203/203 204/204 202/202
f 204/204 203/203 205/205
f 205/205 206/206 204/204
f 206/206 205/205 207/207
f 207/207 208/208 206/206
f 208/208 207/207 209/209
f 209/209 210/210 208/208
f 210/210 209/209 211/211
f 211/211 212/212 210/210
f 212/212 211/211 213/213
f 213/213 214/214 212/212
f 214/214 213/213 215/215
f 215/215 216/216 214/214
f 216/216 215/215 217/217
f 217/217 218/218 216/216
f 218/218 217/217 219/219
f 219/219 220/220 218/218
f 220/220 219/219 221/221
f 221/221 222/222 220/220
f 222/222 221/221 223/223
f 223/223 224/224 222/222
f 224/224 223/223 225/225
f 225/225 226/226 224/224
f 226/226 225/225 227/227
f 227/227 228/228 226/226
f 228/228 227/227 229/229
f 229/229 230/230 228/228
f 230/230 229/229 231/231
f 231/231 232/232 230/230
f 232/232 231/231 233/233
f 233/233 234/234 232/232
f 234/234 233/233 235/235
f 235/235 236/236 234/234
f 236/236 235/235 237/237
f 237/237 238/238 236/236
f 238/238 237/237 239/239
f 239/239 240/240 238/238
f 240/240 239/239 241/241
f 243/243 244/244 242/242
f 244/244 243/243 245/245
f 245/245 246/246 244/244
f 246/246 245/245 247/247
f 247/247 248/248 246/246
f 248/248 247/247 249/249
f 249/249 250/250 248/248
f 250/250 249/249 251/251
f 251/251 252/252 250/250
f 252/252 251/251 253/253
f 253/253 254/254 252/252
f 254/254 253/253 255/255
f 255/255 256/256 254/254
f 256/256 255/255 257/257
f 257/257 258/258 256/256
f 258/258 257/257 259/259
f 259/259 260/260 258/258
f 260/260 259/259 261/261
f 261/261 262/262 260/260
f 262/262 261/261 263/263
f 263/263 264/264 262/262
f 264/264 263/263 265/265
f 265/265 266/266 264/264
f 266/266 265/265 267/267
f 267/267 268/268 266/266
f 268/268 267/267 269/269
f 269/269 270/270 268/268
f 270/270 269/269 271/271
f 271/271 272/272 270/270
f 272/272 271/271 273/273
f 273/273 274/274 272/272
f 274/274 273/273 275/275
f 275/275 276/276 274/274
f 276/276 275/275 277/277
f 277/277 278/278 276/276
f 278/278 277/277 279/279
f 279/279 280/280 278/278
f 280/280 279/279 281/281
f 281/281 282/282 280/280
f 282/282 281/281 283/283
f 283/283 284/284 282/282
f 284/284 283/283 285/285
f 285/285 286/286 284/284
f 286/286 285/285 287/287
f 287/287 288/288 286/286
f 288/288 287/287 289/289
f 289/289 290/290 288/288
f 290/290 289/289 291/291
f 291/291 292/292 290/290
f 292/292 291/291 293/293
f 293/293 294/294 292/292
f 294/294 293/293 295/295
f 295/295 296/296 294/294
f 296/296 295/295 297/297
f 297/297 298/298 296/296
f 298/298 297/297 299/299
f 299/299 300/300 298/298
f 300/300 299/299 301/301
f 301/301 302/302 300/300
f 302/302 301/301 303/303
f 303/303 304/304 302/302
f 304/304 303/303 305/305
f 305/305 306/306 304/304
f 306/306 305/305 307/307
f 309/309 310/310 308/308
f 310/310 309/309 311/311
f 311/311 312/312 310/310
f 312/312 311/311 313/313
f 313/313 314/314 312/312
f 314/314 313/313 315/315
f 315/315 316/316 314/314
f 316/316 315/315 317/317
f 317/317 318/318 316/316
f 318/318 317/317 319/319
f 319/319 320/320 318/318
f 320/320 319/319 321/321
f 321/321 322/322 320/320
f 322/322 321/321 323/323
f 323/323 324/324 322/322
f 324/324 323/323 325/325
f 325/325 326/326 324/324
f 326/326 325/325 327/327
f 327/327 328/328 326/326
f 328/328 327/327 329/329
f 329/329 330/330 328/328
f 330/330 329/329 331/331
f 331/331 332/332 330/330
f 332/332 331/331 333/333
f 333/333 334/334 332/332
f 334/334 333/333 335/335
f 335/335 336/336 334/334
f 336/336 335/335 337/337
f 337/337 338/338 336/336
f 338/338 337/337 339/339
f 339/339 340/340 338/338
f 340/340 339/339 341/341
f 341/341 342/342 340/340
f 342/342 341/341 343/343
f 343/343 344/344 342/342
f 344/344 343/343 345/345
f 345/345 346/346 344/344
f 346/346 345/345 347/347
f 347/347 348/348 346/346
f 348/348 347/347 349/349
f 349/349 350/350 348/348
f 350/350 349/349 351/351
f 351/351 352/352 350/350
f 352/352 351/351 353/353
f 353/353 354/354 352/352
f 354/354 353/353 355/355
f 355/355 356/356 354/354
f 356/356 355/355 357/357
f 357/357 358/358 356/356
f 358/358 357/357 359/359
f 359/359 360/360 358/358
f 360/360 359/359 361/361
f 361/361 362/362 360/360
f 362/362 361/361 363/363
f 363/363 364/364 362/362
f 364/364 363/363 365/365
f 365/365 366/366 364/364
f 366/366 365/365 367/367
f 367/367 368/368 366/366
f 368/368 367/367 369/369
f 369/369 370/370 368/368
f 370/370 369/369 371/371
f 371/371 372/372 370/370
f 372/372 371/371 373/373
f 374/374 376/376 375/375
f 374/374 377/377 376/376
f 374/374 378/378 377/377
f 374/374 379/379 378/378
f 374/374 380/380 379/379
f 374/374 381/381 380/380
f 374/374 382/382 381/381
f 374/374 383/383 382/382
f 374/374 384/384 383/383
f 374/374 385/385 384/384
f 374/374 386/386 385/385
f 374/374 387/387 386/386
f 374/374 388/388 387/387
f 374/374 389/389 388/388
f 374/374 390/390 389/389
f 374/374 391/391 390/390
f 374/374 392/392 391/391
f 374/374 393/393 392/392
f 374/374 394/394 393/393
f 374/374 375/375 394/394
f 396/396 375/375 376/376
f 375/375 396/396 395/395
f 397/397 376/376 377/377
f 376/376 397/397 396/396
f 398/398 377/377 378/378
f 377/377 398/398 397/397
f 399/399 378/378 379/379
f 378/378 399/399 398/398
f 400/400 379/379 380/380
f 379/379 400/400 399/399
f 401/401 380/380 381/381
f 380/380 401/401 400/400
f 402/402 381/381 382/382
f 381/381 402/402 401/401
f 403/403 382/382 383/383
f 382/382 403/403 402/402
f 404/404 383/383 384/384
f 383/383 404/404 403/403
f 405/405 384/384 385/385
f 384/384 405/405 404/404
f 406/406 385/385 386/386
f 385/385 406/406 405/405
f 407/407 386/386 387/387
f 386/386 407/407 406/406
f 408/408 387/387 388/388
f 387/387 408/408 407/407
f 409/409 388/388 389/389
f 388/388 409/409 408/408
f 410/410 389/389 390/390
f 389/389 410/410 409/409
f 411/411 390/390 391/391
f 390/390 411/411 410/410
f 412/412 391/391 392/392
f 391/391 412/412 411/411
f 413/413 392/392 393/393
f 392/392 413/413 412/412
f 414/414 393/393 394/394
f 393/393 414/414 413/413
f 395/395 394/394 375/375
f 394/394 395/395 414/414
f 416/416 395/395 396/396
f 395/395 416/416 415/415
f 417/417 396/396 397/397
f 396/396 417/417 416/416
f 418/418 397/397 398/398
f 397/397 418/418 417/417
f 419/419 398/398 399/399
f 398/398 419/419 418/418
f 420/420 399/399 400/400
f 399/399 420/420 419/419
f 421/421 400/400 401/401
f 400/400 421/421 420/420
f 422/422 401/401 402/402
f 401/401 422/422 421/421
f 423/423 402/402 403/403
f 402/402 423/423 422/422
f 424/424 403/403 404/404
f 403/403 424/424 423/423
f 425/425 404/404 405/405
f 404/404 425/425 424/424
f 426/426 405/405 406/406
f 405/405 426/426 425/425
f 427/427 406/406 407/407
f 406/406 427/427 426/426
f 428/428 407/407 408/408
f 407/407 428/428 427/427
f 429/429 408/408 409/409
f 408/408 429/429 428/428
f 430/430 409/409 410/410
f 409/409 430/430 429/429
f 431/431 410/410 411/411
f 410/410 431/431 430/430
f 432/432 411/411 412/412
f 411/411 432/432 431/431
f 433/433 412/412 413/413
f 412/412 433/433 432/432
f 434/434 413/413 414/414
f 413/413 434/434 433/433
f 415/415 414/414 395/395
f 414/414 415/415 434/434
f 436/436 415/415 416/416
f 415/415 436/436 435/435
f 437/437 416/416 417/417
f 416/416 437/437 436/436
f 438/438 417/417 418/418
f 417/417 438/438 437/437
f 439/439 418/418 419/419
f 418/418 439/439 438/438
f 440/440 419/419 420/420
f 419/419 440/440 439/439
f 441/441 420/420 421/421
f 420/420 441/441 440/440
f 442/442 421/421 422/422
f 421/421 442/442 441/441
f 443/443 422/422 423/423
f 422/422 443/443 442/442
f 444/444 423/423 424/424
f 423/423 444/444 443/443
f 445/445 424/424 425/425
f 424/424 445/445 444/444
f 446/446 425/425 426/426
f 425/425 446/446 445/445
f 447/447 426/426 427/427
f 426/426 447/447 446/446
f 448/448 427/427 428/428
f 427/427 448/448 447/447
f 449/449 428/428 429/429
f 428/428 449/449 448/448
f 450/450 429/429 430/430
f 429/429 450/450 449/449
f 451/451 430/430 431/431
f 430/430 451/451 450/450
f 452/452 431/431 432/432
f 431/431 452/452 451/451
f 453/453 432/432 433/433
f 432/432 453/453 452/452
f 454/454 433/433 434/434
f 433/433 454/454 453/453
f 435/435 434/434 415/415
f 434/434 435/435 454/454
f 456/456 435/435 436/436
f 435/435 456/456 455/455
f 457/457 436/436 437/437
f 436/436 457/457 456/456
f 458/458 437/437 438/438
f 437/437 458/458 457/457
f 459/459 438/438 439/439
f 438/438 459/459 458/458
f 460/460 439/439 440/440
f 439/439 460/460 459/459
f 461/461 440/440 441/441
f 440/440 461/461 460/460
f 462/462 441/441 442/442
f 441/441 462/462 461/461
f 463/463 442/442 443/443
f 442/442 463/463 462/462
f 464/464 443/443 444/444
f 443/443 464/464 463/463
f 465/465 444/444 445/445
f 444/444 465/465 464/464
f 466/466 445/445 446/446
f 445/445 466/466 465/465
f 467/467 446/446 447/447
f 446/446 467/467 466/466
f 468/468 447/447 448/448
f 447/447 468/468 467/467
f 469/469 448/448 449/449
f 448/448 469/469 468/468
f 470/470 449/449 450/450
f 449/449 470/470 469/469
f 471/471 450/450 451/451
f 450/450 471/471 470/470
f 472/472 451/451 452/452
f 451/451 472/472 471/471
f 473/473 452/452 453/453
f 452/452 473/473 472/472
f 474/474 453/453 454/454
f 453/453 474/474 473/473
f 455/455 454/454 435/435
f 454/454 455/455 474/474
f 475/475 477/477 476/476
f 475/475 478/478 477/477
f 475/475 479/479 478/478
f 475/475 480/480 479/479
f 475/475 481/481 480/480
f 475/475 482/482 481/481
f 475/475 483/483 482/482
f 475/475 484/484 483/483
f 475/475 485/485 484/484
f 475/475 486/486 485/485
f 475/475 487/487 486/486
f 475/475 488/488 487/487
f 475/475 489/489 488/488
f 475/475 490/490 489/489
f 475/475 491/491 490/490
f 475/475 492/492 491/491
f 475/475 493/493 492/492
f 475/475 494/494 493/493
f 475/475 495/495 494/494
f 475/475 476/476 495/495
f 497/497 476/476 477/477
f 476/476 497/497 496/496
f 498/498 477/477 478/478
f 477/477 498/498 497/497
f 499/499 478/478 479/479
f 478/478 499/499 498/498
f 500/500 479/479 480/480
f 479/479 500/500 499/499
f 501/501 480/480 481/481
f 480/480 501/501 500/500
f 502/502 481/481 482/482
f 481/481 502/502 501/501
f 503/503 482/482 483/483
f 482/482 503/503 502/502
f 504/504 483/483 484/484
f 483/483 504/504 503/503
f 505/505 484/484 485/485
f 484/484 505/505 504/504
f 506/506 485/485 486/486
f 485/485 506/506 505/505
f 507/507 486/486 487/487
f 486/486 507/507 506/506
f 508/508 487/487 488/488
f 487/487 508/508 507/507
f 509/509 488/488 489/489
f 488/488 509/509 508/508
f 510/510 489/489 490/490
f 489/489 510/510 509/509
f 511/511 490/490 491/491
f 490/490 511/511 510/510
f 512/512 491/491 492/492
f 491/491 512/512 511/511
f 513/513 492/492 493/493
f 492/492 513/513 512/512
f 514/514 493/493 494/494
f 493/493 514/514 513/513
f 515/515 494/494 495/495
f 494/494 515/515 514/514
f 496/496 495/495 476/476
f 495/495 496/496 515/515
f 517/517 496/496 497/497
f 496/496 517/517 516/516
f 518/518 497/497 498/498
f 497/497 518/518 517/517
f 519/519 498/498 499/499
f 498/498 519/519 518/518
f 520/520 499/499 500/500
f 499/499 520/520 519/519
f 521/521 500/500 501/501
f 500/500 521/521 520/520
f 522/522 501/501 502/502
f 501/501 522/522 521/521
f 523/523 502/502 503/503
f 502/502 523/523 522/522
f 524/524 503/503 504/504
f 503/503 524/524 523/523
f 525/525 504/504 505/505
f 504/504 525/525 524/524
f 526/526 505/505 506/506
f 505/505 526/526 525/525
f 527/527 506/506 507/507
f 506/506 527/527 526/526
f 528/528 507/507 508/508
f 507/507 528/528 527/527
f 529/529 508/508 509/509
f 508/508 529/529 528/528
f 530/530 509/509 510/510
f 509/509 530/530 529/529
f 531/531 510/510 511/511
f 510/510 531/531 530/530
f 532/532 511/511 512/512
f 511/511 532/532 531/531
f 533/533 512/512 513/513
f 512/512 533/533 532/532
f 534/534 513/513 514/514
f 513/513 534/534 533/533
f 535/535 514/514 515/515
f 514/514 535/535 534/534
f 516/516 515/515 496/496
f 515/515 516/516 535/535
f 537/537 516/516 517/517
f 516/516 537/537 536/536
f 538/538 517/517 518/518
f 517/517 538/538 537/537
f 539/539 518/518 519/519
f 518/518 539/539 538/538
f 540/540 519/519 520/520
f 519/519 540/540 539/539
f 541/541 520/520 521/521
f 520/520 541/541 540/540
f 542/542 521/521 522/522
f 521/521 542/542 541/541
f 543/543 522/522 523/523
f 522/522 543/543 542/542
f 544/544 523/523 524/524
f 523/523 544/544 543/543
f 545/545 524/524 525/525
f 524/524 545/545 544/544
f 546/546 525/525 526/526
f 525/525 546/546 545/545
f 547/547 526/526 527/527
f 526/526 547/547 546/546
f 548/548 527/527 528/528
f 527/527 548/548 547/547
f 549/549 528/528 529/529
f 528/528 549/549 548/548
f 550/550 529/529 530/530
f 529/529 550/550 549/549
f 551/551 530/530 531/531
f 530/530 551/551 550/550
f 552/552 531/531 532/532
f 531/531 552/552 551/551
f 553/553 532/532 533/533
f 532/532 553/553 552/552
f 554/554 533/533 534/534
f 533/533 554/554 553/553
f 555/555 534/534 535/535
f 534/534 555/555 554/554
f 536/536 535/535 516/516
f 535/535 536/536 555/555
f 557/557 536/536 537/537
f 536/536 557/557 556/556
f 558/558 537/537 538/538
f 537/537 558/558 557/557
f 559/559 538/538 539/539
f 538/538 559/559 558/558
f 560/560 539/539 540/540
f 539/539 560/560 559/559
f 561/561 540/540 541/541
f 540/540 561/561 560/560
f 562/562 541/541 542/542
f 541/541 562/562 561/561
f 563/563 542/542 543/543
f 542/542 563/563 562/562
f 564/564 543/543 544/544
f 543/543 564/564 563/563
f 565/565 544/544 545/545
f 544/544 565/565 564/564
f 566/566 545/545 546/546
f 545/545 566/566 565/565
f 567/567 546/546 547/547
f 546/546 567/567 566/566
f 568/568 547/547 548/548
f 547/547 568/568 567/567
f 569/569 548/548 549/549
f 548/548 569/569 568/568
f 570/570 549/549 550/550
f 549/549 570/570 569/569
f 571/571 550/550 551/551
f 550/550 571/571 570/570
f 572/572 551/551 552/552
f 551/551 572/572 571/571
f 573/573 552/552 553/553
f 552/552 573/573 572/572
f 574/574 553/553 554/554
f 553/553 574/574 573/573
f 575/575 554/554 555/555
f 554/554 575/575 574/574
f 556/556 555/555 536/536
f 555/555 556/556 575/575
f 578/578 579/579 576/576
f 577/577 576/576 579/579
f 582/582 583/583 580/580
f 581/581 580/580 583/583
f 586/586 587/587 584/584
f 585/585 584/584 587/587
f 590/590 591/591 588/588
f 589/589 588/588 591/591
f 594/594 595/595 592/592
f 593/593 592/592 595/595
f 598/598 599/599 596/596
f 597/597 596/596 599/599
f 602/602 603/603 600/600
f 601/601 600/600 603/603
f 606/606 607/607 604/604
f 605/605 604/604 607/607
f 610/610 611/611 608/608
f 609/609 608/608 611/611
f 614/614 615/615 612/612
f 613/613 612/612 615/615
f 618/618 619/619 616/616
f 617/617 616/616 619/619
f 622/622 623/623 620/620
f 621/621 620/620 623/623
f 626/626 627/627 624/624
f 625/625 624/624 627/627
f 630/630 631/631 628/628
f 629/629 628/628 631/631
f 634/634 635/635 632/632
f 633/633 632/632 635/635
f 638/638 639/639 636/636
f 637/637 636/636 639/639
f 642/642 643/643 640/640
f 641/641 640/640 643/643
f 646/646 647/647 644/644
f 645/645 644/644 647/647
f 650/650 651/651 648/648
f 649/649 648/648 651/651
f 654/654 655/655 652/652
f 653/653 652/652 655/655
f 658/658 659/659 656/656
f 657/657 656/656 659/659
f 662/662 663/663 660/660
f 661/661 660/660 663/663
f 666/666 667/667 664/664
f 665/665 664/664 667/667
f 670/670 671/671 668/668
f 669/669 668/668 671/671
f 674/674 675/675 672/672
f 673/673 672/672 675/675
f 678/678 679/679 676/676
f 677/677 676/676 679/679
f 682/682 683/683 680/680
f 681/681 680/680 683/683
f 686/686 687/687 684/684
f 685/685 684/684 687/687
f 690/690 691/691 688/688
f 689/689 688/688 691/691
f 694/694 695/695 692/692
f 693/693 692/692 695/695
f 698/698 699/699 696/696
f 697/697 696/696 699/699
f 702/702 703/703 700/700
f 701/701 700/700 703/703
f 706/706 707/707 704/704
f 705/705 704/704 707/707
f 710/710 711/711 708/708
f 709/709 708/708 711/711
f 714/714 715/715 712/712
f 713/713 712/712 715/715
f 718/718 719/719 716/716
f 717/717 716/716 719/719
f 722/722 723/723 720/720
f 721/721 720/720 723/723
f 726/726 727/727 724/724
f 725/725 724/724 727/727
f 730/730 731/731 728/728
f 729/729 728/728 731/731
f 734/734 735/735 732/732
f 733/733 732/732 735/735
f 738/738 739/739 736/736
f 737/737 736/736 739/739
f 742/742 743/743 740/740
f 741/741 740/740 743/743
f 746/746 747/747 744/744
f 745/745 744/744 747/747
f 750/750 751/751 748/748
f 749/749 748/748 751/751
f 754/754 755/755 752/752
f 753/753 752/752 755/755
f 758/758 759/759 756/756
f 757/757 756/756 759/759
f 762/762 763/763 760/760
f 761/761 760/760 763/763
f 766/766 767/767 764/764
f 765/765 764/764 767/767
f 770/770 771/771 768/768
f 769/769 768/768 771/771
f 774/774 775/775 772/772
f 773/773 772/772 775/775
f 778/778 779/779 776/776
f 777/777 776/776 779/779
f 782/782 783/783 780/780
f 781/781 780/780 783/783
f 786/786 787/787 784/784
f 785/785 784/784 787/787
f 790/790 791/791 788/788
f 789/789 788/788 791/791
f 794/794 795/795 792/792
f 793/793 792/792 795/795
f 798/798 799/799 796/796
f 797/797 796/796 799/799
f 802/802 803/803 800/800
f 801/801 800/800 803/803
f 806/806 807/807 804/804
f 805/805 804/804 807/807
f 810/810 811/811 808/808
f 809/809 808/808 811/811
f 814/814 815/815 812/812
f 813/813 812/812 815/815
f 818/818 819/819 816/816
f 817/817 816/816 819/819
f 822/822 823/823 820/820
f 821/821 820/820 823/823
f 826/826 827/827 824/824
f 825/825 824/824 827/827
f 830/830 831/831 828/828
f 829/829 828/828 831/831
f 834/834 835/835 832/832
f 833/833 832/832 835/835
f 838/838 839/839 836/836
f 837/837 836/836 839/839
f 842/842 843/843 840/840
f 841/841 840/840 843/843
f 846/846 847/847 844/844
f 845/845 844/844 847/847
f 850/850 851/851 848/848
f 849/849 848/848 851/851
f 854/854 855/855 852/852
f 853/853 852/852 855/855
f 858/858 859/859 856/856
f 857/857 856/856 859/859
f 862/862 863/863 860/860
f 861/861 860/860 863/863
f 866/866 867/867 864/864
f 865/865 864/864 867/867
f 870/870 871/871 868/868
f 869/869 868/868 871/871
f 874/874 875/875 872/872
f 873/873 872/872 875/875
f 878/878 879/879 876/876
f 877/877 876/876 879/879
f 882/882 883/883 880/880
f 881/881 880/880 883/883
f 886/886 887/887 884/884
f 885/885 884/884 887/887
f 890/890 891/891 888/888
f 889/889 888/888 891/891
f 894/894 895/895 892/892
f 893/893 892/892 895/895
f 898/898 899/899 896/896
f 897/897 896/896 899/899
f 902/902 903/903 900/900
f 901/901 900/900 903/903
f 906/906 907/907 904/904
f 905/905 904/904 907/907
f 910/910 911/911 908/908
f 909/909 908/908 911/911
f 914/914 915/915 912/912
f 913/913 912/912 915/915
f 918/918 919/919 916/916
f 917/917 916/916 919/919
f 922/922 923/923 920/920
f 921/921 920/920 923/923
f 926/926 927/927 924/924
f 925/925 924/924 927/927
f 930/930 931/931 928/928
f 929/929 928/928 931/931
f 934/934 935/935 932/932
f 933/933 932/932 935/935
f 938/938 939/939 936/936
f 937/937 936/936 939/939
f 942/942 943/943 940/940
f 941/941 940/940 943/943
f 946/946 947/947 944/944
f 945/945 944/944 947/947
f 950/950 951/951 948/948
f 949/949 948/948 951/951
f 954/954 955/955 952/952
f 953/953 952/952 955/955
f 958/958 959/959 956/956
f 957/957 956/956 959/959
f 962/962 963/963 960/960
f 961/961 960/960 963/963
f 966/966 967/967 964/964
f 965/965 964/964 967/967
f 970/970 971/971 968/968
f 969/969 968/968 971/971
f 974/974 975/975 972/972
f 973/973 972/972 975/975
f 978/978 979/979 976/976
f 977/977 976/976 979/979
f 982/982 983/983 980/980
f 981/981 980/980 983/983
f 986/986 987/987 984/984
f 985/985 984/984 987/987
f 990/990 991/991 988/988
f 989/989 988/988 991/991
f 994/994 995/995 992/992
f 993/993 992/992 995/995
f 998/998 999/999 996/996
f 997/997 996/996 999/999
f 1002/1002 1003/1003 1000/1000
f 1001/1001 1000/1000 1003/1003
f 1006/1006 1007/1007 1004/1004
f 1005/1005 1004/1004 1007/1007
f 1010/1010 1011/1011 1008/1008
f 1009/1009 1008/1008 1011/1011
f 1014/1014 1015/1015 1012/1012
f 1013/1013 1012/1012 1015/1015
f 1018/1018 1019/1019 1016/1016
f 1017/1017 1016/1016 1019/1019
f 1022/1022 1023/1023 1020/1020
f 1021/1021 1020/1020 1023/1023
f 1026/1026 1027/1027 1024/1024
f 1025/1025 1024/1024 1027/1027
f 1030/1030 1031/1031 1028/1028
f 1029/1029 1028/1028 1031/1031
f 1034/1034 1035/1035 1032/1032
f 1033/1033 1032/1032 1035/1035
f 1038/1038 1039/1039 1036/1036
f 1037/1037 1036/1036 1039/1039
f 1042/1042 1043/1043 1040/1040
f 1041/1041 1040/1040 1043/1043
f 1046/1046 1047/1047 1044/1044
f 1045/1045 1044/1044 1047/1047
f 1050/1050 1051/1051 1048/1048
f 1049/1049 1048/1048 1051/1051
f 1054/1054 1055/1055 1052/1052
f 1053/1053 1052/1052 1055/1055
f 1058/1058 1059/1059 1056/1056
f 1057/1057 1056/1056 1059/1059
f 1062/1062 1063/1063 1060/1060
f 1061/1061 1060/1060 1063/1063
f 1066/1066 1067/1067 1064/1064
f 1065/1065 1064/1064 1067/1067
f 1070/1070 1071/1071 1068/1068
f 1069/1069 1068/1068 1071/1071
f 1074/1074 1075/1075 1072/1072
f 1073/1073 1072/1072 1075/1075
f 1078/1078 1079/1079 1076/1076
f 1077/1077 1076/1076 1079/1079
f 1082/1082 1083/1083 1080/1080
f 1081/1081 1080/1080 1083/1083
f 1086/1086 1087/1087 1084/1084
f 1085/1085 1084/1084 1087/1087
f 1090/1090 1091/1091 1088/1088
f 1089/1089 1088/1088 1091/1091
f 1094/1094 1095/1095 1092/1092
f 1093/1093 1092/1092 1095/1095
f 1098/1098 1099/1099 1096/1096
f 1097/1097 1096/1096 1099/1099
f 1102/1102 1103/1103 1100/1100
f 1101/1101 1100/1100 1103/1103
f 1106/1106 1107/1107 1104/1104
f 1105/1105 1104/1104 1107/1107
f 1110/1110 1111/1111 1108/1108
f 1109/1109 1108/1108 1111/1111
f 1114/1114 1115/1115 1112/1112
f 1113/1113 1112/1112 1115/1115
f 1118/1118 1119/1119 1116/1116
f 1117/1117 1116/1116 1119/1119
f 1122/1122 1123/1123 1120/1120
f 1121/1121 1120/1120 1123/1123
f 1126/1126 1127/1127 1124/1124
f 1125/1125 1124/1124 1127/1127
f 1130/1130 1131/1131 1128/1128
f 1129/1129 1128/1128 1131/1131
f 1134/1134 1135/1135 1132/1132
f 1133/1133 1132/1132 1135/1135
f 1138/1138 1139/1139 1136/1136
f 1137/1137 1136/1136 1139/1139
f 1142/1142 1143/1143 1140/1140
f 1141/1141 1140/1140 1143/1143
f 1146/1146 1147/1147 1144/1144
f 1145/1145 1144/1144 1147/1147
f 1150/1150 1151/1151 1148/1148
f 1149/1149 1148/1148 1151/1151
f 1154/1154 1155/1155 1152/1152
f 1153/1153 1152/1152 1155/1155
f 1158/1158 1159/1159 1156/1156
f 1157/1157 1156/1156 1159/1159
f 1162/1162 1163/1163 1160/1160
f 1161/1161 1160/1160 1163/1163
f 1166/1166 1167/1167 1164/1164
f 1165/1165 1164/1164 1167/1167
f 1170/1170 1171/1171 1168/1168
f 1169/1169 1168/1168 1171/1171
f 1174/1174 1175/1175 1172/1172
f 1173/1173 1172/1172 1175/1175
f 1178/1178 1179/1179 1176/1176
f 1177/1177 1176/1176 1179/1179
f 1182/1182 1183/1183 1180/1180
f 1181/1181 1180/1180 1183/1183
f 1186/1186 1187/1187 1184/1184
f 1185/1185 1184/1184 1187/1187
f 1190/1190 1191/1191 1188/1188
f 1189/1189 1188/1188 1191/1191
f 1194/1194 1195/1195 1192/1192
f 1193/1193 1192/1192 1195/1195
f 1198/1198 1199/1199 1196/1196
f 1197/1197 1196/1196 1199/1199
f 1202/1202 1203/1203 1200/1200
f 1201/1201 1200/1200 1203/1203
f 1206/1206 1207/1207 1204/1204
f 1205/1205 1204/1204 1207/1207
f 1208/1208 1210/1210 1209/1209
f 1208/1208 1211/1211 1210/1210
f 1208/1208 1212/1212 1211/1211
f 1208/1208 1213/1213 1212/1212
f 1215/1215 1209/1209 1210/1210
f 1209/1209 1215/1215 1214/1214
f 1216/1216 1210/1210 1211/1211
f 1210/1210 1216/1216 1215/1215
f 1217/1217 1211/1211 1212/1212
f 1211/1211 1217/1217 1216/1216
f 1218/1218 1212/1212 1213/1213
f 1212/1212 1218/1218 1217/1217
f 1220/1220 1214/1214 1215/1215
f 1214/1214 1220/1220 1219/1219
f 1221/1221 1215/1215 1216/1216
f 1215/1215 1221/1221 1220/1220
f 1222/1222 1216/1216 1217/1217
f 1216/1216 1222/1222 1221/1221
f 1223/1223 1217/1217 1218/1218
f 1217/1217 1223/1223 1222/1222
f 1225/1225 1219/1219 1220/1220
f 1219/1219 1225/1225 1224/1224
f 1226/1226 1220/1220 1221/1221
f 1220/1220 1226/1226 1225/1225
f 1227/1227 1221/1221 1222/1222
f 1221/1221 1227/1227 1226/1226
f 1228/1228 1222/1222 1223/1223
f 1222/1222 1228/1228 1227/1227
f 1230/1230 1224/1224 1225/1225
f 1224/1224 1230/1230 1229/1229
f 1231/1231 1225/1225 1226/1226
f 1225/1225 1231/1231 1230/1230
f 1232/1232 1226/1226 1227/1227
f 1226/1226 1232/1232 1231/1231
f 1233/1233 1227/1227 1228/1228
f 1227/1227 1233/1233 1232/1232
f 1234/1234 1229/1229 1230/1230
f 1234/1234 1230/1230 1231/1231
f 1234/1234 1231/1231 1232/1232
f 1234/1234 1232/1232 1233/1233
f 1235/1235 1237/1237 1236/1236
f 1235/1235 1238/1238 1237/1237
f 1235/1235 1239/1239 1238/1238
f 1235/1235 1240/1240 1239/1239
f 1242/1242 1236/1236 1237/1237
f 1236/1236 1242/1242 1241/1241
f 1243/1243 1237/1237 1238/1238
f 1237/1237 1243/1243 1242/1242
f 1244/1244 1238/1238 1239/1239
f 1238/1238 1244/1244 1243/1243
f 1245/1245 1239/1239 1240/1240
f 1239/1239 1245/1245 1244/1244
f 1247/1247 1241/1241 1242/1242
f 1241/1241 1247/1247 1246/1246
f 1248/1248 1242/1242 1243/1243
f 1242/1242 1248/1248 1247/1247
f 1249/1249 1243/1243 1244/1244
f 1243/1243 1249/1249 1248/1248
f 1250/1250 1244/1244 1245/1245
f 1244/1244 1250/1250 1249/1249
f 1252/1252 1246/1246 1247/1247
f 1246/1246 1252/1252 1251/1251
f 1253/1253 1247/1247 1248/1248
f 1247/1247 1253/1253 1252/1252
f 1254/1254 1248/1248 1249/1249
f 1248/1248 1254/1254 1253/1253
f 1255/1255 1249/1249 1250/1250
f 1249/1249 1255/1255 1254/1254
f 1257/1257 1251/1251 1252/1252
f 1251/1251 1257/1257 1256/1256
f 1258/1258 1252/1252 1253/1253
f 1252/1252 1258/1258 1257/1257
f 1259/1259 1253/1253 1254/1254
f 1253/1253 1259/1259 1258/1258
f 1260/1260 1254/1254 1255/1255
f 1254/1254 1260/1260 1259/1259
f 1261/1261 1256/1256 1257/1257
f 1261/1261 1257/1257 1258/1258
f 1261/1261 1258/1258 1259/1259
f 1261/1261 1259/1259 1260/1260
f 1262/1262 1264/1264 1263/1263
f 1262/1262 1265/1265 1264/1264
f 1262/1262 1266/1266 1265/1265
f 1262/1262 1267/1267 1266/1266
f 1269/1269 1263/1263 1264/1264
f 1263/1263 1269/1269 1268/1268
f 1270/1270 1264/1264 1265/1265
f 1264/1264 1270/1270 1269/1269
f 1271/1271 1265/1265 1266/1266
f 1265/1265 1271/1271 1270/1270
f 1272/1272 1266/1266 1267/1267
f 1266/1266 1272/1272 1271/1271
f 1274/1274 1268/1268 1269/1269
f 1268/1268 1274/1274 1273/1273
f 1275/1275 1269/1269 1270/1270
f 1269/1269 1275/1275 1274/1274
f 1276/1276 1270/1270 1271/1271
f 1270/1270 1276/1276 1275/1275
f 1277/1277 1271/1271 1272/1272
f 1271/1271 1277/1277 1276/1276
f 1279/1279 1273/1273 1274/1274
f 1273/1273 1279/1279 1278/1278
f 1280/1280 1274/1274 1275/1275
f 1274/1274 1280/1280 1279/1279
f 1281/1281 1275/1275 1276/1276
f 1275/1275 1281/1281 1280/1280
f 1282/1282 1276/1276 1277/1277
f 1276/1276 1282/1282 1281/1281
f 1284/1284 1278/1278 1279/1279
f 1278/1278 1284/1284 1283/1283
f 1285/1285 1279/1279 1280/1280
f 1279/1279 1285/1285 1284/1284
f 1286/1286 1280/1280 1281/1281
f 1280/1280 1286/1286 1285/1285
f 1287/1287 1281/1281 1282/1282
f 1281/1281 1287/1287 1286/1286
f 1288/1288 1283/1283 1284/1284
f 1288/1288 1284/1284 1285/1285
f 1288/1288 1285/1285 1286/1286
f 1288/1288 1286/1286 1287/1287
f 1289/1289 1291/1291 1290/1290
f 1289/1289 1292/1292 1291/1291
f 1289/1289 1293/1293 1292/1292
f 1289/1289 1294/1294 1293/1293
f 1296/1296 1290/1290 1291/1291
f 1290/1290 1296/1296 1295/1295
f 1297/1297 1291/1291 1292/1292
f 1291/1291 1297/1297 1296/1296
f 1298/1298 1292/1292 1293/1293
f 1292/1292 1298/1298 1297/1297
f 1299/1299 1293/1293 1294/1294
f 1293/1293 1299/1299 1298/1298
f 1301/1301 1295/1295 1296/1296
f 1295/1295 1301/1301 1300/1300
f 1302/1302 1296/1296 1297/1297
f 1296/1296 1302/1302 1301/1301
f 1303/1303 1297/1297 1298/1298
f 1297/1297 1303/1303 1302/1302
f 1304/1304 1298/1298 1299/1299
f 1298/1298 1304/1304 1303/1303
f 1306/1306 1300/1300 1301/1301
f 1300/1300 1306/1306 1305/1305
f 1307/1307 1301/1301 1302/1302
f 1301/1301 1307/1307 1306/1306
f 1308/1308 1302/1302 1303/1303
f 1302/1302 1308/1308 1307/1307
f 1309/1309 1303/1303 1304/1304
f 1303/1303 1309/1309 1308/1308
f 1311/1311 1305/1305 1306/1306
f 1305/1305 1311/1311 1310/1310
f 1312/1312 1306/1306 1307/1307
f 1306/1306 1312/1312 1311/1311
f 1313/1313 1307/1307 1308/1308
f 1307/1307 1313/1313 1312/1312
f 1314/1314 1308/1308 1309/1309
f 1308/1308 1314/1314 1313/1313
f 1315/1315 1310/1310 1311/1311
f 1315/1315 1311/1311 1312/1312
f 1315/1315 1312/1312 1313/1313
f 1315/1315 1313/1313 1314/1314
f 1316/1316 1318/1318 1317/1317
f 1316/1316 1319/1319 1318/1318
f 1316/1316 1320/1320 1319/1319
f 1316/1316 1321/1321 1320/1320
f 1323/1323 1317/1317 1318/1318
f 1317/1317 1323/1323 1322/1322
f 1324/1324 1318/1318 1319/1319
f 1318/1318 1324/1324 1323/1323
f 1325/1325 1319/1319 1320/1320
f 1319/1319 1325/1325 1324/1324
f 1326/1326 1320/1320 1321/1321
f 1320/1320 1326/1326 1325/1325
f 1328/1328 1322/1322 1323/1323
f 1322/1322 1328/1328 1327/1327
f 1329/1329 1323/1323 1324/1324
f 1323/1323 1329/1329 1328/1328
f 1330/1330 1324/1324 1325/1325
f 1324/1324 1330/1330 1329/1329
f 1331/1331 1325/1325 1326/1326
f 1325/1325 1331/1331 1330/1330
f 1333/1333 1327/1327 1328/1328
f 1327/1327 1333/1333 1332/1332
f 1334/1334 1328/1328 1329/1329
f 1328/1328 1334/1334 1333/1333
f 1335/1335 1329/1329 1330/1330
f 1329/1329 1335/1335 1334/1334
f 1336/1336 1330/1330 1331/1331
f 1330/1330 1336/1336 1335/1335
f 1338/1338 1332/1332 1333/1333
f 1332/1332 1338/1338 1337/1337
f 1339/1339 1333/1333 1334/1334
f 1333/1333 1339/1339 1338/1338
f 1340/1340 1334/1334 1335/1335
f 1334/1334 1340/1340 1339/1339
f 1341/1341 1335/1335 1336/1336
f 1335/1335 1341/1341 1340/1340
f 1342/1342 1337/1337 1338/1338
f 1342/1342 1338/1338 1339/1339
f 1342/1342 1339/1339 1340/1340
f 1342/1342 1340/1340 1341/1341
f 1343/1343 1345/1345 1344/1344
f 1343/1343 1346/1346 1345/1345
f 1343/1343 1347/1347 1346/1346
f 1343/1343 1348/1348 1347/1347
f 1350/1350 1344/1344 1345/1345
f 1344/1344 1350/1350 1349/1349
f 1351/1351 1345/1345 1346/1346
f 1345/1345 1351/1351 1350/1350
f 1352/1352 1346/1346 1347/1347
f 1346/1346 1352/1352 1351/1351
f 1353/1353 1347/1347 1348/1348
f 1347/1347 1353/1353 1352/1352
f 1355/1355 1349/1349 1350/1350
f 1349/1349 1355/1355 1354/1354
f 1356/1356 1350/1350 1351/1351
f 1350/1350 1356/1356 1355/1355
f 1357/1357 1351/1351 1352/1352
f 1351/1351 1357/1357 1356/1356
f 1358/1358 1352/1352 1353/1353
f 1352/1352 1358/1358 1357/1357
f 1360/1360 1354/1354 1355/1355
f 1354/1354 1360/1360 1359/1359
f 1361/1361 1355/1355 1356/1356
f 1355/1355 1361/1361 1360/1360
f 1362/1362 1356/1356 1357/1357
f 1356/1356 1362/1362 1361/1361
f 1363/1363 1357/1357 1358/1358
f 1357/1357 1363/1363 1362/1362
f 1365/1365 1359/1359 1360/1360
f 1359/1359 1365/1365 1364/1364
f 1366/1366 1360/1360 1361/1361
f 1360/1360 1366/1366 1365/1365
f 1367/1367 1361/1361 1362/1362
f 1361/1361 1367/1367 1366/1366
f 1368/1368 1362/1362 1363/1363
f 1362/1362 1368/1368 1367/1367
f 1369/1369 1364/1364 1365/1365
f 1369/1369 1365/1365 1366/1366
f 1369/1369 1366/1366 1367/1367
f 1369/1369 1367/1367 1368/1368
f 1372/1372 1373/1373 1370/1370
f 1371/1371 1370/1370 1373/1373
f 1376/1376 1377/1377 1374/1374
f 1375/1375 1374/1374 1377/1377
f 1380/1380 1381/1381 1378/1378
f 1379/1379 1378/1378 1381/1381
f 1384/1384 1385/1385 1382/1382
f 1383/1383 1382/1382 1385/1385
f 1388/1388 1389/1389 1386/1386
f 1387/1387 1386/1386 1389/1389
f 1392/1392 1393/1393 1390/1390
f 1391/1391 1390/1390 1393/1393
f 1396/1396 1397/1397 1394/1394
f 1395/1395 1394/1394 1397/1397
f 1400/1400 1401/1401 1398/1398
f 1399/1399 1398/1398 1401/1401
f 1404/1404 1405/1405 1402/1402
f 1403/1403 1402/1402 1405/1405
f 1408/1408 1409/1409 1406/1406
f 1407/1407 1406/1406 1409/1409
f 1412/1412 1413/1413 1410/1410
f 1411/1411 1410/1410 1413/1413
f 1416/1416 1417/1417 1414/1414
f 1415/1415 1414/1414 1417/1417
f 1420/1420 1421/1421 1418/1418
f 1419/1419 1418/1418 1421/1421
f 1424/1424 1425/1425 1422/1422
f 1423/1423 1422/1422 1425/1425
f 1428/1428 1429/1429 1426/1426
f 1427/1427 1426/1426 1429/1429
f 1432/1432 1433/1433 1430/1430
f 1431/1431 1430/1430 1433/1433
f 1436/1436 1437/1437 1434/1434
f 1435/1435 1434/1434 1437/1437
f 1440/1440 1441/1441 1438/1438
f 1439/1439 1438/1438 1441/1441
f 1444/1444 1445/1445 1442/1442
f 1443/1443 1442/1442 1445/1445
f 1448/1448 1449/1449 1446/1446
f 1447/1447 1446/1446 1449/1449
f 1452/1452 1453/1453 1450/1450
f 1451/1451 1450/1450 1453/1453
f 1456/1456 1457/1457 1454/1454
f 1455/1455 1454/1454 1457/1457
f 1460/1460 1461/1461 1458/1458
f 1459/1459 1458/1458 1461/1461
f 1464/1464 1465/1465 1462/1462
f 1463/1463 1462/1462 1465/1465
f 1468/1468 1469/1469 1466/1466
f 1467/1467 1466/1466 1469/1469
f 1472/1472 1473/1473 1470/1470
f 1471/1471 1470/1470 1473/1473
f 1476/1476 1477/1477 1474/1474
f 1475/1475 1474/1474 1477/1477
f 1480/1480 1481/1481 1478/1478
f 1479/1479 1478/1478 1481/1481
f 1484/1484 1485/1485 1482/1482
f 1483/1483 1482/1482 1485/1485
f 1488/1488 1489/1489 1486/1486
f 1487/1487 1486/1486 1489/1489
f 1492/1492 1493/1493 1490/1490
f 1491/1491 1490/1490 1493/1493
f 1496/1496 1497/1497 1494/1494
f 1495/1495 1494/1494 1497/1497
f 1500/1500 1501/1501 1498/1498
f 1499/1499 1498/1498 1501/1501
f 1504/1504 1505/1505 1502/1502
f 1503/1503 1502/1502 1505/1505
f 1508/1508 1509/1509 1506/1506
f 1507/1507 1506/1506 1509/1509
f 1512/1512 1513/1513 1510/1510
f 1511/1511 1510/1510 1513/1513
f 1516/1516 1517/1517 1514/1514
f 1515/1515 1514/1514 1517/1517
f 1520/1520 1521/1521 1518/1518
f 1519/1519 1518/1518 1521/1521
f 1524/1524 1525/1525 1522/1522
f 1523/1523 1522/1522 1525/1525
f 1528/1528 1529/1529 1526/1526
f 1527/1527 1526/1526 1529/1529
f 1532/1532 1533/1533 1530/1530
f 1531/1531 1530/1530 1533/1533
f 1536/1536 1537/1537 1534/1534
f 1535/1535 1534/1534 1537/1537
f 1540/1540 1541/1541 1538/1538
f 1539/1539 1538/1538 1541/1541
f 1544/1544 1545/1545 1542/1542
f 1543/1543 1542/1542 1545/1545
f 1548/1548 1549/1549 1546/1546
f 1547/1547 1546/1546 1549/1549
f 1552/1552 1553/1553 1550/1550
f 1551/1551 1550/1550 1553/1553
f 1556/1556 1557/1557 1554/1554
f 1555/1555 1554/1554 1557/1557
f 1560/1560 1561/1561 1558/1558
f 1559/1559 1558/1558 1561/1561
f 1564/1564 1565/1565 1562/1562
f 1563/1563 1562/1562 1565/1565
f 1568/1568 1569/1569 1566/1566
f 1567/1567 1566/1566 1569/1569
f 1572/1572 1573/1573 1570/1570
f 1571/1571 1570/1570 1573/1573
f 1576/1576 1577/1577 1574/1574
f 1575/1575 1574/1574 1577/1577
f 1580/1580 1581/1581 1578/1578
f 1579/1579 1578/1578 1581/1581
