# MOD converted: boss_tarintus_skill2_wind.mod
# 1220 verts, 1410 faces

v 266.382599 -1637.856689 -119.606087
v 266.438080 -1637.913574 -119.763290
v 266.369476 -1637.697632 -119.828117
v 266.439575 -1637.750488 -119.873230
v 266.357483 -1637.488159 -119.969383
v 266.439941 -1637.517334 -119.894623
v 266.346100 -1637.262207 -120.010597
v 266.439728 -1637.251099 -119.832077
v 266.335876 -1637.053711 -119.947388
v 266.438324 -1636.992920 -119.765335
v 266.330902 -1636.954346 -119.869217
v 266.436737 -1636.865723 -119.680443
v 266.325958 -1636.873779 -119.766068
v 266.435089 -1636.759766 -119.582550
v 266.321533 -1636.814697 -119.643158
v 266.432953 -1636.680298 -119.476799
v 266.318024 -1636.778198 -119.507011
v 266.429871 -1636.631226 -119.393303
v 266.316254 -1636.765503 -119.398285
v 266.426605 -1636.615967 -119.309952
v 266.314880 -1636.766479 -119.289871
v 266.422913 -1636.619751 -119.228920
v 266.313782 -1636.780884 -119.185074
v 266.419006 -1636.641846 -119.152466
v 266.312469 -1636.808594 -119.086792
v 266.415253 -1636.680664 -119.004562
v 266.309723 -1636.915161 -118.899162
v 266.406372 -1636.825439 -118.909981
v 266.307800 -1637.064941 -118.785660
v 266.396698 -1637.024536 -118.879951
v 266.305969 -1637.234741 -118.758057
v 266.386871 -1637.244141 -118.915443
v 266.304260 -1637.398682 -118.814484
v 266.376984 -1637.449707 -119.008583
v 266.301819 -1637.532227 -118.939529
v 266.367798 -1637.612305 -119.141327
v 266.299377 -1637.617798 -119.110497
v 266.358612 -1637.710815 -119.291847
v 266.296936 -1637.645752 -119.298248
v 266.349426 -1637.735229 -119.437599
v 266.294983 -1637.615723 -119.472687
v 266.339752 -1637.687378 0.000000
v 203.531998 -1636.765015 -119.213463
v 203.600632 -1636.717163 -119.059273
v 203.515762 -1636.852783 -119.019493
v 203.602493 -1636.802246 -118.941620
v 203.500916 -1636.991577 -118.874359
v 203.602951 -1636.953491 -118.887657
v 203.486832 -1637.157471 -118.798759
v 203.602661 -1637.146362 -118.899628
v 203.474167 -1637.324463 -118.802879
v 203.600937 -1637.350830 -118.933029
v 203.468002 -1637.410278 -118.840218
v 203.598969 -1637.459229 -118.983231
v 203.461899 -1637.484985 -118.899857
v 203.596939 -1637.556152 -119.046791
v 203.456421 -1637.545654 -118.978752
v 203.594284 -1637.636353 -119.120026
v 203.452087 -1637.590820 -119.072701
v 203.590485 -1637.696045 -119.180557
v 203.449905 -1637.614380 -119.151733
v 203.586426 -1637.725708 -119.243263
v 203.448212 -1637.627686 -119.233734
v 203.581879 -1637.741089 -119.306496
v 203.446823 -1637.630371 -119.316086
v 203.577026 -1637.742065 -119.368523
v 203.445190 -1637.622437 -119.396355
v 203.572403 -1637.729370 -119.497391
v 203.441818 -1637.567261 -119.561440
v 203.561401 -1637.652344 -119.593513
v 203.439423 -1637.470703 -119.680031
v 203.549423 -1637.521851 -119.644531
v 203.437195 -1637.348267 -119.737579
v 203.537277 -1637.361816 -119.645393
v 203.435059 -1637.219360 -119.729713
v 203.525024 -1637.197998 -119.597908
v 203.432053 -1637.103516 -119.663155
v 203.513657 -1637.055054 -119.512650
v 203.429031 -1637.016968 -119.551376
v 203.502289 -1636.952393 -119.404358
v 203.425995 -1636.970825 -119.414566
v 203.490952 -1636.902588 -119.289948
v 203.423584 -1636.968872 -119.275635
v 203.478973 -1636.909180 0.000000
v 124.946205 -1637.123047 -120.775879
v 125.016167 -1637.096436 -120.449875
v 124.929665 -1636.657593 -120.592773
v 125.018051 -1636.563110 -120.107559
v 124.914536 -1636.314941 -120.223213
v 125.018524 -1636.144897 -119.679024
v 124.900185 -1636.135376 -119.728104
v 125.018227 -1635.901978 -119.233574
v 124.887283 -1636.130493 -119.184891
v 125.016472 -1635.868042 -118.998505
v 124.880997 -1636.200317 -118.888847
v 125.014465 -1635.943237 -118.789406
v 124.874779 -1636.317017 -118.618896
v 125.012398 -1636.080200 -118.614281
v 124.869186 -1636.472290 -118.388542
v 125.009689 -1636.271973 -118.478493
v 124.864769 -1636.656738 -118.209702
v 125.005821 -1636.508057 -118.402672
v 124.862549 -1636.812134 -118.113579
v 125.001678 -1636.711182 -118.353699
v 124.860825 -1636.975586 -118.054893
v 124.997047 -1636.925415 -118.332489
v 124.859406 -1637.142700 -118.034187
v 124.992096 -1637.143677 -118.340004
v 124.857750 -1637.309082 -118.050072
v 124.987389 -1637.359375 -118.457993
v 124.854309 -1637.663086 -118.218468
v 124.976173 -1637.814331 -118.693222
v 124.851860 -1637.939331 -118.538437
v 124.963974 -1638.157593 -119.006668
v 124.849586 -1638.101440 -118.950615
v 124.951591 -1638.345337 -119.348625
v 124.847412 -1638.132080 -119.386696
v 124.939110 -1638.360474 -119.666489
v 124.844345 -1638.031494 -119.780785
v 124.927521 -1638.215332 -119.914642
v 124.841270 -1637.824341 -120.077446
v 124.915939 -1637.941284 -120.060875
v 124.838173 -1637.547119 -120.239655
v 124.904388 -1637.589233 -120.091141
v 124.835732 -1637.244019 -120.252579
v 124.892181 -1637.219238 0.000000
v 124.959526 -1636.787720 -118.567940
v 125.002846 -1636.747925 -118.545128
v 124.949287 -1637.085693 -118.439873
v 125.004013 -1637.072754 -118.568672
v 124.939919 -1637.384644 -118.445839
v 125.004303 -1637.418213 -118.698334
v 124.931030 -1637.641357 -118.581421
v 125.004120 -1637.731567 -118.906181
v 124.923042 -1637.822754 -118.823631
v 125.003036 -1637.965942 -119.044937
v 124.919151 -1637.884277 -118.993301
v 125.001793 -1638.049438 -119.190361
v 124.915306 -1637.913330 -119.175491
v 125.000511 -1638.093384 -119.335243
v 124.911842 -1637.910645 -119.361023
v 124.998833 -1638.095703 -119.473305
v 124.909111 -1637.878296 -119.540161
v 124.996437 -1638.056396 -119.571472
v 124.907730 -1637.835571 -119.667076
v 124.993874 -1637.999268 -119.660225
v 124.906662 -1637.778320 -119.780792
v 124.991005 -1637.921997 -119.737389
v 124.905785 -1637.708130 -119.878265
v 124.987946 -1637.827515 -119.800682
v 124.904762 -1637.626709 -119.957474
v 124.985031 -1637.719482 -119.887375
v 124.902634 -1637.412598 -120.060982
v 124.978081 -1637.437622 -119.887589
v 124.901115 -1637.187988 -120.048225
v 124.970528 -1637.147339 -119.805145
v 124.899712 -1636.985596 -119.929565
v 124.962860 -1636.893188 -119.656387
v 124.898361 -1636.833740 -119.730232
v 124.955139 -1636.710815 -119.466263
v 124.896461 -1636.753296 -119.486275
v 124.947960 -1636.620850 -119.266106
v 124.894562 -1636.751221 -119.236420
v 124.940788 -1636.630737 -119.085846
v 124.892639 -1636.822998 -119.018547
v 124.933640 -1636.731323 -118.949783
v 124.891129 -1636.953613 -118.863754
v 124.926079 -1636.900391 0.000000
v 124.953796 -1638.217896 -119.779213
v 125.008575 -1638.308960 -120.031189
v 124.940842 -1637.962891 -120.135101
v 125.010056 -1638.047729 -120.207420
v 124.929001 -1637.627197 -120.361542
v 125.010422 -1637.673950 -120.241707
v 124.917763 -1637.265015 -120.427605
v 125.010193 -1637.247192 -120.141449
v 124.907661 -1636.930908 -120.326279
v 125.008820 -1636.833252 -120.034470
v 124.902740 -1636.771484 -120.200989
v 125.007248 -1636.629517 -119.898399
v 124.897873 -1636.642456 -120.035645
v 125.005623 -1636.459717 -119.741486
v 124.893494 -1636.547729 -119.838638
v 125.003510 -1636.332275 -119.571983
v 124.890038 -1636.489258 -119.620407
v 125.000473 -1636.253662 -119.438141
v 124.888290 -1636.468872 -119.446136
v 124.997231 -1636.229248 -119.304550
v 124.886940 -1636.470337 -119.272354
v 124.993607 -1636.235352 -119.174660
v 124.885834 -1636.493530 -119.104378
v 124.989731 -1636.270752 -119.052109
v 124.884537 -1636.537842 -118.946846
v 124.986046 -1636.332886 -118.815033
v 124.881844 -1636.708618 -118.646088
v 124.977264 -1636.564941 -118.663437
v 124.879929 -1636.948853 -118.464157
v 124.967705 -1636.884155 -118.615303
v 124.878143 -1637.221069 -118.419914
v 124.958008 -1637.235962 -118.672188
v 124.876442 -1637.483765 -118.510361
v 124.948242 -1637.565430 -118.821480
v 124.874039 -1637.697876 -118.710800
v 124.939171 -1637.826172 -119.034248
v 124.871635 -1637.835083 -118.984833
v 124.930099 -1637.984009 -119.275528
v 124.869209 -1637.879639 -119.285789
v 124.921051 -1638.023071 -119.509140
v 124.867294 -1637.831665 -119.565384
v 124.911491 -1637.946533 0.000000
v 150.415375 -1637.254028 -28.030092
v 150.466949 -1637.261108 -28.181454
v 150.403198 -1637.517578 -28.098608
v 150.468338 -1637.560425 -28.347191
v 150.392044 -1637.722900 -28.274748
v 150.468689 -1637.808350 -28.569016
v 150.381470 -1637.844849 -28.528999
v 150.468460 -1637.968384 -28.810053
v 150.371964 -1637.873047 -28.821325
v 150.467163 -1638.018066 -28.941416
v 150.367325 -1637.848755 -28.986034
v 150.465683 -1637.994385 -29.061411
v 150.362747 -1637.797607 -29.140156
v 150.464157 -1637.935669 -29.165216
v 150.358627 -1637.723511 -29.275978
v 150.462173 -1637.845093 -29.249390
v 150.355362 -1637.631470 -29.386452
v 150.459320 -1637.727417 -29.299404
v 150.353729 -1637.551636 -29.450214
v 150.456268 -1637.622925 -29.335342
v 150.352463 -1637.465820 -29.494329
v 150.452850 -1637.510254 -29.356445
v 150.351410 -1637.376465 -29.518103
v 150.449203 -1637.393188 -29.361946
v 150.350189 -1637.286011 -29.521912
v 150.445740 -1637.275391 -29.318392
v 150.347656 -1637.087402 -29.456856
v 150.437469 -1637.019287 -29.206850
v 150.345856 -1636.924316 -29.303265
v 150.428482 -1636.814941 -29.046377
v 150.344177 -1636.818359 -29.090776
v 150.419357 -1636.689453 -28.862883
v 150.342575 -1636.782104 -28.855396
v 150.410156 -1636.656128 -28.684896
v 150.340317 -1636.818237 -28.633551
v 150.401611 -1636.712158 -28.538538
v 150.338043 -1636.916260 -28.457071
v 150.393082 -1636.843506 -28.443375
v 150.335770 -1637.057983 -28.348940
v 150.384567 -1637.024902 -28.409536
v 150.333969 -1637.220459 -28.320650
v 150.375565 -1637.224609 0.000000
v 499.258972 -984.381836 -0.491547
v 499.202393 -984.411987 -0.531955
v 499.230072 -984.316467 -0.503926
v 499.158508 -984.344055 -0.567542
v 499.205933 -984.259460 -0.540956
v 499.119080 -984.282043 -0.619135
v 499.189941 -984.215332 -0.599163
v 499.087677 -984.232239 -0.680854
v 499.184143 -984.187256 -0.673172
v 499.067505 -984.199646 -0.746055
v 499.189392 -984.176697 -0.756019
v 499.060883 -984.187561 -0.801656
v 499.202972 -984.181824 -0.830711
v 499.067322 -984.195312 -0.850467
v 499.224304 -984.198975 -0.900327
v 499.084839 -984.220093 -0.888979
v 499.251770 -984.225952 -0.959383
v 499.112457 -984.260315 -0.914701
v 499.283356 -984.259583 -1.003118
v 499.148315 -984.313049 -0.926551
v 499.316376 -984.296753 -1.027636
v 499.190308 -984.373962 -0.927794
v 499.319519 -984.302063 -1.028445
v 499.196716 -984.381226 -0.928728
v 499.322845 -984.307251 -1.029017
v 499.202972 -984.388611 -0.929449
v 499.326172 -984.312500 -1.029256
v 499.209198 -984.395996 -0.929957
v 499.329529 -984.317749 -1.029161
v 499.215454 -984.403381 -0.930142
v 499.333130 -984.322815 -1.028842
v 499.221436 -984.410889 -0.922704
v 499.363922 -984.369324 -1.010401
v 499.275879 -984.476013 -0.898743
v 499.391602 -984.412048 -0.966997
v 499.324829 -984.531677 -0.860311
v 499.414032 -984.446411 -0.903809
v 499.364014 -984.572388 -0.811077
v 499.429077 -984.469116 -0.827620
v 499.390686 -984.593933 -0.755731
v 499.435333 -984.477905 -0.746343
v 499.403473 -984.594177 -0.699625
v 499.432220 -984.471680 -0.668110
v 499.402374 -984.573425 -0.648191
v 499.420044 -984.451050 -0.600528
v 499.388794 -984.533630 -0.606439
v 499.399902 -984.417847 -0.549914
v 499.365387 -984.478821 -0.578516
v 499.373810 -984.375122 -0.520655
v 499.335602 -984.414490 -0.567179
v 499.343903 -984.326721 -0.514955
v 499.303864 -984.346863 0.000000
v 83.670799 -1629.495117 93.308044
v 83.670799 -1629.495117 92.626175
v 84.352669 -1629.495117 93.308044
v 84.352669 -1629.495117 0.500000
v -19.652664 -1629.495117 -63.700588
v -19.652664 -1629.495117 -64.472824
v -18.880428 -1629.495117 -63.700588
v -18.880428 -1629.495117 -0.000000
v -26.616873 -1614.683350 -12.757018
v -26.651134 -1614.447144 -12.830000
v -26.651134 -1614.458740 -12.895838
v -26.651134 -1614.492310 -12.948088
v -26.651134 -1614.544556 -12.981633
v -26.651134 -1614.610352 -12.993193
v -26.651136 -1614.683350 -12.981633
v -26.651136 -1614.756348 -12.948088
v -26.651136 -1614.822144 -12.895838
v -26.651136 -1614.874390 -12.830000
v -26.651136 -1614.907959 -12.757018
v -26.651136 -1614.919556 -12.684036
v -26.651136 -1614.907959 -12.618198
v -26.651136 -1614.874390 -12.565948
v -26.651136 -1614.822144 -12.532402
v -26.651136 -1614.756348 -12.520844
v -26.651134 -1614.683350 -12.532402
v -26.651134 -1614.610352 -12.565948
v -26.651134 -1614.544556 -12.618198
v -26.651134 -1614.492310 -12.684036
v -26.651134 -1614.458740 -12.757018
v -26.750568 -1614.234131 -12.895838
v -26.750568 -1614.256104 -13.021070
v -26.750568 -1614.319946 -13.120454
v -26.750570 -1614.419312 -13.184262
v -26.750570 -1614.544556 -13.206249
v -26.750570 -1614.683350 -13.184262
v -26.750570 -1614.822144 -13.120454
v -26.750570 -1614.947388 -13.021070
v -26.750570 -1615.046753 -12.895838
v -26.750570 -1615.110596 -12.757018
v -26.750570 -1615.132568 -12.618197
v -26.750570 -1615.110596 -12.492967
v -26.750570 -1615.046753 -12.393582
v -26.750570 -1614.947388 -12.329774
v -26.750570 -1614.822144 -12.307787
v -26.750570 -1614.683350 -12.329774
v -26.750570 -1614.544556 -12.393582
v -26.750568 -1614.419312 -12.492967
v -26.750568 -1614.319946 -12.618198
v -26.750568 -1614.256104 -12.757018
v -26.905441 -1614.065063 -12.948088
v -26.905441 -1614.095337 -13.120454
v -26.905441 -1614.183105 -13.257244
v -26.905441 -1614.319946 -13.345069
v -26.905441 -1614.492310 -13.375332
v -26.905441 -1614.683350 -13.345069
v -26.905441 -1614.874390 -13.257244
v -26.905441 -1615.046753 -13.120454
v -26.905441 -1615.183594 -12.948088
v -26.905441 -1615.271362 -12.757018
v -26.905441 -1615.301636 -12.565948
v -26.905441 -1615.271362 -12.393582
v -26.905441 -1615.183594 -12.256792
v -26.905441 -1615.046753 -12.168967
v -26.905441 -1614.874390 -12.138704
v -26.905441 -1614.683350 -12.168967
v -26.905441 -1614.492310 -12.256792
v -26.905441 -1614.319946 -12.393582
v -26.905441 -1614.183105 -12.565948
v -26.905441 -1614.095337 -12.757018
v -27.100592 -1613.956421 -12.981633
v -27.100592 -1613.992065 -13.184262
v -27.100592 -1614.095337 -13.345069
v -27.100592 -1614.256104 -13.448314
v -27.100592 -1614.458740 -13.483890
v -27.100592 -1614.683350 -13.448314
v -27.100592 -1614.907959 -13.345069
v -27.100592 -1615.110596 -13.184262
v -27.100592 -1615.271362 -12.981633
v -27.100592 -1615.374634 -12.757018
v -27.100592 -1615.410278 -12.532402
v -27.100592 -1615.374634 -12.329774
v -27.100592 -1615.271362 -12.168967
v -27.100592 -1615.110596 -12.065722
v -27.100592 -1614.907959 -12.030147
v -27.100592 -1614.683350 -12.065722
v -27.100592 -1614.458740 -12.168967
v -27.100592 -1614.256104 -12.329774
v -27.100592 -1614.095337 -12.532403
v -27.100592 -1613.992065 -12.757018
v -27.316917 -1613.919067 -12.993193
v -27.316917 -1613.956421 -13.206249
v -27.316917 -1614.065063 -13.375332
v -27.316917 -1614.234131 -13.483890
v -27.316917 -1614.447144 -13.521296
v -27.316917 -1614.683350 -13.483890
v -27.316917 -1614.919556 -13.375332
v -27.316917 -1615.132568 -13.206249
v -27.316917 -1615.301636 -12.993193
v -27.316917 -1615.410278 -12.757018
v -27.316917 -1615.447632 -12.520844
v -27.316917 -1615.410278 -12.307787
v -27.316917 -1615.301636 -12.138704
v -27.316917 -1615.132568 -12.030147
v -27.316917 -1614.919556 -11.992741
v -27.316917 -1614.683350 -12.030147
v -27.316917 -1614.447144 -12.138704
v -27.316917 -1614.234131 -12.307787
v -27.316917 -1614.065063 -12.520844
v -27.316917 -1613.956421 0.125000
v 6.462277 -1628.366211 -13.803908
v 6.462277 -1628.354980 -13.794848
v 6.462277 -1628.367065 -13.792674
v 6.462277 -1628.356079 -13.786137
v 6.462277 -1628.369751 -13.781872
v 6.462277 -1628.359375 -13.778109
v 6.462277 -1628.374023 -13.771915
v 6.462277 -1628.364746 -13.771071
v 6.462277 -1628.379761 -13.763189
v 6.462277 -1628.371826 -13.765296
v 6.462277 -1628.386841 -13.756028
v 6.462277 -1628.380615 -13.761004
v 6.462277 -1628.394775 -13.750707
v 6.462277 -1628.390503 -13.758362
v 6.462277 -1628.403564 -13.747430
v 6.462277 -1628.401367 -13.757470
v 6.462277 -1628.412598 -13.746324
v 6.462277 -1628.412598 -13.758362
v 6.462277 -1628.421631 -13.747430
v 6.462277 -1628.423828 -13.761004
v 6.462277 -1628.430420 -13.750707
v 6.462277 -1628.434692 -13.765296
v 6.462277 -1628.438354 -13.756028
v 6.462277 -1628.444580 -13.771071
v 6.462277 -1628.445435 -13.763189
v 6.462277 -1628.453369 -13.778109
v 6.462277 -1628.451172 -13.771915
v 6.462277 -1628.460449 -13.786137
v 6.462277 -1628.455444 -13.781872
v 6.462277 -1628.465820 -13.794848
v 6.462277 -1628.458130 -13.792674
v 6.462277 -1628.469116 -13.803908
v 6.462277 -1628.458984 -13.803908
v 6.462277 -1628.470215 -13.812968
v 6.462277 -1628.458130 -13.815143
v 6.462277 -1628.469116 -13.821680
v 6.462277 -1628.455444 -13.825945
v 6.462277 -1628.465820 -13.829708
v 6.462277 -1628.451172 -13.835901
v 6.462277 -1628.460449 -13.836745
v 6.462277 -1628.445435 -13.844627
v 6.462277 -1628.453369 -13.842521
v 6.462277 -1628.438354 -13.851789
v 6.462277 -1628.444580 -13.846812
v 6.462277 -1628.430420 -13.857110
v 6.462277 -1628.434692 -13.849455
v 6.462277 -1628.421631 -13.860387
v 6.462277 -1628.423828 -13.850347
v 6.462277 -1628.412598 -13.861493
v 6.462277 -1628.412598 -13.849455
v 6.462277 -1628.403564 -13.860387
v 6.462277 -1628.401367 -13.846812
v 6.462277 -1628.394775 -13.857110
v 6.462277 -1628.390503 -13.842521
v 6.462277 -1628.386841 -13.851789
v 6.462277 -1628.380615 -13.836745
v 6.462277 -1628.379761 -13.844627
v 6.462277 -1628.371826 -13.829708
v 6.462277 -1628.374023 -13.835900
v 6.462277 -1628.364746 -13.821680
v 6.462277 -1628.369751 -13.825945
v 6.462277 -1628.359375 -13.812968
v 6.462277 -1628.367065 -13.815143
v 6.462277 -1628.356079 -13.803908
v 6.462277 -1628.366211 -13.803908
v 6.462277 -1628.354980 0.978960
v 6.462277 -1628.368530 -13.803908
v 6.462277 -1628.354980 -13.795310
v 6.462277 -1628.369385 -13.792674
v 6.462277 -1628.356079 -13.787043
v 6.462277 -1628.371826 -13.781872
v 6.462277 -1628.359375 -13.779424
v 6.462277 -1628.375977 -13.771915
v 6.462277 -1628.364746 -13.772745
v 6.462277 -1628.381470 -13.763189
v 6.462277 -1628.371826 -13.767263
v 6.462277 -1628.388062 -13.756028
v 6.462277 -1628.380615 -13.763191
v 6.462277 -1628.395752 -13.750707
v 6.462277 -1628.390503 -13.760683
v 6.462277 -1628.404053 -13.747430
v 6.462277 -1628.401367 -13.759836
v 6.462277 -1628.412598 -13.746324
v 6.462277 -1628.412598 -13.760683
v 6.462277 -1628.421143 -13.747430
v 6.462277 -1628.423828 -13.763191
v 6.462277 -1628.429443 -13.750707
v 6.462277 -1628.434692 -13.767263
v 6.462277 -1628.437134 -13.756028
v 6.462277 -1628.444580 -13.772745
v 6.462277 -1628.443726 -13.763189
v 6.462277 -1628.453369 -13.779424
v 6.462277 -1628.449219 -13.771915
v 6.462277 -1628.460449 -13.787043
v 6.462277 -1628.453369 -13.781872
v 6.462277 -1628.465820 -13.795310
v 6.462277 -1628.455811 -13.792674
v 6.462277 -1628.469116 -13.803908
v 6.462277 -1628.456665 -13.803908
v 6.462277 -1628.470215 -13.812507
v 6.462277 -1628.455811 -13.815143
v 6.462277 -1628.469116 -13.820774
v 6.462277 -1628.453369 -13.825945
v 6.462277 -1628.465820 -13.828393
v 6.462277 -1628.449219 -13.835901
v 6.462277 -1628.460449 -13.835072
v 6.462277 -1628.443726 -13.844627
v 6.462277 -1628.453369 -13.840553
v 6.462277 -1628.437134 -13.851789
v 6.462277 -1628.444580 -13.844625
v 6.462277 -1628.429443 -13.857110
v 6.462277 -1628.434692 -13.847134
v 6.462277 -1628.421143 -13.860387
v 6.462277 -1628.423828 -13.847980
v 6.462277 -1628.412598 -13.861493
v 6.462277 -1628.412598 -13.847134
v 6.462277 -1628.404053 -13.860387
v 6.462277 -1628.401367 -13.844625
v 6.462277 -1628.395752 -13.857110
v 6.462277 -1628.390503 -13.840553
v 6.462277 -1628.388062 -13.851789
v 6.462277 -1628.380615 -13.835072
v 6.462277 -1628.381470 -13.844627
v 6.462277 -1628.371826 -13.828393
v 6.462277 -1628.375977 -13.835900
v 6.462277 -1628.364746 -13.820774
v 6.462277 -1628.371826 -13.825945
v 6.462277 -1628.359375 -13.812507
v 6.462277 -1628.369385 -13.815143
v 6.462277 -1628.356079 -13.803908
v 6.462277 -1628.368530 -13.803908
v 6.462277 -1628.354980 0.978960
v 6.462277 -1628.369263 -13.803908
v 6.462277 -1628.354980 -13.795443
v 6.462277 -1628.369995 -13.792674
v 6.462277 -1628.356079 -13.787301
v 6.462277 -1628.372559 -13.781872
v 6.462277 -1628.359375 -13.779799
v 6.462277 -1628.376465 -13.771915
v 6.462277 -1628.364746 -13.773223
v 6.462277 -1628.381958 -13.763189
v 6.462277 -1628.371826 -13.767826
v 6.462277 -1628.388428 -13.756028
v 6.462277 -1628.380615 -13.763816
v 6.462277 -1628.395996 -13.750707
v 6.462277 -1628.390503 -13.761347
v 6.462277 -1628.404175 -13.747430
v 6.462277 -1628.401367 -13.760512
v 6.462277 -1628.412598 -13.746324
v 6.462277 -1628.412598 -13.761347
v 6.462277 -1628.421021 -13.747430
v 6.462277 -1628.423828 -13.763816
v 6.462277 -1628.429199 -13.750707
v 6.462277 -1628.434692 -13.767826
v 6.462277 -1628.436768 -13.756028
v 6.462277 -1628.444580 -13.773223
v 6.462277 -1628.443237 -13.763189
v 6.462277 -1628.453369 -13.779799
v 6.462277 -1628.448730 -13.771915
v 6.462277 -1628.460449 -13.787301
v 6.462277 -1628.452637 -13.781872
v 6.462277 -1628.465820 -13.795443
v 6.462277 -1628.455200 -13.792674
v 6.462277 -1628.469116 -13.803908
v 6.462277 -1628.455933 -13.803908
v 6.462277 -1628.470215 -13.812374
v 6.462277 -1628.455200 -13.815143
v 6.462277 -1628.469116 -13.820516
v 6.462277 -1628.452637 -13.825945
v 6.462277 -1628.465820 -13.828018
v 6.462277 -1628.448730 -13.835901
v 6.462277 -1628.460449 -13.834594
v 6.462277 -1628.443237 -13.844627
v 6.462277 -1628.453369 -13.839991
v 6.462277 -1628.436768 -13.851789
v 6.462277 -1628.444580 -13.844001
v 6.462277 -1628.429199 -13.857110
v 6.462277 -1628.434692 -13.846470
v 6.462277 -1628.421021 -13.860387
v 6.462277 -1628.423828 -13.847304
v 6.462277 -1628.412598 -13.861493
v 6.462277 -1628.412598 -13.846470
v 6.462277 -1628.404175 -13.860387
v 6.462277 -1628.401367 -13.844001
v 6.462277 -1628.395996 -13.857110
v 6.462277 -1628.390503 -13.839991
v 6.462277 -1628.388428 -13.851789
v 6.462277 -1628.380615 -13.834594
v 6.462277 -1628.381958 -13.844627
v 6.462277 -1628.371826 -13.828018
v 6.462277 -1628.376465 -13.835900
v 6.462277 -1628.364746 -13.820516
v 6.462277 -1628.372559 -13.825945
v 6.462277 -1628.359375 -13.812374
v 6.462277 -1628.369995 -13.815143
v 6.462277 -1628.356079 -13.803908
v 6.462277 -1628.369263 -13.803908
v 6.462277 -1628.354980 0.978960
v 6.462277 -1628.365845 -13.803908
v 6.462277 -1628.354980 -13.794783
v 6.462277 -1628.366699 -13.792674
v 6.462277 -1628.356079 -13.786008
v 6.462277 -1628.369385 -13.781872
v 6.462277 -1628.359375 -13.777921
v 6.462277 -1628.373657 -13.771915
v 6.462277 -1628.364746 -13.770832
v 6.462277 -1628.379517 -13.763189
v 6.462277 -1628.371826 -13.765015
v 6.462277 -1628.386597 -13.756028
v 6.462277 -1628.380615 -13.760693
v 6.462277 -1628.394653 -13.750707
v 6.462277 -1628.390503 -13.758031
v 6.462277 -1628.403442 -13.747430
v 6.462277 -1628.401367 -13.757132
v 6.462277 -1628.412598 -13.746324
v 6.462277 -1628.412598 -13.758031
v 6.462277 -1628.421753 -13.747430
v 6.462277 -1628.423828 -13.760693
v 6.462277 -1628.430542 -13.750707
v 6.462277 -1628.434692 -13.765015
v 6.462277 -1628.438599 -13.756028
v 6.462277 -1628.444580 -13.770832
v 6.462277 -1628.445679 -13.763189
v 6.462277 -1628.453369 -13.777921
v 6.462277 -1628.451538 -13.771915
v 6.462277 -1628.460449 -13.786008
v 6.462277 -1628.455811 -13.781872
v 6.462277 -1628.465820 -13.794783
v 6.462277 -1628.458496 -13.792674
v 6.462277 -1628.469116 -13.803908
v 6.462277 -1628.459351 -13.803908
v 6.462277 -1628.470215 -13.813034
v 6.462277 -1628.458496 -13.815143
v 6.462277 -1628.469116 -13.821809
v 6.462277 -1628.455811 -13.825945
v 6.462277 -1628.465820 -13.829896
v 6.462277 -1628.451538 -13.835901
v 6.462277 -1628.460449 -13.836985
v 6.462277 -1628.445679 -13.844627
v 6.462277 -1628.453369 -13.842802
v 6.462277 -1628.438599 -13.851789
v 6.462277 -1628.444580 -13.847124
v 6.462277 -1628.430542 -13.857110
v 6.462277 -1628.434692 -13.849786
v 6.462277 -1628.421753 -13.860387
v 6.462277 -1628.423828 -13.850685
v 6.462277 -1628.412598 -13.861493
v 6.462277 -1628.412598 -13.849786
v 6.462277 -1628.403442 -13.860387
v 6.462277 -1628.401367 -13.847124
v 6.462277 -1628.394653 -13.857110
v 6.462277 -1628.390503 -13.842802
v 6.462277 -1628.386597 -13.851789
v 6.462277 -1628.380615 -13.836985
v 6.462277 -1628.379517 -13.844627
v 6.462277 -1628.371826 -13.829896
v 6.462277 -1628.373657 -13.835900
v 6.462277 -1628.364746 -13.821809
v 6.462277 -1628.369385 -13.825945
v 6.462277 -1628.359375 -13.813034
v 6.462277 -1628.366699 -13.815143
v 6.462277 -1628.356079 -13.803908
v 6.462277 -1628.365845 -13.803908
v 6.462277 -1628.354980 0.978960
v -27.169510 -1614.683350 -12.757018
v -27.176725 -1614.633667 -12.772386
v -27.176725 -1614.636108 -12.786249
v -27.176725 -1614.643066 -12.797251
v -27.176725 -1614.654175 -12.804315
v -27.176725 -1614.667969 -12.806748
v -27.176725 -1614.683350 -12.804315
v -27.176725 -1614.698730 -12.797251
v -27.176725 -1614.712524 -12.786249
v -27.176725 -1614.723633 -12.772386
v -27.176725 -1614.730591 -12.757018
v -27.176725 -1614.733032 -12.741651
v -27.176725 -1614.730591 -12.727787
v -27.176725 -1614.723633 -12.716785
v -27.176725 -1614.712524 -12.709722
v -27.176725 -1614.698730 -12.707288
v -27.176725 -1614.683350 -12.709722
v -27.176725 -1614.667969 -12.716785
v -27.176725 -1614.654175 -12.727787
v -27.176725 -1614.643066 -12.741651
v -27.176725 -1614.636108 -12.757018
v -27.197662 -1614.588745 -12.786249
v -27.197662 -1614.593384 -12.812619
v -27.197662 -1614.606812 -12.833546
v -27.197662 -1614.627808 -12.846982
v -27.197662 -1614.654175 -12.851611
v -27.197662 -1614.683350 -12.846982
v -27.197662 -1614.712524 -12.833546
v -27.197662 -1614.738892 -12.812618
v -27.197662 -1614.759888 -12.786249
v -27.197662 -1614.773315 -12.757018
v -27.197662 -1614.777954 -12.727787
v -27.197662 -1614.773315 -12.701417
v -27.197662 -1614.759888 -12.680490
v -27.197662 -1614.738892 -12.667054
v -27.197662 -1614.712524 -12.662425
v -27.197662 -1614.683350 -12.667054
v -27.197662 -1614.654175 -12.680490
v -27.197662 -1614.627808 -12.701417
v -27.197662 -1614.606812 -12.727787
v -27.197662 -1614.593384 -12.757018
v -27.230274 -1614.553101 -12.797251
v -27.230274 -1614.559570 -12.833546
v -27.230274 -1614.578003 -12.862350
v -27.230274 -1614.606812 -12.880842
v -27.230274 -1614.643066 -12.887215
v -27.230274 -1614.683350 -12.880842
v -27.230274 -1614.723633 -12.862350
v -27.230274 -1614.759888 -12.833546
v -27.230274 -1614.788696 -12.797251
v -27.230274 -1614.807129 -12.757018
v -27.230274 -1614.813599 -12.716785
v -27.230274 -1614.807129 -12.680490
v -27.230274 -1614.788696 -12.651687
v -27.230274 -1614.759888 -12.633194
v -27.230274 -1614.723633 -12.626822
v -27.230274 -1614.683350 -12.633194
v -27.230274 -1614.643066 -12.651687
v -27.230274 -1614.606812 -12.680490
v -27.230274 -1614.578003 -12.716785
v -27.230274 -1614.559570 -12.757018
v -27.271366 -1614.530273 -12.804315
v -27.271366 -1614.537842 -12.846982
v -27.271366 -1614.559570 -12.880842
v -27.271366 -1614.593384 -12.902582
v -27.271366 -1614.636108 -12.910073
v -27.271366 -1614.683350 -12.902582
v -27.271366 -1614.730591 -12.880842
v -27.271366 -1614.773315 -12.846982
v -27.271366 -1614.807129 -12.804315
v -27.271366 -1614.828857 -12.757018
v -27.271366 -1614.836426 -12.709722
v -27.271366 -1614.828857 -12.667054
v -27.271366 -1614.807129 -12.633194
v -27.271366 -1614.773315 -12.611454
v -27.271366 -1614.730591 -12.603963
v -27.271366 -1614.683350 -12.611454
v -27.271366 -1614.636108 -12.633194
v -27.271366 -1614.593384 -12.667054
v -27.271366 -1614.559570 -12.709722
v -27.271366 -1614.537842 -12.757018
v -27.316917 -1614.522461 -12.806748
v -27.316917 -1614.530273 -12.851611
v -27.316917 -1614.553101 -12.887215
v -27.316917 -1614.588745 -12.910073
v -27.316917 -1614.633667 -12.917951
v -27.316917 -1614.683350 -12.910073
v -27.316917 -1614.733032 -12.887215
v -27.316917 -1614.777954 -12.851611
v -27.316917 -1614.813599 -12.806748
v -27.316917 -1614.836426 -12.757018
v -27.316917 -1614.844238 -12.707288
v -27.316917 -1614.836426 -12.662425
v -27.316917 -1614.813599 -12.626822
v -27.316917 -1614.777954 -12.603963
v -27.316917 -1614.733032 -12.596086
v -27.316917 -1614.683350 -12.603963
v -27.316917 -1614.633667 -12.626822
v -27.316917 -1614.588745 -12.662425
v -27.316917 -1614.553101 -12.707288
v -27.316917 -1614.530273 0.125000
v 499.235352 -984.394409 -0.502032
v 499.226013 -984.399414 -0.521956
v 499.204529 -984.326294 -0.513926
v 499.184052 -984.334229 -0.559263
v 499.178894 -984.266479 -0.549235
v 499.146118 -984.275024 -0.613616
v 499.161682 -984.219971 -0.604682
v 499.115936 -984.227539 -0.678946
v 499.155182 -984.190308 -0.675080
v 499.096497 -984.196533 -0.748301
v 499.160400 -984.179138 -0.753773
v 499.089874 -984.185120 -0.808241
v 499.174774 -984.184753 -0.825254
v 499.095795 -984.192627 -0.861043
v 499.197571 -984.203552 -0.891708
v 499.112427 -984.216553 -0.902782
v 499.227173 -984.233093 -0.947842
v 499.138733 -984.255249 -0.930622
v 499.261414 -984.270142 -0.989093
v 499.172821 -984.305786 -0.943166
v 499.297546 -984.311096 -1.011828
v 499.212585 -984.364136 -0.944293
v 499.300812 -984.316467 -1.012439
v 499.218201 -984.370483 -0.945155
v 499.304230 -984.321655 -1.012845
v 499.223663 -984.376953 -0.945818
v 499.307648 -984.326965 -1.012981
v 499.229156 -984.383362 -0.946280
v 499.311066 -984.332214 -1.012846
v 499.234619 -984.389771 -0.946469
v 499.314667 -984.337402 -1.012514
v 499.239899 -984.396301 -0.938170
v 499.348389 -984.388184 -0.994935
v 499.291412 -984.457214 -0.911632
v 499.378998 -984.434631 -0.954108
v 499.337433 -984.509094 -0.869149
v 499.403870 -984.471985 -0.894970
v 499.374176 -984.546753 -0.814714
v 499.420624 -984.496582 -0.823983
v 499.399139 -984.566467 -0.753482
v 499.427704 -984.505798 -0.748592
v 499.411102 -984.566345 -0.691370
v 499.424408 -984.498352 -0.676365
v 499.410187 -984.546753 -0.634420
v 499.411011 -984.474915 -0.614300
v 499.397827 -984.509766 -0.588233
v 499.388794 -984.437500 -0.568120
v 499.376495 -984.459167 -0.557469
v 499.359924 -984.389465 -0.541702
v 499.349487 -984.400146 -0.545364
v 499.327179 -984.335144 -0.536770
v 499.320587 -984.338440 0.000000
v 508.450836 -1031.870361 -0.434578
v 508.438995 -1031.876709 -0.459899
v 508.411682 -1031.783813 -0.449695
v 508.385651 -1031.793823 -0.507313
v 508.379089 -1031.707764 -0.494569
v 508.337463 -1031.718628 -0.576390
v 508.357239 -1031.648682 -0.565036
v 508.299072 -1031.658325 -0.659418
v 508.348969 -1031.610962 -0.654505
v 508.274384 -1031.618896 -0.747562
v 508.355591 -1031.596802 -0.754516
v 508.265991 -1031.604370 -0.823739
v 508.373871 -1031.603882 -0.845361
v 508.273499 -1031.613892 -0.890845
v 508.402863 -1031.627808 -0.929817
v 508.294617 -1031.644287 -0.943892
v 508.440460 -1031.665405 -1.001158
v 508.328033 -1031.693481 -0.979274
v 508.483978 -1031.712402 -1.053584
v 508.371368 -1031.757690 -0.995215
v 508.529907 -1031.764526 -1.082479
v 508.421906 -1031.831909 -0.996648
v 508.534058 -1031.771240 -1.083254
v 508.429047 -1031.839966 -0.997744
v 508.538361 -1031.777954 -1.083771
v 508.436005 -1031.848145 -0.998586
v 508.542725 -1031.784668 -1.083943
v 508.442963 -1031.856323 -0.999173
v 508.547089 -1031.791260 -1.083772
v 508.449921 -1031.864502 -0.999414
v 508.551636 -1031.797852 -1.083351
v 508.456635 -1031.872803 -0.988866
v 508.594513 -1031.862427 -1.061008
v 508.522064 -1031.950195 -0.955139
v 508.633392 -1031.921509 -1.009122
v 508.580597 -1032.016113 -0.901148
v 508.665009 -1031.968994 -0.933964
v 508.627258 -1032.063965 -0.831966
v 508.686340 -1032.000122 -0.843746
v 508.658997 -1032.088989 -0.754146
v 508.695312 -1032.011841 -0.747931
v 508.674225 -1032.088867 -0.675208
v 508.691132 -1032.002441 -0.656139
v 508.673035 -1032.063965 -0.602830
v 508.674072 -1031.972656 -0.577260
v 508.657318 -1032.016968 -0.544131
v 508.645844 -1031.925171 -0.518570
v 508.630219 -1031.952637 -0.505033
v 508.609161 -1031.864014 -0.484995
v 508.595917 -1031.877686 -0.489649
v 508.567566 -1031.795044 -0.478727
v 508.559174 -1031.799194 0.000000
v 503.024689 -1047.484497 -0.502034
v 503.015350 -1047.489380 -0.521958
v 502.993866 -1047.416382 -0.513928
v 502.973389 -1047.424194 -0.559265
v 502.968231 -1047.356567 -0.549237
v 502.935455 -1047.364990 -0.613618
v 502.951019 -1047.310059 -0.604684
v 502.905273 -1047.317627 -0.678948
v 502.944519 -1047.280396 -0.675082
v 502.885834 -1047.286621 -0.748303
v 502.949738 -1047.269165 -0.753775
v 502.879211 -1047.275146 -0.808243
v 502.964111 -1047.274780 -0.825256
v 502.885132 -1047.282593 -0.861045
v 502.986908 -1047.293579 -0.891710
v 502.901764 -1047.306641 -0.902784
v 503.016510 -1047.323120 -0.947844
v 502.928070 -1047.345337 -0.930624
v 503.050751 -1047.360229 -0.989095
v 502.962158 -1047.395874 -0.943168
v 503.086884 -1047.401123 -1.011830
v 503.001923 -1047.454224 -0.944295
v 503.090149 -1047.406494 -1.012441
v 503.007538 -1047.460571 -0.945157
v 503.093567 -1047.411743 -1.012847
v 503.013000 -1047.466919 -0.945820
v 503.096985 -1047.416992 -1.012983
v 503.018494 -1047.473389 -0.946282
v 503.100403 -1047.422241 -1.012848
v 503.023956 -1047.479858 -0.946471
v 503.104004 -1047.427368 -1.012516
v 503.029236 -1047.486328 -0.938172
v 503.137726 -1047.478149 -0.994937
v 503.080750 -1047.547241 -0.911634
v 503.168335 -1047.524658 -0.954110
v 503.126770 -1047.599121 -0.869151
v 503.193207 -1047.562012 -0.894973
v 503.163513 -1047.636841 -0.814716
v 503.209961 -1047.586548 -0.823985
v 503.188477 -1047.656494 -0.753484
v 503.217041 -1047.595825 -0.748594
v 503.200439 -1047.656372 -0.691372
v 503.213745 -1047.588379 -0.676368
v 503.199524 -1047.636841 -0.634422
v 503.200348 -1047.564941 -0.614302
v 503.187164 -1047.599731 -0.588235
v 503.178131 -1047.527588 -0.568122
v 503.165833 -1047.549194 -0.557471
v 503.149261 -1047.479492 -0.541704
v 503.138824 -1047.490234 -0.545366
v 503.116516 -1047.425171 -0.536772
v 503.109924 -1047.428467 0.000000
v 505.397766 -1072.408936 -0.410798
v 505.332581 -1072.443604 -0.459981
v 505.359161 -1072.322144 -0.427064
v 505.275146 -1072.354492 -0.507253
v 505.326965 -1072.246338 -0.475592
v 505.223511 -1072.273315 -0.575869
v 505.305511 -1072.187622 -0.551832
v 505.182404 -1072.208008 -0.658045
v 505.297638 -1072.150269 -0.648720
v 505.156067 -1072.165405 -0.744951
v 505.304474 -1072.136230 -0.757129
v 505.147400 -1072.149536 -0.821032
v 505.323120 -1072.143555 -0.857401
v 505.156250 -1072.160278 -0.887506
v 505.352570 -1072.167725 -0.950420
v 505.180359 -1072.194458 -0.939329
v 505.390564 -1072.205444 -1.028471
v 505.218262 -1072.249756 -0.972977
v 505.434174 -1072.252319 -1.084921
v 505.267242 -1072.321655 -0.986992
v 505.479614 -1072.303711 -1.114460
v 505.324249 -1072.404419 -0.988096
v 505.482849 -1072.309326 -1.114922
v 505.330872 -1072.411743 -0.988903
v 505.486328 -1072.314819 -1.115241
v 505.337280 -1072.419312 -0.989535
v 505.489838 -1072.320312 -1.115293
v 505.343689 -1072.426880 -0.989992
v 505.493347 -1072.325806 -1.115077
v 505.350067 -1072.434448 -0.990142
v 505.497131 -1072.331055 -1.114728
v 505.356171 -1072.442139 -0.980219
v 505.538239 -1072.393188 -1.090509
v 505.427490 -1072.527344 -0.948194
v 505.575226 -1072.450195 -1.033661
v 505.491608 -1072.600098 -0.896797
v 505.605194 -1072.496216 -0.950994
v 505.542908 -1072.653076 -0.830915
v 505.625366 -1072.526611 -0.851408
v 505.577820 -1072.681152 -0.756813
v 505.633728 -1072.538330 -0.745267
v 505.594574 -1072.681274 -0.681653
v 505.629578 -1072.529907 -0.643197
v 505.593140 -1072.654053 -0.612718
v 505.613251 -1072.502319 -0.555118
v 505.575500 -1072.602051 -0.556736
v 505.586273 -1072.457764 -0.489243
v 505.545044 -1072.530518 -0.519288
v 505.551270 -1072.400391 -0.451252
v 505.506317 -1072.446655 -0.504121
v 505.511200 -1072.335327 -0.443942
v 505.465057 -1072.358521 0.000000
v 689.269958 -844.127869 -0.489317
v 689.203430 -844.163269 -0.534060
v 689.241455 -844.063049 -0.501809
v 689.159119 -844.094788 -0.569275
v 689.217651 -844.006653 -0.539211
v 689.119385 -844.032166 -0.620282
v 689.201843 -843.962952 -0.598003
v 689.087769 -843.981873 -0.681245
v 689.196167 -843.935242 -0.672769
v 689.067505 -843.948914 -0.745584
v 689.201416 -843.924866 -0.756478
v 689.060913 -843.936707 -0.800860
v 689.215027 -843.929993 -0.832622
v 689.067566 -843.944702 -0.849238
v 689.236389 -843.947205 -0.903500
v 689.085693 -843.970215 -0.887190
v 689.263794 -843.974121 -0.963422
v 689.114136 -844.011597 -0.912246
v 689.295227 -844.007629 -1.007456
v 689.151001 -844.065674 -0.923401
v 689.328003 -844.044556 -1.031580
v 689.194153 -844.128052 -0.924492
v 689.330811 -844.049377 -1.032227
v 689.200195 -844.134827 -0.925300
v 689.333862 -844.054138 -1.032688
v 689.206055 -844.141785 -0.925928
v 689.336914 -844.058899 -1.032858
v 689.211914 -844.148743 -0.926376
v 689.339905 -844.063660 -1.032738
v 689.217773 -844.155640 -0.926528
v 689.343201 -844.068237 -1.032443
v 689.223389 -844.162781 -0.919293
v 689.373352 -844.113892 -1.013800
v 689.278442 -844.228821 -0.895911
v 689.400391 -844.155762 -0.969817
v 689.328064 -844.285278 -0.858374
v 689.422241 -844.189453 -0.905733
v 689.367798 -844.326599 -0.810279
v 689.436951 -844.211792 -0.828405
v 689.394836 -844.348511 -0.756211
v 689.442993 -844.220581 -0.745851
v 689.407837 -844.348816 -0.701399
v 689.439941 -844.214600 -0.666324
v 689.406677 -844.327820 -0.651142
v 689.427979 -844.194580 -0.597565
v 689.392883 -844.287415 -0.610327
v 689.408325 -844.162292 -0.546014
v 689.369019 -844.231689 -0.582993
v 689.382812 -844.120728 -0.516166
v 689.338623 -844.166199 -0.571801
v 689.353455 -844.073608 -0.510321
v 689.306335 -844.097290 0.000000
v 554.520020 -1000.009644 14.029683
v 554.520020 -1000.009644 13.770324
v 554.779419 -1000.009644 14.029683
v 554.779419 -1000.009644 0.500000
v 554.463562 -1000.009644 13.987131
v 554.463562 -1000.009644 13.693399
v 554.757263 -1000.009644 13.987131
v 554.757263 -1000.009644 -0.000000
v 554.614868 -1000.009644 13.863618
v 554.614868 -1000.009644 13.863231
v 554.615234 -1000.009644 13.863618
v 554.615234 -1000.009644 -0.000000
v 554.614868 -1000.009644 13.863578
v 554.614868 -1000.009644 13.863271
v 554.615234 -1000.009644 13.863578
v 554.615234 -1000.009644 0.000000
v 554.646179 -999.950256 13.931096
v 554.636108 -999.978333 13.928453
v 554.619141 -999.967529 13.917643
v 554.608276 -999.954163 13.901561
v 554.606445 -999.941895 13.884518
v 554.614197 -999.933960 13.940144
v 554.620361 -1000.014709 13.935566
v 554.590942 -999.995972 13.916842
v 554.572144 -999.972839 13.888988
v 554.569031 -999.951538 13.859468
v 554.582397 -999.937805 13.928253
v 554.603210 -1000.049622 13.922967
v 554.569275 -1000.027954 13.901346
v 554.547546 -1000.001221 13.869183
v 554.543945 -999.976624 13.835095
v 554.559387 -999.960754 13.898610
v 554.589233 -1000.073669 13.894033
v 554.559814 -1000.054871 13.875309
v 554.541016 -1000.031738 13.847454
v 554.537903 -1000.010437 13.817934
v 554.551270 -999.996704 13.859159
v 554.582153 -1000.080383 13.856516
v 554.565186 -1000.069580 13.845706
v 554.554321 -1000.056213 13.829624
v 554.552551 -1000.043945 13.812580
v 554.560242 -1000.036011 13.820470
v 554.583923 -1000.068054 0.421780
v 554.646545 -1000.031555 13.817768
v 554.667297 -1000.005615 13.807774
v 554.655273 -999.997253 13.799161
v 554.639771 -999.997253 13.794238
v 554.624939 -1000.005615 13.794324
v 554.614746 -1000.020203 13.842049
v 554.674133 -999.980652 13.824738
v 554.653259 -999.966125 13.809820
v 554.626404 -999.966125 13.801294
v 554.600708 -999.980713 13.801443
v 554.583069 -1000.005859 13.871675
v 554.665100 -999.963318 13.851686
v 554.641052 -999.946533 13.834462
v 554.609985 -999.946533 13.824616
v 554.580322 -999.963379 13.824789
v 554.559937 -999.992432 13.898711
v 554.642639 -999.958252 13.881400
v 554.621826 -999.943726 13.866483
v 554.594910 -999.943726 13.857957
v 554.569214 -999.958313 13.858106
v 554.551575 -999.983459 13.915911
v 554.612854 -999.966858 13.905916
v 554.600769 -999.958435 13.897304
v 554.585266 -999.958496 13.892381
v 554.570435 -999.966858 13.892467
v 554.560242 -999.981384 13.918665
v 554.583557 -999.986755 0.421780
v 554.648438 -999.991699 13.805118
v 554.633850 -999.955383 13.795365
v 554.617554 -999.964050 13.786959
v 554.608398 -999.980774 13.782148
v 554.608765 -1000.001038 13.782225
v 554.618530 -1000.019409 13.834626
v 554.614197 -999.933472 13.817735
v 554.586060 -999.948486 13.803173
v 554.570190 -999.977417 13.794842
v 554.570801 -1000.012573 13.794974
v 554.587708 -1000.044434 13.871469
v 554.594788 -999.931824 13.851965
v 554.562256 -999.949158 13.835151
v 554.543945 -999.982605 13.825531
v 554.544678 -1000.023132 13.825684
v 554.564209 -1000.059937 13.905776
v 554.580811 -999.950928 13.888885
v 554.552673 -999.965942 13.874323
v 554.536804 -999.994873 13.865992
v 554.537415 -1000.030029 13.866124
v 554.554321 -1000.061890 13.928354
v 554.575989 -999.985596 13.918602
v 554.559753 -999.994263 13.910194
v 554.550598 -1000.010986 13.905384
v 554.550964 -1000.031311 13.905460
v 554.560730 -1000.049683 13.933152
v 554.581665 -1000.026611 0.421780
v 554.626526 -1000.006897 13.912505
v 554.624390 -1000.036194 13.915185
v 554.610229 -1000.031921 13.916811
v 554.600037 -1000.020996 13.916945
v 554.596497 -1000.006409 13.915552
v 554.600647 -999.992004 13.892612
v 554.619751 -1000.058228 13.897256
v 554.595215 -1000.050781 13.900071
v 554.577576 -1000.031860 13.900304
v 554.571533 -1000.006592 13.897891
v 554.578613 -999.981689 13.864519
v 554.613831 -1000.067139 13.869881
v 554.585571 -1000.058533 13.873131
v 554.565186 -1000.036682 13.873400
v 554.558167 -1000.007507 13.870614
v 554.566406 -999.978699 13.835751
v 554.608276 -1000.060486 13.840394
v 554.583801 -1000.053040 13.843209
v 554.566162 -1000.034119 13.843442
v 554.560059 -1000.008850 13.841029
v 554.567200 -999.983887 13.814016
v 554.604553 -1000.040100 13.816697
v 554.590393 -1000.035767 13.818323
v 554.580200 -1000.024841 13.818457
v 554.576660 -1000.010254 13.817064
v 554.580811 -999.995850 13.805140
v 554.603577 -1000.011414 0.421780
v 554.580933 -1000.016846 13.816027
v 554.599060 -1000.040771 13.808572
v 554.606812 -1000.030273 13.804684
v 554.608887 -1000.015930 13.805407
v 554.604614 -1000.001526 13.810544
v 554.595276 -999.990967 13.828691
v 554.621521 -1000.056274 13.815778
v 554.634949 -1000.038086 13.809045
v 554.638489 -1000.013184 13.810295
v 554.631165 -999.988281 13.819195
v 554.614929 -999.969971 13.850282
v 554.642212 -1000.059082 13.835371
v 554.657715 -1000.038086 13.827596
v 554.661804 -1000.009338 13.829040
v 554.653320 -999.980591 13.839316
v 554.634644 -999.959412 13.875012
v 554.655640 -1000.048523 13.862099
v 554.669067 -1000.030396 13.855366
v 554.672607 -1000.005493 13.856616
v 554.665283 -999.980530 13.865516
v 554.649048 -999.962219 13.896256
v 554.658203 -1000.027466 13.888802
v 554.665955 -1000.016968 13.884913
v 554.667969 -1000.002563 13.885636
v 554.663757 -999.988220 13.890774
v 554.654419 -999.977600 13.908323
v 554.649170 -1000.001465 0.421780
v 554.685425 -1000.009155 13.862002
v 554.676025 -999.973938 13.844401
v 554.676025 -999.978699 13.831517
v 554.676025 -999.991577 13.826801
v 554.676025 -1000.009155 13.831517
v 554.676025 -1000.026733 13.862002
v 554.650269 -999.948181 13.831517
v 554.650269 -999.956360 13.809200
v 554.650269 -999.978699 13.801032
v 554.650269 -1000.009155 13.809200
v 554.650269 -1000.039612 13.862002
v 554.615051 -999.938782 13.826801
v 554.615051 -999.948181 13.801032
v 554.615051 -999.973938 13.791599
v 554.615051 -1000.009155 13.801032
v 554.615051 -1000.044373 13.862002
v 554.579834 -999.948181 13.831517
v 554.579834 -999.956360 13.809200
v 554.579834 -999.978699 13.801032
v 554.579834 -1000.009155 13.809200
v 554.579834 -1000.039612 13.862002
v 554.554077 -999.973938 13.844401
v 554.554077 -999.978699 13.831517
v 554.554077 -999.991577 13.826801
v 554.554077 -1000.009155 13.831517
v 554.554077 -1000.026733 13.862002
v 554.544678 -1000.009155 0.421780
v 554.614990 -1000.009644 13.863500
v 554.614990 -1000.009644 13.863349
v 554.615112 -1000.009644 13.863500
v 554.615112 -1000.009644 0.000000

vt 0.000380 0.748890
vt 0.000380 1.000000
vt 0.017659 0.748890
vt 0.017659 1.000000
vt 0.034712 0.748890
vt 0.034712 1.000000
vt 0.051540 0.748890
vt 0.051540 1.000000
vt 0.068142 0.748890
vt 0.068142 1.000000
vt 0.079897 0.748890
vt 0.079897 1.000000
vt 0.091538 0.748890
vt 0.091538 1.000000
vt 0.103062 0.748890
vt 0.103062 1.000000
vt 0.114471 0.748890
vt 0.114471 1.000000
vt 0.119019 0.748890
vt 0.119019 1.000000
vt 0.123548 0.748890
vt 0.123548 1.000000
vt 0.128058 0.748890
vt 0.128058 1.000000
vt 0.132550 0.748890
vt 0.132550 1.000000
vt 0.148022 0.748890
vt 0.148022 1.000000
vt 0.163268 0.748890
vt 0.163268 1.000000
vt 0.178288 0.748890
vt 0.178288 1.000000
vt 0.193082 0.748890
vt 0.193082 1.000000
vt 0.207651 0.748890
vt 0.207651 1.000000
vt 0.221993 0.748890
vt 0.221993 1.000000
vt 0.236109 0.748890
vt 0.236109 1.000000
vt 0.250000 0.748890
vt 0.250000 1.000000
vt 0.000380 0.748890
vt 0.000380 1.000000
vt 0.017659 0.748890
vt 0.017659 1.000000
vt 0.034712 0.748890
vt 0.034712 1.000000
vt 0.051540 0.748890
vt 0.051540 1.000000
vt 0.068142 0.748890
vt 0.068142 1.000000
vt 0.079897 0.748890
vt 0.079897 1.000000
vt 0.091538 0.748890
vt 0.091538 1.000000
vt 0.103062 0.748890
vt 0.103062 1.000000
vt 0.114471 0.748890
vt 0.114471 1.000000
vt 0.119019 0.748890
vt 0.119019 1.000000
vt 0.123548 0.748890
vt 0.123548 1.000000
vt 0.128058 0.748890
vt 0.128058 1.000000
vt 0.132550 0.748890
vt 0.132550 1.000000
vt 0.148022 0.748890
vt 0.148022 1.000000
vt 0.163268 0.748890
vt 0.163268 1.000000
vt 0.178288 0.748890
vt 0.178288 1.000000
vt 0.193082 0.748890
vt 0.193082 1.000000
vt 0.207651 0.748890
vt 0.207651 1.000000
vt 0.221993 0.748890
vt 0.221993 1.000000
vt 0.236109 0.748890
vt 0.236109 1.000000
vt 0.250000 0.748890
vt 0.250000 1.000000
vt 0.000380 0.748890
vt 0.000380 1.000000
vt 0.017659 0.748890
vt 0.017659 1.000000
vt 0.034712 0.748890
vt 0.034712 1.000000
vt 0.051540 0.748890
vt 0.051540 1.000000
vt 0.068142 0.748890
vt 0.068142 1.000000
vt 0.079897 0.748890
vt 0.079897 1.000000
vt 0.091538 0.748890
vt 0.091538 1.000000
vt 0.103062 0.748890
vt 0.103062 1.000000
vt 0.114471 0.748890
vt 0.114471 1.000000
vt 0.119019 0.748890
vt 0.119019 1.000000
vt 0.123548 0.748890
vt 0.123548 1.000000
vt 0.128058 0.748890
vt 0.128058 1.000000
vt 0.132550 0.748890
vt 0.132550 1.000000
vt 0.148022 0.748890
vt 0.148022 1.000000
vt 0.163268 0.748890
vt 0.163268 1.000000
vt 0.178288 0.748890
vt 0.178288 1.000000
vt 0.193082 0.748890
vt 0.193082 1.000000
vt 0.207651 0.748890
vt 0.207651 1.000000
vt 0.221993 0.748890
vt 0.221993 1.000000
vt 0.236109 0.748890
vt 0.236109 1.000000
vt 0.250000 0.748890
vt 0.250000 1.000000
vt 0.000380 0.748890
vt 0.000380 1.000000
vt 0.017659 0.748890
vt 0.017659 1.000000
vt 0.034712 0.748890
vt 0.034712 1.000000
vt 0.051540 0.748890
vt 0.051540 1.000000
vt 0.068142 0.748890
vt 0.068142 1.000000
vt 0.079897 0.748890
vt 0.079897 1.000000
vt 0.091538 0.748890
vt 0.091538 1.000000
vt 0.103062 0.748890
vt 0.103062 1.000000
vt 0.114471 0.748890
vt 0.114471 1.000000
vt 0.119019 0.748890
vt 0.119019 1.000000
vt 0.123548 0.748890
vt 0.123548 1.000000
vt 0.128058 0.748890
vt 0.128058 1.000000
vt 0.132550 0.748890
vt 0.132550 1.000000
vt 0.148022 0.748890
vt 0.148022 1.000000
vt 0.163268 0.748890
vt 0.163268 1.000000
vt 0.178288 0.748890
vt 0.178288 1.000000
vt 0.193082 0.748890
vt 0.193082 1.000000
vt 0.207651 0.748890
vt 0.207651 1.000000
vt 0.221993 0.748890
vt 0.221993 1.000000
vt 0.236109 0.748890
vt 0.236109 1.000000
vt 0.250000 0.748890
vt 0.250000 1.000000
vt 0.000380 0.748890
vt 0.000380 1.000000
vt 0.017659 0.748890
vt 0.017659 1.000000
vt 0.034712 0.748890
vt 0.034712 1.000000
vt 0.051540 0.748890
vt 0.051540 1.000000
vt 0.068142 0.748890
vt 0.068142 1.000000
vt 0.079897 0.748890
vt 0.079897 1.000000
vt 0.091538 0.748890
vt 0.091538 1.000000
vt 0.103062 0.748890
vt 0.103062 1.000000
vt 0.114471 0.748890
vt 0.114471 1.000000
vt 0.119019 0.748890
vt 0.119019 1.000000
vt 0.123548 0.748890
vt 0.123548 1.000000
vt 0.128058 0.748890
vt 0.128058 1.000000
vt 0.132550 0.748890
vt 0.132550 1.000000
vt 0.148022 0.748890
vt 0.148022 1.000000
vt 0.163268 0.748890
vt 0.163268 1.000000
vt 0.178288 0.748890
vt 0.178288 1.000000
vt 0.193082 0.748890
vt 0.193082 1.000000
vt 0.207651 0.748890
vt 0.207651 1.000000
vt 0.221993 0.748890
vt 0.221993 1.000000
vt 0.236109 0.748890
vt 0.236109 1.000000
vt 0.250000 0.748890
vt 0.250000 1.000000
vt 0.000380 0.748890
vt 0.000380 1.000000
vt 0.017659 0.748890
vt 0.017659 1.000000
vt 0.034712 0.748890
vt 0.034712 1.000000
vt 0.051540 0.748890
vt 0.051540 1.000000
vt 0.068142 0.748890
vt 0.068142 1.000000
vt 0.079897 0.748890
vt 0.079897 1.000000
vt 0.091538 0.748890
vt 0.091538 1.000000
vt 0.103062 0.748890
vt 0.103062 1.000000
vt 0.114471 0.748890
vt 0.114471 1.000000
vt 0.119019 0.748890
vt 0.119019 1.000000
vt 0.123548 0.748890
vt 0.123548 1.000000
vt 0.128058 0.748890
vt 0.128058 1.000000
vt 0.132550 0.748890
vt 0.132550 1.000000
vt 0.148022 0.748890
vt 0.148022 1.000000
vt 0.163268 0.748890
vt 0.163268 1.000000
vt 0.178288 0.748890
vt 0.178288 1.000000
vt 0.193082 0.748890
vt 0.193082 1.000000
vt 0.207651 0.748890
vt 0.207651 1.000000
vt 0.221993 0.748890
vt 0.221993 1.000000
vt 0.236109 0.748890
vt 0.236109 1.000000
vt 0.250000 0.748890
vt 0.250000 1.000000
vt 0.500000 0.750000
vt 0.500000 1.000000
vt 0.526902 0.750000
vt 0.526902 1.000000
vt 0.553602 0.750000
vt 0.553602 1.000000
vt 0.580102 0.750000
vt 0.580102 1.000000
vt 0.606400 0.750000
vt 0.606400 1.000000
vt 0.632498 0.750000
vt 0.632498 1.000000
vt 0.655781 0.750000
vt 0.655781 1.000000
vt 0.678902 0.750000
vt 0.678902 1.000000
vt 0.701861 0.750000
vt 0.701861 1.000000
vt 0.724658 0.750000
vt 0.724658 1.000000
vt 0.747293 0.750000
vt 0.747293 1.000000
vt 0.749861 0.750000
vt 0.749861 1.000000
vt 0.752428 0.750000
vt 0.752428 1.000000
vt 0.754993 0.750000
vt 0.754993 1.000000
vt 0.757555 0.750000
vt 0.757555 1.000000
vt 0.760116 0.750000
vt 0.760116 1.000000
vt 0.785008 0.750000
vt 0.785008 1.000000
vt 0.809699 0.750000
vt 0.809699 1.000000
vt 0.834190 0.750000
vt 0.834190 1.000000
vt 0.858479 0.750000
vt 0.858479 1.000000
vt 0.882568 0.750000
vt 0.882568 1.000000
vt 0.906456 0.750000
vt 0.906456 1.000000
vt 0.930143 0.750000
vt 0.930143 1.000000
vt 0.953630 0.750000
vt 0.953630 1.000000
vt 0.976915 0.750000
vt 0.976915 1.000000
vt 1.000000 0.750000
vt 1.000000 1.000000
vt 0.500000 0.000000
vt 0.500000 0.500000
vt 1.000000 0.000000
vt 1.000000 1.000000
vt 1.000000 1.000000
vt 0.500000 0.500000
vt 1.000000 0.500000
vt 0.500000 1.000000
vt 0.750000 0.875000
vt 0.829043 0.886983
vt 0.825174 0.897793
vt 0.813947 0.906373
vt 0.796460 0.911881
vt 0.774426 0.913779
vt 0.750000 0.911881
vt 0.725575 0.906373
vt 0.703540 0.897794
vt 0.686053 0.886983
vt 0.674826 0.875000
vt 0.670958 0.863017
vt 0.674826 0.852206
vt 0.686053 0.843627
vt 0.703540 0.838119
vt 0.725575 0.836221
vt 0.750000 0.838119
vt 0.774426 0.843627
vt 0.796460 0.852206
vt 0.813947 0.863017
vt 0.825174 0.875000
vt 0.900348 0.897793
vt 0.892989 0.918356
vt 0.871634 0.934674
vt 0.838372 0.945151
vt 0.796460 0.948761
vt 0.750000 0.945151
vt 0.703540 0.934674
vt 0.661628 0.918356
vt 0.628366 0.897794
vt 0.607011 0.875000
vt 0.599652 0.852206
vt 0.607011 0.831644
vt 0.628366 0.815326
vt 0.661628 0.804849
vt 0.703540 0.801239
vt 0.750000 0.804849
vt 0.796460 0.815326
vt 0.838372 0.831644
vt 0.871634 0.852206
vt 0.892989 0.875000
vt 0.956936 0.906373
vt 0.946808 0.934674
vt 0.917415 0.957134
vt 0.871634 0.971555
vt 0.813947 0.976524
vt 0.750000 0.971555
vt 0.686053 0.957134
vt 0.628366 0.934674
vt 0.582585 0.906373
vt 0.553192 0.875000
vt 0.543064 0.843627
vt 0.553192 0.815326
vt 0.582585 0.792866
vt 0.628366 0.778445
vt 0.686053 0.773476
vt 0.750000 0.778445
vt 0.813947 0.792866
vt 0.871634 0.815326
vt 0.917415 0.843627
vt 0.946808 0.875000
vt 0.993268 0.911881
vt 0.981361 0.945151
vt 0.946808 0.971555
vt 0.892989 0.988507
vt 0.825174 0.994348
vt 0.750000 0.988507
vt 0.674826 0.971555
vt 0.607011 0.945151
vt 0.553192 0.911881
vt 0.518639 0.875000
vt 0.506732 0.838119
vt 0.518639 0.804849
vt 0.553192 0.778445
vt 0.607011 0.761493
vt 0.674826 0.755652
vt 0.750000 0.761493
vt 0.825174 0.778445
vt 0.892989 0.804849
vt 0.946808 0.838119
vt 0.981361 0.875000
vt 1.005787 0.913779
vt 0.993268 0.948761
vt 0.956936 0.976524
vt 0.900348 0.994348
vt 0.829043 1.000490
vt 0.750000 0.994348
vt 0.670958 0.976524
vt 0.599652 0.948761
vt 0.543064 0.913779
vt 0.506732 0.875000
vt 0.494213 0.836221
vt 0.506732 0.801239
vt 0.543064 0.773476
vt 0.599652 0.755652
vt 0.670958 0.749510
vt 0.750000 0.755652
vt 0.829043 0.773476
vt 0.900348 0.801239
vt 0.956936 0.836221
vt 0.993268 1.000000
vt 0.027560 0.021040
vt 1.004349 0.021773
vt 0.027560 0.021773
vt 1.004349 0.021040
vt 0.027560 0.021040
vt 1.004349 0.021773
vt 0.027560 0.021773
vt 1.004349 0.021040
vt 0.027560 0.021040
vt 1.004349 0.021773
vt 0.027560 0.021773
vt 1.004349 0.021040
vt 0.027560 0.021040
vt 1.004349 0.021773
vt 0.027560 0.021773
vt 1.004349 0.021040
vt 0.027560 0.021040
vt 1.004349 0.021773
vt 0.027560 0.021773
vt 1.004349 0.021040
vt 0.027560 0.021040
vt 1.004349 0.021773
vt 0.027560 0.021773
vt 1.004349 0.021040
vt 0.027560 0.021040
vt 1.004349 0.021773
vt 0.027560 0.021773
vt 1.004349 0.021040
vt 0.027560 0.021040
vt 1.004349 0.021773
vt 0.027560 0.021773
vt 1.004349 0.021040
vt 0.027560 0.021040
vt 1.004349 0.021773
vt 0.027560 0.021773
vt 1.004349 0.021040
vt 0.027560 0.021040
vt 1.004349 0.021773
vt 0.027560 0.021773
vt 1.004349 0.021040
vt 0.027560 0.021040
vt 1.004349 0.021773
vt 0.027560 0.021773
vt 1.004349 0.021040
vt 0.027560 0.021040
vt 1.004349 0.021773
vt 0.027560 0.021773
vt 1.004349 0.021040
vt 0.027560 0.021040
vt 1.004349 0.021773
vt 0.027560 0.021773
vt 1.004349 0.021040
vt 0.027560 0.021040
vt 1.004349 0.021773
vt 0.027560 0.021773
vt 1.004349 0.021040
vt 0.027560 0.021040
vt 1.004349 0.021773
vt 0.027560 0.021773
vt 1.004349 0.021040
vt 0.027560 0.021040
vt 1.004349 0.021773
vt 0.027560 0.021773
vt 1.004349 0.021040
vt 0.027560 0.021040
vt 1.004349 1.000000
vt 0.027560 0.021040
vt 1.004349 0.021773
vt 0.027560 0.021773
vt 1.004349 0.021040
vt 0.027560 0.021040
vt 1.004349 0.021773
vt 0.027560 0.021773
vt 1.004349 0.021040
vt 0.027560 0.021040
vt 1.004349 0.021773
vt 0.027560 0.021773
vt 1.004349 0.021040
vt 0.027560 0.021040
vt 1.004349 0.021773
vt 0.027560 0.021773
vt 1.004349 0.021040
vt 0.027560 0.021040
vt 1.004349 0.021773
vt 0.027560 0.021773
vt 1.004349 0.021040
vt 0.027560 0.021040
vt 1.004349 0.021773
vt 0.027560 0.021773
vt 1.004349 0.021040
vt 0.027560 0.021040
vt 1.004349 0.021773
vt 0.027560 0.021773
vt 1.004349 0.021040
vt 0.027560 0.021040
vt 1.004349 0.021773
vt 0.027560 0.021773
vt 1.004349 0.021040
vt 0.027560 0.021040
vt 1.004349 0.021773
vt 0.027560 0.021773
vt 1.004349 0.021040
vt 0.027560 0.021040
vt 1.004349 0.021773
vt 0.027560 0.021773
vt 1.004349 0.021040
vt 0.027560 0.021040
vt 1.004349 0.021773
vt 0.027560 0.021773
vt 1.004349 0.021040
vt 0.027560 0.021040
vt 1.004349 0.021773
vt 0.027560 0.021773
vt 1.004349 0.021040
vt 0.027560 0.021040
vt 1.004349 0.021773
vt 0.027560 0.021773
vt 1.004349 0.021040
vt 0.027560 0.021040
vt 1.004349 0.021773
vt 0.027560 0.021773
vt 1.004349 0.021040
vt 0.027560 0.021040
vt 1.004349 0.021773
vt 0.027560 0.021773
vt 1.004349 0.021040
vt 0.027560 0.021040
vt 1.004349 0.021773
vt 0.027560 0.021773
vt 1.004349 0.021040
vt 0.027560 0.021040
vt 1.004349 1.000000
vt 0.027560 0.021040
vt 1.004349 0.021773
vt 0.027560 0.021773
vt 1.004349 0.021040
vt 0.027560 0.021040
vt 1.004349 0.021773
vt 0.027560 0.021773
vt 1.004349 0.021040
vt 0.027560 0.021040
vt 1.004349 0.021773
vt 0.027560 0.021773
vt 1.004349 0.021040
vt 0.027560 0.021040
vt 1.004349 0.021773
vt 0.027560 0.021773
vt 1.004349 0.021040
vt 0.027560 0.021040
vt 1.004349 0.021773
vt 0.027560 0.021773
vt 1.004349 0.021040
vt 0.027560 0.021040
vt 1.004349 0.021773
vt 0.027560 0.021773
vt 1.004349 0.021040
vt 0.027560 0.021040
vt 1.004349 0.021773
vt 0.027560 0.021773
vt 1.004349 0.021040
vt 0.027560 0.021040
vt 1.004349 0.021773
vt 0.027560 0.021773
vt 1.004349 0.021040
vt 0.027560 0.021040
vt 1.004349 0.021773
vt 0.027560 0.021773
vt 1.004349 0.021040
vt 0.027560 0.021040
vt 1.004349 0.021773
vt 0.027560 0.021773
vt 1.004349 0.021040
vt 0.027560 0.021040
vt 1.004349 0.021773
vt 0.027560 0.021773
vt 1.004349 0.021040
vt 0.027560 0.021040
vt 1.004349 0.021773
vt 0.027560 0.021773
vt 1.004349 0.021040
vt 0.027560 0.021040
vt 1.004349 0.021773
vt 0.027560 0.021773
vt 1.004349 0.021040
vt 0.027560 0.021040
vt 1.004349 0.021773
vt 0.027560 0.021773
vt 1.004349 0.021040
vt 0.027560 0.021040
vt 1.004349 0.021773
vt 0.027560 0.021773
vt 1.004349 0.021040
vt 0.027560 0.021040
vt 1.004349 0.021773
vt 0.027560 0.021773
vt 1.004349 0.021040
vt 0.027560 0.021040
vt 1.004349 1.000000
vt 0.027560 0.021040
vt 1.004349 0.021773
vt 0.027560 0.021773
vt 1.004349 0.021040
vt 0.027560 0.021040
vt 1.004349 0.021773
vt 0.027560 0.021773
vt 1.004349 0.021040
vt 0.027560 0.021040
vt 1.004349 0.021773
vt 0.027560 0.021773
vt 1.004349 0.021040
vt 0.027560 0.021040
vt 1.004349 0.021773
vt 0.027560 0.021773
vt 1.004349 0.021040
vt 0.027560 0.021040
vt 1.004349 0.021773
vt 0.027560 0.021773
vt 1.004349 0.021040
vt 0.027560 0.021040
vt 1.004349 0.021773
vt 0.027560 0.021773
vt 1.004349 0.021040
vt 0.027560 0.021040
vt 1.004349 0.021773
vt 0.027560 0.021773
vt 1.004349 0.021040
vt 0.027560 0.021040
vt 1.004349 0.021773
vt 0.027560 0.021773
vt 1.004349 0.021040
vt 0.027560 0.021040
vt 1.004349 0.021773
vt 0.027560 0.021773
vt 1.004349 0.021040
vt 0.027560 0.021040
vt 1.004349 0.021773
vt 0.027560 0.021773
vt 1.004349 0.021040
vt 0.027560 0.021040
vt 1.004349 0.021773
vt 0.027560 0.021773
vt 1.004349 0.021040
vt 0.027560 0.021040
vt 1.004349 0.021773
vt 0.027560 0.021773
vt 1.004349 0.021040
vt 0.027560 0.021040
vt 1.004349 0.021773
vt 0.027560 0.021773
vt 1.004349 0.021040
vt 0.027560 0.021040
vt 1.004349 0.021773
vt 0.027560 0.021773
vt 1.004349 0.021040
vt 0.027560 0.021040
vt 1.004349 0.021773
vt 0.027560 0.021773
vt 1.004349 0.021040
vt 0.027560 0.021040
vt 1.004349 0.021773
vt 0.027560 0.021773
vt 1.004349 0.021040
vt 0.027560 0.021040
vt 1.004349 1.000000
vt 0.750000 0.875000
vt 0.829043 0.886983
vt 0.825174 0.897793
vt 0.813947 0.906373
vt 0.796460 0.911881
vt 0.774426 0.913779
vt 0.750000 0.911881
vt 0.725575 0.906373
vt 0.703540 0.897794
vt 0.686053 0.886983
vt 0.674826 0.875000
vt 0.670958 0.863017
vt 0.674826 0.852206
vt 0.686053 0.843627
vt 0.703540 0.838119
vt 0.725575 0.836221
vt 0.750000 0.838119
vt 0.774426 0.843627
vt 0.796460 0.852206
vt 0.813947 0.863017
vt 0.825174 0.875000
vt 0.900348 0.897793
vt 0.892989 0.918356
vt 0.871634 0.934674
vt 0.838372 0.945151
vt 0.796460 0.948761
vt 0.750000 0.945151
vt 0.703540 0.934674
vt 0.661628 0.918356
vt 0.628366 0.897794
vt 0.607011 0.875000
vt 0.599652 0.852206
vt 0.607011 0.831644
vt 0.628366 0.815326
vt 0.661628 0.804849
vt 0.703540 0.801239
vt 0.750000 0.804849
vt 0.796460 0.815326
vt 0.838372 0.831644
vt 0.871634 0.852206
vt 0.892989 0.875000
vt 0.956936 0.906373
vt 0.946808 0.934674
vt 0.917415 0.957134
vt 0.871634 0.971555
vt 0.813947 0.976524
vt 0.750000 0.971555
vt 0.686053 0.957134
vt 0.628366 0.934674
vt 0.582585 0.906373
vt 0.553192 0.875000
vt 0.543064 0.843627
vt 0.553192 0.815326
vt 0.582585 0.792866
vt 0.628366 0.778445
vt 0.686053 0.773476
vt 0.750000 0.778445
vt 0.813947 0.792866
vt 0.871634 0.815326
vt 0.917415 0.843627
vt 0.946808 0.875000
vt 0.993268 0.911881
vt 0.981361 0.945151
vt 0.946808 0.971555
vt 0.892989 0.988507
vt 0.825174 0.994348
vt 0.750000 0.988507
vt 0.674826 0.971555
vt 0.607011 0.945151
vt 0.553192 0.911881
vt 0.518639 0.875000
vt 0.506732 0.838119
vt 0.518639 0.804849
vt 0.553192 0.778445
vt 0.607011 0.761493
vt 0.674826 0.755652
vt 0.750000 0.761493
vt 0.825174 0.778445
vt 0.892989 0.804849
vt 0.946808 0.838119
vt 0.981361 0.875000
vt 1.005787 0.913779
vt 0.993268 0.948761
vt 0.956936 0.976524
vt 0.900348 0.994348
vt 0.829043 1.000490
vt 0.750000 0.994348
vt 0.670958 0.976524
vt 0.599652 0.948761
vt 0.543064 0.913779
vt 0.506732 0.875000
vt 0.494213 0.836221
vt 0.506732 0.801239
vt 0.543064 0.773476
vt 0.599652 0.755652
vt 0.670958 0.749510
vt 0.750000 0.755652
vt 0.829043 0.773476
vt 0.900348 0.801239
vt 0.956936 0.836221
vt 0.993268 1.000000
vt 0.500000 0.750000
vt 0.500000 1.000000
vt 0.526902 0.750000
vt 0.526902 1.000000
vt 0.553602 0.750000
vt 0.553602 1.000000
vt 0.580102 0.750000
vt 0.580102 1.000000
vt 0.606400 0.750000
vt 0.606400 1.000000
vt 0.632498 0.750000
vt 0.632498 1.000000
vt 0.655781 0.750000
vt 0.655781 1.000000
vt 0.678902 0.750000
vt 0.678902 1.000000
vt 0.701861 0.750000
vt 0.701861 1.000000
vt 0.724658 0.750000
vt 0.724658 1.000000
vt 0.747293 0.750000
vt 0.747293 1.000000
vt 0.749861 0.750000
vt 0.749861 1.000000
vt 0.752428 0.750000
vt 0.752428 1.000000
vt 0.754993 0.750000
vt 0.754993 1.000000
vt 0.757555 0.750000
vt 0.757555 1.000000
vt 0.760116 0.750000
vt 0.760116 1.000000
vt 0.785008 0.750000
vt 0.785008 1.000000
vt 0.809699 0.750000
vt 0.809699 1.000000
vt 0.834190 0.750000
vt 0.834190 1.000000
vt 0.858479 0.750000
vt 0.858479 1.000000
vt 0.882568 0.750000
vt 0.882568 1.000000
vt 0.906456 0.750000
vt 0.906456 1.000000
vt 0.930143 0.750000
vt 0.930143 1.000000
vt 0.953630 0.750000
vt 0.953630 1.000000
vt 0.976915 0.750000
vt 0.976915 1.000000
vt 1.000000 0.750000
vt 1.000000 1.000000
vt 0.500000 0.750000
vt 0.500000 1.000000
vt 0.526902 0.750000
vt 0.526902 1.000000
vt 0.553602 0.750000
vt 0.553602 1.000000
vt 0.580102 0.750000
vt 0.580102 1.000000
vt 0.606400 0.750000
vt 0.606400 1.000000
vt 0.632498 0.750000
vt 0.632498 1.000000
vt 0.655781 0.750000
vt 0.655781 1.000000
vt 0.678902 0.750000
vt 0.678902 1.000000
vt 0.701861 0.750000
vt 0.701861 1.000000
vt 0.724658 0.750000
vt 0.724658 1.000000
vt 0.747293 0.750000
vt 0.747293 1.000000
vt 0.749861 0.750000
vt 0.749861 1.000000
vt 0.752428 0.750000
vt 0.752428 1.000000
vt 0.754993 0.750000
vt 0.754993 1.000000
vt 0.757555 0.750000
vt 0.757555 1.000000
vt 0.760116 0.750000
vt 0.760116 1.000000
vt 0.785008 0.750000
vt 0.785008 1.000000
vt 0.809699 0.750000
vt 0.809699 1.000000
vt 0.834190 0.750000
vt 0.834190 1.000000
vt 0.858479 0.750000
vt 0.858479 1.000000
vt 0.882568 0.750000
vt 0.882568 1.000000
vt 0.906456 0.750000
vt 0.906456 1.000000
vt 0.930143 0.750000
vt 0.930143 1.000000
vt 0.953630 0.750000
vt 0.953630 1.000000
vt 0.976915 0.750000
vt 0.976915 1.000000
vt 1.000000 0.750000
vt 1.000000 1.000000
vt 0.500000 0.750000
vt 0.500000 1.000000
vt 0.526902 0.750000
vt 0.526902 1.000000
vt 0.553602 0.750000
vt 0.553602 1.000000
vt 0.580102 0.750000
vt 0.580102 1.000000
vt 0.606400 0.750000
vt 0.606400 1.000000
vt 0.632498 0.750000
vt 0.632498 1.000000
vt 0.655781 0.750000
vt 0.655781 1.000000
vt 0.678902 0.750000
vt 0.678902 1.000000
vt 0.701861 0.750000
vt 0.701861 1.000000
vt 0.724658 0.750000
vt 0.724658 1.000000
vt 0.747293 0.750000
vt 0.747293 1.000000
vt 0.749861 0.750000
vt 0.749861 1.000000
vt 0.752428 0.750000
vt 0.752428 1.000000
vt 0.754993 0.750000
vt 0.754993 1.000000
vt 0.757555 0.750000
vt 0.757555 1.000000
vt 0.760116 0.750000
vt 0.760116 1.000000
vt 0.785008 0.750000
vt 0.785008 1.000000
vt 0.809699 0.750000
vt 0.809699 1.000000
vt 0.834190 0.750000
vt 0.834190 1.000000
vt 0.858479 0.750000
vt 0.858479 1.000000
vt 0.882568 0.750000
vt 0.882568 1.000000
vt 0.906456 0.750000
vt 0.906456 1.000000
vt 0.930143 0.750000
vt 0.930143 1.000000
vt 0.953630 0.750000
vt 0.953630 1.000000
vt 0.976915 0.750000
vt 0.976915 1.000000
vt 1.000000 0.750000
vt 1.000000 1.000000
vt 0.500000 0.750000
vt 0.500000 1.000000
vt 0.526902 0.750000
vt 0.526902 1.000000
vt 0.553602 0.750000
vt 0.553602 1.000000
vt 0.580102 0.750000
vt 0.580102 1.000000
vt 0.606400 0.750000
vt 0.606400 1.000000
vt 0.632498 0.750000
vt 0.632498 1.000000
vt 0.655781 0.750000
vt 0.655781 1.000000
vt 0.678902 0.750000
vt 0.678902 1.000000
vt 0.701861 0.750000
vt 0.701861 1.000000
vt 0.724658 0.750000
vt 0.724658 1.000000
vt 0.747293 0.750000
vt 0.747293 1.000000
vt 0.749861 0.750000
vt 0.749861 1.000000
vt 0.752428 0.750000
vt 0.752428 1.000000
vt 0.754993 0.750000
vt 0.754993 1.000000
vt 0.757555 0.750000
vt 0.757555 1.000000
vt 0.760116 0.750000
vt 0.760116 1.000000
vt 0.785008 0.750000
vt 0.785008 1.000000
vt 0.809699 0.750000
vt 0.809699 1.000000
vt 0.834190 0.750000
vt 0.834190 1.000000
vt 0.858479 0.750000
vt 0.858479 1.000000
vt 0.882568 0.750000
vt 0.882568 1.000000
vt 0.906456 0.750000
vt 0.906456 1.000000
vt 0.930143 0.750000
vt 0.930143 1.000000
vt 0.953630 0.750000
vt 0.953630 1.000000
vt 0.976915 0.750000
vt 0.976915 1.000000
vt 1.000000 0.750000
vt 1.000000 1.000000
vt 0.500000 0.750000
vt 0.500000 1.000000
vt 0.526902 0.750000
vt 0.526902 1.000000
vt 0.553602 0.750000
vt 0.553602 1.000000
vt 0.580102 0.750000
vt 0.580102 1.000000
vt 0.606400 0.750000
vt 0.606400 1.000000
vt 0.632498 0.750000
vt 0.632498 1.000000
vt 0.655781 0.750000
vt 0.655781 1.000000
vt 0.678902 0.750000
vt 0.678902 1.000000
vt 0.701861 0.750000
vt 0.701861 1.000000
vt 0.724658 0.750000
vt 0.724658 1.000000
vt 0.747293 0.750000
vt 0.747293 1.000000
vt 0.749861 0.750000
vt 0.749861 1.000000
vt 0.752428 0.750000
vt 0.752428 1.000000
vt 0.754993 0.750000
vt 0.754993 1.000000
vt 0.757555 0.750000
vt 0.757555 1.000000
vt 0.760116 0.750000
vt 0.760116 1.000000
vt 0.785008 0.750000
vt 0.785008 1.000000
vt 0.809699 0.750000
vt 0.809699 1.000000
vt 0.834190 0.750000
vt 0.834190 1.000000
vt 0.858479 0.750000
vt 0.858479 1.000000
vt 0.882568 0.750000
vt 0.882568 1.000000
vt 0.906456 0.750000
vt 0.906456 1.000000
vt 0.930143 0.750000
vt 0.930143 1.000000
vt 0.953630 0.750000
vt 0.953630 1.000000
vt 0.976915 0.750000
vt 0.976915 1.000000
vt 1.000000 0.750000
vt 1.000000 1.000000
vt 0.500000 0.000000
vt 0.500000 0.500000
vt 1.000000 0.000000
vt 1.000000 1.000000
vt 1.000000 1.000000
vt 0.500000 0.500000
vt 1.000000 0.500000
vt 0.500000 1.000000
vt 1.000000 1.000000
vt 0.500000 0.500000
vt 1.000000 0.500000
vt 0.500000 1.000000
vt 0.500000 0.500000
vt 0.500000 1.000000
vt 1.000000 0.500000
vt 1.000000 1.000000
vt 0.999501 0.808608
vt 0.899235 0.694168
vt 0.900113 0.546724
vt 0.909690 0.405782
vt 0.925401 0.309108
vt 0.943035 0.962807
vt 0.691995 0.764592
vt 0.693515 0.509210
vt 0.710104 0.265092
vt 0.737315 0.097647
vt 0.767859 0.999501
vt 0.433310 0.770621
vt 0.435065 0.475732
vt 0.454220 0.193848
vt 0.485641 0.000499
vt 0.520910 0.908855
vt 0.192494 0.710640
vt 0.194015 0.455258
vt 0.210603 0.211140
vt 0.237815 0.043695
vt 0.268359 0.715161
vt 0.034075 0.600721
vt 0.034952 0.453276
vt 0.044530 0.312334
vt 0.060241 0.215660
vt 0.077875 0.470316
vt 0.000500 1.000000
vt 0.999501 0.808608
vt 0.899235 0.694168
vt 0.900113 0.546724
vt 0.909690 0.405782
vt 0.925401 0.309108
vt 0.943035 0.962807
vt 0.691995 0.764592
vt 0.693515 0.509210
vt 0.710104 0.265092
vt 0.737315 0.097647
vt 0.767859 0.999501
vt 0.433310 0.770621
vt 0.435065 0.475732
vt 0.454220 0.193848
vt 0.485641 0.000499
vt 0.520910 0.908855
vt 0.192494 0.710640
vt 0.194015 0.455258
vt 0.210603 0.211140
vt 0.237815 0.043695
vt 0.268359 0.715161
vt 0.034075 0.600721
vt 0.034952 0.453276
vt 0.044530 0.312334
vt 0.060241 0.215660
vt 0.077875 0.470316
vt 0.000500 1.000000
vt 0.999501 0.808608
vt 0.899235 0.694168
vt 0.900113 0.546724
vt 0.909690 0.405782
vt 0.925401 0.309108
vt 0.943035 0.962807
vt 0.691995 0.764592
vt 0.693515 0.509210
vt 0.710104 0.265092
vt 0.737315 0.097647
vt 0.767859 0.999501
vt 0.433310 0.770621
vt 0.435065 0.475732
vt 0.454220 0.193848
vt 0.485641 0.000499
vt 0.520910 0.908855
vt 0.192494 0.710640
vt 0.194015 0.455258
vt 0.210603 0.211140
vt 0.237815 0.043695
vt 0.268359 0.715161
vt 0.034075 0.600721
vt 0.034952 0.453276
vt 0.044530 0.312334
vt 0.060241 0.215660
vt 0.077875 0.470316
vt 0.000500 1.000000
vt 0.999501 0.808608
vt 0.899235 0.694168
vt 0.900113 0.546724
vt 0.909690 0.405782
vt 0.925401 0.309108
vt 0.943035 0.962807
vt 0.691995 0.764592
vt 0.693515 0.509210
vt 0.710104 0.265092
vt 0.737315 0.097647
vt 0.767859 0.999501
vt 0.433310 0.770621
vt 0.435065 0.475732
vt 0.454220 0.193848
vt 0.485641 0.000499
vt 0.520910 0.908855
vt 0.192494 0.710640
vt 0.194015 0.455258
vt 0.210603 0.211140
vt 0.237815 0.043695
vt 0.268359 0.715161
vt 0.034075 0.600721
vt 0.034952 0.453276
vt 0.044530 0.312334
vt 0.060241 0.215660
vt 0.077875 0.470316
vt 0.000500 1.000000
vt 0.999501 0.808608
vt 0.899235 0.694168
vt 0.900113 0.546724
vt 0.909690 0.405782
vt 0.925401 0.309108
vt 0.943035 0.962807
vt 0.691995 0.764592
vt 0.693515 0.509210
vt 0.710104 0.265092
vt 0.737315 0.097647
vt 0.767859 0.999501
vt 0.433310 0.770621
vt 0.435065 0.475732
vt 0.454220 0.193848
vt 0.485641 0.000499
vt 0.520910 0.908855
vt 0.192494 0.710640
vt 0.194015 0.455258
vt 0.210603 0.211140
vt 0.237815 0.043695
vt 0.268359 0.715161
vt 0.034075 0.600721
vt 0.034952 0.453276
vt 0.044530 0.312334
vt 0.060241 0.215660
vt 0.077875 0.470316
vt 0.000500 1.000000
vt 0.999501 0.808608
vt 0.899235 0.694168
vt 0.900113 0.546724
vt 0.909690 0.405782
vt 0.925401 0.309108
vt 0.943035 0.962807
vt 0.691995 0.764592
vt 0.693515 0.509210
vt 0.710104 0.265092
vt 0.737315 0.097647
vt 0.767859 0.999501
vt 0.433310 0.770621
vt 0.435065 0.475732
vt 0.454220 0.193848
vt 0.485641 0.000499
vt 0.520910 0.908855
vt 0.192494 0.710640
vt 0.194015 0.455258
vt 0.210603 0.211140
vt 0.237815 0.043695
vt 0.268359 0.715161
vt 0.034075 0.600721
vt 0.034952 0.453276
vt 0.044530 0.312334
vt 0.060241 0.215660
vt 0.077875 0.470316
vt 0.000500 1.000000
vt 0.000000 0.000000
vt 0.000000 1.000000
vt 1.000000 0.000000
vt 1.000000 1.000000

f 1/1 4/4 2/2
f 4/4 1/1 3/3
f 3/3 6/6 4/4
f 6/6 3/3 5/5
f 5/5 8/8 6/6
f 8/8 5/5 7/7
f 7/7 10/10 8/8
f 10/10 7/7 9/9
f 9/9 12/12 10/10
f 12/12 9/9 11/11
f 11/11 14/14 12/12
f 14/14 11/11 13/13
f 13/13 16/16 14/14
f 16/16 13/13 15/15
f 15/15 18/18 16/16
f 18/18 15/15 17/17
f 17/17 20/20 18/18
f 20/20 17/17 19/19
f 19/19 22/22 20/20
f 22/22 19/19 21/21
f 21/21 24/24 22/22
f 24/24 21/21 23/23
f 23/23 26/26 24/24
f 26/26 23/23 25/25
f 25/25 28/28 26/26
f 28/28 25/25 27/27
f 27/27 30/30 28/28
f 30/30 27/27 29/29
f 29/29 32/32 30/30
f 32/32 29/29 31/31
f 31/31 34/34 32/32
f 34/34 31/31 33/33
f 33/33 36/36 34/34
f 36/36 33/33 35/35
f 35/35 38/38 36/36
f 38/38 35/35 37/37
f 37/37 40/40 38/38
f 40/40 37/37 39/39
f 39/39 42/42 40/40
f 42/42 39/39 41/41
f 43/43 46/46 44/44
f 46/46 43/43 45/45
f 45/45 48/48 46/46
f 48/48 45/45 47/47
f 47/47 50/50 48/48
f 50/50 47/47 49/49
f 49/49 52/52 50/50
f 52/52 49/49 51/51
f 51/51 54/54 52/52
f 54/54 51/51 53/53
f 53/53 56/56 54/54
f 56/56 53/53 55/55
f 55/55 58/58 56/56
f 58/58 55/55 57/57
f 57/57 60/60 58/58
f 60/60 57/57 59/59
f 59/59 62/62 60/60
f 62/62 59/59 61/61
f 61/61 64/64 62/62
f 64/64 61/61 63/63
f 63/63 66/66 64/64
f 66/66 63/63 65/65
f 65/65 68/68 66/66
f 68/68 65/65 67/67
f 67/67 70/70 68/68
f 70/70 67/67 69/69
f 69/69 72/72 70/70
f 72/72 69/69 71/71
f 71/71 74/74 72/72
f 74/74 71/71 73/73
f 73/73 76/76 74/74
f 76/76 73/73 75/75
f 75/75 78/78 76/76
f 78/78 75/75 77/77
f 77/77 80/80 78/78
f 80/80 77/77 79/79
f 79/79 82/82 80/80
f 82/82 79/79 81/81
f 81/81 84/84 82/82
f 84/84 81/81 83/83
f 85/85 88/88 86/86
f 88/88 85/85 87/87
f 87/87 90/90 88/88
f 90/90 87/87 89/89
f 89/89 92/92 90/90
f 92/92 89/89 91/91
f 91/91 94/94 92/92
f 94/94 91/91 93/93
f 93/93 96/96 94/94
f 96/96 93/93 95/95
f 95/95 98/98 96/96
f 98/98 95/95 97/97
f 97/97 100/100 98/98
f 100/100 97/97 99/99
f 99/99 102/102 100/100
f 102/102 99/99 101/101
f 101/101 104/104 102/102
f 104/104 101/101 103/103
f 103/103 106/106 104/104
f 106/106 103/103 105/105
f 105/105 108/108 106/106
f 108/108 105/105 107/107
f 107/107 110/110 108/108
f 110/110 107/107 109/109
f 109/109 112/112 110/110
f 112/112 109/109 111/111
f 111/111 114/114 112/112
f 114/114 111/111 113/113
f 113/113 116/116 114/114
f 116/116 113/113 115/115
f 115/115 118/118 116/116
f 118/118 115/115 117/117
f 117/117 120/120 118/118
f 120/120 117/117 119/119
f 119/119 122/122 120/120
f 122/122 119/119 121/121
f 121/121 124/124 122/122
f 124/124 121/121 123/123
f 123/123 126/126 124/124
f 126/126 123/123 125/125
f 127/127 130/130 128/128
f 130/130 127/127 129/129
f 129/129 132/132 130/130
f 132/132 129/129 131/131
f 131/131 134/134 132/132
f 134/134 131/131 133/133
f 133/133 136/136 134/134
f 136/136 133/133 135/135
f 135/135 138/138 136/136
f 138/138 135/135 137/137
f 137/137 140/140 138/138
f 140/140 137/137 139/139
f 139/139 142/142 140/140
f 142/142 139/139 141/141
f 141/141 144/144 142/142
f 144/144 141/141 143/143
f 143/143 146/146 144/144
f 146/146 143/143 145/145
f 145/145 148/148 146/146
f 148/148 145/145 147/147
f 147/147 150/150 148/148
f 150/150 147/147 149/149
f 149/149 152/152 150/150
f 152/152 149/149 151/151
f 151/151 154/154 152/152
f 154/154 151/151 153/153
f 153/153 156/156 154/154
f 156/156 153/153 155/155
f 155/155 158/158 156/156
f 158/158 155/155 157/157
f 157/157 160/160 158/158
f 160/160 157/157 159/159
f 159/159 162/162 160/160
f 162/162 159/159 161/161
f 161/161 164/164 162/162
f 164/164 161/161 163/163
f 163/163 166/166 164/164
f 166/166 163/163 165/165
f 165/165 168/168 166/166
f 168/168 165/165 167/167
f 169/169 172/172 170/170
f 172/172 169/169 171/171
f 171/171 174/174 172/172
f 174/174 171/171 173/173
f 173/173 176/176 174/174
f 176/176 173/173 175/175
f 175/175 178/178 176/176
f 178/178 175/175 177/177
f 177/177 180/180 178/178
f 180/180 177/177 179/179
f 179/179 182/182 180/180
f 182/182 179/179 181/181
f 181/181 184/184 182/182
f 184/184 181/181 183/183
f 183/183 186/186 184/184
f 186/186 183/183 185/185
f 185/185 188/188 186/186
f 188/188 185/185 187/187
f 187/187 190/190 188/188
f 190/190 187/187 189/189
f 189/189 192/192 190/190
f 192/192 189/189 191/191
f 191/191 194/194 192/192
f 194/194 191/191 193/193
f 193/193 196/196 194/194
f 196/196 193/193 195/195
f 195/195 198/198 196/196
f 198/198 195/195 197/197
f 197/197 200/200 198/198
f 200/200 197/197 199/199
f 199/199 202/202 200/200
f 202/202 199/199 201/201
f 201/201 204/204 202/202
f 204/204 201/201 203/203
f 203/203 206/206 204/204
f 206/206 203/203 205/205
f 205/205 208/208 206/206
f 208/208 205/205 207/207
f 207/207 210/210 208/208
f 210/210 207/207 209/209
f 211/211 214/214 212/212
f 214/214 211/211 213/213
f 213/213 216/216 214/214
f 216/216 213/213 215/215
f 215/215 218/218 216/216
f 218/218 215/215 217/217
f 217/217 220/220 218/218
f 220/220 217/217 219/219
f 219/219 222/222 220/220
f 222/222 219/219 221/221
f 221/221 224/224 222/222
f 224/224 221/221 223/223
f 223/223 226/226 224/224
f 226/226 223/223 225/225
f 225/225 228/228 226/226
f 228/228 225/225 227/227
f 227/227 230/230 228/228
f 230/230 227/227 229/229
f 229/229 232/232 230/230
f 232/232 229/229 231/231
f 231/231 234/234 232/232
f 234/234 231/231 233/233
f 233/233 236/236 234/234
f 236/236 233/233 235/235
f 235/235 238/238 236/236
f 238/238 235/235 237/237
f 237/237 240/240 238/238
f 240/240 237/237 239/239
f 239/239 242/242 240/240
f 242/242 239/239 241/241
f 241/241 244/244 242/242
f 244/244 241/241 243/243
f 243/243 246/246 244/244
f 246/246 243/243 245/245
f 245/245 248/248 246/246
f 248/248 245/245 247/247
f 247/247 250/250 248/248
f 250/250 247/247 249/249
f 249/249 252/252 250/250
f 252/252 249/249 251/251
f 253/253 256/256 254/254
f 256/256 253/253 255/255
f 255/255 258/258 256/256
f 258/258 255/255 257/257
f 257/257 260/260 258/258
f 260/260 257/257 259/259
f 259/259 262/262 260/260
f 262/262 259/259 261/261
f 261/261 264/264 262/262
f 264/264 261/261 263/263
f 263/263 266/266 264/264
f 266/266 263/263 265/265
f 265/265 268/268 266/266
f 268/268 265/265 267/267
f 267/267 270/270 268/268
f 270/270 267/267 269/269
f 269/269 272/272 270/270
f 272/272 269/269 271/271
f 271/271 274/274 272/272
f 274/274 271/271 273/273
f 273/273 276/276 274/274
f 276/276 273/273 275/275
f 275/275 278/278 276/276
f 278/278 275/275 277/277
f 277/277 280/280 278/278
f 280/280 277/277 279/279
f 279/279 282/282 280/280
f 282/282 279/279 281/281
f 281/281 284/284 282/282
f 284/284 281/281 283/283
f 283/283 286/286 284/284
f 286/286 283/283 285/285
f 285/285 288/288 286/286
f 288/288 285/285 287/287
f 287/287 290/290 288/288
f 290/290 287/287 289/289
f 289/289 292/292 290/290
f 292/292 289/289 291/291
f 291/291 294/294 292/292
f 294/294 291/291 293/293
f 293/293 296/296 294/294
f 296/296 293/293 295/295
f 295/295 298/298 296/296
f 298/298 295/295 297/297
f 297/297 300/300 298/298
f 300/300 297/297 299/299
f 299/299 302/302 300/300
f 302/302 299/299 301/301
f 301/301 304/304 302/302
f 304/304 301/301 303/303
f 307/307 308/308 305/305
f 306/306 305/305 308/308
f 311/311 312/312 309/309
f 310/310 309/309 312/312
f 313/313 315/315 314/314
f 313/313 316/316 315/315
f 313/313 317/317 316/316
f 313/313 318/318 317/317
f 313/313 319/319 318/318
f 313/313 320/320 319/319
f 313/313 321/321 320/320
f 313/313 322/322 321/321
f 313/313 323/323 322/322
f 313/313 324/324 323/323
f 313/313 325/325 324/324
f 313/313 326/326 325/325
f 313/313 327/327 326/326
f 313/313 328/328 327/327
f 313/313 329/329 328/328
f 313/313 330/330 329/329
f 313/313 331/331 330/330
f 313/313 332/332 331/331
f 313/313 333/333 332/332
f 313/313 314/314 333/333
f 335/335 314/314 315/315
f 314/314 335/335 334/334
f 336/336 315/315 316/316
f 315/315 336/336 335/335
f 337/337 316/316 317/317
f 316/316 337/337 336/336
f 338/338 317/317 318/318
f 317/317 338/338 337/337
f 339/339 318/318 319/319
f 318/318 339/339 338/338
f 340/340 319/319 320/320
f 319/319 340/340 339/339
f 341/341 320/320 321/321
f 320/320 341/341 340/340
f 342/342 321/321 322/322
f 321/321 342/342 341/341
f 343/343 322/322 323/323
f 322/322 343/343 342/342
f 344/344 323/323 324/324
f 323/323 344/344 343/343
f 345/345 324/324 325/325
f 324/324 345/345 344/344
f 346/346 325/325 326/326
f 325/325 346/346 345/345
f 347/347 326/326 327/327
f 326/326 347/347 346/346
f 348/348 327/327 328/328
f 327/327 348/348 347/347
f 349/349 328/328 329/329
f 328/328 349/349 348/348
f 350/350 329/329 330/330
f 329/329 350/350 349/349
f 351/351 330/330 331/331
f 330/330 351/351 350/350
f 352/352 331/331 332/332
f 331/331 352/352 351/351
f 353/353 332/332 333/333
f 332/332 353/353 352/352
f 334/334 333/333 314/314
f 333/333 334/334 353/353
f 355/355 334/334 335/335
f 334/334 355/355 354/354
f 356/356 335/335 336/336
f 335/335 356/356 355/355
f 357/357 336/336 337/337
f 336/336 357/357 356/356
f 358/358 337/337 338/338
f 337/337 358/358 357/357
f 359/359 338/338 339/339
f 338/338 359/359 358/358
f 360/360 339/339 340/340
f 339/339 360/360 359/359
f 361/361 340/340 341/341
f 340/340 361/361 360/360
f 362/362 341/341 342/342
f 341/341 362/362 361/361
f 363/363 342/342 343/343
f 342/342 363/363 362/362
f 364/364 343/343 344/344
f 343/343 364/364 363/363
f 365/365 344/344 345/345
f 344/344 365/365 364/364
f 366/366 345/345 346/346
f 345/345 366/366 365/365
f 367/367 346/346 347/347
f 346/346 367/367 366/366
f 368/368 347/347 348/348
f 347/347 368/368 367/367
f 369/369 348/348 349/349
f 348/348 369/369 368/368
f 370/370 349/349 350/350
f 349/349 370/370 369/369
f 371/371 350/350 351/351
f 350/350 371/371 370/370
f 372/372 351/351 352/352
f 351/351 372/372 371/371
f 373/373 352/352 353/353
f 352/352 373/373 372/372
f 354/354 353/353 334/334
f 353/353 354/354 373/373
f 375/375 354/354 355/355
f 354/354 375/375 374/374
f 376/376 355/355 356/356
f 355/355 376/376 375/375
f 377/377 356/356 357/357
f 356/356 377/377 376/376
f 378/378 357/357 358/358
f 357/357 378/378 377/377
f 379/379 358/358 359/359
f 358/358 379/379 378/378
f 380/380 359/359 360/360
f 359/359 380/380 379/379
f 381/381 360/360 361/361
f 360/360 381/381 380/380
f 382/382 361/361 362/362
f 361/361 382/382 381/381
f 383/383 362/362 363/363
f 362/362 383/383 382/382
f 384/384 363/363 364/364
f 363/363 384/384 383/383
f 385/385 364/364 365/365
f 364/364 385/385 384/384
f 386/386 365/365 366/366
f 365/365 386/386 385/385
f 387/387 366/366 367/367
f 366/366 387/387 386/386
f 388/388 367/367 368/368
f 367/367 388/388 387/387
f 389/389 368/368 369/369
f 368/368 389/389 388/388
f 390/390 369/369 370/370
f 369/369 390/390 389/389
f 391/391 370/370 371/371
f 370/370 391/391 390/390
f 392/392 371/371 372/372
f 371/371 392/392 391/391
f 393/393 372/372 373/373
f 372/372 393/393 392/392
f 374/374 373/373 354/354
f 373/373 374/374 393/393
f 395/395 374/374 375/375
f 374/374 395/395 394/394
f 396/396 375/375 376/376
f 375/375 396/396 395/395
f 397/397 376/376 377/377
f 376/376 397/397 396/396
f 398/398 377/377 378/378
f 377/377 398/398 397/397
f 399/399 378/378 379/379
f 378/378 399/399 398/398
f 400/400 379/379 380/380
f 379/379 400/400 399/399
f 401/401 380/380 381/381
f 380/380 401/401 400/400
f 402/402 381/381 382/382
f 381/381 402/402 401/401
f 403/403 382/382 383/383
f 382/382 403/403 402/402
f 404/404 383/383 384/384
f 383/383 404/404 403/403
f 405/405 384/384 385/385
f 384/384 405/405 404/404
f 406/406 385/385 386/386
f 385/385 406/406 405/405
f 407/407 386/386 387/387
f 386/386 407/407 406/406
f 408/408 387/387 388/388
f 387/387 408/408 407/407
f 409/409 388/388 389/389
f 388/388 409/409 408/408
f 410/410 389/389 390/390
f 389/389 410/410 409/409
f 411/411 390/390 391/391
f 390/390 411/411 410/410
f 412/412 391/391 392/392
f 391/391 412/412 411/411
f 413/413 392/392 393/393
f 392/392 413/413 412/412
f 394/394 393/393 374/374
f 393/393 394/394 413/413
f 415/415 416/416 414/414
f 416/416 415/415 417/417
f 417/417 418/418 416/416
f 418/418 417/417 419/419
f 419/419 420/420 418/418
f 420/420 419/419 421/421
f 421/421 422/422 420/420
f 422/422 421/421 423/423
f 423/423 424/424 422/422
f 424/424 423/423 425/425
f 425/425 426/426 424/424
f 426/426 425/425 427/427
f 427/427 428/428 426/426
f 428/428 427/427 429/429
f 429/429 430/430 428/428
f 430/430 429/429 431/431
f 431/431 432/432 430/430
f 432/432 431/431 433/433
f 433/433 434/434 432/432
f 434/434 433/433 435/435
f 435/435 436/436 434/434
f 436/436 435/435 437/437
f 437/437 438/438 436/436
f 438/438 437/437 439/439
f 439/439 440/440 438/438
f 440/440 439/439 441/441
f 441/441 442/442 440/440
f 442/442 441/441 443/443
f 443/443 444/444 442/442
f 444/444 443/443 445/445
f 445/445 446/446 444/444
f 446/446 445/445 447/447
f 447/447 448/448 446/446
f 448/448 447/447 449/449
f 449/449 450/450 448/448
f 450/450 449/449 451/451
f 451/451 452/452 450/450
f 452/452 451/451 453/453
f 453/453 454/454 452/452
f 454/454 453/453 455/455
f 455/455 456/456 454/454
f 456/456 455/455 457/457
f 457/457 458/458 456/456
f 458/458 457/457 459/459
f 459/459 460/460 458/458
f 460/460 459/459 461/461
f 461/461 462/462 460/460
f 462/462 461/461 463/463
f 463/463 464/464 462/462
f 464/464 463/463 465/465
f 465/465 466/466 464/464
f 466/466 465/465 467/467
f 467/467 468/468 466/466
f 468/468 467/467 469/469
f 469/469 470/470 468/468
f 470/470 469/469 471/471
f 471/471 472/472 470/470
f 472/472 471/471 473/473
f 473/473 474/474 472/472
f 474/474 473/473 475/475
f 475/475 476/476 474/474
f 476/476 475/475 477/477
f 477/477 478/478 476/476
f 478/478 477/477 479/479
f 481/481 482/482 480/480
f 482/482 481/481 483/483
f 483/483 484/484 482/482
f 484/484 483/483 485/485
f 485/485 486/486 484/484
f 486/486 485/485 487/487
f 487/487 488/488 486/486
f 488/488 487/487 489/489
f 489/489 490/490 488/488
f 490/490 489/489 491/491
f 491/491 492/492 490/490
f 492/492 491/491 493/493
f 493/493 494/494 492/492
f 494/494 493/493 495/495
f 495/495 496/496 494/494
f 496/496 495/495 497/497
f 497/497 498/498 496/496
f 498/498 497/497 499/499
f 499/499 500/500 498/498
f 500/500 499/499 501/501
f 501/501 502/502 500/500
f 502/502 501/501 503/503
f 503/503 504/504 502/502
f 504/504 503/503 505/505
f 505/505 506/506 504/504
f 506/506 505/505 507/507
f 507/507 508/508 506/506
f 508/508 507/507 509/509
f 509/509 510/510 508/508
f 510/510 509/509 511/511
f 511/511 512/512 510/510
f 512/512 511/511 513/513
f 513/513 514/514 512/512
f 514/514 513/513 515/515
f 515/515 516/516 514/514
f 516/516 515/515 517/517
f 517/517 518/518 516/516
f 518/518 517/517 519/519
f 519/519 520/520 518/518
f 520/520 519/519 521/521
f 521/521 522/522 520/520
f 522/522 521/521 523/523
f 523/523 524/524 522/522
f 524/524 523/523 525/525
f 525/525 526/526 524/524
f 526/526 525/525 527/527
f 527/527 528/528 526/526
f 528/528 527/527 529/529
f 529/529 530/530 528/528
f 530/530 529/529 531/531
f 531/531 532/532 530/530
f 532/532 531/531 533/533
f 533/533 534/534 532/532
f 534/534 533/533 535/535
f 535/535 536/536 534/534
f 536/536 535/535 537/537
f 537/537 538/538 536/536
f 538/538 537/537 539/539
f 539/539 540/540 538/538
f 540/540 539/539 541/541
f 541/541 542/542 540/540
f 542/542 541/541 543/543
f 543/543 544/544 542/542
f 544/544 543/543 545/545
f 547/547 548/548 546/546
f 548/548 547/547 549/549
f 549/549 550/550 548/548
f 550/550 549/549 551/551
f 551/551 552/552 550/550
f 552/552 551/551 553/553
f 553/553 554/554 552/552
f 554/554 553/553 555/555
f 555/555 556/556 554/554
f 556/556 555/555 557/557
f 557/557 558/558 556/556
f 558/558 557/557 559/559
f 559/559 560/560 558/558
f 560/560 559/559 561/561
f 561/561 562/562 560/560
f 562/562 561/561 563/563
f 563/563 564/564 562/562
f 564/564 563/563 565/565
f 565/565 566/566 564/564
f 566/566 565/565 567/567
f 567/567 568/568 566/566
f 568/568 567/567 569/569
f 569/569 570/570 568/568
f 570/570 569/569 571/571
f 571/571 572/572 570/570
f 572/572 571/571 573/573
f 573/573 574/574 572/572
f 574/574 573/573 575/575
f 575/575 576/576 574/574
f 576/576 575/575 577/577
f 577/577 578/578 576/576
f 578/578 577/577 579/579
f 579/579 580/580 578/578
f 580/580 579/579 581/581
f 581/581 582/582 580/580
f 582/582 581/581 583/583
f 583/583 584/584 582/582
f 584/584 583/583 585/585
f 585/585 586/586 584/584
f 586/586 585/585 587/587
f 587/587 588/588 586/586
f 588/588 587/587 589/589
f 589/589 590/590 588/588
f 590/590 589/589 591/591
f 591/591 592/592 590/590
f 592/592 591/591 593/593
f 593/593 594/594 592/592
f 594/594 593/593 595/595
f 595/595 596/596 594/594
f 596/596 595/595 597/597
f 597/597 598/598 596/596
f 598/598 597/597 599/599
f 599/599 600/600 598/598
f 600/600 599/599 601/601
f 601/601 602/602 600/600
f 602/602 601/601 603/603
f 603/603 604/604 602/602
f 604/604 603/603 605/605
f 605/605 606/606 604/604
f 606/606 605/605 607/607
f 607/607 608/608 606/606
f 608/608 607/607 609/609
f 609/609 610/610 608/608
f 610/610 609/609 611/611
f 613/613 614/614 612/612
f 614/614 613/613 615/615
f 615/615 616/616 614/614
f 616/616 615/615 617/617
f 617/617 618/618 616/616
f 618/618 617/617 619/619
f 619/619 620/620 618/618
f 620/620 619/619 621/621
f 621/621 622/622 620/620
f 622/622 621/621 623/623
f 623/623 624/624 622/622
f 624/624 623/623 625/625
f 625/625 626/626 624/624
f 626/626 625/625 627/627
f 627/627 628/628 626/626
f 628/628 627/627 629/629
f 629/629 630/630 628/628
f 630/630 629/629 631/631
f 631/631 632/632 630/630
f 632/632 631/631 633/633
f 633/633 634/634 632/632
f 634/634 633/633 635/635
f 635/635 636/636 634/634
f 636/636 635/635 637/637
f 637/637 638/638 636/636
f 638/638 637/637 639/639
f 639/639 640/640 638/638
f 640/640 639/639 641/641
f 641/641 642/642 640/640
f 642/642 641/641 643/643
f 643/643 644/644 642/642
f 644/644 643/643 645/645
f 645/645 646/646 644/644
f 646/646 645/645 647/647
f 647/647 648/648 646/646
f 648/648 647/647 649/649
f 649/649 650/650 648/648
f 650/650 649/649 651/651
f 651/651 652/652 650/650
f 652/652 651/651 653/653
f 653/653 654/654 652/652
f 654/654 653/653 655/655
f 655/655 656/656 654/654
f 656/656 655/655 657/657
f 657/657 658/658 656/656
f 658/658 657/657 659/659
f 659/659 660/660 658/658
f 660/660 659/659 661/661
f 661/661 662/662 660/660
f 662/662 661/661 663/663
f 663/663 664/664 662/662
f 664/664 663/663 665/665
f 665/665 666/666 664/664
f 666/666 665/665 667/667
f 667/667 668/668 666/666
f 668/668 667/667 669/669
f 669/669 670/670 668/668
f 670/670 669/669 671/671
f 671/671 672/672 670/670
f 672/672 671/671 673/673
f 673/673 674/674 672/672
f 674/674 673/673 675/675
f 675/675 676/676 674/674
f 676/676 675/675 677/677
f 678/678 680/680 679/679
f 678/678 681/681 680/680
f 678/678 682/682 681/681
f 678/678 683/683 682/682
f 678/678 684/684 683/683
f 678/678 685/685 684/684
f 678/678 686/686 685/685
f 678/678 687/687 686/686
f 678/678 688/688 687/687
f 678/678 689/689 688/688
f 678/678 690/690 689/689
f 678/678 691/691 690/690
f 678/678 692/692 691/691
f 678/678 693/693 692/692
f 678/678 694/694 693/693
f 678/678 695/695 694/694
f 678/678 696/696 695/695
f 678/678 697/697 696/696
f 678/678 698/698 697/697
f 678/678 679/679 698/698
f 700/700 679/679 680/680
f 679/679 700/700 699/699
f 701/701 680/680 681/681
f 680/680 701/701 700/700
f 702/702 681/681 682/682
f 681/681 702/702 701/701
f 703/703 682/682 683/683
f 682/682 703/703 702/702
f 704/704 683/683 684/684
f 683/683 704/704 703/703
f 705/705 684/684 685/685
f 684/684 705/705 704/704
f 706/706 685/685 686/686
f 685/685 706/706 705/705
f 707/707 686/686 687/687
f 686/686 707/707 706/706
f 708/708 687/687 688/688
f 687/687 708/708 707/707
f 709/709 688/688 689/689
f 688/688 709/709 708/708
f 710/710 689/689 690/690
f 689/689 710/710 709/709
f 711/711 690/690 691/691
f 690/690 711/711 710/710
f 712/712 691/691 692/692
f 691/691 712/712 711/711
f 713/713 692/692 693/693
f 692/692 713/713 712/712
f 714/714 693/693 694/694
f 693/693 714/714 713/713
f 715/715 694/694 695/695
f 694/694 715/715 714/714
f 716/716 695/695 696/696
f 695/695 716/716 715/715
f 717/717 696/696 697/697
f 696/696 717/717 716/716
f 718/718 697/697 698/698
f 697/697 718/718 717/717
f 699/699 698/698 679/679
f 698/698 699/699 718/718
f 720/720 699/699 700/700
f 699/699 720/720 719/719
f 721/721 700/700 701/701
f 700/700 721/721 720/720
f 722/722 701/701 702/702
f 701/701 722/722 721/721
f 723/723 702/702 703/703
f 702/702 723/723 722/722
f 724/724 703/703 704/704
f 703/703 724/724 723/723
f 725/725 704/704 705/705
f 704/704 725/725 724/724
f 726/726 705/705 706/706
f 705/705 726/726 725/725
f 727/727 706/706 707/707
f 706/706 727/727 726/726
f 728/728 707/707 708/708
f 707/707 728/728 727/727
f 729/729 708/708 709/709
f 708/708 729/729 728/728
f 730/730 709/709 710/710
f 709/709 730/730 729/729
f 731/731 710/710 711/711
f 710/710 731/731 730/730
f 732/732 711/711 712/712
f 711/711 732/732 731/731
f 733/733 712/712 713/713
f 712/712 733/733 732/732
f 734/734 713/713 714/714
f 713/713 734/734 733/733
f 735/735 714/714 715/715
f 714/714 735/735 734/734
f 736/736 715/715 716/716
f 715/715 736/736 735/735
f 737/737 716/716 717/717
f 716/716 737/737 736/736
f 738/738 717/717 718/718
f 717/717 738/738 737/737
f 719/719 718/718 699/699
f 718/718 719/719 738/738
f 740/740 719/719 720/720
f 719/719 740/740 739/739
f 741/741 720/720 721/721
f 720/720 741/741 740/740
f 742/742 721/721 722/722
f 721/721 742/742 741/741
f 743/743 722/722 723/723
f 722/722 743/743 742/742
f 744/744 723/723 724/724
f 723/723 744/744 743/743
f 745/745 724/724 725/725
f 724/724 745/745 744/744
f 746/746 725/725 726/726
f 725/725 746/746 745/745
f 747/747 726/726 727/727
f 726/726 747/747 746/746
f 748/748 727/727 728/728
f 727/727 748/748 747/747
f 749/749 728/728 729/729
f 728/728 749/749 748/748
f 750/750 729/729 730/730
f 729/729 750/750 749/749
f 751/751 730/730 731/731
f 730/730 751/751 750/750
f 752/752 731/731 732/732
f 731/731 752/752 751/751
f 753/753 732/732 733/733
f 732/732 753/753 752/752
f 754/754 733/733 734/734
f 733/733 754/754 753/753
f 755/755 734/734 735/735
f 734/734 755/755 754/754
f 756/756 735/735 736/736
f 735/735 756/756 755/755
f 757/757 736/736 737/737
f 736/736 757/757 756/756
f 758/758 737/737 738/738
f 737/737 758/758 757/757
f 739/739 738/738 719/719
f 738/738 739/739 758/758
f 760/760 739/739 740/740
f 739/739 760/760 759/759
f 761/761 740/740 741/741
f 740/740 761/761 760/760
f 762/762 741/741 742/742
f 741/741 762/762 761/761
f 763/763 742/742 743/743
f 742/742 763/763 762/762
f 764/764 743/743 744/744
f 743/743 764/764 763/763
f 765/765 744/744 745/745
f 744/744 765/765 764/764
f 766/766 745/745 746/746
f 745/745 766/766 765/765
f 767/767 746/746 747/747
f 746/746 767/767 766/766
f 768/768 747/747 748/748
f 747/747 768/768 767/767
f 769/769 748/748 749/749
f 748/748 769/769 768/768
f 770/770 749/749 750/750
f 749/749 770/770 769/769
f 771/771 750/750 751/751
f 750/750 771/771 770/770
f 772/772 751/751 752/752
f 751/751 772/772 771/771
f 773/773 752/752 753/753
f 752/752 773/773 772/772
f 774/774 753/753 754/754
f 753/753 774/774 773/773
f 775/775 754/754 755/755
f 754/754 775/775 774/774
f 776/776 755/755 756/756
f 755/755 776/776 775/775
f 777/777 756/756 757/757
f 756/756 777/777 776/776
f 778/778 757/757 758/758
f 757/757 778/778 777/777
f 759/759 758/758 739/739
f 758/758 759/759 778/778
f 779/779 782/782 780/780
f 782/782 779/779 781/781
f 781/781 784/784 782/782
f 784/784 781/781 783/783
f 783/783 786/786 784/784
f 786/786 783/783 785/785
f 785/785 788/788 786/786
f 788/788 785/785 787/787
f 787/787 790/790 788/788
f 790/790 787/787 789/789
f 789/789 792/792 790/790
f 792/792 789/789 791/791
f 791/791 794/794 792/792
f 794/794 791/791 793/793
f 793/793 796/796 794/794
f 796/796 793/793 795/795
f 795/795 798/798 796/796
f 798/798 795/795 797/797
f 797/797 800/800 798/798
f 800/800 797/797 799/799
f 799/799 802/802 800/800
f 802/802 799/799 801/801
f 801/801 804/804 802/802
f 804/804 801/801 803/803
f 803/803 806/806 804/804
f 806/806 803/803 805/805
f 805/805 808/808 806/806
f 808/808 805/805 807/807
f 807/807 810/810 808/808
f 810/810 807/807 809/809
f 809/809 812/812 810/810
f 812/812 809/809 811/811
f 811/811 814/814 812/812
f 814/814 811/811 813/813
f 813/813 816/816 814/814
f 816/816 813/813 815/815
f 815/815 818/818 816/816
f 818/818 815/815 817/817
f 817/817 820/820 818/818
f 820/820 817/817 819/819
f 819/819 822/822 820/820
f 822/822 819/819 821/821
f 821/821 824/824 822/822
f 824/824 821/821 823/823
f 823/823 826/826 824/824
f 826/826 823/823 825/825
f 825/825 828/828 826/826
f 828/828 825/825 827/827
f 827/827 830/830 828/828
f 830/830 827/827 829/829
f 831/831 834/834 832/832
f 834/834 831/831 833/833
f 833/833 836/836 834/834
f 836/836 833/833 835/835
f 835/835 838/838 836/836
f 838/838 835/835 837/837
f 837/837 840/840 838/838
f 840/840 837/837 839/839
f 839/839 842/842 840/840
f 842/842 839/839 841/841
f 841/841 844/844 842/842
f 844/844 841/841 843/843
f 843/843 846/846 844/844
f 846/846 843/843 845/845
f 845/845 848/848 846/846
f 848/848 845/845 847/847
f 847/847 850/850 848/848
f 850/850 847/847 849/849
f 849/849 852/852 850/850
f 852/852 849/849 851/851
f 851/851 854/854 852/852
f 854/854 851/851 853/853
f 853/853 856/856 854/854
f 856/856 853/853 855/855
f 855/855 858/858 856/856
f 858/858 855/855 857/857
f 857/857 860/860 858/858
f 860/860 857/857 859/859
f 859/859 862/862 860/860
f 862/862 859/859 861/861
f 861/861 864/864 862/862
f 864/864 861/861 863/863
f 863/863 866/866 864/864
f 866/866 863/863 865/865
f 865/865 868/868 866/866
f 868/868 865/865 867/867
f 867/867 870/870 868/868
f 870/870 867/867 869/869
f 869/869 872/872 870/870
f 872/872 869/869 871/871
f 871/871 874/874 872/872
f 874/874 871/871 873/873
f 873/873 876/876 874/874
f 876/876 873/873 875/875
f 875/875 878/878 876/876
f 878/878 875/875 877/877
f 877/877 880/880 878/878
f 880/880 877/877 879/879
f 879/879 882/882 880/880
f 882/882 879/879 881/881
f 883/883 886/886 884/884
f 886/886 883/883 885/885
f 885/885 888/888 886/886
f 888/888 885/885 887/887
f 887/887 890/890 888/888
f 890/890 887/887 889/889
f 889/889 892/892 890/890
f 892/892 889/889 891/891
f 891/891 894/894 892/892
f 894/894 891/891 893/893
f 893/893 896/896 894/894
f 896/896 893/893 895/895
f 895/895 898/898 896/896
f 898/898 895/895 897/897
f 897/897 900/900 898/898
f 900/900 897/897 899/899
f 899/899 902/902 900/900
f 902/902 899/899 901/901
f 901/901 904/904 902/902
f 904/904 901/901 903/903
f 903/903 906/906 904/904
f 906/906 903/903 905/905
f 905/905 908/908 906/906
f 908/908 905/905 907/907
f 907/907 910/910 908/908
f 910/910 907/907 909/909
f 909/909 912/912 910/910
f 912/912 909/909 911/911
f 911/911 914/914 912/912
f 914/914 911/911 913/913
f 913/913 916/916 914/914
f 916/916 913/913 915/915
f 915/915 918/918 916/916
f 918/918 915/915 917/917
f 917/917 920/920 918/918
f 920/920 917/917 919/919
f 919/919 922/922 920/920
f 922/922 919/919 921/921
f 921/921 924/924 922/922
f 924/924 921/921 923/923
f 923/923 926/926 924/924
f 926/926 923/923 925/925
f 925/925 928/928 926/926
f 928/928 925/925 927/927
f 927/927 930/930 928/928
f 930/930 927/927 929/929
f 929/929 932/932 930/930
f 932/932 929/929 931/931
f 931/931 934/934 932/932
f 934/934 931/931 933/933
f 935/935 938/938 936/936
f 938/938 935/935 937/937
f 937/937 940/940 938/938
f 940/940 937/937 939/939
f 939/939 942/942 940/940
f 942/942 939/939 941/941
f 941/941 944/944 942/942
f 944/944 941/941 943/943
f 943/943 946/946 944/944
f 946/946 943/943 945/945
f 945/945 948/948 946/946
f 948/948 945/945 947/947
f 947/947 950/950 948/948
f 950/950 947/947 949/949
f 949/949 952/952 950/950
f 952/952 949/949 951/951
f 951/951 954/954 952/952
f 954/954 951/951 953/953
f 953/953 956/956 954/954
f 956/956 953/953 955/955
f 955/955 958/958 956/956
f 958/958 955/955 957/957
f 957/957 960/960 958/958
f 960/960 957/957 959/959
f 959/959 962/962 960/960
f 962/962 959/959 961/961
f 961/961 964/964 962/962
f 964/964 961/961 963/963
f 963/963 966/966 964/964
f 966/966 963/963 965/965
f 965/965 968/968 966/966
f 968/968 965/965 967/967
f 967/967 970/970 968/968
f 970/970 967/967 969/969
f 969/969 972/972 970/970
f 972/972 969/969 971/971
f 971/971 974/974 972/972
f 974/974 971/971 973/973
f 973/973 976/976 974/974
f 976/976 973/973 975/975
f 975/975 978/978 976/976
f 978/978 975/975 977/977
f 977/977 980/980 978/978
f 980/980 977/977 979/979
f 979/979 982/982 980/980
f 982/982 979/979 981/981
f 981/981 984/984 982/982
f 984/984 981/981 983/983
f 983/983 986/986 984/984
f 986/986 983/983 985/985
f 987/987 990/990 988/988
f 990/990 987/987 989/989
f 989/989 992/992 990/990
f 992/992 989/989 991/991
f 991/991 994/994 992/992
f 994/994 991/991 993/993
f 993/993 996/996 994/994
f 996/996 993/993 995/995
f 995/995 998/998 996/996
f 998/998 995/995 997/997
f 997/997 1000/1000 998/998
f 1000/1000 997/997 999/999
f 999/999 1002/1002 1000/1000
f 1002/1002 999/999 1001/1001
f 1001/1001 1004/1004 1002/1002
f 1004/1004 1001/1001 1003/1003
f 1003/1003 1006/1006 1004/1004
f 1006/1006 1003/1003 1005/1005
f 1005/1005 1008/1008 1006/1006
f 1008/1008 1005/1005 1007/1007
f 1007/1007 1010/1010 1008/1008
f 1010/1010 1007/1007 1009/1009
f 1009/1009 1012/1012 1010/1010
f 1012/1012 1009/1009 1011/1011
f 1011/1011 1014/1014 1012/1012
f 1014/1014 1011/1011 1013/1013
f 1013/1013 1016/1016 1014/1014
f 1016/1016 1013/1013 1015/1015
f 1015/1015 1018/1018 1016/1016
f 1018/1018 1015/1015 1017/1017
f 1017/1017 1020/1020 1018/1018
f 1020/1020 1017/1017 1019/1019
f 1019/1019 1022/1022 1020/1020
f 1022/1022 1019/1019 1021/1021
f 1021/1021 1024/1024 1022/1022
f 1024/1024 1021/1021 1023/1023
f 1023/1023 1026/1026 1024/1024
f 1026/1026 1023/1023 1025/1025
f 1025/1025 1028/1028 1026/1026
f 1028/1028 1025/1025 1027/1027
f 1027/1027 1030/1030 1028/1028
f 1030/1030 1027/1027 1029/1029
f 1029/1029 1032/1032 1030/1030
f 1032/1032 1029/1029 1031/1031
f 1031/1031 1034/1034 1032/1032
f 1034/1034 1031/1031 1033/1033
f 1033/1033 1036/1036 1034/1034
f 1036/1036 1033/1033 1035/1035
f 1035/1035 1038/1038 1036/1036
f 1038/1038 1035/1035 1037/1037
f 1041/1041 1042/1042 1039/1039
f 1040/1040 1039/1039 1042/1042
f 1045/1045 1046/1046 1043/1043
f 1044/1044 1043/1043 1046/1046
f 1049/1049 1050/1050 1047/1047
f 1048/1048 1047/1047 1050/1050
f 1053/1053 1054/1054 1051/1051
f 1052/1052 1051/1051 1054/1054
f 1055/1055 1057/1057 1056/1056
f 1055/1055 1058/1058 1057/1057
f 1055/1055 1059/1059 1058/1058
f 1055/1055 1060/1060 1059/1059
f 1062/1062 1056/1056 1057/1057
f 1056/1056 1062/1062 1061/1061
f 1063/1063 1057/1057 1058/1058
f 1057/1057 1063/1063 1062/1062
f 1064/1064 1058/1058 1059/1059
f 1058/1058 1064/1064 1063/1063
f 1065/1065 1059/1059 1060/1060
f 1059/1059 1065/1065 1064/1064
f 1067/1067 1061/1061 1062/1062
f 1061/1061 1067/1067 1066/1066
f 1068/1068 1062/1062 1063/1063
f 1062/1062 1068/1068 1067/1067
f 1069/1069 1063/1063 1064/1064
f 1063/1063 1069/1069 1068/1068
f 1070/1070 1064/1064 1065/1065
f 1064/1064 1070/1070 1069/1069
f 1072/1072 1066/1066 1067/1067
f 1066/1066 1072/1072 1071/1071
f 1073/1073 1067/1067 1068/1068
f 1067/1067 1073/1073 1072/1072
f 1074/1074 1068/1068 1069/1069
f 1068/1068 1074/1074 1073/1073
f 1075/1075 1069/1069 1070/1070
f 1069/1069 1075/1075 1074/1074
f 1077/1077 1071/1071 1072/1072
f 1071/1071 1077/1077 1076/1076
f 1078/1078 1072/1072 1073/1073
f 1072/1072 1078/1078 1077/1077
f 1079/1079 1073/1073 1074/1074
f 1073/1073 1079/1079 1078/1078
f 1080/1080 1074/1074 1075/1075
f 1074/1074 1080/1080 1079/1079
f 1081/1081 1076/1076 1077/1077
f 1081/1081 1077/1077 1078/1078
f 1081/1081 1078/1078 1079/1079
f 1081/1081 1079/1079 1080/1080
f 1082/1082 1084/1084 1083/1083
f 1082/1082 1085/1085 1084/1084
f 1082/1082 1086/1086 1085/1085
f 1082/1082 1087/1087 1086/1086
f 1089/1089 1083/1083 1084/1084
f 1083/1083 1089/1089 1088/1088
f 1090/1090 1084/1084 1085/1085
f 1084/1084 1090/1090 1089/1089
f 1091/1091 1085/1085 1086/1086
f 1085/1085 1091/1091 1090/1090
f 1092/1092 1086/1086 1087/1087
f 1086/1086 1092/1092 1091/1091
f 1094/1094 1088/1088 1089/1089
f 1088/1088 1094/1094 1093/1093
f 1095/1095 1089/1089 1090/1090
f 1089/1089 1095/1095 1094/1094
f 1096/1096 1090/1090 1091/1091
f 1090/1090 1096/1096 1095/1095
f 1097/1097 1091/1091 1092/1092
f 1091/1091 1097/1097 1096/1096
f 1099/1099 1093/1093 1094/1094
f 1093/1093 1099/1099 1098/1098
f 1100/1100 1094/1094 1095/1095
f 1094/1094 1100/1100 1099/1099
f 1101/1101 1095/1095 1096/1096
f 1095/1095 1101/1101 1100/1100
f 1102/1102 1096/1096 1097/1097
f 1096/1096 1102/1102 1101/1101
f 1104/1104 1098/1098 1099/1099
f 1098/1098 1104/1104 1103/1103
f 1105/1105 1099/1099 1100/1100
f 1099/1099 1105/1105 1104/1104
f 1106/1106 1100/1100 1101/1101
f 1100/1100 1106/1106 1105/1105
f 1107/1107 1101/1101 1102/1102
f 1101/1101 1107/1107 1106/1106
f 1108/1108 1103/1103 1104/1104
f 1108/1108 1104/1104 1105/1105
f 1108/1108 1105/1105 1106/1106
f 1108/1108 1106/1106 1107/1107
f 1109/1109 1111/1111 1110/1110
f 1109/1109 1112/1112 1111/1111
f 1109/1109 1113/1113 1112/1112
f 1109/1109 1114/1114 1113/1113
f 1116/1116 1110/1110 1111/1111
f 1110/1110 1116/1116 1115/1115
f 1117/1117 1111/1111 1112/1112
f 1111/1111 1117/1117 1116/1116
f 1118/1118 1112/1112 1113/1113
f 1112/1112 1118/1118 1117/1117
f 1119/1119 1113/1113 1114/1114
f 1113/1113 1119/1119 1118/1118
f 1121/1121 1115/1115 1116/1116
f 1115/1115 1121/1121 1120/1120
f 1122/1122 1116/1116 1117/1117
f 1116/1116 1122/1122 1121/1121
f 1123/1123 1117/1117 1118/1118
f 1117/1117 1123/1123 1122/1122
f 1124/1124 1118/1118 1119/1119
f 1118/1118 1124/1124 1123/1123
f 1126/1126 1120/1120 1121/1121
f 1120/1120 1126/1126 1125/1125
f 1127/1127 1121/1121 1122/1122
f 1121/1121 1127/1127 1126/1126
f 1128/1128 1122/1122 1123/1123
f 1122/1122 1128/1128 1127/1127
f 1129/1129 1123/1123 1124/1124
f 1123/1123 1129/1129 1128/1128
f 1131/1131 1125/1125 1126/1126
f 1125/1125 1131/1131 1130/1130
f 1132/1132 1126/1126 1127/1127
f 1126/1126 1132/1132 1131/1131
f 1133/1133 1127/1127 1128/1128
f 1127/1127 1133/1133 1132/1132
f 1134/1134 1128/1128 1129/1129
f 1128/1128 1134/1134 1133/1133
f 1135/1135 1130/1130 1131/1131
f 1135/1135 1131/1131 1132/1132
f 1135/1135 1132/1132 1133/1133
f 1135/1135 1133/1133 1134/1134
f 1136/1136 1138/1138 1137/1137
f 1136/1136 1139/1139 1138/1138
f 1136/1136 1140/1140 1139/1139
f 1136/1136 1141/1141 1140/1140
f 1143/1143 1137/1137 1138/1138
f 1137/1137 1143/1143 1142/1142
f 1144/1144 1138/1138 1139/1139
f 1138/1138 1144/1144 1143/1143
f 1145/1145 1139/1139 1140/1140
f 1139/1139 1145/1145 1144/1144
f 1146/1146 1140/1140 1141/1141
f 1140/1140 1146/1146 1145/1145
f 1148/1148 1142/1142 1143/1143
f 1142/1142 1148/1148 1147/1147
f 1149/1149 1143/1143 1144/1144
f 1143/1143 1149/1149 1148/1148
f 1150/1150 1144/1144 1145/1145
f 1144/1144 1150/1150 1149/1149
f 1151/1151 1145/1145 1146/1146
f 1145/1145 1151/1151 1150/1150
f 1153/1153 1147/1147 1148/1148
f 1147/1147 1153/1153 1152/1152
f 1154/1154 1148/1148 1149/1149
f 1148/1148 1154/1154 1153/1153
f 1155/1155 1149/1149 1150/1150
f 1149/1149 1155/1155 1154/1154
f 1156/1156 1150/1150 1151/1151
f 1150/1150 1156/1156 1155/1155
f 1158/1158 1152/1152 1153/1153
f 1152/1152 1158/1158 1157/1157
f 1159/1159 1153/1153 1154/1154
f 1153/1153 1159/1159 1158/1158
f 1160/1160 1154/1154 1155/1155
f 1154/1154 1160/1160 1159/1159
f 1161/1161 1155/1155 1156/1156
f 1155/1155 1161/1161 1160/1160
f 1162/1162 1157/1157 1158/1158
f 1162/1162 1158/1158 1159/1159
f 1162/1162 1159/1159 1160/1160
f 1162/1162 1160/1160 1161/1161
f 1163/1163 1165/1165 1164/1164
f 1163/1163 1166/1166 1165/1165
f 1163/1163 1167/1167 1166/1166
f 1163/1163 1168/1168 1167/1167
f 1170/1170 1164/1164 1165/1165
f 1164/1164 1170/1170 1169/1169
f 1171/1171 1165/1165 1166/1166
f 1165/1165 1171/1171 1170/1170
f 1172/1172 1166/1166 1167/1167
f 1166/1166 1172/1172 1171/1171
f 1173/1173 1167/1167 1168/1168
f 1167/1167 1173/1173 1172/1172
f 1175/1175 1169/1169 1170/1170
f 1169/1169 1175/1175 1174/1174
f 1176/1176 1170/1170 1171/1171
f 1170/1170 1176/1176 1175/1175
f 1177/1177 1171/1171 1172/1172
f 1171/1171 1177/1177 1176/1176
f 1178/1178 1172/1172 1173/1173
f 1172/1172 1178/1178 1177/1177
f 1180/1180 1174/1174 1175/1175
f 1174/1174 1180/1180 1179/1179
f 1181/1181 1175/1175 1176/1176
f 1175/1175 1181/1181 1180/1180
f 1182/1182 1176/1176 1177/1177
f 1176/1176 1182/1182 1181/1181
f 1183/1183 1177/1177 1178/1178
f 1177/1177 1183/1183 1182/1182
f 1185/1185 1179/1179 1180/1180
f 1179/1179 1185/1185 1184/1184
f 1186/1186 1180/1180 1181/1181
f 1180/1180 1186/1186 1185/1185
f 1187/1187 1181/1181 1182/1182
f 1181/1181 1187/1187 1186/1186
f 1188/1188 1182/1182 1183/1183
f 1182/1182 1188/1188 1187/1187
f 1189/1189 1184/1184 1185/1185
f 1189/1189 1185/1185 1186/1186
f 1189/1189 1186/1186 1187/1187
f 1189/1189 1187/1187 1188/1188
f 1190/1190 1192/1192 1191/1191
f 1190/1190 1193/1193 1192/1192
f 1190/1190 1194/1194 1193/1193
f 1190/1190 1195/1195 1194/1194
f 1197/1197 1191/1191 1192/1192
f 1191/1191 1197/1197 1196/1196
f 1198/1198 1192/1192 1193/1193
f 1192/1192 1198/1198 1197/1197
f 1199/1199 1193/1193 1194/1194
f 1193/1193 1199/1199 1198/1198
f 1200/1200 1194/1194 1195/1195
f 1194/1194 1200/1200 1199/1199
f 1202/1202 1196/1196 1197/1197
f 1196/1196 1202/1202 1201/1201
f 1203/1203 1197/1197 1198/1198
f 1197/1197 1203/1203 1202/1202
f 1204/1204 1198/1198 1199/1199
f 1198/1198 1204/1204 1203/1203
f 1205/1205 1199/1199 1200/1200
f 1199/1199 1205/1205 1204/1204
f 1207/1207 1201/1201 1202/1202
f 1201/1201 1207/1207 1206/1206
f 1208/1208 1202/1202 1203/1203
f 1202/1202 1208/1208 1207/1207
f 1209/1209 1203/1203 1204/1204
f 1203/1203 1209/1209 1208/1208
f 1210/1210 1204/1204 1205/1205
f 1204/1204 1210/1210 1209/1209
f 1212/1212 1206/1206 1207/1207
f 1206/1206 1212/1212 1211/1211
f 1213/1213 1207/1207 1208/1208
f 1207/1207 1213/1213 1212/1212
f 1214/1214 1208/1208 1209/1209
f 1208/1208 1214/1214 1213/1213
f 1215/1215 1209/1209 1210/1210
f 1209/1209 1215/1215 1214/1214
f 1216/1216 1211/1211 1212/1212
f 1216/1216 1212/1212 1213/1213
f 1216/1216 1213/1213 1214/1214
f 1216/1216 1214/1214 1215/1215
f 1219/1219 1220/1220 1217/1217
f 1218/1218 1217/1217 1220/1220
