# MOD converted: eff_c_r_mlrs.mod
# 1769 verts, 1925 faces

v 0.401470 61.925522 -61.925507
v 0.401469 35.752728 -71.505424
v 0.401468 0.000015 -61.925522
v 0.401466 -35.752693 -35.752728
v 0.401465 -61.925495 -0.000020
v 0.401465 -71.505417 35.752697
v 0.401465 -61.925522 61.925507
v 0.401466 -35.752724 71.505424
v 0.401468 -0.000013 61.925533
v 0.401469 35.752701 35.752731
v 0.401470 61.925514 0.000007
v 0.401470 71.505424 -39.361095
v 36.016857 68.175438 -68.175423
v 36.016857 39.361118 -78.722214
v 36.016857 0.000014 -68.175446
v 36.016857 -39.361095 -39.361130
v 36.016857 -68.175430 -0.000024
v 36.016857 -78.722221 39.361084
v 36.016857 -68.175461 68.175423
v 36.016857 -39.361134 78.722221
v 36.016857 -0.000018 68.175453
v 36.016857 39.361084 39.361134
v 36.016857 68.175430 0.000011
v 36.016857 78.722206 0.000011
v 36.016857 78.722206 0.000007
v 0.401470 71.505424 0.250098
v 0.000000 69.089645 16.814178
v 0.000000 98.219826 25.078869
v 0.000000 65.454704 35.652840
v 0.000000 93.052284 37.366566
v 0.000000 59.304359 53.121376
v 0.000000 84.308777 48.218288
v 0.000000 50.874996 68.548492
v 0.000000 72.325348 57.217014
v 0.000000 40.490524 81.341324
v 0.000000 57.562481 64.016907
v 0.000000 28.550026 91.008263
v 0.000000 40.587532 68.356659
v 0.000000 15.512365 97.177795
v 0.000000 22.052824 70.069519
v 0.000000 1.878576 99.612846
v 0.000000 2.670635 69.089653
v 0.000000 -11.827409 98.219826
v 0.000000 -16.814184 65.454689
v 0.000000 -25.078871 93.052277
v 0.000000 -35.652843 59.304352
v 0.000000 -37.366566 84.308777
v 0.000000 -53.121384 50.874989
v 0.000000 -48.218285 72.325340
v 0.000000 -68.548500 40.490532
v 0.000000 -57.217003 57.562481
v 0.000000 -81.341324 28.550026
v 0.000000 -64.016907 40.587524
v 0.000000 -91.008270 15.512363
v 0.000000 -68.356674 22.052816
v 0.000000 -97.177795 1.878570
v 0.000000 -70.069534 2.670629
v 0.000000 -99.612854 -11.827415
v 0.000000 -69.089668 -16.814188
v 0.000000 -98.219826 -25.078873
v 0.000000 -65.454689 -35.652847
v 0.000000 -93.052277 -37.366577
v 0.000000 -59.304363 -53.121387
v 0.000000 -84.308777 -48.218296
v 0.000000 -50.874981 -68.548500
v 0.000000 -72.325340 -57.217007
v 0.000000 -40.490509 -81.341331
v 0.000000 -57.562473 -64.016907
v 0.000000 -28.550022 -91.008270
v 0.000000 -40.587524 -68.356659
v 0.000000 -15.512362 -97.177795
v 0.000000 -22.052813 -70.069527
v 0.000000 -1.878569 -99.612854
v 0.000000 -2.670624 -69.089661
v 0.000000 11.827416 -98.219826
v 0.000000 16.814192 -65.454697
v 0.000000 25.078876 -93.052277
v 0.000000 35.652851 -59.304352
v 0.000000 37.366573 -84.308777
v 0.000000 53.121391 -50.874989
v 0.000000 48.218296 -72.325333
v 0.000000 68.548500 -40.490513
v 0.000000 57.217007 -57.562473
v 0.000000 81.341331 -28.550013
v 0.000000 64.016907 -40.587517
v 0.000000 91.008270 -15.512353
v 0.000000 68.356667 -22.052811
v 0.000000 97.177795 -1.878566
v 0.000000 70.069534 -2.670622
v 0.000000 99.612854 98.219826
v 0.000000 -16.814184 69.089653
v 0.000000 -11.827409 -98.219826
v 0.000000 16.814192 -69.089661
v 0.000000 11.827416 0.499785
v 0.000000 87.651741 -22.613113
v 0.000000 124.608238 1.499162
v 0.000000 89.070755 2.131250
v 0.000000 126.625534 18.847200
v 0.000000 87.066803 26.793715
v 0.000000 123.776665 35.470951
v 0.000000 81.716942 50.426506
v 0.000000 116.171143 50.731579
v 0.000000 73.226738 72.121445
v 0.000000 104.101212 64.042595
v 0.000000 61.922462 91.044792
v 0.000000 88.030739 74.892502
v 0.000000 48.238544 106.469337
v 0.000000 68.577301 82.864334
v 0.000000 32.700848 117.802322
v 0.000000 46.488464 87.651749
v 0.000000 15.906481 124.608238
v 0.000000 22.613110 89.070732
v 0.000000 -1.499168 126.625526
v 0.000000 -2.131258 87.066795
v 0.000000 -18.847204 123.776665
v 0.000000 -26.793722 81.716934
v 0.000000 -35.470947 116.171135
v 0.000000 -50.426517 73.226738
v 0.000000 -50.731560 104.101212
v 0.000000 -72.121445 61.922462
v 0.000000 -64.042595 88.030731
v 0.000000 -91.044800 48.238544
v 0.000000 -74.892517 68.577293
v 0.000000 -106.469337 32.700848
v 0.000000 -82.864349 46.488461
v 0.000000 -117.802338 15.906480
v 0.000000 -87.651764 22.613104
v 0.000000 -124.608238 -1.499172
v 0.000000 -89.070740 -2.131262
v 0.000000 -126.625526 -18.847210
v 0.000000 -87.066811 -26.793726
v 0.000000 -123.776665 -35.470966
v 0.000000 -81.716927 -50.426525
v 0.000000 -116.171135 -50.731579
v 0.000000 -73.226715 -72.121452
v 0.000000 -104.101204 -64.042610
v 0.000000 -61.922459 -91.044800
v 0.000000 -88.030731 -74.892502
v 0.000000 -48.238537 -106.469337
v 0.000000 -68.577286 -82.864342
v 0.000000 -32.700844 -117.802338
v 0.000000 -46.488457 -87.651756
v 0.000000 -15.906474 -124.608238
v 0.000000 -22.613098 -89.070747
v 0.000000 1.499174 -126.625526
v 0.000000 2.131268 -87.066795
v 0.000000 18.847214 -123.776665
v 0.000000 26.793732 -81.716934
v 0.000000 35.470963 -116.171127
v 0.000000 50.426525 -73.226723
v 0.000000 50.731571 -104.101204
v 0.000000 72.121452 -61.922447
v 0.000000 64.042610 -88.030724
v 0.000000 91.044807 -48.238529
v 0.000000 74.892509 -68.577286
v 0.000000 106.469337 -32.700844
v 0.000000 82.864349 -46.488453
v 0.000000 117.802338 124.608238
v 0.000000 22.613110 87.651749
v 0.000000 15.906481 -124.608238
v 0.000000 -22.613098 -87.651756
v 0.000000 -15.906474 0.499785
v 0.000000 45.864296 37.212067
v 0.000000 65.202003 34.620384
v 0.000000 39.876419 49.217327
v 0.000000 56.689457 41.734665
v 0.000000 32.356094 59.331192
v 0.000000 45.998356 47.245110
v 0.000000 23.592358 67.164993
v 0.000000 33.539574 50.939953
v 0.000000 13.921969 72.417679
v 0.000000 19.791872 52.677193
v 0.000000 3.716577 74.887405
v 0.000000 5.283589 52.390076
v 0.000000 -6.631646 74.479240
v 0.000000 -9.427741 50.089645
v 0.000000 -16.725018 71.208878
v 0.000000 -23.776770 45.864300
v 0.000000 -26.175661 65.202003
v 0.000000 -37.212070 39.876408
v 0.000000 -34.620380 56.689449
v 0.000000 -49.217331 32.356091
v 0.000000 -41.734661 45.998352
v 0.000000 -59.331196 23.592354
v 0.000000 -47.245106 33.539566
v 0.000000 -67.165001 13.921979
v 0.000000 -50.939949 19.791872
v 0.000000 -72.417679 3.716577
v 0.000000 -52.677193 5.283582
v 0.000000 -74.887405 -6.631650
v 0.000000 -52.390083 -9.427745
v 0.000000 -74.479240 -16.725025
v 0.000000 -50.089653 -23.776775
v 0.000000 -71.208885 -26.175667
v 0.000000 -45.864307 -37.212070
v 0.000000 -65.202003 -34.620384
v 0.000000 -39.876408 -49.217331
v 0.000000 -56.689449 -41.734673
v 0.000000 -32.356098 -59.331200
v 0.000000 -45.998352 -47.245113
v 0.000000 -23.592344 -67.165001
v 0.000000 -33.539566 -50.939945
v 0.000000 -13.921963 -72.417686
v 0.000000 -19.791864 -52.677193
v 0.000000 -3.716572 -74.887405
v 0.000000 -5.283582 -52.390072
v 0.000000 6.631648 -74.479233
v 0.000000 9.427747 -50.089645
v 0.000000 16.725023 -71.208878
v 0.000000 23.776777 -45.864304
v 0.000000 26.175667 -65.202003
v 0.000000 37.212074 -39.876411
v 0.000000 34.620388 -56.689445
v 0.000000 49.217335 -32.356087
v 0.000000 41.734669 -45.998352
v 0.000000 59.331200 -23.592350
v 0.000000 47.245113 -33.539558
v 0.000000 67.165001 -13.921966
v 0.000000 50.939945 -19.791864
v 0.000000 72.417686 -3.716566
v 0.000000 52.677189 -5.283577
v 0.000000 74.887405 6.631656
v 0.000000 52.390076 9.427750
v 0.000000 74.479233 16.725027
v 0.000000 50.089649 23.776779
v 0.000000 71.208878 65.202003
v 0.000000 -37.212070 45.864300
v 0.000000 -26.175661 -65.202003
v 0.000000 37.212074 -45.864304
v 0.000000 26.175667 0.499785
v 166.193726 -0.000007 -0.570135
v 166.193726 -0.000007 -0.810320
v 166.440674 -0.000007 -0.570135
v 166.440674 -0.000007 -0.001019
v 96.497131 -0.000004 -0.570135
v 96.497131 -0.000004 -0.810320
v 96.744095 -0.000004 -0.570135
v 96.744095 -0.000004 -0.001019
v 76.657913 -0.084921 -0.084918
v 76.657913 0.084915 0.084918
v 76.904877 -0.084921 -0.084918
v 76.904877 0.084915 -0.001019
v 83.535683 0.084913 -0.084918
v 83.535683 -0.084923 0.084918
v 83.782646 0.084913 -0.084918
v 83.782646 -0.084923 -0.001019
v 83.535683 0.120087 0.000000
v 83.535683 -0.120098 -0.000000
v 83.782646 0.120087 -0.000000
v 83.782646 -0.120098 -0.001019
v 83.535683 -0.000005 0.120092
v 83.535683 -0.000005 -0.120092
v 83.782646 -0.000005 0.120092
v 83.782646 -0.000005 -0.001019
v 132.238358 4.085752 4.901304
v 130.072693 -1.004876 3.402832
v 129.681961 -12.680640 8.138216
v 130.339676 -10.907741 2.898208
v 136.233215 -15.770820 16.072145
v 136.420624 -5.418024 16.823439
v 144.556061 -6.086948 5.495823
v 139.211197 -12.849262 3.265884
v 132.576614 -14.642457 13.213634
v 150.626907 -14.005068 18.252258
v 147.029861 1.344895 15.011172
v 133.539536 -5.049466 3.390015
v 128.426514 -10.246124 5.295547
v 147.952805 -14.069407 0.000010
v 137.322021 -17.902847 8.738097
v 132.556519 -12.552582 6.841945
v 151.074127 -16.755892 11.579477
v 131.064743 -7.523981 17.038982
v 137.099457 1.721569 13.560062
v 156.800812 -14.302218 7.552920
v 158.202164 -16.568804 17.273994
v 150.814819 -9.403110 16.061069
v 138.879196 -5.523480 9.568599
v 138.367081 -12.640617 15.636827
v 145.846115 -9.484525 14.405504
v 138.304367 -9.403170 13.367705
v 132.908493 -9.315621 17.712269
v 156.700623 -8.853321 13.670680
v 160.285980 -13.078195 7.582785
v 162.457047 -15.002394 9.004240
v 149.043457 -14.111606 12.719958
v 148.646088 -13.082462 0.000010
v 135.731277 -17.160936 0.000009
v 142.580627 -15.087316 0.000009
v 139.380325 -15.667027 0.000010
v 132.641418 -15.699823 0.000009
v 151.240311 -17.597889 0.000009
v 158.548019 -17.418386 0.000009
v 129.397903 -13.386369 0.000009
v 128.066711 -11.043494 0.000008
v 162.982010 -15.881281 0.000008
v 128.726074 -3.807346 33.244961
v 137.578979 9.834617 19.396561
v 141.782898 6.691518 35.975983
v 139.558563 11.261190 25.683187
v 136.470230 5.861487 27.620754
v 143.857391 5.487673 0.000007
v 133.221466 6.875776 10.469329
v 135.482956 6.656083 14.433302
v 135.698441 -9.822771 9.286947
v 135.682022 -13.214219 7.516146
v 129.272064 -7.615943 18.547501
v 151.428574 -3.171694 10.976151
v 131.078720 -3.263747 0.000009
v 147.412888 -16.624527 -5.446901
v 132.238358 4.085751 -4.901288
v 130.072693 -1.004877 -3.402813
v 129.681961 -12.680641 -8.138198
v 130.339676 -10.907743 -2.898189
v 136.233215 -15.770821 -16.072132
v 136.420624 -5.418027 -16.823423
v 144.556061 -6.086952 -5.495805
v 139.211197 -12.849264 -3.265865
v 132.576614 -14.642458 -13.213618
v 150.626907 -14.005071 -18.252245
v 147.029861 1.344891 -15.011155
v 133.539536 -5.049469 -3.389997
v 128.426514 -10.246125 -5.295530
v 147.952805 -14.069409 -8.738079
v 132.556519 -12.552584 -6.841927
v 151.074127 -16.755894 -11.579460
v 131.064743 -7.523983 -17.038969
v 137.099457 1.721565 -13.560046
v 156.800812 -14.302222 -7.552903
v 158.202164 -16.568806 -17.273979
v 150.814819 -9.403113 -16.061056
v 138.879196 -5.523484 -9.568581
v 138.367081 -12.640619 -15.636809
v 145.846115 -9.484528 -14.405487
v 138.304367 -9.403172 -13.367687
v 132.908493 -9.315625 -17.712254
v 156.700623 -8.853325 -13.670664
v 160.285980 -13.078197 -7.582769
v 162.457047 -15.002395 -9.004223
v 149.043457 -14.111608 -12.719941
v 148.646088 -13.082465 -33.244949
v 137.578979 9.834609 -19.396547
v 141.782898 6.691514 -35.975967
v 139.558563 11.261182 -25.683172
v 136.470230 5.861482 -27.620741
v 143.857391 5.487667 -10.469316
v 135.482956 6.656080 -14.433285
v 135.698441 -9.822774 -9.286929
v 135.682022 -13.214222 -7.516128
v 129.272064 -7.615945 -18.547485
v 151.428574 -3.171698 -10.976133
v 131.078720 -3.263750 17.038982
v 137.099457 1.721569 18.252258
v 147.029861 1.344895 17.038982
v 137.099457 1.721569 25.683187
v 136.470230 5.861487 35.975983
v 139.558563 11.261190 33.244961
v 137.578979 9.834617 18.252258
v 147.029861 1.344895 27.620754
v 143.857391 5.487673 19.396561
v 141.782898 6.691518 0.000008
v 128.726074 -3.807346 0.000009
v 128.066711 -11.043494 -17.038969
v 137.099457 1.721565 -18.252245
v 147.029861 1.344891 -17.038969
v 137.099457 1.721565 -25.683172
v 136.470230 5.861482 -35.975967
v 139.558563 11.261182 -33.244949
v 137.578979 9.834609 -18.252245
v 147.029861 1.344891 -27.620741
v 143.857391 5.487667 -19.396547
v 141.782898 6.691514 0.000007
v 133.221466 6.875776 0.812957
v 22.147650 -2.086149 7.039615
v 22.091602 9.581747 21.476271
v 22.094801 5.076161 5.883202
v 22.091204 4.220475 20.466253
v 22.182434 -1.677989 18.896967
v 22.093704 10.269797 14.277541
v 21.993135 -5.952841 9.086808
v 6.731471 -20.758970 16.449802
v 7.034413 -23.217369 9.203552
v 12.406551 -17.352554 15.879258
v 13.506394 -19.022255 15.101300
v 16.939726 -10.198558 22.524101
v 12.482460 -15.821975 22.912401
v 12.804701 8.961769 18.300699
v 13.006901 13.982700 26.221203
v 6.105831 -10.954601 23.353199
v 6.740222 -19.769369 22.661798
v -0.000648 10.387800 18.577497
v -0.002021 13.765001 24.626699
v 10.108000 0.013041 9.498200
v -0.000510 13.290899 9.392840
v 13.015500 13.558499 6.602240
v 0.002069 9.515059 5.933342
v 12.713699 7.501651 6.263209
v 6.133029 -12.370699 6.102139
v 9.998024 -1.636085 26.883400
v 0.000217 -11.024196 23.527502
v 0.000229 -20.405836 8.894969
v 0.000229 -21.410835 5.797530
v 0.000226 -12.236700 26.293800
v -0.001243 -3.716490 5.701670
v 0.001865 -4.911600 16.475700
v -0.001215 -24.218836 24.184198
v -0.001070 3.830400 6.453729
v 0.001923 2.598589 21.641201
v 15.848625 -6.669477 8.598108
v 15.805523 -7.489328 14.153562
v 26.570597 3.248733 18.526527
v 35.942669 10.698163 21.681820
v 36.286430 4.489477 4.231546
v 35.023808 4.001880 5.639776
v 35.266281 10.278456 24.402300
v 4.216253 3.741590 6.472210
v 4.219274 2.577209 13.724730
v 35.560207 -7.219156 19.891666
v 36.188652 -2.508387 6.012844
v 35.245045 -3.097905 13.986282
v -0.001257 14.988162 13.475403
v 13.011559 15.215817 12.925594
v 22.092609 12.664396 11.941895
v 35.583092 13.256824 5.578670
v 26.419928 -4.659407 14.477564
v 26.555880 -9.374190 22.646904
v 26.680685 -4.030652 24.485138
v 26.708769 5.120111 20.771797
v 26.652040 12.629211 12.517460
v 26.525934 15.260349 4.478060
v 26.403111 11.891911 2.828049
v 26.377909 4.210816 14.045630
v 30.914930 -7.130207 20.491129
v 31.199852 -2.423093 22.148100
v 31.273094 4.627705 6.540142
v 30.583160 -2.960677 4.528512
v 30.494236 3.875607 18.999441
v 31.133913 10.632021 12.338306
v 30.839464 13.197762 5.875992
v 30.553808 10.134032 -8.240569
v 22.147648 -2.086149 -7.039616
v 22.091602 9.581748 -21.476271
v 22.094801 5.076161 -5.883203
v 22.091200 4.220479 -20.466253
v 22.182434 -1.677988 -18.896967
v 22.093702 10.269796 -14.277541
v 21.993135 -5.952842 -9.086810
v 6.731473 -20.758970 -16.449797
v 7.034412 -23.217369 -9.203551
v 12.406550 -17.352554 -15.879244
v 13.506394 -19.022255 -15.101305
v 16.939726 -10.198557 -22.524105
v 12.482459 -15.821976 -22.912399
v 12.804700 8.961771 -18.300701
v 13.006901 13.982699 -26.221201
v 6.105829 -10.954601 -23.353199
v 6.740224 -19.769369 -22.661800
v -0.000646 10.387800 -18.577501
v -0.002019 13.764999 -24.626699
v 10.108000 0.013041 -9.498202
v -0.000510 13.290898 -9.392840
v 13.015500 13.558500 -6.602239
v 0.002069 9.515059 -5.933340
v 12.713701 7.501649 -6.263210
v 6.133029 -12.370701 -6.102141
v 9.998009 -1.636065 -26.883402
v 0.000176 -11.024149 -23.527500
v 0.000228 -20.405834 -8.894969
v 0.000229 -21.410835 -5.797530
v 0.000225 -12.236700 -26.293800
v -0.001245 -3.716490 -5.701670
v 0.001865 -4.911599 -16.475700
v -0.001215 -24.218836 -24.184198
v -0.001070 3.830399 -6.453731
v 0.001922 2.598590 -21.641197
v 15.848625 -6.669478 -8.598110
v 15.805525 -7.489328 -14.153562
v 26.570597 3.248733 -18.526527
v 35.942669 10.698163 -21.681818
v 36.286427 4.489482 -4.231548
v 35.023808 4.001881 -5.639777
v 35.266281 10.278455 -24.402300
v 4.216255 3.741589 -6.472211
v 4.219273 2.577211 -13.724730
v 35.560207 -7.219158 -19.891666
v 36.188652 -2.508385 -6.012845
v 35.245045 -3.097908 -13.986284
v -0.001257 14.988159 -13.475403
v 13.011559 15.215818 -12.925594
v 22.092606 12.664396 -11.941894
v 35.583096 13.256824 -5.578669
v 26.419930 -4.659407 -14.477566
v 26.555883 -9.374191 -22.646902
v 26.680687 -4.030651 -24.485136
v 26.708773 5.120115 -20.771797
v 26.652039 12.629211 -12.517462
v 26.525934 15.260349 -4.478062
v 26.403114 11.891911 -2.828051
v 26.377909 4.210822 -14.045632
v 30.914930 -7.130207 -20.491129
v 31.199854 -2.423093 -22.148098
v 31.273096 4.627707 -6.540143
v 30.583160 -2.960678 -4.528512
v 30.494238 3.875611 -18.999439
v 31.133917 10.632021 -12.338306
v 30.839462 13.197762 -5.875994
v 30.553806 10.134033 8.894969
v 0.000229 -21.410835 5.797530
v 0.000226 -12.236700 5.701670
v 0.001865 -4.911600 26.293800
v -0.001243 -3.716490 26.883400
v 0.000217 -11.024196 23.527502
v 0.000229 -20.405836 16.475700
v -0.001215 -24.218836 6.602240
v 0.002069 9.515059 6.453729
v 0.001923 2.598589 22.661798
v -0.000648 10.387800 18.577497
v -0.002021 13.765001 13.986282
v -0.001257 14.988162 6.472210
v 4.219274 2.577209 24.402300
v 4.216253 3.741590 24.184198
v -0.001070 3.830400 21.681820
v 36.286430 4.489477 18.526527
v 35.942669 10.698163 13.724730
v 35.560207 -7.219156 19.891666
v 36.188652 -2.508387 9.498200
v -0.000510 13.290899 5.639776
v 35.266281 10.278456 11.941895
v 35.583092 13.256824 11.941895
v 35.583092 13.256824 14.045630
v 30.914930 -7.130207 13.724730
v 35.560207 -7.219156 14.277541
v 21.993135 -5.952841 8.240568
v 22.147650 -2.086149 20.466253
v 22.182434 -1.677989 14.277541
v 21.993135 -5.952841 14.477564
v 26.555880 -9.374190 21.476271
v 22.094801 5.076161 18.896967
v 22.093704 10.269797 12.925594
v 22.092609 12.664396 12.338306
v 30.839464 13.197762 12.925594
v 22.092609 12.664396 12.517460
v 26.525934 15.260349 7.039615
v 22.091602 9.581747 5.883202
v 22.091204 4.220475 6.012844
v 35.245045 -3.097905 4.231546
v 35.023808 4.001880 -8.894969
v 0.000229 -21.410835 -5.797530
v 0.000225 -12.236700 -5.701670
v 0.001865 -4.911599 -26.883402
v 0.000176 -11.024149 -26.293800
v -0.001245 -3.716490 -23.527500
v 0.000228 -20.405834 -16.475700
v -0.001215 -24.218836 -6.602239
v 0.002069 9.515059 -22.661800
v -0.000646 10.387800 -6.453731
v 0.001922 2.598590 -18.577501
v -0.002019 13.764999 -13.986284
v -0.001257 14.988159 -6.472211
v 4.219273 2.577211 -24.402300
v 4.216255 3.741589 -24.184198
v -0.001070 3.830399 -21.681818
v 36.286427 4.489482 -18.526527
v 35.942669 10.698163 -19.891666
v 36.188652 -2.508385 -13.724730
v 35.560207 -7.219158 -9.498202
v -0.000510 13.290898 -5.639777
v 35.266281 10.278455 -11.941894
v 35.583096 13.256824 -11.941894
v 35.583096 13.256824 -14.045632
v 30.914930 -7.130207 -13.724730
v 35.560207 -7.219158 -14.277541
v 21.993135 -5.952842 -8.240569
v 22.147648 -2.086149 -20.466253
v 22.182434 -1.677988 -14.477566
v 26.555883 -9.374191 -14.277541
v 21.993135 -5.952842 -21.476271
v 22.094801 5.076161 -18.896967
v 22.093702 10.269796 -12.925594
v 22.092606 12.664396 -12.338306
v 30.839462 13.197762 -12.925594
v 22.092606 12.664396 -7.039616
v 22.091602 9.581748 -12.517462
v 26.525934 15.260349 -5.883203
v 22.091200 4.220479 -6.012845
v 35.245045 -3.097908 -4.231548
v 35.023808 4.001881 0.495235
v 91.617035 6.142714 48.282234
v 96.583420 9.200040 44.823242
v 91.557777 -0.987251 51.360001
v 101.375580 6.729906 47.983871
v 96.515030 -4.837753 51.136543
v 101.585114 -2.043544 47.649792
v 88.423119 -5.435721 60.077297
v 92.777496 9.391045 54.945850
v 90.519272 -7.093925 57.939823
v 90.325470 -5.785799 57.093704
v 84.635384 -10.237124 56.003315
v 87.456139 -8.793501 54.379314
v 82.106247 -10.173796 51.482304
v 85.087540 -7.381320 52.173767
v 94.569489 9.790935 51.765926
v 89.834023 1.109234 51.050896
v 87.261253 -3.957309 54.353729
v 85.402100 -6.527689 56.020603
v 83.302002 -8.292826 60.253128
v 93.555824 -5.449242 50.515247
v 92.031532 -7.571712 54.617218
v 93.840164 -5.470125 55.801117
v 83.742569 -11.857114 53.270477
v 87.491333 -10.154335 58.706196
v 90.390228 1.780105 61.088066
v 94.014000 1.914876 50.247486
v 90.759193 8.125896 64.128906
v 90.234634 -5.672714 62.025253
v 87.708565 -5.645608 62.696823
v 87.560905 1.963351 64.803261
v 90.311081 1.956052 67.823631
v 86.402016 -5.518899 65.167030
v 85.152565 -5.514633 66.021988
v 84.934532 1.846666 68.720833
v 86.142654 1.799302 57.749298
v 89.714310 9.371418 60.727310
v 93.951408 -1.717920 64.525185
v 90.368042 -2.208457 68.310646
v 86.241722 -2.609389 60.455971
v 93.531158 6.026495 64.454781
v 90.170807 5.296350 68.226364
v 86.261208 4.777491 58.530251
v 90.488571 -1.876849 62.366344
v 87.633537 -2.242401 65.662003
v 85.006592 -2.512659 58.285446
v 90.179733 5.680830 62.429916
v 87.489113 5.147339 65.547958
v 85.084923 4.741584 66.393013
v 86.566124 8.129061 63.883198
v 85.406708 8.063173 61.097176
v 87.991882 8.763336 63.221207
v 90.052399 8.879826 62.856903
v 87.582680 1.651882 64.963364
v 90.332870 1.644582 66.748367
v 84.166191 1.328083 69.643135
v 85.585442 1.280721 64.778893
v 90.371460 -1.785228 69.482613
v 85.661720 -1.832141 63.738792
v 90.303635 5.849978 66.816147
v 86.708832 5.557966 62.620056
v 87.636932 -1.819172 66.577393
v 84.231056 -1.735411 61.599213
v 87.969276 5.580424 64.334740
v 85.500977 5.454830 36.542351
v 96.802834 5.944232 32.355206
v 99.524849 6.505342 35.619808
v 104.854843 10.000186 39.708858
v 101.864761 9.146460 36.570534
v 96.803192 -0.620520 42.973911
v 106.728188 6.359748 38.599689
v 109.774811 -1.095767 42.856319
v 106.771927 -1.121191 39.790943
v 101.887253 -3.648071 32.442513
v 99.573578 -0.695078 35.606068
v 104.825943 -3.776411 38.669674
v 109.946030 6.904428 39.019943
v 103.005821 2.973783 39.871048
v 93.520905 6.694357 43.655914
v 99.446144 10.450975 43.616913
v 99.385094 -5.465223 39.815399
v 93.433777 -1.434134 47.355415
v 105.237755 7.280674 47.355354
v 105.237671 -2.313027 -45.159630
v 91.617035 6.142711 -48.282234
v 96.583420 9.200040 -44.823242
v 91.557777 -0.987255 -51.360004
v 101.375580 6.729909 -47.983871
v 96.515045 -4.837754 -51.136543
v 101.585114 -2.043541 -47.649792
v 88.423119 -5.435721 -60.077297
v 92.777481 9.391046 -54.945850
v 90.519272 -7.093925 -57.939819
v 90.325478 -5.785800 -57.093704
v 84.635384 -10.237124 -56.003315
v 87.456139 -8.793501 -54.379314
v 82.106247 -10.173796 -51.482304
v 85.087540 -7.381322 -52.173771
v 94.569489 9.790934 -51.765926
v 89.834023 1.109229 -51.050896
v 87.261253 -3.957311 -54.353729
v 85.402100 -6.527688 -56.020603
v 83.302002 -8.292826 -60.253128
v 93.555824 -5.449242 -50.515247
v 92.031532 -7.571711 -54.617218
v 93.840164 -5.470124 -55.801117
v 83.742569 -11.857115 -53.270477
v 87.491325 -10.154335 -58.706196
v 90.390228 1.780104 -61.088066
v 94.013992 1.914876 -50.247486
v 90.759186 8.125896 -64.128906
v 90.234634 -5.672715 -62.025253
v 87.708565 -5.645610 -62.696819
v 87.560905 1.963352 -64.803261
v 90.311081 1.956051 -67.823639
v 86.402016 -5.518898 -65.167030
v 85.152565 -5.514633 -66.021988
v 84.934532 1.846666 -68.720833
v 86.142654 1.799302 -57.749298
v 89.714310 9.371418 -60.727310
v 93.951408 -1.717920 -64.525185
v 90.368042 -2.208457 -68.310646
v 86.241722 -2.609389 -60.455978
v 93.531158 6.026495 -64.454781
v 90.170807 5.296350 -68.226364
v 86.261208 4.777491 -58.530251
v 90.488571 -1.876849 -62.366341
v 87.633537 -2.242401 -65.662003
v 85.006592 -2.512660 -58.285454
v 90.179733 5.680830 -62.429913
v 87.489113 5.147339 -65.547958
v 85.084923 4.741584 -66.393013
v 86.566124 8.129061 -63.883194
v 85.406708 8.063173 -61.097176
v 87.991882 8.763337 -63.221207
v 90.052399 8.879827 -62.856903
v 87.582680 1.651882 -64.963364
v 90.332870 1.644582 -66.748367
v 84.166191 1.328083 -69.643135
v 85.585442 1.280719 -64.778893
v 90.371460 -1.785229 -69.482613
v 85.661720 -1.832141 -63.738789
v 90.303635 5.849979 -66.816154
v 86.708832 5.557967 -62.620056
v 87.636932 -1.819172 -66.577393
v 84.231056 -1.735411 -61.599220
v 87.969276 5.580424 -64.334740
v 85.500977 5.454829 -36.542355
v 96.802834 5.944230 -32.355209
v 99.524849 6.505338 -35.619808
v 104.854828 10.000187 -39.708870
v 101.864769 9.146459 -36.570530
v 96.803192 -0.620523 -42.973915
v 106.728180 6.359749 -38.599686
v 109.774811 -1.095766 -42.856319
v 106.771927 -1.121189 -39.790936
v 101.887253 -3.648071 -32.442513
v 99.573578 -0.695080 -35.606064
v 104.825943 -3.776411 -38.669678
v 109.946030 6.904429 -39.019943
v 103.005821 2.973783 -39.871048
v 93.520905 6.694355 -43.655918
v 99.446129 10.450975 -43.616875
v 99.385040 -5.465222 -39.815395
v 93.433777 -1.434137 -47.355419
v 105.237755 7.280676 -47.355354
v 105.237671 -2.313024 44.823242
v 91.557777 -0.987251 47.649792
v 88.423119 -5.435721 54.945850
v 90.519272 -7.093925 51.482304
v 85.087540 -7.381320 54.379314
v 82.106247 -10.173796 56.003315
v 87.456139 -8.793501 57.093704
v 84.635384 -10.237124 57.093704
v 84.635384 -10.237124 56.020603
v 83.302002 -8.292826 50.247486
v 90.759193 8.125896 57.749298
v 89.714310 9.371418 57.939823
v 90.325470 -5.785799 62.025253
v 87.708565 -5.645608 65.167030
v 85.152565 -5.514633 65.167030
v 85.152565 -5.514633 65.662003
v 85.006592 -2.512659 66.021988
v 84.934532 1.846666 65.547958
v 85.084923 4.741584 45.159626
v 91.617035 6.142714 62.366344
v 87.633537 -2.242401 65.662003
v 85.006592 -2.512659 64.525185
v 90.368042 -2.208457 68.310646
v 86.241722 -2.609389 60.727310
v 93.951408 -1.717920 58.530251
v 90.488571 -1.876849 62.429916
v 87.489113 5.147339 65.547958
v 85.084923 4.741584 64.454781
v 90.170807 5.296350 68.226364
v 86.261208 4.777491 60.455971
v 93.531158 6.026495 58.285446
v 90.179733 5.680830 68.720833
v 86.142654 1.799302 66.021988
v 84.934532 1.846666 64.803261
v 90.311081 1.956052 62.696823
v 87.560905 1.963351 61.088066
v 94.014000 1.914876 58.706196
v 90.390228 1.780105 66.748367
v 84.166191 1.328083 66.577393
v 84.231056 -1.735411 61.097176
v 87.991882 8.763336 63.883198
v 85.406708 8.063173 63.883198
v 85.406708 8.063173 64.334740
v 85.500977 5.454830 69.482613
v 85.661720 -1.832141 66.577393
v 84.231056 -1.735411 64.778893
v 90.371460 -1.785228 62.620056
v 87.636932 -1.819172 66.816147
v 86.708832 5.557966 64.334740
v 85.500977 5.454830 63.738792
v 90.303635 5.849978 61.599213
v 87.969276 5.580424 62.856903
v 87.582680 1.651882 66.748367
v 84.166191 1.328083 64.963364
v 90.332870 1.644582 69.643135
v 85.585442 1.280721 36.542351
v 96.802834 5.944232 39.871048
v 93.520905 6.694357 51.360001
v 101.375580 6.729906 32.355206
v 99.524849 6.505342 35.619808
v 104.854843 10.000186 32.355206
v 99.524849 6.505342 32.442513
v 99.573578 -0.695078 35.606068
v 104.825943 -3.776411 38.599689
v 109.774811 -1.095767 38.669674
v 109.946030 6.904428 45.159626
v 91.617035 6.142714 48.282234
v 96.583420 9.200040 45.159626
v 91.617035 6.142714 47.983871
v 96.515030 -4.837753 44.823242
v 91.557777 -0.987251 51.136543
v 101.585114 -2.043544 45.159626
v 91.617035 6.142714 -44.823242
v 91.557777 -0.987255 -47.649792
v 88.423119 -5.435721 -54.945850
v 90.519272 -7.093925 -51.482304
v 85.087540 -7.381322 -54.379314
v 82.106247 -10.173796 -56.003315
v 87.456139 -8.793501 -57.093704
v 84.635384 -10.237124 -57.093704
v 84.635384 -10.237124 -56.020603
v 83.302002 -8.292826 -50.247486
v 90.759186 8.125896 -57.749298
v 89.714310 9.371418 -57.939819
v 90.325478 -5.785800 -62.025253
v 87.708565 -5.645610 -65.167030
v 85.152565 -5.514633 -65.167030
v 85.152565 -5.514633 -65.662003
v 85.006592 -2.512660 -66.021988
v 84.934532 1.846666 -65.547958
v 85.084923 4.741584 -45.159630
v 91.617035 6.142711 -62.366341
v 87.633537 -2.242401 -64.525185
v 90.368042 -2.208457 -65.662003
v 85.006592 -2.512660 -68.310646
v 86.241722 -2.609389 -60.727310
v 93.951408 -1.717920 -58.530251
v 90.488571 -1.876849 -62.429913
v 87.489113 5.147339 -64.454781
v 90.170807 5.296350 -65.547958
v 85.084923 4.741584 -68.226364
v 86.261208 4.777491 -60.455978
v 93.531158 6.026495 -58.285454
v 90.179733 5.680830 -68.720833
v 86.142654 1.799302 -64.803261
v 90.311081 1.956051 -66.021988
v 84.934532 1.846666 -62.696819
v 87.560905 1.963352 -61.088066
v 94.013992 1.914876 -58.706196
v 90.390228 1.780104 -66.748367
v 84.166191 1.328083 -66.577393
v 84.231056 -1.735411 -61.097176
v 87.991882 8.763337 -63.883194
v 85.406708 8.063173 -63.883194
v 85.406708 8.063173 -64.334740
v 85.500977 5.454829 -69.482613
v 85.661720 -1.832141 -64.778893
v 90.371460 -1.785229 -66.577393
v 84.231056 -1.735411 -62.620056
v 87.636932 -1.819172 -66.816154
v 86.708832 5.557967 -63.738789
v 90.303635 5.849979 -64.334740
v 85.500977 5.454829 -61.599220
v 87.969276 5.580424 -62.856903
v 87.582680 1.651882 -64.963364
v 90.332870 1.644582 -66.748367
v 84.166191 1.328083 -69.643135
v 85.585442 1.280719 -36.542355
v 96.802834 5.944230 -39.871048
v 93.520905 6.694355 -51.360004
v 101.375580 6.729909 -32.355209
v 99.524849 6.505338 -35.619808
v 104.854828 10.000187 -32.355209
v 99.524849 6.505338 -32.442513
v 99.573578 -0.695080 -35.606064
v 104.825943 -3.776411 -38.599686
v 109.774811 -1.095766 -38.669678
v 109.946030 6.904429 -45.159630
v 91.617035 6.142711 -48.282234
v 96.583420 9.200040 -45.159630
v 91.617035 6.142711 -47.983871
v 96.515045 -4.837754 -44.823242
v 91.557777 -0.987255 -51.136543
v 101.585114 -2.043541 -45.159630
v 91.617035 6.142711 0.052477
v 121.564400 -0.249816 17.077183
v 120.449989 -0.576053 17.589676
v 122.226883 4.090421 -0.000000
v 114.803368 -8.785608 0.000000
v 104.184296 -11.123190 -0.000000
v 95.764290 -11.945772 5.492017
v 95.763351 -10.291737 0.000000
v 89.700630 -12.158884 5.375005
v 89.715233 -10.720848 0.000000
v 83.914116 -12.462765 6.222687
v 84.044754 -11.860235 9.791372
v 105.643845 -9.494442 10.783332
v 116.024162 -7.483596 13.433983
v 115.155838 -5.188793 10.312991
v 95.764397 -7.034595 10.327048
v 89.718399 -7.232831 11.976113
v 83.997749 -8.332146 7.672711
v 112.377380 14.615776 5.932851
v 103.693993 13.793007 -0.000001
v 103.005188 13.569427 4.834511
v 90.098633 12.450678 -0.000000
v 90.100891 12.746609 5.790916
v 85.155006 15.646738 -0.000000
v 85.165565 16.017805 12.042706
v 118.373909 11.549515 17.003775
v 120.802078 8.730432 11.967638
v 113.244896 12.776781 14.890062
v 107.030289 4.319469 15.190370
v 114.442650 -4.072906 15.510655
v 114.678154 12.033171 13.771781
v 108.005188 -5.334146 15.377392
v 96.911705 4.364080 11.219092
v 106.494354 12.856554 12.796081
v 95.763741 -2.503909 13.690302
v 95.761230 3.419211 10.474937
v 95.739502 9.878517 13.506493
v 89.719269 -2.790913 14.039441
v 89.717400 3.530833 10.894743
v 90.098503 9.857645 15.835957
v 84.179413 -3.899861 17.179096
v 84.411400 3.751899 13.300756
v 85.050903 11.739885 4.990493
v 95.560196 11.900444 -0.000001
v 95.558372 12.515333 14.867447
v 108.752396 8.511974 14.549845
v 108.297012 -1.361283 7.930338
v 76.548172 -13.664570 14.547774
v 76.705467 -10.128799 6.664364
v 78.618134 17.844397 0.000000
v 78.710533 19.391123 18.946476
v 77.164375 -4.023128 20.815823
v 77.810669 4.275814 15.031872
v 78.400696 13.322418 12.885406
v 54.156231 -17.878990 20.872057
v 54.536636 -12.551046 11.159100
v 55.202950 24.499474 0.000000
v 55.142471 28.271004 26.557329
v 54.318932 -4.549982 29.129225
v 54.562748 4.754908 22.703918
v 54.895210 17.029915 14.527264
v 46.861519 -18.751383 22.670923
v 46.848450 -13.439974 12.503267
v 47.565224 26.422417 0.000001
v 47.700905 30.394096 28.557661
v 47.005474 -4.898486 31.329304
v 47.185860 5.066375 24.729393
v 47.412720 18.135954 18.757507
v 24.968109 -21.521221 27.912380
v 25.378731 -15.083202 16.791302
v 25.023361 31.826477 0.000001
v 24.680740 36.468430 34.341930
v 25.813072 -6.093904 36.835590
v 26.094498 5.340592 30.594593
v 25.937931 20.925236 10.250680
v 65.644661 -16.071100 17.988474
v 66.048370 -11.429516 22.963030
v 65.986443 -4.379900 25.308620
v 66.322021 4.794468 0.000000
v 66.950607 24.081158 8.952917
v 66.898254 21.584339 19.419167
v 66.729584 15.261669 -431602080.000000
v -431602080.000000 -431602080.000000 0.000000
v 123.172791 2.938614 -0.000001
v 112.377380 15.018824 0.000001
v 118.845856 14.396034 7.672711
v 118.845856 13.992987 14.479311
v 122.340942 8.287724 -0.000000
v 122.202011 -2.804042 -0.000000
v 126.774002 8.181259 -0.000001
v 133.220993 6.875771 0.000002
v 128.725998 -3.807341 20.903646
v 107.147011 0.097628 20.847549
v 107.012421 7.013911 23.544342
v 111.303970 9.739809 23.831249
v 111.622025 -2.814028 26.166748
v 115.728004 0.264829 26.184151
v 115.865982 7.207417 5.519370
v 123.341003 -0.287932 5.644119
v 125.978996 5.144211 28.039448
v 103.616989 6.144800 28.232849
v 103.764000 0.468934 33.137047
v 111.676994 6.044692 30.670448
v 107.721008 -1.842299 41.267120
v 95.385109 5.465003 43.876118
v 99.435349 8.030789 41.072639
v 95.380051 -0.244224 46.325668
v 103.151031 5.893897 43.650620
v 99.383781 -3.162577 32.970749
v 111.516998 0.175516 46.115227
v 103.312088 -0.923618 29.871952
v 108.091988 8.632070 30.468048
v 102.177010 5.725017 35.256149
v 110.276001 6.032034 33.851254
v 105.701004 8.413519 31.771551
v 106.961990 8.656680 35.131950
v 110.077995 0.107726 32.968849
v 106.254990 -1.954430 30.569246
v 102.282997 0.415960 16.655859
v 109.434990 7.391726 18.071747
v 114.256332 9.937014 16.634809
v 109.782654 0.058625 18.382927
v 114.419006 -2.300460 21.555948
v 118.716843 7.313625 21.422350
v 118.680557 0.616111 5.446850
v 132.238007 4.085741 4.901241
v 130.072998 -1.004879 35.612347
v 98.507599 -0.413647 38.209057
v 102.814011 -3.251250 40.890545
v 106.899002 -0.882905 40.991150
v 106.862000 6.128680 38.138832
v 102.794975 8.740549 35.588245
v 98.507301 5.739232 45.882759
v 92.817688 5.221770 48.243637
v 97.183975 7.533300 48.018066
v 96.520889 -3.080151 45.628429
v 92.772888 -0.168931 50.401676
v 100.354179 -0.967553 50.570625
v 100.195770 5.665726 -0.000001
v 81.033607 -9.663349 0.000000
v 80.826447 12.054598 0.000000
v 75.506508 -7.111930 -0.000000
v 74.764008 0.659287 0.000000
v 76.255104 7.006248 7.529558
v 81.113609 -8.696178 14.955479
v 80.908348 -0.007636 12.395730
v 81.331657 -6.073658 8.890371
v 80.975151 11.431698 14.036876
v 80.999939 6.511708 9.779017
v 22.092712 -2.668409 9.783208
v 21.935539 11.742411 20.712248
v 22.094410 4.781159 7.254458
v 22.091614 3.989360 19.161751
v 22.093712 -2.289710 17.201248
v 22.093609 10.735500 1.371539
v 74.610397 0.715346 2.426629
v 75.596916 -6.607230 17.765015
v 65.843285 2.946150 9.690080
v 65.818176 -9.506138 3.904545
v 65.492088 -6.273659 2.445714
v 65.235855 1.587730 10.413549
v 77.637306 9.590460 15.691999
v 65.954086 -6.129109 5.815912
v 53.147717 -5.515388 4.802079
v 48.839409 2.337630 7.105938
v 50.121704 9.160008 13.619946
v 50.413204 8.973979 15.854499
v 54.045330 -5.018223 17.827045
v 50.164009 2.996639 4.994217
v 65.593307 9.777409 12.619285
v 65.843781 9.630838 11.408548
v 50.064209 -7.595941 6.158818
v 49.576508 -5.242726 16.123047
v 50.761803 -4.790636 11.768849
v 46.406208 -6.410520 16.484749
v 47.475307 -3.579279 6.905789
v 46.646812 -4.350500 20.219347
v 39.115211 4.019917 15.545649
v 39.438499 10.935099 7.938668
v 39.078907 11.214697 4.905809
v 37.495209 3.546659 3.144580
v 74.703110 9.393080 10.972451
v 54.012745 -7.906889 17.640747
v 52.946709 2.939449 13.286448
v 52.648205 8.932128 6.888628
v 52.214603 9.095478 4.385448
v 51.866104 2.320639 14.499247
v 22.093208 -4.422550 8.044990
v 77.879005 -8.886038 13.345047
v 79.907608 -6.079220 1.860681
v 77.910202 11.236300 14.445219
v 79.977997 6.020409 22.130495
v 118.581688 -0.453073 22.433441
v 118.923157 8.541514 19.761099
v 113.130310 11.892948 17.536919
v 107.802856 7.836916 17.181934
v 106.482788 3.645949 19.905838
v 113.492722 -3.960969 17.896276
v 107.571060 -1.111552 32.435421
v 113.655586 -0.736233 32.471569
v 114.171455 8.671398 28.920910
v 108.843727 11.747391 25.317471
v 103.221809 8.022869 24.670246
v 101.499146 3.586986 29.678623
v 108.838066 -4.674146 25.593689
v 102.521889 -1.444338 14.081779
v 122.963478 4.130283 22.689779
v 120.141937 4.015481 33.070564
v 115.055832 3.690754 0.000000
v 130.566010 15.932199 6.771637
v 131.768555 13.594181 14.965971
v 132.308746 9.121377 16.303225
v 131.872009 2.931787 15.798754
v 130.560364 -3.130332 11.189485
v 127.842377 -7.640333 5.444921
v 126.780823 -10.420845 -0.000001
v 109.723785 15.287125 8.738543
v 116.215668 16.616774 16.066357
v 121.355354 8.673194 17.127653
v 122.351639 3.978812 17.121616
v 120.559898 -2.179583 13.170283
v 116.628662 -6.972400 7.460573
v 114.769165 -10.614433 0.000001
v 122.502731 15.930609 8.991725
v 125.435326 13.346056 14.581999
v 127.345428 9.024796 15.974216
v 127.139069 3.571108 14.893276
v 125.136086 -3.406808 10.881092
v 122.857430 -6.946002 5.581767
v 121.393661 -9.715302 -0.000001
v 115.818474 18.750305 9.830420
v 120.970657 14.701733 16.232281
v 123.870918 9.179612 17.397690
v 124.966316 3.731678 16.304873
v 122.625122 -2.316108 13.021051
v 120.108383 -8.028793 7.520409
v 119.210037 -11.464428 12.271383
v 116.498001 13.836386 0.000001
v 126.176468 -13.016920 -0.000000
v 120.796616 -10.255112 -0.000000
v 117.515198 -11.323505 -0.000000
v 112.549591 -10.447805 -0.000000
v 97.473969 -13.105906 6.230100
v 97.303360 -11.967215 11.661410
v 97.101257 -9.625692 13.936343
v 96.806572 -3.917998 11.165722
v 97.076698 12.518850 5.314873
v 96.579262 15.010958 -0.000001
v 97.026184 15.319864 12.804044
v 101.422539 -4.502792 13.969234
v 101.243523 4.342373 10.378544
v 101.269447 12.697529 16.550951
v 36.984745 -20.035545 25.148933
v 36.986843 -14.039196 31.295603
v 36.987915 -5.572434 34.003418
v 36.989464 5.199549 27.589113
v 36.985214 19.737013 14.594514
v 36.985825 29.283470 0.000001
v 36.984444 33.240097 12.537874
v 89.732246 -0.101302 10.207214
v 89.734200 -5.635545 5.500113
v 89.733192 -8.028076 7.015572
v 89.732552 10.334625 11.701484
v 89.732666 5.846113 -0.000000
v 89.732819 -8.910427 -0.000000
v 89.731865 10.902901 -13.662755
v 121.567741 -0.245180 -17.077179
v 120.452011 -0.573692 -17.589674
v 122.226196 4.093828 -5.492016
v 95.763351 -10.291737 -5.375004
v 89.715233 -10.720848 -6.222687
v 84.044754 -11.860233 -9.791370
v 105.643845 -9.494444 -10.783329
v 116.026176 -7.483890 -13.433983
v 115.160561 -5.189825 -10.312988
v 95.764397 -7.034595 -10.327043
v 89.718399 -7.232831 -11.976110
v 83.997749 -8.332148 -7.672712
v 112.377380 14.615774 -5.932850
v 103.693993 13.793007 -4.834511
v 90.098633 12.450674 -5.790916
v 85.155006 15.646736 -12.042706
v 118.363815 11.551371 -17.003773
v 120.798691 8.732975 -11.967640
v 113.234413 12.772633 -14.890060
v 107.030289 4.319481 -15.190367
v 114.446709 -4.074105 -15.510653
v 114.672829 12.032141 -13.771781
v 108.005188 -5.334141 -15.377395
v 96.911705 4.364081 -11.219091
v 106.494354 12.856552 -12.796078
v 95.763741 -2.503910 -13.690300
v 95.761230 3.419212 -10.474936
v 95.739502 9.878515 -13.506490
v 89.719269 -2.790914 -14.039439
v 89.717400 3.530838 -10.894740
v 90.098518 9.857645 -15.835953
v 84.179420 -3.899865 -17.179096
v 84.411407 3.751899 -13.300755
v 85.050903 11.739885 -4.990494
v 95.560196 11.900444 -14.867445
v 108.752403 8.511986 -14.549843
v 108.297005 -1.361274 -7.930336
v 76.548180 -13.664570 -14.547772
v 76.705475 -10.128801 -6.664364
v 78.618134 17.844395 -18.946476
v 77.164375 -4.023126 -20.815821
v 77.810677 4.275812 -15.031870
v 78.400703 13.322416 -12.885406
v 54.156239 -17.878988 -20.872055
v 54.536640 -12.551046 -11.159100
v 55.202946 24.499470 -26.557329
v 54.318935 -4.549982 -29.129227
v 54.562756 4.754910 -22.703918
v 54.895214 17.029915 -14.527260
v 46.861519 -18.751381 -22.670921
v 46.848450 -13.439972 -12.503266
v 47.565228 26.422411 -28.557661
v 47.005474 -4.898484 -31.329306
v 47.185867 5.066375 -24.729391
v 47.412724 18.135952 -18.757505
v 24.968113 -21.521219 -27.912380
v 25.378731 -15.083202 -16.791300
v 25.023365 31.826471 -34.341923
v 25.813072 -6.093903 -36.835587
v 26.094505 5.340590 -30.594597
v 25.937943 20.925234 -10.250680
v 65.644661 -16.071100 -17.988470
v 66.048370 -11.429516 -22.963024
v 65.986443 -4.379901 -25.308620
v 66.322029 4.794467 -8.952915
v 66.898254 21.584335 -19.419165
v 66.729584 15.261667 -7.672710
v 118.845856 13.992983 -14.479309
v 122.335228 8.293326 -20.903645
v 107.147003 0.097642 -20.847549
v 107.012001 7.013089 -23.544350
v 111.304008 9.739809 -23.831245
v 111.621994 -2.814028 -26.166748
v 115.727997 0.264813 -26.184147
v 115.865997 7.207399 -5.519370
v 123.341003 -0.287932 -5.644119
v 125.978996 5.144211 -28.039448
v 103.616997 6.144810 -28.232843
v 103.763992 0.468945 -33.137047
v 111.677010 6.044680 -30.670448
v 107.720993 -1.842300 -41.267117
v 95.385109 5.465001 -43.876122
v 99.435356 8.030788 -41.072628
v 95.380051 -0.244226 -46.325668
v 103.151031 5.893897 -43.650570
v 99.383713 -3.162575 -32.970745
v 111.516998 0.175503 -46.115219
v 103.312088 -0.923616 -29.871946
v 108.092003 8.632068 -30.468044
v 102.177010 5.725019 -35.256142
v 110.276001 6.032030 -33.851250
v 105.701004 8.413519 -31.771547
v 106.961990 8.656679 -35.131939
v 110.077995 0.107724 -32.968845
v 106.254990 -1.954430 -30.569246
v 102.282990 0.415961 -16.655861
v 109.432373 7.387939 -18.071745
v 114.254997 9.936697 -16.634811
v 109.784309 0.055032 -18.382912
v 114.419983 -2.300729 -21.555948
v 118.715996 7.314269 -21.422348
v 118.681000 0.616744 -5.446850
v 132.237991 4.085742 -4.901238
v 130.072998 -1.004880 -35.612343
v 98.507599 -0.413650 -38.209042
v 102.814003 -3.251249 -40.890541
v 106.899002 -0.882903 -40.991146
v 106.862000 6.128680 -38.138851
v 102.795006 8.740549 -35.588245
v 98.507301 5.739229 -45.882755
v 92.817688 5.221766 -48.243637
v 97.183960 7.533300 -48.018059
v 96.520889 -3.080150 -45.628426
v 92.772888 -0.168933 -50.401672
v 100.354179 -0.967551 -50.570625
v 100.195763 5.665727 -7.529560
v 81.113609 -8.696180 -14.955477
v 80.908356 -0.007627 -12.395729
v 81.331657 -6.073658 -8.890368
v 80.975151 11.431698 -14.036874
v 80.999947 6.511709 -9.779018
v 22.092712 -2.668411 -9.783208
v 21.935539 11.742409 -20.712244
v 22.094414 4.781159 -7.254459
v 22.091614 3.989361 -19.161747
v 22.093716 -2.289709 -17.201246
v 22.093613 10.735498 -1.371540
v 74.610405 0.715350 -2.426630
v 75.596916 -6.607231 -17.765011
v 65.843285 2.946151 -9.690078
v 65.818176 -9.506138 -3.904543
v 65.492088 -6.273659 -2.445714
v 65.235855 1.587733 -10.413548
v 77.637306 9.590458 -15.691999
v 65.954094 -6.129108 -5.815913
v 53.147717 -5.515388 -4.802079
v 48.839409 2.337631 -7.105938
v 50.121708 9.160008 -13.619946
v 50.413208 8.973976 -15.854498
v 54.045334 -5.018222 -17.827044
v 50.164013 2.996641 -4.994216
v 65.593300 9.777409 -12.619284
v 65.843781 9.630836 -11.408547
v 50.064213 -7.595939 -6.158818
v 49.576515 -5.242727 -16.123047
v 50.761810 -4.790635 -11.768847
v 46.406212 -6.410519 -16.484747
v 47.475315 -3.579279 -6.905789
v 46.646816 -4.350500 -20.219343
v 39.115211 4.019921 -15.545648
v 39.438507 10.935095 -7.938669
v 39.078911 11.214695 -4.905809
v 37.495213 3.546660 -3.144579
v 74.703110 9.393078 -10.972449
v 54.012753 -7.906888 -17.640745
v 52.946716 2.939450 -13.286447
v 52.648205 8.932128 -6.888628
v 52.214600 9.095478 -4.385448
v 51.866112 2.320641 -14.499247
v 22.093216 -4.422550 -8.044991
v 77.879005 -8.886038 -13.345048
v 79.907608 -6.079219 -1.860681
v 77.910210 11.236296 -14.445216
v 79.978004 6.020410 -22.130491
v 118.582329 -0.452429 -22.433435
v 118.922089 8.542233 -19.761095
v 113.128593 11.892500 -17.536917
v 107.801918 7.835404 -17.181934
v 106.482536 3.642901 -19.905834
v 113.493416 -3.961174 -17.896276
v 107.571472 -1.112382 -32.435417
v 113.655571 -0.736254 -32.471561
v 114.171478 8.671375 -28.920906
v 108.843758 11.747389 -25.317471
v 103.221832 8.022886 -24.670246
v 101.499153 3.587010 -29.678621
v 108.838036 -4.674148 -25.593685
v 102.521873 -1.444317 -14.081776
v 122.962173 4.136423 -22.689779
v 120.141739 4.016433 -33.070560
v 115.055832 3.690727 -6.771637
v 131.768555 13.594181 -14.965967
v 132.305115 9.130049 -16.303223
v 131.871979 2.940387 -15.798749
v 130.563904 -3.122525 -11.189479
v 127.846474 -7.636527 -5.444916
v 126.780823 -10.420843 -8.738540
v 116.215668 16.616772 -16.066353
v 121.349220 8.678172 -17.127653
v 122.350487 3.985044 -17.121614
v 120.565292 -2.175154 -13.170281
v 116.634430 -6.972649 -7.460575
v 114.769165 -10.614428 -8.991723
v 125.435326 13.346054 -14.581997
v 127.341858 9.030668 -15.974213
v 127.138672 3.577042 -14.893272
v 125.139771 -3.402123 -10.881088
v 122.861267 -6.944063 -5.581768
v 121.393661 -9.715300 -9.830417
v 120.970657 14.701733 -16.232279
v 123.864258 9.187160 -17.397688
v 124.965431 3.740608 -16.304869
v 122.630653 -2.309789 -13.021048
v 120.114761 -8.027134 -7.520409
v 119.210037 -11.464428 -12.271379
v 116.491608 13.835949 -6.230098
v 97.303360 -11.967215 -11.661408
v 97.101257 -9.625690 -13.936341
v 96.806572 -3.917999 -11.165718
v 97.076698 12.518847 -5.314872
v 96.579262 15.010958 -12.804043
v 101.422539 -4.502792 -13.969233
v 101.243523 4.342373 -10.378543
v 101.269447 12.697527 -16.550947
v 36.984749 -20.035543 -25.148928
v 36.986847 -14.039194 -31.295603
v 36.987919 -5.572431 -34.003418
v 36.989471 5.199547 -27.589113
v 36.985218 19.737013 -14.594511
v 36.985821 29.283464 -12.537872
v 89.732246 -0.101300 -10.207211
v 89.734200 -5.635543 -5.500112
v 89.733192 -8.028074 -7.015573
v 89.732552 10.334625 -11.701481
v 89.732666 5.846112 17.589676
v 122.226883 4.090421 14.890062
v 107.030289 4.319469 15.377392
v 96.911705 4.364080 13.690302
v 95.761230 3.419211 14.039441
v 89.717400 3.530833 17.179096
v 84.411400 3.751899 20.815823
v 77.810669 4.275814 29.129225
v 54.562748 4.754908 31.329304
v 47.185860 5.066375 34.003418
v 36.989464 5.199549 25.308620
v 66.322021 4.794468 28.039448
v 103.616989 6.144800 20.847549
v 107.012421 7.013911 41.267120
v 95.385109 5.465003 35.588245
v 98.507301 5.739232 30.468048
v 102.177010 5.725017 16.655859
v 109.434990 7.391726 45.882759
v 92.817688 5.221770 1.371539
v 74.610397 0.715346 4.385448
v 51.866104 2.320639 4.802079
v 48.839409 2.337630 4.905809
v 37.495209 3.546659 2.445714
v 65.235855 1.587730 7.254458
v 22.091614 3.989360 -0.000000
v 74.764008 0.659287 17.589676
v 122.226883 4.090421 17.077183
v 120.449989 -0.576053 17.003775
v 120.802078 8.730432 15.510655
v 114.678154 12.033171 14.890062
v 107.030289 4.319469 14.867447
v 108.752396 8.511974 15.190370
v 114.442650 -4.072906 17.181934
v 106.482788 3.645949 14.549845
v 108.297012 -1.361283 14.890062
v 107.030289 4.319469 24.670246
v 101.499146 3.586986 14.081779
v 122.963478 4.130283 15.974216
v 127.139069 3.571108 17.397690
v 124.966316 3.731678 6.771637
v 131.768555 13.594181 0.000000
v 130.566010 15.932199 14.965971
v 132.308746 9.121377 16.303225
v 131.872009 2.931787 15.798754
v 130.560364 -3.130332 16.303225
v 131.872009 2.931787 11.189485
v 127.842377 -7.640333 5.444921
v 126.780823 -10.420845 17.127653
v 122.351639 3.978812 0.000001
v 126.176468 -13.016920 13.969234
v 101.243523 4.342373 36.835590
v 26.094498 5.340592 0.000000
v 80.826447 12.054598 -0.000000
v 97.473969 -13.105906 0.000000
v 104.184296 -11.123190 -0.000000
v 95.764290 -11.945772 0.000000
v 89.700630 -12.158884 0.000000
v 83.914116 -12.462765 -0.000000
v 114.803368 -8.785608 -0.000000
v 85.165565 16.017805 -0.000000
v 90.100891 12.746609 -17.589674
v 122.226196 4.093828 -14.890060
v 107.030289 4.319481 -13.690300
v 95.761230 3.419212 -15.377395
v 96.911705 4.364081 -14.039439
v 89.717400 3.530838 -17.179096
v 84.411407 3.751899 -0.000001
v 103.005188 13.569427 -0.000001
v 95.558372 12.515333 0.000000
v 78.710533 19.391123 -20.815821
v 77.810677 4.275812 0.000000
v 55.142471 28.271004 0.000000
v 66.950607 24.081158 -29.129227
v 54.562756 4.754910 0.000001
v 47.700905 30.394096 -31.329306
v 47.185867 5.066375 0.000001
v 36.984444 33.240097 -34.003418
v 36.989471 5.199547 -25.308620
v 66.322029 4.794467 -0.000001
v 112.377380 15.018824 0.000001
v 118.845856 14.396034 -20.847549
v 107.012001 7.013089 -28.039448
v 103.616997 6.144810 -35.588245
v 98.507301 5.739229 -41.267117
v 95.385109 5.465001 -30.468044
v 102.177010 5.725019 -16.655861
v 109.432373 7.387939 -0.000000
v 126.774002 8.181259 -0.000001
v 133.220993 6.875771 0.000002
v 128.725998 -3.807341 -0.000000
v 122.202011 -2.804042 -45.882755
v 92.817688 5.221766 -0.000000
v 74.764008 0.659287 0.000000
v 76.255104 7.006248 -1.371540
v 74.610405 0.715350 -4.385448
v 51.866112 2.320641 -4.802079
v 48.839409 2.337631 -4.905809
v 37.495213 3.546660 -2.445714
v 65.235855 1.587733 -7.254459
v 22.091614 3.989361 0.000000
v 75.506508 -7.111930 -0.000000
v 74.764008 0.659287 -0.000001
v 81.033607 -9.663349 0.000000
v 80.826447 12.054598 -17.589674
v 122.226196 4.093828 -17.077179
v 120.452011 -0.573692 -17.003773
v 120.798691 8.732975 -15.510653
v 114.672829 12.032141 -14.890060
v 107.030289 4.319481 -14.867445
v 108.752403 8.511986 -15.190367
v 114.446709 -4.074105 -17.181934
v 106.482536 3.642901 -14.549843
v 108.297005 -1.361274 -14.890060
v 107.030289 4.319481 -24.670246
v 101.499153 3.587010 -14.081776
v 122.962173 4.136423 0.000000
v 123.172791 2.938614 0.000000
v 130.566010 15.932199 0.000001
v 122.502731 15.930609 -0.000001
v 115.818474 18.750305 -15.974213
v 127.138672 3.577042 -17.397688
v 124.965431 3.740608 -6.771637
v 131.768555 13.594181 0.000000
v 130.566010 15.932199 -14.965967
v 132.305115 9.130049 -16.303223
v 131.871979 2.940387 -15.798749
v 130.563904 -3.122525 -16.303223
v 131.871979 2.940387 -11.189479
v 127.846474 -7.636527 -5.444916
v 126.780823 -10.420843 -0.000001
v 109.723785 15.287125 -17.127653
v 122.350487 3.985044 0.000001
v 126.176468 -13.016920 0.000001
v 126.176468 -13.016920 -0.000000
v 120.796616 -10.255112 -0.000000
v 117.515198 -11.323505 -0.000000
v 112.549591 -10.447805 -0.000001
v 97.026184 15.319864 -13.969233
v 101.243523 4.342373 -36.835587
v 26.094505 5.340590 0.000001
v 24.680740 36.468430 -0.000000
v 89.732819 -8.910427 -0.000000
v 89.731865 10.902901 0.000000
v 80.826447 12.054598 0.203217
v 163.046265 -8.501074 12.744269
v 166.812012 -20.246553 10.161271
v 175.942139 -12.857136 19.746191
v 164.418274 -15.939018 19.352381
v 170.997223 -13.420726 14.003988
v 158.015167 -19.991642 15.417158
v 151.222382 -18.805901 21.156536
v 146.772018 -11.949823 20.779631
v 157.125076 -15.744442 24.398046
v 156.170013 -6.420858 23.675339
v 165.289062 -0.974976 10.081310
v 179.490189 -5.453755 18.329008
v 174.284149 -3.956238 9.410460
v 159.211426 -23.552485 3.174488
v 169.526749 -23.520168 1.305918
v 179.110550 -12.113935 4.089421
v 160.383850 -23.779593 0.000000
v 181.230011 -5.547434 23.707008
v 154.759918 1.618368 23.348776
v 148.921417 -4.385882 20.819984
v 149.930389 -13.912965 17.712263
v 156.700684 -8.853312 12.760684
v 165.556824 -18.192177 19.372478
v 162.277817 -15.046015 -4.108238
v 166.630493 -22.051258 13.670673
v 160.286026 -13.078193 0.000003
v 162.982040 -15.881277 10.997177
v 152.672638 -22.074663 14.003987
v 151.556366 -19.332399 21.314087
v 138.026932 -7.040058 22.925867
v 143.312347 -5.791692 17.227701
v 146.897278 -16.292664 19.539251
v 143.299622 -11.399738 9.713984
v 149.052002 -20.159267 14.003988
v 147.201324 -17.666437 6.872565
v 153.536896 -22.204039 -23.175817
v 164.218155 -8.221952 -9.794039
v 164.427155 -19.297829 -8.030648
v 175.460388 -15.690426 -17.359112
v 165.654068 -16.948380 -18.800251
v 171.555634 -10.631985 -14.125189
v 156.265701 -20.087412 -15.205995
v 150.822830 -17.830093 -19.297596
v 148.154160 -13.202317 -17.960258
v 157.125092 -15.899595 -23.544462
v 156.170013 -7.151030 -23.675335
v 165.289047 -0.974994 -10.081310
v 179.490204 -5.453774 -18.329004
v 174.284119 -3.956242 -0.982501
v 161.465576 -23.450823 -6.623491
v 167.059692 -19.423389 -23.707006
v 154.759888 1.618352 -23.348774
v 148.921417 -5.117940 -17.586349
v 150.742691 -14.847300 -17.712259
v 156.700668 -8.853315 -18.756945
v 162.066895 -14.531078 -13.670672
v 160.286011 -13.078192 -19.728365
v 137.981262 -9.327804 -15.333400
v 144.567291 -13.853279 5.304162
v 153.550552 -22.415476 2.870039
v 153.773407 -22.686512 5.578223
v 147.503250 -21.022247 -8.985585
v 166.965271 -15.480609 -10.001345
v 173.138916 -12.479263 -12.984116
v 174.730896 -12.162304 -3.944924
v 178.855042 -19.491829 -22.978758
v 148.814240 -6.407069 -23.111961
v 157.976349 -12.566883 23.900667
v 148.726562 -5.414387 23.933008
v 148.434235 -9.324122 23.880676
v 156.374176 -11.738068 2.069664
v 176.306488 -17.802433 -5.404325
v 178.495102 -12.892920 -7.582779
v 162.457092 -15.002390 -12.214851
v 162.166260 -20.654341 -23.024525
v 148.397568 -10.018612 -21.288582
v 142.918945 -7.091950 -14.122367
v 172.786194 -17.817574 -16.299009
v 178.731628 -11.666170 -12.363602
v 174.852112 -11.498460 -16.409576
v 176.108978 -13.532749 -10.656823
v 177.640457 -7.208782 -21.294561
v 175.744766 -15.655715 -21.109688
v 163.189056 -16.125839 -23.627590
v 158.339920 -13.701462 -25.448301
v 150.603699 -9.738000 -19.483250
v 171.842682 -14.793386 -24.122787
v 166.399277 -13.068089 -25.920206
v 158.449371 -11.313325 14.440929
v 173.692352 -17.972891 19.544466
v 169.780212 -18.263084 18.426550
v 162.278091 -18.869461 24.119255
v 155.786331 -14.067116 22.756392
v 162.690704 -16.727888 7.211219
v 172.892075 -18.998655 18.252279
v 147.029938 1.344896 21.448654
v 146.827774 2.380121 19.794481
v 137.640076 0.812812 12.842568
v 122.726967 -7.059072 21.503971
v 139.088638 -3.130942 17.828365
v 129.723587 -4.646617 16.804493
v 129.070419 -1.282930 15.029141
v 131.737854 -7.188330 16.365786
v 140.468384 -6.936092 -18.252277
v 147.029938 1.344895 -21.448652
v 146.827774 2.380099 -19.322897
v 137.544937 0.831168 -11.794531
v 122.708511 -7.069742 -21.227753
v 139.045715 -3.173132 -17.020226
v 129.758774 -4.654692 -15.846617
v 129.096634 -1.297288 -14.609062
v 131.723389 -7.154703 -16.423386
v 140.516693 -6.989989 23.554775
v 147.520340 0.697470 25.085630
v 154.956146 0.434838 -23.576315
v 147.552567 0.660671 -24.828411
v 154.926804 0.356824 19.396551
v 141.783020 6.691489 -0.000001
v 133.221008 6.875761 22.359106
v 166.293015 10.617290 23.898352
v 155.826019 11.813091 21.783100
v 145.909012 12.712590 11.557497
v 175.208969 19.164690 10.271596
v 179.460388 8.253639 17.547556
v 174.659912 8.868149 15.871998
v 157.037018 24.516886 15.357398
v 168.139008 22.168652 -0.000002
v 157.815994 29.239096 -0.000004
v 169.607010 26.906492 -0.000003
v 178.079010 19.656994 -0.000003
v 181.748016 8.091734 13.979800
v 146.113007 23.704388 -0.000004
v 146.852997 28.301994 9.031060
v 136.854996 21.527987 15.925386
v 136.072998 13.403554 -0.000006
v 137.619003 25.265093 4.394310
v 131.929993 17.620291 4.169020
v 130.720016 13.652486 -0.000003
v 132.973999 20.380297 -0.000002
v 130.382004 11.688693 10.469301
v 135.483017 6.656057 4.394310
v 125.564003 19.351885 4.169020
v 124.269989 15.600185 -0.000000
v 126.625008 22.105690 -0.000001
v 123.919998 13.638490 6.362060
v 117.358002 16.976482 6.587350
v 118.972008 21.915588 0.000000
v 119.968018 24.758690 0.000000
v 116.951004 14.724689 5.232141
v 109.618004 20.030186 5.457430
v 110.764023 23.758587 -0.000000
v 111.526009 26.662491 0.000000
v 108.888016 17.980890 -0.000000
v 102.201004 24.616091 -19.396551
v 141.783005 6.691485 -22.359106
v 166.292984 10.617286 -23.898354
v 155.825989 11.813084 -21.783102
v 145.908997 12.712586 -11.557502
v 175.208954 19.164684 -10.271603
v 179.460388 8.253638 -17.547558
v 174.659897 8.868145 -15.872005
v 157.037018 24.516888 -15.357404
v 168.139008 22.168648 -13.979803
v 146.113007 23.704386 -9.031059
v 136.854996 21.527988 -15.925383
v 136.072998 13.403553 -4.394310
v 131.929993 17.620291 -4.169020
v 130.720016 13.652488 -10.469301
v 135.483017 6.656056 -4.394310
v 125.564003 19.351885 -4.169020
v 124.269997 15.600185 -6.362061
v 117.358009 16.976486 -6.587350
v 118.972000 21.915586 -5.232142
v 109.618019 20.030186 -5.457431
v 110.764023 23.758591 3.174486
v 168.699173 -22.252302 22.675940
v 165.272171 -12.424004 25.542923
v 156.301544 -9.987612 23.147911
v 163.527237 -15.599052 14.228422
v 172.548523 -17.312292 19.352381
v 170.997223 -13.420726 12.744269
v 166.812012 -20.246553 23.284555
v 163.046265 -8.501074 14.003988
v 158.015167 -19.991642 24.398046
v 156.170013 -6.420858 24.398046
v 156.170013 -6.420858 17.712263
v 156.700684 -8.853312 -17.359112
v 165.654068 -16.948380 -23.175817
v 164.218155 -8.221952 -10.081310
v 179.490204 -5.453774 -8.985585
v 166.965271 -15.480609 -17.960258
v 157.125092 -15.899595 -9.794039
v 164.427155 -19.297829 -4.108238
v 166.630493 -22.051258 -6.623491
v 167.059692 -19.423389 -7.582779
v 162.457092 -15.002390 -23.544462
v 156.170013 -7.151030 -17.712259
v 156.700668 -8.853315 -7.582779
v 162.457092 -15.002390 -10.001345
v 173.138916 -12.479263 -23.544462
v 156.170013 -7.151030 -7.582779
v 162.457092 -15.002390 -12.214851
v 162.166260 -20.654341 16.365786
v 140.468384 -6.936092 15.029141
v 131.737854 -7.188330 21.448654
v 146.827774 2.380121 19.794481
v 137.640076 0.812812 12.842568
v 122.726967 -7.059072 16.804493
v 129.070419 -1.282930 -14.609062
v 131.723389 -7.154703 -16.423386
v 140.516693 -6.989989 -21.448652
v 146.827774 2.380099 -19.322897
v 137.544937 0.831168 -11.794531
v 122.708511 -7.069742 -15.846617
v 129.096634 -1.297288 23.675339
v 165.289062 -0.974976 18.329008
v 174.284149 -3.956238 10.081310
v 179.490189 -5.453755 0.000000
v 181.230011 -5.547434 21.448654
v 146.827774 2.380121 23.707008
v 154.759918 1.618368 4.394310
v 131.929993 17.620291 4.169020
v 130.720016 13.652486 -0.000003
v 132.973999 20.380297 -0.000002
v 130.382004 11.688693 4.394310
v 125.564003 19.351885 4.169020
v 124.269989 15.600185 -0.000000
v 126.625008 22.105690 -0.000001
v 123.919998 13.638490 18.252279
v 147.029938 1.344896 -18.329004
v 174.284119 -3.956242 -23.675335
v 165.289047 -0.974994 -10.081310
v 179.490204 -5.453774 -21.448652
v 146.827774 2.380099 -23.707006
v 154.759888 1.618352 -4.394310
v 131.929993 17.620291 -4.169020
v 130.720016 13.652488 -4.394310
v 125.564003 19.351885 -4.169020
v 124.269997 15.600185 -18.252277
v 147.029938 1.344895 0.762353

vt 0.029384 0.499805
vt 0.029384 0.249707
vt 0.029384 -0.000390
vt 0.029384 -0.250488
vt 0.029384 -0.500586
vt 0.029384 -0.750683
vt 0.029384 -1.000781
vt 0.029384 -1.250878
vt 0.029384 -1.500976
vt 0.029384 -1.751074
vt 0.029384 1.000000
vt 0.029384 0.750000
vt 0.992188 0.500000
vt 0.992188 0.250000
vt 0.992188 0.000000
vt 0.992188 -0.250000
vt 0.992188 -0.500000
vt 0.992188 -0.750000
vt 0.992188 -1.000000
vt 0.992188 -1.250000
vt 0.992188 -1.500000
vt 0.992188 -1.750000
vt 0.992188 1.000000
vt 0.992188 -2.000000
vt 0.992188 -2.001171
vt 0.029384 1.000000
vt 0.000212 0.500215
vt -1.000218 0.562716
vt 0.000212 0.562716
vt -1.000218 0.625216
vt 0.000212 0.625216
vt -1.000218 0.687716
vt 0.000212 0.687717
vt -1.000218 0.750217
vt 0.000212 0.750217
vt -1.000218 0.812717
vt 0.000212 0.812717
vt -1.000218 0.875218
vt 0.000212 0.875218
vt -1.000218 0.937718
vt 0.000212 0.937718
vt -1.000218 1.000218
vt 0.000212 1.000219
vt -1.000218 0.062713
vt 0.000212 0.062713
vt -1.000218 0.125213
vt 0.000212 0.125213
vt -1.000218 0.187713
vt 0.000212 0.187714
vt -1.000218 0.250214
vt 0.000212 0.250214
vt -1.000218 0.312714
vt 0.000212 0.312714
vt -1.000218 0.375215
vt 0.000212 0.375215
vt -1.000218 0.437715
vt 0.000212 0.437715
vt -1.000218 0.500215
vt 0.000212 0.500216
vt -1.000218 0.562716
vt 0.000212 0.562716
vt -1.000218 0.625216
vt 0.000212 0.625216
vt -1.000218 0.687717
vt 0.000212 0.687717
vt -1.000218 0.750217
vt 0.000212 0.750217
vt -1.000218 0.812717
vt 0.000212 0.812717
vt -1.000218 0.875218
vt 0.000212 0.875218
vt -1.000218 0.937718
vt 0.000212 0.937718
vt -1.000218 1.000219
vt 0.000212 1.000219
vt -1.000218 0.062713
vt 0.000212 0.062713
vt -1.000218 0.125213
vt 0.000212 0.125213
vt -1.000218 0.187713
vt 0.000212 0.187714
vt -1.000218 0.250214
vt 0.000212 0.250214
vt -1.000218 0.312714
vt 0.000212 0.312714
vt -1.000218 0.375215
vt 0.000212 0.375215
vt -1.000218 0.437715
vt 0.000212 0.437715
vt -1.000218 0.000212
vt -1.000218 0.000212
vt 0.000212 0.000212
vt -1.000218 0.000212
vt 0.000212 1.000000
vt 0.000213 0.500215
vt -1.000218 0.562716
vt 0.000213 0.562716
vt -1.000218 0.625216
vt 0.000213 0.625216
vt -1.000218 0.687717
vt 0.000213 0.687717
vt -1.000218 0.750217
vt 0.000213 0.750217
vt -1.000218 0.812717
vt 0.000213 0.812718
vt -1.000218 0.875218
vt 0.000213 0.875218
vt -1.000218 0.937718
vt 0.000213 0.937718
vt -1.000218 1.000218
vt 0.000213 1.000219
vt -1.000218 0.062713
vt 0.000212 0.062713
vt -1.000218 0.125213
vt 0.000212 0.125213
vt -1.000218 0.187714
vt 0.000212 0.187714
vt -1.000218 0.250214
vt 0.000212 0.250214
vt -1.000218 0.312714
vt 0.000212 0.312714
vt -1.000218 0.375215
vt 0.000213 0.375215
vt -1.000218 0.437715
vt 0.000213 0.437715
vt -1.000218 0.500216
vt 0.000213 0.500216
vt -1.000218 0.562716
vt 0.000212 0.562716
vt -1.000218 0.625216
vt 0.000212 0.625216
vt -1.000218 0.687717
vt 0.000212 0.687717
vt -1.000218 0.750217
vt 0.000212 0.750217
vt -1.000218 0.812717
vt 0.000212 0.812717
vt -1.000218 0.875218
vt 0.000212 0.875218
vt -1.000218 0.937718
vt 0.000212 0.937718
vt -1.000218 1.000219
vt 0.000212 1.000219
vt -1.000218 0.062713
vt 0.000212 0.062713
vt -1.000218 0.125213
vt 0.000212 0.125213
vt -1.000218 0.187714
vt 0.000212 0.187714
vt -1.000218 0.250214
vt 0.000212 0.250214
vt -1.000218 0.312714
vt 0.000212 0.312714
vt -1.000218 0.375215
vt 0.000212 0.375215
vt -1.000218 0.437715
vt 0.000212 0.437715
vt -1.000218 0.000212
vt -1.000218 0.000212
vt 0.000212 0.000212
vt -1.000218 0.000212
vt 0.000212 1.000000
vt 0.000212 0.500215
vt -1.000218 0.562716
vt 0.000212 0.562716
vt -1.000218 0.625216
vt 0.000212 0.625216
vt -1.000218 0.687716
vt 0.000212 0.687716
vt -1.000218 0.750217
vt 0.000212 0.750217
vt -1.000218 0.812717
vt 0.000212 0.812717
vt -1.000218 0.875218
vt 0.000212 0.875218
vt -1.000218 0.937718
vt 0.000212 0.937718
vt -1.000218 1.000218
vt 0.000212 1.000218
vt -1.000218 0.062713
vt 0.000212 0.062713
vt -1.000218 0.125213
vt 0.000212 0.125213
vt -1.000218 0.187713
vt 0.000212 0.187713
vt -1.000218 0.250214
vt 0.000212 0.250214
vt -1.000218 0.312714
vt 0.000212 0.312714
vt -1.000218 0.375215
vt 0.000212 0.375215
vt -1.000218 0.437715
vt 0.000212 0.437715
vt -1.000218 0.500215
vt 0.000212 0.500215
vt -1.000218 0.562716
vt 0.000212 0.562716
vt -1.000218 0.625216
vt 0.000212 0.625216
vt -1.000218 0.687717
vt 0.000212 0.687717
vt -1.000218 0.750217
vt 0.000212 0.750217
vt -1.000218 0.812717
vt 0.000212 0.812717
vt -1.000218 0.875218
vt 0.000212 0.875218
vt -1.000218 0.937718
vt 0.000212 0.937718
vt -1.000218 1.000219
vt 0.000212 1.000218
vt -1.000218 0.062713
vt 0.000212 0.062713
vt -1.000219 0.125213
vt 0.000212 0.125213
vt -1.000218 0.187713
vt 0.000212 0.187714
vt -1.000218 0.250214
vt 0.000212 0.250214
vt -1.000218 0.312714
vt 0.000212 0.312714
vt -1.000218 0.375214
vt 0.000212 0.375215
vt -1.000218 0.437715
vt 0.000212 0.437715
vt -1.000218 0.000212
vt -1.000218 0.000212
vt 0.000212 0.000212
vt -1.000219 0.000212
vt 0.000212 1.000000
vt 0.751461 0.749242
vt 0.751461 1.001019
vt 0.999497 0.749242
vt 0.999497 1.000000
vt 0.751461 0.749242
vt 0.751461 1.001019
vt 0.999497 0.749242
vt 0.999497 1.000000
vt 0.751461 0.749242
vt 0.751461 1.001019
vt 0.999497 0.749242
vt 0.999497 1.000000
vt 0.751461 0.749242
vt 0.751461 1.001019
vt 0.999497 0.749242
vt 0.999497 1.000000
vt 0.751461 0.749242
vt 0.751461 1.001019
vt 0.999497 0.749242
vt 0.999497 1.000000
vt 0.751461 0.749242
vt 0.751461 1.001019
vt 0.999497 0.749242
vt 0.999497 1.000000
vt 0.232372 0.306002
vt 0.238624 0.430586
vt 0.364793 0.340883
vt 0.365758 0.452667
vt 0.503931 0.143611
vt 0.487675 0.128589
vt 0.640205 0.400912
vt 0.540982 0.433324
vt 0.428056 0.246595
vt 0.756174 0.022667
vt 0.687460 0.161947
vt 0.431200 0.423647
vt 0.314910 0.404916
vt 0.713159 0.500001
vt 0.528526 0.336083
vt 0.421055 0.373996
vt 0.764717 0.247614
vt 0.373853 0.042029
vt 0.499204 0.239668
vt 0.855405 0.359780
vt 0.882175 0.141164
vt 0.759763 0.143833
vt 0.534640 0.319477
vt 0.522644 0.189843
vt 0.664848 0.215569
vt 0.523660 0.239198
vt 0.423462 0.121177
vt 0.876415 0.237456
vt 0.944802 0.359183
vt 0.985184 0.337956
vt 0.731681 0.256466
vt 0.718335 0.500001
vt 0.498139 0.500001
vt 0.615419 0.500001
vt 0.564817 0.500001
vt 0.427745 0.500001
vt 0.767891 0.500001
vt 0.888781 0.500001
vt 0.360773 0.484058
vt 0.309444 0.500001
vt 0.989109 0.421184
vt 0.247518 0.241633
vt 0.041035 0.670618
vt 0.087873 0.229490
vt 0.081770 0.426388
vt 0.019632 0.400885
vt 0.179863 0.116385
vt 0.224142 0.094018
vt 0.329279 0.227964
vt 0.473880 0.325109
vt 0.473566 0.336054
vt 0.319464 0.049625
vt 0.785180 0.202400
vt 0.322420 0.500001
vt 0.694778 0.812958
vt 0.232372 0.693999
vt 0.238624 0.569416
vt 0.364793 0.659118
vt 0.365758 0.547334
vt 0.503931 0.856390
vt 0.487675 0.871412
vt 0.640205 0.599089
vt 0.540982 0.566677
vt 0.428056 0.753406
vt 0.756174 0.977334
vt 0.687460 0.838054
vt 0.431200 0.576354
vt 0.314910 0.595085
vt 0.713159 0.663918
vt 0.421055 0.626005
vt 0.764717 0.752387
vt 0.373853 0.957972
vt 0.499204 0.760333
vt 0.855405 0.640221
vt 0.882175 0.858837
vt 0.759763 0.856168
vt 0.534640 0.680524
vt 0.522644 0.810158
vt 0.664848 0.784432
vt 0.523660 0.760803
vt 0.423462 0.878824
vt 0.876415 0.762545
vt 0.944802 0.640818
vt 0.985184 0.662045
vt 0.731681 0.743535
vt 0.718335 0.241633
vt 0.041035 0.670618
vt 0.087873 0.229490
vt 0.081770 0.426388
vt 0.019632 0.400885
vt 0.179863 0.905983
vt 0.329279 0.772037
vt 0.473880 0.674892
vt 0.473566 0.663947
vt 0.319464 0.950376
vt 0.785180 0.797601
vt 0.322420 0.587004
vt 0.050722 0.582247
vt 0.222410 0.668427
vt 0.026637 0.786271
vt 0.036494 0.894150
vt 0.115641 0.893351
vt 0.085676 0.635992
vt 0.150819 0.777117
vt 0.151320 0.013506
vt 0.401670 0.578817
vt 0.247518 0.515943
vt 0.309444 0.587004
vt 0.050722 0.582247
vt 0.222410 0.668427
vt 0.026637 0.786271
vt 0.036494 0.894150
vt 0.115641 0.893351
vt 0.085676 0.635992
vt 0.150819 0.777117
vt 0.151320 0.986495
vt 0.401670 0.883616
vt 0.224142 1.000000
vt 0.532277 0.167143
vt 0.521928 0.309704
vt 0.521992 0.308154
vt 0.521920 0.504215
vt 0.532970 0.167233
vt 0.521970 0.643656
vt 0.585655 0.809327
vt 0.151076 0.949192
vt 0.226586 0.737968
vt 0.269841 0.863759
vt 0.350296 0.735705
vt 0.462053 0.739510
vt 0.271355 0.249568
vt 0.307801 0.117829
vt 0.316766 0.636916
vt 0.134721 0.809188
vt 0.151251 0.204690
vt 0.038210 0.105559
vt 0.041745 0.445395
vt 0.233506 0.105421
vt 0.041775 0.116697
vt 0.316937 0.205651
vt 0.038264 0.245799
vt 0.307357 0.634872
vt 0.135263 0.444436
vt 0.234876 0.828449
vt 0.878182 0.850404
vt 0.958279 0.969146
vt 0.953645 0.992740
vt 0.870482 0.831826
vt 0.808492 0.991801
vt 0.808290 0.995880
vt 0.079167 0.847215
vt 0.718882 0.343568
vt 0.038261 0.600087
vt 0.370867 0.598622
vt 0.370007 0.882567
vt 0.497362 0.995725
vt 0.450447 0.978814
vt 0.551215 0.798168
vt 0.434033 0.865870
vt 0.368628 0.844739
vt 0.739706 0.343994
vt 0.129457 0.810076
vt 0.620672 0.908489
vt 0.615633 0.764846
vt 0.531632 0.005808
vt 0.041760 0.001269
vt 0.316859 0.020833
vt 0.521948 0.950795
vt 0.377287 0.590305
vt 0.723086 0.832890
vt 0.723092 0.590253
vt 0.723086 0.401588
vt 0.723297 0.222375
vt 0.723135 0.006348
vt 0.722837 0.222398
vt 0.723131 0.401553
vt 0.723279 0.795833
vt 0.855744 0.575453
vt 0.855704 0.400251
vt 0.855745 0.575445
vt 0.855686 0.400253
vt 0.855799 0.239324
vt 0.855700 0.038381
vt 0.855679 0.239390
vt 0.855695 0.504765
vt 0.532277 0.167143
vt 0.521928 0.309704
vt 0.521992 0.308154
vt 0.521920 0.504215
vt 0.532970 0.167233
vt 0.521970 0.643656
vt 0.585655 0.809327
vt 0.151076 0.949192
vt 0.226586 0.737968
vt 0.269841 0.863759
vt 0.350296 0.735705
vt 0.462053 0.739510
vt 0.271355 0.249568
vt 0.307801 0.117829
vt 0.316766 0.636916
vt 0.134721 0.809188
vt 0.151251 0.204690
vt 0.038210 0.105559
vt 0.041745 0.445395
vt 0.233506 0.105421
vt 0.041775 0.116697
vt 0.316937 0.205651
vt 0.038264 0.245799
vt 0.307357 0.634872
vt 0.135263 0.444436
vt 0.234876 0.828449
vt 0.878182 0.850404
vt 0.958279 0.969146
vt 0.953645 0.992740
vt 0.870482 0.831826
vt 0.808492 0.991801
vt 0.808290 0.995880
vt 0.079167 0.847215
vt 0.718882 0.343568
vt 0.038261 0.600087
vt 0.370867 0.598622
vt 0.370007 0.882567
vt 0.497362 0.995725
vt 0.450447 0.978814
vt 0.551215 0.798168
vt 0.434033 0.865870
vt 0.368628 0.844739
vt 0.739706 0.343994
vt 0.129457 0.810076
vt 0.620672 0.908489
vt 0.615633 0.764846
vt 0.531632 0.005808
vt 0.041760 0.001269
vt 0.316859 0.020833
vt 0.521948 0.950795
vt 0.377287 0.590305
vt 0.723086 0.832890
vt 0.723092 0.590253
vt 0.723086 0.401588
vt 0.723297 0.222375
vt 0.723135 0.006348
vt 0.722837 0.222398
vt 0.723131 0.401553
vt 0.723279 0.795833
vt 0.855744 0.575453
vt 0.855704 0.400251
vt 0.855745 0.575445
vt 0.855686 0.400253
vt 0.855799 0.239324
vt 0.855700 0.038381
vt 0.855679 0.239390
vt 0.855695 0.843701
vt 0.013290 0.635827
vt 0.006165 0.493324
vt 0.038260 0.490868
vt 0.038198 0.634806
vt 0.006165 0.845035
vt 0.013290 0.908018
vt 0.993206 0.981852
vt 0.660609 0.984700
vt 0.724301 0.852100
vt 0.656124 0.884289
vt 0.623001 0.921381
vt 0.624191 0.983794
vt 0.745194 0.344069
vt 0.129396 0.345038
vt 0.039572 0.400299
vt 0.990928 0.239413
vt 0.990932 0.795847
vt 0.990906 0.575264
vt 0.990898 0.957640
vt 0.625353 0.239265
vt 0.990929 0.038382
vt 0.990931 0.038378
vt 0.990920 0.795827
vt 0.855688 0.795851
vt 0.990873 0.776434
vt 0.594011 0.567822
vt 0.593650 0.567808
vt 0.593579 0.776450
vt 0.594033 0.832906
vt 0.723148 0.401322
vt 0.593510 0.248534
vt 0.593972 0.054966
vt 0.593787 0.038382
vt 0.855701 0.054966
vt 0.593772 0.006349
vt 0.722890 0.248599
vt 0.593943 0.401343
vt 0.593455 0.575256
vt 0.990905 0.400268
vt 0.990932 0.843701
vt 0.013290 0.635827
vt 0.006165 0.493324
vt 0.038260 0.634806
vt 0.006165 0.490868
vt 0.038198 0.845035
vt 0.013290 0.908018
vt 0.993206 0.981852
vt 0.660609 0.852100
vt 0.656124 0.984700
vt 0.724301 0.884289
vt 0.623001 0.921381
vt 0.624191 0.983794
vt 0.745194 0.344069
vt 0.129396 0.345038
vt 0.039572 0.400299
vt 0.990928 0.239413
vt 0.990932 0.575264
vt 0.990898 0.795847
vt 0.990906 0.957640
vt 0.625353 0.239265
vt 0.990929 0.038382
vt 0.990931 0.038378
vt 0.990920 0.795827
vt 0.855688 0.795851
vt 0.990873 0.776434
vt 0.594011 0.567822
vt 0.593650 0.567808
vt 0.593579 0.832906
vt 0.723148 0.776450
vt 0.594033 0.401322
vt 0.593510 0.248534
vt 0.593972 0.054966
vt 0.593787 0.038382
vt 0.855701 0.054966
vt 0.593772 0.248599
vt 0.593943 0.006349
vt 0.722890 0.401343
vt 0.593455 0.575256
vt 0.990905 0.400268
vt 0.990932 1.000000
vt 0.036343 0.133246
vt 0.634996 0.640792
vt 0.635139 0.248088
vt 0.635190 0.524395
vt 0.635346 0.390983
vt 0.635225 0.673432
vt 0.553519 0.178978
vt 0.433262 0.807590
vt 0.324120 0.522442
vt 0.402411 0.818586
vt 0.424614 0.811896
vt 0.357477 0.895840
vt 0.457635 0.946914
vt 0.368916 0.143305
vt 0.570720 0.845099
vt 0.154786 0.879089
vt 0.272415 0.886216
vt 0.345378 0.859639
vt 0.423943 0.455812
vt 0.408068 0.580361
vt 0.525845 0.502423
vt 0.486689 0.662700
vt 0.378107 0.640546
vt 0.451851 0.708307
vt 0.158509 0.317407
vt 0.414394 0.060088
vt 0.563381 0.453447
vt 0.324313 0.508478
vt 0.320078 0.618907
vt 0.153681 0.304712
vt 0.320487 0.453660
vt 0.234439 0.468183
vt 0.186570 0.272947
vt 0.168824 0.293473
vt 0.217612 0.112218
vt 0.437336 0.385939
vt 0.411241 0.392814
vt 0.320980 0.402462
vt 0.225421 0.240465
vt 0.426183 0.243071
vt 0.330954 0.240038
vt 0.232375 0.711312
vt 0.227590 0.623481
vt 0.235413 0.415390
vt 0.177305 0.712696
vt 0.084595 0.622390
vt 0.096370 0.220360
vt 0.183537 0.160512
vt 0.281948 0.116990
vt 0.302692 0.121997
vt 0.370175 0.172540
vt 0.363326 0.616574
vt 0.164752 0.313812
vt 0.316884 0.521669
vt 0.165554 0.308046
vt 0.195180 0.376740
vt 0.313058 0.365050
vt 0.192155 0.224497
vt 0.345934 0.204524
vt 0.265090 0.620071
vt 0.224686 0.524435
vt 0.223428 0.640084
vt 0.082703 0.572815
vt 0.086184 0.037022
vt 0.865558 0.037022
vt 0.987035 0.185424
vt 0.987036 0.185424
vt 0.865559 0.814715
vt 0.865560 0.324955
vt 0.865559 0.500786
vt 0.987037 0.500786
vt 0.865560 0.665006
vt 0.865560 0.814715
vt 0.987037 0.665006
vt 0.987037 0.324955
vt 0.987036 0.106595
vt 0.108396 0.013951
vt 0.755986 0.169773
vt 0.755915 0.673334
vt 0.755575 0.830528
vt 0.755456 0.316281
vt 0.756550 0.500903
vt 0.755453 0.947523
vt 0.036343 0.133246
vt 0.634996 0.640792
vt 0.635139 0.248088
vt 0.635190 0.524395
vt 0.635346 0.390983
vt 0.635225 0.673432
vt 0.553519 0.178978
vt 0.433262 0.807590
vt 0.324120 0.522442
vt 0.402411 0.818586
vt 0.424614 0.811896
vt 0.357477 0.895840
vt 0.457635 0.946914
vt 0.368916 0.143305
vt 0.570720 0.845099
vt 0.154786 0.879089
vt 0.272415 0.886216
vt 0.345378 0.859639
vt 0.423943 0.455812
vt 0.408068 0.580361
vt 0.525845 0.502423
vt 0.486689 0.662700
vt 0.378107 0.640546
vt 0.451851 0.708307
vt 0.158509 0.317407
vt 0.414394 0.060088
vt 0.563381 0.453447
vt 0.324313 0.508478
vt 0.320078 0.618907
vt 0.153681 0.304712
vt 0.320487 0.453660
vt 0.234439 0.468183
vt 0.186570 0.272947
vt 0.168824 0.293473
vt 0.217612 0.112218
vt 0.437336 0.385939
vt 0.411241 0.392814
vt 0.320980 0.402462
vt 0.225421 0.240465
vt 0.426183 0.243071
vt 0.330954 0.240038
vt 0.232375 0.711312
vt 0.227590 0.623481
vt 0.235413 0.415390
vt 0.177305 0.712696
vt 0.084595 0.622390
vt 0.096370 0.220360
vt 0.183537 0.160512
vt 0.281948 0.116990
vt 0.302692 0.121997
vt 0.370175 0.172540
vt 0.363326 0.616574
vt 0.164752 0.313812
vt 0.316884 0.521669
vt 0.165554 0.308046
vt 0.195180 0.376740
vt 0.313058 0.365050
vt 0.192155 0.224497
vt 0.345934 0.204524
vt 0.265090 0.620071
vt 0.224686 0.524435
vt 0.223428 0.640084
vt 0.082703 0.572815
vt 0.086184 0.037022
vt 0.865558 0.037022
vt 0.987035 0.185424
vt 0.987036 0.185424
vt 0.865559 0.814715
vt 0.865560 0.324955
vt 0.865559 0.500786
vt 0.987037 0.500786
vt 0.865560 0.665006
vt 0.865560 0.814715
vt 0.987037 0.665006
vt 0.987037 0.324955
vt 0.987036 0.106595
vt 0.108396 0.013951
vt 0.755986 0.169773
vt 0.755915 0.673334
vt 0.755575 0.830528
vt 0.755456 0.316281
vt 0.756550 0.500903
vt 0.755453 0.976071
vt 0.145256 0.981273
vt 0.282072 0.568226
vt 0.451866 0.699552
vt 0.468831 0.707258
vt 0.392297 0.601503
vt 0.423867 0.621242
vt 0.375786 0.676055
vt 0.338729 0.714459
vt 0.347724 0.855055
vt 0.020129 0.717215
vt 0.014149 0.718320
vt 0.302148 0.629278
vt 0.298989 0.501527
vt 0.250790 0.554860
vt 0.296615 0.546055
vt 0.239649 0.541407
vt 0.155233 0.550341
vt 0.101572 0.016693
vt 0.635072 0.381869
vt 0.023103 0.281340
vt 0.018625 0.380869
vt 0.096102 0.252220
vt 0.075465 0.486012
vt 0.108409 0.480023
vt 0.019387 0.381869
vt 0.023103 0.281340
vt 0.018625 0.380869
vt 0.096102 0.252220
vt 0.075465 0.486012
vt 0.108409 0.480023
vt 0.019387 0.252220
vt 0.075465 0.281340
vt 0.018625 0.380869
vt 0.096102 0.381869
vt 0.023103 0.486012
vt 0.108409 0.480023
vt 0.019387 0.304610
vt 0.136578 0.362194
vt 0.133307 0.648665
vt 0.025603 0.578960
vt 0.036809 0.137038
vt 0.239665 0.181695
vt 0.222519 0.252220
vt 0.075465 0.281340
vt 0.018625 0.380869
vt 0.096102 0.381869
vt 0.023103 0.252220
vt 0.075465 0.281340
vt 0.018625 0.380869
vt 0.096102 0.381869
vt 0.023103 0.381869
vt 0.023103 0.281340
vt 0.018625 0.380869
vt 0.096102 0.252220
vt 0.075465 0.961127
vt 0.865561 0.984296
vt 0.756057 0.334502
vt 0.645106 0.961127
vt 0.987038 0.207203
vt 0.108396 0.156137
vt 0.007711 0.052232
vt 0.007711 0.008367
vt 0.108396 0.047630
vt 0.204391 0.163107
vt 0.204391 0.053366
vt 0.645047 0.196445
vt 0.645047 0.053366
vt 0.645047 0.658202
vt 0.645101 0.803162
vt 0.645064 0.501038
vt 0.645095 0.944322
vt 0.645047 0.976071
vt 0.145256 0.981273
vt 0.282072 0.568226
vt 0.451866 0.699552
vt 0.468831 0.707258
vt 0.392297 0.601503
vt 0.423867 0.621242
vt 0.375786 0.676055
vt 0.338729 0.714459
vt 0.347724 0.855055
vt 0.020129 0.717215
vt 0.014149 0.718320
vt 0.302148 0.629278
vt 0.298989 0.501527
vt 0.250790 0.554860
vt 0.296615 0.546055
vt 0.239649 0.541407
vt 0.155233 0.550341
vt 0.101572 0.016693
vt 0.635072 0.381869
vt 0.023103 0.380869
vt 0.096102 0.281340
vt 0.018625 0.252220
vt 0.075465 0.486012
vt 0.108409 0.480023
vt 0.019387 0.381869
vt 0.023103 0.380869
vt 0.096102 0.281340
vt 0.018625 0.252220
vt 0.075465 0.486012
vt 0.108409 0.480023
vt 0.019387 0.252220
vt 0.075465 0.380869
vt 0.096102 0.281340
vt 0.018625 0.381869
vt 0.023103 0.486012
vt 0.108409 0.480023
vt 0.019387 0.304610
vt 0.136578 0.362194
vt 0.133307 0.648665
vt 0.025603 0.578960
vt 0.036809 0.137038
vt 0.239665 0.181695
vt 0.222519 0.252220
vt 0.075465 0.380869
vt 0.096102 0.281340
vt 0.018625 0.381869
vt 0.023103 0.252220
vt 0.075465 0.380869
vt 0.096102 0.281340
vt 0.018625 0.381869
vt 0.023103 0.381869
vt 0.023103 0.380869
vt 0.096102 0.281340
vt 0.018625 0.252220
vt 0.075465 0.961127
vt 0.865561 0.984296
vt 0.756057 0.334502
vt 0.645106 0.961127
vt 0.987038 0.207203
vt 0.108396 0.156137
vt 0.007711 0.052232
vt 0.007711 0.008367
vt 0.108396 0.047630
vt 0.204391 0.163107
vt 0.204391 0.053366
vt 0.645047 0.196445
vt 0.645047 0.053366
vt 0.645047 0.658202
vt 0.645101 0.803162
vt 0.645064 0.501038
vt 0.645095 0.944322
vt 0.645047 1.000000
vt 0.862935 0.819173
vt 0.849545 0.846108
vt 0.869286 0.633168
vt 0.808574 0.633173
vt 0.712869 0.633133
vt 0.625314 0.684370
vt 0.625244 0.633086
vt 0.574464 0.681158
vt 0.574412 0.633064
vt 0.527869 0.678896
vt 0.527183 0.736534
vt 0.725564 0.730131
vt 0.821130 0.778076
vt 0.814346 0.736168
vt 0.622304 0.735137
vt 0.571604 0.737970
vt 0.520900 0.565572
vt 0.787470 0.575460
vt 0.716897 0.626451
vt 0.715449 0.574030
vt 0.585535 0.626435
vt 0.586578 0.567757
vt 0.537172 0.626496
vt 0.541603 0.508700
vt 0.839719 0.472684
vt 0.859052 0.519942
vt 0.793718 0.448156
vt 0.754531 0.797825
vt 0.809559 0.493465
vt 0.804728 0.781552
vt 0.746339 0.439402
vt 0.669572 0.521736
vt 0.737430 0.781661
vt 0.625703 0.444667
vt 0.639783 0.513785
vt 0.631538 0.787179
vt 0.573837 0.443740
vt 0.591281 0.510371
vt 0.585826 0.798309
vt 0.524888 0.424199
vt 0.543501 0.498218
vt 0.537367 0.573963
vt 0.631694 0.626440
vt 0.632434 0.479976
vt 0.769765 0.815276
vt 0.753112 0.687519
vt 0.459613 0.745963
vt 0.457708 0.557285
vt 0.479108 0.626442
vt 0.479497 0.812994
vt 0.463830 0.393807
vt 0.489037 0.483272
vt 0.478806 0.696014
vt 0.263609 0.770423
vt 0.260989 0.524985
vt 0.272152 0.626414
vt 0.272281 0.855546
vt 0.265552 0.301119
vt 0.291609 0.423898
vt 0.275723 0.701476
vt 0.199367 0.776245
vt 0.197244 0.514076
vt 0.205486 0.626512
vt 0.207410 0.866877
vt 0.202080 0.278880
vt 0.228901 0.403218
vt 0.211054 0.710874
vt 0.008127 0.801939
vt 0.010997 0.479468
vt 0.010541 0.626462
vt 0.009036 0.905875
vt 0.019570 0.992817
vt 0.027087 0.341912
vt 0.027604 0.691762
vt 0.364390 0.760231
vt 0.360950 0.836241
vt 0.366251 0.917195
vt 0.373471 0.626475
vt 0.375895 0.542065
vt 0.374247 0.455314
vt 0.378088 431602081.000000
vt -431602080.000000 0.997992
vt 0.800347 0.626525
vt 0.791534 0.626436
vt 0.846285 0.563161
vt 0.842220 0.489950
vt 0.873881 0.989102
vt 0.581480 0.989610
vt 0.388120 0.933715
vt 0.387513 0.933553
vt 0.581460 0.414471
vt 0.936273 0.268451
vt 0.923809 0.293231
vt 0.930663 0.383132
vt 0.937568 0.354187
vt 0.937272 0.320318
vt 0.935260 0.989586
vt 0.514296 0.989293
vt 0.446294 0.270824
vt 0.873228 0.411407
vt 0.873413 0.324872
vt 0.873529 0.382730
vt 0.873527 0.273310
vt 0.735013 0.298388
vt 0.735047 0.408592
vt 0.735041 0.322195
vt 0.735053 0.381237
vt 0.735047 0.355987
vt 0.873572 0.355930
vt 0.735059 0.296711
vt 0.879745 0.271540
vt 0.853088 0.325157
vt 0.853359 0.298964
vt 0.846317 0.297917
vt 0.863837 0.356304
vt 0.853366 0.382314
vt 0.853257 0.410375
vt 0.853175 0.458667
vt 0.961596 0.285992
vt 0.964429 0.428060
vt 0.995181 0.386699
vt 0.987349 0.317042
vt 0.966167 0.350975
vt 0.972795 0.933815
vt 0.446666 0.933606
vt 0.513796 0.408451
vt 0.803931 0.382175
vt 0.803935 0.357269
vt 0.803939 0.325331
vt 0.803948 0.299587
vt 0.803950 0.272349
vt 0.803921 0.273310
vt 0.735013 0.298388
vt 0.735047 0.381237
vt 0.735047 0.408592
vt 0.735041 0.355930
vt 0.735059 0.322195
vt 0.735053 0.021673
vt 0.949112 0.249173
vt 0.950497 0.017198
vt 0.926281 0.264153
vt 0.917409 0.248213
vt 0.924386 0.066199
vt 0.945417 0.122467
vt 0.946700 0.091871
vt 0.946300 0.188225
vt 0.948977 0.156928
vt 0.946951 0.042271
vt 0.636889 0.219914
vt 0.637257 0.145350
vt 0.637256 0.005385
vt 0.637029 0.101594
vt 0.636888 0.180746
vt 0.637256 0.261837
vt 0.909937 0.039090
vt 0.916568 0.145516
vt 0.866559 0.066141
vt 0.866482 0.039309
vt 0.866049 0.006141
vt 0.866498 0.184951
vt 0.923870 0.092232
vt 0.866483 0.039294
vt 0.800757 0.005877
vt 0.778917 0.220008
vt 0.779672 0.181295
vt 0.779803 0.099721
vt 0.802237 0.145296
vt 0.779945 0.220138
vt 0.866556 0.181463
vt 0.866558 0.069613
vt 0.785701 0.041034
vt 0.781514 0.100897
vt 0.783392 0.070546
vt 0.764231 0.101432
vt 0.765619 0.042237
vt 0.764966 0.145340
vt 0.718900 0.181107
vt 0.718396 0.219907
vt 0.718507 0.005423
vt 0.718995 0.225807
vt 0.910748 0.068560
vt 0.805129 0.145405
vt 0.796405 0.181387
vt 0.793234 0.220013
vt 0.791989 0.254173
vt 0.789655 0.071060
vt 0.636889 0.065960
vt 0.923050 0.091928
vt 0.934255 0.233529
vt 0.931381 0.156437
vt 0.937323 0.630495
vt 0.896170 0.716615
vt 0.896884 0.771622
vt 0.900840 0.833413
vt 0.903868 0.872587
vt 0.908005 0.579562
vt 0.903435 0.524566
vt 0.908197 0.633700
vt 0.993586 0.716286
vt 0.993210 0.770153
vt 0.993328 0.830315
vt 0.986054 0.875516
vt 0.983878 0.582617
vt 0.993502 0.515958
vt 0.990461 0.824279
vt 0.878865 0.670876
vt 0.887107 0.671340
vt 0.993515 0.997797
vt 0.922780 0.936944
vt 0.912978 0.880083
vt 0.887733 0.852277
vt 0.839466 0.847828
vt 0.774810 0.884823
vt 0.725828 0.936968
vt 0.689096 0.004287
vt 0.105977 0.100117
vt 0.185104 0.218627
vt 0.253870 0.286047
vt 0.267810 0.325752
vt 0.508238 0.247230
vt 0.444728 0.161968
vt 0.409866 0.004177
vt 0.274092 0.115522
vt 0.308919 0.208720
vt 0.333615 0.270312
vt 0.333974 0.300745
vt 0.575096 0.213631
vt 0.541677 0.130105
vt 0.520538 0.004307
vt 0.185164 0.111946
vt 0.248513 0.223695
vt 0.286576 0.288369
vt 0.299408 0.326876
vt 0.538272 0.235393
vt 0.495576 0.154414
vt 0.474805 0.155542
vt 0.176666 0.997930
vt 0.671933 0.044591
vt 0.512662 0.044567
vt 0.464323 0.044449
vt 0.400737 0.633054
vt 0.649346 0.684356
vt 0.649412 0.736457
vt 0.646358 0.781236
vt 0.649161 0.513761
vt 0.658837 0.574269
vt 0.656121 0.626535
vt 0.658544 0.777604
vt 0.689431 0.448758
vt 0.702488 0.523761
vt 0.694390 0.705622
vt 0.113057 0.789046
vt 0.111423 0.886306
vt 0.115666 0.248423
vt 0.144298 0.372643
vt 0.122341 0.496771
vt 0.114387 0.626533
vt 0.115880 0.122159
vt 0.991360 0.091987
vt 0.991425 0.066698
vt 0.991333 0.187765
vt 0.991313 0.157100
vt 0.991406 0.021560
vt 0.991423 0.248761
vt 0.991412 0.796783
vt 0.862935 0.819173
vt 0.849545 0.846108
vt 0.869286 0.684370
vt 0.625244 0.681158
vt 0.574412 0.678896
vt 0.527183 0.736534
vt 0.725564 0.730131
vt 0.821130 0.778076
vt 0.814346 0.736168
vt 0.622304 0.735137
vt 0.571604 0.737970
vt 0.520900 0.565572
vt 0.787470 0.575460
vt 0.716897 0.574030
vt 0.585535 0.567757
vt 0.537172 0.508700
vt 0.839719 0.472684
vt 0.859052 0.519942
vt 0.793718 0.448156
vt 0.754531 0.797825
vt 0.809559 0.493465
vt 0.804728 0.781552
vt 0.746339 0.439402
vt 0.669572 0.521736
vt 0.737430 0.781661
vt 0.625703 0.444667
vt 0.639783 0.513785
vt 0.631538 0.787179
vt 0.573837 0.443740
vt 0.591281 0.510371
vt 0.585826 0.798309
vt 0.524888 0.424199
vt 0.543501 0.498218
vt 0.537367 0.573963
vt 0.631694 0.479976
vt 0.769765 0.815276
vt 0.753112 0.687519
vt 0.459613 0.745963
vt 0.457708 0.557285
vt 0.479108 0.812994
vt 0.463830 0.393807
vt 0.489037 0.483272
vt 0.478806 0.696014
vt 0.263609 0.770423
vt 0.260989 0.524985
vt 0.272152 0.855546
vt 0.265552 0.301119
vt 0.291609 0.423898
vt 0.275723 0.701476
vt 0.199367 0.776245
vt 0.197244 0.514076
vt 0.205486 0.866877
vt 0.202080 0.278880
vt 0.228901 0.403218
vt 0.211054 0.710874
vt 0.008127 0.801939
vt 0.010997 0.479468
vt 0.010541 0.905875
vt 0.019570 0.992817
vt 0.027087 0.341912
vt 0.027604 0.691762
vt 0.364390 0.760231
vt 0.360950 0.836241
vt 0.366251 0.917195
vt 0.373471 0.542065
vt 0.374247 0.455314
vt 0.378088 0.563161
vt 0.842220 0.489950
vt 0.873881 0.414471
vt 0.936273 0.268451
vt 0.923809 0.293231
vt 0.930663 0.383132
vt 0.937568 0.354187
vt 0.937272 0.320318
vt 0.935260 0.989586
vt 0.514296 0.989293
vt 0.446294 0.270824
vt 0.873228 0.411407
vt 0.873413 0.324872
vt 0.873529 0.382730
vt 0.873527 0.273310
vt 0.735013 0.298388
vt 0.735047 0.408592
vt 0.735041 0.322195
vt 0.735053 0.381237
vt 0.735047 0.355987
vt 0.873572 0.355930
vt 0.735059 0.296711
vt 0.879745 0.271540
vt 0.853088 0.325157
vt 0.853359 0.298964
vt 0.846317 0.297917
vt 0.863837 0.356304
vt 0.853366 0.382314
vt 0.853257 0.410375
vt 0.853175 0.458667
vt 0.961596 0.285992
vt 0.964429 0.428060
vt 0.995181 0.386699
vt 0.987349 0.317042
vt 0.966167 0.350975
vt 0.972795 0.933815
vt 0.446666 0.933606
vt 0.513796 0.408451
vt 0.803931 0.382175
vt 0.803935 0.357269
vt 0.803939 0.325331
vt 0.803948 0.299587
vt 0.803950 0.272349
vt 0.803921 0.273310
vt 0.735013 0.298388
vt 0.735047 0.381237
vt 0.735047 0.408592
vt 0.735041 0.355930
vt 0.735059 0.322195
vt 0.735053 0.066199
vt 0.945417 0.122467
vt 0.946700 0.091871
vt 0.946300 0.188225
vt 0.948977 0.156928
vt 0.946951 0.042271
vt 0.636889 0.219914
vt 0.637257 0.145350
vt 0.637256 0.005385
vt 0.637029 0.101594
vt 0.636888 0.180746
vt 0.637256 0.261837
vt 0.909937 0.039090
vt 0.916568 0.145516
vt 0.866559 0.066141
vt 0.866482 0.039309
vt 0.866049 0.006141
vt 0.866498 0.184951
vt 0.923870 0.092232
vt 0.866483 0.039294
vt 0.800757 0.005877
vt 0.778917 0.220008
vt 0.779672 0.181295
vt 0.779803 0.099721
vt 0.802237 0.145296
vt 0.779945 0.220138
vt 0.866556 0.181463
vt 0.866558 0.069613
vt 0.785701 0.041034
vt 0.781514 0.100897
vt 0.783392 0.070546
vt 0.764231 0.101432
vt 0.765619 0.042237
vt 0.764966 0.145340
vt 0.718900 0.181107
vt 0.718396 0.219907
vt 0.718507 0.005423
vt 0.718995 0.225807
vt 0.910748 0.068560
vt 0.805129 0.145405
vt 0.796405 0.181387
vt 0.793234 0.220013
vt 0.791989 0.254173
vt 0.789655 0.071060
vt 0.636889 0.065960
vt 0.923050 0.091928
vt 0.934255 0.233529
vt 0.931381 0.156437
vt 0.937323 0.630495
vt 0.896170 0.716615
vt 0.896884 0.771622
vt 0.900840 0.833413
vt 0.903868 0.872587
vt 0.908005 0.579562
vt 0.903435 0.524566
vt 0.908197 0.633700
vt 0.993586 0.716286
vt 0.993210 0.770153
vt 0.993328 0.830315
vt 0.986054 0.875516
vt 0.983878 0.582617
vt 0.993502 0.515958
vt 0.990461 0.824279
vt 0.878865 0.670876
vt 0.887107 0.671340
vt 0.993515 0.936944
vt 0.912978 0.880083
vt 0.887733 0.852277
vt 0.839466 0.847828
vt 0.774810 0.884823
vt 0.725828 0.936968
vt 0.689096 0.100117
vt 0.185104 0.218627
vt 0.253870 0.286047
vt 0.267810 0.325752
vt 0.508238 0.247230
vt 0.444728 0.161968
vt 0.409866 0.115522
vt 0.308919 0.208720
vt 0.333615 0.270312
vt 0.333974 0.300745
vt 0.575096 0.213631
vt 0.541677 0.130105
vt 0.520538 0.111946
vt 0.248513 0.223695
vt 0.286576 0.288369
vt 0.299408 0.326876
vt 0.538272 0.235393
vt 0.495576 0.154414
vt 0.474805 0.155542
vt 0.176666 0.684356
vt 0.649412 0.736457
vt 0.646358 0.781236
vt 0.649161 0.513761
vt 0.658837 0.574269
vt 0.656121 0.777604
vt 0.689431 0.448758
vt 0.702488 0.523761
vt 0.694390 0.705622
vt 0.113057 0.789046
vt 0.111423 0.886306
vt 0.115666 0.248423
vt 0.144298 0.372643
vt 0.122341 0.496771
vt 0.114387 0.122159
vt 0.991360 0.091987
vt 0.991425 0.066698
vt 0.991333 0.187765
vt 0.991313 0.157100
vt 0.991406 0.450320
vt 0.875943 0.852825
vt 0.745725 0.866888
vt 0.657998 0.849445
vt 0.628496 0.855116
vt 0.577547 0.864673
vt 0.530527 0.885985
vt 0.473167 0.941008
vt 0.271567 0.956618
vt 0.208191 0.974198
vt 0.120627 0.346040
vt 0.390986 0.439328
vt 0.873215 0.446175
vt 0.923630 0.435987
vt 0.735012 0.436817
vt 0.803929 0.437170
vt 0.853088 0.260212
vt 0.957221 0.435987
vt 0.735012 0.014339
vt 0.907787 0.005993
vt 0.794703 0.254162
vt 0.773137 0.254130
vt 0.711179 0.254241
vt 0.866547 0.254095
vt 0.637257 0.005191
vt 0.917441 0.671713
vt 0.837723 0.626304
vt 0.851974 0.722358
vt 0.845627 0.775484
vt 0.860482 0.871960
vt 0.897597 0.824174
vt 0.883398 0.575854
vt 0.877973 0.478383
vt 0.900858 0.524626
vt 0.893041 0.478728
vt 0.889706 0.469513
vt 0.980857 0.476843
vt 0.884112 0.397598
vt 0.608557 0.420887
vt 0.571337 0.091357
vt 0.393700 0.004172
vt 0.380460 0.211652
vt 0.398772 0.279152
vt 0.396662 0.313438
vt 0.654533 0.396263
vt 0.677779 0.210341
vt 0.614586 0.128672
vt 0.599419 0.414266
vt 0.538217 0.044207
vt 0.590990 0.853100
vt 0.698009 0.215032
vt 0.052230 0.248865
vt 0.950488 0.633054
vt 0.649346 0.633173
vt 0.712869 0.633133
vt 0.625314 0.633086
vt 0.574464 0.633064
vt 0.527869 0.633168
vt 0.808574 0.626496
vt 0.541603 0.626435
vt 0.586578 0.450320
vt 0.875943 0.852825
vt 0.745725 0.849445
vt 0.628496 0.866888
vt 0.657998 0.855116
vt 0.577547 0.864673
vt 0.530527 0.626451
vt 0.715449 0.626440
vt 0.632434 0.626442
vt 0.479497 0.885985
vt 0.473167 0.626414
vt 0.272281 0.626475
vt 0.375895 0.941008
vt 0.271567 0.626512
vt 0.207410 0.956618
vt 0.208191 0.626533
vt 0.115880 0.974198
vt 0.120627 0.346040
vt 0.390986 0.626525
vt 0.791534 0.626436
vt 0.846285 0.446175
vt 0.923630 0.439328
vt 0.873215 0.436817
vt 0.803929 0.435987
vt 0.735012 0.437170
vt 0.853088 0.260212
vt 0.957221 0.989610
vt 0.388120 0.933715
vt 0.387513 0.933553
vt 0.581460 0.989102
vt 0.581480 0.435987
vt 0.735012 0.264153
vt 0.917409 0.248213
vt 0.924386 0.014339
vt 0.907787 0.005993
vt 0.794703 0.254162
vt 0.773137 0.254130
vt 0.711179 0.254241
vt 0.866547 0.254095
vt 0.637257 0.017198
vt 0.926281 0.005191
vt 0.917441 0.021673
vt 0.949112 0.249173
vt 0.950497 0.671713
vt 0.837723 0.626304
vt 0.851974 0.722358
vt 0.845627 0.775484
vt 0.860482 0.871960
vt 0.897597 0.824174
vt 0.883398 0.575854
vt 0.877973 0.478383
vt 0.900858 0.524626
vt 0.893041 0.478728
vt 0.889706 0.469513
vt 0.980857 0.476843
vt 0.884112 0.997992
vt 0.800347 0.997797
vt 0.922780 0.004177
vt 0.274092 0.004307
vt 0.185164 0.397598
vt 0.608557 0.420887
vt 0.571337 0.091357
vt 0.393700 0.004172
vt 0.380460 0.211652
vt 0.398772 0.279152
vt 0.396662 0.313438
vt 0.654533 0.396263
vt 0.677779 0.210341
vt 0.614586 0.128672
vt 0.599419 0.004287
vt 0.105977 0.414266
vt 0.538217 0.997930
vt 0.671933 0.044207
vt 0.590990 0.044591
vt 0.512662 0.044567
vt 0.464323 0.044449
vt 0.400737 0.626535
vt 0.658544 0.853100
vt 0.698009 0.215032
vt 0.052230 0.626462
vt 0.009036 0.021560
vt 0.991423 0.248761
vt 0.991412 0.248865
vt 0.950488 1.000000
vt 0.250732 0.228928
vt 0.518468 0.120182
vt 0.561943 0.309280
vt 0.306531 0.253539
vt 0.353426 0.398480
vt 0.279440 0.418584
vt 0.210232 0.360904
vt 0.126035 0.342193
vt 0.238484 0.255325
vt 0.179126 0.033844
vt 0.367144 0.032708
vt 0.590503 0.021427
vt 0.478367 0.318486
vt 0.542381 0.235483
vt 0.625364 0.100715
vt 0.671251 0.317872
vt 0.603195 0.050259
vt 0.696487 0.061437
vt 0.264448 0.138869
vt 0.242341 0.363189
vt 0.164775 0.071046
vt 0.880810 0.155602
vt 0.985639 0.073410
vt 0.961157 0.269086
vt 0.704628 0.114728
vt 0.918559 0.236726
vt 0.925581 0.369780
vt 0.517752 0.364797
vt 0.485415 0.365150
vt 0.024557 0.320878
vt 0.062833 0.412507
vt 0.155752 0.379528
vt 0.094943 0.397959
vt 0.529400 0.398326
vt 0.481517 0.369540
vt 0.564882 0.777886
vt 0.125599 0.488223
vt 0.536816 0.173712
vt 0.773431 0.557815
vt 0.485099 0.650987
vt 0.485860 0.458639
vt 0.443462 0.445744
vt 0.382556 0.612833
vt 0.103544 0.513561
vt 0.409483 0.112302
vt 0.890340 0.712528
vt 0.357603 0.078841
vt 0.807783 0.727878
vt 0.478524 0.315641
vt 0.661661 0.261067
vt 0.743237 0.689226
vt 0.251737 0.598190
vt 0.237488 0.478830
vt 0.354229 0.149218
vt 0.853656 0.224795
vt 0.889629 0.206463
vt 0.846508 0.550732
vt 0.020349 0.436604
vt 0.307874 0.372896
vt 0.582239 0.376067
vt 0.609492 0.422306
vt 0.572842 0.526392
vt 0.588991 0.188477
vt 0.809095 0.633732
vt 0.541815 0.148527
vt 0.720958 0.661696
vt 0.035781 0.703647
vt 0.133522 0.285909
vt 0.107739 0.319274
vt 0.122942 0.299665
vt 0.206277 0.155151
vt 0.652085 0.120739
vt 0.744779 0.454080
vt 0.572589 0.483812
vt 0.500262 0.635988
vt 0.070174 0.605943
vt 0.019822 0.582687
vt 0.558334 0.971096
vt 0.903732 0.903104
vt 0.916756 0.942684
vt 0.875020 0.924990
vt 0.980192 0.971994
vt 0.820841 0.564983
vt 0.446793 0.554981
vt 0.391306 0.543739
vt 0.298896 0.612018
vt 0.515309 0.611854
vt 0.443901 0.582228
vt 0.371896 0.173223
vt 0.537762 0.170470
vt 0.497129 0.223922
vt 0.448495 0.211721
vt 0.351991 0.191325
vt 0.426163 0.181582
vt 0.588997 0.967183
vt 0.591104 0.091982
vt 0.192216 0.145144
vt 0.116942 0.316377
vt 0.023626 0.168968
vt 0.148114 0.242150
vt 0.066843 0.235849
vt 0.041697 0.248573
vt 0.100602 0.196000
vt 0.180751 0.967183
vt 0.591104 0.655000
vt 0.188180 0.587034
vt 0.113909 0.394756
vt 0.021479 0.564373
vt 0.150500 0.478256
vt 0.063961 0.490725
vt 0.035950 0.464533
vt 0.101994 0.516209
vt 0.186517 0.107492
vt 0.208797 0.070891
vt 0.271925 0.641960
vt 0.201040 0.670397
vt 0.266473 0.461644
vt 0.710624 0.283898
vt 0.815082 0.684283
vt 0.717457 0.601754
vt 0.723813 0.520901
vt 0.745861 0.768598
vt 0.821750 0.836799
vt 0.757776 0.764251
vt 0.725257 0.617409
vt 0.840103 0.699711
vt 0.827330 0.638753
vt 0.981425 0.749192
vt 0.951585 0.839602
vt 0.894104 0.913378
vt 0.807080 0.532952
vt 0.853932 0.533751
vt 0.980283 0.448906
vt 0.875336 0.432799
vt 0.798887 0.443127
vt 0.964033 0.379162
vt 0.885822 0.349924
vt 0.859649 0.383039
vt 0.936743 0.305975
vt 0.863672 0.370791
vt 0.761057 0.864559
vt 0.315737 0.917689
vt 0.315189 0.793782
vt 0.316314 0.979455
vt 0.315794 0.913379
vt 0.207464 0.863254
vt 0.207513 0.791748
vt 0.198272 0.984711
vt 0.207608 0.907745
vt 0.127672 0.870294
vt 0.128197 0.804582
vt 0.104336 0.967056
vt 0.105979 0.889052
vt 0.017599 0.461644
vt 0.710624 0.684283
vt 0.717457 0.601754
vt 0.723813 0.520901
vt 0.745861 0.768598
vt 0.821750 0.836799
vt 0.757776 0.764251
vt 0.725257 0.617409
vt 0.840103 0.699711
vt 0.827330 0.532952
vt 0.853932 0.448906
vt 0.875336 0.432799
vt 0.798887 0.379162
vt 0.885822 0.349924
vt 0.859649 0.370791
vt 0.761057 0.864559
vt 0.315737 0.917689
vt 0.315189 0.913379
vt 0.207464 0.863254
vt 0.207513 0.907745
vt 0.127672 0.870294
vt 0.128197 0.231938
vt 0.985062 0.151939
vt 0.423305 0.197313
vt 0.348716 0.181501
vt 0.422888 0.253539
vt 0.353426 0.119853
vt 0.480151 0.359007
vt 0.361640 0.112800
vt 0.395767 0.308523
vt 0.493002 0.129363
vt 0.318171 0.011410
vt 0.877825 0.174242
vt 0.333640 0.730515
vt 0.228949 0.641744
vt 0.397042 0.711693
vt 0.576996 0.253638
vt 0.786853 0.668401
vt 0.175596 0.276490
vt 0.848463 0.277643
vt 0.984716 0.301778
vt 0.957068 0.298915
vt 0.903795 0.611622
vt 0.317833 0.588237
vt 0.328082 0.290423
vt 0.765878 0.610682
vt 0.606934 0.719109
vt 0.075523 0.253355
vt 0.812961 0.276142
vt 0.877493 0.938926
vt 0.516335 0.861299
vt 0.479574 0.942309
vt 0.629137 0.878520
vt 0.570863 0.783688
vt 0.433190 0.811103
vt 0.490731 0.861299
vt 0.479574 0.938926
vt 0.516335 0.942309
vt 0.629137 0.878520
vt 0.570863 0.783688
vt 0.433190 0.811103
vt 0.490731 0.692260
vt 0.617775 0.807206
vt 0.625644 0.893876
vt 0.650662 0.976062
vt 0.696956 0.512701
vt 0.657742 0.589114
vt 0.633706 0.862725
vt 0.404688 0.918308
vt 0.404556 0.791942
vt 0.405246 0.980066
vt 0.405245 0.865113
vt 0.292010 0.914403
vt 0.291973 0.799877
vt 0.292141 0.969384
vt 0.292095 0.460726
vt 0.636002 0.807206
vt 0.625644 0.692260
vt 0.617775 0.893876
vt 0.650662 0.512701
vt 0.657742 0.589114
vt 0.633706 0.862725
vt 0.404688 0.918308
vt 0.404556 0.865113
vt 0.292010 0.914403
vt 0.291973 0.460726
vt 0.636002 1.000000

f 12/12 13/13 1/1
f 13/13 12/12 24/24
f 1/1 14/14 2/2
f 14/14 1/1 13/13
f 2/2 15/15 3/3
f 15/15 2/2 14/14
f 3/3 16/16 4/4
f 16/16 3/3 15/15
f 4/4 17/17 5/5
f 17/17 4/4 16/16
f 5/5 18/18 6/6
f 18/18 5/5 17/17
f 6/6 19/19 7/7
f 19/19 6/6 18/18
f 7/7 20/20 8/8
f 20/20 7/7 19/19
f 8/8 21/21 9/9
f 21/21 8/8 20/20
f 9/9 22/22 10/10
f 22/22 9/9 21/21
f 10/10 23/23 11/11
f 23/23 10/10 22/22
f 11/11 25/25 26/26
f 25/25 11/11 23/23
f 28/28 29/29 27/27
f 29/29 28/28 30/30
f 30/30 31/31 29/29
f 31/31 30/30 32/32
f 32/32 33/33 31/31
f 33/33 32/32 34/34
f 34/34 35/35 33/33
f 35/35 34/34 36/36
f 36/36 37/37 35/35
f 37/37 36/36 38/38
f 38/38 39/39 37/37
f 39/39 38/38 40/40
f 40/40 41/41 39/39
f 41/41 40/40 42/42
f 42/42 43/43 41/41
f 43/43 42/42 44/44
f 91/91 45/45 92/92
f 45/45 91/91 46/46
f 46/46 47/47 45/45
f 47/47 46/46 48/48
f 48/48 49/49 47/47
f 49/49 48/48 50/50
f 50/50 51/51 49/49
f 51/51 50/50 52/52
f 52/52 53/53 51/51
f 53/53 52/52 54/54
f 54/54 55/55 53/53
f 55/55 54/54 56/56
f 56/56 57/57 55/55
f 57/57 56/56 58/58
f 58/58 59/59 57/57
f 59/59 58/58 60/60
f 60/60 61/61 59/59
f 61/61 60/60 62/62
f 62/62 63/63 61/61
f 63/63 62/62 64/64
f 64/64 65/65 63/63
f 65/65 64/64 66/66
f 66/66 67/67 65/65
f 67/67 66/66 68/68
f 68/68 69/69 67/67
f 69/69 68/68 70/70
f 70/70 71/71 69/69
f 71/71 70/70 72/72
f 72/72 73/73 71/71
f 73/73 72/72 74/74
f 74/74 75/75 73/73
f 75/75 74/74 76/76
f 93/93 77/77 94/94
f 77/77 93/93 78/78
f 78/78 79/79 77/77
f 79/79 78/78 80/80
f 80/80 81/81 79/79
f 81/81 80/80 82/82
f 82/82 83/83 81/81
f 83/83 82/82 84/84
f 84/84 85/85 83/83
f 85/85 84/84 86/86
f 86/86 87/87 85/85
f 87/87 86/86 88/88
f 88/88 89/89 87/87
f 89/89 88/88 90/90
f 90/90 27/27 89/89
f 27/27 90/90 28/28
f 96/96 97/97 95/95
f 97/97 96/96 98/98
f 98/98 99/99 97/97
f 99/99 98/98 100/100
f 100/100 101/101 99/99
f 101/101 100/100 102/102
f 102/102 103/103 101/101
f 103/103 102/102 104/104
f 104/104 105/105 103/103
f 105/105 104/104 106/106
f 106/106 107/107 105/105
f 107/107 106/106 108/108
f 108/108 109/109 107/107
f 109/109 108/108 110/110
f 110/110 111/111 109/109
f 111/111 110/110 112/112
f 159/159 113/113 160/160
f 113/113 159/159 114/114
f 114/114 115/115 113/113
f 115/115 114/114 116/116
f 116/116 117/117 115/115
f 117/117 116/116 118/118
f 118/118 119/119 117/117
f 119/119 118/118 120/120
f 120/120 121/121 119/119
f 121/121 120/120 122/122
f 122/122 123/123 121/121
f 123/123 122/122 124/124
f 124/124 125/125 123/123
f 125/125 124/124 126/126
f 126/126 127/127 125/125
f 127/127 126/126 128/128
f 128/128 129/129 127/127
f 129/129 128/128 130/130
f 130/130 131/131 129/129
f 131/131 130/130 132/132
f 132/132 133/133 131/131
f 133/133 132/132 134/134
f 134/134 135/135 133/133
f 135/135 134/134 136/136
f 136/136 137/137 135/135
f 137/137 136/136 138/138
f 138/138 139/139 137/137
f 139/139 138/138 140/140
f 140/140 141/141 139/139
f 141/141 140/140 142/142
f 142/142 143/143 141/141
f 143/143 142/142 144/144
f 161/161 145/145 162/162
f 145/145 161/161 146/146
f 146/146 147/147 145/145
f 147/147 146/146 148/148
f 148/148 149/149 147/147
f 149/149 148/148 150/150
f 150/150 151/151 149/149
f 151/151 150/150 152/152
f 152/152 153/153 151/151
f 153/153 152/152 154/154
f 154/154 155/155 153/153
f 155/155 154/154 156/156
f 156/156 157/157 155/155
f 157/157 156/156 158/158
f 158/158 95/95 157/157
f 95/95 158/158 96/96
f 164/164 165/165 163/163
f 165/165 164/164 166/166
f 166/166 167/167 165/165
f 167/167 166/166 168/168
f 168/168 169/169 167/167
f 169/169 168/168 170/170
f 170/170 171/171 169/169
f 171/171 170/170 172/172
f 172/172 173/173 171/171
f 173/173 172/172 174/174
f 174/174 175/175 173/173
f 175/175 174/174 176/176
f 176/176 177/177 175/175
f 177/177 176/176 178/178
f 178/178 179/179 177/177
f 179/179 178/178 180/180
f 227/227 181/181 228/228
f 181/181 227/227 182/182
f 182/182 183/183 181/181
f 183/183 182/182 184/184
f 184/184 185/185 183/183
f 185/185 184/184 186/186
f 186/186 187/187 185/185
f 187/187 186/186 188/188
f 188/188 189/189 187/187
f 189/189 188/188 190/190
f 190/190 191/191 189/189
f 191/191 190/190 192/192
f 192/192 193/193 191/191
f 193/193 192/192 194/194
f 194/194 195/195 193/193
f 195/195 194/194 196/196
f 196/196 197/197 195/195
f 197/197 196/196 198/198
f 198/198 199/199 197/197
f 199/199 198/198 200/200
f 200/200 201/201 199/199
f 201/201 200/200 202/202
f 202/202 203/203 201/201
f 203/203 202/202 204/204
f 204/204 205/205 203/203
f 205/205 204/204 206/206
f 206/206 207/207 205/205
f 207/207 206/206 208/208
f 208/208 209/209 207/207
f 209/209 208/208 210/210
f 210/210 211/211 209/209
f 211/211 210/210 212/212
f 229/229 213/213 230/230
f 213/213 229/229 214/214
f 214/214 215/215 213/213
f 215/215 214/214 216/216
f 216/216 217/217 215/215
f 217/217 216/216 218/218
f 218/218 219/219 217/217
f 219/219 218/218 220/220
f 220/220 221/221 219/219
f 221/221 220/220 222/222
f 222/222 223/223 221/221
f 223/223 222/222 224/224
f 224/224 225/225 223/223
f 225/225 224/224 226/226
f 226/226 163/163 225/225
f 163/163 226/226 164/164
f 233/233 234/234 231/231
f 232/232 231/231 234/234
f 237/237 238/238 235/235
f 236/236 235/235 238/238
f 241/241 242/242 239/239
f 240/240 239/239 242/242
f 245/245 246/246 243/243
f 244/244 243/243 246/246
f 249/249 250/250 247/247
f 248/248 247/247 250/250
f 253/253 254/254 251/251
f 252/252 251/251 254/254
f 255/255 308/308 303/303
f 257/257 258/258 267/267
f 272/272 281/281 266/266
f 289/289 262/262 259/259
f 280/280 260/260 304/304
f 260/260 280/280 277/277
f 270/270 263/263 305/305
f 276/276 261/261 279/279
f 274/274 271/271 275/275
f 273/273 266/266 260/260
f 276/276 282/282 307/307
f 281/281 260/260 266/266
f 263/263 270/270 257/257
f 281/281 272/272 258/258
f 270/270 258/258 257/257
f 263/263 259/259 305/305
f 262/262 278/278 259/259
f 289/289 288/288 262/262
f 273/273 303/303 308/308
f 273/273 277/277 265/265
f 277/277 261/261 265/265
f 280/280 261/261 277/277
f 279/279 264/264 276/276
f 274/274 276/276 264/264
f 304/304 270/270 305/305
f 270/270 281/281 258/258
f 306/306 267/267 258/258
f 267/267 306/306 296/296
f 291/291 271/271 309/309
f 286/286 279/279 280/280
f 273/273 260/260 277/277
f 255/255 256/256 308/308
f 279/279 261/261 280/280
f 276/276 307/307 261/261
f 283/283 275/275 284/284
f 275/275 283/283 274/274
f 282/282 274/274 283/283
f 274/274 282/282 276/276
f 264/264 271/271 274/274
f 291/291 275/275 271/271
f 280/280 304/304 305/305
f 285/285 271/271 264/264
f 264/264 286/286 285/285
f 279/279 286/286 264/264
f 268/268 271/271 285/285
f 268/268 285/285 262/262
f 278/278 286/286 280/280
f 285/285 278/278 262/262
f 278/278 285/285 286/286
f 290/290 257/257 293/293
f 294/294 257/257 267/267
f 292/292 295/295 284/284
f 294/294 267/267 296/296
f 293/293 257/257 294/294
f 263/263 257/257 290/290
f 292/292 275/275 291/291
f 309/309 268/268 288/288
f 288/288 268/268 262/262
f 306/306 256/256 296/296
f 284/284 275/275 292/292
f 269/269 259/259 287/287
f 259/259 269/269 289/289
f 290/290 287/287 263/263
f 259/259 263/263 287/287
f 300/300 352/352 353/353
f 297/297 301/301 299/299
f 298/298 354/354 355/355
f 356/356 298/298 357/357
f 358/358 298/298 359/359
f 298/298 355/355 357/357
f 297/297 300/300 301/301
f 300/300 353/353 301/301
f 359/359 298/298 356/356
f 266/266 273/273 308/308
f 303/303 273/273 360/360
f 302/302 255/255 303/303
f 304/304 281/281 270/270
f 304/304 260/260 281/281
f 280/280 305/305 278/278
f 305/305 259/259 278/278
f 306/306 308/308 256/256
f 272/272 306/306 258/258
f 261/261 307/307 265/265
f 266/266 308/308 272/272
f 306/306 272/272 308/308
f 271/271 268/268 309/309
f 351/351 310/310 346/346
f 313/313 312/312 322/322
f 335/335 326/326 321/321
f 317/317 289/289 314/314
f 315/315 334/334 347/347
f 334/334 315/315 331/331
f 318/318 324/324 348/348
f 316/316 330/330 333/333
f 325/325 328/328 329/329
f 321/321 327/327 315/315
f 336/336 330/330 350/350
f 315/315 335/335 321/321
f 324/324 318/318 312/312
f 326/326 335/335 313/313
f 313/313 324/324 312/312
f 314/314 318/318 348/348
f 332/332 317/317 314/314
f 288/288 289/289 317/317
f 346/346 327/327 351/351
f 331/331 327/327 320/320
f 316/316 331/331 320/320
f 316/316 334/334 331/331
f 319/319 333/333 330/330
f 330/330 328/328 319/319
f 324/324 347/347 348/348
f 335/335 324/324 313/313
f 322/322 349/349 313/313
f 349/349 322/322 361/361
f 325/325 291/291 309/309
f 333/333 340/340 334/334
f 315/315 327/327 331/331
f 311/311 310/310 351/351
f 316/316 333/333 334/334
f 350/350 330/330 316/316
f 329/329 337/337 338/338
f 337/337 329/329 328/328
f 328/328 336/336 337/337
f 336/336 328/328 330/330
f 325/325 319/319 328/328
f 329/329 291/291 325/325
f 347/347 334/334 348/348
f 325/325 339/339 319/319
f 340/340 319/319 339/339
f 340/340 333/333 319/319
f 325/325 323/323 339/339
f 339/339 323/323 317/317
f 340/340 332/332 334/334
f 332/332 339/339 317/317
f 339/339 332/332 340/340
f 312/312 290/290 293/293
f 312/312 362/362 322/322
f 295/295 292/292 338/338
f 322/322 362/362 361/361
f 312/312 293/293 362/362
f 312/312 318/318 290/290
f 329/329 292/292 291/291
f 323/323 309/309 288/288
f 323/323 288/288 317/317
f 311/311 349/349 361/361
f 329/329 338/338 292/292
f 314/314 269/269 287/287
f 269/269 314/314 289/289
f 287/287 290/290 318/318
f 318/318 314/314 287/287
f 363/363 344/344 364/364
f 345/345 341/341 343/343
f 365/365 342/342 366/366
f 342/342 367/367 368/368
f 342/342 369/369 370/370
f 366/366 342/342 368/368
f 344/344 341/341 345/345
f 364/364 344/344 345/345
f 342/342 370/370 367/367
f 327/327 321/321 351/351
f 327/327 346/346 371/371
f 310/310 372/372 346/346
f 335/335 347/347 324/324
f 315/315 347/347 335/335
f 348/348 334/334 332/332
f 314/314 348/348 332/332
f 351/351 349/349 311/311
f 349/349 326/326 313/313
f 350/350 316/316 320/320
f 351/351 321/321 326/326
f 326/326 349/349 351/351
f 323/323 325/325 309/309
f 385/385 383/383 384/384
f 386/386 378/378 387/387
f 391/391 390/390 387/387
f 386/386 387/387 390/390
f 421/421 420/420 387/387
f 384/384 379/379 377/377
f 408/408 385/385 384/384
f 408/408 375/375 392/392
f 387/387 378/378 421/421
f 422/422 421/421 378/378
f 396/396 395/395 394/394
f 382/382 380/380 397/397
f 382/382 397/397 409/409
f 407/407 395/395 416/416
f 409/409 398/398 376/376
f 396/396 376/376 398/398
f 396/396 394/394 374/374
f 400/400 399/399 401/401
f 401/401 399/399 402/402
f 399/399 403/403 402/402
f 404/404 402/402 403/403
f 409/409 397/397 398/398
f 381/381 383/383 389/389
f 383/383 382/382 384/384
f 384/384 373/373 379/379
f 409/409 384/384 382/382
f 380/380 405/405 507/507
f 405/405 380/380 381/381
f 397/397 507/507 508/508
f 507/507 397/397 380/380
f 397/397 508/508 509/509
f 509/509 398/398 397/397
f 388/388 510/510 511/511
f 510/510 388/388 392/392
f 388/388 511/511 512/512
f 512/512 389/389 388/388
f 381/381 389/389 405/405
f 512/512 405/405 389/389
f 513/513 400/400 401/401
f 514/514 515/515 516/516
f 406/406 516/516 515/515
f 395/395 393/393 394/394
f 420/420 391/391 387/387
f 516/516 517/517 514/514
f 517/517 518/518 514/514
f 374/374 376/376 396/396
f 378/378 386/386 375/375
f 408/408 388/388 385/385
f 519/519 415/415 515/515
f 406/406 515/515 415/415
f 520/520 390/390 521/521
f 386/386 390/390 520/520
f 396/396 416/416 395/395
f 380/380 382/382 383/383
f 408/408 392/392 388/388
f 377/377 375/375 408/408
f 377/377 408/408 384/384
f 373/373 384/384 409/409
f 409/409 376/376 373/373
f 383/383 385/385 389/389
f 388/388 389/389 385/385
f 380/380 383/383 381/381
f 412/412 410/410 411/411
f 435/435 424/424 436/436
f 413/413 414/414 410/410
f 411/411 410/410 423/423
f 434/434 433/433 522/522
f 410/410 412/412 418/418
f 410/410 418/418 417/417
f 434/434 522/522 523/523
f 430/430 436/436 431/431
f 510/510 392/392 520/520
f 415/415 519/519 403/403
f 404/404 403/403 519/519
f 416/416 398/398 509/509
f 520/520 392/392 386/386
f 386/386 392/392 375/375
f 398/398 416/416 396/396
f 432/432 524/524 525/525
f 525/525 522/522 433/433
f 419/419 410/410 417/417
f 410/410 419/419 413/413
f 518/518 526/526 514/514
f 394/394 393/393 420/420
f 394/394 420/420 421/421
f 374/374 394/394 421/421
f 374/374 421/421 422/422
f 438/438 527/527 439/439
f 528/528 437/437 523/523
f 527/527 438/438 529/529
f 423/423 410/410 414/414
f 530/530 435/435 531/531
f 424/424 431/431 436/436
f 532/532 533/533 425/425
f 534/534 535/535 536/536
f 426/426 536/536 433/433
f 534/534 536/536 426/426
f 537/537 534/534 426/426
f 537/537 426/426 427/427
f 427/427 538/538 537/537
f 437/437 434/434 523/523
f 538/538 427/427 428/428
f 539/539 538/538 428/428
f 540/540 429/429 428/428
f 429/429 539/539 428/428
f 541/541 542/542 543/543
f 542/542 430/430 543/543
f 543/543 430/430 544/544
f 430/430 431/431 544/544
f 544/544 431/431 533/533
f 424/424 533/533 431/431
f 533/533 424/424 425/425
f 433/433 432/432 525/525
f 425/425 424/424 530/530
f 536/536 432/432 433/433
f 427/427 426/426 433/433
f 427/427 433/433 434/434
f 530/530 424/424 435/435
f 435/435 545/545 531/531
f 545/545 435/435 546/546
f 435/435 436/436 546/546
f 439/439 546/546 436/436
f 428/428 427/427 434/434
f 428/428 434/434 437/437
f 528/528 540/540 437/437
f 540/540 428/428 437/437
f 542/542 438/438 430/430
f 430/430 439/439 436/436
f 546/546 439/439 527/527
f 438/438 439/439 430/430
f 452/452 451/451 450/450
f 453/453 454/454 445/445
f 458/458 454/454 457/457
f 453/453 457/457 454/454
f 488/488 454/454 487/487
f 451/451 444/444 446/446
f 475/475 451/451 452/452
f 475/475 459/459 442/442
f 454/454 488/488 445/445
f 489/489 445/445 488/488
f 463/463 461/461 462/462
f 449/449 464/464 447/447
f 449/449 476/476 464/464
f 474/474 483/483 462/462
f 476/476 443/443 465/465
f 463/463 465/465 443/443
f 463/463 441/441 461/461
f 467/467 468/468 466/466
f 468/468 469/469 466/466
f 466/466 469/469 470/470
f 471/471 470/470 469/469
f 476/476 465/465 464/464
f 448/448 456/456 450/450
f 450/450 451/451 449/449
f 451/451 446/446 440/440
f 476/476 449/449 451/451
f 447/447 547/547 472/472
f 472/472 448/448 447/447
f 464/464 548/548 547/547
f 547/547 447/447 464/464
f 464/464 549/549 548/548
f 549/549 464/464 465/465
f 455/455 550/550 551/551
f 551/551 459/459 455/455
f 455/455 552/552 550/550
f 552/552 455/455 456/456
f 448/448 472/472 456/456
f 552/552 456/456 472/472
f 553/553 468/468 467/467
f 554/554 555/555 556/556
f 473/473 556/556 555/555
f 462/462 461/461 460/460
f 487/487 454/454 458/458
f 555/555 554/554 557/557
f 557/557 554/554 558/558
f 441/441 463/463 443/443
f 445/445 442/442 453/453
f 475/475 452/452 455/455
f 559/559 556/556 482/482
f 473/473 482/482 556/556
f 560/560 561/561 457/457
f 453/453 560/560 457/457
f 463/463 462/462 483/483
f 447/447 450/450 449/449
f 475/475 455/455 459/459
f 444/444 475/475 442/442
f 444/444 451/451 475/475
f 440/440 476/476 451/451
f 476/476 440/440 443/443
f 450/450 456/456 452/452
f 455/455 452/452 456/456
f 447/447 448/448 450/450
f 479/479 478/478 477/477
f 502/502 503/503 491/491
f 480/480 477/477 481/481
f 478/478 490/490 477/477
f 501/501 562/562 500/500
f 477/477 485/485 479/479
f 477/477 484/484 485/485
f 501/501 563/563 562/562
f 497/497 498/498 503/503
f 551/551 560/560 459/459
f 482/482 470/470 559/559
f 471/471 559/559 470/470
f 483/483 549/549 465/465
f 560/560 453/453 459/459
f 453/453 442/442 459/459
f 465/465 463/463 483/483
f 499/499 564/564 565/565
f 564/564 500/500 562/562
f 486/486 484/484 477/477
f 477/477 480/480 486/486
f 558/558 554/554 566/566
f 461/461 487/487 460/460
f 461/461 488/488 487/487
f 441/441 488/488 461/461
f 441/441 489/489 488/488
f 505/505 506/506 567/567
f 568/568 563/563 504/504
f 567/567 569/569 505/505
f 490/490 481/481 477/477
f 570/570 571/571 502/502
f 491/491 503/503 498/498
f 572/572 492/492 573/573
f 574/574 575/575 576/576
f 493/493 500/500 575/575
f 574/574 493/493 575/575
f 577/577 493/493 574/574
f 577/577 494/494 493/493
f 494/494 577/577 578/578
f 504/504 563/563 501/501
f 578/578 495/495 494/494
f 579/579 495/495 578/578
f 580/580 495/495 496/496
f 496/496 495/495 579/579
f 581/581 582/582 583/583
f 583/583 582/582 497/497
f 582/582 584/584 497/497
f 497/497 584/584 498/498
f 584/584 573/573 498/498
f 491/491 498/498 573/573
f 573/573 492/492 491/491
f 500/500 564/564 499/499
f 492/492 570/570 491/491
f 575/575 500/500 499/499
f 494/494 500/500 493/493
f 494/494 501/501 500/500
f 570/570 502/502 491/491
f 502/502 571/571 585/585
f 585/585 586/586 502/502
f 502/502 586/586 503/503
f 506/506 503/503 586/586
f 495/495 501/501 494/494
f 495/495 504/504 501/501
f 568/568 504/504 580/580
f 580/580 504/504 495/495
f 583/583 497/497 505/505
f 497/497 503/503 506/506
f 586/586 567/567 506/506
f 505/505 497/497 506/506
f 590/590 588/588 601/601
f 594/594 601/601 622/622
f 590/590 601/601 594/594
f 591/591 593/593 589/589
f 613/613 622/622 601/601
f 602/602 753/753 603/603
f 604/604 597/597 598/598
f 597/597 604/604 605/605
f 604/604 598/598 595/595
f 595/595 603/603 604/604
f 595/595 602/602 603/603
f 600/600 605/605 604/604
f 605/605 600/600 599/599
f 754/754 600/600 603/603
f 603/603 753/753 754/754
f 611/611 602/602 629/629
f 626/626 612/612 590/590
f 608/608 755/755 607/607
f 608/608 592/592 606/606
f 608/608 606/606 596/596
f 756/756 609/609 757/757
f 609/609 756/756 610/610
f 593/593 610/610 756/756
f 610/610 593/593 607/607
f 607/607 591/591 592/592
f 607/607 592/592 608/608
f 610/610 755/755 758/758
f 755/755 610/610 607/607
f 609/609 758/758 759/759
f 758/758 609/609 610/610
f 607/607 593/593 591/591
f 594/594 626/626 590/590
f 760/760 757/757 609/609
f 596/596 755/755 608/608
f 757/757 760/760 761/761
f 603/603 600/600 604/604
f 619/619 618/618 631/631
f 625/625 631/631 618/618
f 606/606 592/592 623/623
f 612/612 592/592 590/590
f 753/753 602/602 587/587
f 587/587 602/602 762/762
f 763/763 602/602 632/632
f 611/611 632/632 602/602
f 602/602 595/595 629/629
f 764/764 629/629 595/595
f 614/614 596/596 606/606
f 596/596 614/614 615/615
f 764/764 765/765 629/629
f 630/630 629/629 765/765
f 618/618 766/766 614/614
f 615/615 614/614 766/766
f 765/765 767/767 630/630
f 768/768 630/630 767/767
f 634/634 620/620 628/628
f 621/621 628/628 620/620
f 616/616 633/633 611/611
f 632/632 611/611 633/633
f 769/769 770/770 616/616
f 633/633 616/616 770/770
f 613/613 601/601 588/588
f 588/588 771/771 613/613
f 762/762 602/602 763/763
f 606/606 623/623 614/614
f 624/624 614/614 623/623
f 614/614 624/624 618/618
f 625/625 618/618 624/624
f 617/617 612/612 627/627
f 626/626 627/627 612/612
f 621/621 617/617 628/628
f 627/627 628/628 617/617
f 772/772 773/773 774/774
f 775/775 774/774 773/773
f 776/776 777/777 774/774
f 772/772 774/774 777/777
f 778/778 779/779 780/780
f 781/781 780/780 779/779
f 782/782 783/783 780/780
f 778/778 780/780 783/783
f 784/784 785/785 786/786
f 787/787 786/786 785/785
f 788/788 786/786 789/789
f 787/787 789/789 786/786
f 640/640 643/643 612/612
f 623/623 612/612 643/643
f 642/642 644/644 640/640
f 643/643 640/640 644/644
f 637/637 638/638 622/622
f 594/594 622/622 638/638
f 594/594 638/638 626/626
f 645/645 626/626 638/638
f 636/636 635/635 637/637
f 638/638 637/637 635/635
f 638/638 635/635 645/645
f 646/646 645/645 635/635
f 639/639 611/611 647/647
f 629/629 647/647 611/611
f 641/641 639/639 648/648
f 647/647 648/648 639/639
f 642/642 790/790 644/644
f 791/791 644/644 790/790
f 763/763 632/632 792/792
f 649/649 792/792 632/632
f 792/792 649/649 793/793
f 650/650 793/793 649/649
f 794/794 795/795 635/635
f 646/646 635/635 795/795
f 796/796 797/797 798/798
f 799/799 798/798 797/797
f 776/776 798/798 777/777
f 799/799 777/777 798/798
f 800/800 801/801 802/802
f 803/803 802/802 801/801
f 782/782 802/802 783/783
f 803/803 783/783 802/802
f 804/804 805/805 806/806
f 807/807 806/806 805/805
f 788/788 789/789 806/806
f 804/804 806/806 789/789
f 612/612 623/623 592/592
f 665/665 651/651 664/664
f 652/652 654/654 653/653
f 656/656 658/658 657/657
f 667/667 659/659 666/666
f 656/656 653/653 654/654
f 666/666 658/658 669/669
f 808/808 660/660 655/655
f 661/661 655/655 660/660
f 809/809 655/655 667/667
f 657/657 659/659 661/661
f 655/655 661/661 659/659
f 668/668 810/810 669/669
f 659/659 657/657 658/658
f 653/653 656/656 662/662
f 662/662 656/656 657/657
f 668/668 654/654 665/665
f 660/660 808/808 811/811
f 654/654 652/652 651/651
f 812/812 663/663 813/813
f 814/814 663/663 815/815
f 815/815 663/663 816/816
f 817/817 663/663 812/812
f 816/816 663/663 817/817
f 813/813 663/663 814/814
f 665/665 664/664 818/818
f 819/819 665/665 820/820
f 655/655 809/809 808/808
f 667/667 666/666 821/821
f 822/822 667/667 821/821
f 658/658 666/666 659/659
f 654/654 668/668 656/656
f 666/666 669/669 823/823
f 821/821 666/666 823/823
f 669/669 810/810 823/823
f 809/809 667/667 822/822
f 824/824 809/809 822/822
f 659/659 667/667 655/655
f 668/668 669/669 658/658
f 656/656 668/668 658/658
f 668/668 665/665 819/819
f 810/810 668/668 819/819
f 651/651 665/665 654/654
f 673/673 684/684 671/671
f 677/677 705/705 684/684
f 673/673 677/677 684/684
f 674/674 672/672 676/676
f 696/696 684/684 705/705
f 685/685 686/686 825/825
f 687/687 681/681 680/680
f 680/680 688/688 687/687
f 687/687 678/678 681/681
f 678/678 687/687 686/686
f 678/678 686/686 685/685
f 683/683 687/687 688/688
f 688/688 682/682 683/683
f 826/826 686/686 683/683
f 686/686 826/826 825/825
f 694/694 712/712 685/685
f 709/709 673/673 695/695
f 691/691 690/690 827/827
f 691/691 689/689 675/675
f 691/691 679/679 689/689
f 828/828 829/829 692/692
f 692/692 693/693 828/828
f 676/676 828/828 693/693
f 693/693 690/690 676/676
f 690/690 675/675 674/674
f 690/690 691/691 675/675
f 693/693 830/830 827/827
f 827/827 690/690 693/693
f 692/692 831/831 830/830
f 830/830 693/693 692/692
f 690/690 674/674 676/676
f 677/677 673/673 709/709
f 832/832 692/692 829/829
f 679/679 691/691 827/827
f 829/829 833/833 832/832
f 686/686 687/687 683/683
f 702/702 714/714 701/701
f 708/708 701/701 714/714
f 689/689 706/706 675/675
f 695/695 673/673 675/675
f 825/825 670/670 685/685
f 670/670 834/834 685/685
f 835/835 715/715 685/685
f 694/694 685/685 715/715
f 685/685 712/712 678/678
f 836/836 678/678 712/712
f 697/697 689/689 679/679
f 679/679 698/698 697/697
f 836/836 712/712 837/837
f 713/713 837/837 712/712
f 701/701 697/697 838/838
f 698/698 838/838 697/697
f 837/837 713/713 839/839
f 840/840 839/839 713/713
f 717/717 711/711 703/703
f 704/704 703/703 711/711
f 699/699 694/694 716/716
f 715/715 716/716 694/694
f 841/841 699/699 842/842
f 716/716 842/842 699/699
f 696/696 671/671 684/684
f 671/671 696/696 843/843
f 834/834 835/835 685/685
f 689/689 697/697 706/706
f 707/707 706/706 697/697
f 697/697 701/701 707/707
f 708/708 707/707 701/701
f 700/700 710/710 695/695
f 709/709 695/695 710/710
f 704/704 711/711 700/700
f 710/710 700/700 711/711
f 844/844 845/845 846/846
f 847/847 846/846 845/845
f 848/848 845/845 849/849
f 844/844 849/849 845/845
f 850/850 851/851 852/852
f 853/853 852/852 851/851
f 854/854 851/851 855/855
f 850/850 855/855 851/851
f 856/856 857/857 858/858
f 859/859 858/858 857/857
f 860/860 861/861 857/857
f 859/859 857/857 861/861
f 723/723 695/695 726/726
f 706/706 726/726 695/695
f 725/725 723/723 727/727
f 726/726 727/727 723/723
f 720/720 705/705 721/721
f 677/677 721/721 705/705
f 677/677 709/709 721/721
f 728/728 721/721 709/709
f 719/719 720/720 718/718
f 721/721 718/718 720/720
f 721/721 728/728 718/718
f 729/729 718/718 728/728
f 722/722 730/730 694/694
f 712/712 694/694 730/730
f 724/724 731/731 722/722
f 730/730 722/722 731/731
f 725/725 727/727 862/862
f 863/863 862/862 727/727
f 835/835 864/864 715/715
f 732/732 715/715 864/864
f 864/864 865/865 732/732
f 733/733 732/732 865/865
f 866/866 718/718 867/867
f 729/729 867/867 718/718
f 868/868 869/869 870/870
f 871/871 870/870 869/869
f 848/848 849/849 869/869
f 871/871 869/869 849/849
f 872/872 873/873 874/874
f 875/875 874/874 873/873
f 854/854 855/855 873/873
f 875/875 873/873 855/855
f 876/876 877/877 878/878
f 879/879 878/878 877/877
f 860/860 877/877 861/861
f 876/876 861/861 877/877
f 695/695 675/675 706/706
f 748/748 747/747 734/734
f 735/735 736/736 737/737
f 739/739 740/740 741/741
f 750/750 749/749 742/742
f 739/739 737/737 736/736
f 749/749 752/752 741/741
f 880/880 738/738 743/743
f 744/744 743/743 738/738
f 881/881 750/750 738/738
f 740/740 744/744 742/742
f 738/738 742/742 744/744
f 751/751 752/752 882/882
f 742/742 741/741 740/740
f 736/736 745/745 739/739
f 745/745 740/740 739/739
f 751/751 748/748 737/737
f 743/743 883/883 880/880
f 737/737 734/734 735/735
f 884/884 885/885 746/746
f 886/886 887/887 746/746
f 887/887 888/888 746/746
f 889/889 884/884 746/746
f 888/888 889/889 746/746
f 885/885 886/886 746/746
f 748/748 890/890 747/747
f 891/891 892/892 748/748
f 738/738 880/880 881/881
f 750/750 893/893 749/749
f 894/894 893/893 750/750
f 741/741 742/742 749/749
f 737/737 739/739 751/751
f 749/749 895/895 752/752
f 893/893 895/895 749/749
f 752/752 895/895 882/882
f 881/881 894/894 750/750
f 896/896 894/894 881/881
f 742/742 738/738 750/750
f 751/751 741/741 752/752
f 739/739 741/741 751/751
f 751/751 891/891 748/748
f 882/882 891/891 751/751
f 734/734 737/737 748/748
f 1007/1007 989/989 996/996
f 989/989 1007/1007 990/990
f 997/997 1398/1398 1399/1399
f 1399/1399 988/988 997/997
f 1005/1005 993/993 998/998
f 993/993 1005/1005 992/992
f 1005/1005 991/991 992/992
f 991/991 1005/1005 999/999
f 998/998 990/990 1007/1007
f 990/990 998/998 993/993
f 991/991 997/997 988/988
f 997/997 991/991 999/999
f 1001/1001 1028/1028 1000/1000
f 1008/1008 1027/1027 1010/1010
f 1023/1023 1400/1400 1401/1401
f 1402/1402 997/997 1014/1014
f 1026/1026 1025/1025 1012/1012
f 1012/1012 1005/1005 1009/1009
f 999/999 1014/1014 997/997
f 1002/1002 1024/1024 1004/1004
f 999/999 1005/1005 1012/1012
f 1025/1025 1004/1004 1024/1024
f 1027/1027 1003/1003 1026/1026
f 1026/1026 1010/1010 1027/1027
f 1011/1011 1008/1008 1010/1010
f 1398/1398 997/997 1402/1402
f 1009/1009 1005/1005 998/998
f 998/998 1011/1011 1009/1009
f 1008/1008 1011/1011 996/996
f 1011/1011 998/998 1007/1007
f 1009/1009 1011/1011 1010/1010
f 996/996 1011/1011 1007/1007
f 1004/1004 1025/1025 1006/1006
f 1025/1025 1003/1003 1006/1006
f 1012/1012 1013/1013 999/999
f 1014/1014 999/999 1013/1013
f 1401/1401 1014/1014 1023/1023
f 1013/1013 1023/1023 1014/1014
f 1015/1015 988/988 1399/1399
f 988/988 1015/1015 1017/1017
f 1016/1016 989/989 990/990
f 989/989 1016/1016 1403/1403
f 1018/1018 991/991 988/988
f 988/988 1017/1017 1018/1018
f 1018/1018 1020/1020 991/991
f 992/992 991/991 1020/1020
f 1019/1019 990/990 993/993
f 990/990 1019/1019 1016/1016
f 1020/1020 993/993 992/992
f 1020/1020 1019/1019 993/993
f 994/994 1022/1022 1021/1021
f 1021/1021 995/995 994/994
f 985/985 995/995 1021/1021
f 1021/1021 986/986 985/985
f 1022/1022 994/994 987/987
f 984/984 987/987 994/994
f 1400/1400 1023/1023 1002/1002
f 1024/1024 1002/1002 1023/1023
f 1012/1012 1024/1024 1013/1013
f 1023/1023 1013/1013 1024/1024
f 1026/1026 1003/1003 1025/1025
f 1024/1024 1012/1012 1025/1025
f 1010/1010 1026/1026 1009/1009
f 1009/1009 1026/1026 1012/1012
f 1003/1003 1027/1027 1001/1001
f 1028/1028 1001/1001 1027/1027
f 1014/1014 1401/1401 1402/1402
f 1027/1027 1008/1008 1028/1028
f 1029/1029 1030/1030 1001/1001
f 1001/1001 1000/1000 1029/1029
f 1031/1031 1032/1032 1002/1002
f 1002/1002 1004/1004 1031/1031
f 1033/1033 1031/1031 1004/1004
f 1004/1004 1006/1006 1033/1033
f 1034/1034 1033/1033 1006/1006
f 1006/1006 1003/1003 1034/1034
f 1032/1032 1404/1404 1400/1400
f 1400/1400 1002/1002 1032/1032
f 1030/1030 1034/1034 1003/1003
f 1003/1003 1001/1001 1030/1030
f 1038/1038 1051/1051 1039/1039
f 1057/1057 1043/1043 1086/1086
f 1042/1042 1041/1041 1085/1085
f 1053/1053 1058/1058 1041/1041
f 1085/1085 1054/1054 1084/1084
f 1040/1040 1042/1042 1085/1085
f 1057/1057 1077/1077 1065/1065
f 1044/1044 1057/1057 1087/1087
f 1056/1056 1052/1052 1055/1055
f 1056/1056 1405/1405 1052/1052
f 1055/1055 1054/1054 1059/1059
f 1078/1078 1059/1059 1054/1054
f 1065/1065 1082/1082 1081/1081
f 1080/1080 1079/1079 1053/1053
f 1078/1078 1058/1058 1063/1063
f 1058/1058 1078/1078 1054/1054
f 1406/1406 1068/1068 1060/1060
f 1059/1059 1406/1406 1055/1055
f 1079/1079 1069/1069 1063/1063
f 1061/1061 1062/1062 1081/1081
f 1080/1080 1081/1081 1062/1062
f 1057/1057 1065/1065 1066/1066
f 1068/1068 1059/1059 1067/1067
f 1078/1078 1067/1067 1059/1059
f 1078/1078 1063/1063 1067/1067
f 1069/1069 1067/1067 1063/1063
f 1069/1069 1079/1079 1064/1064
f 1068/1068 1406/1406 1059/1059
f 1062/1062 1074/1074 1064/1064
f 1073/1073 1064/1064 1074/1074
f 1067/1067 1070/1070 1068/1068
f 1072/1072 1068/1068 1070/1070
f 1067/1067 1069/1069 1070/1070
f 1071/1071 1070/1070 1069/1069
f 1048/1048 1076/1076 1045/1045
f 1072/1072 1045/1045 1076/1076
f 1061/1061 1407/1407 1075/1075
f 1408/1408 1075/1075 1407/1407
f 1074/1074 1062/1062 1075/1075
f 1061/1061 1075/1075 1062/1062
f 1069/1069 1064/1064 1071/1071
f 1047/1047 1049/1049 1073/1073
f 1071/1071 1073/1073 1049/1049
f 1064/1064 1073/1073 1071/1071
f 1072/1072 1060/1060 1068/1068
f 1070/1070 1071/1071 1049/1049
f 1049/1049 1083/1083 1070/1070
f 1060/1060 1072/1072 1076/1076
f 1077/1077 1409/1409 1065/1065
f 1409/1409 1077/1077 1051/1051
f 1045/1045 1072/1072 1070/1070
f 1073/1073 1050/1050 1047/1047
f 1050/1050 1073/1073 1074/1074
f 1075/1075 1050/1050 1074/1074
f 1050/1050 1075/1075 1046/1046
f 1408/1408 1046/1046 1075/1075
f 1046/1046 1408/1408 1410/1410
f 1057/1057 1086/1086 1077/1077
f 1052/1052 1037/1037 1040/1040
f 1087/1087 1053/1053 1041/1041
f 1055/1055 1052/1052 1054/1054
f 1084/1084 1054/1054 1052/1052
f 1405/1405 1411/1411 1037/1037
f 1043/1043 1057/1057 1044/1044
f 1064/1064 1079/1079 1062/1062
f 1058/1058 1053/1053 1063/1063
f 1061/1061 1082/1082 1407/1407
f 1087/1087 1066/1066 1053/1053
f 1040/1040 1037/1037 1035/1035
f 1037/1037 1052/1052 1405/1405
f 1039/1039 1077/1077 1086/1086
f 1051/1051 1077/1077 1039/1039
f 1079/1079 1080/1080 1062/1062
f 1053/1053 1079/1079 1063/1063
f 1066/1066 1065/1065 1080/1080
f 1066/1066 1080/1080 1053/1053
f 1081/1081 1082/1082 1061/1061
f 1081/1081 1080/1080 1065/1065
f 1056/1056 1055/1055 1406/1406
f 1065/1065 1409/1409 1082/1082
f 1083/1083 1045/1045 1070/1070
f 1085/1085 1084/1084 1040/1040
f 1040/1040 1084/1084 1052/1052
f 1054/1054 1085/1085 1058/1058
f 1085/1085 1041/1041 1058/1058
f 1039/1039 1086/1086 1036/1036
f 1043/1043 1036/1036 1086/1086
f 1057/1057 1066/1066 1087/1087
f 1044/1044 1087/1087 1041/1041
f 1155/1155 1042/1042 1156/1156
f 1042/1042 1155/1155 1041/1041
f 1156/1156 1040/1040 1157/1157
f 1040/1040 1156/1156 1042/1042
f 1158/1158 1044/1044 1159/1159
f 1044/1044 1158/1158 1043/1043
f 1157/1157 1035/1035 1160/1160
f 1035/1035 1157/1157 1040/1040
f 1161/1161 1043/1043 1158/1158
f 1043/1043 1161/1161 1438/1438
f 1159/1159 1041/1041 1155/1155
f 1041/1041 1159/1159 1044/1044
f 1250/1250 1239/1239 1232/1232
f 1232/1232 1233/1233 1250/1250
f 1240/1240 1467/1467 1468/1468
f 1467/1467 1240/1240 1231/1231
f 1248/1248 1241/1241 1236/1236
f 1236/1236 1235/1235 1248/1248
f 1248/1248 1235/1235 1234/1234
f 1234/1234 1242/1242 1248/1248
f 1241/1241 1250/1250 1233/1233
f 1233/1233 1236/1236 1241/1241
f 1234/1234 1231/1231 1240/1240
f 1240/1240 1242/1242 1234/1234
f 1244/1244 1243/1243 1271/1271
f 1251/1251 1253/1253 1270/1270
f 1266/1266 1469/1469 1470/1470
f 1471/1471 1257/1257 1240/1240
f 1269/1269 1255/1255 1268/1268
f 1255/1255 1252/1252 1248/1248
f 1242/1242 1240/1240 1257/1257
f 1245/1245 1247/1247 1267/1267
f 1242/1242 1255/1255 1248/1248
f 1268/1268 1267/1267 1247/1247
f 1270/1270 1269/1269 1246/1246
f 1269/1269 1270/1270 1253/1253
f 1254/1254 1253/1253 1251/1251
f 1468/1468 1471/1471 1240/1240
f 1252/1252 1241/1241 1248/1248
f 1241/1241 1252/1252 1254/1254
f 1251/1251 1239/1239 1254/1254
f 1254/1254 1250/1250 1241/1241
f 1252/1252 1253/1253 1254/1254
f 1239/1239 1250/1250 1254/1254
f 1247/1247 1249/1249 1268/1268
f 1268/1268 1249/1249 1246/1246
f 1255/1255 1242/1242 1256/1256
f 1257/1257 1256/1256 1242/1242
f 1469/1469 1266/1266 1257/1257
f 1256/1256 1257/1257 1266/1266
f 1258/1258 1467/1467 1231/1231
f 1231/1231 1260/1260 1258/1258
f 1259/1259 1233/1233 1232/1232
f 1232/1232 1472/1472 1259/1259
f 1261/1261 1231/1231 1234/1234
f 1231/1231 1261/1261 1260/1260
f 1261/1261 1234/1234 1263/1263
f 1235/1235 1263/1263 1234/1234
f 1262/1262 1236/1236 1233/1233
f 1233/1233 1259/1259 1262/1262
f 1263/1263 1235/1235 1236/1236
f 1263/1263 1236/1236 1262/1262
f 1237/1237 1264/1264 1265/1265
f 1264/1264 1237/1237 1238/1238
f 1473/1473 1264/1264 1238/1238
f 1264/1264 1473/1473 1474/1474
f 1265/1265 1475/1475 1237/1237
f 1476/1476 1237/1237 1475/1475
f 1470/1470 1245/1245 1266/1266
f 1267/1267 1266/1266 1245/1245
f 1255/1255 1256/1256 1267/1267
f 1266/1266 1267/1267 1256/1256
f 1269/1269 1268/1268 1246/1246
f 1267/1267 1268/1268 1255/1255
f 1253/1253 1252/1252 1269/1269
f 1252/1252 1255/1255 1269/1269
f 1246/1246 1244/1244 1270/1270
f 1271/1271 1270/1270 1244/1244
f 1257/1257 1471/1471 1469/1469
f 1270/1270 1271/1271 1251/1251
f 1272/1272 1244/1244 1273/1273
f 1244/1244 1272/1272 1243/1243
f 1274/1274 1245/1245 1275/1275
f 1245/1245 1274/1274 1247/1247
f 1276/1276 1247/1247 1274/1274
f 1247/1247 1276/1276 1249/1249
f 1277/1277 1249/1249 1276/1276
f 1249/1249 1277/1277 1246/1246
f 1275/1275 1470/1470 1477/1477
f 1470/1470 1275/1275 1245/1245
f 1273/1273 1246/1246 1277/1277
f 1246/1246 1273/1273 1244/1244
f 1478/1478 1479/1479 1289/1289
f 1295/1295 1324/1324 1281/1281
f 1280/1280 1323/1323 1279/1279
f 1291/1291 1279/1279 1296/1296
f 1323/1323 1322/1322 1292/1292
f 1278/1278 1323/1323 1280/1280
f 1295/1295 1303/1303 1315/1315
f 1282/1282 1325/1325 1295/1295
f 1294/1294 1293/1293 1290/1290
f 1294/1294 1290/1290 1480/1480
f 1293/1293 1297/1297 1292/1292
f 1316/1316 1292/1292 1297/1297
f 1303/1303 1319/1319 1320/1320
f 1318/1318 1291/1291 1317/1317
f 1316/1316 1301/1301 1296/1296
f 1296/1296 1292/1292 1316/1316
f 1481/1481 1298/1298 1306/1306
f 1297/1297 1293/1293 1481/1481
f 1317/1317 1301/1301 1307/1307
f 1299/1299 1319/1319 1300/1300
f 1318/1318 1300/1300 1319/1319
f 1295/1295 1304/1304 1303/1303
f 1306/1306 1305/1305 1297/1297
f 1316/1316 1297/1297 1305/1305
f 1316/1316 1305/1305 1301/1301
f 1307/1307 1301/1301 1305/1305
f 1307/1307 1302/1302 1317/1317
f 1306/1306 1297/1297 1481/1481
f 1300/1300 1302/1302 1312/1312
f 1311/1311 1312/1312 1302/1302
f 1305/1305 1306/1306 1308/1308
f 1310/1310 1308/1308 1306/1306
f 1305/1305 1308/1308 1307/1307
f 1309/1309 1307/1307 1308/1308
f 1286/1286 1283/1283 1314/1314
f 1310/1310 1314/1314 1283/1283
f 1299/1299 1313/1313 1482/1482
f 1483/1483 1482/1482 1313/1313
f 1312/1312 1313/1313 1300/1300
f 1299/1299 1300/1300 1313/1313
f 1307/1307 1309/1309 1302/1302
f 1285/1285 1311/1311 1287/1287
f 1309/1309 1287/1287 1311/1311
f 1302/1302 1309/1309 1311/1311
f 1310/1310 1306/1306 1298/1298
f 1308/1308 1287/1287 1309/1309
f 1287/1287 1308/1308 1321/1321
f 1298/1298 1314/1314 1310/1310
f 1315/1315 1303/1303 1484/1484
f 1484/1484 1289/1289 1315/1315
f 1283/1283 1308/1308 1310/1310
f 1311/1311 1285/1285 1288/1288
f 1288/1288 1312/1312 1311/1311
f 1313/1313 1312/1312 1288/1288
f 1288/1288 1284/1284 1313/1313
f 1483/1483 1313/1313 1284/1284
f 1284/1284 1485/1485 1483/1483
f 1295/1295 1315/1315 1324/1324
f 1290/1290 1278/1278 1486/1486
f 1325/1325 1279/1279 1291/1291
f 1293/1293 1292/1292 1290/1290
f 1322/1322 1290/1290 1292/1292
f 1480/1480 1486/1486 1487/1487
f 1281/1281 1282/1282 1295/1295
f 1302/1302 1300/1300 1317/1317
f 1296/1296 1301/1301 1291/1291
f 1299/1299 1482/1482 1320/1320
f 1325/1325 1291/1291 1304/1304
f 1278/1278 1488/1488 1486/1486
f 1486/1486 1480/1480 1290/1290
f 1479/1479 1324/1324 1315/1315
f 1289/1289 1479/1479 1315/1315
f 1317/1317 1300/1300 1318/1318
f 1291/1291 1301/1301 1317/1317
f 1304/1304 1318/1318 1303/1303
f 1304/1304 1291/1291 1318/1318
f 1319/1319 1299/1299 1320/1320
f 1319/1319 1303/1303 1318/1318
f 1294/1294 1481/1481 1293/1293
f 1303/1303 1320/1320 1484/1484
f 1321/1321 1308/1308 1283/1283
f 1323/1323 1278/1278 1322/1322
f 1278/1278 1290/1290 1322/1322
f 1292/1292 1296/1296 1323/1323
f 1323/1323 1296/1296 1279/1279
f 1479/1479 1489/1489 1324/1324
f 1281/1281 1324/1324 1489/1489
f 1295/1295 1325/1325 1304/1304
f 1282/1282 1279/1279 1325/1325
f 1382/1382 1383/1383 1280/1280
f 1280/1280 1279/1279 1382/1382
f 1383/1383 1384/1384 1278/1278
f 1278/1278 1280/1280 1383/1383
f 1385/1385 1386/1386 1282/1282
f 1282/1282 1281/1281 1385/1385
f 1384/1384 1527/1527 1488/1488
f 1488/1488 1278/1278 1384/1384
f 1528/1528 1385/1385 1281/1281
f 1281/1281 1529/1529 1528/1528
f 1386/1386 1382/1382 1279/1279
f 1279/1279 1282/1282 1386/1386
f 898/898 897/897 1138/1138
f 901/901 1139/1139 902/902
f 906/906 904/904 901/901
f 898/898 910/910 908/908
f 1139/1139 901/901 912/912
f 912/912 905/905 913/913
f 913/913 907/907 919/919
f 919/919 917/917 983/983
f 922/922 1387/1387 914/914
f 923/923 921/921 922/922
f 926/926 922/922 924/924
f 941/941 929/929 927/927
f 927/927 908/908 925/925
f 910/910 898/898 941/941
f 1146/1146 924/924 927/927
f 927/927 942/942 929/929
f 941/941 926/926 927/927
f 1145/1145 908/908 932/932
f 931/931 928/928 930/930
f 1389/1389 1390/1390 912/912
f 912/912 911/911 934/934
f 934/934 931/931 933/933
f 933/933 930/930 912/912
f 913/913 912/912 937/937
f 937/937 934/934 936/936
f 936/936 933/933 938/938
f 938/938 935/935 915/915
f 916/916 1143/1143 915/915
f 1142/1142 1147/1147 917/917
f 917/917 939/939 932/932
f 935/935 932/932 925/925
f 942/942 927/927 943/943
f 943/943 907/907 945/945
f 945/945 919/919 944/944
f 944/944 913/913 948/948
f 948/948 937/937 947/947
f 947/947 936/936 949/949
f 949/949 938/938 950/950
f 972/972 951/951 944/944
f 971/971 943/943 952/952
f 975/975 953/953 946/946
f 976/976 945/945 951/951
f 973/973 954/954 947/947
f 972/972 944/944 955/955
f 977/977 956/956 954/954
f 974/974 1394/1394 1393/1393
f 973/973 947/947 956/956
f 976/976 952/952 945/945
f 977/977 949/949 957/957
f 957/957 950/950 959/959
f 959/959 952/952 958/958
f 958/958 951/951 962/962
f 962/962 955/955 961/961
f 961/961 954/954 963/963
f 963/963 956/956 1148/1148
f 1148/1148 957/957 1153/1153
f 1153/1153 959/959 1149/1149
f 1149/1149 958/958 1151/1151
f 1151/1151 962/962 1150/1150
f 1150/1150 961/961 1152/1152
f 1152/1152 963/963 944/944
f 950/950 971/971 947/947
f 951/951 972/972 974/974
f 954/954 973/973 952/952
f 946/946 975/975 956/956
f 945/945 976/976 955/955
f 1397/1397 977/977 949/949
f 977/977 1397/1397 949/949
f 1397/1397 948/948 1393/1393
f 974/974 973/973 916/916
f 916/916 915/915 981/981
f 981/981 980/980 914/914
f 922/922 983/983 1102/1102
f 899/899 897/897 1103/1103
f 1088/1088 1413/1413 1414/1414
f 1089/1089 1412/1412 1414/1414
f 1089/1089 1414/1414 1091/1091
f 1091/1091 1417/1417 1093/1093
f 1093/1093 1418/1418 1419/1419
f 1419/1419 1421/1421 1090/1090
f 1090/1090 1415/1415 1094/1094
f 1094/1094 1420/1420 1104/1104
f 1095/1095 1088/1088 1096/1096
f 1096/1096 1089/1089 1098/1098
f 1098/1098 1091/1091 1100/1100
f 1100/1100 1093/1093 1422/1422
f 1422/1422 1419/1419 1097/1097
f 1097/1097 1090/1090 1101/1101
f 1101/1101 1094/1094 983/983
f 1387/1387 1423/1423 1088/1088
f 1412/1412 1103/1103 1104/1104
f 1089/1089 1096/1096 1103/1103
f 1104/1104 1088/1088 1089/1089
f 1104/1104 1103/1103 979/979
f 1105/1105 1106/1106 979/979
f 1106/1106 1107/1107 979/979
f 1107/1107 1108/1108 979/979
f 1108/1108 1109/1109 979/979
f 1109/1109 1110/1110 979/979
f 1110/1110 1111/1111 1119/1119
f 1126/1126 1127/1127 1119/1119
f 1127/1127 1128/1128 1120/1120
f 1128/1128 1129/1129 1121/1121
f 1129/1129 1122/1122 1424/1424
f 1425/1425 1130/1130 1424/1424
f 1130/1130 1131/1131 1123/1123
f 1131/1131 1132/1132 1124/1124
f 1132/1132 1125/1125 1426/1426
f 1120/1120 1426/1426 1428/1428
f 1121/1121 1428/1428 1429/1429
f 1122/1122 1429/1429 1430/1430
f 1123/1123 1430/1430 1432/1432
f 1124/1124 1432/1432 1433/1433
f 1125/1125 1433/1433 1126/1126
f 1126/1126 1112/1112 1127/1127
f 1127/1127 1133/1133 1114/1114
f 1128/1128 1114/1114 1434/1434
f 1425/1425 1434/1434 1116/1116
f 1130/1130 1116/1116 1117/1117
f 1131/1131 1117/1117 1133/1133
f 1113/1113 1112/1112 1127/1127
f 1113/1113 1133/1133 979/979
f 1111/1111 1134/1134 1435/1435
f 1433/1433 1125/1125 1135/1135
f 1136/1136 1135/1135 1125/1125
f 1132/1132 1118/1118 1137/1137
f 1136/1136 1118/1118 902/902
f 1139/1139 903/903 908/908
f 903/903 1139/1139 911/911
f 903/903 1140/1140 911/911
f 1141/1141 930/930 1389/1389
f 930/930 1141/1141 928/928
f 1142/1142 932/932 915/915
f 1143/1143 939/939 940/940
f 916/916 1144/1144 1143/1143
f 1144/1144 940/940 1145/1145
f 1145/1145 1141/1141 1389/1389
f 1388/1388 1436/1436 1145/1145
f 1436/1436 1389/1389 929/929
f 1147/1147 1142/1142 915/915
f 1147/1147 929/929 964/964
f 1396/1396 969/969 1437/1437
f 1154/1154 967/967 1164/1164
f 1162/1162 1163/1163 1439/1439
f 1368/1368 1440/1440 1441/1441
f 1442/1442 1443/1443 1440/1440
f 1170/1170 1163/1163 1168/1168
f 1440/1440 1368/1368 1172/1172
f 1166/1166 1172/1172 1173/1173
f 1167/1167 1173/1173 1177/1177
f 1176/1176 1177/1177 1230/1230
f 1447/1447 1179/1179 1174/1174
f 1178/1178 1180/1180 1183/1183
f 1180/1180 1179/1179 1178/1178
f 1179/1179 1180/1180 1181/1181
f 1186/1186 1197/1197 1184/1184
f 1168/1168 1184/1184 1182/1182
f 1163/1163 1170/1170 1197/1197
f 1181/1181 1374/1374 1184/1184
f 1198/1198 1184/1184 1186/1186
f 1183/1183 1197/1197 1184/1184
f 1168/1168 1373/1373 1189/1189
f 1185/1185 1188/1188 1187/1187
f 1449/1449 1450/1450 1172/1172
f 1171/1171 1172/1172 1191/1191
f 1188/1188 1191/1191 1190/1190
f 1187/1187 1190/1190 1172/1172
f 1172/1172 1173/1173 1194/1194
f 1191/1191 1194/1194 1193/1193
f 1190/1190 1193/1193 1195/1195
f 1192/1192 1195/1195 1175/1175
f 1372/1372 1453/1453 1175/1175
f 1375/1375 1371/1371 1176/1176
f 1196/1196 1176/1176 1189/1189
f 1189/1189 1192/1192 1182/1182
f 1184/1184 1198/1198 1199/1199
f 1167/1167 1199/1199 1201/1201
f 1177/1177 1201/1201 1200/1200
f 1173/1173 1200/1200 1203/1203
f 1194/1194 1203/1203 1202/1202
f 1193/1193 1202/1202 1204/1204
f 1195/1195 1204/1204 1205/1205
f 1206/1206 1224/1224 1200/1200
f 1199/1199 1223/1223 1207/1207
f 1457/1457 1458/1458 1455/1455
f 1201/1201 1227/1227 1206/1206
f 1208/1208 1225/1225 1202/1202
f 1200/1200 1224/1224 1209/1209
f 1210/1210 1228/1228 1208/1208
f 1459/1459 1226/1226 1456/1456
f 1202/1202 1225/1225 1210/1210
f 1207/1207 1227/1227 1201/1201
f 1204/1204 1228/1228 1211/1211
f 1205/1205 1211/1211 1213/1213
f 1207/1207 1213/1213 1212/1212
f 1206/1206 1212/1212 1215/1215
f 1209/1209 1215/1215 1214/1214
f 1208/1208 1214/1214 1216/1216
f 1210/1210 1216/1216 1376/1376
f 1211/1211 1376/1376 1381/1381
f 1213/1213 1381/1381 1377/1377
f 1212/1212 1377/1377 1379/1379
f 1215/1215 1379/1379 1378/1378
f 1214/1214 1378/1378 1380/1380
f 1216/1216 1380/1380 1200/1200
f 1223/1223 1205/1205 1202/1202
f 1224/1224 1206/1206 1226/1226
f 1225/1225 1208/1208 1207/1207
f 1458/1458 1455/1455 1210/1210
f 1227/1227 1201/1201 1209/1209
f 1228/1228 1464/1464 1204/1204
f 1464/1464 1228/1228 1204/1204
f 1203/1203 1464/1464 1456/1456
f 1225/1225 1226/1226 1453/1453
f 1175/1175 1453/1453 1466/1466
f 1465/1465 1466/1466 1174/1174
f 1230/1230 1179/1179 1340/1340
f 1162/1162 1164/1164 1341/1341
f 1491/1491 1326/1326 1492/1492
f 1328/1328 1492/1492 1493/1493
f 1492/1492 1328/1328 1329/1329
f 1495/1495 1329/1329 1331/1331
f 1496/1496 1331/1331 1497/1497
f 1499/1499 1497/1497 1328/1328
f 1493/1493 1328/1328 1332/1332
f 1498/1498 1332/1332 1342/1342
f 1326/1326 1333/1333 1334/1334
f 1327/1327 1334/1334 1336/1336
f 1329/1329 1336/1336 1338/1338
f 1331/1331 1338/1338 1500/1500
f 1497/1497 1500/1500 1335/1335
f 1328/1328 1335/1335 1339/1339
f 1332/1332 1339/1339 1230/1230
f 1501/1501 1447/1447 1326/1326
f 1341/1341 1490/1490 1342/1342
f 1334/1334 1327/1327 1341/1341
f 1326/1326 1342/1342 1327/1327
f 1341/1341 1342/1342 1502/1502
f 1343/1343 1503/1503 1502/1502
f 1344/1344 1343/1343 1502/1502
f 1345/1345 1344/1344 1502/1502
f 1346/1346 1345/1345 1502/1502
f 1347/1347 1346/1346 1502/1502
f 1348/1348 1347/1347 1504/1504
f 1361/1361 1505/1505 1504/1504
f 1362/1362 1361/1361 1355/1355
f 1363/1363 1362/1362 1356/1356
f 1357/1357 1363/1363 1506/1506
f 1364/1364 1507/1507 1506/1506
f 1365/1365 1364/1364 1358/1358
f 1366/1366 1365/1365 1359/1359
f 1360/1360 1366/1366 1508/1508
f 1508/1508 1355/1355 1510/1510
f 1510/1510 1356/1356 1511/1511
f 1511/1511 1357/1357 1512/1512
f 1512/1512 1358/1358 1514/1514
f 1514/1514 1359/1359 1515/1515
f 1515/1515 1360/1360 1505/1505
f 1516/1516 1505/1505 1361/1361
f 1367/1367 1361/1361 1350/1350
f 1350/1350 1362/1362 1517/1517
f 1517/1517 1507/1507 1352/1352
f 1352/1352 1364/1364 1353/1353
f 1353/1353 1365/1365 1367/1367
f 1516/1516 1349/1349 1361/1361
f 1367/1367 1349/1349 1502/1502
f 1518/1518 1348/1348 1519/1519
f 1360/1360 1515/1515 1520/1520
f 1520/1520 1521/1521 1360/1360
f 1354/1354 1366/1366 1522/1522
f 1354/1354 1521/1521 1441/1441
f 1165/1165 1368/1368 1168/1168
f 1368/1368 1165/1165 1171/1171
f 1369/1369 1165/1165 1171/1171
f 1187/1187 1370/1370 1450/1450
f 1370/1370 1187/1187 1185/1185
f 1189/1189 1371/1371 1175/1175
f 1196/1196 1372/1372 1454/1454
f 1523/1523 1453/1453 1372/1372
f 1454/1454 1523/1523 1373/1373
f 1370/1370 1373/1373 1450/1450
f 1524/1524 1448/1448 1373/1373
f 1450/1450 1524/1524 1186/1186
f 1371/1371 1375/1375 1175/1175
f 1186/1186 1375/1375 1217/1217
f 1221/1221 1463/1463 1525/1525
f 1624/1624 1619/1619 1531/1531
f 1533/1533 1534/1534 1530/1530
f 1531/1531 1544/1544 1624/1624
f 1710/1710 1619/1619 1532/1532
f 1536/1536 1535/1535 1538/1538
f 1546/1546 1544/1544 1543/1543
f 1711/1711 1538/1538 1535/1535
f 1600/1600 1538/1538 1533/1533
f 1540/1540 1712/1712 1710/1710
f 1532/1532 1545/1545 1541/1541
f 1541/1541 1542/1542 1710/1710
f 1710/1710 1532/1532 1541/1541
f 1539/1539 1599/1599 1600/1600
f 1531/1531 1713/1713 1543/1543
f 1532/1532 1601/1601 1545/1545
f 1531/1531 1543/1543 1544/1544
f 1547/1547 1541/1541 1545/1545
f 1712/1712 1540/1540 1714/1714
f 1540/1540 1644/1644 1714/1714
f 1542/1542 1540/1540 1710/1710
f 1538/1538 1550/1550 1536/1536
f 1533/1533 1538/1538 1711/1711
f 1599/1599 1537/1537 1538/1538
f 1530/1530 1539/1539 1600/1600
f 1644/1644 1549/1549 1714/1714
f 1715/1715 1551/1551 1555/1555
f 1555/1555 1552/1552 1553/1553
f 1555/1555 1553/1553 1715/1715
f 1556/1556 1705/1705 1555/1555
f 1705/1705 1552/1552 1555/1555
f 1716/1716 1714/1714 1549/1549
f 1713/1713 1558/1558 1557/1557
f 1557/1557 1543/1543 1713/1713
f 1559/1559 1537/1537 1599/1599
f 1550/1550 1562/1562 1561/1561
f 1561/1561 1536/1536 1550/1550
f 1558/1558 1564/1564 1557/1557
f 1563/1563 1557/1557 1564/1564
f 1543/1543 1557/1557 1546/1546
f 1565/1565 1546/1546 1557/1557
f 1563/1563 1565/1565 1557/1557
f 1607/1607 1616/1616 1594/1594
f 1544/1544 1554/1554 1595/1595
f 1567/1567 1607/1607 1592/1592
f 1574/1574 1572/1572 1583/1583
f 1595/1595 1554/1554 1580/1580
f 1574/1574 1569/1569 1571/1571
f 1597/1597 1566/1566 1717/1717
f 1718/1718 1576/1576 1578/1578
f 1595/1595 1568/1568 1602/1602
f 1593/1593 1577/1577 1568/1568
f 1719/1719 1594/1594 1578/1578
f 1593/1593 1568/1568 1720/1720
f 1595/1595 1602/1602 1545/1545
f 1579/1579 1544/1544 1546/1546
f 1577/1577 1547/1547 1602/1602
f 1576/1576 1646/1646 1581/1581
f 1576/1576 1718/1718 1646/1646
f 1718/1718 1578/1578 1570/1570
f 1572/1572 1574/1574 1571/1571
f 1571/1571 1569/1569 1604/1604
f 1573/1573 1597/1597 1721/1721
f 1597/1597 1717/1717 1721/1721
f 1645/1645 1581/1581 1646/1646
f 1575/1575 1585/1585 1586/1586
f 1722/1722 1586/1586 1585/1585
f 1586/1586 1584/1584 1575/1575
f 1723/1723 1556/1556 1724/1724
f 1603/1603 1567/1567 1592/1592
f 1724/1724 1556/1556 1725/1725
f 1726/1726 1727/1727 1582/1582
f 1606/1606 1596/1596 1605/1605
f 1572/1572 1588/1588 1583/1583
f 1590/1590 1546/1546 1589/1589
f 1546/1546 1590/1590 1579/1579
f 1589/1589 1591/1591 1590/1590
f 1568/1568 1580/1580 1720/1720
f 1728/1728 1720/1720 1580/1580
f 1570/1570 1578/1578 1594/1594
f 1607/1607 1604/1604 1569/1569
f 1607/1607 1594/1594 1729/1729
f 1594/1594 1719/1719 1729/1729
f 1580/1580 1568/1568 1595/1595
f 1624/1624 1544/1544 1601/1601
f 1596/1596 1730/1730 1605/1605
f 1730/1730 1566/1566 1597/1597
f 1605/1605 1730/1730 1597/1597
f 1599/1599 1598/1598 1560/1560
f 1559/1559 1599/1599 1560/1560
f 1539/1539 1598/1598 1599/1599
f 1530/1530 1600/1600 1533/1533
f 1600/1600 1599/1599 1538/1538
f 1601/1601 1595/1595 1545/1545
f 1544/1544 1595/1595 1601/1601
f 1602/1602 1547/1547 1545/1545
f 1602/1602 1568/1568 1577/1577
f 1586/1586 1722/1722 1731/1731
f 1544/1544 1579/1579 1554/1554
f 1607/1607 1569/1569 1616/1616
f 1605/1605 1597/1597 1573/1573
f 1587/1587 1605/1605 1573/1573
f 1587/1587 1606/1606 1605/1605
f 1592/1592 1607/1607 1729/1729
f 1567/1567 1604/1604 1607/1607
f 1585/1585 1732/1732 1722/1722
f 1611/1611 1609/1609 1608/1608
f 1610/1610 1608/1608 1609/1609
f 1610/1610 1612/1612 1608/1608
f 1617/1617 1570/1570 1616/1616
f 1616/1616 1613/1613 1617/1617
f 1615/1615 1718/1718 1618/1618
f 1617/1617 1614/1614 1618/1618
f 1616/1616 1569/1569 1613/1613
f 1616/1616 1570/1570 1594/1594
f 1617/1617 1613/1613 1614/1614
f 1570/1570 1617/1617 1718/1718
f 1618/1618 1718/1718 1617/1617
f 1614/1614 1615/1615 1618/1618
f 1620/1620 1531/1531 1619/1619
f 1531/1531 1620/1620 1621/1621
f 1710/1710 1620/1620 1619/1619
f 1534/1534 1533/1533 1711/1711
f 1620/1620 1623/1623 1621/1621
f 1623/1623 1622/1622 1621/1621
f 1532/1532 1624/1624 1601/1601
f 1619/1619 1624/1624 1532/1532
f 1548/1548 1643/1643 1644/1644
f 1631/1631 1630/1630 1629/1629
f 1549/1549 1633/1633 1716/1716
f 1643/1643 1626/1626 1627/1627
f 1643/1643 1629/1629 1549/1549
f 1632/1632 1629/1629 1630/1630
f 1631/1631 1629/1629 1627/1627
f 1628/1628 1630/1630 1631/1631
f 1632/1632 1630/1630 1628/1628
f 1633/1633 1629/1629 1632/1632
f 1549/1549 1629/1629 1633/1633
f 1733/1733 1734/1734 1625/1625
f 1735/1735 1625/1625 1736/1736
f 1734/1734 1737/1737 1625/1625
f 1736/1736 1625/1625 1738/1738
f 1737/1737 1738/1738 1625/1625
f 1635/1635 1581/1581 1645/1645
f 1639/1639 1636/1636 1638/1638
f 1642/1642 1582/1582 1727/1727
f 1645/1645 1638/1638 1636/1636
f 1636/1636 1635/1635 1645/1645
f 1638/1638 1641/1641 1639/1639
f 1639/1639 1640/1640 1636/1636
f 1639/1639 1637/1637 1640/1640
f 1639/1639 1641/1641 1637/1637
f 1638/1638 1642/1642 1641/1641
f 1638/1638 1582/1582 1642/1642
f 1739/1739 1740/1740 1634/1634
f 1634/1634 1741/1741 1742/1742
f 1743/1743 1739/1739 1634/1634
f 1634/1634 1742/1742 1744/1744
f 1744/1744 1743/1743 1634/1634
f 1627/1627 1629/1629 1643/1643
f 1548/1548 1626/1626 1643/1643
f 1643/1643 1549/1549 1644/1644
f 1540/1540 1548/1548 1644/1644
f 1638/1638 1645/1645 1582/1582
f 1645/1645 1646/1646 1582/1582
f 1582/1582 1646/1646 1726/1726
f 1646/1646 1718/1718 1726/1726
f 1654/1654 1745/1745 1746/1746
f 1654/1654 1653/1653 1652/1652
f 1656/1656 1652/1652 1658/1658
f 1747/1747 1748/1748 1660/1660
f 1654/1654 1746/1746 1747/1747
f 1654/1654 1747/1747 1653/1653
f 1654/1654 1649/1649 1745/1745
f 1652/1652 1656/1656 1654/1654
f 1654/1654 1656/1656 1649/1649
f 1652/1652 1653/1653 1659/1659
f 1657/1657 1655/1655 1656/1656
f 1659/1659 1658/1658 1652/1652
f 1660/1660 1653/1653 1747/1747
f 1653/1653 1660/1660 1659/1659
f 1655/1655 1651/1651 1650/1650
f 1655/1655 1657/1657 1662/1662
f 1662/1662 1661/1661 1655/1655
f 1661/1661 1664/1664 1651/1651
f 1664/1664 1661/1661 1663/1663
f 1663/1663 1661/1661 1665/1665
f 1662/1662 1665/1665 1661/1661
f 1647/1647 1651/1651 1664/1664
f 1664/1664 1663/1663 1666/1666
f 1663/1663 1668/1668 1666/1666
f 1668/1668 1663/1663 1665/1665
f 1666/1666 1667/1667 1664/1664
f 1648/1648 1670/1670 1667/1667
f 1667/1667 1669/1669 1648/1648
f 1749/1749 1651/1651 1647/1647
f 1750/1750 1745/1745 1650/1650
f 1656/1656 1650/1650 1649/1649
f 1745/1745 1649/1649 1650/1650
f 1667/1667 1670/1670 1664/1664
f 1656/1656 1655/1655 1650/1650
f 1664/1664 1670/1670 1647/1647
f 1749/1749 1750/1750 1651/1651
f 1657/1657 1656/1656 1658/1658
f 1655/1655 1661/1661 1651/1651
f 1650/1650 1651/1651 1750/1750
f 1672/1672 1751/1751 1671/1671
f 1751/1751 1672/1672 1752/1752
f 1671/1671 1753/1753 1673/1673
f 1753/1753 1671/1671 1751/1751
f 1754/1754 1752/1752 1672/1672
f 1672/1672 1674/1674 1754/1754
f 1675/1675 1755/1755 1676/1676
f 1755/1755 1675/1675 1756/1756
f 1676/1676 1757/1757 1677/1677
f 1757/1757 1676/1676 1755/1755
f 1678/1678 1758/1758 1675/1675
f 1756/1756 1675/1675 1758/1758
f 1675/1675 1676/1676 1680/1680
f 1680/1680 1679/1679 1675/1675
f 1676/1676 1677/1677 1681/1681
f 1681/1681 1680/1680 1676/1676
f 1682/1682 1675/1675 1679/1679
f 1675/1675 1682/1682 1678/1678
f 1681/1681 1683/1683 1680/1680
f 1680/1680 1683/1683 1679/1679
f 1679/1679 1683/1683 1682/1682
f 1647/1647 1759/1759 1749/1749
f 1690/1690 1760/1760 1761/1761
f 1690/1690 1688/1688 1689/1689
f 1692/1692 1658/1658 1688/1688
f 1762/1762 1660/1660 1748/1748
f 1690/1690 1762/1762 1760/1760
f 1690/1690 1689/1689 1762/1762
f 1690/1690 1761/1761 1685/1685
f 1688/1688 1690/1690 1692/1692
f 1690/1690 1685/1685 1692/1692
f 1688/1688 1659/1659 1689/1689
f 1657/1657 1692/1692 1691/1691
f 1659/1659 1688/1688 1658/1658
f 1660/1660 1762/1762 1689/1689
f 1689/1689 1659/1659 1660/1660
f 1691/1691 1686/1686 1687/1687
f 1691/1691 1662/1662 1657/1657
f 1662/1662 1691/1691 1693/1693
f 1693/1693 1687/1687 1695/1695
f 1695/1695 1694/1694 1693/1693
f 1694/1694 1665/1665 1693/1693
f 1662/1662 1693/1693 1665/1665
f 1684/1684 1695/1695 1687/1687
f 1695/1695 1696/1696 1694/1694
f 1694/1694 1696/1696 1668/1668
f 1668/1668 1665/1665 1694/1694
f 1696/1696 1695/1695 1697/1697
f 1648/1648 1697/1697 1698/1698
f 1697/1697 1648/1648 1669/1669
f 1763/1763 1684/1684 1687/1687
f 1764/1764 1686/1686 1761/1761
f 1692/1692 1685/1685 1686/1686
f 1761/1761 1686/1686 1685/1685
f 1697/1697 1695/1695 1698/1698
f 1692/1692 1686/1686 1691/1691
f 1695/1695 1684/1684 1698/1698
f 1763/1763 1687/1687 1764/1764
f 1657/1657 1658/1658 1692/1692
f 1691/1691 1687/1687 1693/1693
f 1686/1686 1764/1764 1687/1687
f 1700/1700 1699/1699 1765/1765
f 1765/1765 1766/1766 1700/1700
f 1699/1699 1673/1673 1753/1753
f 1753/1753 1765/1765 1699/1699
f 1754/1754 1700/1700 1766/1766
f 1700/1700 1754/1754 1674/1674
f 1701/1701 1702/1702 1767/1767
f 1767/1767 1768/1768 1701/1701
f 1702/1702 1677/1677 1757/1757
f 1757/1757 1767/1767 1702/1702
f 1678/1678 1701/1701 1758/1758
f 1768/1768 1758/1758 1701/1701
f 1701/1701 1704/1704 1702/1702
f 1704/1704 1701/1701 1703/1703
f 1702/1702 1681/1681 1677/1677
f 1681/1681 1702/1702 1704/1704
f 1682/1682 1703/1703 1701/1701
f 1701/1701 1678/1678 1682/1682
f 1681/1681 1704/1704 1683/1683
f 1704/1704 1703/1703 1683/1683
f 1703/1703 1682/1682 1683/1683
f 1684/1684 1763/1763 1769/1769
f 1705/1705 1556/1556 1723/1723
f 1620/1620 1710/1710 1706/1706
f 1706/1706 1708/1708 1620/1620
f 1706/1706 1707/1707 1708/1708
f 1711/1711 1709/1709 1534/1534
