# MOD converted: sakuraeff01.mod
# 2719 verts, 3096 faces

v 222.101913 -15.321885 18.495226
v 222.101807 -15.321924 18.495213
v 222.101700 -15.321987 18.495474
v 222.102066 -15.322120 18.495596
v 222.101898 -15.322333 18.495667
v 222.101608 -15.322533 18.495474
v 222.101379 -15.322526 18.495306
v 222.101318 -15.322415 18.495468
v 222.102356 -15.322750 18.495375
v 222.101974 -15.323117 18.495251
v 222.101562 -15.323239 18.495003
v 222.101288 -15.323046 18.494801
v 222.101166 -15.322683 18.494514
v 222.102692 -15.323389 18.494318
v 222.102249 -15.323475 18.494219
v 222.101761 -15.323338 18.494200
v 222.101456 -15.322985 18.494202
v 222.101242 -15.322540 18.493732
v 222.102783 -15.323043 18.493147
v 222.102554 -15.322350 18.493402
v 222.102127 -15.322560 18.493198
v 222.102005 -15.322020 18.493614
v 222.101624 -15.322077 18.495226
v 222.101807 -15.321924 18.495474
v 222.102066 -15.322120 18.495667
v 222.101608 -15.322533 18.495306
v 222.101318 -15.322415 18.495468
v 222.102356 -15.322750 18.495251
v 222.101562 -15.323239 18.494801
v 222.101166 -15.322683 18.494514
v 222.102692 -15.323389 18.494219
v 222.101761 -15.323338 18.494202
v 222.101242 -15.322540 18.493732
v 222.102783 -15.323043 18.493147
v 222.102554 -15.322350 18.493402
v 222.102127 -15.322560 18.493198
v 222.102005 -15.322020 18.493614
v 222.101624 -15.322077 18.495426
v 222.101852 -15.322095 18.495394
v 222.101532 -15.322238 18.495668
v 222.101929 -15.322670 18.495415
v 222.101288 -15.322834 18.494949
v 222.102066 -15.323340 18.494566
v 222.101334 -15.323050 18.493773
v 222.102417 -15.323071 18.493710
v 222.101685 -15.322544 18.495296
v 222.101990 -15.321978 18.495495
v 222.101669 -15.322203 18.495272
v 222.101486 -15.322199 18.495543
v 222.102188 -15.322292 18.495657
v 222.101562 -15.322885 18.495152
v 222.101181 -15.322636 18.495110
v 222.102524 -15.323143 18.494738
v 222.101624 -15.323341 18.494503
v 222.101135 -15.322684 18.494120
v 222.102798 -15.323307 18.493385
v 222.102692 -15.322692 18.493195
v 222.102402 -15.322375 18.493681
v 222.101990 -15.322880 18.493240
v 222.102066 -15.322207 18.493351
v 222.101837 -15.321997 18.493914
v 222.101364 -15.322320 18.495296
v 222.101990 -15.321978 18.495495
v 222.101669 -15.322203 18.495272
v 222.101486 -15.322199 18.495543
v 222.102188 -15.322292 18.495657
v 222.101562 -15.322885 18.495152
v 222.101181 -15.322636 18.495110
v 222.102524 -15.323143 18.494738
v 222.101624 -15.323341 18.494503
v 222.101135 -15.322684 18.494120
v 222.102798 -15.323307 18.493385
v 222.102692 -15.322692 18.493195
v 222.102402 -15.322375 18.493681
v 222.101990 -15.322880 18.493240
v 222.102066 -15.322207 18.493351
v 222.101837 -15.321997 18.493914
v 222.101364 -15.322320 18.495167
v 222.101913 -15.321885 18.495426
v 222.101852 -15.322095 18.495596
v 222.101898 -15.322333 18.495394
v 222.101532 -15.322238 18.495375
v 222.101974 -15.323117 18.495003
v 222.101288 -15.323046 18.494949
v 222.102066 -15.323340 18.494566
v 222.101334 -15.323050 18.494200
v 222.101456 -15.322985 18.493773
v 222.102417 -15.323071 18.493710
v 222.101685 -15.322544 18.495167
v 222.101913 -15.321885 18.495426
v 222.101852 -15.322095 18.495596
v 222.101898 -15.322333 18.495394
v 222.101532 -15.322238 18.495474
v 222.101379 -15.322526 18.495394
v 222.101532 -15.322238 18.495213
v 222.101700 -15.321987 18.495668
v 222.101929 -15.322670 18.495375
v 222.101974 -15.323117 18.495375
v 222.101974 -15.323117 18.495415
v 222.101288 -15.322834 18.495003
v 222.101288 -15.323046 18.495003
v 222.101288 -15.323046 18.494949
v 222.102066 -15.323340 18.494318
v 222.102249 -15.323475 18.494949
v 222.102066 -15.323340 18.494566
v 222.101334 -15.323050 18.494200
v 222.101456 -15.322985 18.494566
v 222.101334 -15.323050 18.494200
v 222.101456 -15.322985 18.493773
v 222.102417 -15.323071 18.493773
v 222.102417 -15.323071 18.493710
v 222.101685 -15.322544 18.493710
v 222.101685 -15.322544 0.230469
v 159.066345 28.993998 -0.080015
v 159.066238 28.993958 -0.080029
v 159.066132 28.993895 -0.079767
v 159.066498 28.993763 -0.079645
v 159.066330 28.993549 -0.079575
v 159.066040 28.993349 -0.079768
v 159.065811 28.993355 -0.079936
v 159.065750 28.993467 -0.079773
v 159.066788 28.993132 -0.079866
v 159.066406 28.992765 -0.079990
v 159.065994 28.992641 -0.080237
v 159.065720 28.992836 -0.080441
v 159.065598 28.993198 -0.080727
v 159.067123 28.992493 -0.080923
v 159.066681 28.992407 -0.081022
v 159.066193 28.992544 -0.081041
v 159.065887 28.992897 -0.081039
v 159.065674 28.993341 -0.081509
v 159.067215 28.992840 -0.082093
v 159.066986 28.993532 -0.081838
v 159.066559 28.993322 -0.082043
v 159.066437 28.993862 -0.081627
v 159.066055 28.993805 -0.080015
v 159.066238 28.993958 -0.079767
v 159.066498 28.993763 -0.079575
v 159.066040 28.993349 -0.079936
v 159.065750 28.993467 -0.079773
v 159.066788 28.993132 -0.079990
v 159.065994 28.992641 -0.080441
v 159.065598 28.993198 -0.080727
v 159.067123 28.992493 -0.081022
v 159.066193 28.992544 -0.081039
v 159.065674 28.993341 -0.081509
v 159.067215 28.992840 -0.082093
v 159.066986 28.993532 -0.081838
v 159.066559 28.993322 -0.082043
v 159.066437 28.993862 -0.081627
v 159.066055 28.993805 -0.079815
v 159.066284 28.993788 -0.079847
v 159.065964 28.993645 -0.079573
v 159.066360 28.993212 -0.079827
v 159.065720 28.993048 -0.080291
v 159.066498 28.992542 -0.080676
v 159.065765 28.992832 -0.081469
v 159.066849 28.992811 -0.081531
v 159.066116 28.993338 -0.079944
v 159.066422 28.993904 -0.079746
v 159.066101 28.993679 -0.079969
v 159.065918 28.993683 -0.079699
v 159.066620 28.993589 -0.079584
v 159.065994 28.992998 -0.080090
v 159.065613 28.993246 -0.080131
v 159.066956 28.992739 -0.080503
v 159.066055 28.992540 -0.080738
v 159.065567 28.993198 -0.081121
v 159.067230 28.992575 -0.081856
v 159.067123 28.993189 -0.082046
v 159.066833 28.993507 -0.081560
v 159.066422 28.993002 -0.082001
v 159.066498 28.993673 -0.081891
v 159.066269 28.993885 -0.081327
v 159.065796 28.993563 -0.079944
v 159.066422 28.993904 -0.079746
v 159.066101 28.993679 -0.079969
v 159.065918 28.993683 -0.079699
v 159.066620 28.993589 -0.079584
v 159.065994 28.992998 -0.080090
v 159.065613 28.993246 -0.080131
v 159.066956 28.992739 -0.080503
v 159.066055 28.992540 -0.080738
v 159.065567 28.993198 -0.081121
v 159.067230 28.992575 -0.081856
v 159.067123 28.993189 -0.082046
v 159.066833 28.993507 -0.081560
v 159.066422 28.993002 -0.082001
v 159.066498 28.993673 -0.081891
v 159.066269 28.993885 -0.081327
v 159.065796 28.993563 -0.080074
v 159.066345 28.993998 -0.079815
v 159.066284 28.993788 -0.079645
v 159.066330 28.993549 -0.079847
v 159.065964 28.993645 -0.079866
v 159.066406 28.992765 -0.080237
v 159.065720 28.992836 -0.080291
v 159.066498 28.992542 -0.080676
v 159.065765 28.992832 -0.081041
v 159.065887 28.992897 -0.081469
v 159.066849 28.992811 -0.081531
v 159.066116 28.993338 -0.080074
v 159.066345 28.993998 -0.079815
v 159.066284 28.993788 -0.079645
v 159.066330 28.993549 -0.079847
v 159.065964 28.993645 -0.079768
v 159.065811 28.993355 -0.079847
v 159.065964 28.993645 -0.080029
v 159.066132 28.993895 -0.079573
v 159.066360 28.993212 -0.079866
v 159.066406 28.992765 -0.079866
v 159.066406 28.992765 -0.079827
v 159.065720 28.993048 -0.080237
v 159.065720 28.992836 -0.080237
v 159.065720 28.992836 -0.080291
v 159.066498 28.992542 -0.080923
v 159.066681 28.992407 -0.080291
v 159.066498 28.992542 -0.080676
v 159.065765 28.992832 -0.081041
v 159.065887 28.992897 -0.080676
v 159.065765 28.992832 -0.081041
v 159.065887 28.992897 -0.081469
v 159.066849 28.992811 -0.081469
v 159.066849 28.992811 -0.081531
v 159.066116 28.993338 -0.081531
v 159.066116 28.993338 0.230469
v 140.402283 2.490186 33.242767
v 140.402161 2.490177 33.242790
v 140.402039 2.490180 33.242584
v 140.402283 2.490525 33.242500
v 140.402023 2.490653 33.242462
v 140.401672 2.490703 33.242638
v 140.401489 2.490550 33.242775
v 140.401489 2.490385 33.242744
v 140.402237 2.491197 33.242893
v 140.401733 2.491309 33.243023
v 140.401321 2.491193 33.243206
v 140.401184 2.490845 33.243317
v 140.401260 2.490432 33.243832
v 140.402298 2.491693 33.244019
v 140.401871 2.491514 33.244057
v 140.401520 2.491145 33.243984
v 140.401428 2.490699 33.243874
v 140.401428 2.490214 33.244522
v 140.402588 2.491270 33.244923
v 140.402740 2.490437 33.244701
v 140.402252 2.490474 33.244774
v 140.402420 2.489912 33.244362
v 140.402023 2.489867 33.242767
v 140.402161 2.490177 33.242584
v 140.402283 2.490525 33.242462
v 140.401672 2.490703 33.242775
v 140.401489 2.490385 33.242744
v 140.402237 2.491197 33.243023
v 140.401321 2.491193 33.243317
v 140.401260 2.490432 33.243832
v 140.402298 2.491693 33.244057
v 140.401520 2.491145 33.243874
v 140.401428 2.490214 33.244522
v 140.402588 2.491270 33.244923
v 140.402740 2.490437 33.244701
v 140.402252 2.490474 33.244774
v 140.402420 2.489912 33.244362
v 140.402023 2.489867 33.242611
v 140.402115 2.490391 33.242661
v 140.401764 2.490358 33.242508
v 140.401901 2.490973 33.242760
v 140.401260 2.490752 33.243362
v 140.401749 2.491455 33.243637
v 140.401260 2.490776 33.244469
v 140.402252 2.491129 33.244373
v 140.401855 2.490323 33.242722
v 140.402298 2.490327 33.242561
v 140.401901 2.490412 33.242767
v 140.401749 2.490274 33.242561
v 140.402313 2.490746 33.242546
v 140.401474 2.490979 33.242966
v 140.401276 2.490476 33.243187
v 140.402237 2.491536 33.243546
v 140.401352 2.491195 33.243607
v 140.401260 2.490357 33.244202
v 140.402451 2.491585 33.244778
v 140.402695 2.490848 33.244877
v 140.402588 2.490397 33.244492
v 140.401962 2.490743 33.244778
v 140.402374 2.490107 33.244610
v 140.402267 2.489842 33.244110
v 140.401672 2.490024 33.242722
v 140.402298 2.490327 33.242561
v 140.401901 2.490412 33.242767
v 140.401749 2.490274 33.242561
v 140.402313 2.490746 33.242546
v 140.401474 2.490979 33.242966
v 140.401276 2.490476 33.243187
v 140.402237 2.491536 33.243546
v 140.401352 2.491195 33.243607
v 140.401260 2.490357 33.244202
v 140.402451 2.491585 33.244778
v 140.402695 2.490848 33.244877
v 140.402588 2.490397 33.244492
v 140.401962 2.490743 33.244778
v 140.402374 2.490107 33.244610
v 140.402267 2.489842 33.244110
v 140.401672 2.490024 33.242821
v 140.402283 2.490186 33.242611
v 140.402115 2.490391 33.242500
v 140.402023 2.490653 33.242661
v 140.401764 2.490358 33.242893
v 140.401733 2.491309 33.243206
v 140.401184 2.490845 33.243362
v 140.401749 2.491455 33.243637
v 140.401260 2.490776 33.243984
v 140.401428 2.490699 33.244469
v 140.402252 2.491129 33.244373
v 140.401855 2.490323 33.242821
v 140.402283 2.490186 33.242611
v 140.402115 2.490391 33.242500
v 140.402023 2.490653 33.242661
v 140.401764 2.490358 33.242638
v 140.401489 2.490550 33.242661
v 140.401764 2.490358 33.242790
v 140.402039 2.490180 33.242508
v 140.401901 2.490973 33.242893
v 140.401733 2.491309 33.242893
v 140.401733 2.491309 33.242760
v 140.401260 2.490752 33.243206
v 140.401184 2.490845 33.243206
v 140.401184 2.490845 33.243362
v 140.401749 2.491455 33.244019
v 140.401871 2.491514 33.243362
v 140.401749 2.491455 33.243637
v 140.401260 2.490776 33.243984
v 140.401428 2.490699 33.243637
v 140.401260 2.490776 33.243984
v 140.401428 2.490699 33.244469
v 140.402252 2.491129 33.244469
v 140.402252 2.491129 33.244373
v 140.401855 2.490323 33.244373
v 140.401855 2.490323 0.230469
v 144.819778 -7.721536 25.384634
v 144.819672 -7.721575 25.384621
v 144.819565 -7.721639 25.384882
v 144.819931 -7.721771 25.385004
v 144.819763 -7.721984 25.385075
v 144.819473 -7.722184 25.384882
v 144.819244 -7.722177 25.384714
v 144.819183 -7.722066 25.384876
v 144.820221 -7.722402 25.384783
v 144.819839 -7.722768 25.384659
v 144.819427 -7.722890 25.384411
v 144.819153 -7.722697 25.384209
v 144.819031 -7.722334 25.383923
v 144.820557 -7.723040 25.383726
v 144.820114 -7.723126 25.383627
v 144.819626 -7.722989 25.383608
v 144.819321 -7.722636 25.383610
v 144.819107 -7.722191 25.383141
v 144.820648 -7.722693 25.382555
v 144.820419 -7.722001 25.382811
v 144.819992 -7.722211 25.382607
v 144.819870 -7.721671 25.383022
v 144.819489 -7.721727 25.384634
v 144.819672 -7.721575 25.384882
v 144.819931 -7.721771 25.385075
v 144.819473 -7.722184 25.384714
v 144.819183 -7.722066 25.384876
v 144.820221 -7.722402 25.384659
v 144.819427 -7.722890 25.384209
v 144.819031 -7.722334 25.383923
v 144.820557 -7.723040 25.383627
v 144.819626 -7.722989 25.383610
v 144.819107 -7.722191 25.383141
v 144.820648 -7.722693 25.382555
v 144.820419 -7.722001 25.382811
v 144.819992 -7.722211 25.382607
v 144.819870 -7.721671 25.383022
v 144.819489 -7.721727 25.384834
v 144.819717 -7.721746 25.384802
v 144.819397 -7.721889 25.385077
v 144.819794 -7.722321 25.384823
v 144.819153 -7.722485 25.384357
v 144.819931 -7.722991 25.383974
v 144.819199 -7.722701 25.383181
v 144.820282 -7.722722 25.383118
v 144.819550 -7.722195 25.384705
v 144.819855 -7.721629 25.384903
v 144.819534 -7.721854 25.384680
v 144.819351 -7.721850 25.384951
v 144.820053 -7.721943 25.385065
v 144.819427 -7.722535 25.384560
v 144.819046 -7.722287 25.384518
v 144.820389 -7.722794 25.384146
v 144.819489 -7.722992 25.383911
v 144.819000 -7.722335 25.383528
v 144.820663 -7.722958 25.382793
v 144.820557 -7.722343 25.382603
v 144.820267 -7.722026 25.383089
v 144.819855 -7.722531 25.382648
v 144.819931 -7.721859 25.382759
v 144.819702 -7.721648 25.383322
v 144.819229 -7.721971 25.384705
v 144.819855 -7.721629 25.384903
v 144.819534 -7.721854 25.384680
v 144.819351 -7.721850 25.384951
v 144.820053 -7.721943 25.385065
v 144.819427 -7.722535 25.384560
v 144.819046 -7.722287 25.384518
v 144.820389 -7.722794 25.384146
v 144.819489 -7.722992 25.383911
v 144.819000 -7.722335 25.383528
v 144.820663 -7.722958 25.382793
v 144.820557 -7.722343 25.382603
v 144.820267 -7.722026 25.383089
v 144.819855 -7.722531 25.382648
v 144.819931 -7.721859 25.382759
v 144.819702 -7.721648 25.383322
v 144.819229 -7.721971 25.384575
v 144.819778 -7.721536 25.384834
v 144.819717 -7.721746 25.385004
v 144.819763 -7.721984 25.384802
v 144.819397 -7.721889 25.384783
v 144.819839 -7.722768 25.384411
v 144.819153 -7.722697 25.384357
v 144.819931 -7.722991 25.383974
v 144.819199 -7.722701 25.383608
v 144.819321 -7.722636 25.383181
v 144.820282 -7.722722 25.383118
v 144.819550 -7.722195 25.384575
v 144.819778 -7.721536 25.384834
v 144.819717 -7.721746 25.385004
v 144.819763 -7.721984 25.384802
v 144.819397 -7.721889 25.384882
v 144.819244 -7.722177 25.384802
v 144.819397 -7.721889 25.384621
v 144.819565 -7.721639 25.385077
v 144.819794 -7.722321 25.384783
v 144.819839 -7.722768 25.384783
v 144.819839 -7.722768 25.384823
v 144.819153 -7.722485 25.384411
v 144.819153 -7.722697 25.384411
v 144.819153 -7.722697 25.384357
v 144.819931 -7.722991 25.383726
v 144.820114 -7.723126 25.384357
v 144.819931 -7.722991 25.383974
v 144.819199 -7.722701 25.383608
v 144.819321 -7.722636 25.383974
v 144.819199 -7.722701 25.383608
v 144.819321 -7.722636 25.383181
v 144.820282 -7.722722 25.383181
v 144.820282 -7.722722 25.383118
v 144.819550 -7.722195 25.383118
v 144.819550 -7.722195 0.230469
v 95.842079 0.994883 -27.120020
v 95.841957 0.994843 -27.120033
v 95.841858 0.994780 -27.119772
v 95.842224 0.994648 -27.119650
v 95.842056 0.994434 -27.119579
v 95.841766 0.994235 -27.119772
v 95.841545 0.994241 -27.119940
v 95.841469 0.994352 -27.119778
v 95.842514 0.994017 -27.119871
v 95.842133 0.993651 -27.119995
v 95.841713 0.993528 -27.120243
v 95.841446 0.993721 -27.120445
v 95.841316 0.994084 -27.120731
v 95.842850 0.993378 -27.120928
v 95.842407 0.993292 -27.121027
v 95.841919 0.993430 -27.121046
v 95.841621 0.993783 -27.121044
v 95.841393 0.994227 -27.121513
v 95.842949 0.993725 -27.122099
v 95.842705 0.994418 -27.121843
v 95.842285 0.994207 -27.122047
v 95.842163 0.994748 -27.121632
v 95.841774 0.994691 -27.120020
v 95.841957 0.994843 -27.119772
v 95.842224 0.994648 -27.119579
v 95.841766 0.994235 -27.119940
v 95.841469 0.994352 -27.119778
v 95.842514 0.994017 -27.119995
v 95.841713 0.993528 -27.120445
v 95.841316 0.994084 -27.120731
v 95.842850 0.993378 -27.121027
v 95.841919 0.993430 -27.121044
v 95.841393 0.994227 -27.121513
v 95.842949 0.993725 -27.122099
v 95.842705 0.994418 -27.121843
v 95.842285 0.994207 -27.122047
v 95.842163 0.994748 -27.121632
v 95.841774 0.994691 -27.119820
v 95.842010 0.994673 -27.119852
v 95.841698 0.994530 -27.119577
v 95.842087 0.994097 -27.119831
v 95.841438 0.993934 -27.120296
v 95.842232 0.993427 -27.120680
v 95.841499 0.993718 -27.121473
v 95.842575 0.993696 -27.121536
v 95.841850 0.994223 -27.119949
v 95.842148 0.994789 -27.119751
v 95.841827 0.994565 -27.119974
v 95.841644 0.994568 -27.119703
v 95.842354 0.994475 -27.119589
v 95.841721 0.993883 -27.120094
v 95.841339 0.994132 -27.120136
v 95.842690 0.993625 -27.120508
v 95.841774 0.993426 -27.120743
v 95.841301 0.994083 -27.121126
v 95.842957 0.993460 -27.121861
v 95.842850 0.994075 -27.122051
v 95.842552 0.994392 -27.121565
v 95.842148 0.993888 -27.122005
v 95.842224 0.994560 -27.121895
v 95.841988 0.994771 -27.121332
v 95.841530 0.994448 -27.119949
v 95.842148 0.994789 -27.119751
v 95.841827 0.994565 -27.119974
v 95.841644 0.994568 -27.119703
v 95.842354 0.994475 -27.119589
v 95.841721 0.993883 -27.120094
v 95.841339 0.994132 -27.120136
v 95.842690 0.993625 -27.120508
v 95.841774 0.993426 -27.120743
v 95.841301 0.994083 -27.121126
v 95.842957 0.993460 -27.121861
v 95.842850 0.994075 -27.122051
v 95.842552 0.994392 -27.121565
v 95.842148 0.993888 -27.122005
v 95.842224 0.994560 -27.121895
v 95.841988 0.994771 -27.121332
v 95.841530 0.994448 -27.120079
v 95.842079 0.994883 -27.119820
v 95.842010 0.994673 -27.119650
v 95.842056 0.994434 -27.119852
v 95.841698 0.994530 -27.119871
v 95.842133 0.993651 -27.120243
v 95.841446 0.993721 -27.120296
v 95.842232 0.993427 -27.120680
v 95.841499 0.993718 -27.121046
v 95.841621 0.993783 -27.121473
v 95.842575 0.993696 -27.121536
v 95.841850 0.994223 -27.120079
v 95.842079 0.994883 -27.119820
v 95.842010 0.994673 -27.119650
v 95.842056 0.994434 -27.119852
v 95.841698 0.994530 -27.119772
v 95.841545 0.994241 -27.119852
v 95.841698 0.994530 -27.120033
v 95.841858 0.994780 -27.119577
v 95.842087 0.994097 -27.119871
v 95.842133 0.993651 -27.119871
v 95.842133 0.993651 -27.119831
v 95.841438 0.993934 -27.120243
v 95.841446 0.993721 -27.120243
v 95.841446 0.993721 -27.120296
v 95.842232 0.993427 -27.120928
v 95.842407 0.993292 -27.120296
v 95.842232 0.993427 -27.120680
v 95.841499 0.993718 -27.121046
v 95.841621 0.993783 -27.120680
v 95.841499 0.993718 -27.121046
v 95.841621 0.993783 -27.121473
v 95.842575 0.993696 -27.121473
v 95.842575 0.993696 -27.121536
v 95.841850 0.994223 -27.121536
v 95.841850 0.994223 0.230469
v 210.668427 -21.745098 -69.331268
v 210.668320 -21.745138 -69.331284
v 210.668213 -21.745201 -69.331024
v 210.668579 -21.745333 -69.330902
v 210.668411 -21.745546 -69.330833
v 210.668121 -21.745747 -69.331024
v 210.667892 -21.745741 -69.331192
v 210.667831 -21.745628 -69.331024
v 210.668869 -21.745964 -69.331123
v 210.668488 -21.746330 -69.331245
v 210.668076 -21.746454 -69.331490
v 210.667801 -21.746260 -69.331696
v 210.667679 -21.745897 -69.331985
v 210.669205 -21.746603 -69.332176
v 210.668762 -21.746689 -69.332275
v 210.668274 -21.746552 -69.332298
v 210.667969 -21.746199 -69.332298
v 210.667755 -21.745754 -69.332764
v 210.669296 -21.746256 -69.333351
v 210.669067 -21.745564 -69.333092
v 210.668640 -21.745773 -69.333298
v 210.668518 -21.745234 -69.332886
v 210.668137 -21.745291 -69.331268
v 210.668320 -21.745138 -69.331024
v 210.668579 -21.745333 -69.330833
v 210.668121 -21.745747 -69.331192
v 210.667831 -21.745628 -69.331024
v 210.668869 -21.745964 -69.331245
v 210.668076 -21.746454 -69.331696
v 210.667679 -21.745897 -69.331985
v 210.669205 -21.746603 -69.332275
v 210.668274 -21.746552 -69.332298
v 210.667755 -21.745754 -69.332764
v 210.669296 -21.746256 -69.333351
v 210.669067 -21.745564 -69.333092
v 210.668640 -21.745773 -69.333298
v 210.668518 -21.745234 -69.332886
v 210.668137 -21.745291 -69.331070
v 210.668365 -21.745308 -69.331100
v 210.668045 -21.745451 -69.330826
v 210.668442 -21.745884 -69.331085
v 210.667801 -21.746048 -69.331543
v 210.668579 -21.746553 -69.331932
v 210.667847 -21.746264 -69.332726
v 210.668930 -21.746284 -69.332787
v 210.668198 -21.745758 -69.331200
v 210.668503 -21.745192 -69.331001
v 210.668182 -21.745417 -69.331223
v 210.667999 -21.745413 -69.330956
v 210.668701 -21.745506 -69.330841
v 210.668076 -21.746098 -69.331345
v 210.667694 -21.745850 -69.331383
v 210.669037 -21.746357 -69.331757
v 210.668137 -21.746555 -69.331993
v 210.667648 -21.745897 -69.332375
v 210.669312 -21.746521 -69.333115
v 210.669205 -21.745907 -69.333298
v 210.668915 -21.745588 -69.332817
v 210.668503 -21.746094 -69.333260
v 210.668579 -21.745422 -69.333145
v 210.668350 -21.745211 -69.332581
v 210.667877 -21.745533 -69.331200
v 210.668503 -21.745192 -69.331001
v 210.668182 -21.745417 -69.331223
v 210.667999 -21.745413 -69.330956
v 210.668701 -21.745506 -69.330841
v 210.668076 -21.746098 -69.331345
v 210.667694 -21.745850 -69.331383
v 210.669037 -21.746357 -69.331757
v 210.668137 -21.746555 -69.331993
v 210.667648 -21.745897 -69.332375
v 210.669312 -21.746521 -69.333115
v 210.669205 -21.745907 -69.333298
v 210.668915 -21.745588 -69.332817
v 210.668503 -21.746094 -69.333260
v 210.668579 -21.745422 -69.333145
v 210.668350 -21.745211 -69.332581
v 210.667877 -21.745533 -69.331329
v 210.668427 -21.745098 -69.331070
v 210.668365 -21.745308 -69.330902
v 210.668411 -21.745546 -69.331100
v 210.668045 -21.745451 -69.331123
v 210.668488 -21.746330 -69.331490
v 210.667801 -21.746260 -69.331543
v 210.668579 -21.746553 -69.331932
v 210.667847 -21.746264 -69.332298
v 210.667969 -21.746199 -69.332726
v 210.668930 -21.746284 -69.332787
v 210.668198 -21.745758 -69.331329
v 210.668427 -21.745098 -69.331070
v 210.668365 -21.745308 -69.330902
v 210.668411 -21.745546 -69.331100
v 210.668045 -21.745451 -69.331024
v 210.667892 -21.745741 -69.331100
v 210.668045 -21.745451 -69.331284
v 210.668213 -21.745201 -69.330826
v 210.668442 -21.745884 -69.331123
v 210.668488 -21.746330 -69.331123
v 210.668488 -21.746330 -69.331085
v 210.667801 -21.746048 -69.331490
v 210.667801 -21.746260 -69.331490
v 210.667801 -21.746260 -69.331543
v 210.668579 -21.746553 -69.332176
v 210.668762 -21.746689 -69.331543
v 210.668579 -21.746553 -69.331932
v 210.667847 -21.746264 -69.332298
v 210.667969 -21.746199 -69.331932
v 210.667847 -21.746264 -69.332298
v 210.667969 -21.746199 -69.332726
v 210.668930 -21.746284 -69.332726
v 210.668930 -21.746284 -69.332787
v 210.668198 -21.745758 -69.332787
v 210.668198 -21.745758 0.230469
v 176.775085 -21.631519 4.976199
v 176.774979 -21.631559 4.976186
v 176.774872 -21.631622 4.976448
v 176.775238 -21.631754 4.976570
v 176.775070 -21.631968 4.976640
v 176.774780 -21.632168 4.976447
v 176.774551 -21.632162 4.976279
v 176.774490 -21.632050 4.976442
v 176.775528 -21.632385 4.976349
v 176.775146 -21.632751 4.976224
v 176.774734 -21.632875 4.975977
v 176.774460 -21.632681 4.975774
v 176.774338 -21.632318 4.975487
v 176.775864 -21.633024 4.975292
v 176.775421 -21.633110 4.975193
v 176.774933 -21.632973 4.975173
v 176.774628 -21.632620 4.975175
v 176.774414 -21.632175 4.974706
v 176.775955 -21.632677 4.974121
v 176.775726 -21.631985 4.974376
v 176.775299 -21.632195 4.974172
v 176.775177 -21.631655 4.974588
v 176.774796 -21.631712 4.976199
v 176.774979 -21.631559 4.976448
v 176.775238 -21.631754 4.976640
v 176.774780 -21.632168 4.976279
v 176.774490 -21.632050 4.976442
v 176.775528 -21.632385 4.976224
v 176.774734 -21.632875 4.975774
v 176.774338 -21.632318 4.975487
v 176.775864 -21.633024 4.975193
v 176.774933 -21.632973 4.975175
v 176.774414 -21.632175 4.974706
v 176.775955 -21.632677 4.974121
v 176.775726 -21.631985 4.974376
v 176.775299 -21.632195 4.974172
v 176.775177 -21.631655 4.974588
v 176.774796 -21.631712 4.976400
v 176.775024 -21.631729 4.976367
v 176.774704 -21.631872 4.976642
v 176.775101 -21.632305 4.976388
v 176.774460 -21.632469 4.975924
v 176.775238 -21.632975 4.975539
v 176.774506 -21.632685 4.974746
v 176.775589 -21.632706 4.974684
v 176.774857 -21.632179 4.976270
v 176.775162 -21.631613 4.976469
v 176.774841 -21.631838 4.976245
v 176.774658 -21.631834 4.976516
v 176.775360 -21.631927 4.976631
v 176.774734 -21.632519 4.976125
v 176.774353 -21.632271 4.976084
v 176.775696 -21.632778 4.975712
v 176.774796 -21.632977 4.975476
v 176.774307 -21.632318 4.975093
v 176.775970 -21.632942 4.974359
v 176.775864 -21.632328 4.974169
v 176.775574 -21.632010 4.974655
v 176.775162 -21.632515 4.974214
v 176.775238 -21.631844 4.974324
v 176.775009 -21.631632 4.974887
v 176.774536 -21.631954 4.976270
v 176.775162 -21.631613 4.976469
v 176.774841 -21.631838 4.976245
v 176.774658 -21.631834 4.976516
v 176.775360 -21.631927 4.976631
v 176.774734 -21.632519 4.976125
v 176.774353 -21.632271 4.976084
v 176.775696 -21.632778 4.975712
v 176.774796 -21.632977 4.975476
v 176.774307 -21.632318 4.975093
v 176.775970 -21.632942 4.974359
v 176.775864 -21.632328 4.974169
v 176.775574 -21.632010 4.974655
v 176.775162 -21.632515 4.974214
v 176.775238 -21.631844 4.974324
v 176.775009 -21.631632 4.974887
v 176.774536 -21.631954 4.976140
v 176.775085 -21.631519 4.976400
v 176.775024 -21.631729 4.976570
v 176.775070 -21.631968 4.976367
v 176.774704 -21.631872 4.976349
v 176.775146 -21.632751 4.975977
v 176.774460 -21.632681 4.975924
v 176.775238 -21.632975 4.975539
v 176.774506 -21.632685 4.975173
v 176.774628 -21.632620 4.974746
v 176.775589 -21.632706 4.974684
v 176.774857 -21.632179 4.976140
v 176.775085 -21.631519 4.976400
v 176.775024 -21.631729 4.976570
v 176.775070 -21.631968 4.976367
v 176.774704 -21.631872 4.976447
v 176.774551 -21.632162 4.976367
v 176.774704 -21.631872 4.976186
v 176.774872 -21.631622 4.976642
v 176.775101 -21.632305 4.976349
v 176.775146 -21.632751 4.976349
v 176.775146 -21.632751 4.976388
v 176.774460 -21.632469 4.975977
v 176.774460 -21.632681 4.975977
v 176.774460 -21.632681 4.975924
v 176.775238 -21.632975 4.975292
v 176.775421 -21.633110 4.975924
v 176.775238 -21.632975 4.975539
v 176.774506 -21.632685 4.975173
v 176.774628 -21.632620 4.975539
v 176.774506 -21.632685 4.975173
v 176.774628 -21.632620 4.974746
v 176.775589 -21.632706 4.974746
v 176.775589 -21.632706 4.974684
v 176.774857 -21.632179 4.974684
v 176.774857 -21.632179 0.230469
v 222.101837 -24.004843 -8.431372
v 222.101715 -24.004793 -8.431366
v 222.101593 -24.004807 -8.431026
v 222.101898 -24.004930 -8.430839
v 222.101669 -24.004959 -8.430719
v 222.101318 -24.004953 -8.430919
v 222.101105 -24.004950 -8.431129
v 222.101074 -24.004919 -8.430681
v 222.101883 -24.005531 -8.430634
v 222.101364 -24.005693 -8.430737
v 222.100937 -24.005674 -8.431081
v 222.100754 -24.005537 -8.431451
v 222.100769 -24.005310 -8.431142
v 222.101807 -24.006634 -8.431329
v 222.101349 -24.006609 -8.431548
v 222.100967 -24.006350 -8.431779
v 222.100845 -24.005966 -8.432026
v 222.100830 -24.005533 -8.431972
v 222.101959 -24.006804 -8.432848
v 222.101990 -24.006470 -8.432583
v 222.101547 -24.006323 -8.433041
v 222.101654 -24.005966 -8.432708
v 222.101318 -24.005636 -8.431372
v 222.101715 -24.004793 -8.431026
v 222.101898 -24.004930 -8.430719
v 222.101318 -24.004953 -8.431129
v 222.101074 -24.004919 -8.430681
v 222.101883 -24.005531 -8.430737
v 222.100937 -24.005674 -8.431451
v 222.100769 -24.005310 -8.431142
v 222.101807 -24.006634 -8.431548
v 222.100967 -24.006350 -8.432026
v 222.100830 -24.005533 -8.431972
v 222.101959 -24.006804 -8.432848
v 222.101990 -24.006470 -8.432583
v 222.101547 -24.006323 -8.433041
v 222.101654 -24.005966 -8.432708
v 222.101318 -24.005636 -8.431108
v 222.101700 -24.004845 -8.431108
v 222.101364 -24.004835 -8.430606
v 222.101562 -24.005192 -8.430833
v 222.100876 -24.005169 -8.430876
v 222.101318 -24.006119 -8.431449
v 222.100739 -24.005779 -8.431973
v 222.101624 -24.006649 -8.432385
v 222.101196 -24.005974 -8.431258
v 222.101868 -24.004879 -8.431022
v 222.101501 -24.004814 -8.431239
v 222.101318 -24.004845 -8.430865
v 222.101944 -24.005079 -8.430561
v 222.101135 -24.005203 -8.431170
v 222.100845 -24.005106 -8.430773
v 222.101822 -24.006081 -8.431119
v 222.100891 -24.006033 -8.431709
v 222.100723 -24.005451 -8.431507
v 222.101898 -24.006813 -8.432456
v 222.101990 -24.006670 -8.432815
v 222.101837 -24.006399 -8.432204
v 222.101303 -24.006367 -8.432904
v 222.101624 -24.006111 -8.432944
v 222.101517 -24.005798 -8.432364
v 222.101013 -24.005566 -8.431258
v 222.101868 -24.004879 -8.431022
v 222.101501 -24.004814 -8.431239
v 222.101318 -24.004845 -8.430865
v 222.101944 -24.005079 -8.430561
v 222.101135 -24.005203 -8.431170
v 222.100845 -24.005106 -8.430773
v 222.101822 -24.006081 -8.431119
v 222.100891 -24.006033 -8.431709
v 222.100723 -24.005451 -8.431507
v 222.101898 -24.006813 -8.432456
v 222.101990 -24.006670 -8.432815
v 222.101837 -24.006399 -8.432204
v 222.101303 -24.006367 -8.432904
v 222.101624 -24.006111 -8.432944
v 222.101517 -24.005798 -8.432364
v 222.101013 -24.005566 -8.431425
v 222.101837 -24.004843 -8.431108
v 222.101700 -24.004845 -8.430839
v 222.101669 -24.004959 -8.431108
v 222.101364 -24.004835 -8.430634
v 222.101364 -24.005693 -8.431081
v 222.100754 -24.005537 -8.430876
v 222.101318 -24.006119 -8.431449
v 222.100739 -24.005779 -8.431779
v 222.100845 -24.005966 -8.431973
v 222.101624 -24.006649 -8.432385
v 222.101196 -24.005974 -8.431425
v 222.101837 -24.004843 -8.431108
v 222.101700 -24.004845 -8.430839
v 222.101669 -24.004959 -8.431108
v 222.101364 -24.004835 -8.430919
v 222.101105 -24.004950 -8.431108
v 222.101364 -24.004835 -8.431366
v 222.101593 -24.004807 -8.430606
v 222.101562 -24.005192 -8.430634
v 222.101364 -24.005693 -8.430634
v 222.101364 -24.005693 -8.430833
v 222.100876 -24.005169 -8.431081
v 222.100754 -24.005537 -8.431081
v 222.100754 -24.005537 -8.430876
v 222.101318 -24.006119 -8.431329
v 222.101349 -24.006609 -8.430876
v 222.101318 -24.006119 -8.431449
v 222.100739 -24.005779 -8.431779
v 222.100845 -24.005966 -8.431449
v 222.100739 -24.005779 -8.431779
v 222.100845 -24.005966 -8.431973
v 222.101624 -24.006649 -8.431973
v 222.101624 -24.006649 -8.432385
v 222.101196 -24.005974 -8.432385
v 222.101196 -24.005974 0.230469
v 33.458080 23.090366 -36.392704
v 33.457958 23.090326 -36.392715
v 33.457859 23.090263 -36.392452
v 33.458229 23.090132 -36.392330
v 33.458057 23.089918 -36.392262
v 33.457767 23.089718 -36.392456
v 33.457542 23.089724 -36.392624
v 33.457474 23.089836 -36.392460
v 33.458511 23.089500 -36.392551
v 33.458130 23.089134 -36.392677
v 33.457718 23.089010 -36.392925
v 33.457447 23.089205 -36.393127
v 33.457321 23.089567 -36.393414
v 33.458851 23.088861 -36.393608
v 33.458408 23.088776 -36.393711
v 33.457920 23.088913 -36.393730
v 33.457623 23.089266 -36.393726
v 33.457397 23.089710 -36.394196
v 33.458950 23.089209 -36.394779
v 33.458710 23.089901 -36.394527
v 33.458286 23.089691 -36.394730
v 33.458168 23.090231 -36.394314
v 33.457775 23.090174 -36.392704
v 33.457958 23.090326 -36.392452
v 33.458229 23.090132 -36.392262
v 33.457767 23.089718 -36.392624
v 33.457474 23.089836 -36.392460
v 33.458511 23.089500 -36.392677
v 33.457718 23.089010 -36.393127
v 33.457321 23.089567 -36.393414
v 33.458851 23.088861 -36.393711
v 33.457920 23.088913 -36.393726
v 33.457397 23.089710 -36.394196
v 33.458950 23.089209 -36.394779
v 33.458710 23.089901 -36.394527
v 33.458286 23.089691 -36.394730
v 33.458168 23.090231 -36.394314
v 33.457775 23.090174 -36.392502
v 33.458012 23.090157 -36.392532
v 33.457699 23.090014 -36.392262
v 33.458092 23.089581 -36.392513
v 33.457443 23.089417 -36.392979
v 33.458233 23.088911 -36.393364
v 33.457497 23.089201 -36.394157
v 33.458576 23.089180 -36.394218
v 33.457851 23.089706 -36.392632
v 33.458149 23.090273 -36.392433
v 33.457829 23.090048 -36.392654
v 33.457645 23.090052 -36.392387
v 33.458355 23.089958 -36.392269
v 33.457718 23.089367 -36.392776
v 33.457336 23.089615 -36.392818
v 33.458687 23.089108 -36.393188
v 33.457775 23.088909 -36.393425
v 33.457302 23.089567 -36.393810
v 33.458958 23.088943 -36.394543
v 33.458851 23.089558 -36.394733
v 33.458557 23.089876 -36.394245
v 33.458149 23.089371 -36.394688
v 33.458221 23.090042 -36.394577
v 33.457993 23.090254 -36.394016
v 33.457527 23.089931 -36.392632
v 33.458149 23.090273 -36.392433
v 33.457829 23.090048 -36.392654
v 33.457645 23.090052 -36.392387
v 33.458355 23.089958 -36.392269
v 33.457718 23.089367 -36.392776
v 33.457336 23.089615 -36.392818
v 33.458687 23.089108 -36.393188
v 33.457775 23.088909 -36.393425
v 33.457302 23.089567 -36.393810
v 33.458958 23.088943 -36.394543
v 33.458851 23.089558 -36.394733
v 33.458557 23.089876 -36.394245
v 33.458149 23.089371 -36.394688
v 33.458221 23.090042 -36.394577
v 33.457993 23.090254 -36.394016
v 33.457527 23.089931 -36.392761
v 33.458080 23.090366 -36.392502
v 33.458012 23.090157 -36.392330
v 33.458057 23.089918 -36.392532
v 33.457699 23.090014 -36.392551
v 33.458130 23.089134 -36.392925
v 33.457447 23.089205 -36.392979
v 33.458233 23.088911 -36.393364
v 33.457497 23.089201 -36.393730
v 33.457623 23.089266 -36.394157
v 33.458576 23.089180 -36.394218
v 33.457851 23.089706 -36.392761
v 33.458080 23.090366 -36.392502
v 33.458012 23.090157 -36.392330
v 33.458057 23.089918 -36.392532
v 33.457699 23.090014 -36.392456
v 33.457542 23.089724 -36.392532
v 33.457699 23.090014 -36.392715
v 33.457859 23.090263 -36.392262
v 33.458092 23.089581 -36.392551
v 33.458130 23.089134 -36.392551
v 33.458130 23.089134 -36.392513
v 33.457443 23.089417 -36.392925
v 33.457447 23.089205 -36.392925
v 33.457447 23.089205 -36.392979
v 33.458233 23.088911 -36.393608
v 33.458408 23.088776 -36.392979
v 33.458233 23.088911 -36.393364
v 33.457497 23.089201 -36.393730
v 33.457623 23.089266 -36.393364
v 33.457497 23.089201 -36.393730
v 33.457623 23.089266 -36.394157
v 33.458576 23.089180 -36.394157
v 33.458576 23.089180 -36.394218
v 33.457851 23.089706 -36.394218
v 33.457851 23.089706 0.230469
v 166.299255 -33.021114 21.565016
v 166.299149 -33.021152 21.565002
v 166.299042 -33.021217 21.565264
v 166.299408 -33.021351 21.565386
v 166.299240 -33.021564 21.565456
v 166.298950 -33.021763 21.565264
v 166.298721 -33.021755 21.565096
v 166.298660 -33.021645 21.565258
v 166.299698 -33.021980 21.565165
v 166.299316 -33.022346 21.565041
v 166.298904 -33.022469 21.564793
v 166.298630 -33.022278 21.564590
v 166.298508 -33.021912 21.564304
v 166.300034 -33.022621 21.564108
v 166.299591 -33.022705 21.564009
v 166.299103 -33.022568 21.563990
v 166.298798 -33.022213 21.563992
v 166.298584 -33.021770 21.563522
v 166.300125 -33.022274 21.562937
v 166.299896 -33.021580 21.563192
v 166.299469 -33.021790 21.562988
v 166.299347 -33.021252 21.563404
v 166.298965 -33.021305 21.565016
v 166.299149 -33.021152 21.565264
v 166.299408 -33.021351 21.565456
v 166.298950 -33.021763 21.565096
v 166.298660 -33.021645 21.565258
v 166.299698 -33.021980 21.565041
v 166.298904 -33.022469 21.564590
v 166.298508 -33.021912 21.564304
v 166.300034 -33.022621 21.564009
v 166.299103 -33.022568 21.563992
v 166.298584 -33.021770 21.563522
v 166.300125 -33.022274 21.562937
v 166.299896 -33.021580 21.563192
v 166.299469 -33.021790 21.562988
v 166.299347 -33.021252 21.563404
v 166.298965 -33.021305 21.565216
v 166.299194 -33.021324 21.565184
v 166.298874 -33.021469 21.565458
v 166.299271 -33.021900 21.565205
v 166.298630 -33.022064 21.564739
v 166.299408 -33.022572 21.564356
v 166.298676 -33.022278 21.563562
v 166.299759 -33.022301 21.563499
v 166.299026 -33.021774 21.565086
v 166.299332 -33.021210 21.565285
v 166.299011 -33.021431 21.565062
v 166.298828 -33.021431 21.565332
v 166.299530 -33.021523 21.565447
v 166.298904 -33.022114 21.564941
v 166.298523 -33.021866 21.564899
v 166.299866 -33.022373 21.564528
v 166.298965 -33.022572 21.564293
v 166.298477 -33.021915 21.563910
v 166.300140 -33.022537 21.563175
v 166.300034 -33.021923 21.562984
v 166.299744 -33.021606 21.563471
v 166.299332 -33.022110 21.563030
v 166.299408 -33.021439 21.563141
v 166.299179 -33.021229 21.563704
v 166.298706 -33.021549 21.565086
v 166.299332 -33.021210 21.565285
v 166.299011 -33.021431 21.565062
v 166.298828 -33.021431 21.565332
v 166.299530 -33.021523 21.565447
v 166.298904 -33.022114 21.564941
v 166.298523 -33.021866 21.564899
v 166.299866 -33.022373 21.564528
v 166.298965 -33.022572 21.564293
v 166.298477 -33.021915 21.563910
v 166.300140 -33.022537 21.563175
v 166.300034 -33.021923 21.562984
v 166.299744 -33.021606 21.563471
v 166.299332 -33.022110 21.563030
v 166.299408 -33.021439 21.563141
v 166.299179 -33.021229 21.563704
v 166.298706 -33.021549 21.564957
v 166.299255 -33.021114 21.565216
v 166.299194 -33.021324 21.565386
v 166.299240 -33.021564 21.565184
v 166.298874 -33.021469 21.565165
v 166.299316 -33.022346 21.564793
v 166.298630 -33.022278 21.564739
v 166.299408 -33.022572 21.564356
v 166.298676 -33.022278 21.563990
v 166.298798 -33.022213 21.563562
v 166.299759 -33.022301 21.563499
v 166.299026 -33.021774 21.564957
v 166.299255 -33.021114 21.565216
v 166.299194 -33.021324 21.565386
v 166.299240 -33.021564 21.565184
v 166.298874 -33.021469 21.565264
v 166.298721 -33.021755 21.565184
v 166.298874 -33.021469 21.565002
v 166.299042 -33.021217 21.565458
v 166.299271 -33.021900 21.565165
v 166.299316 -33.022346 21.565165
v 166.299316 -33.022346 21.565205
v 166.298630 -33.022064 21.564793
v 166.298630 -33.022278 21.564793
v 166.298630 -33.022278 21.564739
v 166.299408 -33.022572 21.564108
v 166.299591 -33.022705 21.564739
v 166.299408 -33.022572 21.564356
v 166.298676 -33.022278 21.563990
v 166.298798 -33.022213 21.564356
v 166.298676 -33.022278 21.563990
v 166.298798 -33.022213 21.563562
v 166.299759 -33.022301 21.563562
v 166.299759 -33.022301 21.563499
v 166.299026 -33.021774 21.563499
v 166.299026 -33.021774 0.230469
v 56.071636 3.614814 3.166809
v 56.071514 3.614775 3.166795
v 56.071415 3.614712 3.167058
v 56.071785 3.614579 3.167179
v 56.071613 3.614366 3.167249
v 56.071323 3.614167 3.167057
v 56.071098 3.614173 3.166888
v 56.071030 3.614284 3.167051
v 56.072067 3.613949 3.166959
v 56.071686 3.613582 3.166834
v 56.071274 3.613460 3.166587
v 56.071003 3.613653 3.166384
v 56.070877 3.614016 3.166097
v 56.072407 3.613310 3.165901
v 56.071964 3.613224 3.165802
v 56.071476 3.613362 3.165783
v 56.071178 3.613715 3.165785
v 56.070953 3.614159 3.165315
v 56.072506 3.613657 3.164731
v 56.072266 3.614350 3.164986
v 56.071842 3.614139 3.164781
v 56.071724 3.614679 3.165197
v 56.071331 3.614623 3.166809
v 56.071514 3.614775 3.167058
v 56.071785 3.614579 3.167249
v 56.071323 3.614167 3.166888
v 56.071030 3.614284 3.167051
v 56.072067 3.613949 3.166834
v 56.071274 3.613460 3.166384
v 56.070877 3.614016 3.166097
v 56.072407 3.613310 3.165802
v 56.071476 3.613362 3.165785
v 56.070953 3.614159 3.165315
v 56.072506 3.613657 3.164731
v 56.072266 3.614350 3.164986
v 56.071842 3.614139 3.164781
v 56.071724 3.614679 3.165197
v 56.071331 3.614623 3.167009
v 56.071568 3.614604 3.166977
v 56.071255 3.614462 3.167252
v 56.071648 3.614029 3.166997
v 56.070999 3.613865 3.166533
v 56.071789 3.613359 3.166148
v 56.071053 3.613650 3.165355
v 56.072132 3.613628 3.165293
v 56.071407 3.614155 3.166880
v 56.071705 3.614721 3.167078
v 56.071384 3.614497 3.166855
v 56.071201 3.614500 3.167125
v 56.071911 3.614407 3.167240
v 56.071274 3.613815 3.166734
v 56.070892 3.614064 3.166693
v 56.072243 3.613556 3.166321
v 56.071331 3.613358 3.166086
v 56.070858 3.614015 3.165703
v 56.072514 3.613392 3.164968
v 56.072407 3.614007 3.164778
v 56.072113 3.614324 3.165264
v 56.071705 3.613820 3.164823
v 56.071777 3.614492 3.164933
v 56.071548 3.614702 3.165497
v 56.071083 3.614379 3.166880
v 56.071705 3.614721 3.167078
v 56.071384 3.614497 3.166855
v 56.071201 3.614500 3.167125
v 56.071911 3.614407 3.167240
v 56.071274 3.613815 3.166734
v 56.070892 3.614064 3.166693
v 56.072243 3.613556 3.166321
v 56.071331 3.613358 3.166086
v 56.070858 3.614015 3.165703
v 56.072514 3.613392 3.164968
v 56.072407 3.614007 3.164778
v 56.072113 3.614324 3.165264
v 56.071705 3.613820 3.164823
v 56.071777 3.614492 3.164933
v 56.071548 3.614702 3.165497
v 56.071083 3.614379 3.166750
v 56.071636 3.614814 3.167009
v 56.071568 3.614604 3.167179
v 56.071613 3.614366 3.166977
v 56.071255 3.614462 3.166959
v 56.071686 3.613582 3.166587
v 56.071003 3.613653 3.166533
v 56.071789 3.613359 3.166148
v 56.071053 3.613650 3.165783
v 56.071178 3.613715 3.165355
v 56.072132 3.613628 3.165293
v 56.071407 3.614155 3.166750
v 56.071636 3.614814 3.167009
v 56.071568 3.614604 3.167179
v 56.071613 3.614366 3.166977
v 56.071255 3.614462 3.167057
v 56.071098 3.614173 3.166977
v 56.071255 3.614462 3.166795
v 56.071415 3.614712 3.167252
v 56.071648 3.614029 3.166959
v 56.071686 3.613582 3.166959
v 56.071686 3.613582 3.166997
v 56.070999 3.613865 3.166587
v 56.071003 3.613653 3.166587
v 56.071003 3.613653 3.166533
v 56.071789 3.613359 3.165901
v 56.071964 3.613224 3.166533
v 56.071789 3.613359 3.166148
v 56.071053 3.613650 3.165783
v 56.071178 3.613715 3.166148
v 56.071053 3.613650 3.165783
v 56.071178 3.613715 3.165355
v 56.072132 3.613628 3.165355
v 56.072132 3.613628 3.165293
v 56.071407 3.614155 3.165293
v 56.071407 3.614155 0.230469
v 138.714783 17.313208 8.158076
v 138.714676 17.313168 8.158062
v 138.714569 17.313105 8.158324
v 138.714935 17.312973 8.158446
v 138.714767 17.312759 8.158516
v 138.714478 17.312559 8.158323
v 138.714249 17.312565 8.158155
v 138.714188 17.312677 8.158319
v 138.715225 17.312342 8.158226
v 138.714844 17.311975 8.158101
v 138.714432 17.311852 8.157854
v 138.714157 17.312046 8.157651
v 138.714035 17.312408 8.157364
v 138.715561 17.311703 8.157168
v 138.715118 17.311617 8.157069
v 138.714630 17.311754 8.157050
v 138.714325 17.312107 8.157052
v 138.714111 17.312551 8.156582
v 138.715652 17.312050 8.155998
v 138.715424 17.312742 8.156253
v 138.714996 17.312532 8.156048
v 138.714874 17.313072 8.156465
v 138.714493 17.313015 8.158076
v 138.714676 17.313168 8.158324
v 138.714935 17.312973 8.158516
v 138.714478 17.312559 8.158155
v 138.714188 17.312677 8.158319
v 138.715225 17.312342 8.158101
v 138.714432 17.311852 8.157651
v 138.714035 17.312408 8.157364
v 138.715561 17.311703 8.157069
v 138.714630 17.311754 8.157052
v 138.714111 17.312551 8.156582
v 138.715652 17.312050 8.155998
v 138.715424 17.312742 8.156253
v 138.714996 17.312532 8.156048
v 138.714874 17.313072 8.156465
v 138.714493 17.313015 8.158277
v 138.714722 17.312998 8.158244
v 138.714401 17.312855 8.158519
v 138.714798 17.312422 8.158264
v 138.714157 17.312258 8.157800
v 138.714935 17.311752 8.157415
v 138.714203 17.312042 8.156623
v 138.715286 17.312021 8.156561
v 138.714554 17.312548 8.158147
v 138.714859 17.313114 8.158345
v 138.714539 17.312889 8.158122
v 138.714355 17.312893 8.158392
v 138.715057 17.312799 8.158507
v 138.714432 17.312208 8.158002
v 138.714050 17.312456 8.157961
v 138.715393 17.311949 8.157588
v 138.714493 17.311750 8.157353
v 138.714005 17.312408 8.156970
v 138.715668 17.311785 8.156236
v 138.715561 17.312399 8.156046
v 138.715271 17.312717 8.156531
v 138.714859 17.312212 8.156091
v 138.714935 17.312883 8.156200
v 138.714706 17.313095 8.156764
v 138.714233 17.312773 8.158147
v 138.714859 17.313114 8.158345
v 138.714539 17.312889 8.158122
v 138.714355 17.312893 8.158392
v 138.715057 17.312799 8.158507
v 138.714432 17.312208 8.158002
v 138.714050 17.312456 8.157961
v 138.715393 17.311949 8.157588
v 138.714493 17.311750 8.157353
v 138.714005 17.312408 8.156970
v 138.715668 17.311785 8.156236
v 138.715561 17.312399 8.156046
v 138.715271 17.312717 8.156531
v 138.714859 17.312212 8.156091
v 138.714935 17.312883 8.156200
v 138.714706 17.313095 8.156764
v 138.714233 17.312773 8.158017
v 138.714783 17.313208 8.158277
v 138.714722 17.312998 8.158446
v 138.714767 17.312759 8.158244
v 138.714401 17.312855 8.158226
v 138.714844 17.311975 8.157854
v 138.714157 17.312046 8.157800
v 138.714935 17.311752 8.157415
v 138.714203 17.312042 8.157050
v 138.714325 17.312107 8.156623
v 138.715286 17.312021 8.156561
v 138.714554 17.312548 8.158017
v 138.714783 17.313208 8.158277
v 138.714722 17.312998 8.158446
v 138.714767 17.312759 8.158244
v 138.714401 17.312855 8.158323
v 138.714249 17.312565 8.158244
v 138.714401 17.312855 8.158062
v 138.714569 17.313105 8.158519
v 138.714798 17.312422 8.158226
v 138.714844 17.311975 8.158226
v 138.714844 17.311975 8.158264
v 138.714157 17.312258 8.157854
v 138.714157 17.312046 8.157854
v 138.714157 17.312046 8.157800
v 138.714935 17.311752 8.157168
v 138.715118 17.311617 8.157800
v 138.714935 17.311752 8.157415
v 138.714203 17.312042 8.157050
v 138.714325 17.312107 8.157415
v 138.714203 17.312042 8.157050
v 138.714325 17.312107 8.156623
v 138.715286 17.312021 8.156623
v 138.715286 17.312021 8.156561
v 138.714554 17.312548 8.156561
v 138.714554 17.312548 0.230469
v 85.145546 35.849911 0.367735
v 85.145424 35.849873 0.367721
v 85.145325 35.849808 0.367983
v 85.145691 35.849674 0.368105
v 85.145523 35.849461 0.368175
v 85.145233 35.849262 0.367983
v 85.145012 35.849270 0.367814
v 85.144936 35.849380 0.367977
v 85.145981 35.849045 0.367885
v 85.145599 35.848679 0.367760
v 85.145180 35.848557 0.367513
v 85.144913 35.848747 0.367310
v 85.144783 35.849113 0.367023
v 85.146317 35.848404 0.366827
v 85.145874 35.848320 0.366728
v 85.145386 35.848457 0.366709
v 85.145088 35.848812 0.366711
v 85.144859 35.849255 0.366241
v 85.146416 35.848751 0.365657
v 85.146172 35.849445 0.365912
v 85.145752 35.849236 0.365707
v 85.145630 35.849773 0.366123
v 85.145241 35.849720 0.367735
v 85.145424 35.849873 0.367983
v 85.145691 35.849674 0.368175
v 85.145233 35.849262 0.367814
v 85.144936 35.849380 0.367977
v 85.145981 35.849045 0.367760
v 85.145180 35.848557 0.367310
v 85.144783 35.849113 0.367023
v 85.146317 35.848404 0.366728
v 85.145386 35.848457 0.366711
v 85.144859 35.849255 0.366241
v 85.146416 35.848751 0.365657
v 85.146172 35.849445 0.365912
v 85.145752 35.849236 0.365707
v 85.145630 35.849773 0.366123
v 85.145241 35.849720 0.367935
v 85.145477 35.849701 0.367903
v 85.145164 35.849556 0.368178
v 85.145554 35.849125 0.367923
v 85.144905 35.848961 0.367459
v 85.145699 35.848454 0.367074
v 85.144966 35.848747 0.366281
v 85.146042 35.848724 0.366219
v 85.145317 35.849251 0.367806
v 85.145615 35.849815 0.368004
v 85.145294 35.849594 0.367781
v 85.145111 35.849594 0.368051
v 85.145821 35.849503 0.368166
v 85.145187 35.848911 0.367660
v 85.144806 35.849159 0.367619
v 85.146156 35.848652 0.367247
v 85.145241 35.848454 0.367012
v 85.144768 35.849110 0.366629
v 85.146423 35.848488 0.365894
v 85.146317 35.849102 0.365705
v 85.146019 35.849419 0.366190
v 85.145615 35.848915 0.365749
v 85.145691 35.849586 0.365859
v 85.145454 35.849796 0.366423
v 85.144997 35.849476 0.367806
v 85.145615 35.849815 0.368004
v 85.145294 35.849594 0.367781
v 85.145111 35.849594 0.368051
v 85.145821 35.849503 0.368166
v 85.145187 35.848911 0.367660
v 85.144806 35.849159 0.367619
v 85.146156 35.848652 0.367247
v 85.145241 35.848454 0.367012
v 85.144768 35.849110 0.366629
v 85.146423 35.848488 0.365894
v 85.146317 35.849102 0.365705
v 85.146019 35.849419 0.366190
v 85.145615 35.848915 0.365749
v 85.145691 35.849586 0.365859
v 85.145454 35.849796 0.366423
v 85.144997 35.849476 0.367676
v 85.145546 35.849911 0.367935
v 85.145477 35.849701 0.368105
v 85.145523 35.849461 0.367903
v 85.145164 35.849556 0.367885
v 85.145599 35.848679 0.367513
v 85.144913 35.848747 0.367459
v 85.145699 35.848454 0.367074
v 85.144966 35.848747 0.366709
v 85.145088 35.848812 0.366281
v 85.146042 35.848724 0.366219
v 85.145317 35.849251 0.367676
v 85.145546 35.849911 0.367935
v 85.145477 35.849701 0.368105
v 85.145523 35.849461 0.367903
v 85.145164 35.849556 0.367983
v 85.145012 35.849270 0.367903
v 85.145164 35.849556 0.367721
v 85.145325 35.849808 0.368178
v 85.145554 35.849125 0.367885
v 85.145599 35.848679 0.367885
v 85.145599 35.848679 0.367923
v 85.144905 35.848961 0.367513
v 85.144913 35.848747 0.367513
v 85.144913 35.848747 0.367459
v 85.145699 35.848454 0.366827
v 85.145874 35.848320 0.367459
v 85.145699 35.848454 0.367074
v 85.144966 35.848747 0.366709
v 85.145088 35.848812 0.367074
v 85.144966 35.848747 0.366709
v 85.145088 35.848812 0.366281
v 85.146042 35.848724 0.366281
v 85.146042 35.848724 0.366219
v 85.145317 35.849251 0.366219
v 85.145317 35.849251 0.230469
v 164.109268 -36.668713 -3.625516
v 164.109161 -36.668751 -3.625529
v 164.109055 -36.668816 -3.625267
v 164.109421 -36.668949 -3.625145
v 164.109253 -36.669163 -3.625075
v 164.108963 -36.669361 -3.625268
v 164.108734 -36.669353 -3.625436
v 164.108673 -36.669243 -3.625273
v 164.109711 -36.669579 -3.625366
v 164.109329 -36.669945 -3.625491
v 164.108917 -36.670067 -3.625738
v 164.108643 -36.669876 -3.625941
v 164.108521 -36.669510 -3.626228
v 164.110046 -36.670219 -3.626423
v 164.109604 -36.670303 -3.626523
v 164.109116 -36.670166 -3.626542
v 164.108810 -36.669811 -3.626540
v 164.108597 -36.669369 -3.627010
v 164.110138 -36.669872 -3.627594
v 164.109909 -36.669178 -3.627339
v 164.109482 -36.669388 -3.627543
v 164.109360 -36.668850 -3.627127
v 164.108978 -36.668903 -3.625516
v 164.109161 -36.668751 -3.625267
v 164.109421 -36.668949 -3.625075
v 164.108963 -36.669361 -3.625436
v 164.108673 -36.669243 -3.625273
v 164.109711 -36.669579 -3.625491
v 164.108917 -36.670067 -3.625941
v 164.108521 -36.669510 -3.626228
v 164.110046 -36.670219 -3.626523
v 164.109116 -36.670166 -3.626540
v 164.108597 -36.669369 -3.627010
v 164.110138 -36.669872 -3.627594
v 164.109909 -36.669178 -3.627339
v 164.109482 -36.669388 -3.627543
v 164.109360 -36.668850 -3.627127
v 164.108978 -36.668903 -3.625315
v 164.109207 -36.668922 -3.625347
v 164.108887 -36.669067 -3.625073
v 164.109283 -36.669498 -3.625327
v 164.108643 -36.669662 -3.625792
v 164.109421 -36.670170 -3.626176
v 164.108688 -36.669876 -3.626969
v 164.109772 -36.669899 -3.627031
v 164.109039 -36.669373 -3.625445
v 164.109344 -36.668808 -3.625247
v 164.109024 -36.669029 -3.625469
v 164.108841 -36.669029 -3.625200
v 164.109543 -36.669121 -3.625084
v 164.108917 -36.669712 -3.625590
v 164.108536 -36.669464 -3.625631
v 164.109879 -36.669971 -3.626003
v 164.108978 -36.670170 -3.626239
v 164.108490 -36.669514 -3.626622
v 164.110153 -36.670135 -3.627357
v 164.110046 -36.669521 -3.627546
v 164.109756 -36.669205 -3.627060
v 164.109344 -36.669708 -3.627501
v 164.109421 -36.669037 -3.627391
v 164.109192 -36.668827 -3.626828
v 164.108719 -36.669147 -3.625445
v 164.109344 -36.668808 -3.625247
v 164.109024 -36.669029 -3.625469
v 164.108841 -36.669029 -3.625200
v 164.109543 -36.669121 -3.625084
v 164.108917 -36.669712 -3.625590
v 164.108536 -36.669464 -3.625631
v 164.109879 -36.669971 -3.626003
v 164.108978 -36.670170 -3.626239
v 164.108490 -36.669514 -3.626622
v 164.110153 -36.670135 -3.627357
v 164.110046 -36.669521 -3.627546
v 164.109756 -36.669205 -3.627060
v 164.109344 -36.669708 -3.627501
v 164.109421 -36.669037 -3.627391
v 164.109192 -36.668827 -3.626828
v 164.108719 -36.669147 -3.625575
v 164.109268 -36.668713 -3.625315
v 164.109207 -36.668922 -3.625145
v 164.109253 -36.669163 -3.625347
v 164.108887 -36.669067 -3.625366
v 164.109329 -36.669945 -3.625738
v 164.108643 -36.669876 -3.625792
v 164.109421 -36.670170 -3.626176
v 164.108688 -36.669876 -3.626542
v 164.108810 -36.669811 -3.626969
v 164.109772 -36.669899 -3.627031
v 164.109039 -36.669373 -3.625575
v 164.109268 -36.668713 -3.625315
v 164.109207 -36.668922 -3.625145
v 164.109253 -36.669163 -3.625347
v 164.108887 -36.669067 -3.625268
v 164.108734 -36.669353 -3.625347
v 164.108887 -36.669067 -3.625529
v 164.109055 -36.668816 -3.625073
v 164.109283 -36.669498 -3.625366
v 164.109329 -36.669945 -3.625366
v 164.109329 -36.669945 -3.625327
v 164.108643 -36.669662 -3.625738
v 164.108643 -36.669876 -3.625738
v 164.108643 -36.669876 -3.625792
v 164.109421 -36.670170 -3.626423
v 164.109604 -36.670303 -3.625792
v 164.109421 -36.670170 -3.626176
v 164.108688 -36.669876 -3.626542
v 164.108810 -36.669811 -3.626176
v 164.108688 -36.669876 -3.626542
v 164.108810 -36.669811 -3.626969
v 164.109772 -36.669899 -3.626969
v 164.109772 -36.669899 -3.627031
v 164.109039 -36.669373 -3.627031
v 164.109039 -36.669373 0.230469
v 143.626358 -31.972431 24.470558
v 143.626297 -31.972498 24.470474
v 143.626297 -31.972584 24.470882
v 143.626068 -31.972618 24.470778
v 143.625931 -31.972864 24.470551
v 143.625839 -31.973125 24.470316
v 143.626007 -31.973177 24.470209
v 143.626175 -31.973087 24.471308
v 143.626099 -31.973164 24.471018
v 143.626160 -31.973612 24.470636
v 143.626251 -31.973831 24.470310
v 143.626480 -31.973713 24.470087
v 143.626663 -31.973394 24.471714
v 143.627075 -31.973722 24.471289
v 143.627228 -31.973915 24.470778
v 143.627289 -31.973898 24.470404
v 143.627289 -31.973627 24.470079
v 143.627274 -31.973249 24.471666
v 143.627853 -31.973377 24.471226
v 143.628418 -31.972773 24.470884
v 143.628143 -31.973072 24.470627
v 143.628326 -31.972580 24.470291
v 143.627884 -31.972719 24.470558
v 143.626297 -31.972498 24.470882
v 143.626068 -31.972618 24.470551
v 143.625839 -31.973125 24.470209
v 143.626175 -31.973087 24.471308
v 143.626099 -31.973164 24.470636
v 143.626251 -31.973831 24.470087
v 143.626663 -31.973394 24.471714
v 143.627075 -31.973722 24.470778
v 143.627289 -31.973898 24.470079
v 143.627274 -31.973249 24.471666
v 143.627853 -31.973377 24.471226
v 143.628418 -31.972773 24.470884
v 143.628143 -31.973072 24.470627
v 143.628326 -31.972580 24.470291
v 143.627884 -31.972719 24.470663
v 143.626099 -31.972647 24.470390
v 143.626099 -31.972860 24.470896
v 143.625870 -31.973183 24.470287
v 143.626068 -31.973499 24.471136
v 143.626587 -31.973814 24.470325
v 143.626923 -31.973713 24.471317
v 143.627792 -31.973492 24.470482
v 143.627792 -31.973154 24.470758
v 143.626236 -31.972504 24.470516
v 143.626022 -31.972794 24.470322
v 143.626221 -31.972837 24.471050
v 143.626007 -31.972755 24.470585
v 143.625839 -31.973478 24.470118
v 143.626312 -31.973337 24.471544
v 143.626465 -31.973511 24.470680
v 143.626770 -31.973927 24.470043
v 143.626968 -31.973406 24.471767
v 143.627472 -31.973625 24.471462
v 143.628204 -31.973066 24.471087
v 143.628357 -31.972832 24.470850
v 143.627853 -31.973410 24.470728
v 143.628296 -31.972748 24.470461
v 143.628159 -31.972595 24.470133
v 143.627563 -31.973009 24.470758
v 143.626236 -31.972504 24.470516
v 143.626022 -31.972794 24.470322
v 143.626221 -31.972837 24.471050
v 143.626007 -31.972755 24.470585
v 143.625839 -31.973478 24.470118
v 143.626312 -31.973337 24.471544
v 143.626465 -31.973511 24.470680
v 143.626770 -31.973927 24.470043
v 143.626968 -31.973406 24.471767
v 143.627472 -31.973625 24.471462
v 143.628204 -31.973066 24.471087
v 143.628357 -31.972832 24.470850
v 143.627853 -31.973410 24.470728
v 143.628296 -31.972748 24.470461
v 143.628159 -31.972595 24.470133
v 143.627563 -31.973009 24.470659
v 143.626358 -31.972431 24.470663
v 143.626099 -31.972647 24.470778
v 143.625931 -31.972864 24.470390
v 143.626099 -31.972860 24.471018
v 143.626160 -31.973612 24.470310
v 143.626480 -31.973713 24.471136
v 143.626587 -31.973814 24.470325
v 143.626923 -31.973713 24.470404
v 143.627289 -31.973627 24.471317
v 143.627792 -31.973492 24.470482
v 143.627792 -31.973154 24.470659
v 143.626358 -31.972431 24.470663
v 143.626099 -31.972647 24.470778
v 143.625931 -31.972864 24.470390
v 143.626099 -31.972860 24.470316
v 143.626007 -31.973177 24.470390
v 143.626099 -31.972860 24.470474
v 143.626297 -31.972584 24.470896
v 143.625870 -31.973183 24.471018
v 143.626160 -31.973612 24.471018
v 143.626160 -31.973612 24.470287
v 143.626068 -31.973499 24.470310
v 143.626480 -31.973713 24.470310
v 143.626480 -31.973713 24.471136
v 143.626587 -31.973814 24.471289
v 143.627228 -31.973915 24.471136
v 143.626587 -31.973814 24.470325
v 143.626923 -31.973713 24.470404
v 143.627289 -31.973627 24.470325
v 143.626923 -31.973713 24.470404
v 143.627289 -31.973627 24.471317
v 143.627792 -31.973492 24.471317
v 143.627792 -31.973492 24.470482
v 143.627792 -31.973154 24.470482
v 143.627792 -31.973154 0.230469
v 97.853691 12.693596 -19.625631
v 97.853615 12.693503 -19.625683
v 97.853607 12.693394 -19.625271
v 97.853409 12.693508 -19.625278
v 97.853264 12.693247 -19.625397
v 97.853149 12.692929 -19.625610
v 97.853302 12.692796 -19.625751
v 97.853455 12.692836 -19.624689
v 97.853455 12.693137 -19.624813
v 97.853493 12.692615 -19.625103
v 97.853546 12.692277 -19.625465
v 97.853752 12.692268 -19.625795
v 97.853935 12.692486 -19.624182
v 97.854454 12.692707 -19.624525
v 97.854576 12.692375 -19.625015
v 97.854599 12.692217 -19.625460
v 97.854576 12.692347 -19.625889
v 97.854538 12.692595 -19.624395
v 97.855240 12.692982 -19.625050
v 97.855782 12.693378 -19.625250
v 97.855461 12.692994 -19.625671
v 97.855644 12.693363 -19.625910
v 97.855171 12.693137 -19.625631
v 97.853615 12.693503 -19.625271
v 97.853409 12.693508 -19.625397
v 97.853149 12.692929 -19.625751
v 97.853455 12.692836 -19.624689
v 97.853455 12.693137 -19.625103
v 97.853546 12.692277 -19.625795
v 97.853935 12.692486 -19.624182
v 97.854454 12.692707 -19.625015
v 97.854599 12.692217 -19.625889
v 97.854538 12.692595 -19.624395
v 97.855240 12.692982 -19.625050
v 97.855782 12.693378 -19.625250
v 97.855461 12.692994 -19.625671
v 97.855644 12.693363 -19.625910
v 97.855171 12.693137 -19.625469
v 97.853424 12.693406 -19.625654
v 97.853401 12.693113 -19.625055
v 97.853195 12.692991 -19.625532
v 97.853348 12.692479 -19.624662
v 97.853928 12.692447 -19.625479
v 97.854195 12.692256 -19.624680
v 97.855141 12.692759 -19.625578
v 97.855095 12.692797 -19.625437
v 97.853569 12.693567 -19.625553
v 97.853325 12.693222 -19.625734
v 97.853516 12.693107 -19.625065
v 97.853363 12.693439 -19.625244
v 97.853149 12.692608 -19.625761
v 97.853592 12.692565 -19.624374
v 97.853836 12.692874 -19.625065
v 97.854065 12.692180 -19.625851
v 97.854225 12.692448 -19.624191
v 97.854858 12.692799 -19.624714
v 97.855568 12.693191 -19.625156
v 97.855713 12.693277 -19.625149
v 97.855164 12.692677 -19.625517
v 97.855614 12.693240 -19.625809
v 97.855469 12.693299 -19.625940
v 97.854843 12.692824 -19.625437
v 97.853569 12.693567 -19.625553
v 97.853325 12.693222 -19.625734
v 97.853516 12.693107 -19.625065
v 97.853363 12.693439 -19.625244
v 97.853149 12.692608 -19.625761
v 97.853592 12.692565 -19.624374
v 97.853836 12.692874 -19.625065
v 97.854065 12.692180 -19.625851
v 97.854225 12.692448 -19.624191
v 97.854858 12.692799 -19.624714
v 97.855568 12.693191 -19.625156
v 97.855713 12.693277 -19.625149
v 97.855164 12.692677 -19.625517
v 97.855614 12.693240 -19.625809
v 97.855469 12.693299 -19.625940
v 97.854843 12.692824 -19.625565
v 97.853691 12.693596 -19.625469
v 97.853424 12.693406 -19.625278
v 97.853264 12.693247 -19.625654
v 97.853401 12.693113 -19.624813
v 97.853493 12.692615 -19.625465
v 97.853752 12.692268 -19.624662
v 97.853928 12.692447 -19.625479
v 97.854195 12.692256 -19.625460
v 97.854576 12.692347 -19.624680
v 97.855141 12.692759 -19.625578
v 97.855095 12.692797 -19.625565
v 97.853691 12.693596 -19.625469
v 97.853424 12.693406 -19.625278
v 97.853264 12.693247 -19.625654
v 97.853401 12.693113 -19.625610
v 97.853302 12.692796 -19.625654
v 97.853401 12.693113 -19.625683
v 97.853607 12.693394 -19.625055
v 97.853195 12.692991 -19.624813
v 97.853493 12.692615 -19.624813
v 97.853493 12.692615 -19.625532
v 97.853348 12.692479 -19.625465
v 97.853752 12.692268 -19.625465
v 97.853752 12.692268 -19.624662
v 97.853928 12.692447 -19.624525
v 97.854576 12.692375 -19.624662
v 97.853928 12.692447 -19.625479
v 97.854195 12.692256 -19.625460
v 97.854576 12.692347 -19.625479
v 97.854195 12.692256 -19.625460
v 97.854576 12.692347 -19.624680
v 97.855141 12.692759 -19.624680
v 97.855141 12.692759 -19.625578
v 97.855095 12.692797 -19.625578
v 97.855095 12.692797 0.230469
v 151.161880 1.931633 -14.873419
v 151.161774 1.931593 -14.873433
v 151.161667 1.931530 -14.873171
v 151.162033 1.931398 -14.873049
v 151.161865 1.931184 -14.872979
v 151.161575 1.930985 -14.873172
v 151.161346 1.930991 -14.873340
v 151.161285 1.931103 -14.873177
v 151.162323 1.930767 -14.873269
v 151.161942 1.930401 -14.873394
v 151.161530 1.930278 -14.873641
v 151.161255 1.930471 -14.873844
v 151.161133 1.930834 -14.874131
v 151.162659 1.930128 -14.874327
v 151.162216 1.930042 -14.874426
v 151.161728 1.930180 -14.874445
v 151.161423 1.930533 -14.874443
v 151.161209 1.930977 -14.874913
v 151.162750 1.930475 -14.875497
v 151.162521 1.931168 -14.875242
v 151.162094 1.930957 -14.875447
v 151.161972 1.931498 -14.875031
v 151.161591 1.931441 -14.873419
v 151.161774 1.931593 -14.873171
v 151.162033 1.931398 -14.872979
v 151.161575 1.930985 -14.873340
v 151.161285 1.931103 -14.873177
v 151.162323 1.930767 -14.873394
v 151.161530 1.930278 -14.873844
v 151.161133 1.930834 -14.874131
v 151.162659 1.930128 -14.874426
v 151.161728 1.930180 -14.874443
v 151.161209 1.930977 -14.874913
v 151.162750 1.930475 -14.875497
v 151.162521 1.931168 -14.875242
v 151.162094 1.930957 -14.875447
v 151.161972 1.931498 -14.875031
v 151.161591 1.931441 -14.873219
v 151.161819 1.931423 -14.873251
v 151.161499 1.931280 -14.872976
v 151.161896 1.930847 -14.873231
v 151.161255 1.930684 -14.873695
v 151.162033 1.930177 -14.874080
v 151.161301 1.930468 -14.874872
v 151.162384 1.930446 -14.874934
v 151.161652 1.930974 -14.873348
v 151.161957 1.931540 -14.873150
v 151.161636 1.931315 -14.873373
v 151.161453 1.931319 -14.873103
v 151.162155 1.931225 -14.872988
v 151.161530 1.930633 -14.873493
v 151.161148 1.930882 -14.873534
v 151.162491 1.930375 -14.873907
v 151.161591 1.930176 -14.874142
v 151.161102 1.930833 -14.874525
v 151.162766 1.930210 -14.875259
v 151.162659 1.930825 -14.875449
v 151.162369 1.931142 -14.874964
v 151.161957 1.930638 -14.875404
v 151.162033 1.931310 -14.875295
v 151.161804 1.931521 -14.874731
v 151.161331 1.931198 -14.873348
v 151.161957 1.931540 -14.873150
v 151.161636 1.931315 -14.873373
v 151.161453 1.931319 -14.873103
v 151.162155 1.931225 -14.872988
v 151.161530 1.930633 -14.873493
v 151.161148 1.930882 -14.873534
v 151.162491 1.930375 -14.873907
v 151.161591 1.930176 -14.874142
v 151.161102 1.930833 -14.874525
v 151.162766 1.930210 -14.875259
v 151.162659 1.930825 -14.875449
v 151.162369 1.931142 -14.874964
v 151.161957 1.930638 -14.875404
v 151.162033 1.931310 -14.875295
v 151.161804 1.931521 -14.874731
v 151.161331 1.931198 -14.873478
v 151.161880 1.931633 -14.873219
v 151.161819 1.931423 -14.873049
v 151.161865 1.931184 -14.873251
v 151.161499 1.931280 -14.873269
v 151.161942 1.930401 -14.873641
v 151.161255 1.930471 -14.873695
v 151.162033 1.930177 -14.874080
v 151.161301 1.930468 -14.874445
v 151.161423 1.930533 -14.874872
v 151.162384 1.930446 -14.874934
v 151.161652 1.930974 -14.873478
v 151.161880 1.931633 -14.873219
v 151.161819 1.931423 -14.873049
v 151.161865 1.931184 -14.873251
v 151.161499 1.931280 -14.873172
v 151.161346 1.930991 -14.873251
v 151.161499 1.931280 -14.873433
v 151.161667 1.931530 -14.872976
v 151.161896 1.930847 -14.873269
v 151.161942 1.930401 -14.873269
v 151.161942 1.930401 -14.873231
v 151.161255 1.930684 -14.873641
v 151.161255 1.930471 -14.873641
v 151.161255 1.930471 -14.873695
v 151.162033 1.930177 -14.874327
v 151.162216 1.930042 -14.873695
v 151.162033 1.930177 -14.874080
v 151.161301 1.930468 -14.874445
v 151.161423 1.930533 -14.874080
v 151.161301 1.930468 -14.874445
v 151.161423 1.930533 -14.874872
v 151.162384 1.930446 -14.874872
v 151.162384 1.930446 -14.874934
v 151.161652 1.930974 -14.874934
v 151.161652 1.930974 0.230469
v 200.199570 46.841377 -16.064247
v 200.199585 46.841431 -16.064131
v 200.199554 46.841431 -16.064302
v 200.199951 46.841255 -16.064020
v 200.200058 46.841236 -16.063665
v 200.200073 46.841267 -16.063520
v 200.199814 46.841305 -16.063557
v 200.199615 46.841351 -16.064137
v 200.200226 46.840637 -16.063625
v 200.200089 46.840523 -16.063246
v 200.199860 46.840591 -16.063189
v 200.199493 46.840767 -16.063341
v 200.199173 46.841015 -16.064135
v 200.199661 46.839581 -16.063763
v 200.199341 46.839661 -16.063482
v 200.199036 46.839973 -16.063471
v 200.198822 46.840382 -16.063570
v 200.198624 46.840828 -16.064528
v 200.198898 46.839455 -16.064848
v 200.198105 46.839844 -16.064354
v 200.198242 46.840015 -16.064625
v 200.197876 46.840389 -16.064228
v 200.198120 46.840725 -16.064247
v 200.199585 46.841431 -16.064302
v 200.199951 46.841255 -16.063665
v 200.200073 46.841267 -16.063557
v 200.199615 46.841351 -16.064137
v 200.200226 46.840637 -16.063246
v 200.199860 46.840591 -16.063341
v 200.199173 46.841015 -16.064135
v 200.199661 46.839581 -16.063482
v 200.199036 46.839973 -16.063570
v 200.198624 46.840828 -16.064528
v 200.198898 46.839455 -16.064848
v 200.198105 46.839844 -16.064354
v 200.198242 46.840015 -16.064625
v 200.197876 46.840389 -16.064228
v 200.198120 46.840725 -16.064156
v 200.199829 46.841366 -16.063828
v 200.199722 46.841408 -16.063831
v 200.200226 46.841000 -16.063261
v 200.199799 46.841103 -16.063623
v 200.199814 46.840122 -16.063284
v 200.199127 46.840553 -16.064219
v 200.198807 46.839642 -16.063986
v 200.198349 46.840382 -16.064352
v 200.199738 46.841324 -16.063938
v 200.199860 46.841408 -16.063828
v 200.199585 46.841412 -16.064283
v 200.200104 46.841091 -16.063412
v 200.200134 46.841026 -16.063337
v 200.199478 46.841194 -16.064079
v 200.200073 46.840103 -16.063299
v 200.199463 46.840267 -16.063366
v 200.198898 46.840900 -16.064320
v 200.199326 46.839420 -16.064714
v 200.198471 46.839619 -16.064707
v 200.198105 46.839924 -16.064014
v 200.198517 46.839966 -16.064545
v 200.197983 46.840240 -16.064480
v 200.197937 46.840561 -16.063845
v 200.198364 46.840801 -16.064352
v 200.199738 46.841324 -16.063938
v 200.199860 46.841408 -16.063828
v 200.199585 46.841412 -16.064283
v 200.200104 46.841091 -16.063412
v 200.200134 46.841026 -16.063337
v 200.199478 46.841194 -16.064079
v 200.200073 46.840103 -16.063299
v 200.199463 46.840267 -16.063366
v 200.198898 46.840900 -16.064320
v 200.199326 46.839420 -16.064714
v 200.198471 46.839619 -16.064707
v 200.198105 46.839924 -16.064014
v 200.198517 46.839966 -16.064545
v 200.197983 46.840240 -16.064480
v 200.197937 46.840561 -16.063845
v 200.198364 46.840801 -16.064371
v 200.199570 46.841377 -16.064156
v 200.199829 46.841366 -16.064020
v 200.200058 46.841236 -16.063828
v 200.199722 46.841408 -16.063625
v 200.200089 46.840523 -16.063189
v 200.199493 46.840767 -16.063623
v 200.199814 46.840122 -16.063284
v 200.199127 46.840553 -16.063471
v 200.198822 46.840382 -16.064219
v 200.198807 46.839642 -16.063986
v 200.198349 46.840382 -16.064371
v 200.199570 46.841377 -16.064156
v 200.199829 46.841366 -16.064020
v 200.200058 46.841236 -16.063828
v 200.199722 46.841408 -16.063520
v 200.199814 46.841305 -16.063828
v 200.199722 46.841408 -16.064131
v 200.199554 46.841431 -16.063831
v 200.200226 46.841000 -16.063625
v 200.200089 46.840523 -16.063625
v 200.200089 46.840523 -16.063261
v 200.199799 46.841103 -16.063189
v 200.199493 46.840767 -16.063189
v 200.199493 46.840767 -16.063623
v 200.199814 46.840122 -16.063763
v 200.199341 46.839661 -16.063623
v 200.199814 46.840122 -16.063284
v 200.199127 46.840553 -16.063471
v 200.198822 46.840382 -16.063284
v 200.199127 46.840553 -16.063471
v 200.198822 46.840382 -16.064219
v 200.198807 46.839642 -16.064219
v 200.198807 46.839642 -16.063986
v 200.198349 46.840382 -16.063986
v 200.198349 46.840382 0.230469
v 143.742661 22.984304 -48.672516
v 143.742554 22.984264 -48.672527
v 143.742447 22.984201 -48.672264
v 143.742813 22.984070 -48.672142
v 143.742645 22.983856 -48.672073
v 143.742355 22.983656 -48.672268
v 143.742126 22.983662 -48.672436
v 143.742065 22.983774 -48.672272
v 143.743103 22.983438 -48.672363
v 143.742722 22.983072 -48.672489
v 143.742310 22.982948 -48.672737
v 143.742035 22.983143 -48.672939
v 143.741913 22.983505 -48.673225
v 143.743439 22.982800 -48.673420
v 143.742996 22.982714 -48.673523
v 143.742508 22.982851 -48.673542
v 143.742203 22.983204 -48.673538
v 143.741989 22.983648 -48.674007
v 143.743530 22.983147 -48.674591
v 143.743301 22.983839 -48.674339
v 143.742874 22.983629 -48.674541
v 143.742752 22.984169 -48.674126
v 143.742371 22.984112 -48.672516
v 143.742554 22.984264 -48.672264
v 143.742813 22.984070 -48.672073
v 143.742355 22.983656 -48.672436
v 143.742065 22.983774 -48.672272
v 143.743103 22.983438 -48.672489
v 143.742310 22.982948 -48.672939
v 143.741913 22.983505 -48.673225
v 143.743439 22.982800 -48.673523
v 143.742508 22.982851 -48.673538
v 143.741989 22.983648 -48.674007
v 143.743530 22.983147 -48.674591
v 143.743301 22.983839 -48.674339
v 143.742874 22.983629 -48.674541
v 143.742752 22.984169 -48.674126
v 143.742371 22.984112 -48.672314
v 143.742599 22.984095 -48.672344
v 143.742279 22.983952 -48.672073
v 143.742676 22.983519 -48.672325
v 143.742035 22.983355 -48.672791
v 143.742813 22.982849 -48.673176
v 143.742081 22.983139 -48.673969
v 143.743164 22.983118 -48.674030
v 143.742432 22.983644 -48.672443
v 143.742737 22.984211 -48.672245
v 143.742416 22.983986 -48.672466
v 143.742233 22.983990 -48.672199
v 143.742935 22.983896 -48.672081
v 143.742310 22.983305 -48.672588
v 143.741928 22.983553 -48.672630
v 143.743271 22.983046 -48.673000
v 143.742371 22.982847 -48.673237
v 143.741882 22.983505 -48.673622
v 143.743546 22.982882 -48.674355
v 143.743439 22.983496 -48.674545
v 143.743149 22.983814 -48.674057
v 143.742737 22.983309 -48.674500
v 143.742813 22.983980 -48.674389
v 143.742584 22.984192 -48.673828
v 143.742111 22.983870 -48.672443
v 143.742737 22.984211 -48.672245
v 143.742416 22.983986 -48.672466
v 143.742233 22.983990 -48.672199
v 143.742935 22.983896 -48.672081
v 143.742310 22.983305 -48.672588
v 143.741928 22.983553 -48.672630
v 143.743271 22.983046 -48.673000
v 143.742371 22.982847 -48.673237
v 143.741882 22.983505 -48.673622
v 143.743546 22.982882 -48.674355
v 143.743439 22.983496 -48.674545
v 143.743149 22.983814 -48.674057
v 143.742737 22.983309 -48.674500
v 143.742813 22.983980 -48.674389
v 143.742584 22.984192 -48.673828
v 143.742111 22.983870 -48.672573
v 143.742661 22.984304 -48.672314
v 143.742599 22.984095 -48.672142
v 143.742645 22.983856 -48.672344
v 143.742279 22.983952 -48.672363
v 143.742722 22.983072 -48.672737
v 143.742035 22.983143 -48.672791
v 143.742813 22.982849 -48.673176
v 143.742081 22.983139 -48.673542
v 143.742203 22.983204 -48.673969
v 143.743164 22.983118 -48.674030
v 143.742432 22.983644 -48.672573
v 143.742661 22.984304 -48.672314
v 143.742599 22.984095 -48.672142
v 143.742645 22.983856 -48.672344
v 143.742279 22.983952 -48.672268
v 143.742126 22.983662 -48.672344
v 143.742279 22.983952 -48.672527
v 143.742447 22.984201 -48.672073
v 143.742676 22.983519 -48.672363
v 143.742722 22.983072 -48.672363
v 143.742722 22.983072 -48.672325
v 143.742035 22.983355 -48.672737
v 143.742035 22.983143 -48.672737
v 143.742035 22.983143 -48.672791
v 143.742813 22.982849 -48.673420
v 143.742996 22.982714 -48.672791
v 143.742813 22.982849 -48.673176
v 143.742081 22.983139 -48.673542
v 143.742203 22.983204 -48.673176
v 143.742081 22.983139 -48.673542
v 143.742203 22.983204 -48.673969
v 143.743164 22.983118 -48.673969
v 143.743164 22.983118 -48.674030
v 143.742432 22.983644 -48.674030
v 143.742432 22.983644 0.230469
v 109.708221 -23.951839 -59.247520
v 109.708099 -23.951880 -59.247532
v 109.708000 -23.951942 -59.247269
v 109.708366 -23.952074 -59.247147
v 109.708199 -23.952288 -59.247078
v 109.707909 -23.952488 -59.247272
v 109.707687 -23.952482 -59.247440
v 109.707611 -23.952370 -59.247276
v 109.708656 -23.952705 -59.247368
v 109.708275 -23.953072 -59.247494
v 109.707855 -23.953196 -59.247742
v 109.707588 -23.953001 -59.247944
v 109.707458 -23.952639 -59.248230
v 109.708992 -23.953344 -59.248425
v 109.708549 -23.953430 -59.248528
v 109.708061 -23.953293 -59.248547
v 109.707764 -23.952940 -59.248543
v 109.707535 -23.952496 -59.249012
v 109.709091 -23.952997 -59.249596
v 109.708847 -23.952305 -59.249344
v 109.708427 -23.952515 -59.249546
v 109.708305 -23.951975 -59.249130
v 109.707916 -23.952032 -59.247520
v 109.708099 -23.951880 -59.247269
v 109.708366 -23.952074 -59.247078
v 109.707909 -23.952488 -59.247440
v 109.707611 -23.952370 -59.247276
v 109.708656 -23.952705 -59.247494
v 109.707855 -23.953196 -59.247944
v 109.707458 -23.952639 -59.248230
v 109.708992 -23.953344 -59.248528
v 109.708061 -23.953293 -59.248543
v 109.707535 -23.952496 -59.249012
v 109.709091 -23.952997 -59.249596
v 109.708847 -23.952305 -59.249344
v 109.708427 -23.952515 -59.249546
v 109.708305 -23.951975 -59.249130
v 109.707916 -23.952032 -59.247318
v 109.708153 -23.952049 -59.247349
v 109.707840 -23.952192 -59.247078
v 109.708229 -23.952625 -59.247330
v 109.707581 -23.952789 -59.247795
v 109.708374 -23.953295 -59.248180
v 109.707642 -23.953005 -59.248974
v 109.708717 -23.953026 -59.249035
v 109.707993 -23.952499 -59.247448
v 109.708290 -23.951933 -59.247250
v 109.707970 -23.952158 -59.247471
v 109.707787 -23.952154 -59.247204
v 109.708496 -23.952248 -59.247086
v 109.707863 -23.952839 -59.247593
v 109.707481 -23.952591 -59.247635
v 109.708832 -23.953098 -59.248005
v 109.707916 -23.953297 -59.248241
v 109.707443 -23.952639 -59.248627
v 109.709099 -23.953262 -59.249359
v 109.708992 -23.952648 -59.249550
v 109.708694 -23.952330 -59.249062
v 109.708290 -23.952835 -59.249504
v 109.708366 -23.952164 -59.249393
v 109.708130 -23.951952 -59.248833
v 109.707672 -23.952274 -59.247448
v 109.708290 -23.951933 -59.247250
v 109.707970 -23.952158 -59.247471
v 109.707787 -23.952154 -59.247204
v 109.708496 -23.952248 -59.247086
v 109.707863 -23.952839 -59.247593
v 109.707481 -23.952591 -59.247635
v 109.708832 -23.953098 -59.248005
v 109.707916 -23.953297 -59.248241
v 109.707443 -23.952639 -59.248627
v 109.709099 -23.953262 -59.249359
v 109.708992 -23.952648 -59.249550
v 109.708694 -23.952330 -59.249062
v 109.708290 -23.952835 -59.249504
v 109.708366 -23.952164 -59.249393
v 109.708130 -23.951952 -59.248833
v 109.707672 -23.952274 -59.247578
v 109.708221 -23.951839 -59.247318
v 109.708153 -23.952049 -59.247147
v 109.708199 -23.952288 -59.247349
v 109.707840 -23.952192 -59.247368
v 109.708275 -23.953072 -59.247742
v 109.707588 -23.953001 -59.247795
v 109.708374 -23.953295 -59.248180
v 109.707642 -23.953005 -59.248547
v 109.707764 -23.952940 -59.248974
v 109.708717 -23.953026 -59.249035
v 109.707993 -23.952499 -59.247578
v 109.708221 -23.951839 -59.247318
v 109.708153 -23.952049 -59.247147
v 109.708199 -23.952288 -59.247349
v 109.707840 -23.952192 -59.247272
v 109.707687 -23.952482 -59.247349
v 109.707840 -23.952192 -59.247532
v 109.708000 -23.951942 -59.247078
v 109.708229 -23.952625 -59.247368
v 109.708275 -23.953072 -59.247368
v 109.708275 -23.953072 -59.247330
v 109.707581 -23.952789 -59.247742
v 109.707588 -23.953001 -59.247742
v 109.707588 -23.953001 -59.247795
v 109.708374 -23.953295 -59.248425
v 109.708549 -23.953430 -59.247795
v 109.708374 -23.953295 -59.248180
v 109.707642 -23.953005 -59.248547
v 109.707764 -23.952940 -59.248180
v 109.707642 -23.953005 -59.248547
v 109.707764 -23.952940 -59.248974
v 109.708717 -23.953026 -59.248974
v 109.708717 -23.953026 -59.249035
v 109.707993 -23.952499 -59.249035
v 109.707993 -23.952499 0.230469
v 165.629822 -7.349277 -37.325409
v 165.629715 -7.349317 -37.325420
v 165.629608 -7.349380 -37.325157
v 165.629974 -7.349513 -37.325035
v 165.629807 -7.349726 -37.324966
v 165.629517 -7.349926 -37.325161
v 165.629288 -7.349919 -37.325329
v 165.629227 -7.349808 -37.325165
v 165.630264 -7.350143 -37.325256
v 165.629883 -7.350510 -37.325382
v 165.629471 -7.350632 -37.325630
v 165.629196 -7.350439 -37.325832
v 165.629074 -7.350076 -37.326118
v 165.630600 -7.350782 -37.326313
v 165.630157 -7.350868 -37.326416
v 165.629669 -7.350730 -37.326435
v 165.629364 -7.350378 -37.326431
v 165.629150 -7.349933 -37.326900
v 165.630692 -7.350435 -37.327484
v 165.630463 -7.349742 -37.327232
v 165.630035 -7.349953 -37.327435
v 165.629913 -7.349413 -37.327019
v 165.629532 -7.349469 -37.325409
v 165.629715 -7.349317 -37.325157
v 165.629974 -7.349513 -37.324966
v 165.629517 -7.349926 -37.325329
v 165.629227 -7.349808 -37.325165
v 165.630264 -7.350143 -37.325382
v 165.629471 -7.350632 -37.325832
v 165.629074 -7.350076 -37.326118
v 165.630600 -7.350782 -37.326416
v 165.629669 -7.350730 -37.326431
v 165.629150 -7.349933 -37.326900
v 165.630692 -7.350435 -37.327484
v 165.630463 -7.349742 -37.327232
v 165.630035 -7.349953 -37.327435
v 165.629913 -7.349413 -37.327019
v 165.629532 -7.349469 -37.325207
v 165.629761 -7.349488 -37.325237
v 165.629440 -7.349630 -37.324966
v 165.629837 -7.350063 -37.325218
v 165.629196 -7.350227 -37.325684
v 165.629974 -7.350733 -37.326069
v 165.629242 -7.350442 -37.326862
v 165.630325 -7.350464 -37.326923
v 165.629593 -7.349937 -37.325336
v 165.629898 -7.349371 -37.325138
v 165.629578 -7.349596 -37.325359
v 165.629395 -7.349592 -37.325092
v 165.630096 -7.349685 -37.324974
v 165.629471 -7.350277 -37.325481
v 165.629089 -7.350029 -37.325523
v 165.630432 -7.350536 -37.325893
v 165.629532 -7.350734 -37.326130
v 165.629044 -7.350077 -37.326515
v 165.630707 -7.350700 -37.327248
v 165.630600 -7.350085 -37.327438
v 165.630310 -7.349768 -37.326950
v 165.629898 -7.350273 -37.327393
v 165.629974 -7.349600 -37.327282
v 165.629745 -7.349390 -37.326721
v 165.629272 -7.349713 -37.325336
v 165.629898 -7.349371 -37.325138
v 165.629578 -7.349596 -37.325359
v 165.629395 -7.349592 -37.325092
v 165.630096 -7.349685 -37.324974
v 165.629471 -7.350277 -37.325481
v 165.629089 -7.350029 -37.325523
v 165.630432 -7.350536 -37.325893
v 165.629532 -7.350734 -37.326130
v 165.629044 -7.350077 -37.326515
v 165.630707 -7.350700 -37.327248
v 165.630600 -7.350085 -37.327438
v 165.630310 -7.349768 -37.326950
v 165.629898 -7.350273 -37.327393
v 165.629974 -7.349600 -37.327282
v 165.629745 -7.349390 -37.326721
v 165.629272 -7.349713 -37.325466
v 165.629822 -7.349277 -37.325207
v 165.629761 -7.349488 -37.325035
v 165.629807 -7.349726 -37.325237
v 165.629440 -7.349630 -37.325256
v 165.629883 -7.350510 -37.325630
v 165.629196 -7.350439 -37.325684
v 165.629974 -7.350733 -37.326069
v 165.629242 -7.350442 -37.326435
v 165.629364 -7.350378 -37.326862
v 165.630325 -7.350464 -37.326923
v 165.629593 -7.349937 -37.325466
v 165.629822 -7.349277 -37.325207
v 165.629761 -7.349488 -37.325035
v 165.629807 -7.349726 -37.325237
v 165.629440 -7.349630 -37.325161
v 165.629288 -7.349919 -37.325237
v 165.629440 -7.349630 -37.325420
v 165.629608 -7.349380 -37.324966
v 165.629837 -7.350063 -37.325256
v 165.629883 -7.350510 -37.325256
v 165.629883 -7.350510 -37.325218
v 165.629196 -7.350227 -37.325630
v 165.629196 -7.350439 -37.325630
v 165.629196 -7.350439 -37.325684
v 165.629974 -7.350733 -37.326313
v 165.630157 -7.350868 -37.325684
v 165.629974 -7.350733 -37.326069
v 165.629242 -7.350442 -37.326435
v 165.629364 -7.350378 -37.326069
v 165.629242 -7.350442 -37.326435
v 165.629364 -7.350378 -37.326862
v 165.630325 -7.350464 -37.326862
v 165.630325 -7.350464 -37.326923
v 165.629593 -7.349937 -37.326923
v 165.629593 -7.349937 0.230469
v 232.447281 19.048069 -24.659231
v 232.447174 19.048029 -24.659245
v 232.447067 19.047966 -24.658983
v 232.447433 19.047834 -24.658861
v 232.447266 19.047621 -24.658791
v 232.446976 19.047421 -24.658983
v 232.446747 19.047426 -24.659151
v 232.446686 19.047539 -24.658989
v 232.447723 19.047203 -24.659082
v 232.447342 19.046837 -24.659206
v 232.446930 19.046713 -24.659454
v 232.446655 19.046907 -24.659657
v 232.446533 19.047270 -24.659943
v 232.448059 19.046564 -24.660139
v 232.447617 19.046478 -24.660238
v 232.447128 19.046616 -24.660257
v 232.446823 19.046968 -24.660255
v 232.446609 19.047413 -24.660725
v 232.448151 19.046911 -24.661310
v 232.447922 19.047604 -24.661055
v 232.447495 19.047394 -24.661259
v 232.447372 19.047934 -24.660843
v 232.446991 19.047876 -24.659231
v 232.447174 19.048029 -24.658983
v 232.447433 19.047834 -24.658791
v 232.446976 19.047421 -24.659151
v 232.446686 19.047539 -24.658989
v 232.447723 19.047203 -24.659206
v 232.446930 19.046713 -24.659657
v 232.446533 19.047270 -24.659943
v 232.448059 19.046564 -24.660238
v 232.447128 19.046616 -24.660255
v 232.446609 19.047413 -24.660725
v 232.448151 19.046911 -24.661310
v 232.447922 19.047604 -24.661055
v 232.447495 19.047394 -24.661259
v 232.447372 19.047934 -24.660843
v 232.446991 19.047876 -24.659031
v 232.447220 19.047859 -24.659063
v 232.446899 19.047716 -24.658789
v 232.447296 19.047283 -24.659042
v 232.446655 19.047119 -24.659508
v 232.447433 19.046614 -24.659891
v 232.446701 19.046904 -24.660685
v 232.447784 19.046883 -24.660748
v 232.447052 19.047409 -24.659161
v 232.447357 19.047976 -24.658962
v 232.447037 19.047750 -24.659185
v 232.446854 19.047754 -24.658915
v 232.447556 19.047661 -24.658800
v 232.446930 19.047070 -24.659306
v 232.446548 19.047318 -24.659348
v 232.447891 19.046810 -24.659719
v 232.446991 19.046612 -24.659954
v 232.446503 19.047270 -24.660337
v 232.448166 19.046646 -24.661072
v 232.448059 19.047260 -24.661263
v 232.447769 19.047579 -24.660776
v 232.447357 19.047073 -24.661217
v 232.447433 19.047745 -24.661106
v 232.447205 19.047956 -24.660543
v 232.446732 19.047634 -24.659161
v 232.447357 19.047976 -24.658962
v 232.447037 19.047750 -24.659185
v 232.446854 19.047754 -24.658915
v 232.447556 19.047661 -24.658800
v 232.446930 19.047070 -24.659306
v 232.446548 19.047318 -24.659348
v 232.447891 19.046810 -24.659719
v 232.446991 19.046612 -24.659954
v 232.446503 19.047270 -24.660337
v 232.448166 19.046646 -24.661072
v 232.448059 19.047260 -24.661263
v 232.447769 19.047579 -24.660776
v 232.447357 19.047073 -24.661217
v 232.447433 19.047745 -24.661106
v 232.447205 19.047956 -24.660543
v 232.446732 19.047634 -24.659290
v 232.447281 19.048069 -24.659031
v 232.447220 19.047859 -24.658861
v 232.447266 19.047621 -24.659063
v 232.446899 19.047716 -24.659082
v 232.447342 19.046837 -24.659454
v 232.446655 19.046907 -24.659508
v 232.447433 19.046614 -24.659891
v 232.446701 19.046904 -24.660257
v 232.446823 19.046968 -24.660685
v 232.447784 19.046883 -24.660748
v 232.447052 19.047409 -24.659290
v 232.447281 19.048069 -24.659031
v 232.447220 19.047859 -24.658861
v 232.447266 19.047621 -24.659063
v 232.446899 19.047716 -24.658983
v 232.446747 19.047426 -24.659063
v 232.446899 19.047716 -24.659245
v 232.447067 19.047966 -24.658789
v 232.447296 19.047283 -24.659082
v 232.447342 19.046837 -24.659082
v 232.447342 19.046837 -24.659042
v 232.446655 19.047119 -24.659454
v 232.446655 19.046907 -24.659454
v 232.446655 19.046907 -24.659508
v 232.447433 19.046614 -24.660139
v 232.447617 19.046478 -24.659508
v 232.447433 19.046614 -24.659891
v 232.446701 19.046904 -24.660257
v 232.446823 19.046968 -24.659891
v 232.446701 19.046904 -24.660257
v 232.446823 19.046968 -24.660685
v 232.447784 19.046883 -24.660685
v 232.447784 19.046883 -24.660748
v 232.447052 19.047409 -24.660748
v 232.447052 19.047409 0.230469
v 206.666199 -16.798195 -45.347931
v 206.666077 -16.798149 -45.347958
v 206.665955 -16.798180 -45.347519
v 206.666122 -16.798115 -45.347424
v 206.665833 -16.798113 -45.347427
v 206.665482 -16.798124 -45.347668
v 206.665344 -16.798233 -45.347870
v 206.665390 -16.798288 -45.346985
v 206.666000 -16.798540 -45.347038
v 206.665512 -16.798759 -45.347271
v 206.665146 -16.798857 -45.347679
v 206.665085 -16.798891 -45.348083
v 206.665237 -16.798817 -45.346954
v 206.666138 -16.799728 -45.347267
v 206.665787 -16.799854 -45.347683
v 206.665497 -16.799767 -45.348076
v 206.665451 -16.799522 -45.348465
v 206.665512 -16.799221 -45.347549
v 206.666595 -16.800161 -45.348431
v 206.666916 -16.800177 -45.348400
v 206.666397 -16.800022 -45.348907
v 206.666641 -16.799847 -45.348858
v 206.666199 -16.799482 -45.347931
v 206.666077 -16.798149 -45.347519
v 206.666122 -16.798115 -45.347427
v 206.665482 -16.798124 -45.347870
v 206.665390 -16.798288 -45.346985
v 206.666000 -16.798540 -45.347271
v 206.665146 -16.798857 -45.348083
v 206.665237 -16.798817 -45.346954
v 206.666138 -16.799728 -45.347683
v 206.665497 -16.799767 -45.348465
v 206.665512 -16.799221 -45.347549
v 206.666595 -16.800161 -45.348431
v 206.666916 -16.800177 -45.348400
v 206.666397 -16.800022 -45.348907
v 206.666641 -16.799847 -45.348858
v 206.666199 -16.799482 -45.347687
v 206.665970 -16.798100 -45.347797
v 206.665649 -16.798153 -45.347160
v 206.665665 -16.798260 -45.347576
v 206.665115 -16.798441 -45.347088
v 206.665573 -16.799246 -45.347900
v 206.665237 -16.799250 -45.347721
v 206.666260 -16.800081 -45.348484
v 206.665985 -16.799692 -45.347752
v 206.666183 -16.798159 -45.347687
v 206.665756 -16.798077 -45.347919
v 206.665649 -16.798218 -45.347309
v 206.666107 -16.798185 -45.347252
v 206.665253 -16.798328 -45.347904
v 206.665192 -16.798515 -45.346855
v 206.666016 -16.799084 -45.347469
v 206.665253 -16.799334 -45.348263
v 206.665283 -16.799049 -45.347168
v 206.666367 -16.800011 -45.348011
v 206.666779 -16.800213 -45.348476
v 206.666763 -16.800125 -45.348129
v 206.666046 -16.799965 -45.348740
v 206.666580 -16.799932 -45.348934
v 206.666489 -16.799683 -45.348686
v 206.665802 -16.799343 -45.347752
v 206.666183 -16.798159 -45.347687
v 206.665756 -16.798077 -45.347919
v 206.665649 -16.798218 -45.347309
v 206.666107 -16.798185 -45.347252
v 206.665253 -16.798328 -45.347904
v 206.665192 -16.798515 -45.346855
v 206.666016 -16.799084 -45.347469
v 206.665253 -16.799334 -45.348263
v 206.665283 -16.799049 -45.347168
v 206.666367 -16.800011 -45.348011
v 206.666779 -16.800213 -45.348476
v 206.666763 -16.800125 -45.348129
v 206.666046 -16.799965 -45.348740
v 206.666580 -16.799932 -45.348934
v 206.666489 -16.799683 -45.348686
v 206.665802 -16.799343 -45.347919
v 206.666199 -16.798195 -45.347687
v 206.665970 -16.798100 -45.347424
v 206.665833 -16.798113 -45.347797
v 206.665649 -16.798153 -45.347038
v 206.665512 -16.798759 -45.347679
v 206.665085 -16.798891 -45.347088
v 206.665573 -16.799246 -45.347900
v 206.665237 -16.799250 -45.348076
v 206.665451 -16.799522 -45.347721
v 206.666260 -16.800081 -45.348484
v 206.665985 -16.799692 -45.347919
v 206.666199 -16.798195 -45.347687
v 206.665970 -16.798100 -45.347424
v 206.665833 -16.798113 -45.347797
v 206.665649 -16.798153 -45.347668
v 206.665344 -16.798233 -45.347797
v 206.665649 -16.798153 -45.347958
v 206.665955 -16.798180 -45.347160
v 206.665665 -16.798260 -45.347038
v 206.665512 -16.798759 -45.347038
v 206.665512 -16.798759 -45.347576
v 206.665115 -16.798441 -45.347679
v 206.665085 -16.798891 -45.347679
v 206.665085 -16.798891 -45.347088
v 206.665573 -16.799246 -45.347267
v 206.665787 -16.799854 -45.347088
v 206.665573 -16.799246 -45.347900
v 206.665237 -16.799250 -45.348076
v 206.665451 -16.799522 -45.347900
v 206.665237 -16.799250 -45.348076
v 206.665451 -16.799522 -45.347721
v 206.666260 -16.800081 -45.347721
v 206.666260 -16.800081 -45.348484
v 206.665985 -16.799692 -45.348484
v 206.665985 -16.799692 0.230469
v 258.726562 4.410890 13.704674
v 258.726562 4.410890 13.697674
v 258.733582 4.410890 13.704674
v 258.733582 4.410890 0.000000
v 250.907761 11.639096 25.439661
v 250.907761 11.639096 25.432661
v 250.914749 11.639096 25.439661
v 250.914749 11.639096 0.000000
v 253.723511 -23.244835 -5.927654
v 253.723511 -23.244835 -5.937233
v 253.733093 -23.244835 -5.927654
v 253.733093 -23.244835 0.000000
v 256.634338 -11.931128 -14.599144
v 256.634338 -11.931128 -14.615639
v 256.650818 -11.931128 -14.599144
v 256.650818 -11.931128 0.000000
v 250.905441 -14.445289 50.057713
v 250.905441 -14.445289 50.046085
v 250.917068 -14.445289 50.057713
v 250.917068 -14.445289 0.000000
v 255.574112 -3.445851 -9.992315
v 255.574112 -3.445851 -10.001558
v 255.583359 -3.445851 -9.992315
v 255.583359 -3.445851 0.000000
v 254.848236 -8.474163 7.850629
v 254.848236 -8.474163 7.829078
v 254.869781 -8.474163 7.850629
v 254.869781 -8.474163 0.000000
v 250.906952 -35.428875 25.783499
v 250.906952 -35.428875 25.774889
v 250.915558 -35.428875 25.783499
v 250.915558 -35.428875 0.000000
v 256.637451 6.925050 -23.369711
v 256.637451 6.925050 -23.379961
v 256.647705 6.925050 -23.369711
v 256.647705 6.925050 0.000000
v 257.890869 -4.702926 7.691860
v 257.890869 -4.702926 7.684383
v 257.898376 -4.702926 7.691860
v 257.898376 -4.702926 0.000000
v 256.969452 18.553024 -0.994665
v 256.969452 18.553024 -1.008536
v 256.983307 18.553024 -0.994665
v 256.983307 18.553024 0.000000
v 250.907623 26.409773 36.979805
v 250.907623 26.409773 36.972542
v 250.914886 26.409773 36.979805
v 250.914886 26.409773 0.000000
v 258.137085 3.782354 2.544810
v 258.137085 3.782354 2.529439
v 258.152466 3.782354 2.544810
v 258.152466 3.782354 0.000000
v 255.136429 -12.873939 -15.670226
v 255.136429 -12.873939 -15.683679
v 255.149887 -12.873939 -15.670226
v 255.149887 -12.873939 0.000000
v 256.146210 -11.616859 27.302235
v 256.146210 -11.616859 27.291599
v 256.156830 -11.616859 27.302235
v 256.156830 -11.616859 0.000000
v 259.362366 -9.731242 -24.079424
v 259.362366 -9.731242 -24.100103
v 259.383057 -9.731242 -24.079424
v 259.383057 -9.731242 0.000000
v 254.244766 -14.131018 -43.779408
v 254.244766 -14.131018 -43.804600
v 254.269943 -14.131018 -43.779408
v 254.269943 -14.131018 0.000000
v 257.854584 11.324823 -2.364514
v 257.854584 11.324823 -2.371514
v 257.861603 11.324823 -2.364514
v 257.861603 11.324823 0.000000
v 256.159271 -14.131018 5.179358
v 256.159271 -14.131018 5.172359
v 256.166290 -14.131018 5.179358
v 256.166290 -14.131018 0.000000
v 255.581177 17.808170 29.798895
v 255.581177 17.808170 29.788034
v 255.592041 17.808170 29.798895
v 255.592041 17.808170 0.000000
v 255.193741 -17.080713 -38.792465
v 255.193741 -17.080713 -38.802620
v 255.203903 -17.080713 -38.792465
v 255.203903 -17.080713 0.000000
v 255.745331 17.808172 12.318124
v 255.745331 17.808172 12.312083
v 255.751373 17.808172 12.318124
v 255.751373 17.808172 0.000000
v 256.076355 2.017818 -4.596152
v 256.076355 2.017818 -4.606409
v 256.086609 2.017818 -4.596152
v 256.086609 2.017818 0.000000
v 252.634155 3.839810 41.707829
v 252.634155 3.839810 41.699482
v 252.642517 3.839810 41.707829
v 252.642517 3.839810 0.000000
v 255.635300 -5.302939 9.275664
v 255.635300 -5.302939 9.263112
v 255.647842 -5.302939 9.275664
v 255.647842 -5.302939 0.000000
v 254.209198 9.363724 13.664886
v 254.209198 9.363724 13.659453
v 254.214630 9.363724 13.664886
v 254.214630 9.363724 0.000000
v 256.638397 -17.437290 -20.771551
v 256.638397 -17.437290 -20.779894
v 256.646759 -17.437290 -20.771551
v 256.646759 -17.437290 0.000000
v 258.139374 -1.723811 4.106640
v 258.139374 -1.723811 4.095809
v 258.150177 -1.723811 4.106640
v 258.150177 -1.723811 0.000000
v 252.853851 -13.980328 14.660647
v 252.853851 -13.980328 14.639096
v 252.875397 -13.980328 14.660647
v 252.875397 -13.980328 0.000000
v 256.969452 13.046859 0.569435
v 256.969452 13.046859 0.555564
v 256.983307 13.046859 0.569435
v 256.983307 13.046859 0.000000

vt 0.101562 0.749512
vt 0.095703 0.726562
vt 0.101562 0.935059
vt 0.252441 0.843750
vt 0.253906 0.750000
vt 0.251221 0.656250
vt 0.253906 0.564453
vt 0.252441 0.987793
vt 0.416016 0.867188
vt 0.414062 0.750061
vt 0.412598 0.632812
vt 0.414062 0.512207
vt 0.416504 0.988770
vt 0.563477 0.863281
vt 0.566406 0.750427
vt 0.569092 0.636719
vt 0.570312 0.511719
vt 0.566895 0.941406
vt 0.667969 0.812012
vt 0.723145 0.750488
vt 0.716797 0.691406
vt 0.723633 0.562500
vt 0.671875 0.249512
vt 0.095703 0.435059
vt 0.252441 0.250000
vt 0.251221 0.064453
vt 0.252441 0.487793
vt 0.416016 0.250061
vt 0.412598 0.012207
vt 0.416504 0.488770
vt 0.563477 0.250427
vt 0.569092 0.011719
vt 0.566895 0.441406
vt 0.667969 0.312012
vt 0.723145 0.250488
vt 0.716797 0.191406
vt 0.723633 0.062500
vt 0.671875 0.812500
vt 0.183594 0.691406
vt 0.183594 0.859375
vt 0.332031 0.640625
vt 0.332031 0.871094
vt 0.492188 0.632812
vt 0.492188 0.847656
vt 0.640625 0.656250
vt 0.640625 0.861328
vt 0.175781 0.750000
vt 0.183594 0.636719
vt 0.175781 0.972656
vt 0.333984 0.750000
vt 0.330078 0.527344
vt 0.333984 0.994141
vt 0.494141 0.750244
vt 0.492188 0.505859
vt 0.496094 0.968750
vt 0.619141 0.871094
vt 0.701172 0.775391
vt 0.722656 0.750000
vt 0.640625 0.726562
vt 0.722656 0.632812
vt 0.703125 0.533203
vt 0.623047 0.361328
vt 0.175781 0.250000
vt 0.183594 0.136719
vt 0.175781 0.472656
vt 0.333984 0.250000
vt 0.330078 0.027344
vt 0.333984 0.494141
vt 0.494141 0.250244
vt 0.492188 0.005859
vt 0.496094 0.468750
vt 0.619141 0.371094
vt 0.701172 0.275391
vt 0.722656 0.250000
vt 0.640625 0.226562
vt 0.722656 0.132812
vt 0.703125 0.033203
vt 0.623047 0.769531
vt 0.101562 0.812500
vt 0.183594 0.843750
vt 0.253906 0.691406
vt 0.183594 0.867188
vt 0.414062 0.632812
vt 0.414062 0.871094
vt 0.492188 0.632812
vt 0.492188 0.636719
vt 0.570312 0.847656
vt 0.640625 0.656250
vt 0.640625 0.269531
vt 0.101562 0.312500
vt 0.183594 0.343750
vt 0.253906 0.191406
vt 0.183594 0.156250
vt 0.253906 0.191406
vt 0.183594 0.226562
vt 0.101562 0.359375
vt 0.332031 0.367188
vt 0.414062 0.367188
vt 0.414062 0.140625
vt 0.332031 0.132812
vt 0.414062 0.132812
vt 0.414062 0.371094
vt 0.492188 0.363281
vt 0.570312 0.371094
vt 0.492188 0.132812
vt 0.492188 0.136719
vt 0.570312 0.132812
vt 0.492188 0.136719
vt 0.570312 0.347656
vt 0.640625 0.347656
vt 0.640625 0.156250
vt 0.640625 0.156250
vt 0.640625 1.000000
vt 0.101562 0.749512
vt 0.095703 0.726562
vt 0.101562 0.935059
vt 0.252441 0.843750
vt 0.253906 0.750000
vt 0.251221 0.656250
vt 0.253906 0.564453
vt 0.252441 0.987793
vt 0.416016 0.867188
vt 0.414062 0.750061
vt 0.412598 0.632812
vt 0.414062 0.512207
vt 0.416504 0.988770
vt 0.563477 0.863281
vt 0.566406 0.750427
vt 0.569092 0.636719
vt 0.570312 0.511719
vt 0.566895 0.941406
vt 0.667969 0.812012
vt 0.723145 0.750488
vt 0.716797 0.691406
vt 0.723633 0.562500
vt 0.671875 0.249512
vt 0.095703 0.435059
vt 0.252441 0.250000
vt 0.251221 0.064453
vt 0.252441 0.487793
vt 0.416016 0.250061
vt 0.412598 0.012207
vt 0.416504 0.488770
vt 0.563477 0.250427
vt 0.569092 0.011719
vt 0.566895 0.441406
vt 0.667969 0.312012
vt 0.723145 0.250488
vt 0.716797 0.191406
vt 0.723633 0.062500
vt 0.671875 0.812500
vt 0.183594 0.691406
vt 0.183594 0.859375
vt 0.332031 0.640625
vt 0.332031 0.871094
vt 0.492188 0.632812
vt 0.492188 0.847656
vt 0.640625 0.656250
vt 0.640625 0.861328
vt 0.175781 0.750000
vt 0.183594 0.636719
vt 0.175781 0.972656
vt 0.333984 0.750000
vt 0.330078 0.527344
vt 0.333984 0.994141
vt 0.494141 0.750244
vt 0.492188 0.505859
vt 0.496094 0.968750
vt 0.619141 0.871094
vt 0.701172 0.775391
vt 0.722656 0.750000
vt 0.640625 0.726562
vt 0.722656 0.632812
vt 0.703125 0.533203
vt 0.623047 0.361328
vt 0.175781 0.250000
vt 0.183594 0.136719
vt 0.175781 0.472656
vt 0.333984 0.250000
vt 0.330078 0.027344
vt 0.333984 0.494141
vt 0.494141 0.250244
vt 0.492188 0.005859
vt 0.496094 0.468750
vt 0.619141 0.371094
vt 0.701172 0.275391
vt 0.722656 0.250000
vt 0.640625 0.226562
vt 0.722656 0.132812
vt 0.703125 0.033203
vt 0.623047 0.769531
vt 0.101562 0.812500
vt 0.183594 0.843750
vt 0.253906 0.691406
vt 0.183594 0.867188
vt 0.414062 0.632812
vt 0.414062 0.871094
vt 0.492188 0.632812
vt 0.492188 0.636719
vt 0.570312 0.847656
vt 0.640625 0.656250
vt 0.640625 0.269531
vt 0.101562 0.312500
vt 0.183594 0.343750
vt 0.253906 0.191406
vt 0.183594 0.156250
vt 0.253906 0.191406
vt 0.183594 0.226562
vt 0.101562 0.359375
vt 0.332031 0.367188
vt 0.414062 0.367188
vt 0.414062 0.140625
vt 0.332031 0.132812
vt 0.414062 0.132812
vt 0.414062 0.371094
vt 0.492188 0.363281
vt 0.570312 0.371094
vt 0.492188 0.132812
vt 0.492188 0.136719
vt 0.570312 0.132812
vt 0.492188 0.136719
vt 0.570312 0.347656
vt 0.640625 0.347656
vt 0.640625 0.156250
vt 0.640625 0.156250
vt 0.640625 1.000000
vt 0.101562 0.749512
vt 0.095703 0.726562
vt 0.101562 0.935059
vt 0.252441 0.843750
vt 0.253906 0.750000
vt 0.251221 0.656250
vt 0.253906 0.564453
vt 0.252441 0.987793
vt 0.416016 0.867188
vt 0.414062 0.750061
vt 0.412598 0.632812
vt 0.414062 0.512207
vt 0.416504 0.988770
vt 0.563477 0.863281
vt 0.566406 0.750427
vt 0.569092 0.636719
vt 0.570312 0.511719
vt 0.566895 0.941406
vt 0.667969 0.812012
vt 0.723145 0.750488
vt 0.716797 0.691406
vt 0.723633 0.562500
vt 0.671875 0.249512
vt 0.095703 0.435059
vt 0.252441 0.250000
vt 0.251221 0.064453
vt 0.252441 0.487793
vt 0.416016 0.250061
vt 0.412598 0.012207
vt 0.416504 0.488770
vt 0.563477 0.250427
vt 0.569092 0.011719
vt 0.566895 0.441406
vt 0.667969 0.312012
vt 0.723145 0.250488
vt 0.716797 0.191406
vt 0.723633 0.062500
vt 0.671875 0.812500
vt 0.183594 0.691406
vt 0.183594 0.859375
vt 0.332031 0.640625
vt 0.332031 0.871094
vt 0.492188 0.632812
vt 0.492188 0.847656
vt 0.640625 0.656250
vt 0.640625 0.861328
vt 0.175781 0.750000
vt 0.183594 0.636719
vt 0.175781 0.972656
vt 0.333984 0.750000
vt 0.330078 0.527344
vt 0.333984 0.994141
vt 0.494141 0.750244
vt 0.492188 0.505859
vt 0.496094 0.968750
vt 0.619141 0.871094
vt 0.701172 0.775391
vt 0.722656 0.750000
vt 0.640625 0.726562
vt 0.722656 0.632812
vt 0.703125 0.533203
vt 0.623047 0.361328
vt 0.175781 0.250000
vt 0.183594 0.136719
vt 0.175781 0.472656
vt 0.333984 0.250000
vt 0.330078 0.027344
vt 0.333984 0.494141
vt 0.494141 0.250244
vt 0.492188 0.005859
vt 0.496094 0.468750
vt 0.619141 0.371094
vt 0.701172 0.275391
vt 0.722656 0.250000
vt 0.640625 0.226562
vt 0.722656 0.132812
vt 0.703125 0.033203
vt 0.623047 0.769531
vt 0.101562 0.812500
vt 0.183594 0.843750
vt 0.253906 0.691406
vt 0.183594 0.867188
vt 0.414062 0.632812
vt 0.414062 0.871094
vt 0.492188 0.632812
vt 0.492188 0.636719
vt 0.570312 0.847656
vt 0.640625 0.656250
vt 0.640625 0.269531
vt 0.101562 0.312500
vt 0.183594 0.343750
vt 0.253906 0.191406
vt 0.183594 0.156250
vt 0.253906 0.191406
vt 0.183594 0.226562
vt 0.101562 0.359375
vt 0.332031 0.367188
vt 0.414062 0.367188
vt 0.414062 0.140625
vt 0.332031 0.132812
vt 0.414062 0.132812
vt 0.414062 0.371094
vt 0.492188 0.363281
vt 0.570312 0.371094
vt 0.492188 0.132812
vt 0.492188 0.136719
vt 0.570312 0.132812
vt 0.492188 0.136719
vt 0.570312 0.347656
vt 0.640625 0.347656
vt 0.640625 0.156250
vt 0.640625 0.156250
vt 0.640625 1.000000
vt 0.101562 0.749512
vt 0.095703 0.726562
vt 0.101562 0.935059
vt 0.252441 0.843750
vt 0.253906 0.750000
vt 0.251221 0.656250
vt 0.253906 0.564453
vt 0.252441 0.987793
vt 0.416016 0.867188
vt 0.414062 0.750061
vt 0.412598 0.632812
vt 0.414062 0.512207
vt 0.416504 0.988770
vt 0.563477 0.863281
vt 0.566406 0.750427
vt 0.569092 0.636719
vt 0.570312 0.511719
vt 0.566895 0.941406
vt 0.667969 0.812012
vt 0.723145 0.750488
vt 0.716797 0.691406
vt 0.723633 0.562500
vt 0.671875 0.249512
vt 0.095703 0.435059
vt 0.252441 0.250000
vt 0.251221 0.064453
vt 0.252441 0.487793
vt 0.416016 0.250061
vt 0.412598 0.012207
vt 0.416504 0.488770
vt 0.563477 0.250427
vt 0.569092 0.011719
vt 0.566895 0.441406
vt 0.667969 0.312012
vt 0.723145 0.250488
vt 0.716797 0.191406
vt 0.723633 0.062500
vt 0.671875 0.812500
vt 0.183594 0.691406
vt 0.183594 0.859375
vt 0.332031 0.640625
vt 0.332031 0.871094
vt 0.492188 0.632812
vt 0.492188 0.847656
vt 0.640625 0.656250
vt 0.640625 0.861328
vt 0.175781 0.750000
vt 0.183594 0.636719
vt 0.175781 0.972656
vt 0.333984 0.750000
vt 0.330078 0.527344
vt 0.333984 0.994141
vt 0.494141 0.750244
vt 0.492188 0.505859
vt 0.496094 0.968750
vt 0.619141 0.871094
vt 0.701172 0.775391
vt 0.722656 0.750000
vt 0.640625 0.726562
vt 0.722656 0.632812
vt 0.703125 0.533203
vt 0.623047 0.361328
vt 0.175781 0.250000
vt 0.183594 0.136719
vt 0.175781 0.472656
vt 0.333984 0.250000
vt 0.330078 0.027344
vt 0.333984 0.494141
vt 0.494141 0.250244
vt 0.492188 0.005859
vt 0.496094 0.468750
vt 0.619141 0.371094
vt 0.701172 0.275391
vt 0.722656 0.250000
vt 0.640625 0.226562
vt 0.722656 0.132812
vt 0.703125 0.033203
vt 0.623047 0.769531
vt 0.101562 0.812500
vt 0.183594 0.843750
vt 0.253906 0.691406
vt 0.183594 0.867188
vt 0.414062 0.632812
vt 0.414062 0.871094
vt 0.492188 0.632812
vt 0.492188 0.636719
vt 0.570312 0.847656
vt 0.640625 0.656250
vt 0.640625 0.269531
vt 0.101562 0.312500
vt 0.183594 0.343750
vt 0.253906 0.191406
vt 0.183594 0.156250
vt 0.253906 0.191406
vt 0.183594 0.226562
vt 0.101562 0.359375
vt 0.332031 0.367188
vt 0.414062 0.367188
vt 0.414062 0.140625
vt 0.332031 0.132812
vt 0.414062 0.132812
vt 0.414062 0.371094
vt 0.492188 0.363281
vt 0.570312 0.371094
vt 0.492188 0.132812
vt 0.492188 0.136719
vt 0.570312 0.132812
vt 0.492188 0.136719
vt 0.570312 0.347656
vt 0.640625 0.347656
vt 0.640625 0.156250
vt 0.640625 0.156250
vt 0.640625 1.000000
vt 0.101562 0.749512
vt 0.095703 0.726562
vt 0.101562 0.935059
vt 0.252441 0.843750
vt 0.253906 0.750000
vt 0.251221 0.656250
vt 0.253906 0.564453
vt 0.252441 0.987793
vt 0.416016 0.867188
vt 0.414062 0.750061
vt 0.412598 0.632812
vt 0.414062 0.512207
vt 0.416504 0.988770
vt 0.563477 0.863281
vt 0.566406 0.750427
vt 0.569092 0.636719
vt 0.570312 0.511719
vt 0.566895 0.941406
vt 0.667969 0.812012
vt 0.723145 0.750488
vt 0.716797 0.691406
vt 0.723633 0.562500
vt 0.671875 0.249512
vt 0.095703 0.435059
vt 0.252441 0.250000
vt 0.251221 0.064453
vt 0.252441 0.487793
vt 0.416016 0.250061
vt 0.412598 0.012207
vt 0.416504 0.488770
vt 0.563477 0.250427
vt 0.569092 0.011719
vt 0.566895 0.441406
vt 0.667969 0.312012
vt 0.723145 0.250488
vt 0.716797 0.191406
vt 0.723633 0.062500
vt 0.671875 0.812500
vt 0.183594 0.691406
vt 0.183594 0.859375
vt 0.332031 0.640625
vt 0.332031 0.871094
vt 0.492188 0.632812
vt 0.492188 0.847656
vt 0.640625 0.656250
vt 0.640625 0.861328
vt 0.175781 0.750000
vt 0.183594 0.636719
vt 0.175781 0.972656
vt 0.333984 0.750000
vt 0.330078 0.527344
vt 0.333984 0.994141
vt 0.494141 0.750244
vt 0.492188 0.505859
vt 0.496094 0.968750
vt 0.619141 0.871094
vt 0.701172 0.775391
vt 0.722656 0.750000
vt 0.640625 0.726562
vt 0.722656 0.632812
vt 0.703125 0.533203
vt 0.623047 0.361328
vt 0.175781 0.250000
vt 0.183594 0.136719
vt 0.175781 0.472656
vt 0.333984 0.250000
vt 0.330078 0.027344
vt 0.333984 0.494141
vt 0.494141 0.250244
vt 0.492188 0.005859
vt 0.496094 0.468750
vt 0.619141 0.371094
vt 0.701172 0.275391
vt 0.722656 0.250000
vt 0.640625 0.226562
vt 0.722656 0.132812
vt 0.703125 0.033203
vt 0.623047 0.769531
vt 0.101562 0.812500
vt 0.183594 0.843750
vt 0.253906 0.691406
vt 0.183594 0.867188
vt 0.414062 0.632812
vt 0.414062 0.871094
vt 0.492188 0.632812
vt 0.492188 0.636719
vt 0.570312 0.847656
vt 0.640625 0.656250
vt 0.640625 0.269531
vt 0.101562 0.312500
vt 0.183594 0.343750
vt 0.253906 0.191406
vt 0.183594 0.156250
vt 0.253906 0.191406
vt 0.183594 0.226562
vt 0.101562 0.359375
vt 0.332031 0.367188
vt 0.414062 0.367188
vt 0.414062 0.140625
vt 0.332031 0.132812
vt 0.414062 0.132812
vt 0.414062 0.371094
vt 0.492188 0.363281
vt 0.570312 0.371094
vt 0.492188 0.132812
vt 0.492188 0.136719
vt 0.570312 0.132812
vt 0.492188 0.136719
vt 0.570312 0.347656
vt 0.640625 0.347656
vt 0.640625 0.156250
vt 0.640625 0.156250
vt 0.640625 1.000000
vt 0.101562 0.749512
vt 0.095703 0.726562
vt 0.101562 0.935059
vt 0.252441 0.843750
vt 0.253906 0.750000
vt 0.251221 0.656250
vt 0.253906 0.564453
vt 0.252441 0.987793
vt 0.416016 0.867188
vt 0.414062 0.750061
vt 0.412598 0.632812
vt 0.414062 0.512207
vt 0.416504 0.988770
vt 0.563477 0.863281
vt 0.566406 0.750427
vt 0.569092 0.636719
vt 0.570312 0.511719
vt 0.566895 0.941406
vt 0.667969 0.812012
vt 0.723145 0.750488
vt 0.716797 0.691406
vt 0.723633 0.562500
vt 0.671875 0.249512
vt 0.095703 0.435059
vt 0.252441 0.250000
vt 0.251221 0.064453
vt 0.252441 0.487793
vt 0.416016 0.250061
vt 0.412598 0.012207
vt 0.416504 0.488770
vt 0.563477 0.250427
vt 0.569092 0.011719
vt 0.566895 0.441406
vt 0.667969 0.312012
vt 0.723145 0.250488
vt 0.716797 0.191406
vt 0.723633 0.062500
vt 0.671875 0.812500
vt 0.183594 0.691406
vt 0.183594 0.859375
vt 0.332031 0.640625
vt 0.332031 0.871094
vt 0.492188 0.632812
vt 0.492188 0.847656
vt 0.640625 0.656250
vt 0.640625 0.861328
vt 0.175781 0.750000
vt 0.183594 0.636719
vt 0.175781 0.972656
vt 0.333984 0.750000
vt 0.330078 0.527344
vt 0.333984 0.994141
vt 0.494141 0.750244
vt 0.492188 0.505859
vt 0.496094 0.968750
vt 0.619141 0.871094
vt 0.701172 0.775391
vt 0.722656 0.750000
vt 0.640625 0.726562
vt 0.722656 0.632812
vt 0.703125 0.533203
vt 0.623047 0.361328
vt 0.175781 0.250000
vt 0.183594 0.136719
vt 0.175781 0.472656
vt 0.333984 0.250000
vt 0.330078 0.027344
vt 0.333984 0.494141
vt 0.494141 0.250244
vt 0.492188 0.005859
vt 0.496094 0.468750
vt 0.619141 0.371094
vt 0.701172 0.275391
vt 0.722656 0.250000
vt 0.640625 0.226562
vt 0.722656 0.132812
vt 0.703125 0.033203
vt 0.623047 0.769531
vt 0.101562 0.812500
vt 0.183594 0.843750
vt 0.253906 0.691406
vt 0.183594 0.867188
vt 0.414062 0.632812
vt 0.414062 0.871094
vt 0.492188 0.632812
vt 0.492188 0.636719
vt 0.570312 0.847656
vt 0.640625 0.656250
vt 0.640625 0.269531
vt 0.101562 0.312500
vt 0.183594 0.343750
vt 0.253906 0.191406
vt 0.183594 0.156250
vt 0.253906 0.191406
vt 0.183594 0.226562
vt 0.101562 0.359375
vt 0.332031 0.367188
vt 0.414062 0.367188
vt 0.414062 0.140625
vt 0.332031 0.132812
vt 0.414062 0.132812
vt 0.414062 0.371094
vt 0.492188 0.363281
vt 0.570312 0.371094
vt 0.492188 0.132812
vt 0.492188 0.136719
vt 0.570312 0.132812
vt 0.492188 0.136719
vt 0.570312 0.347656
vt 0.640625 0.347656
vt 0.640625 0.156250
vt 0.640625 0.156250
vt 0.640625 1.000000
vt 0.101562 0.749512
vt 0.095703 0.726562
vt 0.101562 0.935059
vt 0.252441 0.843750
vt 0.253906 0.750000
vt 0.251221 0.656250
vt 0.253906 0.564453
vt 0.252441 0.987793
vt 0.416016 0.867188
vt 0.414062 0.750061
vt 0.412598 0.632812
vt 0.414062 0.512207
vt 0.416504 0.988770
vt 0.563477 0.863281
vt 0.566406 0.750427
vt 0.569092 0.636719
vt 0.570312 0.511719
vt 0.566895 0.941406
vt 0.667969 0.812012
vt 0.723145 0.750488
vt 0.716797 0.691406
vt 0.723633 0.562500
vt 0.671875 0.249512
vt 0.095703 0.435059
vt 0.252441 0.250000
vt 0.251221 0.064453
vt 0.252441 0.487793
vt 0.416016 0.250061
vt 0.412598 0.012207
vt 0.416504 0.488770
vt 0.563477 0.250427
vt 0.569092 0.011719
vt 0.566895 0.441406
vt 0.667969 0.312012
vt 0.723145 0.250488
vt 0.716797 0.191406
vt 0.723633 0.062500
vt 0.671875 0.812500
vt 0.183594 0.691406
vt 0.183594 0.859375
vt 0.332031 0.640625
vt 0.332031 0.871094
vt 0.492188 0.632812
vt 0.492188 0.847656
vt 0.640625 0.656250
vt 0.640625 0.861328
vt 0.175781 0.750000
vt 0.183594 0.636719
vt 0.175781 0.972656
vt 0.333984 0.750000
vt 0.330078 0.527344
vt 0.333984 0.994141
vt 0.494141 0.750244
vt 0.492188 0.505859
vt 0.496094 0.968750
vt 0.619141 0.871094
vt 0.701172 0.775391
vt 0.722656 0.750000
vt 0.640625 0.726562
vt 0.722656 0.632812
vt 0.703125 0.533203
vt 0.623047 0.361328
vt 0.175781 0.250000
vt 0.183594 0.136719
vt 0.175781 0.472656
vt 0.333984 0.250000
vt 0.330078 0.027344
vt 0.333984 0.494141
vt 0.494141 0.250244
vt 0.492188 0.005859
vt 0.496094 0.468750
vt 0.619141 0.371094
vt 0.701172 0.275391
vt 0.722656 0.250000
vt 0.640625 0.226562
vt 0.722656 0.132812
vt 0.703125 0.033203
vt 0.623047 0.769531
vt 0.101562 0.812500
vt 0.183594 0.843750
vt 0.253906 0.691406
vt 0.183594 0.867188
vt 0.414062 0.632812
vt 0.414062 0.871094
vt 0.492188 0.632812
vt 0.492188 0.636719
vt 0.570312 0.847656
vt 0.640625 0.656250
vt 0.640625 0.269531
vt 0.101562 0.312500
vt 0.183594 0.343750
vt 0.253906 0.191406
vt 0.183594 0.156250
vt 0.253906 0.191406
vt 0.183594 0.226562
vt 0.101562 0.359375
vt 0.332031 0.367188
vt 0.414062 0.367188
vt 0.414062 0.140625
vt 0.332031 0.132812
vt 0.414062 0.132812
vt 0.414062 0.371094
vt 0.492188 0.363281
vt 0.570312 0.371094
vt 0.492188 0.132812
vt 0.492188 0.136719
vt 0.570312 0.132812
vt 0.492188 0.136719
vt 0.570312 0.347656
vt 0.640625 0.347656
vt 0.640625 0.156250
vt 0.640625 0.156250
vt 0.640625 1.000000
vt 0.101562 0.749512
vt 0.095703 0.726562
vt 0.101562 0.935059
vt 0.252441 0.843750
vt 0.253906 0.750000
vt 0.251221 0.656250
vt 0.253906 0.564453
vt 0.252441 0.987793
vt 0.416016 0.867188
vt 0.414062 0.750061
vt 0.412598 0.632812
vt 0.414062 0.512207
vt 0.416504 0.988770
vt 0.563477 0.863281
vt 0.566406 0.750427
vt 0.569092 0.636719
vt 0.570312 0.511719
vt 0.566895 0.941406
vt 0.667969 0.812012
vt 0.723145 0.750488
vt 0.716797 0.691406
vt 0.723633 0.562500
vt 0.671875 0.249512
vt 0.095703 0.435059
vt 0.252441 0.250000
vt 0.251221 0.064453
vt 0.252441 0.487793
vt 0.416016 0.250061
vt 0.412598 0.012207
vt 0.416504 0.488770
vt 0.563477 0.250427
vt 0.569092 0.011719
vt 0.566895 0.441406
vt 0.667969 0.312012
vt 0.723145 0.250488
vt 0.716797 0.191406
vt 0.723633 0.062500
vt 0.671875 0.812500
vt 0.183594 0.691406
vt 0.183594 0.859375
vt 0.332031 0.640625
vt 0.332031 0.871094
vt 0.492188 0.632812
vt 0.492188 0.847656
vt 0.640625 0.656250
vt 0.640625 0.861328
vt 0.175781 0.750000
vt 0.183594 0.636719
vt 0.175781 0.972656
vt 0.333984 0.750000
vt 0.330078 0.527344
vt 0.333984 0.994141
vt 0.494141 0.750244
vt 0.492188 0.505859
vt 0.496094 0.968750
vt 0.619141 0.871094
vt 0.701172 0.775391
vt 0.722656 0.750000
vt 0.640625 0.726562
vt 0.722656 0.632812
vt 0.703125 0.533203
vt 0.623047 0.361328
vt 0.175781 0.250000
vt 0.183594 0.136719
vt 0.175781 0.472656
vt 0.333984 0.250000
vt 0.330078 0.027344
vt 0.333984 0.494141
vt 0.494141 0.250244
vt 0.492188 0.005859
vt 0.496094 0.468750
vt 0.619141 0.371094
vt 0.701172 0.275391
vt 0.722656 0.250000
vt 0.640625 0.226562
vt 0.722656 0.132812
vt 0.703125 0.033203
vt 0.623047 0.769531
vt 0.101562 0.812500
vt 0.183594 0.843750
vt 0.253906 0.691406
vt 0.183594 0.867188
vt 0.414062 0.632812
vt 0.414062 0.871094
vt 0.492188 0.632812
vt 0.492188 0.636719
vt 0.570312 0.847656
vt 0.640625 0.656250
vt 0.640625 0.269531
vt 0.101562 0.312500
vt 0.183594 0.343750
vt 0.253906 0.191406
vt 0.183594 0.156250
vt 0.253906 0.191406
vt 0.183594 0.226562
vt 0.101562 0.359375
vt 0.332031 0.367188
vt 0.414062 0.367188
vt 0.414062 0.140625
vt 0.332031 0.132812
vt 0.414062 0.132812
vt 0.414062 0.371094
vt 0.492188 0.363281
vt 0.570312 0.371094
vt 0.492188 0.132812
vt 0.492188 0.136719
vt 0.570312 0.132812
vt 0.492188 0.136719
vt 0.570312 0.347656
vt 0.640625 0.347656
vt 0.640625 0.156250
vt 0.640625 0.156250
vt 0.640625 1.000000
vt 0.101562 0.749512
vt 0.095703 0.726562
vt 0.101562 0.935059
vt 0.252441 0.843750
vt 0.253906 0.750000
vt 0.251221 0.656250
vt 0.253906 0.564453
vt 0.252441 0.987793
vt 0.416016 0.867188
vt 0.414062 0.750061
vt 0.412598 0.632812
vt 0.414062 0.512207
vt 0.416504 0.988770
vt 0.563477 0.863281
vt 0.566406 0.750427
vt 0.569092 0.636719
vt 0.570312 0.511719
vt 0.566895 0.941406
vt 0.667969 0.812012
vt 0.723145 0.750488
vt 0.716797 0.691406
vt 0.723633 0.562500
vt 0.671875 0.249512
vt 0.095703 0.435059
vt 0.252441 0.250000
vt 0.251221 0.064453
vt 0.252441 0.487793
vt 0.416016 0.250061
vt 0.412598 0.012207
vt 0.416504 0.488770
vt 0.563477 0.250427
vt 0.569092 0.011719
vt 0.566895 0.441406
vt 0.667969 0.312012
vt 0.723145 0.250488
vt 0.716797 0.191406
vt 0.723633 0.062500
vt 0.671875 0.812500
vt 0.183594 0.691406
vt 0.183594 0.859375
vt 0.332031 0.640625
vt 0.332031 0.871094
vt 0.492188 0.632812
vt 0.492188 0.847656
vt 0.640625 0.656250
vt 0.640625 0.861328
vt 0.175781 0.750000
vt 0.183594 0.636719
vt 0.175781 0.972656
vt 0.333984 0.750000
vt 0.330078 0.527344
vt 0.333984 0.994141
vt 0.494141 0.750244
vt 0.492188 0.505859
vt 0.496094 0.968750
vt 0.619141 0.871094
vt 0.701172 0.775391
vt 0.722656 0.750000
vt 0.640625 0.726562
vt 0.722656 0.632812
vt 0.703125 0.533203
vt 0.623047 0.361328
vt 0.175781 0.250000
vt 0.183594 0.136719
vt 0.175781 0.472656
vt 0.333984 0.250000
vt 0.330078 0.027344
vt 0.333984 0.494141
vt 0.494141 0.250244
vt 0.492188 0.005859
vt 0.496094 0.468750
vt 0.619141 0.371094
vt 0.701172 0.275391
vt 0.722656 0.250000
vt 0.640625 0.226562
vt 0.722656 0.132812
vt 0.703125 0.033203
vt 0.623047 0.769531
vt 0.101562 0.812500
vt 0.183594 0.843750
vt 0.253906 0.691406
vt 0.183594 0.867188
vt 0.414062 0.632812
vt 0.414062 0.871094
vt 0.492188 0.632812
vt 0.492188 0.636719
vt 0.570312 0.847656
vt 0.640625 0.656250
vt 0.640625 0.269531
vt 0.101562 0.312500
vt 0.183594 0.343750
vt 0.253906 0.191406
vt 0.183594 0.156250
vt 0.253906 0.191406
vt 0.183594 0.226562
vt 0.101562 0.359375
vt 0.332031 0.367188
vt 0.414062 0.367188
vt 0.414062 0.140625
vt 0.332031 0.132812
vt 0.414062 0.132812
vt 0.414062 0.371094
vt 0.492188 0.363281
vt 0.570312 0.371094
vt 0.492188 0.132812
vt 0.492188 0.136719
vt 0.570312 0.132812
vt 0.492188 0.136719
vt 0.570312 0.347656
vt 0.640625 0.347656
vt 0.640625 0.156250
vt 0.640625 0.156250
vt 0.640625 1.000000
vt 0.101562 0.749512
vt 0.095703 0.726562
vt 0.101562 0.935059
vt 0.252441 0.843750
vt 0.253906 0.750000
vt 0.251221 0.656250
vt 0.253906 0.564453
vt 0.252441 0.987793
vt 0.416016 0.867188
vt 0.414062 0.750061
vt 0.412598 0.632812
vt 0.414062 0.512207
vt 0.416504 0.988770
vt 0.563477 0.863281
vt 0.566406 0.750427
vt 0.569092 0.636719
vt 0.570312 0.511719
vt 0.566895 0.941406
vt 0.667969 0.812012
vt 0.723145 0.750488
vt 0.716797 0.691406
vt 0.723633 0.562500
vt 0.671875 0.249512
vt 0.095703 0.435059
vt 0.252441 0.250000
vt 0.251221 0.064453
vt 0.252441 0.487793
vt 0.416016 0.250061
vt 0.412598 0.012207
vt 0.416504 0.488770
vt 0.563477 0.250427
vt 0.569092 0.011719
vt 0.566895 0.441406
vt 0.667969 0.312012
vt 0.723145 0.250488
vt 0.716797 0.191406
vt 0.723633 0.062500
vt 0.671875 0.812500
vt 0.183594 0.691406
vt 0.183594 0.859375
vt 0.332031 0.640625
vt 0.332031 0.871094
vt 0.492188 0.632812
vt 0.492188 0.847656
vt 0.640625 0.656250
vt 0.640625 0.861328
vt 0.175781 0.750000
vt 0.183594 0.636719
vt 0.175781 0.972656
vt 0.333984 0.750000
vt 0.330078 0.527344
vt 0.333984 0.994141
vt 0.494141 0.750244
vt 0.492188 0.505859
vt 0.496094 0.968750
vt 0.619141 0.871094
vt 0.701172 0.775391
vt 0.722656 0.750000
vt 0.640625 0.726562
vt 0.722656 0.632812
vt 0.703125 0.533203
vt 0.623047 0.361328
vt 0.175781 0.250000
vt 0.183594 0.136719
vt 0.175781 0.472656
vt 0.333984 0.250000
vt 0.330078 0.027344
vt 0.333984 0.494141
vt 0.494141 0.250244
vt 0.492188 0.005859
vt 0.496094 0.468750
vt 0.619141 0.371094
vt 0.701172 0.275391
vt 0.722656 0.250000
vt 0.640625 0.226562
vt 0.722656 0.132812
vt 0.703125 0.033203
vt 0.623047 0.769531
vt 0.101562 0.812500
vt 0.183594 0.843750
vt 0.253906 0.691406
vt 0.183594 0.867188
vt 0.414062 0.632812
vt 0.414062 0.871094
vt 0.492188 0.632812
vt 0.492188 0.636719
vt 0.570312 0.847656
vt 0.640625 0.656250
vt 0.640625 0.269531
vt 0.101562 0.312500
vt 0.183594 0.343750
vt 0.253906 0.191406
vt 0.183594 0.156250
vt 0.253906 0.191406
vt 0.183594 0.226562
vt 0.101562 0.359375
vt 0.332031 0.367188
vt 0.414062 0.367188
vt 0.414062 0.140625
vt 0.332031 0.132812
vt 0.414062 0.132812
vt 0.414062 0.371094
vt 0.492188 0.363281
vt 0.570312 0.371094
vt 0.492188 0.132812
vt 0.492188 0.136719
vt 0.570312 0.132812
vt 0.492188 0.136719
vt 0.570312 0.347656
vt 0.640625 0.347656
vt 0.640625 0.156250
vt 0.640625 0.156250
vt 0.640625 1.000000
vt 0.101562 0.749512
vt 0.095703 0.726562
vt 0.101562 0.935059
vt 0.252441 0.843750
vt 0.253906 0.750000
vt 0.251221 0.656250
vt 0.253906 0.564453
vt 0.252441 0.987793
vt 0.416016 0.867188
vt 0.414062 0.750061
vt 0.412598 0.632812
vt 0.414062 0.512207
vt 0.416504 0.988770
vt 0.563477 0.863281
vt 0.566406 0.750427
vt 0.569092 0.636719
vt 0.570312 0.511719
vt 0.566895 0.941406
vt 0.667969 0.812012
vt 0.723145 0.750488
vt 0.716797 0.691406
vt 0.723633 0.562500
vt 0.671875 0.249512
vt 0.095703 0.435059
vt 0.252441 0.250000
vt 0.251221 0.064453
vt 0.252441 0.487793
vt 0.416016 0.250061
vt 0.412598 0.012207
vt 0.416504 0.488770
vt 0.563477 0.250427
vt 0.569092 0.011719
vt 0.566895 0.441406
vt 0.667969 0.312012
vt 0.723145 0.250488
vt 0.716797 0.191406
vt 0.723633 0.062500
vt 0.671875 0.812500
vt 0.183594 0.691406
vt 0.183594 0.859375
vt 0.332031 0.640625
vt 0.332031 0.871094
vt 0.492188 0.632812
vt 0.492188 0.847656
vt 0.640625 0.656250
vt 0.640625 0.861328
vt 0.175781 0.750000
vt 0.183594 0.636719
vt 0.175781 0.972656
vt 0.333984 0.750000
vt 0.330078 0.527344
vt 0.333984 0.994141
vt 0.494141 0.750244
vt 0.492188 0.505859
vt 0.496094 0.968750
vt 0.619141 0.871094
vt 0.701172 0.775391
vt 0.722656 0.750000
vt 0.640625 0.726562
vt 0.722656 0.632812
vt 0.703125 0.533203
vt 0.623047 0.361328
vt 0.175781 0.250000
vt 0.183594 0.136719
vt 0.175781 0.472656
vt 0.333984 0.250000
vt 0.330078 0.027344
vt 0.333984 0.494141
vt 0.494141 0.250244
vt 0.492188 0.005859
vt 0.496094 0.468750
vt 0.619141 0.371094
vt 0.701172 0.275391
vt 0.722656 0.250000
vt 0.640625 0.226562
vt 0.722656 0.132812
vt 0.703125 0.033203
vt 0.623047 0.769531
vt 0.101562 0.812500
vt 0.183594 0.843750
vt 0.253906 0.691406
vt 0.183594 0.867188
vt 0.414062 0.632812
vt 0.414062 0.871094
vt 0.492188 0.632812
vt 0.492188 0.636719
vt 0.570312 0.847656
vt 0.640625 0.656250
vt 0.640625 0.269531
vt 0.101562 0.312500
vt 0.183594 0.343750
vt 0.253906 0.191406
vt 0.183594 0.156250
vt 0.253906 0.191406
vt 0.183594 0.226562
vt 0.101562 0.359375
vt 0.332031 0.367188
vt 0.414062 0.367188
vt 0.414062 0.140625
vt 0.332031 0.132812
vt 0.414062 0.132812
vt 0.414062 0.371094
vt 0.492188 0.363281
vt 0.570312 0.371094
vt 0.492188 0.132812
vt 0.492188 0.136719
vt 0.570312 0.132812
vt 0.492188 0.136719
vt 0.570312 0.347656
vt 0.640625 0.347656
vt 0.640625 0.156250
vt 0.640625 0.156250
vt 0.640625 1.000000
vt 0.101562 0.749512
vt 0.095703 0.726562
vt 0.101562 0.935059
vt 0.252441 0.843750
vt 0.253906 0.750000
vt 0.251221 0.656250
vt 0.253906 0.564453
vt 0.252441 0.987793
vt 0.416016 0.867188
vt 0.414062 0.750061
vt 0.412598 0.632812
vt 0.414062 0.512207
vt 0.416504 0.988770
vt 0.563477 0.863281
vt 0.566406 0.750427
vt 0.569092 0.636719
vt 0.570312 0.511719
vt 0.566895 0.941406
vt 0.667969 0.812012
vt 0.723145 0.750488
vt 0.716797 0.691406
vt 0.723633 0.562500
vt 0.671875 0.249512
vt 0.095703 0.435059
vt 0.252441 0.250000
vt 0.251221 0.064453
vt 0.252441 0.487793
vt 0.416016 0.250061
vt 0.412598 0.012207
vt 0.416504 0.488770
vt 0.563477 0.250427
vt 0.569092 0.011719
vt 0.566895 0.441406
vt 0.667969 0.312012
vt 0.723145 0.250488
vt 0.716797 0.191406
vt 0.723633 0.062500
vt 0.671875 0.812500
vt 0.183594 0.691406
vt 0.183594 0.859375
vt 0.332031 0.640625
vt 0.332031 0.871094
vt 0.492188 0.632812
vt 0.492188 0.847656
vt 0.640625 0.656250
vt 0.640625 0.861328
vt 0.175781 0.750000
vt 0.183594 0.636719
vt 0.175781 0.972656
vt 0.333984 0.750000
vt 0.330078 0.527344
vt 0.333984 0.994141
vt 0.494141 0.750244
vt 0.492188 0.505859
vt 0.496094 0.968750
vt 0.619141 0.871094
vt 0.701172 0.775391
vt 0.722656 0.750000
vt 0.640625 0.726562
vt 0.722656 0.632812
vt 0.703125 0.533203
vt 0.623047 0.361328
vt 0.175781 0.250000
vt 0.183594 0.136719
vt 0.175781 0.472656
vt 0.333984 0.250000
vt 0.330078 0.027344
vt 0.333984 0.494141
vt 0.494141 0.250244
vt 0.492188 0.005859
vt 0.496094 0.468750
vt 0.619141 0.371094
vt 0.701172 0.275391
vt 0.722656 0.250000
vt 0.640625 0.226562
vt 0.722656 0.132812
vt 0.703125 0.033203
vt 0.623047 0.769531
vt 0.101562 0.812500
vt 0.183594 0.843750
vt 0.253906 0.691406
vt 0.183594 0.867188
vt 0.414062 0.632812
vt 0.414062 0.871094
vt 0.492188 0.632812
vt 0.492188 0.636719
vt 0.570312 0.847656
vt 0.640625 0.656250
vt 0.640625 0.269531
vt 0.101562 0.312500
vt 0.183594 0.343750
vt 0.253906 0.191406
vt 0.183594 0.156250
vt 0.253906 0.191406
vt 0.183594 0.226562
vt 0.101562 0.359375
vt 0.332031 0.367188
vt 0.414062 0.367188
vt 0.414062 0.140625
vt 0.332031 0.132812
vt 0.414062 0.132812
vt 0.414062 0.371094
vt 0.492188 0.363281
vt 0.570312 0.371094
vt 0.492188 0.132812
vt 0.492188 0.136719
vt 0.570312 0.132812
vt 0.492188 0.136719
vt 0.570312 0.347656
vt 0.640625 0.347656
vt 0.640625 0.156250
vt 0.640625 0.156250
vt 0.640625 1.000000
vt 0.101562 0.749512
vt 0.095703 0.726562
vt 0.101562 0.935059
vt 0.252441 0.843750
vt 0.253906 0.750000
vt 0.251221 0.656250
vt 0.253906 0.564453
vt 0.252441 0.987793
vt 0.416016 0.867188
vt 0.414062 0.750061
vt 0.412598 0.632812
vt 0.414062 0.512207
vt 0.416504 0.988770
vt 0.563477 0.863281
vt 0.566406 0.750427
vt 0.569092 0.636719
vt 0.570312 0.511719
vt 0.566895 0.941406
vt 0.667969 0.812012
vt 0.723145 0.750488
vt 0.716797 0.691406
vt 0.723633 0.562500
vt 0.671875 0.249512
vt 0.095703 0.435059
vt 0.252441 0.250000
vt 0.251221 0.064453
vt 0.252441 0.487793
vt 0.416016 0.250061
vt 0.412598 0.012207
vt 0.416504 0.488770
vt 0.563477 0.250427
vt 0.569092 0.011719
vt 0.566895 0.441406
vt 0.667969 0.312012
vt 0.723145 0.250488
vt 0.716797 0.191406
vt 0.723633 0.062500
vt 0.671875 0.812500
vt 0.183594 0.691406
vt 0.183594 0.859375
vt 0.332031 0.640625
vt 0.332031 0.871094
vt 0.492188 0.632812
vt 0.492188 0.847656
vt 0.640625 0.656250
vt 0.640625 0.861328
vt 0.175781 0.750000
vt 0.183594 0.636719
vt 0.175781 0.972656
vt 0.333984 0.750000
vt 0.330078 0.527344
vt 0.333984 0.994141
vt 0.494141 0.750244
vt 0.492188 0.505859
vt 0.496094 0.968750
vt 0.619141 0.871094
vt 0.701172 0.775391
vt 0.722656 0.750000
vt 0.640625 0.726562
vt 0.722656 0.632812
vt 0.703125 0.533203
vt 0.623047 0.361328
vt 0.175781 0.250000
vt 0.183594 0.136719
vt 0.175781 0.472656
vt 0.333984 0.250000
vt 0.330078 0.027344
vt 0.333984 0.494141
vt 0.494141 0.250244
vt 0.492188 0.005859
vt 0.496094 0.468750
vt 0.619141 0.371094
vt 0.701172 0.275391
vt 0.722656 0.250000
vt 0.640625 0.226562
vt 0.722656 0.132812
vt 0.703125 0.033203
vt 0.623047 0.769531
vt 0.101562 0.812500
vt 0.183594 0.843750
vt 0.253906 0.691406
vt 0.183594 0.867188
vt 0.414062 0.632812
vt 0.414062 0.871094
vt 0.492188 0.632812
vt 0.492188 0.636719
vt 0.570312 0.847656
vt 0.640625 0.656250
vt 0.640625 0.269531
vt 0.101562 0.312500
vt 0.183594 0.343750
vt 0.253906 0.191406
vt 0.183594 0.156250
vt 0.253906 0.191406
vt 0.183594 0.226562
vt 0.101562 0.359375
vt 0.332031 0.367188
vt 0.414062 0.367188
vt 0.414062 0.140625
vt 0.332031 0.132812
vt 0.414062 0.132812
vt 0.414062 0.371094
vt 0.492188 0.363281
vt 0.570312 0.371094
vt 0.492188 0.132812
vt 0.492188 0.136719
vt 0.570312 0.132812
vt 0.492188 0.136719
vt 0.570312 0.347656
vt 0.640625 0.347656
vt 0.640625 0.156250
vt 0.640625 0.156250
vt 0.640625 1.000000
vt 0.101562 0.749512
vt 0.095703 0.726562
vt 0.101562 0.935059
vt 0.252441 0.843750
vt 0.253906 0.750000
vt 0.251221 0.656250
vt 0.253906 0.564453
vt 0.252441 0.987793
vt 0.416016 0.867188
vt 0.414062 0.750061
vt 0.412598 0.632812
vt 0.414062 0.512207
vt 0.416504 0.988770
vt 0.563477 0.863281
vt 0.566406 0.750427
vt 0.569092 0.636719
vt 0.570312 0.511719
vt 0.566895 0.941406
vt 0.667969 0.812012
vt 0.723145 0.750488
vt 0.716797 0.691406
vt 0.723633 0.562500
vt 0.671875 0.249512
vt 0.095703 0.435059
vt 0.252441 0.250000
vt 0.251221 0.064453
vt 0.252441 0.487793
vt 0.416016 0.250061
vt 0.412598 0.012207
vt 0.416504 0.488770
vt 0.563477 0.250427
vt 0.569092 0.011719
vt 0.566895 0.441406
vt 0.667969 0.312012
vt 0.723145 0.250488
vt 0.716797 0.191406
vt 0.723633 0.062500
vt 0.671875 0.812500
vt 0.183594 0.691406
vt 0.183594 0.859375
vt 0.332031 0.640625
vt 0.332031 0.871094
vt 0.492188 0.632812
vt 0.492188 0.847656
vt 0.640625 0.656250
vt 0.640625 0.861328
vt 0.175781 0.750000
vt 0.183594 0.636719
vt 0.175781 0.972656
vt 0.333984 0.750000
vt 0.330078 0.527344
vt 0.333984 0.994141
vt 0.494141 0.750244
vt 0.492188 0.505859
vt 0.496094 0.968750
vt 0.619141 0.871094
vt 0.701172 0.775391
vt 0.722656 0.750000
vt 0.640625 0.726562
vt 0.722656 0.632812
vt 0.703125 0.533203
vt 0.623047 0.361328
vt 0.175781 0.250000
vt 0.183594 0.136719
vt 0.175781 0.472656
vt 0.333984 0.250000
vt 0.330078 0.027344
vt 0.333984 0.494141
vt 0.494141 0.250244
vt 0.492188 0.005859
vt 0.496094 0.468750
vt 0.619141 0.371094
vt 0.701172 0.275391
vt 0.722656 0.250000
vt 0.640625 0.226562
vt 0.722656 0.132812
vt 0.703125 0.033203
vt 0.623047 0.769531
vt 0.101562 0.812500
vt 0.183594 0.843750
vt 0.253906 0.691406
vt 0.183594 0.867188
vt 0.414062 0.632812
vt 0.414062 0.871094
vt 0.492188 0.632812
vt 0.492188 0.636719
vt 0.570312 0.847656
vt 0.640625 0.656250
vt 0.640625 0.269531
vt 0.101562 0.312500
vt 0.183594 0.343750
vt 0.253906 0.191406
vt 0.183594 0.156250
vt 0.253906 0.191406
vt 0.183594 0.226562
vt 0.101562 0.359375
vt 0.332031 0.367188
vt 0.414062 0.367188
vt 0.414062 0.140625
vt 0.332031 0.132812
vt 0.414062 0.132812
vt 0.414062 0.371094
vt 0.492188 0.363281
vt 0.570312 0.371094
vt 0.492188 0.132812
vt 0.492188 0.136719
vt 0.570312 0.132812
vt 0.492188 0.136719
vt 0.570312 0.347656
vt 0.640625 0.347656
vt 0.640625 0.156250
vt 0.640625 0.156250
vt 0.640625 1.000000
vt 0.101562 0.749512
vt 0.095703 0.726562
vt 0.101562 0.935059
vt 0.252441 0.843750
vt 0.253906 0.750000
vt 0.251221 0.656250
vt 0.253906 0.564453
vt 0.252441 0.987793
vt 0.416016 0.867188
vt 0.414062 0.750061
vt 0.412598 0.632812
vt 0.414062 0.512207
vt 0.416504 0.988770
vt 0.563477 0.863281
vt 0.566406 0.750427
vt 0.569092 0.636719
vt 0.570312 0.511719
vt 0.566895 0.941406
vt 0.667969 0.812012
vt 0.723145 0.750488
vt 0.716797 0.691406
vt 0.723633 0.562500
vt 0.671875 0.249512
vt 0.095703 0.435059
vt 0.252441 0.250000
vt 0.251221 0.064453
vt 0.252441 0.487793
vt 0.416016 0.250061
vt 0.412598 0.012207
vt 0.416504 0.488770
vt 0.563477 0.250427
vt 0.569092 0.011719
vt 0.566895 0.441406
vt 0.667969 0.312012
vt 0.723145 0.250488
vt 0.716797 0.191406
vt 0.723633 0.062500
vt 0.671875 0.812500
vt 0.183594 0.691406
vt 0.183594 0.859375
vt 0.332031 0.640625
vt 0.332031 0.871094
vt 0.492188 0.632812
vt 0.492188 0.847656
vt 0.640625 0.656250
vt 0.640625 0.861328
vt 0.175781 0.750000
vt 0.183594 0.636719
vt 0.175781 0.972656
vt 0.333984 0.750000
vt 0.330078 0.527344
vt 0.333984 0.994141
vt 0.494141 0.750244
vt 0.492188 0.505859
vt 0.496094 0.968750
vt 0.619141 0.871094
vt 0.701172 0.775391
vt 0.722656 0.750000
vt 0.640625 0.726562
vt 0.722656 0.632812
vt 0.703125 0.533203
vt 0.623047 0.361328
vt 0.175781 0.250000
vt 0.183594 0.136719
vt 0.175781 0.472656
vt 0.333984 0.250000
vt 0.330078 0.027344
vt 0.333984 0.494141
vt 0.494141 0.250244
vt 0.492188 0.005859
vt 0.496094 0.468750
vt 0.619141 0.371094
vt 0.701172 0.275391
vt 0.722656 0.250000
vt 0.640625 0.226562
vt 0.722656 0.132812
vt 0.703125 0.033203
vt 0.623047 0.769531
vt 0.101562 0.812500
vt 0.183594 0.843750
vt 0.253906 0.691406
vt 0.183594 0.867188
vt 0.414062 0.632812
vt 0.414062 0.871094
vt 0.492188 0.632812
vt 0.492188 0.636719
vt 0.570312 0.847656
vt 0.640625 0.656250
vt 0.640625 0.269531
vt 0.101562 0.312500
vt 0.183594 0.343750
vt 0.253906 0.191406
vt 0.183594 0.156250
vt 0.253906 0.191406
vt 0.183594 0.226562
vt 0.101562 0.359375
vt 0.332031 0.367188
vt 0.414062 0.367188
vt 0.414062 0.140625
vt 0.332031 0.132812
vt 0.414062 0.132812
vt 0.414062 0.371094
vt 0.492188 0.363281
vt 0.570312 0.371094
vt 0.492188 0.132812
vt 0.492188 0.136719
vt 0.570312 0.132812
vt 0.492188 0.136719
vt 0.570312 0.347656
vt 0.640625 0.347656
vt 0.640625 0.156250
vt 0.640625 0.156250
vt 0.640625 1.000000
vt 0.101562 0.749512
vt 0.095703 0.726562
vt 0.101562 0.935059
vt 0.252441 0.843750
vt 0.253906 0.750000
vt 0.251221 0.656250
vt 0.253906 0.564453
vt 0.252441 0.987793
vt 0.416016 0.867188
vt 0.414062 0.750061
vt 0.412598 0.632812
vt 0.414062 0.512207
vt 0.416504 0.988770
vt 0.563477 0.863281
vt 0.566406 0.750427
vt 0.569092 0.636719
vt 0.570312 0.511719
vt 0.566895 0.941406
vt 0.667969 0.812012
vt 0.723145 0.750488
vt 0.716797 0.691406
vt 0.723633 0.562500
vt 0.671875 0.249512
vt 0.095703 0.435059
vt 0.252441 0.250000
vt 0.251221 0.064453
vt 0.252441 0.487793
vt 0.416016 0.250061
vt 0.412598 0.012207
vt 0.416504 0.488770
vt 0.563477 0.250427
vt 0.569092 0.011719
vt 0.566895 0.441406
vt 0.667969 0.312012
vt 0.723145 0.250488
vt 0.716797 0.191406
vt 0.723633 0.062500
vt 0.671875 0.812500
vt 0.183594 0.691406
vt 0.183594 0.859375
vt 0.332031 0.640625
vt 0.332031 0.871094
vt 0.492188 0.632812
vt 0.492188 0.847656
vt 0.640625 0.656250
vt 0.640625 0.861328
vt 0.175781 0.750000
vt 0.183594 0.636719
vt 0.175781 0.972656
vt 0.333984 0.750000
vt 0.330078 0.527344
vt 0.333984 0.994141
vt 0.494141 0.750244
vt 0.492188 0.505859
vt 0.496094 0.968750
vt 0.619141 0.871094
vt 0.701172 0.775391
vt 0.722656 0.750000
vt 0.640625 0.726562
vt 0.722656 0.632812
vt 0.703125 0.533203
vt 0.623047 0.361328
vt 0.175781 0.250000
vt 0.183594 0.136719
vt 0.175781 0.472656
vt 0.333984 0.250000
vt 0.330078 0.027344
vt 0.333984 0.494141
vt 0.494141 0.250244
vt 0.492188 0.005859
vt 0.496094 0.468750
vt 0.619141 0.371094
vt 0.701172 0.275391
vt 0.722656 0.250000
vt 0.640625 0.226562
vt 0.722656 0.132812
vt 0.703125 0.033203
vt 0.623047 0.769531
vt 0.101562 0.812500
vt 0.183594 0.843750
vt 0.253906 0.691406
vt 0.183594 0.867188
vt 0.414062 0.632812
vt 0.414062 0.871094
vt 0.492188 0.632812
vt 0.492188 0.636719
vt 0.570312 0.847656
vt 0.640625 0.656250
vt 0.640625 0.269531
vt 0.101562 0.312500
vt 0.183594 0.343750
vt 0.253906 0.191406
vt 0.183594 0.156250
vt 0.253906 0.191406
vt 0.183594 0.226562
vt 0.101562 0.359375
vt 0.332031 0.367188
vt 0.414062 0.367188
vt 0.414062 0.140625
vt 0.332031 0.132812
vt 0.414062 0.132812
vt 0.414062 0.371094
vt 0.492188 0.363281
vt 0.570312 0.371094
vt 0.492188 0.132812
vt 0.492188 0.136719
vt 0.570312 0.132812
vt 0.492188 0.136719
vt 0.570312 0.347656
vt 0.640625 0.347656
vt 0.640625 0.156250
vt 0.640625 0.156250
vt 0.640625 1.000000
vt 0.101562 0.749512
vt 0.095703 0.726562
vt 0.101562 0.935059
vt 0.252441 0.843750
vt 0.253906 0.750000
vt 0.251221 0.656250
vt 0.253906 0.564453
vt 0.252441 0.987793
vt 0.416016 0.867188
vt 0.414062 0.750061
vt 0.412598 0.632812
vt 0.414062 0.512207
vt 0.416504 0.988770
vt 0.563477 0.863281
vt 0.566406 0.750427
vt 0.569092 0.636719
vt 0.570312 0.511719
vt 0.566895 0.941406
vt 0.667969 0.812012
vt 0.723145 0.750488
vt 0.716797 0.691406
vt 0.723633 0.562500
vt 0.671875 0.249512
vt 0.095703 0.435059
vt 0.252441 0.250000
vt 0.251221 0.064453
vt 0.252441 0.487793
vt 0.416016 0.250061
vt 0.412598 0.012207
vt 0.416504 0.488770
vt 0.563477 0.250427
vt 0.569092 0.011719
vt 0.566895 0.441406
vt 0.667969 0.312012
vt 0.723145 0.250488
vt 0.716797 0.191406
vt 0.723633 0.062500
vt 0.671875 0.812500
vt 0.183594 0.691406
vt 0.183594 0.859375
vt 0.332031 0.640625
vt 0.332031 0.871094
vt 0.492188 0.632812
vt 0.492188 0.847656
vt 0.640625 0.656250
vt 0.640625 0.861328
vt 0.175781 0.750000
vt 0.183594 0.636719
vt 0.175781 0.972656
vt 0.333984 0.750000
vt 0.330078 0.527344
vt 0.333984 0.994141
vt 0.494141 0.750244
vt 0.492188 0.505859
vt 0.496094 0.968750
vt 0.619141 0.871094
vt 0.701172 0.775391
vt 0.722656 0.750000
vt 0.640625 0.726562
vt 0.722656 0.632812
vt 0.703125 0.533203
vt 0.623047 0.361328
vt 0.175781 0.250000
vt 0.183594 0.136719
vt 0.175781 0.472656
vt 0.333984 0.250000
vt 0.330078 0.027344
vt 0.333984 0.494141
vt 0.494141 0.250244
vt 0.492188 0.005859
vt 0.496094 0.468750
vt 0.619141 0.371094
vt 0.701172 0.275391
vt 0.722656 0.250000
vt 0.640625 0.226562
vt 0.722656 0.132812
vt 0.703125 0.033203
vt 0.623047 0.769531
vt 0.101562 0.812500
vt 0.183594 0.843750
vt 0.253906 0.691406
vt 0.183594 0.867188
vt 0.414062 0.632812
vt 0.414062 0.871094
vt 0.492188 0.632812
vt 0.492188 0.636719
vt 0.570312 0.847656
vt 0.640625 0.656250
vt 0.640625 0.269531
vt 0.101562 0.312500
vt 0.183594 0.343750
vt 0.253906 0.191406
vt 0.183594 0.156250
vt 0.253906 0.191406
vt 0.183594 0.226562
vt 0.101562 0.359375
vt 0.332031 0.367188
vt 0.414062 0.367188
vt 0.414062 0.140625
vt 0.332031 0.132812
vt 0.414062 0.132812
vt 0.414062 0.371094
vt 0.492188 0.363281
vt 0.570312 0.371094
vt 0.492188 0.132812
vt 0.492188 0.136719
vt 0.570312 0.132812
vt 0.492188 0.136719
vt 0.570312 0.347656
vt 0.640625 0.347656
vt 0.640625 0.156250
vt 0.640625 0.156250
vt 0.640625 1.000000
vt 0.101562 0.749512
vt 0.095703 0.726562
vt 0.101562 0.935059
vt 0.252441 0.843750
vt 0.253906 0.750000
vt 0.251221 0.656250
vt 0.253906 0.564453
vt 0.252441 0.987793
vt 0.416016 0.867188
vt 0.414062 0.750061
vt 0.412598 0.632812
vt 0.414062 0.512207
vt 0.416504 0.988770
vt 0.563477 0.863281
vt 0.566406 0.750427
vt 0.569092 0.636719
vt 0.570312 0.511719
vt 0.566895 0.941406
vt 0.667969 0.812012
vt 0.723145 0.750488
vt 0.716797 0.691406
vt 0.723633 0.562500
vt 0.671875 0.249512
vt 0.095703 0.435059
vt 0.252441 0.250000
vt 0.251221 0.064453
vt 0.252441 0.487793
vt 0.416016 0.250061
vt 0.412598 0.012207
vt 0.416504 0.488770
vt 0.563477 0.250427
vt 0.569092 0.011719
vt 0.566895 0.441406
vt 0.667969 0.312012
vt 0.723145 0.250488
vt 0.716797 0.191406
vt 0.723633 0.062500
vt 0.671875 0.812500
vt 0.183594 0.691406
vt 0.183594 0.859375
vt 0.332031 0.640625
vt 0.332031 0.871094
vt 0.492188 0.632812
vt 0.492188 0.847656
vt 0.640625 0.656250
vt 0.640625 0.861328
vt 0.175781 0.750000
vt 0.183594 0.636719
vt 0.175781 0.972656
vt 0.333984 0.750000
vt 0.330078 0.527344
vt 0.333984 0.994141
vt 0.494141 0.750244
vt 0.492188 0.505859
vt 0.496094 0.968750
vt 0.619141 0.871094
vt 0.701172 0.775391
vt 0.722656 0.750000
vt 0.640625 0.726562
vt 0.722656 0.632812
vt 0.703125 0.533203
vt 0.623047 0.361328
vt 0.175781 0.250000
vt 0.183594 0.136719
vt 0.175781 0.472656
vt 0.333984 0.250000
vt 0.330078 0.027344
vt 0.333984 0.494141
vt 0.494141 0.250244
vt 0.492188 0.005859
vt 0.496094 0.468750
vt 0.619141 0.371094
vt 0.701172 0.275391
vt 0.722656 0.250000
vt 0.640625 0.226562
vt 0.722656 0.132812
vt 0.703125 0.033203
vt 0.623047 0.769531
vt 0.101562 0.812500
vt 0.183594 0.843750
vt 0.253906 0.691406
vt 0.183594 0.867188
vt 0.414062 0.632812
vt 0.414062 0.871094
vt 0.492188 0.632812
vt 0.492188 0.636719
vt 0.570312 0.847656
vt 0.640625 0.656250
vt 0.640625 0.269531
vt 0.101562 0.312500
vt 0.183594 0.343750
vt 0.253906 0.191406
vt 0.183594 0.156250
vt 0.253906 0.191406
vt 0.183594 0.226562
vt 0.101562 0.359375
vt 0.332031 0.367188
vt 0.414062 0.367188
vt 0.414062 0.140625
vt 0.332031 0.132812
vt 0.414062 0.132812
vt 0.414062 0.371094
vt 0.492188 0.363281
vt 0.570312 0.371094
vt 0.492188 0.132812
vt 0.492188 0.136719
vt 0.570312 0.132812
vt 0.492188 0.136719
vt 0.570312 0.347656
vt 0.640625 0.347656
vt 0.640625 0.156250
vt 0.640625 0.156250
vt 0.640625 1.000000
vt 0.101562 0.749512
vt 0.095703 0.726562
vt 0.101562 0.935059
vt 0.252441 0.843750
vt 0.253906 0.750000
vt 0.251221 0.656250
vt 0.253906 0.564453
vt 0.252441 0.987793
vt 0.416016 0.867188
vt 0.414062 0.750061
vt 0.412598 0.632812
vt 0.414062 0.512207
vt 0.416504 0.988770
vt 0.563477 0.863281
vt 0.566406 0.750427
vt 0.569092 0.636719
vt 0.570312 0.511719
vt 0.566895 0.941406
vt 0.667969 0.812012
vt 0.723145 0.750488
vt 0.716797 0.691406
vt 0.723633 0.562500
vt 0.671875 0.249512
vt 0.095703 0.435059
vt 0.252441 0.250000
vt 0.251221 0.064453
vt 0.252441 0.487793
vt 0.416016 0.250061
vt 0.412598 0.012207
vt 0.416504 0.488770
vt 0.563477 0.250427
vt 0.569092 0.011719
vt 0.566895 0.441406
vt 0.667969 0.312012
vt 0.723145 0.250488
vt 0.716797 0.191406
vt 0.723633 0.062500
vt 0.671875 0.812500
vt 0.183594 0.691406
vt 0.183594 0.859375
vt 0.332031 0.640625
vt 0.332031 0.871094
vt 0.492188 0.632812
vt 0.492188 0.847656
vt 0.640625 0.656250
vt 0.640625 0.861328
vt 0.175781 0.750000
vt 0.183594 0.636719
vt 0.175781 0.972656
vt 0.333984 0.750000
vt 0.330078 0.527344
vt 0.333984 0.994141
vt 0.494141 0.750244
vt 0.492188 0.505859
vt 0.496094 0.968750
vt 0.619141 0.871094
vt 0.701172 0.775391
vt 0.722656 0.750000
vt 0.640625 0.726562
vt 0.722656 0.632812
vt 0.703125 0.533203
vt 0.623047 0.361328
vt 0.175781 0.250000
vt 0.183594 0.136719
vt 0.175781 0.472656
vt 0.333984 0.250000
vt 0.330078 0.027344
vt 0.333984 0.494141
vt 0.494141 0.250244
vt 0.492188 0.005859
vt 0.496094 0.468750
vt 0.619141 0.371094
vt 0.701172 0.275391
vt 0.722656 0.250000
vt 0.640625 0.226562
vt 0.722656 0.132812
vt 0.703125 0.033203
vt 0.623047 0.769531
vt 0.101562 0.812500
vt 0.183594 0.843750
vt 0.253906 0.691406
vt 0.183594 0.867188
vt 0.414062 0.632812
vt 0.414062 0.871094
vt 0.492188 0.632812
vt 0.492188 0.636719
vt 0.570312 0.847656
vt 0.640625 0.656250
vt 0.640625 0.269531
vt 0.101562 0.312500
vt 0.183594 0.343750
vt 0.253906 0.191406
vt 0.183594 0.156250
vt 0.253906 0.191406
vt 0.183594 0.226562
vt 0.101562 0.359375
vt 0.332031 0.367188
vt 0.414062 0.367188
vt 0.414062 0.140625
vt 0.332031 0.132812
vt 0.414062 0.132812
vt 0.414062 0.371094
vt 0.492188 0.363281
vt 0.570312 0.371094
vt 0.492188 0.132812
vt 0.492188 0.136719
vt 0.570312 0.132812
vt 0.492188 0.136719
vt 0.570312 0.347656
vt 0.640625 0.347656
vt 0.640625 0.156250
vt 0.640625 0.156250
vt 0.640625 1.000000
vt 0.101562 0.749512
vt 0.095703 0.726562
vt 0.101562 0.935059
vt 0.252441 0.843750
vt 0.253906 0.750000
vt 0.251221 0.656250
vt 0.253906 0.564453
vt 0.252441 0.987793
vt 0.416016 0.867188
vt 0.414062 0.750061
vt 0.412598 0.632812
vt 0.414062 0.512207
vt 0.416504 0.988770
vt 0.563477 0.863281
vt 0.566406 0.750427
vt 0.569092 0.636719
vt 0.570312 0.511719
vt 0.566895 0.941406
vt 0.667969 0.812012
vt 0.723145 0.750488
vt 0.716797 0.691406
vt 0.723633 0.562500
vt 0.671875 0.249512
vt 0.095703 0.435059
vt 0.252441 0.250000
vt 0.251221 0.064453
vt 0.252441 0.487793
vt 0.416016 0.250061
vt 0.412598 0.012207
vt 0.416504 0.488770
vt 0.563477 0.250427
vt 0.569092 0.011719
vt 0.566895 0.441406
vt 0.667969 0.312012
vt 0.723145 0.250488
vt 0.716797 0.191406
vt 0.723633 0.062500
vt 0.671875 0.812500
vt 0.183594 0.691406
vt 0.183594 0.859375
vt 0.332031 0.640625
vt 0.332031 0.871094
vt 0.492188 0.632812
vt 0.492188 0.847656
vt 0.640625 0.656250
vt 0.640625 0.861328
vt 0.175781 0.750000
vt 0.183594 0.636719
vt 0.175781 0.972656
vt 0.333984 0.750000
vt 0.330078 0.527344
vt 0.333984 0.994141
vt 0.494141 0.750244
vt 0.492188 0.505859
vt 0.496094 0.968750
vt 0.619141 0.871094
vt 0.701172 0.775391
vt 0.722656 0.750000
vt 0.640625 0.726562
vt 0.722656 0.632812
vt 0.703125 0.533203
vt 0.623047 0.361328
vt 0.175781 0.250000
vt 0.183594 0.136719
vt 0.175781 0.472656
vt 0.333984 0.250000
vt 0.330078 0.027344
vt 0.333984 0.494141
vt 0.494141 0.250244
vt 0.492188 0.005859
vt 0.496094 0.468750
vt 0.619141 0.371094
vt 0.701172 0.275391
vt 0.722656 0.250000
vt 0.640625 0.226562
vt 0.722656 0.132812
vt 0.703125 0.033203
vt 0.623047 0.769531
vt 0.101562 0.812500
vt 0.183594 0.843750
vt 0.253906 0.691406
vt 0.183594 0.867188
vt 0.414062 0.632812
vt 0.414062 0.871094
vt 0.492188 0.632812
vt 0.492188 0.636719
vt 0.570312 0.847656
vt 0.640625 0.656250
vt 0.640625 0.269531
vt 0.101562 0.312500
vt 0.183594 0.343750
vt 0.253906 0.191406
vt 0.183594 0.156250
vt 0.253906 0.191406
vt 0.183594 0.226562
vt 0.101562 0.359375
vt 0.332031 0.367188
vt 0.414062 0.367188
vt 0.414062 0.140625
vt 0.332031 0.132812
vt 0.414062 0.132812
vt 0.414062 0.371094
vt 0.492188 0.363281
vt 0.570312 0.371094
vt 0.492188 0.132812
vt 0.492188 0.136719
vt 0.570312 0.132812
vt 0.492188 0.136719
vt 0.570312 0.347656
vt 0.640625 0.347656
vt 0.640625 0.156250
vt 0.640625 0.156250
vt 0.640625 1.000000
vt 0.101562 0.749512
vt 0.095703 0.726562
vt 0.101562 0.935059
vt 0.252441 0.843750
vt 0.253906 0.750000
vt 0.251221 0.656250
vt 0.253906 0.564453
vt 0.252441 0.987793
vt 0.416016 0.867188
vt 0.414062 0.750061
vt 0.412598 0.632812
vt 0.414062 0.512207
vt 0.416504 0.988770
vt 0.563477 0.863281
vt 0.566406 0.750427
vt 0.569092 0.636719
vt 0.570312 0.511719
vt 0.566895 0.941406
vt 0.667969 0.812012
vt 0.723145 0.750488
vt 0.716797 0.691406
vt 0.723633 0.562500
vt 0.671875 0.249512
vt 0.095703 0.435059
vt 0.252441 0.250000
vt 0.251221 0.064453
vt 0.252441 0.487793
vt 0.416016 0.250061
vt 0.412598 0.012207
vt 0.416504 0.488770
vt 0.563477 0.250427
vt 0.569092 0.011719
vt 0.566895 0.441406
vt 0.667969 0.312012
vt 0.723145 0.250488
vt 0.716797 0.191406
vt 0.723633 0.062500
vt 0.671875 0.812500
vt 0.183594 0.691406
vt 0.183594 0.859375
vt 0.332031 0.640625
vt 0.332031 0.871094
vt 0.492188 0.632812
vt 0.492188 0.847656
vt 0.640625 0.656250
vt 0.640625 0.861328
vt 0.175781 0.750000
vt 0.183594 0.636719
vt 0.175781 0.972656
vt 0.333984 0.750000
vt 0.330078 0.527344
vt 0.333984 0.994141
vt 0.494141 0.750244
vt 0.492188 0.505859
vt 0.496094 0.968750
vt 0.619141 0.871094
vt 0.701172 0.775391
vt 0.722656 0.750000
vt 0.640625 0.726562
vt 0.722656 0.632812
vt 0.703125 0.533203
vt 0.623047 0.361328
vt 0.175781 0.250000
vt 0.183594 0.136719
vt 0.175781 0.472656
vt 0.333984 0.250000
vt 0.330078 0.027344
vt 0.333984 0.494141
vt 0.494141 0.250244
vt 0.492188 0.005859
vt 0.496094 0.468750
vt 0.619141 0.371094
vt 0.701172 0.275391
vt 0.722656 0.250000
vt 0.640625 0.226562
vt 0.722656 0.132812
vt 0.703125 0.033203
vt 0.623047 0.769531
vt 0.101562 0.812500
vt 0.183594 0.843750
vt 0.253906 0.691406
vt 0.183594 0.867188
vt 0.414062 0.632812
vt 0.414062 0.871094
vt 0.492188 0.632812
vt 0.492188 0.636719
vt 0.570312 0.847656
vt 0.640625 0.656250
vt 0.640625 0.269531
vt 0.101562 0.312500
vt 0.183594 0.343750
vt 0.253906 0.191406
vt 0.183594 0.156250
vt 0.253906 0.191406
vt 0.183594 0.226562
vt 0.101562 0.359375
vt 0.332031 0.367188
vt 0.414062 0.367188
vt 0.414062 0.140625
vt 0.332031 0.132812
vt 0.414062 0.132812
vt 0.414062 0.371094
vt 0.492188 0.363281
vt 0.570312 0.371094
vt 0.492188 0.132812
vt 0.492188 0.136719
vt 0.570312 0.132812
vt 0.492188 0.136719
vt 0.570312 0.347656
vt 0.640625 0.347656
vt 0.640625 0.156250
vt 0.640625 0.156250
vt 0.640625 1.000000
vt 0.101562 0.749512
vt 0.095703 0.726562
vt 0.101562 0.935059
vt 0.252441 0.843750
vt 0.253906 0.750000
vt 0.251221 0.656250
vt 0.253906 0.564453
vt 0.252441 0.987793
vt 0.416016 0.867188
vt 0.414062 0.750061
vt 0.412598 0.632812
vt 0.414062 0.512207
vt 0.416504 0.988770
vt 0.563477 0.863281
vt 0.566406 0.750427
vt 0.569092 0.636719
vt 0.570312 0.511719
vt 0.566895 0.941406
vt 0.667969 0.812012
vt 0.723145 0.750488
vt 0.716797 0.691406
vt 0.723633 0.562500
vt 0.671875 0.249512
vt 0.095703 0.435059
vt 0.252441 0.250000
vt 0.251221 0.064453
vt 0.252441 0.487793
vt 0.416016 0.250061
vt 0.412598 0.012207
vt 0.416504 0.488770
vt 0.563477 0.250427
vt 0.569092 0.011719
vt 0.566895 0.441406
vt 0.667969 0.312012
vt 0.723145 0.250488
vt 0.716797 0.191406
vt 0.723633 0.062500
vt 0.671875 0.812500
vt 0.183594 0.691406
vt 0.183594 0.859375
vt 0.332031 0.640625
vt 0.332031 0.871094
vt 0.492188 0.632812
vt 0.492188 0.847656
vt 0.640625 0.656250
vt 0.640625 0.861328
vt 0.175781 0.750000
vt 0.183594 0.636719
vt 0.175781 0.972656
vt 0.333984 0.750000
vt 0.330078 0.527344
vt 0.333984 0.994141
vt 0.494141 0.750244
vt 0.492188 0.505859
vt 0.496094 0.968750
vt 0.619141 0.871094
vt 0.701172 0.775391
vt 0.722656 0.750000
vt 0.640625 0.726562
vt 0.722656 0.632812
vt 0.703125 0.533203
vt 0.623047 0.361328
vt 0.175781 0.250000
vt 0.183594 0.136719
vt 0.175781 0.472656
vt 0.333984 0.250000
vt 0.330078 0.027344
vt 0.333984 0.494141
vt 0.494141 0.250244
vt 0.492188 0.005859
vt 0.496094 0.468750
vt 0.619141 0.371094
vt 0.701172 0.275391
vt 0.722656 0.250000
vt 0.640625 0.226562
vt 0.722656 0.132812
vt 0.703125 0.033203
vt 0.623047 0.769531
vt 0.101562 0.812500
vt 0.183594 0.843750
vt 0.253906 0.691406
vt 0.183594 0.867188
vt 0.414062 0.632812
vt 0.414062 0.871094
vt 0.492188 0.632812
vt 0.492188 0.636719
vt 0.570312 0.847656
vt 0.640625 0.656250
vt 0.640625 0.269531
vt 0.101562 0.312500
vt 0.183594 0.343750
vt 0.253906 0.191406
vt 0.183594 0.156250
vt 0.253906 0.191406
vt 0.183594 0.226562
vt 0.101562 0.359375
vt 0.332031 0.367188
vt 0.414062 0.367188
vt 0.414062 0.140625
vt 0.332031 0.132812
vt 0.414062 0.132812
vt 0.414062 0.371094
vt 0.492188 0.363281
vt 0.570312 0.371094
vt 0.492188 0.132812
vt 0.492188 0.136719
vt 0.570312 0.132812
vt 0.492188 0.136719
vt 0.570312 0.347656
vt 0.640625 0.347656
vt 0.640625 0.156250
vt 0.640625 0.156250
vt 0.640625 1.000000
vt 0.101562 0.749512
vt 0.095703 0.726562
vt 0.101562 0.935059
vt 0.252441 0.843750
vt 0.253906 0.750000
vt 0.251221 0.656250
vt 0.253906 0.564453
vt 0.252441 0.987793
vt 0.416016 0.867188
vt 0.414062 0.750061
vt 0.412598 0.632812
vt 0.414062 0.512207
vt 0.416504 0.988770
vt 0.563477 0.863281
vt 0.566406 0.750427
vt 0.569092 0.636719
vt 0.570312 0.511719
vt 0.566895 0.941406
vt 0.667969 0.812012
vt 0.723145 0.750488
vt 0.716797 0.691406
vt 0.723633 0.562500
vt 0.671875 0.249512
vt 0.095703 0.435059
vt 0.252441 0.250000
vt 0.251221 0.064453
vt 0.252441 0.487793
vt 0.416016 0.250061
vt 0.412598 0.012207
vt 0.416504 0.488770
vt 0.563477 0.250427
vt 0.569092 0.011719
vt 0.566895 0.441406
vt 0.667969 0.312012
vt 0.723145 0.250488
vt 0.716797 0.191406
vt 0.723633 0.062500
vt 0.671875 0.812500
vt 0.183594 0.691406
vt 0.183594 0.859375
vt 0.332031 0.640625
vt 0.332031 0.871094
vt 0.492188 0.632812
vt 0.492188 0.847656
vt 0.640625 0.656250
vt 0.640625 0.861328
vt 0.175781 0.750000
vt 0.183594 0.636719
vt 0.175781 0.972656
vt 0.333984 0.750000
vt 0.330078 0.527344
vt 0.333984 0.994141
vt 0.494141 0.750244
vt 0.492188 0.505859
vt 0.496094 0.968750
vt 0.619141 0.871094
vt 0.701172 0.775391
vt 0.722656 0.750000
vt 0.640625 0.726562
vt 0.722656 0.632812
vt 0.703125 0.533203
vt 0.623047 0.361328
vt 0.175781 0.250000
vt 0.183594 0.136719
vt 0.175781 0.472656
vt 0.333984 0.250000
vt 0.330078 0.027344
vt 0.333984 0.494141
vt 0.494141 0.250244
vt 0.492188 0.005859
vt 0.496094 0.468750
vt 0.619141 0.371094
vt 0.701172 0.275391
vt 0.722656 0.250000
vt 0.640625 0.226562
vt 0.722656 0.132812
vt 0.703125 0.033203
vt 0.623047 0.769531
vt 0.101562 0.812500
vt 0.183594 0.843750
vt 0.253906 0.691406
vt 0.183594 0.867188
vt 0.414062 0.632812
vt 0.414062 0.871094
vt 0.492188 0.632812
vt 0.492188 0.636719
vt 0.570312 0.847656
vt 0.640625 0.656250
vt 0.640625 0.269531
vt 0.101562 0.312500
vt 0.183594 0.343750
vt 0.253906 0.191406
vt 0.183594 0.156250
vt 0.253906 0.191406
vt 0.183594 0.226562
vt 0.101562 0.359375
vt 0.332031 0.367188
vt 0.414062 0.367188
vt 0.414062 0.140625
vt 0.332031 0.132812
vt 0.414062 0.132812
vt 0.414062 0.371094
vt 0.492188 0.363281
vt 0.570312 0.371094
vt 0.492188 0.132812
vt 0.492188 0.136719
vt 0.570312 0.132812
vt 0.492188 0.136719
vt 0.570312 0.347656
vt 0.640625 0.347656
vt 0.640625 0.156250
vt 0.640625 0.156250
vt 0.640625 1.000000
vt 0.000000 0.000000
vt 0.000000 1.000000
vt 1.000000 0.000000
vt 1.000000 1.000000
vt 0.000000 0.000000
vt 0.000000 1.000000
vt 1.000000 0.000000
vt 1.000000 1.000000
vt 0.000000 0.000000
vt 0.000000 1.000000
vt 1.000000 0.000000
vt 1.000000 1.000000
vt 0.000000 0.000000
vt 0.000000 1.000000
vt 1.000000 0.000000
vt 1.000000 1.000000
vt 0.000000 0.000000
vt 0.000000 1.000000
vt 1.000000 0.000000
vt 1.000000 1.000000
vt 0.000000 0.000000
vt 0.000000 1.000000
vt 1.000000 0.000000
vt 1.000000 1.000000
vt 0.000000 0.000000
vt 0.000000 1.000000
vt 1.000000 0.000000
vt 1.000000 1.000000
vt 0.000000 0.000000
vt 0.000000 1.000000
vt 1.000000 0.000000
vt 1.000000 1.000000
vt 0.000000 0.000000
vt 0.000000 1.000000
vt 1.000000 0.000000
vt 1.000000 1.000000
vt 0.000000 0.000000
vt 0.000000 1.000000
vt 1.000000 0.000000
vt 1.000000 1.000000
vt 0.000000 0.000000
vt 0.000000 1.000000
vt 1.000000 0.000000
vt 1.000000 1.000000
vt 0.000000 0.000000
vt 0.000000 1.000000
vt 1.000000 0.000000
vt 1.000000 1.000000
vt 0.000000 0.000000
vt 0.000000 1.000000
vt 1.000000 0.000000
vt 1.000000 1.000000
vt 0.000000 0.000000
vt 0.000000 1.000000
vt 1.000000 0.000000
vt 1.000000 1.000000
vt 0.000000 0.000000
vt 0.000000 1.000000
vt 1.000000 0.000000
vt 1.000000 1.000000
vt 0.000000 0.000000
vt 0.000000 1.000000
vt 1.000000 0.000000
vt 1.000000 1.000000
vt 0.000000 0.000000
vt 0.000000 1.000000
vt 1.000000 0.000000
vt 1.000000 1.000000
vt 0.000000 0.000000
vt 0.000000 1.000000
vt 1.000000 0.000000
vt 1.000000 1.000000
vt 0.000000 0.000000
vt 0.000000 1.000000
vt 1.000000 0.000000
vt 1.000000 1.000000
vt 0.000000 0.000000
vt 0.000000 1.000000
vt 1.000000 0.000000
vt 1.000000 1.000000
vt 0.000000 0.000000
vt 0.000000 1.000000
vt 1.000000 0.000000
vt 1.000000 1.000000
vt 0.000000 0.000000
vt 0.000000 1.000000
vt 1.000000 0.000000
vt 1.000000 1.000000
vt 0.000000 0.000000
vt 0.000000 1.000000
vt 1.000000 0.000000
vt 1.000000 1.000000
vt 0.000000 0.000000
vt 0.000000 1.000000
vt 1.000000 0.000000
vt 1.000000 1.000000
vt 0.000000 0.000000
vt 0.000000 1.000000
vt 1.000000 0.000000
vt 1.000000 1.000000
vt 0.000000 0.000000
vt 0.000000 1.000000
vt 1.000000 0.000000
vt 1.000000 1.000000
vt 0.000000 0.000000
vt 0.000000 1.000000
vt 1.000000 0.000000
vt 1.000000 1.000000
vt 0.000000 0.000000
vt 0.000000 1.000000
vt 1.000000 0.000000
vt 1.000000 1.000000
vt 0.000000 0.000000
vt 0.000000 1.000000
vt 1.000000 0.000000
vt 1.000000 1.000000
vt 0.000000 0.000000
vt 0.000000 1.000000
vt 1.000000 0.000000
vt 1.000000 1.000000

f 4/4 39/39 47/47
f 39/39 4/4 5/5
f 39/39 1/1 47/47
f 39/39 2/2 79/79
f 2/2 80/80 48/48
f 6/6 80/80 81/81
f 80/80 6/6 48/48
f 6/6 40/40 48/48
f 40/40 6/6 7/7
f 40/40 2/2 48/48
f 2/2 82/82 3/3
f 3/3 82/82 49/49
f 8/8 82/82 7/7
f 82/82 8/8 49/49
f 9/9 41/41 50/50
f 41/41 9/9 10/10
f 4/4 41/41 5/5
f 41/41 4/4 50/50
f 6/6 41/41 51/51
f 41/41 6/6 81/81
f 11/11 41/41 83/83
f 41/41 11/11 51/51
f 11/11 42/42 51/51
f 42/42 11/11 12/12
f 6/6 42/42 7/7
f 42/42 6/6 51/51
f 8/8 42/42 52/52
f 42/42 8/8 7/7
f 13/13 42/42 84/84
f 42/42 13/13 52/52
f 14/14 43/43 53/53
f 43/43 14/14 15/15
f 53/53 43/43 10/10
f 10/10 9/9 53/53
f 11/11 85/85 54/54
f 85/85 11/11 83/83
f 16/16 85/85 15/15
f 85/85 16/16 54/54
f 16/16 44/44 54/54
f 44/44 16/16 17/17
f 11/11 44/44 12/12
f 44/44 11/11 54/54
f 13/13 86/86 55/55
f 86/86 13/13 84/84
f 18/18 86/86 87/87
f 86/86 18/18 55/55
f 19/19 45/45 56/56
f 45/45 19/19 57/57
f 56/56 45/45 15/15
f 15/15 14/14 56/56
f 20/20 45/45 57/57
f 88/88 20/20 58/58
f 16/16 88/88 59/59
f 88/88 16/16 15/15
f 21/21 88/88 58/58
f 88/88 21/21 59/59
f 21/21 46/46 59/59
f 46/46 21/21 60/60
f 16/16 46/46 17/17
f 46/46 16/16 59/59
f 22/22 46/46 60/60
f 89/89 22/22 61/61
f 18/18 89/89 62/62
f 89/89 18/18 87/87
f 23/23 89/89 61/61
f 89/89 23/23 62/62
f 90/90 91/91 63/63
f 25/25 91/91 92/92
f 91/91 25/25 63/63
f 24/24 91/91 90/90
f 91/91 24/24 64/64
f 26/26 91/91 64/64
f 91/91 26/26 92/92
f 24/24 93/93 64/64
f 26/26 93/93 94/94
f 93/93 26/26 64/64
f 95/95 24/24 96/96
f 27/27 95/95 65/65
f 95/95 27/27 94/94
f 95/95 96/96 65/65
f 25/25 97/97 66/66
f 97/97 25/25 92/92
f 28/28 97/97 98/98
f 97/97 28/28 66/66
f 29/29 97/97 67/67
f 97/97 29/29 99/99
f 26/26 97/97 92/92
f 97/97 26/26 67/67
f 26/26 100/100 67/67
f 100/100 26/26 94/94
f 29/29 100/100 101/101
f 100/100 29/29 67/67
f 30/30 100/100 68/68
f 100/100 30/30 102/102
f 27/27 100/100 94/94
f 100/100 27/27 68/68
f 98/98 103/103 69/69
f 69/69 28/28 98/98
f 31/31 103/103 104/104
f 103/103 31/31 69/69
f 32/32 105/105 70/70
f 105/105 32/32 104/104
f 29/29 105/105 99/99
f 105/105 29/29 70/70
f 29/29 106/106 70/70
f 106/106 29/29 101/101
f 32/32 106/106 107/107
f 106/106 32/32 70/70
f 33/33 108/108 71/71
f 108/108 33/33 109/109
f 30/30 108/108 102/102
f 108/108 30/30 71/71
f 104/104 110/110 72/72
f 72/72 31/31 104/104
f 34/34 110/110 73/73
f 110/110 34/34 72/72
f 110/110 35/35 73/73
f 35/35 111/111 74/74
f 36/36 111/111 75/75
f 111/111 36/36 74/74
f 32/32 111/111 104/104
f 111/111 32/32 75/75
f 32/32 112/112 75/75
f 112/112 32/32 107/107
f 36/36 112/112 76/76
f 112/112 36/36 75/75
f 112/112 37/37 76/76
f 37/37 113/113 77/77
f 38/38 113/113 78/78
f 113/113 38/38 77/77
f 33/33 113/113 109/109
f 113/113 33/33 78/78
f 117/117 152/152 160/160
f 152/152 117/117 118/118
f 152/152 114/114 160/160
f 152/152 115/115 192/192
f 115/115 193/193 161/161
f 119/119 193/193 194/194
f 193/193 119/119 161/161
f 119/119 153/153 161/161
f 153/153 119/119 120/120
f 153/153 115/115 161/161
f 115/115 195/195 116/116
f 116/116 195/195 162/162
f 121/121 195/195 120/120
f 195/195 121/121 162/162
f 122/122 154/154 163/163
f 154/154 122/122 123/123
f 117/117 154/154 118/118
f 154/154 117/117 163/163
f 119/119 154/154 164/164
f 154/154 119/119 194/194
f 124/124 154/154 196/196
f 154/154 124/124 164/164
f 124/124 155/155 164/164
f 155/155 124/124 125/125
f 119/119 155/155 120/120
f 155/155 119/119 164/164
f 121/121 155/155 165/165
f 155/155 121/121 120/120
f 126/126 155/155 197/197
f 155/155 126/126 165/165
f 127/127 156/156 166/166
f 156/156 127/127 128/128
f 166/166 156/156 123/123
f 123/123 122/122 166/166
f 124/124 198/198 167/167
f 198/198 124/124 196/196
f 129/129 198/198 128/128
f 198/198 129/129 167/167
f 129/129 157/157 167/167
f 157/157 129/129 130/130
f 124/124 157/157 125/125
f 157/157 124/124 167/167
f 126/126 199/199 168/168
f 199/199 126/126 197/197
f 131/131 199/199 200/200
f 199/199 131/131 168/168
f 132/132 158/158 169/169
f 158/158 132/132 170/170
f 169/169 158/158 128/128
f 128/128 127/127 169/169
f 133/133 158/158 170/170
f 201/201 133/133 171/171
f 129/129 201/201 172/172
f 201/201 129/129 128/128
f 134/134 201/201 171/171
f 201/201 134/134 172/172
f 134/134 159/159 172/172
f 159/159 134/134 173/173
f 129/129 159/159 130/130
f 159/159 129/129 172/172
f 135/135 159/159 173/173
f 202/202 135/135 174/174
f 131/131 202/202 175/175
f 202/202 131/131 200/200
f 136/136 202/202 174/174
f 202/202 136/136 175/175
f 203/203 204/204 176/176
f 138/138 204/204 205/205
f 204/204 138/138 176/176
f 137/137 204/204 203/203
f 204/204 137/137 177/177
f 139/139 204/204 177/177
f 204/204 139/139 205/205
f 137/137 206/206 177/177
f 139/139 206/206 207/207
f 206/206 139/139 177/177
f 208/208 137/137 209/209
f 140/140 208/208 178/178
f 208/208 140/140 207/207
f 208/208 209/209 178/178
f 138/138 210/210 179/179
f 210/210 138/138 205/205
f 141/141 210/210 211/211
f 210/210 141/141 179/179
f 142/142 210/210 180/180
f 210/210 142/142 212/212
f 139/139 210/210 205/205
f 210/210 139/139 180/180
f 139/139 213/213 180/180
f 213/213 139/139 207/207
f 142/142 213/213 214/214
f 213/213 142/142 180/180
f 143/143 213/213 181/181
f 213/213 143/143 215/215
f 140/140 213/213 207/207
f 213/213 140/140 181/181
f 211/211 216/216 182/182
f 182/182 141/141 211/211
f 144/144 216/216 217/217
f 216/216 144/144 182/182
f 145/145 218/218 183/183
f 218/218 145/145 217/217
f 142/142 218/218 212/212
f 218/218 142/142 183/183
f 142/142 219/219 183/183
f 219/219 142/142 214/214
f 145/145 219/219 220/220
f 219/219 145/145 183/183
f 146/146 221/221 184/184
f 221/221 146/146 222/222
f 143/143 221/221 215/215
f 221/221 143/143 184/184
f 217/217 223/223 185/185
f 185/185 144/144 217/217
f 147/147 223/223 186/186
f 223/223 147/147 185/185
f 223/223 148/148 186/186
f 148/148 224/224 187/187
f 149/149 224/224 188/188
f 224/224 149/149 187/187
f 145/145 224/224 217/217
f 224/224 145/145 188/188
f 145/145 225/225 188/188
f 225/225 145/145 220/220
f 149/149 225/225 189/189
f 225/225 149/149 188/188
f 225/225 150/150 189/189
f 150/150 226/226 190/190
f 151/151 226/226 191/191
f 226/226 151/151 190/190
f 146/146 226/226 222/222
f 226/226 146/146 191/191
f 230/230 265/265 273/273
f 265/265 230/230 231/231
f 265/265 227/227 273/273
f 265/265 228/228 305/305
f 228/228 306/306 274/274
f 232/232 306/306 307/307
f 306/306 232/232 274/274
f 232/232 266/266 274/274
f 266/266 232/232 233/233
f 266/266 228/228 274/274
f 228/228 308/308 229/229
f 229/229 308/308 275/275
f 234/234 308/308 233/233
f 308/308 234/234 275/275
f 235/235 267/267 276/276
f 267/267 235/235 236/236
f 230/230 267/267 231/231
f 267/267 230/230 276/276
f 232/232 267/267 277/277
f 267/267 232/232 307/307
f 237/237 267/267 309/309
f 267/267 237/237 277/277
f 237/237 268/268 277/277
f 268/268 237/237 238/238
f 232/232 268/268 233/233
f 268/268 232/232 277/277
f 234/234 268/268 278/278
f 268/268 234/234 233/233
f 239/239 268/268 310/310
f 268/268 239/239 278/278
f 240/240 269/269 279/279
f 269/269 240/240 241/241
f 279/279 269/269 236/236
f 236/236 235/235 279/279
f 237/237 311/311 280/280
f 311/311 237/237 309/309
f 242/242 311/311 241/241
f 311/311 242/242 280/280
f 242/242 270/270 280/280
f 270/270 242/242 243/243
f 237/237 270/270 238/238
f 270/270 237/237 280/280
f 239/239 312/312 281/281
f 312/312 239/239 310/310
f 244/244 312/312 313/313
f 312/312 244/244 281/281
f 245/245 271/271 282/282
f 271/271 245/245 283/283
f 282/282 271/271 241/241
f 241/241 240/240 282/282
f 246/246 271/271 283/283
f 314/314 246/246 284/284
f 242/242 314/314 285/285
f 314/314 242/242 241/241
f 247/247 314/314 284/284
f 314/314 247/247 285/285
f 247/247 272/272 285/285
f 272/272 247/247 286/286
f 242/242 272/272 243/243
f 272/272 242/242 285/285
f 248/248 272/272 286/286
f 315/315 248/248 287/287
f 244/244 315/315 288/288
f 315/315 244/244 313/313
f 249/249 315/315 287/287
f 315/315 249/249 288/288
f 316/316 317/317 289/289
f 251/251 317/317 318/318
f 317/317 251/251 289/289
f 250/250 317/317 316/316
f 317/317 250/250 290/290
f 252/252 317/317 290/290
f 317/317 252/252 318/318
f 250/250 319/319 290/290
f 252/252 319/319 320/320
f 319/319 252/252 290/290
f 321/321 250/250 322/322
f 253/253 321/321 291/291
f 321/321 253/253 320/320
f 321/321 322/322 291/291
f 251/251 323/323 292/292
f 323/323 251/251 318/318
f 254/254 323/323 324/324
f 323/323 254/254 292/292
f 255/255 323/323 293/293
f 323/323 255/255 325/325
f 252/252 323/323 318/318
f 323/323 252/252 293/293
f 252/252 326/326 293/293
f 326/326 252/252 320/320
f 255/255 326/326 327/327
f 326/326 255/255 293/293
f 256/256 326/326 294/294
f 326/326 256/256 328/328
f 253/253 326/326 320/320
f 326/326 253/253 294/294
f 324/324 329/329 295/295
f 295/295 254/254 324/324
f 257/257 329/329 330/330
f 329/329 257/257 295/295
f 258/258 331/331 296/296
f 331/331 258/258 330/330
f 255/255 331/331 325/325
f 331/331 255/255 296/296
f 255/255 332/332 296/296
f 332/332 255/255 327/327
f 258/258 332/332 333/333
f 332/332 258/258 296/296
f 259/259 334/334 297/297
f 334/334 259/259 335/335
f 256/256 334/334 328/328
f 334/334 256/256 297/297
f 330/330 336/336 298/298
f 298/298 257/257 330/330
f 260/260 336/336 299/299
f 336/336 260/260 298/298
f 336/336 261/261 299/299
f 261/261 337/337 300/300
f 262/262 337/337 301/301
f 337/337 262/262 300/300
f 258/258 337/337 330/330
f 337/337 258/258 301/301
f 258/258 338/338 301/301
f 338/338 258/258 333/333
f 262/262 338/338 302/302
f 338/338 262/262 301/301
f 338/338 263/263 302/302
f 263/263 339/339 303/303
f 264/264 339/339 304/304
f 339/339 264/264 303/303
f 259/259 339/339 335/335
f 339/339 259/259 304/304
f 343/343 378/378 386/386
f 378/378 343/343 344/344
f 378/378 340/340 386/386
f 378/378 341/341 418/418
f 341/341 419/419 387/387
f 345/345 419/419 420/420
f 419/419 345/345 387/387
f 345/345 379/379 387/387
f 379/379 345/345 346/346
f 379/379 341/341 387/387
f 341/341 421/421 342/342
f 342/342 421/421 388/388
f 347/347 421/421 346/346
f 421/421 347/347 388/388
f 348/348 380/380 389/389
f 380/380 348/348 349/349
f 343/343 380/380 344/344
f 380/380 343/343 389/389
f 345/345 380/380 390/390
f 380/380 345/345 420/420
f 350/350 380/380 422/422
f 380/380 350/350 390/390
f 350/350 381/381 390/390
f 381/381 350/350 351/351
f 345/345 381/381 346/346
f 381/381 345/345 390/390
f 347/347 381/381 391/391
f 381/381 347/347 346/346
f 352/352 381/381 423/423
f 381/381 352/352 391/391
f 353/353 382/382 392/392
f 382/382 353/353 354/354
f 392/392 382/382 349/349
f 349/349 348/348 392/392
f 350/350 424/424 393/393
f 424/424 350/350 422/422
f 355/355 424/424 354/354
f 424/424 355/355 393/393
f 355/355 383/383 393/393
f 383/383 355/355 356/356
f 350/350 383/383 351/351
f 383/383 350/350 393/393
f 352/352 425/425 394/394
f 425/425 352/352 423/423
f 357/357 425/425 426/426
f 425/425 357/357 394/394
f 358/358 384/384 395/395
f 384/384 358/358 396/396
f 395/395 384/384 354/354
f 354/354 353/353 395/395
f 359/359 384/384 396/396
f 427/427 359/359 397/397
f 355/355 427/427 398/398
f 427/427 355/355 354/354
f 360/360 427/427 397/397
f 427/427 360/360 398/398
f 360/360 385/385 398/398
f 385/385 360/360 399/399
f 355/355 385/385 356/356
f 385/385 355/355 398/398
f 361/361 385/385 399/399
f 428/428 361/361 400/400
f 357/357 428/428 401/401
f 428/428 357/357 426/426
f 362/362 428/428 400/400
f 428/428 362/362 401/401
f 429/429 430/430 402/402
f 364/364 430/430 431/431
f 430/430 364/364 402/402
f 363/363 430/430 429/429
f 430/430 363/363 403/403
f 365/365 430/430 403/403
f 430/430 365/365 431/431
f 363/363 432/432 403/403
f 365/365 432/432 433/433
f 432/432 365/365 403/403
f 434/434 363/363 435/435
f 366/366 434/434 404/404
f 434/434 366/366 433/433
f 434/434 435/435 404/404
f 364/364 436/436 405/405
f 436/436 364/364 431/431
f 367/367 436/436 437/437
f 436/436 367/367 405/405
f 368/368 436/436 406/406
f 436/436 368/368 438/438
f 365/365 436/436 431/431
f 436/436 365/365 406/406
f 365/365 439/439 406/406
f 439/439 365/365 433/433
f 368/368 439/439 440/440
f 439/439 368/368 406/406
f 369/369 439/439 407/407
f 439/439 369/369 441/441
f 366/366 439/439 433/433
f 439/439 366/366 407/407
f 437/437 442/442 408/408
f 408/408 367/367 437/437
f 370/370 442/442 443/443
f 442/442 370/370 408/408
f 371/371 444/444 409/409
f 444/444 371/371 443/443
f 368/368 444/444 438/438
f 444/444 368/368 409/409
f 368/368 445/445 409/409
f 445/445 368/368 440/440
f 371/371 445/445 446/446
f 445/445 371/371 409/409
f 372/372 447/447 410/410
f 447/447 372/372 448/448
f 369/369 447/447 441/441
f 447/447 369/369 410/410
f 443/443 449/449 411/411
f 411/411 370/370 443/443
f 373/373 449/449 412/412
f 449/449 373/373 411/411
f 449/449 374/374 412/412
f 374/374 450/450 413/413
f 375/375 450/450 414/414
f 450/450 375/375 413/413
f 371/371 450/450 443/443
f 450/450 371/371 414/414
f 371/371 451/451 414/414
f 451/451 371/371 446/446
f 375/375 451/451 415/415
f 451/451 375/375 414/414
f 451/451 376/376 415/415
f 376/376 452/452 416/416
f 377/377 452/452 417/417
f 452/452 377/377 416/416
f 372/372 452/452 448/448
f 452/452 372/372 417/417
f 456/456 491/491 499/499
f 491/491 456/456 457/457
f 491/491 453/453 499/499
f 491/491 454/454 531/531
f 454/454 532/532 500/500
f 458/458 532/532 533/533
f 532/532 458/458 500/500
f 458/458 492/492 500/500
f 492/492 458/458 459/459
f 492/492 454/454 500/500
f 454/454 534/534 455/455
f 455/455 534/534 501/501
f 460/460 534/534 459/459
f 534/534 460/460 501/501
f 461/461 493/493 502/502
f 493/493 461/461 462/462
f 456/456 493/493 457/457
f 493/493 456/456 502/502
f 458/458 493/493 503/503
f 493/493 458/458 533/533
f 463/463 493/493 535/535
f 493/493 463/463 503/503
f 463/463 494/494 503/503
f 494/494 463/463 464/464
f 458/458 494/494 459/459
f 494/494 458/458 503/503
f 460/460 494/494 504/504
f 494/494 460/460 459/459
f 465/465 494/494 536/536
f 494/494 465/465 504/504
f 466/466 495/495 505/505
f 495/495 466/466 467/467
f 505/505 495/495 462/462
f 462/462 461/461 505/505
f 463/463 537/537 506/506
f 537/537 463/463 535/535
f 468/468 537/537 467/467
f 537/537 468/468 506/506
f 468/468 496/496 506/506
f 496/496 468/468 469/469
f 463/463 496/496 464/464
f 496/496 463/463 506/506
f 465/465 538/538 507/507
f 538/538 465/465 536/536
f 470/470 538/538 539/539
f 538/538 470/470 507/507
f 471/471 497/497 508/508
f 497/497 471/471 509/509
f 508/508 497/497 467/467
f 467/467 466/466 508/508
f 472/472 497/497 509/509
f 540/540 472/472 510/510
f 468/468 540/540 511/511
f 540/540 468/468 467/467
f 473/473 540/540 510/510
f 540/540 473/473 511/511
f 473/473 498/498 511/511
f 498/498 473/473 512/512
f 468/468 498/498 469/469
f 498/498 468/468 511/511
f 474/474 498/498 512/512
f 541/541 474/474 513/513
f 470/470 541/541 514/514
f 541/541 470/470 539/539
f 475/475 541/541 513/513
f 541/541 475/475 514/514
f 542/542 543/543 515/515
f 477/477 543/543 544/544
f 543/543 477/477 515/515
f 476/476 543/543 542/542
f 543/543 476/476 516/516
f 478/478 543/543 516/516
f 543/543 478/478 544/544
f 476/476 545/545 516/516
f 478/478 545/545 546/546
f 545/545 478/478 516/516
f 547/547 476/476 548/548
f 479/479 547/547 517/517
f 547/547 479/479 546/546
f 547/547 548/548 517/517
f 477/477 549/549 518/518
f 549/549 477/477 544/544
f 480/480 549/549 550/550
f 549/549 480/480 518/518
f 481/481 549/549 519/519
f 549/549 481/481 551/551
f 478/478 549/549 544/544
f 549/549 478/478 519/519
f 478/478 552/552 519/519
f 552/552 478/478 546/546
f 481/481 552/552 553/553
f 552/552 481/481 519/519
f 482/482 552/552 520/520
f 552/552 482/482 554/554
f 479/479 552/552 546/546
f 552/552 479/479 520/520
f 550/550 555/555 521/521
f 521/521 480/480 550/550
f 483/483 555/555 556/556
f 555/555 483/483 521/521
f 484/484 557/557 522/522
f 557/557 484/484 556/556
f 481/481 557/557 551/551
f 557/557 481/481 522/522
f 481/481 558/558 522/522
f 558/558 481/481 553/553
f 484/484 558/558 559/559
f 558/558 484/484 522/522
f 485/485 560/560 523/523
f 560/560 485/485 561/561
f 482/482 560/560 554/554
f 560/560 482/482 523/523
f 556/556 562/562 524/524
f 524/524 483/483 556/556
f 486/486 562/562 525/525
f 562/562 486/486 524/524
f 562/562 487/487 525/525
f 487/487 563/563 526/526
f 488/488 563/563 527/527
f 563/563 488/488 526/526
f 484/484 563/563 556/556
f 563/563 484/484 527/527
f 484/484 564/564 527/527
f 564/564 484/484 559/559
f 488/488 564/564 528/528
f 564/564 488/488 527/527
f 564/564 489/489 528/528
f 489/489 565/565 529/529
f 490/490 565/565 530/530
f 565/565 490/490 529/529
f 485/485 565/565 561/561
f 565/565 485/485 530/530
f 569/569 604/604 612/612
f 604/604 569/569 570/570
f 604/604 566/566 612/612
f 604/604 567/567 644/644
f 567/567 645/645 613/613
f 571/571 645/645 646/646
f 645/645 571/571 613/613
f 571/571 605/605 613/613
f 605/605 571/571 572/572
f 605/605 567/567 613/613
f 567/567 647/647 568/568
f 568/568 647/647 614/614
f 573/573 647/647 572/572
f 647/647 573/573 614/614
f 574/574 606/606 615/615
f 606/606 574/574 575/575
f 569/569 606/606 570/570
f 606/606 569/569 615/615
f 571/571 606/606 616/616
f 606/606 571/571 646/646
f 576/576 606/606 648/648
f 606/606 576/576 616/616
f 576/576 607/607 616/616
f 607/607 576/576 577/577
f 571/571 607/607 572/572
f 607/607 571/571 616/616
f 573/573 607/607 617/617
f 607/607 573/573 572/572
f 578/578 607/607 649/649
f 607/607 578/578 617/617
f 579/579 608/608 618/618
f 608/608 579/579 580/580
f 618/618 608/608 575/575
f 575/575 574/574 618/618
f 576/576 650/650 619/619
f 650/650 576/576 648/648
f 581/581 650/650 580/580
f 650/650 581/581 619/619
f 581/581 609/609 619/619
f 609/609 581/581 582/582
f 576/576 609/609 577/577
f 609/609 576/576 619/619
f 578/578 651/651 620/620
f 651/651 578/578 649/649
f 583/583 651/651 652/652
f 651/651 583/583 620/620
f 584/584 610/610 621/621
f 610/610 584/584 622/622
f 621/621 610/610 580/580
f 580/580 579/579 621/621
f 585/585 610/610 622/622
f 653/653 585/585 623/623
f 581/581 653/653 624/624
f 653/653 581/581 580/580
f 586/586 653/653 623/623
f 653/653 586/586 624/624
f 586/586 611/611 624/624
f 611/611 586/586 625/625
f 581/581 611/611 582/582
f 611/611 581/581 624/624
f 587/587 611/611 625/625
f 654/654 587/587 626/626
f 583/583 654/654 627/627
f 654/654 583/583 652/652
f 588/588 654/654 626/626
f 654/654 588/588 627/627
f 655/655 656/656 628/628
f 590/590 656/656 657/657
f 656/656 590/590 628/628
f 589/589 656/656 655/655
f 656/656 589/589 629/629
f 591/591 656/656 629/629
f 656/656 591/591 657/657
f 589/589 658/658 629/629
f 591/591 658/658 659/659
f 658/658 591/591 629/629
f 660/660 589/589 661/661
f 592/592 660/660 630/630
f 660/660 592/592 659/659
f 660/660 661/661 630/630
f 590/590 662/662 631/631
f 662/662 590/590 657/657
f 593/593 662/662 663/663
f 662/662 593/593 631/631
f 594/594 662/662 632/632
f 662/662 594/594 664/664
f 591/591 662/662 657/657
f 662/662 591/591 632/632
f 591/591 665/665 632/632
f 665/665 591/591 659/659
f 594/594 665/665 666/666
f 665/665 594/594 632/632
f 595/595 665/665 633/633
f 665/665 595/595 667/667
f 592/592 665/665 659/659
f 665/665 592/592 633/633
f 663/663 668/668 634/634
f 634/634 593/593 663/663
f 596/596 668/668 669/669
f 668/668 596/596 634/634
f 597/597 670/670 635/635
f 670/670 597/597 669/669
f 594/594 670/670 664/664
f 670/670 594/594 635/635
f 594/594 671/671 635/635
f 671/671 594/594 666/666
f 597/597 671/671 672/672
f 671/671 597/597 635/635
f 598/598 673/673 636/636
f 673/673 598/598 674/674
f 595/595 673/673 667/667
f 673/673 595/595 636/636
f 669/669 675/675 637/637
f 637/637 596/596 669/669
f 599/599 675/675 638/638
f 675/675 599/599 637/637
f 675/675 600/600 638/638
f 600/600 676/676 639/639
f 601/601 676/676 640/640
f 676/676 601/601 639/639
f 597/597 676/676 669/669
f 676/676 597/597 640/640
f 597/597 677/677 640/640
f 677/677 597/597 672/672
f 601/601 677/677 641/641
f 677/677 601/601 640/640
f 677/677 602/602 641/641
f 602/602 678/678 642/642
f 603/603 678/678 643/643
f 678/678 603/603 642/642
f 598/598 678/678 674/674
f 678/678 598/598 643/643
f 682/682 717/717 725/725
f 717/717 682/682 683/683
f 717/717 679/679 725/725
f 717/717 680/680 757/757
f 680/680 758/758 726/726
f 684/684 758/758 759/759
f 758/758 684/684 726/726
f 684/684 718/718 726/726
f 718/718 684/684 685/685
f 718/718 680/680 726/726
f 680/680 760/760 681/681
f 681/681 760/760 727/727
f 686/686 760/760 685/685
f 760/760 686/686 727/727
f 687/687 719/719 728/728
f 719/719 687/687 688/688
f 682/682 719/719 683/683
f 719/719 682/682 728/728
f 684/684 719/719 729/729
f 719/719 684/684 759/759
f 689/689 719/719 761/761
f 719/719 689/689 729/729
f 689/689 720/720 729/729
f 720/720 689/689 690/690
f 684/684 720/720 685/685
f 720/720 684/684 729/729
f 686/686 720/720 730/730
f 720/720 686/686 685/685
f 691/691 720/720 762/762
f 720/720 691/691 730/730
f 692/692 721/721 731/731
f 721/721 692/692 693/693
f 731/731 721/721 688/688
f 688/688 687/687 731/731
f 689/689 763/763 732/732
f 763/763 689/689 761/761
f 694/694 763/763 693/693
f 763/763 694/694 732/732
f 694/694 722/722 732/732
f 722/722 694/694 695/695
f 689/689 722/722 690/690
f 722/722 689/689 732/732
f 691/691 764/764 733/733
f 764/764 691/691 762/762
f 696/696 764/764 765/765
f 764/764 696/696 733/733
f 697/697 723/723 734/734
f 723/723 697/697 735/735
f 734/734 723/723 693/693
f 693/693 692/692 734/734
f 698/698 723/723 735/735
f 766/766 698/698 736/736
f 694/694 766/766 737/737
f 766/766 694/694 693/693
f 699/699 766/766 736/736
f 766/766 699/699 737/737
f 699/699 724/724 737/737
f 724/724 699/699 738/738
f 694/694 724/724 695/695
f 724/724 694/694 737/737
f 700/700 724/724 738/738
f 767/767 700/700 739/739
f 696/696 767/767 740/740
f 767/767 696/696 765/765
f 701/701 767/767 739/739
f 767/767 701/701 740/740
f 768/768 769/769 741/741
f 703/703 769/769 770/770
f 769/769 703/703 741/741
f 702/702 769/769 768/768
f 769/769 702/702 742/742
f 704/704 769/769 742/742
f 769/769 704/704 770/770
f 702/702 771/771 742/742
f 704/704 771/771 772/772
f 771/771 704/704 742/742
f 773/773 702/702 774/774
f 705/705 773/773 743/743
f 773/773 705/705 772/772
f 773/773 774/774 743/743
f 703/703 775/775 744/744
f 775/775 703/703 770/770
f 706/706 775/775 776/776
f 775/775 706/706 744/744
f 707/707 775/775 745/745
f 775/775 707/707 777/777
f 704/704 775/775 770/770
f 775/775 704/704 745/745
f 704/704 778/778 745/745
f 778/778 704/704 772/772
f 707/707 778/778 779/779
f 778/778 707/707 745/745
f 708/708 778/778 746/746
f 778/778 708/708 780/780
f 705/705 778/778 772/772
f 778/778 705/705 746/746
f 776/776 781/781 747/747
f 747/747 706/706 776/776
f 709/709 781/781 782/782
f 781/781 709/709 747/747
f 710/710 783/783 748/748
f 783/783 710/710 782/782
f 707/707 783/783 777/777
f 783/783 707/707 748/748
f 707/707 784/784 748/748
f 784/784 707/707 779/779
f 710/710 784/784 785/785
f 784/784 710/710 748/748
f 711/711 786/786 749/749
f 786/786 711/711 787/787
f 708/708 786/786 780/780
f 786/786 708/708 749/749
f 782/782 788/788 750/750
f 750/750 709/709 782/782
f 712/712 788/788 751/751
f 788/788 712/712 750/750
f 788/788 713/713 751/751
f 713/713 789/789 752/752
f 714/714 789/789 753/753
f 789/789 714/714 752/752
f 710/710 789/789 782/782
f 789/789 710/710 753/753
f 710/710 790/790 753/753
f 790/790 710/710 785/785
f 714/714 790/790 754/754
f 790/790 714/714 753/753
f 790/790 715/715 754/754
f 715/715 791/791 755/755
f 716/716 791/791 756/756
f 791/791 716/716 755/755
f 711/711 791/791 787/787
f 791/791 711/711 756/756
f 795/795 830/830 838/838
f 830/830 795/795 796/796
f 830/830 792/792 838/838
f 830/830 793/793 870/870
f 793/793 871/871 839/839
f 797/797 871/871 872/872
f 871/871 797/797 839/839
f 797/797 831/831 839/839
f 831/831 797/797 798/798
f 831/831 793/793 839/839
f 793/793 873/873 794/794
f 794/794 873/873 840/840
f 799/799 873/873 798/798
f 873/873 799/799 840/840
f 800/800 832/832 841/841
f 832/832 800/800 801/801
f 795/795 832/832 796/796
f 832/832 795/795 841/841
f 797/797 832/832 842/842
f 832/832 797/797 872/872
f 802/802 832/832 874/874
f 832/832 802/802 842/842
f 802/802 833/833 842/842
f 833/833 802/802 803/803
f 797/797 833/833 798/798
f 833/833 797/797 842/842
f 799/799 833/833 843/843
f 833/833 799/799 798/798
f 804/804 833/833 875/875
f 833/833 804/804 843/843
f 805/805 834/834 844/844
f 834/834 805/805 806/806
f 844/844 834/834 801/801
f 801/801 800/800 844/844
f 802/802 876/876 845/845
f 876/876 802/802 874/874
f 807/807 876/876 806/806
f 876/876 807/807 845/845
f 807/807 835/835 845/845
f 835/835 807/807 808/808
f 802/802 835/835 803/803
f 835/835 802/802 845/845
f 804/804 877/877 846/846
f 877/877 804/804 875/875
f 809/809 877/877 878/878
f 877/877 809/809 846/846
f 810/810 836/836 847/847
f 836/836 810/810 848/848
f 847/847 836/836 806/806
f 806/806 805/805 847/847
f 811/811 836/836 848/848
f 879/879 811/811 849/849
f 807/807 879/879 850/850
f 879/879 807/807 806/806
f 812/812 879/879 849/849
f 879/879 812/812 850/850
f 812/812 837/837 850/850
f 837/837 812/812 851/851
f 807/807 837/837 808/808
f 837/837 807/807 850/850
f 813/813 837/837 851/851
f 880/880 813/813 852/852
f 809/809 880/880 853/853
f 880/880 809/809 878/878
f 814/814 880/880 852/852
f 880/880 814/814 853/853
f 881/881 882/882 854/854
f 816/816 882/882 883/883
f 882/882 816/816 854/854
f 815/815 882/882 881/881
f 882/882 815/815 855/855
f 817/817 882/882 855/855
f 882/882 817/817 883/883
f 815/815 884/884 855/855
f 817/817 884/884 885/885
f 884/884 817/817 855/855
f 886/886 815/815 887/887
f 818/818 886/886 856/856
f 886/886 818/818 885/885
f 886/886 887/887 856/856
f 816/816 888/888 857/857
f 888/888 816/816 883/883
f 819/819 888/888 889/889
f 888/888 819/819 857/857
f 820/820 888/888 858/858
f 888/888 820/820 890/890
f 817/817 888/888 883/883
f 888/888 817/817 858/858
f 817/817 891/891 858/858
f 891/891 817/817 885/885
f 820/820 891/891 892/892
f 891/891 820/820 858/858
f 821/821 891/891 859/859
f 891/891 821/821 893/893
f 818/818 891/891 885/885
f 891/891 818/818 859/859
f 889/889 894/894 860/860
f 860/860 819/819 889/889
f 822/822 894/894 895/895
f 894/894 822/822 860/860
f 823/823 896/896 861/861
f 896/896 823/823 895/895
f 820/820 896/896 890/890
f 896/896 820/820 861/861
f 820/820 897/897 861/861
f 897/897 820/820 892/892
f 823/823 897/897 898/898
f 897/897 823/823 861/861
f 824/824 899/899 862/862
f 899/899 824/824 900/900
f 821/821 899/899 893/893
f 899/899 821/821 862/862
f 895/895 901/901 863/863
f 863/863 822/822 895/895
f 825/825 901/901 864/864
f 901/901 825/825 863/863
f 901/901 826/826 864/864
f 826/826 902/902 865/865
f 827/827 902/902 866/866
f 902/902 827/827 865/865
f 823/823 902/902 895/895
f 902/902 823/823 866/866
f 823/823 903/903 866/866
f 903/903 823/823 898/898
f 827/827 903/903 867/867
f 903/903 827/827 866/866
f 903/903 828/828 867/867
f 828/828 904/904 868/868
f 829/829 904/904 869/869
f 904/904 829/829 868/868
f 824/824 904/904 900/900
f 904/904 824/824 869/869
f 908/908 943/943 951/951
f 943/943 908/908 909/909
f 943/943 905/905 951/951
f 943/943 906/906 983/983
f 906/906 984/984 952/952
f 910/910 984/984 985/985
f 984/984 910/910 952/952
f 910/910 944/944 952/952
f 944/944 910/910 911/911
f 944/944 906/906 952/952
f 906/906 986/986 907/907
f 907/907 986/986 953/953
f 912/912 986/986 911/911
f 986/986 912/912 953/953
f 913/913 945/945 954/954
f 945/945 913/913 914/914
f 908/908 945/945 909/909
f 945/945 908/908 954/954
f 910/910 945/945 955/955
f 945/945 910/910 985/985
f 915/915 945/945 987/987
f 945/945 915/915 955/955
f 915/915 946/946 955/955
f 946/946 915/915 916/916
f 910/910 946/946 911/911
f 946/946 910/910 955/955
f 912/912 946/946 956/956
f 946/946 912/912 911/911
f 917/917 946/946 988/988
f 946/946 917/917 956/956
f 918/918 947/947 957/957
f 947/947 918/918 919/919
f 957/957 947/947 914/914
f 914/914 913/913 957/957
f 915/915 989/989 958/958
f 989/989 915/915 987/987
f 920/920 989/989 919/919
f 989/989 920/920 958/958
f 920/920 948/948 958/958
f 948/948 920/920 921/921
f 915/915 948/948 916/916
f 948/948 915/915 958/958
f 917/917 990/990 959/959
f 990/990 917/917 988/988
f 922/922 990/990 991/991
f 990/990 922/922 959/959
f 923/923 949/949 960/960
f 949/949 923/923 961/961
f 960/960 949/949 919/919
f 919/919 918/918 960/960
f 924/924 949/949 961/961
f 992/992 924/924 962/962
f 920/920 992/992 963/963
f 992/992 920/920 919/919
f 925/925 992/992 962/962
f 992/992 925/925 963/963
f 925/925 950/950 963/963
f 950/950 925/925 964/964
f 920/920 950/950 921/921
f 950/950 920/920 963/963
f 926/926 950/950 964/964
f 993/993 926/926 965/965
f 922/922 993/993 966/966
f 993/993 922/922 991/991
f 927/927 993/993 965/965
f 993/993 927/927 966/966
f 994/994 995/995 967/967
f 929/929 995/995 996/996
f 995/995 929/929 967/967
f 928/928 995/995 994/994
f 995/995 928/928 968/968
f 930/930 995/995 968/968
f 995/995 930/930 996/996
f 928/928 997/997 968/968
f 930/930 997/997 998/998
f 997/997 930/930 968/968
f 999/999 928/928 1000/1000
f 931/931 999/999 969/969
f 999/999 931/931 998/998
f 999/999 1000/1000 969/969
f 929/929 1001/1001 970/970
f 1001/1001 929/929 996/996
f 932/932 1001/1001 1002/1002
f 1001/1001 932/932 970/970
f 933/933 1001/1001 971/971
f 1001/1001 933/933 1003/1003
f 930/930 1001/1001 996/996
f 1001/1001 930/930 971/971
f 930/930 1004/1004 971/971
f 1004/1004 930/930 998/998
f 933/933 1004/1004 1005/1005
f 1004/1004 933/933 971/971
f 934/934 1004/1004 972/972
f 1004/1004 934/934 1006/1006
f 931/931 1004/1004 998/998
f 1004/1004 931/931 972/972
f 1002/1002 1007/1007 973/973
f 973/973 932/932 1002/1002
f 935/935 1007/1007 1008/1008
f 1007/1007 935/935 973/973
f 936/936 1009/1009 974/974
f 1009/1009 936/936 1008/1008
f 933/933 1009/1009 1003/1003
f 1009/1009 933/933 974/974
f 933/933 1010/1010 974/974
f 1010/1010 933/933 1005/1005
f 936/936 1010/1010 1011/1011
f 1010/1010 936/936 974/974
f 937/937 1012/1012 975/975
f 1012/1012 937/937 1013/1013
f 934/934 1012/1012 1006/1006
f 1012/1012 934/934 975/975
f 1008/1008 1014/1014 976/976
f 976/976 935/935 1008/1008
f 938/938 1014/1014 977/977
f 1014/1014 938/938 976/976
f 1014/1014 939/939 977/977
f 939/939 1015/1015 978/978
f 940/940 1015/1015 979/979
f 1015/1015 940/940 978/978
f 936/936 1015/1015 1008/1008
f 1015/1015 936/936 979/979
f 936/936 1016/1016 979/979
f 1016/1016 936/936 1011/1011
f 940/940 1016/1016 980/980
f 1016/1016 940/940 979/979
f 1016/1016 941/941 980/980
f 941/941 1017/1017 981/981
f 942/942 1017/1017 982/982
f 1017/1017 942/942 981/981
f 937/937 1017/1017 1013/1013
f 1017/1017 937/937 982/982
f 1021/1021 1056/1056 1064/1064
f 1056/1056 1021/1021 1022/1022
f 1056/1056 1018/1018 1064/1064
f 1056/1056 1019/1019 1096/1096
f 1019/1019 1097/1097 1065/1065
f 1023/1023 1097/1097 1098/1098
f 1097/1097 1023/1023 1065/1065
f 1023/1023 1057/1057 1065/1065
f 1057/1057 1023/1023 1024/1024
f 1057/1057 1019/1019 1065/1065
f 1019/1019 1099/1099 1020/1020
f 1020/1020 1099/1099 1066/1066
f 1025/1025 1099/1099 1024/1024
f 1099/1099 1025/1025 1066/1066
f 1026/1026 1058/1058 1067/1067
f 1058/1058 1026/1026 1027/1027
f 1021/1021 1058/1058 1022/1022
f 1058/1058 1021/1021 1067/1067
f 1023/1023 1058/1058 1068/1068
f 1058/1058 1023/1023 1098/1098
f 1028/1028 1058/1058 1100/1100
f 1058/1058 1028/1028 1068/1068
f 1028/1028 1059/1059 1068/1068
f 1059/1059 1028/1028 1029/1029
f 1023/1023 1059/1059 1024/1024
f 1059/1059 1023/1023 1068/1068
f 1025/1025 1059/1059 1069/1069
f 1059/1059 1025/1025 1024/1024
f 1030/1030 1059/1059 1101/1101
f 1059/1059 1030/1030 1069/1069
f 1031/1031 1060/1060 1070/1070
f 1060/1060 1031/1031 1032/1032
f 1070/1070 1060/1060 1027/1027
f 1027/1027 1026/1026 1070/1070
f 1028/1028 1102/1102 1071/1071
f 1102/1102 1028/1028 1100/1100
f 1033/1033 1102/1102 1032/1032
f 1102/1102 1033/1033 1071/1071
f 1033/1033 1061/1061 1071/1071
f 1061/1061 1033/1033 1034/1034
f 1028/1028 1061/1061 1029/1029
f 1061/1061 1028/1028 1071/1071
f 1030/1030 1103/1103 1072/1072
f 1103/1103 1030/1030 1101/1101
f 1035/1035 1103/1103 1104/1104
f 1103/1103 1035/1035 1072/1072
f 1036/1036 1062/1062 1073/1073
f 1062/1062 1036/1036 1074/1074
f 1073/1073 1062/1062 1032/1032
f 1032/1032 1031/1031 1073/1073
f 1037/1037 1062/1062 1074/1074
f 1105/1105 1037/1037 1075/1075
f 1033/1033 1105/1105 1076/1076
f 1105/1105 1033/1033 1032/1032
f 1038/1038 1105/1105 1075/1075
f 1105/1105 1038/1038 1076/1076
f 1038/1038 1063/1063 1076/1076
f 1063/1063 1038/1038 1077/1077
f 1033/1033 1063/1063 1034/1034
f 1063/1063 1033/1033 1076/1076
f 1039/1039 1063/1063 1077/1077
f 1106/1106 1039/1039 1078/1078
f 1035/1035 1106/1106 1079/1079
f 1106/1106 1035/1035 1104/1104
f 1040/1040 1106/1106 1078/1078
f 1106/1106 1040/1040 1079/1079
f 1107/1107 1108/1108 1080/1080
f 1042/1042 1108/1108 1109/1109
f 1108/1108 1042/1042 1080/1080
f 1041/1041 1108/1108 1107/1107
f 1108/1108 1041/1041 1081/1081
f 1043/1043 1108/1108 1081/1081
f 1108/1108 1043/1043 1109/1109
f 1041/1041 1110/1110 1081/1081
f 1043/1043 1110/1110 1111/1111
f 1110/1110 1043/1043 1081/1081
f 1112/1112 1041/1041 1113/1113
f 1044/1044 1112/1112 1082/1082
f 1112/1112 1044/1044 1111/1111
f 1112/1112 1113/1113 1082/1082
f 1042/1042 1114/1114 1083/1083
f 1114/1114 1042/1042 1109/1109
f 1045/1045 1114/1114 1115/1115
f 1114/1114 1045/1045 1083/1083
f 1046/1046 1114/1114 1084/1084
f 1114/1114 1046/1046 1116/1116
f 1043/1043 1114/1114 1109/1109
f 1114/1114 1043/1043 1084/1084
f 1043/1043 1117/1117 1084/1084
f 1117/1117 1043/1043 1111/1111
f 1046/1046 1117/1117 1118/1118
f 1117/1117 1046/1046 1084/1084
f 1047/1047 1117/1117 1085/1085
f 1117/1117 1047/1047 1119/1119
f 1044/1044 1117/1117 1111/1111
f 1117/1117 1044/1044 1085/1085
f 1115/1115 1120/1120 1086/1086
f 1086/1086 1045/1045 1115/1115
f 1048/1048 1120/1120 1121/1121
f 1120/1120 1048/1048 1086/1086
f 1049/1049 1122/1122 1087/1087
f 1122/1122 1049/1049 1121/1121
f 1046/1046 1122/1122 1116/1116
f 1122/1122 1046/1046 1087/1087
f 1046/1046 1123/1123 1087/1087
f 1123/1123 1046/1046 1118/1118
f 1049/1049 1123/1123 1124/1124
f 1123/1123 1049/1049 1087/1087
f 1050/1050 1125/1125 1088/1088
f 1125/1125 1050/1050 1126/1126
f 1047/1047 1125/1125 1119/1119
f 1125/1125 1047/1047 1088/1088
f 1121/1121 1127/1127 1089/1089
f 1089/1089 1048/1048 1121/1121
f 1051/1051 1127/1127 1090/1090
f 1127/1127 1051/1051 1089/1089
f 1127/1127 1052/1052 1090/1090
f 1052/1052 1128/1128 1091/1091
f 1053/1053 1128/1128 1092/1092
f 1128/1128 1053/1053 1091/1091
f 1049/1049 1128/1128 1121/1121
f 1128/1128 1049/1049 1092/1092
f 1049/1049 1129/1129 1092/1092
f 1129/1129 1049/1049 1124/1124
f 1053/1053 1129/1129 1093/1093
f 1129/1129 1053/1053 1092/1092
f 1129/1129 1054/1054 1093/1093
f 1054/1054 1130/1130 1094/1094
f 1055/1055 1130/1130 1095/1095
f 1130/1130 1055/1055 1094/1094
f 1050/1050 1130/1130 1126/1126
f 1130/1130 1050/1050 1095/1095
f 1134/1134 1169/1169 1177/1177
f 1169/1169 1134/1134 1135/1135
f 1169/1169 1131/1131 1177/1177
f 1169/1169 1132/1132 1209/1209
f 1132/1132 1210/1210 1178/1178
f 1136/1136 1210/1210 1211/1211
f 1210/1210 1136/1136 1178/1178
f 1136/1136 1170/1170 1178/1178
f 1170/1170 1136/1136 1137/1137
f 1170/1170 1132/1132 1178/1178
f 1132/1132 1212/1212 1133/1133
f 1133/1133 1212/1212 1179/1179
f 1138/1138 1212/1212 1137/1137
f 1212/1212 1138/1138 1179/1179
f 1139/1139 1171/1171 1180/1180
f 1171/1171 1139/1139 1140/1140
f 1134/1134 1171/1171 1135/1135
f 1171/1171 1134/1134 1180/1180
f 1136/1136 1171/1171 1181/1181
f 1171/1171 1136/1136 1211/1211
f 1141/1141 1171/1171 1213/1213
f 1171/1171 1141/1141 1181/1181
f 1141/1141 1172/1172 1181/1181
f 1172/1172 1141/1141 1142/1142
f 1136/1136 1172/1172 1137/1137
f 1172/1172 1136/1136 1181/1181
f 1138/1138 1172/1172 1182/1182
f 1172/1172 1138/1138 1137/1137
f 1143/1143 1172/1172 1214/1214
f 1172/1172 1143/1143 1182/1182
f 1144/1144 1173/1173 1183/1183
f 1173/1173 1144/1144 1145/1145
f 1183/1183 1173/1173 1140/1140
f 1140/1140 1139/1139 1183/1183
f 1141/1141 1215/1215 1184/1184
f 1215/1215 1141/1141 1213/1213
f 1146/1146 1215/1215 1145/1145
f 1215/1215 1146/1146 1184/1184
f 1146/1146 1174/1174 1184/1184
f 1174/1174 1146/1146 1147/1147
f 1141/1141 1174/1174 1142/1142
f 1174/1174 1141/1141 1184/1184
f 1143/1143 1216/1216 1185/1185
f 1216/1216 1143/1143 1214/1214
f 1148/1148 1216/1216 1217/1217
f 1216/1216 1148/1148 1185/1185
f 1149/1149 1175/1175 1186/1186
f 1175/1175 1149/1149 1187/1187
f 1186/1186 1175/1175 1145/1145
f 1145/1145 1144/1144 1186/1186
f 1150/1150 1175/1175 1187/1187
f 1218/1218 1150/1150 1188/1188
f 1146/1146 1218/1218 1189/1189
f 1218/1218 1146/1146 1145/1145
f 1151/1151 1218/1218 1188/1188
f 1218/1218 1151/1151 1189/1189
f 1151/1151 1176/1176 1189/1189
f 1176/1176 1151/1151 1190/1190
f 1146/1146 1176/1176 1147/1147
f 1176/1176 1146/1146 1189/1189
f 1152/1152 1176/1176 1190/1190
f 1219/1219 1152/1152 1191/1191
f 1148/1148 1219/1219 1192/1192
f 1219/1219 1148/1148 1217/1217
f 1153/1153 1219/1219 1191/1191
f 1219/1219 1153/1153 1192/1192
f 1220/1220 1221/1221 1193/1193
f 1155/1155 1221/1221 1222/1222
f 1221/1221 1155/1155 1193/1193
f 1154/1154 1221/1221 1220/1220
f 1221/1221 1154/1154 1194/1194
f 1156/1156 1221/1221 1194/1194
f 1221/1221 1156/1156 1222/1222
f 1154/1154 1223/1223 1194/1194
f 1156/1156 1223/1223 1224/1224
f 1223/1223 1156/1156 1194/1194
f 1225/1225 1154/1154 1226/1226
f 1157/1157 1225/1225 1195/1195
f 1225/1225 1157/1157 1224/1224
f 1225/1225 1226/1226 1195/1195
f 1155/1155 1227/1227 1196/1196
f 1227/1227 1155/1155 1222/1222
f 1158/1158 1227/1227 1228/1228
f 1227/1227 1158/1158 1196/1196
f 1159/1159 1227/1227 1197/1197
f 1227/1227 1159/1159 1229/1229
f 1156/1156 1227/1227 1222/1222
f 1227/1227 1156/1156 1197/1197
f 1156/1156 1230/1230 1197/1197
f 1230/1230 1156/1156 1224/1224
f 1159/1159 1230/1230 1231/1231
f 1230/1230 1159/1159 1197/1197
f 1160/1160 1230/1230 1198/1198
f 1230/1230 1160/1160 1232/1232
f 1157/1157 1230/1230 1224/1224
f 1230/1230 1157/1157 1198/1198
f 1228/1228 1233/1233 1199/1199
f 1199/1199 1158/1158 1228/1228
f 1161/1161 1233/1233 1234/1234
f 1233/1233 1161/1161 1199/1199
f 1162/1162 1235/1235 1200/1200
f 1235/1235 1162/1162 1234/1234
f 1159/1159 1235/1235 1229/1229
f 1235/1235 1159/1159 1200/1200
f 1159/1159 1236/1236 1200/1200
f 1236/1236 1159/1159 1231/1231
f 1162/1162 1236/1236 1237/1237
f 1236/1236 1162/1162 1200/1200
f 1163/1163 1238/1238 1201/1201
f 1238/1238 1163/1163 1239/1239
f 1160/1160 1238/1238 1232/1232
f 1238/1238 1160/1160 1201/1201
f 1234/1234 1240/1240 1202/1202
f 1202/1202 1161/1161 1234/1234
f 1164/1164 1240/1240 1203/1203
f 1240/1240 1164/1164 1202/1202
f 1240/1240 1165/1165 1203/1203
f 1165/1165 1241/1241 1204/1204
f 1166/1166 1241/1241 1205/1205
f 1241/1241 1166/1166 1204/1204
f 1162/1162 1241/1241 1234/1234
f 1241/1241 1162/1162 1205/1205
f 1162/1162 1242/1242 1205/1205
f 1242/1242 1162/1162 1237/1237
f 1166/1166 1242/1242 1206/1206
f 1242/1242 1166/1166 1205/1205
f 1242/1242 1167/1167 1206/1206
f 1167/1167 1243/1243 1207/1207
f 1168/1168 1243/1243 1208/1208
f 1243/1243 1168/1168 1207/1207
f 1163/1163 1243/1243 1239/1239
f 1243/1243 1163/1163 1208/1208
f 1247/1247 1282/1282 1290/1290
f 1282/1282 1247/1247 1248/1248
f 1282/1282 1244/1244 1290/1290
f 1282/1282 1245/1245 1322/1322
f 1245/1245 1323/1323 1291/1291
f 1249/1249 1323/1323 1324/1324
f 1323/1323 1249/1249 1291/1291
f 1249/1249 1283/1283 1291/1291
f 1283/1283 1249/1249 1250/1250
f 1283/1283 1245/1245 1291/1291
f 1245/1245 1325/1325 1246/1246
f 1246/1246 1325/1325 1292/1292
f 1251/1251 1325/1325 1250/1250
f 1325/1325 1251/1251 1292/1292
f 1252/1252 1284/1284 1293/1293
f 1284/1284 1252/1252 1253/1253
f 1247/1247 1284/1284 1248/1248
f 1284/1284 1247/1247 1293/1293
f 1249/1249 1284/1284 1294/1294
f 1284/1284 1249/1249 1324/1324
f 1254/1254 1284/1284 1326/1326
f 1284/1284 1254/1254 1294/1294
f 1254/1254 1285/1285 1294/1294
f 1285/1285 1254/1254 1255/1255
f 1249/1249 1285/1285 1250/1250
f 1285/1285 1249/1249 1294/1294
f 1251/1251 1285/1285 1295/1295
f 1285/1285 1251/1251 1250/1250
f 1256/1256 1285/1285 1327/1327
f 1285/1285 1256/1256 1295/1295
f 1257/1257 1286/1286 1296/1296
f 1286/1286 1257/1257 1258/1258
f 1296/1296 1286/1286 1253/1253
f 1253/1253 1252/1252 1296/1296
f 1254/1254 1328/1328 1297/1297
f 1328/1328 1254/1254 1326/1326
f 1259/1259 1328/1328 1258/1258
f 1328/1328 1259/1259 1297/1297
f 1259/1259 1287/1287 1297/1297
f 1287/1287 1259/1259 1260/1260
f 1254/1254 1287/1287 1255/1255
f 1287/1287 1254/1254 1297/1297
f 1256/1256 1329/1329 1298/1298
f 1329/1329 1256/1256 1327/1327
f 1261/1261 1329/1329 1330/1330
f 1329/1329 1261/1261 1298/1298
f 1262/1262 1288/1288 1299/1299
f 1288/1288 1262/1262 1300/1300
f 1299/1299 1288/1288 1258/1258
f 1258/1258 1257/1257 1299/1299
f 1263/1263 1288/1288 1300/1300
f 1331/1331 1263/1263 1301/1301
f 1259/1259 1331/1331 1302/1302
f 1331/1331 1259/1259 1258/1258
f 1264/1264 1331/1331 1301/1301
f 1331/1331 1264/1264 1302/1302
f 1264/1264 1289/1289 1302/1302
f 1289/1289 1264/1264 1303/1303
f 1259/1259 1289/1289 1260/1260
f 1289/1289 1259/1259 1302/1302
f 1265/1265 1289/1289 1303/1303
f 1332/1332 1265/1265 1304/1304
f 1261/1261 1332/1332 1305/1305
f 1332/1332 1261/1261 1330/1330
f 1266/1266 1332/1332 1304/1304
f 1332/1332 1266/1266 1305/1305
f 1333/1333 1334/1334 1306/1306
f 1268/1268 1334/1334 1335/1335
f 1334/1334 1268/1268 1306/1306
f 1267/1267 1334/1334 1333/1333
f 1334/1334 1267/1267 1307/1307
f 1269/1269 1334/1334 1307/1307
f 1334/1334 1269/1269 1335/1335
f 1267/1267 1336/1336 1307/1307
f 1269/1269 1336/1336 1337/1337
f 1336/1336 1269/1269 1307/1307
f 1338/1338 1267/1267 1339/1339
f 1270/1270 1338/1338 1308/1308
f 1338/1338 1270/1270 1337/1337
f 1338/1338 1339/1339 1308/1308
f 1268/1268 1340/1340 1309/1309
f 1340/1340 1268/1268 1335/1335
f 1271/1271 1340/1340 1341/1341
f 1340/1340 1271/1271 1309/1309
f 1272/1272 1340/1340 1310/1310
f 1340/1340 1272/1272 1342/1342
f 1269/1269 1340/1340 1335/1335
f 1340/1340 1269/1269 1310/1310
f 1269/1269 1343/1343 1310/1310
f 1343/1343 1269/1269 1337/1337
f 1272/1272 1343/1343 1344/1344
f 1343/1343 1272/1272 1310/1310
f 1273/1273 1343/1343 1311/1311
f 1343/1343 1273/1273 1345/1345
f 1270/1270 1343/1343 1337/1337
f 1343/1343 1270/1270 1311/1311
f 1341/1341 1346/1346 1312/1312
f 1312/1312 1271/1271 1341/1341
f 1274/1274 1346/1346 1347/1347
f 1346/1346 1274/1274 1312/1312
f 1275/1275 1348/1348 1313/1313
f 1348/1348 1275/1275 1347/1347
f 1272/1272 1348/1348 1342/1342
f 1348/1348 1272/1272 1313/1313
f 1272/1272 1349/1349 1313/1313
f 1349/1349 1272/1272 1344/1344
f 1275/1275 1349/1349 1350/1350
f 1349/1349 1275/1275 1313/1313
f 1276/1276 1351/1351 1314/1314
f 1351/1351 1276/1276 1352/1352
f 1273/1273 1351/1351 1345/1345
f 1351/1351 1273/1273 1314/1314
f 1347/1347 1353/1353 1315/1315
f 1315/1315 1274/1274 1347/1347
f 1277/1277 1353/1353 1316/1316
f 1353/1353 1277/1277 1315/1315
f 1353/1353 1278/1278 1316/1316
f 1278/1278 1354/1354 1317/1317
f 1279/1279 1354/1354 1318/1318
f 1354/1354 1279/1279 1317/1317
f 1275/1275 1354/1354 1347/1347
f 1354/1354 1275/1275 1318/1318
f 1275/1275 1355/1355 1318/1318
f 1355/1355 1275/1275 1350/1350
f 1279/1279 1355/1355 1319/1319
f 1355/1355 1279/1279 1318/1318
f 1355/1355 1280/1280 1319/1319
f 1280/1280 1356/1356 1320/1320
f 1281/1281 1356/1356 1321/1321
f 1356/1356 1281/1281 1320/1320
f 1276/1276 1356/1356 1352/1352
f 1356/1356 1276/1276 1321/1321
f 1360/1360 1395/1395 1403/1403
f 1395/1395 1360/1360 1361/1361
f 1395/1395 1357/1357 1403/1403
f 1395/1395 1358/1358 1435/1435
f 1358/1358 1436/1436 1404/1404
f 1362/1362 1436/1436 1437/1437
f 1436/1436 1362/1362 1404/1404
f 1362/1362 1396/1396 1404/1404
f 1396/1396 1362/1362 1363/1363
f 1396/1396 1358/1358 1404/1404
f 1358/1358 1438/1438 1359/1359
f 1359/1359 1438/1438 1405/1405
f 1364/1364 1438/1438 1363/1363
f 1438/1438 1364/1364 1405/1405
f 1365/1365 1397/1397 1406/1406
f 1397/1397 1365/1365 1366/1366
f 1360/1360 1397/1397 1361/1361
f 1397/1397 1360/1360 1406/1406
f 1362/1362 1397/1397 1407/1407
f 1397/1397 1362/1362 1437/1437
f 1367/1367 1397/1397 1439/1439
f 1397/1397 1367/1367 1407/1407
f 1367/1367 1398/1398 1407/1407
f 1398/1398 1367/1367 1368/1368
f 1362/1362 1398/1398 1363/1363
f 1398/1398 1362/1362 1407/1407
f 1364/1364 1398/1398 1408/1408
f 1398/1398 1364/1364 1363/1363
f 1369/1369 1398/1398 1440/1440
f 1398/1398 1369/1369 1408/1408
f 1370/1370 1399/1399 1409/1409
f 1399/1399 1370/1370 1371/1371
f 1409/1409 1399/1399 1366/1366
f 1366/1366 1365/1365 1409/1409
f 1367/1367 1441/1441 1410/1410
f 1441/1441 1367/1367 1439/1439
f 1372/1372 1441/1441 1371/1371
f 1441/1441 1372/1372 1410/1410
f 1372/1372 1400/1400 1410/1410
f 1400/1400 1372/1372 1373/1373
f 1367/1367 1400/1400 1368/1368
f 1400/1400 1367/1367 1410/1410
f 1369/1369 1442/1442 1411/1411
f 1442/1442 1369/1369 1440/1440
f 1374/1374 1442/1442 1443/1443
f 1442/1442 1374/1374 1411/1411
f 1375/1375 1401/1401 1412/1412
f 1401/1401 1375/1375 1413/1413
f 1412/1412 1401/1401 1371/1371
f 1371/1371 1370/1370 1412/1412
f 1376/1376 1401/1401 1413/1413
f 1444/1444 1376/1376 1414/1414
f 1372/1372 1444/1444 1415/1415
f 1444/1444 1372/1372 1371/1371
f 1377/1377 1444/1444 1414/1414
f 1444/1444 1377/1377 1415/1415
f 1377/1377 1402/1402 1415/1415
f 1402/1402 1377/1377 1416/1416
f 1372/1372 1402/1402 1373/1373
f 1402/1402 1372/1372 1415/1415
f 1378/1378 1402/1402 1416/1416
f 1445/1445 1378/1378 1417/1417
f 1374/1374 1445/1445 1418/1418
f 1445/1445 1374/1374 1443/1443
f 1379/1379 1445/1445 1417/1417
f 1445/1445 1379/1379 1418/1418
f 1446/1446 1447/1447 1419/1419
f 1381/1381 1447/1447 1448/1448
f 1447/1447 1381/1381 1419/1419
f 1380/1380 1447/1447 1446/1446
f 1447/1447 1380/1380 1420/1420
f 1382/1382 1447/1447 1420/1420
f 1447/1447 1382/1382 1448/1448
f 1380/1380 1449/1449 1420/1420
f 1382/1382 1449/1449 1450/1450
f 1449/1449 1382/1382 1420/1420
f 1451/1451 1380/1380 1452/1452
f 1383/1383 1451/1451 1421/1421
f 1451/1451 1383/1383 1450/1450
f 1451/1451 1452/1452 1421/1421
f 1381/1381 1453/1453 1422/1422
f 1453/1453 1381/1381 1448/1448
f 1384/1384 1453/1453 1454/1454
f 1453/1453 1384/1384 1422/1422
f 1385/1385 1453/1453 1423/1423
f 1453/1453 1385/1385 1455/1455
f 1382/1382 1453/1453 1448/1448
f 1453/1453 1382/1382 1423/1423
f 1382/1382 1456/1456 1423/1423
f 1456/1456 1382/1382 1450/1450
f 1385/1385 1456/1456 1457/1457
f 1456/1456 1385/1385 1423/1423
f 1386/1386 1456/1456 1424/1424
f 1456/1456 1386/1386 1458/1458
f 1383/1383 1456/1456 1450/1450
f 1456/1456 1383/1383 1424/1424
f 1454/1454 1459/1459 1425/1425
f 1425/1425 1384/1384 1454/1454
f 1387/1387 1459/1459 1460/1460
f 1459/1459 1387/1387 1425/1425
f 1388/1388 1461/1461 1426/1426
f 1461/1461 1388/1388 1460/1460
f 1385/1385 1461/1461 1455/1455
f 1461/1461 1385/1385 1426/1426
f 1385/1385 1462/1462 1426/1426
f 1462/1462 1385/1385 1457/1457
f 1388/1388 1462/1462 1463/1463
f 1462/1462 1388/1388 1426/1426
f 1389/1389 1464/1464 1427/1427
f 1464/1464 1389/1389 1465/1465
f 1386/1386 1464/1464 1458/1458
f 1464/1464 1386/1386 1427/1427
f 1460/1460 1466/1466 1428/1428
f 1428/1428 1387/1387 1460/1460
f 1390/1390 1466/1466 1429/1429
f 1466/1466 1390/1390 1428/1428
f 1466/1466 1391/1391 1429/1429
f 1391/1391 1467/1467 1430/1430
f 1392/1392 1467/1467 1431/1431
f 1467/1467 1392/1392 1430/1430
f 1388/1388 1467/1467 1460/1460
f 1467/1467 1388/1388 1431/1431
f 1388/1388 1468/1468 1431/1431
f 1468/1468 1388/1388 1463/1463
f 1392/1392 1468/1468 1432/1432
f 1468/1468 1392/1392 1431/1431
f 1468/1468 1393/1393 1432/1432
f 1393/1393 1469/1469 1433/1433
f 1394/1394 1469/1469 1434/1434
f 1469/1469 1394/1394 1433/1433
f 1389/1389 1469/1469 1465/1465
f 1469/1469 1389/1389 1434/1434
f 1473/1473 1508/1508 1516/1516
f 1508/1508 1473/1473 1474/1474
f 1508/1508 1470/1470 1516/1516
f 1508/1508 1471/1471 1548/1548
f 1471/1471 1549/1549 1517/1517
f 1475/1475 1549/1549 1550/1550
f 1549/1549 1475/1475 1517/1517
f 1475/1475 1509/1509 1517/1517
f 1509/1509 1475/1475 1476/1476
f 1509/1509 1471/1471 1517/1517
f 1471/1471 1551/1551 1472/1472
f 1472/1472 1551/1551 1518/1518
f 1477/1477 1551/1551 1476/1476
f 1551/1551 1477/1477 1518/1518
f 1478/1478 1510/1510 1519/1519
f 1510/1510 1478/1478 1479/1479
f 1473/1473 1510/1510 1474/1474
f 1510/1510 1473/1473 1519/1519
f 1475/1475 1510/1510 1520/1520
f 1510/1510 1475/1475 1550/1550
f 1480/1480 1510/1510 1552/1552
f 1510/1510 1480/1480 1520/1520
f 1480/1480 1511/1511 1520/1520
f 1511/1511 1480/1480 1481/1481
f 1475/1475 1511/1511 1476/1476
f 1511/1511 1475/1475 1520/1520
f 1477/1477 1511/1511 1521/1521
f 1511/1511 1477/1477 1476/1476
f 1482/1482 1511/1511 1553/1553
f 1511/1511 1482/1482 1521/1521
f 1483/1483 1512/1512 1522/1522
f 1512/1512 1483/1483 1484/1484
f 1522/1522 1512/1512 1479/1479
f 1479/1479 1478/1478 1522/1522
f 1480/1480 1554/1554 1523/1523
f 1554/1554 1480/1480 1552/1552
f 1485/1485 1554/1554 1484/1484
f 1554/1554 1485/1485 1523/1523
f 1485/1485 1513/1513 1523/1523
f 1513/1513 1485/1485 1486/1486
f 1480/1480 1513/1513 1481/1481
f 1513/1513 1480/1480 1523/1523
f 1482/1482 1555/1555 1524/1524
f 1555/1555 1482/1482 1553/1553
f 1487/1487 1555/1555 1556/1556
f 1555/1555 1487/1487 1524/1524
f 1488/1488 1514/1514 1525/1525
f 1514/1514 1488/1488 1526/1526
f 1525/1525 1514/1514 1484/1484
f 1484/1484 1483/1483 1525/1525
f 1489/1489 1514/1514 1526/1526
f 1557/1557 1489/1489 1527/1527
f 1485/1485 1557/1557 1528/1528
f 1557/1557 1485/1485 1484/1484
f 1490/1490 1557/1557 1527/1527
f 1557/1557 1490/1490 1528/1528
f 1490/1490 1515/1515 1528/1528
f 1515/1515 1490/1490 1529/1529
f 1485/1485 1515/1515 1486/1486
f 1515/1515 1485/1485 1528/1528
f 1491/1491 1515/1515 1529/1529
f 1558/1558 1491/1491 1530/1530
f 1487/1487 1558/1558 1531/1531
f 1558/1558 1487/1487 1556/1556
f 1492/1492 1558/1558 1530/1530
f 1558/1558 1492/1492 1531/1531
f 1559/1559 1560/1560 1532/1532
f 1494/1494 1560/1560 1561/1561
f 1560/1560 1494/1494 1532/1532
f 1493/1493 1560/1560 1559/1559
f 1560/1560 1493/1493 1533/1533
f 1495/1495 1560/1560 1533/1533
f 1560/1560 1495/1495 1561/1561
f 1493/1493 1562/1562 1533/1533
f 1495/1495 1562/1562 1563/1563
f 1562/1562 1495/1495 1533/1533
f 1564/1564 1493/1493 1565/1565
f 1496/1496 1564/1564 1534/1534
f 1564/1564 1496/1496 1563/1563
f 1564/1564 1565/1565 1534/1534
f 1494/1494 1566/1566 1535/1535
f 1566/1566 1494/1494 1561/1561
f 1497/1497 1566/1566 1567/1567
f 1566/1566 1497/1497 1535/1535
f 1498/1498 1566/1566 1536/1536
f 1566/1566 1498/1498 1568/1568
f 1495/1495 1566/1566 1561/1561
f 1566/1566 1495/1495 1536/1536
f 1495/1495 1569/1569 1536/1536
f 1569/1569 1495/1495 1563/1563
f 1498/1498 1569/1569 1570/1570
f 1569/1569 1498/1498 1536/1536
f 1499/1499 1569/1569 1537/1537
f 1569/1569 1499/1499 1571/1571
f 1496/1496 1569/1569 1563/1563
f 1569/1569 1496/1496 1537/1537
f 1567/1567 1572/1572 1538/1538
f 1538/1538 1497/1497 1567/1567
f 1500/1500 1572/1572 1573/1573
f 1572/1572 1500/1500 1538/1538
f 1501/1501 1574/1574 1539/1539
f 1574/1574 1501/1501 1573/1573
f 1498/1498 1574/1574 1568/1568
f 1574/1574 1498/1498 1539/1539
f 1498/1498 1575/1575 1539/1539
f 1575/1575 1498/1498 1570/1570
f 1501/1501 1575/1575 1576/1576
f 1575/1575 1501/1501 1539/1539
f 1502/1502 1577/1577 1540/1540
f 1577/1577 1502/1502 1578/1578
f 1499/1499 1577/1577 1571/1571
f 1577/1577 1499/1499 1540/1540
f 1573/1573 1579/1579 1541/1541
f 1541/1541 1500/1500 1573/1573
f 1503/1503 1579/1579 1542/1542
f 1579/1579 1503/1503 1541/1541
f 1579/1579 1504/1504 1542/1542
f 1504/1504 1580/1580 1543/1543
f 1505/1505 1580/1580 1544/1544
f 1580/1580 1505/1505 1543/1543
f 1501/1501 1580/1580 1573/1573
f 1580/1580 1501/1501 1544/1544
f 1501/1501 1581/1581 1544/1544
f 1581/1581 1501/1501 1576/1576
f 1505/1505 1581/1581 1545/1545
f 1581/1581 1505/1505 1544/1544
f 1581/1581 1506/1506 1545/1545
f 1506/1506 1582/1582 1546/1546
f 1507/1507 1582/1582 1547/1547
f 1582/1582 1507/1507 1546/1546
f 1502/1502 1582/1582 1578/1578
f 1582/1582 1502/1502 1547/1547
f 1586/1586 1621/1621 1629/1629
f 1621/1621 1586/1586 1587/1587
f 1621/1621 1583/1583 1629/1629
f 1621/1621 1584/1584 1661/1661
f 1584/1584 1662/1662 1630/1630
f 1588/1588 1662/1662 1663/1663
f 1662/1662 1588/1588 1630/1630
f 1588/1588 1622/1622 1630/1630
f 1622/1622 1588/1588 1589/1589
f 1622/1622 1584/1584 1630/1630
f 1584/1584 1664/1664 1585/1585
f 1585/1585 1664/1664 1631/1631
f 1590/1590 1664/1664 1589/1589
f 1664/1664 1590/1590 1631/1631
f 1591/1591 1623/1623 1632/1632
f 1623/1623 1591/1591 1592/1592
f 1586/1586 1623/1623 1587/1587
f 1623/1623 1586/1586 1632/1632
f 1588/1588 1623/1623 1633/1633
f 1623/1623 1588/1588 1663/1663
f 1593/1593 1623/1623 1665/1665
f 1623/1623 1593/1593 1633/1633
f 1593/1593 1624/1624 1633/1633
f 1624/1624 1593/1593 1594/1594
f 1588/1588 1624/1624 1589/1589
f 1624/1624 1588/1588 1633/1633
f 1590/1590 1624/1624 1634/1634
f 1624/1624 1590/1590 1589/1589
f 1595/1595 1624/1624 1666/1666
f 1624/1624 1595/1595 1634/1634
f 1596/1596 1625/1625 1635/1635
f 1625/1625 1596/1596 1597/1597
f 1635/1635 1625/1625 1592/1592
f 1592/1592 1591/1591 1635/1635
f 1593/1593 1667/1667 1636/1636
f 1667/1667 1593/1593 1665/1665
f 1598/1598 1667/1667 1597/1597
f 1667/1667 1598/1598 1636/1636
f 1598/1598 1626/1626 1636/1636
f 1626/1626 1598/1598 1599/1599
f 1593/1593 1626/1626 1594/1594
f 1626/1626 1593/1593 1636/1636
f 1595/1595 1668/1668 1637/1637
f 1668/1668 1595/1595 1666/1666
f 1600/1600 1668/1668 1669/1669
f 1668/1668 1600/1600 1637/1637
f 1601/1601 1627/1627 1638/1638
f 1627/1627 1601/1601 1639/1639
f 1638/1638 1627/1627 1597/1597
f 1597/1597 1596/1596 1638/1638
f 1602/1602 1627/1627 1639/1639
f 1670/1670 1602/1602 1640/1640
f 1598/1598 1670/1670 1641/1641
f 1670/1670 1598/1598 1597/1597
f 1603/1603 1670/1670 1640/1640
f 1670/1670 1603/1603 1641/1641
f 1603/1603 1628/1628 1641/1641
f 1628/1628 1603/1603 1642/1642
f 1598/1598 1628/1628 1599/1599
f 1628/1628 1598/1598 1641/1641
f 1604/1604 1628/1628 1642/1642
f 1671/1671 1604/1604 1643/1643
f 1600/1600 1671/1671 1644/1644
f 1671/1671 1600/1600 1669/1669
f 1605/1605 1671/1671 1643/1643
f 1671/1671 1605/1605 1644/1644
f 1672/1672 1673/1673 1645/1645
f 1607/1607 1673/1673 1674/1674
f 1673/1673 1607/1607 1645/1645
f 1606/1606 1673/1673 1672/1672
f 1673/1673 1606/1606 1646/1646
f 1608/1608 1673/1673 1646/1646
f 1673/1673 1608/1608 1674/1674
f 1606/1606 1675/1675 1646/1646
f 1608/1608 1675/1675 1676/1676
f 1675/1675 1608/1608 1646/1646
f 1677/1677 1606/1606 1678/1678
f 1609/1609 1677/1677 1647/1647
f 1677/1677 1609/1609 1676/1676
f 1677/1677 1678/1678 1647/1647
f 1607/1607 1679/1679 1648/1648
f 1679/1679 1607/1607 1674/1674
f 1610/1610 1679/1679 1680/1680
f 1679/1679 1610/1610 1648/1648
f 1611/1611 1679/1679 1649/1649
f 1679/1679 1611/1611 1681/1681
f 1608/1608 1679/1679 1674/1674
f 1679/1679 1608/1608 1649/1649
f 1608/1608 1682/1682 1649/1649
f 1682/1682 1608/1608 1676/1676
f 1611/1611 1682/1682 1683/1683
f 1682/1682 1611/1611 1649/1649
f 1612/1612 1682/1682 1650/1650
f 1682/1682 1612/1612 1684/1684
f 1609/1609 1682/1682 1676/1676
f 1682/1682 1609/1609 1650/1650
f 1680/1680 1685/1685 1651/1651
f 1651/1651 1610/1610 1680/1680
f 1613/1613 1685/1685 1686/1686
f 1685/1685 1613/1613 1651/1651
f 1614/1614 1687/1687 1652/1652
f 1687/1687 1614/1614 1686/1686
f 1611/1611 1687/1687 1681/1681
f 1687/1687 1611/1611 1652/1652
f 1611/1611 1688/1688 1652/1652
f 1688/1688 1611/1611 1683/1683
f 1614/1614 1688/1688 1689/1689
f 1688/1688 1614/1614 1652/1652
f 1615/1615 1690/1690 1653/1653
f 1690/1690 1615/1615 1691/1691
f 1612/1612 1690/1690 1684/1684
f 1690/1690 1612/1612 1653/1653
f 1686/1686 1692/1692 1654/1654
f 1654/1654 1613/1613 1686/1686
f 1616/1616 1692/1692 1655/1655
f 1692/1692 1616/1616 1654/1654
f 1692/1692 1617/1617 1655/1655
f 1617/1617 1693/1693 1656/1656
f 1618/1618 1693/1693 1657/1657
f 1693/1693 1618/1618 1656/1656
f 1614/1614 1693/1693 1686/1686
f 1693/1693 1614/1614 1657/1657
f 1614/1614 1694/1694 1657/1657
f 1694/1694 1614/1614 1689/1689
f 1618/1618 1694/1694 1658/1658
f 1694/1694 1618/1618 1657/1657
f 1694/1694 1619/1619 1658/1658
f 1619/1619 1695/1695 1659/1659
f 1620/1620 1695/1695 1660/1660
f 1695/1695 1620/1620 1659/1659
f 1615/1615 1695/1695 1691/1691
f 1695/1695 1615/1615 1660/1660
f 1699/1699 1734/1734 1742/1742
f 1734/1734 1699/1699 1700/1700
f 1734/1734 1696/1696 1742/1742
f 1734/1734 1697/1697 1774/1774
f 1697/1697 1775/1775 1743/1743
f 1701/1701 1775/1775 1776/1776
f 1775/1775 1701/1701 1743/1743
f 1701/1701 1735/1735 1743/1743
f 1735/1735 1701/1701 1702/1702
f 1735/1735 1697/1697 1743/1743
f 1697/1697 1777/1777 1698/1698
f 1698/1698 1777/1777 1744/1744
f 1703/1703 1777/1777 1702/1702
f 1777/1777 1703/1703 1744/1744
f 1704/1704 1736/1736 1745/1745
f 1736/1736 1704/1704 1705/1705
f 1699/1699 1736/1736 1700/1700
f 1736/1736 1699/1699 1745/1745
f 1701/1701 1736/1736 1746/1746
f 1736/1736 1701/1701 1776/1776
f 1706/1706 1736/1736 1778/1778
f 1736/1736 1706/1706 1746/1746
f 1706/1706 1737/1737 1746/1746
f 1737/1737 1706/1706 1707/1707
f 1701/1701 1737/1737 1702/1702
f 1737/1737 1701/1701 1746/1746
f 1703/1703 1737/1737 1747/1747
f 1737/1737 1703/1703 1702/1702
f 1708/1708 1737/1737 1779/1779
f 1737/1737 1708/1708 1747/1747
f 1709/1709 1738/1738 1748/1748
f 1738/1738 1709/1709 1710/1710
f 1748/1748 1738/1738 1705/1705
f 1705/1705 1704/1704 1748/1748
f 1706/1706 1780/1780 1749/1749
f 1780/1780 1706/1706 1778/1778
f 1711/1711 1780/1780 1710/1710
f 1780/1780 1711/1711 1749/1749
f 1711/1711 1739/1739 1749/1749
f 1739/1739 1711/1711 1712/1712
f 1706/1706 1739/1739 1707/1707
f 1739/1739 1706/1706 1749/1749
f 1708/1708 1781/1781 1750/1750
f 1781/1781 1708/1708 1779/1779
f 1713/1713 1781/1781 1782/1782
f 1781/1781 1713/1713 1750/1750
f 1714/1714 1740/1740 1751/1751
f 1740/1740 1714/1714 1752/1752
f 1751/1751 1740/1740 1710/1710
f 1710/1710 1709/1709 1751/1751
f 1715/1715 1740/1740 1752/1752
f 1783/1783 1715/1715 1753/1753
f 1711/1711 1783/1783 1754/1754
f 1783/1783 1711/1711 1710/1710
f 1716/1716 1783/1783 1753/1753
f 1783/1783 1716/1716 1754/1754
f 1716/1716 1741/1741 1754/1754
f 1741/1741 1716/1716 1755/1755
f 1711/1711 1741/1741 1712/1712
f 1741/1741 1711/1711 1754/1754
f 1717/1717 1741/1741 1755/1755
f 1784/1784 1717/1717 1756/1756
f 1713/1713 1784/1784 1757/1757
f 1784/1784 1713/1713 1782/1782
f 1718/1718 1784/1784 1756/1756
f 1784/1784 1718/1718 1757/1757
f 1785/1785 1786/1786 1758/1758
f 1720/1720 1786/1786 1787/1787
f 1786/1786 1720/1720 1758/1758
f 1719/1719 1786/1786 1785/1785
f 1786/1786 1719/1719 1759/1759
f 1721/1721 1786/1786 1759/1759
f 1786/1786 1721/1721 1787/1787
f 1719/1719 1788/1788 1759/1759
f 1721/1721 1788/1788 1789/1789
f 1788/1788 1721/1721 1759/1759
f 1790/1790 1719/1719 1791/1791
f 1722/1722 1790/1790 1760/1760
f 1790/1790 1722/1722 1789/1789
f 1790/1790 1791/1791 1760/1760
f 1720/1720 1792/1792 1761/1761
f 1792/1792 1720/1720 1787/1787
f 1723/1723 1792/1792 1793/1793
f 1792/1792 1723/1723 1761/1761
f 1724/1724 1792/1792 1762/1762
f 1792/1792 1724/1724 1794/1794
f 1721/1721 1792/1792 1787/1787
f 1792/1792 1721/1721 1762/1762
f 1721/1721 1795/1795 1762/1762
f 1795/1795 1721/1721 1789/1789
f 1724/1724 1795/1795 1796/1796
f 1795/1795 1724/1724 1762/1762
f 1725/1725 1795/1795 1763/1763
f 1795/1795 1725/1725 1797/1797
f 1722/1722 1795/1795 1789/1789
f 1795/1795 1722/1722 1763/1763
f 1793/1793 1798/1798 1764/1764
f 1764/1764 1723/1723 1793/1793
f 1726/1726 1798/1798 1799/1799
f 1798/1798 1726/1726 1764/1764
f 1727/1727 1800/1800 1765/1765
f 1800/1800 1727/1727 1799/1799
f 1724/1724 1800/1800 1794/1794
f 1800/1800 1724/1724 1765/1765
f 1724/1724 1801/1801 1765/1765
f 1801/1801 1724/1724 1796/1796
f 1727/1727 1801/1801 1802/1802
f 1801/1801 1727/1727 1765/1765
f 1728/1728 1803/1803 1766/1766
f 1803/1803 1728/1728 1804/1804
f 1725/1725 1803/1803 1797/1797
f 1803/1803 1725/1725 1766/1766
f 1799/1799 1805/1805 1767/1767
f 1767/1767 1726/1726 1799/1799
f 1729/1729 1805/1805 1768/1768
f 1805/1805 1729/1729 1767/1767
f 1805/1805 1730/1730 1768/1768
f 1730/1730 1806/1806 1769/1769
f 1731/1731 1806/1806 1770/1770
f 1806/1806 1731/1731 1769/1769
f 1727/1727 1806/1806 1799/1799
f 1806/1806 1727/1727 1770/1770
f 1727/1727 1807/1807 1770/1770
f 1807/1807 1727/1727 1802/1802
f 1731/1731 1807/1807 1771/1771
f 1807/1807 1731/1731 1770/1770
f 1807/1807 1732/1732 1771/1771
f 1732/1732 1808/1808 1772/1772
f 1733/1733 1808/1808 1773/1773
f 1808/1808 1733/1733 1772/1772
f 1728/1728 1808/1808 1804/1804
f 1808/1808 1728/1728 1773/1773
f 1812/1812 1847/1847 1855/1855
f 1847/1847 1812/1812 1813/1813
f 1847/1847 1809/1809 1855/1855
f 1847/1847 1810/1810 1887/1887
f 1810/1810 1888/1888 1856/1856
f 1814/1814 1888/1888 1889/1889
f 1888/1888 1814/1814 1856/1856
f 1814/1814 1848/1848 1856/1856
f 1848/1848 1814/1814 1815/1815
f 1848/1848 1810/1810 1856/1856
f 1810/1810 1890/1890 1811/1811
f 1811/1811 1890/1890 1857/1857
f 1816/1816 1890/1890 1815/1815
f 1890/1890 1816/1816 1857/1857
f 1817/1817 1849/1849 1858/1858
f 1849/1849 1817/1817 1818/1818
f 1812/1812 1849/1849 1813/1813
f 1849/1849 1812/1812 1858/1858
f 1814/1814 1849/1849 1859/1859
f 1849/1849 1814/1814 1889/1889
f 1819/1819 1849/1849 1891/1891
f 1849/1849 1819/1819 1859/1859
f 1819/1819 1850/1850 1859/1859
f 1850/1850 1819/1819 1820/1820
f 1814/1814 1850/1850 1815/1815
f 1850/1850 1814/1814 1859/1859
f 1816/1816 1850/1850 1860/1860
f 1850/1850 1816/1816 1815/1815
f 1821/1821 1850/1850 1892/1892
f 1850/1850 1821/1821 1860/1860
f 1822/1822 1851/1851 1861/1861
f 1851/1851 1822/1822 1823/1823
f 1861/1861 1851/1851 1818/1818
f 1818/1818 1817/1817 1861/1861
f 1819/1819 1893/1893 1862/1862
f 1893/1893 1819/1819 1891/1891
f 1824/1824 1893/1893 1823/1823
f 1893/1893 1824/1824 1862/1862
f 1824/1824 1852/1852 1862/1862
f 1852/1852 1824/1824 1825/1825
f 1819/1819 1852/1852 1820/1820
f 1852/1852 1819/1819 1862/1862
f 1821/1821 1894/1894 1863/1863
f 1894/1894 1821/1821 1892/1892
f 1826/1826 1894/1894 1895/1895
f 1894/1894 1826/1826 1863/1863
f 1827/1827 1853/1853 1864/1864
f 1853/1853 1827/1827 1865/1865
f 1864/1864 1853/1853 1823/1823
f 1823/1823 1822/1822 1864/1864
f 1828/1828 1853/1853 1865/1865
f 1896/1896 1828/1828 1866/1866
f 1824/1824 1896/1896 1867/1867
f 1896/1896 1824/1824 1823/1823
f 1829/1829 1896/1896 1866/1866
f 1896/1896 1829/1829 1867/1867
f 1829/1829 1854/1854 1867/1867
f 1854/1854 1829/1829 1868/1868
f 1824/1824 1854/1854 1825/1825
f 1854/1854 1824/1824 1867/1867
f 1830/1830 1854/1854 1868/1868
f 1897/1897 1830/1830 1869/1869
f 1826/1826 1897/1897 1870/1870
f 1897/1897 1826/1826 1895/1895
f 1831/1831 1897/1897 1869/1869
f 1897/1897 1831/1831 1870/1870
f 1898/1898 1899/1899 1871/1871
f 1833/1833 1899/1899 1900/1900
f 1899/1899 1833/1833 1871/1871
f 1832/1832 1899/1899 1898/1898
f 1899/1899 1832/1832 1872/1872
f 1834/1834 1899/1899 1872/1872
f 1899/1899 1834/1834 1900/1900
f 1832/1832 1901/1901 1872/1872
f 1834/1834 1901/1901 1902/1902
f 1901/1901 1834/1834 1872/1872
f 1903/1903 1832/1832 1904/1904
f 1835/1835 1903/1903 1873/1873
f 1903/1903 1835/1835 1902/1902
f 1903/1903 1904/1904 1873/1873
f 1833/1833 1905/1905 1874/1874
f 1905/1905 1833/1833 1900/1900
f 1836/1836 1905/1905 1906/1906
f 1905/1905 1836/1836 1874/1874
f 1837/1837 1905/1905 1875/1875
f 1905/1905 1837/1837 1907/1907
f 1834/1834 1905/1905 1900/1900
f 1905/1905 1834/1834 1875/1875
f 1834/1834 1908/1908 1875/1875
f 1908/1908 1834/1834 1902/1902
f 1837/1837 1908/1908 1909/1909
f 1908/1908 1837/1837 1875/1875
f 1838/1838 1908/1908 1876/1876
f 1908/1908 1838/1838 1910/1910
f 1835/1835 1908/1908 1902/1902
f 1908/1908 1835/1835 1876/1876
f 1906/1906 1911/1911 1877/1877
f 1877/1877 1836/1836 1906/1906
f 1839/1839 1911/1911 1912/1912
f 1911/1911 1839/1839 1877/1877
f 1840/1840 1913/1913 1878/1878
f 1913/1913 1840/1840 1912/1912
f 1837/1837 1913/1913 1907/1907
f 1913/1913 1837/1837 1878/1878
f 1837/1837 1914/1914 1878/1878
f 1914/1914 1837/1837 1909/1909
f 1840/1840 1914/1914 1915/1915
f 1914/1914 1840/1840 1878/1878
f 1841/1841 1916/1916 1879/1879
f 1916/1916 1841/1841 1917/1917
f 1838/1838 1916/1916 1910/1910
f 1916/1916 1838/1838 1879/1879
f 1912/1912 1918/1918 1880/1880
f 1880/1880 1839/1839 1912/1912
f 1842/1842 1918/1918 1881/1881
f 1918/1918 1842/1842 1880/1880
f 1918/1918 1843/1843 1881/1881
f 1843/1843 1919/1919 1882/1882
f 1844/1844 1919/1919 1883/1883
f 1919/1919 1844/1844 1882/1882
f 1840/1840 1919/1919 1912/1912
f 1919/1919 1840/1840 1883/1883
f 1840/1840 1920/1920 1883/1883
f 1920/1920 1840/1840 1915/1915
f 1844/1844 1920/1920 1884/1884
f 1920/1920 1844/1844 1883/1883
f 1920/1920 1845/1845 1884/1884
f 1845/1845 1921/1921 1885/1885
f 1846/1846 1921/1921 1886/1886
f 1921/1921 1846/1846 1885/1885
f 1841/1841 1921/1921 1917/1917
f 1921/1921 1841/1841 1886/1886
f 1925/1925 1960/1960 1968/1968
f 1960/1960 1925/1925 1926/1926
f 1960/1960 1922/1922 1968/1968
f 1960/1960 1923/1923 2000/2000
f 1923/1923 2001/2001 1969/1969
f 1927/1927 2001/2001 2002/2002
f 2001/2001 1927/1927 1969/1969
f 1927/1927 1961/1961 1969/1969
f 1961/1961 1927/1927 1928/1928
f 1961/1961 1923/1923 1969/1969
f 1923/1923 2003/2003 1924/1924
f 1924/1924 2003/2003 1970/1970
f 1929/1929 2003/2003 1928/1928
f 2003/2003 1929/1929 1970/1970
f 1930/1930 1962/1962 1971/1971
f 1962/1962 1930/1930 1931/1931
f 1925/1925 1962/1962 1926/1926
f 1962/1962 1925/1925 1971/1971
f 1927/1927 1962/1962 1972/1972
f 1962/1962 1927/1927 2002/2002
f 1932/1932 1962/1962 2004/2004
f 1962/1962 1932/1932 1972/1972
f 1932/1932 1963/1963 1972/1972
f 1963/1963 1932/1932 1933/1933
f 1927/1927 1963/1963 1928/1928
f 1963/1963 1927/1927 1972/1972
f 1929/1929 1963/1963 1973/1973
f 1963/1963 1929/1929 1928/1928
f 1934/1934 1963/1963 2005/2005
f 1963/1963 1934/1934 1973/1973
f 1935/1935 1964/1964 1974/1974
f 1964/1964 1935/1935 1936/1936
f 1974/1974 1964/1964 1931/1931
f 1931/1931 1930/1930 1974/1974
f 1932/1932 2006/2006 1975/1975
f 2006/2006 1932/1932 2004/2004
f 1937/1937 2006/2006 1936/1936
f 2006/2006 1937/1937 1975/1975
f 1937/1937 1965/1965 1975/1975
f 1965/1965 1937/1937 1938/1938
f 1932/1932 1965/1965 1933/1933
f 1965/1965 1932/1932 1975/1975
f 1934/1934 2007/2007 1976/1976
f 2007/2007 1934/1934 2005/2005
f 1939/1939 2007/2007 2008/2008
f 2007/2007 1939/1939 1976/1976
f 1940/1940 1966/1966 1977/1977
f 1966/1966 1940/1940 1978/1978
f 1977/1977 1966/1966 1936/1936
f 1936/1936 1935/1935 1977/1977
f 1941/1941 1966/1966 1978/1978
f 2009/2009 1941/1941 1979/1979
f 1937/1937 2009/2009 1980/1980
f 2009/2009 1937/1937 1936/1936
f 1942/1942 2009/2009 1979/1979
f 2009/2009 1942/1942 1980/1980
f 1942/1942 1967/1967 1980/1980
f 1967/1967 1942/1942 1981/1981
f 1937/1937 1967/1967 1938/1938
f 1967/1967 1937/1937 1980/1980
f 1943/1943 1967/1967 1981/1981
f 2010/2010 1943/1943 1982/1982
f 1939/1939 2010/2010 1983/1983
f 2010/2010 1939/1939 2008/2008
f 1944/1944 2010/2010 1982/1982
f 2010/2010 1944/1944 1983/1983
f 2011/2011 2012/2012 1984/1984
f 1946/1946 2012/2012 2013/2013
f 2012/2012 1946/1946 1984/1984
f 1945/1945 2012/2012 2011/2011
f 2012/2012 1945/1945 1985/1985
f 1947/1947 2012/2012 1985/1985
f 2012/2012 1947/1947 2013/2013
f 1945/1945 2014/2014 1985/1985
f 1947/1947 2014/2014 2015/2015
f 2014/2014 1947/1947 1985/1985
f 2016/2016 1945/1945 2017/2017
f 1948/1948 2016/2016 1986/1986
f 2016/2016 1948/1948 2015/2015
f 2016/2016 2017/2017 1986/1986
f 1946/1946 2018/2018 1987/1987
f 2018/2018 1946/1946 2013/2013
f 1949/1949 2018/2018 2019/2019
f 2018/2018 1949/1949 1987/1987
f 1950/1950 2018/2018 1988/1988
f 2018/2018 1950/1950 2020/2020
f 1947/1947 2018/2018 2013/2013
f 2018/2018 1947/1947 1988/1988
f 1947/1947 2021/2021 1988/1988
f 2021/2021 1947/1947 2015/2015
f 1950/1950 2021/2021 2022/2022
f 2021/2021 1950/1950 1988/1988
f 1951/1951 2021/2021 1989/1989
f 2021/2021 1951/1951 2023/2023
f 1948/1948 2021/2021 2015/2015
f 2021/2021 1948/1948 1989/1989
f 2019/2019 2024/2024 1990/1990
f 1990/1990 1949/1949 2019/2019
f 1952/1952 2024/2024 2025/2025
f 2024/2024 1952/1952 1990/1990
f 1953/1953 2026/2026 1991/1991
f 2026/2026 1953/1953 2025/2025
f 1950/1950 2026/2026 2020/2020
f 2026/2026 1950/1950 1991/1991
f 1950/1950 2027/2027 1991/1991
f 2027/2027 1950/1950 2022/2022
f 1953/1953 2027/2027 2028/2028
f 2027/2027 1953/1953 1991/1991
f 1954/1954 2029/2029 1992/1992
f 2029/2029 1954/1954 2030/2030
f 1951/1951 2029/2029 2023/2023
f 2029/2029 1951/1951 1992/1992
f 2025/2025 2031/2031 1993/1993
f 1993/1993 1952/1952 2025/2025
f 1955/1955 2031/2031 1994/1994
f 2031/2031 1955/1955 1993/1993
f 2031/2031 1956/1956 1994/1994
f 1956/1956 2032/2032 1995/1995
f 1957/1957 2032/2032 1996/1996
f 2032/2032 1957/1957 1995/1995
f 1953/1953 2032/2032 2025/2025
f 2032/2032 1953/1953 1996/1996
f 1953/1953 2033/2033 1996/1996
f 2033/2033 1953/1953 2028/2028
f 1957/1957 2033/2033 1997/1997
f 2033/2033 1957/1957 1996/1996
f 2033/2033 1958/1958 1997/1997
f 1958/1958 2034/2034 1998/1998
f 1959/1959 2034/2034 1999/1999
f 2034/2034 1959/1959 1998/1998
f 1954/1954 2034/2034 2030/2030
f 2034/2034 1954/1954 1999/1999
f 2038/2038 2073/2073 2081/2081
f 2073/2073 2038/2038 2039/2039
f 2073/2073 2035/2035 2081/2081
f 2073/2073 2036/2036 2113/2113
f 2036/2036 2114/2114 2082/2082
f 2040/2040 2114/2114 2115/2115
f 2114/2114 2040/2040 2082/2082
f 2040/2040 2074/2074 2082/2082
f 2074/2074 2040/2040 2041/2041
f 2074/2074 2036/2036 2082/2082
f 2036/2036 2116/2116 2037/2037
f 2037/2037 2116/2116 2083/2083
f 2042/2042 2116/2116 2041/2041
f 2116/2116 2042/2042 2083/2083
f 2043/2043 2075/2075 2084/2084
f 2075/2075 2043/2043 2044/2044
f 2038/2038 2075/2075 2039/2039
f 2075/2075 2038/2038 2084/2084
f 2040/2040 2075/2075 2085/2085
f 2075/2075 2040/2040 2115/2115
f 2045/2045 2075/2075 2117/2117
f 2075/2075 2045/2045 2085/2085
f 2045/2045 2076/2076 2085/2085
f 2076/2076 2045/2045 2046/2046
f 2040/2040 2076/2076 2041/2041
f 2076/2076 2040/2040 2085/2085
f 2042/2042 2076/2076 2086/2086
f 2076/2076 2042/2042 2041/2041
f 2047/2047 2076/2076 2118/2118
f 2076/2076 2047/2047 2086/2086
f 2048/2048 2077/2077 2087/2087
f 2077/2077 2048/2048 2049/2049
f 2087/2087 2077/2077 2044/2044
f 2044/2044 2043/2043 2087/2087
f 2045/2045 2119/2119 2088/2088
f 2119/2119 2045/2045 2117/2117
f 2050/2050 2119/2119 2049/2049
f 2119/2119 2050/2050 2088/2088
f 2050/2050 2078/2078 2088/2088
f 2078/2078 2050/2050 2051/2051
f 2045/2045 2078/2078 2046/2046
f 2078/2078 2045/2045 2088/2088
f 2047/2047 2120/2120 2089/2089
f 2120/2120 2047/2047 2118/2118
f 2052/2052 2120/2120 2121/2121
f 2120/2120 2052/2052 2089/2089
f 2053/2053 2079/2079 2090/2090
f 2079/2079 2053/2053 2091/2091
f 2090/2090 2079/2079 2049/2049
f 2049/2049 2048/2048 2090/2090
f 2054/2054 2079/2079 2091/2091
f 2122/2122 2054/2054 2092/2092
f 2050/2050 2122/2122 2093/2093
f 2122/2122 2050/2050 2049/2049
f 2055/2055 2122/2122 2092/2092
f 2122/2122 2055/2055 2093/2093
f 2055/2055 2080/2080 2093/2093
f 2080/2080 2055/2055 2094/2094
f 2050/2050 2080/2080 2051/2051
f 2080/2080 2050/2050 2093/2093
f 2056/2056 2080/2080 2094/2094
f 2123/2123 2056/2056 2095/2095
f 2052/2052 2123/2123 2096/2096
f 2123/2123 2052/2052 2121/2121
f 2057/2057 2123/2123 2095/2095
f 2123/2123 2057/2057 2096/2096
f 2124/2124 2125/2125 2097/2097
f 2059/2059 2125/2125 2126/2126
f 2125/2125 2059/2059 2097/2097
f 2058/2058 2125/2125 2124/2124
f 2125/2125 2058/2058 2098/2098
f 2060/2060 2125/2125 2098/2098
f 2125/2125 2060/2060 2126/2126
f 2058/2058 2127/2127 2098/2098
f 2060/2060 2127/2127 2128/2128
f 2127/2127 2060/2060 2098/2098
f 2129/2129 2058/2058 2130/2130
f 2061/2061 2129/2129 2099/2099
f 2129/2129 2061/2061 2128/2128
f 2129/2129 2130/2130 2099/2099
f 2059/2059 2131/2131 2100/2100
f 2131/2131 2059/2059 2126/2126
f 2062/2062 2131/2131 2132/2132
f 2131/2131 2062/2062 2100/2100
f 2063/2063 2131/2131 2101/2101
f 2131/2131 2063/2063 2133/2133
f 2060/2060 2131/2131 2126/2126
f 2131/2131 2060/2060 2101/2101
f 2060/2060 2134/2134 2101/2101
f 2134/2134 2060/2060 2128/2128
f 2063/2063 2134/2134 2135/2135
f 2134/2134 2063/2063 2101/2101
f 2064/2064 2134/2134 2102/2102
f 2134/2134 2064/2064 2136/2136
f 2061/2061 2134/2134 2128/2128
f 2134/2134 2061/2061 2102/2102
f 2132/2132 2137/2137 2103/2103
f 2103/2103 2062/2062 2132/2132
f 2065/2065 2137/2137 2138/2138
f 2137/2137 2065/2065 2103/2103
f 2066/2066 2139/2139 2104/2104
f 2139/2139 2066/2066 2138/2138
f 2063/2063 2139/2139 2133/2133
f 2139/2139 2063/2063 2104/2104
f 2063/2063 2140/2140 2104/2104
f 2140/2140 2063/2063 2135/2135
f 2066/2066 2140/2140 2141/2141
f 2140/2140 2066/2066 2104/2104
f 2067/2067 2142/2142 2105/2105
f 2142/2142 2067/2067 2143/2143
f 2064/2064 2142/2142 2136/2136
f 2142/2142 2064/2064 2105/2105
f 2138/2138 2144/2144 2106/2106
f 2106/2106 2065/2065 2138/2138
f 2068/2068 2144/2144 2107/2107
f 2144/2144 2068/2068 2106/2106
f 2144/2144 2069/2069 2107/2107
f 2069/2069 2145/2145 2108/2108
f 2070/2070 2145/2145 2109/2109
f 2145/2145 2070/2070 2108/2108
f 2066/2066 2145/2145 2138/2138
f 2145/2145 2066/2066 2109/2109
f 2066/2066 2146/2146 2109/2109
f 2146/2146 2066/2066 2141/2141
f 2070/2070 2146/2146 2110/2110
f 2146/2146 2070/2070 2109/2109
f 2146/2146 2071/2071 2110/2110
f 2071/2071 2147/2147 2111/2111
f 2072/2072 2147/2147 2112/2112
f 2147/2147 2072/2072 2111/2111
f 2067/2067 2147/2147 2143/2143
f 2147/2147 2067/2067 2112/2112
f 2151/2151 2186/2186 2194/2194
f 2186/2186 2151/2151 2152/2152
f 2186/2186 2148/2148 2194/2194
f 2186/2186 2149/2149 2226/2226
f 2149/2149 2227/2227 2195/2195
f 2153/2153 2227/2227 2228/2228
f 2227/2227 2153/2153 2195/2195
f 2153/2153 2187/2187 2195/2195
f 2187/2187 2153/2153 2154/2154
f 2187/2187 2149/2149 2195/2195
f 2149/2149 2229/2229 2150/2150
f 2150/2150 2229/2229 2196/2196
f 2155/2155 2229/2229 2154/2154
f 2229/2229 2155/2155 2196/2196
f 2156/2156 2188/2188 2197/2197
f 2188/2188 2156/2156 2157/2157
f 2151/2151 2188/2188 2152/2152
f 2188/2188 2151/2151 2197/2197
f 2153/2153 2188/2188 2198/2198
f 2188/2188 2153/2153 2228/2228
f 2158/2158 2188/2188 2230/2230
f 2188/2188 2158/2158 2198/2198
f 2158/2158 2189/2189 2198/2198
f 2189/2189 2158/2158 2159/2159
f 2153/2153 2189/2189 2154/2154
f 2189/2189 2153/2153 2198/2198
f 2155/2155 2189/2189 2199/2199
f 2189/2189 2155/2155 2154/2154
f 2160/2160 2189/2189 2231/2231
f 2189/2189 2160/2160 2199/2199
f 2161/2161 2190/2190 2200/2200
f 2190/2190 2161/2161 2162/2162
f 2200/2200 2190/2190 2157/2157
f 2157/2157 2156/2156 2200/2200
f 2158/2158 2232/2232 2201/2201
f 2232/2232 2158/2158 2230/2230
f 2163/2163 2232/2232 2162/2162
f 2232/2232 2163/2163 2201/2201
f 2163/2163 2191/2191 2201/2201
f 2191/2191 2163/2163 2164/2164
f 2158/2158 2191/2191 2159/2159
f 2191/2191 2158/2158 2201/2201
f 2160/2160 2233/2233 2202/2202
f 2233/2233 2160/2160 2231/2231
f 2165/2165 2233/2233 2234/2234
f 2233/2233 2165/2165 2202/2202
f 2166/2166 2192/2192 2203/2203
f 2192/2192 2166/2166 2204/2204
f 2203/2203 2192/2192 2162/2162
f 2162/2162 2161/2161 2203/2203
f 2167/2167 2192/2192 2204/2204
f 2235/2235 2167/2167 2205/2205
f 2163/2163 2235/2235 2206/2206
f 2235/2235 2163/2163 2162/2162
f 2168/2168 2235/2235 2205/2205
f 2235/2235 2168/2168 2206/2206
f 2168/2168 2193/2193 2206/2206
f 2193/2193 2168/2168 2207/2207
f 2163/2163 2193/2193 2164/2164
f 2193/2193 2163/2163 2206/2206
f 2169/2169 2193/2193 2207/2207
f 2236/2236 2169/2169 2208/2208
f 2165/2165 2236/2236 2209/2209
f 2236/2236 2165/2165 2234/2234
f 2170/2170 2236/2236 2208/2208
f 2236/2236 2170/2170 2209/2209
f 2237/2237 2238/2238 2210/2210
f 2172/2172 2238/2238 2239/2239
f 2238/2238 2172/2172 2210/2210
f 2171/2171 2238/2238 2237/2237
f 2238/2238 2171/2171 2211/2211
f 2173/2173 2238/2238 2211/2211
f 2238/2238 2173/2173 2239/2239
f 2171/2171 2240/2240 2211/2211
f 2173/2173 2240/2240 2241/2241
f 2240/2240 2173/2173 2211/2211
f 2242/2242 2171/2171 2243/2243
f 2174/2174 2242/2242 2212/2212
f 2242/2242 2174/2174 2241/2241
f 2242/2242 2243/2243 2212/2212
f 2172/2172 2244/2244 2213/2213
f 2244/2244 2172/2172 2239/2239
f 2175/2175 2244/2244 2245/2245
f 2244/2244 2175/2175 2213/2213
f 2176/2176 2244/2244 2214/2214
f 2244/2244 2176/2176 2246/2246
f 2173/2173 2244/2244 2239/2239
f 2244/2244 2173/2173 2214/2214
f 2173/2173 2247/2247 2214/2214
f 2247/2247 2173/2173 2241/2241
f 2176/2176 2247/2247 2248/2248
f 2247/2247 2176/2176 2214/2214
f 2177/2177 2247/2247 2215/2215
f 2247/2247 2177/2177 2249/2249
f 2174/2174 2247/2247 2241/2241
f 2247/2247 2174/2174 2215/2215
f 2245/2245 2250/2250 2216/2216
f 2216/2216 2175/2175 2245/2245
f 2178/2178 2250/2250 2251/2251
f 2250/2250 2178/2178 2216/2216
f 2179/2179 2252/2252 2217/2217
f 2252/2252 2179/2179 2251/2251
f 2176/2176 2252/2252 2246/2246
f 2252/2252 2176/2176 2217/2217
f 2176/2176 2253/2253 2217/2217
f 2253/2253 2176/2176 2248/2248
f 2179/2179 2253/2253 2254/2254
f 2253/2253 2179/2179 2217/2217
f 2180/2180 2255/2255 2218/2218
f 2255/2255 2180/2180 2256/2256
f 2177/2177 2255/2255 2249/2249
f 2255/2255 2177/2177 2218/2218
f 2251/2251 2257/2257 2219/2219
f 2219/2219 2178/2178 2251/2251
f 2181/2181 2257/2257 2220/2220
f 2257/2257 2181/2181 2219/2219
f 2257/2257 2182/2182 2220/2220
f 2182/2182 2258/2258 2221/2221
f 2183/2183 2258/2258 2222/2222
f 2258/2258 2183/2183 2221/2221
f 2179/2179 2258/2258 2251/2251
f 2258/2258 2179/2179 2222/2222
f 2179/2179 2259/2259 2222/2222
f 2259/2259 2179/2179 2254/2254
f 2183/2183 2259/2259 2223/2223
f 2259/2259 2183/2183 2222/2222
f 2259/2259 2184/2184 2223/2223
f 2184/2184 2260/2260 2224/2224
f 2185/2185 2260/2260 2225/2225
f 2260/2260 2185/2185 2224/2224
f 2180/2180 2260/2260 2256/2256
f 2260/2260 2180/2180 2225/2225
f 2264/2264 2299/2299 2307/2307
f 2299/2299 2264/2264 2265/2265
f 2299/2299 2261/2261 2307/2307
f 2299/2299 2262/2262 2339/2339
f 2262/2262 2340/2340 2308/2308
f 2266/2266 2340/2340 2341/2341
f 2340/2340 2266/2266 2308/2308
f 2266/2266 2300/2300 2308/2308
f 2300/2300 2266/2266 2267/2267
f 2300/2300 2262/2262 2308/2308
f 2262/2262 2342/2342 2263/2263
f 2263/2263 2342/2342 2309/2309
f 2268/2268 2342/2342 2267/2267
f 2342/2342 2268/2268 2309/2309
f 2269/2269 2301/2301 2310/2310
f 2301/2301 2269/2269 2270/2270
f 2264/2264 2301/2301 2265/2265
f 2301/2301 2264/2264 2310/2310
f 2266/2266 2301/2301 2311/2311
f 2301/2301 2266/2266 2341/2341
f 2271/2271 2301/2301 2343/2343
f 2301/2301 2271/2271 2311/2311
f 2271/2271 2302/2302 2311/2311
f 2302/2302 2271/2271 2272/2272
f 2266/2266 2302/2302 2267/2267
f 2302/2302 2266/2266 2311/2311
f 2268/2268 2302/2302 2312/2312
f 2302/2302 2268/2268 2267/2267
f 2273/2273 2302/2302 2344/2344
f 2302/2302 2273/2273 2312/2312
f 2274/2274 2303/2303 2313/2313
f 2303/2303 2274/2274 2275/2275
f 2313/2313 2303/2303 2270/2270
f 2270/2270 2269/2269 2313/2313
f 2271/2271 2345/2345 2314/2314
f 2345/2345 2271/2271 2343/2343
f 2276/2276 2345/2345 2275/2275
f 2345/2345 2276/2276 2314/2314
f 2276/2276 2304/2304 2314/2314
f 2304/2304 2276/2276 2277/2277
f 2271/2271 2304/2304 2272/2272
f 2304/2304 2271/2271 2314/2314
f 2273/2273 2346/2346 2315/2315
f 2346/2346 2273/2273 2344/2344
f 2278/2278 2346/2346 2347/2347
f 2346/2346 2278/2278 2315/2315
f 2279/2279 2305/2305 2316/2316
f 2305/2305 2279/2279 2317/2317
f 2316/2316 2305/2305 2275/2275
f 2275/2275 2274/2274 2316/2316
f 2280/2280 2305/2305 2317/2317
f 2348/2348 2280/2280 2318/2318
f 2276/2276 2348/2348 2319/2319
f 2348/2348 2276/2276 2275/2275
f 2281/2281 2348/2348 2318/2318
f 2348/2348 2281/2281 2319/2319
f 2281/2281 2306/2306 2319/2319
f 2306/2306 2281/2281 2320/2320
f 2276/2276 2306/2306 2277/2277
f 2306/2306 2276/2276 2319/2319
f 2282/2282 2306/2306 2320/2320
f 2349/2349 2282/2282 2321/2321
f 2278/2278 2349/2349 2322/2322
f 2349/2349 2278/2278 2347/2347
f 2283/2283 2349/2349 2321/2321
f 2349/2349 2283/2283 2322/2322
f 2350/2350 2351/2351 2323/2323
f 2285/2285 2351/2351 2352/2352
f 2351/2351 2285/2285 2323/2323
f 2284/2284 2351/2351 2350/2350
f 2351/2351 2284/2284 2324/2324
f 2286/2286 2351/2351 2324/2324
f 2351/2351 2286/2286 2352/2352
f 2284/2284 2353/2353 2324/2324
f 2286/2286 2353/2353 2354/2354
f 2353/2353 2286/2286 2324/2324
f 2355/2355 2284/2284 2356/2356
f 2287/2287 2355/2355 2325/2325
f 2355/2355 2287/2287 2354/2354
f 2355/2355 2356/2356 2325/2325
f 2285/2285 2357/2357 2326/2326
f 2357/2357 2285/2285 2352/2352
f 2288/2288 2357/2357 2358/2358
f 2357/2357 2288/2288 2326/2326
f 2289/2289 2357/2357 2327/2327
f 2357/2357 2289/2289 2359/2359
f 2286/2286 2357/2357 2352/2352
f 2357/2357 2286/2286 2327/2327
f 2286/2286 2360/2360 2327/2327
f 2360/2360 2286/2286 2354/2354
f 2289/2289 2360/2360 2361/2361
f 2360/2360 2289/2289 2327/2327
f 2290/2290 2360/2360 2328/2328
f 2360/2360 2290/2290 2362/2362
f 2287/2287 2360/2360 2354/2354
f 2360/2360 2287/2287 2328/2328
f 2358/2358 2363/2363 2329/2329
f 2329/2329 2288/2288 2358/2358
f 2291/2291 2363/2363 2364/2364
f 2363/2363 2291/2291 2329/2329
f 2292/2292 2365/2365 2330/2330
f 2365/2365 2292/2292 2364/2364
f 2289/2289 2365/2365 2359/2359
f 2365/2365 2289/2289 2330/2330
f 2289/2289 2366/2366 2330/2330
f 2366/2366 2289/2289 2361/2361
f 2292/2292 2366/2366 2367/2367
f 2366/2366 2292/2292 2330/2330
f 2293/2293 2368/2368 2331/2331
f 2368/2368 2293/2293 2369/2369
f 2290/2290 2368/2368 2362/2362
f 2368/2368 2290/2290 2331/2331
f 2364/2364 2370/2370 2332/2332
f 2332/2332 2291/2291 2364/2364
f 2294/2294 2370/2370 2333/2333
f 2370/2370 2294/2294 2332/2332
f 2370/2370 2295/2295 2333/2333
f 2295/2295 2371/2371 2334/2334
f 2296/2296 2371/2371 2335/2335
f 2371/2371 2296/2296 2334/2334
f 2292/2292 2371/2371 2364/2364
f 2371/2371 2292/2292 2335/2335
f 2292/2292 2372/2372 2335/2335
f 2372/2372 2292/2292 2367/2367
f 2296/2296 2372/2372 2336/2336
f 2372/2372 2296/2296 2335/2335
f 2372/2372 2297/2297 2336/2336
f 2297/2297 2373/2373 2337/2337
f 2298/2298 2373/2373 2338/2338
f 2373/2373 2298/2298 2337/2337
f 2293/2293 2373/2373 2369/2369
f 2373/2373 2293/2293 2338/2338
f 2377/2377 2412/2412 2420/2420
f 2412/2412 2377/2377 2378/2378
f 2412/2412 2374/2374 2420/2420
f 2412/2412 2375/2375 2452/2452
f 2375/2375 2453/2453 2421/2421
f 2379/2379 2453/2453 2454/2454
f 2453/2453 2379/2379 2421/2421
f 2379/2379 2413/2413 2421/2421
f 2413/2413 2379/2379 2380/2380
f 2413/2413 2375/2375 2421/2421
f 2375/2375 2455/2455 2376/2376
f 2376/2376 2455/2455 2422/2422
f 2381/2381 2455/2455 2380/2380
f 2455/2455 2381/2381 2422/2422
f 2382/2382 2414/2414 2423/2423
f 2414/2414 2382/2382 2383/2383
f 2377/2377 2414/2414 2378/2378
f 2414/2414 2377/2377 2423/2423
f 2379/2379 2414/2414 2424/2424
f 2414/2414 2379/2379 2454/2454
f 2384/2384 2414/2414 2456/2456
f 2414/2414 2384/2384 2424/2424
f 2384/2384 2415/2415 2424/2424
f 2415/2415 2384/2384 2385/2385
f 2379/2379 2415/2415 2380/2380
f 2415/2415 2379/2379 2424/2424
f 2381/2381 2415/2415 2425/2425
f 2415/2415 2381/2381 2380/2380
f 2386/2386 2415/2415 2457/2457
f 2415/2415 2386/2386 2425/2425
f 2387/2387 2416/2416 2426/2426
f 2416/2416 2387/2387 2388/2388
f 2426/2426 2416/2416 2383/2383
f 2383/2383 2382/2382 2426/2426
f 2384/2384 2458/2458 2427/2427
f 2458/2458 2384/2384 2456/2456
f 2389/2389 2458/2458 2388/2388
f 2458/2458 2389/2389 2427/2427
f 2389/2389 2417/2417 2427/2427
f 2417/2417 2389/2389 2390/2390
f 2384/2384 2417/2417 2385/2385
f 2417/2417 2384/2384 2427/2427
f 2386/2386 2459/2459 2428/2428
f 2459/2459 2386/2386 2457/2457
f 2391/2391 2459/2459 2460/2460
f 2459/2459 2391/2391 2428/2428
f 2392/2392 2418/2418 2429/2429
f 2418/2418 2392/2392 2430/2430
f 2429/2429 2418/2418 2388/2388
f 2388/2388 2387/2387 2429/2429
f 2393/2393 2418/2418 2430/2430
f 2461/2461 2393/2393 2431/2431
f 2389/2389 2461/2461 2432/2432
f 2461/2461 2389/2389 2388/2388
f 2394/2394 2461/2461 2431/2431
f 2461/2461 2394/2394 2432/2432
f 2394/2394 2419/2419 2432/2432
f 2419/2419 2394/2394 2433/2433
f 2389/2389 2419/2419 2390/2390
f 2419/2419 2389/2389 2432/2432
f 2395/2395 2419/2419 2433/2433
f 2462/2462 2395/2395 2434/2434
f 2391/2391 2462/2462 2435/2435
f 2462/2462 2391/2391 2460/2460
f 2396/2396 2462/2462 2434/2434
f 2462/2462 2396/2396 2435/2435
f 2463/2463 2464/2464 2436/2436
f 2398/2398 2464/2464 2465/2465
f 2464/2464 2398/2398 2436/2436
f 2397/2397 2464/2464 2463/2463
f 2464/2464 2397/2397 2437/2437
f 2399/2399 2464/2464 2437/2437
f 2464/2464 2399/2399 2465/2465
f 2397/2397 2466/2466 2437/2437
f 2399/2399 2466/2466 2467/2467
f 2466/2466 2399/2399 2437/2437
f 2468/2468 2397/2397 2469/2469
f 2400/2400 2468/2468 2438/2438
f 2468/2468 2400/2400 2467/2467
f 2468/2468 2469/2469 2438/2438
f 2398/2398 2470/2470 2439/2439
f 2470/2470 2398/2398 2465/2465
f 2401/2401 2470/2470 2471/2471
f 2470/2470 2401/2401 2439/2439
f 2402/2402 2470/2470 2440/2440
f 2470/2470 2402/2402 2472/2472
f 2399/2399 2470/2470 2465/2465
f 2470/2470 2399/2399 2440/2440
f 2399/2399 2473/2473 2440/2440
f 2473/2473 2399/2399 2467/2467
f 2402/2402 2473/2473 2474/2474
f 2473/2473 2402/2402 2440/2440
f 2403/2403 2473/2473 2441/2441
f 2473/2473 2403/2403 2475/2475
f 2400/2400 2473/2473 2467/2467
f 2473/2473 2400/2400 2441/2441
f 2471/2471 2476/2476 2442/2442
f 2442/2442 2401/2401 2471/2471
f 2404/2404 2476/2476 2477/2477
f 2476/2476 2404/2404 2442/2442
f 2405/2405 2478/2478 2443/2443
f 2478/2478 2405/2405 2477/2477
f 2402/2402 2478/2478 2472/2472
f 2478/2478 2402/2402 2443/2443
f 2402/2402 2479/2479 2443/2443
f 2479/2479 2402/2402 2474/2474
f 2405/2405 2479/2479 2480/2480
f 2479/2479 2405/2405 2443/2443
f 2406/2406 2481/2481 2444/2444
f 2481/2481 2406/2406 2482/2482
f 2403/2403 2481/2481 2475/2475
f 2481/2481 2403/2403 2444/2444
f 2477/2477 2483/2483 2445/2445
f 2445/2445 2404/2404 2477/2477
f 2407/2407 2483/2483 2446/2446
f 2483/2483 2407/2407 2445/2445
f 2483/2483 2408/2408 2446/2446
f 2408/2408 2484/2484 2447/2447
f 2409/2409 2484/2484 2448/2448
f 2484/2484 2409/2409 2447/2447
f 2405/2405 2484/2484 2477/2477
f 2484/2484 2405/2405 2448/2448
f 2405/2405 2485/2485 2448/2448
f 2485/2485 2405/2405 2480/2480
f 2409/2409 2485/2485 2449/2449
f 2485/2485 2409/2409 2448/2448
f 2485/2485 2410/2410 2449/2449
f 2410/2410 2486/2486 2450/2450
f 2411/2411 2486/2486 2451/2451
f 2486/2486 2411/2411 2450/2450
f 2406/2406 2486/2486 2482/2482
f 2486/2486 2406/2406 2451/2451
f 2490/2490 2525/2525 2533/2533
f 2525/2525 2490/2490 2491/2491
f 2525/2525 2487/2487 2533/2533
f 2525/2525 2488/2488 2565/2565
f 2488/2488 2566/2566 2534/2534
f 2492/2492 2566/2566 2567/2567
f 2566/2566 2492/2492 2534/2534
f 2492/2492 2526/2526 2534/2534
f 2526/2526 2492/2492 2493/2493
f 2526/2526 2488/2488 2534/2534
f 2488/2488 2568/2568 2489/2489
f 2489/2489 2568/2568 2535/2535
f 2494/2494 2568/2568 2493/2493
f 2568/2568 2494/2494 2535/2535
f 2495/2495 2527/2527 2536/2536
f 2527/2527 2495/2495 2496/2496
f 2490/2490 2527/2527 2491/2491
f 2527/2527 2490/2490 2536/2536
f 2492/2492 2527/2527 2537/2537
f 2527/2527 2492/2492 2567/2567
f 2497/2497 2527/2527 2569/2569
f 2527/2527 2497/2497 2537/2537
f 2497/2497 2528/2528 2537/2537
f 2528/2528 2497/2497 2498/2498
f 2492/2492 2528/2528 2493/2493
f 2528/2528 2492/2492 2537/2537
f 2494/2494 2528/2528 2538/2538
f 2528/2528 2494/2494 2493/2493
f 2499/2499 2528/2528 2570/2570
f 2528/2528 2499/2499 2538/2538
f 2500/2500 2529/2529 2539/2539
f 2529/2529 2500/2500 2501/2501
f 2539/2539 2529/2529 2496/2496
f 2496/2496 2495/2495 2539/2539
f 2497/2497 2571/2571 2540/2540
f 2571/2571 2497/2497 2569/2569
f 2502/2502 2571/2571 2501/2501
f 2571/2571 2502/2502 2540/2540
f 2502/2502 2530/2530 2540/2540
f 2530/2530 2502/2502 2503/2503
f 2497/2497 2530/2530 2498/2498
f 2530/2530 2497/2497 2540/2540
f 2499/2499 2572/2572 2541/2541
f 2572/2572 2499/2499 2570/2570
f 2504/2504 2572/2572 2573/2573
f 2572/2572 2504/2504 2541/2541
f 2505/2505 2531/2531 2542/2542
f 2531/2531 2505/2505 2543/2543
f 2542/2542 2531/2531 2501/2501
f 2501/2501 2500/2500 2542/2542
f 2506/2506 2531/2531 2543/2543
f 2574/2574 2506/2506 2544/2544
f 2502/2502 2574/2574 2545/2545
f 2574/2574 2502/2502 2501/2501
f 2507/2507 2574/2574 2544/2544
f 2574/2574 2507/2507 2545/2545
f 2507/2507 2532/2532 2545/2545
f 2532/2532 2507/2507 2546/2546
f 2502/2502 2532/2532 2503/2503
f 2532/2532 2502/2502 2545/2545
f 2508/2508 2532/2532 2546/2546
f 2575/2575 2508/2508 2547/2547
f 2504/2504 2575/2575 2548/2548
f 2575/2575 2504/2504 2573/2573
f 2509/2509 2575/2575 2547/2547
f 2575/2575 2509/2509 2548/2548
f 2576/2576 2577/2577 2549/2549
f 2511/2511 2577/2577 2578/2578
f 2577/2577 2511/2511 2549/2549
f 2510/2510 2577/2577 2576/2576
f 2577/2577 2510/2510 2550/2550
f 2512/2512 2577/2577 2550/2550
f 2577/2577 2512/2512 2578/2578
f 2510/2510 2579/2579 2550/2550
f 2512/2512 2579/2579 2580/2580
f 2579/2579 2512/2512 2550/2550
f 2581/2581 2510/2510 2582/2582
f 2513/2513 2581/2581 2551/2551
f 2581/2581 2513/2513 2580/2580
f 2581/2581 2582/2582 2551/2551
f 2511/2511 2583/2583 2552/2552
f 2583/2583 2511/2511 2578/2578
f 2514/2514 2583/2583 2584/2584
f 2583/2583 2514/2514 2552/2552
f 2515/2515 2583/2583 2553/2553
f 2583/2583 2515/2515 2585/2585
f 2512/2512 2583/2583 2578/2578
f 2583/2583 2512/2512 2553/2553
f 2512/2512 2586/2586 2553/2553
f 2586/2586 2512/2512 2580/2580
f 2515/2515 2586/2586 2587/2587
f 2586/2586 2515/2515 2553/2553
f 2516/2516 2586/2586 2554/2554
f 2586/2586 2516/2516 2588/2588
f 2513/2513 2586/2586 2580/2580
f 2586/2586 2513/2513 2554/2554
f 2584/2584 2589/2589 2555/2555
f 2555/2555 2514/2514 2584/2584
f 2517/2517 2589/2589 2590/2590
f 2589/2589 2517/2517 2555/2555
f 2518/2518 2591/2591 2556/2556
f 2591/2591 2518/2518 2590/2590
f 2515/2515 2591/2591 2585/2585
f 2591/2591 2515/2515 2556/2556
f 2515/2515 2592/2592 2556/2556
f 2592/2592 2515/2515 2587/2587
f 2518/2518 2592/2592 2593/2593
f 2592/2592 2518/2518 2556/2556
f 2519/2519 2594/2594 2557/2557
f 2594/2594 2519/2519 2595/2595
f 2516/2516 2594/2594 2588/2588
f 2594/2594 2516/2516 2557/2557
f 2590/2590 2596/2596 2558/2558
f 2558/2558 2517/2517 2590/2590
f 2520/2520 2596/2596 2559/2559
f 2596/2596 2520/2520 2558/2558
f 2596/2596 2521/2521 2559/2559
f 2521/2521 2597/2597 2560/2560
f 2522/2522 2597/2597 2561/2561
f 2597/2597 2522/2522 2560/2560
f 2518/2518 2597/2597 2590/2590
f 2597/2597 2518/2518 2561/2561
f 2518/2518 2598/2598 2561/2561
f 2598/2598 2518/2518 2593/2593
f 2522/2522 2598/2598 2562/2562
f 2598/2598 2522/2522 2561/2561
f 2598/2598 2523/2523 2562/2562
f 2523/2523 2599/2599 2563/2563
f 2524/2524 2599/2599 2564/2564
f 2599/2599 2524/2524 2563/2563
f 2519/2519 2599/2599 2595/2595
f 2599/2599 2519/2519 2564/2564
f 2602/2602 2603/2603 2600/2600
f 2601/2601 2600/2600 2603/2603
f 2606/2606 2607/2607 2604/2604
f 2605/2605 2604/2604 2607/2607
f 2610/2610 2611/2611 2608/2608
f 2609/2609 2608/2608 2611/2611
f 2614/2614 2615/2615 2612/2612
f 2613/2613 2612/2612 2615/2615
f 2618/2618 2619/2619 2616/2616
f 2617/2617 2616/2616 2619/2619
f 2622/2622 2623/2623 2620/2620
f 2621/2621 2620/2620 2623/2623
f 2626/2626 2627/2627 2624/2624
f 2625/2625 2624/2624 2627/2627
f 2630/2630 2631/2631 2628/2628
f 2629/2629 2628/2628 2631/2631
f 2634/2634 2635/2635 2632/2632
f 2633/2633 2632/2632 2635/2635
f 2638/2638 2639/2639 2636/2636
f 2637/2637 2636/2636 2639/2639
f 2642/2642 2643/2643 2640/2640
f 2641/2641 2640/2640 2643/2643
f 2646/2646 2647/2647 2644/2644
f 2645/2645 2644/2644 2647/2647
f 2650/2650 2651/2651 2648/2648
f 2649/2649 2648/2648 2651/2651
f 2654/2654 2655/2655 2652/2652
f 2653/2653 2652/2652 2655/2655
f 2658/2658 2659/2659 2656/2656
f 2657/2657 2656/2656 2659/2659
f 2662/2662 2663/2663 2660/2660
f 2661/2661 2660/2660 2663/2663
f 2666/2666 2667/2667 2664/2664
f 2665/2665 2664/2664 2667/2667
f 2670/2670 2671/2671 2668/2668
f 2669/2669 2668/2668 2671/2671
f 2674/2674 2675/2675 2672/2672
f 2673/2673 2672/2672 2675/2675
f 2678/2678 2679/2679 2676/2676
f 2677/2677 2676/2676 2679/2679
f 2682/2682 2683/2683 2680/2680
f 2681/2681 2680/2680 2683/2683
f 2686/2686 2687/2687 2684/2684
f 2685/2685 2684/2684 2687/2687
f 2690/2690 2691/2691 2688/2688
f 2689/2689 2688/2688 2691/2691
f 2694/2694 2695/2695 2692/2692
f 2693/2693 2692/2692 2695/2695
f 2698/2698 2699/2699 2696/2696
f 2697/2697 2696/2696 2699/2699
f 2702/2702 2703/2703 2700/2700
f 2701/2701 2700/2700 2703/2703
f 2706/2706 2707/2707 2704/2704
f 2705/2705 2704/2704 2707/2707
f 2710/2710 2711/2711 2708/2708
f 2709/2709 2708/2708 2711/2711
f 2714/2714 2715/2715 2712/2712
f 2713/2713 2712/2712 2715/2715
f 2718/2718 2719/2719 2716/2716
f 2717/2717 2716/2716 2719/2719
