# MOD converted: pet_cheetos.mod
# 1217 verts, 1524 faces

v 64.006187 3.432622 -6.763425
v 71.791954 3.509610 -6.050162
v 70.669632 6.336259 -6.895368
v 67.380013 4.888223 -4.088500
v 74.773605 -3.083818 -2.458304
v 69.007088 10.062506 -7.123816
v 72.430611 -1.851465 -6.238425
v 73.301430 0.692464 -3.439161
v 55.757271 -9.819388 -3.919482
v 57.478672 -10.222956 -5.118103
v 53.089870 -19.632811 -6.008031
v 60.924210 -13.377454 -3.738290
v 72.197876 -22.453102 -5.830386
v 68.123749 -22.582714 -2.350903
v 59.177792 1.962039 -5.351767
v 54.830006 -29.813019 -9.584113
v 57.172462 -21.516640 -8.439913
v 54.117771 -25.526970 -10.179274
v 55.242867 -26.103262 -5.400549
v 64.864059 -4.777577 -6.225371
v 65.743248 -4.108202 -5.614578
v 63.970638 -4.387771 -1.764739
v 70.141769 -7.341750 -3.705806
v 50.524223 -18.582262 -4.710375
v 60.741821 -3.980388 -4.360457
v 49.356655 -23.420280 -4.641951
v 53.878490 -28.306129 -4.162585
v 61.084167 4.829309 -7.804762
v 70.343796 3.068392 -7.170044
v 59.877934 -12.769629 -2.855868
v 72.202507 8.461937 -7.206346
v 66.760818 -2.661031 -3.118624
v 59.118011 -2.229356 -5.974061
v 61.028854 -1.464612 -1.947382
v 58.692551 -0.949097 -8.983315
v 65.080467 1.600542 -7.491788
v 61.554081 0.791095 -8.789856
v 67.349297 4.874762 -10.217345
v 65.026649 6.050806 -11.664083
v 69.626762 5.847830 -10.590409
v 69.741982 3.210351 -10.776643
v 67.409157 4.338536 -6.154755
v 60.987225 2.575269 -8.629185
v 62.159691 3.043527 -8.681384
v 69.523811 0.753360 -4.975435
v 59.517845 0.886607 -9.157646
v 61.082630 4.332304 -11.346595
v 67.625626 7.780168 -10.285941
v 57.274658 -26.621372 -4.980819
v 57.190514 -28.972227 -5.785215
v 69.237831 -5.765487 -4.175266
v 66.263199 -3.691885 -7.928680
v 58.108562 -22.023640 -4.495524
v 57.735249 -28.012566 -7.660757
v 57.333378 -24.917854 -4.277416
v 54.363777 -26.020294 -9.581697
v 70.417702 2.715291 -9.138377
v 73.448669 2.510373 -9.798954
v 71.767761 3.695191 -9.961534
v 73.705978 5.028654 -10.497988
v 73.777870 4.813413 -8.132700
v 73.719078 3.113715 -8.117799
v 71.631760 2.178057 -1.379321
v 72.094177 12.917072 0.016580
v 70.795784 12.824921 -4.477551
v 68.206970 -32.851330 -5.115905
v 71.200981 -30.709049 -6.498362
v 56.410168 -33.373337 -5.841616
v 62.338749 -9.157576 -14.174202
v 57.783909 -24.518452 -12.553364
v 56.254486 -28.952240 -10.528085
v 63.250877 -29.163490 -12.815986
v 63.443214 -25.067005 -5.255835
v 61.142075 -31.984001 -12.890958
v 53.993195 -23.728451 -11.406915
v 52.876968 -28.280115 -7.012170
v 66.603760 -29.420589 -9.273612
v 51.359539 -26.919544 -6.298380
v 53.373436 -32.703526 -7.943685
v 65.281380 -17.822403 -9.049148
v 60.390282 -16.510235 -8.255669
v 57.215790 -15.670245 -9.825770
v 52.095070 -23.220963 -5.114938
v 52.224266 -30.819096 -6.320889
v 63.368664 -9.292726 -4.185883
v 63.790184 -32.125416 -8.734994
v 55.949841 -21.044807 -3.847559
v 75.236984 1.188953 -1.260057
v 57.647285 1.150035 -1.192976
v 57.524296 -0.445083 -3.061840
v 72.804184 -5.905737 -6.358088
v 70.806229 -5.021251 6.936642
v 64.006187 3.432620 6.796584
v 71.791954 3.509609 6.083320
v 70.669632 6.336259 0.016579
v 68.202591 10.780102 0.016583
v 57.442558 -29.945259 6.928526
v 67.380013 4.888221 0.016581
v 58.554485 -1.743620 4.121658
v 74.773605 -3.083816 0.016580
v 72.167549 12.931638 0.016580
v 73.526962 14.106118 2.491465
v 69.007088 10.062507 7.156972
v 72.430611 -1.851467 6.271584
v 73.301430 0.692462 3.472316
v 55.757282 -9.819374 3.952638
v 57.478683 -10.222939 5.151263
v 53.089882 -19.632786 0.016580
v 52.791794 -20.115057 5.956509
v 60.924225 -13.377427 3.771454
v 72.197868 -22.453098 5.863546
v 68.123734 -22.582710 2.384060
v 59.177792 1.962039 0.016577
v 54.786121 -30.472321 5.384923
v 54.830025 -29.812998 9.600842
v 57.172497 -21.516594 8.473081
v 54.117802 -25.526932 10.212443
v 55.242897 -26.103220 5.433709
v 64.864075 -4.777563 6.258532
v 65.743256 -4.108187 5.647738
v 63.970646 -4.387756 1.797900
v 70.141769 -7.341750 0.000006
v 71.285492 -32.048798 3.738966
v 50.524242 -18.582243 0.016580
v 49.665329 -18.293928 4.743533
v 60.741829 -3.980378 4.393623
v 49.356667 -23.420261 0.016582
v 48.700737 -23.396725 4.675112
v 53.878506 -28.306108 4.195744
v 61.084167 4.829307 7.837921
v 70.343796 3.068390 7.118521
v 59.877956 -12.769601 2.889029
v 72.202515 8.461936 7.239503
v 66.760818 -2.661031 3.151784
v 59.118008 -2.229352 6.007220
v 61.028858 -1.464614 1.980541
v 58.692543 -0.949096 9.016473
v 65.080467 1.600541 7.524947
v 61.554081 0.791094 8.823015
v 67.349297 4.874759 9.967583
v 65.026649 6.050804 11.697242
v 69.626778 5.847829 10.623569
v 69.741982 3.210348 10.809802
v 67.409157 4.338535 6.187914
v 60.987225 2.575267 8.662338
v 62.159695 3.043527 0.016579
v 60.140713 5.474833 8.714542
v 69.523811 0.753355 5.008594
v 59.517845 0.886606 9.190804
v 61.082634 4.332304 11.688578
v 67.625633 7.780163 10.319109
v 57.274696 -26.621326 5.013976
v 57.190529 -28.972204 5.818373
v 69.237831 -5.765486 0.016578
v 56.770439 -9.853843 4.208426
v 66.263229 -3.691872 7.945409
v 58.108582 -22.023603 4.528684
v 57.735268 -28.012545 7.693920
v 57.333397 -24.917816 4.310578
v 54.363792 -26.020277 0.016583
v 57.931686 -28.193480 9.614856
v 70.417702 2.715288 9.171534
v 73.448669 2.510371 9.832112
v 71.767761 3.695188 9.994688
v 73.705978 5.028651 10.531147
v 73.777870 4.813410 8.165859
v 73.719093 3.113711 8.150957
v 71.631760 2.178058 1.581827
v 72.094177 12.917071 0.016580
v 72.344574 16.202417 0.016581
v 70.254486 13.543238 4.510712
v 68.206970 -32.851330 5.149070
v 71.200974 -30.709051 0.000007
v 68.400856 -33.673523 0.016578
v 55.410736 -9.495056 6.531526
v 56.410168 -33.373337 0.016562
v 56.640957 -33.480675 5.874778
v 62.338749 -9.157578 14.207363
v 57.783913 -24.518456 12.586523
v 56.254494 -28.952234 10.561247
v 63.250881 -29.163490 12.849145
v 63.443218 -25.067009 5.288995
v 61.142075 -31.984001 0.016590
v 54.469650 -32.847733 12.911170
v 53.993202 -23.728451 11.427125
v 52.876968 -28.280119 7.045330
v 66.603760 -29.420588 0.016563
v 59.596226 -32.626949 9.306774
v 51.359543 -26.919544 6.331545
v 53.373436 -32.703526 7.976848
v 65.281380 -17.822403 9.082308
v 60.390289 -16.510235 8.288830
v 57.215786 -15.670243 9.858932
v 52.095066 -23.220959 5.148099
v 52.224262 -30.819094 6.354050
v 63.368664 -9.292724 4.219045
v 63.790188 -32.125412 8.751718
v 55.949875 -21.044767 3.880717
v 75.236984 1.188954 1.269043
v 57.647285 1.150035 1.201962
v 57.524296 -0.445082 0.004493
v 57.761337 1.880475 0.016579
v 76.140533 1.173120 0.016579
v 58.783119 2.689175 0.016579
v 75.574677 -3.469214 0.000004
v 72.250259 -22.714153 0.016579
v 71.738907 -7.860308 0.016581
v 53.844898 -29.030691 0.016586
v 59.299812 -4.306253 0.016583
v 59.281399 -3.121189 0.016597
v 67.414536 -3.730631 0.016581
v 54.744743 -27.140236 0.016579
v 73.097267 8.626208 0.016363
v 62.161575 -32.370598 0.016591
v 53.012867 -31.463190 0.016527
v 62.436745 -20.158924 0.004494
v 57.519768 -0.961929 0.016582
v 73.942337 -6.106297 3.095000
v 72.804184 -5.905738 6.391249
v 70.806229 -5.021248 8.355994
v 63.497257 -29.734835 8.040102
v 63.850292 -29.795570 14.172747
v 68.131058 -30.299643 18.031210
v 69.177254 -29.635904 14.000507
v 68.351524 -30.340069 1.532830
v 74.279572 -6.839735 1.337659
v 75.463844 -6.622576 2.321975
v 73.863739 -6.754522 2.269706
v 75.171486 -6.528798 1.651211
v 75.218872 -6.628640 4.142149
v 74.731911 -6.186051 3.862313
v 75.635933 -6.091522 7.907846
v 75.942879 -5.174968 8.141073
v 76.585426 -4.960087 9.501716
v 75.229836 -4.953663 4.037856
v 54.762913 -25.270483 4.109751
v 61.495785 -24.962503 0.175769
v 61.508968 -26.552446 0.178490
v 55.391960 -27.093067 6.510346
v 54.129665 -20.399202 6.567562
v 61.341167 -20.544992 5.325192
v 52.213634 -26.047472 5.682159
v 58.425602 -30.020836 0.290712
v 57.944786 -31.807207 0.255414
v 51.912411 -27.762215 7.603959
v 53.136913 -22.714935 7.803860
v 59.871449 -26.043926 5.666019
v 56.355156 -15.482350 5.979841
v 63.379589 -17.980701 3.734049
v 60.163773 -6.713604 4.153200
v 67.155128 -9.266670 8.936316
v 58.785534 -29.683664 9.033408
v 58.500290 -29.624836 15.091924
v 59.169453 -30.187534 15.117234
v 59.436325 -30.226234 19.708244
v 58.165825 -29.517178 -7.704330
v 63.642532 -29.874998 -7.492408
v 63.850288 -29.931129 -12.690499
v 67.379517 -30.534073 -17.047537
v 68.864830 -29.942034 -12.446722
v 67.587563 -30.570873 -1.355845
v 74.253052 -6.864944 -1.164493
v 75.437325 -6.644412 -2.146353
v 73.837219 -6.793519 -2.098037
v 75.144966 -6.566913 -1.477889
v 75.192352 -6.655947 -3.976173
v 74.705383 -6.256902 -3.698037
v 75.609406 -6.157497 -7.758944
v 75.916359 -5.311691 -7.995888
v 76.558922 -5.100913 -9.356435
v 75.203308 -5.118236 -3.713216
v 54.795860 -25.329563 -3.831037
v 61.509399 -25.019831 -6.285921
v 54.184052 -20.496746 -6.262648
v 61.354279 -20.570778 -4.843327
v 52.213634 -26.136208 -5.130895
v 58.425610 -30.115202 -7.179908
v 53.136909 -22.843956 -7.321678
v 59.871445 -26.175928 -5.368492
v 56.355156 -15.578649 -5.638661
v 63.379585 -18.082096 -3.589851
v 60.163773 -6.777517 -3.964382
v 67.155128 -9.337511 -8.390445
v 58.785534 -29.834877 -8.481663
v 58.577301 -29.777685 -14.443437
v 59.095970 -30.445288 -14.560951
v 59.436329 -30.485237 -19.163645
v 58.165825 -29.856411 10.534466
v 65.882523 -30.023607 10.248137
v 66.168701 -30.074556 2.021573
v 63.906010 -2.099125 0.097132
v 55.392872 -24.766685 0.095131
v 64.606163 -2.193306 3.790726
v 56.748119 -22.822069 1.919964
v 62.034435 -5.723374 3.378543
v 58.676262 -13.772176 -1.970156
v 63.423744 -2.099763 -3.521737
v 57.338371 -22.434483 0.095640
v 63.223858 -6.084572 -1.819922
v 62.050331 -5.751883 -3.171753
v 58.704105 -13.822106 0.096633
v 60.438755 -14.508018 0.096818
v 57.855850 -22.867687 8.761420
v 72.537384 -6.901803 6.659912
v 73.445297 1.411090 9.037611
v 74.071915 -6.624660 6.658562
v 73.880722 1.565630 6.314517
v 72.797295 3.433519 6.312708
v 73.177330 3.640784 6.071576
v 71.614471 4.571147 6.175710
v 71.889580 4.927435 2.491764
v 69.533897 -8.046284 8.194807
v 69.246605 -7.473607 1.340954
v 73.488319 -7.943799 9.210739
v 74.331573 -6.544794 4.343630
v 74.343483 -7.513608 1.253343
v 72.662651 -7.980399 0.016577
v 72.780891 -7.961451 0.016577
v 73.849899 -7.917818 -8.728264
v 72.537384 -6.901803 -6.626753
v 73.445297 1.411091 -9.004449
v 74.071915 -6.624662 -6.625404
v 73.880722 1.565630 -6.281358
v 72.797295 3.433521 -6.279551
v 73.177330 3.640784 -6.038417
v 71.614471 4.571150 -6.142552
v 71.889580 4.927438 -2.458603
v 69.533897 -8.046284 -8.161652
v 69.246605 -7.473605 -1.307791
v 73.488319 -7.943800 -9.177582
v 74.331573 -6.544794 -4.310472
v 74.343483 -7.513609 -1.220185
v 72.662651 -7.980399 9.189558
v 61.728951 -29.681456 9.428605
v 61.409199 -29.621387 15.082634
v 63.674248 -30.187611 15.045021
v 63.929344 -30.226864 19.748829
v 63.947273 -29.516830 -9.180572
v 61.728947 -29.681454 -9.419620
v 61.409195 -29.621387 -15.073652
v 63.674244 -30.187614 -15.036038
v 63.929344 -30.226866 -19.739841
v 63.947266 -29.516830 -5.056240
v 41.320610 2.179844 -3.534711
v 41.534767 6.326311 -3.607307
v 41.106457 -1.992544 -3.933094
v 47.929222 2.023690 -2.750578
v 48.426064 5.064201 -3.089286
v 47.464073 -1.034504 -6.343740
v 37.161495 1.647060 -4.441509
v 37.161503 6.362509 -4.524093
v 37.161503 -3.100871 -3.242915
v 30.286085 3.656478 -3.355139
v 30.244179 -1.603322 -6.263108
v 33.380909 0.845683 -4.390123
v 33.380909 5.150510 -4.465538
v 33.380909 -3.491178 -3.020067
v 54.345444 -0.597897 -1.906311
v 29.014771 1.448113 -1.691998
v 29.073635 -0.932058 -6.260335
v 25.118511 0.230281 -4.776281
v 24.736797 2.277951 -3.194732
v 24.237869 1.476990 -3.216838
v 24.235506 -1.070608 -4.812053
v 24.732981 -1.844147 -5.087610
v 30.956173 0.219594 -3.384826
v 30.262207 2.020053 -3.566359
v 29.258282 2.021638 -2.063041
v 28.467575 1.315128 -2.081438
v 28.497059 -0.928572 -3.568768
v 29.247776 -1.605220 -5.110079
v 29.910372 0.219784 -7.195262
v 21.309420 0.237988 -5.691051
v 20.971739 2.155326 -4.138083
v 20.527447 1.404603 -4.158906
v 20.527445 -0.981403 -5.724743
v 20.971741 -1.705311 -7.416150
v 20.275831 0.239915 -5.913858
v 19.997107 2.139936 -4.359083
v 19.614645 1.395818 -4.379719
v 19.614645 -0.968762 -5.947247
v 19.997108 -1.686033 -8.426329
v 15.503829 0.248693 -6.920781
v 15.243269 2.148714 -5.384511
v 14.879330 1.404596 -5.405145
v 14.879080 -0.959983 -6.954170
v 15.242865 -1.677255 -9.894642
v 7.437067 0.259776 -8.366513
v 7.452775 2.159570 -6.785144
v 7.376955 1.677817 -6.816664
v 7.376954 -1.310452 -8.399902
v 7.452780 -1.666399 -1.555986
v 56.115524 1.339216 -1.168690
v 55.850662 -0.713750 -3.515199
v 52.372948 -0.593574 -2.855961
v 53.471802 3.393931 -4.446344
v 53.399063 3.416540 -5.970160
v 55.587143 1.866917 -9.867277
v 50.947144 3.282655 -10.684726
v 52.478653 2.032181 -10.344187
v 51.815357 -0.005642 -9.399635
v 50.000622 -0.228814 -9.073837
v 49.415638 1.803194 -13.376263
v 49.136707 3.182931 -13.818378
v 50.218262 2.225001 -13.405437
v 49.805149 0.831564 -12.708105
v 48.468281 0.928304 -12.690075
v 48.055161 2.381529 -14.036773
v 48.801334 3.091301 -14.478887
v 49.882889 2.133370 -14.065944
v 49.469769 0.739933 -13.368614
v 48.132900 0.836673 -13.350586
v 47.719784 2.289898 -16.816059
v 47.255314 2.943342 -17.407890
v 48.703110 1.661032 -16.647923
v 47.911171 -0.080834 -15.937180
v 46.360535 0.124869 -15.913044
v 45.807526 2.070191 -20.079977
v 45.311516 2.207920 -3.957628
v 56.010967 1.845767 -4.279684
v 54.357700 -0.586904 -4.668505
v 52.286453 -0.583511 -4.590131
v 51.571697 1.886017 -3.967571
v 51.391846 1.878343 -2.817366
v 51.731956 4.027008 -20.845575
v 42.798794 3.029166 -21.045862
v 45.088581 2.638941 -21.151545
v 45.672802 0.537240 -23.128201
v 44.538788 -0.031313 -20.487881
v 45.211376 -0.988832 -19.775734
v 44.174698 -0.379315 -19.664204
v 42.860317 -1.401092 -20.010414
v 41.819008 -3.969677 -26.704987
v 41.521770 2.652877 -25.088783
v 39.840076 2.592500 -35.329861
v 34.778255 1.516048 -30.285223
v 38.831657 -0.878907 -31.095942
v 33.708096 2.196459 -33.232796
v 36.588551 -1.572868 -33.638435
v 32.719341 -1.135007 -35.309792
v 34.990391 -0.994627 -31.211123
v 33.981018 -1.785797 -28.403324
v 36.603397 -0.985896 -33.072220
v 36.378716 2.405680 -28.481321
v 36.284019 2.094112 -30.340488
v 38.552067 2.199676 -23.938200
v 38.388397 -11.082457 -21.650944
v 39.039787 -5.676416 -22.326168
v 41.288357 -6.611434 -25.673103
v 36.767677 -7.016913 -26.590494
v 39.758831 -8.241483 -22.936974
v 39.553047 -9.510406 -22.412455
v 38.067856 -8.955611 -25.767542
v 36.106190 -9.221684 -26.293371
v 38.009892 -10.069553 -23.319832
v 36.426876 -10.110607 -24.299582
v 38.769077 -4.761235 -24.892258
v 41.731781 -5.798720 -21.718054
v 44.167797 -3.994844 -24.317875
v 40.378086 5.032792 -25.070688
v 39.694508 -0.533584 -26.698462
v 41.653728 -0.552965 -22.148445
v 44.556278 3.717287 -19.343664
v 44.690346 -0.146724 -19.268843
v 44.453003 1.601254 -20.470016
v 46.070843 0.810567 -19.905783
v 45.783787 -0.523217 -32.829189
v 33.071255 -4.091955 -34.583160
v 35.506786 -3.958106 -34.102863
v 35.987560 -6.461442 -31.806494
v 37.511459 -6.775989 -29.771475
v 34.868713 -6.842937 -30.646042
v 33.864708 -2.176113 -32.761841
v 36.657009 -1.990073 -28.903439
v 39.373581 -5.208864 -27.037512
v 37.279999 -5.175831 -27.750187
v 36.535973 -1.787313 -29.757130
v 38.926426 -1.731408 -23.631384
v 40.409298 -2.892853 -24.785734
v 42.549461 -3.088683 -32.088039
v 33.501755 6.641059 -33.641041
v 35.806808 7.009746 -34.132404
v 35.709553 4.612822 -32.161533
v 37.214031 3.238150 -30.263941
v 34.506721 2.886290 -29.569553
v 34.667816 7.126681 -31.493458
v 37.370472 7.402153 -29.363613
v 39.396080 3.035229 -27.516205
v 37.147079 2.817930 -26.895437
v 37.219009 6.213064 -28.780457
v 39.460545 6.471277 -26.159929
v 41.697235 5.113578 -33.632130
v 32.572098 1.328071 -32.273418
v 33.581772 -6.726761 -32.597824
v 33.333187 4.392482 -19.974358
v 43.880550 1.711550 -1.271633
v 22.332333 8.369513 -1.311372
v 29.981352 3.815944 -1.956662
v 10.193384 16.241693 -2.881329
v 3.339619 20.660889 -3.801270
v -1.416788 23.385818 -3.207205
v -6.504640 26.242596 -2.708984
v 55.742359 1.720612 -20.788059
v 42.480892 1.557040 5.065224
v 41.320610 2.179845 3.543694
v 41.534767 6.326312 3.616295
v 41.106453 -1.992542 3.942078
v 47.929218 2.023690 2.759563
v 48.426064 5.064201 3.098272
v 47.464069 -1.034502 6.352725
v 37.161488 1.647060 4.450491
v 37.161491 6.362510 4.533081
v 37.161499 -3.100869 3.251901
v 30.286085 3.656479 3.364125
v 30.244179 -1.603321 6.272093
v 33.380909 0.845683 4.399109
v 33.380905 5.150510 4.474525
v 33.380905 -3.491176 3.029053
v 54.345444 -0.597896 1.915296
v 29.014771 1.448113 1.700984
v 29.073635 -0.932058 6.269321
v 25.118511 0.230280 4.785268
v 24.736794 2.277952 3.203717
v 24.237865 1.476989 3.225824
v 24.235510 -1.070608 4.821037
v 24.732983 -1.844147 5.096596
v 30.956173 0.219592 3.393812
v 30.262205 2.020054 3.575345
v 29.258282 2.021638 2.072027
v 28.467579 1.315128 2.090424
v 28.497059 -0.928571 3.577755
v 29.247776 -1.605220 5.119064
v 29.910370 0.219790 7.204247
v 21.309420 0.237987 5.700036
v 20.971737 2.155327 4.147069
v 20.527447 1.404603 4.167892
v 20.527445 -0.981402 5.733729
v 20.971741 -1.705311 7.425136
v 20.275831 0.239915 5.922843
v 19.997107 2.139936 4.368070
v 19.614647 1.395818 4.388705
v 19.614645 -0.968761 5.956232
v 19.997108 -1.686033 8.435317
v 15.503830 0.248695 6.929766
v 15.243269 2.148715 5.393497
v 14.879328 1.404597 5.414130
v 14.879080 -0.959983 6.963153
v 15.242866 -1.677254 9.903626
v 7.437066 0.259776 8.375499
v 7.452774 2.159571 6.794130
v 7.376955 1.677817 6.825651
v 7.376953 -1.310450 8.408886
v 7.452780 -1.666399 0.004492
v 52.257156 5.002151 1.564970
v 56.115524 1.339217 1.177675
v 55.850662 -0.713749 3.524185
v 52.372944 -0.593574 2.864947
v 53.471798 3.393931 4.455328
v 53.399052 3.416538 5.979146
v 55.587147 1.866926 9.876265
v 50.947124 3.282655 10.693710
v 52.478649 2.032197 10.353170
v 51.815372 -0.005633 9.408623
v 50.000645 -0.228825 9.082821
v 49.415638 1.803177 13.385251
v 49.136707 3.182934 13.827367
v 50.218258 2.225010 13.414421
v 49.805153 0.831570 12.717093
v 48.468281 0.928301 12.699061
v 48.055161 2.381524 14.045758
v 48.801334 3.091303 14.487872
v 49.882889 2.133374 14.074925
v 49.469769 0.739933 13.377601
v 48.132896 0.836676 13.359571
v 47.719784 2.289898 16.825045
v 47.255318 2.943343 17.416876
v 48.703114 1.661031 16.656906
v 47.911171 -0.080833 15.946164
v 46.360535 0.124873 15.922030
v 45.807526 2.070196 20.088966
v 45.311516 2.207922 3.966612
v 56.010963 1.845769 4.288670
v 54.357708 -0.586904 4.677491
v 52.286457 -0.583516 4.599117
v 51.571701 1.886009 3.976557
v 51.391846 1.878334 2.826350
v 51.731956 4.027008 20.854557
v 42.798794 3.029167 21.054848
v 45.088585 2.638944 21.160532
v 45.672802 0.537243 23.137188
v 44.538788 -0.031309 20.496872
v 45.211365 -0.988830 19.784723
v 44.174698 -0.379313 19.673195
v 42.860317 -1.401092 20.019411
v 41.819008 -3.969679 26.713966
v 41.521770 2.652881 25.097771
v 39.840076 2.592503 35.338844
v 34.778255 1.516051 30.294207
v 38.831657 -0.878904 31.104929
v 33.708096 2.196463 33.241787
v 36.588551 -1.572864 33.647423
v 32.719341 -1.135004 35.318775
v 34.990387 -0.994623 31.220110
v 33.981018 -1.785794 28.412310
v 36.603397 -0.985893 33.081207
v 36.378716 2.405684 28.490307
v 36.284019 2.094116 30.349478
v 38.552067 2.199678 23.946091
v 38.391689 -11.085140 21.658834
v 39.043083 -5.679113 22.334059
v 41.291660 -6.614125 25.680996
v 36.770981 -7.019598 26.598373
v 39.762142 -8.244154 22.944860
v 39.556343 -9.513090 22.420347
v 38.071152 -8.958305 25.775434
v 36.109489 -9.224366 26.301256
v 38.013199 -10.072229 23.327724
v 36.430168 -10.113298 24.307468
v 38.772385 -4.763920 24.900143
v 41.735092 -5.801399 21.727049
v 44.167801 -3.994843 24.326855
v 40.378086 5.032793 25.079674
v 39.694508 -0.533581 26.707453
v 41.653728 -0.552961 22.157429
v 44.556278 3.717290 19.352652
v 44.690346 -0.146722 19.277826
v 44.453003 1.601257 20.479004
v 46.070843 0.810568 19.914770
v 45.783787 -0.523216 32.838181
v 33.071255 -4.091952 34.592155
v 35.506786 -3.958102 34.111855
v 35.987560 -6.461440 31.815485
v 37.511459 -6.775985 29.780457
v 34.868713 -6.842933 30.655027
v 33.864708 -2.176111 32.770828
v 36.657009 -1.990070 28.912426
v 39.373581 -5.208861 27.046494
v 37.279999 -5.175828 27.759176
v 36.535973 -1.787310 29.766113
v 38.926426 -1.731405 22.761629
v 40.083241 -3.021831 24.794727
v 42.549461 -3.088680 32.097023
v 33.501755 6.641064 33.650024
v 35.806808 7.009750 34.141388
v 35.709557 4.612827 32.170517
v 37.214031 3.238154 30.272932
v 34.506721 2.886294 29.578539
v 34.667816 7.126686 31.502443
v 37.370476 7.402159 29.372601
v 39.396080 3.035233 27.525192
v 37.147079 2.817934 26.904423
v 37.219009 6.213069 28.789444
v 39.460545 6.471281 26.168907
v 41.697231 5.113582 33.641117
v 32.572098 1.328074 32.282410
v 33.581772 -6.726760 32.606808
v 33.333187 4.392486 19.983335
v 43.880550 1.711551 1.280615
v 22.332333 8.369515 1.320357
v 29.981348 3.815947 0.004492
v 29.324783 2.644885 1.965639
v 10.193382 16.241692 2.890304
v 3.339619 20.660889 3.810243
v -1.416791 23.385820 3.216175
v -6.504642 26.242599 0.004485
v -8.445320 27.933578 0.004492
v 56.201202 2.135353 2.717969
v 55.742359 1.720613 20.797045
v 42.480892 1.557041 0.004492
v 53.791843 4.210701 0.004495
v 55.667011 -1.394615 0.004492
v 48.631855 6.303373 0.004492
v 37.161495 8.283161 0.004493
v 37.161495 -5.100080 0.004493
v 33.380901 -5.319670 0.004493
v 54.156128 -1.776618 0.004494
v 52.220543 -2.037361 0.004491
v 21.646664 7.229411 0.004487
v 1.762364 18.038620 0.004487
v -3.482368 19.951740 0.004484
v -8.730099 22.550406 0.004492
v 30.359379 -4.187531 0.004493
v 28.858238 0.390620 0.004494
v 47.226597 -2.325020 0.004492
v 41.623466 8.017838 0.004493
v 41.017746 -3.746800 0.004493
v 33.380905 6.901521 0.004491
v 23.018000 9.486068 0.004492
v 30.556831 4.992483 0.004489
v 11.270446 17.995752 0.004489
v 9.116320 14.450933 0.004488
v 4.916877 23.229641 0.004487
v 0.648782 26.749905 0.004486
v -4.279198 29.874741 2.971667
v -0.010622 -17.278727 12.228527
v -0.010621 -17.278727 7.600096
v -0.005728 4.878658 7.600097
v -0.010621 -18.967913 7.600077
v 8.172621 -15.737149 10.843540
v 7.212405 -7.593919 13.659095
v 4.579792 -12.510094 10.087108
v 6.953313 2.321337 12.328943
v 4.010781 2.222327 11.913126
v 10.348759 2.403509 10.328897
v 9.017904 -2.511507 11.438567
v 10.380886 -3.118119 11.716416
v 15.024559 -3.540732 12.226727
v 14.489126 2.799808 12.309512
v 1.725043 2.327651 11.284159
v 4.755291 -16.401449 11.766466
v 1.726749 -17.417925 12.257079
v -0.010615 2.631168 12.479206
v -0.010616 -7.085732 14.221396
v -0.010619 -13.026821 14.221397
v 1.725051 -13.026819 12.791315
v 1.725039 -7.005714 12.122864
v 7.840917 -11.229454 12.790363
v 4.301019 -7.147135 10.177671
v 8.339236 -4.052328 11.545618
v 13.418179 -4.596938 7.600096
v 15.433918 -4.598838 10.598353
v 8.129894 -5.863655 7.600076
v 8.722080 -5.948444 7.600096
v 3.909255 4.779404 7.600095
v 13.661858 5.459777 10.965333
v 14.406036 2.062210 10.594151
v 14.795486 -2.549661 7.600095
v 13.804312 3.996972 7.600096
v 15.093243 -3.319287 7.600080
v 7.985195 -7.665141 7.600089
v 4.901839 -18.005550 7.600049
v 9.465603 -11.034909 7.600095
v 6.947883 3.739519 4.356652
v 7.212406 -7.593919 1.541100
v 4.579793 -12.510094 5.113085
v 6.953312 2.321337 2.871250
v 4.010781 2.222326 3.224591
v 9.608064 2.348802 7.600096
v 8.986538 4.043872 4.871293
v 9.017904 -2.511506 3.761623
v 10.380886 -3.118118 3.483776
v 15.024559 -3.540732 2.973464
v 14.489128 2.799808 2.890680
v 1.725043 2.327652 3.916035
v 4.755292 -16.401449 3.433725
v 1.726746 -17.417925 7.600096
v 9.724648 -0.369435 2.943111
v -0.010615 2.631166 2.720985
v -0.010621 -7.085729 0.978795
v -0.010623 -13.026823 0.978794
v 1.725050 -13.026821 2.408876
v 1.725038 -7.005713 3.077330
v 7.840914 -11.229454 2.409831
v 4.301020 -7.147135 5.022521
v 8.339236 -4.052329 3.654575
v 13.418176 -4.596938 7.600095
v 9.011978 -3.781400 7.600097
v 13.427156 -5.671006 4.601836
v 8.129894 -5.863655 7.600095
v 1.725296 -19.066662 7.600096
v 1.727506 4.831029 7.600095
v 8.706248 -4.324452 7.600095
v 10.255846 -4.257390 4.234858
v 14.406036 2.062209 4.606039
v 14.795488 -2.549661 -2.962680
v -0.010622 -17.278727 -12.219539
v -0.010621 -17.278727 -7.591111
v -0.005728 4.878656 -7.591110
v -0.010621 -18.967913 -7.591100
v 8.172620 -15.737152 -10.834554
v 7.212405 -7.593920 -13.650109
v 4.579792 -12.510094 -10.078123
v 6.953313 2.321336 -12.319958
v 4.010782 2.222325 -11.904140
v 10.348760 2.403507 -10.319914
v 9.017904 -2.511506 -11.429585
v 10.380885 -3.118119 -11.707430
v 15.024559 -3.540731 -12.217742
v 14.489128 2.799806 -12.300527
v 1.725043 2.327650 -11.275173
v 4.755290 -16.401451 -11.757478
v 1.726749 -17.417925 -12.248092
v -0.010615 2.631166 -12.470221
v -0.010614 -7.085736 -14.212410
v -0.010619 -13.026823 -14.212413
v 1.725051 -13.026821 -12.782331
v 1.725039 -7.005714 -12.113874
v 7.840918 -11.229456 -12.781378
v 4.301018 -7.147136 -10.168684
v 8.339236 -4.052329 -11.536631
v 13.418177 -4.596938 -7.591110
v 15.433918 -4.598840 -10.589371
v 8.129894 -5.863654 -7.591112
v 8.722081 -5.948445 -7.591111
v 3.909255 4.779403 -7.591111
v 13.661858 5.459776 -10.956348
v 14.406035 2.062209 -10.585168
v 14.795486 -2.549660 -7.591111
v 13.804314 3.996972 -7.591110
v 15.093240 -3.319288 -7.591113
v 7.985195 -7.665142 -7.591109
v 4.901840 -18.005552 -7.591113
v 9.465604 -11.034910 -7.591111
v 6.947882 3.739518 -4.347668
v 7.212406 -7.593921 -1.532112
v 4.579792 -12.510094 -5.104098
v 6.953313 2.321337 -2.862264
v 4.010781 2.222326 -3.215606
v 9.608066 2.348801 -7.591112
v 8.986542 4.043872 -4.862308
v 9.017906 -2.511507 -3.752638
v 10.380887 -3.118120 -3.474789
v 15.024559 -3.540732 -2.964478
v 14.489128 2.799807 -2.881694
v 1.725043 2.327651 -3.907049
v 4.755292 -16.401451 -3.424740
v 1.726749 -17.417925 -7.591111
v 9.724646 -0.369436 -2.934127
v -0.010614 2.631166 -2.711997
v -0.010581 -7.085767 -0.969809
v -0.010620 -13.026823 -0.969808
v 1.725051 -13.026819 -2.399890
v 1.725038 -7.005714 -3.068345
v 7.840918 -11.229454 -2.400844
v 4.301019 -7.147134 -5.013537
v 8.339238 -4.052330 -3.645590
v 13.418177 -4.596940 -7.591110
v 9.011978 -3.781401 -7.591112
v 13.427156 -5.671007 -4.592853
v 8.129896 -5.863655 -7.591108
v 1.725296 -19.066662 -7.591111
v 1.727507 4.831027 -7.591112
v 8.706250 -4.324454 -7.591110
v 10.255846 -4.257390 -4.225873
v 14.406037 2.062209 -4.597054
v 14.795486 -2.549661 -0.998831
v 53.598297 -28.368668 1.414104
v 53.588047 -28.350269 -3.250326
v 51.014591 -28.045912 -0.944027
v 51.731121 -29.243244 -3.426973
v 52.626122 -26.931702 1.349988
v 51.721371 -29.225754 3.631820
v 51.070621 -27.975693 3.812323
v 52.764053 -26.862843 -1.923082
v 48.035973 -28.433767 -0.865939
v 45.652744 -28.972620 2.404494
v 48.297115 -28.306908 -6.763425
v 71.791954 3.509610 -3.118624
v 59.118011 -2.229356 -4.975435
v 59.517845 0.886607 -8.789856
v 67.349297 4.874762 -6.154755
v 60.987225 2.575269 -8.789856
v 67.349297 4.874762 -6.903484
v 64.006187 3.432622 0.016583
v 59.281399 -3.121189 -4.175266
v 66.263199 -3.691885 -4.175266
v 66.263199 -3.691885 0.016597
v 67.414536 -3.730631 -5.841616
v 62.338749 -9.157576 -6.008031
v 60.924210 -13.377454 -7.928680
v 58.108562 -22.023640 -7.660757
v 57.333378 -24.917854 -4.495524
v 57.735249 -28.012566 0.016583
v 57.931686 -28.193480 -7.123816
v 72.430611 -1.851465 -7.804762
v 70.343796 3.068392 -9.581697
v 70.417702 2.715291 -9.961534
v 73.705978 5.028654 -8.681384
v 69.523811 0.753360 -7.804762
v 70.343796 3.068392 -6.238425
v 73.301430 0.692464 -9.273612
v 51.359539 -26.919544 -5.114938
v 52.224266 -30.819096 -8.255669
v 57.215790 -15.670245 -9.825770
v 52.095070 -23.220963 0.016591
v 53.012867 -31.463190 0.016579
v 76.140533 1.173120 0.016579
v 73.097267 8.626208 0.016579
v 60.140713 5.474833 0.016579
v 68.202591 10.780102 0.004493
v 57.761337 1.880475 0.016579
v 58.783119 2.689175 0.004494
v 57.519768 -0.961929 0.016581
v 58.554485 -1.743620 0.016580
v 73.526962 14.106118 0.016580
v 72.167549 12.931638 0.016581
v 53.844898 -29.030691 0.016577
v 54.786121 -30.472321 0.000004
v 72.250259 -22.714153 0.000006
v 71.285492 -32.048798 0.016579
v 71.738907 -7.860308 0.016578
v 55.410736 -9.495056 0.016580
v 49.665329 -18.293928 0.016582
v 48.700737 -23.396725 0.016586
v 59.299812 -4.306253 6.796584
v 71.791954 3.509609 3.151784
v 59.118008 -2.229352 0.016583
v 59.281399 -3.121189 5.008594
v 59.517845 0.886606 8.823015
v 67.349297 4.874759 6.187914
v 60.987225 2.575267 8.823015
v 67.349297 4.874759 6.936642
v 64.006187 3.432620 0.016583
v 59.281399 -3.121189 0.016578
v 56.770439 -9.853843 0.016580
v 52.791794 -20.115057 0.016583
v 57.442558 -29.945259 0.016597
v 67.414536 -3.730631 4.208426
v 66.263229 -3.691872 4.208426
v 66.263229 -3.691872 0.016527
v 62.436745 -20.158924 5.874778
v 62.338749 -9.157578 0.016597
v 67.414536 -3.730631 5.956509
v 60.924225 -13.377427 7.945409
v 58.108582 -22.023603 0.016583
v 57.931686 -28.193480 7.693920
v 57.333397 -24.917816 0.016581
v 54.744743 -27.140236 4.528684
v 57.735268 -28.012545 0.016583
v 57.931686 -28.193480 7.156972
v 72.430611 -1.851467 7.837921
v 70.343796 3.068390 9.614856
v 70.417702 2.715288 9.994688
v 73.705978 5.028651 8.714542
v 69.523811 0.753355 0.016580
v 72.344574 16.202417 0.016581
v 70.254486 13.543238 0.016580
v 70.795784 12.824921 7.837921
v 70.343796 3.068390 0.000007
v 68.400856 -33.673523 0.016579
v 75.574677 -3.469214 0.016582
v 73.942337 -6.106297 0.016363
v 62.161575 -32.370598 6.271584
v 73.301430 0.692462 0.016563
v 59.596226 -32.626949 0.016562
v 56.640957 -33.480675 0.016590
v 54.469650 -32.847733 9.306774
v 51.359543 -26.919544 5.148099
v 52.224262 -30.819094 8.288830
v 57.215786 -15.670243 0.016591
v 53.012867 -31.463190 9.858932
v 52.095066 -23.220959 0.016591
v 53.012867 -31.463190 0.175769
v 61.508968 -26.552446 0.178490
v 55.391960 -27.093067 0.290712
v 57.944786 -31.807207 0.255414
v 51.912411 -27.762215 2.021573
v 63.906010 -2.099125 1.919964
v 62.034435 -5.723374 3.378543
v 58.676262 -13.772176 0.097132
v 55.392872 -24.766685 3.790726
v 56.748119 -22.822069 0.016577
v 73.849899 -7.917818 0.016577
v 72.780891 -7.961451 -1.691998
v 29.073635 -0.932058 -3.355139
v 30.244179 -1.603322 -5.087610
v 30.956173 0.219594 -1.906311
v 29.014771 1.448113 -3.384826
v 30.262207 2.020053 -1.906311
v 29.014771 1.448113 -2.063041
v 28.467575 1.315128 -3.194732
v 24.237869 1.476990 -4.138083
v 20.527447 1.404603 -4.359083
v 19.614645 1.395818 -5.384511
v 14.879330 1.404596 -6.785144
v 7.376955 1.677817 0.004493
v 57.761337 1.880475 -1.260057
v 57.647285 1.150035 0.004494
v 57.519768 -0.961929 -1.192976
v 57.524296 -0.445083 -4.590131
v 51.571697 1.886017 -9.073837
v 49.415638 1.803194 -12.690075
v 48.055161 2.381529 -13.350586
v 47.719784 2.289898 -15.913044
v 45.807526 2.070191 -19.268843
v 44.453003 1.601254 -2.855961
v 53.471802 3.393931 -2.708984
v 55.742359 1.720612 -3.515199
v 52.372948 -0.593574 -3.967571
v 51.391846 1.878343 -3.967571
v 51.391846 1.878343 -20.845575
v 42.798794 3.029166 -19.974358
v 43.880550 1.711550 -33.638435
v 32.719341 -1.135007 -31.211123
v 33.981018 -1.785797 -33.632130
v 32.572098 1.328071 -31.095942
v 33.708096 2.196459 -28.403324
v 36.603397 -0.985896 -28.481321
v 36.284019 2.094112 -25.070688
v 39.694508 -0.533584 -25.088783
v 39.840076 2.592500 -24.299582
v 38.769077 -4.761235 -23.631384
v 40.409298 -2.892853 -25.767542
v 36.106190 -9.221684 -23.319832
v 36.426876 -10.110607 -25.673103
v 36.767677 -7.016913 -22.412455
v 38.067856 -8.955611 -21.650944
v 39.039787 -5.676416 -24.317875
v 40.378086 5.032792 -19.974358
v 43.880550 1.711550 -19.775734
v 44.174698 -0.379315 -20.487881
v 45.211376 -0.988832 -21.151545
v 45.672802 0.537240 -21.045862
v 45.088581 2.638941 -19.974358
v 43.880550 1.711550 -29.771475
v 34.868713 -6.842937 -30.646042
v 33.864708 -2.176113 -27.037512
v 37.279999 -5.175831 -27.750187
v 36.535973 -1.787313 -30.263941
v 34.506721 2.886290 -32.597824
v 33.333187 4.392482 -29.569553
v 34.667816 7.126681 -27.516205
v 37.147079 2.817930 -26.895437
v 37.219009 6.213064 -32.829189
v 33.071255 -4.091955 -32.273418
v 33.581772 -6.726761 -32.088039
v 33.501755 6.641059 -20.010414
v 41.819008 -3.969677 -19.664204
v 42.860317 -1.401092 -19.775734
v 44.174698 -0.379315 0.004492
v 30.556831 4.992483 -1.311372
v 29.981352 3.815944 0.004492
v 29.324783 2.644885 -3.020067
v 54.345444 -0.597897 0.004492
v 41.623466 8.017838 0.004492
v 48.631855 6.303373 0.004494
v 47.226597 -2.325020 0.004493
v 41.017746 -3.746800 0.004492
v 37.161495 8.283161 0.004493
v 37.161495 -5.100080 0.004493
v 33.380905 6.901521 0.004493
v 33.380901 -5.319670 0.004492
v 30.359379 -4.187531 0.004492
v 53.791843 4.210701 0.004492
v 56.201202 2.135353 0.004493
v 28.858238 0.390620 1.700984
v 29.073635 -0.932058 3.364125
v 30.244179 -1.603321 5.096596
v 30.956173 0.219592 1.915296
v 29.014771 1.448113 3.393812
v 30.262205 2.020054 1.915296
v 29.014771 1.448113 2.072027
v 28.467579 1.315128 3.203717
v 24.237865 1.476989 4.147069
v 20.527447 1.404603 4.368070
v 19.614647 1.395818 5.393497
v 14.879328 1.404597 6.794130
v 7.376955 1.677817 0.004493
v 54.156128 -1.776618 0.004495
v 55.667011 -1.394615 0.004493
v 57.761337 1.880475 1.269043
v 57.647285 1.150035 0.004494
v 57.519768 -0.961929 1.201962
v 57.524296 -0.445082 0.004492
v 52.257156 5.002151 4.599117
v 51.571701 1.886009 9.082821
v 49.415638 1.803177 12.699061
v 48.055161 2.381524 13.359571
v 47.719784 2.289898 15.922030
v 45.807526 2.070196 19.277826
v 44.453003 1.601257 2.864947
v 53.471798 3.393931 2.717969
v 55.742359 1.720613 3.524185
v 52.372944 -0.593574 3.976557
v 51.391846 1.878334 3.976557
v 51.391846 1.878334 0.004494
v 52.220543 -2.037361 20.854557
v 42.798794 3.029167 19.983335
v 43.880550 1.711551 33.647423
v 32.719341 -1.135004 31.220110
v 33.981018 -1.785794 33.641117
v 32.572098 1.328074 31.104929
v 33.708096 2.196463 28.412310
v 36.603397 -0.985893 28.490307
v 36.284019 2.094116 25.079674
v 39.694508 -0.533581 25.097771
v 39.840076 2.592503 24.307468
v 38.772385 -4.763920 22.761629
v 40.083241 -3.021831 25.775434
v 36.109489 -9.224366 23.327724
v 36.430168 -10.113298 25.680996
v 36.770981 -7.019598 22.420347
v 38.071152 -8.958305 21.658834
v 39.043083 -5.679113 24.326855
v 40.378086 5.032793 19.983335
v 43.880550 1.711551 19.784723
v 44.174698 -0.379313 20.496872
v 45.211365 -0.988830 21.160532
v 45.672802 0.537243 21.054848
v 45.088585 2.638944 19.983335
v 43.880550 1.711551 29.780457
v 34.868713 -6.842933 30.655027
v 33.864708 -2.176111 27.046494
v 37.279999 -5.175828 27.759176
v 36.535973 -1.787310 30.272932
v 34.506721 2.886294 32.606808
v 33.333187 4.392486 29.578539
v 34.667816 7.126686 27.525192
v 37.147079 2.817934 26.904423
v 37.219009 6.213069 32.282410
v 33.581772 -6.726760 32.838181
v 33.071255 -4.091952 32.097023
v 33.501755 6.641064 20.019411
v 41.819008 -3.969679 19.673195
v 42.860317 -1.401092 19.784723
v 44.174698 -0.379313 0.004492
v 30.556831 4.992483 0.004492
v 29.324783 2.644885 0.004492
v 30.556831 4.992483 1.320357
v 29.981348 3.815947 0.004491
v 23.018000 9.486068 0.004491
v 21.646664 7.229411 0.004492
v 29.324783 2.644885 0.004489
v 11.270446 17.995752 0.004489
v 9.116320 14.450933 0.004488
v 4.916877 23.229641 0.004487
v 1.762364 18.038620 0.004487
v 0.648782 26.749905 0.004487
v -3.482368 19.951740 0.004486
v -4.279198 29.874741 0.004484
v -8.730099 22.550406 0.004485
v -8.445320 27.933578 3.029053
v 54.345444 -0.597896 12.226727
v 14.489126 2.799808 7.600095
v 13.661858 5.459777 12.479206
v -0.010616 -7.085732 14.221396
v -0.010619 -13.026821 7.600096
v -0.005728 4.878658 12.257079
v -0.010615 2.631168 12.228527
v -0.010621 -17.278727 7.600097
v -0.010621 -18.967913 11.716416
v 15.024559 -3.540732 7.600096
v 15.433918 -4.598838 10.965333
v 14.406036 2.062210 10.594151
v 14.795486 -2.549661 7.600095
v 13.804312 3.996972 7.600096
v 15.093243 -3.319287 7.600077
v 8.172621 -15.737149 7.600095
v 6.947883 3.739519 7.600096
v 3.909255 4.779404 7.600096
v 1.727506 4.831029 7.600096
v 8.986538 4.043872 7.600095
v 8.706248 -4.324452 7.600080
v 7.985195 -7.665141 7.600049
v 9.465603 -11.034909 7.600095
v 13.661858 5.459777 2.973464
v 14.489128 2.799808 7.600095
v 13.661858 5.459777 7.600095
v 13.804312 3.996972 7.600089
v 4.901839 -18.005550 7.600095
v 1.725296 -19.066662 2.720985
v -0.010621 -7.085729 0.978795
v -0.010623 -13.026823 7.600096
v -0.005728 4.878658 2.943111
v -0.010615 2.631166 2.971667
v -0.010622 -17.278727 7.600097
v -0.010621 -18.967913 7.600076
v 8.722080 -5.948444 3.483776
v 15.024559 -3.540732 7.600095
v 9.011978 -3.781400 7.600095
v 10.255846 -4.257390 7.600097
v 13.427156 -5.671006 7.600096
v 15.433918 -4.598838 7.600096
v 15.433918 -4.598838 7.600096
v 15.093243 -3.319287 4.234858
v 14.406036 2.062209 7.600096
v 9.724648 -0.369435 4.606039
v 14.795488 -2.549661 7.600095
v 13.804312 3.996972 7.600096
v 15.093243 -3.319287 -12.217742
v 14.489128 2.799806 -7.591111
v 13.661858 5.459776 -12.470221
v -0.010614 -7.085736 -14.212410
v -0.010619 -13.026823 -7.591111
v -0.005728 4.878656 -12.248092
v -0.010615 2.631166 -12.219539
v -0.010621 -17.278727 -7.591110
v -0.010621 -18.967913 -11.707430
v 15.024559 -3.540731 -7.591110
v 15.433918 -4.598840 -10.956348
v 14.406035 2.062209 -10.585168
v 14.795486 -2.549660 -7.591111
v 13.804314 3.996972 -7.591110
v 15.093240 -3.319288 -7.591100
v 8.172620 -15.737152 -7.591111
v 6.947882 3.739518 -7.591111
v 3.909255 4.779403 -7.591111
v 1.727507 4.831027 -7.591112
v 8.986542 4.043872 -7.591112
v 8.706250 -4.324454 -7.591113
v 7.985195 -7.665142 -7.591113
v 9.465604 -11.034910 -7.591111
v 13.661858 5.459776 -2.964478
v 14.489128 2.799807 -7.591111
v 13.661858 5.459776 -7.591111
v 13.804314 3.996972 -7.591109
v 4.901840 -18.005552 -7.591108
v 1.725296 -19.066662 -2.711997
v -0.010581 -7.085767 -0.969809
v -0.010620 -13.026823 -7.591111
v -0.005728 4.878656 -2.934127
v -0.010614 2.631166 -2.962680
v -0.010622 -17.278727 -7.591110
v -0.010621 -18.967913 -7.591112
v 8.722081 -5.948445 -3.474789
v 15.024559 -3.540732 -7.591110
v 9.011978 -3.781401 -7.591110
v 10.255846 -4.257390 -7.591112
v 13.427156 -5.671007 -7.591110
v 15.433918 -4.598840 -7.591110
v 15.433918 -4.598840 -7.591110
v 15.093240 -3.319288 -4.225873
v 14.406037 2.062209 -4.597054
v 14.795486 -2.549661 -7.591111
v 9.724646 -0.369436 -7.591111
v 13.804314 3.996972 -7.591110
v 15.093240 -3.319288 0.586540

vt 0.780812 0.467127
vt 0.859449 0.421355
vt 0.867873 0.418772
vt 0.826634 0.535816
vt 0.883158 0.367167
vt 0.880853 0.709563
vt 0.647759 0.704122
vt 0.677302 0.539871
vt 0.620176 0.425843
vt 0.973043 0.468199
vt 0.970624 0.595867
vt 0.622971 0.759198
vt 0.897353 0.762287
vt 0.844732 0.382429
vt 0.729236 0.634618
vt 0.439915 0.618550
vt 0.559215 0.617868
vt 0.497144 0.632789
vt 0.501402 0.575481
vt 0.759232 0.570281
vt 0.769703 0.560376
vt 0.739943 0.600292
vt 0.870499 0.538366
vt 0.519561 0.537126
vt 0.705625 0.551127
vt 0.486334 0.613414
vt 0.446629 0.376154
vt 0.768777 0.448849
vt 0.841277 0.583630
vt 0.617209 0.403866
vt 0.907551 0.546136
vt 0.785337 0.497842
vt 0.691436 0.520476
vt 0.723854 0.411928
vt 0.700131 0.498607
vt 0.773259 0.498588
vt 0.732714 0.419850
vt 0.788957 0.453584
vt 0.763317 0.450995
vt 0.811067 0.474223
vt 0.818553 0.470809
vt 0.796955 0.411375
vt 0.746917 0.479958
vt 0.744827 0.504717
vt 0.819954 0.413355
vt 0.739173 0.470032
vt 0.713176 0.438694
vt 0.790130 0.646498
vt 0.508722 0.657437
vt 0.442583 0.579348
vt 0.820437 0.576685
vt 0.752578 0.631913
vt 0.572188 0.672995
vt 0.450536 0.484969
vt 0.943526 0.490686
vt 0.965687 0.482870
vt 0.839352 0.648530
vt 0.659785 0.628211
vt 0.629624 0.605478
vt 0.654605 0.606556
vt 0.662640 0.651180
vt 0.677915 0.666277
vt 0.630879 0.357609
vt 0.934368 0.351824
vt 0.917988 0.872089
vt 0.877032 0.842162
vt 0.890611 0.921469
vt 0.746424 0.625539
vt 0.757281 0.809366
vt 0.707080 0.857373
vt 0.708990 0.842219
vt 0.785488 0.802676
vt 0.765455 0.904440
vt 0.801857 0.812019
vt 0.673948 0.867106
vt 0.673608 0.842280
vt 0.836889 0.672156
vt 0.977697 0.930387
vt 0.713235 0.715393
vt 0.796624 0.710935
vt 0.736669 0.606022
vt 0.978624 0.655000
vt 0.989643 0.684047
vt 0.948234 0.625143
vt 0.769509 0.896587
vt 0.834760 0.602279
vt 0.553616 0.491701
vt 0.895195 0.378431
vt 0.711062 0.401405
vt 0.695065 0.564526
vt 0.877521 0.551551
vt 0.830796 0.413460
vt 0.780812 0.467127
vt 0.859449 0.421355
vt 0.867873 0.337839
vt 0.875916 0.655049
vt 0.392616 0.418772
vt 0.826634 0.406314
vt 0.671129 0.535816
vt 0.883158 0.349200
vt 0.950097 0.357248
vt 0.961442 0.367167
vt 0.880853 0.709563
vt 0.647759 0.704122
vt 0.677302 0.539871
vt 0.620176 0.425843
vt 0.973043 0.468199
vt 0.970624 0.473864
vt 0.993949 0.595867
vt 0.622971 0.759198
vt 0.897353 0.762287
vt 0.844732 0.382429
vt 0.729236 0.620229
vt 0.392161 0.634618
vt 0.439915 0.618550
vt 0.559215 0.617868
vt 0.497144 0.632789
vt 0.501402 0.575481
vt 0.759232 0.570281
vt 0.769703 0.560376
vt 0.739943 0.600292
vt 0.870499 0.866211
vt 0.935023 0.538366
vt 0.519561 0.500193
vt 0.508808 0.537126
vt 0.705625 0.551127
vt 0.486334 0.515538
vt 0.460745 0.613414
vt 0.446629 0.376154
vt 0.768777 0.448849
vt 0.841277 0.583630
vt 0.617209 0.403866
vt 0.907551 0.546136
vt 0.785337 0.497842
vt 0.691436 0.520476
vt 0.723854 0.411928
vt 0.700131 0.498607
vt 0.773259 0.498588
vt 0.732714 0.419850
vt 0.788957 0.453584
vt 0.763317 0.450995
vt 0.811067 0.474223
vt 0.818553 0.470809
vt 0.796955 0.411375
vt 0.746917 0.479958
vt 0.744827 0.333717
vt 0.760930 0.504717
vt 0.819954 0.413355
vt 0.739173 0.470032
vt 0.713176 0.438694
vt 0.790130 0.646498
vt 0.508722 0.657437
vt 0.442583 0.579348
vt 0.820437 0.425381
vt 0.992634 0.576685
vt 0.752578 0.631913
vt 0.572188 0.672995
vt 0.450536 0.484969
vt 0.943526 0.490686
vt 0.965687 0.675942
vt 0.397575 0.482870
vt 0.839352 0.648530
vt 0.659785 0.628211
vt 0.629624 0.605478
vt 0.654605 0.606556
vt 0.662640 0.651180
vt 0.677915 0.666277
vt 0.630879 0.357609
vt 0.934368 0.318358
vt 0.946086 0.332985
vt 0.914035 0.872089
vt 0.877032 0.842162
vt 0.890611 0.899754
vt 0.907230 0.503853
vt 0.614929 0.921469
vt 0.746424 0.977005
vt 0.778555 0.625539
vt 0.757281 0.809366
vt 0.707080 0.857373
vt 0.708990 0.842219
vt 0.785488 0.802676
vt 0.765455 0.904440
vt 0.801857 0.986038
vt 0.746822 0.812019
vt 0.673948 0.867106
vt 0.673608 0.842280
vt 0.836889 0.958617
vt 0.815628 0.672156
vt 0.977697 0.930387
vt 0.713235 0.715393
vt 0.796624 0.710935
vt 0.736669 0.606022
vt 0.978624 0.655000
vt 0.989643 0.684047
vt 0.948234 0.625143
vt 0.769509 0.896587
vt 0.834760 0.602279
vt 0.553616 0.491701
vt 0.895195 0.378431
vt 0.711062 0.401405
vt 0.695065 0.351842
vt 0.713585 0.502184
vt 0.934808 0.348509
vt 0.723421 0.550589
vt 0.921118 0.758068
vt 0.926655 0.603231
vt 0.899206 0.590993
vt 0.398164 0.492678
vt 0.671624 0.414683
vt 0.669133 0.361989
vt 0.985569 0.504819
vt 0.982014 0.410480
vt 0.943058 0.941475
vt 0.844586 0.993890
vt 0.718613 0.607474
vt 0.926111 0.397669
vt 0.672782 0.573964
vt 0.913054 0.564526
vt 0.877521 0.551551
vt 0.830796 0.504254
vt 0.300685 0.498299
vt 0.323499 0.652844
vt 0.322557 0.768643
vt 0.305502 0.653510
vt 0.338442 0.995051
vt 0.953015 0.992906
vt 0.997984 0.969308
vt 0.931593 0.960952
vt 0.979979 0.983312
vt 0.986549 0.895557
vt 0.949217 0.898744
vt 0.984571 0.747593
vt 0.964217 0.733953
vt 0.985964 0.694593
vt 0.925600 0.078913
vt 0.588730 0.078863
vt 0.665197 0.128024
vt 0.665246 0.128073
vt 0.588743 0.018544
vt 0.588766 0.018586
vt 0.665208 0.926998
vt 0.562808 0.927232
vt 0.635796 0.977726
vt 0.635737 0.977684
vt 0.562795 0.887131
vt 0.562794 0.887163
vt 0.635776 0.809587
vt 0.562799 0.809491
vt 0.635785 0.721516
vt 0.562802 0.721502
vt 0.635794 0.498299
vt 0.323499 0.504254
vt 0.300685 0.652844
vt 0.322557 0.653510
vt 0.338442 0.768643
vt 0.305502 0.504254
vt 0.300685 0.498299
vt 0.323499 0.652844
vt 0.322557 0.768643
vt 0.305502 0.653510
vt 0.338442 0.995051
vt 0.953015 0.992906
vt 0.997984 0.969308
vt 0.931593 0.960952
vt 0.979979 0.983312
vt 0.986549 0.895557
vt 0.949217 0.898744
vt 0.984571 0.747593
vt 0.964217 0.733953
vt 0.985964 0.694593
vt 0.925600 0.078913
vt 0.588730 0.078863
vt 0.665197 0.018544
vt 0.588766 0.018586
vt 0.665208 0.926998
vt 0.562808 0.927232
vt 0.635796 0.887131
vt 0.562794 0.887163
vt 0.635776 0.809587
vt 0.562799 0.809491
vt 0.635785 0.721516
vt 0.562802 0.721502
vt 0.635794 0.498299
vt 0.323499 0.504254
vt 0.300685 0.652844
vt 0.322557 0.653510
vt 0.338442 0.768643
vt 0.305502 0.578549
vt 0.311621 0.575905
vt 0.330971 0.034219
vt 0.733941 0.190441
vt 0.763724 0.027212
vt 0.750713 0.176427
vt 0.739528 0.061555
vt 0.737052 0.124697
vt 0.737830 0.034219
vt 0.733941 0.176427
vt 0.739528 0.059053
vt 0.756047 0.061555
vt 0.737052 0.124697
vt 0.737830 0.118908
vt 0.772275 0.175066
vt 0.768125 0.754254
vt 0.330883 0.566242
vt 0.359280 0.755138
vt 0.367808 0.564224
vt 0.370622 0.516867
vt 0.350128 0.513374
vt 0.360286 0.486623
vt 0.324456 0.479271
vt 0.332530 0.912434
vt 0.391952 0.722214
vt 0.391927 0.950186
vt 0.522562 0.722155
vt 0.549166 0.853176
vt 0.552775 0.943358
vt 0.496690 0.986838
vt 0.495869 0.986255
vt 0.522587 0.754254
vt 0.330883 0.566242
vt 0.359280 0.755138
vt 0.367808 0.564224
vt 0.370622 0.516867
vt 0.350128 0.513374
vt 0.360286 0.486623
vt 0.324456 0.479271
vt 0.332530 0.912434
vt 0.391952 0.722214
vt 0.391927 0.950186
vt 0.522562 0.722155
vt 0.549166 0.853176
vt 0.552775 0.943358
vt 0.496690 0.498299
vt 0.323499 0.504254
vt 0.300685 0.652844
vt 0.322557 0.653510
vt 0.338442 0.768643
vt 0.305502 0.498299
vt 0.323499 0.504254
vt 0.300685 0.652844
vt 0.322557 0.653510
vt 0.338442 0.768643
vt 0.305502 0.246433
vt 0.518383 0.180761
vt 0.528737 0.313146
vt 0.509741 0.257151
vt 0.611800 0.208845
vt 0.625502 0.305696
vt 0.602754 0.246487
vt 0.460834 0.177765
vt 0.467069 0.315121
vt 0.450765 0.205390
vt 0.366681 0.283703
vt 0.359896 0.250893
vt 0.412568 0.188968
vt 0.414207 0.310089
vt 0.400212 0.294726
vt 0.697338 0.236829
vt 0.339436 0.273406
vt 0.337001 0.209358
vt 0.224672 0.177871
vt 0.224656 0.156842
vt 0.224628 0.263326
vt 0.224630 0.240919
vt 0.224649 0.256191
vt 0.376709 0.226989
vt 0.363293 0.179544
vt 0.282625 0.156857
vt 0.282577 0.262819
vt 0.282604 0.241440
vt 0.282571 0.210715
vt 0.282659 0.209509
vt 0.176960 0.178933
vt 0.176912 0.156862
vt 0.176728 0.262451
vt 0.176771 0.240224
vt 0.176899 0.209538
vt 0.164947 0.178530
vt 0.164894 0.156858
vt 0.164748 0.262495
vt 0.164767 0.240620
vt 0.164892 0.209305
vt 0.105210 0.179003
vt 0.105156 0.156865
vt 0.105060 0.261341
vt 0.105059 0.239657
vt 0.105155 0.208366
vt 0.009019 0.177762
vt 0.009107 0.156864
vt 0.009145 0.258675
vt 0.009132 0.238940
vt 0.009105 0.271191
vt 0.733068 0.305435
vt 0.729799 0.295460
vt 0.672610 0.242788
vt 0.691254 0.277504
vt 0.943390 0.271827
vt 0.894845 0.190993
vt 0.932097 0.192998
vt 0.896443 0.193855
vt 0.861955 0.193260
vt 0.829261 0.186290
vt 0.794955 0.134727
vt 0.921170 0.137168
vt 0.893973 0.139341
vt 0.865352 0.138028
vt 0.836700 0.132027
vt 0.810993 0.124470
vt 0.920407 0.126136
vt 0.893043 0.127012
vt 0.865397 0.126113
vt 0.838164 0.125316
vt 0.811931 0.078678
vt 0.922560 0.080832
vt 0.891025 0.081257
vt 0.859517 0.079685
vt 0.833079 0.080727
vt 0.799760 0.022285
vt 0.916153 0.297631
vt 0.896239 0.288344
vt 0.847209 0.269373
vt 0.819744 0.258317
vt 0.777169 0.262895
vt 0.659926 0.229989
vt 0.669953 0.322712
vt 0.155843 0.338839
vt 0.172206 0.348601
vt 0.185470 0.371938
vt 0.183391 0.345284
vt 0.191122 0.332432
vt 0.185662 0.321441
vt 0.198470 0.322238
vt 0.225407 0.404078
vt 0.126990 0.865055
vt 0.217936 0.504623
vt 0.103869 0.466267
vt 0.151595 0.799250
vt 0.296807 0.498824
vt 0.139493 0.534948
vt 0.121070 0.511295
vt 0.121230 0.521771
vt 0.158539 0.862829
vt 0.290987 0.482086
vt 0.106717 0.830066
vt 0.265546 0.453622
vt 0.122113 0.348783
vt 0.305394 0.975959
vt 0.275717 0.349993
vt 0.254469 0.945565
vt 0.324564 0.379135
vt 0.287479 0.342391
vt 0.287540 0.994649
vt 0.317546 0.377154
vt 0.326437 0.371200
vt 0.307915 0.338779
vt 0.322207 0.942394
vt 0.283770 0.377983
vt 0.253076 0.352537
vt 0.219193 0.345330
vt 0.111191 0.434450
vt 0.183526 0.425677
vt 0.182837 0.345208
vt 0.159301 0.024802
vt 0.834175 0.027343
vt 0.803094 0.022574
vt 0.885689 0.024401
vt 0.858285 0.537976
vt 0.249074 0.510532
vt 0.247641 0.502437
vt 0.267024 0.481860
vt 0.266635 0.478756
vt 0.298604 0.845948
vt 0.332670 0.501713
vt 0.223190 0.451811
vt 0.246894 0.915930
vt 0.316296 0.874051
vt 0.294626 0.466546
vt 0.211027 0.935193
vt 0.252842 0.393868
vt 0.223227 0.379809
vt 0.002820 0.385276
vt 0.026398 0.404660
vt 0.029135 0.413177
vt 0.052204 0.444685
vt 0.043821 0.764717
vt 0.236724 0.372646
vt 0.044245 0.406096
vt 0.085797 0.833396
vt 0.247651 0.803747
vt 0.212600 0.369888
vt 0.076352 0.370541
vt 0.112213 0.786881
vt 0.327429 0.518852
vt 0.287159 0.417885
vt 0.008394 0.319079
vt 0.175443 0.074180
vt 0.434382 0.196311
vt 0.341096 0.074180
vt 0.267622 0.070573
vt 0.173264 0.074180
vt 0.112698 0.074180
vt 0.052533 0.267621
vt 0.717088 0.915002
vt 0.184294 0.246433
vt 0.518383 0.180761
vt 0.528737 0.313146
vt 0.509741 0.257151
vt 0.611800 0.208845
vt 0.625502 0.305696
vt 0.602754 0.246487
vt 0.460834 0.177765
vt 0.467069 0.315121
vt 0.450765 0.205390
vt 0.366681 0.283703
vt 0.359896 0.250893
vt 0.412568 0.188968
vt 0.414207 0.310089
vt 0.400212 0.294726
vt 0.697338 0.236829
vt 0.339436 0.273406
vt 0.337001 0.209358
vt 0.224672 0.177871
vt 0.224656 0.156842
vt 0.224628 0.263326
vt 0.224630 0.240919
vt 0.224649 0.256191
vt 0.376709 0.226989
vt 0.363293 0.179544
vt 0.282625 0.156857
vt 0.282577 0.262819
vt 0.282604 0.241440
vt 0.282571 0.210715
vt 0.282659 0.209509
vt 0.176960 0.178933
vt 0.176912 0.156862
vt 0.176728 0.262451
vt 0.176771 0.240224
vt 0.176899 0.209538
vt 0.164947 0.178530
vt 0.164894 0.156858
vt 0.164748 0.262495
vt 0.164767 0.240620
vt 0.164892 0.209305
vt 0.105210 0.179003
vt 0.105156 0.156865
vt 0.105060 0.261341
vt 0.105059 0.239657
vt 0.105155 0.208366
vt 0.009019 0.177762
vt 0.009107 0.156864
vt 0.009145 0.258675
vt 0.009132 0.238940
vt 0.009105 0.194408
vt 0.691577 0.271191
vt 0.733068 0.305435
vt 0.729799 0.295460
vt 0.672610 0.242788
vt 0.691254 0.277504
vt 0.943390 0.271827
vt 0.894845 0.190993
vt 0.932097 0.192998
vt 0.896443 0.193855
vt 0.861955 0.193260
vt 0.829261 0.186290
vt 0.794955 0.134727
vt 0.921170 0.137168
vt 0.893973 0.139341
vt 0.865352 0.138028
vt 0.836700 0.132027
vt 0.810993 0.124470
vt 0.920407 0.126136
vt 0.893043 0.127012
vt 0.865397 0.126113
vt 0.838164 0.125316
vt 0.811931 0.078678
vt 0.922560 0.080832
vt 0.891025 0.081257
vt 0.859517 0.079685
vt 0.833079 0.080727
vt 0.799760 0.022285
vt 0.916153 0.297631
vt 0.896239 0.288344
vt 0.847209 0.269373
vt 0.819744 0.258317
vt 0.777169 0.262895
vt 0.659926 0.229989
vt 0.669953 0.322712
vt 0.155843 0.338839
vt 0.172206 0.348601
vt 0.185470 0.371938
vt 0.183391 0.345284
vt 0.191122 0.332432
vt 0.185662 0.321441
vt 0.198470 0.322238
vt 0.225407 0.404078
vt 0.126990 0.865055
vt 0.217936 0.504623
vt 0.103869 0.466267
vt 0.151595 0.799250
vt 0.296807 0.498824
vt 0.139493 0.534948
vt 0.121070 0.511295
vt 0.121230 0.521771
vt 0.158539 0.862829
vt 0.290987 0.482086
vt 0.106717 0.830066
vt 0.265546 0.453622
vt 0.122113 0.348783
vt 0.305394 0.975959
vt 0.275717 0.349993
vt 0.254469 0.945565
vt 0.324564 0.379135
vt 0.287479 0.342391
vt 0.287540 0.994649
vt 0.317546 0.377154
vt 0.326437 0.371200
vt 0.307915 0.338779
vt 0.322207 0.942394
vt 0.283770 0.377983
vt 0.253076 0.352537
vt 0.219193 0.345330
vt 0.111191 0.434450
vt 0.183526 0.425677
vt 0.182837 0.345208
vt 0.159301 0.024802
vt 0.834175 0.027343
vt 0.803094 0.022574
vt 0.885689 0.024401
vt 0.858285 0.537976
vt 0.249074 0.510532
vt 0.247641 0.502437
vt 0.267024 0.481860
vt 0.266635 0.478756
vt 0.298604 0.845948
vt 0.332670 0.501713
vt 0.223190 0.451811
vt 0.246894 0.915930
vt 0.316296 0.874051
vt 0.294626 0.466546
vt 0.211027 0.935193
vt 0.252842 0.393868
vt 0.223227 0.379809
vt 0.002820 0.385276
vt 0.026398 0.404660
vt 0.029135 0.413177
vt 0.052204 0.444685
vt 0.043821 0.764717
vt 0.236724 0.372646
vt 0.044245 0.406096
vt 0.085797 0.833396
vt 0.247651 0.803747
vt 0.212600 0.369888
vt 0.076352 0.370541
vt 0.112213 0.786881
vt 0.327429 0.518852
vt 0.287159 0.417885
vt 0.008394 0.319079
vt 0.175443 0.074180
vt 0.434382 0.196311
vt 0.341096 0.216725
vt 0.317212 0.074180
vt 0.267622 0.070573
vt 0.173264 0.074180
vt 0.112698 0.074180
vt 0.052533 0.074180
vt 0.008116 0.245267
vt 0.751542 0.267621
vt 0.717088 0.915002
vt 0.184294 0.214381
vt 0.720737 0.325494
vt 0.732119 0.166694
vt 0.641811 0.109664
vt 0.467136 0.383173
vt 0.442957 0.369803
vt 0.375872 0.339210
vt 0.711640 0.348769
vt 0.679962 0.103248
vt 0.434457 0.120850
vt 0.176608 0.134948
vt 0.110885 0.130259
vt 0.037169 0.331855
vt 0.328735 0.254353
vt 0.311754 0.356052
vt 0.603449 0.127597
vt 0.541240 0.372076
vt 0.509803 0.125561
vt 0.396188 0.052213
vt 0.435121 0.160899
vt 0.344382 0.052199
vt 0.270102 0.103248
vt 0.269255 0.024946
vt 0.177405 0.015603
vt 0.114078 0.015229
vt 0.037995 0.405041
vt 0.501990 0.482016
vt 0.500708 0.444193
vt 0.680920 0.444337
vt 0.486970 0.902334
vt 0.157820 0.766562
vt 0.124377 0.839147
vt 0.082806 0.612763
vt 0.133373 0.630019
vt 0.082814 0.611524
vt 0.178227 0.673286
vt 0.171264 0.680265
vt 0.216605 0.860155
vt 0.637204 0.585514
vt 0.239948 0.625656
vt 0.034781 0.893097
vt 0.082816 0.907612
vt 0.034774 0.482248
vt 0.662641 0.484055
vt 0.583611 0.496679
vt 0.535290 0.847300
vt 0.034781 0.759235
vt 0.034781 0.825517
vt 0.119531 0.762545
vt 0.082810 0.714022
vt 0.152792 0.683675
vt 0.262011 0.733139
vt 0.298451 0.741208
vt 0.135334 0.747321
vt 0.175599 0.556098
vt 0.082873 0.523983
vt 0.193607 0.931614
vt 0.619562 0.859162
vt 0.619561 0.984571
vt 0.619566 0.809002
vt 0.619568 0.771391
vt 0.173653 0.956429
vt 0.082831 0.831318
vt 0.179488 0.565069
vt 0.125774 0.766562
vt 0.124377 0.839147
vt 0.082806 0.612763
vt 0.133373 0.630019
vt 0.082814 0.611524
vt 0.178227 0.553440
vt 0.147344 0.673286
vt 0.171264 0.680265
vt 0.216605 0.860155
vt 0.637204 0.585514
vt 0.239948 0.625656
vt 0.034781 0.893097
vt 0.082816 0.907612
vt 0.034774 0.822097
vt -0.932024 0.414389
vt 0.664312 0.402794
vt 0.589634 0.390325
vt 0.535290 0.847300
vt 0.034781 0.759235
vt 0.034781 0.825517
vt 0.119531 0.762545
vt 0.082810 0.714022
vt 0.152792 0.683675
vt 0.262011 0.708734
vt 0.182754 0.739917
vt 0.258444 0.741208
vt 0.135334 0.980675
vt 0.034781 0.551902
vt 0.034781 0.723912
vt 0.180687 0.726464
vt 0.206012 0.931614
vt 0.619562 0.859162
vt 0.619561 0.405041
vt 0.501990 0.482016
vt 0.500708 0.444193
vt 0.680920 0.444337
vt 0.486970 0.902334
vt 0.157820 0.766562
vt 0.124377 0.839147
vt 0.082806 0.612763
vt 0.133373 0.630019
vt 0.082814 0.611524
vt 0.178227 0.673286
vt 0.171264 0.680265
vt 0.216605 0.860155
vt 0.637204 0.585514
vt 0.239948 0.625656
vt 0.034781 0.893097
vt 0.082816 0.907612
vt 0.034774 0.482248
vt 0.662641 0.484055
vt 0.583611 0.496679
vt 0.535290 0.847300
vt 0.034781 0.759235
vt 0.034781 0.825517
vt 0.119531 0.762545
vt 0.082810 0.714022
vt 0.152792 0.683675
vt 0.262011 0.733139
vt 0.298451 0.741208
vt 0.135334 0.747321
vt 0.175599 0.556098
vt 0.082873 0.523983
vt 0.193607 0.931614
vt 0.619562 0.859162
vt 0.619561 0.984571
vt 0.619566 0.809002
vt 0.619568 0.771391
vt 0.173653 0.956429
vt 0.082831 0.831318
vt 0.179488 0.565069
vt 0.125774 0.766562
vt 0.124377 0.839147
vt 0.082806 0.612763
vt 0.133373 0.630019
vt 0.082814 0.611524
vt 0.178227 0.553440
vt 0.147344 0.673286
vt 0.171264 0.680265
vt 0.216605 0.860155
vt 0.637204 0.585514
vt 0.239948 0.625656
vt 0.034781 0.893097
vt 0.082816 0.907612
vt 0.034774 0.822097
vt -0.932024 0.414389
vt 0.664312 0.402794
vt 0.589634 0.390325
vt 0.535290 0.847300
vt 0.034781 0.759235
vt 0.034781 0.825517
vt 0.119531 0.762545
vt 0.082810 0.714022
vt 0.152792 0.683675
vt 0.262011 0.708734
vt 0.182754 0.739917
vt 0.258444 0.741208
vt 0.135334 0.980675
vt 0.034781 0.551902
vt 0.034781 0.723912
vt 0.180687 0.726464
vt 0.206012 0.931614
vt 0.619562 0.859162
vt 0.619561 0.478089
vt 0.458028 0.434022
vt 0.460100 0.516709
vt 0.408991 0.475307
vt 0.422175 0.521470
vt 0.440478 0.433412
vt 0.424145 0.391100
vt 0.416481 0.389416
vt 0.449785 0.489717
vt 0.355412 0.468217
vt 0.312162 0.410940
vt 0.364367 0.662119
vt 0.716649 0.424148
vt 0.704258 0.467581
vt 0.678790 0.428075
vt 0.810691 0.452443
vt 0.728141 0.424297
vt 0.818705 0.428041
vt 0.739727 0.491614
vt 0.670846 0.369780
vt 0.965304 0.530795
vt 0.963711 0.526850
vt 0.943913 0.560495
vt 0.966485 0.432444
vt 0.960790 0.458350
vt 0.949284 0.660325
vt 0.509825 0.505156
vt 0.950211 0.523470
vt 0.969166 0.513487
vt 0.844981 0.631720
vt 0.592197 0.647060
vt 0.605539 0.610318
vt 0.674102 0.686846
vt 0.592296 0.643033
vt 0.741906 0.500532
vt 0.857815 0.873265
vt 0.646571 0.942723
vt 0.690184 0.706912
vt 0.699946 0.809164
vt 0.642700 0.680237
vt 0.923194 0.502184
vt 0.934808 0.410480
vt 0.943058 0.333717
vt 0.760930 0.337839
vt 0.875916 0.351842
vt 0.713585 0.348509
vt 0.723421 0.397669
vt 0.672782 0.406314
vt 0.671129 0.357248
vt 0.961442 0.349200
vt 0.950097 0.590993
vt 0.398164 0.620229
vt 0.392161 0.758068
vt 0.926655 0.866211
vt 0.935023 0.603231
vt 0.899206 0.503853
vt 0.614929 0.500193
vt 0.508808 0.515538
vt 0.460745 0.492678
vt 0.671624 0.662119
vt 0.716649 0.424148
vt 0.704258 0.414683
vt 0.669133 0.467581
vt 0.678790 0.428075
vt 0.810691 0.452443
vt 0.728141 0.424297
vt 0.818705 0.428041
vt 0.739727 0.491614
vt 0.670846 0.425381
vt 0.992634 0.473864
vt 0.993949 0.655049
vt 0.392616 0.361989
vt 0.985569 0.369780
vt 0.965304 0.530795
vt 0.963711 0.607474
vt 0.926111 0.560495
vt 0.966485 0.526850
vt 0.943913 0.432444
vt 0.960790 0.458350
vt 0.949284 0.675942
vt 0.397575 0.660325
vt 0.509825 0.504819
vt 0.982014 0.505156
vt 0.950211 0.523470
vt 0.969166 0.513487
vt 0.844981 0.631720
vt 0.592197 0.647060
vt 0.605539 0.610318
vt 0.674102 0.686846
vt 0.592296 0.318358
vt 0.946086 0.332985
vt 0.914035 0.351824
vt 0.917988 0.643033
vt 0.741906 0.899754
vt 0.907230 0.550589
vt 0.921118 0.573964
vt 0.913054 0.941475
vt 0.844586 0.500532
vt 0.857815 0.958617
vt 0.815628 0.977005
vt 0.778555 0.986038
vt 0.746822 0.873265
vt 0.646571 0.942723
vt 0.690184 0.706912
vt 0.699946 0.993890
vt 0.718613 0.809164
vt 0.642700 0.680237
vt 0.923194 0.128024
vt 0.665246 0.128073
vt 0.588743 0.977726
vt 0.635737 0.977684
vt 0.562795 0.032146
vt 0.706639 0.054159
vt 0.707427 0.122147
vt 0.705838 0.192149
vt 0.721680 0.188255
vt 0.704255 0.986255
vt 0.522587 0.986838
vt 0.495869 0.263624
vt 0.293398 0.241486
vt 0.293445 0.212269
vt 0.293764 0.156867
vt 0.293046 0.180745
vt 0.293596 0.291947
vt 0.293282 0.291961
vt 0.282609 0.292005
vt 0.224637 0.291985
vt 0.176769 0.291980
vt 0.164758 0.291970
vt 0.105067 0.292016
vt 0.009173 0.260362
vt 0.765267 0.278152
vt 0.754782 0.317227
vt 0.757595 0.299978
vt 0.753122 0.261438
vt 0.978880 0.187689
vt 0.970511 0.133942
vt 0.947344 0.124017
vt 0.946876 0.077331
vt 0.954136 0.025958
vt 0.940261 0.299646
vt 0.949749 0.313523
vt 0.897079 0.285933
vt 0.813373 0.266529
vt 0.773201 0.270117
vt 0.985204 0.901974
vt 0.169335 0.926239
vt 0.169160 0.812063
vt 0.348871 0.839574
vt 0.331907 0.519018
vt 0.087443 0.480619
vt 0.075533 0.478704
vt 0.178098 0.442466
vt 0.094509 0.895223
vt 0.247055 0.408140
vt 0.121626 0.409091
vt 0.268586 0.400148
vt 0.251902 0.962174
vt 0.350266 0.993626
vt 0.342878 0.404484
vt 0.306427 0.328204
vt 0.293271 0.322715
vt 0.258207 0.848417
vt 0.187710 0.015411
vt 0.798160 0.014576
vt 0.833295 0.011279
vt 0.854483 0.011262
vt 0.882165 0.007734
vt 0.914632 0.014243
vt 0.943027 0.902900
vt 0.363305 0.528074
vt 0.204826 0.439565
vt 0.273778 0.481557
vt 0.181077 0.801789
vt 0.280445 0.766861
vt 0.288531 0.345584
vt 0.025876 0.435735
vt 0.092179 0.338597
vt 0.070593 0.847931
vt 0.368470 0.880106
vt 0.381261 0.748487
vt 0.263955 0.970188
vt 0.233675 0.952819
vt 0.201786 0.949755
vt 0.185048 0.052213
vt 0.535690 0.074180
vt 0.536764 0.103238
vt 0.537862 0.305560
vt 0.843403 0.127597
vt 0.541240 0.166694
vt 0.641811 0.356052
vt 0.603449 0.372076
vt 0.509803 0.109664
vt 0.467136 0.383173
vt 0.442957 0.125561
vt 0.396188 0.369803
vt 0.375872 0.331855
vt 0.328735 0.214381
vt 0.720737 0.245267
vt 0.751542 0.254353
vt 0.311754 0.263624
vt 0.293398 0.241486
vt 0.293445 0.212269
vt 0.293764 0.156867
vt 0.293046 0.180745
vt 0.293596 0.291947
vt 0.293282 0.291961
vt 0.282609 0.292005
vt 0.224637 0.291985
vt 0.176769 0.291980
vt 0.164758 0.291970
vt 0.105067 0.292016
vt 0.009173 0.339210
vt 0.711640 0.325494
vt 0.732119 0.260362
vt 0.765267 0.278152
vt 0.754782 0.317227
vt 0.757595 0.299978
vt 0.753122 0.194408
vt 0.691577 0.261438
vt 0.978880 0.187689
vt 0.970511 0.133942
vt 0.947344 0.124017
vt 0.946876 0.077331
vt 0.954136 0.025958
vt 0.940261 0.299646
vt 0.949749 0.313523
vt 0.897079 0.285933
vt 0.813373 0.266529
vt 0.773201 0.270117
vt 0.985204 0.348769
vt 0.679962 0.901974
vt 0.169335 0.926239
vt 0.169160 0.812063
vt 0.348871 0.839574
vt 0.331907 0.519018
vt 0.087443 0.480619
vt 0.075533 0.478704
vt 0.178098 0.442466
vt 0.094509 0.895223
vt 0.247055 0.408140
vt 0.121626 0.409091
vt 0.268586 0.400148
vt 0.251902 0.962174
vt 0.350266 0.993626
vt 0.342878 0.404484
vt 0.306427 0.328204
vt 0.293271 0.322715
vt 0.258207 0.848417
vt 0.187710 0.015411
vt 0.798160 0.014576
vt 0.833295 0.011279
vt 0.854483 0.011262
vt 0.882165 0.007734
vt 0.914632 0.014243
vt 0.943027 0.902900
vt 0.363305 0.528074
vt 0.204826 0.439565
vt 0.273778 0.481557
vt 0.181077 0.801789
vt 0.280445 0.766861
vt 0.288531 0.345584
vt 0.025876 0.435735
vt 0.092179 0.338597
vt 0.070593 0.880106
vt 0.381261 0.847931
vt 0.368470 0.748487
vt 0.263955 0.970188
vt 0.233675 0.952819
vt 0.201786 0.949755
vt 0.185048 0.160899
vt 0.344382 0.216725
vt 0.317212 0.052213
vt 0.535690 0.074180
vt 0.536764 0.052213
vt 0.435121 0.103248
vt 0.434457 0.103238
vt 0.537862 0.052199
vt 0.270102 0.103248
vt 0.269255 0.024946
vt 0.177405 0.120850
vt 0.176608 0.015603
vt 0.114078 0.134948
vt 0.110885 0.015229
vt 0.037995 0.130259
vt 0.037169 0.074180
vt 0.008116 0.305560
vt 0.843403 0.932920
vt 0.637246 0.985572
vt 0.637216 0.759081
vt 0.004389 0.847077
vt 0.004388 0.551998
vt 0.004390 0.625815
vt 0.004390 0.917248
vt 0.004389 0.973886
vt 0.004316 0.667184
vt 0.291346 0.810204
vt 0.637181 0.818465
vt -0.937778 0.836155
vt -0.935693 0.827325
vt -0.934609 0.823602
vt -0.930464 0.902334
vt 0.157820 0.565069
vt 0.125774 0.556098
vt 0.082873 0.551902
vt 0.034781 0.553440
vt 0.147344 0.723912
vt 0.180687 0.771391
vt 0.173653 0.831318
vt 0.179488 0.523983
vt 0.193607 0.932920
vt 0.637246 0.985572
vt 0.637216 0.984571
vt 0.619566 0.956429
vt 0.082831 0.980675
vt 0.034781 0.759081
vt 0.004389 0.847077
vt 0.004388 0.551998
vt 0.004390 0.625815
vt 0.004390 0.917248
vt 0.004389 0.973886
vt 0.004316 0.747321
vt 0.175599 0.667184
vt 0.291346 0.708734
vt 0.182754 0.726464
vt 0.206012 0.739917
vt 0.258444 0.733139
vt 0.298451 0.810204
vt 0.637181 0.809002
vt 0.619568 0.818465
vt -0.937778 0.806551
vt -0.935557 0.836155
vt -0.935693 0.836512
vt -0.933903 0.823602
vt -0.930464 0.932920
vt 0.637246 0.985572
vt 0.637216 0.759081
vt 0.004389 0.847077
vt 0.004388 0.551998
vt 0.004390 0.625815
vt 0.004390 0.917248
vt 0.004389 0.973886
vt 0.004316 0.667184
vt 0.291346 0.810204
vt 0.637181 0.818465
vt -0.937778 0.836155
vt -0.935693 0.827325
vt -0.934609 0.823602
vt -0.930464 0.902334
vt 0.157820 0.565069
vt 0.125774 0.556098
vt 0.082873 0.551902
vt 0.034781 0.553440
vt 0.147344 0.723912
vt 0.180687 0.771391
vt 0.173653 0.831318
vt 0.179488 0.523983
vt 0.193607 0.932920
vt 0.637246 0.985572
vt 0.637216 0.984571
vt 0.619566 0.956429
vt 0.082831 0.980675
vt 0.034781 0.759081
vt 0.004389 0.847077
vt 0.004388 0.551998
vt 0.004390 0.625815
vt 0.004390 0.917248
vt 0.004389 0.973886
vt 0.004316 0.747321
vt 0.175599 0.667184
vt 0.291346 0.708734
vt 0.182754 0.726464
vt 0.206012 0.739917
vt 0.258444 0.733139
vt 0.298451 0.810204
vt 0.637181 0.809002
vt 0.619568 0.818465
vt -0.937778 0.836155
vt -0.935693 0.806551
vt -0.935557 0.836512
vt -0.933903 0.823602
vt -0.930464 1.000000

f 1/1 28/28 4/4
f 31/31 203/203 88/88
f 203/203 31/31 213/213
f 6/6 147/147 96/96
f 147/147 6/6 28/28
f 202/202 15/15 89/89
f 15/15 202/202 204/204
f 217/217 35/35 99/99
f 35/35 217/217 90/90
f 102/102 64/64 101/101
f 67/67 14/14 13/13
f 16/16 208/208 27/27
f 208/208 16/16 114/114
f 51/51 85/85 21/21
f 206/206 67/67 13/13
f 67/67 206/206 123/123
f 85/85 20/20 21/21
f 20/20 85/85 69/69
f 13/13 207/207 206/206
f 24/24 175/175 9/9
f 175/175 24/24 125/125
f 26/26 125/125 24/24
f 125/125 26/26 128/128
f 18/18 27/27 26/26
f 43/43 15/15 28/28
f 15/15 43/43 46/46
f 175/175 25/25 9/9
f 25/25 175/175 209/209
f 30/30 52/52 12/12
f 52/52 30/30 22/22
f 88/88 2/2 31/31
f 848/848 8/8 62/62
f 27/27 128/128 26/26
f 128/128 27/27 208/208
f 30/30 24/24 9/9
f 24/24 30/30 87/87
f 24/24 18/18 26/26
f 18/18 24/24 87/87
f 27/27 19/19 16/16
f 19/19 27/27 18/18
f 34/34 25/25 33/33
f 22/22 9/9 25/25
f 9/9 22/22 30/30
f 99/99 849/849 210/210
f 849/849 99/99 35/35
f 32/32 36/36 45/45
f 36/36 34/34 37/37
f 34/34 36/36 32/32
f 34/34 850/850 37/37
f 39/39 38/38 48/48
f 851/851 29/29 40/40
f 29/29 41/41 40/40
f 42/42 39/39 48/48
f 42/42 40/40 41/41
f 37/37 47/47 852/852
f 37/37 852/852 44/44
f 851/851 42/42 48/48
f 42/42 851/851 40/40
f 1/1 43/43 28/28
f 1/1 4/4 853/853
f 39/39 852/852 854/854
f 852/852 39/39 44/44
f 41/41 29/29 45/45
f 42/42 45/45 36/36
f 45/45 42/42 41/41
f 8/8 7/7 62/62
f 36/36 37/37 44/44
f 204/204 28/28 15/15
f 28/28 204/204 147/147
f 15/15 90/90 89/89
f 90/90 15/15 35/35
f 850/850 47/47 37/37
f 47/47 850/850 852/852
f 855/855 25/25 209/209
f 25/25 855/855 33/33
f 155/155 11/11 10/10
f 11/11 155/155 109/109
f 50/50 114/114 16/16
f 114/114 50/50 97/97
f 49/49 19/19 17/17
f 20/20 52/52 22/22
f 21/21 32/32 51/51
f 850/850 34/34 33/33
f 50/50 19/19 49/49
f 19/19 50/50 16/16
f 22/22 32/32 21/21
f 32/32 22/22 25/25
f 52/52 20/20 69/69
f 10/10 211/211 155/155
f 211/211 10/10 856/856
f 857/857 216/216 858/858
f 216/216 857/857 859/859
f 860/860 856/856 10/10
f 53/53 17/17 30/30
f 30/30 12/12 53/53
f 10/10 861/861 860/860
f 861/861 10/10 11/11
f 56/56 861/861 11/11
f 861/861 56/56 55/55
f 50/50 161/161 97/97
f 161/161 50/50 54/54
f 54/54 49/49 862/862
f 49/49 54/54 50/50
f 49/49 53/53 862/862
f 53/53 49/49 17/17
f 212/212 11/11 109/109
f 11/11 212/212 56/56
f 56/56 863/863 55/55
f 863/863 212/212 864/864
f 212/212 863/863 56/56
f 4/4 3/3 29/29
f 92/92 45/45 865/865
f 45/45 92/92 32/32
f 32/32 25/25 34/34
f 45/45 29/29 57/57
f 60/60 59/59 866/866
f 59/59 60/60 61/61
f 867/867 866/866 59/59
f 868/868 58/58 61/61
f 58/58 868/868 62/62
f 63/63 7/7 869/869
f 63/63 869/869 867/867
f 867/867 59/59 63/63
f 59/59 58/58 63/63
f 58/58 59/59 61/61
f 58/58 7/7 63/63
f 13/13 14/14 23/23
f 14/14 67/67 77/77
f 101/101 64/64 170/170
f 170/170 65/65 171/171
f 6/6 3/3 4/4
f 31/31 3/3 6/6
f 31/31 65/65 64/64
f 171/171 6/6 96/96
f 6/6 171/171 65/65
f 102/102 31/31 64/64
f 31/31 102/102 213/213
f 20/20 22/22 21/21
f 39/39 854/854 38/38
f 29/29 853/853 4/4
f 39/39 42/42 36/36
f 39/39 36/36 44/44
f 15/15 849/849 35/35
f 849/849 15/15 46/46
f 848/848 868/868 870/870
f 62/62 868/868 848/848
f 64/64 65/65 170/170
f 174/174 66/66 123/123
f 66/66 77/77 67/67
f 92/92 5/5 91/91
f 5/5 92/92 865/865
f 205/205 91/91 5/5
f 91/91 205/205 218/218
f 214/214 66/66 174/174
f 66/66 214/214 86/86
f 31/31 6/6 65/65
f 66/66 67/67 123/123
f 871/871 2/2 88/88
f 77/77 66/66 86/86
f 188/188 68/68 74/74
f 68/68 188/188 177/177
f 216/216 78/78 84/84
f 78/78 216/216 83/83
f 83/83 216/216 82/82
f 73/73 71/71 70/70
f 71/71 73/73 72/72
f 79/79 177/177 184/184
f 177/177 79/79 68/68
f 70/70 75/75 81/81
f 70/70 76/76 75/75
f 76/76 70/70 71/71
f 14/14 73/73 80/80
f 14/14 72/72 73/73
f 72/72 14/14 77/77
f 74/74 71/71 72/72
f 71/71 74/74 68/68
f 86/86 188/188 74/74
f 188/188 86/86 214/214
f 79/79 872/872 76/76
f 872/872 79/79 873/873
f 81/81 73/73 70/70
f 73/73 81/81 80/80
f 81/81 51/51 80/80
f 51/51 81/81 85/85
f 874/874 85/85 81/81
f 85/85 874/874 69/69
f 80/80 23/23 14/14
f 23/23 80/80 51/51
f 79/79 215/215 873/873
f 215/215 79/79 184/184
f 81/81 75/75 874/874
f 75/75 872/872 875/875
f 872/872 75/75 76/76
f 76/76 68/68 79/79
f 68/68 76/76 71/71
f 82/82 216/216 859/859
f 84/84 876/876 216/216
f 74/74 77/77 86/86
f 77/77 74/74 72/72
f 62/62 7/7 58/58
f 30/30 17/17 87/87
f 19/19 87/87 17/17
f 87/87 19/19 18/18
f 28/28 6/6 4/4
f 5/5 203/203 205/205
f 203/203 5/5 88/88
f 5/5 871/871 88/88
f 871/871 5/5 865/865
f 2/2 3/3 31/31
f 3/3 2/2 29/29
f 13/13 23/23 207/207
f 75/75 875/875 874/874
f 91/91 207/207 23/23
f 207/207 91/91 218/218
f 51/51 91/91 23/23
f 91/91 51/51 92/92
f 92/92 51/51 32/32
f 93/93 98/98 130/130
f 133/133 877/877 878/878
f 877/877 133/133 199/199
f 103/103 879/879 130/130
f 879/879 103/103 880/880
f 881/881 113/113 882/882
f 113/113 881/881 200/200
f 883/883 137/137 201/201
f 137/137 883/883 884/884
f 885/885 886/886 169/169
f 173/173 111/111 112/112
f 115/115 887/887 888/888
f 887/887 115/115 129/129
f 154/154 120/120 196/196
f 889/889 173/173 890/890
f 173/173 889/889 111/111
f 196/196 119/119 178/178
f 119/119 196/196 120/120
f 111/111 889/889 891/891
f 124/124 892/892 893/893
f 892/892 124/124 106/106
f 127/127 893/893 894/894
f 893/893 127/127 124/124
f 117/117 127/127 129/129
f 145/145 113/113 149/149
f 113/113 145/145 130/130
f 892/892 126/126 895/895
f 126/126 892/892 106/106
f 132/132 156/156 121/121
f 156/156 132/132 110/110
f 199/199 133/133 94/94
f 896/896 167/167 105/105
f 129/129 894/894 887/887
f 894/894 129/129 127/127
f 132/132 124/124 198/198
f 124/124 132/132 106/106
f 124/124 117/117 198/198
f 117/117 124/124 127/127
f 129/129 118/118 117/117
f 118/118 129/129 115/115
f 136/136 135/135 126/126
f 121/121 106/106 132/132
f 106/106 121/121 126/126
f 884/884 897/897 137/137
f 897/897 884/884 898/898
f 134/134 148/148 138/138
f 138/138 136/136 134/134
f 136/136 138/138 139/139
f 136/136 139/139 899/899
f 141/141 151/151 140/140
f 900/900 142/142 131/131
f 131/131 142/142 143/143
f 144/144 151/151 141/141
f 144/144 143/143 142/142
f 139/139 901/901 150/150
f 139/139 146/146 901/901
f 900/900 151/151 144/144
f 144/144 142/142 900/900
f 93/93 130/130 145/145
f 93/93 902/902 98/98
f 141/141 901/901 146/146
f 901/901 141/141 903/903
f 143/143 148/148 131/131
f 144/144 148/148 143/143
f 148/148 144/144 138/138
f 105/105 167/167 104/104
f 138/138 146/146 139/139
f 882/882 130/130 879/879
f 130/130 882/882 113/113
f 113/113 201/201 137/137
f 201/201 113/113 200/200
f 899/899 139/139 150/150
f 150/150 901/901 899/899
f 904/904 126/126 135/135
f 126/126 904/904 895/895
f 905/905 108/108 906/906
f 108/108 905/905 107/107
f 153/153 888/888 907/907
f 888/888 153/153 115/115
f 152/152 116/116 118/118
f 119/119 121/121 156/156
f 120/120 154/154 134/134
f 899/899 135/135 136/136
f 153/153 118/118 115/115
f 118/118 153/153 152/152
f 121/121 134/134 126/126
f 134/134 121/121 120/120
f 156/156 178/178 119/119
f 107/107 908/908 909/909
f 908/908 107/107 905/905
f 910/910 911/911 912/912
f 911/911 910/910 913/913
f 914/914 107/107 909/909
f 132/132 116/116 157/157
f 157/157 110/110 132/132
f 107/107 915/915 108/108
f 915/915 107/107 914/914
f 160/160 915/915 159/159
f 915/915 160/160 108/108
f 153/153 916/916 158/158
f 916/916 153/153 907/907
f 158/158 152/152 153/153
f 152/152 158/158 917/917
f 152/152 157/157 116/116
f 157/157 152/152 917/917
f 918/918 108/108 160/160
f 108/108 918/918 906/906
f 160/160 159/159 919/919
f 919/919 918/918 160/160
f 918/918 919/919 920/920
f 98/98 131/131 95/95
f 220/220 148/148 134/134
f 148/148 220/220 921/921
f 134/134 136/136 126/126
f 148/148 162/162 131/131
f 165/165 164/164 166/166
f 164/164 165/165 922/922
f 923/923 164/164 922/922
f 924/924 163/163 167/167
f 163/163 924/924 166/166
f 168/168 925/925 104/104
f 168/168 923/923 925/925
f 923/923 168/168 164/164
f 164/164 163/163 166/166
f 163/163 164/164 168/168
f 163/163 168/168 104/104
f 111/111 122/122 112/112
f 112/112 187/187 173/173
f 886/886 926/926 169/169
f 926/926 927/927 928/928
f 103/103 98/98 95/95
f 133/133 103/103 95/95
f 133/133 169/169 928/928
f 927/927 103/103 928/928
f 103/103 927/927 880/880
f 885/885 133/133 878/878
f 133/133 885/885 169/169
f 119/119 120/120 121/121
f 141/141 140/140 903/903
f 131/131 98/98 902/902
f 141/141 138/138 144/144
f 141/141 146/146 138/138
f 113/113 897/897 149/149
f 897/897 113/113 137/137
f 896/896 929/929 924/924
f 167/167 896/896 924/924
f 169/169 926/926 928/928
f 930/930 890/890 172/172
f 172/172 173/173 187/187
f 220/220 100/100 921/921
f 100/100 220/220 219/219
f 931/931 219/219 932/932
f 219/219 931/931 100/100
f 933/933 172/172 197/197
f 172/172 933/933 930/930
f 133/133 928/928 103/103
f 172/172 890/890 173/173
f 934/934 199/199 94/94
f 187/187 197/197 172/172
f 935/935 176/176 936/936
f 176/176 935/935 183/183
f 911/911 189/189 194/194
f 189/189 911/911 195/195
f 194/194 193/193 911/911
f 182/182 180/180 181/181
f 180/180 182/182 179/179
f 190/190 936/936 176/176
f 936/936 190/190 937/937
f 179/179 192/192 185/185
f 179/179 186/186 180/180
f 186/186 179/179 185/185
f 112/112 191/191 182/182
f 112/112 181/181 187/187
f 181/181 112/112 182/182
f 183/183 180/180 176/176
f 180/180 183/183 181/181
f 197/197 935/935 933/933
f 935/935 197/197 183/183
f 190/190 938/938 939/939
f 938/938 190/190 186/186
f 192/192 182/182 191/191
f 182/182 192/192 179/179
f 192/192 154/154 196/196
f 154/154 192/192 191/191
f 940/940 196/196 178/178
f 196/196 940/940 192/192
f 191/191 122/122 154/154
f 122/122 191/191 112/112
f 190/190 941/941 937/937
f 941/941 190/190 939/939
f 192/192 940/940 185/185
f 185/185 938/938 186/186
f 938/938 185/185 942/942
f 186/186 176/176 180/180
f 176/176 186/186 190/190
f 193/193 912/912 911/911
f 195/195 911/911 943/943
f 183/183 187/187 181/181
f 187/187 183/183 197/197
f 167/167 163/163 104/104
f 132/132 198/198 116/116
f 118/118 198/198 117/117
f 198/198 118/118 116/116
f 130/130 98/98 103/103
f 100/100 877/877 199/199
f 877/877 100/100 931/931
f 100/100 934/934 921/921
f 934/934 100/100 199/199
f 94/94 133/133 95/95
f 95/95 131/131 94/94
f 111/111 891/891 122/122
f 185/185 940/940 942/942
f 219/219 891/891 932/932
f 891/891 219/219 122/122
f 154/154 219/219 220/220
f 219/219 154/154 122/122
f 220/220 134/134 154/154
f 290/290 221/221 222/222
f 221/221 290/290 289/289
f 223/223 225/225 224/224
f 226/226 227/227 230/230
f 226/226 229/229 228/228
f 229/229 226/226 230/230
f 228/228 232/232 231/231
f 232/232 228/228 229/229
f 231/231 234/234 233/233
f 234/234 231/231 232/232
f 233/233 234/234 235/235
f 238/238 236/236 239/239
f 236/236 238/238 237/237
f 240/240 237/237 241/241
f 237/237 240/240 236/236
f 244/244 242/242 245/245
f 242/242 244/244 243/243
f 246/246 243/243 247/247
f 243/243 246/246 242/242
f 248/248 247/247 249/249
f 247/247 248/248 246/246
f 250/250 249/249 251/251
f 249/249 250/250 248/248
f 254/254 252/252 255/255
f 252/252 254/254 253/253
f 254/254 255/255 256/256
f 259/259 258/258 257/257
f 258/258 259/259 261/261
f 259/259 260/260 261/261
f 262/262 266/266 263/263
f 262/262 265/265 266/266
f 265/265 262/262 264/264
f 264/264 268/268 265/265
f 268/268 264/264 267/267
f 267/267 270/270 268/268
f 270/270 267/267 269/269
f 269/269 271/271 270/270
f 944/944 272/272 273/273
f 272/272 944/944 945/945
f 274/274 273/273 272/272
f 273/273 274/274 275/275
f 946/946 276/276 277/277
f 276/276 946/946 947/947
f 278/278 277/277 276/276
f 277/277 278/278 279/279
f 280/280 279/279 278/278
f 279/279 280/280 281/281
f 282/282 281/281 280/280
f 281/281 282/282 283/283
f 286/286 284/284 285/285
f 284/284 286/286 287/287
f 286/286 288/288 287/287
f 290/290 223/223 289/289
f 223/223 290/290 225/225
f 292/292 303/303 294/294
f 291/291 299/299 293/293
f 299/299 291/291 295/295
f 300/300 948/948 297/297
f 948/948 300/300 949/949
f 295/295 302/302 299/299
f 302/302 295/295 296/296
f 300/300 950/950 949/949
f 950/950 300/300 301/301
f 296/296 303/303 302/302
f 303/303 296/296 294/294
f 301/301 951/951 950/950
f 951/951 301/301 298/298
f 297/297 299/299 300/300
f 299/299 297/297 293/293
f 300/300 302/302 301/301
f 302/302 300/300 299/299
f 301/301 303/303 298/298
f 303/303 301/301 302/302
f 303/303 292/292 298/298
f 950/950 951/951 952/952
f 307/307 304/304 306/306
f 304/304 307/307 305/305
f 308/308 307/307 309/309
f 307/307 308/308 305/305
f 310/310 309/309 311/311
f 309/309 310/310 308/308
f 313/313 317/317 316/316
f 317/317 313/313 312/312
f 316/316 317/317 314/314
f 319/319 317/317 318/318
f 317/317 319/319 314/314
f 313/313 316/316 315/315
f 323/323 320/320 321/321
f 320/320 323/323 322/322
f 324/324 323/323 321/321
f 323/323 324/324 325/325
f 326/326 325/325 324/324
f 325/325 326/326 327/327
f 329/329 333/333 328/328
f 333/333 329/329 332/332
f 332/332 330/330 333/333
f 953/953 333/333 330/330
f 333/333 953/953 954/954
f 329/329 331/331 332/332
f 336/336 334/334 337/337
f 334/334 336/336 335/335
f 336/336 337/337 338/338
f 341/341 342/342 339/339
f 339/339 340/340 341/341
f 341/341 343/343 342/342
f 347/347 345/345 348/348
f 345/345 347/347 344/344
f 348/348 685/685 672/672
f 685/685 348/348 345/345
f 684/684 346/346 349/349
f 346/346 684/684 686/686
f 349/349 344/344 347/347
f 344/344 349/349 346/346
f 350/350 345/345 344/344
f 345/345 350/350 351/351
f 351/351 685/685 345/345
f 685/685 351/351 673/673
f 674/674 346/346 686/686
f 346/346 674/674 352/352
f 352/352 344/344 346/346
f 344/344 352/352 350/350
f 356/356 350/350 355/355
f 350/350 356/356 351/351
f 687/687 351/351 356/356
f 351/351 687/687 673/673
f 357/357 674/674 675/675
f 674/674 357/357 352/352
f 355/355 352/352 357/357
f 352/352 355/355 350/350
f 367/367 355/355 366/366
f 355/355 367/367 356/356
f 357/357 682/682 354/354
f 682/682 357/357 675/675
f 357/357 366/366 355/355
f 366/366 357/357 354/354
f 667/667 503/503 396/396
f 349/349 395/395 684/684
f 354/354 682/682 360/360
f 682/682 683/683 360/360
f 360/360 683/683 359/359
f 368/368 361/361 362/362
f 361/361 368/368 372/372
f 371/371 955/955 370/370
f 955/955 371/371 956/956
f 372/372 956/956 371/371
f 956/956 372/372 957/957
f 958/958 368/368 369/369
f 368/368 958/958 959/959
f 370/370 960/960 961/961
f 960/960 370/370 955/955
f 359/359 353/353 367/367
f 367/367 353/353 356/356
f 372/372 959/959 957/957
f 959/959 372/372 368/368
f 365/365 370/370 364/364
f 370/370 365/365 371/371
f 361/361 371/371 365/365
f 371/371 361/361 372/372
f 369/369 362/362 363/363
f 362/362 369/369 368/368
f 364/364 961/961 962/962
f 961/961 364/364 370/370
f 373/373 362/362 361/361
f 362/362 373/373 374/374
f 374/374 363/363 362/362
f 363/363 374/374 375/375
f 963/963 364/364 962/962
f 364/364 963/963 376/376
f 376/376 365/365 364/364
f 365/365 376/376 377/377
f 377/377 361/361 365/365
f 361/361 377/377 373/373
f 378/378 374/374 373/373
f 374/374 378/378 379/379
f 379/379 375/375 374/374
f 375/375 379/379 380/380
f 964/964 376/376 963/963
f 376/376 964/964 381/381
f 381/381 377/377 376/376
f 377/377 381/381 382/382
f 382/382 373/373 377/377
f 373/373 382/382 378/378
f 383/383 379/379 378/378
f 379/379 383/383 384/384
f 384/384 380/380 379/379
f 380/380 384/384 385/385
f 965/965 381/381 964/964
f 381/381 965/965 386/386
f 386/386 382/382 381/381
f 382/382 386/386 387/387
f 387/387 378/378 382/382
f 378/378 387/387 383/383
f 388/388 384/384 383/383
f 384/384 388/388 389/389
f 389/389 385/385 384/384
f 385/385 389/389 390/390
f 966/966 386/386 965/965
f 386/386 966/966 391/391
f 391/391 387/387 386/386
f 387/387 391/391 392/392
f 392/392 383/383 387/387
f 383/383 392/392 388/388
f 676/676 394/394 671/671
f 393/393 967/967 968/968
f 967/967 393/393 667/667
f 393/393 503/503 667/667
f 969/969 394/394 970/970
f 394/394 969/969 671/671
f 970/970 393/393 968/968
f 393/393 970/970 394/394
f 358/358 503/503 394/394
f 347/347 395/395 349/349
f 395/395 347/347 424/424
f 348/348 424/424 347/347
f 424/424 348/348 425/425
f 554/554 348/348 672/672
f 348/348 554/554 425/425
f 400/400 397/397 398/398
f 397/397 400/400 399/399
f 401/401 398/398 421/421
f 398/398 401/401 400/400
f 402/402 421/421 422/422
f 421/421 402/402 401/401
f 403/403 422/422 423/423
f 422/422 403/403 402/402
f 399/399 971/971 397/397
f 971/971 399/399 972/972
f 405/405 399/399 400/400
f 399/399 405/405 404/404
f 406/406 400/400 401/401
f 400/400 406/406 405/405
f 407/407 401/401 402/402
f 401/401 407/407 406/406
f 408/408 402/402 403/403
f 402/402 408/408 407/407
f 404/404 972/972 399/399
f 972/972 404/404 973/973
f 410/410 404/404 405/405
f 404/404 410/410 409/409
f 411/411 405/405 406/406
f 405/405 411/411 410/410
f 412/412 406/406 407/407
f 406/406 412/412 411/411
f 413/413 407/407 408/408
f 407/407 413/413 412/412
f 409/409 973/973 404/404
f 973/973 409/409 974/974
f 415/415 409/409 410/410
f 409/409 415/415 414/414
f 416/416 410/410 411/411
f 410/410 416/416 415/415
f 417/417 411/411 412/412
f 411/411 417/417 416/416
f 418/418 412/412 413/413
f 412/412 418/418 417/417
f 414/414 974/974 409/409
f 974/974 414/414 975/975
f 466/466 414/414 415/415
f 414/414 466/466 419/419
f 467/467 415/415 416/416
f 415/415 467/467 466/466
f 464/464 416/416 417/417
f 416/416 464/464 467/467
f 465/465 417/417 418/418
f 417/417 465/465 464/464
f 419/419 975/975 414/414
f 975/975 419/419 976/976
f 398/398 397/397 420/420
f 398/398 420/420 421/421
f 977/977 420/420 397/397
f 420/420 977/977 978/978
f 979/979 423/423 422/422
f 423/423 979/979 980/980
f 981/981 397/397 971/971
f 397/397 981/981 977/977
f 396/396 554/554 670/670
f 554/554 396/396 425/425
f 425/425 396/396 424/424
f 395/395 677/677 684/684
f 496/496 463/463 426/426
f 463/463 496/496 427/427
f 982/982 504/504 983/983
f 463/463 428/428 429/429
f 428/428 463/463 427/427
f 432/432 430/430 431/431
f 459/459 432/432 433/433
f 442/442 441/441 439/439
f 441/441 442/442 440/440
f 984/984 985/985 493/493
f 443/443 438/438 985/985
f 438/438 443/443 445/445
f 444/444 986/986 987/987
f 986/986 444/444 436/436
f 441/441 436/436 439/439
f 988/988 439/439 437/437
f 439/439 988/988 442/442
f 446/446 987/987 989/989
f 987/987 446/446 444/444
f 444/444 437/437 439/439
f 437/437 444/444 446/446
f 462/462 988/988 437/437
f 988/988 462/462 461/461
f 443/443 435/435 445/445
f 435/435 443/443 990/990
f 989/989 434/434 446/446
f 434/434 989/989 991/991
f 462/462 446/446 434/434
f 446/446 462/462 437/437
f 455/455 456/456 454/454
f 456/456 455/455 447/447
f 479/479 457/457 448/448
f 992/992 993/993 458/458
f 994/994 453/453 450/450
f 453/453 994/994 995/995
f 455/455 996/996 451/451
f 996/996 455/455 454/454
f 992/992 451/451 996/996
f 451/451 992/992 458/458
f 452/452 455/455 451/451
f 455/455 452/452 447/447
f 451/451 449/449 452/452
f 449/449 451/451 458/458
f 452/452 456/456 447/447
f 456/456 452/452 997/997
f 998/998 997/997 449/449
f 993/993 480/480 458/458
f 458/458 459/459 449/449
f 459/459 458/458 480/480
f 433/433 449/449 459/459
f 449/449 433/433 998/998
f 492/492 426/426 463/463
f 426/426 492/492 460/460
f 459/459 429/429 430/430
f 432/432 459/459 430/430
f 429/429 428/428 430/430
f 480/480 462/462 429/429
f 480/480 429/429 459/459
f 429/429 462/462 434/434
f 429/429 434/434 463/463
f 463/463 434/434 492/492
f 982/982 999/999 435/435
f 982/982 435/435 504/504
f 464/464 1000/1000 1001/1001
f 1000/1000 464/464 465/465
f 1002/1002 466/466 467/467
f 466/466 1002/1002 1003/1003
f 1004/1004 976/976 419/419
f 976/976 1004/1004 1005/1005
f 1001/1001 467/467 464/464
f 467/467 1001/1001 1002/1002
f 419/419 1003/1003 1004/1004
f 1003/1003 419/419 466/466
f 470/470 468/468 469/469
f 468/468 470/470 494/494
f 472/472 470/470 471/471
f 470/470 472/472 494/494
f 476/476 473/473 1006/1006
f 473/473 476/476 477/477
f 474/474 468/468 1007/1007
f 468/468 474/474 469/469
f 1008/1008 471/471 475/475
f 471/471 1008/1008 472/472
f 478/478 1007/1007 1009/1009
f 1007/1007 478/478 474/474
f 474/474 475/475 471/471
f 475/475 474/474 478/478
f 480/480 1008/1008 475/475
f 1008/1008 480/480 993/993
f 476/476 990/990 477/477
f 990/990 476/476 479/479
f 1009/1009 462/462 478/478
f 462/462 1009/1009 461/461
f 480/480 478/478 462/462
f 478/478 480/480 475/475
f 483/483 481/481 482/482
f 481/481 483/483 495/495
f 485/485 483/483 484/484
f 483/483 485/485 495/495
f 1010/1010 486/486 1011/1011
f 489/489 486/486 1010/1010
f 486/486 489/489 490/490
f 487/487 481/481 1012/1012
f 481/481 487/487 482/482
f 1013/1013 484/484 488/488
f 484/484 1013/1013 485/485
f 491/491 1012/1012 1014/1014
f 1012/1012 491/491 487/487
f 487/487 488/488 484/484
f 488/488 487/487 491/491
f 434/434 1013/1013 488/488
f 1013/1013 434/434 991/991
f 489/489 999/999 490/490
f 999/999 489/489 435/435
f 1014/1014 492/492 491/491
f 492/492 1014/1014 460/460
f 434/434 491/491 492/492
f 491/491 434/434 488/488
f 986/986 441/441 440/440
f 441/441 986/986 436/436
f 470/470 474/474 471/471
f 473/473 1015/1015 1016/1016
f 470/470 469/469 474/474
f 1006/1006 473/473 1016/1016
f 436/436 444/444 439/439
f 985/985 438/438 493/493
f 486/486 1017/1017 1011/1011
f 487/487 483/483 482/482
f 483/483 487/487 484/484
f 479/479 448/448 1018/1018
f 457/457 453/453 448/448
f 453/453 457/457 450/450
f 997/997 452/452 449/449
f 990/990 479/479 1019/1019
f 1019/1019 1020/1020 983/983
f 479/479 1018/1018 1019/1019
f 676/676 395/395 358/358
f 395/395 676/676 677/677
f 689/689 353/353 498/498
f 353/353 359/359 498/498
f 498/498 683/683 661/661
f 683/683 498/498 359/359
f 687/687 353/353 689/689
f 353/353 687/687 356/356
f 1021/1021 497/497 688/688
f 497/497 1021/1021 1022/1022
f 1022/1022 678/678 497/497
f 678/678 1022/1022 1023/1023
f 499/499 688/688 497/497
f 688/688 499/499 690/690
f 691/691 497/497 678/678
f 497/497 691/691 499/499
f 500/500 690/690 499/499
f 690/690 500/500 692/692
f 679/679 499/499 691/691
f 499/499 679/679 500/500
f 501/501 692/692 500/500
f 692/692 501/501 693/693
f 680/680 500/500 679/679
f 500/500 680/680 501/501
f 502/502 693/693 501/501
f 693/693 502/502 694/694
f 681/681 501/501 680/680
f 501/501 681/681 502/502
f 694/694 502/502 666/666
f 502/502 681/681 666/666
f 396/396 670/670 667/667
f 421/421 979/979 422/422
f 979/979 421/421 1024/1024
f 978/978 421/421 420/420
f 421/421 978/978 1024/1024
f 676/676 358/358 394/394
f 503/503 393/393 394/394
f 435/435 990/990 504/504
f 504/504 990/990 1019/1019
f 504/504 1019/1019 983/983
f 508/508 506/506 505/505
f 506/506 508/508 509/509
f 509/509 1025/1025 506/506
f 1025/1025 509/509 1026/1026
f 1027/1027 507/507 1028/1028
f 507/507 1027/1027 510/510
f 510/510 505/505 507/507
f 505/505 510/510 508/508
f 511/511 506/506 512/512
f 506/506 511/511 505/505
f 512/512 1025/1025 1029/1029
f 1025/1025 512/512 506/506
f 1030/1030 507/507 513/513
f 507/507 1030/1030 1028/1028
f 513/513 505/505 511/511
f 505/505 513/513 507/507
f 517/517 511/511 512/512
f 511/511 517/517 516/516
f 1031/1031 512/512 1029/1029
f 512/512 1031/1031 517/517
f 518/518 1030/1030 513/513
f 1030/1030 518/518 1032/1032
f 516/516 513/513 511/511
f 513/513 516/516 518/518
f 528/528 516/516 517/517
f 516/516 528/528 527/527
f 518/518 1033/1033 1032/1032
f 1033/1033 518/518 515/515
f 518/518 527/527 515/515
f 527/527 518/518 516/516
f 1034/1034 558/558 1035/1035
f 510/510 1027/1027 557/557
f 515/515 521/521 1033/1033
f 1033/1033 521/521 1036/1036
f 521/521 520/520 1036/1036
f 529/529 522/522 533/533
f 522/522 529/529 523/523
f 532/532 1037/1037 1038/1038
f 1037/1037 532/532 531/531
f 533/533 1038/1038 1039/1039
f 1038/1038 533/533 532/532
f 1040/1040 529/529 1041/1041
f 529/529 1040/1040 530/530
f 531/531 1042/1042 1037/1037
f 1042/1042 531/531 1043/1043
f 520/520 528/528 514/514
f 528/528 517/517 514/514
f 533/533 1041/1041 529/529
f 1041/1041 533/533 1039/1039
f 526/526 531/531 532/532
f 531/531 526/526 525/525
f 522/522 532/532 533/533
f 532/532 522/522 526/526
f 530/530 523/523 529/529
f 523/523 530/530 524/524
f 525/525 1043/1043 531/531
f 1043/1043 525/525 1044/1044
f 534/534 523/523 535/535
f 523/523 534/534 522/522
f 535/535 524/524 536/536
f 524/524 535/535 523/523
f 1045/1045 525/525 537/537
f 525/525 1045/1045 1044/1044
f 537/537 526/526 538/538
f 526/526 537/537 525/525
f 538/538 522/522 534/534
f 522/522 538/538 526/526
f 539/539 535/535 540/540
f 535/535 539/539 534/534
f 540/540 536/536 541/541
f 536/536 540/540 535/535
f 1046/1046 537/537 542/542
f 537/537 1046/1046 1045/1045
f 542/542 538/538 543/543
f 538/538 542/542 537/537
f 543/543 534/534 539/539
f 534/534 543/543 538/538
f 544/544 540/540 545/545
f 540/540 544/544 539/539
f 545/545 541/541 546/546
f 541/541 545/545 540/540
f 1047/1047 542/542 547/547
f 542/542 1047/1047 1046/1046
f 547/547 543/543 548/548
f 543/543 547/547 542/542
f 548/548 539/539 544/544
f 539/539 548/548 543/543
f 549/549 545/545 550/550
f 545/545 549/549 544/544
f 550/550 546/546 551/551
f 546/546 550/550 545/545
f 1048/1048 547/547 552/552
f 547/547 1048/1048 1047/1047
f 552/552 548/548 553/553
f 548/548 552/552 547/547
f 553/553 544/544 549/549
f 544/544 553/553 548/548
f 1049/1049 1050/1050 556/556
f 555/555 1051/1051 1035/1035
f 1051/1051 555/555 1052/1052
f 1035/1035 558/558 668/668
f 1053/1053 556/556 1050/1050
f 556/556 1053/1053 1054/1054
f 1054/1054 555/555 556/556
f 555/555 1054/1054 1052/1052
f 519/519 556/556 668/668
f 508/508 557/557 586/586
f 557/557 508/508 510/510
f 509/509 586/586 587/587
f 586/586 509/509 508/508
f 1055/1055 509/509 587/587
f 509/509 1055/1055 1026/1026
f 562/562 559/559 561/561
f 559/559 562/562 560/560
f 563/563 560/560 562/562
f 560/560 563/563 583/583
f 564/564 583/583 563/563
f 583/583 564/564 584/584
f 565/565 584/584 564/564
f 584/584 565/565 585/585
f 561/561 1056/1056 1057/1057
f 1056/1056 561/561 559/559
f 567/567 561/561 566/566
f 561/561 567/567 562/562
f 568/568 562/562 567/567
f 562/562 568/568 563/563
f 569/569 563/563 568/568
f 563/563 569/569 564/564
f 570/570 564/564 569/569
f 564/564 570/570 565/565
f 566/566 1057/1057 1058/1058
f 1057/1057 566/566 561/561
f 572/572 566/566 571/571
f 566/566 572/572 567/567
f 573/573 567/567 572/572
f 567/567 573/573 568/568
f 574/574 568/568 573/573
f 568/568 574/574 569/569
f 575/575 569/569 574/574
f 569/569 575/575 570/570
f 571/571 1058/1058 1059/1059
f 1058/1058 571/571 566/566
f 577/577 571/571 576/576
f 571/571 577/577 572/572
f 578/578 572/572 577/577
f 572/572 578/578 573/573
f 579/579 573/573 578/578
f 573/573 579/579 574/574
f 580/580 574/574 579/579
f 574/574 580/580 575/575
f 576/576 1059/1059 1060/1060
f 1059/1059 576/576 571/571
f 628/628 576/576 581/581
f 576/576 628/628 577/577
f 629/629 577/577 628/628
f 577/577 629/629 578/578
f 626/626 578/578 629/629
f 578/578 626/626 579/579
f 627/627 579/579 626/626
f 579/579 627/627 580/580
f 581/581 1060/1060 1061/1061
f 1060/1060 581/581 576/576
f 560/560 582/582 559/559
f 560/560 583/583 582/582
f 1062/1062 582/582 1063/1063
f 582/582 1062/1062 559/559
f 1064/1064 585/585 1065/1065
f 585/585 1064/1064 584/584
f 1066/1066 559/559 1062/1062
f 559/559 1066/1066 1056/1056
f 558/558 1055/1055 587/587
f 1055/1055 558/558 1034/1034
f 587/587 586/586 558/558
f 557/557 1027/1027 1067/1067
f 658/658 625/625 589/589
f 625/625 658/658 588/588
f 1068/1068 1069/1069 669/669
f 625/625 590/590 589/589
f 590/590 625/625 591/591
f 594/594 593/593 592/592
f 621/621 595/595 594/594
f 604/604 603/603 602/602
f 603/603 604/604 601/601
f 1070/1070 655/655 1071/1071
f 605/605 600/600 607/607
f 600/600 605/605 1071/1071
f 606/606 1072/1072 598/598
f 1072/1072 606/606 1073/1073
f 603/603 601/601 598/598
f 1074/1074 601/601 604/604
f 601/601 1074/1074 599/599
f 608/608 1073/1073 606/606
f 1073/1073 608/608 1075/1075
f 606/606 599/599 608/608
f 599/599 606/606 601/601
f 624/624 1074/1074 623/623
f 1074/1074 624/624 599/599
f 605/605 597/597 1076/1076
f 597/597 605/605 607/607
f 1075/1075 596/596 1077/1077
f 596/596 1075/1075 608/608
f 624/624 608/608 599/599
f 608/608 624/624 596/596
f 617/617 618/618 609/609
f 618/618 617/617 616/616
f 641/641 610/610 619/619
f 1078/1078 620/620 1079/1079
f 1080/1080 615/615 1081/1081
f 615/615 1080/1080 612/612
f 617/617 1082/1082 616/616
f 1082/1082 617/617 613/613
f 1078/1078 613/613 620/620
f 613/613 1078/1078 1082/1082
f 614/614 617/617 609/609
f 617/617 614/614 613/613
f 613/613 611/611 620/620
f 611/611 613/613 614/614
f 614/614 618/618 1083/1083
f 618/618 614/614 609/609
f 1084/1084 611/611 1083/1083
f 1079/1079 620/620 642/642
f 620/620 621/621 642/642
f 621/621 620/620 611/611
f 595/595 611/611 1084/1084
f 611/611 595/595 621/621
f 654/654 588/588 622/622
f 588/588 654/654 625/625
f 621/621 592/592 591/591
f 594/594 592/592 621/621
f 591/591 592/592 590/590
f 642/642 591/591 624/624
f 642/642 621/621 591/591
f 591/591 596/596 624/624
f 591/591 625/625 596/596
f 625/625 654/654 596/596
f 1068/1068 597/597 1085/1085
f 1068/1068 669/669 597/597
f 626/626 1086/1086 627/627
f 1086/1086 626/626 1087/1087
f 1088/1088 628/628 1089/1089
f 628/628 1088/1088 629/629
f 1090/1090 1061/1061 1091/1091
f 1061/1061 1090/1090 581/581
f 1087/1087 629/629 1088/1088
f 629/629 1087/1087 626/626
f 581/581 1089/1089 628/628
f 1089/1089 581/581 1090/1090
f 632/632 630/630 656/656
f 630/630 632/632 631/631
f 634/634 632/632 656/656
f 632/632 634/634 633/633
f 638/638 635/635 639/639
f 635/635 638/638 1092/1092
f 636/636 630/630 631/631
f 630/630 636/636 1093/1093
f 1094/1094 633/633 634/634
f 633/633 1094/1094 637/637
f 640/640 1093/1093 636/636
f 1093/1093 640/640 1095/1095
f 636/636 637/637 640/640
f 637/637 636/636 633/633
f 642/642 1094/1094 1079/1079
f 1094/1094 642/642 637/637
f 638/638 1076/1076 641/641
f 1076/1076 638/638 639/639
f 1095/1095 624/624 623/623
f 624/624 1095/1095 640/640
f 642/642 640/640 637/637
f 640/640 642/642 624/624
f 645/645 643/643 657/657
f 643/643 645/645 644/644
f 647/647 645/645 657/657
f 645/645 647/647 646/646
f 1096/1096 1097/1097 648/648
f 651/651 648/648 652/652
f 648/648 651/651 1096/1096
f 649/649 643/643 644/644
f 643/643 649/649 1098/1098
f 1099/1099 646/646 647/647
f 646/646 1099/1099 650/650
f 653/653 1098/1098 649/649
f 1098/1098 653/653 1100/1100
f 649/649 650/650 653/653
f 650/650 649/649 646/646
f 596/596 1099/1099 1077/1077
f 1099/1099 596/596 650/650
f 651/651 1085/1085 597/597
f 1085/1085 651/651 652/652
f 1100/1100 654/654 622/622
f 654/654 1100/1100 653/653
f 596/596 653/653 650/650
f 653/653 596/596 654/654
f 1072/1072 603/603 598/598
f 603/603 1072/1072 602/602
f 632/632 633/633 636/636
f 635/635 1101/1101 1102/1102
f 632/632 636/636 631/631
f 1092/1092 1101/1101 635/635
f 598/598 601/601 606/606
f 1071/1071 655/655 600/600
f 648/648 1097/1097 1103/1103
f 649/649 645/645 646/646
f 645/645 649/649 644/644
f 641/641 1104/1104 610/610
f 619/619 615/615 612/612
f 615/615 619/619 610/610
f 1083/1083 611/611 614/614
f 1076/1076 1105/1105 641/641
f 1105/1105 1069/1069 1106/1106
f 641/641 1105/1105 1104/1104
f 1049/1049 557/557 1067/1067
f 557/557 1049/1049 519/519
f 1107/1107 660/660 514/514
f 514/514 660/660 520/520
f 660/660 1036/1036 520/520
f 1036/1036 660/660 1108/1108
f 1031/1031 514/514 517/517
f 514/514 1031/1031 1107/1107
f 1109/1109 659/659 1110/1110
f 659/659 1109/1109 1111/1111
f 1110/1110 1112/1112 1113/1113
f 1112/1112 1110/1110 659/659
f 662/662 1111/1111 1114/1114
f 1111/1111 662/662 659/659
f 1115/1115 659/659 662/662
f 659/659 1115/1115 1112/1112
f 663/663 1114/1114 1116/1116
f 1114/1114 663/663 662/662
f 1117/1117 662/662 663/663
f 662/662 1117/1117 1115/1115
f 664/664 1116/1116 1118/1118
f 1116/1116 664/664 663/663
f 1119/1119 663/663 664/664
f 663/663 1119/1119 1117/1117
f 665/665 1118/1118 1120/1120
f 1118/1118 665/665 664/664
f 1121/1121 664/664 665/665
f 664/664 1121/1121 1119/1119
f 1120/1120 1122/1122 665/665
f 665/665 1122/1122 1121/1121
f 555/555 1035/1035 668/668
f 583/583 1064/1064 1123/1123
f 1064/1064 583/583 584/584
f 1063/1063 583/583 1123/1123
f 583/583 1063/1063 582/582
f 1049/1049 556/556 519/519
f 668/668 556/556 555/555
f 597/597 669/669 1076/1076
f 669/669 1105/1105 1076/1076
f 669/669 1069/1069 1105/1105
f 712/712 749/749 713/713
f 749/749 697/697 748/748
f 750/750 698/698 749/749
f 698/698 750/750 695/695
f 749/749 696/696 714/714
f 696/696 749/749 698/698
f 713/713 749/749 714/714
f 749/749 712/712 697/697
f 703/703 719/719 705/705
f 710/710 717/717 701/701
f 717/717 710/710 699/699
f 700/700 718/718 717/717
f 703/703 733/733 724/724
f 733/733 703/703 702/702
f 703/703 761/761 709/709
f 761/761 703/703 724/724
f 702/702 703/703 705/705
f 716/716 701/701 718/718
f 701/701 716/716 715/715
f 711/711 701/701 715/715
f 701/701 711/711 710/710
f 705/705 704/704 702/702
f 704/704 733/733 702/702
f 733/733 704/704 739/739
f 719/719 762/762 705/705
f 717/717 730/730 700/700
f 730/730 717/717 732/732
f 717/717 699/699 732/732
f 706/706 720/720 704/704
f 708/708 739/739 704/704
f 739/739 708/708 725/725
f 726/726 707/707 727/727
f 707/707 726/726 1124/1124
f 726/726 1125/1125 1124/1124
f 1125/1125 726/726 728/728
f 704/704 705/705 706/706
f 718/718 709/709 716/716
f 709/709 718/718 703/703
f 699/699 710/710 731/731
f 711/711 731/731 710/710
f 731/731 711/711 760/760
f 715/715 1126/1126 1127/1127
f 1126/1126 715/715 716/716
f 709/709 1128/1128 1129/1129
f 1128/1128 709/709 761/761
f 760/760 1130/1130 1131/1131
f 1130/1130 760/760 711/711
f 716/716 1129/1129 1126/1126
f 1129/1129 716/716 709/709
f 1127/1127 711/711 715/715
f 711/711 1127/1127 1130/1130
f 717/717 718/718 701/701
f 722/722 730/730 723/723
f 730/730 722/722 700/700
f 722/722 718/718 700/700
f 1132/1132 704/704 720/720
f 704/704 1132/1132 708/708
f 762/762 757/757 705/705
f 763/763 705/705 757/757
f 705/705 763/763 706/706
f 758/758 706/706 763/763
f 706/706 758/758 720/720
f 721/721 720/720 758/758
f 720/720 721/721 1132/1132
f 727/727 1133/1133 729/729
f 1133/1133 727/727 707/707
f 718/718 719/719 703/703
f 719/719 718/718 722/722
f 723/723 719/719 722/722
f 719/719 723/723 762/762
f 1134/1134 1135/1135 747/747
f 1136/1136 1134/1134 747/747
f 1135/1135 1137/1137 747/747
f 737/737 740/740 755/755
f 745/745 753/753 1138/1138
f 753/753 745/745 735/735
f 734/734 753/753 754/754
f 737/737 1139/1139 736/736
f 1139/1139 737/737 1140/1140
f 737/737 1141/1141 1140/1140
f 1141/1141 737/737 744/744
f 736/736 740/740 737/737
f 752/752 735/735 751/751
f 735/735 752/752 754/754
f 746/746 735/735 745/745
f 735/735 746/746 751/751
f 740/740 736/736 738/738
f 738/738 1139/1139 1142/1142
f 1139/1139 738/738 736/736
f 755/755 740/740 1143/1143
f 753/753 1144/1144 1145/1145
f 1144/1144 753/753 734/734
f 753/753 1145/1145 1138/1138
f 741/741 738/738 756/756
f 743/743 1142/1142 1146/1146
f 1142/1142 743/743 738/738
f 764/764 742/742 1147/1147
f 742/742 764/764 765/765
f 764/764 1148/1148 1149/1149
f 1148/1148 764/764 1147/1147
f 738/738 741/741 740/740
f 754/754 744/744 737/737
f 744/744 754/754 752/752
f 1138/1138 1150/1150 745/745
f 746/746 1150/1150 1151/1151
f 1150/1150 746/746 745/745
f 751/751 1152/1152 752/752
f 1152/1152 751/751 1153/1153
f 744/744 1154/1154 1141/1141
f 1154/1154 744/744 1155/1155
f 1151/1151 1156/1156 746/746
f 1156/1156 1151/1151 1157/1157
f 752/752 1155/1155 744/744
f 1155/1155 752/752 1152/1152
f 1153/1153 746/746 1156/1156
f 746/746 1153/1153 751/751
f 753/753 735/735 754/754
f 759/759 1144/1144 734/734
f 1144/1144 759/759 1158/1158
f 759/759 734/734 754/754
f 1159/1159 738/738 743/743
f 738/738 1159/1159 756/756
f 1143/1143 740/740 1160/1160
f 1161/1161 740/740 741/741
f 740/740 1161/1161 1160/1160
f 1162/1162 741/741 756/756
f 741/741 1162/1162 1161/1161
f 1163/1163 756/756 1159/1159
f 756/756 1163/1163 1162/1162
f 765/765 1164/1164 742/742
f 1164/1164 765/765 1165/1165
f 754/754 755/755 759/759
f 755/755 754/754 737/737
f 1158/1158 755/755 1143/1143
f 755/755 1158/1158 759/759
f 1166/1166 1167/1167 1168/1168
f 1169/1169 1167/1167 1166/1166
f 1168/1168 1167/1167 1170/1170
f 783/783 784/784 820/820
f 820/820 819/819 768/768
f 821/821 769/769 766/766
f 769/769 821/821 820/820
f 820/820 767/767 769/769
f 767/767 820/820 785/785
f 784/784 785/785 820/820
f 820/820 768/768 783/783
f 774/774 776/776 790/790
f 781/781 788/788 770/770
f 788/788 781/781 772/772
f 771/771 788/788 789/789
f 774/774 804/804 773/773
f 804/804 774/774 795/795
f 774/774 832/832 795/795
f 832/832 774/774 780/780
f 773/773 776/776 774/774
f 787/787 772/772 786/786
f 772/772 787/787 789/789
f 782/782 772/772 781/781
f 772/772 782/782 786/786
f 776/776 773/773 775/775
f 775/775 804/804 810/810
f 804/804 775/775 773/773
f 790/790 776/776 833/833
f 788/788 801/801 803/803
f 801/801 788/788 771/771
f 788/788 803/803 770/770
f 777/777 775/775 791/791
f 779/779 810/810 796/796
f 810/810 779/779 775/775
f 797/797 778/778 1171/1171
f 778/778 797/797 798/798
f 797/797 1172/1172 799/799
f 1172/1172 797/797 1171/1171
f 775/775 777/777 776/776
f 789/789 780/780 774/774
f 780/780 789/789 787/787
f 770/770 802/802 781/781
f 782/782 802/802 831/831
f 802/802 782/782 781/781
f 786/786 1173/1173 787/787
f 1173/1173 786/786 1174/1174
f 780/780 1175/1175 832/832
f 1175/1175 780/780 1176/1176
f 831/831 1177/1177 782/782
f 1177/1177 831/831 1178/1178
f 787/787 1176/1176 780/780
f 1176/1176 787/787 1173/1173
f 1174/1174 782/782 1177/1177
f 782/782 1174/1174 786/786
f 788/788 772/772 789/789
f 793/793 801/801 771/771
f 801/801 793/793 794/794
f 793/793 771/771 789/789
f 1179/1179 775/775 779/779
f 775/775 1179/1179 791/791
f 833/833 776/776 828/828
f 834/834 776/776 777/777
f 776/776 834/834 828/828
f 829/829 777/777 791/791
f 777/777 829/829 834/834
f 792/792 791/791 1179/1179
f 791/791 792/792 829/829
f 798/798 1180/1180 778/778
f 1180/1180 798/798 800/800
f 789/789 790/790 793/793
f 790/790 789/789 774/774
f 794/794 790/790 833/833
f 790/790 794/794 793/793
f 1181/1181 818/818 1182/1182
f 1183/1183 818/818 1181/1181
f 1182/1182 818/818 1184/1184
f 808/808 826/826 811/811
f 816/816 824/824 806/806
f 824/824 816/816 1185/1185
f 805/805 825/825 824/824
f 808/808 1186/1186 1187/1187
f 1186/1186 808/808 807/807
f 808/808 1188/1188 815/815
f 1188/1188 808/808 1187/1187
f 807/807 808/808 811/811
f 823/823 806/806 825/825
f 806/806 823/823 822/822
f 817/817 806/806 822/822
f 806/806 817/817 816/816
f 811/811 809/809 807/807
f 809/809 1186/1186 807/807
f 1186/1186 809/809 1189/1189
f 826/826 1190/1190 811/811
f 824/824 1191/1191 805/805
f 1191/1191 824/824 1192/1192
f 824/824 1185/1185 1192/1192
f 812/812 827/827 809/809
f 814/814 1189/1189 809/809
f 1189/1189 814/814 1193/1193
f 835/835 813/813 836/836
f 813/813 835/835 1194/1194
f 835/835 1195/1195 1194/1194
f 1195/1195 835/835 1196/1196
f 809/809 811/811 812/812
f 825/825 815/815 823/823
f 815/815 825/825 808/808
f 1185/1185 816/816 1197/1197
f 817/817 1197/1197 816/816
f 1197/1197 817/817 1198/1198
f 822/822 1199/1199 1200/1200
f 1199/1199 822/822 823/823
f 815/815 1201/1201 1202/1202
f 1201/1201 815/815 1188/1188
f 1198/1198 1203/1203 1204/1204
f 1203/1203 1198/1198 817/817
f 823/823 1202/1202 1199/1199
f 1202/1202 823/823 815/815
f 1200/1200 817/817 822/822
f 817/817 1200/1200 1203/1203
f 824/824 825/825 806/806
f 830/830 1191/1191 1205/1205
f 1191/1191 830/830 805/805
f 830/830 825/825 805/805
f 1206/1206 809/809 827/827
f 809/809 1206/1206 814/814
f 1190/1190 1207/1207 811/811
f 1208/1208 811/811 1207/1207
f 811/811 1208/1208 812/812
f 1209/1209 812/812 1208/1208
f 812/812 1209/1209 827/827
f 1210/1210 827/827 1209/1209
f 827/827 1210/1210 1206/1206
f 836/836 1211/1211 1212/1212
f 1211/1211 836/836 813/813
f 825/825 826/826 808/808
f 826/826 825/825 830/830
f 1205/1205 826/826 830/830
f 826/826 1205/1205 1190/1190
f 1213/1213 1214/1214 1215/1215
f 1216/1216 1213/1213 1215/1215
f 1214/1214 1217/1217 1215/1215
f 841/841 840/840 839/839
f 840/840 841/841 837/837
f 837/837 842/842 840/840
f 842/842 837/837 838/838
f 838/838 843/843 842/842
f 843/843 838/838 844/844
f 842/842 846/846 840/840
f 840/840 845/845 839/839
f 843/843 847/847 842/842
