# MOD converted: n003.mod
# 1415 verts, 1916 faces

v 155.234848 9.551225 -0.000001
v 155.296951 10.102213 0.000000
v 154.422958 -10.873549 -8.715938
v 150.867966 -15.303891 -7.303391
v 144.220963 6.896657 -0.000001
v 144.220963 7.653078 -11.910856
v 152.055191 5.395466 -11.544136
v 152.569138 -0.243919 -12.591398
v 145.671951 -4.410581 -12.672400
v 144.220947 1.779137 -4.299995
v 152.669952 -14.695194 -4.133747
v 144.656952 -15.592294 -8.121592
v 143.534958 -14.753592 -6.552780
v 136.272964 4.435946 -0.000001
v 136.467957 5.198885 -10.663996
v 136.477966 -5.465215 -10.954700
v 136.397949 0.746597 -7.881157
v 141.643951 -11.779394 0.000005
v 146.426956 -14.884392 0.000000
v 136.499939 -13.396791 -6.661520
v 136.499939 -11.396792 -10.703300
v 123.078957 9.043803 0.000000
v 123.078957 10.958004 -10.543698
v 130.904953 -5.711675 0.000001
v 130.211960 -13.805393 -14.150898
v 109.206902 14.495457 0.000040
v 109.208061 18.702585 -15.994899
v 123.078957 2.338688 -15.994901
v 123.082962 -6.157721 -22.581497
v 109.206955 -7.845342 -23.067600
v 109.206955 4.767853 -16.015200
v 109.209999 -16.045467 -0.000001
v 123.082962 -15.860496 -9.748367
v 123.082962 -13.136496 -12.479500
v 145.791962 -10.104516 -11.275400
v 131.629959 0.509556 -6.715397
v 130.471954 -11.832994 0.000006
v 150.413956 -14.676092 -17.739895
v 94.274094 19.713701 0.000084
v 94.270950 25.745451 -21.462601
v 94.273354 -18.763510 -28.851601
v 94.273682 -9.077988 -28.731497
v 94.273911 6.926712 -21.006094
v 74.193230 25.196930 0.000057
v 74.143845 31.815138 -27.323198
v 74.061050 -21.759150 -35.255787
v 74.070946 9.368472 -35.692497
v 74.070404 -10.460106 -4.980171
v 109.209015 -20.723349 -9.431562
v 94.285103 -24.502169 -18.972292
v 51.694706 -32.411812 -24.275497
v 51.878250 30.022024 0.000016
v 51.839546 37.307934 -40.661793
v 51.707756 12.206508 -40.887794
v 51.681572 -11.401409 -11.778697
v 149.184952 -13.720896 -3.969069
v 142.498962 -13.398395 -10.951499
v 142.764954 -8.510741 -8.676459
v 147.260956 -15.821792 -0.000001
v 143.136963 -13.725392 -4.491657
v 148.921951 -16.430193 -12.808301
v 149.610962 -10.466799 -11.405299
v 146.391968 -13.862093 -10.473201
v 143.482971 -12.870692 -6.898829
v 132.032959 4.588685 -0.000000
v 132.498962 6.062235 -32.374290
v 51.688393 -24.083115 -14.051305
v 74.039299 -28.748421 -12.235873
v 152.267258 -5.509087 -10.348204
v 109.209999 -17.655144 0.000003
v 123.485359 -14.471128 -0.000005
v 109.206955 -19.613995 -0.000003
v 88.009644 -24.691202 -16.991100
v 88.009689 -21.025269 -20.888897
v 66.837540 24.455976 0.000055
v 66.571228 31.593531 -0.000025
v 66.496651 -28.936834 -22.951797
v 66.142151 -23.755354 -35.003738
v 66.194450 9.393460 -35.112976
v 66.191597 -11.290773 -23.803997
v 44.281464 28.537024 -0.000022
v 42.040230 -32.699417 -27.339003
v 42.769226 -24.877886 -40.027790
v 44.519062 11.686373 -40.269993
v 43.983387 -11.701025 0.000028
v 43.984932 35.639042 -12.375404
v 42.254963 -30.938656 -8.740116
v 1.323578 4.309026 -6.879716
v 1.323576 4.038764 -7.694677
v 1.323729 6.844155 -9.646386
v 22.481157 6.479622 -11.882395
v 24.166767 1.243189 -12.025196
v 21.469873 1.196695 -5.470676
v 22.429575 6.124013 -3.928627
v 21.469894 0.090130 -4.052116
v 24.066887 0.088950 -8.381057
v 20.392498 -4.592769 -8.149179
v 24.813999 -3.439298 -7.361436
v 15.255776 9.177266 -11.425197
v 14.578176 6.156326 -3.396796
v 14.470377 5.454237 -3.547886
v 11.628877 0.801415 -5.314916
v 1.328401 -18.169334 -10.278796
v 1.328401 -21.554636 -10.152697
v 5.870939 -20.245335 -14.754997
v 1.328400 -16.952137 -12.484798
v 11.645677 1.917026 -14.695097
v 1.327943 -5.464655 -3.044425
v 1.327943 -6.447356 -9.269962
v 9.580359 -12.424135 -3.423416
v 8.227209 -10.382854 -14.863796
v 8.227209 -8.917635 -7.610877
v 7.802966 7.658226 -7.991566
v 7.795986 2.690675 -5.496236
v 7.797868 5.157805 -9.898716
v 7.798367 5.432194 -15.544698
v 87.463654 -2.291949 -8.190101
v 86.945374 -10.136336 -2.883580
v 86.418274 -7.514593 -1.811160
v 86.068626 -1.125815 -14.014595
v 87.516716 3.002626 -13.825900
v 87.282028 -8.389407 -3.904847
v 67.607544 -5.990541 -2.679467
v 67.033005 -0.157719 -4.852635
v 67.986450 4.113559 -9.779425
v 68.206329 4.114007 -11.960598
v 67.834000 -5.983504 -12.903796
v 67.753448 -0.326053 -4.147258
v 87.065048 6.175817 -10.269296
v 87.292313 6.188264 -9.683134
v 63.162357 4.690125 -12.417495
v 62.173668 0.540841 -8.041048
v 63.795856 -7.761247 -3.879677
v 64.105667 -5.780315 -11.829498
v 64.261505 -5.533368 -3.195208
v 61.546646 0.402342 -4.865526
v 63.033192 5.086676 -7.974248
v 60.086666 -6.010298 -11.361596
v 60.750923 -4.012470 -4.529748
v 60.778175 -4.267396 -7.854218
v 47.037567 -5.636465 -11.598296
v 47.306213 -3.610549 -13.491693
v 47.927834 1.970057 -10.318492
v 48.661514 7.517807 -4.667955
v 48.703972 7.834550 -2.826638
v 47.857143 1.422591 -4.174050
v 47.254471 -3.977806 -8.082608
v 67.717941 -8.442390 -13.393597
v 13.578477 -3.871644 -8.830402
v 14.926880 -8.310835 -3.798777
v 13.683377 -5.300006 -10.647497
v 160.293762 -0.624173 -6.563229
v 159.195007 -3.956251 -7.052250
v 162.881958 4.269630 -5.627531
v 161.380890 7.695500 -6.854790
v 161.425964 0.217079 -13.374201
v 157.090790 -1.967517 -15.160357
v 159.180206 6.624437 -11.301452
v 161.741837 3.412526 -12.630840
v 155.578171 7.779097 -15.294901
v 159.751083 -0.986635 -16.220942
v 160.968018 2.858940 -10.899374
v 160.123352 7.013223 -4.348181
v 165.680954 4.945600 -0.000000
v 161.644958 8.580261 -0.000000
v 166.129959 6.630840 0.000000
v 159.178955 -5.121050 -6.193180
v 155.452972 -9.234992 -10.615434
v 157.796982 -2.995248 -4.232847
v 172.553970 3.973961 -2.946397
v 169.895966 -1.856748 -4.344986
v 171.489960 1.102285 -0.003080
v 169.047958 -3.252731 -0.003081
v 171.085205 6.229173 -0.000000
v 161.830963 -2.597990 -3.207950
v 162.798965 -1.346240 -4.607800
v 164.367966 1.706942 -15.073796
v 154.784180 -2.032815 -18.299648
v 156.614624 6.553166 -15.214758
v 153.382629 7.227062 -18.249264
v 157.315216 -1.050340 -19.469362
v 157.790268 2.776868 -12.357985
v 150.465149 4.842461 -17.113691
v 150.599335 6.811145 -12.565518
v 150.779312 -0.458979 -16.502741
v 151.111282 -2.032695 -20.840204
v 151.029236 4.015245 -20.581362
v 151.211273 -0.619583 -19.689615
v 140.786163 6.214563 -15.606202
v 139.529831 4.263333 -19.571342
v 141.130951 -2.999591 -15.879910
v 139.843979 -1.128111 -23.543287
v 142.168686 -1.386891 -23.779682
v 142.019989 4.044135 -9.767240
v 154.688965 -7.863970 -11.900859
v 154.534485 -1.896972 -19.030479
v 130.136520 3.113762 -19.138359
v 130.346161 -1.076786 -26.733925
v 132.493149 3.159273 -22.737316
v 131.618820 -2.848206 -22.451420
v 118.057281 3.662109 -26.667835
v 119.501389 5.402246 -22.311895
v 117.843536 -0.958242 -30.530928
v 120.703110 3.720874 -26.794039
v 119.238708 -2.894041 -26.444529
v 132.582687 -1.279003 -30.404522
v 120.483620 -1.147197 -22.678110
v 131.266190 5.180607 -20.044556
v 126.966095 3.052022 -20.006071
v 126.807388 -0.902507 -27.681084
v 129.241455 3.295305 -23.934858
v 128.009079 -2.702217 -27.534866
v 129.033157 -1.138259 -23.809130
v 128.248306 5.062046 -23.227209
v 129.816971 5.436701 -7.369961
v 141.899551 9.929707 -13.535769
v 148.318924 8.896971 -18.925541
v 158.424118 -2.675663 -23.959101
v 151.539505 2.447273 -22.131142
v 158.299713 2.933716 -20.603159
v 149.575348 7.412857 -18.728367
v 156.943558 7.967394 -13.717332
v 157.577179 -5.638600 -20.701614
v 151.737488 -3.580799 -7.805580
v 156.521957 -9.138460 -16.805002
v 146.433868 -8.740343 -22.564600
v 144.275101 -4.313506 -22.269899
v 142.812103 7.123451 -14.713211
v 142.302704 8.974991 -25.892424
v 143.623474 1.832561 -2.982830
v 155.333954 -10.597363 -12.631480
v 155.576218 8.568535 -0.000001
v 141.628952 10.100908 -18.876642
v 155.830902 2.606684 -13.248127
v 154.605698 2.046577 -6.302938
v 154.698959 -5.530843 -10.932190
v 150.178543 1.255214 -0.000000
v 150.668961 0.919057 -15.411999
v 149.030960 -4.806745 -3.556194
v 153.096558 -14.665331 -3.055240
v 153.347946 -14.502216 -1.168462
v 144.798813 -16.324219 -0.638161
v 145.285919 -16.324219 -5.523521
v 157.024765 -8.738533 -4.869615
v 157.300537 -8.738528 -7.134644
v 161.759033 -0.182969 -6.715353
v 162.089539 -0.182970 -7.108201
v 163.627502 4.441398 -6.631684
v 163.887024 4.441394 0.728759
v 164.457458 7.783867 0.728760
v 163.925629 7.986595 -4.680977
v 164.104950 6.779522 -4.598046
v 164.591766 6.626480 -1.959505
v 149.366577 -16.133261 -2.569744
v 149.186249 -16.271635 6.828639
v 155.233673 9.550877 8.715943
v 150.867966 -15.303890 7.303390
v 144.220963 6.896658 11.910669
v 152.047806 5.393265 11.543834
v 152.557129 -0.247494 12.591400
v 145.671951 -4.410580 12.672401
v 144.220963 1.779138 4.300000
v 152.669952 -14.695192 4.133754
v 144.656952 -15.592292 8.121592
v 143.534958 -14.753592 6.552779
v 136.272964 4.435946 10.664001
v 136.477966 -5.465212 10.954698
v 136.397949 0.746598 7.881161
v 141.643951 -11.779390 6.661522
v 136.499939 -11.396791 10.703300
v 123.078957 9.043802 10.543699
v 130.904953 -5.711674 14.150939
v 109.208069 14.495436 15.994898
v 123.078957 2.338685 15.994898
v 123.082962 -6.157724 22.581499
v 109.206955 -7.845339 23.067600
v 109.206955 4.767851 16.015154
v 109.208656 -16.045443 9.748368
v 123.082962 -13.136496 12.479504
v 145.791962 -10.104511 11.275399
v 131.629959 0.509554 6.715401
v 130.471954 -11.832993 17.739960
v 94.275909 19.713669 21.462460
v 94.269302 -18.763435 28.851475
v 94.270081 -9.077926 28.731453
v 94.272568 6.926732 21.006144
v 74.194588 25.196901 27.323080
v 74.057487 -21.759089 35.255753
v 74.069649 9.368496 35.692387
v 74.067207 -10.460045 4.980138
v 109.208015 -20.723330 9.431445
v 94.281746 -24.502111 18.972271
v 51.693768 -32.411774 24.275507
v 51.878590 30.022017 40.661781
v 51.707386 12.206517 40.887764
v 51.680672 -11.401374 11.761993
v 149.206589 -13.727907 3.969072
v 142.498962 -13.398392 10.951500
v 142.764954 -8.510742 8.676464
v 147.260956 -15.821792 4.491663
v 148.921951 -16.430191 12.793342
v 149.627563 -10.473858 11.405301
v 146.391953 -13.862093 10.473203
v 143.482956 -12.870690 6.898829
v 132.032959 4.588686 32.374260
v 51.687378 -24.083075 14.051197
v 74.036186 -28.748367 12.235572
v 152.255203 -5.512661 10.348164
v 109.208893 -17.655125 16.990967
v 88.005829 -21.025200 20.498772
v 66.838745 24.456476 22.951693
v 66.139015 -23.754747 34.886745
v 66.193260 9.394017 35.619991
v 66.188576 -11.290176 23.804016
v 44.282028 28.537004 27.338940
v 42.767487 -24.877831 40.027775
v 44.518368 11.686399 40.269936
v 43.981728 -11.700983 12.375348
v 42.253510 -30.938612 8.740116
v 1.323578 4.309026 6.879716
v 1.323576 4.038765 7.694676
v 1.323730 6.844156 9.646397
v 22.481503 6.479610 11.882384
v 24.166473 1.243198 12.025185
v 21.469551 1.196705 5.470702
v 22.430321 6.123988 3.928629
v 21.469992 0.090127 4.052119
v 24.066988 0.088947 8.381038
v 20.391991 -4.592754 8.149143
v 24.813013 -3.439269 7.361435
v 15.255777 9.177266 11.425197
v 14.578176 6.156326 3.396796
v 14.470378 5.454236 3.547885
v 11.628878 0.801415 5.314917
v 1.328401 -18.169334 10.278795
v 1.328401 -21.554638 10.152706
v 5.870939 -20.245335 14.754996
v 1.328401 -16.952137 12.484797
v 11.645677 1.917027 14.695096
v 1.327943 -5.464655 3.044425
v 1.327942 -6.447356 9.269995
v 9.580359 -12.424132 3.423416
v 8.227209 -10.382854 14.863797
v 8.227207 -8.917635 7.610875
v 7.802966 7.658226 7.991566
v 7.795989 2.690675 5.496236
v 7.797868 5.157805 9.898716
v 7.798367 5.432195 15.544625
v 87.461563 -2.291917 8.190016
v 86.942894 -10.136293 2.883566
v 86.417953 -7.511653 1.811217
v 86.070267 -1.125848 14.014589
v 87.516487 3.002625 13.825783
v 87.278641 -8.389350 3.904832
v 67.607056 -5.990536 2.679517
v 67.034439 -0.157746 4.852709
v 67.988556 4.113517 9.779457
v 68.207207 4.113987 11.960510
v 67.831497 -5.983463 12.903757
v 67.752304 -0.326036 4.147366
v 87.068161 6.175758 10.269353
v 87.293915 6.188232 9.683165
v 63.163219 4.690094 12.417469
v 62.172924 0.540861 8.040979
v 63.793903 -7.761201 3.879661
v 64.105202 -5.780307 11.829420
v 64.259277 -5.533317 3.195249
v 61.547821 0.402299 4.865596
v 63.035175 5.086610 7.974199
v 60.085232 -6.010253 11.361539
v 60.749268 -4.012421 4.529740
v 60.777916 -4.267390 7.854168
v 47.036049 -5.636420 11.598232
v 47.304398 -3.610495 13.491666
v 47.927010 1.969802 10.318535
v 48.662727 7.517502 4.668042
v 48.706451 7.834467 2.826682
v 47.858437 1.422558 4.174037
v 47.254150 -3.977796 8.082532
v 67.715714 -8.442353 13.393597
v 13.578478 -3.871643 8.830409
v 14.926880 -8.310834 3.798776
v 13.683377 -5.300004 10.647406
v 160.290161 -0.625256 6.563232
v 159.195007 -3.956247 7.052250
v 162.881958 4.269629 5.627530
v 161.380859 7.695501 6.854791
v 161.425964 0.217081 13.374067
v 157.085632 -1.969058 15.160121
v 159.171234 6.621735 11.301354
v 161.738113 3.411407 12.631409
v 155.554077 7.772805 15.294691
v 159.743073 -0.989039 16.220707
v 160.959030 2.856232 10.899275
v 160.119644 7.012107 4.348179
v 165.680954 4.945602 6.193181
v 155.452957 -9.234993 10.615303
v 157.791824 -2.996790 4.226685
v 172.553986 3.973961 2.940236
v 169.895966 -1.856748 4.338824
v 171.489960 1.102279 3.207952
v 162.798965 -1.346239 4.607800
v 164.367981 1.706940 15.073487
v 154.772156 -2.036402 18.299387
v 156.604767 6.550204 15.214567
v 153.375244 7.224858 18.249058
v 157.304276 -1.053559 19.469105
v 157.780411 2.773901 12.357796
v 150.457748 4.840265 17.113499
v 150.591949 6.808947 12.565213
v 150.767288 -0.462547 16.502432
v 151.099274 -2.036267 20.790585
v 150.941269 3.951872 20.529346
v 151.163559 -0.673571 19.689150
v 140.768188 6.209264 15.605745
v 139.511826 4.258041 19.570873
v 141.112915 -3.004892 15.879457
v 139.825943 -1.133403 23.542810
v 142.150681 -1.392200 23.779209
v 142.002045 4.038827 9.767241
v 154.688950 -7.863973 11.900555
v 154.522461 -1.900556 19.030029
v 130.118515 3.108524 19.137901
v 130.328125 -1.082022 26.733454
v 132.475204 3.154019 22.736851
v 131.600800 -2.853452 22.467316
v 117.988632 3.246186 26.701958
v 119.376312 4.988287 22.279057
v 117.925789 -1.377574 30.547195
v 120.633316 3.306237 26.740644
v 119.384628 -3.314137 26.444061
v 132.564697 -1.284257 30.369444
v 120.572823 -1.565459 22.677643
v 131.248215 5.175363 20.056061
v 126.911049 2.971096 19.975857
v 126.881516 -0.986414 27.694870
v 129.179352 3.207708 23.885538
v 128.142380 -2.787476 27.501890
v 129.115829 -1.229101 23.841717
v 128.128006 4.982387 23.264114
v 129.683258 5.417539 7.369885
v 141.896530 9.928821 13.576102
v 148.334198 8.932812 18.925280
v 158.412857 -2.679017 23.910408
v 151.434082 2.379735 22.130630
v 158.289780 2.930528 20.602694
v 149.557419 7.407507 18.728104
v 156.933716 7.964430 13.717196
v 157.572021 -5.640141 20.656301
v 151.709183 -3.624119 7.805583
v 156.521942 -9.138461 16.710558
v 146.467484 -8.804768 22.564133
v 144.257080 -4.318823 22.269432
v 142.794159 7.118140 14.712933
v 142.291809 8.971775 25.891947
v 143.605530 1.827238 2.982832
v 155.333954 -10.597363 12.633890
v 155.546555 8.562129 18.876303
v 155.818054 2.602834 13.248072
v 154.603592 2.045944 6.302942
v 154.698959 -5.530840 10.931888
v 150.166519 1.251647 15.099129
v 149.184555 -5.008477 3.556199
v 153.096558 -14.665330 3.055247
v 153.347946 -14.502216 1.168465
v 144.798813 -16.324219 0.638167
v 145.285919 -16.324217 5.523525
v 157.024765 -8.738531 4.869616
v 157.300537 -8.738534 7.134644
v 161.759033 -0.182969 6.715356
v 162.089523 -0.182970 7.108201
v 163.627502 4.441399 6.631684
v 163.887024 4.441395 -0.728760
v 164.457458 7.783867 -0.728760
v 163.925629 7.986594 4.680977
v 164.104950 6.779523 4.598046
v 164.591766 6.626480 1.959504
v 149.366577 -16.133263 2.569753
v 149.186249 -16.271633 1.912525
v 142.393478 -16.414497 0.571239
v 144.835693 -17.239388 1.275461
v 142.405518 -17.284161 0.889774
v 145.545227 -16.369736 -0.837200
v 144.835693 -17.239397 -1.155733
v 145.545227 -16.369736 -1.541426
v 142.405518 -17.284159 -2.178485
v 142.393478 -16.414497 -0.837203
v 139.975327 -17.328922 -1.155737
v 139.241730 -16.459261 0.571236
v 139.975327 -17.328922 0.889771
v 139.241730 -16.459261 -11.695812
v 66.316429 -27.241528 11.504150
v 66.316833 -27.284189 27.531418
v 116.977776 7.163095 21.727980
v 115.545792 4.307471 19.851219
v 124.840340 4.189061 25.010355
v 126.417831 6.695544 19.615854
v 123.893181 -1.505497 21.566795
v 115.092773 -2.834211 29.561157
v 125.892128 -2.473216 32.511806
v 117.250160 -2.632696 32.780354
v 117.837029 4.169369 29.956291
v 126.929008 3.572807 24.817034
v 124.607468 -4.622315 27.537436
v 115.996086 -5.426678 30.674706
v 106.137787 7.076025 35.944923
v 108.024719 4.529466 32.986862
v 96.446449 6.373056 36.655495
v 97.595535 5.776440 26.183002
v 100.823547 -8.015982 30.375786
v 107.168060 -5.644239 24.884039
v 105.389618 -4.279338 30.076376
v 96.854927 3.068518 27.389782
v 98.347534 -4.954427 35.826553
v 108.536240 -2.647106 29.939291
v 101.099548 -8.660797 36.964607
v 99.779778 -7.071523 38.820580
v 99.517815 -3.266071 38.761665
v 98.773315 2.004233 25.079578
v 104.572571 4.027588 27.034763
v 118.712799 0.965564 31.309013
v 98.771988 -7.509783 33.444313
v 96.097443 -7.285789 30.149893
v 92.595169 -7.932699 30.206070
v 96.081505 -7.149605 28.063578
v 91.764778 -10.000223 26.873379
v 96.624451 -9.474386 27.177723
v 96.064285 -7.154830 28.086170
v 92.396065 -8.008417 36.262180
v 97.593063 -7.109083 30.067888
v 92.189743 -9.915428 29.605778
v 96.859383 -9.578320 37.964432
v 92.347481 -7.605603 35.546848
v 91.986320 -7.526943 37.964211
v 86.724052 -8.129559 36.061066
v 87.534050 -7.903045 38.381672
v 85.956467 -6.001842 36.496506
v 86.774841 -5.767333 36.107689
v 91.246399 -5.079635 38.566540
v 91.587563 -5.151704 36.233143
v 90.484680 -4.357163 38.786320
v 90.866585 -4.518735 37.397141
v 97.003845 -3.909204 34.123329
v 95.294540 -4.093201 38.956482
v 90.332108 -1.907270 37.709133
v 96.427124 -0.858347 36.768932
v 85.462631 -4.855648 38.671959
v 84.654366 -5.089104 38.793995
v 84.100548 -2.893660 36.912952
v 84.906548 -2.585481 36.495377
v 89.997467 -1.876143 36.287811
v 90.450233 -1.353721 38.763744
v 90.777992 -1.481212 34.419479
v 94.735687 -1.041607 38.731834
v 90.912506 0.976536 37.570847
v 96.009331 2.042002 36.441502
v 85.768097 -1.875591 38.341789
v 85.020103 -2.102822 38.193825
v 85.086807 -0.088286 36.341148
v 85.895554 0.214797 36.258446
v 90.522438 1.005309 34.430115
v 94.523514 1.934802 36.001694
v 91.097061 1.831461 38.469479
v 91.296021 1.754493 38.171471
v 91.282074 3.823118 36.762512
v 95.424881 4.616068 35.877361
v 88.170746 1.534989 37.589218
v 86.995430 1.366143 37.352959
v 87.153908 3.080970 35.734798
v 88.312683 3.321272 35.755417
v 91.169083 3.920397 34.067547
v 94.898590 4.670585 30.906265
v 98.335007 -4.038071 33.281124
v 100.402374 -8.182940 29.789665
v 99.421661 -8.612034 26.547270
v 99.225571 -8.254067 26.364166
v 98.634705 -3.682070 31.807467
v 98.468048 -0.767310 -27.473963
v 117.175095 7.667614 -21.700514
v 115.650253 4.798786 -19.826550
v 124.936142 4.338372 -24.959412
v 126.594986 6.846095 -19.651064
v 123.803589 -1.321975 -21.614540
v 114.964355 -2.323884 -29.606682
v 125.770584 -2.247113 -32.557552
v 117.127937 -2.074957 -32.754486
v 117.936531 4.704916 -29.938246
v 127.004311 3.763125 -24.885101
v 124.416122 -4.403200 -27.612534
v 115.782982 -4.879086 -30.420540
v 106.808281 7.977684 -35.790276
v 108.437263 5.454092 -32.521141
v 97.611618 8.976976 -36.228466
v 98.662987 8.442549 -26.718464
v 99.483124 -6.363248 -30.616837
v 106.556198 -4.817592 -25.071655
v 104.916412 -3.491508 -29.839870
v 97.446350 5.463950 -27.703140
v 97.560883 -2.856777 -35.951195
v 108.225525 -1.755752 -30.511017
v 99.666107 -6.793076 -37.406471
v 98.666481 -4.540089 -39.003120
v 99.054779 -0.629249 -38.588577
v 99.203018 4.675471 -24.943604
v 104.937195 4.879061 -27.042929
v 118.706940 1.409066 -31.786488
v 97.571075 -5.179829 -33.885391
v 94.982635 -4.369264 -30.619659
v 91.404922 -4.639070 -30.645260
v 94.973404 -4.448721 -28.670605
v 90.229576 -6.672934 -27.478310
v 95.102638 -7.048712 -27.623941
v 94.940338 -4.653045 -28.564369
v 91.185593 -4.817919 -36.694496
v 96.500854 -4.257813 -30.667421
v 90.672791 -6.526933 -30.212975
v 95.330551 -7.007954 -38.412212
v 91.356323 -3.758367 -35.992558
v 91.001274 -3.781842 -38.411873
v 85.724625 -3.332300 -36.502945
v 86.551537 -3.372089 -38.681862
v 85.326263 -1.083061 -36.790390
v 86.162857 -1.115188 -36.384483
v 90.684425 -1.213308 -38.844757
v 91.021072 -1.177249 -36.456779
v 90.055077 -0.366770 -39.017376
v 90.417374 -0.419276 -37.610054
v 96.461502 -0.935952 -34.345192
v 94.729103 -1.049224 -39.009846
v 90.328583 2.250264 -37.714500
v 96.405365 2.182321 -36.993298
v 85.023224 0.019435 -38.902580
v 84.196854 0.052096 -38.874630
v 84.019096 2.312452 -36.982288
v 84.855858 2.355137 -36.550098
v 89.991516 2.172690 -36.311012
v 90.524315 2.596908 -38.791935
v 90.838539 2.581837 -34.433884
v 94.690628 2.065725 -38.617523
v 91.199562 4.982929 -37.380684
v 96.478455 5.095896 -36.469963
v 85.821724 2.877707 -38.376476
v 85.055809 2.906219 -38.095039
v 85.458160 4.866729 -36.231361
v 86.296906 4.905832 -36.125000
v 90.990364 4.903264 -34.244881
v 94.979919 5.029629 -35.876610
v 91.889381 5.595434 -38.371674
v 91.747231 5.666054 -37.969940
v 92.132187 7.681654 -36.399033
v 96.329239 7.671721 -35.694832
v 88.758675 5.792556 -37.406776
v 87.580299 5.937467 -37.057789
v 88.022499 7.581919 -35.434456
v 89.196999 7.516316 -35.537720
v 92.355782 7.620619 -33.703186
v 95.805977 7.633630 -31.150606
v 97.719650 -1.718688 -33.809177
v 99.075638 -5.983335 -30.348026
v 98.019356 -6.474188 -27.087828
v 97.869698 -6.305601 -26.596844
v 98.051910 -1.721765 -31.832693
v 98.403053 1.536378 -0.011781
v 187.488403 20.719116 -0.011814
v 172.209106 19.790937 -0.011765
v 196.955963 18.330614 -0.000019
v 154.453690 20.523218 0.000007
v 135.223343 24.688992 0.000004
v 121.195282 26.015594 -18.031879
v 188.957947 6.936556 -11.720792
v 172.470230 18.039547 -10.742345
v 188.172958 17.901913 -12.011336
v 197.223938 12.631013 -20.407530
v 173.056854 8.308477 -15.417186
v 182.617554 0.370294 -15.856997
v 181.461029 3.241361 -12.117515
v 154.422485 19.439493 -12.206596
v 135.041138 23.676546 -26.582506
v 134.629425 19.382589 -23.611301
v 154.469208 13.313367 -16.074116
v 120.070030 22.579817 -0.000008
v 106.439804 23.156841 -15.984357
v 188.245697 -2.504406 -0.000018
v 134.432220 13.465805 -20.228315
v 134.279572 14.827589 -11.087657
v 177.252960 2.485742 0.000004
v 154.700806 8.621000 -20.602795
v 154.563614 9.562924 -6.377262
v 197.094955 17.162516 -15.198768
v 188.809952 12.972511 -18.327417
v 172.777588 12.989831 -6.751572
v 112.111107 20.488319 -8.675735
v 111.563843 22.880383 -11.187414
v 173.029205 4.362395 -14.921514
v 120.387863 17.760450 -0.011764
v 202.670593 12.758701 -6.288438
v 202.076111 12.047101 -24.784111
v 134.571838 16.840611 -24.061981
v 134.715866 20.927311 -20.524511
v 154.416458 16.544704 -10.065399
v 120.885986 24.497429 -25.684706
v 134.629639 19.382610 -26.282806
v 123.569237 20.930254 -24.953608
v 123.527847 19.735397 -24.272202
v 123.645905 21.732536 -23.882507
v 115.897934 21.615620 -11.845243
v 182.737946 -0.532226 -11.241307
v 188.713959 -7.534397 -11.121313
v 183.426712 -8.125347 -8.942041
v 191.641953 -9.477638 -4.809836
v 192.861954 -10.485608 -0.003082
v 193.282974 -11.067548 -13.588084
v 173.070953 -4.386196 -10.181680
v 172.571167 -7.543608 -13.121498
v 162.437958 -5.906622 -10.579196
v 162.308945 -8.554422 -13.815302
v 154.517960 -9.021768 -14.327521
v 173.379959 -0.695023 -13.668799
v 162.576965 -3.259720 -11.812293
v 155.203964 -10.702233 -13.093396
v 152.110947 -12.003794 -13.953096
v 157.902939 -5.744676 -14.572856
v 183.370941 -3.876117 -12.426558
v 188.412445 -8.869297 -9.598887
v 191.974564 -11.871214 -4.757382
v 194.015457 -13.774288 -0.011764
v 194.449738 -14.396545 -10.853851
v 172.532959 -0.196812 -11.244599
v 162.308960 -3.290441 -11.912698
v 157.530960 -6.427682 -12.980098
v 152.422958 -10.878530 -21.322187
v 120.054443 21.268784 -18.386427
v 115.445435 21.937183 -13.386458
v 111.568375 22.610683 18.008350
v 188.957962 6.936554 11.697187
v 172.470230 18.039700 10.718815
v 188.172958 17.901913 11.987808
v 197.223953 12.631012 20.384048
v 173.056854 8.308748 15.393657
v 182.617569 0.370292 15.833470
v 181.461029 3.241360 12.117484
v 154.422501 19.439541 12.206606
v 135.041138 23.676487 26.582495
v 134.629456 19.382471 23.611294
v 154.469208 13.313462 16.074108
v 120.070053 22.579742 15.960830
v 188.245697 -2.504407 20.228285
v 134.279587 14.827494 11.081495
v 177.252960 2.485743 20.602806
v 154.563614 9.563007 6.353730
v 197.094955 17.162514 15.175237
v 188.809952 12.972515 18.303877
v 172.777588 12.990060 6.751548
v 112.111107 20.488285 8.675724
v 111.563843 22.880344 11.163980
v 173.029190 4.362537 14.921487
v 120.387894 17.760374 6.264911
v 202.076111 12.047102 24.784090
v 134.571869 16.840506 24.061977
v 134.715897 20.927191 20.524487
v 154.416458 16.544788 10.065402
v 120.885986 24.497379 25.684698
v 134.629654 19.382469 26.282797
v 123.569267 20.930141 24.953592
v 123.527878 19.735279 24.272198
v 123.645935 21.732414 23.882494
v 115.897964 21.615501 11.838909
v 182.737961 -0.532231 11.235147
v 188.713959 -7.534400 11.115153
v 183.426727 -8.125347 8.935883
v 191.641953 -9.477636 4.803678
v 192.861954 -10.485605 13.564556
v 173.070969 -4.386201 10.158155
v 172.685394 -7.543606 13.121502
v 162.437973 -5.906616 10.579202
v 162.308960 -8.554419 13.815302
v 154.517975 -9.021769 14.303994
v 173.379974 -0.695020 13.668801
v 162.576965 -3.259722 11.812301
v 155.203964 -10.702230 13.093400
v 152.110977 -12.003793 13.953100
v 157.902954 -5.744670 14.789792
v 183.370956 -3.876117 12.403031
v 188.395035 -8.853212 9.575362
v 191.949295 -11.816759 4.733858
v 194.005219 -13.724249 10.830324
v 172.532959 -0.196819 11.244600
v 162.308960 -3.290440 11.912702
v 157.530960 -6.427677 12.980100
v 152.422958 -10.878529 21.322176
v 120.054474 21.268679 18.386415
v 115.445450 21.937092 13.386445
v 111.568390 22.610622 -0.011764
v 203.961716 -3.031154 -0.011765
v 204.837952 4.323438 11.822897
v 200.483765 -1.543123 16.257427
v 188.923096 1.419340 11.905896
v 201.206955 4.645319 5.954864
v 203.289734 -2.805971 6.042926
v 204.101959 4.296310 15.676680
v 195.489380 0.158034 15.854480
v 196.497955 5.468256 5.954865
v 202.104156 -5.188856 11.539448
v 199.513153 -3.651193 14.889424
v 194.974106 -1.267831 -0.011764
v 202.736588 -5.514126 -0.011764
v 199.379196 -11.214624 10.583275
v 196.360779 -8.881732 5.677775
v 198.731430 -10.632633 14.107374
v 192.688889 -5.822352 -11.846425
v 200.483749 -1.543121 -16.280954
v 188.923080 1.419345 -11.929425
v 201.206955 4.645319 -5.978392
v 203.289719 -2.805971 -6.066455
v 204.101959 4.296310 -15.700205
v 195.489380 0.158034 -15.878007
v 196.497955 5.468256 -5.978392
v 202.104172 -5.190353 -11.562975
v 199.513138 -3.651191 -14.912952
v 194.974091 -1.267830 -10.606804
v 196.360779 -8.907356 -5.701303
v 198.731415 -10.666288 -14.130899
v 192.688873 -5.822351 -0.011765
v 196.629059 -14.423822 4.320728
v 190.550507 -14.796351 4.637635
v 193.047760 -14.465252 12.362312
v 186.876907 -10.604805 14.916514
v 183.371017 -5.221097 14.287443
v 190.271942 -9.270761 10.562802
v 191.234665 -13.090420 15.026968
v 188.883957 -5.762117 -1.021971
v 190.736984 -15.359159 -1.247812
v 187.339600 -15.509698 8.371553
v 188.503098 -13.156885 4.646098
v 196.345047 -13.508081 10.269862
v 194.771378 -11.682215 9.233446
v 173.425690 -9.566919 13.183771
v 176.731003 -6.804873 -0.495492
v 179.284393 -12.800479 6.071482
v 184.680176 -13.578142 8.356575
v 181.685532 -11.679782 9.462381
v 184.235077 -12.083216 10.933452
v 179.246109 -9.657331 13.785350
v 176.854736 -5.566713 16.207161
v 183.516968 -2.010473 14.456182
v 182.248093 -8.672409 15.608683
v 179.793793 -2.970252 11.761976
v 181.773209 -9.636379 11.818462
v 183.220917 -9.921117 5.007485
v 187.725494 -14.520021 8.217476
v 184.647171 -12.643214 3.556883
v 186.010300 -14.203850 -1.162336
v 182.657654 -15.255764 -4.344256
v 190.570251 -15.270610 -4.661158
v 193.058853 -15.061916 -12.228892
v 186.269608 -10.317548 -14.961376
v 183.370956 -5.221096 -15.027452
v 189.486099 -9.049330 -10.426003
v 191.470276 -13.114814 -15.050493
v 188.883942 -5.762115 -8.623083
v 188.544250 -13.205848 -4.669626
v 196.348038 -13.553047 -10.293388
v 194.771378 -11.730265 -10.861819
v 173.112946 -8.278442 -13.211038
v 177.696823 -6.188551 -2.788360
v 182.582886 -14.082239 -6.809674
v 184.518295 -13.723402 -7.373100
v 181.542908 -11.720836 -9.464948
v 184.055237 -11.913162 -10.225894
v 178.639206 -8.735487 -14.478401
v 176.833099 -5.566708 -16.494799
v 183.516937 -2.010480 -15.210180
v 184.239548 -8.306767 -16.029127
v 180.162964 -2.970245 -11.774096
v 179.742813 -9.089748 -11.615301
v 182.306763 -9.459913 -5.637345
v 187.712708 -14.680634 -8.451592
v 184.809631 -12.518581 -3.910531
v 186.729309 -14.993965 2.768217
v 177.076065 -11.621026 2.843928
v 181.733307 -13.158781 -0.445969
v 182.834976 -14.528675 -7.400716
v 188.098816 -14.541556 -6.567204
v 191.141220 -15.013184 -8.332054
v 191.665314 -13.457155 -7.805431
v 193.969177 -13.397343 -10.794114
v 187.972504 -13.192987 -11.083002
v 183.570236 -11.915471 -11.834175
v 190.893112 -11.128893 -13.492815
v 193.532471 -8.956705 -2.554270
v 186.990616 -16.718309 -2.854620
v 190.670532 -16.598999 1.156389
v 186.130783 -16.754532 1.486223
v 190.779953 -16.854261 -2.759613
v 194.278580 -15.502781 2.006719
v 194.348816 -15.697326 1.078734
v 182.246002 -15.487973 11.174511
v 187.622238 -13.026324 6.793305
v 188.076340 -15.408353 6.608123
v 191.071930 -15.171562 8.244308
v 191.671463 -13.537756 11.960582
v 190.350784 -11.243650 7.720111
v 193.938049 -13.604344 7.232104
v 184.465546 -14.282804 11.103093
v 183.684860 -12.185976 0.689983
v 179.915512 -13.366707 -13.587470
v 178.229492 -8.031878 12.543531
v 177.701859 -8.571179 14.655771
v 186.036636 -8.967580 13.293282
v 193.521683 -8.730402 10.891951
v 178.100189 -9.450432 -12.084720
v 176.760574 -8.465960 -9.896775
v 173.903015 -9.152691 10.537614
v 172.694046 -9.092023 -0.003078
v 174.616074 -13.241260 -0.003079
v 173.930359 -12.582019 -0.003079
v 181.849686 -12.128267 -0.003082
v 179.244354 -11.650887 -0.003079
v 175.509842 -13.625841 -0.003078
v 172.107361 -11.494390 -0.003078
v 185.315338 -12.722615 -0.003079
v 189.285965 -12.322186 -0.003081
v 177.052368 -12.326690 -0.003077
v 170.879364 -10.591021 -0.003079
v 169.134964 -10.156481 -0.003081
v 168.219955 -8.603224 -0.003081
v 172.704361 -12.257422 -0.003077
v 171.306366 -11.338286 -0.003080
v 168.454956 -9.518289 11.828923
v 181.703964 2.868929 10.622152
v 175.807953 0.141574 29.585964
v 181.359955 4.785958 19.130930
v 178.012955 2.614663 1.297485
v 169.219955 -9.930708 3.370779
v 170.154861 -9.288558 1.653520
v 174.506363 -11.540969 10.199098
v 174.706955 -3.767148 10.943541
v 179.947952 -4.134287 4.799370
v 179.333038 -10.144645 4.542365
v 174.549362 -10.486548 8.936203
v 184.866623 -10.364493 8.409409
v 172.269379 -3.661681 1.108599
v 168.449951 -8.428109 4.081657
v 172.045380 -10.061559 1.384064
v 179.205368 -10.451175 0.935724
v 175.123367 -12.700587 6.248959
v 172.101868 -8.809846 4.651460
v 185.742920 -12.024886 5.820079
v 170.675461 -2.707595 7.133024
v 174.451355 -9.274439 9.185618
v 188.560974 -10.292076 4.883974
v 189.079956 -11.736988 1.780502
v 171.167358 -10.365786 7.134262
v 177.029037 -9.066548 1.307139
v 176.594360 -11.102076 9.152895
v 179.577591 -8.419076 9.427279
v 176.651382 -7.185499 8.995435
v 174.596741 -7.127910 7.819828
v 172.254776 -6.840517 5.647559
v 170.128906 -6.007157 2.994391
v 181.688293 -10.135108 8.613342
v 172.820969 -0.280766 3.096794
v 169.121918 -7.697100 4.795684
v 182.984268 -10.442984 8.173613
v 182.787109 -9.660013 3.034942
v 179.195038 -9.959007 2.064307
v 172.132294 -11.030708 11.760134
v 184.919952 -3.874076 19.382803
v 182.476959 2.147281 7.823936
v 179.366058 -9.389665 4.695807
v 177.340454 -9.904529 10.565886
v 177.318954 -3.890660 11.405591
v 179.146957 0.015736 29.057089
v 180.571976 4.763821 9.970764
v 179.743225 -7.440333 8.272862
v 177.010223 -8.287120 5.913483
v 171.006409 -7.908721 9.173960
v 179.656311 -8.038519 3.550457
v 181.330750 -10.071170 5.042042
v 182.607605 -10.301876 8.804084
v 181.687378 -9.003469 5.810063
v 182.106903 -11.073440 4.439665
v 181.769989 -10.802235 10.256306
v 179.861923 -8.501372 9.107130
v 181.082993 -9.628920 7.325484
v 182.578873 -9.780653 7.651071
v 181.950104 -10.611080 -11.835085
v 181.703964 2.868931 -10.628312
v 175.807938 0.141590 -28.772543
v 181.359940 4.785955 -19.137094
v 178.012955 2.614658 -1.303645
v 169.219955 -9.930708 -3.376935
v 170.154861 -9.288558 -1.659673
v 174.506363 -11.540971 -10.205257
v 174.706955 -3.767150 -10.949701
v 179.947952 -4.134292 -4.805532
v 179.333038 -10.144646 -4.548525
v 174.549362 -10.486547 -8.942365
v 184.866623 -10.364493 -8.415569
v 172.269379 -3.661678 -1.114760
v 168.449951 -8.428109 -4.087813
v 172.045364 -10.061559 -1.390224
v 179.205368 -10.451174 -0.941881
v 175.123367 -12.700585 -6.255116
v 172.101868 -8.809848 -4.657620
v 185.742920 -12.024887 -5.826239
v 170.675461 -2.707599 -7.139184
v 174.451355 -9.274441 -9.191776
v 188.560959 -10.292080 -4.890136
v 189.079956 -11.736988 -1.786659
v 171.167358 -10.365787 -7.140420
v 177.029037 -9.066551 -1.313303
v 176.594360 -11.102077 -9.159054
v 179.577576 -8.419077 -9.433439
v 176.651367 -7.185499 -9.001595
v 174.596741 -7.127913 -7.825987
v 172.254776 -6.840520 -5.653720
v 170.128906 -6.007157 -3.000549
v 181.688293 -10.135107 -8.619504
v 172.820953 -0.280767 -3.102956
v 169.121918 -7.697099 -4.801844
v 182.984268 -10.442985 -8.179773
v 182.787109 -9.660015 -3.041101
v 179.195038 -9.959009 -2.070468
v 172.132294 -11.030707 -11.766294
v 184.919937 -3.874077 -19.388966
v 182.476959 2.147286 -7.830097
v 179.366043 -9.389667 -4.701967
v 177.340454 -9.904528 -10.572047
v 177.318954 -3.890657 -11.411754
v 179.146942 0.015729 -28.258263
v 180.571960 4.763826 -9.976926
v 179.743225 -7.440335 -8.279022
v 177.010223 -8.287122 -5.919641
v 171.006393 -7.908719 -9.180121
v 179.656296 -8.038515 -3.556617
v 181.330750 -10.071171 -5.048202
v 182.607605 -10.301878 -8.810241
v 181.687378 -9.003474 -5.816226
v 182.106903 -11.073441 -4.445822
v 181.769989 -10.802236 -10.262466
v 179.861923 -8.501372 -9.113290
v 181.082977 -9.628919 -7.331643
v 182.578873 -9.780652 -7.657232
v 181.950104 -10.611082 17.416140
v 183.254883 1.080566 18.123739
v 183.873367 1.638648 17.289976
v 188.084045 0.381142 16.664768
v 188.097443 -0.829362 15.911027
v 188.950195 0.420295 18.886658
v 186.742035 4.676332 17.946970
v 187.150452 5.205673 19.669140
v 183.605774 6.363852 19.007090
v 182.763596 7.615203 18.950947
v 181.814194 5.174409 18.161390
v 180.458557 5.882050 17.231022
v 184.746292 -4.332890 18.101210
v 184.804031 -3.542501 16.575140
v 188.253571 0.393554 15.698467
v 189.294449 0.154430 15.689360
v 189.032089 1.482366 19.185102
v 183.643219 1.005069 18.617916
v 183.152817 2.018408 18.707935
v 179.281769 -1.144489 18.122112
v 178.026794 -0.861369 18.373363
v 180.103470 -3.654400 17.667774
v 179.142639 -4.269783 17.021847
v 176.520370 0.217948 16.085751
v 176.894058 -1.269403 16.322632
v 167.676712 -0.723786 15.400571
v 168.039841 -2.169208 18.065100
v 175.560913 1.751445 17.287252
v 176.000229 0.341696 18.560610
v 165.497437 2.709209 17.145023
v 165.962799 1.272727 -17.422304
v 183.254883 1.080570 -18.129902
v 183.873352 1.638649 -17.296135
v 188.084045 0.381144 -16.670929
v 188.097427 -0.829358 -15.917188
v 188.950180 0.420301 -18.892822
v 186.742020 4.676336 -17.953133
v 187.150452 5.205670 -19.675304
v 183.605774 6.363856 -19.013250
v 182.763580 7.615202 -18.957108
v 181.814178 5.174415 -18.167557
v 180.458542 5.882052 -17.237185
v 184.746292 -4.332895 -18.107370
v 184.804016 -3.542503 -16.581303
v 188.253571 0.393549 -15.704631
v 189.294434 0.154433 -15.695520
v 189.032074 1.482370 -19.191267
v 183.643204 1.005076 -18.624081
v 183.152817 2.018406 -18.714100
v 179.281769 -1.144490 -18.128277
v 178.026779 -0.861368 -18.379526
v 180.103455 -3.654402 -17.673937
v 179.142624 -4.269784 -17.028011
v 176.520370 0.217984 -16.091913
v 176.894058 -1.269403 -16.328796
v 167.676697 -0.723789 -15.406732
v 168.039841 -2.169208 -18.071264
v 175.560898 1.751453 -17.293419
v 176.000214 0.341694 -18.566772
v 165.497437 2.709233 -17.151190
v 165.962784 1.272739 -0.000001
v 128.237030 -12.209904 -7.673634
v 122.838295 -12.707474 7.673637
v 122.838295 -12.707472 16.526678
v 173.134674 5.486932 -16.313927
v 173.133972 5.385622 -0.000008
v 106.439804 23.156841 -8.675735
v 111.563843 22.880383 8.675724
v 111.563843 22.880344 -4.052116
v 24.066887 0.088950 -3.928627
v 21.469894 0.090130 -3.547886
v 11.628877 0.801415 -12.484798
v 11.645677 1.917026 -14.695097
v 1.327943 -5.464655 -3.547886
v 11.628877 0.801415 -3.044425
v 1.327943 -6.447356 -14.754997
v 1.328400 -16.952137 -5.314916
v 1.328401 -18.169334 -10.278796
v 1.328401 -21.554636 -6.879716
v 1.323576 4.038764 -7.991566
v 7.795986 2.690675 -8.740116
v 1.323578 4.309026 -7.694677
v 1.323729 6.844155 -3.547886
v 11.628877 0.801415 -6.879716
v 1.323576 4.038764 -1.811160
v 86.068626 -1.125815 -2.679467
v 67.033005 -0.157719 -3.195208
v 61.546646 0.402342 -2.826638
v 47.857143 1.422591 -6.828670
v 155.234848 9.551225 -0.000001
v 155.296951 10.102213 0.000000
v 154.422958 -10.873549 -12.235873
v 152.267258 -5.509087 -11.910856
v 152.055191 5.395466 -11.544136
v 152.569138 -0.243919 -12.565518
v 150.779312 -0.458979 -11.544136
v 152.569138 -0.243919 -17.113691
v 150.599335 6.811145 -12.357985
v 150.465149 4.842461 -12.357985
v 150.465149 4.842461 -15.606202
v 139.529831 4.263333 -12.565518
v 150.779312 -0.458979 -16.502741
v 151.111282 -2.032695 -20.581362
v 151.211273 -0.619583 -20.840204
v 151.029236 4.015245 -20.044556
v 126.966095 3.052022 -22.451420
v 118.057281 3.662109 -19.030479
v 130.136520 3.113762 0.000000
v 154.422958 -10.873549 -4.299995
v 152.669952 -14.695194 -11.778697
v 149.184952 -13.720896 -8.715938
v 150.867966 -15.303891 -6.828670
v 155.234848 9.551225 -0.000001
v 155.296951 10.102213 -13.717332
v 157.577179 -5.638600 -22.131142
v 158.299713 2.933716 -18.925541
v 158.424118 -2.675663 -7.805580
v 156.521957 -9.138460 -2.982830
v 155.333954 -10.597363 -18.728367
v 156.943558 7.967394 -12.631480
v 155.576218 8.568535 -6.828670
v 155.234848 9.551225 0.000000
v 154.422958 -10.873549 -8.715938
v 150.867966 -15.303891 -25.892424
v 143.623474 1.832561 -22.269899
v 142.812103 7.123451 -14.713211
v 142.302704 8.974991 -7.369961
v 141.899551 9.929707 -11.778697
v 149.184952 -13.720896 -22.564600
v 144.275101 -4.313506 -0.000001
v 141.628952 10.100908 -16.805002
v 146.433868 -8.740343 3.928629
v 21.469992 0.090127 4.052119
v 24.066988 0.088947 3.547885
v 11.628878 0.801415 12.484797
v 11.645677 1.917027 14.695096
v 1.327943 -5.464655 3.044425
v 1.327942 -6.447356 3.547885
v 11.628878 0.801415 14.754996
v 1.328401 -16.952137 5.314917
v 1.328401 -18.169334 10.278795
v 1.328401 -21.554638 6.879716
v 1.323576 4.038765 7.991566
v 7.795989 2.690675 8.740116
v 1.323578 4.309026 7.694676
v 1.323730 6.844156 3.547885
v 11.628878 0.801415 6.879716
v 1.323576 4.038765 2.679517
v 67.034439 -0.157746 1.811217
v 86.070267 -1.125848 3.195249
v 61.547821 0.402299 2.826682
v 47.858437 1.422558 6.828639
v 155.233673 9.550877 12.235572
v 152.255203 -5.512661 11.910669
v 152.047806 5.393265 11.543834
v 152.557129 -0.247494 12.565213
v 150.767288 -0.462547 11.543834
v 152.557129 -0.247494 17.113499
v 150.591949 6.808947 12.357796
v 150.457748 4.840265 15.605745
v 139.511826 4.258041 12.357796
v 150.457748 4.840265 12.565213
v 150.767288 -0.462547 16.502432
v 151.099274 -2.036267 20.529346
v 151.163559 -0.673571 20.790585
v 150.941269 3.951872 22.467316
v 117.988632 3.246186 20.056061
v 126.911049 2.971096 19.030029
v 130.118515 3.108524 4.300000
v 152.669952 -14.695192 11.761993
v 149.206589 -13.727907 8.715943
v 150.867966 -15.303890 6.828639
v 155.233673 9.550877 13.717196
v 157.572021 -5.640141 22.130630
v 158.289780 2.930528 18.925280
v 158.412857 -2.679017 7.805583
v 156.521942 -9.138461 2.982832
v 155.333954 -10.597363 18.728104
v 156.933716 7.964430 12.633890
v 155.546555 8.562129 6.828639
v 155.233673 9.550877 11.761993
v 149.206589 -13.727907 25.891947
v 143.605530 1.827238 22.269432
v 142.794159 7.118140 14.712933
v 142.291809 8.971775 7.369885
v 141.896530 9.928821 8.715943
v 150.867966 -15.303890 22.564133
v 144.257080 -4.318823 16.710558
v 146.467484 -8.804768 21.727980
v 115.545792 4.307471 19.851219
v 124.840340 4.189061 25.079578
v 104.572571 4.027588 30.076376
v 96.854927 3.068518 27.034763
v 118.712799 0.965564 27.034763
v 118.712799 0.965564 26.547270
v 99.225571 -8.254067 30.206070
v 96.081505 -7.149605 31.309013
v 98.771988 -7.509783 30.149893
v 92.595169 -7.932699 30.067888
v 92.189743 -9.915428 37.964211
v 86.724052 -8.129559 38.381672
v 85.956467 -6.001842 36.107689
v 91.246399 -5.079635 36.496506
v 86.774841 -5.767333 34.123329
v 95.294540 -4.093201 34.123329
v 95.294540 -4.093201 37.397141
v 97.003845 -3.909204 36.768932
v 85.462631 -4.855648 38.671959
v 84.654366 -5.089104 38.793995
v 84.100548 -2.893660 36.233143
v 90.484680 -4.357163 36.495377
v 89.997467 -1.876143 36.912952
v 84.906548 -2.585481 34.419479
v 94.735687 -1.041607 34.419479
v 94.735687 -1.041607 37.709133
v 96.427124 -0.858347 36.441502
v 85.768097 -1.875591 38.341789
v 85.020103 -2.102822 38.193825
v 85.086807 -0.088286 36.287811
v 90.450233 -1.353721 36.258446
v 90.522438 1.005309 36.341148
v 85.895554 0.214797 34.430115
v 94.523514 1.934802 34.430115
v 94.523514 1.934802 37.570847
v 96.009331 2.042002 35.877361
v 88.170746 1.534989 37.589218
v 86.995430 1.366143 37.352959
v 87.153908 3.080970 36.001694
v 91.097061 1.831461 31.309013
v 98.771988 -7.509783 36.262180
v 97.593063 -7.109083 37.397141
v 97.003845 -3.909204 37.709133
v 96.427124 -0.858347 37.570847
v 96.009331 2.042002 36.762512
v 95.424881 4.616068 34.067547
v 94.898590 4.670585 27.389782
v 98.347534 -4.954427 34.067547
v 94.898590 4.670585 29.789665
v 99.421661 -8.612034 -21.700514
v 115.650253 4.798786 -19.826550
v 124.936142 4.338372 -24.943604
v 104.937195 4.879061 -29.839870
v 97.446350 5.463950 -27.042929
v 118.706940 1.409066 -27.042929
v 118.706940 1.409066 -27.087828
v 97.869698 -6.305601 -30.645260
v 94.973404 -4.448721 -31.786488
v 97.571075 -5.179829 -30.619659
v 91.404922 -4.639070 -30.667421
v 90.672791 -6.526933 -38.411873
v 85.724625 -3.332300 -38.681862
v 85.326263 -1.083061 -36.790390
v 86.162857 -1.115188 -36.384483
v 90.684425 -1.213308 -34.345192
v 94.729103 -1.049224 -37.610054
v 96.461502 -0.935952 -34.345192
v 94.729103 -1.049224 -38.902580
v 84.196854 0.052096 -36.993298
v 85.023224 0.019435 -38.874630
v 84.019096 2.312452 -36.456779
v 90.055077 -0.366770 -36.982288
v 84.855858 2.355137 -36.550098
v 89.991516 2.172690 -34.433884
v 94.690628 2.065725 -37.714500
v 96.405365 2.182321 -34.433884
v 94.690628 2.065725 -38.376476
v 85.055809 2.906219 -36.469963
v 85.821724 2.877707 -38.095039
v 85.458160 4.866729 -36.311012
v 90.524315 2.596908 -36.231361
v 86.296906 4.905832 -36.125000
v 90.990364 4.903264 -34.244881
v 94.979919 5.029629 -37.380684
v 96.478455 5.095896 -34.244881
v 94.979919 5.029629 -37.406776
v 87.580299 5.937467 -35.694832
v 88.758675 5.792556 -37.057789
v 88.022499 7.581919 -35.876610
v 91.889381 5.595434 -31.786488
v 97.571075 -5.179829 -36.694496
v 96.500854 -4.257813 -37.610054
v 96.461502 -0.935952 -37.714500
v 96.405365 2.182321 -37.380684
v 96.478455 5.095896 -36.399033
v 96.329239 7.671721 -33.703186
v 95.805977 7.633630 -33.703186
v 95.805977 7.633630 -27.703140
v 97.560883 -2.856777 -30.348026
v 98.019356 -6.474188 -0.003081
v 171.085205 6.229173 -16.074116
v 120.070030 22.579817 -4.232847
v 172.553970 3.973961 -12.426558
v 188.412445 -8.869297 -11.121313
v 183.426712 -8.125347 -10.579196
v 162.308945 -8.554422 -10.181680
v 172.571167 -7.543608 -11.812293
v 155.203964 -10.702233 -11.121313
v 183.426712 -8.125347 -25.684706
v 134.629639 19.382610 16.074108
v 120.070053 22.579742 4.226685
v 172.553986 3.973961 12.403031
v 188.395035 -8.853212 11.115153
v 183.426727 -8.125347 10.579202
v 162.308960 -8.554419 10.158155
v 172.685394 -7.543606 11.812301
v 155.203964 -10.702230 11.115153
v 183.426727 -8.125347 25.684698
v 134.629654 19.382469 15.393657
v 182.617569 0.370292 16.257427
v 188.923096 1.419340 15.833470
v 181.461029 3.241360 15.960830
v 188.245697 -2.504407 11.539448
v 199.513153 -3.651193 14.889424
v 194.974106 -1.267831 5.954865
v 202.104156 -5.188856 -0.011764
v 202.736588 -5.514126 -15.417186
v 182.617554 0.370294 -15.856997
v 181.461029 3.241361 -16.280954
v 188.923080 1.419345 -15.984357
v 188.245697 -2.504406 -11.562975
v 199.513138 -3.651191 -14.912952
v 194.974091 -1.267830 -5.978392
v 202.104172 -5.190353 5.677775
v 198.731430 -10.632633 14.107374
v 192.688889 -5.822352 10.583275
v 196.360779 -8.881732 15.960830
v 188.245697 -2.504407 -0.011764
v 199.379196 -11.214624 -5.701303
v 198.731415 -10.666288 -14.130899
v 192.688873 -5.822351 -10.606804
v 196.360779 -8.907356 -15.984357
v 188.245697 -2.504406 29.057089
v 180.571976 4.763821 11.081495
v 177.252960 2.485743 19.382803
v 182.476959 2.147281 2.940236
v 169.895966 -1.856748 4.338824
v 171.489960 1.102279 11.838909
v 182.737961 -0.532231 4.226685
v 172.553986 3.973961 11.081495
v 177.252960 2.485743 11.115153
v 183.426727 -8.125347 11.235147
v 188.713959 -7.534400 8.935883
v 191.641953 -9.477636 4.803678
v 192.861954 -10.485605 -0.003080
v 169.047958 -3.252731 -0.003082
v 193.282974 -11.067548 11.838909
v 182.737961 -0.532231 19.130930
v 178.012955 2.614663 10.622152
v 175.807953 0.141574 29.585964
v 181.359955 4.785958 -28.258263
v 180.571960 4.763826 -11.087657
v 177.252960 2.485742 -19.388966
v 182.476959 2.147286 -2.946397
v 169.895966 -1.856748 -4.344986
v 171.489960 1.102285 -11.845243
v 182.737946 -0.532226 -4.232847
v 172.553970 3.973961 -11.087657
v 177.252960 2.485742 -11.121313
v 183.426712 -8.125347 -11.241307
v 188.713959 -7.534397 -8.942041
v 191.641953 -9.477638 -4.809836
v 192.861954 -10.485608 -11.845243
v 182.737946 -0.532226 -19.137094
v 178.012955 2.614658 -10.628312
v 175.807938 0.141590 -28.772543
v 181.359940 4.785955 16.575140
v 188.253571 0.393554 17.289976
v 188.084045 0.381142 -16.581303
v 188.253571 0.393549 -17.296135
v 188.084045 0.381144 -0.000008
v 106.439804 23.156841 0.214677

vt 0.716153 0.753081
vt 0.723102 0.990226
vt 0.655507 0.924856
vt 0.660106 0.777720
vt 0.660841 0.742711
vt 0.669715 0.811005
vt 0.692276 0.838232
vt 0.685175 0.848501
vt 0.644988 0.814755
vt 0.648374 0.953729
vt 0.656187 0.928434
vt 0.616171 0.906247
vt 0.622493 0.764407
vt 0.614501 0.731404
vt 0.631507 0.839178
vt 0.588370 0.799911
vt 0.601966 0.889989
vt 0.605928 0.954356
vt 0.609734 0.920394
vt 0.563856 0.882722
vt 0.575473 0.724271
vt 0.533073 0.680051
vt 0.573583 0.832776
vt 0.552316 0.915223
vt 0.534967 0.674837
vt 0.468097 0.617744
vt 0.518815 0.764705
vt 0.510813 0.809832
vt 0.498677 0.792788
vt 0.416334 0.731892
vt 0.433374 0.845810
vt 0.413243 0.916589
vt 0.495230 0.862503
vt 0.495290 0.876587
vt 0.640903 0.789822
vt 0.570116 0.875328
vt 0.541472 0.967993
vt 0.630392 0.627640
vt 0.401505 0.554422
vt 0.462141 0.833855
vt 0.333769 0.774495
vt 0.337941 0.699751
vt 0.360077 0.567423
vt 0.315874 0.480017
vt 0.384399 0.819815
vt 0.230304 0.658859
vt 0.264145 0.751382
vt 0.236871 0.906956
vt 0.418388 0.901208
vt 0.338231 0.884286
vt 0.117123 0.504607
vt 0.217929 0.401760
vt 0.296915 0.612610
vt 0.158421 0.727434
vt 0.126049 0.901344
vt 0.660631 0.915744
vt 0.599393 0.865731
vt 0.621977 0.915794
vt 0.641320 0.937082
vt 0.592469 0.939699
vt 0.637055 0.882947
vt 0.660119 0.897436
vt 0.644681 0.890760
vt 0.628457 0.753968
vt 0.589602 0.720730
vt 0.614100 0.803378
vt 0.117578 0.895127
vt 0.232437 0.862555
vt 0.675160 0.949743
vt 0.284238 0.992602
vt 0.342251 0.992602
vt 0.283048 0.992602
vt 0.194195 0.922401
vt 0.197012 0.638038
vt 0.105273 0.541895
vt 0.105273 0.992602
vt 0.105273 0.888554
vt 0.105273 0.725856
vt 0.105273 0.811193
vt 0.105273 0.636297
vt 0.009591 0.992602
vt 0.009591 0.880584
vt 0.009591 0.723160
vt 0.009591 0.808788
vt 0.009591 0.540957
vt 0.009591 0.941824
vt 0.009591 0.050892
vt 0.991170 0.061011
vt 0.995881 0.061162
vt 0.978537 0.394156
vt 0.693555 0.429704
vt 0.705095 0.430630
vt 0.688155 0.369306
vt 0.692724 0.334246
vt 0.686577 0.333634
vt 0.699994 0.474993
vt 0.682201 0.468060
vt 0.711808 0.380628
vt 0.655145 0.402217
vt 0.651083 0.357400
vt 0.652884 0.336642
vt 0.639057 0.545635
vt 0.569335 0.521765
vt 0.549239 0.515208
vt 0.568704 0.489342
vt 0.550319 0.010024
vt 0.845479 0.003771
vt 0.911680 0.064120
vt 0.909951 0.501711
vt 0.605871 0.531439
vt 0.621385 0.467113
vt 0.599108 0.379180
vt 0.618436 0.344720
vt 0.610067 0.361407
vt 0.618275 0.396223
vt 0.616136 0.405430
vt 0.992199 0.459370
vt 0.990180 0.484693
vt 0.984692 0.302435
vt 0.963002 0.381137
vt 0.989460 0.433333
vt 0.993304 0.473510
vt 0.902466 0.334394
vt 0.882399 0.355267
vt 0.890146 0.379369
vt 0.896160 0.432587
vt 0.904717 0.406058
vt 0.899751 0.334151
vt 0.978116 0.360091
vt 0.984902 0.383030
vt 0.871045 0.408039
vt 0.871907 0.452745
vt 0.888623 0.471751
vt 0.887597 0.433626
vt 0.888441 0.495132
vt 0.870546 0.360752
vt 0.866674 0.452834
vt 0.868804 0.432465
vt 0.870294 0.472455
vt 0.871294 0.455998
vt 0.808133 0.438316
vt 0.807992 0.414337
vt 0.807566 0.388954
vt 0.807057 0.366551
vt 0.805288 0.339638
vt 0.800161 0.472965
vt 0.809172 0.452906
vt 0.905421 0.452057
vt 0.635562 0.488519
vt 0.642854 0.518904
vt 0.658430 0.628993
vt 0.708617 0.663933
vt 0.686274 0.648593
vt 0.759928 0.633354
vt 0.789344 0.658864
vt 0.723545 0.603384
vt 0.684652 0.586193
vt 0.746258 0.619667
vt 0.738963 0.574702
vt 0.770355 0.599302
vt 0.705838 0.593188
vt 0.726216 0.606221
vt 0.762622 0.677770
vt 0.780756 0.649681
vt 0.827788 0.681098
vt 0.817073 0.712382
vt 0.675474 0.671053
vt 0.638052 0.626886
vt 0.679953 0.727705
vt 0.796671 0.734814
vt 0.754729 0.730313
vt 0.777358 0.746741
vt 0.735989 0.711993
vt 0.820884 0.714954
vt 0.700336 0.694704
vt 0.718521 0.682420
vt 0.749508 0.584128
vt 0.678087 0.567661
vt 0.738837 0.556354
vt 0.759861 0.579569
vt 0.702223 0.572953
vt 0.720475 0.539950
vt 0.785323 0.536566
vt 0.752090 0.532525
vt 0.819037 0.558573
vt 0.670013 0.536506
vt 0.722151 0.543436
vt 0.694316 0.192076
vt 0.724382 0.165965
vt 0.724382 0.269560
vt 0.724382 0.294955
vt 0.724382 0.245487
vt 0.724382 0.218061
vt 0.724382 0.645092
vt 0.639198 0.600334
vt 0.659129 0.323033
vt 0.667617 0.295378
vt 0.667617 0.218297
vt 0.667617 0.268990
vt 0.667617 0.165965
vt 0.594285 0.192467
vt 0.594285 0.295679
vt 0.594285 0.218134
vt 0.594285 0.269096
vt 0.594285 0.245014
vt 0.667617 0.245153
vt 0.594285 0.192086
vt 0.667617 0.165965
vt 0.648648 0.295675
vt 0.648648 0.218182
vt 0.648648 0.268843
vt 0.648648 0.244923
vt 0.648648 0.192258
vt 0.648648 0.192258
vt 0.648648 0.411945
vt 0.053458 0.372440
vt 0.100326 0.315916
vt 0.229830 0.367047
vt 0.189170 0.319349
vt 0.186927 0.369059
vt 0.148101 0.321884
vt 0.146341 0.311713
vt 0.269906 0.363749
vt 0.233302 0.305700
vt 0.316635 0.394222
vt 0.281805 0.411369
vt 0.234830 0.416827
vt 0.149073 0.412599
vt 0.099633 0.415302
vt 0.191187 0.300870
vt 0.349982 0.323487
vt 0.101919 0.413605
vt 0.008378 0.159039
vt 0.028334 0.135699
vt 0.039962 0.090317
vt 0.024084 0.225873
vt 0.038862 0.257960
vt 0.048157 0.206597
vt 0.050738 0.976856
vt 0.562698 0.991240
vt 0.563084 0.975624
vt 0.361162 0.991117
vt 0.361547 0.975624
vt 0.361162 0.991117
vt 0.361547 0.976856
vt 0.562698 0.991137
vt 0.561589 0.975624
vt 0.361162 0.991117
vt 0.361547 0.991137
vt 0.561589 0.976856
vt 0.562698 0.976478
vt 0.500827 0.991130
vt 0.500265 0.991181
vt 0.469983 0.976287
vt 0.469552 0.785323
vt 0.716153 0.924856
vt 0.660106 0.777720
vt 0.660841 0.811005
vt 0.692276 0.838232
vt 0.685175 0.848501
vt 0.644988 0.814755
vt 0.648374 0.953729
vt 0.656187 0.928434
vt 0.616171 0.906247
vt 0.622493 0.764407
vt 0.614501 0.839178
vt 0.588370 0.799911
vt 0.601966 0.889989
vt 0.605928 0.882722
vt 0.575473 0.724271
vt 0.533073 0.832776
vt 0.552316 0.674837
vt 0.468097 0.764705
vt 0.510813 0.809832
vt 0.498677 0.792788
vt 0.416334 0.731892
vt 0.433374 0.845810
vt 0.413243 0.862503
vt 0.495290 0.876587
vt 0.640903 0.789822
vt 0.570116 0.875328
vt 0.541472 0.627640
vt 0.401505 0.833855
vt 0.333769 0.774495
vt 0.337941 0.699751
vt 0.360077 0.567423
vt 0.315874 0.819815
vt 0.230304 0.658859
vt 0.264145 0.751382
vt 0.236871 0.906956
vt 0.418388 0.901208
vt 0.338231 0.884286
vt 0.117123 0.504607
vt 0.217929 0.612610
vt 0.158421 0.727434
vt 0.126049 0.901344
vt 0.660631 0.915744
vt 0.599393 0.865731
vt 0.621977 0.915794
vt 0.641320 0.939699
vt 0.637055 0.882947
vt 0.660119 0.897436
vt 0.644681 0.890760
vt 0.628457 0.753968
vt 0.589602 0.803378
vt 0.117578 0.895127
vt 0.232437 0.862555
vt 0.675160 0.949743
vt 0.284238 0.922401
vt 0.197012 0.638038
vt 0.105273 0.888554
vt 0.105273 0.725856
vt 0.105273 0.811193
vt 0.105273 0.636297
vt 0.009591 0.880584
vt 0.009591 0.723160
vt 0.009591 0.808788
vt 0.009591 0.941824
vt 0.009591 0.050892
vt 0.991170 0.061011
vt 0.995881 0.061162
vt 0.978537 0.394156
vt 0.693555 0.429704
vt 0.705095 0.430630
vt 0.688155 0.369306
vt 0.692724 0.334246
vt 0.686577 0.333634
vt 0.699994 0.474993
vt 0.682201 0.468060
vt 0.711808 0.380628
vt 0.655145 0.402217
vt 0.651083 0.357400
vt 0.652884 0.336642
vt 0.639057 0.545635
vt 0.569335 0.521765
vt 0.549239 0.515208
vt 0.568704 0.489342
vt 0.550319 0.010024
vt 0.845479 0.003771
vt 0.911680 0.064120
vt 0.909951 0.501711
vt 0.605871 0.531439
vt 0.621385 0.467113
vt 0.599108 0.379180
vt 0.618436 0.344720
vt 0.610067 0.361407
vt 0.618275 0.396223
vt 0.616136 0.405430
vt 0.992199 0.459370
vt 0.990180 0.484693
vt 0.984692 0.302435
vt 0.963002 0.381137
vt 0.989460 0.433333
vt 0.993304 0.473510
vt 0.902466 0.334394
vt 0.882399 0.355267
vt 0.890146 0.379369
vt 0.896160 0.432587
vt 0.904717 0.406058
vt 0.899751 0.334151
vt 0.978116 0.360091
vt 0.984902 0.383030
vt 0.871045 0.408039
vt 0.871907 0.452745
vt 0.888623 0.471751
vt 0.887597 0.433626
vt 0.888441 0.495132
vt 0.870546 0.360752
vt 0.866674 0.452834
vt 0.868804 0.432465
vt 0.870294 0.472455
vt 0.871294 0.455998
vt 0.808133 0.438316
vt 0.807992 0.414337
vt 0.807566 0.388954
vt 0.807057 0.366551
vt 0.805288 0.339638
vt 0.800161 0.472965
vt 0.809172 0.452906
vt 0.905421 0.452057
vt 0.635562 0.488519
vt 0.642854 0.518904
vt 0.658430 0.628993
vt 0.708617 0.663933
vt 0.686274 0.648593
vt 0.759928 0.633354
vt 0.789344 0.658864
vt 0.723545 0.603384
vt 0.684652 0.586193
vt 0.746258 0.619667
vt 0.738963 0.574702
vt 0.770355 0.599302
vt 0.705838 0.593188
vt 0.726216 0.606221
vt 0.762622 0.677770
vt 0.780756 0.671053
vt 0.638052 0.626886
vt 0.679953 0.727705
vt 0.796671 0.734814
vt 0.754729 0.730313
vt 0.777358 0.694704
vt 0.718521 0.682420
vt 0.749508 0.584128
vt 0.678087 0.567661
vt 0.738837 0.556354
vt 0.759861 0.579569
vt 0.702223 0.572953
vt 0.720475 0.539950
vt 0.785323 0.536566
vt 0.752090 0.532525
vt 0.819037 0.558573
vt 0.670013 0.536506
vt 0.722151 0.543436
vt 0.694316 0.192076
vt 0.724382 0.165965
vt 0.724382 0.269560
vt 0.724382 0.294955
vt 0.724382 0.245487
vt 0.724382 0.218061
vt 0.724382 0.645092
vt 0.639198 0.600334
vt 0.659129 0.323033
vt 0.667617 0.295378
vt 0.667617 0.218297
vt 0.667617 0.268990
vt 0.667617 0.165965
vt 0.594285 0.192467
vt 0.594285 0.295679
vt 0.594285 0.218134
vt 0.594285 0.269096
vt 0.594285 0.245014
vt 0.667617 0.245153
vt 0.594285 0.192086
vt 0.667617 0.165965
vt 0.648648 0.295675
vt 0.648648 0.218182
vt 0.648648 0.268843
vt 0.648648 0.244923
vt 0.648648 0.192258
vt 0.648648 0.192258
vt 0.648648 0.411945
vt 0.053458 0.372440
vt 0.100326 0.315916
vt 0.229830 0.367047
vt 0.189170 0.319349
vt 0.186927 0.369059
vt 0.148101 0.321884
vt 0.146341 0.311713
vt 0.269906 0.363749
vt 0.233302 0.305700
vt 0.316635 0.394222
vt 0.281805 0.411369
vt 0.234830 0.416827
vt 0.149073 0.412599
vt 0.099633 0.415302
vt 0.191187 0.300870
vt 0.349982 0.323487
vt 0.101919 0.159039
vt 0.028334 0.135699
vt 0.039962 0.090317
vt 0.024084 0.225873
vt 0.038862 0.206597
vt 0.050738 0.976856
vt 0.562698 0.991240
vt 0.563084 0.975624
vt 0.361162 0.991117
vt 0.361547 0.975624
vt 0.361162 0.991117
vt 0.361547 0.976856
vt 0.562698 0.991137
vt 0.561589 0.975624
vt 0.361162 0.991117
vt 0.361547 0.991137
vt 0.561589 0.976856
vt 0.562698 0.976478
vt 0.500827 0.991130
vt 0.500265 0.991181
vt 0.469983 0.976287
vt 0.469552 0.563194
vt 0.578136 0.590551
vt 0.601706 0.580995
vt 0.577635 0.583312
vt 0.615430 0.609663
vt 0.601706 0.616898
vt 0.615430 0.619219
vt 0.577635 0.633691
vt 0.577659 0.609663
vt 0.553563 0.616898
vt 0.539887 0.590551
vt 0.553563 0.583312
vt 0.539887 0.940015
vt 0.105273 0.940015
vt 0.105273 0.108720
vt 0.920116 0.070828
vt 0.922572 0.074923
vt 0.969955 0.109676
vt 0.967511 0.248659
vt 0.967215 0.248320
vt 0.920376 0.179094
vt 0.965902 0.179259
vt 0.917119 0.142032
vt 0.918334 0.143128
vt 0.966710 0.211834
vt 0.966009 0.212426
vt 0.917889 0.107417
vt 0.861910 0.140860
vt 0.861623 0.099851
vt 0.815992 0.118821
vt 0.815438 0.243845
vt 0.821546 0.212750
vt 0.860689 0.248788
vt 0.861213 0.312884
vt 0.818027 0.672218
vt 0.891237 0.178370
vt 0.860917 0.224231
vt 0.818180 0.187839
vt 0.812066 0.167352
vt 0.812761 0.141804
vt 0.814217 0.298750
vt 0.863692 0.110325
vt 0.994707 0.727426
vt 0.879619 0.633828
vt 0.929319 0.688630
vt 0.936618 0.670157
vt 0.917532 0.707647
vt 0.931705 0.701259
vt 0.902973 0.685609
vt 0.906536 0.696055
vt 0.927032 0.642866
vt 0.948579 0.720132
vt 0.928112 0.717830
vt 0.897803 0.610840
vt 0.955800 0.604991
vt 0.940165 0.576253
vt 0.962803 0.578911
vt 0.949749 0.575373
vt 0.976999 0.570156
vt 0.938317 0.594985
vt 0.925892 0.610761
vt 0.973166 0.785656
vt 0.953981 0.770274
vt 0.957677 0.643669
vt 0.970383 0.621188
vt 0.911406 0.753756
vt 0.956753 0.753775
vt 0.994459 0.779859
vt 0.921979 0.767762
vt 0.917690 0.753756
vt 0.916216 0.554566
vt 0.926649 0.582001
vt 0.911722 0.686922
vt 0.991820 0.686309
vt 0.976596 0.611221
vt 0.895377 0.687412
vt 0.961711 0.655262
vt 0.953920 0.717119
vt 0.993654 0.723166
vt 0.982309 0.723642
vt 0.969371 0.546714
vt 0.902070 0.575936
vt 0.889694 0.605378
vt 0.876132 0.554271
vt 0.829214 0.564268
vt 0.841365 0.572134
vt 0.851585 0.597719
vt 0.841616 0.538595
vt 0.842001 0.540850
vt 0.856183 0.549157
vt 0.865364 0.559704
vt 0.873323 0.579019
vt 0.866203 0.605933
vt 0.857753 0.648723
vt 0.901303 0.206840
vt 0.814309 0.227595
vt 0.807327 0.694572
vt 0.885956 0.269609
vt 0.821169 0.635036
vt 0.886168 0.108720
vt 0.920116 0.070828
vt 0.922572 0.074923
vt 0.969955 0.109676
vt 0.967511 0.248659
vt 0.967215 0.248320
vt 0.920376 0.179094
vt 0.965902 0.179259
vt 0.917119 0.142032
vt 0.918334 0.143128
vt 0.966710 0.211834
vt 0.966009 0.212426
vt 0.917889 0.107417
vt 0.861910 0.140860
vt 0.861623 0.099851
vt 0.815992 0.118821
vt 0.815438 0.243845
vt 0.821546 0.212750
vt 0.860689 0.248788
vt 0.861213 0.312884
vt 0.818027 0.672218
vt 0.891237 0.178370
vt 0.860917 0.224231
vt 0.818180 0.187839
vt 0.812066 0.167352
vt 0.812761 0.141804
vt 0.814217 0.298750
vt 0.863692 0.110325
vt 0.994707 0.727426
vt 0.879619 0.633828
vt 0.929319 0.688630
vt 0.936618 0.670157
vt 0.917532 0.707647
vt 0.931705 0.701259
vt 0.902973 0.685609
vt 0.906536 0.696055
vt 0.927032 0.642866
vt 0.948579 0.720132
vt 0.928112 0.717830
vt 0.897803 0.610840
vt 0.955800 0.604991
vt 0.940165 0.576253
vt 0.962803 0.578911
vt 0.949749 0.575373
vt 0.976999 0.570156
vt 0.938317 0.594985
vt 0.925892 0.610761
vt 0.973166 0.785656
vt 0.953981 0.770274
vt 0.957677 0.643669
vt 0.970383 0.621188
vt 0.911406 0.753756
vt 0.956753 0.753775
vt 0.994459 0.779859
vt 0.921979 0.767762
vt 0.917690 0.753756
vt 0.916216 0.554566
vt 0.926649 0.582001
vt 0.911722 0.686922
vt 0.991820 0.686309
vt 0.976596 0.611221
vt 0.895377 0.687412
vt 0.961711 0.655262
vt 0.953920 0.717119
vt 0.993654 0.723166
vt 0.982309 0.723642
vt 0.969371 0.546714
vt 0.902070 0.575936
vt 0.889694 0.605378
vt 0.876132 0.554271
vt 0.829214 0.564268
vt 0.841365 0.572134
vt 0.851585 0.597719
vt 0.841616 0.538595
vt 0.842001 0.540850
vt 0.856183 0.549157
vt 0.865364 0.559704
vt 0.873323 0.579019
vt 0.866203 0.605933
vt 0.857753 0.648723
vt 0.901303 0.206840
vt 0.814309 0.227595
vt 0.807327 0.694572
vt 0.885956 0.269609
vt 0.821169 0.635036
vt 0.886168 0.009745
vt 0.435284 0.012267
vt 0.359016 0.017554
vt 0.483647 0.012190
vt 0.265675 0.010765
vt 0.162934 0.010953
vt 0.090357 0.126160
vt 0.453801 0.073343
vt 0.361086 0.065215
vt 0.436344 0.080749
vt 0.480670 0.142852
vt 0.372064 0.074980
vt 0.790817 0.159186
vt 0.433152 0.075218
vt 0.265570 0.073653
vt 0.162449 0.150976
vt 0.164489 0.143935
vt 0.270112 0.096073
vt 0.085831 0.312632
vt 0.048896 0.063197
vt 0.829211 0.290776
vt 0.197363 0.189541
vt 0.175961 0.191375
vt 0.417155 0.269775
vt 0.301239 0.166938
vt 0.278953 0.048392
vt 0.478219 0.095784
vt 0.444194 0.116627
vt 0.365630 0.274564
vt 0.076041 0.263391
vt 0.064695 0.194386
vt 0.387601 0.229291
vt 0.113284 0.032847
vt 0.522728 0.060315
vt 0.507804 0.163607
vt 0.168046 0.136331
vt 0.162400 0.121173
vt 0.266876 0.063246
vt 0.089851 0.168738
vt 0.145007 0.156637
vt 0.111592 0.165079
vt 0.112094 0.146846
vt 0.108444 0.160406
vt 0.073154 0.098191
vt 0.781048 0.099931
vt 0.620678 0.007777
vt 0.800609 0.117069
vt 0.641974 0.128553
vt 0.671227 0.134782
vt 0.701899 0.037576
vt 0.725852 0.006735
vt 0.721399 0.033466
vt 0.654585 0.008414
vt 0.651499 0.027742
vt 0.594736 0.062156
vt 0.728023 0.050730
vt 0.659026 0.008942
vt 0.597997 0.011186
vt 0.572738 0.043864
vt 0.623584 0.045565
vt 0.795333 0.010530
vt 0.831424 0.132722
vt 0.638245 0.151362
vt 0.669937 0.157591
vt 0.700609 0.081837
vt 0.717667 0.065696
vt 0.655044 0.058567
vt 0.617978 0.051883
vt 0.568600 0.125764
vt 0.087837 0.110080
vt 0.063493 0.082816
vt 0.042071 0.126160
vt 0.453801 0.073343
vt 0.361086 0.065215
vt 0.436344 0.080749
vt 0.480670 0.142852
vt 0.372064 0.074980
vt 0.790817 0.159186
vt 0.433152 0.075218
vt 0.265570 0.073653
vt 0.162449 0.150976
vt 0.164489 0.143935
vt 0.270112 0.096073
vt 0.085831 0.063197
vt 0.829211 0.189541
vt 0.175961 0.191375
vt 0.417155 0.166938
vt 0.278953 0.048392
vt 0.478219 0.095784
vt 0.444194 0.116627
vt 0.365630 0.274564
vt 0.076041 0.263391
vt 0.064695 0.194386
vt 0.387601 0.229291
vt 0.113284 0.060315
vt 0.507804 0.163607
vt 0.168046 0.136331
vt 0.162400 0.121173
vt 0.266876 0.063246
vt 0.089851 0.168738
vt 0.145007 0.156637
vt 0.111592 0.165079
vt 0.112094 0.146846
vt 0.108444 0.160406
vt 0.073154 0.098191
vt 0.781048 0.099931
vt 0.620678 0.007777
vt 0.800609 0.117069
vt 0.641974 0.128553
vt 0.671227 0.037576
vt 0.725852 0.006735
vt 0.721399 0.033466
vt 0.654585 0.008414
vt 0.651499 0.027742
vt 0.594736 0.062156
vt 0.728023 0.050730
vt 0.659026 0.008942
vt 0.597997 0.011186
vt 0.572738 0.043864
vt 0.623584 0.045565
vt 0.795333 0.010530
vt 0.831424 0.132722
vt 0.638245 0.151362
vt 0.669937 0.081837
vt 0.717667 0.065696
vt 0.655044 0.058567
vt 0.617978 0.051883
vt 0.568600 0.125764
vt 0.087837 0.110080
vt 0.063493 0.082816
vt 0.042071 0.087892
vt 0.581352 0.058633
vt 0.554911 0.126660
vt 0.534049 0.149379
vt 0.467049 0.098769
vt 0.510742 0.108636
vt 0.558704 0.080451
vt 0.534454 0.138927
vt 0.501615 0.112803
vt 0.487146 0.119861
vt 0.568481 0.137695
vt 0.541952 0.147044
vt 0.506422 0.100086
vt 0.591100 0.542064
vt 0.187994 0.535406
vt 0.124642 0.538619
vt 0.155217 0.531554
vt 0.087995 0.126660
vt 0.534049 0.149379
vt 0.467049 0.098769
vt 0.510742 0.108636
vt 0.558704 0.080451
vt 0.534454 0.138927
vt 0.501615 0.112803
vt 0.487146 0.119861
vt 0.568481 0.137695
vt 0.541952 0.147044
vt 0.506422 0.535406
vt 0.124642 0.538619
vt 0.155217 0.531554
vt 0.087995 0.353760
vt 0.528079 0.325346
vt 0.480429 0.325619
vt 0.498563 0.262312
vt 0.474488 0.217434
vt 0.467000 0.252914
vt 0.504109 0.285079
vt 0.496848 0.232505
vt 0.500201 0.358911
vt 0.487810 0.360199
vt 0.463357 0.293817
vt 0.474402 0.323407
vt 0.527993 0.290474
vt 0.524674 0.245169
vt 0.412309 0.221901
vt 0.433102 0.363314
vt 0.413361 0.303771
vt 0.447868 0.284255
vt 0.436963 0.276139
vt 0.452959 0.250852
vt 0.434114 0.203548
vt 0.428972 0.196753
vt 0.475404 0.233768
vt 0.458252 0.195745
vt 0.451805 0.248345
vt 0.450035 0.256860
vt 0.453336 0.315711
vt 0.461423 0.288095
vt 0.452747 0.329921
vt 0.456562 0.361919
vt 0.437746 0.382910
vt 0.481027 0.382349
vt 0.504573 0.446010
vt 0.476021 0.490784
vt 0.469534 0.460101
vt 0.500385 0.420499
vt 0.499741 0.475105
vt 0.502222 0.416475
vt 0.476043 0.384144
vt 0.528425 0.416992
vt 0.525532 0.486500
vt 0.419820 0.489435
vt 0.445126 0.375193
vt 0.436287 0.410441
vt 0.448525 0.429667
vt 0.437313 0.432746
vt 0.454410 0.461911
vt 0.435831 0.505378
vt 0.432048 0.511153
vt 0.478317 0.474069
vt 0.469543 0.512650
vt 0.454894 0.465945
vt 0.444472 0.455092
vt 0.453294 0.397061
vt 0.463219 0.421972
vt 0.452632 0.379197
vt 0.460144 0.331072
vt 0.401248 0.331087
vt 0.431321 0.352287
vt 0.431144 0.406459
vt 0.469427 0.396230
vt 0.489126 0.408101
vt 0.496343 0.401689
vt 0.513826 0.431703
vt 0.477152 0.442538
vt 0.454805 0.434464
vt 0.500188 0.442755
vt 0.532841 0.370766
vt 0.461570 0.371489
vt 0.489297 0.344448
vt 0.460447 0.343375
vt 0.488163 0.369676
vt 0.512066 0.341520
vt 0.509557 0.340984
vt 0.433433 0.277849
vt 0.474445 0.305432
vt 0.467517 0.312538
vt 0.488001 0.299166
vt 0.495908 0.270606
vt 0.494172 0.306385
vt 0.512853 0.296214
vt 0.450220 0.266426
vt 0.453149 0.342539
vt 0.412543 0.481349
vt 0.443568 0.235822
vt 0.431658 0.243383
vt 0.481019 0.262260
vt 0.530600 0.246078
vt 0.431206 0.478658
vt 0.432135 0.473187
vt 0.418653 0.232889
vt 0.411049 0.986117
vt 0.794242 0.981219
vt 0.787449 0.986853
vt 0.868904 0.983157
vt 0.844668 0.990756
vt 0.805191 0.970912
vt 0.767343 0.989991
vt 0.905958 0.991036
vt 0.948201 0.984621
vt 0.821994 0.962351
vt 0.753438 0.954804
vt 0.740183 0.939645
vt 0.725491 0.976648
vt 0.775870 0.967600
vt 0.760023 0.948898
vt 0.732636 0.826880
vt 0.985754 0.814601
vt 0.804070 0.795119
vt 0.882699 0.725820
vt 0.825192 0.944218
vt 0.746996 0.923677
vt 0.758971 0.963289
vt 0.798097 0.853365
vt 0.805485 0.845314
vt 0.854651 0.934815
vt 0.851247 0.934091
vt 0.803919 0.903794
vt 0.906613 0.860997
vt 0.781708 0.933772
vt 0.734691 0.929944
vt 0.780638 0.967254
vt 0.845457 0.977047
vt 0.801978 0.910299
vt 0.785696 0.945857
vt 0.910304 0.869018
vt 0.758889 0.908914
vt 0.806615 0.901709
vt 0.942507 0.943903
vt 0.946782 0.948297
vt 0.763890 0.908945
vt 0.828656 0.967521
vt 0.819825 0.884693
vt 0.854252 0.879580
vt 0.826240 0.884790
vt 0.809191 0.888670
vt 0.786432 0.894209
vt 0.764311 0.952386
vt 0.871911 0.831809
vt 0.773451 0.912154
vt 0.743964 0.936443
vt 0.883411 0.905349
vt 0.884219 0.950640
vt 0.847599 0.952161
vt 0.774302 0.832447
vt 0.903444 0.724390
vt 0.871263 0.907784
vt 0.852637 0.932980
vt 0.828762 0.848522
vt 0.829614 0.806567
vt 0.837864 0.631684
vt 0.851062 0.868369
vt 0.856390 0.894869
vt 0.827698 0.903430
vt 0.774879 0.919675
vt 0.696638 0.996319
vt 0.723957 0.976368
vt 0.710626 0.946507
vt 0.698687 0.983634
vt 0.693159 0.995872
vt 0.707317 0.921038
vt 0.681884 0.954288
vt 0.682430 0.958817
vt 0.703609 0.966334
vt 0.686834 0.826880
vt 0.985754 0.814601
vt 0.804070 0.795119
vt 0.882699 0.725820
vt 0.825192 0.944218
vt 0.746996 0.923677
vt 0.758971 0.963289
vt 0.798097 0.853365
vt 0.805485 0.845314
vt 0.854651 0.934815
vt 0.851247 0.934091
vt 0.803919 0.903794
vt 0.906613 0.860997
vt 0.781708 0.933772
vt 0.734691 0.929944
vt 0.780638 0.967254
vt 0.845457 0.977047
vt 0.801978 0.910299
vt 0.785696 0.945857
vt 0.910304 0.869018
vt 0.758889 0.908914
vt 0.806615 0.901709
vt 0.942507 0.943903
vt 0.946782 0.948297
vt 0.763890 0.908945
vt 0.828656 0.967521
vt 0.819825 0.884693
vt 0.854252 0.879580
vt 0.826240 0.884790
vt 0.809191 0.888670
vt 0.786432 0.894209
vt 0.764311 0.952386
vt 0.871911 0.831809
vt 0.773451 0.912154
vt 0.743964 0.936443
vt 0.883411 0.905349
vt 0.884219 0.950640
vt 0.847599 0.952161
vt 0.774302 0.832447
vt 0.903444 0.724390
vt 0.871263 0.907784
vt 0.852637 0.932980
vt 0.828762 0.848522
vt 0.829614 0.806567
vt 0.837864 0.631684
vt 0.851062 0.868369
vt 0.856390 0.894869
vt 0.827698 0.903430
vt 0.774879 0.919675
vt 0.696638 0.996319
vt 0.723957 0.976368
vt 0.710626 0.946507
vt 0.698687 0.983634
vt 0.693159 0.995872
vt 0.707317 0.921038
vt 0.681884 0.954288
vt 0.682430 0.958817
vt 0.703609 0.966334
vt 0.686834 0.420780
vt 0.076956 0.430906
vt 0.077674 0.457300
vt 0.124338 0.450959
vt 0.137989 0.465295
vt 0.138642 0.482555
vt 0.076372 0.491620
vt 0.076560 0.467497
vt 0.021038 0.472496
vt 0.009122 0.438780
vt 0.026384 0.433497
vt 0.013291 0.420780
vt 0.076956 0.430906
vt 0.077674 0.457300
vt 0.124338 0.450959
vt 0.137989 0.465295
vt 0.138642 0.482555
vt 0.076372 0.491620
vt 0.076560 0.467497
vt 0.021038 0.472496
vt 0.009122 0.438780
vt 0.026384 0.433497
vt 0.013291 0.963839
vt 0.478016 0.943077
vt 0.478108 0.964060
vt 0.351259 0.943298
vt 0.351351 0.963839
vt 0.478016 0.943077
vt 0.478108 0.964060
vt 0.351259 0.943298
vt 0.351351 0.420780
vt 0.076956 0.430906
vt 0.077674 0.457300
vt 0.124338 0.450959
vt 0.137989 0.465295
vt 0.138642 0.482555
vt 0.076372 0.491620
vt 0.076560 0.467497
vt 0.021038 0.472496
vt 0.009122 0.438780
vt 0.026384 0.433497
vt 0.013291 0.420780
vt 0.076956 0.430906
vt 0.077674 0.457300
vt 0.124338 0.450959
vt 0.137989 0.465295
vt 0.138642 0.482555
vt 0.076372 0.491620
vt 0.076560 0.467497
vt 0.021038 0.472496
vt 0.009122 0.438780
vt 0.026384 0.433497
vt 0.013291 0.963839
vt 0.478016 0.943077
vt 0.478108 0.964060
vt 0.351259 0.943298
vt 0.351351 0.963839
vt 0.478016 0.943077
vt 0.478108 0.964060
vt 0.351259 0.943298
vt 0.351351 0.992602
vt 0.342251 0.949743
vt 0.284238 0.949743
vt 0.284238 0.164412
vt 0.378564 0.165732
vt 0.378962 0.015011
vt 0.012929 0.058819
vt 0.040938 0.058819
vt 0.040938 0.498775
vt 0.717148 0.504828
vt 0.705807 0.056529
vt 0.845302 0.420385
vt 0.634846 0.437654
vt 0.573466 0.544804
vt 0.679576 0.571983
vt 0.622736 0.010139
vt 0.970656 0.059283
vt 0.971415 0.035781
vt 0.991670 0.363445
vt 0.583146 0.411305
vt 0.607168 0.390132
vt 0.581939 0.377424
vt 0.585166 0.427662
vt 0.586572 0.397981
vt 0.577097 0.512171
vt 0.977378 0.498512
vt 0.894836 0.338577
vt 0.859523 0.496645
vt 0.810445 0.591606
vt 0.805092 0.611004
vt 0.845031 0.712681
vt 0.625438 0.617297
vt 0.631389 0.551299
vt 0.784637 0.545778
vt 0.820908 0.571977
vt 0.646065 0.585596
vt 0.646793 0.192677
vt 0.780216 0.165965
vt 0.790090 0.323033
vt 0.790090 0.323033
vt 0.724382 0.294678
vt 0.790090 0.268952
vt 0.783484 0.245077
vt 0.775124 0.218480
vt 0.774473 0.323033
vt 0.648648 0.323033
vt 0.594285 0.165965
vt 0.667617 0.296033
vt 0.371648 0.329605
vt 0.361033 0.370955
vt 0.320849 0.352458
vt 0.343944 0.323620
vt 0.058159 0.324115
vt 0.009684 0.121589
vt 0.004159 0.174840
vt 0.019358 0.149579
vt 0.003985 0.089135
vt 0.003977 0.065682
vt 0.009859 0.173600
vt 0.047729 0.151289
vt 0.066176 0.132119
vt 0.085416 0.052514
vt 0.016216 0.213266
vt 0.081402 0.182105
vt 0.016367 0.197454
vt 0.004664 0.221311
vt 0.004404 0.244091
vt 0.006562 0.205332
vt 0.076286 0.182819
vt 0.037318 0.266066
vt 0.010540 0.194012
vt 0.058395 0.504828
vt 0.705807 0.498775
vt 0.717148 0.056529
vt 0.845302 0.420385
vt 0.634846 0.437654
vt 0.573466 0.571983
vt 0.622736 0.544804
vt 0.679576 0.010139
vt 0.970656 0.059283
vt 0.971415 0.035781
vt 0.991670 0.363445
vt 0.583146 0.411305
vt 0.607168 0.390132
vt 0.581939 0.377424
vt 0.585166 0.427662
vt 0.586572 0.397981
vt 0.577097 0.498512
vt 0.894836 0.512171
vt 0.977378 0.338577
vt 0.859523 0.496645
vt 0.810445 0.591606
vt 0.805092 0.617297
vt 0.631389 0.551299
vt 0.784637 0.545778
vt 0.820908 0.571977
vt 0.646065 0.585596
vt 0.646793 0.192677
vt 0.780216 0.165965
vt 0.790090 0.323033
vt 0.724382 0.323033
vt 0.790090 0.294678
vt 0.790090 0.268952
vt 0.783484 0.245077
vt 0.775124 0.218480
vt 0.774473 0.323033
vt 0.594285 0.323033
vt 0.648648 0.165965
vt 0.667617 0.329605
vt 0.361033 0.370955
vt 0.320849 0.352458
vt 0.343944 0.323620
vt 0.058159 0.121589
vt 0.004159 0.174840
vt 0.019358 0.149579
vt 0.003985 0.089135
vt 0.003977 0.065682
vt 0.009859 0.173600
vt 0.047729 0.151289
vt 0.066176 0.132119
vt 0.085416 0.205332
vt 0.076286 0.182105
vt 0.016367 0.197454
vt 0.004664 0.221311
vt 0.004404 0.244091
vt 0.006562 0.213266
vt 0.081402 0.182819
vt 0.037318 0.194012
vt 0.058395 0.289605
vt 0.922994 0.282353
vt 0.971766 0.068447
vt 0.862431 0.078790
vt 0.814933 0.245190
vt 0.992770 0.179837
vt 0.991055 0.245597
vt 0.810009 0.734151
vt 0.896691 0.218224
vt 0.803739 0.731600
vt 0.922727 0.700148
vt 0.942465 0.567490
vt 0.955114 0.558861
vt 0.944008 0.609371
vt 0.989510 0.581018
vt 0.988382 0.639718
vt 0.993449 0.794177
vt 0.988575 0.772767
vt 0.995443 0.562627
vt 0.938317 0.551983
vt 0.945062 0.544225
vt 0.933731 0.590207
vt 0.924748 0.738786
vt 0.954085 0.742087
vt 0.921150 0.732036
vt 0.988852 0.655019
vt 0.993520 0.652109
vt 0.971514 0.549009
vt 0.915891 0.536050
vt 0.920404 0.534071
vt 0.907163 0.579076
vt 0.905290 0.693313
vt 0.947687 0.722024
vt 0.956765 0.665305
vt 0.935007 0.570674
vt 0.809987 0.589092
vt 0.824391 0.560275
vt 0.885389 0.547120
vt 0.888747 0.547068
vt 0.877419 0.580196
vt 0.880646 0.654492
vt 0.924323 0.189967
vt 0.800176 0.170484
vt 0.799350 0.152203
vt 0.799071 0.134862
vt 0.800657 0.117872
vt 0.802741 0.101280
vt 0.803572 0.265246
vt 0.810227 0.331253
vt 0.801781 0.715060
vt 0.880890 0.289605
vt 0.922994 0.282353
vt 0.971766 0.068447
vt 0.862431 0.078790
vt 0.814933 0.245190
vt 0.992770 0.179837
vt 0.991055 0.245597
vt 0.810009 0.734151
vt 0.896691 0.218224
vt 0.803739 0.731600
vt 0.922727 0.700148
vt 0.942465 0.567490
vt 0.955114 0.558861
vt 0.944008 0.581018
vt 0.988382 0.609371
vt 0.989510 0.639718
vt 0.993449 0.772767
vt 0.995443 0.794177
vt 0.988575 0.551983
vt 0.945062 0.562627
vt 0.938317 0.544225
vt 0.933731 0.590207
vt 0.924748 0.742087
vt 0.921150 0.738786
vt 0.954085 0.732036
vt 0.988852 0.652109
vt 0.971514 0.655019
vt 0.993520 0.536050
vt 0.920404 0.549009
vt 0.915891 0.534071
vt 0.907163 0.579076
vt 0.905290 0.722024
vt 0.956765 0.693313
vt 0.947687 0.665305
vt 0.935007 0.589092
vt 0.824391 0.570674
vt 0.809987 0.547120
vt 0.888747 0.560275
vt 0.885389 0.547068
vt 0.877419 0.580196
vt 0.880646 0.654492
vt 0.924323 0.189967
vt 0.800176 0.170484
vt 0.799350 0.152203
vt 0.799071 0.134862
vt 0.800657 0.117872
vt 0.802741 0.101280
vt 0.803572 0.331253
vt 0.801781 0.265246
vt 0.810227 0.715060
vt 0.880890 0.254602
vt 0.386025 0.213647
vt 0.094353 0.232099
vt 0.398872 0.107524
vt 0.613571 0.085247
vt 0.593587 0.095526
vt 0.633222 0.125435
vt 0.700322 0.068012
vt 0.583982 0.150858
vt 0.775418 0.138222
vt 0.138803 0.213647
vt 0.094353 0.232099
vt 0.398872 0.107524
vt 0.613571 0.085247
vt 0.593587 0.095526
vt 0.633222 0.125435
vt 0.700322 0.068012
vt 0.583982 0.150858
vt 0.775418 0.138222
vt 0.138803 0.523724
vt 0.013500 0.502015
vt 0.043481 0.502071
vt 0.003700 0.527283
vt 0.047365 0.502006
vt 0.123149 0.501973
vt 0.084671 0.502040
vt 0.156245 0.502090
vt 0.190687 0.523724
vt 0.013500 0.502071
vt 0.003700 0.502015
vt 0.043481 0.527283
vt 0.047365 0.502006
vt 0.123149 0.501973
vt 0.084671 0.502040
vt 0.156245 0.316414
vt 0.561892 0.243353
vt 0.537201 0.282181
vt 0.555223 0.207069
vt 0.506822 0.353764
vt 0.564503 0.390731
vt 0.562152 0.463613
vt 0.538758 0.424780
vt 0.555977 0.500247
vt 0.509315 0.800979
vt 0.884179 0.855840
vt 0.981426 0.801859
vt 0.944495 0.866438
vt 0.723076 0.829974
vt 0.728468 0.803212
vt 0.874979 0.799149
vt 0.721715 0.786527
vt 0.807929 0.875257
vt 0.893914 0.865406
vt 0.945134 0.896101
vt 0.973579 0.942281
vt 0.985604 0.893830
vt 0.701183 0.989331
vt 0.989800 0.805502
vt 0.994288 0.837761
vt 0.933586 0.873724
vt 0.978983 0.626607
vt 0.859186 0.800979
vt 0.884179 0.855840
vt 0.981426 0.801859
vt 0.944495 0.866438
vt 0.723076 0.829974
vt 0.728468 0.803212
vt 0.874979 0.799149
vt 0.721715 0.786527
vt 0.807929 0.875257
vt 0.893914 0.865406
vt 0.945134 0.896101
vt 0.973579 0.942281
vt 0.985604 0.805502
vt 0.994288 0.837761
vt 0.933586 0.873724
vt 0.978983 0.626607
vt 0.859186 0.960226
vt 0.587456 0.960226
vt 0.587456 0.960226
vt 0.587456 0.960226
vt 0.587456 0.015011
vt 0.012929 1.000000

f 1/1 5/5 2/2
f 6/6 2/2 5/5
f 7/7 9/9 10/10
f 9/9 7/7 8/8
f 13/13 59/59 12/12
f 5/5 14/14 6/6
f 15/15 6/6 14/14
f 9/9 16/16 10/10
f 17/17 10/10 16/16
f 57/57 20/20 21/21
f 21/21 18/18 57/57
f 66/66 15/15 65/65
f 16/16 24/24 36/36
f 20/20 25/25 21/21
f 22/22 26/26 27/27
f 27/27 23/23 22/22
f 29/29 30/30 28/28
f 31/31 28/28 30/30
f 49/49 34/34 33/33
f 7/7 5/5 1/1
f 5/5 10/10 14/14
f 17/17 14/14 10/10
f 21/21 16/16 58/58
f 9/9 58/58 16/16
f 65/65 17/17 36/36
f 16/16 21/21 37/37
f 22/22 28/28 31/31
f 31/31 26/26 22/22
f 32/32 30/30 29/29
f 29/29 34/34 32/32
f 3/3 38/38 11/11
f 19/19 12/12 61/61
f 61/61 38/38 19/19
f 9/9 8/8 69/69
f 19/19 57/57 12/12
f 13/13 57/57 18/18
f 58/58 9/9 35/35
f 35/35 64/64 58/58
f 61/61 12/12 59/59
f 64/64 35/35 63/63
f 26/26 39/39 40/40
f 40/40 27/27 26/26
f 30/30 42/42 31/31
f 43/43 31/31 42/42
f 31/31 43/43 39/39
f 39/39 26/26 31/31
f 32/32 41/41 30/30
f 42/42 30/30 41/41
f 39/39 44/44 40/40
f 45/45 40/40 44/44
f 43/43 47/47 39/39
f 44/44 39/39 47/47
f 42/42 48/48 43/43
f 47/47 43/43 48/48
f 41/41 46/46 42/42
f 48/48 42/42 46/46
f 49/49 32/32 34/34
f 50/50 32/32 49/49
f 32/32 50/50 41/41
f 51/51 46/46 68/68
f 41/41 50/50 46/46
f 53/53 44/44 52/52
f 44/44 53/53 45/45
f 52/52 47/47 54/54
f 47/47 52/52 44/44
f 54/54 48/48 55/55
f 48/48 54/54 47/47
f 55/55 46/46 67/67
f 46/46 55/55 48/48
f 25/25 37/37 21/21
f 25/25 33/33 37/37
f 34/34 37/37 33/33
f 34/34 29/29 37/37
f 16/16 37/37 24/24
f 24/24 37/37 29/29
f 16/16 36/36 17/17
f 24/24 29/29 36/36
f 28/28 36/36 29/29
f 28/28 22/22 36/36
f 65/65 36/36 22/22
f 65/65 22/22 66/66
f 13/13 12/12 57/57
f 60/60 20/20 57/57
f 18/18 58/58 64/64
f 58/58 18/18 21/21
f 63/63 35/35 56/56
f 59/59 4/4 61/61
f 19/19 60/60 57/57
f 11/11 61/61 4/4
f 38/38 61/61 11/11
f 56/56 4/4 59/59
f 9/9 62/62 35/35
f 62/62 56/56 35/35
f 59/59 63/63 56/56
f 13/13 63/63 59/59
f 13/13 64/64 63/63
f 64/64 13/13 18/18
f 14/14 65/65 15/15
f 14/14 17/17 65/65
f 23/23 66/66 22/22
f 67/67 46/46 51/51
f 68/68 46/46 50/50
f 69/69 62/62 9/9
f 5/5 7/7 10/10
f 71/71 72/72 70/70
f 72/72 73/73 70/70
f 74/74 70/70 73/73
f 73/73 492/492 74/74
f 78/78 74/74 492/492
f 75/75 81/81 76/76
f 77/77 82/82 87/87
f 83/83 78/78 87/87
f 79/79 84/84 75/75
f 81/81 75/75 84/84
f 80/80 85/85 79/79
f 84/84 79/79 85/85
f 78/78 83/83 80/80
f 85/85 80/80 83/83
f 86/86 76/76 81/81
f 87/87 78/78 492/492
f 89/89 90/90 88/88
f 92/92 93/93 91/91
f 95/95 96/96 94/94
f 1114/1114 1115/1115 97/97
f 97/97 98/98 1114/1114
f 98/98 97/97 92/92
f 93/93 92/92 97/97
f 91/91 100/100 99/99
f 91/91 93/93 100/100
f 94/94 101/101 95/95
f 102/102 95/95 101/101
f 104/104 105/105 103/103
f 104/104 106/106 105/105
f 107/107 108/108 1116/1116
f 109/109 1116/1116 108/108
f 150/150 111/111 110/110
f 151/151 97/97 1115/1115
f 150/150 110/110 112/112
f 150/150 149/149 97/97
f 149/149 112/112 1117/1117
f 1118/1118 1117/1117 112/112
f 1119/1119 1120/1120 111/111
f 151/151 1115/1115 1119/1119
f 111/111 103/103 105/105
f 105/105 110/110 111/111
f 1120/1120 103/103 111/111
f 108/108 1121/1121 1122/1122
f 1122/1122 109/109 108/108
f 112/112 105/105 106/106
f 105/105 112/112 110/110
f 1123/1123 1122/1122 1121/1121
f 106/106 1118/1118 112/112
f 99/99 113/113 101/101
f 102/102 115/115 114/114
f 1124/1124 114/114 115/115
f 1125/1125 116/116 1117/1117
f 93/93 1117/1117 100/100
f 91/91 99/99 94/94
f 1117/1117 116/116 100/100
f 116/116 1126/1126 1127/1127
f 113/113 1127/1127 115/115
f 1124/1124 115/115 1127/1127
f 1128/1128 1125/1125 1117/1117
f 115/115 102/102 101/101
f 113/113 115/115 101/101
f 1126/1126 1125/1125 1129/1129
f 1126/1126 116/116 1125/1125
f 100/100 116/116 113/113
f 99/99 100/100 113/113
f 116/116 1127/1127 113/113
f 99/99 101/101 94/94
f 119/119 123/123 118/118
f 148/148 118/118 123/123
f 129/129 124/124 120/120
f 130/130 121/121 126/126
f 148/148 127/127 122/122
f 122/122 118/118 148/148
f 1130/1130 1131/1131 119/119
f 123/123 119/119 1131/1131
f 117/117 127/127 128/128
f 125/125 129/129 126/126
f 130/130 126/126 129/129
f 131/131 128/128 132/132
f 134/134 133/133 123/123
f 148/148 123/123 133/133
f 148/148 133/133 127/127
f 135/135 127/127 133/133
f 135/135 128/128 127/127
f 1131/1131 136/136 134/134
f 134/134 123/123 1131/1131
f 131/131 137/137 126/126
f 125/125 126/126 137/137
f 131/131 132/132 144/144
f 143/143 144/144 132/132
f 133/133 134/134 138/138
f 140/140 138/138 134/134
f 133/133 138/138 135/135
f 139/139 135/135 138/138
f 137/137 145/145 1132/1132
f 146/146 1132/1132 145/145
f 144/144 145/145 131/131
f 137/137 131/131 145/145
f 135/135 139/139 132/132
f 141/141 142/142 138/138
f 139/139 138/138 142/142
f 141/141 138/138 147/147
f 140/140 147/147 138/138
f 142/142 143/143 139/139
f 132/132 139/139 143/143
f 140/140 134/134 136/136
f 136/136 1133/1133 140/140
f 147/147 140/140 1133/1133
f 128/128 126/126 121/121
f 117/117 128/128 121/121
f 122/122 127/127 117/117
f 125/125 124/124 129/129
f 132/132 128/128 135/135
f 137/137 124/124 125/125
f 1132/1132 124/124 137/137
f 126/126 128/128 131/131
f 1114/1114 147/147 1133/1133
f 146/146 145/145 94/94
f 94/94 96/96 146/146
f 98/98 147/147 1114/1114
f 91/91 144/144 143/143
f 143/143 92/92 91/91
f 98/98 92/92 142/142
f 142/142 141/141 98/98
f 92/92 143/143 142/142
f 94/94 145/145 144/144
f 144/144 91/91 94/94
f 98/98 141/141 147/147
f 93/93 149/149 1117/1117
f 149/149 93/93 97/97
f 149/149 150/150 112/112
f 97/97 151/151 150/150
f 111/111 151/151 1119/1119
f 111/111 150/150 151/151
f 154/154 177/177 156/156
f 155/155 164/164 154/154
f 152/152 159/159 156/156
f 154/154 163/163 155/155
f 163/163 154/154 159/159
f 155/155 163/163 1134/1134
f 159/159 154/154 156/156
f 162/162 159/159 161/161
f 152/152 161/161 159/159
f 159/159 162/162 158/158
f 161/161 152/152 169/169
f 196/196 157/157 169/169
f 161/161 169/169 157/157
f 158/158 163/163 159/159
f 160/160 1134/1134 163/163
f 158/158 160/160 163/163
f 165/165 166/166 155/155
f 152/152 153/153 169/169
f 156/156 153/153 152/152
f 195/195 153/153 168/168
f 156/156 176/176 167/167
f 164/164 155/155 166/166
f 165/165 155/155 1135/1135
f 1134/1134 1135/1135 155/155
f 168/168 167/167 1136/1136
f 168/168 153/153 167/167
f 169/169 153/153 195/195
f 169/169 1137/1137 196/196
f 153/153 156/156 167/167
f 177/177 171/171 176/176
f 170/170 172/172 164/164
f 174/174 164/164 166/166
f 164/164 174/174 170/170
f 171/171 173/173 176/176
f 176/176 173/173 175/175
f 177/177 164/164 172/172
f 172/172 171/171 177/177
f 164/164 177/177 154/154
f 156/156 177/177 176/176
f 176/176 175/175 167/167
f 184/184 183/183 180/180
f 1138/1138 180/180 183/183
f 1138/1138 183/183 1139/1139
f 185/185 1139/1139 183/183
f 184/184 180/180 179/179
f 178/178 186/186 181/181
f 188/188 181/181 186/186
f 1140/1140 178/178 1141/1141
f 179/179 187/187 184/184
f 181/181 188/188 182/182
f 187/187 182/182 188/188
f 182/182 187/187 179/179
f 1142/1142 189/189 1143/1143
f 190/190 1143/1143 189/189
f 1144/1144 1145/1145 1146/1146
f 192/192 1146/1146 1145/1145
f 1147/1147 191/191 1148/1148
f 193/193 1148/1148 191/191
f 191/191 1147/1147 192/192
f 1146/1146 192/192 1147/1147
f 1149/1149 194/194 1142/1142
f 189/189 1142/1142 194/194
f 194/194 1149/1149 193/193
f 1148/1148 193/193 1149/1149
f 186/186 178/178 1140/1140
f 182/182 162/162 181/181
f 161/161 181/181 162/162
f 179/179 158/158 162/162
f 162/162 182/182 179/179
f 181/181 161/161 178/178
f 157/157 178/178 161/161
f 180/180 160/160 179/179
f 158/158 179/179 160/160
f 178/178 157/157 196/196
f 160/160 180/180 1138/1138
f 1137/1137 169/169 195/195
f 196/196 1137/1137 1141/1141
f 1141/1141 178/178 196/196
f 201/201 209/209 202/202
f 214/214 202/202 209/209
f 1150/1150 1151/1151 210/210
f 203/203 210/210 1151/1151
f 207/207 204/204 213/213
f 211/211 213/213 204/204
f 210/210 203/203 212/212
f 205/205 212/212 203/203
f 207/207 213/213 205/205
f 212/212 205/205 213/213
f 211/211 204/204 214/214
f 202/202 214/214 204/204
f 214/214 209/209 215/215
f 1150/1150 210/210 197/197
f 198/198 197/197 210/210
f 199/199 206/206 211/211
f 213/213 211/211 206/206
f 200/200 198/198 212/212
f 210/210 212/212 198/198
f 211/211 215/215 199/199
f 206/206 200/200 213/213
f 212/212 213/213 200/200
f 1152/1152 215/215 209/209
f 208/208 199/199 215/215
f 214/214 215/215 211/211
f 208/208 215/215 1152/1152
f 1152/1152 190/190 208/208
f 189/189 208/208 190/190
f 1145/1145 197/197 198/198
f 198/198 192/192 1145/1145
f 199/199 194/194 206/206
f 193/193 206/206 194/194
f 193/193 191/191 206/206
f 200/200 206/206 191/191
f 208/208 189/189 199/199
f 194/194 199/199 189/189
f 192/192 198/198 191/191
f 200/200 191/191 198/198
f 219/219 220/220 218/218
f 221/221 222/222 219/219
f 223/223 224/224 218/218
f 1153/1153 1154/1154 231/231
f 1155/1155 223/223 1156/1156
f 225/225 1156/1156 223/223
f 227/227 224/224 226/226
f 218/218 224/224 219/219
f 220/220 219/219 222/222
f 228/228 229/229 217/217
f 222/222 221/221 217/217
f 229/229 216/216 217/217
f 226/226 223/223 1155/1155
f 223/223 226/226 224/224
f 224/224 227/227 230/230
f 219/219 224/224 230/230
f 228/228 221/221 230/230
f 230/230 221/221 219/219
f 217/217 221/221 228/228
f 1154/1154 1156/1156 225/225
f 231/231 1154/1154 225/225
f 233/233 1157/1157 216/216
f 1157/1157 233/233 1158/1158
f 232/232 217/217 1157/1157
f 232/232 222/222 217/217
f 216/216 1157/1157 217/217
f 235/235 1159/1159 234/234
f 1160/1160 234/234 1161/1161
f 1161/1161 234/234 1159/1159
f 236/236 1162/1162 1159/1159
f 1159/1159 235/235 236/236
f 1162/1162 236/236 1163/1163
f 1164/1164 234/234 1160/1160
f 235/235 1165/1165 1166/1166
f 234/234 1164/1164 1165/1165
f 1165/1165 235/235 234/234
f 1163/1163 236/236 1167/1167
f 237/237 239/239 1168/1168
f 239/239 237/237 1169/1169
f 1170/1170 237/237 1171/1171
f 1171/1171 237/237 1172/1172
f 1173/1173 1168/1168 239/239
f 1174/1174 239/239 1169/1169
f 1169/1169 237/237 1170/1170
f 238/238 1175/1175 1172/1172
f 1172/1172 237/237 238/238
f 1176/1176 239/239 1174/1174
f 1173/1173 239/239 1176/1176
f 241/241 255/255 240/240
f 242/242 254/254 243/243
f 245/245 240/240 244/244
f 240/240 245/245 241/241
f 247/247 244/244 246/246
f 244/244 247/247 245/245
f 249/249 246/246 248/248
f 246/246 249/249 247/247
f 252/252 251/251 250/250
f 253/253 249/249 248/248
f 253/253 252/252 250/250
f 252/252 253/253 248/248
f 242/242 255/255 254/254
f 241/241 254/254 255/255
f 258/258 256/256 2/2
f 2/2 6/6 258/258
f 261/261 259/259 262/262
f 259/259 261/261 260/260
f 300/300 265/265 264/264
f 266/266 258/258 6/6
f 6/6 15/15 266/266
f 267/267 261/261 262/262
f 262/262 268/268 267/267
f 20/20 298/298 270/270
f 269/269 270/270 298/298
f 15/15 66/66 305/305
f 272/272 267/267 281/281
f 25/25 20/20 270/270
f 273/273 271/271 27/27
f 23/23 27/27 271/271
f 276/276 275/275 274/274
f 274/274 277/277 276/276
f 279/279 291/291 33/33
f 258/258 259/259 256/256
f 262/262 258/258 266/266
f 266/266 268/268 262/262
f 267/267 270/270 299/299
f 299/299 261/261 267/267
f 268/268 305/305 281/281
f 270/270 267/267 282/282
f 274/274 271/271 277/277
f 273/273 277/277 271/271
f 276/276 278/278 275/275
f 279/279 275/275 278/278
f 38/38 3/3 263/263
f 264/264 19/19 301/301
f 38/38 301/301 19/19
f 260/260 261/261 308/308
f 298/298 19/19 264/264
f 298/298 265/265 269/269
f 261/261 299/299 280/280
f 304/304 280/280 299/299
f 264/264 301/301 300/300
f 280/280 304/304 303/303
f 283/283 273/273 40/40
f 27/27 40/40 273/273
f 285/285 276/276 277/277
f 277/277 286/286 285/285
f 286/286 277/277 283/283
f 273/273 283/283 277/277
f 284/284 278/278 276/276
f 276/276 285/285 284/284
f 287/287 283/283 40/40
f 40/40 45/45 287/287
f 289/289 286/286 283/283
f 283/283 287/287 289/289
f 290/290 285/285 286/286
f 286/286 289/289 290/290
f 288/288 284/284 285/285
f 285/285 290/290 288/288
f 278/278 291/291 279/279
f 278/278 292/292 291/291
f 292/292 278/278 284/284
f 288/288 293/293 307/307
f 292/292 284/284 288/288
f 287/287 53/53 294/294
f 53/53 287/287 45/45
f 289/289 294/294 295/295
f 294/294 289/289 287/287
f 290/290 295/295 296/296
f 295/295 290/290 289/289
f 288/288 296/296 306/306
f 296/296 288/288 290/290
f 282/282 25/25 270/270
f 33/33 25/25 282/282
f 282/282 279/279 33/33
f 275/275 279/279 282/282
f 282/282 267/267 272/272
f 282/282 272/272 275/275
f 281/281 267/267 268/268
f 275/275 272/272 281/281
f 281/281 274/274 275/275
f 271/271 274/274 281/281
f 281/281 305/305 271/271
f 271/271 305/305 66/66
f 264/264 265/265 298/298
f 20/20 60/60 298/298
f 299/299 269/269 304/304
f 269/269 299/299 270/270
f 280/280 303/303 297/297
f 257/257 300/300 301/301
f 60/60 19/19 298/298
f 301/301 263/263 257/257
f 301/301 38/38 263/263
f 257/257 297/297 300/300
f 302/302 261/261 280/280
f 297/297 302/302 280/280
f 303/303 300/300 297/297
f 303/303 265/265 300/300
f 304/304 265/265 303/303
f 265/265 304/304 269/269
f 305/305 266/266 15/15
f 268/268 266/266 305/305
f 66/66 23/23 271/271
f 288/288 306/306 293/293
f 288/288 307/307 292/292
f 302/302 308/308 261/261
f 259/259 258/258 262/262
f 72/72 71/71 309/309
f 73/73 72/72 309/309
f 309/309 310/310 73/73
f 77/77 73/73 493/493
f 310/310 493/493 73/73
f 315/315 311/311 76/76
f 82/82 77/77 319/319
f 312/312 316/316 319/319
f 317/317 313/313 311/311
f 311/311 315/315 317/317
f 318/318 314/314 313/313
f 313/313 317/317 318/318
f 316/316 312/312 314/314
f 314/314 318/318 316/316
f 76/76 86/86 315/315
f 493/493 319/319 77/77
f 322/322 321/321 320/320
f 325/325 324/324 323/323
f 328/328 327/327 326/326
f 1177/1177 1178/1178 329/329
f 330/330 329/329 1178/1178
f 329/329 330/330 324/324
f 324/324 325/325 329/329
f 332/332 323/323 331/331
f 325/325 323/323 332/332
f 333/333 326/326 327/327
f 327/327 334/334 333/333
f 337/337 336/336 335/335
f 338/338 336/336 337/337
f 340/340 339/339 1179/1179
f 1179/1179 341/341 340/340
f 343/343 382/382 342/342
f 329/329 383/383 1177/1177
f 342/342 382/382 344/344
f 381/381 382/382 329/329
f 344/344 381/381 1180/1180
f 1180/1180 1181/1181 344/344
f 1182/1182 1183/1183 343/343
f 1177/1177 383/383 1183/1183
f 335/335 343/343 337/337
f 342/342 337/337 343/343
f 335/335 1182/1182 343/343
f 1184/1184 340/340 1185/1185
f 341/341 1185/1185 340/340
f 337/337 344/344 338/338
f 344/344 337/337 342/342
f 1185/1185 1186/1186 1184/1184
f 1181/1181 338/338 344/344
f 345/345 331/331 333/333
f 347/347 334/334 346/346
f 346/346 1187/1187 347/347
f 348/348 1188/1188 1180/1180
f 1180/1180 325/325 332/332
f 331/331 323/323 326/326
f 348/348 1180/1180 332/332
f 1189/1189 348/348 1190/1190
f 1190/1190 345/345 347/347
f 347/347 1187/1187 1190/1190
f 1188/1188 1191/1191 1180/1180
f 334/334 347/347 333/333
f 347/347 345/345 333/333
f 1188/1188 1189/1189 1192/1192
f 348/348 1189/1189 1188/1188
f 348/348 332/332 345/345
f 332/332 331/331 345/345
f 1190/1190 348/348 345/345
f 333/333 331/331 326/326
f 355/355 351/351 350/350
f 350/350 380/380 355/355
f 356/356 361/361 352/352
f 353/353 362/362 358/358
f 359/359 380/380 354/354
f 350/350 354/354 380/380
f 1193/1193 1194/1194 351/351
f 351/351 355/355 1193/1193
f 359/359 349/349 360/360
f 361/361 357/357 358/358
f 358/358 362/362 361/361
f 360/360 363/363 364/364
f 365/365 366/366 355/355
f 355/355 380/380 365/365
f 365/365 380/380 359/359
f 359/359 367/367 365/365
f 360/360 367/367 359/359
f 368/368 1193/1193 366/366
f 355/355 366/366 1193/1193
f 369/369 363/363 358/358
f 358/358 357/357 369/369
f 364/364 363/363 376/376
f 376/376 375/375 364/364
f 366/366 365/365 370/370
f 370/370 372/372 366/366
f 370/370 365/365 367/367
f 367/367 371/371 370/370
f 377/377 369/369 1195/1195
f 1195/1195 378/378 377/377
f 377/377 376/376 363/363
f 363/363 369/369 377/377
f 371/371 367/367 364/364
f 374/374 373/373 370/370
f 370/370 371/371 374/374
f 370/370 373/373 379/379
f 379/379 372/372 370/370
f 375/375 374/374 371/371
f 371/371 364/364 375/375
f 366/366 372/372 368/368
f 1196/1196 368/368 372/372
f 372/372 379/379 1196/1196
f 358/358 360/360 353/353
f 360/360 349/349 353/353
f 359/359 354/354 349/349
f 356/356 357/357 361/361
f 360/360 364/364 367/367
f 356/356 369/369 357/357
f 356/356 1195/1195 369/369
f 360/360 358/358 363/363
f 379/379 1178/1178 1196/1196
f 377/377 378/378 326/326
f 328/328 326/326 378/378
f 379/379 330/330 1178/1178
f 376/376 323/323 375/375
f 324/324 375/375 323/323
f 324/324 330/330 374/374
f 373/373 374/374 330/330
f 375/375 324/324 374/374
f 377/377 326/326 376/376
f 323/323 376/376 326/326
f 373/373 330/330 379/379
f 381/381 325/325 1180/1180
f 325/325 381/381 329/329
f 382/382 381/381 344/344
f 383/383 329/329 382/382
f 383/383 343/343 1183/1183
f 382/382 343/343 383/383
f 403/403 386/386 388/388
f 396/396 387/387 386/386
f 391/391 384/384 388/388
f 395/395 386/386 387/387
f 386/386 395/395 391/391
f 395/395 387/387 1197/1197
f 386/386 391/391 388/388
f 391/391 394/394 393/393
f 393/393 384/384 391/391
f 394/394 391/391 390/390
f 384/384 393/393 398/398
f 389/389 422/422 398/398
f 398/398 393/393 389/389
f 395/395 390/390 391/391
f 1197/1197 392/392 395/395
f 392/392 390/390 395/395
f 166/166 165/165 387/387
f 385/385 384/384 398/398
f 385/385 388/388 384/384
f 385/385 421/421 397/397
f 402/402 167/167 175/175
f 387/387 396/396 166/166
f 387/387 165/165 1135/1135
f 1135/1135 1197/1197 387/387
f 167/167 397/397 1136/1136
f 385/385 397/397 167/167
f 385/385 398/398 421/421
f 1198/1198 398/398 422/422
f 167/167 402/402 388/388
f 400/400 403/403 402/402
f 401/401 399/399 396/396
f 396/396 174/174 166/166
f 174/174 396/396 399/399
f 173/173 400/400 402/402
f 173/173 402/402 175/175
f 396/396 403/403 401/401
f 400/400 401/401 403/403
f 403/403 396/396 386/386
f 388/388 402/402 403/403
f 388/388 385/385 167/167
f 409/409 410/410 406/406
f 406/406 1199/1199 409/409
f 409/409 1199/1199 1200/1200
f 1200/1200 411/411 409/409
f 406/406 410/410 405/405
f 412/412 404/404 407/407
f 407/407 414/414 412/412
f 404/404 1201/1201 1202/1202
f 413/413 405/405 410/410
f 414/414 407/407 408/408
f 408/408 413/413 414/414
f 413/413 408/408 405/405
f 415/415 1203/1203 1204/1204
f 1204/1204 416/416 415/415
f 1205/1205 1206/1206 1207/1207
f 1207/1207 418/418 1205/1205
f 417/417 1208/1208 1209/1209
f 1209/1209 419/419 417/417
f 1208/1208 417/417 418/418
f 418/418 1207/1207 1208/1208
f 420/420 1210/1210 1203/1203
f 1203/1203 415/415 420/420
f 1210/1210 420/420 419/419
f 419/419 1209/1209 1210/1210
f 404/404 412/412 1201/1201
f 394/394 408/408 407/407
f 407/407 393/393 394/394
f 390/390 405/405 394/394
f 408/408 394/394 405/405
f 393/393 407/407 404/404
f 404/404 389/389 393/393
f 392/392 406/406 405/405
f 405/405 390/390 392/392
f 389/389 404/404 422/422
f 406/406 392/392 1199/1199
f 398/398 1198/1198 421/421
f 1198/1198 422/422 1202/1202
f 404/404 1202/1202 422/422
f 435/435 427/427 428/428
f 428/428 440/440 435/435
f 1211/1211 1212/1212 436/436
f 436/436 429/429 1211/1211
f 430/430 433/433 439/439
f 439/439 437/437 430/430
f 429/429 436/436 438/438
f 438/438 431/431 429/429
f 439/439 433/433 431/431
f 431/431 438/438 439/439
f 430/430 437/437 440/440
f 440/440 428/428 430/430
f 435/435 440/440 441/441
f 436/436 1212/1212 423/423
f 423/423 424/424 436/436
f 432/432 425/425 437/437
f 437/437 439/439 432/432
f 424/424 426/426 438/438
f 438/438 436/436 424/424
f 441/441 437/437 425/425
f 426/426 432/432 439/439
f 439/439 438/438 426/426
f 441/441 1213/1213 435/435
f 425/425 434/434 441/441
f 441/441 440/440 437/437
f 441/441 434/434 1213/1213
f 416/416 1213/1213 434/434
f 434/434 415/415 416/416
f 423/423 1205/1205 424/424
f 418/418 424/424 1205/1205
f 420/420 425/425 432/432
f 432/432 419/419 420/420
f 417/417 419/419 432/432
f 432/432 426/426 417/417
f 415/415 434/434 425/425
f 425/425 420/420 415/415
f 424/424 418/418 417/417
f 417/417 426/426 424/424
f 446/446 445/445 444/444
f 448/448 447/447 445/445
f 450/450 449/449 444/444
f 1214/1214 1153/1153 457/457
f 449/449 1215/1215 1216/1216
f 1216/1216 451/451 449/449
f 450/450 453/453 452/452
f 450/450 444/444 445/445
f 445/445 446/446 448/448
f 455/455 454/454 443/443
f 447/447 448/448 443/443
f 442/442 455/455 443/443
f 449/449 452/452 1215/1215
f 452/452 449/449 450/450
f 453/453 450/450 456/456
f 450/450 445/445 456/456
f 447/447 454/454 456/456
f 447/447 456/456 445/445
f 447/447 443/443 454/454
f 1216/1216 1214/1214 451/451
f 1214/1214 457/457 451/451
f 1217/1217 233/233 442/442
f 233/233 1217/1217 1158/1158
f 443/443 458/458 1217/1217
f 448/448 458/458 443/443
f 1217/1217 442/442 443/443
f 1218/1218 460/460 459/459
f 459/459 1219/1219 1220/1220
f 459/459 1220/1220 1218/1218
f 1221/1221 461/461 1218/1218
f 460/460 1218/1218 461/461
f 461/461 1221/1221 1222/1222
f 459/459 1223/1223 1219/1219
f 1224/1224 460/460 1225/1225
f 1223/1223 459/459 1224/1224
f 460/460 1224/1224 459/459
f 461/461 1222/1222 1167/1167
f 463/463 462/462 1226/1226
f 462/462 463/463 1227/1227
f 462/462 1228/1228 1229/1229
f 462/462 1229/1229 1230/1230
f 1231/1231 1226/1226 462/462
f 463/463 1232/1232 1227/1227
f 462/462 1227/1227 1228/1228
f 1175/1175 238/238 1230/1230
f 462/462 1230/1230 238/238
f 463/463 1233/1233 1232/1232
f 463/463 1226/1226 1233/1233
f 479/479 465/465 464/464
f 478/478 466/466 467/467
f 464/464 469/469 468/468
f 469/469 464/464 465/465
f 468/468 471/471 470/470
f 471/471 468/468 469/469
f 470/470 473/473 472/472
f 473/473 470/470 471/471
f 475/475 476/476 474/474
f 473/473 477/477 472/472
f 476/476 477/477 474/474
f 477/477 476/476 472/472
f 479/479 466/466 478/478
f 478/478 465/465 479/479
f 482/482 481/481 480/480
f 481/481 483/483 480/480
f 481/481 484/484 483/483
f 484/484 485/485 483/483
f 484/484 486/486 485/485
f 486/486 487/487 485/485
f 486/486 488/488 487/487
f 488/488 489/489 487/487
f 488/488 490/490 489/489
f 490/490 491/491 489/489
f 490/490 482/482 491/491
f 482/482 480/480 491/491
f 486/486 490/490 488/488
f 486/486 484/484 482/482
f 490/490 486/486 482/482
f 482/482 484/484 481/481
f 487/487 489/489 491/491
f 483/483 485/485 487/487
f 483/483 487/487 491/491
f 483/483 491/491 480/480
f 87/87 492/492 77/77
f 492/492 73/73 77/77
f 312/312 319/319 493/493
f 310/310 312/312 493/493
f 496/496 495/495 494/494
f 494/494 497/497 496/496
f 1234/1234 1235/1235 498/498
f 498/498 499/499 1234/1234
f 502/502 501/501 500/500
f 500/500 503/503 502/502
f 499/499 498/498 504/504
f 504/504 505/505 499/499
f 500/500 501/501 505/505
f 505/505 504/504 500/500
f 502/502 503/503 497/497
f 497/497 494/494 502/502
f 509/509 507/507 506/506
f 509/509 506/506 508/508
f 512/512 511/511 510/510
f 510/510 577/577 512/512
f 517/517 511/511 515/515
f 517/517 574/574 511/511
f 511/511 516/516 510/510
f 519/519 518/518 507/507
f 507/507 509/509 519/519
f 515/515 518/518 517/517
f 520/520 512/512 577/577
f 513/513 520/520 577/577
f 1236/1236 1237/1237 508/508
f 508/508 506/506 1236/1236
f 518/518 515/515 507/507
f 507/507 502/502 494/494
f 494/494 506/506 507/507
f 501/501 502/502 507/507
f 507/507 515/515 501/501
f 505/505 501/501 511/511
f 515/515 511/511 501/501
f 495/495 1236/1236 506/506
f 506/506 494/494 495/495
f 511/511 512/512 505/505
f 499/499 505/505 512/512
f 512/512 520/520 499/499
f 1234/1234 499/499 520/520
f 521/521 496/496 497/497
f 1238/1238 498/498 1235/1235
f 1239/1239 503/503 500/500
f 1238/1238 504/504 498/498
f 1239/1239 500/500 504/504
f 521/521 497/497 503/503
f 525/525 528/528 524/524
f 529/529 524/524 528/528
f 573/573 514/514 525/525
f 528/528 525/525 514/514
f 528/528 527/527 529/529
f 526/526 529/529 527/527
f 514/514 576/576 528/528
f 526/526 527/527 531/531
f 532/532 531/531 527/527
f 1240/1240 516/516 575/575
f 516/516 1240/1240 510/510
f 1241/1241 532/532 522/522
f 516/516 1242/1242 575/575
f 1243/1243 531/531 1241/1241
f 532/532 1241/1241 531/531
f 1244/1244 524/524 526/526
f 529/529 526/526 524/524
f 577/577 510/510 1240/1240
f 534/534 523/523 530/530
f 530/530 533/533 534/534
f 543/543 540/540 533/533
f 533/533 530/530 543/543
f 536/536 534/534 533/533
f 533/533 535/535 536/536
f 540/540 537/537 535/535
f 535/535 533/533 540/540
f 538/538 536/536 1245/1245
f 1245/1245 1246/1246 538/538
f 544/544 523/523 534/534
f 534/534 539/539 544/544
f 539/539 534/534 536/536
f 536/536 538/538 539/539
f 540/540 1247/1247 1248/1248
f 1248/1248 537/537 540/540
f 540/540 543/543 1249/1249
f 1249/1249 1247/1247 540/540
f 541/541 1250/1250 1251/1251
f 1251/1251 542/542 541/541
f 546/546 545/545 542/542
f 542/542 1251/1251 546/546
f 547/547 541/541 542/542
f 542/542 548/548 547/547
f 545/545 549/549 548/548
f 548/548 542/542 545/545
f 550/550 1252/1252 1253/1253
f 1253/1253 1254/1254 550/550
f 554/554 544/544 1255/1255
f 1255/1255 551/551 554/554
f 551/551 1255/1255 1252/1252
f 1252/1252 550/550 551/551
f 545/545 1256/1256 1257/1257
f 1257/1257 549/549 545/545
f 545/545 546/546 1258/1258
f 1258/1258 1256/1256 545/545
f 552/552 1259/1259 1260/1260
f 1260/1260 553/553 552/552
f 556/556 555/555 553/553
f 553/553 1260/1260 556/556
f 557/557 552/552 553/553
f 553/553 558/558 557/557
f 555/555 559/559 558/558
f 558/558 553/553 555/555
f 560/560 1261/1261 1262/1262
f 1262/1262 1263/1263 560/560
f 562/562 554/554 1264/1264
f 1264/1264 561/561 562/562
f 561/561 1264/1264 1261/1261
f 1261/1261 560/560 561/561
f 555/555 1265/1265 1266/1266
f 1266/1266 559/559 555/555
f 555/555 556/556 1267/1267
f 1267/1267 1265/1265 555/555
f 563/563 1268/1268 1269/1269
f 1269/1269 564/564 563/563
f 566/566 565/565 1269/1269
f 564/564 1269/1269 565/565
f 567/567 563/563 564/564
f 564/564 568/568 567/567
f 565/565 569/569 568/568
f 568/568 564/564 565/565
f 570/570 1270/1270 1271/1271
f 1271/1271 1272/1272 570/570
f 572/572 562/562 1273/1273
f 1273/1273 571/571 572/572
f 571/571 1273/1273 1270/1270
f 1270/1270 570/570 571/571
f 565/565 571/571 570/570
f 570/570 569/569 565/565
f 565/565 566/566 572/572
f 572/572 571/571 565/565
f 525/525 1274/1274 573/573
f 1275/1275 517/517 518/518
f 518/518 1276/1276 1275/1275
f 518/518 1277/1277 1276/1276
f 1277/1277 518/518 519/519
f 519/519 1278/1278 1277/1277
f 1278/1278 519/519 509/509
f 509/509 1279/1279 1278/1278
f 1279/1279 509/509 508/508
f 508/508 1280/1280 1279/1279
f 578/578 514/514 573/573
f 573/573 554/554 578/578
f 1280/1280 508/508 1237/1237
f 554/554 562/562 578/578
f 544/544 573/573 523/523
f 1274/1274 523/523 573/573
f 513/513 1281/1281 1282/1282
f 573/573 544/544 554/554
f 1242/1242 574/574 1275/1275
f 517/517 1275/1275 574/574
f 1242/1242 516/516 574/574
f 530/530 523/523 1274/1274
f 574/574 516/516 511/511
f 527/527 1283/1283 532/532
f 1283/1283 522/522 532/532
f 528/528 576/576 527/527
f 1283/1283 527/527 576/576
f 513/513 577/577 1281/1281
f 577/577 1240/1240 1281/1281
f 572/572 514/514 578/578
f 578/578 562/562 572/572
f 581/581 579/579 580/580
f 579/579 581/581 582/582
f 1284/1284 583/583 1285/1285
f 583/583 1284/1284 584/584
f 587/587 585/585 586/586
f 585/585 587/587 588/588
f 584/584 589/589 583/583
f 589/589 584/584 590/590
f 585/585 590/590 586/586
f 590/590 585/585 589/589
f 587/587 582/582 588/588
f 582/582 587/587 579/579
f 594/594 591/591 592/592
f 594/594 593/593 591/591
f 597/597 595/595 596/596
f 595/595 597/597 662/662
f 602/602 600/600 596/596
f 602/602 596/596 659/659
f 596/596 595/595 601/601
f 604/604 592/592 603/603
f 592/592 604/604 594/594
f 600/600 602/602 603/603
f 605/605 662/662 597/597
f 598/598 662/662 605/605
f 1286/1286 593/593 1287/1287
f 593/593 1286/1286 591/591
f 603/603 592/592 600/600
f 592/592 579/579 587/587
f 579/579 592/592 591/591
f 586/586 592/592 587/587
f 592/592 586/586 600/600
f 590/590 596/596 586/586
f 600/600 586/586 596/596
f 580/580 591/591 1286/1286
f 591/591 580/580 579/579
f 596/596 590/590 597/597
f 584/584 597/597 590/590
f 597/597 584/584 605/605
f 1284/1284 605/605 584/584
f 606/606 582/582 581/581
f 1288/1288 1285/1285 583/583
f 1289/1289 585/585 588/588
f 1288/1288 583/583 589/589
f 1289/1289 589/589 585/585
f 606/606 588/588 582/582
f 610/610 609/609 613/613
f 614/614 613/613 609/609
f 658/658 610/610 599/599
f 613/613 599/599 610/610
f 613/613 614/614 612/612
f 611/611 612/612 614/614
f 599/599 613/613 661/661
f 611/611 616/616 612/612
f 617/617 612/612 616/616
f 1290/1290 660/660 601/601
f 601/601 595/595 1290/1290
f 1291/1291 607/607 617/617
f 601/601 660/660 1292/1292
f 1293/1293 1291/1291 616/616
f 617/617 616/616 1291/1291
f 1294/1294 611/611 609/609
f 614/614 609/609 611/611
f 662/662 1290/1290 595/595
f 619/619 615/615 608/608
f 615/615 619/619 618/618
f 628/628 618/618 625/625
f 618/618 628/628 615/615
f 621/621 618/618 619/619
f 618/618 621/621 620/620
f 625/625 620/620 622/622
f 620/620 625/625 618/618
f 623/623 1295/1295 621/621
f 1295/1295 623/623 1296/1296
f 629/629 619/619 608/608
f 619/619 629/629 624/624
f 624/624 621/621 619/619
f 621/621 624/624 623/623
f 625/625 1297/1297 1298/1298
f 1297/1297 625/625 622/622
f 625/625 1299/1299 628/628
f 1299/1299 625/625 1298/1298
f 626/626 1300/1300 1301/1301
f 1300/1300 626/626 627/627
f 631/631 627/627 630/630
f 627/627 631/631 1300/1300
f 632/632 627/627 626/626
f 627/627 632/632 633/633
f 630/630 633/633 634/634
f 633/633 630/630 627/627
f 635/635 1302/1302 1303/1303
f 1302/1302 635/635 1304/1304
f 639/639 1305/1305 629/629
f 1305/1305 639/639 636/636
f 636/636 1303/1303 1305/1305
f 1303/1303 636/636 635/635
f 630/630 1306/1306 1307/1307
f 1306/1306 630/630 634/634
f 630/630 1308/1308 631/631
f 1308/1308 630/630 1307/1307
f 637/637 1309/1309 1310/1310
f 1309/1309 637/637 638/638
f 641/641 638/638 640/640
f 638/638 641/641 1309/1309
f 642/642 638/638 637/637
f 638/638 642/642 643/643
f 640/640 643/643 644/644
f 643/643 640/640 638/638
f 645/645 1311/1311 1312/1312
f 1311/1311 645/645 1313/1313
f 647/647 1314/1314 639/639
f 1314/1314 647/647 646/646
f 646/646 1312/1312 1314/1314
f 1312/1312 646/646 645/645
f 640/640 1315/1315 1316/1316
f 1315/1315 640/640 644/644
f 640/640 1317/1317 641/641
f 1317/1317 640/640 1316/1316
f 648/648 1318/1318 1319/1319
f 1318/1318 648/648 649/649
f 651/651 1318/1318 650/650
f 649/649 650/650 1318/1318
f 652/652 649/649 648/648
f 649/649 652/652 653/653
f 650/650 653/653 654/654
f 653/653 650/650 649/649
f 655/655 1320/1320 1321/1321
f 1320/1320 655/655 1322/1322
f 657/657 1323/1323 647/647
f 1323/1323 657/657 656/656
f 656/656 1321/1321 1323/1323
f 1321/1321 656/656 655/655
f 650/650 655/655 656/656
f 655/655 650/650 654/654
f 650/650 657/657 651/651
f 657/657 650/650 656/656
f 610/610 658/658 1324/1324
f 1325/1325 603/603 602/602
f 603/603 1325/1325 1326/1326
f 603/603 1326/1326 1327/1327
f 1327/1327 604/604 603/603
f 604/604 1327/1327 1328/1328
f 1328/1328 594/594 604/604
f 594/594 1328/1328 1329/1329
f 1329/1329 593/593 594/594
f 593/593 1329/1329 1330/1330
f 663/663 658/658 599/599
f 658/658 663/663 639/639
f 1330/1330 1287/1287 593/593
f 639/639 663/663 647/647
f 629/629 608/608 658/658
f 1324/1324 658/658 608/608
f 598/598 1331/1331 1332/1332
f 658/658 639/639 629/629
f 1292/1292 1325/1325 659/659
f 602/602 659/659 1325/1325
f 1292/1292 659/659 601/601
f 615/615 1324/1324 608/608
f 659/659 596/596 601/601
f 612/612 617/617 1333/1333
f 1333/1333 617/617 607/607
f 613/613 612/612 661/661
f 1333/1333 661/661 612/612
f 598/598 1332/1332 662/662
f 662/662 1332/1332 1290/1290
f 657/657 663/663 599/599
f 663/663 657/657 647/647
f 665/665 664/664 671/671
f 672/672 671/671 664/664
f 664/664 689/689 672/672
f 689/689 664/664 666/666
f 670/670 691/691 690/690
f 672/672 690/690 691/691
f 690/690 672/672 673/673
f 667/667 665/665 677/677
f 671/671 677/677 665/665
f 680/680 691/691 674/674
f 676/676 674/674 670/670
f 668/668 667/667 678/678
f 677/677 678/678 667/667
f 691/691 680/680 700/700
f 701/701 678/678 681/681
f 678/678 669/669 668/668
f 681/681 678/678 699/699
f 679/679 700/700 680/680
f 678/678 677/677 699/699
f 1334/1334 687/687 694/694
f 694/694 687/687 688/688
f 685/685 688/688 684/684
f 688/688 698/698 680/680
f 692/692 684/684 682/682
f 1335/1335 695/695 693/693
f 680/680 698/698 679/679
f 696/696 697/697 689/689
f 686/686 694/694 676/676
f 1336/1336 694/694 686/686
f 684/684 688/688 687/687
f 688/688 680/680 674/674
f 1336/1336 1334/1334 694/694
f 697/697 673/673 689/689
f 673/673 672/672 689/689
f 691/691 670/670 674/674
f 700/700 671/671 691/691
f 691/691 671/671 672/672
f 695/695 684/684 692/692
f 693/693 692/692 682/682
f 694/694 688/688 1110/1110
f 694/694 1110/1110 676/676
f 693/693 695/695 692/692
f 685/685 684/684 695/695
f 696/696 689/689 666/666
f 688/688 685/685 698/698
f 698/698 685/685 695/695
f 699/699 700/700 679/679
f 699/699 677/677 700/700
f 671/671 700/700 677/677
f 669/669 678/678 701/701
f 1335/1335 702/702 695/695
f 695/695 702/702 698/698
f 703/703 698/698 704/704
f 698/698 703/703 679/679
f 705/705 699/699 703/703
f 679/679 703/703 699/699
f 704/704 706/706 703/703
f 703/703 706/706 705/705
f 714/714 716/716 715/715
f 715/715 713/713 714/714
f 720/720 715/715 716/716
f 719/719 718/718 713/713
f 719/719 713/713 715/715
f 722/722 719/719 715/715
f 720/720 717/717 715/715
f 720/720 721/721 717/717
f 717/717 722/722 715/715
f 718/718 675/675 723/723
f 718/718 723/723 713/713
f 709/709 714/714 713/713
f 713/713 723/723 709/709
f 675/675 683/683 723/723
f 724/724 709/709 723/723
f 723/723 683/683 724/724
f 726/726 711/711 725/725
f 710/710 725/725 711/711
f 1337/1337 725/725 710/710
f 727/727 712/712 726/726
f 711/711 726/726 712/712
f 1337/1337 708/708 1338/1338
f 708/708 1337/1337 710/710
f 729/729 1339/1339 728/728
f 1340/1340 728/728 1339/1339
f 730/730 1341/1341 1339/1339
f 1339/1339 729/729 730/730
f 728/728 1340/1340 707/707
f 1342/1342 707/707 1340/1340
f 719/719 729/729 728/728
f 728/728 718/718 719/719
f 718/718 728/728 675/675
f 707/707 675/675 728/728
f 731/731 1341/1341 730/730
f 734/734 681/681 733/733
f 732/732 733/733 681/681
f 732/732 699/699 1343/1343
f 732/732 681/681 699/699
f 664/664 665/665 736/736
f 736/736 737/737 664/664
f 751/751 664/664 737/737
f 664/664 751/751 666/666
f 753/753 735/735 752/752
f 752/752 737/737 753/753
f 737/737 752/752 738/738
f 665/665 667/667 742/742
f 742/742 736/736 665/665
f 753/753 745/745 739/739
f 739/739 741/741 735/735
f 667/667 668/668 743/743
f 743/743 742/742 667/667
f 745/745 753/753 761/761
f 743/743 762/762 746/746
f 669/669 743/743 668/668
f 743/743 746/746 760/760
f 760/760 744/744 761/761
f 742/742 743/743 760/760
f 687/687 1334/1334 756/756
f 687/687 756/756 750/750
f 750/750 748/748 684/684
f 759/759 750/750 745/745
f 684/684 754/754 682/682
f 757/757 1344/1344 755/755
f 759/759 745/745 744/744
f 758/758 696/696 751/751
f 756/756 749/749 741/741
f 756/756 1345/1345 749/749
f 750/750 684/684 687/687
f 745/745 750/750 739/739
f 1334/1334 1345/1345 756/756
f 738/738 758/758 751/751
f 737/737 738/738 751/751
f 735/735 753/753 739/739
f 736/736 761/761 753/753
f 736/736 753/753 737/737
f 684/684 757/757 754/754
f 754/754 755/755 682/682
f 750/750 1109/1109 739/739
f 739/739 1109/1109 741/741
f 757/757 755/755 754/754
f 684/684 748/748 757/757
f 751/751 696/696 666/666
f 748/748 750/750 759/759
f 748/748 759/759 757/757
f 761/761 744/744 745/745
f 742/742 760/760 761/761
f 761/761 736/736 742/742
f 743/743 669/669 762/762
f 763/763 1344/1344 757/757
f 763/763 757/757 759/759
f 759/759 764/764 765/765
f 764/764 759/759 744/744
f 760/760 766/766 764/764
f 764/764 744/744 760/760
f 767/767 765/765 764/764
f 767/767 764/764 766/766
f 776/776 774/774 775/775
f 773/773 775/775 774/774
f 775/775 780/780 776/776
f 778/778 779/779 773/773
f 773/773 779/779 775/775
f 779/779 782/782 775/775
f 777/777 780/780 775/775
f 781/781 780/780 777/777
f 782/782 777/777 775/775
f 740/740 778/778 783/783
f 783/783 778/778 773/773
f 774/774 770/770 773/773
f 783/783 773/773 770/770
f 747/747 740/740 783/783
f 770/770 784/784 783/783
f 747/747 783/783 784/784
f 772/772 786/786 785/785
f 785/785 771/771 772/772
f 785/785 1346/1346 771/771
f 712/712 727/727 786/786
f 786/786 772/772 712/712
f 769/769 1346/1346 1347/1347
f 1346/1346 769/769 771/771
f 1348/1348 788/788 787/787
f 787/787 1349/1349 1348/1348
f 1350/1350 789/789 1348/1348
f 788/788 1348/1348 789/789
f 1349/1349 787/787 768/768
f 768/768 1351/1351 1349/1349
f 788/788 779/779 787/787
f 778/778 787/787 779/779
f 787/787 778/778 740/740
f 740/740 768/768 787/787
f 1350/1350 790/790 789/789
f 746/746 793/793 792/792
f 792/792 791/791 746/746
f 760/760 791/791 1352/1352
f 746/746 791/791 760/760
f 802/802 735/735 801/801
f 800/800 795/795 696/696
f 799/799 800/800 796/796
f 796/796 802/802 801/801
f 741/741 797/797 735/735
f 795/795 800/800 799/799
f 802/802 752/752 735/735
f 794/794 795/795 799/799
f 800/800 798/798 796/796
f 798/798 800/800 758/758
f 801/801 735/735 797/797
f 798/798 738/738 802/802
f 796/796 798/798 802/802
f 752/752 802/802 738/738
f 800/800 696/696 758/758
f 798/798 758/758 738/738
f 803/803 796/796 804/804
f 796/796 803/803 799/799
f 804/804 801/801 805/805
f 801/801 804/804 796/796
f 806/806 799/799 803/803
f 799/799 806/806 794/794
f 797/797 805/805 801/801
f 1353/1353 1354/1354 1355/1355
f 1353/1353 1356/1356 1354/1354
f 1357/1357 1358/1358 810/810
f 810/810 808/808 1357/1357
f 1357/1357 808/808 809/809
f 807/807 1359/1359 809/809
f 1357/1357 809/809 1359/1359
f 807/807 1360/1360 1359/1359
f 1356/1356 810/810 1358/1358
f 1358/1358 1354/1354 1356/1356
f 817/817 816/816 670/670
f 815/815 696/696 795/795
f 814/814 811/811 815/815
f 811/811 816/816 817/817
f 676/676 670/670 812/812
f 795/795 814/814 815/815
f 817/817 670/670 690/690
f 794/794 814/814 795/795
f 815/815 811/811 813/813
f 813/813 697/697 815/815
f 816/816 812/812 670/670
f 813/813 817/817 673/673
f 811/811 817/817 813/813
f 690/690 673/673 817/817
f 815/815 697/697 696/696
f 813/813 673/673 697/697
f 818/818 819/819 811/811
f 811/811 814/814 818/818
f 819/819 820/820 816/816
f 816/816 811/811 819/819
f 806/806 818/818 814/814
f 814/814 794/794 806/806
f 812/812 816/816 820/820
f 1361/1361 1362/1362 1363/1363
f 1361/1361 1363/1363 1364/1364
f 1365/1365 823/823 1366/1366
f 823/823 1365/1365 821/821
f 1365/1365 822/822 821/821
f 807/807 822/822 1367/1367
f 1365/1365 1367/1367 822/822
f 807/807 1367/1367 1360/1360
f 1364/1364 1366/1366 823/823
f 1366/1366 1364/1364 1363/1363
f 824/824 1368/1368 835/835
f 846/846 827/827 909/909
f 829/829 910/910 1369/1369
f 911/911 908/908 837/837
f 830/830 902/902 898/898
f 828/828 831/831 845/845
f 1369/1369 910/910 1370/1370
f 845/845 831/831 1371/1371
f 902/902 830/830 836/836
f 898/898 834/834 830/830
f 832/832 894/894 833/833
f 896/896 826/826 894/894
f 901/901 834/834 900/900
f 900/900 903/903 901/901
f 824/824 1372/1372 1368/1368
f 1371/1371 831/831 1369/1369
f 1368/1368 1370/1370 836/836
f 835/835 1368/1368 836/836
f 824/824 896/896 832/832
f 894/894 832/832 896/896
f 835/835 903/903 826/826
f 826/826 903/903 900/900
f 829/829 1369/1369 831/831
f 828/828 909/909 831/831
f 825/825 893/893 894/894
f 834/834 851/851 899/899
f 904/904 899/899 851/851
f 827/827 905/905 898/898
f 842/842 834/834 898/898
f 847/847 828/828 845/845
f 846/846 828/828 838/838
f 828/828 846/846 909/909
f 844/844 828/828 847/847
f 827/827 846/846 848/848
f 849/849 843/843 905/905
f 899/899 900/900 834/834
f 851/851 841/841 904/904
f 1373/1373 824/824 862/862
f 856/856 873/873 858/858
f 858/858 860/860 1374/1374
f 856/856 875/875 907/907
f 889/889 887/887 856/856
f 860/860 857/857 872/872
f 863/863 890/890 1375/1375
f 860/860 872/872 1376/1376
f 885/885 884/884 883/883
f 855/855 854/854 884/884
f 1372/1372 824/824 1373/1373
f 860/860 1376/1376 1374/1374
f 1373/1373 862/862 863/863
f 1373/1373 863/863 1375/1375
f 895/895 824/824 832/832
f 892/892 855/855 895/895
f 886/886 862/862 855/855
f 886/886 885/885 859/859
f 889/889 858/858 890/890
f 873/873 857/857 860/860
f 873/873 907/907 857/857
f 891/891 892/892 833/833
f 853/853 839/839 866/866
f 878/878 883/883 867/867
f 877/877 867/867 883/883
f 876/876 856/856 888/888
f 861/861 888/888 887/887
f 857/857 874/874 872/872
f 857/857 907/907 865/865
f 873/873 860/860 858/858
f 857/857 871/871 874/874
f 873/873 856/856 907/907
f 870/870 876/876 888/888
f 854/854 883/883 884/884
f 868/868 878/878 867/867
f 866/866 891/891 853/853
f 833/833 853/853 891/891
f 880/880 897/897 881/881
f 897/897 882/882 833/833
f 893/893 852/852 897/897
f 877/877 883/883 854/854
f 883/883 878/878 861/861
f 884/884 885/885 886/886
f 887/887 859/859 885/885
f 861/861 885/885 883/883
f 855/855 884/884 886/886
f 863/863 862/862 886/886
f 863/863 886/886 859/859
f 887/887 888/888 856/856
f 861/861 887/887 885/885
f 870/870 888/888 869/869
f 888/888 861/861 869/869
f 889/889 890/890 863/863
f 856/856 858/858 889/889
f 887/887 889/889 859/859
f 859/859 889/889 863/863
f 890/890 1374/1374 1375/1375
f 890/890 858/858 1374/1374
f 879/879 854/854 891/891
f 891/891 866/866 879/879
f 855/855 892/892 854/854
f 854/854 892/892 891/891
f 881/881 897/897 852/852
f 825/825 852/852 893/893
f 894/894 893/893 833/833
f 894/894 826/826 825/825
f 895/895 832/832 892/892
f 892/892 832/832 833/833
f 862/862 824/824 895/895
f 895/895 855/855 862/862
f 826/826 896/896 835/835
f 824/824 835/835 896/896
f 897/897 833/833 893/893
f 880/880 906/906 897/897
f 905/905 827/827 849/849
f 898/898 902/902 827/827
f 850/850 825/825 899/899
f 840/840 850/850 904/904
f 825/825 826/826 900/900
f 900/900 899/899 825/825
f 830/830 834/834 901/901
f 901/901 903/903 830/830
f 902/902 909/909 827/827
f 903/903 836/836 830/830
f 835/835 836/836 903/903
f 850/850 899/899 904/904
f 904/904 841/841 840/840
f 842/842 898/898 905/905
f 905/905 843/843 842/842
f 829/829 902/902 836/836
f 906/906 882/882 897/897
f 722/722 730/730 729/729
f 729/729 719/719 722/722
f 730/730 722/722 731/731
f 789/789 782/782 788/788
f 779/779 788/788 782/782
f 782/782 789/789 790/790
f 907/907 864/864 865/865
f 907/907 875/875 912/912
f 908/908 846/846 838/838
f 848/848 846/846 908/908
f 831/831 909/909 829/829
f 909/909 902/902 829/829
f 910/910 836/836 1370/1370
f 829/829 836/836 910/910
f 848/848 908/908 911/911
f 907/907 912/912 864/864
f 912/912 875/875 913/913
f 914/914 908/908 838/838
f 974/974 933/933 969/969
f 969/969 933/933 973/973
f 1377/1377 930/930 1378/1378
f 932/932 1379/1379 930/930
f 1380/1380 949/949 1381/1381
f 962/962 1381/1381 949/949
f 934/934 935/935 943/943
f 940/940 967/967 936/936
f 942/942 949/949 960/960
f 946/946 955/955 936/936
f 972/972 937/937 957/957
f 971/971 940/940 936/936
f 936/936 955/955 971/971
f 1382/1382 938/938 968/968
f 951/951 948/948 952/952
f 1383/1383 962/962 1384/1384
f 942/942 937/937 931/931
f 931/931 962/962 942/942
f 1382/1382 973/973 938/938
f 916/916 915/915 936/936
f 937/937 959/959 958/958
f 959/959 937/937 942/942
f 953/953 935/935 934/934
f 947/947 935/935 944/944
f 959/959 942/942 960/960
f 944/944 935/935 953/953
f 950/950 940/940 954/954
f 971/971 954/954 940/940
f 918/918 917/917 945/945
f 915/915 919/919 946/946
f 944/944 940/940 950/950
f 950/950 947/947 944/944
f 962/962 949/949 942/942
f 962/962 931/931 1384/1384
f 973/973 972/972 938/938
f 975/975 938/938 957/957
f 1385/1385 938/938 975/975
f 951/951 1385/1385 941/941
f 958/958 950/950 976/976
f 959/959 947/947 958/958
f 950/950 958/958 947/947
f 977/977 947/947 959/959
f 947/947 977/977 935/935
f 1380/1380 963/963 960/960
f 963/963 977/977 960/960
f 960/960 949/949 1380/1380
f 935/935 963/963 943/943
f 1385/1385 951/951 1386/1386
f 948/948 964/964 961/961
f 965/965 941/941 1385/1385
f 1383/1383 1381/1381 962/962
f 938/938 972/972 957/957
f 1387/1387 952/952 1388/1388
f 952/952 1387/1387 951/951
f 951/951 1387/1387 1386/1386
f 941/941 948/948 951/951
f 922/922 952/952 948/948
f 923/923 946/946 919/919
f 939/939 971/971 966/966
f 957/957 958/958 976/976
f 966/966 955/955 945/945
f 966/966 945/945 961/961
f 964/964 948/948 941/941
f 941/941 965/965 964/964
f 956/956 975/975 957/957
f 967/967 953/953 928/928
f 924/924 928/928 953/953
f 967/967 944/944 953/953
f 940/940 944/944 967/967
f 956/956 1385/1385 975/975
f 948/948 961/961 917/917
f 971/971 939/939 954/954
f 961/961 939/939 966/966
f 961/961 964/964 939/939
f 964/964 965/965 939/939
f 924/924 953/953 925/925
f 926/926 929/929 943/943
f 923/923 918/918 955/955
f 922/922 1388/1388 952/952
f 926/926 943/943 1389/1389
f 927/927 967/967 920/920
f 925/925 934/934 929/929
f 953/953 934/934 925/925
f 922/922 948/948 921/921
f 921/921 948/948 917/917
f 961/961 945/945 917/917
f 918/918 945/945 955/955
f 963/963 1380/1380 943/943
f 943/943 1380/1380 1389/1389
f 1388/1388 922/922 1390/1390
f 946/946 936/936 915/915
f 955/955 946/946 923/923
f 927/927 916/916 936/936
f 936/936 967/967 927/927
f 928/928 920/920 967/967
f 1385/1385 1386/1386 968/968
f 968/968 938/938 1385/1385
f 1379/1379 1391/1391 930/930
f 969/969 973/973 1382/1382
f 1378/1378 1392/1392 1377/1377
f 1393/1393 1392/1392 1378/1378
f 929/929 934/934 943/943
f 971/971 955/955 966/966
f 957/957 937/937 958/958
f 973/973 931/931 937/937
f 973/973 937/937 972/972
f 973/973 933/933 931/931
f 930/930 1377/1377 932/932
f 1394/1394 974/974 969/969
f 1385/1385 956/956 965/965
f 956/956 957/957 976/976
f 970/970 965/965 956/956
f 954/954 970/970 976/976
f 970/970 939/939 965/965
f 970/970 954/954 939/939
f 970/970 956/956 976/976
f 976/976 950/950 954/954
f 977/977 963/963 935/935
f 960/960 977/977 959/959
f 983/983 979/979 980/980
f 980/980 982/982 983/983
f 985/985 981/981 984/984
f 978/978 984/984 981/981
f 986/986 981/981 987/987
f 986/986 982/982 980/980
f 985/985 987/987 981/981
f 982/982 986/986 987/987
f 1032/1032 1027/1027 991/991
f 1027/1027 1031/1031 991/991
f 1395/1395 1396/1396 988/988
f 990/990 988/988 1397/1397
f 1398/1398 1399/1399 1007/1007
f 1020/1020 1007/1007 1399/1399
f 992/992 1001/1001 993/993
f 998/998 994/994 1025/1025
f 1000/1000 1018/1018 1007/1007
f 1004/1004 994/994 1013/1013
f 1030/1030 1015/1015 995/995
f 1029/1029 994/994 998/998
f 994/994 1029/1029 1013/1013
f 1400/1400 1026/1026 996/996
f 1009/1009 1010/1010 1006/1006
f 1401/1401 1402/1402 1020/1020
f 1000/1000 989/989 995/995
f 989/989 1000/1000 1020/1020
f 1400/1400 996/996 1031/1031
f 916/916 994/994 915/915
f 995/995 1016/1016 1017/1017
f 1017/1017 1000/1000 995/995
f 1011/1011 992/992 993/993
f 1005/1005 1002/1002 993/993
f 1017/1017 1018/1018 1000/1000
f 1002/1002 1011/1011 993/993
f 1008/1008 1012/1012 998/998
f 1029/1029 998/998 1012/1012
f 918/918 1003/1003 917/917
f 915/915 1004/1004 919/919
f 1002/1002 1008/1008 998/998
f 1008/1008 1002/1002 1005/1005
f 1020/1020 1000/1000 1007/1007
f 1020/1020 1402/1402 989/989
f 1031/1031 996/996 1030/1030
f 1033/1033 1015/1015 996/996
f 1403/1403 1033/1033 996/996
f 1009/1009 999/999 1403/1403
f 1016/1016 1034/1034 1008/1008
f 1017/1017 1016/1016 1005/1005
f 1008/1008 1005/1005 1016/1016
f 1035/1035 1017/1017 1005/1005
f 1005/1005 993/993 1035/1035
f 1007/1007 1018/1018 1398/1398
f 1021/1021 1035/1035 993/993
f 1021/1021 1398/1398 1018/1018
f 993/993 1001/1001 1021/1021
f 1403/1403 1404/1404 1009/1009
f 1006/1006 1019/1019 1022/1022
f 1023/1023 1403/1403 999/999
f 1401/1401 1020/1020 1399/1399
f 996/996 1015/1015 1030/1030
f 1405/1405 1406/1406 1010/1010
f 1010/1010 1009/1009 1405/1405
f 1009/1009 1404/1404 1405/1405
f 999/999 1009/1009 1006/1006
f 922/922 1006/1006 1010/1010
f 923/923 919/919 1004/1004
f 997/997 1024/1024 1029/1029
f 1015/1015 1034/1034 1016/1016
f 1024/1024 1003/1003 1013/1013
f 1024/1024 1019/1019 1003/1003
f 1022/1022 999/999 1006/1006
f 999/999 1022/1022 1023/1023
f 1014/1014 1015/1015 1033/1033
f 1025/1025 928/928 1011/1011
f 924/924 1011/1011 928/928
f 1025/1025 1011/1011 1002/1002
f 998/998 1025/1025 1002/1002
f 1014/1014 1033/1033 1403/1403
f 1006/1006 917/917 1019/1019
f 1029/1029 1012/1012 997/997
f 1019/1019 1024/1024 997/997
f 1019/1019 997/997 1022/1022
f 1022/1022 997/997 1023/1023
f 924/924 925/925 1011/1011
f 926/926 1001/1001 929/929
f 923/923 1013/1013 918/918
f 922/922 1010/1010 1406/1406
f 926/926 1389/1389 1001/1001
f 927/927 920/920 1025/1025
f 925/925 929/929 992/992
f 1011/1011 925/925 992/992
f 922/922 921/921 1006/1006
f 921/921 917/917 1006/1006
f 1019/1019 917/917 1003/1003
f 918/918 1013/1013 1003/1003
f 1021/1021 1001/1001 1398/1398
f 1001/1001 1389/1389 1398/1398
f 1406/1406 1390/1390 922/922
f 1004/1004 915/915 994/994
f 1013/1013 923/923 1004/1004
f 927/927 994/994 916/916
f 994/994 927/927 1025/1025
f 928/928 1025/1025 920/920
f 1403/1403 1026/1026 1404/1404
f 1026/1026 1403/1403 996/996
f 1397/1397 988/988 1407/1407
f 1027/1027 1400/1400 1031/1031
f 1396/1396 1395/1395 1408/1408
f 1409/1409 1396/1396 1408/1408
f 929/929 1001/1001 992/992
f 1029/1029 1024/1024 1013/1013
f 1015/1015 1016/1016 995/995
f 1031/1031 995/995 989/989
f 1031/1031 1030/1030 995/995
f 1031/1031 989/989 991/991
f 988/988 990/990 1395/1395
f 1410/1410 1027/1027 1032/1032
f 1403/1403 1023/1023 1014/1014
f 1014/1014 1034/1034 1015/1015
f 1028/1028 1014/1014 1023/1023
f 1012/1012 1034/1034 1028/1028
f 1028/1028 1023/1023 997/997
f 1028/1028 997/997 1012/1012
f 1028/1028 1034/1034 1014/1014
f 1034/1034 1012/1012 1008/1008
f 1035/1035 1021/1021 1018/1018
f 1018/1018 1017/1017 1035/1035
f 1041/1041 1038/1038 1037/1037
f 1038/1038 1041/1041 1040/1040
f 1043/1043 1042/1042 1039/1039
f 1036/1036 1039/1039 1042/1042
f 1044/1044 1045/1045 1039/1039
f 1044/1044 1038/1038 1040/1040
f 1043/1043 1039/1039 1045/1045
f 1040/1040 1045/1045 1044/1044
f 1048/1048 1047/1047 1049/1049
f 1049/1049 1047/1047 1046/1046
f 1050/1050 1048/1048 1049/1049
f 1051/1051 1048/1048 1050/1050
f 1052/1052 1051/1051 1050/1050
f 1053/1053 1051/1051 1052/1052
f 1054/1054 1053/1053 1052/1052
f 1055/1055 1053/1053 1054/1054
f 1056/1056 1055/1055 1054/1054
f 1047/1047 1055/1055 1046/1046
f 1046/1046 1055/1055 1056/1056
f 1059/1059 1058/1058 1060/1060
f 1060/1060 1058/1058 1057/1057
f 1061/1061 1059/1059 1060/1060
f 1062/1062 1059/1059 1061/1061
f 1063/1063 1062/1062 1061/1061
f 1064/1064 1062/1062 1063/1063
f 1065/1065 1064/1064 1063/1063
f 1066/1066 1064/1064 1067/1067
f 1067/1067 1064/1064 1065/1065
f 1058/1058 1066/1066 1057/1057
f 1057/1057 1066/1066 1067/1067
f 1069/1069 1411/1411 1068/1068
f 1071/1071 1069/1069 1070/1070
f 1068/1068 1070/1070 1069/1069
f 1073/1073 1412/1412 1072/1072
f 1075/1075 1073/1073 1074/1074
f 1072/1072 1074/1074 1073/1073
f 1078/1078 1079/1079 1077/1077
f 1079/1079 1076/1076 1077/1077
f 1080/1080 1079/1079 1078/1078
f 1081/1081 1080/1080 1078/1078
f 1082/1082 1080/1080 1081/1081
f 1083/1083 1082/1082 1081/1081
f 1084/1084 1082/1082 1083/1083
f 1085/1085 1084/1084 1083/1083
f 1086/1086 1084/1084 1085/1085
f 1077/1077 1076/1076 1085/1085
f 1076/1076 1086/1086 1085/1085
f 1089/1089 1090/1090 1088/1088
f 1090/1090 1087/1087 1088/1088
f 1091/1091 1090/1090 1089/1089
f 1092/1092 1091/1091 1089/1089
f 1093/1093 1091/1091 1092/1092
f 1094/1094 1093/1093 1092/1092
f 1095/1095 1093/1093 1094/1094
f 1096/1096 1097/1097 1094/1094
f 1097/1097 1095/1095 1094/1094
f 1088/1088 1087/1087 1096/1096
f 1087/1087 1097/1097 1096/1096
f 1099/1099 1098/1098 1413/1413
f 1101/1101 1100/1100 1099/1099
f 1098/1098 1099/1099 1100/1100
f 1103/1103 1102/1102 1414/1414
f 1105/1105 1104/1104 1103/1103
f 1102/1102 1103/1103 1104/1104
f 1106/1106 70/70 1107/1107
f 70/70 1106/1106 71/71
f 1108/1108 71/71 1106/1106
f 71/71 1108/1108 309/309
f 1109/1109 756/756 741/741
f 750/750 756/756 1109/1109
f 1110/1110 674/674 676/676
f 1110/1110 688/688 674/674
f 1112/1112 701/701 681/681
f 1111/1111 669/669 1112/1112
f 1112/1112 669/669 701/701
f 762/762 1113/1113 746/746
f 669/669 1415/1415 1113/1113
f 669/669 1113/1113 762/762
