# MOD converted: n009_a.mod
# 2679 verts, 2642 faces

v 111.256302 -8.205791 -43.972923
v 108.002594 -9.089914 -44.548798
v 109.757591 5.167994 -40.738380
v 110.970612 -7.151942 -34.529640
v 115.807167 -4.557116 -33.124214
v 106.894432 -6.109387 -33.965515
v 112.623947 -5.498010 -34.156853
v 104.671707 -2.925839 -41.685081
v 109.242195 -4.043319 -35.793800
v 106.543060 -3.235601 -36.944962
v 108.990356 -6.271638 -38.481064
v 110.154419 6.240343 -33.251011
v 105.328423 -5.180436 -37.374916
v 117.072762 -9.934649 -35.950569
v 110.957832 -10.016456 -36.657158
v 106.788864 -6.187612 -40.093243
v 110.706535 5.505855 -39.728352
v 107.135330 6.638091 -36.661327
v 103.826744 -7.150739 -33.873459
v 109.251228 -4.637339 -41.825333
v 109.085007 5.585186 -43.538048
v 106.202927 5.993740 -40.915802
v 105.761444 -8.435158 -38.508644
v 107.862061 -6.633388 -39.507263
v 107.107437 -4.199539 -37.585411
v 106.036057 -3.792004 -40.352585
v 114.315773 -3.338055 -35.037357
v 107.099968 -5.132690 -43.477104
v 108.855614 0.823877 -37.323486
v 119.639793 0.614893 -48.141548
v 111.153610 -2.125627 -47.212421
v 106.765953 -1.009464 -42.503666
v 118.610374 6.331117 -37.468140
v 112.155045 -7.339206 -42.646385
v 104.042923 1.416718 -35.880989
v 108.489830 2.520694 -46.982006
v 119.321358 4.152644 -37.685383
v 103.078110 -4.593816 -42.065842
v 104.925461 -5.583037 -35.977715
v 106.637222 -7.692578 -45.868999
v 107.411003 -6.190169 -38.033379
v 105.219406 2.385648 -37.942604
v 109.363007 1.894827 -33.404255
v 117.696640 -7.734441 -40.417007
v 107.645035 1.553710 -44.113403
v 112.699226 5.339732 -41.687157
v 115.796677 -7.915288 -47.970943
v 111.059311 4.620305 -47.333344
v 120.917686 -0.612598 -38.372925
v 114.427399 -6.781051 -47.438663
v 107.352478 4.837778 -44.881859
v 112.224060 -8.663218 -35.339840
v 120.856712 -3.790704 -30.980017
v 137.120972 -4.430125 -42.928196
v 139.422241 -5.195985 -34.973927
v 151.808197 12.302612 -45.310944
v 122.008636 -5.632883 -38.742420
v 138.031021 10.201390 -36.664326
v 138.433258 -7.296133 -40.420155
v 153.617432 -4.403087 -40.708225
v 152.857697 8.982966 -27.932323
v 150.069122 8.446560 -39.850391
v 121.962074 -7.445318 -43.785164
v 139.228790 7.563538 -33.983025
v 152.479935 -5.704602 -31.936424
v 137.184586 7.097603 -27.474432
v 150.474319 -2.340466 -35.887745
v 126.345238 3.238585 -38.958656
v 128.284958 -7.445204 -33.985935
v 126.778214 -4.969919 -44.694065
v 129.103134 -5.161228 -46.154362
v 127.818840 5.435259 -41.633915
v 126.545532 7.991414 -43.330902
v 153.271530 2.289941 -45.809921
v 139.062103 1.183776 -47.320248
v 128.512146 0.133924 -34.725674
v 151.140778 2.470123 -47.623360
v 147.855606 2.748132 -48.706764
v 139.438339 1.738794 -49.675892
v 120.919640 0.174818 -49.020329
v 113.814072 -6.662942 -50.098251
v 113.221382 5.663018 -50.440022
v 113.424126 -0.174066 -50.031139
v 109.415558 4.701808 -50.226288
v 108.967133 -0.144864 -49.550186
v 128.890579 0.733800 -51.803547
v 125.012108 1.073240 -49.357712
v 125.503693 -6.301474 -50.784195
v 124.583412 6.635514 -46.181271
v 139.816040 -5.343285 -47.929462
v 121.299889 -5.008594 -49.062744
v 120.712379 5.945501 -44.906841
v 147.999680 -5.730131 -44.037575
v 147.560272 9.487934 -46.073078
v 138.867416 8.688720 -47.232643
v 129.328735 -5.100466 -47.622189
v 128.472137 6.539560 -43.350948
v 125.058777 -9.711926 -40.907867
v 139.051025 -8.478488 -44.133503
v 121.477654 -9.314221 -38.532654
v 146.796280 -8.321816 -43.159878
v 129.071121 -8.724435 -48.769653
v 109.363625 -6.161307 -44.608990
v 114.973648 -10.334961 -45.258495
v 110.592346 -9.740172 -38.697681
v 151.220230 -9.508129 -37.200710
v 156.159561 -9.040441 -41.176155
v 163.584442 -4.381541 -48.853931
v 153.601639 3.923443 -39.116539
v 168.529678 -4.491194 -37.369400
v 160.782944 -7.562340 -35.225033
v 165.453278 -8.643921 -40.892849
v 147.508240 -8.060980 -41.431454
v 143.109253 -8.456587 -45.828747
v 143.225677 -5.923220 -48.608330
v 143.307800 2.231213 -44.056072
v 151.723953 10.896515 -42.713604
v 156.508621 11.203679 -43.639122
v 164.047882 4.288423 -41.585674
v 168.866272 5.075395 -46.169491
v 147.487335 8.210881 -46.795597
v 143.230057 7.469411 -42.327019
v 161.017105 9.970089 -39.851383
v 165.568985 11.527448 -45.812397
v 153.561813 -7.019689 -43.935379
v 159.672577 -6.605597 -47.041088
v 160.431137 4.201886 -34.780746
v 148.538513 -7.696718 -32.651550
v 155.428574 -7.434235 -27.485193
v 146.364944 -3.897573 -25.447592
v 153.586334 -3.635091 -33.964691
v 152.031311 -6.723660 -27.345776
v 150.353577 -3.183975 -36.109329
v 147.887543 13.610509 -34.156925
v 155.007385 13.585190 -27.796265
v 146.278976 9.231907 -25.893427
v 153.315155 8.784392 -35.023891
v 151.453049 12.655194 -42.015800
v 149.827148 11.196334 -41.086227
v 152.790436 11.000178 -40.225201
v 155.811356 11.300647 32.695850
v 111.256271 -8.205834 43.972919
v 108.002632 -9.089924 44.548801
v 109.757568 5.167991 40.738373
v 110.970634 -7.151937 34.529652
v 115.807137 -4.557133 33.124187
v 106.894371 -6.109478 33.965477
v 112.623871 -5.498030 34.156879
v 104.671745 -2.925821 41.685074
v 109.242203 -4.043320 35.793850
v 106.543121 -3.235567 36.944927
v 108.990334 -6.271620 38.481255
v 110.154373 6.240410 33.251038
v 105.328506 -5.180407 37.374931
v 117.072769 -9.934658 35.950592
v 110.957855 -10.016463 36.657188
v 106.788956 -6.187580 40.093433
v 110.706505 5.505921 39.728470
v 107.135269 6.638116 36.661285
v 103.826820 -7.150739 33.873379
v 109.251137 -4.637393 41.825424
v 109.084946 5.585217 43.538105
v 106.202850 5.993741 40.915764
v 105.761536 -8.435150 38.508652
v 107.862137 -6.633348 39.507263
v 107.107475 -4.199511 37.585438
v 106.036110 -3.791983 40.352600
v 114.315773 -3.338075 35.037415
v 107.100052 -5.132648 43.477104
v 108.855606 0.823873 37.323475
v 119.639793 0.614875 48.141556
v 111.153610 -2.125619 47.212425
v 106.765953 -1.009480 42.503643
v 118.610390 6.331114 37.468124
v 112.155029 -7.339190 42.646393
v 104.042892 1.416707 35.881130
v 108.489830 2.520749 46.981995
v 119.321358 4.152652 37.685337
v 103.078148 -4.593830 42.065807
v 104.925522 -5.583040 35.977730
v 106.637230 -7.692603 45.868996
v 107.411026 -6.190185 38.033436
v 105.219376 2.385659 37.942745
v 109.363022 1.894886 33.404266
v 117.696625 -7.734455 40.417053
v 107.645004 1.553738 44.113369
v 112.699234 5.339729 41.687187
v 115.796654 -7.915300 47.970913
v 111.059319 4.620315 47.333344
v 120.917671 -0.612589 38.372940
v 114.427391 -6.781068 47.438667
v 107.352448 4.837764 44.881889
v 112.224030 -8.663222 35.339844
v 120.856712 -3.790725 30.980015
v 137.120972 -4.430122 42.928185
v 139.422241 -5.195987 34.973927
v 151.808197 12.302612 45.310955
v 122.008629 -5.632878 38.742416
v 138.031021 10.201387 36.664314
v 138.433258 -7.296132 40.420155
v 153.617432 -4.403088 40.708225
v 152.857697 8.982965 27.932325
v 150.069122 8.446558 39.850407
v 121.962059 -7.445326 43.785160
v 139.228790 7.563535 33.983025
v 152.479935 -5.704600 31.936424
v 137.184586 7.097601 27.474428
v 150.474319 -2.340463 35.887737
v 126.345238 3.238583 38.958660
v 128.284958 -7.445206 33.985939
v 126.778229 -4.969923 44.694065
v 129.103134 -5.161226 46.154358
v 127.818840 5.435260 41.633907
v 126.545532 7.991412 43.330902
v 153.271530 2.289941 45.809917
v 139.062088 1.183774 47.320244
v 128.512146 0.133929 34.725674
v 151.140778 2.470124 47.623363
v 147.855576 2.748212 48.706760
v 139.438324 1.738814 49.675892
v 120.919640 0.174836 49.020355
v 113.814056 -6.662929 50.098221
v 113.221390 5.663039 50.440018
v 113.424118 -0.174048 50.031113
v 109.415565 4.701825 50.226280
v 108.967133 -0.144850 49.550175
v 128.890579 0.733786 51.803539
v 125.012108 1.073248 49.357716
v 125.503685 -6.301468 50.784184
v 124.583427 6.635525 46.181267
v 139.816040 -5.343285 47.929474
v 121.299889 -5.008583 49.062717
v 120.712379 5.945517 44.906834
v 147.999680 -5.730131 44.037579
v 147.560272 9.487933 46.073078
v 138.867416 8.688718 47.232643
v 129.328751 -5.100463 47.622185
v 128.472137 6.539564 43.350964
v 125.058754 -9.711926 40.907860
v 139.051010 -8.478489 44.133533
v 121.477638 -9.314219 38.532650
v 146.796280 -8.321816 43.159882
v 129.071121 -8.724433 48.769672
v 109.363602 -6.161300 44.609032
v 114.973625 -10.334967 45.258533
v 110.592323 -9.740177 38.697681
v 151.220215 -9.508129 37.200703
v 156.159546 -9.040442 41.176151
v 163.584442 -4.381541 48.853939
v 153.601639 3.923404 39.116539
v 168.529678 -4.491196 37.369400
v 160.782944 -7.562341 35.225029
v 165.453247 -8.643921 40.892849
v 147.508240 -8.060980 41.431446
v 143.109238 -8.456587 45.828743
v 143.225677 -5.923219 48.608326
v 143.307800 2.231310 44.056072
v 151.723953 10.896515 42.713604
v 156.508621 11.203679 43.639122
v 164.047882 4.288422 41.585678
v 168.866272 5.075394 46.169491
v 147.487335 8.210879 46.795597
v 143.230057 7.469407 42.327019
v 161.017105 9.970090 39.851387
v 165.568985 11.527449 45.812397
v 153.561813 -7.019690 43.935375
v 159.672577 -6.605598 47.041088
v 160.431137 4.201863 34.780746
v 148.538513 -7.696718 32.651550
v 155.428574 -7.434235 27.485193
v 146.364944 -3.897569 25.447592
v 153.586334 -3.635090 33.964691
v 152.031311 -6.723661 27.345776
v 150.353577 -3.183974 36.109325
v 147.887543 13.610509 34.156925
v 155.007385 13.585190 27.796265
v 146.278976 9.231909 25.893431
v 153.315155 8.784392 35.023891
v 151.453064 12.655193 42.015800
v 149.827148 11.196332 41.086231
v 152.790436 11.000177 40.225201
v 155.811356 11.300647 -31.917400
v 71.295883 3.447345 -6.218828
v 68.270996 -3.608472 -22.912863
v 67.597107 -12.923203 -9.857294
v 67.512222 -11.720221 -32.647751
v 69.903458 -5.319239 -23.772507
v 49.558258 -6.438872 -27.805647
v 50.416695 -1.398983 -16.582396
v 49.477509 -5.292391 -30.293415
v 60.031643 -2.708987 -13.655073
v 58.685047 -9.128968 -15.193759
v 61.964645 14.791236 -16.507784
v 52.024170 14.275430 -28.425148
v 29.112215 17.779394 -32.950363
v 29.318916 9.913521 -16.701324
v 28.844391 18.577213 -12.019783
v 37.600899 1.825793 -10.645515
v 28.522070 2.229449 -16.402628
v 28.835215 -5.103685 -32.557968
v 29.415735 0.731428 -29.003193
v 51.441673 6.261370 -24.349865
v 52.107841 12.516249 -11.309342
v 50.953819 8.194844 -10.988988
v 49.850777 0.149557 -31.324648
v 61.406586 5.631670 -24.288891
v 62.049107 12.831091 -8.046521
v 60.732990 7.644397 -7.267344
v 59.273190 -1.996569 -23.610952
v 58.768925 -9.578629 -8.817378
v 28.876585 11.413836 -29.914316
v 39.152592 7.958138 -25.089022
v 29.150270 -5.558586 -16.974709
v 37.149574 -3.150185 -23.844473
v 37.331795 -3.929570 -28.980843
v 38.198219 1.021517 -25.918987
v 39.786911 13.438532 -17.120275
v 39.710426 15.308828 -11.669303
v 38.517113 9.574060 -27.600252
v 22.869049 14.491962 -30.217373
v 22.724096 8.285402 -19.315617
v 22.615973 15.708612 -14.092885
v 22.652721 2.686398 -19.239052
v 22.769909 -1.977337 -29.528471
v 22.808640 1.447253 -12.205293
v 22.644133 8.173456 -25.543064
v 22.787920 -3.160835 -25.138905
v 72.128510 10.845263 -7.689380
v 69.926697 5.882731 -12.426630
v -0.000230 2.081387 -20.132584
v 0.000372 -23.262474 -17.200737
v 0.000093 -15.453400 -13.075247
v -0.000230 11.019841 -19.222792
v -0.000230 16.603271 -19.222790
v 5.200876 16.603270 -17.458124
v 5.214170 -15.368178 -12.426628
v 5.199119 2.081385 -22.635992
v 12.240052 -22.620920 -18.706390
v 10.044611 -15.018392 -26.869867
v 19.907087 -5.774718 -12.969676
v 10.920655 2.099450 -12.759377
v 10.927075 11.011181 -19.137373
v 10.970445 16.853256 -33.484509
v -0.000228 9.276838 -42.939987
v 0.000375 -15.469225 -40.717201
v 0.000097 -7.417858 -27.501751
v -0.000225 15.949355 -33.484509
v 5.199121 9.276837 -40.526459
v 12.240055 -16.507778 -38.982025
v 10.044613 -8.090235 -33.043961
v 10.920659 8.958806 -27.731369
v 10.927079 16.127092 -20.351820
v 5.208011 -23.668970 -40.541241
v 5.214178 -7.480711 -42.933388
v 5.208017 -15.952888 -28.975746
v 10.039842 -26.867884 -28.425097
v 0.000233 -27.436253 -38.111282
v 10.039844 -23.746284 -38.894615
v 0.000235 -23.858837 -28.740866
v 5.208162 -27.614445 -38.753906
v 5.208164 -24.193005 -27.837742
v 15.608300 -20.601587 -21.033783
v 15.691016 -14.270163 -18.755318
v 17.662458 -4.211387 -36.683426
v 15.691019 -8.922705 -32.471310
v 18.457132 0.013527 -13.260444
v 5.200682 11.090097 -27.307705
v 5.200662 15.894493 -15.524534
v 5.206644 -5.328194 -16.552610
v 11.175558 -5.100793 -15.266376
v -0.000069 -5.390775 -34.738266
v 15.635708 -18.513361 -31.313107
v 17.145580 -10.830755 -26.448914
v 17.145599 -12.492863 -17.814669
v 61.430714 -15.240736 -17.290079
v 56.687458 -11.308165 -13.742131
v 59.286674 -11.610935 -10.780852
v 63.599640 -11.571010 -10.052594
v 56.472313 -11.177422 -5.329153
v 64.114601 -3.263684 -6.796386
v 65.695953 6.794300 -14.224787
v 67.377312 15.132931 -23.868011
v 59.127583 -14.397209 -28.924204
v 62.637573 -12.081069 -23.303846
v 56.047874 -11.349314 -28.236067
v 57.686596 -9.014046 -31.361252
v 60.870281 -6.902690 -32.556469
v 66.165306 -5.550293 -23.442364
v 50.666805 -9.116896 -34.144516
v 58.141502 -3.051018 -33.847145
v 66.744637 3.512958 -25.985628
v 67.891678 13.122583 -14.928474
v 67.051773 -16.585880 -17.225725
v 73.146713 -17.181520 -16.451197
v 79.100945 -16.041975 -13.081237
v 76.219391 -15.162443 -10.396570
v 71.205460 -12.853209 -9.512592
v 78.187057 -15.076874 -4.838938
v 73.012573 -4.517355 -5.967908
v 75.051727 7.149180 -14.957769
v 71.608574 12.520586 -13.884527
v 76.063507 14.249472 -24.240328
v 67.381180 -18.568516 -31.071922
v 68.822754 -11.969655 -28.357529
v 74.347061 -14.093209 -23.067022
v 76.589706 -17.492470 -22.220572
v 80.303055 -15.866680 -27.246262
v 80.092545 -13.219906 -30.506680
v 77.794632 -9.759764 -32.173096
v 73.759933 -6.832995 -21.931259
v 84.810303 -17.018686 -33.108780
v 80.401154 -8.244910 -32.647667
v 75.407890 3.212946 -25.437181
v 76.404526 13.008137 -0.000004
v 118.436798 -1.610236 -0.000003
v 119.366096 -12.104372 0.000003
v 122.954315 14.597441 0.000005
v 131.047424 17.881594 0.000000
v 118.972595 8.883900 0.000002
v 185.670319 17.801950 -0.000003
v 191.404846 -11.144516 -0.000000
v 197.144226 15.539774 -0.000000
v 197.739441 -15.378599 0.000000
v 139.308151 -18.376244 0.000008
v 153.335312 16.215078 -0.000001
v 204.756958 14.192878 0.000001
v 171.711014 17.462284 0.000000
v 191.531616 3.753808 0.000004
v 167.697144 -18.932045 -0.000001
v 150.494293 -19.105179 0.000002
v 184.965118 -15.073182 0.000003
v 158.790115 -19.018612 0.000001
v 162.523163 16.838680 -0.000006
v 121.908661 -16.035618 -36.450340
v 82.024300 7.118930 -32.136574
v 81.763824 14.422047 -2.932735
v 81.401009 9.877080 -1.282968
v 81.017357 -4.548287 -4.706870
v 83.760162 -14.545814 -35.481266
v 84.561981 -10.315687 -30.038572
v 113.247902 4.153618 -2.144207
v 111.834991 -3.046279 -5.633078
v 112.828896 -12.314682 -22.843025
v 119.347893 12.553711 -2.443186
v 117.526154 -1.611205 -5.974820
v 117.962463 -12.175915 -23.097059
v 113.571724 14.317719 -5.325649
v 112.853668 9.718885 -29.721495
v 113.113197 -10.577499 -21.899406
v 129.923843 -13.332993 -21.506802
v 131.047440 10.266739 -22.947781
v 130.380936 2.960020 -27.226469
v 118.837006 -9.908197 -27.378828
v 119.276680 3.804230 -18.457180
v 141.351166 9.228564 -38.909042
v 92.844810 6.280004 -4.500613
v 92.797340 -16.702707 -2.485009
v 92.825790 11.459480 -34.086697
v 92.897362 16.383940 -28.769844
v 92.821953 -21.533506 -11.454354
v 113.036484 15.788220 -12.696934
v 82.027824 17.963539 -11.737968
v 92.998413 21.129602 -14.971251
v 128.786880 -15.835830 -23.221678
v 118.406540 -15.064231 -8.527817
v 139.308151 -17.492256 -18.439388
v 185.797485 -9.267817 -10.039472
v 198.177734 11.891541 -17.492723
v 176.654755 -11.164882 -20.395769
v 174.636261 -7.674634 -17.123274
v 167.980896 -11.789538 -16.446072
v 191.736740 13.696748 -26.093384
v 190.314423 10.398060 -17.182451
v 175.572128 14.460292 -10.661878
v 171.072876 16.409647 -21.767067
v 175.200562 10.067316 -21.964577
v 176.982330 -6.533783 -8.049300
v 192.020355 -8.720936 -13.136748
v 194.854172 -2.974036 -13.286549
v 197.583557 3.870542 -12.477349
v 202.134247 -3.651003 -12.000061
v 203.662750 3.251968 -8.540135
v 199.422379 -11.960860 -21.429661
v 174.249908 -2.308248 -8.799726
v 204.717819 11.358870 -19.165073
v 193.657272 -3.209381 -27.312820
v 192.559418 3.842564 -7.989407
v 185.409317 17.149504 -26.030895
v 191.136597 -3.716283 -19.828484
v 195.431473 3.997597 -16.738287
v 185.029602 15.532413 -24.151306
v 184.494659 -7.877389 -18.573830
v 194.654495 10.185637 -24.137262
v 183.032867 13.411306 -19.920259
v 169.412369 10.190076 -11.266361
v 176.767029 -15.893717 -10.401616
v 167.798889 -17.391905 -21.517916
v 167.906616 -2.051625 -18.377554
v 153.066620 8.791841 -16.243942
v 151.143600 -11.377066 -19.942341
v 151.998871 -1.761133 -10.077814
v 153.387451 14.129363 -8.510218
v 150.520676 -17.652718 -11.087098
v 185.047958 -13.110632 -8.908840
v 158.854172 -17.522314 -16.683607
v 159.256622 -11.384830 -10.369848
v 162.230164 15.269506 -20.730131
v 159.952744 -1.761131 -19.148911
v 161.239502 9.490959 -20.534779
v 140.674103 -1.155003 -19.119617
v 139.780884 -10.362239 -6.206925
v 117.965584 9.411672 -9.293149
v 131.047424 16.998148 -10.406739
v 118.270035 15.120985 -9.111968
v 121.697449 15.252084 -15.158003
v 139.308167 -15.351922 -8.349666
v 123.092598 -15.874067 -14.388494
v 189.615860 -9.019669 -42.057350
v 152.560791 3.262093 -34.449398
v 153.900406 10.964546 -33.273266
v 156.485687 11.246739 -28.569950
v 152.079453 7.848737 -29.297735
v 149.991333 -1.295031 -34.326839
v 151.800430 -4.120585 -32.358051
v 188.802048 3.382662 -35.300800
v 178.730911 2.573744 -29.803682
v 187.672119 10.252109 -24.277603
v 165.160034 -2.111972 -33.757011
v 177.410995 -2.974572 -22.325191
v 173.985229 -2.317827 -40.987503
v 157.215698 3.632181 -36.732750
v 169.763397 9.672847 -24.716932
v 166.055847 7.581585 -28.097376
v 153.256058 -1.238658 -38.927521
v 156.378235 -2.450074 -38.725529
v 157.251938 8.567851 -27.960314
v 154.580200 8.045982 -33.518368
v 155.067932 -4.231087 -29.879019
v 188.143066 -3.487019 -22.647326
v 175.191620 9.224100 -30.681753
v 166.335449 -6.082690 -38.355515
v 169.703369 3.359962 -27.553749
v 175.267319 -5.984514 -39.706402
v 152.818069 -3.085576 -33.816605
v 177.842285 8.585674 -27.977608
v 175.554794 11.368771 -30.919506
v 168.213074 12.587997 -35.865143
v 168.235382 -3.333943 -39.188591
v 155.017593 8.798999 -40.395393
v 151.704178 8.660344 -35.800129
v 150.154617 10.906022 -29.462839
v 149.558792 7.920103 -0.424994
v 92.690811 -4.214409 -36.221436
v 92.839890 -12.904539 -28.149141
v 85.027107 -16.893478 -13.311559
v 85.052841 -19.432314 -21.809580
v 86.319305 -19.626400 -35.511086
v 102.344772 5.333384 -26.625946
v 102.222290 -18.481056 -1.284795
v 101.562584 -3.630723 -3.788213
v 102.139297 10.482949 -31.191229
v 102.532639 14.038876 -11.598766
v 102.316757 18.329609 -4.703760
v 102.142441 -14.384815 -32.746109
v 102.275513 -11.841595 -10.549977
v 118.090286 -15.916850 -11.174731
v 112.879227 -16.227037 -12.401462
v 102.139519 -19.418686 -13.219828
v 92.807442 -23.122253 -24.196009
v 113.027138 -15.794223 -30.080210
v 113.159187 -4.908678 -35.703831
v 102.299927 -4.154241 -39.130112
v 92.846672 -3.852701 -36.433601
v 81.807846 -2.904089 -27.528788
v 118.987022 -4.831994 -24.215979
v 130.187759 -5.450378 -22.112238
v 135.012283 -8.514093 -22.739237
v 135.479202 -1.200119 -23.732359
v 102.483009 19.224524 -24.294523
v 92.926498 22.390320 -24.346416
v 81.802643 18.974428 -0.000000
v 112.555183 -24.071405 -0.000012
v 128.568344 -21.007742 -0.000000
v 92.181732 -29.016291 -0.000000
v 74.077736 -30.833786 0.000000
v 102.260223 -26.687950 -0.000005
v 120.363106 -22.880188 -0.000000
v 81.056213 -30.243858 -23.812239
v 92.181740 -24.817068 -15.151929
v 81.967514 -29.160892 -18.866180
v 128.568359 -15.483156 -20.666658
v 112.555191 -19.263638 -27.233643
v 100.950363 -21.607765 -23.150118
v 106.512459 -21.465559 -27.554939
v 110.838249 -17.079885 -8.593346
v 128.568359 -20.329426 -10.666579
v 112.555183 -22.495718 -13.384108
v 92.181732 -27.440603 -12.071100
v 102.260231 -25.112267 -16.298941
v 128.568359 -17.281448 -17.955818
v 120.363113 -18.328508 -9.135093
v 120.363113 -21.775414 -21.859156
v 120.227371 -16.182177 -23.269751
v 101.168976 -23.018158 0.000004
v 142.003052 16.638260 -10.684364
v 141.787933 15.729687 -8.137354
v 131.022903 18.932768 -0.000000
v 93.164970 28.080765 -0.000000
v 112.154518 23.358360 -0.000000
v 121.469589 21.857918 -0.000000
v 73.768120 32.964886 -0.000000
v 62.770702 36.505363 -0.000000
v 83.206253 30.720535 0.000000
v 102.469833 25.717426 0.000007
v 131.022903 20.264053 -18.926065
v 73.768127 30.177696 -9.282998
v 66.067650 34.546841 -15.157519
v 121.469604 16.514725 -16.680412
v 112.154518 18.127159 -19.736065
v 93.164955 24.038422 -23.789072
v 83.309090 26.706692 -25.337214
v 96.616821 22.709743 -8.536863
v 112.154518 22.680044 -9.807796
v 93.164970 26.549524 -9.702797
v 73.768120 31.433641 -10.123987
v 83.206253 29.189289 -8.232634
v 121.469604 20.526630 -17.329411
v 102.469810 21.763567 -9.134609
v 102.469803 24.612648 -21.775141
v 102.334061 20.313570 -13.230886
v 131.022903 16.084600 31.915703
v 71.299301 3.439111 6.213062
v 68.266068 -3.599843 22.900200
v 67.596771 -12.925483 9.845848
v 67.507935 -11.713974 32.640015
v 69.906586 -5.327935 23.764336
v 49.557949 -6.440911 27.800972
v 50.416115 -1.403789 16.574997
v 49.477676 -5.289515 30.287846
v 60.030830 -2.715953 13.645015
v 58.685333 -9.124545 15.200237
v 61.964817 14.794562 16.513906
v 52.024334 14.278326 28.431738
v 29.111870 17.776203 32.952789
v 29.318344 9.907921 16.708319
v 28.844641 18.580191 12.017287
v 37.601463 1.832377 10.643806
v 28.522627 2.235564 16.397030
v 28.835474 -5.100632 32.555515
v 29.415173 0.725997 29.003817
v 51.441017 6.255731 24.354797
v 52.107491 12.513783 11.311246
v 50.954330 8.201310 10.985330
v 49.851318 0.156257 31.324842
v 61.405693 5.623973 24.294039
v 62.048676 12.828198 8.048039
v 60.733643 7.652626 7.262196
v 59.273895 -1.987783 23.600618
v 58.768559 -9.581005 8.820543
v 28.877235 11.420923 29.916111
v 39.151962 7.952466 25.083193
v 29.150087 -5.560109 16.968782
v 37.149818 -3.146984 23.838032
v 37.331573 -3.931069 28.977837
v 38.197662 1.016494 25.924555
v 39.786552 13.435581 17.127110
v 39.710636 15.311891 11.672161
v 38.517685 9.580873 27.603409
v 22.868874 14.490303 30.218386
v 22.723839 8.282836 19.319180
v 22.616072 15.709786 14.091936
v 22.652992 2.689324 19.236500
v 22.770012 -1.976180 29.527119
v 22.808407 1.444906 12.206236
v 22.644466 8.177038 25.540112
v 22.787813 -3.161833 25.142490
v 72.130280 10.841454 7.690087
v 69.922791 5.890376 12.426631
v -0.000230 2.081363 20.132589
v 0.000367 -23.262503 17.200737
v 0.000089 -15.453424 13.075258
v -0.000231 11.019820 19.222803
v -0.000229 16.603249 19.222801
v 5.200876 16.603245 17.458126
v 5.214170 -15.368204 12.426633
v 5.199117 2.081364 22.636000
v 12.240050 -22.620949 18.706394
v 10.044607 -15.018416 26.869865
v 19.907089 -5.774747 12.969683
v 10.920659 2.099424 12.759386
v 10.927075 11.011157 19.137383
v 10.970446 16.853230 33.484520
v -0.000232 9.276813 42.939987
v 0.000371 -15.469244 40.717209
v 0.000093 -7.417880 27.501753
v -0.000231 15.949330 33.484516
v 5.199121 9.276810 40.526463
v 12.240052 -16.507801 38.982029
v 10.044611 -8.090259 33.043972
v 10.920656 8.958779 27.731380
v 10.927079 16.127064 20.351820
v 5.208011 -23.669001 40.541245
v 5.214172 -7.480734 42.933388
v 5.208013 -15.952908 28.975748
v 10.039839 -26.867910 28.425100
v 0.000229 -27.436279 38.111286
v 10.039839 -23.746307 38.894615
v 0.000230 -23.858860 28.740870
v 5.208157 -27.614471 38.753910
v 5.208158 -24.193029 27.837749
v 15.608298 -20.601614 21.033789
v 15.691017 -14.270190 18.755325
v 17.662457 -4.211411 36.683422
v 15.691017 -8.922731 32.471321
v 18.457130 0.013500 13.260450
v 5.200683 11.090072 27.307711
v 5.200663 15.894465 15.524538
v 5.206643 -5.328216 16.552616
v 11.175558 -5.100816 15.266378
v -0.000070 -5.390798 34.738270
v 15.635705 -18.513386 31.313110
v 17.145580 -10.830782 26.448738
v 17.145576 -12.492924 17.800400
v 61.430706 -15.239309 17.278526
v 56.687523 -11.306139 13.730361
v 59.286957 -11.606614 10.769099
v 63.600082 -11.564868 10.041103
v 56.472855 -11.170441 5.323123
v 64.115402 -3.253801 6.797312
v 65.696655 6.803140 14.231499
v 67.377510 15.136663 23.854343
v 59.127190 -14.399800 28.912159
v 62.636826 -12.087263 23.292280
v 56.047543 -11.351360 28.226131
v 57.685928 -9.019525 31.352789
v 60.869385 -6.910442 32.548943
v 66.164291 -5.559105 23.432341
v 50.666504 -9.118773 34.138721
v 58.140446 -3.060524 33.845886
v 66.743546 3.503277 25.990990
v 67.891098 13.118258 14.913534
v 67.048767 -16.582951 17.210466
v 73.142395 -17.180473 16.436733
v 79.096573 -16.040688 13.067604
v 76.212662 -15.158932 10.384710
v 71.196884 -12.847803 9.499230
v 78.178024 -15.071230 4.833105
v 73.001251 -4.508514 5.969964
v 75.042595 7.157299 14.962816
v 71.607315 12.523447 13.890928
v 76.060577 14.252664 24.223747
v 67.380928 -18.571684 31.059664
v 68.824989 -11.977310 28.343664
v 74.350723 -14.099122 23.051167
v 76.589516 -17.495199 22.205856
v 80.302673 -15.869034 27.233038
v 80.095863 -13.225361 30.495625
v 77.800415 -9.767130 32.163956
v 73.766945 -6.841209 21.915749
v 84.809860 -17.021057 33.098583
v 80.409027 -8.253996 32.645351
v 75.416443 3.204426 25.442005
v 76.409317 13.004120 36.450417
v 82.036240 7.107784 32.141914
v 81.773621 14.413642 2.936811
v 81.390457 9.886837 1.277298
v 81.004074 -4.537573 4.694142
v 83.748245 -14.537411 35.469486
v 84.571457 -10.326435 30.037148
v 113.255417 4.146521 2.140150
v 111.826004 -3.038879 5.623559
v 112.821075 -12.309171 22.844053
v 119.349098 12.552738 2.442272
v 117.523834 -1.609253 5.972186
v 117.960396 -12.174495 23.101786
v 113.576263 14.314273 5.328690
v 112.847702 9.724660 29.711697
v 113.119148 -10.584486 21.899397
v 129.923813 -13.332987 21.506809
v 131.047409 10.266743 22.947781
v 130.380905 2.960036 27.223881
v 118.838318 -9.909828 27.378408
v 119.278381 3.802592 18.457188
v 141.351166 9.228560 38.908333
v 92.858925 6.266870 4.486381
v 92.785561 -16.694571 2.490135
v 92.815773 11.469038 34.093193
v 92.909332 16.373859 28.750778
v 92.826103 -21.540497 11.460529
v 113.034561 15.790842 12.705916
v 82.024841 17.967239 11.749114
v 92.995750 21.133451 14.971237
v 128.786850 -15.835833 23.218334
v 118.407104 -15.065292 8.527812
v 139.308136 -17.492256 18.439386
v 185.797546 -9.267855 10.039472
v 198.177719 11.891537 17.492716
v 176.654770 -11.164885 20.395769
v 174.636261 -7.674631 17.123276
v 167.980896 -11.789535 16.446072
v 191.736679 13.696724 26.093384
v 190.314392 10.398055 17.182447
v 175.572144 14.460293 10.661880
v 171.072876 16.409649 21.767063
v 175.200592 10.067316 21.964575
v 176.982346 -6.533779 8.049303
v 192.020355 -8.720934 13.136746
v 194.854187 -2.974042 13.286550
v 197.583557 3.870539 12.477346
v 202.134247 -3.651003 12.000059
v 203.662750 3.251967 8.540138
v 199.422379 -11.960859 21.429657
v 174.249924 -2.308248 8.799726
v 204.717819 11.358871 19.165077
v 193.657303 -3.209393 27.312820
v 192.559418 3.842565 7.989410
v 185.409332 17.149506 26.030895
v 191.136612 -3.716287 19.828484
v 195.431458 3.997595 16.738289
v 185.029602 15.532413 24.151300
v 184.494675 -7.877406 18.573826
v 194.654449 10.185627 24.137264
v 183.032852 13.411288 19.920259
v 169.412384 10.190079 11.266359
v 176.767029 -15.893717 10.401616
v 167.798889 -17.391901 21.517914
v 167.906631 -2.051646 18.377565
v 153.066605 8.791842 16.243944
v 151.143570 -11.377055 19.942347
v 151.998856 -1.761136 10.077826
v 153.387436 14.129360 8.510214
v 150.520676 -17.652718 11.087101
v 185.047958 -13.110629 8.908844
v 158.854172 -17.522312 16.683609
v 159.256622 -11.384822 10.369849
v 162.230164 15.269505 20.730129
v 159.952744 -1.761129 19.148909
v 161.239502 9.490959 20.534779
v 140.674072 -1.155009 19.119621
v 139.780884 -10.362232 6.207702
v 117.964119 9.413094 9.293158
v 131.047424 16.998150 10.408356
v 118.269379 15.121810 9.113164
v 121.696861 15.252789 15.158000
v 139.308136 -15.351920 8.347310
v 123.091347 -15.873323 14.388495
v 189.615921 -9.019711 42.057346
v 152.560791 3.262089 34.449394
v 153.900421 10.964546 33.273266
v 156.485687 11.246739 28.569950
v 152.079453 7.848737 29.297735
v 149.991333 -1.295030 34.326836
v 151.800430 -4.120584 32.358051
v 188.802032 3.382661 35.300804
v 178.730896 2.573738 29.803682
v 187.672089 10.252104 24.277603
v 165.160034 -2.111969 33.757011
v 177.410980 -2.974572 22.325190
v 173.985229 -2.317827 40.987499
v 157.215698 3.632181 36.732754
v 169.763397 9.672849 24.716932
v 166.055847 7.581585 28.097376
v 153.256058 -1.238656 38.927521
v 156.378235 -2.450075 38.725529
v 157.251938 8.567850 27.960318
v 154.580200 8.045982 33.518360
v 155.067932 -4.231088 29.879019
v 188.143097 -3.487023 22.647326
v 175.191620 9.224100 30.681751
v 166.335434 -6.082691 38.355515
v 169.703369 3.359953 27.553747
v 175.267319 -5.984515 39.706394
v 152.818069 -3.085577 33.816605
v 177.842285 8.585675 27.977606
v 175.554794 11.368772 30.919502
v 168.213074 12.587998 35.865143
v 168.235367 -3.333944 39.188583
v 155.017609 8.798999 40.395393
v 151.704178 8.660345 35.800129
v 150.154617 10.906022 29.462843
v 149.558792 7.920104 0.419544
v 92.677643 -4.203659 36.207790
v 92.850052 -12.916121 28.133324
v 85.030914 -16.899727 13.294950
v 85.046295 -19.429346 21.792284
v 86.318581 -19.628775 35.509892
v 102.357018 5.321963 26.609047
v 102.225853 -18.487101 1.279643
v 101.550568 -3.620879 3.792539
v 102.130577 10.491293 31.196253
v 102.542931 14.030179 11.607958
v 102.314217 18.333132 4.691044
v 102.131592 -14.377182 32.733364
v 102.283966 -11.851401 10.546691
v 118.088867 -15.916082 11.162696
v 112.874168 -16.224424 12.384825
v 102.133324 -19.415878 13.200662
v 92.800865 -23.119579 24.183535
v 113.029488 -15.798365 30.073626
v 113.165878 -4.915823 35.696152
v 102.311249 -4.165847 39.122467
v 92.859825 -3.866047 36.426834
v 81.818649 -2.915269 27.527002
v 118.988533 -4.833652 24.215971
v 130.187729 -5.450386 22.112236
v 135.012253 -8.514093 22.739237
v 135.479172 -1.200104 23.741396
v 102.488815 19.220497 24.305740
v 92.932495 22.386370 24.355354
v 81.807663 18.970900 23.812239
v 92.181740 -24.817068 15.151929
v 81.967514 -29.160894 18.866167
v 128.568329 -15.483156 20.666662
v 112.555191 -19.263639 27.233643
v 100.950363 -21.607765 23.150118
v 106.512459 -21.465561 27.554943
v 110.838249 -17.079887 8.593340
v 128.568329 -20.329426 10.666579
v 112.555183 -22.495720 13.384108
v 92.181732 -27.440603 12.071100
v 102.260231 -25.112267 16.298927
v 128.568329 -17.281448 17.955809
v 120.363091 -18.328503 9.135084
v 120.363106 -21.775410 21.859144
v 120.227348 -16.182178 23.269751
v 101.168976 -23.018158 10.684370
v 141.787918 15.729687 8.137368
v 131.022903 18.932770 18.926064
v 73.768120 30.177696 9.282997
v 66.067642 34.546837 15.157518
v 121.469597 16.514725 16.680412
v 112.154533 18.127155 19.736067
v 93.164955 24.038422 23.789072
v 83.309097 26.706697 25.337212
v 96.616821 22.709742 8.536864
v 112.154518 22.680042 9.807794
v 93.164978 26.549524 9.702797
v 73.768120 31.433640 10.123985
v 83.206253 29.189289 8.232634
v 121.469597 20.526632 17.329411
v 102.469803 21.763565 9.134610
v 102.469818 24.612648 21.775139
v 102.334061 20.313566 13.230895
v 131.022888 16.084599 -0.000002
v 194.927094 -12.695251 -8.072319
v 195.901138 -9.949273 8.072318
v 195.901123 -9.949273 -32.827965
v 194.504379 -6.979284 -20.123455
v 182.408997 -15.292730 -34.582813
v 196.342438 0.737597 -9.549867
v 192.930237 -13.510832 -27.423927
v 188.769409 -12.232971 -15.110597
v 197.039124 -10.485628 -19.941158
v 202.332108 1.000112 -18.772617
v 200.845978 -5.654222 -9.360853
v 201.926788 -13.729815 -14.471714
v 204.825623 -11.147278 -18.822746
v 209.518433 0.770821 -18.000179
v 208.009903 -6.398569 -33.954941
v 183.799698 -4.705037 -24.852505
v 178.045654 -10.416540 -35.422020
v 185.645584 1.142469 -30.362734
v 181.328812 -8.314492 -30.207443
v 172.371246 -10.425405 -40.457016
v 178.863098 1.133605 -36.555599
v 176.007126 -6.233716 -13.852660
v 189.055679 -15.047075 -16.934429
v 179.867142 -19.817699 -11.451827
v 186.005127 -19.509785 -32.359341
v 195.797531 9.475736 -19.874977
v 185.238693 17.703686 -8.107513
v 200.899353 15.458011 -26.667545
v 191.712494 15.080210 -14.339891
v 201.914581 11.925877 -18.215971
v 202.502838 7.243103 -8.490856
v 207.842194 15.067972 -16.831581
v 209.571457 7.290248 -33.631187
v 185.152710 7.197454 -24.816061
v 180.530426 14.722066 -30.091127
v 183.589447 11.892663 -36.140713
v 176.977432 10.153003 -30.171005
v 174.855988 14.713202 -11.724805
v 192.981613 17.913473 -16.019407
v 181.491745 19.595644 -9.570874
v 186.924881 20.239098 -13.247317
v 209.029205 12.036111 -20.617874
v 193.677505 -12.461658 -26.453791
v 198.555862 -6.560477 -28.092295
v 199.923187 0.868853 -20.617714
v 196.874863 13.815676 -26.290173
v 199.810654 8.560689 -29.937233
v 180.237381 -7.914899 -22.978651
v 176.778702 -10.416525 -27.933088
v 169.719223 -10.425389 -35.956192
v 173.089859 -6.518612 -33.778969
v 182.226761 -4.705020 -35.378113
v 183.124710 1.142484 -39.238930
v 174.869781 1.133621 -29.848347
v 181.300003 11.892679 -28.975241
v 170.950790 14.713219 -24.349724
v 178.969330 14.722085 -33.272713
v 183.038696 7.197472 -35.707382
v 173.558655 9.536212 -23.881306
v 187.418640 -11.523540 -18.187021
v 182.107376 -14.047800 -23.466457
v 187.504898 14.357153 -19.216938
v 183.584595 17.574900 -0.000000
v 126.660507 32.788582 0.000000
v 102.516418 36.822327 -0.000000
v 160.364136 25.795935 -0.000000
v 174.769958 22.488781 0.000001
v 197.712952 16.831783 0.000000
v 186.788254 19.949753 0.000000
v 113.310898 35.117016 -0.000000
v 143.512329 29.299435 -8.622461
v 198.929520 15.279040 -12.578448
v 126.726524 31.188677 -24.971724
v 126.798424 29.176723 -12.319313
v 112.924896 34.147743 -22.100227
v 160.452805 21.198265 -12.640697
v 160.442368 23.954794 -13.071619
v 174.822723 20.311245 -12.755909
v 186.694107 18.260387 -22.313871
v 174.159958 17.143581 -12.698875
v 143.584442 27.654402 -23.334082
v 143.625610 25.272041 -14.339893
v 201.521729 11.925873 32.827965
v 194.504395 -6.979275 20.123455
v 182.409042 -15.292759 34.582813
v 196.342438 0.737614 9.549866
v 192.930267 -13.510851 27.423927
v 188.769440 -12.232979 15.110598
v 197.039154 -10.485630 19.941158
v 202.332108 1.000128 18.772621
v 200.846008 -5.654211 9.360854
v 201.926880 -13.729814 14.471714
v 204.825699 -11.147253 18.822746
v 209.518433 0.770876 18.000175
v 208.009949 -6.398521 33.954941
v 183.799698 -4.705038 24.852505
v 178.045654 -10.416541 35.422020
v 185.645584 1.142472 30.362734
v 181.328812 -8.314492 30.207443
v 172.371246 -10.425406 40.457016
v 178.863098 1.133604 36.555592
v 176.007111 -6.233720 13.852663
v 189.055771 -15.047121 16.934427
v 179.867188 -19.817736 11.451828
v 186.005249 -19.509853 32.359341
v 195.797516 9.475750 19.874977
v 185.238602 17.703653 8.107515
v 200.899323 15.458008 26.667542
v 191.712433 15.080210 14.339893
v 201.914551 11.925882 18.215969
v 202.502823 7.243115 8.490855
v 207.842117 15.067998 16.831577
v 209.571426 7.290299 33.631187
v 185.152710 7.197455 24.816061
v 180.530426 14.722067 30.091127
v 183.589447 11.892664 36.140717
v 176.977432 10.153004 30.171000
v 174.855988 14.713202 11.724813
v 192.981552 17.913452 16.019403
v 181.491669 19.595587 9.570881
v 186.924805 20.239059 13.247318
v 209.029144 12.036151 20.617876
v 193.677582 -12.461664 26.453789
v 198.555908 -6.560452 28.092297
v 199.923187 0.868888 20.617710
v 196.874802 13.815680 26.290169
v 199.810623 8.560719 29.937233
v 180.237381 -7.914900 22.978651
v 176.778702 -10.416527 27.933088
v 169.719223 -10.425390 35.956192
v 173.089859 -6.518612 33.778973
v 182.226761 -4.705019 35.378117
v 183.124710 1.142482 39.238934
v 174.869781 1.133623 29.848347
v 181.300003 11.892680 28.975239
v 170.950790 14.713220 24.349726
v 178.969330 14.722082 33.272717
v 183.038696 7.197473 35.707382
v 173.558655 9.536213 23.881304
v 187.418671 -11.523553 18.187019
v 182.107422 -14.047830 23.466457
v 187.504868 14.357140 19.216936
v 183.584534 17.574862 8.622459
v 198.929489 15.279036 12.578448
v 126.726524 31.188677 24.971722
v 126.798424 29.176723 12.319313
v 112.924896 34.147739 22.100227
v 160.452805 21.198261 12.640698
v 160.442368 23.954790 13.071617
v 174.822723 20.311243 12.755909
v 186.694107 18.260376 22.313871
v 174.159958 17.143579 12.698875
v 143.584442 27.654398 23.334080
v 143.625610 25.272038 14.339894
v 201.521698 11.925879 11.471269
v 10.907058 11.674146 10.206300
v 20.630236 11.169085 10.673383
v 12.125867 3.237224 18.348879
v 20.944519 18.554905 18.129200
v 10.367115 19.196194 28.857460
v 10.907054 18.026299 33.777180
v 11.877160 11.180377 29.308569
v 20.630234 17.696302 33.649895
v 20.692665 10.963867 9.840186
v 19.936653 2.779580 27.363056
v 17.614697 -21.453320 25.678684
v 20.875444 -13.324852 30.543022
v 20.875444 -11.662716 35.385586
v 17.580860 -18.980885 26.631657
v 24.140579 -8.171876 21.041262
v 19.811031 -14.836437 19.250412
v 23.318407 -8.221342 18.550104
v 16.345387 -15.092466 15.412668
v 18.753475 -7.933639 32.804802
v 23.484043 -4.054270 34.038914
v 20.903500 2.202427 37.961853
v 16.148657 -8.170280 35.746635
v 19.420881 -9.266821 21.893719
v 13.440239 -22.477066 41.304729
v 13.440241 -15.844350 26.670172
v 32.040653 -8.277522 18.085714
v 31.371305 -7.912835 33.385876
v 31.586428 -3.173219 14.284615
v 21.343632 -4.081945 12.931201
v 30.379883 -3.838917 34.969543
v 30.595001 3.203125 16.897758
v 8.504936 -15.367851 14.919512
v 11.339679 -7.060143 35.287716
v 14.189261 5.344155 40.283573
v 9.015135 -6.616826 19.613331
v 7.532764 -21.733759 42.313576
v 7.532767 -13.977112 12.144286
v 13.815087 -2.741387 30.998695
v 7.217453 -17.727097 -11.471262
v 10.907055 11.674170 -10.206289
v 20.630232 11.169109 -10.673376
v 12.125866 3.237247 -18.348867
v 20.944519 18.554932 -18.129190
v 10.367113 19.196220 -28.857449
v 10.907054 18.026325 -33.777172
v 11.877160 11.180407 -29.308556
v 20.630232 17.696331 -33.649883
v 20.692665 10.963896 -9.840178
v 19.936649 2.779605 -27.363050
v 17.614695 -21.453293 -25.678675
v 20.875444 -13.324825 -30.543018
v 20.875446 -11.662690 -35.385582
v 17.580862 -18.980860 -26.636337
v 24.140726 -8.170462 -21.041256
v 19.811031 -14.836410 -19.255119
v 23.318310 -8.222466 -18.550100
v 16.345385 -15.092440 -15.412663
v 18.753471 -7.933613 -32.808044
v 23.484394 -4.050774 -34.040001
v 20.903877 2.206267 -37.961845
v 16.148663 -8.170257 -35.746632
v 19.420883 -9.266794 -21.893717
v 13.440242 -22.477037 -41.304726
v 13.440244 -15.844328 -26.670174
v 32.040653 -8.277493 -18.085703
v 31.371304 -7.912810 -33.385872
v 31.586426 -3.173189 -14.287903
v 21.343369 -4.084822 -12.931196
v 30.379881 -3.838893 -34.969536
v 30.594999 3.203156 -16.897757
v 8.504937 -15.367825 -14.919507
v 11.339678 -7.060120 -35.287708
v 14.189264 5.344182 -40.283569
v 9.015139 -6.616803 -19.613329
v 7.532767 -21.733728 -42.313576
v 7.532771 -13.977092 -12.144280
v 13.815086 -2.741364 -30.998693
v 7.217455 -17.727070 0.000002
v 176.072952 -24.748079 -0.000003
v 154.392792 -19.477448 -0.000002
v 167.304596 -24.357533 0.000004
v 160.111511 -23.549803 -0.000003
v 194.389801 -12.424902 -0.000007
v 183.944168 -21.424061 -0.000005
v 190.409439 -18.207499 -15.962132
v 174.993225 -19.363714 -20.306999
v 173.907303 -13.206252 -19.153339
v 166.263947 -14.866432 -8.239223
v 155.981827 -18.731342 -8.888869
v 175.527618 -22.394352 -8.888863
v 167.078918 -23.069387 -14.781630
v 160.091309 -16.973034 -15.953378
v 166.498123 -19.757845 -8.889088
v 159.817200 -21.880096 -19.153337
v 181.638596 -12.155468 -8.239227
v 192.641418 -12.267271 -8.888870
v 183.707550 -20.137594 -14.781628
v 188.177933 -12.020612 -15.953382
v 183.103455 -16.829824 -8.889081
v 190.114944 -16.537806 15.962132
v 174.993240 -19.363712 20.307001
v 173.907318 -13.206254 19.153339
v 166.263947 -14.866429 8.239224
v 155.981827 -18.731342 8.888876
v 175.527618 -22.394350 8.888867
v 167.078934 -23.069384 14.781631
v 160.091309 -16.973028 15.953378
v 166.498123 -19.757841 8.889091
v 159.817200 -21.880095 19.153334
v 181.638611 -12.155464 8.239223
v 192.641434 -12.267268 8.888865
v 183.707550 -20.137594 14.781631
v 188.177948 -12.020605 15.953377
v 183.103455 -16.829826 8.889084
v 190.114944 -16.537806 -16.021982
v 146.603378 -19.515862 -17.277197
v 144.005676 -21.621109 -12.227438
v 146.304428 -22.732798 -19.454226
v 142.970871 -18.984798 -20.242897
v 140.988388 -18.987267 -14.117947
v 147.470123 -19.935032 -3.926550
v 143.420761 -23.121031 -7.359495
v 146.854172 -21.823380 -9.263529
v 147.610886 -21.228125 -7.177670
v 144.297470 -24.311493 -3.137874
v 141.483856 -23.543682 -11.690138
v 153.161865 -19.972021 -7.358291
v 130.872528 -23.557152 -9.262324
v 130.005768 -23.137989 -3.137376
v 136.487503 -24.085749 -12.674506
v 139.134094 -25.188805 -5.085994
v 139.160522 -25.432426 -7.177671
v 133.902664 -25.438965 -3.926054
v 134.505020 -24.088215 -12.227434
v 131.603943 -24.327282 -11.690136
v 124.314072 -23.100996 2.323997
v 139.142868 -25.269691 -19.453712
v 134.055130 -19.951979 -17.277189
v 133.610870 -22.748589 -20.242392
v 135.992050 -19.529335 -14.116746
v 129.865021 -21.844883 -16.020775
v 130.621735 -21.249634 -19.368866
v 138.747833 -21.627661 -25.704262
v 138.333023 -17.803331 -3.121755
v 130.660797 -25.209488 -4.854996
v 135.706970 -23.719084 -0.688770
v 135.566208 -24.121546 -0.935903
v 138.081223 -22.590054 -4.179372
v 137.404739 -21.789867 -7.920616
v 132.846054 -23.573635 3.569847
v 137.993729 -22.829002 2.137563
v 132.506195 -24.545254 1.968356
v 128.319504 -24.742025 3.897791
v 129.472794 -23.581192 3.322822
v 132.792938 -23.357872 1.618387
v 135.688232 -23.048969 6.901776
v 126.047630 -24.040333 -1.097257
v 125.458603 -24.596577 -5.263490
v 125.599380 -24.194118 -3.859430
v 123.751694 -23.135984 -0.550575
v 124.352516 -23.419397 2.343282
v 126.085121 -23.605900 -4.760489
v 120.801491 -22.958855 -7.620479
v 129.118591 -23.385868 -9.500025
v 131.505280 -22.206654 -8.917255
v 128.455109 -22.045443 -7.220620
v 125.289833 -22.738873 -22.256935
v 150.529419 -1.059300 -19.199303
v 150.004852 9.487233 -16.981670
v 148.814270 -15.568747 -20.364027
v 138.684891 11.093204 -24.260433
v 139.136307 -0.948070 -19.540291
v 138.259064 -17.878786 0.021761
v 132.774307 20.022717 0.037450
v 135.586258 -22.540565 0.006038
v 123.834450 -23.147793 9.688038
v 132.828690 -22.540565 9.486922
v 119.700127 -23.147791 23.056860
v 129.043304 -18.674086 22.855734
v 115.914726 -19.281319 30.545002
v 128.325287 -10.831337 30.343885
v 115.196732 -10.821347 23.922556
v 132.390289 12.737103 23.721437
v 121.253540 14.065201 11.255286
v 137.819305 18.279781 9.433974
v 128.793121 19.574490 0.021762
v 143.800446 19.414095 23.422421
v 155.374283 -3.832450 20.261570
v 152.148743 10.543912 18.572655
v 154.608948 -14.184857 19.971893
v 140.828781 11.946741 23.805080
v 144.877121 -3.721241 18.376898
v 143.421326 -14.117029 -0.037462
v 149.967987 -20.708073 -0.006053
v 138.831238 -20.764328 -7.291090
v 147.716049 -20.859201 -12.772799
v 131.368317 -21.266272 -18.487909
v 126.817368 -19.764805 -30.243767
v 128.540970 -15.918281 -27.006369
v 117.967308 -16.525505 10.248404
v 141.464371 -18.801943 9.919433
v 152.570557 -19.073360 29.992096
v 117.916824 2.957112 29.357683
v 130.049484 3.179217 11.400126
v 148.992371 17.497242 -21.367277
v 130.829712 11.874718 -23.641340
v 120.091469 13.904787 -28.803122
v 129.420349 -0.214220 -31.934378
v 118.967453 0.513150 -40.000511
v 117.391022 -10.158569 -36.261585
v 107.012886 -10.765788 -12.165350
v 145.928085 -19.462799 -11.015609
v 136.507202 18.940613 -10.436749
v 148.150162 17.550611 -10.826679
v 126.891068 19.939234 -25.860390
v 131.787781 -11.645773 -27.123652
v 121.808884 -11.335388 -28.280149
v 140.139069 -14.871891 -25.721529
v 150.694290 -12.561840 -34.574074
v 139.364609 -10.319046 -32.015450
v 149.919830 -8.009008 -8.455719
v 128.644379 -22.026112 -0.000000
v 171.045868 -24.112301 3.257463
v 175.684891 -23.286314 0.000003
v 179.465057 -22.728151 -3.103271
v 175.689194 -23.310736 -0.000001
v 215.400665 20.155071 -0.000003
v 222.074905 19.827011 -0.000003
v 232.451523 17.523693 -0.000001
v 228.856583 19.650639 -0.000003
v 222.746155 21.841761 -0.000002
v 209.482819 16.337252 -0.000002
v 206.362686 13.008444 -0.000002
v 203.302979 12.940199 -0.000002
v 242.227814 3.796766 -0.000001
v 239.335236 11.733721 -0.000001
v 238.284805 -10.086312 -0.000000
v 230.678879 -16.560318 -0.000004
v 235.487076 -15.013873 -0.000000
v 226.482986 -14.480591 -0.000002
v 240.860550 -2.500152 -0.000002
v 205.069611 8.256989 -0.000001
v 235.214417 22.176859 -0.000002
v 237.122910 16.366047 -0.000002
v 212.885834 18.700617 -0.000002
v 214.369934 22.071039 -0.000002
v 239.200455 17.315210 -0.000003
v 242.130493 11.273623 -0.000004
v 190.980255 -6.804904 -0.000001
v 197.158173 11.536198 0.000001
v 202.683899 -14.963634 0.000002
v 206.866257 -17.895670 -0.000000
v 198.213013 -12.235175 -0.000000
v 200.121307 -7.226708 0.000004
v 215.566544 -16.421942 -0.000003
v 201.406250 10.561684 -0.000001
v 196.563507 -6.282090 0.000000
v 201.273834 -13.965692 0.000001
v 204.492447 -15.953006 0.000002
v 205.951477 -15.870459 -0.000000
v 199.155792 -13.601445 0.000001
v 203.742416 -14.741794 -0.000002
v 204.583435 10.648564 0.000003
v 211.240570 -16.401878 0.000002
v 208.226349 -18.476429 -0.000003
v 220.994186 -15.942816 0.000003
v 213.799591 -15.720045 -0.000002
v 208.251694 10.663527 -17.177807
v 222.466995 7.024243 -4.096407
v 228.970734 18.539333 -10.930033
v 228.610840 15.136765 -16.714733
v 224.693787 -2.795614 -10.133999
v 235.841568 11.669468 -12.993922
v 227.258698 -9.303925 -15.185134
v 230.271011 -3.665091 -16.928158
v 220.377258 -2.858862 -14.953038
v 222.474869 16.687685 -14.279629
v 217.137253 14.263909 -4.309844
v 223.755569 19.165468 -14.702568
v 219.236694 10.787210 -12.987710
v 211.666702 2.553750 -10.420006
v 208.011887 6.633533 -7.934779
v 214.501160 17.328087 -3.762418
v 209.454880 15.690182 -5.022360
v 218.788132 19.252460 -13.925278
v 214.062378 9.380854 -3.651403
v 214.618164 19.223372 -7.024250
v 207.255096 10.060521 -11.057995
v 209.466476 2.272207 -6.342140
v 204.242813 8.920831 -15.681937
v 216.613190 5.973639 -12.290633
v 222.038361 -10.178381 -5.778081
v 240.113464 -2.783980 -13.702363
v 238.515106 3.724144 -6.410182
v 240.821381 3.809231 -16.018475
v 218.414795 -2.687264 -10.563995
v 209.268219 -4.268035 -10.789090
v 210.592987 -7.949256 -10.928030
v 209.923813 -6.191820 -13.425371
v 218.320724 -6.429791 -14.668666
v 221.092957 -7.355522 -11.259515
v 215.221268 -8.267672 -13.726392
v 229.566879 10.162422 -8.760354
v 234.099289 -13.023687 -8.988628
v 239.984283 3.803888 -16.212473
v 221.770020 -0.108206 -3.618762
v 203.512863 11.727308 -10.035460
v 209.857559 -1.187611 -9.764129
v 206.498917 1.498223 -12.804067
v 212.434357 0.157489 -16.503511
v 226.614426 1.796405 -14.191165
v 232.422073 14.468637 -18.388241
v 223.242645 5.105892 -17.319891
v 217.408218 2.574453 -9.390438
v 225.566284 -11.970187 -11.458602
v 219.430191 -10.205905 -12.112308
v 215.872986 -3.637207 -12.774412
v 217.162613 -2.263908 -14.313471
v 216.126892 0.083181 -11.068528
v 227.040543 -12.672870 -6.305500
v 230.287338 -14.856062 -4.642844
v 227.150131 -13.824011 -9.005076
v 243.907257 13.747614 -14.755193
v 231.955215 4.275536 -5.387939
v 204.560303 5.035394 -8.633242
v 204.977371 5.554235 -13.045236
v 239.632431 8.799596 -9.214680
v 240.943008 9.149553 -13.006899
v 235.507660 11.087988 -16.579945
v 228.936539 4.867682 -16.295124
v 230.658066 9.846752 -16.508989
v 225.973770 5.830229 -13.865438
v 233.011429 9.074816 -14.578492
v 226.270737 12.828988 -11.659965
v 212.819748 15.752442 -11.851089
v 211.260239 7.875637 -10.055268
v 211.079742 12.178831 -12.928316
v 216.163956 12.222946 -16.018005
v 219.606827 6.471104 -13.757509
v 213.814896 5.073624 -12.372315
v 224.603729 16.049709 -15.921828
v 228.217773 10.795961 -16.169245
v 222.821518 12.245041 -9.425458
v 238.547150 -2.877627 -10.895678
v 241.038803 3.597739 -10.587119
v 241.970474 8.620583 -9.868713
v 236.037125 -8.450994 -6.041153
v 238.520462 11.560959 -4.151151
v 236.152771 16.103897 -10.709764
v 237.823441 7.781719 -5.748379
v 233.934982 15.533960 -6.548706
v 226.675613 20.428110 -3.165495
v 232.916214 17.056221 -9.367521
v 231.961121 15.031517 -3.418141
v 212.764923 18.566216 -3.920588
v 206.608017 12.331787 -6.882716
v 211.167496 16.360407 -10.572958
v 214.672714 14.693372 -12.449587
v 219.118240 15.422174 -13.984745
v 224.552246 12.430695 -8.813523
v 223.903229 18.414356 -8.366150
v 218.971817 17.712046 -9.383172
v 219.267975 20.642956 -14.185519
v 236.629120 -2.509976 -13.445962
v 234.666809 -7.058544 -13.600044
v 229.362396 -9.583839 -16.231909
v 227.611923 -3.268036 -6.125991
v 235.067352 -14.658720 -6.398527
v 237.675415 -9.551749 -8.152945
v 229.197144 -15.027113 -13.962897
v 225.928757 -8.538308 -3.552532
v 240.398621 11.330959 -4.942792
v 241.751190 3.791742 -7.846044
v 200.947418 7.280851 -5.456651
v 202.768372 -4.621041 -8.225921
v 204.952164 6.161236 -14.349369
v 217.593048 -2.287652 -8.681131
v 203.932037 0.011864 -4.775545
v 202.548615 -12.246225 -10.460596
v 213.230789 -9.504558 -10.355714
v 208.857681 -7.252382 -6.203015
v 205.986267 -12.985655 -7.854303
v 205.988129 -10.048264 -3.927057
v 206.329239 -14.309084 -11.022408
v 212.712158 -6.607443 -8.728668
v 199.544724 0.928093 -8.234465
v 205.579834 -2.445269 -4.991302
v 216.112411 -15.979728 -7.002354
v 202.601730 -6.697180 -9.169852
v 221.268188 -13.584350 -5.199474
v 221.399948 -15.332479 -7.169180
v 209.160568 -13.383536 -4.630525
v 209.338837 -14.517439 -1.407492
v 210.413910 -14.757668 -9.085816
v 208.992325 -10.089839 -6.277182
v 202.858902 -9.785905 -1.857195
v 214.264313 -14.829250 -9.489961
v 205.328552 -3.988712 -4.853816
v 200.494873 -9.327256 -7.797600
v 212.884201 -12.573236 -3.239767
v 213.749039 -13.920756 -1.436685
v 203.797043 -14.591538 -3.326561
v 203.841751 -13.534675 -9.202676
v 214.267471 -11.636876 -7.980933
v 215.748383 -13.039688 -5.268301
v 215.452393 -14.078983 -1.878636
v 207.510422 -16.635178 -2.584673
v 198.453796 -11.899663 -2.772737
v 199.526779 -13.077469 -10.423847
v 216.645370 -11.588394 -4.206483
v 200.881454 -11.442755 -2.381664
v 206.567307 -15.031091 -10.335691
v 208.648148 -3.799057 -11.194291
v 212.275620 -3.722139 -14.251965
v 211.793961 -0.608963 -15.263866
v 215.533707 -0.749749 -11.924228
v 209.493256 -2.619013 -8.759939
v 205.696304 -6.915039 -5.099657
v 212.696121 -13.701407 -8.415815
v 216.947525 -13.964794 -2.456246
v 215.990952 -16.271551 -5.379889
v 197.574066 -3.646393 -8.914751
v 209.146133 6.078285 -5.794096
v 191.098907 -5.168673 -9.649957
v 195.141586 1.039918 -9.366688
v 196.513885 8.465148 -4.329160
v 204.593521 -13.257177 -1.912312
v 204.377014 -15.229701 -10.731404
v 239.075653 -2.819591 -15.143270
v 234.797974 3.899693 -15.379927
v 232.069809 -4.926943 -11.967699
v 232.160965 -12.059522 -3.554252
v 230.453308 -16.161139 -11.482576
v 238.942078 13.133627 -16.313780
v 222.895935 -2.845140 -13.888956
v 223.633087 -7.952985 17.177803
v 222.467010 7.024240 4.096402
v 228.970734 18.539333 10.930029
v 228.610840 15.136768 16.714729
v 224.693802 -2.795614 10.133993
v 235.841568 11.669472 12.993920
v 227.258698 -9.303922 15.185129
v 230.271011 -3.665090 16.928156
v 220.377274 -2.858857 14.953032
v 222.474884 16.687687 14.279627
v 217.137268 14.263906 4.309839
v 223.755569 19.165468 14.702566
v 219.236710 10.787206 12.987706
v 211.666702 2.553747 10.420000
v 208.011887 6.633530 7.934774
v 214.501175 17.328081 3.762412
v 209.454880 15.690182 5.022353
v 218.788132 19.252462 13.925275
v 214.062378 9.380853 3.651397
v 214.618179 19.223370 7.024246
v 207.255096 10.060518 11.057992
v 209.466492 2.272201 6.342135
v 204.242813 8.920831 15.681935
v 216.613190 5.973637 12.290631
v 222.038376 -10.178379 5.778079
v 240.113464 -2.783981 13.702359
v 238.515121 3.724144 6.410178
v 240.821381 3.809230 16.018471
v 218.414810 -2.687268 10.563992
v 209.268219 -4.268035 10.789086
v 210.592987 -7.949259 10.928025
v 209.923813 -6.191818 13.425367
v 218.320740 -6.429792 14.668662
v 221.092957 -7.355522 11.259514
v 215.221268 -8.267667 13.726388
v 229.566879 10.162425 8.760351
v 234.099304 -13.023689 8.988626
v 239.984283 3.803888 16.212471
v 221.770020 -0.108207 3.618758
v 203.512863 11.727310 10.035457
v 209.857574 -1.187613 9.764124
v 206.498917 1.498222 12.804063
v 212.434357 0.157489 16.503508
v 226.614441 1.796402 14.191163
v 232.422089 14.468636 18.388233
v 223.242661 5.105890 17.319885
v 217.408234 2.574451 9.390436
v 225.566284 -11.970186 11.458600
v 219.430191 -10.205904 12.112305
v 215.873001 -3.637208 12.774410
v 217.162613 -2.263907 14.313468
v 216.126907 0.083181 11.068525
v 227.040543 -12.672867 6.305497
v 230.287338 -14.856062 4.642842
v 227.150146 -13.824009 9.005074
v 243.907257 13.747614 14.755188
v 231.955215 4.275537 5.387936
v 204.560303 5.035393 8.633239
v 204.977371 5.554235 13.045231
v 239.632431 8.799599 9.214676
v 240.943008 9.149555 13.006895
v 235.507675 11.087988 16.579939
v 228.936539 4.867684 16.295122
v 230.658081 9.846750 16.508984
v 225.973785 5.830228 13.865432
v 233.011444 9.074816 14.578487
v 226.270737 12.828990 11.659961
v 212.819748 15.752445 11.851085
v 211.260239 7.875636 10.055262
v 211.079758 12.178829 12.928314
v 216.163956 12.222946 16.018000
v 219.606827 6.471102 13.757506
v 213.814911 5.073620 12.372308
v 224.603745 16.049713 15.921825
v 228.217773 10.795961 16.169235
v 222.821533 12.245042 9.425454
v 238.547150 -2.877625 10.895675
v 241.038803 3.597736 10.587111
v 241.970474 8.620584 9.868709
v 236.037125 -8.450994 6.041149
v 238.520462 11.560961 4.151145
v 236.152771 16.103903 10.709757
v 237.823441 7.781722 5.748374
v 233.934982 15.533964 6.548702
v 226.675613 20.428110 3.165489
v 232.916214 17.056221 9.367517
v 231.961136 15.031516 3.418135
v 212.764938 18.566214 3.920584
v 206.608017 12.331786 6.882710
v 211.167496 16.360409 10.572952
v 214.672729 14.693371 12.449581
v 219.118256 15.422174 13.984740
v 224.552261 12.430695 8.813519
v 223.903229 18.414354 8.366147
v 218.971817 17.712044 9.383163
v 219.267975 20.642956 14.185515
v 236.629120 -2.509980 13.445959
v 234.666824 -7.058547 13.600042
v 229.362396 -9.583838 16.231907
v 227.611938 -3.268036 6.125990
v 235.067352 -14.658719 6.398524
v 237.675415 -9.551748 8.152945
v 229.197144 -15.027109 13.962895
v 225.928757 -8.538302 3.552527
v 240.398621 11.330959 4.942787
v 241.751190 3.791742 7.846042
v 200.947433 7.280847 5.456647
v 202.768372 -4.621042 8.225915
v 204.952164 6.161235 14.349365
v 217.593048 -2.287658 8.681129
v 203.932037 0.011867 4.775538
v 202.548615 -12.246227 10.460595
v 213.230804 -9.504558 10.355711
v 208.857681 -7.252383 6.203016
v 205.986267 -12.985650 7.854302
v 205.988144 -10.048265 3.927060
v 206.329239 -14.309082 11.022406
v 212.712158 -6.607442 8.728665
v 199.544724 0.928091 8.234462
v 205.579834 -2.445268 4.991305
v 216.112411 -15.979725 7.002351
v 202.601730 -6.697180 9.169854
v 221.268188 -13.584348 5.199475
v 221.399948 -15.332479 7.169179
v 209.160583 -13.383535 4.630527
v 209.338837 -14.517435 1.407497
v 210.413910 -14.757669 9.085819
v 208.992325 -10.089833 6.277182
v 202.858902 -9.785903 1.857194
v 214.264313 -14.829250 9.489957
v 205.328552 -3.988713 4.853816
v 200.494873 -9.327256 7.797600
v 212.884201 -12.573233 3.239765
v 213.749039 -13.920754 1.436678
v 203.797043 -14.591538 3.326555
v 203.841751 -13.534675 9.202674
v 214.267487 -11.636873 7.980935
v 215.748398 -13.039687 5.268303
v 215.452393 -14.078981 1.878631
v 207.510422 -16.635178 2.584672
v 198.453796 -11.899663 2.772737
v 199.526779 -13.077468 10.423846
v 216.645370 -11.588392 4.206479
v 200.881454 -11.442755 2.381658
v 206.567307 -15.031088 10.335691
v 208.648163 -3.799056 11.194288
v 212.275620 -3.722139 14.251962
v 211.793961 -0.608959 15.263864
v 215.533722 -0.749745 11.924223
v 209.493286 -2.619011 8.759938
v 205.696304 -6.915036 5.099654
v 212.696121 -13.701406 8.415819
v 216.947525 -13.964790 2.456245
v 215.990952 -16.271549 5.379886
v 197.574066 -3.646392 8.914747
v 209.146133 6.078287 5.794093
v 191.098907 -5.168670 9.649953
v 195.141586 1.039923 9.366688
v 196.513885 8.465147 4.329162
v 204.593521 -13.257176 1.912314
v 204.377014 -15.229699 10.731401
v 239.075653 -2.819592 15.143266
v 234.797989 3.899693 15.379924
v 232.069809 -4.926938 11.967695
v 232.160980 -12.059523 3.554251
v 230.453323 -16.161137 11.482569
v 238.942093 13.133629 16.313776
v 222.895935 -2.845144 13.888954
v 223.633102 -7.952984 -0.205820
v 229.850952 -16.465832 -1.280955
v 228.791245 -16.493801 -4.419930
v 231.155472 -18.747412 -4.094891
v 229.517059 -17.976919 1.302165
v 226.537277 -14.622079 0.000455
v 226.449005 -15.161736 -7.169981
v 227.594391 -19.443686 -5.810914
v 227.108612 -18.387012 -6.810258
v 223.521393 -18.711779 -5.783408
v 223.991364 -17.919832 -3.930521
v 220.477371 -16.959679 -48.141548
v 111.153610 -2.125627 -44.881859
v 112.224060 -8.663218 -45.868999
v 107.411003 -6.190169 -44.113403
v 112.699226 5.339732 -47.438663
v 107.352478 4.837778 -44.113403
v 112.699226 5.339732 -44.548798
v 109.757591 5.167994 -44.113403
v 112.699226 5.339732 -43.477104
v 108.855614 0.823877 -48.141548
v 111.153610 -2.125627 -47.333344
v 120.917686 -0.612598 -47.970943
v 111.059311 4.620305 -44.113403
v 112.699226 5.339732 -41.825333
v 109.085007 5.585186 -42.065842
v 104.925461 -5.583037 -38.481064
v 110.154419 6.240343 -39.728352
v 107.135330 6.638091 -38.033379
v 105.219406 2.385648 -35.880989
v 108.489830 2.520694 -37.685383
v 103.078110 -4.593816 -34.156853
v 104.671707 -2.925839 -38.033379
v 105.219406 2.385648 -38.033379
v 105.219406 2.385648 -43.538048
v 106.202927 5.993740 -42.646385
v 104.042923 1.416718 -42.065842
v 104.925461 -5.583037 -37.685383
v 103.078110 -4.593816 -43.538048
v 106.202927 5.993740 -47.438663
v 107.352478 4.837778 -42.646385
v 104.042923 1.416718 -45.868999
v 107.411003 -6.190169 -42.065842
v 104.925461 -5.583037 -47.212421
v 106.765953 -1.009464 -47.970943
v 111.059311 4.620305 -48.141548
v 111.153610 -2.125627 -34.156853
v 104.671707 -2.925839 -38.033379
v 105.219406 2.385648 -42.646385
v 104.042923 1.416718 -37.685383
v 103.078110 -4.593816 -45.868999
v 107.411003 -6.190169 -40.915802
v 105.761444 -8.435158 -42.065842
v 104.925461 -5.583037 -42.646385
v 104.042923 1.416718 -47.212421
v 106.765953 -1.009464 -40.352585
v 114.315773 -3.338055 -43.477104
v 108.855614 0.823877 -41.685081
v 109.242195 -4.043319 -42.065842
v 104.925461 -5.583037 -40.915802
v 105.761444 -8.435158 -36.661327
v 103.826744 -7.150739 -44.113403
v 112.699226 5.339732 -42.503666
v 118.610374 6.331117 -40.352585
v 114.315773 -3.338055 -37.323486
v 119.639793 0.614893 -44.113403
v 112.699226 5.339732 -40.352585
v 114.315773 -3.338055 -37.323486
v 119.639793 0.614893 -34.529640
v 115.807167 -4.557116 -37.323486
v 119.639793 0.614893 -34.156853
v 104.671707 -2.925839 -37.685383
v 103.078110 -4.593816 -36.661327
v 103.826744 -7.150739 -36.944962
v 108.990356 -6.271638 -36.944962
v 108.990356 -6.271638 -33.873459
v 109.251228 -4.637339 -33.965515
v 112.623947 -5.498010 -37.942604
v 109.363007 1.894827 -40.093243
v 110.706535 5.505855 -38.481064
v 110.154419 6.240343 -38.508644
v 107.862061 -6.633388 -41.685081
v 109.242195 -4.043319 -44.548798
v 109.757591 5.167994 -41.825333
v 109.085007 5.585186 -43.477104
v 108.855614 0.823877 -40.352585
v 114.315773 -3.338055 -34.529640
v 115.807167 -4.557116 -35.339840
v 120.856712 -3.790704 -34.529640
v 115.807167 -4.557116 -33.965515
v 112.623947 -5.498010 -33.404255
v 117.696640 -7.734441 -34.529640
v 115.807167 -4.557116 -40.738380
v 110.970612 -7.151942 -41.687157
v 115.796677 -7.915288 -38.372925
v 114.427399 -6.781051 -44.881859
v 112.224060 -8.663218 -41.687157
v 115.796677 -7.915288 -43.972923
v 108.002594 -9.089914 -40.738380
v 110.970612 -7.151942 -43.972923
v 108.002594 -9.089914 -41.687157
v 115.796677 -7.915288 -40.352585
v 114.315773 -3.338055 -41.685081
v 109.242195 -4.043319 -40.738380
v 110.970612 -7.151942 -35.037357
v 107.099968 -5.132690 -41.687157
v 115.796677 -7.915288 -44.881859
v 112.224060 -8.663218 -44.881859
v 112.224060 -8.663218 -43.972923
v 108.002594 -9.089914 -45.868999
v 107.411003 -6.190169 -36.944962
v 108.990356 -6.271638 -35.977715
v 106.637222 -7.692578 -33.873459
v 109.251228 -4.637339 -32.695854
v 111.256302 -8.205791 -35.950569
v 110.957832 -10.016456 -33.404255
v 117.696640 -7.734441 -33.404255
v 117.696640 -7.734441 -33.965515
v 112.623947 -5.498010 -32.695854
v 111.256302 -8.205791 -44.881859
v 112.224060 -8.663218 -47.333344
v 120.917686 -0.612598 -45.310944
v 122.008636 -5.632883 -35.977715
v 106.637222 -7.692578 -33.124214
v 106.894432 -6.109387 -33.873459
v 109.251228 -4.637339 -34.156853
v 104.671707 -2.925839 -35.037357
v 107.099968 -5.132690 -35.793800
v 106.543060 -3.235601 -39.507263
v 107.107437 -4.199539 -40.417007
v 107.645035 1.553710 -36.657158
v 106.788864 -6.187612 -38.508644
v 107.862061 -6.633388 -39.507263
v 107.107437 -4.199539 -37.585411
v 106.036057 -3.792004 -36.657158
v 106.788864 -6.187612 -39.507263
v 107.107437 -4.199539 -37.374916
v 117.072762 -9.934649 -33.404255
v 117.696640 -7.734441 -35.950569
v 110.957832 -10.016456 -40.352585
v 114.315773 -3.338055 -40.738380
v 110.970612 -7.151942 -38.372925
v 114.427399 -6.781051 -37.374916
v 117.072762 -9.934649 -39.850391
v 121.962074 -7.445318 -33.404255
v 117.696640 -7.734441 -33.124214
v 106.894432 -6.109387 -35.950569
v 110.957832 -10.016456 -32.695854
v 111.256302 -8.205791 -41.825333
v 109.085007 5.585186 -40.093243
v 110.706535 5.505855 -37.942604
v 109.363007 1.894827 -42.503666
v 118.610374 6.331117 -46.982006
v 119.321358 4.152644 -47.970943
v 111.059311 4.620305 -35.950569
v 110.957832 -10.016456 -33.124214
v 106.894432 -6.109387 -35.977715
v 106.637222 -7.692578 -35.793800
v 106.543060 -3.235601 -37.585411
v 106.036057 -3.792004 -40.417007
v 107.645035 1.553710 -37.942604
v 109.363007 1.894827 -35.793800
v 106.543060 -3.235601 -40.417007
v 107.645035 1.553710 -35.880989
v 108.489830 2.520694 -39.728352
v 107.135330 6.638091 -38.033379
v 105.219406 2.385648 -35.037357
v 107.099968 -5.132690 -36.661327
v 103.826744 -7.150739 -36.657158
v 106.788864 -6.187612 -36.661327
v 103.826744 -7.150739 -35.037357
v 107.099968 -5.132690 -33.251011
v 105.328423 -5.180436 -37.374916
v 117.072762 -9.934649 -35.950569
v 110.957832 -10.016456 -37.468140
v 112.155045 -7.339206 -37.374916
v 117.072762 -9.934649 -38.372925
v 114.427399 -6.781051 -41.687157
v 115.796677 -7.915288 -32.695854
v 111.256302 -8.205791 -33.965515
v 112.623947 -5.498010 -33.873459
v 109.251228 -4.637339 -37.374916
v 117.072762 -9.934649 -37.468140
v 112.155045 -7.339206 -38.372925
v 114.427399 -6.781051 -37.942604
v 109.363007 1.894827 -38.481064
v 110.154419 6.240343 -35.880989
v 108.489830 2.520694 -39.507263
v 107.107437 -4.199539 -41.685081
v 109.242195 -4.043319 -43.477104
v 108.855614 0.823877 -40.417007
v 107.645035 1.553710 -39.507263
v 107.107437 -4.199539 -43.477104
v 108.855614 0.823877 -39.728352
v 107.135330 6.638091 -41.825333
v 109.085007 5.585186 -43.538048
v 106.202927 5.993740 -38.481064
v 110.154419 6.240343 -41.825333
v 109.085007 5.585186 -39.728352
v 107.135330 6.638091 -34.156853
v 104.671707 -2.925839 -35.793800
v 106.543060 -3.235601 -35.880989
v 108.489830 2.520694 -36.661327
v 103.826744 -7.150739 -33.251011
v 105.328423 -5.180436 -34.156853
v 104.671707 -2.925839 -36.657158
v 106.788864 -6.187612 -40.915802
v 105.761444 -8.435158 -38.508644
v 107.862061 -6.633388 -40.915802
v 105.761444 -8.435158 -36.657158
v 106.788864 -6.187612 -36.661327
v 103.826744 -7.150739 -35.950569
v 110.957832 -10.016456 -36.944962
v 108.990356 -6.271638 -37.468140
v 112.155045 -7.339206 -47.212421
v 106.765953 -1.009464 -47.438663
v 107.352478 4.837778 -47.970943
v 111.059311 4.620305 -38.372925
v 114.427399 -6.781051 -37.468140
v 112.155045 -7.339206 -34.529640
v 115.807167 -4.557116 -45.310944
v 122.008636 -5.632883 -39.850391
v 121.962074 -7.445318 -41.687157
v 115.796677 -7.915288 -35.793800
v 106.543060 -3.235601 -36.657158
v 106.788864 -6.187612 -37.585411
v 106.036057 -3.792004 -43.477104
v 108.855614 0.823877 -41.825333
v 109.085007 5.585186 -40.417007
v 107.645035 1.553710 -43.538048
v 106.202927 5.993740 -44.548798
v 109.757591 5.167994 -47.438663
v 107.352478 4.837778 -44.548798
v 109.757591 5.167994 -43.538048
v 106.202927 5.993740 -41.825333
v 109.085007 5.585186 -42.646385
v 104.042923 1.416718 -47.438663
v 107.352478 4.837778 -47.212421
v 106.765953 -1.009464 -35.880989
v 108.489830 2.520694 -35.793800
v 106.543060 -3.235601 -37.942604
v 109.363007 1.894827 -38.508644
v 107.862061 -6.633388 -40.915802
v 105.761444 -8.435158 -40.738380
v 110.970612 -7.151942 -43.972923
v 108.002594 -9.089914 -40.738380
v 110.970612 -7.151942 -40.915802
v 105.761444 -8.435158 -45.868999
v 107.411003 -6.190169 -47.212421
v 106.765953 -1.009464 -48.141548
v 111.153610 -2.125627 -33.404255
v 117.696640 -7.734441 -39.850391
v 121.962074 -7.445318 -35.339840
v 120.856712 -3.790704 -34.529640
v 115.807167 -4.557116 -37.468140
v 112.155045 -7.339206 -33.965515
v 112.623947 -5.498010 -48.141548
v 111.153610 -2.125627 -47.970943
v 111.059311 4.620305 -46.982006
v 119.321358 4.152644 -39.850391
v 121.962074 -7.445318 -45.310944
v 122.008636 -5.632883 -37.323486
v 119.639793 0.614893 -35.887745
v 126.345238 3.238585 -42.503666
v 118.610374 6.331117 -31.936424
v 137.184586 7.097603 -27.932323
v 150.069122 8.446560 -35.339840
v 120.856712 -3.790704 -37.323486
v 119.639793 0.614893 -46.982006
v 119.321358 4.152644 -47.333344
v 120.917686 -0.612598 -40.420155
v 153.617432 -4.403087 -33.983025
v 152.479935 -5.704602 -27.474432
v 150.474319 -2.340466 -34.973927
v 151.808197 12.302612 -40.708225
v 152.857697 8.982966 -27.932323
v 150.069122 8.446560 -43.330902
v 153.271530 2.289941 -44.906841
v 147.999680 -5.730131 -47.623360
v 147.855606 2.748132 -27.932323
v 150.069122 8.446560 -27.932323
v 150.069122 8.446560 -25.893427
v 153.315155 8.784392 -27.796265
v 146.278976 9.231907 44.881889
v 112.224030 -8.663222 48.141556
v 111.153610 -2.125619 45.868996
v 107.411026 -6.190185 47.438667
v 107.352448 4.837764 44.113369
v 112.699234 5.339729 44.548801
v 109.757568 5.167991 44.113369
v 112.699234 5.339729 44.113369
v 112.699234 5.339729 43.477104
v 108.855606 0.823873 48.141556
v 111.153610 -2.125619 47.333344
v 120.917671 -0.612589 47.970913
v 111.059319 4.620315 44.113369
v 112.699234 5.339729 41.825424
v 109.084946 5.585217 42.065807
v 104.925522 -5.583040 38.481255
v 110.154373 6.240410 39.728470
v 107.135269 6.638116 38.033436
v 105.219376 2.385659 35.881130
v 108.489830 2.520749 34.156879
v 104.671745 -2.925821 37.685337
v 103.078148 -4.593830 38.033436
v 105.219376 2.385659 43.538105
v 106.202850 5.993741 38.033436
v 105.219376 2.385659 42.646393
v 104.042892 1.416707 42.065807
v 104.925522 -5.583040 37.685337
v 103.078148 -4.593830 47.438667
v 107.352448 4.837764 43.538105
v 106.202850 5.993741 42.646393
v 104.042892 1.416707 45.868996
v 107.411026 -6.190185 42.065807
v 104.925522 -5.583040 47.970913
v 111.059319 4.620315 47.212425
v 106.765953 -1.009480 48.141556
v 111.153610 -2.125619 34.156879
v 104.671745 -2.925821 42.646393
v 104.042892 1.416707 38.033436
v 105.219376 2.385659 37.685337
v 103.078148 -4.593830 45.868996
v 107.411026 -6.190185 40.915764
v 105.761536 -8.435150 42.646393
v 104.042892 1.416707 42.065807
v 104.925522 -5.583040 47.212425
v 106.765953 -1.009480 43.477104
v 108.855606 0.823873 40.352600
v 114.315773 -3.338075 41.685074
v 109.242203 -4.043320 40.915764
v 105.761536 -8.435150 42.065807
v 104.925522 -5.583040 36.661285
v 103.826820 -7.150739 44.113369
v 112.699234 5.339729 42.503643
v 118.610390 6.331114 37.323475
v 119.639793 0.614875 40.352600
v 114.315773 -3.338075 44.113369
v 112.699234 5.339729 40.352600
v 114.315773 -3.338075 37.323475
v 119.639793 0.614875 34.529652
v 115.807137 -4.557133 37.323475
v 119.639793 0.614875 37.685337
v 103.078148 -4.593830 34.156879
v 104.671745 -2.925821 36.661285
v 103.826820 -7.150739 36.944927
v 108.990334 -6.271620 33.873379
v 109.251137 -4.637393 36.944927
v 108.990334 -6.271620 33.965477
v 112.623871 -5.498030 40.093433
v 110.706505 5.505921 37.942745
v 109.363022 1.894886 38.481255
v 110.154373 6.240410 38.508652
v 107.862137 -6.633348 41.685074
v 109.242203 -4.043320 41.825424
v 109.084946 5.585217 44.548801
v 109.757568 5.167991 43.477104
v 108.855606 0.823873 40.352600
v 114.315773 -3.338075 34.529652
v 115.807137 -4.557133 34.529652
v 115.807137 -4.557133 35.339844
v 120.856712 -3.790725 33.404266
v 117.696625 -7.734455 33.965477
v 112.623871 -5.498030 34.529652
v 115.807137 -4.557133 41.687187
v 115.796654 -7.915300 40.738373
v 110.970634 -7.151937 38.372940
v 114.427391 -6.781068 41.687187
v 115.796654 -7.915300 44.881889
v 112.224030 -8.663222 43.972919
v 108.002632 -9.089924 43.972919
v 108.002632 -9.089924 40.738373
v 110.970634 -7.151937 41.687187
v 115.796654 -7.915300 41.685074
v 109.242203 -4.043320 40.352600
v 114.315773 -3.338075 40.738373
v 110.970634 -7.151937 35.037415
v 107.100052 -5.132648 44.881889
v 112.224030 -8.663222 41.687187
v 115.796654 -7.915300 43.972919
v 108.002632 -9.089924 44.881889
v 112.224030 -8.663222 45.868996
v 107.411026 -6.190185 35.977730
v 106.637230 -7.692603 36.944927
v 108.990334 -6.271620 33.873379
v 109.251137 -4.637393 35.950592
v 110.957855 -10.016463 32.695850
v 111.256271 -8.205834 33.404266
v 117.696625 -7.734455 33.965477
v 112.623871 -5.498030 33.404266
v 117.696625 -7.734455 32.695850
v 111.256271 -8.205834 47.333344
v 120.917671 -0.612589 44.881889
v 112.224030 -8.663222 45.310955
v 122.008629 -5.632878 33.124187
v 106.894371 -6.109478 35.977730
v 106.637230 -7.692603 33.873379
v 109.251137 -4.637393 35.037415
v 107.100052 -5.132648 34.156879
v 104.671745 -2.925821 35.793850
v 106.543121 -3.235567 39.507263
v 107.107475 -4.199511 40.417053
v 107.645004 1.553738 38.508652
v 107.862137 -6.633348 36.657188
v 106.788956 -6.187580 39.507263
v 107.107475 -4.199511 36.657188
v 106.788956 -6.187580 37.585438
v 106.036110 -3.791983 39.507263
v 107.107475 -4.199511 33.404266
v 117.696625 -7.734455 37.374931
v 117.072769 -9.934658 35.950592
v 110.957855 -10.016463 40.738373
v 110.970634 -7.151937 40.352600
v 114.315773 -3.338075 38.372940
v 114.427391 -6.781068 39.850407
v 121.962059 -7.445326 37.374931
v 117.072769 -9.934658 33.404266
v 117.696625 -7.734455 35.950592
v 110.957855 -10.016463 33.124187
v 106.894371 -6.109478 32.695850
v 111.256271 -8.205834 40.093433
v 110.706505 5.505921 41.825424
v 109.084946 5.585217 37.942745
v 109.363022 1.894886 46.981995
v 119.321358 4.152652 42.503643
v 118.610390 6.331114 47.970913
v 111.059319 4.620315 33.124187
v 106.894371 -6.109478 35.950592
v 110.957855 -10.016463 35.977730
v 106.637230 -7.692603 37.585438
v 106.036110 -3.791983 35.793850
v 106.543121 -3.235567 40.417053
v 107.645004 1.553738 35.793850
v 106.543121 -3.235567 37.942745
v 109.363022 1.894886 40.417053
v 107.645004 1.553738 39.728470
v 107.135269 6.638116 35.881130
v 108.489830 2.520749 38.033436
v 105.219376 2.385659 36.661285
v 103.826820 -7.150739 35.037415
v 107.100052 -5.132648 36.657188
v 106.788956 -6.187580 35.037415
v 107.100052 -5.132648 36.661285
v 103.826820 -7.150739 33.251038
v 105.328506 -5.180407 35.950592
v 110.957855 -10.016463 37.374931
v 117.072769 -9.934658 37.468124
v 112.155029 -7.339190 38.372940
v 114.427391 -6.781068 37.374931
v 117.072769 -9.934658 41.687187
v 115.796654 -7.915300 33.965477
v 112.623871 -5.498030 32.695850
v 111.256271 -8.205834 33.873379
v 109.251137 -4.637393 37.468124
v 112.155029 -7.339190 37.374931
v 117.072769 -9.934658 38.372940
v 114.427391 -6.781068 38.481255
v 110.154373 6.240410 37.942745
v 109.363022 1.894886 35.881130
v 108.489830 2.520749 41.685074
v 109.242203 -4.043320 39.507263
v 107.107475 -4.199511 43.477104
v 108.855606 0.823873 39.507263
v 107.107475 -4.199511 40.417053
v 107.645004 1.553738 43.477104
v 108.855606 0.823873 41.825424
v 109.084946 5.585217 39.728470
v 107.135269 6.638116 43.538105
v 106.202850 5.993741 41.825424
v 109.084946 5.585217 38.481255
v 110.154373 6.240410 39.728470
v 107.135269 6.638116 35.793850
v 106.543121 -3.235567 34.156879
v 104.671745 -2.925821 35.881130
v 108.489830 2.520749 33.251038
v 105.328506 -5.180407 36.661285
v 103.826820 -7.150739 34.156879
v 104.671745 -2.925821 40.915764
v 105.761536 -8.435150 36.657188
v 106.788956 -6.187580 38.508652
v 107.862137 -6.633348 36.657188
v 106.788956 -6.187580 40.915764
v 105.761536 -8.435150 36.661285
v 103.826820 -7.150739 36.944927
v 108.990334 -6.271620 35.950592
v 110.957855 -10.016463 37.468124
v 112.155029 -7.339190 47.438667
v 107.352448 4.837764 47.212425
v 106.765953 -1.009480 47.970913
v 111.059319 4.620315 37.468124
v 112.155029 -7.339190 38.372940
v 114.427391 -6.781068 34.529652
v 115.807137 -4.557133 39.850407
v 121.962059 -7.445326 45.310955
v 122.008629 -5.632878 41.687187
v 115.796654 -7.915300 36.657188
v 106.788956 -6.187580 35.793850
v 106.543121 -3.235567 37.585438
v 106.036110 -3.791983 41.825424
v 109.084946 5.585217 43.477104
v 108.855606 0.823873 40.417053
v 107.645004 1.553738 44.548801
v 109.757568 5.167991 43.538105
v 106.202850 5.993741 47.438667
v 107.352448 4.837764 43.538105
v 106.202850 5.993741 44.548801
v 109.757568 5.167991 41.825424
v 109.084946 5.585217 47.438667
v 107.352448 4.837764 42.646393
v 104.042892 1.416707 47.212425
v 106.765953 -1.009480 35.793850
v 106.543121 -3.235567 35.881130
v 108.489830 2.520749 37.942745
v 109.363022 1.894886 40.915764
v 105.761536 -8.435150 38.508652
v 107.862137 -6.633348 40.738373
v 110.970634 -7.151937 40.738373
v 110.970634 -7.151937 43.972919
v 108.002632 -9.089924 40.915764
v 105.761536 -8.435150 47.212425
v 106.765953 -1.009480 45.868996
v 107.411026 -6.190185 48.141556
v 111.153610 -2.125619 39.850407
v 121.962059 -7.445326 33.404266
v 117.696625 -7.734455 35.339844
v 120.856712 -3.790725 37.468124
v 112.155029 -7.339190 34.529652
v 115.807137 -4.557133 33.965477
v 112.623871 -5.498030 47.970913
v 111.059319 4.620315 48.141556
v 111.153610 -2.125619 46.981995
v 119.321358 4.152652 39.850407
v 121.962059 -7.445326 45.310955
v 122.008629 -5.632878 35.887737
v 126.345238 3.238583 37.323475
v 119.639793 0.614875 42.503643
v 118.610390 6.331114 31.936424
v 137.184586 7.097601 27.932325
v 150.069122 8.446558 35.339844
v 120.856712 -3.790725 37.323475
v 119.639793 0.614875 46.981995
v 119.321358 4.152652 47.333344
v 120.917671 -0.612589 40.420155
v 153.617432 -4.403088 33.983025
v 152.479935 -5.704600 27.474428
v 150.474319 -2.340463 34.973927
v 151.808197 12.302612 40.708225
v 152.857697 8.982965 27.932325
v 150.069122 8.446558 43.330902
v 153.271530 2.289941 47.623363
v 147.855576 2.748212 44.906834
v 147.999680 -5.730131 27.932325
v 150.069122 8.446558 27.932325
v 150.069122 8.446558 25.893431
v 153.315155 8.784392 27.796265
v 146.278976 9.231909 -10.988988
v 49.850777 0.149557 -7.267344
v 59.273190 -1.996569 -12.019783
v 37.600899 1.825793 -10.645515
v 28.522070 2.229449 -14.092885
v 22.652721 2.686398 -6.218828
v 68.270996 -3.608472 -12.426628
v 5.199119 2.081385 -12.426630
v -0.000230 2.081387 -13.075247
v -0.000230 11.019841 -19.222792
v -0.000230 16.603271 -14.092885
v 22.652721 2.686398 -12.969676
v 10.920655 2.099450 -12.205293
v 22.644133 8.173456 -19.315617
v 22.615973 15.708612 -12.426630
v -0.000230 2.081387 -27.501751
v -0.000225 15.949355 -27.600252
v 22.869049 14.491962 -30.217373
v 22.724096 8.285402 -33.484509
v -0.000228 9.276838 -20.132584
v 0.000372 -23.262474 -42.939987
v 0.000375 -15.469225 -38.894615
v 0.000235 -23.858837 -28.425097
v 0.000233 -27.436253 -17.200737
v 0.000093 -15.453400 -40.717201
v 0.000097 -7.417858 -15.266376
v -0.000069 -5.390775 -19.239052
v 22.769909 -1.977337 -29.528471
v 22.808640 1.447253 -14.092885
v 22.652721 2.686398 -25.543064
v 22.787920 -3.160835 -9.857294
v 67.512222 -11.720221 -6.218828
v 68.270996 -3.608472 -7.689380
v 69.926697 5.882731 -6.796386
v 65.695953 6.794300 -14.957769
v 71.608574 12.520586 -7.689380
v 69.926697 5.882731 -32.647751
v 69.903458 -5.319239 -31.917400
v 71.295883 3.447345 -25.138905
v 72.128510 10.845263 -5.967908
v 75.051727 7.149180 -2.443186
v 117.526154 -1.611205 -2.144207
v 111.834991 -3.046279 -0.424994
v 92.690811 -4.214409 -1.284795
v 101.562584 -3.630723 -32.647667
v 75.407890 3.212946 -33.108780
v 80.401154 -8.244910 -32.173096
v 73.759933 -6.832995 -9.512592
v 78.187057 -15.076874 -0.000004
v 118.436798 -1.610236 -25.437181
v 76.404526 13.008137 -13.884527
v 76.063507 14.249472 -4.838938
v 73.012573 -4.517355 -1.282968
v 81.017357 -4.548287 -5.967908
v 75.051727 7.149180 -27.246262
v 80.092545 -13.219906 -21.931259
v 84.810303 -17.018686 -18.457180
v 141.351166 9.228564 -20.534779
v 140.674103 -1.155003 -0.000000
v 197.739441 -15.378599 -8.540135
v 199.422379 -11.960860 -12.477349
v 202.134247 -3.651003 -12.000061
v 203.662750 3.251968 -8.799726
v 204.717819 11.358870 -0.000001
v 204.756958 14.192878 -19.119617
v 139.780884 -10.362239 -10.684364
v 141.787933 15.729687 0.000004
v 142.003052 16.638260 -15.158003
v 139.308167 -15.351922 -24.137262
v 183.032867 13.411306 -26.093384
v 190.314423 10.398060 -27.312820
v 192.559418 3.842564 -24.151306
v 184.494659 -7.877389 -21.964577
v 176.982330 -6.533783 -26.030895
v 191.136597 -3.716283 -24.716932
v 166.055847 7.581585 -22.647326
v 175.191620 9.224100 -28.569950
v 152.079453 7.848737 -29.462839
v 149.558792 7.920103 -21.429661
v 174.249908 -2.308248 -21.767067
v 175.200562 10.067316 -21.767067
v 175.200562 10.067316 -27.960314
v 154.580200 8.045982 -4.838938
v 73.012573 -4.517355 -10.396570
v 71.205460 -12.853209 -16.451197
v 79.100945 -16.041975 -15.158003
v 139.308167 -15.351922 -8.527817
v 139.308151 -17.492256 0.000000
v 139.308151 -18.376244 -10.684364
v 141.787933 15.729687 0.000004
v 142.003052 16.638260 -8.137354
v 131.022903 18.932768 -10.684364
v 141.787933 15.729687 0.000004
v 142.003052 16.638260 10.985330
v 49.851318 0.156257 7.262196
v 59.273895 -1.987783 12.017287
v 37.601463 1.832377 10.643806
v 28.522627 2.235564 14.091936
v 22.652992 2.689324 6.213062
v 68.266068 -3.599843 12.426633
v 5.199117 2.081364 12.426631
v -0.000230 2.081363 13.075258
v -0.000231 11.019820 19.222803
v -0.000229 16.603249 14.091936
v 22.652992 2.689324 12.969683
v 10.920659 2.099424 12.206236
v 22.644466 8.177038 19.319180
v 22.616072 15.709786 12.426631
v -0.000230 2.081363 27.501753
v -0.000231 15.949330 30.218386
v 22.723839 8.282836 27.603409
v 22.868874 14.490303 33.484520
v -0.000232 9.276813 20.132589
v 0.000367 -23.262503 42.939987
v 0.000371 -15.469244 38.894615
v 0.000230 -23.858860 28.425100
v 0.000229 -27.436279 17.200737
v 0.000089 -15.453424 40.717209
v 0.000093 -7.417880 15.266378
v -0.000070 -5.390798 19.236500
v 22.770012 -1.976180 29.527119
v 22.808407 1.444906 14.091936
v 22.652992 2.689324 25.540112
v 22.787813 -3.161833 9.845848
v 67.507935 -11.713974 6.213062
v 68.266068 -3.599843 7.690087
v 69.922791 5.890376 6.797312
v 65.696655 6.803140 14.962816
v 71.607315 12.523447 7.690087
v 69.922791 5.890376 32.640015
v 69.906586 -5.327935 31.915703
v 71.299301 3.439111 25.142490
v 72.130280 10.841454 5.969964
v 75.042595 7.157299 2.442272
v 117.523834 -1.609253 2.140150
v 111.826004 -3.038879 0.419544
v 92.677643 -4.203659 1.279643
v 101.550568 -3.620879 33.098583
v 80.409027 -8.253996 32.645351
v 75.416443 3.204426 32.163956
v 73.766945 -6.841209 9.499230
v 78.178024 -15.071230 -0.000003
v 119.366096 -12.104372 -0.000004
v 118.436798 -1.610236 -0.000004
v 118.436798 -1.610236 0.000000
v 118.972595 8.883900 0.000004
v 142.003052 16.638260 0.000005
v 131.047424 17.881594 0.000003
v 122.954315 14.597441 25.442005
v 76.409317 13.004120 13.890928
v 76.060577 14.252664 4.833105
v 73.001251 -4.508514 5.969964
v 75.042595 7.157299 1.277298
v 81.004074 -4.537573 27.233038
v 80.095863 -13.225361 21.915749
v 84.809860 -17.021057 0.000003
v 158.790115 -19.018612 -0.000001
v 150.494293 -19.105179 18.457188
v 141.351166 9.228560 0.000001
v 171.711014 17.462284 0.000002
v 185.670319 17.801950 20.534779
v 140.674072 -1.155009 -0.000000
v 197.144226 15.539774 -0.000002
v 194.927094 -12.695251 -0.000000
v 197.739441 -15.378599 -0.000001
v 204.756958 14.192878 -0.000000
v 197.739441 -15.378599 0.000000
v 191.531616 3.753808 8.540138
v 199.422379 -11.960859 12.477346
v 202.134247 -3.651003 12.000059
v 203.662750 3.251967 8.799726
v 204.717819 11.358871 -0.000001
v 204.756958 14.192878 0.000001
v 162.523163 16.838680 0.000008
v 153.335312 16.215078 19.119621
v 139.780884 -10.362232 0.000000
v 139.308151 -18.376244 10.684370
v 141.787918 15.729687 0.000004
v 142.003052 16.638260 -0.000003
v 191.404846 -11.144516 0.000002
v 184.965118 -15.073182 0.000004
v 167.697144 -18.932045 15.158000
v 139.308136 -15.351920 -0.000006
v 121.908661 -16.035618 24.137264
v 183.032852 13.411288 26.093384
v 190.314392 10.398055 27.312820
v 192.559418 3.842565 24.151300
v 184.494675 -7.877406 21.964575
v 176.982346 -6.533779 26.030895
v 191.136612 -3.716287 24.716932
v 166.055847 7.581585 22.647326
v 175.191620 9.224100 28.569950
v 152.079453 7.848737 29.462843
v 149.558792 7.920104 21.429657
v 174.249924 -2.308248 21.767063
v 175.200592 10.067316 21.767063
v 175.200592 10.067316 27.960318
v 154.580200 8.045982 4.833105
v 73.001251 -4.508514 10.384710
v 71.196884 -12.847803 16.436733
v 79.096573 -16.040688 15.158000
v 139.308136 -15.351920 -0.000005
v 120.363106 -22.880188 -0.000012
v 128.568344 -21.007742 0.000000
v 102.260223 -26.687950 -0.000000
v 112.555183 -24.071405 -0.000000
v 92.181732 -29.016291 -0.000000
v 81.056213 -30.243858 8.527812
v 139.308136 -17.492256 0.000000
v 139.308151 -18.376244 -0.000000
v 74.077736 -30.833786 10.684370
v 141.787918 15.729687 0.000004
v 142.003052 16.638260 0.000000
v 102.469833 25.717426 -0.000000
v 112.154518 23.358360 -0.000000
v 93.164970 28.080765 -0.000000
v 83.206253 30.720535 -0.000000
v 73.768120 32.964886 -0.000000
v 62.770702 36.505363 -0.000000
v 121.469589 21.857918 8.137368
v 131.022903 18.932770 0.000007
v 131.022903 20.264053 10.684370
v 141.787918 15.729687 0.000004
v 142.003052 16.638260 -13.852660
v 189.055679 -15.047075 -11.724805
v 192.981613 17.913473 -19.216938
v 183.584595 17.574900 -11.724805
v 192.981613 17.913473 -24.349724
v 178.969330 14.722085 -11.724805
v 192.981613 17.913473 -8.622461
v 198.929520 15.279040 13.852663
v 189.055771 -15.047121 11.724813
v 192.981552 17.913452 -0.000000
v 126.660507 32.788582 0.000000
v 113.310898 35.117016 -0.000000
v 143.512329 29.299435 -0.000000
v 160.364136 25.795935 -0.000000
v 174.769958 22.488781 0.000000
v 186.788254 19.949753 19.216936
v 183.584534 17.574862 11.724813
v 192.981552 17.913452 0.000001
v 197.712952 16.831783 24.349726
v 178.969330 14.722082 0.000000
v 102.516418 36.822327 11.724813
v 192.981552 17.913452 8.622459
v 198.929489 15.279036 10.673383
v 12.125867 3.237224 9.840186
v 19.936653 2.779580 35.385586
v 17.580860 -18.980885 27.363056
v 17.614697 -21.453320 41.304729
v 13.440241 -15.844350 21.893719
v 13.440239 -22.477066 19.613331
v 7.532764 -21.733759 42.313576
v 7.532767 -13.977112 -9.840178
v 19.936649 2.779605 -10.673376
v 12.125866 3.237247 -35.385582
v 17.580862 -18.980860 -27.363050
v 17.614695 -21.453293 -41.304726
v 13.440244 -15.844328 -21.893717
v 13.440242 -22.477037 -19.613329
v 7.532767 -21.733728 -42.313576
v 7.532771 -13.977092 -0.000002
v 167.304596 -24.357533 -0.000000
v 171.045868 -24.112301 0.000004
v 160.111511 -23.549803 -0.000003
v 154.392792 -19.477448 0.000003
v 179.465057 -22.728151 -0.000007
v 183.944168 -21.424061 -0.000005
v 190.409439 -18.207499 -0.000003
v 194.389801 -12.424902 -4.179372
v 137.404739 -21.789867 -16.981670
v 148.814270 -15.568747 -19.540291
v 138.259064 -17.878786 0.021762
v 143.800446 19.414095 11.255286
v 137.819305 18.279781 -4.179372
v 137.404739 -21.789867 -12.772799
v 131.368317 -21.266272 -12.165350
v 145.928085 -19.462799 -11.015609
v 136.507202 18.940613 0.021761
v 132.774307 20.022717 -12.772799
v 131.368317 -21.266272 -19.540291
v 138.259064 -17.878786 -18.487909
v 126.817368 -19.764805 0.000002
v 176.072952 -24.748079 -12.774412
v 217.162613 -2.263908 -13.925278
v 214.062378 9.380854 -16.212473
v 221.770020 -0.108206 -9.214680
v 240.943008 9.149553 -10.035460
v 209.857559 -1.187611 -17.319891
v 217.408218 2.574453 -9.005076
v 243.907257 13.747614 -11.482576
v 238.942078 13.133627 -18.388241
v 223.242645 5.105892 -16.503511
v 226.614426 1.796405 -13.865438
v 233.011429 9.074816 -13.865438
v 233.011429 9.074816 -14.191165
v 232.422073 14.468637 -13.726392
v 229.566879 10.162422 -16.508989
v 225.973770 5.830229 -15.921828
v 228.217773 10.795961 -16.508989
v 225.973770 5.830229 -10.055268
v 211.079742 12.178831 -12.928316
v 216.163956 12.222946 -11.659965
v 212.819748 15.752442 -14.702568
v 219.236694 10.787210 -8.813523
v 223.903229 18.414356 -13.865438
v 233.011429 9.074816 -8.988628
v 239.984283 3.803888 -6.410182
v 240.821381 3.809231 -0.000001
v 235.214417 22.176859 -10.930033
v 228.610840 15.136765 -4.096407
v 228.970734 18.539333 -6.548706
v 226.675613 20.428110 -3.165495
v 232.916214 17.056221 -3.762418
v 209.454880 15.690182 -0.000002
v 209.482819 16.337252 -6.882716
v 211.167496 16.360407 -12.449587
v 219.118240 15.422174 -14.702568
v 219.236694 10.787210 -14.702568
v 219.236694 10.787210 -9.383172
v 219.267975 20.642956 -13.006899
v 235.507660 11.087988 -3.552532
v 240.398621 11.330959 -10.035460
v 209.857559 -1.187611 -12.804067
v 212.434357 0.157489 -14.313471
v 216.126892 0.083181 -9.390438
v 225.566284 -11.970187 -4.642844
v 227.150131 -13.824011 -11.458602
v 219.430191 -10.205905 -0.000000
v 226.482986 -14.480591 -12.112308
v 215.872986 -3.637207 -12.774412
v 217.162613 -2.263908 -0.000003
v 232.451523 17.523693 -0.000001
v 228.856583 19.650639 -0.000003
v 222.746155 21.841761 -0.000001
v 238.284805 -10.086312 -0.000002
v 240.860550 -2.500152 12.774410
v 217.162613 -2.263907 -0.000001
v 215.400665 20.155071 -0.000002
v 214.369934 22.071039 -0.000003
v 222.074905 19.827011 -0.000002
v 206.362686 13.008444 -0.000002
v 203.302979 12.940199 -0.000002
v 205.069611 8.256989 13.925275
v 214.062378 9.380853 16.212471
v 221.770020 -0.108207 -0.000003
v 242.130493 11.273623 -0.000002
v 242.227814 3.796766 -0.000000
v 230.678879 -16.560318 -0.000000
v 226.482986 -14.480591 9.214676
v 240.943008 9.149555 10.035457
v 209.857574 -1.187613 17.319885
v 217.408234 2.574451 9.005074
v 243.907257 13.747614 11.482569
v 238.942093 13.133629 18.388233
v 223.242661 5.105890 16.503508
v 226.614441 1.796402 13.865432
v 233.011444 9.074816 13.865432
v 233.011444 9.074816 13.726388
v 229.566879 10.162425 14.191163
v 232.422089 14.468636 16.508984
v 225.973785 5.830228 15.921825
v 228.217773 10.795961 16.508984
v 225.973785 5.830228 -0.000002
v 209.482819 16.337252 10.055262
v 211.079758 12.178829 12.928314
v 216.163956 12.222946 11.659961
v 212.819748 15.752445 14.702566
v 219.236710 10.787206 8.813519
v 223.903229 18.414354 13.865432
v 233.011444 9.074816 -0.000004
v 235.487076 -15.013873 8.988626
v 239.984283 3.803888 6.410178
v 240.821381 3.809230 -0.000001
v 235.214417 22.176859 -0.000002
v 237.122910 16.366047 -0.000001
v 239.335236 11.733721 -0.000001
v 235.214417 22.176859 10.930029
v 228.610840 15.136768 4.096402
v 228.970734 18.539333 6.548702
v 226.675613 20.428110 3.165489
v 232.916214 17.056221 -0.000002
v 209.482819 16.337252 3.762412
v 209.454880 15.690182 -0.000002
v 212.885834 18.700617 6.882710
v 211.167496 16.360409 12.449581
v 219.118256 15.422174 14.702566
v 219.236710 10.787206 14.702566
v 219.236710 10.787206 9.383163
v 219.267975 20.642956 13.006895
v 235.507675 11.087988 3.552527
v 240.398621 11.330959 -0.000002
v 239.200455 17.315210 10.035457
v 209.857574 -1.187613 12.804063
v 212.434357 0.157489 14.313468
v 216.126907 0.083181 0.000000
v 201.273834 -13.965692 0.000001
v 202.683899 -14.963634 -0.000000
v 200.121307 -7.226708 9.390436
v 225.566284 -11.970186 4.642842
v 227.150146 -13.824009 11.458600
v 219.430191 -10.205904 -0.000003
v 220.994186 -15.942816 0.000001
v 204.492447 -15.953006 0.000003
v 213.799591 -15.720045 0.000003
v 211.240570 -16.401878 0.000002
v 208.226349 -18.476429 0.000004
v 215.566544 -16.421942 -0.000000
v 198.213013 -12.235175 -0.000000
v 199.155792 -13.601445 0.000002
v 206.866257 -17.895670 -0.000000
v 226.482986 -14.480591 0.000001
v 203.742416 -14.741794 0.000002
v 205.951477 -15.870459 12.112305
v 215.873001 -3.637208 -0.000003
v 201.406250 10.561684 -0.000002
v 204.583435 10.648564 -0.000001
v 196.563507 -6.282090 -0.000004
v 190.980255 -6.804904 -0.000001
v 197.158173 11.536198 -0.000002
v 208.251694 10.663527 12.774410
v 217.162613 -2.263907 0.452826

vt 0.654888 0.524469
vt 0.645660 0.483940
vt 0.653904 0.453029
vt 0.641835 0.438725
vt 0.695303 0.549153
vt 0.635425 0.430021
vt 0.681044 0.517781
vt 0.581814 0.460537
vt 0.634530 0.460466
vt 0.588798 0.431963
vt 0.622690 0.488891
vt 0.586265 0.453945
vt 0.569404 0.536575
vt 0.688887 0.538135
vt 0.654930 0.454016
vt 0.600999 0.483829
vt 0.589545 0.488224
vt 0.607191 0.523665
vt 0.604257 0.553839
vt 0.634427 0.484255
vt 0.621639 0.488561
vt 0.628262 0.524345
vt 0.629543 0.453437
vt 0.613657 0.460187
vt 0.614585 0.460124
vt 0.600108 0.459393
vt 0.671493 0.453945
vt 0.588175 0.471980
vt 0.639809 0.463838
vt 0.713008 0.504181
vt 0.677882 0.503608
vt 0.651198 0.480601
vt 0.713008 0.443080
vt 0.644971 0.501485
vt 0.626149 0.501871
vt 0.584131 0.490037
vt 0.708005 0.518831
vt 0.605006 0.518827
vt 0.630159 0.540244
vt 0.627395 0.518106
vt 0.651700 0.502259
vt 0.606217 0.471519
vt 0.590820 0.541967
vt 0.691484 0.472041
vt 0.614765 0.481869
vt 0.673590 0.528554
vt 0.690340 0.487462
vt 0.669270 0.505107
vt 0.719768 0.452342
vt 0.659050 0.487814
vt 0.641740 0.526973
vt 0.677048 0.449013
vt 0.713008 0.823166
vt 0.899669 0.821091
vt 0.815446 0.774143
vt 0.677572 0.525634
vt 0.724312 0.819828
vt 0.691757 0.821173
vt 0.858003 0.772173
vt 0.817914 0.773906
vt 0.722803 0.781623
vt 0.997711 0.533977
vt 0.723101 0.818603
vt 0.728729 0.773368
vt 0.865642 0.828380
vt 0.974406 0.776741
vt 0.911000 0.866380
vt 0.940765 0.856338
vt 0.851250 0.859464
vt 0.887751 0.856305
vt 0.811189 0.858095
vt 0.738004 0.860230
vt 0.703643 0.772502
vt 0.769914 0.821496
vt 0.770863 0.857241
vt 0.773123 0.807288
vt 0.561693 0.937460
vt 0.363981 0.937543
vt 0.280987 0.937463
vt 0.105604 0.965729
vt 0.043946 0.910611
vt 0.043946 0.937496
vt 0.043946 0.910287
vt 0.002979 0.937490
vt 0.002979 0.937221
vt 0.184603 0.937315
vt 0.141460 0.965742
vt 0.141460 0.910852
vt 0.141460 0.966396
vt 0.280987 0.965730
vt 0.105604 0.910722
vt 0.105604 0.966526
vt 0.363981 0.910856
vt 0.363981 0.910855
vt 0.280987 0.965579
vt 0.184603 0.910852
vt 0.184603 0.991493
vt 0.141460 0.991489
vt 0.280987 0.991485
vt 0.105604 0.991500
vt 0.363981 0.991493
vt 0.184603 0.965911
vt 0.002979 0.991444
vt 0.043946 0.991356
vt 0.002979 0.895224
vt 0.391368 0.896109
vt 0.429579 0.869771
vt 0.460011 0.838776
vt 0.391608 0.869910
vt 0.494781 0.887875
vt 0.459535 0.889899
vt 0.494725 0.885360
vt 0.358264 0.884502
vt 0.328227 0.868282
vt 0.328214 0.842288
vt 0.328163 0.813164
vt 0.391473 0.813130
vt 0.429589 0.841410
vt 0.460113 0.841482
vt 0.494793 0.824289
vt 0.358412 0.825891
vt 0.328282 0.821378
vt 0.459619 0.819272
vt 0.494725 0.870738
vt 0.391583 0.871454
vt 0.429612 0.839365
vt 0.429631 0.912729
vt 0.382193 0.913896
vt 0.435334 0.940898
vt 0.382125 0.941240
vt 0.435082 0.913087
vt 0.408518 0.940962
vt 0.408548 0.773731
vt 0.383023 0.772802
vt 0.435456 0.984172
vt 0.382126 0.984373
vt 0.434992 0.773077
vt 0.408706 0.797156
vt 0.382780 0.797524
vt 0.408659 0.797312
vt 0.435384 0.547174
vt 0.654888 0.524469
vt 0.645660 0.483940
vt 0.653904 0.453029
vt 0.641835 0.438725
vt 0.695303 0.549153
vt 0.635425 0.430021
vt 0.681044 0.517781
vt 0.581814 0.460537
vt 0.634530 0.460466
vt 0.588798 0.431963
vt 0.622690 0.488891
vt 0.586265 0.453945
vt 0.569404 0.536575
vt 0.688887 0.538135
vt 0.654930 0.454016
vt 0.600999 0.483829
vt 0.589545 0.488224
vt 0.607191 0.523665
vt 0.604257 0.553839
vt 0.634427 0.484255
vt 0.621639 0.488561
vt 0.628262 0.524345
vt 0.629543 0.453437
vt 0.613657 0.460187
vt 0.614585 0.460124
vt 0.600108 0.459393
vt 0.671493 0.453945
vt 0.588175 0.471980
vt 0.639809 0.463838
vt 0.713008 0.504181
vt 0.677882 0.503608
vt 0.651198 0.480601
vt 0.713008 0.443080
vt 0.644971 0.501485
vt 0.626149 0.501871
vt 0.584131 0.490037
vt 0.708005 0.518831
vt 0.605006 0.518827
vt 0.630159 0.540244
vt 0.627395 0.518106
vt 0.651700 0.502259
vt 0.606217 0.471519
vt 0.590820 0.541967
vt 0.691484 0.472041
vt 0.614765 0.481869
vt 0.673590 0.528554
vt 0.690340 0.487462
vt 0.669270 0.505107
vt 0.719768 0.452342
vt 0.659050 0.487814
vt 0.641740 0.526973
vt 0.677048 0.449013
vt 0.713008 0.823166
vt 0.899669 0.821091
vt 0.815446 0.774143
vt 0.677572 0.525634
vt 0.724312 0.819828
vt 0.691757 0.821173
vt 0.858003 0.772173
vt 0.817914 0.773906
vt 0.722803 0.781623
vt 0.997711 0.533977
vt 0.723101 0.818603
vt 0.728729 0.773368
vt 0.865642 0.828380
vt 0.974406 0.776741
vt 0.911000 0.866380
vt 0.940765 0.856338
vt 0.851250 0.859464
vt 0.887751 0.856305
vt 0.811189 0.858095
vt 0.738004 0.860230
vt 0.703643 0.772502
vt 0.769914 0.821496
vt 0.770863 0.857241
vt 0.773123 0.807288
vt 0.561693 0.937460
vt 0.363981 0.937543
vt 0.280987 0.937463
vt 0.105604 0.965729
vt 0.043946 0.910611
vt 0.043946 0.937496
vt 0.043946 0.910287
vt 0.002979 0.937490
vt 0.002979 0.937221
vt 0.184603 0.937315
vt 0.141460 0.965742
vt 0.141460 0.910852
vt 0.141460 0.966396
vt 0.280987 0.965730
vt 0.105604 0.910722
vt 0.105604 0.966526
vt 0.363981 0.910856
vt 0.363981 0.910855
vt 0.280987 0.965579
vt 0.184603 0.910852
vt 0.184603 0.991493
vt 0.141460 0.991489
vt 0.280987 0.991485
vt 0.105604 0.991500
vt 0.363981 0.991493
vt 0.184603 0.965911
vt 0.002979 0.991444
vt 0.043946 0.991356
vt 0.002979 0.895224
vt 0.391368 0.896109
vt 0.429579 0.869771
vt 0.460011 0.838776
vt 0.391608 0.869910
vt 0.494781 0.887875
vt 0.459535 0.889899
vt 0.494725 0.885360
vt 0.358264 0.884502
vt 0.328227 0.868282
vt 0.328214 0.842288
vt 0.328163 0.813164
vt 0.391473 0.813130
vt 0.429589 0.841410
vt 0.460113 0.841482
vt 0.494793 0.824289
vt 0.358412 0.825891
vt 0.328282 0.821378
vt 0.459619 0.819272
vt 0.494725 0.870738
vt 0.391583 0.871454
vt 0.429612 0.839365
vt 0.429631 0.912729
vt 0.382193 0.913896
vt 0.435334 0.940898
vt 0.382125 0.941240
vt 0.435082 0.913087
vt 0.408518 0.940962
vt 0.408548 0.773731
vt 0.383023 0.772802
vt 0.435456 0.984172
vt 0.382126 0.984373
vt 0.434992 0.773077
vt 0.408706 0.797156
vt 0.382780 0.797524
vt 0.408659 0.797312
vt 0.435384 0.561994
vt 0.235897 0.481496
vt 0.236024 0.599032
vt 0.235830 0.615825
vt 0.235814 0.581099
vt 0.235880 0.598660
vt 0.147921 0.581182
vt 0.147921 0.615704
vt 0.147921 0.581078
vt 0.192533 0.615802
vt 0.192533 0.520529
vt 0.192533 0.520487
vt 0.147921 0.542743
vt 0.049334 0.561893
vt 0.049301 0.520168
vt 0.049372 0.481491
vt 0.085370 0.481479
vt 0.049328 0.615688
vt 0.049289 0.581104
vt 0.049290 0.561969
vt 0.147921 0.542752
vt 0.147921 0.498032
vt 0.147921 0.481503
vt 0.147921 0.561970
vt 0.192533 0.542583
vt 0.192533 0.498021
vt 0.192533 0.481484
vt 0.192533 0.598919
vt 0.192533 0.497993
vt 0.049370 0.561942
vt 0.085283 0.598685
vt 0.049281 0.615703
vt 0.085239 0.598630
vt 0.085248 0.581096
vt 0.085262 0.542867
vt 0.085305 0.520308
vt 0.085339 0.498014
vt 0.085329 0.543054
vt 0.008967 0.562007
vt 0.008977 0.519999
vt 0.008989 0.481483
vt 0.009017 0.615684
vt 0.009051 0.581206
vt 0.009013 0.497944
vt 0.009027 0.598852
vt 0.009047 0.542920
vt 0.235925 0.498010
vt 0.235978 0.437589
vt 0.219999 0.462566
vt 0.113631 0.455601
vt 0.149768 0.714621
vt 0.309178 0.703127
vt 0.298577 0.329370
vt 0.023028 0.444574
vt 0.142212 0.424945
vt 0.209931 0.439372
vt 0.103909 0.433786
vt 0.136169 0.398867
vt 0.119941 0.293472
vt 0.047126 0.312199
vt 0.047036 0.330085
vt 0.047010 0.685751
vt 0.332941 0.426171
vt 0.001474 0.404048
vt 0.001360 0.691392
vt 0.308061 0.366011
vt 0.022968 0.419254
vt 0.043113 0.403305
vt 0.043264 0.366626
vt 0.047190 0.347906
vt 0.046991 0.449411
vt 0.108612 0.404011
vt 0.022803 0.424111
vt 0.022732 0.440227
vt 0.075847 0.709921
vt 0.435044 0.431963
vt 0.048827 0.693063
vt 0.434233 0.449533
vt 0.069817 0.438062
vt 0.036503 0.426193
vt 0.091864 0.424328
vt 0.126702 0.409010
vt 0.156827 0.403952
vt 0.069477 0.385554
vt 0.090328 0.312025
vt 0.023033 0.346711
vt 0.023040 0.433025
vt 0.179256 0.421160
vt 0.169281 0.445690
vt 0.190529 0.419468
vt 0.071583 0.406814
vt 0.090702 0.415414
vt 0.109389 0.826714
vt 0.195715 0.827042
vt 0.161062 0.836406
vt 0.177510 0.846061
vt 0.207095 0.845777
vt 0.160794 0.869086
vt 0.205880 0.894237
vt 0.205880 0.688857
vt 0.205880 0.809155
vt 0.181779 0.792149
vt 0.195751 0.809345
vt 0.158526 0.792356
vt 0.161832 0.779840
vt 0.177231 0.769844
vt 0.205998 0.809386
vt 0.120669 0.769405
vt 0.161539 0.744291
vt 0.205880 0.715060
vt 0.205880 0.832553
vt 0.230781 0.825909
vt 0.263192 0.825482
vt 0.298285 0.836042
vt 0.281846 0.846258
vt 0.255978 0.846049
vt 0.298411 0.870020
vt 0.255861 0.894862
vt 0.255861 0.520600
vt 0.235932 0.687446
vt 0.253178 0.808635
vt 0.229701 0.783587
vt 0.228838 0.791535
vt 0.263549 0.808038
vt 0.279394 0.807804
vt 0.301653 0.791245
vt 0.297214 0.778817
vt 0.280758 0.770407
vt 0.253182 0.807415
vt 0.329989 0.768254
vt 0.296881 0.742966
vt 0.253178 0.714109
vt 0.253178 0.616421
vt 0.976484 0.608239
vt 0.929022 0.614165
vt 0.583343 0.594187
vt 0.590208 0.625783
vt 0.567737 0.005428
vt 0.834946 0.161266
vt 0.960272 0.009972
vt 0.914883 0.149463
vt 0.996487 0.211804
vt 0.525920 0.004235
vt 0.599196 0.013485
vt 0.966192 0.000124
vt 0.730940 0.983274
vt 0.455435 0.213753
vt 0.716209 0.211829
vt 0.600878 0.180814
vt 0.928822 0.211948
vt 0.656597 0.001702
vt 0.661801 0.602674
vt 0.914910 0.715681
vt 0.735064 0.718107
vt 0.706376 0.724101
vt 0.587409 0.725082
vt 0.974837 0.714627
vt 0.922662 0.714925
vt 0.803985 0.648574
vt 0.736248 0.638467
vt 0.967104 0.636210
vt 0.916045 0.633593
vt 0.686435 0.622177
vt 0.972024 0.622987
vt 0.910831 0.649184
vt 0.679980 0.654541
vt 0.587527 0.647198
vt 0.799334 0.603050
vt 0.817646 0.606451
vt 0.697688 0.604942
vt 0.735762 0.628506
vt 0.802094 0.634574
vt 0.737102 0.579509
vt 0.699612 0.699656
vt 0.735102 0.691739
vt 0.927608 0.701079
vt 0.582455 0.700095
vt 0.707425 0.693512
vt 0.826684 0.649673
vt 0.628539 0.722196
vt 0.628608 0.700440
vt 0.628547 0.601759
vt 0.844647 0.627563
vt 0.823923 0.183317
vt 0.526230 0.134736
vt 0.845452 0.042583
vt 0.915641 0.145846
vt 0.783497 0.130347
vt 0.763650 0.148497
vt 0.720831 0.057958
vt 0.854293 0.081594
vt 0.826414 0.060685
vt 0.751204 0.035662
vt 0.723187 0.083049
vt 0.749518 0.124621
vt 0.779181 0.137051
vt 0.928748 0.105718
vt 0.921652 0.076021
vt 0.922105 0.098134
vt 0.964190 0.070335
vt 0.962029 0.124501
vt 0.969829 0.112000
vt 0.755430 0.040845
vt 0.961052 0.105456
vt 0.881643 0.095171
vt 0.839848 0.029583
vt 0.822493 0.111067
vt 0.837077 0.081714
vt 0.879682 0.055394
vt 0.812896 0.124326
vt 0.815142 0.068451
vt 0.866705 0.074122
vt 0.793398 0.069572
vt 0.714173 0.171243
vt 0.796925 0.178444
vt 0.724129 0.112518
vt 0.712639 0.074388
vt 0.607952 0.148779
vt 0.602412 0.112366
vt 0.605004 0.039370
vt 0.604755 0.182892
vt 0.600880 0.156558
vt 0.870238 0.181679
vt 0.658940 0.148040
vt 0.659171 0.037313
vt 0.664694 0.111939
vt 0.659014 0.072070
vt 0.662267 0.579721
vt 0.752963 0.579541
vt 0.799346 0.636923
vt 0.590326 0.599479
vt 0.634015 0.634381
vt 0.624718 0.623553
vt 0.617784 0.577293
vt 0.829852 0.610620
vt 0.896366 0.133428
vt 0.882887 0.560146
vt 0.288276 0.522229
vt 0.298016 0.520100
vt 0.316905 0.656041
vt 0.291407 0.624447
vt 0.291543 0.602333
vt 0.290219 0.559795
vt 0.529383 0.563211
vt 0.460912 0.536713
vt 0.528183 0.629932
vt 0.393091 0.583346
vt 0.457937 0.631819
vt 0.454169 0.559400
vt 0.309257 0.540831
vt 0.399203 0.495917
vt 0.399777 0.626235
vt 0.308761 0.583649
vt 0.310465 0.541555
vt 0.313704 0.498402
vt 0.310053 0.602779
vt 0.312379 0.582462
vt 0.534618 0.495121
vt 0.454152 0.605174
vt 0.393145 0.561618
vt 0.397053 0.607523
vt 0.456023 0.582815
vt 0.288984 0.541428
vt 0.456625 0.517100
vt 0.453579 0.519729
vt 0.398520 0.585366
vt 0.394342 0.540883
vt 0.298236 0.541523
vt 0.278378 0.523203
vt 0.275043 0.654847
vt 0.273424 0.692687
vt 0.993885 0.696823
vt 0.802125 0.712909
vt 0.827009 0.713215
vt 0.894371 0.710489
vt 0.857390 0.671059
vt 0.735355 0.671305
vt 0.826428 0.665410
vt 0.981490 0.677932
vt 0.584143 0.673461
vt 0.707007 0.673958
vt 0.628538 0.664430
vt 0.930785 0.670326
vt 0.801225 0.624676
vt 0.892124 0.639344
vt 0.894356 0.668947
vt 0.894349 0.693395
vt 0.894345 0.643823
vt 0.826735 0.648952
vt 0.774513 0.670377
vt 0.774386 0.697532
vt 0.775024 0.712863
vt 0.774167 0.631087
vt 0.778519 0.605221
vt 0.774779 0.593160
vt 0.788750 0.592939
vt 0.754489 0.673884
vt 0.679508 0.700091
vt 0.679346 0.719239
vt 0.679996 0.190913
vt 0.247153 0.189631
vt 0.375131 0.193067
vt 0.102193 0.194868
vt 0.005813 0.191988
vt 0.169362 0.190076
vt 0.311981 0.194275
vt 0.031500 0.113010
vt 0.103447 0.149568
vt 0.034535 0.114307
vt 0.381769 0.115330
vt 0.248079 0.094147
vt 0.166599 0.104907
vt 0.204889 0.092350
vt 0.247691 0.157179
vt 0.375280 0.154719
vt 0.247670 0.152943
vt 0.100852 0.152025
vt 0.169366 0.131401
vt 0.379218 0.124752
vt 0.316669 0.155353
vt 0.312646 0.106098
vt 0.317341 0.111538
vt 0.168491 0.568453
vt 0.602050 0.574560
vt 0.652026 0.027542
vt 0.425112 0.003143
vt 0.193168 0.003242
vt 0.309048 0.003011
vt 0.365549 0.001677
vt 0.072673 0.000050
vt 0.002991 0.002347
vt 0.132452 0.003094
vt 0.249117 0.002977
vt 0.423559 0.058106
vt 0.073862 0.028340
vt 0.022911 0.052358
vt 0.371973 0.056580
vt 0.315097 0.062812
vt 0.196618 0.073534
vt 0.135374 0.080721
vt 0.217022 0.028828
vt 0.310297 0.032470
vt 0.194472 0.030598
vt 0.073152 0.032596
vt 0.133392 0.028099
vt 0.367212 0.056323
vt 0.253251 0.030479
vt 0.251218 0.070565
vt 0.253123 0.044910
vt 0.428616 0.561994
vt 0.235897 0.481496
vt 0.236024 0.599032
vt 0.235830 0.615825
vt 0.235814 0.581099
vt 0.235880 0.598660
vt 0.147921 0.581182
vt 0.147921 0.615704
vt 0.147921 0.581078
vt 0.192533 0.615802
vt 0.192533 0.520529
vt 0.192533 0.520487
vt 0.147921 0.542743
vt 0.049334 0.561893
vt 0.049301 0.520168
vt 0.049372 0.481491
vt 0.085370 0.481479
vt 0.049328 0.615688
vt 0.049289 0.581104
vt 0.049290 0.561969
vt 0.147921 0.542752
vt 0.147921 0.498032
vt 0.147921 0.481503
vt 0.147921 0.561970
vt 0.192533 0.542583
vt 0.192533 0.498021
vt 0.192533 0.481484
vt 0.192533 0.598919
vt 0.192533 0.497993
vt 0.049370 0.561942
vt 0.085283 0.598685
vt 0.049281 0.615703
vt 0.085239 0.598630
vt 0.085248 0.581096
vt 0.085262 0.542867
vt 0.085305 0.520308
vt 0.085339 0.498014
vt 0.085329 0.543054
vt 0.008967 0.562007
vt 0.008977 0.519999
vt 0.008989 0.481483
vt 0.009017 0.615684
vt 0.009051 0.581206
vt 0.009013 0.497944
vt 0.009027 0.598852
vt 0.009047 0.542920
vt 0.235925 0.498010
vt 0.235978 0.437589
vt 0.219999 0.462566
vt 0.113631 0.455601
vt 0.149768 0.714621
vt 0.309178 0.703127
vt 0.298577 0.329370
vt 0.023028 0.444574
vt 0.142212 0.424945
vt 0.209931 0.439372
vt 0.103909 0.433786
vt 0.136169 0.398867
vt 0.119941 0.293472
vt 0.047126 0.312199
vt 0.047036 0.330085
vt 0.047010 0.685751
vt 0.332941 0.426171
vt 0.001474 0.404048
vt 0.001360 0.691392
vt 0.308061 0.366011
vt 0.022968 0.419254
vt 0.043113 0.403305
vt 0.043264 0.366626
vt 0.047190 0.347906
vt 0.046991 0.449411
vt 0.108612 0.404011
vt 0.022803 0.424111
vt 0.022732 0.440227
vt 0.075847 0.709921
vt 0.435044 0.431963
vt 0.048827 0.693063
vt 0.434233 0.449533
vt 0.069817 0.438062
vt 0.036503 0.426193
vt 0.091864 0.424328
vt 0.126702 0.409010
vt 0.156827 0.403952
vt 0.069477 0.385554
vt 0.090328 0.312025
vt 0.023033 0.346711
vt 0.023040 0.433025
vt 0.179256 0.421160
vt 0.169281 0.445690
vt 0.190529 0.419468
vt 0.071583 0.406814
vt 0.090702 0.415414
vt 0.109389 0.826714
vt 0.195715 0.827042
vt 0.161062 0.836406
vt 0.177510 0.846061
vt 0.207095 0.845777
vt 0.160794 0.869086
vt 0.205880 0.894237
vt 0.205880 0.688857
vt 0.205880 0.809155
vt 0.181779 0.792149
vt 0.195751 0.809345
vt 0.158526 0.792356
vt 0.161832 0.779840
vt 0.177231 0.769844
vt 0.205998 0.809386
vt 0.120669 0.769405
vt 0.161539 0.744291
vt 0.205880 0.715060
vt 0.205880 0.832553
vt 0.230781 0.825909
vt 0.263192 0.825482
vt 0.298285 0.836042
vt 0.281846 0.846258
vt 0.255978 0.846049
vt 0.298411 0.870020
vt 0.255861 0.894862
vt 0.255861 0.520600
vt 0.235932 0.687446
vt 0.253178 0.808635
vt 0.229701 0.783587
vt 0.228838 0.791535
vt 0.263549 0.808038
vt 0.279394 0.807804
vt 0.301653 0.791245
vt 0.297214 0.778817
vt 0.280758 0.770407
vt 0.253182 0.807415
vt 0.329989 0.768254
vt 0.296881 0.742966
vt 0.253178 0.714109
vt 0.253178 0.715681
vt 0.735064 0.718107
vt 0.706376 0.724101
vt 0.587409 0.725082
vt 0.974837 0.714627
vt 0.922662 0.714925
vt 0.803985 0.648574
vt 0.736248 0.638467
vt 0.967104 0.636210
vt 0.916045 0.633593
vt 0.686435 0.622177
vt 0.972024 0.622987
vt 0.910831 0.649184
vt 0.679980 0.654541
vt 0.587527 0.647198
vt 0.799334 0.603050
vt 0.817646 0.606451
vt 0.697688 0.604942
vt 0.735762 0.628506
vt 0.802094 0.634574
vt 0.737102 0.579509
vt 0.699612 0.699656
vt 0.735102 0.691739
vt 0.927608 0.701079
vt 0.582455 0.700095
vt 0.707425 0.693512
vt 0.826684 0.649673
vt 0.628539 0.722196
vt 0.628608 0.700440
vt 0.628547 0.601759
vt 0.844647 0.627563
vt 0.823923 0.183317
vt 0.526230 0.134736
vt 0.845452 0.042583
vt 0.915641 0.145846
vt 0.783497 0.130347
vt 0.763650 0.148497
vt 0.720831 0.057958
vt 0.854293 0.081594
vt 0.826414 0.060685
vt 0.751204 0.035662
vt 0.723187 0.083049
vt 0.749518 0.124621
vt 0.779181 0.137051
vt 0.928748 0.105718
vt 0.921652 0.076021
vt 0.922105 0.098134
vt 0.964190 0.070335
vt 0.962029 0.124501
vt 0.969829 0.112000
vt 0.755430 0.040845
vt 0.961052 0.105456
vt 0.881643 0.095171
vt 0.839848 0.029583
vt 0.822493 0.111067
vt 0.837077 0.081714
vt 0.879682 0.055394
vt 0.812896 0.124326
vt 0.815142 0.068451
vt 0.866705 0.074122
vt 0.793398 0.069572
vt 0.714173 0.171243
vt 0.796925 0.178444
vt 0.724129 0.112518
vt 0.712639 0.074388
vt 0.607952 0.148779
vt 0.602412 0.112366
vt 0.605004 0.039370
vt 0.604755 0.182892
vt 0.600880 0.156558
vt 0.870238 0.181679
vt 0.658940 0.148040
vt 0.659171 0.037313
vt 0.664694 0.111939
vt 0.659014 0.072070
vt 0.662267 0.579721
vt 0.752963 0.579541
vt 0.799346 0.636923
vt 0.590326 0.599479
vt 0.634015 0.634381
vt 0.624718 0.623553
vt 0.617784 0.577293
vt 0.829852 0.610620
vt 0.896366 0.133428
vt 0.882887 0.560146
vt 0.288276 0.522229
vt 0.298016 0.520100
vt 0.316905 0.656041
vt 0.291407 0.624447
vt 0.291543 0.602333
vt 0.290219 0.559795
vt 0.529383 0.563211
vt 0.460912 0.536713
vt 0.528183 0.629932
vt 0.393091 0.583346
vt 0.457937 0.631819
vt 0.454169 0.559400
vt 0.309257 0.540831
vt 0.399203 0.495917
vt 0.399777 0.626235
vt 0.308761 0.583649
vt 0.310465 0.541555
vt 0.313704 0.498402
vt 0.310053 0.602779
vt 0.312379 0.582462
vt 0.534618 0.495121
vt 0.454152 0.605174
vt 0.393145 0.561618
vt 0.397053 0.607523
vt 0.456023 0.582815
vt 0.288984 0.541428
vt 0.456625 0.517100
vt 0.453579 0.519729
vt 0.398520 0.585366
vt 0.394342 0.540883
vt 0.298236 0.541523
vt 0.278378 0.523203
vt 0.275043 0.654847
vt 0.273424 0.692687
vt 0.993885 0.696823
vt 0.802125 0.712909
vt 0.827009 0.713215
vt 0.894371 0.710489
vt 0.857390 0.671059
vt 0.735355 0.671305
vt 0.826428 0.665410
vt 0.981490 0.677932
vt 0.584143 0.673461
vt 0.707007 0.673958
vt 0.628538 0.664430
vt 0.930785 0.670326
vt 0.801225 0.624676
vt 0.892124 0.639344
vt 0.894356 0.668947
vt 0.894349 0.693395
vt 0.894345 0.643823
vt 0.826735 0.648952
vt 0.774513 0.670377
vt 0.774386 0.697532
vt 0.775024 0.712863
vt 0.774167 0.631087
vt 0.778519 0.605221
vt 0.774779 0.593160
vt 0.788750 0.592939
vt 0.754489 0.673884
vt 0.679508 0.700091
vt 0.679346 0.719239
vt 0.679996 0.113010
vt 0.103447 0.149568
vt 0.034535 0.114307
vt 0.381769 0.115330
vt 0.248079 0.094147
vt 0.166599 0.104907
vt 0.204889 0.092350
vt 0.247691 0.157179
vt 0.375280 0.154719
vt 0.247670 0.152943
vt 0.100852 0.152025
vt 0.169366 0.131401
vt 0.379218 0.124752
vt 0.316669 0.155353
vt 0.312646 0.106098
vt 0.317341 0.111538
vt 0.168491 0.574560
vt 0.652026 0.027542
vt 0.425112 0.058106
vt 0.073862 0.028340
vt 0.022911 0.052358
vt 0.371973 0.056580
vt 0.315097 0.062812
vt 0.196618 0.073534
vt 0.135374 0.080721
vt 0.217022 0.028828
vt 0.310297 0.032470
vt 0.194472 0.030598
vt 0.073152 0.032596
vt 0.133392 0.028099
vt 0.367212 0.056323
vt 0.253251 0.030479
vt 0.251218 0.070565
vt 0.253123 0.044910
vt 0.428616 0.155364
vt 0.978379 0.130776
vt 0.949289 0.130776
vt 0.949289 0.520445
vt 0.855339 0.564342
vt 0.855435 0.496242
vt 0.855453 0.564269
vt 0.948773 0.540570
vt 0.855537 0.540560
vt 0.948780 0.496235
vt 0.948779 0.520449
vt 0.948775 0.564253
vt 0.987132 0.540690
vt 0.987109 0.496231
vt 0.987108 0.520435
vt 0.987114 0.520518
vt 0.795271 0.564333
vt 0.795367 0.496309
vt 0.795285 0.540713
vt 0.795319 0.564569
vt 0.747126 0.496358
vt 0.746842 0.531216
vt 0.746975 0.564310
vt 0.909702 0.586363
vt 0.855509 0.586474
vt 0.909698 0.472021
vt 0.855457 0.424194
vt 0.856144 0.424194
vt 0.948751 0.447389
vt 0.855579 0.447387
vt 0.948777 0.471888
vt 0.948781 0.424195
vt 0.987141 0.471887
vt 0.987101 0.472905
vt 0.795275 0.424207
vt 0.795242 0.447570
vt 0.795280 0.461944
vt 0.746795 0.424337
vt 0.746838 0.424194
vt 0.909732 0.406044
vt 0.856252 0.405978
vt 0.909853 0.447388
vt 0.987115 0.540604
vt 0.909762 0.520443
vt 0.909781 0.496239
vt 0.909793 0.447388
vt 0.909789 0.471951
vt 0.909791 0.869409
vt 0.581637 0.853116
vt 0.584901 0.857141
vt 0.618271 0.876053
vt 0.616998 0.880384
vt 0.579688 0.892938
vt 0.579171 0.892841
vt 0.615524 0.918183
vt 0.578106 0.928818
vt 0.615609 0.931463
vt 0.579232 0.905938
vt 0.576458 0.911098
vt 0.615226 0.862040
vt 0.542703 0.846727
vt 0.551953 0.924442
vt 0.542395 0.938022
vt 0.551302 0.218245
vt 0.129820 0.218087
vt 0.006452 0.219488
vt 0.292898 0.220562
vt 0.357061 0.223177
vt 0.476447 0.222145
vt 0.417526 0.218113
vt 0.058288 0.218814
vt 0.202856 0.244517
vt 0.476401 0.248270
vt 0.130111 0.286665
vt 0.131219 0.248314
vt 0.057619 0.286665
vt 0.294041 0.249111
vt 0.293440 0.251761
vt 0.358902 0.251761
vt 0.416739 0.286665
vt 0.355932 0.249390
vt 0.204395 0.286665
vt 0.205606 0.259459
vt 0.487307 0.520445
vt 0.855339 0.564342
vt 0.855435 0.496242
vt 0.855453 0.564269
vt 0.948773 0.540570
vt 0.855537 0.540560
vt 0.948780 0.496235
vt 0.948779 0.520449
vt 0.948775 0.564253
vt 0.987132 0.540690
vt 0.987109 0.496231
vt 0.987108 0.520435
vt 0.987114 0.520518
vt 0.795271 0.564333
vt 0.795367 0.496309
vt 0.795285 0.540713
vt 0.795319 0.564569
vt 0.747126 0.496358
vt 0.746842 0.531216
vt 0.746975 0.564310
vt 0.909702 0.586363
vt 0.855509 0.586474
vt 0.909698 0.472021
vt 0.855457 0.424194
vt 0.856144 0.424194
vt 0.948751 0.447389
vt 0.855579 0.447387
vt 0.948777 0.471888
vt 0.948781 0.424195
vt 0.987141 0.471887
vt 0.987101 0.472905
vt 0.795275 0.424207
vt 0.795242 0.447570
vt 0.795280 0.461944
vt 0.746795 0.424337
vt 0.746838 0.424194
vt 0.909732 0.406044
vt 0.856252 0.405978
vt 0.909853 0.447388
vt 0.987115 0.540604
vt 0.909762 0.520443
vt 0.909781 0.496239
vt 0.909793 0.447388
vt 0.909789 0.471951
vt 0.909791 0.869409
vt 0.581637 0.853116
vt 0.584901 0.857141
vt 0.618271 0.876053
vt 0.616998 0.880384
vt 0.579688 0.892938
vt 0.579171 0.892841
vt 0.615524 0.918183
vt 0.578106 0.928818
vt 0.615609 0.931463
vt 0.579232 0.905938
vt 0.576458 0.911098
vt 0.615226 0.862040
vt 0.542703 0.846727
vt 0.551953 0.924442
vt 0.542395 0.938022
vt 0.551302 0.244517
vt 0.476401 0.248270
vt 0.130111 0.286665
vt 0.131219 0.248314
vt 0.057619 0.286665
vt 0.294041 0.249111
vt 0.293440 0.251761
vt 0.358902 0.251761
vt 0.416739 0.286665
vt 0.355932 0.249390
vt 0.204395 0.286665
vt 0.205606 0.259459
vt 0.487307 0.866361
vt 0.064521 0.859826
vt 0.030524 0.886576
vt 0.057163 0.833156
vt 0.040231 0.842765
vt 0.073109 0.820097
vt 0.080765 0.798183
vt 0.089336 0.808199
vt 0.049315 0.783857
vt 0.058175 0.879849
vt 0.023237 0.704953
vt 0.132925 0.711846
vt 0.091244 0.724484
vt 0.097142 0.722374
vt 0.143039 0.721457
vt 0.065857 0.699460
vt 0.090014 0.701701
vt 0.052238 0.689040
vt 0.094506 0.685971
vt 0.056508 0.742267
vt 0.071875 0.761060
vt 0.071654 0.746293
vt 0.122020 0.738198
vt 0.107985 0.691178
vt 0.134830 0.737130
vt 0.159409 0.726065
vt 0.028491 0.710782
vt 0.016605 0.741965
vt 0.031535 0.686468
vt 0.035333 0.699254
vt 0.002252 0.755382
vt 0.028129 0.671309
vt 0.111075 0.668561
vt 0.069348 0.779618
vt 0.098831 0.759714
vt 0.148795 0.676593
vt 0.142539 0.748615
vt 0.177362 0.667643
vt 0.042847 0.762363
vt 0.457484 0.866361
vt 0.064521 0.859826
vt 0.030524 0.886576
vt 0.057163 0.833156
vt 0.040231 0.842765
vt 0.073109 0.820097
vt 0.080765 0.798183
vt 0.089336 0.808199
vt 0.049315 0.783857
vt 0.058175 0.879849
vt 0.023237 0.704953
vt 0.132925 0.711846
vt 0.091244 0.724484
vt 0.097142 0.722374
vt 0.143039 0.721457
vt 0.065857 0.699460
vt 0.090014 0.701701
vt 0.052238 0.689040
vt 0.094506 0.685971
vt 0.056508 0.742267
vt 0.071875 0.761060
vt 0.071654 0.746293
vt 0.122020 0.738198
vt 0.107985 0.691178
vt 0.134830 0.737130
vt 0.159409 0.726065
vt 0.028491 0.710782
vt 0.016605 0.741965
vt 0.031535 0.686468
vt 0.035333 0.699254
vt 0.002252 0.755382
vt 0.028129 0.671309
vt 0.111075 0.668561
vt 0.069348 0.779618
vt 0.098831 0.759714
vt 0.148795 0.676593
vt 0.142539 0.748615
vt 0.177362 0.667643
vt 0.042847 0.762363
vt 0.457484 0.997523
vt 0.803032 0.978289
vt 0.608465 0.994799
vt 0.729193 0.989002
vt 0.666629 0.978286
vt 0.997604 0.994796
vt 0.877019 0.989003
vt 0.939447 0.928349
vt 0.803033 0.895074
vt 0.803031 0.900146
vt 0.735462 0.946514
vt 0.636638 0.960303
vt 0.803032 0.958493
vt 0.735256 0.919151
vt 0.678189 0.925979
vt 0.736384 0.952391
vt 0.677062 0.900141
vt 0.870445 0.946512
vt 0.969425 0.958493
vt 0.870890 0.919151
vt 0.927862 0.925980
vt 0.869621 0.952392
vt 0.929006 0.928349
vt 0.803033 0.895074
vt 0.803031 0.900146
vt 0.735462 0.946514
vt 0.636638 0.960303
vt 0.803032 0.958493
vt 0.735256 0.919151
vt 0.678189 0.925979
vt 0.736384 0.952391
vt 0.677062 0.900141
vt 0.870445 0.946512
vt 0.969425 0.958493
vt 0.870890 0.919151
vt 0.927862 0.925980
vt 0.869621 0.952392
vt 0.929006 0.327233
vt 0.146870 0.336512
vt 0.157815 0.317085
vt 0.173633 0.345862
vt 0.147100 0.353150
vt 0.153242 0.319908
vt 0.152834 0.303467
vt 0.230851 0.303582
vt 0.193593 0.306653
vt 0.179016 0.308940
vt 0.212293 0.306449
vt 0.245501 0.298549
vt 0.136107 0.345458
vt 0.278382 0.352783
vt 0.272418 0.319540
vt 0.272010 0.336345
vt 0.212626 0.316849
vt 0.251147 0.336178
vt 0.267437 0.326829
vt 0.278152 0.355606
vt 0.251619 0.374142
vt 0.289145 0.298086
vt 0.288219 0.369223
vt 0.194401 0.363751
vt 0.212960 0.366241
vt 0.179751 0.366037
vt 0.246236 0.369108
vt 0.231659 0.355842
vt 0.174105 0.374605
vt 0.137033 0.084474
vt 0.466605 0.072100
vt 0.493229 0.067116
vt 0.465566 0.057038
vt 0.476437 0.062228
vt 0.496850 0.084729
vt 0.504771 0.051865
vt 0.443149 0.072464
vt 0.438970 0.084564
vt 0.427537 0.075629
vt 0.416588 0.067769
vt 0.429676 0.061798
vt 0.446287 0.084631
vt 0.389198 0.096610
vt 0.439142 0.101808
vt 0.465789 0.106957
vt 0.450891 0.100862
vt 0.430965 0.093092
vt 0.416689 0.117607
vt 0.451293 0.095216
vt 0.492339 0.091545
vt 0.510536 0.099771
vt 0.501471 0.107618
vt 0.479906 0.355584
vt 0.910993 0.355584
vt 0.859612 0.355584
vt 0.976831 0.318470
vt 0.858656 0.318470
vt 0.909833 0.318470
vt 0.984554 0.318470
vt 0.764159 0.355584
vt 0.382075 0.318470
vt 0.383678 0.355584
vt 0.446971 0.318470
vt 0.447784 0.355584
vt 0.506857 0.318470
vt 0.503479 0.355584
vt 0.552491 0.318470
vt 0.551734 0.355584
vt 0.656415 0.318470
vt 0.655254 0.355584
vt 0.717424 0.318470
vt 0.718195 0.355584
vt 0.766223 0.392707
vt 0.540744 0.392707
vt 0.604920 0.392707
vt 0.492116 0.355584
vt 0.615953 0.355584
vt 0.542633 0.355584
vt 0.488443 0.392707
vt 0.405289 0.355584
vt 0.394375 0.392707
vt 0.372827 0.318470
vt 0.312195 0.396743
vt 0.469595 0.431238
vt 0.391802 0.396743
vt 0.389992 0.355584
vt 0.443704 0.392707
vt 0.449601 0.318470
vt 0.611495 0.355584
vt 0.612190 0.392707
vt 0.655459 0.391960
vt 0.845406 0.355584
vt 0.846214 0.391991
vt 0.907370 0.355584
vt 0.906544 0.431238
vt 0.267007 0.396743
vt 0.267311 0.428240
vt 0.561323 0.318470
vt 0.812800 0.355584
vt 0.810714 0.355584
vt 0.793410 0.392010
vt 0.950005 0.355584
vt 0.952842 0.442814
vt 0.464276 0.466289
vt 0.513735 0.463126
vt 0.430830 0.485505
vt 0.478442 0.318470
vt 0.341063 0.996002
vt 0.761803 0.983883
vt 0.803032 0.996291
vt 0.836448 0.984529
vt 0.803032 0.116009
vt 0.993278 0.197924
vt 0.965403 0.353911
vt 0.949300 0.309457
vt 0.960007 0.235068
vt 0.969044 0.404516
vt 0.003490 0.457103
vt 0.027412 0.493667
vt 0.033255 0.330762
vt 0.746262 0.136313
vt 0.573753 0.480064
vt 0.906444 0.635429
vt 0.986516 0.557120
vt 0.962534 0.704387
vt 0.990291 0.395217
vt 0.816855 0.525603
vt 0.066901 0.004065
vt 0.524509 0.077249
vt 0.547883 0.048918
vt 0.983552 0.088035
vt 0.994641 0.217797
vt 0.602757 0.261626
vt 0.665594 0.783426
vt 0.002363 0.545195
vt 0.038606 0.950233
vt 0.151720 0.984489
vt 0.228643 0.915316
vt 0.066707 0.794903
vt 0.057318 0.960502
vt 0.377873 0.547371
vt 0.079450 0.790308
vt 0.031324 0.944270
vt 0.128949 0.961042
vt 0.184755 0.961943
vt 0.205125 0.933877
vt 0.092992 0.955271
vt 0.167986 0.544403
vt 0.106195 0.970856
vt 0.306058 0.992496
vt 0.249271 0.952343
vt 0.470641 0.958836
vt 0.343847 0.538532
vt 0.137528 0.276962
vt 0.315493 0.310000
vt 0.887846 0.111569
vt 0.360074 0.747444
vt 0.661541 0.172860
vt 0.442162 0.711857
vt 0.770581 0.665612
vt 0.683671 0.808833
vt 0.663879 0.195543
vt 0.228270 0.272672
vt 0.202570 0.229241
vt 0.898557 0.278601
vt 0.245373 0.425838
vt 0.264593 0.440992
vt 0.190229 0.092076
vt 0.867341 0.392215
vt 0.053853 0.162288
vt 0.890374 0.232245
vt 0.200047 0.106477
vt 0.934010 0.438003
vt 0.128224 0.458315
vt 0.246906 0.480505
vt 0.126538 0.342995
vt 0.274799 0.786087
vt 0.788424 0.457912
vt 0.763827 0.521451
vt 0.610854 0.405169
vt 0.680048 0.836626
vt 0.667426 0.985704
vt 0.741200 0.953883
vt 0.785126 0.968171
vt 0.765206 0.843481
vt 0.734836 0.798781
vt 0.736239 0.887865
vt 0.778461 0.182359
vt 0.349738 0.609072
vt 0.849099 0.441195
vt 0.649491 0.344991
vt 0.376238 0.484186
vt 0.078643 0.487680
vt 0.282932 0.496827
vt 0.230159 0.438523
vt 0.293877 0.709199
vt 0.598702 0.594888
vt 0.428528 0.758192
vt 0.543363 0.859573
vt 0.590638 0.735280
vt 0.838809 0.824130
vt 0.796416 0.893573
vt 0.707553 0.880680
vt 0.684206 0.400235
vt 0.325432 0.708745
vt 0.826726 0.658547
vt 0.898596 0.706656
vt 0.920527 0.293408
vt 0.445999 0.615620
vt 0.576602 0.507299
vt 0.146180 0.485072
vt 0.176349 0.484364
vt 0.550256 0.411416
vt 0.573373 0.512358
vt 0.501840 0.672012
vt 0.558110 0.636122
vt 0.491409 0.704668
vt 0.520723 0.201836
vt 0.390616 0.182794
vt 0.295104 0.325049
vt 0.108812 0.393797
vt 0.202569 0.371823
vt 0.146951 0.308950
vt 0.163088 0.310115
vt 0.294548 0.383720
vt 0.256647 0.099345
vt 0.303833 0.664346
vt 0.472403 0.229377
vt 0.271247 0.504812
vt 0.728545 0.469387
vt 0.631872 0.436651
vt 0.565857 0.568399
vt 0.789815 0.164018
vt 0.502521 0.094227
vt 0.496533 0.226457
vt 0.457687 0.095727
vt 0.458943 0.352911
vt 0.841504 0.366003
vt 0.907749 0.117660
vt 0.408420 0.067238
vt 0.933949 0.443835
vt 0.077101 0.036612
vt 0.884813 0.076386
vt 0.817209 0.126723
vt 0.780647 0.153879
vt 0.280691 0.220465
vt 0.819463 0.151234
vt 0.840319 0.192847
vt 0.760465 0.568513
vt 0.686593 0.604629
vt 0.744661 0.681148
vt 0.771317 0.709246
vt 0.671449 0.595096
vt 0.887756 0.535902
vt 0.834584 0.676936
vt 0.877163 0.730157
vt 0.754439 0.310236
vt 0.637520 0.385453
vt 0.698737 0.599949
vt 0.081125 0.724415
vt 0.113647 0.603634
vt 0.121320 0.588871
vt 0.346615 0.664622
vt 0.116724 0.872585
vt 0.160563 0.758101
vt 0.322936 0.738042
vt 0.246932 0.861671
vt 0.216551 0.804014
vt 0.203393 0.899166
vt 0.219809 0.712504
vt 0.307143 0.664003
vt 0.080776 0.687439
vt 0.147642 0.883916
vt 0.383747 0.771252
vt 0.123940 0.802103
vt 0.457817 0.870376
vt 0.466200 0.849865
vt 0.269050 0.889800
vt 0.272413 0.937563
vt 0.292838 0.787078
vt 0.260108 0.816662
vt 0.136239 0.926536
vt 0.344558 0.711487
vt 0.157858 0.824938
vt 0.103257 0.827281
vt 0.322399 0.903557
vt 0.341068 0.934841
vt 0.172077 0.901927
vt 0.182022 0.796259
vt 0.343587 0.825057
vt 0.371291 0.871484
vt 0.366164 0.953319
vt 0.239407 0.886700
vt 0.079196 0.902039
vt 0.113033 0.775409
vt 0.378864 0.864839
vt 0.124659 0.925780
vt 0.223503 0.672472
vt 0.231129 0.654549
vt 0.287472 0.591881
vt 0.260461 0.574423
vt 0.312924 0.638424
vt 0.237414 0.753882
vt 0.180997 0.876138
vt 0.320471 0.822421
vt 0.389365 0.922048
vt 0.382465 0.716568
vt 0.067629 0.598040
vt 0.162140 0.727002
vt 0.003372 0.666106
vt 0.038563 0.599135
vt 0.037333 0.884448
vt 0.194437 0.933669
vt 0.187177 0.511437
vt 0.710875 0.577896
vt 0.594243 0.642087
vt 0.703559 0.645009
vt 0.809720 0.647774
vt 0.938673 0.260168
vt 0.427615 0.773526
vt 0.662575 0.756794
vt 0.744797 0.276962
vt 0.315493 0.310000
vt 0.887846 0.111569
vt 0.360074 0.747444
vt 0.661541 0.172860
vt 0.442162 0.711857
vt 0.770581 0.665612
vt 0.683671 0.808833
vt 0.663879 0.195543
vt 0.228270 0.272672
vt 0.202570 0.229241
vt 0.898557 0.278601
vt 0.245373 0.425838
vt 0.264593 0.440992
vt 0.190229 0.092076
vt 0.867341 0.392215
vt 0.053853 0.162288
vt 0.890374 0.232245
vt 0.200047 0.106477
vt 0.934010 0.438003
vt 0.128224 0.458315
vt 0.246906 0.480505
vt 0.126538 0.342995
vt 0.274799 0.786087
vt 0.788424 0.457912
vt 0.763827 0.521451
vt 0.610854 0.405169
vt 0.680048 0.836626
vt 0.667426 0.985704
vt 0.741200 0.953883
vt 0.785126 0.968171
vt 0.765206 0.843481
vt 0.734836 0.798781
vt 0.736239 0.887865
vt 0.778461 0.182359
vt 0.349738 0.609072
vt 0.849099 0.441195
vt 0.649491 0.344991
vt 0.376238 0.484186
vt 0.078643 0.487680
vt 0.282932 0.496827
vt 0.230159 0.438523
vt 0.293877 0.709199
vt 0.598702 0.594888
vt 0.428528 0.758192
vt 0.543363 0.859573
vt 0.590638 0.735280
vt 0.838809 0.824130
vt 0.796416 0.893573
vt 0.707553 0.880680
vt 0.684206 0.400235
vt 0.325432 0.708745
vt 0.826726 0.658547
vt 0.898596 0.706656
vt 0.920527 0.293408
vt 0.445999 0.615620
vt 0.576602 0.507299
vt 0.146180 0.485072
vt 0.176349 0.484364
vt 0.550256 0.411416
vt 0.573373 0.512358
vt 0.501840 0.672012
vt 0.558110 0.636122
vt 0.491409 0.704668
vt 0.520723 0.201836
vt 0.390616 0.182794
vt 0.295104 0.325049
vt 0.108812 0.393797
vt 0.202569 0.371823
vt 0.146951 0.308950
vt 0.163088 0.310115
vt 0.294548 0.383720
vt 0.256647 0.099345
vt 0.303833 0.664346
vt 0.472403 0.229377
vt 0.271247 0.504812
vt 0.728545 0.469387
vt 0.631872 0.436651
vt 0.565857 0.568399
vt 0.789815 0.164018
vt 0.502521 0.094227
vt 0.496533 0.226457
vt 0.457687 0.095727
vt 0.458943 0.352911
vt 0.841504 0.366003
vt 0.907749 0.117660
vt 0.408420 0.067238
vt 0.933949 0.443835
vt 0.077101 0.036612
vt 0.884813 0.076386
vt 0.817209 0.126723
vt 0.780647 0.153879
vt 0.280691 0.220465
vt 0.819463 0.151234
vt 0.840319 0.192847
vt 0.760465 0.568513
vt 0.686593 0.604629
vt 0.744661 0.681148
vt 0.771317 0.709246
vt 0.671449 0.595096
vt 0.887756 0.535902
vt 0.834584 0.676936
vt 0.877163 0.730157
vt 0.754439 0.310236
vt 0.637520 0.385453
vt 0.698737 0.599949
vt 0.081125 0.724415
vt 0.113647 0.603634
vt 0.121320 0.588871
vt 0.346615 0.664622
vt 0.116724 0.872585
vt 0.160563 0.758101
vt 0.322936 0.738042
vt 0.246932 0.861671
vt 0.216551 0.804014
vt 0.203393 0.899166
vt 0.219809 0.712504
vt 0.307143 0.664003
vt 0.080776 0.687439
vt 0.147642 0.883916
vt 0.383747 0.771252
vt 0.123940 0.802103
vt 0.457817 0.870376
vt 0.466200 0.849865
vt 0.269050 0.889800
vt 0.272413 0.937563
vt 0.292838 0.787078
vt 0.260108 0.816662
vt 0.136239 0.926536
vt 0.344558 0.711487
vt 0.157858 0.824938
vt 0.103257 0.827281
vt 0.322399 0.903557
vt 0.341068 0.934841
vt 0.172077 0.901927
vt 0.182022 0.796259
vt 0.343587 0.825057
vt 0.371291 0.871484
vt 0.366164 0.953319
vt 0.239407 0.886700
vt 0.079196 0.902039
vt 0.113033 0.775409
vt 0.378864 0.864839
vt 0.124659 0.925780
vt 0.223503 0.672472
vt 0.231129 0.654549
vt 0.287472 0.591881
vt 0.260461 0.574423
vt 0.312924 0.638424
vt 0.237414 0.753882
vt 0.180997 0.876138
vt 0.320471 0.822421
vt 0.389365 0.922048
vt 0.382465 0.716568
vt 0.067629 0.598040
vt 0.162140 0.727002
vt 0.003372 0.666106
vt 0.038563 0.599135
vt 0.037333 0.884448
vt 0.194437 0.933669
vt 0.187177 0.511437
vt 0.710875 0.577896
vt 0.594243 0.642087
vt 0.703559 0.645009
vt 0.809720 0.647774
vt 0.938673 0.260168
vt 0.427615 0.773526
vt 0.662575 0.756794
vt 0.744797 0.022513
vt 0.134877 0.055109
vt 0.144682 0.079701
vt 0.045628 0.106888
vt 0.080594 0.006451
vt 0.226818 0.038676
vt 0.216007 0.168603
vt 0.011643 0.180917
vt 0.049470 0.256822
vt 0.003096 0.257385
vt 0.033671 0.354129
vt 0.036312 0.504181
vt 0.677882 0.526973
vt 0.677048 0.518106
vt 0.651700 0.481869
vt 0.673590 0.487814
vt 0.641740 0.481869
vt 0.673590 0.483940
vt 0.653904 0.481869
vt 0.673590 0.471980
vt 0.639809 0.504181
vt 0.677882 0.505107
vt 0.719768 0.487462
vt 0.669270 0.481869
vt 0.673590 0.484255
vt 0.621639 0.518827
vt 0.630159 0.488891
vt 0.586265 0.488224
vt 0.607191 0.502259
vt 0.606217 0.501871
vt 0.584131 0.518831
vt 0.605006 0.517781
vt 0.581814 0.502259
vt 0.606217 0.502259
vt 0.606217 0.488561
vt 0.628262 0.501485
vt 0.626149 0.518827
vt 0.630159 0.518831
vt 0.605006 0.488561
vt 0.628262 0.487814
vt 0.641740 0.501485
vt 0.626149 0.518106
vt 0.651700 0.518827
vt 0.630159 0.503608
vt 0.651198 0.487462
vt 0.669270 0.504181
vt 0.677882 0.460466
vt 0.570027 0.502259
vt 0.606217 0.501485
vt 0.626149 0.518831
vt 0.605006 0.518106
vt 0.651700 0.524345
vt 0.629543 0.518827
vt 0.630159 0.501485
vt 0.626149 0.503608
vt 0.651198 0.459393
vt 0.671493 0.471980
vt 0.639809 0.460537
vt 0.634530 0.518827
vt 0.630159 0.524345
vt 0.629543 0.523665
vt 0.604257 0.481869
vt 0.673590 0.480601
vt 0.713008 0.459393
vt 0.671493 0.463838
vt 0.713008 0.481869
vt 0.673590 0.459393
vt 0.671493 0.463838
vt 0.713008 0.438725
vt 0.695303 0.463838
vt 0.713008 0.517781
vt 0.581814 0.518831
vt 0.605006 0.523665
vt 0.604257 0.537170
vt 0.617617 0.431963
vt 0.622690 0.423193
vt 0.642119 0.430021
vt 0.681044 0.471519
vt 0.590820 0.483829
vt 0.589545 0.483829
vt 0.579467 0.453437
vt 0.613657 0.460537
vt 0.634530 0.483940
vt 0.653904 0.484255
vt 0.621639 0.471980
vt 0.639809 0.459393
vt 0.671493 0.438725
vt 0.695303 0.544727
vt 0.713008 0.547680
vt 0.695199 0.551222
vt 0.661288 0.541967
vt 0.691484 0.547680
vt 0.695199 0.529406
vt 0.647464 0.528554
vt 0.690340 0.530284
vt 0.659880 0.526973
vt 0.677048 0.528554
vt 0.690340 0.524469
vt 0.645660 0.529406
vt 0.647464 0.524469
vt 0.645660 0.528554
vt 0.690340 0.459393
vt 0.671493 0.460537
vt 0.634530 0.453029
vt 0.641835 0.453945
vt 0.588175 0.528554
vt 0.690340 0.526973
vt 0.677048 0.526973
vt 0.677048 0.524469
vt 0.645660 0.518106
vt 0.651700 0.537170
vt 0.617617 0.540244
vt 0.627395 0.553839
vt 0.634427 0.547174
vt 0.654888 0.538135
vt 0.654930 0.541967
vt 0.691484 0.541967
vt 0.691484 0.551222
vt 0.661288 0.547174
vt 0.654888 0.526973
vt 0.677048 0.505107
vt 0.719768 0.525634
vt 0.724312 0.540244
vt 0.627395 0.549153
vt 0.635425 0.553839
vt 0.634427 0.460466
vt 0.570027 0.453945
vt 0.588175 0.460466
vt 0.588798 0.460187
vt 0.614585 0.472041
vt 0.614765 0.454016
vt 0.600999 0.453437
vt 0.613657 0.460187
vt 0.614585 0.460124
vt 0.600108 0.454016
vt 0.600999 0.460187
vt 0.614585 0.536575
vt 0.688887 0.541967
vt 0.691484 0.538135
vt 0.654930 0.459393
vt 0.671493 0.453029
vt 0.641835 0.452342
vt 0.659050 0.536575
vt 0.688887 0.533977
vt 0.723101 0.541967
vt 0.691484 0.549153
vt 0.635425 0.538135
vt 0.654930 0.547174
vt 0.654888 0.484255
vt 0.621639 0.483829
vt 0.589545 0.471519
vt 0.590820 0.480601
vt 0.713008 0.490037
vt 0.708005 0.487462
vt 0.669270 0.538135
vt 0.654930 0.549153
vt 0.635425 0.540244
vt 0.627395 0.460466
vt 0.588798 0.460124
vt 0.600108 0.472041
vt 0.614765 0.471519
vt 0.590820 0.460466
vt 0.588798 0.472041
vt 0.614765 0.501871
vt 0.584131 0.488224
vt 0.607191 0.502259
vt 0.606217 0.528518
vt 0.588636 0.523665
vt 0.604257 0.529013
vt 0.603199 0.523665
vt 0.604257 0.528518
vt 0.588636 0.523450
vt 0.580589 0.536575
vt 0.688887 0.538135
vt 0.654930 0.531903
vt 0.651095 0.536575
vt 0.688887 0.530284
vt 0.659880 0.528554
vt 0.690340 0.547174
vt 0.654888 0.551222
vt 0.661288 0.553839
vt 0.634427 0.536575
vt 0.688887 0.531903
vt 0.651095 0.530284
vt 0.659880 0.471519
vt 0.590820 0.483829
vt 0.579467 0.471519
vt 0.573028 0.460187
vt 0.614585 0.460537
vt 0.634530 0.471980
vt 0.639809 0.472041
vt 0.614765 0.460187
vt 0.614585 0.471980
vt 0.639809 0.488224
vt 0.607191 0.484255
vt 0.621639 0.488561
vt 0.628262 0.488891
vt 0.586265 0.484255
vt 0.621639 0.488224
vt 0.607191 0.460466
vt 0.570027 0.460466
vt 0.588798 0.471519
vt 0.573028 0.523665
vt 0.604257 0.523450
vt 0.580589 0.517781
vt 0.581814 0.529013
vt 0.603199 0.524345
vt 0.629543 0.529635
vt 0.627895 0.524345
vt 0.629543 0.529013
vt 0.603199 0.523665
vt 0.604257 0.538135
vt 0.654930 0.537170
vt 0.617617 0.531903
vt 0.651095 0.503608
vt 0.651198 0.487814
vt 0.641740 0.487462
vt 0.669270 0.452342
vt 0.659050 0.443080
vt 0.644971 0.438725
vt 0.695303 0.525634
vt 0.724312 0.533977
vt 0.723101 0.528554
vt 0.690340 0.460466
vt 0.588798 0.454016
vt 0.600999 0.460124
vt 0.600108 0.471980
vt 0.639809 0.484255
vt 0.621639 0.472041
vt 0.614765 0.488561
vt 0.628262 0.483940
vt 0.653904 0.487814
vt 0.641740 0.483940
vt 0.653904 0.488561
vt 0.628262 0.484255
vt 0.621639 0.501485
vt 0.626149 0.487814
vt 0.641740 0.503608
vt 0.651198 0.471519
vt 0.573028 0.460466
vt 0.588798 0.471519
vt 0.590820 0.529635
vt 0.627895 0.524345
vt 0.629543 0.529406
vt 0.647464 0.524469
vt 0.645660 0.529406
vt 0.647464 0.524345
vt 0.629543 0.518106
vt 0.651700 0.503608
vt 0.651198 0.504181
vt 0.677882 0.541967
vt 0.691484 0.533977
vt 0.723101 0.544727
vt 0.713008 0.438725
vt 0.695303 0.443080
vt 0.644971 0.430021
vt 0.681044 0.504181
vt 0.677882 0.487462
vt 0.669270 0.490037
vt 0.708005 0.878483
vt 0.849288 0.879930
vt 0.811303 0.889707
vt 0.658849 0.863817
vt 0.655516 0.887818
vt 0.709623 0.822619
vt 0.643357 0.775504
vt 0.623988 0.881530
vt 0.888145 0.889234
vt 0.917177 0.886412
vt 0.742574 0.882099
vt 0.775160 0.790757
vt 0.591181 0.784404
vt 0.558224 0.791006
vt 0.527166 0.830982
vt 0.563035 0.823212
vt 0.592309 0.823105
vt 0.526731 0.807067
vt 0.604387 0.869724
vt 0.358350 0.841445
vt 0.358191 0.983601
vt 0.408496 0.739093
vt 0.408822 0.736950
vt 0.435459 0.736161
vt 0.383041 0.526973
vt 0.677048 0.504181
vt 0.677882 0.518106
vt 0.651700 0.487814
vt 0.641740 0.481869
vt 0.673590 0.483940
vt 0.653904 0.481869
vt 0.673590 0.481869
vt 0.673590 0.471980
vt 0.639809 0.504181
vt 0.677882 0.505107
vt 0.719768 0.487462
vt 0.669270 0.481869
vt 0.673590 0.484255
vt 0.621639 0.518827
vt 0.630159 0.488891
vt 0.586265 0.488224
vt 0.607191 0.502259
vt 0.606217 0.501871
vt 0.584131 0.517781
vt 0.581814 0.518831
vt 0.605006 0.502259
vt 0.606217 0.488561
vt 0.628262 0.502259
vt 0.606217 0.501485
vt 0.626149 0.518827
vt 0.630159 0.518831
vt 0.605006 0.487814
vt 0.641740 0.488561
vt 0.628262 0.501485
vt 0.626149 0.518106
vt 0.651700 0.518827
vt 0.630159 0.487462
vt 0.669270 0.503608
vt 0.651198 0.504181
vt 0.677882 0.460466
vt 0.570027 0.501485
vt 0.626149 0.502259
vt 0.606217 0.518831
vt 0.605006 0.518106
vt 0.651700 0.524345
vt 0.629543 0.501485
vt 0.626149 0.518827
vt 0.630159 0.503608
vt 0.651198 0.471980
vt 0.639809 0.459393
vt 0.671493 0.460537
vt 0.634530 0.524345
vt 0.629543 0.518827
vt 0.630159 0.523665
vt 0.604257 0.481869
vt 0.673590 0.480601
vt 0.713008 0.463838
vt 0.713008 0.459393
vt 0.671493 0.481869
vt 0.673590 0.459393
vt 0.671493 0.463838
vt 0.713008 0.438725
vt 0.695303 0.463838
vt 0.713008 0.518831
vt 0.605006 0.517781
vt 0.581814 0.523665
vt 0.604257 0.537170
vt 0.617617 0.423193
vt 0.642119 0.431963
vt 0.622690 0.430021
vt 0.681044 0.483829
vt 0.589545 0.471519
vt 0.590820 0.483829
vt 0.579467 0.453437
vt 0.613657 0.460537
vt 0.634530 0.484255
vt 0.621639 0.483940
vt 0.653904 0.471980
vt 0.639809 0.459393
vt 0.671493 0.438725
vt 0.695303 0.547680
vt 0.695199 0.544727
vt 0.713008 0.541967
vt 0.691484 0.551222
vt 0.661288 0.547680
vt 0.695199 0.528554
vt 0.690340 0.529406
vt 0.647464 0.530284
vt 0.659880 0.528554
vt 0.690340 0.526973
vt 0.677048 0.524469
vt 0.645660 0.524469
vt 0.645660 0.529406
vt 0.647464 0.528554
vt 0.690340 0.460537
vt 0.634530 0.459393
vt 0.671493 0.453029
vt 0.641835 0.453945
vt 0.588175 0.526973
vt 0.677048 0.528554
vt 0.690340 0.524469
vt 0.645660 0.526973
vt 0.677048 0.518106
vt 0.651700 0.540244
vt 0.627395 0.537170
vt 0.617617 0.553839
vt 0.634427 0.538135
vt 0.654930 0.547174
vt 0.654888 0.541967
vt 0.691484 0.551222
vt 0.661288 0.541967
vt 0.691484 0.547174
vt 0.654888 0.505107
vt 0.719768 0.526973
vt 0.677048 0.525634
vt 0.724312 0.549153
vt 0.635425 0.540244
vt 0.627395 0.553839
vt 0.634427 0.453945
vt 0.588175 0.460466
vt 0.570027 0.460466
vt 0.588798 0.460187
vt 0.614585 0.472041
vt 0.614765 0.453437
vt 0.613657 0.454016
vt 0.600999 0.460187
vt 0.614585 0.454016
vt 0.600999 0.460124
vt 0.600108 0.460187
vt 0.614585 0.541967
vt 0.691484 0.536575
vt 0.688887 0.538135
vt 0.654930 0.453029
vt 0.641835 0.459393
vt 0.671493 0.452342
vt 0.659050 0.533977
vt 0.723101 0.536575
vt 0.688887 0.541967
vt 0.691484 0.538135
vt 0.654930 0.549153
vt 0.635425 0.547174
vt 0.654888 0.483829
vt 0.589545 0.484255
vt 0.621639 0.471519
vt 0.590820 0.490037
vt 0.708005 0.480601
vt 0.713008 0.487462
vt 0.669270 0.549153
vt 0.635425 0.538135
vt 0.654930 0.540244
vt 0.627395 0.460124
vt 0.600108 0.460466
vt 0.588798 0.472041
vt 0.614765 0.460466
vt 0.588798 0.471519
vt 0.590820 0.472041
vt 0.614765 0.488224
vt 0.607191 0.501871
vt 0.584131 0.502259
vt 0.606217 0.523665
vt 0.604257 0.528518
vt 0.588636 0.529013
vt 0.603199 0.528518
vt 0.588636 0.523665
vt 0.604257 0.523450
vt 0.580589 0.538135
vt 0.654930 0.536575
vt 0.688887 0.531903
vt 0.651095 0.530284
vt 0.659880 0.536575
vt 0.688887 0.528554
vt 0.690340 0.551222
vt 0.661288 0.547174
vt 0.654888 0.553839
vt 0.634427 0.531903
vt 0.651095 0.536575
vt 0.688887 0.530284
vt 0.659880 0.483829
vt 0.579467 0.471519
vt 0.590820 0.471519
vt 0.573028 0.460537
vt 0.634530 0.460187
vt 0.614585 0.471980
vt 0.639809 0.460187
vt 0.614585 0.472041
vt 0.614765 0.471980
vt 0.639809 0.484255
vt 0.621639 0.488224
vt 0.607191 0.488561
vt 0.628262 0.484255
vt 0.621639 0.488891
vt 0.586265 0.488224
vt 0.607191 0.460466
vt 0.588798 0.460466
vt 0.570027 0.471519
vt 0.573028 0.523450
vt 0.580589 0.523665
vt 0.604257 0.517781
vt 0.581814 0.524345
vt 0.629543 0.529013
vt 0.603199 0.529635
vt 0.627895 0.529013
vt 0.603199 0.524345
vt 0.629543 0.523665
vt 0.604257 0.537170
vt 0.617617 0.538135
vt 0.654930 0.531903
vt 0.651095 0.487814
vt 0.641740 0.503608
vt 0.651198 0.487462
vt 0.669270 0.443080
vt 0.644971 0.452342
vt 0.659050 0.438725
vt 0.695303 0.533977
vt 0.723101 0.525634
vt 0.724312 0.528554
vt 0.690340 0.454016
vt 0.600999 0.460466
vt 0.588798 0.460124
vt 0.600108 0.484255
vt 0.621639 0.471980
vt 0.639809 0.472041
vt 0.614765 0.483940
vt 0.653904 0.488561
vt 0.628262 0.487814
vt 0.641740 0.488561
vt 0.628262 0.483940
vt 0.653904 0.484255
vt 0.621639 0.487814
vt 0.641740 0.501485
vt 0.626149 0.503608
vt 0.651198 0.460466
vt 0.588798 0.471519
vt 0.573028 0.471519
vt 0.590820 0.524345
vt 0.629543 0.529635
vt 0.627895 0.529406
vt 0.647464 0.529406
vt 0.647464 0.524469
vt 0.645660 0.524345
vt 0.629543 0.503608
vt 0.651198 0.518106
vt 0.651700 0.504181
vt 0.677882 0.533977
vt 0.723101 0.541967
vt 0.691484 0.544727
vt 0.713008 0.443080
vt 0.644971 0.438725
vt 0.695303 0.430021
vt 0.681044 0.487462
vt 0.669270 0.504181
vt 0.677882 0.490037
vt 0.708005 0.878483
vt 0.849288 0.879930
vt 0.811303 0.863817
vt 0.655516 0.889707
vt 0.658849 0.887818
vt 0.709623 0.822619
vt 0.643357 0.775504
vt 0.623988 0.881530
vt 0.888145 0.889234
vt 0.917177 0.886412
vt 0.742574 0.882099
vt 0.775160 0.790757
vt 0.591181 0.784404
vt 0.558224 0.791006
vt 0.527166 0.830982
vt 0.563035 0.823212
vt 0.592309 0.823105
vt 0.526731 0.807067
vt 0.604387 0.841445
vt 0.358191 0.869724
vt 0.358350 0.983601
vt 0.408496 0.739093
vt 0.408822 0.736950
vt 0.435459 0.736161
vt 0.383041 0.635585
vt 0.147921 0.635799
vt 0.192533 0.635575
vt 0.085246 0.635679
vt 0.049308 0.635522
vt 0.009038 0.635751
vt 0.235770 0.292707
vt 0.023012 0.719658
vt 0.334571 0.311112
vt 0.001524 0.328802
vt 0.001534 0.392663
vt 0.184520 0.415039
vt 0.200351 0.308676
vt 0.108608 0.331313
vt 0.108608 0.292090
vt 0.001503 0.346476
vt 0.001530 0.350475
vt 0.108608 0.366727
vt 0.108608 0.365400
vt 0.001455 0.720064
vt 0.415313 0.683340
vt 0.413548 0.447652
vt 0.019934 0.462376
vt 0.066558 0.720749
vt 0.389924 0.682884
vt 0.388103 0.718952
vt 0.358896 0.392445
vt 0.154857 0.380424
vt 0.117429 0.296291
vt 0.108608 0.391575
vt 0.129245 0.847695
vt 0.229587 0.869506
vt 0.229897 0.893781
vt 0.229897 0.660761
vt 0.205880 0.688295
vt 0.229897 0.661414
vt 0.229897 0.768972
vt 0.229574 0.744132
vt 0.229897 0.716086
vt 0.229897 0.662394
vt 0.253178 0.640879
vt 0.532866 0.651173
vt 0.531062 0.705645
vt 0.514849 0.680251
vt 0.522600 0.737329
vt 0.755961 0.727260
vt 0.798580 0.738637
vt 0.798099 0.724384
vt 0.916251 0.637530
vt 0.527664 0.738619
vt 0.682872 0.737186
vt 0.628796 0.755578
vt 0.563893 0.739048
vt 0.536790 0.744916
vt 0.601956 0.728007
vt 0.827077 0.718091
vt 0.854256 0.075951
vt 0.529964 0.111425
vt 0.528288 0.967277
vt 0.546972 0.971238
vt 0.558232 0.975763
vt 0.563530 0.981111
vt 0.563638 0.987486
vt 0.560313 0.992107
vt 0.552073 0.141585
vt 0.524637 0.042102
vt 0.525796 0.006555
vt 0.524205 0.161866
vt 0.521963 0.511390
vt 0.513329 0.531694
vt 0.555827 0.555647
vt 0.570509 0.608913
vt 0.529298 0.623994
vt 0.485805 0.584173
vt 0.566298 0.662554
vt 0.390128 0.667776
vt 0.449480 0.498796
vt 0.292732 0.500243
vt 0.274884 0.633742
vt 0.468417 0.668857
vt 0.464455 0.493961
vt 0.471556 0.658200
vt 0.308598 0.743023
vt 0.949921 0.736390
vt 0.904284 0.724153
vt 0.894452 0.129034
vt 0.461627 0.158650
vt 0.458874 0.188928
vt 0.458375 0.035539
vt 0.492115 0.003483
vt 0.492638 0.027542
vt 0.425112 0.035539
vt 0.492115 0.003483
vt 0.492638 0.635585
vt 0.147921 0.635799
vt 0.192533 0.635575
vt 0.085246 0.635679
vt 0.049308 0.635522
vt 0.009038 0.635751
vt 0.235770 0.292707
vt 0.023012 0.719658
vt 0.334571 0.311112
vt 0.001524 0.328802
vt 0.001534 0.392663
vt 0.184520 0.415039
vt 0.200351 0.308676
vt 0.108608 0.331313
vt 0.108608 0.292090
vt 0.001503 0.346476
vt 0.001530 0.366727
vt 0.108608 0.350475
vt 0.108608 0.365400
vt 0.001455 0.720064
vt 0.415313 0.683340
vt 0.413548 0.447652
vt 0.019934 0.462376
vt 0.066558 0.720749
vt 0.389924 0.682884
vt 0.388103 0.718952
vt 0.358896 0.392445
vt 0.154857 0.380424
vt 0.117429 0.296291
vt 0.108608 0.391575
vt 0.129245 0.847695
vt 0.229587 0.869506
vt 0.229897 0.893781
vt 0.229897 0.660761
vt 0.205880 0.688295
vt 0.229897 0.661414
vt 0.229897 0.768972
vt 0.229574 0.744132
vt 0.229897 0.716086
vt 0.229897 0.662394
vt 0.253178 0.640879
vt 0.532866 0.651173
vt 0.531062 0.705645
vt 0.514849 0.680251
vt 0.522600 0.727260
vt 0.798580 0.737329
vt 0.755961 0.738637
vt 0.798099 0.724384
vt 0.916251 0.608239
vt 0.929022 0.616421
vt 0.976484 0.637530
vt 0.527664 0.625783
vt 0.567737 0.568453
vt 0.602050 0.594187
vt 0.590208 0.614165
vt 0.583343 0.738619
vt 0.682872 0.737186
vt 0.628796 0.755578
vt 0.563893 0.744916
vt 0.601956 0.739048
vt 0.536790 0.728007
vt 0.827077 0.718091
vt 0.854256 0.211948
vt 0.656597 0.211829
vt 0.600878 0.075951
vt 0.529964 0.000124
vt 0.730940 0.005428
vt 0.834946 0.111425
vt 0.528288 0.009972
vt 0.914883 0.155364
vt 0.978379 0.149463
vt 0.996487 0.013485
vt 0.966192 0.967277
vt 0.546972 0.983274
vt 0.455435 0.971238
vt 0.558232 0.975763
vt 0.563530 0.981111
vt 0.563638 0.987486
vt 0.560313 0.992107
vt 0.552073 0.001702
vt 0.661801 0.004235
vt 0.599196 0.141585
vt 0.524637 0.211804
vt 0.525920 0.042102
vt 0.525796 0.006555
vt 0.524205 0.161266
vt 0.960272 0.180814
vt 0.928822 0.213753
vt 0.716209 0.161866
vt 0.521963 0.602674
vt 0.914910 0.511390
vt 0.513329 0.531694
vt 0.555827 0.555647
vt 0.570509 0.608913
vt 0.529298 0.623994
vt 0.485805 0.584173
vt 0.566298 0.662554
vt 0.390128 0.667776
vt 0.449480 0.498796
vt 0.292732 0.500243
vt 0.274884 0.633742
vt 0.468417 0.668857
vt 0.464455 0.493961
vt 0.471556 0.658200
vt 0.308598 0.743023
vt 0.949921 0.736390
vt 0.904284 0.724153
vt 0.894452 0.129034
vt 0.461627 0.190076
vt 0.311981 0.189631
vt 0.375131 0.191988
vt 0.169362 0.190913
vt 0.247153 0.193067
vt 0.102193 0.194275
vt 0.031500 0.158650
vt 0.458874 0.188928
vt 0.458375 0.194868
vt 0.005813 0.035539
vt 0.492115 0.003483
vt 0.492638 0.003094
vt 0.249117 0.003242
vt 0.309048 0.003143
vt 0.193168 0.002347
vt 0.132452 0.001677
vt 0.072673 0.000050
vt 0.002991 0.003011
vt 0.365549 0.027542
vt 0.425112 0.002977
vt 0.423559 0.035539
vt 0.492115 0.003483
vt 0.492638 0.843946
vt 0.526595 0.944028
vt 0.511865 0.268955
vt 0.410299 0.251696
vt 0.445664 0.286665
vt 0.382123 0.251696
vt 0.445664 0.244517
vt 0.476401 0.843946
vt 0.526595 0.944028
vt 0.511865 0.218245
vt 0.129820 0.218113
vt 0.058288 0.218814
vt 0.202856 0.219488
vt 0.292898 0.220562
vt 0.357061 0.222145
vt 0.417526 0.268955
vt 0.410299 0.251696
vt 0.445664 0.223177
vt 0.476447 0.286665
vt 0.382123 0.218087
vt 0.006452 0.251696
vt 0.445664 0.244517
vt 0.476401 0.657497
vt 0.019277 0.674164
vt 0.005908 0.753276
vt 0.509246 0.773605
vt 0.509137 0.737256
vt 0.488532 0.786949
vt 0.488578 0.791601
vt 0.459122 0.733487
vt 0.459067 0.674164
vt 0.005908 0.657497
vt 0.019277 0.753276
vt 0.509246 0.773605
vt 0.509137 0.737256
vt 0.488532 0.786949
vt 0.488578 0.791601
vt 0.459122 0.733487
vt 0.459067 0.994799
vt 0.729193 0.996002
vt 0.761803 0.989002
vt 0.666629 0.978289
vt 0.608465 0.996291
vt 0.836448 0.994796
vt 0.877019 0.989003
vt 0.939447 0.978286
vt 0.997604 0.355584
vt 0.351681 0.446037
vt 0.547489 0.431266
vt 0.482730 0.392707
vt 0.709484 0.355584
vt 0.665738 0.355584
vt 0.379109 0.355584
vt 0.333170 0.392707
vt 0.349431 0.391950
vt 0.791741 0.355584
vt 0.744684 0.396743
vt 0.516972 0.392075
vt 0.990633 0.355584
vt 0.991867 0.997523
vt 0.803032 0.420452
vt 0.357448 0.345591
vt 0.216963 0.790100
vt 0.621898 0.281427
vt 0.474560 0.524076
vt 0.227106 0.401227
vt 0.401716 0.389808
vt 0.496582 0.472956
vt 0.500149 0.334483
vt 0.421826 0.282867
vt 0.398622 0.574987
vt 0.508675 0.567815
vt 0.385113 0.514930
vt 0.375771 0.550689
vt 0.415275 0.255601
vt 0.354741 0.528929
vt 0.430587 0.556519
vt 0.477939 0.030176
vt 0.831374 0.061079
vt 0.775896 0.013819
vt 0.782267 0.301166
vt 0.188175 0.046002
vt 0.320787 0.592721
vt 0.509240 0.269942
vt 0.501147 0.261640
vt 0.534465 0.412038
vt 0.968847 0.299337
vt 0.789019 0.029167
vt 0.418724 0.023261
vt 0.371994 0.055448
vt 0.464079 0.011352
vt 0.923429 0.007459
vt 0.968758 0.355754
vt 0.081848 0.077567
vt 0.241776 0.081494
vt 0.727765 0.122338
vt 0.211685 0.008227
vt 0.269133 0.244417
vt 0.418903 0.238945
vt 0.570995 0.649568
vt 0.183242 0.578989
vt 0.252072 0.552383
vt 0.317677 0.779079
vt 0.524914 0.859673
vt 0.558087 0.741988
vt 0.422439 0.934175
vt 0.559018 0.647803
vt 0.346549 0.587655
vt 0.359699 0.353911
vt 0.949300 0.309457
vt 0.960007 0.235068
vt 0.969044 0.480064
vt 0.906444 0.395217
vt 0.816855 0.420452
vt 0.357448 0.116009
vt 0.993278 0.088035
vt 0.994641 0.197924
vt 0.965403 0.457103
vt 0.027412 0.493667
vt 0.033255 0.525603
vt 0.066901 0.345591
vt 0.216963 0.790100
vt 0.621898 0.261626
vt 0.665594 0.330762
vt 0.746262 0.635429
vt 0.986516 0.704387
vt 0.990291 0.281427
vt 0.474560 0.524076
vt 0.227106 0.401227
vt 0.401716 0.389808
vt 0.496582 0.472956
vt 0.500149 0.334483
vt 0.421826 0.282867
vt 0.398622 0.574987
vt 0.508675 0.567815
vt 0.385113 0.550689
vt 0.415275 0.514930
vt 0.375771 0.255601
vt 0.354741 0.528929
vt 0.430587 0.556519
vt 0.477939 0.404516
vt 0.003490 0.030176
vt 0.831374 0.061079
vt 0.775896 0.013819
vt 0.782267 0.301166
vt 0.188175 0.046002
vt 0.320787 0.592721
vt 0.509240 0.557120
vt 0.962534 0.269942
vt 0.501147 0.261640
vt 0.534465 0.004065
vt 0.524509 0.077249
vt 0.547883 0.136313
vt 0.573753 0.412038
vt 0.968847 0.299337
vt 0.789019 0.029167
vt 0.418724 0.023261
vt 0.371994 0.055448
vt 0.464079 0.007459
vt 0.968758 0.011352
vt 0.923429 0.048918
vt 0.983552 0.355754
vt 0.081848 0.077567
vt 0.241776 0.081494
vt 0.727765 0.122338
vt 0.211685 0.008227
vt 0.269133 0.244417
vt 0.418903 0.238945
vt 0.570995 0.217797
vt 0.602757 0.649568
vt 0.183242 0.578989
vt 0.252072 0.552383
vt 0.317677 0.944270
vt 0.128949 0.950233
vt 0.151720 0.794903
vt 0.057318 0.779079
vt 0.524914 0.859673
vt 0.558087 0.741988
vt 0.422439 0.952343
vt 0.470641 0.961042
vt 0.184755 0.958836
vt 0.343847 0.970856
vt 0.306058 0.992496
vt 0.249271 0.960502
vt 0.377873 0.915316
vt 0.066707 0.933877
vt 0.092992 0.984489
vt 0.228643 0.934175
vt 0.559018 0.955271
vt 0.167986 0.961943
vt 0.205125 0.647803
vt 0.346549 0.547371
vt 0.079450 0.544403
vt 0.106195 0.790308
vt 0.031324 0.783426
vt 0.002363 0.545195
vt 0.038606 0.538532
vt 0.137528 0.587655
vt 0.359699 1.000000

f 1400/1400 1375/1375 1534/1534
f 1534/1534 1535/1535 1400/1400
f 1402/1402 1440/1440 1370/1370
f 1417/1417 1399/1399 1416/1416
f 1373/1373 1466/1466 1374/1374
f 1370/1370 1432/1432 1402/1402
f 1328/1328 1452/1452 1369/1369
f 1369/1369 1329/1329 1328/1328
f 1414/1414 1415/1415 1391/1391
f 1391/1391 1535/1535 1414/1414
f 1372/1372 1447/1447 1449/1449
f 1371/1371 1410/1410 1466/1466
f 1423/1423 1529/1529 1374/1374
f 1369/1369 1378/1378 1330/1330
f 1369/1369 1330/1330 1329/1329
f 1336/1336 1468/1468 1392/1392
f 1392/1392 1340/1340 1336/1336
f 2542/2542 1418/1418 1405/1405
f 1375/1375 1399/1399 1395/1395
f 1390/1390 1438/1438 1405/1405
f 1390/1390 1377/1377 1379/1379
f 1377/1377 1385/1385 1379/1379
f 1376/1376 1442/1442 1379/1379
f 1326/1326 1386/1386 1345/1345
f 1378/1378 1384/1384 1327/1327
f 1378/1378 1327/1327 1330/1330
f 1384/1384 1382/1382 1386/1386
f 1380/1380 1439/1439 1418/1418
f 1418/1418 1439/1439 1390/1390
f 1435/1435 1381/1381 1387/1387
f 1387/1387 1436/1436 1435/1435
f 1409/1409 1380/1380 1418/1418
f 1386/1386 1326/1326 1327/1327
f 1384/1384 1386/1386 1327/1327
f 1390/1390 1379/1379 1438/1438
f 1418/1418 1390/1390 1405/1405
f 1387/1387 1455/1455 1383/1383
f 1409/1409 1407/1407 1380/1380
f 1381/1381 1380/1380 1388/1388
f 1381/1381 1388/1388 1408/1408
f 1381/1381 1408/1408 1425/1425
f 1407/1407 1408/1408 1388/1388
f 1332/1332 1455/1455 1333/1333
f 1333/1333 1455/1455 1406/1406
f 1387/1387 1389/1389 1406/1406
f 1333/1333 1406/1406 1341/1341
f 1407/1407 1388/1388 1380/1380
f 1390/1390 2543/2543 1377/1377
f 1375/1375 1400/1400 1399/1399
f 1392/1392 1443/1443 1394/1394
f 1444/1444 1445/1445 1427/1427
f 1427/1427 1404/1404 1444/1444
f 1426/1426 1529/1529 1428/1428
f 1374/1374 1429/1429 1423/1423
f 1373/1373 1465/1465 1419/1419
f 2544/2544 1412/1412 1371/1371
f 1472/1472 1471/1471 1347/1347
f 1347/1347 1334/1334 1472/1472
f 1394/1394 1472/1472 1392/1392
f 1395/1395 1413/1413 1375/1375
f 1375/1375 1413/1413 2544/2544
f 1413/1413 1395/1395 1417/1417
f 1395/1395 1399/1399 1417/1417
f 2544/2544 1534/1534 1375/1375
f 1416/1416 1399/1399 1398/1398
f 1398/1398 1396/1396 1416/1416
f 1401/1401 1399/1399 1415/1415
f 1399/1399 1400/1400 1415/1415
f 1400/1400 1391/1391 1415/1415
f 1400/1400 1535/1535 1391/1391
f 1397/1397 1398/1398 1399/1399
f 1399/1399 1401/1401 1397/1397
f 1369/1369 1460/1460 1378/1378
f 1419/1419 1469/1469 1421/1421
f 1421/1421 1414/1414 1419/1419
f 1421/1421 1469/1469 1420/1420
f 1337/1337 1339/1339 1421/1421
f 1421/1421 1532/1532 1337/1337
f 1420/1420 1467/1467 1532/1532
f 1419/1419 1531/1531 1469/1469
f 1422/1422 1533/1533 2545/2545
f 1341/1341 1406/1406 1389/1389
f 1425/1425 1408/1408 2546/2546
f 1389/1389 1425/1425 1424/1424
f 1424/1424 1341/1341 1389/1389
f 1424/1424 1425/1425 2546/2546
f 1405/1405 2547/2547 2542/2542
f 1426/1426 2548/2548 1445/1445
f 1428/1428 2549/2549 1426/1426
f 1411/1411 1430/1430 1441/1441
f 1429/1429 1410/1410 1431/1431
f 1429/1429 1430/1430 1423/1423
f 2550/2550 1405/1405 2551/2551
f 1372/1372 1449/1449 1432/1432
f 1428/1428 1423/1423 2552/2552
f 2553/2553 2554/2554 2555/2555
f 2556/2556 2551/2551 1405/1405
f 2557/2557 2558/2558 2555/2555
f 2555/2555 2554/2554 2557/2557
f 1368/1368 1442/1442 1433/1433
f 1433/1433 2556/2556 1368/1368
f 1433/1433 1442/1442 1376/1376
f 1368/1368 2556/2556 1405/1405
f 1382/1382 1458/1458 1457/1457
f 1382/1382 1456/1456 1454/1454
f 1454/1454 1386/1386 1382/1382
f 1332/1332 1331/1331 1383/1383
f 1387/1387 1381/1381 1425/1425
f 1425/1425 1389/1389 1387/1387
f 1382/1382 1457/1457 2559/2559
f 2559/2559 1456/1456 1382/1382
f 1434/1434 2543/2543 1435/1435
f 1436/1436 1434/1434 1435/1435
f 1437/1437 2543/2543 1434/1434
f 1380/1380 1381/1381 1435/1435
f 2560/2560 2561/2561 2559/2559
f 2543/2543 1437/1437 2562/2562
f 1438/1438 1368/1368 1405/1405
f 1379/1379 1368/1368 1438/1438
f 1380/1380 1435/1435 1439/1439
f 1439/1439 2543/2543 1390/1390
f 1435/1435 2543/2543 1439/1439
f 1402/1402 2556/2556 1433/1433
f 1440/1440 2563/2563 1370/1370
f 1430/1430 1429/1429 1441/1441
f 1430/1430 1411/1411 2564/2564
f 1429/1429 1431/1431 1441/1441
f 1442/1442 1368/1368 1379/1379
f 1443/1443 1528/1528 1444/1444
f 1444/1444 1393/1393 1426/1426
f 1426/1426 1445/1445 1444/1444
f 2548/2548 1427/1427 1445/1445
f 1443/1443 1392/1392 1446/1446
f 1336/1336 1338/1338 1467/1467
f 1467/1467 1468/1468 1336/1336
f 1463/1463 1528/1528 1446/1446
f 1443/1443 1444/1444 1404/1404
f 2565/2565 2545/2545 1449/1449
f 1447/1447 2566/2566 2565/2565
f 1342/1342 1343/1343 1448/1448
f 1335/1335 1447/1447 1448/1448
f 1448/1448 1343/1343 1335/1335
f 1447/1447 1372/1372 1450/1450
f 1328/1328 2567/2567 1452/1452
f 1447/1447 1450/1450 1448/1448
f 1342/1342 1448/1448 1450/1450
f 1372/1372 1453/1453 1450/1450
f 2568/2568 1369/1369 1451/1451
f 2569/2569 1450/1450 2570/2570
f 1450/1450 1453/1453 2570/2570
f 2571/2571 1450/1450 2569/2569
f 1342/1342 1450/1450 2571/2571
f 1453/1453 1432/1432 1370/1370
f 1432/1432 1453/1453 1372/1372
f 1453/1453 1370/1370 2570/2570
f 1454/1454 2572/2572 2573/2573
f 2573/2573 1344/1344 1454/1454
f 1386/1386 1454/1454 1345/1345
f 1454/1454 1344/1344 1345/1345
f 1455/1455 1332/1332 1383/1383
f 1455/1455 1387/1387 1406/1406
f 2574/2574 1387/1387 1383/1383
f 1456/1456 2572/2572 1454/1454
f 1436/1436 1387/1387 2574/2574
f 1457/1457 2560/2560 2559/2559
f 1440/1440 1459/1459 2575/2575
f 1382/1382 1461/1461 1458/1458
f 1458/1458 2576/2576 2560/2560
f 2560/2560 1457/1457 1458/1458
f 1459/1459 1376/1376 2577/2577
f 1402/1402 1433/1433 1459/1459
f 1433/1433 1376/1376 1459/1459
f 1384/1384 1378/1378 1460/1460
f 1460/1460 1461/1461 1384/1384
f 1382/1382 1384/1384 1461/1461
f 1458/1458 1460/1460 1462/1462
f 2563/2563 1440/1440 2578/2578
f 1440/1440 2575/2575 2578/2578
f 1369/1369 2568/2568 1460/1460
f 1459/1459 2577/2577 2575/2575
f 1402/1402 1459/1459 1440/1440
f 1458/1458 1461/1461 1460/1460
f 1446/1446 1464/1464 1463/1463
f 1465/1465 1530/1530 1464/1464
f 1464/1464 1446/1446 1531/1531
f 1373/1373 1470/1470 1466/1466
f 1410/1410 1429/1429 1466/1466
f 1403/1403 1446/1446 1468/1468
f 1468/1468 1467/1467 1403/1403
f 1420/1420 1403/1403 1467/1467
f 1373/1373 1419/1419 1414/1414
f 1429/1429 1374/1374 1466/1466
f 1468/1468 1446/1446 1392/1392
f 1371/1371 1412/1412 1410/1410
f 1403/1403 1420/1420 1469/1469
f 1469/1469 1531/1531 1403/1403
f 1446/1446 1403/1403 1531/1531
f 1470/1470 1373/1373 1414/1414
f 1470/1470 1371/1371 1466/1466
f 1447/1447 2565/2565 1449/1449
f 2579/2579 1432/1432 1449/1449
f 1423/1423 1430/1430 2564/2564
f 1447/1447 1335/1335 2566/2566
f 2566/2566 1335/1335 2580/2580
f 1471/1471 1346/1346 1347/1347
f 1335/1335 1346/1346 2580/2580
f 1472/1472 1334/1334 1340/1340
f 1340/1340 1392/1392 1472/1472
f 1472/1472 1394/1394 1471/1471
f 1443/1443 1404/1404 1394/1394
f 2545/2545 2579/2579 1449/1449
f 2581/2581 2582/2582 1514/1514
f 1514/1514 2583/2583 1515/1515
f 1515/1515 2583/2583 1476/1476
f 1514/1514 2582/2582 2583/2583
f 1357/1357 1478/1478 1350/1350
f 1498/1498 1353/1353 1474/1474
f 1353/1353 1498/1498 1507/1507
f 1491/1491 1492/1492 1483/1483
f 1497/1497 1517/1517 1488/1488
f 2581/2581 1486/1486 1477/1477
f 2584/2584 1490/1490 1489/1489
f 1490/1490 2584/2584 2585/2585
f 1489/1489 1509/1509 2586/2586
f 1365/1365 1520/1520 1490/1490
f 1489/1489 1519/1519 1509/1509
f 1481/1481 1482/1482 1494/1494
f 1494/1494 1491/1491 1481/1481
f 1478/1478 1510/1510 1495/1495
f 1498/1498 1495/1495 1510/1510
f 1498/1498 1488/1488 1495/1495
f 1498/1498 1474/1474 1488/1488
f 1511/1511 1358/1358 1527/1527
f 1510/1510 1507/1507 1498/1498
f 1366/1366 1363/1363 1493/1493
f 1493/1493 1496/1496 1366/1366
f 1475/1475 2581/2581 1477/1477
f 1501/1501 1527/1527 1358/1358
f 1519/1519 1489/1489 1487/1487
f 1506/1506 1493/1493 1363/1363
f 1363/1363 1364/1364 1506/1506
f 1500/1500 1493/1493 1492/1492
f 1518/1518 1500/1500 1492/1492
f 1496/1496 1505/1505 1487/1487
f 1518/1518 1505/1505 1500/1500
f 1496/1496 1354/1354 1366/1366
f 1504/1504 1519/1519 1505/1505
f 1503/1503 1499/1499 1494/1494
f 1350/1350 1502/1502 1501/1501
f 1518/1518 1492/1492 1499/1499
f 1491/1491 1499/1499 1492/1492
f 1505/1505 1499/1499 1504/1504
f 1499/1499 1505/1505 1518/1518
f 1352/1352 1508/1508 1360/1360
f 1352/1352 1353/1353 1507/1507
f 1494/1494 1499/1499 1491/1491
f 1504/1504 1503/1503 1519/1519
f 1509/1509 1519/1519 1503/1503
f 1474/1474 1477/1477 1486/1486
f 1479/1479 1494/1494 1480/1480
f 1479/1479 1509/1509 1503/1503
f 1499/1499 1503/1503 1504/1504
f 1479/1479 1503/1503 1494/1494
f 1489/1489 2586/2586 2584/2584
f 1480/1480 1497/1497 1512/1512
f 1497/1497 1480/1480 1517/1517
f 1478/1478 1508/1508 1510/1510
f 1351/1351 1506/1506 1364/1364
f 1357/1357 1508/1508 1478/1478
f 1495/1495 1517/1517 1482/1482
f 1493/1493 1511/1511 1492/1492
f 1483/1483 1481/1481 1491/1491
f 2587/2587 1365/1365 2585/2585
f 1480/1480 1482/1482 1517/1517
f 1354/1354 1520/1520 1365/1365
f 1490/1490 2585/2585 1365/1365
f 1361/1361 1350/1350 1501/1501
f 1358/1358 1361/1361 1501/1501
f 1352/1352 1507/1507 1508/1508
f 1357/1357 1360/1360 1508/1508
f 1497/1497 1486/1486 2581/2581
f 1488/1488 1474/1474 1497/1497
f 1486/1486 1497/1497 1474/1474
f 1508/1508 1507/1507 1510/1510
f 1483/1483 1511/1511 1502/1502
f 1517/1517 1495/1495 1488/1488
f 1475/1475 1477/1477 1485/1485
f 1506/1506 1511/1511 1493/1493
f 1506/1506 1351/1351 1511/1511
f 1359/1359 1358/1358 1511/1511
f 1359/1359 1511/1511 1351/1351
f 1515/1515 2588/2588 1513/1513
f 1512/1512 2581/2581 1516/1516
f 1516/1516 2581/2581 1514/1514
f 1514/1514 1513/1513 1516/1516
f 1516/1516 1513/1513 1512/1512
f 1476/1476 2588/2588 1515/1515
f 1515/1515 1513/1513 1514/1514
f 2586/2586 1509/1509 1479/1479
f 1489/1489 1490/1490 1487/1487
f 2581/2581 1512/1512 1497/1497
f 1484/1484 2588/2588 2586/2586
f 1513/1513 1480/1480 1512/1512
f 1513/1513 2588/2588 1484/1484
f 1479/1479 1484/1484 2586/2586
f 1479/1479 1480/1480 1484/1484
f 1513/1513 1484/1484 1480/1480
f 1502/1502 1478/1478 1526/1526
f 1526/1526 1483/1483 1502/1502
f 1478/1478 1495/1495 1482/1482
f 1482/1482 1481/1481 1478/1478
f 1492/1492 1511/1511 1483/1483
f 1482/1482 1480/1480 1494/1494
f 1474/1474 1353/1353 1521/1521
f 1475/1475 1473/1473 1355/1355
f 1362/1362 1475/1475 1355/1355
f 1356/1356 1521/1521 1353/1353
f 1485/1485 1473/1473 1475/1475
f 1477/1477 1474/1474 1521/1521
f 1521/1521 1485/1485 1477/1477
f 1500/1500 1496/1496 1493/1493
f 1496/1496 1500/1500 1505/1505
f 1354/1354 1496/1496 1520/1520
f 1487/1487 1490/1490 1520/1520
f 1487/1487 1520/1520 1496/1496
f 1521/1521 1523/1523 1524/1524
f 1524/1524 1485/1485 1521/1521
f 1485/1485 1524/1524 1525/1525
f 1525/1525 1473/1473 1485/1485
f 1348/1348 1521/1521 1356/1356
f 1521/1521 1348/1348 1523/1523
f 1525/1525 1355/1355 1473/1473
f 1355/1355 1525/1525 1349/1349
f 1475/1475 1367/1367 1522/1522
f 1367/1367 1475/1475 1362/1362
f 2581/2581 1475/1475 1522/1522
f 1505/1505 1519/1519 1487/1487
f 1350/1350 1478/1478 1502/1502
f 2583/2583 2589/2589 1476/1476
f 1476/1476 2589/2589 2588/2588
f 1483/1483 1526/1526 1481/1481
f 1526/1526 1478/1478 1481/1481
f 1511/1511 1527/1527 1502/1502
f 1527/1527 1501/1501 1502/1502
f 1528/1528 1463/1463 1393/1393
f 1528/1528 1393/1393 1444/1444
f 1528/1528 1443/1443 1446/1446
f 1426/1426 1393/1393 1529/1529
f 1529/1529 1530/1530 1374/1374
f 1529/1529 1423/1423 1428/1428
f 1463/1463 1464/1464 1530/1530
f 1465/1465 1373/1373 1530/1530
f 1373/1373 1374/1374 1530/1530
f 1529/1529 1393/1393 1463/1463
f 1463/1463 1530/1530 1529/1529
f 1419/1419 1465/1465 1531/1531
f 1531/1531 1465/1465 1464/1464
f 1421/1421 1420/1420 1532/1532
f 1467/1467 1338/1338 1532/1532
f 1338/1338 1337/1337 1532/1532
f 2549/2549 2548/2548 1426/1426
f 1533/1533 2579/2579 2545/2545
f 1371/1371 1470/1470 1535/1535
f 1535/1535 1534/1534 1371/1371
f 2544/2544 1371/1371 1534/1534
f 1535/1535 1470/1470 1414/1414
f 1568/1568 1703/1703 1702/1702
f 1702/1702 1543/1543 1568/1568
f 1570/1570 1538/1538 1608/1608
f 1585/1585 1584/1584 1567/1567
f 1541/1541 1542/1542 1634/1634
f 1538/1538 1570/1570 1600/1600
f 2590/2590 1537/1537 1620/1620
f 1537/1537 2590/2590 2591/2591
f 1582/1582 1559/1559 1583/1583
f 1559/1559 1582/1582 1703/1703
f 1540/1540 1617/1617 1615/1615
f 1539/1539 1634/1634 1578/1578
f 1591/1591 1542/1542 1697/1697
f 1537/1537 2592/2592 1546/1546
f 1537/1537 2591/2591 2592/2592
f 2593/2593 1560/1560 1636/1636
f 1560/1560 2593/2593 2594/2594
f 2595/2595 1573/1573 1586/1586
f 1543/1543 1563/1563 1567/1567
f 1558/1558 1573/1573 1606/1606
f 1558/1558 1547/1547 1545/1545
f 1545/1545 1547/1547 1553/1553
f 1544/1544 1547/1547 1610/1610
f 2596/2596 2597/2597 1554/1554
f 1546/1546 2598/2598 1552/1552
f 1546/1546 2592/2592 2598/2598
f 1552/1552 1554/1554 1550/1550
f 1548/1548 1586/1586 1607/1607
f 1586/1586 1558/1558 1607/1607
f 1603/1603 1555/1555 1549/1549
f 1555/1555 1603/1603 1604/1604
f 1577/1577 1586/1586 1548/1548
f 1554/1554 2598/2598 2596/2596
f 1552/1552 2598/2598 1554/1554
f 1558/1558 1606/1606 1547/1547
f 1586/1586 1573/1573 1558/1558
f 1555/1555 1551/1551 1623/1623
f 1577/1577 1548/1548 1575/1575
f 1549/1549 1556/1556 1548/1548
f 1549/1549 1576/1576 1556/1556
f 1549/1549 1593/1593 1576/1576
f 1575/1575 1556/1556 1576/1576
f 2599/2599 2600/2600 1623/1623
f 2600/2600 1574/1574 1623/1623
f 1555/1555 1574/1574 1557/1557
f 2600/2600 2601/2601 1574/1574
f 1575/1575 1548/1548 1556/1556
f 1558/1558 1545/1545 2602/2602
f 1543/1543 1567/1567 1568/1568
f 1560/1560 1562/1562 1611/1611
f 1612/1612 1595/1595 1613/1613
f 1595/1595 1612/1612 1572/1572
f 1594/1594 1596/1596 1697/1697
f 1542/1542 1591/1591 1597/1597
f 1541/1541 1587/1587 1633/1633
f 2603/2603 1539/1539 1580/1580
f 1640/1640 2604/2604 1639/1639
f 2604/2604 1640/1640 2605/2605
f 1562/1562 1560/1560 1640/1640
f 1563/1563 1543/1543 1581/1581
f 1543/1543 2603/2603 1581/1581
f 1581/1581 1585/1585 1563/1563
f 1563/1563 1585/1585 1567/1567
f 2603/2603 1543/1543 1702/1702
f 1584/1584 1566/1566 1567/1567
f 1566/1566 1584/1584 1564/1564
f 1569/1569 1583/1583 1567/1567
f 1567/1567 1583/1583 1568/1568
f 1568/1568 1583/1583 1559/1559
f 1568/1568 1559/1559 1703/1703
f 1565/1565 1567/1567 1566/1566
f 1567/1567 1565/1565 1569/1569
f 1537/1537 1546/1546 1628/1628
f 1587/1587 1582/1582 1589/1589
f 1589/1589 1637/1637 1587/1587
f 1589/1589 1588/1588 1637/1637
f 2606/2606 1700/1700 1589/1589
f 1589/1589 2607/2607 2606/2606
f 1588/1588 1700/1700 1635/1635
f 1587/1587 1637/1637 1699/1699
f 1590/1590 2608/2608 1701/1701
f 2601/2601 1557/1557 1574/1574
f 1593/1593 2609/2609 1576/1576
f 1557/1557 1592/1592 1593/1593
f 1592/1592 1557/1557 2601/2601
f 1592/1592 2609/2609 1593/1593
f 1573/1573 2595/2595 2610/2610
f 1594/1594 1613/1613 2611/2611
f 1596/1596 1594/1594 2612/2612
f 1579/1579 1609/1609 1598/1598
f 1597/1597 1599/1599 1578/1578
f 1597/1597 1591/1591 1598/1598
f 2613/2613 2614/2614 1573/1573
f 1540/1540 1600/1600 1617/1617
f 1596/1596 2615/2615 1591/1591
f 2616/2616 2617/2617 2618/2618
f 2619/2619 1573/1573 2614/2614
f 2620/2620 2617/2617 2621/2621
f 2617/2617 2620/2620 2618/2618
f 1536/1536 1601/1601 1610/1610
f 1601/1601 1536/1536 2619/2619
f 1601/1601 1544/1544 1610/1610
f 1536/1536 1573/1573 2619/2619
f 1550/1550 1625/1625 1626/1626
f 1550/1550 1622/1622 1624/1624
f 1622/1622 1550/1550 1554/1554
f 2599/2599 1551/1551 2622/2622
f 1555/1555 1593/1593 1549/1549
f 1593/1593 1555/1555 1557/1557
f 1550/1550 2623/2623 1625/1625
f 2623/2623 1550/1550 1624/1624
f 1602/1602 1603/1603 2602/2602
f 1604/1604 1603/1603 1602/1602
f 1605/1605 1602/1602 2602/2602
f 1548/1548 1603/1603 1549/1549
f 2624/2624 2623/2623 2625/2625
f 2602/2602 2626/2626 1605/1605
f 1606/1606 1573/1573 1536/1536
f 1547/1547 1606/1606 1536/1536
f 1548/1548 1607/1607 1603/1603
f 1607/1607 1558/1558 2602/2602
f 1603/1603 1607/1607 2602/2602
f 1570/1570 1601/1601 2619/2619
f 1608/1608 1538/1538 2627/2627
f 1598/1598 1609/1609 1597/1597
f 1598/1598 2628/2628 1579/1579
f 1597/1597 1609/1609 1599/1599
f 1610/1610 1547/1547 1536/1536
f 1611/1611 1612/1612 1696/1696
f 1612/1612 1594/1594 1561/1561
f 1594/1594 1612/1612 1613/1613
f 2611/2611 1613/1613 1595/1595
f 1611/1611 1614/1614 1560/1560
f 2593/2593 1635/1635 2629/2629
f 1635/1635 2593/2593 1636/1636
f 1631/1631 1614/1614 1696/1696
f 1611/1611 1572/1572 1612/1612
f 2630/2630 1617/1617 2608/2608
f 1615/1615 2630/2630 2631/2631
f 2632/2632 1616/1616 2633/2633
f 2634/2634 1616/1616 1615/1615
f 1616/1616 2634/2634 2633/2633
f 1615/1615 1616/1616 1618/1618
f 2590/2590 1620/1620 2635/2635
f 1540/1540 1615/1615 1618/1618
f 2632/2632 1618/1618 1616/1616
f 1540/1540 1618/1618 1621/1621
f 2636/2636 1619/1619 1537/1537
f 2637/2637 2638/2638 1618/1618
f 1618/1618 2638/2638 1621/1621
f 2639/2639 2637/2637 1618/1618
f 2632/2632 2639/2639 1618/1618
f 1540/1540 1621/1621 1600/1600
f 1538/1538 1600/1600 1621/1621
f 1621/1621 2638/2638 1538/1538
f 1622/1622 2640/2640 2641/2641
f 2640/2640 1622/1622 2642/2642
f 1554/1554 2597/2597 1622/1622
f 1622/1622 2597/2597 2642/2642
f 1623/1623 1551/1551 2599/2599
f 1623/1623 1574/1574 1555/1555
f 2643/2643 1551/1551 1555/1555
f 1624/1624 1622/1622 2641/2641
f 1604/1604 2643/2643 1555/1555
f 1625/1625 2623/2623 2624/2624
f 1608/1608 2644/2644 1627/1627
f 1550/1550 1626/1626 1629/1629
f 1626/1626 2624/2624 2645/2645
f 2624/2624 1626/1626 1625/1625
f 1627/1627 2646/2646 1544/1544
f 1570/1570 1627/1627 1601/1601
f 1601/1601 1627/1627 1544/1544
f 1552/1552 1628/1628 1546/1546
f 1628/1628 1552/1552 1629/1629
f 1550/1550 1629/1629 1552/1552
f 1626/1626 1630/1630 1628/1628
f 2627/2627 2647/2647 1608/1608
f 1608/1608 2647/2647 2644/2644
f 1537/1537 1628/1628 2636/2636
f 1627/1627 2644/2644 2646/2646
f 1570/1570 1608/1608 1627/1627
f 1626/1626 1628/1628 1629/1629
f 1614/1614 1631/1631 1632/1632
f 1633/1633 1632/1632 1698/1698
f 1632/1632 1699/1699 1614/1614
f 1541/1541 1634/1634 1638/1638
f 1578/1578 1634/1634 1597/1597
f 1571/1571 1636/1636 1614/1614
f 1636/1636 1571/1571 1635/1635
f 1588/1588 1635/1635 1571/1571
f 1541/1541 1582/1582 1587/1587
f 1597/1597 1634/1634 1542/1542
f 1636/1636 1560/1560 1614/1614
f 1539/1539 1578/1578 1580/1580
f 1571/1571 1637/1637 1588/1588
f 1637/1637 1571/1571 1699/1699
f 1614/1614 1699/1699 1571/1571
f 1638/1638 1582/1582 1541/1541
f 1638/1638 1634/1634 1539/1539
f 1615/1615 1617/1617 2630/2630
f 2648/2648 1617/1617 1600/1600
f 1591/1591 2628/2628 1598/1598
f 1615/1615 2631/2631 2634/2634
f 2631/2631 2649/2649 2634/2634
f 1639/1639 2604/2604 2650/2650
f 2634/2634 2649/2649 2650/2650
f 1640/1640 2594/2594 2605/2605
f 2594/2594 1640/1640 1560/1560
f 1640/1640 1639/1639 1562/1562
f 1611/1611 1562/1562 1572/1572
f 2608/2608 1617/1617 2648/2648
f 2651/2651 1682/1682 2652/2652
f 1682/1682 1683/1683 2653/2653
f 1683/1683 1644/1644 2653/2653
f 1682/1682 2653/2653 2652/2652
f 2654/2654 2655/2655 1646/1646
f 1666/1666 1642/1642 2656/2656
f 2656/2656 1675/1675 1666/1666
f 1659/1659 1651/1651 1660/1660
f 1665/1665 1656/1656 1685/1685
f 2651/2651 1645/1645 1654/1654
f 2657/2657 1657/1657 1658/1658
f 1658/1658 2658/2658 2657/2657
f 1657/1657 2659/2659 1677/1677
f 2660/2660 1658/1658 1688/1688
f 1657/1657 1677/1677 1687/1687
f 1649/1649 1662/1662 1650/1650
f 1662/1662 1649/1649 1659/1659
f 1646/1646 1663/1663 1678/1678
f 1666/1666 1678/1678 1663/1663
f 1666/1666 1663/1663 1656/1656
f 1666/1666 1656/1656 1642/1642
f 1679/1679 1695/1695 2661/2661
f 1678/1678 1666/1666 1675/1675
f 2662/2662 1664/1664 1661/1661
f 1661/1661 2663/2663 2662/2662
f 1643/1643 1645/1645 2651/2651
f 1669/1669 2661/2661 1695/1695
f 1687/1687 1655/1655 1657/1657
f 1674/1674 2664/2664 2663/2663
f 2663/2663 1661/1661 1674/1674
f 1668/1668 1660/1660 1661/1661
f 1686/1686 1660/1660 1668/1668
f 1664/1664 1655/1655 1673/1673
f 1686/1686 1668/1668 1673/1673
f 1664/1664 2662/2662 2665/2665
f 1672/1672 1673/1673 1687/1687
f 1671/1671 1662/1662 1667/1667
f 2655/2655 1669/1669 1670/1670
f 1686/1686 1667/1667 1660/1660
f 1659/1659 1660/1660 1667/1667
f 1673/1673 1672/1672 1667/1667
f 1667/1667 1686/1686 1673/1673
f 2666/2666 2667/2667 1676/1676
f 2666/2666 1675/1675 2656/2656
f 1662/1662 1659/1659 1667/1667
f 1672/1672 1687/1687 1671/1671
f 1677/1677 1671/1671 1687/1687
f 1642/1642 1654/1654 1645/1645
f 1647/1647 1648/1648 1662/1662
f 1647/1647 1671/1671 1677/1677
f 1667/1667 1672/1672 1671/1671
f 1647/1647 1662/1662 1671/1671
f 1657/1657 2657/2657 2659/2659
f 1648/1648 1680/1680 1665/1665
f 1665/1665 1685/1685 1648/1648
f 1646/1646 1678/1678 1676/1676
f 2668/2668 2664/2664 1674/1674
f 2654/2654 1646/1646 1676/1676
f 1663/1663 1650/1650 1685/1685
f 1661/1661 1660/1660 1679/1679
f 1651/1651 1659/1659 1649/1649
f 2669/2669 2658/2658 2660/2660
f 1648/1648 1685/1685 1650/1650
f 2665/2665 2660/2660 1688/1688
f 1658/1658 2660/2660 2658/2658
f 2670/2670 1669/1669 2655/2655
f 2661/2661 1669/1669 2670/2670
f 2666/2666 1676/1676 1675/1675
f 2654/2654 1676/1676 2667/2667
f 1665/1665 2651/2651 1654/1654
f 1656/1656 1665/1665 1642/1642
f 1654/1654 1642/1642 1665/1665
f 1676/1676 1678/1678 1675/1675
f 1651/1651 1670/1670 1679/1679
f 1685/1685 1656/1656 1663/1663
f 1643/1643 1653/1653 1645/1645
f 1674/1674 1661/1661 1679/1679
f 1674/1674 1679/1679 2668/2668
f 2671/2671 1679/1679 2661/2661
f 2671/2671 2668/2668 1679/1679
f 1683/1683 1681/1681 2672/2672
f 1680/1680 1684/1684 2651/2651
f 1684/1684 1682/1682 2651/2651
f 1682/1682 1684/1684 1681/1681
f 1684/1684 1680/1680 1681/1681
f 1644/1644 1683/1683 2672/2672
f 1683/1683 1682/1682 1681/1681
f 2659/2659 1647/1647 1677/1677
f 1657/1657 1655/1655 1658/1658
f 2651/2651 1665/1665 1680/1680
f 1652/1652 2659/2659 2672/2672
f 1681/1681 1680/1680 1648/1648
f 1681/1681 1652/1652 2672/2672
f 1647/1647 2659/2659 1652/1652
f 1647/1647 1652/1652 1648/1648
f 1681/1681 1648/1648 1652/1652
f 1670/1670 1694/1694 1646/1646
f 1694/1694 1670/1670 1651/1651
f 1646/1646 1650/1650 1663/1663
f 1650/1650 1646/1646 1649/1649
f 1660/1660 1651/1651 1679/1679
f 1650/1650 1662/1662 1648/1648
f 1642/1642 1689/1689 2656/2656
f 1643/1643 2673/2673 1641/1641
f 2674/2674 2673/2673 1643/1643
f 2675/2675 2656/2656 1689/1689
f 1653/1653 1643/1643 1641/1641
f 1645/1645 1689/1689 1642/1642
f 1689/1689 1645/1645 1653/1653
f 1668/1668 1661/1661 1664/1664
f 1664/1664 1673/1673 1668/1668
f 2665/2665 1688/1688 1664/1664
f 1655/1655 1688/1688 1658/1658
f 1655/1655 1664/1664 1688/1688
f 1689/1689 1692/1692 1691/1691
f 1692/1692 1689/1689 1653/1653
f 1653/1653 1693/1693 1692/1692
f 1693/1693 1653/1653 1641/1641
f 2676/2676 2675/2675 1689/1689
f 1689/1689 1691/1691 2676/2676
f 1693/1693 1641/1641 2673/2673
f 2673/2673 2677/2677 1693/1693
f 1643/1643 1690/1690 2678/2678
f 2678/2678 2674/2674 1643/1643
f 2651/2651 1690/1690 1643/1643
f 1673/1673 1655/1655 1687/1687
f 2655/2655 1670/1670 1646/1646
f 2653/2653 1644/1644 2679/2679
f 1644/1644 2672/2672 2679/2679
f 1651/1651 1649/1649 1694/1694
f 1694/1694 1649/1649 1646/1646
f 1679/1679 1670/1670 1695/1695
f 1695/1695 1670/1670 1669/1669
f 1696/1696 1561/1561 1631/1631
f 1696/1696 1612/1612 1561/1561
f 1696/1696 1614/1614 1611/1611
f 1594/1594 1697/1697 1561/1561
f 1697/1697 1542/1542 1698/1698
f 1697/1697 1596/1596 1591/1591
f 1631/1631 1698/1698 1632/1632
f 1633/1633 1698/1698 1541/1541
f 1541/1541 1698/1698 1542/1542
f 1697/1697 1698/1698 1631/1631
f 1631/1631 1561/1561 1697/1697
f 1587/1587 1699/1699 1633/1633
f 1699/1699 1632/1632 1633/1633
f 1589/1589 1700/1700 1588/1588
f 1635/1635 1700/1700 2629/2629
f 2629/2629 1700/1700 2606/2606
f 2612/2612 1594/1594 2611/2611
f 1701/1701 2608/2608 2648/2648
f 1539/1539 1702/1702 1703/1703
f 1703/1703 1638/1638 1539/1539
f 2603/2603 1702/1702 1539/1539
f 1703/1703 1582/1582 1638/1638
f 1707/1707 1706/1706 1704/1704
f 1704/1704 1705/1705 1707/1707
f 1704/1704 1708/1708 1709/1709
f 1709/1709 1705/1705 1704/1704
f 1710/1710 1706/1706 1707/1707
f 1707/1707 1711/1711 1710/1710
f 1712/1712 1710/1710 1711/1711
f 1711/1711 1713/1713 1712/1712
f 1713/1713 1714/1714 1712/1712
f 32/32 41/41 14/14
f 47/47 63/63 11/11
f 7/7 34/34 49/49
f 52/52 31/31 1715/1715
f 1716/1716 1717/1717 48/48
f 51/51 46/46 1718/1718
f 1719/1719 3/3 1720/1720
f 1721/1721 29/29 27/27
f 1722/1722 1723/1723 1724/1724
f 37/37 1725/1725 33/33
f 1726/1726 1727/1727 42/42
f 18/18 22/22 43/43
f 45/45 21/21 12/12
f 17/17 1728/1728 38/38
f 35/35 1729/1729 36/36
f 1730/1730 1731/1731 1732/1732
f 8/8 1733/1733 1734/1734
f 1735/1735 1736/1736 1737/1737
f 1738/1738 1739/1739 1740/1740
f 19/19 1741/1741 1742/1742
f 1743/1743 1744/1744 1745/1745
f 23/23 1746/1746 1747/1747
f 1748/1748 1749/1749 1750/1750
f 13/13 28/28 1751/1751
f 1752/1752 1753/1753 1754/1754
f 2/2 1755/1755 1756/1756
f 1757/1757 1758/1758 9/9
f 25/25 24/24 1759/1759
f 1760/1760 1761/1761 1762/1762
f 1763/1763 1764/1764 1765/1765
f 30/30 1766/1766 1767/1767
f 1768/1768 1769/1769 1770/1770
f 5/5 1771/1771 1772/1772
f 53/53 1773/1773 1774/1774
f 1775/1775 1776/1776 20/20
f 6/6 1/1 15/15
f 40/40 1777/1777 1778/1778
f 1779/1779 1780/1780 1781/1781
f 1782/1782 1783/1783 1784/1784
f 4/4 1785/1785 1786/1786
f 1787/1787 1788/1788 1789/1789
f 50/50 1790/1790 1791/1791
f 1792/1792 44/44 1793/1793
f 1794/1794 1795/1795 1796/1796
f 1797/1797 1798/1798 1799/1799
f 1800/1800 1801/1801 1802/1802
f 1803/1803 1804/1804 1805/1805
f 1806/1806 1807/1807 10/10
f 1808/1808 16/16 1809/1809
f 1810/1810 57/57 1811/1811
f 1812/1812 1813/1813 1814/1814
f 1815/1815 1816/1816 1817/1817
f 1818/1818 1819/1819 1820/1820
f 1821/1821 1822/1822 1823/1823
f 1824/1824 1825/1825 1826/1826
f 1827/1827 1828/1828 1829/1829
f 1830/1830 1831/1831 26/26
f 1832/1832 1833/1833 1834/1834
f 1835/1835 1836/1836 1837/1837
f 1838/1838 1839/1839 1840/1840
f 1841/1841 1842/1842 1843/1843
f 1844/1844 1845/1845 1846/1846
f 1847/1847 1848/1848 1849/1849
f 1850/1850 1851/1851 1852/1852
f 1853/1853 1854/1854 1855/1855
f 1856/1856 1857/1857 1858/1858
f 1859/1859 1860/1860 1861/1861
f 1862/1862 1863/1863 1864/1864
f 1865/1865 1866/1866 1867/1867
f 1868/1868 1869/1869 1870/1870
f 1871/1871 1872/1872 1873/1873
f 1874/1874 1875/1875 1876/1876
f 1877/1877 1878/1878 1879/1879
f 1880/1880 1881/1881 1882/1882
f 1883/1883 1884/1884 1885/1885
f 1886/1886 1887/1887 1888/1888
f 1889/1889 1890/1890 1891/1891
f 1892/1892 1893/1893 1894/1894
f 1895/1895 1896/1896 1897/1897
f 1898/1898 1899/1899 1900/1900
f 1901/1901 1902/1902 1903/1903
f 1904/1904 1905/1905 1906/1906
f 1907/1907 1908/1908 1909/1909
f 1910/1910 1911/1911 1912/1912
f 1913/1913 1914/1914 1915/1915
f 1916/1916 1917/1917 1918/1918
f 1919/1919 1920/1920 1921/1921
f 1922/1922 1923/1923 1924/1924
f 1925/1925 1926/1926 1927/1927
f 1928/1928 1929/1929 1930/1930
f 1931/1931 1932/1932 1933/1933
f 1934/1934 1935/1935 1936/1936
f 1937/1937 1938/1938 1939/1939
f 1940/1940 1941/1941 1942/1942
f 1943/1943 1944/1944 1945/1945
f 1946/1946 1947/1947 1948/1948
f 1949/1949 1950/1950 1951/1951
f 1952/1952 1953/1953 1954/1954
f 1955/1955 1956/1956 1957/1957
f 1958/1958 1959/1959 1960/1960
f 1961/1961 1962/1962 54/54
f 59/59 65/65 66/66
f 54/54 66/66 59/59
f 65/65 59/59 61/61
f 56/56 61/61 64/64
f 58/58 64/64 71/71
f 1964/1964 71/71 1965/1965
f 1967/1967 1965/1965 54/54
f 66/66 54/54 56/56
f 1969/1969 56/56 65/65
f 67/67 54/54 70/70
f 69/69 70/70 68/68
f 70/70 68/68 1972/1972
f 72/72 1972/1972 71/71
f 69/69 71/71 1968/1968
f 1966/1966 1968/1968 75/75
f 55/55 75/75 71/71
f 76/76 71/71 64/64
f 75/75 64/64 72/72
f 76/76 72/72 1973/1973
f 76/76 1973/1973 1974/1974
f 77/77 1976/1976 1977/1977
f 77/77 1978/1978 1979/1979
f 77/77 1977/1977 1976/1976
f 77/77 1979/1979 1978/1978
f 77/77 1974/1974 93/93
f 78/78 93/93 79/79
f 78/78 79/79 96/96
f 90/90 96/96 92/92
f 83/83 80/80 92/92
f 82/82 92/92 83/83
f 85/85 83/83 82/82
f 84/84 82/82 88/88
f 96/96 88/88 97/97
f 86/86 97/97 89/89
f 87/87 89/89 88/88
f 98/98 88/88 91/91
f 100/100 91/91 96/96
f 102/102 96/96 90/90
f 99/99 90/90 81/81
f 104/104 81/81 103/103
f 105/105 103/103 126/126
f 108/108 126/126 120/120
f 119/119 120/120 110/110
f 108/108 110/110 106/106
f 107/107 106/106 1981/1981
f 125/125 1981/1981 114/114
f 113/113 114/114 115/115
f 1981/1981 115/115 117/117
f 121/121 117/117 122/122
f 116/116 122/122 119/119
f 120/120 119/119 126/126
f 127/127 126/126 117/117
f 109/109 117/117 118/118
f 127/127 118/118 108/108
f 126/126 108/108 106/106
f 125/125 106/106 132/132
f 128/128 106/106 132/132
f 128/128 132/132 129/129
f 132/132 129/129 133/133
f 1983/1983 133/133 130/130
f 136/136 130/130 140/140
f 141/141 118/118 135/135
f 1985/1985 135/135 138/138
f 1984/1984 138/138 117/117
f 140/140 118/118 139/139
f 140/140 117/117 107/107
f 132/132 106/106 129/129
f 132/132 107/107 138/138
f 134/134 138/138 135/135
f 138/138 135/135 173/173
f 180/180 182/182 188/188
f 155/155 204/204 148/148
f 152/152 175/175 193/193
f 190/190 172/172 1987/1987
f 1988/1988 1989/1989 192/192
f 189/189 187/187 1990/1990
f 1991/1991 144/144 1992/1992
f 1993/1993 170/170 1994/1994
f 168/168 1995/1995 178/178
f 1996/1996 1997/1997 1998/1998
f 174/174 1999/1999 159/159
f 183/183 163/163 186/186
f 184/184 162/162 158/158
f 153/153 2000/2000 176/176
f 179/179 2001/2001 2002/2002
f 177/177 2003/2003 149/149
f 2004/2004 2005/2005 2006/2006
f 2007/2007 2008/2008 2009/2009
f 2010/2010 2011/2011 160/160
f 2012/2012 2013/2013 2014/2014
f 2015/2015 2016/2016 164/164
f 2017/2017 2018/2018 2019/2019
f 2020/2020 2021/2021 154/154
f 2022/2022 169/169 2023/2023
f 2024/2024 2025/2025 143/143
f 2026/2026 2027/2027 2028/2028
f 2029/2029 2030/2030 166/166
f 150/150 165/165 2031/2031
f 2032/2032 2033/2033 2034/2034
f 2035/2035 2036/2036 171/171
f 2037/2037 2038/2038 2039/2039
f 2040/2040 2041/2041 146/146
f 2042/2042 2043/2043 194/194
f 2044/2044 2045/2045 2046/2046
f 2047/2047 2048/2048 147/147
f 161/161 142/142 181/181
f 156/156 2049/2049 2050/2050
f 2051/2051 2052/2052 2053/2053
f 2054/2054 2055/2055 145/145
f 2056/2056 2057/2057 2058/2058
f 2059/2059 2060/2060 191/191
f 2061/2061 2062/2062 2063/2063
f 2064/2064 185/185 2065/2065
f 2066/2066 2067/2067 2068/2068
f 2069/2069 2070/2070 2071/2071
f 2072/2072 2073/2073 2074/2074
f 2075/2075 2076/2076 2077/2077
f 2078/2078 2079/2079 2080/2080
f 151/151 157/157 2081/2081
f 2082/2082 198/198 2083/2083
f 2084/2084 2085/2085 2086/2086
f 2087/2087 2088/2088 2089/2089
f 2090/2090 2091/2091 2092/2092
f 2093/2093 2094/2094 2095/2095
f 2096/2096 2097/2097 2098/2098
f 2099/2099 2100/2100 2101/2101
f 2102/2102 2103/2103 2104/2104
f 167/167 2105/2105 2106/2106
f 2107/2107 2108/2108 2109/2109
f 2110/2110 2111/2111 2112/2112
f 2113/2113 2114/2114 2115/2115
f 2116/2116 2117/2117 2118/2118
f 2119/2119 2120/2120 2121/2121
f 2122/2122 2123/2123 2124/2124
f 2125/2125 2126/2126 2127/2127
f 2128/2128 2129/2129 2130/2130
f 2131/2131 2132/2132 2133/2133
f 2134/2134 2135/2135 2136/2136
f 2137/2137 2138/2138 2139/2139
f 2140/2140 2141/2141 2142/2142
f 2143/2143 2144/2144 2145/2145
f 2146/2146 2147/2147 2148/2148
f 2149/2149 2150/2150 2151/2151
f 2152/2152 2153/2153 2154/2154
f 2155/2155 2156/2156 2157/2157
f 2158/2158 2159/2159 2160/2160
f 2161/2161 2162/2162 2163/2163
f 2164/2164 2165/2165 2166/2166
f 2167/2167 2168/2168 2169/2169
f 2170/2170 2171/2171 2172/2172
f 2173/2173 2174/2174 2175/2175
f 2176/2176 2177/2177 2178/2178
f 2179/2179 2180/2180 2181/2181
f 2182/2182 2183/2183 2184/2184
f 2185/2185 2186/2186 2187/2187
f 2188/2188 2189/2189 2190/2190
f 2191/2191 2192/2192 2193/2193
f 2194/2194 2195/2195 2196/2196
f 2197/2197 2198/2198 2199/2199
f 2200/2200 2201/2201 2202/2202
f 2203/2203 2204/2204 2205/2205
f 2206/2206 2207/2207 2208/2208
f 2209/2209 2210/2210 2211/2211
f 2212/2212 2213/2213 2214/2214
f 2215/2215 2216/2216 2217/2217
f 2218/2218 2219/2219 2220/2220
f 2221/2221 2222/2222 2223/2223
f 2224/2224 2225/2225 2226/2226
f 2227/2227 2228/2228 2229/2229
f 2230/2230 2231/2231 2232/2232
f 2233/2233 2234/2234 211/211
f 195/195 210/210 200/200
f 210/210 195/195 200/200
f 195/195 206/206 209/209
f 207/207 211/211 195/195
f 211/211 207/207 196/196
f 200/200 201/201 206/206
f 201/201 200/200 205/205
f 202/202 199/199 197/197
f 199/199 202/202 213/213
f 205/205 214/214 199/199
f 214/214 205/205 210/210
f 212/212 2235/2235 2236/2236
f 2235/2235 212/212 2237/2237
f 2238/2238 214/214 2239/2239
f 214/214 2238/2238 208/208
f 195/195 203/203 207/207
f 203/203 195/195 199/199
f 197/197 2240/2240 2241/2241
f 2240/2240 197/197 208/208
f 206/206 195/195 2242/2242
f 211/211 2235/2235 210/210
f 2235/2235 211/211 2243/2243
f 209/209 2242/2242 211/211
f 2242/2242 209/209 2239/2239
f 2244/2244 214/214 213/213
f 214/214 2244/2244 196/196
f 212/212 200/200 210/210
f 200/200 212/212 199/199
f 2240/2240 214/214 2237/2237
f 214/214 2240/2240 215/215
f 216/216 201/201 196/196
f 201/201 216/216 217/217
f 212/212 216/216 196/196
f 216/216 212/212 2236/2236
f 212/212 2245/2245 217/217
f 2245/2245 212/212 202/202
f 205/205 215/215 216/216
f 213/213 216/216 217/217
f 216/216 213/213 2244/2244
f 2245/2245 213/213 217/217
f 213/213 2245/2245 218/218
f 2246/2246 2247/2247 218/218
f 2247/2247 2248/2248 218/218
f 2249/2249 2250/2250 218/218
f 2251/2251 2249/2249 218/218
f 2248/2248 2251/2251 218/218
f 2250/2250 2252/2252 218/218
f 2252/2252 2246/2246 231/231
f 234/234 220/220 219/219
f 220/220 234/234 236/236
f 220/220 235/235 219/219
f 235/235 220/220 227/227
f 237/237 220/220 231/231
f 220/220 237/237 230/230
f 233/233 228/228 221/221
f 228/228 233/233 232/232
f 221/221 222/222 224/224
f 233/233 224/224 223/223
f 224/224 233/233 222/222
f 224/224 244/244 226/226
f 223/223 226/226 225/225
f 226/226 223/223 228/228
f 229/229 227/227 237/237
f 227/227 229/229 236/236
f 238/238 220/220 227/227
f 230/230 227/227 228/228
f 227/227 230/230 232/232
f 229/229 221/221 228/228
f 221/221 229/229 237/237
f 229/229 243/243 239/239
f 232/232 239/239 241/241
f 239/239 232/232 231/231
f 237/237 240/240 243/243
f 240/240 237/237 234/234
f 231/231 242/242 240/240
f 242/242 231/231 232/232
f 222/222 241/241 245/245
f 244/244 245/245 246/246
f 245/245 244/244 268/268
f 267/267 260/260 249/249
f 260/260 267/267 251/251
f 261/261 249/249 260/260
f 249/249 261/261 253/253
f 251/251 252/252 249/249
f 252/252 251/251 266/266
f 247/247 267/267 248/248
f 267/267 247/247 2253/2253
f 2254/2254 250/250 266/266
f 250/250 2254/2254 256/256
f 255/255 2254/2254 254/254
f 2254/2254 255/255 257/257
f 256/256 2253/2253 2254/2254
f 2253/2253 256/256 250/250
f 258/258 2253/2253 262/262
f 2253/2253 258/258 262/262
f 263/263 2253/2253 257/257
f 2253/2253 263/263 264/264
f 260/260 265/265 261/261
f 265/265 260/260 266/266
f 267/267 250/250 268/268
f 250/250 267/267 259/259
f 258/258 268/268 250/250
f 268/268 258/258 264/264
f 259/259 260/260 268/268
f 260/260 259/259 252/252
f 249/249 248/248 267/267
f 248/248 249/249 254/254
f 247/247 2254/2254 266/266
f 2254/2254 247/247 269/269
f 273/273 247/247 274/274
f 273/273 271/271 269/269
f 271/271 273/273 272/272
f 270/270 274/274 273/273
f 274/274 270/270 272/272
f 274/274 278/278 2255/2255
f 271/271 2255/2255 277/277
f 2255/2255 271/271 282/282
f 281/281 259/259 279/279
f 276/276 2256/2256 2257/2257
f 2256/2256 276/276 275/275
f 279/279 2258/2258 2256/2256
f 2258/2258 279/279 281/281
f 258/258 259/259 281/281
f 280/280 258/258 273/273
f 248/248 247/247 273/273
f 270/270 248/248 281/281
f 279/279 280/280 275/275
f 280/280 279/279 282/282
f 276/276 281/281 279/279
f 281/281 276/276 319/319
f 298/298 304/304 305/305
f 304/304 298/298 319/319
f 304/304 318/318 294/294
f 318/318 304/304 296/296
f 312/312 301/301 316/316
f 301/301 312/312 288/288
f 289/289 310/310 291/291
f 310/310 289/289 309/309
f 308/308 305/305 304/304
f 305/305 308/308 293/293
f 304/304 308/308 303/303
f 307/307 302/302 306/306
f 302/302 307/307 290/290
f 292/292 2259/2259 2260/2260
f 2259/2259 292/292 288/288
f 315/315 289/289 316/316
f 289/289 315/315 292/292
f 290/290 310/310 288/288
f 310/310 290/290 303/303
f 296/296 295/295 317/317
f 318/318 303/303 294/294
f 303/303 318/318 316/316
f 312/312 289/289 302/302
f 289/289 312/312 303/303
f 312/312 317/317 2259/2259
f 2261/2261 290/290 314/314
f 290/290 2261/2261 306/306
f 291/291 302/302 289/289
f 302/302 291/291 293/293
f 303/303 294/294 311/311
f 299/299 298/298 293/293
f 307/307 303/303 304/304
f 293/293 294/294 288/288
f 290/290 315/315 314/314
f 315/315 290/290 314/314
f 2261/2261 300/300 2262/2262
f 300/300 2261/2261 315/315
f 314/314 313/313 300/300
f 313/313 314/314 315/315
f 313/313 316/316 301/301
f 316/316 313/313 295/295
f 317/317 312/312 318/318
f 317/317 297/297 295/295
f 297/297 317/317 318/318
f 297/297 319/319 311/311
f 319/319 297/297 311/311
f 298/298 319/319 326/326
f 311/311 322/322 297/297
f 322/322 311/311 321/321
f 296/296 325/325 301/301
f 325/325 296/296 327/327
f 313/313 324/324 300/300
f 324/324 313/313 320/320
f 295/295 321/321 296/296
f 321/321 295/295 322/322
f 297/297 320/320 295/295
f 320/320 297/297 323/323
f 299/299 326/326 311/311
f 326/326 299/299 324/324
f 300/300 2263/2263 2262/2262
f 2263/2263 300/300 325/325
f 301/301 327/327 313/313
f 327/327 301/301 329/329
f 308/308 284/284 309/309
f 284/284 308/308 401/401
f 293/293 329/329 308/308
f 329/329 293/293 283/283
f 306/306 328/328 307/307
f 328/328 306/306 286/286
f 292/292 285/285 310/310
f 285/285 292/292 287/287
f 291/291 283/283 306/306
f 283/283 291/291 285/285
f 310/310 287/287 291/291
f 287/287 310/310 328/328
f 307/307 401/401 293/293
f 401/401 307/307 2264/2264
f 2260/2260 286/286 292/292
f 286/286 2260/2260 371/371
f 369/369 330/330 337/337
f 330/330 369/369 342/342
f 367/367 2265/2265 353/353
f 336/336 331/331 332/332
f 331/331 336/336 369/369
f 336/336 370/370 339/339
f 370/370 336/336 334/334
f 2266/2266 333/333 335/335
f 367/367 342/342 2267/2267
f 335/335 2268/2268 343/343
f 335/335 342/342 2265/2265
f 341/341 342/342 374/374
f 362/362 373/373 372/372
f 373/373 362/362 364/364
f 2269/2269 2270/2270 341/341
f 2271/2271 342/342 343/343
f 342/342 2272/2272 2271/2271
f 2272/2272 342/342 2267/2267
f 2273/2273 2265/2265 354/354
f 346/346 348/348 368/368
f 352/352 348/348 355/355
f 345/345 354/354 346/346
f 351/351 350/350 344/344
f 334/334 347/347 368/368
f 2274/2274 2268/2268 335/335
f 343/343 352/352 348/348
f 348/348 352/352 374/374
f 340/340 363/363 364/364
f 363/363 340/340 2275/2275
f 2276/2276 351/351 2275/2275
f 2275/2275 352/352 2277/2277
f 2274/2274 348/348 357/357
f 2278/2278 359/359 2279/2279
f 359/359 2278/2278 338/338
f 339/339 353/353 336/336
f 353/353 339/339 349/349
f 355/355 350/350 354/354
f 350/350 355/355 345/345
f 355/355 2280/2280 361/361
f 2280/2280 355/355 353/353
f 360/360 338/338 356/356
f 338/338 360/360 355/355
f 349/349 361/361 358/358
f 361/361 349/349 331/331
f 2281/2281 353/353 360/360
f 353/353 2281/2281 361/361
f 360/360 2280/2280 2281/2281
f 2280/2280 360/360 356/356
f 360/360 358/358 361/361
f 362/362 356/356 2282/2282
f 2283/2283 2278/2278 2279/2279
f 2278/2278 2283/2283 358/358
f 338/338 356/356 346/346
f 2277/2277 348/348 2282/2282
f 2266/2266 334/334 370/370
f 339/339 364/364 363/363
f 2285/2285 2269/2269 351/351
f 366/366 350/350 365/365
f 350/350 366/366 2276/2276
f 2286/2286 366/366 2276/2276
f 366/366 351/351 2287/2287
f 2271/2271 341/341 363/363
f 339/339 338/338 349/349
f 350/350 365/365 367/367
f 2267/2267 2265/2265 335/335
f 2267/2267 367/367 368/368
f 2274/2274 335/335 348/348
f 2274/2274 368/368 332/332
f 336/336 371/371 369/369
f 371/371 336/336 337/337
f 369/369 2270/2270 370/370
f 2270/2270 369/369 364/364
f 2270/2270 370/370 358/358
f 349/349 372/372 366/366
f 340/340 365/365 373/373
f 365/365 340/340 374/374
f 373/373 340/340 349/349
f 365/365 372/372 373/373
f 372/372 365/365 338/338
f 362/362 363/363 374/374
f 363/363 362/362 340/340
f 366/366 2288/2288 2286/2286
f 2288/2288 366/366 340/340
f 2288/2288 364/364 2285/2285
f 364/364 2288/2288 375/375
f 383/383 403/403 393/393
f 376/376 383/383 385/385
f 383/383 376/376 377/377
f 376/376 375/375 378/378
f 377/377 375/375 393/393
f 2289/2289 375/375 378/378
f 375/375 2289/2289 376/376
f 389/389 385/385 377/377
f 379/379 376/376 377/377
f 378/378 379/379 380/380
f 2289/2289 2290/2290 381/381
f 380/380 2291/2291 2290/2290
f 2291/2291 380/380 382/382
f 2292/2292 2293/2293 2294/2294
f 2293/2293 2292/2292 383/383
f 404/404 403/403 385/385
f 386/386 383/383 384/384
f 2295/2295 384/384 404/404
f 384/384 2295/2295 389/389
f 386/386 385/385 2295/2295
f 391/391 2296/2296 387/387
f 386/386 390/390 387/387
f 390/390 388/388 2296/2296
f 391/391 2297/2297 392/392
f 392/392 2293/2293 382/382
f 2293/2293 392/392 406/406
f 393/393 403/403 407/407
f 395/395 406/406 394/394
f 2289/2289 394/394 393/393
f 394/394 2289/2289 407/407
f 411/411 395/395 399/399
f 2290/2290 397/397 2289/2289
f 397/397 2290/2290 396/396
f 395/395 398/398 396/396
f 398/398 397/397 400/400
f 2291/2291 399/399 2290/2290
f 399/399 2291/2291 402/402
f 2293/2293 2298/2298 2294/2294
f 2298/2298 2293/2293 405/405
f 406/406 403/403 404/404
f 408/408 406/406 407/407
f 406/406 408/408 409/409
f 408/408 405/405 410/410
f 409/409 405/405 404/404
f 2295/2295 405/405 410/410
f 405/405 2295/2295 407/407
f 408/408 411/411 409/409
f 412/412 408/408 409/409
f 410/410 412/412 2295/2295
f 2296/2296 410/410 413/413
f 2297/2297 413/413 414/414
f 2293/2293 414/414 402/402
f 414/414 2293/2293 378/378
f 2289/2289 380/380 388/388
f 391/391 2295/2295 454/454
f 571/571 441/441 570/570
f 465/465 567/567 566/566
f 567/567 465/465 443/443
f 446/446 442/442 445/445
f 442/442 446/446 2299/2299
f 512/512 2300/2300 448/448
f 2300/2300 512/512 447/447
f 461/461 444/444 514/514
f 444/444 461/461 454/454
f 441/441 444/444 447/447
f 444/444 441/441 571/571
f 572/572 441/441 558/558
f 441/441 572/572 568/568
f 569/569 559/559 460/460
f 557/557 460/460 564/564
f 560/560 457/457 553/553
f 457/457 560/560 2301/2301
f 2302/2302 458/458 561/561
f 458/458 2302/2302 581/581
f 462/462 580/580 463/463
f 580/580 462/462 459/459
f 562/562 456/456 558/558
f 456/456 562/562 2303/2303
f 2304/2304 2305/2305 2306/2306
f 439/439 438/438 446/446
f 416/416 445/445 415/415
f 445/445 416/416 2299/2299
f 2307/2307 512/512 419/419
f 512/512 2307/2307 578/578
f 576/576 452/452 418/418
f 605/605 513/513 606/606
f 513/513 605/605 510/510
f 451/451 455/455 452/452
f 451/451 578/578 454/454
f 452/452 575/575 576/576
f 575/575 452/452 515/515
f 512/512 417/417 452/452
f 454/454 451/451 444/444
f 451/451 454/454 436/436
f 435/435 2308/2308 2303/2303
f 2308/2308 435/435 2309/2309
f 462/462 2308/2308 581/581
f 2308/2308 462/462 2310/2310
f 2311/2311 2312/2312 437/437
f 2312/2312 2311/2311 573/573
f 574/574 456/456 435/435
f 456/456 574/574 438/438
f 439/439 553/553 457/457
f 553/553 439/439 463/463
f 458/458 563/563 561/561
f 563/563 458/458 436/436
f 459/459 435/435 456/456
f 435/435 459/459 2311/2311
f 2301/2301 437/437 458/458
f 437/437 2301/2301 555/555
f 440/440 554/554 2313/2313
f 555/555 2314/2314 458/458
f 463/463 437/437 462/462
f 462/462 2312/2312 2309/2309
f 2312/2312 462/462 580/580
f 463/463 579/579 563/563
f 579/579 463/463 461/461
f 448/448 514/514 512/512
f 514/514 448/448 516/516
f 464/464 511/511 450/450
f 511/511 464/464 465/465
f 450/450 464/464 493/493
f 472/472 468/468 490/490
f 468/468 480/480 493/493
f 487/487 473/473 472/472
f 473/473 494/494 472/472
f 491/491 488/488 505/505
f 432/432 503/503 430/430
f 503/503 432/432 472/472
f 493/493 473/473 479/479
f 490/490 480/480 476/476
f 498/498 495/495 2315/2315
f 499/499 501/501 470/470
f 484/484 477/477 470/470
f 471/471 498/498 476/476
f 484/484 498/498 488/488
f 420/420 488/488 493/493
f 490/490 487/487 489/489
f 487/487 490/490 486/486
f 489/489 490/490 470/470
f 477/477 469/469 467/467
f 469/469 492/492 477/477
f 492/492 469/469 509/509
f 507/507 495/495 475/475
f 495/495 507/507 469/469
f 471/471 470/470 498/498
f 484/484 470/470 469/469
f 497/497 471/471 488/488
f 491/491 475/475 2316/2316
f 2315/2315 501/501 491/491
f 494/494 476/476 474/474
f 476/476 495/495 474/474
f 495/495 475/475 481/481
f 946/946 479/479 481/481
f 479/479 480/480 482/482
f 481/481 480/480 485/485
f 482/482 468/468 422/422
f 468/468 420/420 945/945
f 946/946 423/423 483/483
f 423/423 946/946 483/483
f 946/946 481/481 478/478
f 479/479 946/946 468/468
f 482/482 480/480 485/485
f 468/468 422/422 426/426
f 485/485 422/422 428/428
f 2317/2317 2318/2318 428/428
f 2318/2318 2319/2319 428/428
f 2319/2319 2320/2320 428/428
f 2320/2320 2321/2321 428/428
f 2321/2321 2322/2322 489/489
f 467/467 492/492 490/490
f 493/493 468/468 488/488
f 420/420 468/468 486/486
f 479/479 478/478 509/509
f 508/508 499/499 501/501
f 499/499 508/508 472/472
f 494/494 491/491 518/518
f 504/504 467/467 505/505
f 506/506 497/497 471/471
f 497/497 506/506 488/488
f 468/468 472/472 501/501
f 508/508 500/500 506/506
f 500/500 508/508 433/433
f 507/507 425/425 502/502
f 425/425 507/507 2316/2316
f 501/501 500/500 503/503
f 430/430 424/424 502/502
f 499/499 2315/2315 474/474
f 491/491 494/494 496/496
f 497/497 469/469 489/489
f 486/486 467/467 479/479
f 486/486 490/490 466/466
f 503/503 424/424 2324/2324
f 502/502 2315/2315 425/425
f 502/502 2325/2325 421/421
f 431/431 478/478 504/504
f 478/478 431/431 504/504
f 496/496 467/467 469/469
f 467/467 496/496 497/497
f 429/429 505/505 432/432
f 505/505 429/429 503/503
f 500/500 505/505 506/506
f 503/503 2326/2326 466/466
f 2326/2326 503/503 499/499
f 502/502 509/509 507/507
f 509/509 502/502 495/495
f 498/498 509/509 508/508
f 509/509 498/498 427/427
f 475/475 433/433 507/507
f 433/433 475/475 471/471
f 506/506 498/498 508/508
f 498/498 506/506 606/606
f 455/455 513/513 451/451
f 513/513 455/455 2325/2325
f 502/502 2324/2324 417/417
f 512/512 419/419 451/451
f 417/417 513/513 418/418
f 513/513 417/417 512/512
f 515/515 514/514 444/444
f 514/514 451/451 515/515
f 451/451 514/514 2323/2323
f 500/500 2326/2326 446/446
f 434/434 416/416 517/517
f 566/566 464/464 517/517
f 434/434 446/446 486/486
f 518/518 467/467 478/478
f 504/504 518/518 478/478
f 518/518 486/486 527/527
f 2327/2327 2328/2328 2329/2329
f 526/526 545/545 527/527
f 539/539 526/526 543/543
f 530/530 541/541 528/528
f 541/541 530/530 547/547
f 533/533 540/540 547/547
f 546/546 545/545 2327/2327
f 527/527 546/546 547/547
f 540/540 546/546 548/548
f 542/542 529/529 526/526
f 529/529 542/542 539/539
f 525/525 2329/2329 543/543
f 539/539 2332/2332 2329/2329
f 527/527 2328/2328 541/541
f 548/548 543/543 529/529
f 543/543 548/548 529/529
f 2331/2331 530/530 2330/2330
f 526/526 539/539 2333/2333
f 530/530 2334/2334 546/546
f 540/540 2327/2327 545/545
f 532/532 547/547 542/542
f 532/532 526/526 545/545
f 526/526 532/532 527/527
f 545/545 546/546 544/544
f 535/535 524/524 538/538
f 524/524 535/535 523/523
f 522/522 552/552 521/521
f 533/533 547/547 549/549
f 521/521 536/536 532/532
f 531/531 536/536 535/535
f 531/531 548/548 542/542
f 548/548 531/531 538/538
f 541/541 534/534 528/528
f 534/534 541/541 542/542
f 531/531 532/532 548/548
f 541/541 535/535 538/538
f 535/535 541/541 519/519
f 536/536 531/531 2335/2335
f 537/537 520/520 538/538
f 534/534 524/524 523/523
f 524/524 534/534 532/532
f 536/536 521/521 537/537
f 520/520 537/537 2335/2335
f 520/520 2336/2336 551/551
f 549/549 551/551 550/550
f 551/551 549/549 535/535
f 544/544 531/531 519/519
f 531/531 544/544 549/549
f 547/547 532/532 528/528
f 530/530 2333/2333 2337/2337
f 2337/2337 2338/2338 530/530
f 2331/2331 2337/2337 2329/2329
f 2332/2332 539/539 2339/2339
f 2327/2327 540/540 2340/2340
f 534/534 2333/2333 528/528
f 2333/2333 534/534 2340/2340
f 522/522 523/523 519/519
f 549/549 531/531 2341/2341
f 2306/2306 438/438 574/574
f 2304/2304 2303/2303 2342/2342
f 2306/2306 2341/2341 556/556
f 2343/2343 2314/2314 557/557
f 555/555 460/460 439/439
f 556/556 457/457 2304/2304
f 440/440 2313/2313 555/555
f 2313/2313 440/440 439/439
f 2306/2306 556/556 2314/2314
f 557/557 556/556 2314/2314
f 555/555 557/557 2306/2306
f 2343/2343 556/556 572/572
f 573/573 558/558 456/456
f 558/558 573/573 559/559
f 570/570 568/568 567/567
f 568/568 570/570 560/560
f 564/564 442/442 443/443
f 442/442 564/564 2302/2302
f 2300/2300 561/561 448/448
f 561/561 2300/2300 562/562
f 447/447 558/558 441/441
f 558/558 447/447 563/563
f 561/561 461/461 448/448
f 461/461 561/561 579/579
f 563/563 447/447 461/461
f 447/447 563/563 443/443
f 567/567 446/446 566/566
f 446/446 567/567 443/443
f 564/564 567/567 568/568
f 457/457 568/568 569/569
f 556/556 569/569 554/554
f 460/460 555/555 554/554
f 565/565 460/460 559/559
f 460/460 565/565 449/449
f 570/570 565/565 559/559
f 565/565 570/570 449/449
f 453/453 570/570 465/465
f 570/570 453/453 465/465
f 464/464 566/566 453/453
f 450/450 465/465 446/446
f 566/566 517/517 556/556
f 557/557 569/569 449/449
f 565/565 571/571 572/572
f 554/554 572/572 573/573
f 440/440 573/573 574/574
f 2304/2304 574/574 449/449
f 571/571 453/453 575/575
f 571/571 454/454 435/435
f 574/574 2303/2303 577/577
f 511/511 450/450 453/453
f 571/571 575/575 577/577
f 578/578 510/510 450/450
f 453/453 576/576 575/575
f 577/577 450/450 511/511
f 577/577 510/510 576/576
f 578/578 577/577 562/562
f 562/562 580/580 459/459
f 580/580 562/562 581/581
f 580/580 436/436 459/459
f 2308/2308 581/581 2344/2344
f 600/600 591/591 602/602
f 596/596 602/602 597/597
f 599/599 604/604 598/598
f 590/590 589/589 593/593
f 604/604 589/589 587/587
f 583/583 587/587 582/582
f 597/597 582/582 598/598
f 584/584 590/590 588/588
f 590/590 584/584 2345/2345
f 596/596 2344/2344 598/598
f 598/598 599/599 604/604
f 599/599 589/589 598/598
f 589/589 599/599 596/596
f 600/600 2344/2344 601/601
f 601/601 592/592 2345/2345
f 596/596 2345/2345 597/597
f 592/592 602/602 601/601
f 602/602 592/592 582/582
f 587/587 582/582 600/600
f 600/600 601/601 593/593
f 597/597 599/599 588/588
f 585/585 590/590 2347/2347
f 607/607 2348/2348 623/623
f 619/619 629/629 628/628
f 629/629 619/619 621/621
f 626/626 620/620 624/624
f 620/620 626/626 617/617
f 625/625 616/616 629/629
f 614/614 623/623 609/609
f 623/623 614/614 624/624
f 626/626 608/608 613/613
f 608/608 626/626 625/625
f 617/617 611/611 612/612
f 611/611 617/617 623/623
f 627/627 618/618 613/613
f 626/626 611/611 625/625
f 611/611 626/626 621/621
f 616/616 626/626 625/625
f 626/626 616/616 619/619
f 623/623 618/618 622/622
f 620/620 630/630 628/628
f 630/630 620/620 610/610
f 627/627 609/609 623/623
f 609/609 627/627 629/629
f 628/628 624/624 620/620
f 624/624 628/628 614/614
f 629/629 608/608 624/624
f 608/608 629/629 619/619
f 630/630 628/628 627/627
f 2349/2349 618/618 631/631
f 618/618 2349/2349 610/610
f 615/615 627/627 2349/2349
f 627/627 615/615 2349/2349
f 2350/2350 631/631 615/615
f 2351/2351 2349/2349 668/668
f 653/653 647/647 654/654
f 647/647 653/653 668/668
f 667/667 653/653 643/643
f 653/653 667/667 645/645
f 650/650 661/661 665/665
f 661/661 650/650 637/637
f 659/659 638/638 640/640
f 638/638 659/659 658/658
f 654/654 657/657 653/653
f 657/657 654/654 653/653
f 642/642 657/657 652/652
f 651/651 656/656 655/655
f 656/656 651/651 639/639
f 2352/2352 641/641 2353/2353
f 641/641 2352/2352 637/637
f 638/638 664/664 665/665
f 664/664 638/638 641/641
f 659/659 639/639 637/637
f 639/639 659/659 651/651
f 652/652 661/661 645/645
f 661/661 644/644 666/666
f 652/652 667/667 643/643
f 667/667 652/652 665/665
f 638/638 661/661 651/651
f 652/652 666/666 2352/2352
f 639/639 2354/2354 663/663
f 2354/2354 639/639 655/655
f 651/651 640/640 638/638
f 640/640 651/651 652/652
f 642/642 643/643 648/648
f 660/660 647/647 656/656
f 653/653 643/643 637/637
f 664/664 639/639 663/663
f 639/639 664/664 663/663
f 649/649 2354/2354 2355/2355
f 2354/2354 649/649 664/664
f 662/662 663/663 649/649
f 663/663 662/662 664/664
f 665/665 662/662 650/650
f 662/662 665/665 666/666
f 644/644 661/661 667/667
f 646/646 666/666 644/644
f 666/666 646/646 667/667
f 668/668 646/646 660/660
f 646/646 668/668 647/647
f 660/660 668/668 675/675
f 671/671 660/660 646/646
f 660/660 671/671 670/670
f 674/674 645/645 650/650
f 645/645 674/674 676/676
f 673/673 662/662 649/649
f 662/662 673/673 669/669
f 670/670 644/644 645/645
f 644/644 670/670 671/671
f 669/669 646/646 644/644
f 646/646 669/669 672/672
f 675/675 648/648 660/660
f 648/648 675/675 673/673
f 2356/2356 649/649 2355/2355
f 649/649 2356/2356 674/674
f 676/676 650/650 662/662
f 650/650 676/676 678/678
f 633/633 657/657 658/658
f 657/657 633/633 750/750
f 678/678 642/642 657/657
f 642/642 678/678 632/632
f 677/677 655/655 656/656
f 655/655 677/677 635/635
f 634/634 641/641 659/659
f 641/641 634/634 636/636
f 632/632 640/640 655/655
f 640/640 632/632 634/634
f 636/636 659/659 640/640
f 659/659 636/636 677/677
f 750/750 656/656 642/642
f 656/656 750/750 2357/2357
f 635/635 2353/2353 641/641
f 2353/2353 635/635 720/720
f 679/679 718/718 686/686
f 718/718 679/679 716/716
f 691/691 2358/2358 702/702
f 680/680 685/685 681/681
f 685/685 680/680 718/718
f 719/719 685/685 688/688
f 685/685 719/719 2359/2359
f 683/683 682/682 716/716
f 2360/2360 2361/2361 684/684
f 692/692 691/691 690/690
f 2358/2358 691/691 723/723
f 722/722 711/711 721/721
f 711/711 722/722 2362/2362
f 713/713 2363/2363 2364/2364
f 2364/2364 691/691 2366/2366
f 2360/2360 2358/2358 695/695
f 703/703 697/697 701/701
f 717/717 697/697 704/704
f 703/703 694/694 695/695
f 694/694 703/703 700/700
f 703/703 699/699 683/683
f 693/693 696/696 684/684
f 717/717 701/701 2367/2367
f 684/684 2361/2361 692/692
f 684/684 701/701 700/700
f 700/700 701/701 723/723
f 712/712 689/689 713/713
f 689/689 712/712 2368/2368
f 2369/2369 701/701 692/692
f 701/701 2365/2365 2369/2369
f 2365/2365 701/701 2367/2367
f 2370/2370 697/697 706/706
f 708/708 2371/2371 2372/2372
f 2371/2371 708/708 687/687
f 702/702 688/688 685/685
f 688/688 702/702 698/698
f 699/699 704/704 703/703
f 704/704 699/699 694/694
f 2373/2373 704/704 710/710
f 704/704 2373/2373 702/702
f 687/687 709/709 705/705
f 709/709 687/687 704/704
f 710/710 698/698 707/707
f 698/698 710/710 680/680
f 702/702 2374/2374 709/709
f 2374/2374 702/702 710/710
f 2373/2373 709/709 2374/2374
f 709/709 2373/2373 705/705
f 707/707 709/709 710/710
f 709/709 707/707 711/711
f 707/707 705/705 2375/2375
f 2371/2371 2376/2376 2372/2372
f 2376/2376 2371/2371 721/721
f 707/707 711/711 687/687
f 711/711 705/705 2370/2370
f 695/695 697/697 693/693
f 2375/2375 2376/2376 2359/2359
f 693/693 683/683 719/719
f 713/713 688/688 712/712
f 688/688 713/713 2378/2378
f 713/713 2362/2362 700/700
f 699/699 715/715 714/714
f 715/715 699/699 2379/2379
f 2368/2368 700/700 2364/2364
f 2380/2380 690/690 688/688
f 712/712 687/687 699/699
f 698/698 714/714 2360/2360
f 716/716 2358/2358 2360/2360
f 684/684 716/716 2367/2367
f 717/717 684/684 2367/2367
f 697/697 717/717 681/681
f 720/720 685/685 718/718
f 685/685 720/720 686/686
f 2363/2363 718/718 719/719
f 713/713 719/719 698/698
f 707/707 721/721 715/715
f 714/714 689/689 722/722
f 689/689 714/714 722/722
f 723/723 689/689 698/698
f 721/721 714/714 722/722
f 714/714 721/721 687/687
f 712/712 711/711 723/723
f 711/711 712/712 689/689
f 2381/2381 715/715 2379/2379
f 715/715 2381/2381 689/689
f 713/713 2381/2381 2378/2378
f 2381/2381 713/713 732/732
f 742/742 752/752 724/724
f 732/732 725/725 734/734
f 727/727 724/724 742/742
f 724/724 2382/2382 727/727
f 2382/2382 724/724 738/738
f 725/725 734/734 728/728
f 726/726 725/725 727/727
f 726/726 728/728 2382/2382
f 2383/2383 729/729 2385/2385
f 2387/2387 2385/2385 733/733
f 732/732 752/752 753/753
f 733/733 752/752 734/734
f 732/732 735/735 733/733
f 735/735 732/732 736/736
f 735/735 733/733 737/737
f 736/736 733/733 737/737
f 733/733 2388/2388 753/753
f 2388/2388 733/733 735/735
f 738/738 734/734 740/740
f 2388/2388 2389/2389 735/735
f 736/736 737/737 740/740
f 731/731 741/741 743/743
f 755/755 752/752 742/742
f 743/743 752/752 756/756
f 755/755 744/744 743/743
f 744/744 755/755 745/745
f 744/744 743/743 746/746
f 745/745 743/743 746/746
f 743/743 2382/2382 742/742
f 2382/2382 743/743 760/760
f 756/756 744/744 748/748
f 746/746 2383/2383 2382/2382
f 2383/2383 746/746 744/744
f 745/745 746/746 749/749
f 748/748 2384/2384 2383/2383
f 2384/2384 748/748 751/751
f 2391/2391 2386/2386 2387/2387
f 2386/2386 2391/2391 755/755
f 753/753 752/752 754/754
f 755/755 757/757 756/756
f 759/759 754/754 753/753
f 754/754 2388/2388 759/759
f 2388/2388 754/754 757/757
f 756/756 760/760 761/761
f 758/758 757/757 759/759
f 758/758 761/761 2388/2388
f 759/759 2389/2389 762/762
f 762/762 2390/2390 763/763
f 763/763 2386/2386 751/751
f 2386/2386 763/763 2382/2382
f 727/727 729/729 740/740
f 737/737 2388/2388 900/900
f 783/783 770/770 899/899
f 896/896 794/794 895/895
f 794/794 896/896 772/772
f 771/771 775/775 774/774
f 775/775 771/771 2392/2392
f 2393/2393 841/841 777/777
f 841/841 2393/2393 776/776
f 773/773 790/790 843/843
f 790/790 773/773 783/783
f 773/773 770/770 776/776
f 770/770 773/773 900/900
f 770/770 901/901 887/887
f 901/901 770/770 897/897
f 888/888 898/898 789/789
f 898/898 888/888 886/886
f 898/898 789/789 893/893
f 786/786 889/889 882/882
f 889/889 786/786 2394/2394
f 787/787 2395/2395 890/890
f 2395/2395 787/787 910/910
f 909/909 791/791 792/792
f 791/791 909/909 788/788
f 785/785 891/891 887/887
f 891/891 785/785 2396/2396
f 2397/2397 2398/2398 768/768
f 2399/2399 767/767 2400/2400
f 2401/2401 2400/2400 2402/2402
f 2403/2403 2402/2402 905/905
f 907/907 781/781 2404/2404
f 927/927 2404/2404 780/780
f 907/907 784/784 781/781
f 839/839 784/784 783/783
f 904/904 781/781 905/905
f 781/781 904/904 841/841
f 844/844 2406/2406 781/781
f 780/780 783/783 773/773
f 783/783 780/780 765/765
f 2407/2407 764/764 2397/2397
f 764/764 2407/2407 2408/2408
f 2407/2407 791/791 910/910
f 791/791 2407/2407 2409/2409
f 2410/2410 2411/2411 766/766
f 2411/2411 2410/2410 902/902
f 785/785 903/903 764/764
f 903/903 785/785 767/767
f 882/882 768/768 786/786
f 768/768 882/882 792/792
f 892/892 787/787 890/890
f 787/787 892/892 765/765
f 764/764 788/788 785/785
f 788/788 764/764 2411/2411
f 766/766 2394/2394 787/787
f 2394/2394 766/766 769/769
f 2412/2412 2413/2413 787/787
f 766/766 792/792 791/791
f 2410/2410 791/791 2408/2408
f 791/791 2410/2410 909/909
f 908/908 792/792 892/892
f 792/792 908/908 790/790
f 843/843 777/777 841/841
f 777/777 843/843 845/845
f 840/840 793/793 779/779
f 793/793 840/840 779/779
f 794/794 793/793 801/801
f 819/819 809/809 816/816
f 801/801 823/823 820/820
f 801/801 817/817 834/834
f 832/832 2414/2414 2415/2415
f 2414/2414 832/832 822/822
f 801/801 802/802 819/819
f 808/808 809/809 827/827
f 805/805 824/824 828/828
f 2416/2416 830/830 813/813
f 799/799 806/806 800/800
f 799/799 827/827 813/813
f 805/805 827/827 804/804
f 817/817 2417/2417 2418/2418
f 2417/2417 817/817 819/819
f 815/815 819/819 806/806
f 799/799 798/798 796/796
f 821/821 798/798 806/806
f 798/798 821/821 838/838
f 824/824 836/836 804/804
f 836/836 824/824 800/800
f 798/798 799/799 813/813
f 827/827 799/799 826/826
f 798/798 800/800 820/820
f 817/817 804/804 2416/2416
f 2419/2419 830/830 803/803
f 820/820 804/804 823/823
f 803/803 804/804 807/807
f 2420/2420 2418/2418 2421/2421
f 2422/2422 947/947 812/812
f 947/947 2422/2422 808/808
f 947/947 810/810 812/812
f 810/810 947/947 811/811
f 2423/2423 2420/2420 2424/2424
f 2425/2425 2430/2430 796/796
f 818/818 821/821 822/822
f 819/819 797/797 2418/2418
f 817/817 797/797 808/808
f 815/815 807/807 838/838
f 828/828 837/837 830/830
f 837/837 828/828 823/823
f 801/801 820/820 833/833
f 847/847 796/796 834/834
f 826/826 835/835 800/800
f 835/835 826/826 797/797
f 817/817 801/801 830/830
f 829/829 837/837 835/835
f 837/837 829/829 2431/2431
f 2432/2432 836/836 831/831
f 836/836 2432/2432 830/830
f 2419/2419 2433/2433 830/830
f 2433/2433 829/829 2415/2415
f 832/832 2434/2434 828/828
f 831/831 2416/2416 820/820
f 803/803 823/823 826/826
f 825/825 798/798 815/815
f 818/818 796/796 815/815
f 808/808 819/819 832/832
f 795/795 2434/2434 831/831
f 2435/2435 2416/2416 831/831
f 2432/2432 2436/2436 2437/2437
f 807/807 2438/2438 833/833
f 2438/2438 807/807 833/833
f 796/796 825/825 798/798
f 825/825 796/796 826/826
f 834/834 2439/2439 2414/2414
f 2439/2439 834/834 832/832
f 834/834 829/829 835/835
f 2440/2440 832/832 795/795
f 832/832 2440/2440 828/828
f 838/838 831/831 836/836
f 831/831 838/838 824/824
f 838/838 827/827 837/837
f 827/827 838/838 2417/2417
f 2431/2431 804/804 836/836
f 804/804 2431/2431 800/800
f 827/827 835/835 837/837
f 835/835 827/827 784/784
f 780/780 784/784 831/831
f 2436/2436 2435/2435 841/841
f 2406/2406 2403/2403 844/844
f 780/780 842/842 2406/2406
f 2405/2405 2406/2406 844/844
f 841/841 843/843 773/773
f 780/780 843/843 844/844
f 843/843 780/780 829/829
f 2433/2433 2440/2440 2441/2441
f 775/775 2400/2400 895/895
f 846/846 793/793 2441/2441
f 846/846 775/775 847/847
f 815/815 796/796 833/833
f 807/807 815/815 2442/2442
f 856/856 2443/2443 854/854
f 2444/2444 856/856 855/855
f 856/856 874/874 868/868
f 854/854 855/855 872/872
f 870/870 859/859 857/857
f 859/859 870/870 862/862
f 876/876 869/869 875/875
f 876/876 874/874 856/856
f 2442/2442 875/875 869/869
f 876/876 875/875 877/877
f 858/858 871/871 855/855
f 871/871 858/858 854/854
f 868/868 2444/2444 2445/2445
f 872/872 2446/2446 868/868
f 2445/2445 2447/2447 856/856
f 2444/2444 2443/2443 870/870
f 872/872 877/877 858/858
f 877/877 872/872 2445/2445
f 858/858 872/872 2446/2446
f 872/872 859/859 858/858
f 2445/2445 868/868 855/855
f 858/858 868/868 859/859
f 2448/2448 2449/2449 869/869
f 875/875 2442/2442 861/861
f 874/874 876/876 861/861
f 856/856 875/875 873/873
f 853/853 864/864 867/867
f 864/864 853/853 851/851
f 852/852 881/881 862/862
f 878/878 865/865 860/860
f 861/861 865/865 864/864
f 877/877 860/860 871/871
f 860/860 877/877 867/867
f 863/863 870/870 857/857
f 870/870 863/863 860/860
f 871/871 861/861 877/877
f 864/864 870/870 867/867
f 870/870 864/864 879/879
f 848/848 878/878 865/865
f 878/878 860/860 866/866
f 2450/2450 849/849 867/867
f 853/853 863/863 852/852
f 863/863 853/853 865/865
f 861/861 850/850 862/862
f 866/866 850/850 849/849
f 850/850 866/866 2450/2450
f 2451/2451 849/849 880/880
f 880/880 878/878 879/879
f 878/878 880/880 864/864
f 860/860 873/873 848/848
f 873/873 860/860 849/849
f 878/878 850/850 876/876
f 850/850 861/861 859/859
f 857/857 2448/2448 2449/2449
f 2449/2449 2453/2453 2446/2446
f 859/859 2452/2452 2447/2447
f 2444/2444 868/868 2442/2442
f 2454/2454 869/869 2455/2455
f 2448/2448 863/863 857/857
f 863/863 2448/2448 851/851
f 2455/2455 863/863 851/851
f 863/863 852/852 878/878
f 848/848 860/860 2399/2399
f 2456/2456 767/767 2396/2396
f 903/903 2397/2397 2399/2399
f 2457/2457 2456/2456 2458/2458
f 885/885 2413/2413 884/884
f 886/886 789/789 885/885
f 768/768 786/786 2396/2396
f 2412/2412 769/769 884/884
f 769/769 2412/2412 2399/2399
f 768/768 885/885 886/886
f 2413/2413 885/885 884/884
f 2413/2413 886/886 2458/2458
f 2399/2399 885/885 901/901
f 887/887 902/902 785/785
f 902/902 887/887 888/888
f 897/897 899/899 896/896
f 899/899 897/897 889/889
f 771/771 893/893 772/772
f 893/893 771/771 2395/2395
f 890/890 2393/2393 777/777
f 2393/2393 890/890 891/891
f 887/887 776/776 770/770
f 776/776 887/887 892/892
f 790/790 890/890 777/777
f 890/890 790/790 908/908
f 776/776 892/892 790/790
f 892/892 776/776 772/772
f 775/775 896/896 895/895
f 896/896 775/775 772/772
f 896/896 893/893 897/897
f 897/897 786/786 898/898
f 786/786 897/897 885/885
f 786/786 898/898 789/789
f 789/789 894/894 888/888
f 894/894 789/789 778/778
f 894/894 899/899 888/888
f 899/899 894/894 778/778
f 899/899 782/782 794/794
f 782/782 899/899 793/793
f 794/794 895/895 779/779
f 782/782 794/794 895/895
f 775/775 846/846 886/886
f 885/885 898/898 778/778
f 900/900 894/894 901/901
f 901/901 883/883 902/902
f 902/902 769/769 903/903
f 769/769 902/902 2396/2396
f 769/769 903/903 900/900
f 778/778 782/782 900/900
f 904/904 783/783 903/903
f 764/764 2397/2397 840/840
f 906/906 779/779 900/900
f 782/782 904/904 907/907
f 906/906 839/839 779/779
f 905/905 782/782 904/904
f 782/782 905/905 906/906
f 905/905 779/779 906/906
f 840/840 839/839 907/907
f 905/905 906/906 908/908
f 891/891 776/776 908/908
f 909/909 891/891 788/788
f 891/891 909/909 910/910
f 765/765 909/909 788/788
f 909/909 765/765 2407/2407
f 765/765 910/910 922/922
f 2459/2459 913/913 923/923
f 924/924 922/922 918/918
f 922/922 924/924 916/916
f 926/926 921/921 916/916
f 919/919 914/914 912/912
f 920/920 911/911 926/926
f 915/915 911/911 924/924
f 2460/2460 918/918 2461/2461
f 918/918 2460/2460 2462/2462
f 2463/2463 921/921 919/919
f 921/921 2463/2463 920/920
f 912/912 2464/2464 2465/2465
f 2464/2464 912/912 918/918
f 2466/2466 2459/2459 920/920
f 920/920 2464/2464 926/926
f 911/911 921/921 920/920
f 921/921 911/911 922/922
f 918/918 2459/2459 923/923
f 923/923 925/925 2467/2467
f 2466/2466 2461/2461 918/918
f 2461/2461 2466/2466 914/914
f 2463/2463 924/924 2460/2460
f 924/924 2463/2463 922/922
f 922/922 913/913 916/916
f 915/915 926/926 916/916
f 921/921 919/919 2468/2468
f 2465/2465 912/912 928/928
f 2469/2469 2470/2470 936/936
f 942/942 932/932 941/941
f 932/932 942/942 934/934
f 933/933 939/939 937/937
f 939/939 933/933 938/938
f 930/930 929/929 2471/2471
f 2472/2472 2471/2471 937/937
f 2473/2473 939/939 2474/2474
f 939/939 2473/2473 938/938
f 2475/2475 930/930 2476/2476
f 930/930 2475/2475 940/940
f 936/936 931/931 2474/2474
f 2475/2475 939/939 938/938
f 939/939 2475/2475 934/934
f 939/939 929/929 938/938
f 929/929 939/939 936/936
f 932/932 931/931 935/935
f 943/943 933/933 941/941
f 933/933 943/943 940/940
f 936/936 940/940 942/942
f 937/937 941/941 933/933
f 941/941 937/937 2471/2471
f 2473/2473 942/942 937/937
f 942/942 2473/2473 943/943
f 932/932 941/941 2478/2478
f 944/944 2478/2478 2479/2479
f 2478/2478 2479/2479 2480/2480
f 2478/2478 944/944 2481/2481
f 2479/2479 2478/2478 478/478
f 946/946 421/421 945/945
f 421/421 946/946 807/807
f 2437/2437 947/947 2421/2421
f 947/947 2437/2437 952/952
f 967/967 949/949 948/948
f 952/952 948/948 989/989
f 988/988 989/989 954/954
f 955/955 954/954 953/953
f 951/951 953/953 955/955
f 953/953 955/955 949/949
f 950/950 948/948 961/961
f 964/964 963/963 966/966
f 962/962 960/960 967/967
f 969/969 949/949 968/968
f 949/949 969/969 953/953
f 967/967 987/987 983/983
f 973/973 971/971 970/970
f 991/991 970/970 975/975
f 991/991 975/975 974/974
f 986/986 975/975 977/977
f 975/975 986/986 980/980
f 973/973 980/980 978/978
f 970/970 978/978 962/962
f 950/950 962/962 981/981
f 982/982 980/980 979/979
f 980/980 982/982 981/981
f 980/980 978/978 965/965
f 962/962 965/965 984/984
f 985/985 971/971 983/983
f 971/971 985/985 990/990
f 972/972 974/974 986/986
f 974/974 976/976 972/972
f 976/976 974/974 977/977
f 975/975 977/977 988/988
f 989/989 988/988 991/991
f 970/970 991/991 952/952
f 987/987 967/967 953/953
f 951/951 967/967 983/983
f 990/990 973/973 972/972
f 990/990 983/983 993/993
f 994/994 992/992 995/995
f 995/995 997/997 998/998
f 997/997 995/995 1003/1003
f 1000/1000 999/999 1001/1001
f 999/999 1000/1000 1003/1003
f 999/999 1002/1002 998/998
f 1003/1003 997/997 1002/1002
f 997/997 1003/1003 1005/1005
f 1005/1005 993/993 1006/1006
f 999/999 1007/1007 1001/1001
f 1007/1007 999/999 1004/1004
f 2482/2482 1005/1005 1007/1007
f 2483/2483 1006/1006 1019/1019
f 1019/1019 1008/1008 1014/1014
f 1008/1008 1019/1019 1020/1020
f 1026/1026 1021/1021 1025/1025
f 1021/1021 1026/1026 1008/1008
f 1015/1015 1017/1017 1025/1025
f 1017/1017 1015/1015 1022/1022
f 1010/1010 1011/1011 1021/1021
f 1022/1022 1020/1020 1024/1024
f 1021/1021 1010/1010 1013/1013
f 1023/1023 1011/1011 1022/1022
f 1011/1011 1023/1023 2484/2484
f 1023/1023 2485/2485 1024/1024
f 1022/1022 2484/2484 1012/1012
f 1016/1016 2485/2485 1012/1012
f 2485/2485 1013/1013 1023/1023
f 1013/1013 2485/2485 1022/1022
f 1023/1023 2484/2484 2486/2486
f 1024/1024 2484/2484 1009/1009
f 1014/1014 1019/1019 1026/1026
f 1018/1018 1025/1025 1017/1017
f 1025/1025 1018/1018 1021/1021
f 1025/1025 1010/1010 1015/1015
f 1010/1010 1025/1025 1027/1027
f 2487/2487 2488/2488 1047/1047
f 1032/1032 1029/1029 1068/1068
f 1028/1028 1067/1067 1032/1032
f 1067/1067 1028/1028 1034/1034
f 1069/1069 1035/1035 1068/1068
f 1035/1035 1069/1069 1038/1038
f 1034/1034 1039/1039 1035/1035
f 1039/1039 1034/1034 1037/1037
f 1033/1033 1036/1036 1031/1031
f 1036/1036 1033/1033 1039/1039
f 1035/1035 1037/1037 1033/1033
f 1037/1037 1035/1035 1041/1041
f 1029/1029 1043/1043 1032/1032
f 1032/1032 1040/1040 1028/1028
f 1028/1028 1042/1042 1030/1030
f 1042/1042 1028/1028 1044/1044
f 1043/1043 1040/1040 1046/1046
f 1040/1040 1045/1045 1042/1042
f 1045/1045 1040/1040 1049/1049
f 1048/1048 1049/1049 1047/1047
f 1033/1033 1067/1067 1053/1053
f 1063/1063 1051/1051 1053/1053
f 1050/1050 1070/1070 1071/1071
f 1070/1070 1050/1050 1034/1034
f 1055/1055 1069/1069 1071/1071
f 1069/1069 1055/1055 1066/1066
f 1057/1057 1066/1066 1059/1059
f 1060/1060 1051/1051 1053/1053
f 1058/1058 1053/1053 1050/1050
f 1042/1042 1050/1050 1030/1030
f 1050/1050 1042/1042 1062/1062
f 1059/1059 1062/1062 1060/1060
f 1045/1045 1058/1058 1042/1042
f 1058/1058 1045/1045 1065/1065
f 1063/1063 1065/1065 1052/1052
f 1052/1052 1054/1054 1038/1038
f 1057/1057 1034/1034 1055/1055
f 1034/1034 1057/1057 1035/1035
f 1068/1068 1033/1033 1067/1067
f 1033/1033 1068/1068 1028/1028
f 1068/1068 1030/1030 1069/1069
f 1030/1030 1068/1068 1070/1070
f 1071/1071 1054/1054 1055/1055
f 1054/1054 1071/1071 1069/1069
f 1071/1071 1030/1030 1050/1050
f 1030/1030 1071/1071 1067/1067
f 1032/1032 1047/1047 1031/1031
f 1033/1033 1047/1047 1070/1070
f 1063/1063 1053/1053 1070/1070
f 1052/1052 1063/1063 1074/1074
f 1072/1072 1076/1076 1075/1075
f 1078/1078 1075/1075 1080/1080
f 1081/1081 1080/1080 1079/1079
f 1082/1082 1083/1083 1073/1073
f 1085/1085 1072/1072 1084/1084
f 1072/1072 1085/1085 1079/1079
f 1081/1081 1079/1079 2489/2489
f 1084/1084 1085/1085 2490/2490
f 1087/1087 1086/1086 1089/1089
f 2492/2492 1091/1091 1098/1098
f 1097/1097 1098/1098 2493/2493
f 1097/1097 2493/2493 2494/2494
f 1096/1096 1094/1094 1093/1093
f 1094/1094 2494/2494 1095/1095
f 2497/2497 2498/2498 1094/1094
f 1096/1096 2497/2497 1088/1088
f 1094/1094 2497/2497 1096/1096
f 2500/2500 2497/2497 2492/2492
f 2501/2501 1091/1091 1090/1090
f 1089/1089 1090/1090 1097/1097
f 2493/2493 1097/1097 2502/2502
f 1099/1099 2503/2503 1101/1101
f 1100/1100 1101/1101 1103/1103
f 1104/1104 1103/1103 1106/1106
f 1104/1104 1105/1105 2504/2504
f 1137/1137 2504/2504 1133/1133
f 1106/1106 1133/1133 1110/1110
f 1113/1113 1110/1110 1114/1114
f 1111/1111 1116/1116 1115/1115
f 1116/1116 1111/1111 1117/1117
f 1115/1115 1117/1117 1119/1119
f 1122/1122 1119/1119 1117/1117
f 1115/1115 1123/1123 1121/1121
f 1124/1124 1122/1122 1128/1128
f 1116/1116 1118/1118 1114/1114
f 1119/1119 1112/1112 1122/1122
f 1111/1111 1114/1114 1122/1122
f 1112/1112 1122/1122 1110/1110
f 1111/1111 1110/1110 1114/1114
f 1125/1125 1114/1114 1119/1119
f 1127/1127 1119/1119 1126/1126
f 1129/1129 1126/1126 1119/1119
f 1120/1120 1119/1119 1118/1118
f 1132/1132 1118/1118 1121/1121
f 1134/1134 1121/1121 1117/1117
f 1131/1131 1117/1117 1124/1124
f 1136/1136 1124/1124 1128/1128
f 1137/1137 1128/1128 2506/2506
f 1138/1138 2507/2507 2508/2508
f 1138/1138 2506/2506 2507/2507
f 1138/1138 2510/2510 2511/2511
f 1138/1138 2508/2508 1148/1148
f 1140/1140 1141/1141 1139/1139
f 1142/1142 1139/1139 1143/1143
f 1139/1139 1142/1142 1147/1147
f 1145/1145 1146/1146 1144/1144
f 1144/1144 1142/1142 1143/1143
f 1142/1142 1144/1144 2512/2512
f 2513/2513 1167/1167 1176/1176
f 1167/1167 2513/2513 1159/1159
f 1172/1172 1147/1147 1145/1145
f 1147/1147 1172/1172 1150/1150
f 1149/1149 1151/1151 1152/1152
f 1151/1151 1149/1149 1150/1150
f 1150/1150 1153/1153 1157/1157
f 1156/1156 1155/1155 1154/1154
f 1155/1155 1156/1156 1159/1159
f 1158/1158 1160/1160 1161/1161
f 1160/1160 1158/1158 1154/1154
f 1156/1156 1162/1162 1163/1163
f 1160/1160 1161/1161 1155/1155
f 1167/1167 1157/1157 1158/1158
f 1158/1158 1153/1153 1150/1150
f 1151/1151 1153/1153 1163/1163
f 1161/1161 1152/1152 1151/1151
f 1152/1152 1161/1161 1162/1162
f 1149/1149 1154/1154 1150/1150
f 1154/1154 1149/1149 1155/1155
f 1153/1153 1165/1165 1164/1164
f 1158/1158 1164/1164 1166/1166
f 1164/1164 1158/1158 1155/1155
f 1165/1165 1167/1167 1168/1168
f 1167/1167 1165/1165 1166/1166
f 1158/1158 1169/1169 1159/1159
f 1169/1169 1158/1158 1156/1156
f 1157/1157 1170/1170 1171/1171
f 1170/1170 1157/1157 1159/1159
f 1160/1160 1172/1172 1173/1173
f 1172/1172 1160/1160 1162/1162
f 1156/1156 1174/1174 1170/1170
f 1174/1174 1156/1156 1160/1160
f 1163/1163 1173/1173 1175/1175
f 1173/1173 1163/1163 1157/1157
f 1167/1167 1171/1171 1176/1176
f 1171/1171 1167/1167 1177/1177
f 2514/2514 2515/2515 1177/1177
f 2516/2516 2514/2514 1177/1177
f 2515/2515 2517/2517 1177/1177
f 2517/2517 2518/2518 1177/1177
f 2519/2519 2516/2516 1190/1190
f 1189/1189 1325/1325 1322/1322
f 1180/1180 1190/1190 1192/1192
f 1191/1191 1187/1187 1185/1185
f 1193/1193 1191/1191 1185/1185
f 1186/1186 1185/1185 1190/1190
f 1179/1179 1188/1188 1196/1196
f 1183/1183 1324/1324 1325/1325
f 1189/1189 1196/1196 1197/1197
f 1198/1198 1194/1194 1185/1185
f 1189/1189 1185/1185 1199/1199
f 1198/1198 1197/1197 1185/1185
f 1198/1198 1185/1185 1196/1196
f 1183/1183 1196/1196 1195/1195
f 1199/1199 1197/1197 1195/1195
f 1196/1196 1198/1198 1192/1192
f 1190/1190 1193/1193 1323/1323
f 2520/2520 2521/2521 1206/1206
f 1207/1207 1202/1202 1205/1205
f 1207/1207 1205/1205 1208/1208
f 1207/1207 1206/1206 1202/1202
f 1201/1201 1202/1202 2522/2522
f 1208/1208 2522/2522 1203/1203
f 1208/1208 1206/1206 2522/2522
f 2523/2523 2522/2522 2524/2524
f 1204/1204 1323/1323 1213/1213
f 1212/1212 1209/1209 1211/1211
f 1204/1204 1211/1211 1213/1213
f 1214/1214 1212/1212 1209/1209
f 1213/1213 1209/1209 2526/2526
f 2525/2525 2526/2526 1214/1214
f 1210/1210 1212/1212 2526/2526
f 1214/1214 2526/2526 1211/1211
f 1214/1214 1213/1213 1205/1205
f 1207/1207 1208/1208 1216/1216
f 1217/1217 1230/1230 1215/1215
f 1216/1216 1215/1215 1218/1218
f 1215/1215 1216/1216 1242/1242
f 1216/1216 1230/1230 1242/1242
f 1243/1243 1219/1219 1226/1226
f 1217/1217 1220/1220 1216/1216
f 1242/1242 1218/1218 1219/1219
f 1218/1218 1242/1242 1224/1224
f 1231/1231 1230/1230 1224/1224
f 1221/1221 1231/1231 1225/1225
f 1231/1231 1221/1221 1222/1222
f 1221/1221 1224/1224 1217/1217
f 1224/1224 1230/1230 1217/1217
f 1226/1226 1223/1223 1236/1236
f 1231/1231 1225/1225 1217/1217
f 1224/1224 1217/1217 1232/1232
f 1234/1234 1230/1230 1232/1232
f 1227/1227 1234/1234 1228/1228
f 1234/1234 1227/1227 1233/1233
f 1227/1227 1232/1232 1231/1231
f 1232/1232 1230/1230 1231/1231
f 1236/1236 1229/1229 1235/1235
f 1234/1234 1228/1228 1232/1232
f 1231/1231 1233/1233 1229/1229
f 1233/1233 1231/1231 1238/1238
f 1242/1242 1230/1230 1238/1238
f 1237/1237 1242/1242 1239/1239
f 1242/1242 1237/1237 1241/1241
f 1237/1237 1238/1238 1234/1234
f 1238/1238 1230/1230 1234/1234
f 1235/1235 1240/1240 1243/1243
f 1242/1242 1239/1239 1238/1238
f 1234/1234 1241/1241 1240/1240
f 1241/1241 1234/1234 1245/1245
f 1247/1247 1246/1246 1249/1249
f 1245/1245 1244/1244 1250/1250
f 1246/1246 1247/1247 1251/1251
f 1252/1252 1244/1244 1251/1251
f 1254/1254 1252/1252 1253/1253
f 1252/1252 1254/1254 1246/1246
f 1251/1251 1244/1244 1246/1246
f 1250/1250 1255/1255 1256/1256
f 1252/1252 1253/1253 1254/1254
f 1255/1255 1254/1254 1257/1257
f 1258/1258 1244/1244 1257/1257
f 1260/1260 1258/1258 1259/1259
f 1258/1258 1260/1260 1252/1252
f 1257/1257 1244/1244 1252/1252
f 1256/1256 1261/1261 1262/1262
f 1258/1258 1259/1259 1257/1257
f 1252/1252 1260/1260 1261/1261
f 1260/1260 1252/1252 1263/1263
f 1249/1249 1244/1244 1263/1263
f 1265/1265 1249/1249 1264/1264
f 1249/1249 1265/1265 1258/1258
f 1263/1263 1244/1244 1258/1258
f 1262/1262 1266/1266 1263/1263
f 1258/1258 1265/1265 1266/1266
f 1265/1265 1258/1258 1268/1268
f 1312/1312 1313/1313 1273/1273
f 1286/1286 1312/1312 1268/1268
f 1271/1271 1270/1270 1267/1267
f 1267/1267 1272/1272 1269/1269
f 1272/1272 1267/1267 1321/1321
f 1296/1296 2528/2528 2529/2529
f 1311/1311 2530/2530 1275/1275
f 1276/1276 1275/1275 1277/1277
f 1278/1278 1277/1277 1279/1279
f 1277/1277 1278/1278 1281/1281
f 1279/1279 1280/1280 1278/1278
f 1280/1280 1279/1279 1302/1302
f 1302/1302 1303/1303 1282/1282
f 1284/1284 1283/1283 1285/1285
f 1283/1283 1284/1284 1273/1273
f 1285/1285 1284/1284 1304/1304
f 2531/2531 2532/2532 1273/1273
f 1284/1284 1286/1286 1290/1290
f 1291/1291 1288/1288 1287/1287
f 1288/1288 1291/1291 1289/1289
f 1287/1287 1292/1292 1291/1291
f 1292/1292 1287/1287 1301/1301
f 1300/1300 1293/1293 1294/1294
f 1293/1293 1300/1300 2533/2533
f 2534/2534 2535/2535 1295/1295
f 2533/2533 2535/2535 2530/2530
f 1297/1297 1298/1298 1299/1299
f 1298/1298 1297/1297 1289/1289
f 1292/1292 1301/1301 1300/1300
f 1301/1301 1292/1292 1281/1281
f 1280/1280 1302/1302 1303/1303
f 1302/1302 1280/1280 1288/1288
f 1304/1304 1290/1290 2532/2532
f 1290/1290 1304/1304 1305/1305
f 1306/1306 2536/2536 1314/1314
f 2537/2537 2536/2536 1308/1308
f 1308/1308 1306/1306 1309/1309
f 1298/1298 1310/1310 1299/1299
f 1310/1310 1298/1298 1293/1293
f 1294/1294 1295/1295 2533/2533
f 1295/1295 1294/1294 2530/2530
f 1311/1311 2538/2538 1313/1313
f 1312/1312 1286/1286 1306/1306
f 1314/1314 2536/2536 1315/1315
f 2539/2539 2540/2540 2538/2538
f 1297/1297 2530/2530 2540/2540
f 1316/1316 1315/1315 1307/1307
f 1315/1315 1308/1308 1316/1316
f 1308/1308 1315/1315 1318/1318
f 2529/2529 1317/1317 2530/2530
f 1317/1317 2529/2529 1319/1319
f 1317/1317 1319/1319 1275/1275
f 1321/1321 2528/2528 1205/1205
f 2521/2521 1323/1323 1178/1178
f 1322/1322 1325/1325 1211/1211
f 1323/1323 2524/2524 2541/2541
f 1323/1323 2521/2521 1196/1196
f 1324/1324 1325/1325 2541/2541
f 2524/2524 1323/1323 1190/1190
f 1325/1325 1322/1322 1178/1178
