# MOD converted: n046.mod
# 1491 verts, 950 faces

v 186.547119 6.575529 -0.000002
v 182.623093 18.363155 0.000000
v 185.159637 -5.770354 -0.000001
v 155.235703 29.186769 -0.000003
v 160.804260 -22.946627 -0.000003
v 167.738998 28.284285 0.000009
v 172.670410 -18.634830 -0.000002
v 144.853149 49.455841 0.000018
v 154.802139 -44.354679 -0.000003
v 175.781723 26.348627 0.000006
v 180.149048 -15.203563 8.569030
v 182.994553 14.828883 12.122771
v 183.891373 6.296397 8.569031
v 184.788177 -2.236085 18.824514
v 156.051224 22.275803 26.626200
v 158.020004 3.544053 18.824514
v 159.988785 -15.187684 16.669378
v 168.461182 21.413139 23.578362
v 170.204712 4.824723 16.669376
v 171.948212 -11.763677 33.640762
v 146.310181 35.593426 47.579540
v 149.827682 2.974550 33.640766
v 153.345200 -30.492258 14.761418
v 176.421310 20.263443 20.880106
v 177.965408 5.572521 14.761415
v 179.509460 -9.118382 -8.569033
v 182.994537 14.828876 -12.122769
v 183.891357 6.296395 -8.569031
v 184.788147 -2.236082 -18.824514
v 156.051178 22.275806 -26.626192
v 158.019943 3.544067 -18.824512
v 159.988770 -15.187684 -16.669373
v 168.461166 21.413147 -23.578367
v 170.204666 4.824724 -16.669361
v 171.948181 -11.763686 -33.640774
v 146.310120 35.593437 -47.579540
v 149.827621 2.974557 -33.640759
v 153.345123 -30.492285 -14.761417
v 176.421295 20.263453 -20.880104
v 177.965363 5.572527 -14.761413
v 179.509460 -9.118386 -3.031617
v 159.493973 -17.591555 5.061918
v 154.005112 -18.303499 14.623885
v 149.873047 -15.485820 -0.376594
v 164.440964 -17.373755 7.041862
v 157.734695 -19.567438 8.243976
v 161.577240 -18.373520 3.469198
v 167.332520 -16.554012 -8.478534
v 161.913483 -17.493322 -3.012839
v 156.017380 -20.052479 -8.238750
v 168.326538 -14.284394 -2.143342
v 170.484863 -13.959236 3.145069
v 157.145721 -20.035053 0.067492
v 163.623154 -18.030577 5.444457
v 148.703064 -20.120712 8.612318
v 158.706421 -18.661917 14.507896
v 151.490921 -15.880754 20.694447
v 154.341156 -13.494898 15.386155
v 163.782928 -14.912780 24.287127
v 142.356903 -6.572874 3.843393
v 165.955902 -17.733530 23.030472
v 158.444931 -5.573041 19.253103
v 166.446365 -7.428777 26.416031
v 147.424179 0.040831 -11.449271
v 166.896729 -13.900013 -16.815153
v 155.207336 -14.739295 -21.077129
v 145.768021 -7.383827 -23.510687
v 149.504211 -5.049757 -25.306385
v 141.117767 -0.023992 -22.673695
v 153.197876 -2.259605 -24.317598
v 147.245331 0.704424 -21.278313
v 159.143753 -4.563234 -21.927242
v 155.968277 -9.542168 -17.957458
v 164.835022 -10.406576 -6.027229
v 166.903488 -14.938947 -13.073694
v 155.474121 -15.561333 -0.000004
v 134.942032 15.939830 17.516432
v 135.152405 -0.237402 16.741253
v 139.873230 -5.208964 15.971280
v 128.901657 -4.111715 17.160797
v 146.700882 -7.219889 20.492516
v 147.040756 2.923074 -0.000006
v 149.413559 27.161276 -0.000007
v 166.994049 27.218699 -0.000004
v 156.287674 28.307999 -0.000004
v 141.985580 23.891928 -0.000001
v 133.224579 6.930810 21.161390
v 165.752808 12.126289 20.916683
v 155.648468 13.718927 12.476391
v 156.844635 23.590466 17.691525
v 147.592972 15.389599 10.634964
v 148.451736 24.034824 17.075136
v 141.786606 5.783302 10.469336
v 135.486603 6.711115 11.856950
v 139.323654 15.758883 7.890366
v 141.292725 22.020935 12.075027
v 166.928391 22.583027 21.884533
v 163.316101 -3.363400 21.223335
v 147.616837 -2.728148 16.343031
v 161.878052 -13.375928 17.419355
v 156.483154 -9.789175 -17.516420
v 135.152359 -0.237410 -16.741238
v 139.873184 -5.208973 -15.971279
v 128.901596 -4.111714 -17.160778
v 146.700836 -7.219896 -20.492514
v 147.040695 2.923075 -21.161390
v 165.752731 12.126295 -20.916685
v 155.648392 13.718932 -12.476405
v 156.844574 23.590467 -17.691517
v 147.592926 15.389597 -10.634979
v 148.451706 24.034826 -17.075132
v 141.786545 5.783302 -10.469338
v 135.486557 6.711115 -11.856955
v 139.323608 15.758879 -7.890375
v 141.292679 22.020935 -12.075040
v 166.928345 22.583021 -19.383356
v 163.316040 -0.990498 -14.109130
v 159.430634 -13.327829 -21.223330
v 147.616760 -2.728114 -13.841851
v 161.878021 -11.003067 -17.419342
v 156.483093 -9.789177 23.424084
v 158.879288 6.496464 -23.424129
v 158.865265 6.485024 0.000006
v 170.801025 -14.440544 0.000004
v 162.126648 -16.130943 -14.109139
v 159.430664 -13.327816 -13.841851
v 161.878021 -11.003067 -10.625681
v 169.459122 -12.277351 -7.582783
v 161.601685 -15.252034 -0.000000
v 170.801025 -14.440544 0.000004
v 162.126648 -16.130943 14.109142
v 159.430664 -13.327818 16.343031
v 161.878052 -13.375928 10.625685
v 169.459152 -12.277349 7.582790
v 161.601685 -15.252032 17.419355
v 156.483154 -9.789175 -0.000002
v 186.547119 6.575529 -0.000002
v 182.623093 18.363155 0.000000
v 185.159637 -5.770354 -0.000003
v 175.781723 26.348627 0.000006
v 180.149048 -15.203563 -0.000003
v 167.738998 28.284285 -0.000001
v 155.235703 29.186769 -0.000003
v 160.804260 -22.946627 0.000018
v 154.802139 -44.354679 0.000009
v 172.670410 -18.634830 -0.000002
v 144.853149 49.455841 0.986656
v 184.955856 -27.935223 0.000013
v 191.608368 -25.900261 0.000011
v 178.303360 -25.900261 4.704034
v 180.251831 -25.900265 6.652508
v 184.955872 -25.900265 4.704035
v 189.659897 -25.900265 0.000012
v 193.847748 -20.801437 0.000009
v 176.063980 -20.801437 6.287516
v 178.668350 -20.801441 8.891891
v 184.955872 -20.801439 6.287518
v 191.243378 -20.801441 0.000009
v 191.608353 -15.986880 0.000009
v 178.303360 -15.986880 4.704033
v 180.251831 -15.986880 6.652506
v 184.955872 -15.986880 4.704033
v 189.659897 -15.986880 0.000007
v 193.020401 -13.076822 0.000009
v 176.891312 -13.076820 5.702498
v 179.253372 -13.076820 8.064548
v 184.955872 -13.076822 5.702496
v 190.658356 -13.076824 0.000006
v 191.173416 -10.525826 0.000008
v 178.738327 -10.525819 4.396477
v 180.559387 -10.525818 6.217556
v 184.955872 -10.525826 4.396475
v 189.352341 -10.525826 0.000003
v 190.633194 -7.815330 0.000007
v 179.278534 -7.815331 4.014484
v 180.941376 -7.815328 5.677335
v 184.955872 -7.815329 4.014480
v 188.970337 -7.815331 0.000001
v 190.771347 -4.831111 0.000004
v 179.140381 -4.831106 4.112170
v 180.843704 -4.831110 5.815483
v 184.955872 -4.831110 4.112167
v 189.068039 -4.831110 0.000000
v 192.216354 -2.342923 0.000001
v 179.242996 -0.035008 4.039617
v 180.916245 -0.035003 7.260500
v 184.955872 -2.342924 5.133947
v 190.089813 -2.342924 0.000000
v 190.668747 -0.035006 5.712879
v 184.955872 -0.035009 4.039614
v 188.995483 -0.035008 0.000000
v 184.955872 12.656952 0.000001
v 189.770233 10.647482 0.000000
v 181.274841 10.647472 4.141269
v 184.955872 10.647480 3.404283
v 188.360138 10.647480 -4.704019
v 180.251831 -25.900263 -6.652492
v 184.955856 -25.900261 -4.704016
v 189.659897 -25.900265 -6.287503
v 178.668350 -20.801437 -8.891874
v 184.955856 -20.801437 -6.287498
v 191.243378 -20.801437 -4.704018
v 180.251831 -15.986877 -6.652491
v 184.955856 -15.986877 -4.704017
v 189.659897 -15.986878 -5.702482
v 179.253372 -13.076820 -8.064532
v 184.955872 -13.076819 -5.702480
v 190.658356 -13.076821 -4.396461
v 180.559387 -10.525817 -6.217539
v 184.955856 -10.525825 -4.396461
v 189.352341 -10.525826 -4.014466
v 180.941376 -7.815326 -5.677320
v 184.955856 -7.815328 -4.014466
v 188.970337 -7.815329 -4.112153
v 180.843704 -4.831108 -5.815468
v 184.955856 -4.831109 -4.112154
v 189.068039 -4.831109 -7.260485
v 184.955856 -2.342921 -5.133934
v 190.089813 -2.342922 -4.039603
v 180.916245 -0.035005 -5.712866
v 184.955856 -0.035007 -4.039602
v 188.995483 -0.035007 -4.141258
v 184.955872 10.647482 -3.404270
v 188.360138 10.647484 0.000009
v 176.063980 -20.801437 6.287516
v 178.668350 -20.801441 8.891891
v 184.955872 -20.801439 6.287518
v 191.243378 -20.801441 0.000012
v 193.847748 -20.801437 4.704033
v 180.251831 -15.986880 0.000009
v 178.303360 -15.986880 6.652506
v 184.955872 -15.986880 4.704033
v 189.659897 -15.986880 0.000009
v 191.608353 -15.986880 4.396477
v 180.559387 -10.525818 0.000008
v 178.738327 -10.525819 6.217556
v 184.955872 -10.525826 4.396475
v 189.352341 -10.525826 0.000006
v 191.173416 -10.525826 4.014484
v 180.941376 -7.815328 0.000007
v 179.278534 -7.815331 5.677335
v 184.955872 -7.815329 4.014480
v 188.970337 -7.815331 0.000003
v 190.633194 -7.815330 4.112170
v 180.843704 -4.831110 0.000004
v 179.140381 -4.831106 5.815483
v 184.955872 -4.831110 4.112167
v 189.068039 -4.831110 0.000001
v 190.771347 -4.831111 0.000000
v 181.274841 10.647472 0.000001
v 179.242996 -0.035008 4.039617
v 180.916245 -0.035003 0.000000
v 181.274841 10.647472 4.141269
v 184.955872 10.647480 5.712879
v 184.955872 -0.035009 4.039614
v 188.995483 -0.035008 3.404283
v 188.360138 10.647480 0.000000
v 190.668747 -0.035006 -6.287503
v 178.668350 -20.801437 -8.891874
v 184.955856 -20.801437 -6.287498
v 191.243378 -20.801437 -4.704018
v 180.251831 -15.986877 -6.652491
v 184.955856 -15.986877 -4.704017
v 189.659897 -15.986878 -4.396461
v 180.559387 -10.525817 -6.217539
v 184.955856 -10.525825 -4.396461
v 189.352341 -10.525826 -4.014466
v 180.941376 -7.815326 -5.677320
v 184.955856 -7.815328 -4.014466
v 188.970337 -7.815329 -4.112153
v 180.843704 -4.831108 -5.815468
v 184.955856 -4.831109 -4.112154
v 189.068039 -4.831109 -4.039603
v 180.916245 -0.035005 -4.141258
v 184.955872 10.647482 -5.712866
v 184.955856 -0.035007 -4.039602
v 188.995483 -0.035007 -3.404270
v 188.360138 10.647484 0.286618
v 80.808311 26.574209 16.316916
v 116.672997 25.464272 17.122375
v 80.814117 10.644520 16.316927
v 116.677986 11.773543 0.001133
v 116.073608 25.399666 0.001136
v 116.078598 11.708936 18.007074
v 85.130959 26.576851 18.007078
v 85.136772 10.645029 26.105881
v 129.653488 7.810994 26.104225
v 118.673782 28.392593 26.104229
v 118.681267 7.846113 26.103331
v 112.746269 18.117188 26.106018
v 130.536301 28.396919 26.106916
v 136.471298 18.125837 -17.130766
v 80.813484 26.574203 -16.314470
v 116.677925 25.464266 -17.130762
v 80.819298 10.644514 -16.314470
v 116.682915 11.773538 -0.004198
v 80.810898 26.574205 -0.004195
v 80.816711 10.644514 -18.014162
v 85.136406 26.576845 -18.014158
v 85.142220 10.645022 -0.003562
v 85.016876 26.564310 -0.003559
v 85.022690 10.632485 -26.099503
v 129.661377 7.810985 -26.101170
v 118.681671 28.392584 -26.101166
v 118.689156 7.846104 -26.102064
v 112.754158 18.117178 -26.099377
v 130.544189 28.396910 -26.098476
v 136.479202 18.125830 0.001650
v 119.475685 9.250658 0.003082
v 128.947205 9.220233 0.000874
v 114.352455 18.116877 0.001646
v 119.469208 26.986828 0.003195
v 129.709198 26.990564 0.003971
v 134.832428 18.124340 -16.100996
v 107.205475 12.840610 -16.100996
v 107.201370 24.110062 -21.355150
v 85.909805 21.562752 -21.355148
v 85.912056 15.379426 -19.956764
v 107.204971 15.817974 -19.956762
v 107.203033 21.131496 -17.499384
v 85.907951 25.027594 -17.499380
v 85.912735 11.913380 -16.100996
v 107.205475 12.840611 -16.100996
v 107.201370 24.110062 16.100586
v 107.200607 12.840615 16.100578
v 107.196495 24.110067 21.348295
v 85.903343 21.562759 21.348295
v 85.905602 15.379434 19.956350
v 107.198936 15.817981 19.956350
v 107.196999 21.131502 17.492527
v 85.902664 25.027599 17.492531
v 85.907448 11.913386 16.100586
v 107.200607 12.840617 16.100578
v 107.196495 24.110067 18.007074
v 85.130959 26.576851 16.316927
v 116.677986 11.773543 16.316916
v 116.672997 25.464272 18.007078
v 85.136772 10.645029 0.001136
v 116.078598 11.708936 16.316927
v 116.677986 11.773543 17.122375
v 80.814117 10.644520 -0.004195
v 80.816711 10.644514 17.122375
v 80.814117 10.644520 26.104229
v 118.681267 7.846113 26.105881
v 129.653488 7.810994 26.103331
v 112.746269 18.117188 26.104225
v 118.673782 28.392593 0.000874
v 114.352455 18.116877 26.103331
v 112.746269 18.117188 26.106018
v 130.536301 28.396919 26.106916
v 136.471298 18.125837 0.001133
v 116.073608 25.399666 -0.003562
v 85.016876 26.564310 0.001136
v 116.078598 11.708936 -0.003559
v 85.022690 10.632485 -0.004198
v 80.810898 26.574205 -0.004195
v 80.816711 10.644514 -18.014162
v 85.136406 26.576845 -16.314470
v 116.682915 11.773538 -18.014158
v 85.142220 10.645022 -16.314470
v 116.677925 25.464266 0.001136
v 116.078598 11.708936 -16.314470
v 116.682915 11.773538 -17.130762
v 80.819298 10.644514 -0.004195
v 80.816711 10.644514 -17.130762
v 80.819298 10.644514 -26.101166
v 118.689156 7.846104 0.003082
v 128.947205 9.220233 0.001650
v 119.475685 9.250658 -26.099503
v 129.661377 7.810985 -26.102064
v 112.754158 18.117178 0.000874
v 114.352455 18.116877 -26.101170
v 118.681671 28.392584 0.000874
v 114.352455 18.116877 0.001646
v 119.469208 26.986828 -26.102064
v 112.754158 18.117178 -26.099377
v 130.544189 28.396910 0.003195
v 129.709198 26.990564 -26.098476
v 136.479202 18.125830 0.003971
v 134.832428 18.124340 -17.499384
v 85.907951 25.027594 -17.499380
v 85.912735 11.913380 17.492527
v 85.902664 25.027599 17.492531
v 85.907448 11.913386 0.657082
v 132.245514 4.195580 4.901311
v 130.079849 -0.895048 3.402838
v 129.689117 -12.061268 8.194205
v 130.450241 -10.288370 2.898214
v 136.240372 -15.660995 15.737151
v 136.486191 -5.308196 16.823444
v 144.563217 -5.977120 5.495829
v 139.556671 -12.739435 3.265891
v 132.420517 -14.532630 13.213640
v 150.634064 -13.895240 18.252264
v 147.037018 1.454723 14.371647
v 133.743286 -4.939639 3.390022
v 128.433670 -9.626753 5.295553
v 147.959961 -13.959579 0.000008
v 137.329178 -17.793022 8.994748
v 132.680664 -12.294586 6.841949
v 151.081284 -16.646065 11.092408
v 131.071899 -7.414152 16.180265
v 137.106613 1.831397 13.998518
v 155.324524 -14.192390 7.552925
v 156.360611 -16.458977 16.982538
v 150.821976 -10.031676 16.061077
v 139.224670 -5.413652 9.568604
v 138.712555 -12.530789 15.575724
v 147.214737 -9.841425 14.581533
v 138.649841 -9.293341 13.187005
v 133.112839 -9.120857 17.419336
v 156.472214 -9.734403 14.109135
v 159.434174 -13.273043 7.582790
v 161.605240 -15.197242 9.004246
v 149.050613 -14.001778 12.719963
v 148.653244 -12.972634 0.000008
v 135.738449 -17.051109 0.000008
v 142.587784 -14.977488 0.000008
v 139.387497 -15.557200 0.000008
v 132.648575 -15.589996 0.000007
v 151.247482 -17.488062 0.000006
v 156.706467 -17.308561 0.000009
v 129.405075 -12.766998 0.000009
v 128.073883 -10.424124 0.000006
v 162.130203 -16.076132 0.000009
v 128.733246 -3.697518 21.605745
v 141.471390 5.985582 17.075138
v 141.790054 5.838099 21.994024
v 146.490036 5.712454 19.242231
v 137.803391 4.053017 20.093897
v 147.826141 3.679202 0.000008
v 133.228134 6.985600 10.469336
v 135.490112 6.765910 14.414218
v 136.062805 -9.812311 9.537719
v 135.684128 -13.104391 7.271286
v 129.279221 -7.506115 18.547504
v 151.435730 -3.061866 10.976158
v 131.085876 -3.153919 0.000007
v 147.420059 -16.514700 -5.446906
v 132.245529 4.195581 -4.901294
v 130.079865 -0.895047 -3.402821
v 129.689133 -12.061270 -8.194189
v 130.450256 -10.288371 -2.898198
v 136.240387 -15.660994 -15.737136
v 136.486206 -5.308197 -16.823431
v 144.563232 -5.977120 -5.495813
v 139.556686 -12.739436 -3.265874
v 132.420532 -14.532631 -13.213628
v 150.634079 -13.895241 -18.252253
v 147.037033 1.454723 -14.371632
v 133.743301 -4.939639 -3.390005
v 128.433685 -9.626753 -5.295539
v 147.959976 -13.959581 -8.994733
v 132.680679 -12.294588 -6.841937
v 151.081299 -16.646067 -11.092392
v 131.071915 -7.414153 -16.180250
v 137.106628 1.831397 -13.998507
v 155.324539 -14.192390 -7.552912
v 156.360626 -16.458979 -16.982525
v 150.821991 -10.031677 -16.061064
v 139.224686 -5.413653 -9.568588
v 138.712570 -12.530791 -15.575709
v 147.214752 -9.841426 -14.581519
v 138.649857 -9.293342 -13.186989
v 133.112854 -9.120858 -17.419327
v 156.472229 -9.734404 -14.109123
v 159.434189 -13.273046 -7.582778
v 161.605255 -15.197244 -9.004233
v 149.050629 -14.001780 -12.719951
v 148.653259 -12.972634 -21.605736
v 141.471405 5.985583 -17.075127
v 141.790070 5.838100 -21.994013
v 146.490051 5.712454 -19.242218
v 137.803406 4.053017 -20.093887
v 147.826157 3.679203 -10.469321
v 135.490128 6.765911 -14.414204
v 136.062820 -9.812313 -9.537704
v 135.684143 -13.104393 -7.271269
v 129.279236 -7.506114 -18.547493
v 151.435745 -3.061866 -10.976142
v 131.085892 -3.153919 16.180265
v 137.106613 1.831397 18.252264
v 147.037018 1.454723 16.180265
v 137.106613 1.831397 19.242231
v 137.803391 4.053017 21.994024
v 146.490036 5.712454 21.605745
v 141.471390 5.985582 18.252264
v 147.037018 1.454723 20.093897
v 147.826141 3.679202 17.075138
v 141.790054 5.838099 0.000009
v 128.733246 -3.697518 0.000009
v 128.073883 -10.424124 -18.252253
v 147.037033 1.454723 -16.180250
v 137.106628 1.831397 -19.242218
v 137.803406 4.053017 -16.180250
v 137.106628 1.831397 -21.994013
v 146.490051 5.712454 -21.605736
v 141.471405 5.985583 -18.252253
v 147.037033 1.454723 -20.093887
v 147.826157 3.679203 -17.075127
v 141.790070 5.838100 0.000008
v 133.228134 6.985600 0.812957
v 190.604797 -22.567846 -3.259736
v 190.604797 -24.183584 -4.282290
v 190.604797 -22.723225 -3.017928
v 195.625366 -22.996922 -3.752095
v 195.362823 -24.600149 -4.773857
v 195.352020 -23.139277 -5.494568
v 199.878235 -25.071289 -5.762592
v 198.663681 -26.348509 -6.855555
v 198.734024 -24.941828 -8.620323
v 201.355957 -27.690517 -8.182536
v 199.780212 -28.400202 -9.356873
v 199.859375 -27.061199 -7.395813
v 200.104095 -26.649691 -9.157357
v 202.012024 -28.200302 -8.469668
v 199.536804 -29.315086 -10.314342
v 199.661179 -27.211746 -10.548565
v 200.551956 -29.334089 -7.395813
v 200.104095 -26.649691 -7.395813
v 200.104095 -26.649691 0.388269
v 190.604813 -22.567839 3.259759
v 190.604813 -24.183577 4.282313
v 190.604813 -22.723217 3.017942
v 195.625366 -22.996912 3.752110
v 195.362839 -24.600140 4.773872
v 195.352036 -23.139267 5.494576
v 199.878250 -25.071278 5.762601
v 198.663696 -26.348497 6.855564
v 198.734039 -24.941818 8.620329
v 201.355972 -27.690508 8.182545
v 199.780228 -28.400190 9.356881
v 199.859390 -27.061188 7.395821
v 200.104111 -26.649681 9.157362
v 202.012039 -28.200289 8.469677
v 199.536835 -29.315077 10.314352
v 199.661194 -27.211735 10.548573
v 200.551987 -29.334078 7.395821
v 200.104111 -26.649681 7.395821
v 200.104111 -26.649681 0.388269
v 22.092699 -2.668407 -9.783162
v 22.091898 10.548102 -20.712202
v 22.094410 4.781163 -7.254412
v 22.091606 3.989361 -19.161707
v 22.093706 -2.289709 -17.201200
v 22.093609 10.735502 -14.499200
v 22.093201 -4.422548 -8.114973
v 5.014390 -20.898911 -16.449799
v 4.739035 -22.872900 -8.917517
v 8.386246 -19.997187 -16.234516
v 8.241969 -22.122513 -15.102999
v 17.419903 -6.710998 -23.559929
v 7.594700 -18.420406 -22.988703
v 12.154503 -7.971342 -22.256300
v 11.385198 7.475722 -17.956602
v 11.677799 12.776604 -26.871000
v 5.322207 -10.954598 -24.320595
v 5.023142 -19.136299 -22.661797
v -0.000648 10.387800 -18.577497
v -0.002021 13.765000 -25.134399
v 5.862566 -3.707867 -9.821539
v -0.000507 13.290897 -9.752381
v 11.686402 12.721001 -8.945903
v 12.184300 -9.150851 -6.602241
v 0.002068 9.515057 -7.197124
v 11.384900 6.015601 -5.612342
v 5.349399 -12.370699 -6.103551
v 5.918311 -5.012558 -27.576302
v 0.000194 -11.024164 -24.518602
v 0.000230 -19.505798 -7.897051
v 0.000230 -21.283813 -5.116323
v 0.000221 -12.236700 -25.394901
v -0.001243 -3.716491 -6.600609
v 0.001867 -4.911600 -16.475700
v -0.001213 -23.318802 -24.184198
v -0.001069 1.734789 -6.453730
v 0.001920 0.502984 -20.724697
v 16.518801 -3.656310 -9.512922
v 16.475700 -4.476159 -15.524013
v 14.394101 -10.831601 -12.738882
v 8.915449 -19.555212 -12.915573
v 7.322403 -21.773554 -6.391785
v 5.245060 -15.026813 -6.103556
v 5.918283 -5.012527 -25.134399
v 5.862566 -3.707866 -15.119598
v 18.043905 -7.921795 -15.742292
v 13.882845 -16.614201 -22.245071
v 14.863027 -6.802247 -9.025126
v 11.998077 -16.409531 -9.297404
v 15.602464 -7.930430 -23.424721
v 11.835083 -15.227840 -24.306330
v 10.568404 -5.375800 -25.764454
v 8.784254 -14.223473 -6.685509
v 8.508688 -15.759186 -6.898244
v 10.685086 -6.492968 -25.988571
v 5.218733 -13.785439 -15.742298
v 12.427364 -16.203831 -9.025125
v 10.542597 -15.999161 -23.424717
v 10.379606 -14.817472 -25.309349
v 7.783846 -13.813103 -7.465616
v 7.986478 -15.348816 -25.988571
v 5.218733 -13.785439 -6.391785
v 5.245060 -15.026813 -26.871000
v 5.322207 -10.954598 -5.612342
v 5.349399 -12.370699 9.778971
v 22.092699 -2.668407 9.783160
v 22.091898 10.548101 20.712204
v 22.094408 4.781159 7.254410
v 22.091612 3.989355 19.161709
v 22.093704 -2.289706 17.201200
v 22.093609 10.735502 14.499200
v 22.093201 -4.422549 8.114972
v 5.014388 -20.898912 16.449800
v 4.739036 -22.872900 8.917517
v 8.386247 -19.997187 16.234516
v 8.241967 -22.122513 15.102997
v 17.419903 -6.710997 23.559931
v 7.594699 -18.420406 22.988703
v 12.154506 -7.971343 22.256298
v 11.385198 7.475721 17.956602
v 11.677799 12.776605 26.870998
v 5.322212 -10.954601 24.320593
v 5.023139 -19.136299 22.661797
v -0.000649 10.387798 18.577496
v -0.002021 13.765001 25.134399
v 5.862570 -3.707867 9.821538
v -0.000512 13.290901 9.752381
v 11.686401 12.721001 8.945900
v 12.184300 -9.150851 6.602240
v 0.002067 9.515059 7.197124
v 11.384898 6.015600 5.612340
v 5.349398 -12.370700 6.103555
v 5.918257 -5.012496 27.576302
v 0.000184 -11.024155 24.518602
v 0.000231 -19.505798 7.897051
v 0.000228 -21.283813 5.116322
v 0.000219 -12.236700 25.394901
v -0.001243 -3.716491 6.600610
v 0.001868 -4.911599 16.475700
v -0.001213 -23.318802 24.184198
v -0.001070 1.734790 6.453730
v 0.001920 0.502984 20.724699
v 16.518799 -3.656310 9.512920
v 16.475700 -4.476158 15.523998
v 14.394103 -10.831601 12.738882
v 8.915448 -19.555212 12.915572
v 7.322402 -21.773554 6.391784
v 5.245059 -15.026812 6.103551
v 5.918305 -5.012555 25.134399
v 5.862570 -3.707867 15.119604
v 18.043901 -7.921795 15.742289
v 13.882847 -16.614201 22.245070
v 14.863029 -6.802250 9.025126
v 11.998078 -16.409531 9.297402
v 15.602464 -7.930432 23.424713
v 11.835086 -15.227842 24.306330
v 10.568404 -5.375799 25.764454
v 8.784254 -14.223473 6.685509
v 8.508688 -15.759186 6.898243
v 10.685086 -6.492967 25.988571
v 5.218734 -13.785439 15.742300
v 12.427363 -16.203831 9.025124
v 10.542597 -15.999163 23.424717
v 10.379608 -14.817471 25.309343
v 7.783847 -13.813107 7.465615
v 7.986478 -15.348816 25.988571
v 5.218734 -13.785439 6.391784
v 5.245059 -15.026812 26.870998
v 5.322212 -10.954601 5.612340
v 5.349398 -12.370700 -7.197124
v 11.384900 6.015601 -7.897051
v 0.000230 -21.283813 -5.116323
v 0.000221 -12.236700 -6.600609
v 0.001867 -4.911600 -6.453730
v 0.001920 0.502984 -27.576302
v 0.000194 -11.024164 -25.394901
v -0.001243 -3.716491 -24.518602
v 0.000230 -19.505798 -16.475700
v -0.001213 -23.318802 -22.661797
v -0.000648 10.387800 -6.453730
v 0.001920 0.502984 -6.602241
v 0.002068 9.515057 -24.184198
v -0.001069 1.734789 -18.577497
v -0.002021 13.765000 -9.821539
v -0.000507 13.290897 -7.254412
v 22.091606 3.989361 -6.391785
v 5.245060 -15.026813 -6.685509
v 8.508688 -15.759186 -15.742292
v 13.882845 -16.614201 -23.424721
v 11.835083 -15.227840 -9.025126
v 11.998077 -16.409531 -25.988571
v 5.218733 -13.785439 -25.764454
v 8.784254 -14.223473 7.197124
v 11.384898 6.015600 7.897051
v 0.000228 -21.283813 5.116322
v 0.000219 -12.236700 6.600610
v 0.001868 -4.911599 6.453730
v 0.001920 0.502984 27.576302
v 0.000184 -11.024155 25.394901
v -0.001243 -3.716491 24.518602
v 0.000231 -19.505798 16.475700
v -0.001213 -23.318802 6.453730
v 0.001920 0.502984 22.661797
v -0.000649 10.387798 6.602240
v 0.002067 9.515059 24.184198
v -0.001070 1.734790 18.577496
v -0.002021 13.765001 9.821538
v -0.000512 13.290901 7.254410
v 22.091612 3.989355 6.391784
v 5.245059 -15.026812 6.685509
v 8.508688 -15.759186 23.424713
v 11.835086 -15.227842 15.742289
v 13.882847 -16.614201 9.025126
v 11.998078 -16.409531 25.988571
v 5.218734 -13.785439 25.764454
v 8.784254 -14.223473 0.450017
v 73.903122 -10.702979 -14.648758
v 77.110947 -8.040059 -10.581113
v 76.426414 14.407856 -16.628170
v 77.567406 8.615160 -0.486943
v 65.638794 0.600788 -1.554576
v 67.108612 -9.044890 -21.387524
v 64.539650 2.441661 -10.104544
v 59.990948 -12.847436 -2.966181
v 58.657547 -9.619142 -0.718692
v 58.118477 1.691955 -11.735154
v 69.819885 12.710406 -17.106991
v 62.561756 -9.445002 -3.919961
v 50.846218 -10.041928 -1.732030
v 41.926090 3.222587 -5.667762
v 43.990349 15.329485 -17.078428
v 44.852451 15.137373 -18.849062
v 52.498756 -9.653405 -24.012466
v 44.081337 2.893756 -3.958338
v 58.762997 13.583591 -14.089443
v 61.268837 13.406952 -12.123680
v 45.528267 -13.012039 -4.431538
v 45.323479 -9.844849 -19.740963
v 46.687115 -9.236380 -12.578031
v 40.897728 -11.629524 -20.222300
v 42.575207 -7.187177 -4.947716
v 41.275246 -8.397258 -2.469723
v 65.038094 12.554514 -11.326829
v 51.471138 -13.198266 0.000001
v 67.368507 -9.688224 -23.318188
v 49.763557 2.543400 -16.756863
v 48.368137 14.429753 -5.410584
v 47.232582 14.649567 -1.369933
v 45.479816 2.780784 -8.592249
v 69.480309 -11.347305 -15.452816
v 71.788719 -8.376328 -0.932842
v 69.126076 14.370012 -18.197163
v 71.156235 8.955691 -15.547006
v 53.922379 14.586334 -4.742895
v 52.096439 14.738973 -0.817779
v 50.945415 2.475974 -14.164512
v 82.433121 -6.861689 -9.711047
v 83.746208 13.230606 -7.857502
v 81.618500 -10.095929 -15.733185
v 83.141014 7.948280 -18.006977
v 78.187508 0.846709 -20.144743
v 63.653404 -5.956694 -21.823235
v 51.297714 -5.131096 -18.832697
v 63.737839 10.124844 -19.702579
v 51.523727 10.172069 -19.092108
v 71.292107 -5.685493 -19.828796
v 70.901360 1.856250 -22.644144
v 54.079590 2.444294 -1.847875
v 35.901398 4.500640 -4.750441
v 35.065380 -8.378748 -18.542826
v 38.912804 15.496419 -5.760839
v 38.283691 15.752608 -13.295984
v 35.182190 -10.923290 -22.743851
v 36.361237 -6.814655 -24.944405
v 38.035145 4.347898 -13.403337
v 39.014362 2.356418 0.000000
v 66.206177 0.529351 -0.000002
v 83.594971 14.239972 0.000001
v 73.377647 -11.697028 0.000000
v 81.529335 -11.214423 -9.005657
v 91.328903 -8.017959 -8.682470
v 92.423607 8.019360 -12.705076
v 91.860344 -0.226812 0.000001
v 92.559235 10.008383 -20.903698
v 107.147026 0.022079 -20.847589
v 107.011955 6.937522 -23.544378
v 111.303886 9.664296 -23.831299
v 111.622078 -2.889540 -26.166801
v 115.728020 0.189346 -26.184196
v 115.865952 7.131935 -0.000000
v 122.202011 -2.879561 -5.519422
v 123.341019 -0.363452 -5.644171
v 125.979034 5.068690 -8.847208
v 98.209358 -7.928173 -12.202084
v 98.617073 -0.171097 -8.531592
v 99.057678 8.231080 -0.000000
v 99.167564 10.302677 -28.039492
v 103.616936 6.069259 -28.232904
v 103.764038 0.393398 -33.137093
v 111.676964 5.969209 -30.670511
v 107.721054 -1.917811 -45.882812
v 92.817688 5.146255 -48.243690
v 96.572601 7.457780 -45.628487
v 92.772888 -0.244451 -50.570663
v 100.195770 5.590201 -48.018120
v 96.520889 -3.155668 -32.970798
v 111.517059 0.100029 -50.401726
v 100.354172 -1.043077 -29.872000
v 108.091949 8.556557 -30.468094
v 102.176994 5.649506 -35.256184
v 110.275978 5.956516 -33.851295
v 105.701019 8.338007 -31.771606
v 106.961960 8.581165 -35.132004
v 110.078011 0.032214 -32.968914
v 106.255013 -2.029942 -30.569309
v 102.282997 0.340447 -12.381104
v 119.924278 -0.127312 -12.000810
v 120.838646 8.737051 -12.213187
v 107.771667 -6.959253 -10.554201
v 115.752075 11.453023 -14.186068
v 109.421158 -0.122426 -14.591574
v 108.736694 7.719819 -12.403696
v 115.308685 -3.395978 -16.983807
v 120.304367 8.540543 -12.752409
v 122.258018 4.719451 -17.090187
v 109.274376 7.317721 -15.068594
v 115.152313 10.811516 -18.071795
v 114.258759 9.862047 -15.761530
v 109.620003 -0.015235 -16.915600
v 120.205841 -0.053882 -18.004601
v 114.417259 -2.375456 -21.556002
v 118.718369 7.236954 -17.456703
v 121.243752 4.399070 -21.422411
v 118.679825 0.539479 -7.038143
v 115.210716 -6.956475 0.000000
v 107.180298 -11.900342 -7.382097
v 107.281311 -10.772223 -0.000000
v 115.153000 -8.594760 0.000000
v 116.402000 11.792686 -0.000000
v 119.448990 -5.472289 -6.144638
v 119.657600 -4.284108 -8.725969
v 121.665955 -0.237947 -9.315514
v 123.755547 4.930575 -6.170479
v 122.459930 9.600168 -15.331705
v 115.227982 -2.626816 -9.714610
v 107.884377 10.591681 -5.446899
v 132.238007 4.010219 -4.901290
v 130.072998 -1.080401 -35.612404
v 98.507599 -0.489160 -38.209122
v 102.814018 -3.326763 -40.890598
v 106.899002 -0.958421 -40.991188
v 106.862000 6.053163 -38.138840
v 102.794907 8.665038 -35.588295
v 98.507301 5.663721 -8.686451
v 88.452446 11.329811 -13.395334
v 87.935112 6.745725 -14.700136
v 87.234390 -0.010990 -12.611590
v 86.697182 -6.286062 -7.564829
v 85.362480 -9.415957 -41.660851
v 95.151077 5.358473 -43.992828
v 99.190201 7.965642 -43.956177
v 99.126678 -3.226514 -41.614632
v 95.071022 -0.342515 -46.292313
v 103.173004 5.796968 -46.296013
v 103.179413 -1.006531 -16.764977
v 82.691559 -0.008333 -9.778972
v 22.092697 -2.743894 -9.783160
v 22.091904 10.472614 -20.712202
v 22.094414 4.705677 -7.254410
v 22.091610 3.913874 -19.161707
v 22.093704 -2.365196 -17.201200
v 22.093613 10.660016 -4.802032
v 48.839401 2.262141 -7.107661
v 50.121693 9.084514 -13.621671
v 50.413208 8.898483 -17.828770
v 50.164001 2.921149 -11.768803
v 46.406193 -6.486013 -16.486471
v 47.475300 -3.654771 -6.905740
v 46.646801 -4.425992 -20.219301
v 39.115200 3.944427 -15.545599
v 39.438503 10.859607 -7.938620
v 39.078907 11.139206 -4.905761
v 37.495201 3.471168 -14.499198
v 22.093201 -4.498036 -7.665745
v 125.102844 4.555621 -6.443120
v 126.104530 4.364749 -7.114404
v 123.014053 -1.088331 -6.681661
v 118.856194 -5.299582 -4.240225
v 114.633873 -8.812652 -0.000000
v 110.040077 -11.786160 -1.307384
v 109.552696 -11.854990 -5.629603
v 114.083458 -8.881382 -8.104852
v 118.416748 -5.368083 -8.684935
v 122.582008 -1.149431 -4.841353
v 126.136169 7.298841 -4.894810
v 127.337555 6.749327 -0.000001
v 127.917519 8.521703 8.417300
v 73.903107 -10.702979 19.828802
v 70.901360 1.856242 14.648757
v 77.110947 -8.040061 10.581115
v 76.426414 14.407856 16.628168
v 77.567406 8.615157 0.486942
v 65.638794 0.600676 1.554578
v 67.108612 -9.044889 21.387522
v 64.539658 2.441650 10.104537
v 59.990967 -12.847435 2.966179
v 58.657539 -9.619140 0.718692
v 58.118469 1.691939 11.735152
v 69.819878 12.710404 17.106987
v 62.561749 -9.445003 3.919954
v 50.846230 -10.041928 1.732028
v 41.926086 3.222569 5.667760
v 43.990345 15.329485 17.078426
v 44.852451 15.137371 18.849058
v 52.498756 -9.653406 24.012463
v 44.081337 2.893748 3.958336
v 58.763004 13.583591 14.089445
v 61.268829 13.406955 12.123678
v 45.528267 -13.012041 4.431540
v 45.323479 -9.844851 19.740959
v 46.687115 -9.236382 12.578031
v 40.897732 -11.629522 20.222292
v 42.575207 -7.187180 4.947712
v 41.275242 -8.397255 2.469718
v 65.038094 12.554511 11.326829
v 51.471134 -13.198268 23.318188
v 49.763557 2.543380 16.756863
v 48.368141 14.429753 5.410584
v 47.232578 14.649569 1.369929
v 45.479813 2.780766 8.592250
v 69.480309 -11.347305 15.452816
v 71.788727 -8.376324 0.932840
v 69.126076 14.370012 18.197172
v 71.156235 8.955688 15.547008
v 53.922379 14.586330 4.742895
v 52.096436 14.738971 0.817778
v 50.945404 2.475962 14.164509
v 82.433121 -6.861685 9.711046
v 83.746208 13.230607 7.437892
v 82.022194 -9.541963 15.733180
v 83.141014 7.948281 18.006975
v 78.187508 0.846692 20.144741
v 63.653397 -5.956693 21.823235
v 51.297722 -5.131093 18.832699
v 63.737839 10.124842 19.702579
v 51.523731 10.172065 19.092108
v 71.292107 -5.685495 22.644144
v 54.079586 2.444282 1.847875
v 35.901398 4.500629 4.750439
v 35.065376 -8.378745 18.542824
v 38.912804 15.496413 5.760838
v 38.283691 15.752606 13.295985
v 35.182190 -10.923287 22.743856
v 36.361237 -6.814651 24.944407
v 38.035149 4.347896 13.403337
v 39.014362 2.356417 -0.000002
v 67.976013 8.619462 -0.000002
v 76.252159 15.295916 9.005659
v 91.328903 -8.017956 8.682472
v 92.423599 8.019358 12.705076
v 91.860344 -0.226813 0.000000
v 91.119186 -11.085320 20.903694
v 107.147049 0.022029 20.847595
v 107.011909 6.937477 23.544384
v 111.303810 9.664295 23.831295
v 111.622131 -2.889540 26.166801
v 115.728043 0.189395 26.184198
v 115.865906 7.131988 5.519423
v 123.341019 -0.363451 5.644171
v 125.979034 5.068690 -0.000001
v 126.774025 8.105742 0.000000
v 98.046066 -11.035277 8.847209
v 98.209358 -7.928172 12.202084
v 98.617065 -0.171092 8.531592
v 99.057678 8.231080 28.039495
v 103.616882 6.069223 28.232904
v 103.764069 0.393365 33.137093
v 111.676933 5.969254 30.670507
v 107.721115 -1.917808 45.882812
v 92.817688 5.146258 48.243683
v 96.572601 7.457782 45.628487
v 92.772888 -0.244443 50.570671
v 100.195770 5.590197 48.018124
v 96.520874 -3.155667 32.970802
v 111.517082 0.100068 50.401741
v 100.354172 -1.043083 29.872004
v 108.091896 8.556562 30.468088
v 102.176994 5.649510 35.256172
v 110.275978 5.956518 33.851292
v 105.701019 8.338008 31.771603
v 106.961967 8.581163 35.132015
v 110.078011 0.032216 32.968925
v 106.255013 -2.029944 30.569313
v 102.282997 0.340446 12.381107
v 119.916313 -0.133945 12.000809
v 120.847137 8.732209 12.213188
v 107.767715 -6.955623 10.554205
v 115.762054 11.455154 14.186071
v 109.418259 -0.115652 14.591574
v 108.741325 7.727134 12.403702
v 115.301331 -3.393806 16.983803
v 120.310593 8.536221 12.752411
v 122.262772 4.706771 17.090179
v 109.277374 7.322184 15.068600
v 115.161819 10.813210 18.071795
v 114.262466 9.862909 15.761523
v 109.618027 -0.010792 16.915602
v 120.202560 -0.058066 18.004608
v 114.414490 -2.374666 21.556004
v 118.720695 7.235154 17.456707
v 121.245392 4.393645 21.422407
v 118.678543 0.537731 7.038141
v 115.205414 -6.954796 7.382108
v 107.281311 -10.772214 -0.000001
v 122.281998 10.319479 6.144639
v 119.656189 -4.284282 8.725974
v 121.657677 -0.246828 9.315519
v 123.760849 4.916124 6.170479
v 122.464668 9.597630 15.331709
v 115.221855 -2.625382 9.714612
v 107.885757 10.593385 -0.000001
v 108.118996 11.825686 5.446898
v 132.238022 4.010216 4.901291
v 130.072998 -1.080400 -0.000001
v 133.220993 6.800250 0.000001
v 128.725998 -3.882862 35.612408
v 98.507591 -0.489152 38.209126
v 102.813988 -3.326764 40.890598
v 106.898994 -0.958426 40.991184
v 106.862007 6.053157 38.138813
v 102.794907 8.665039 35.588295
v 98.507309 5.663728 8.686449
v 88.452438 11.329809 13.395333
v 87.935112 6.745725 -0.000000
v 88.540245 12.112980 14.700139
v 87.234390 -0.010990 12.611594
v 86.697182 -6.286059 7.564832
v 85.362480 -9.415956 0.000000
v 84.633972 -11.026978 41.660847
v 95.151077 5.358481 43.992813
v 99.190208 7.965645 43.956161
v 99.126633 -3.226515 41.614635
v 95.071014 -0.342510 46.292309
v 103.173004 5.796963 46.296013
v 103.179405 -1.006538 15.738065
v 83.010406 -0.014446 9.778970
v 22.092699 -2.743894 9.783160
v 22.091898 10.472615 20.712204
v 22.094414 4.705668 7.254412
v 22.091604 3.913865 19.161701
v 22.093708 -2.365198 17.201200
v 22.093613 10.660015 4.802030
v 48.839401 2.262132 7.107660
v 50.121693 9.084510 13.621670
v 50.413208 8.898484 17.828773
v 50.164001 2.921142 11.768800
v 46.406200 -6.486013 16.486464
v 47.475300 -3.654774 6.905736
v 46.646801 -4.425991 20.219299
v 39.115200 3.944421 15.545599
v 39.438503 10.859609 7.938620
v 39.078907 11.139210 4.905758
v 37.495201 3.471156 14.499197
v 22.093201 -4.498037 7.665748
v 125.105240 4.546255 6.443118
v 126.104530 4.364748 7.114407
v 123.004936 -1.098162 6.681304
v 118.853065 -5.300931 4.240065
v 114.630745 -8.811750 1.307384
v 109.552696 -11.854990 5.629447
v 114.080299 -8.880500 8.104506
v 118.413605 -5.369627 8.684938
v 122.572739 -1.159108 4.841352
v 126.136169 7.298841 4.894807
v 127.337555 6.749327 -0.000001
v 126.715820 9.027787 -1.883086
v 105.390388 -14.230327 1.971671
v 105.390388 -14.230326 -1.883090
v 110.649284 -12.375063 1.971673
v 110.649284 -12.375063 -1.883091
v 104.945747 -12.969954 1.971668
v 104.945747 -12.969953 -1.883095
v 110.204643 -11.114688 1.971671
v 110.204643 -11.114688 0.044292
v 104.999840 -14.230327 0.044294
v 104.555199 -12.969955 -13.356098
v 82.779961 -6.401133 -9.138038
v 84.048607 12.464345 -7.437891
v 82.022194 -8.927928 -14.775308
v 83.427238 7.500747 -0.000000
v 83.909286 13.423515 0.000000
v 81.099548 -11.776351 -15.738068
v 83.010406 -0.014455 13.356097
v 82.779968 -6.401129 9.138038
v 84.048607 12.464345 7.857502
v 81.618500 -10.095929 14.775308
v 83.427231 7.500749 16.764977
v 82.691559 -0.008104 -0.486943
v 65.638794 0.600788 -1.369933
v 45.479816 2.780784 -0.817779
v 50.945415 2.475974 -0.718692
v 58.118477 1.691955 0.000000
v 66.206177 0.529351 -1.732030
v 41.926090 3.222587 -1.847875
v 35.901398 4.500640 -5.760839
v 38.283691 15.752608 -18.542826
v 38.912804 15.496419 -24.944405
v 38.035145 4.347898 -22.743851
v 36.361237 -6.814655 -12.705076
v 91.860344 -0.226812 -12.202084
v 98.617073 -0.171097 -20.847589
v 107.011955 6.937522 -28.039492
v 103.616936 6.069259 -30.468094
v 102.176994 5.649506 -43.956177
v 99.126678 -3.226514 -35.588295
v 98.507301 5.663721 -17.090187
v 109.274376 7.317721 -14.591574
v 108.736694 7.719819 -41.614632
v 95.071022 -0.342515 -41.660851
v 95.151077 5.358473 -46.296013
v 103.179413 -1.006531 -43.992828
v 99.190201 7.965642 -46.292313
v 103.173004 5.796968 -14.700136
v 87.234390 -0.010990 -0.000000
v 88.540245 12.112980 -8.686451
v 88.452446 11.329811 -12.611590
v 86.697182 -6.286062 -14.700136
v 87.234390 -0.010990 -7.564829
v 85.362480 -9.415957 -13.395334
v 87.935112 6.745725 0.000000
v 84.633972 -11.026978 -45.882812
v 92.817688 5.146255 -4.905761
v 37.495201 3.471168 -4.802032
v 48.839401 2.262141 -7.254410
v 22.091610 3.913874 -13.295984
v 35.182190 -10.923290 -4.750441
v 35.065380 -8.378748 -1.847875
v 35.901398 4.500640 -0.000002
v 67.976013 8.619462 0.000000
v 66.206177 0.529351 0.486942
v 65.638794 0.600676 1.369929
v 45.479813 2.780766 0.817778
v 50.945404 2.475962 0.718692
v 58.118469 1.691939 0.000001
v 67.368507 -9.688224 0.000000
v 66.206177 0.529351 1.732028
v 41.926086 3.222569 0.000001
v 73.377647 -11.697028 -0.000002
v 76.252159 15.295916 0.000000
v 81.099548 -11.776351 -0.000002
v 83.594971 14.239972 1.847875
v 35.901398 4.500629 5.760838
v 38.283691 15.752606 18.542824
v 38.912804 15.496413 24.944407
v 38.035149 4.347896 22.743856
v 36.361237 -6.814651 0.000001
v 92.559235 10.008383 -0.000000
v 99.167564 10.302677 12.705076
v 91.860344 -0.226813 0.000000
v 98.046066 -11.035277 0.000000
v 91.119186 -11.085320 12.202084
v 98.617065 -0.171092 28.039495
v 103.616882 6.069223 20.847595
v 107.011909 6.937477 30.468088
v 102.176994 5.649510 43.956161
v 99.126633 -3.226515 35.588295
v 98.507309 5.663728 -0.000001
v 108.118996 11.825686 17.090179
v 109.277374 7.322184 14.591574
v 108.741325 7.727134 0.000000
v 107.180298 -11.900342 -0.000000
v 115.153000 -8.594760 -0.000001
v 122.281998 10.319479 0.000000
v 116.402000 11.792686 -0.000000
v 119.448990 -5.472289 -0.000000
v 122.202011 -2.879561 -0.000001
v 126.774025 8.105742 -0.000001
v 133.220993 6.800250 0.000001
v 128.725998 -3.882862 41.614635
v 95.071014 -0.342510 41.660847
v 95.151077 5.358481 46.296013
v 103.179405 -1.006538 43.992813
v 99.190208 7.965645 46.292309
v 103.173004 5.796963 -0.000000
v 88.540245 12.112980 14.700139
v 87.234390 -0.010990 0.000000
v 84.633972 -11.026978 8.686449
v 88.452438 11.329809 12.611594
v 86.697182 -6.286059 14.700139
v 87.234390 -0.010990 7.564832
v 85.362480 -9.415956 13.395333
v 87.935112 6.745725 45.882812
v 92.817688 5.146258 4.905758
v 37.495201 3.471156 4.802030
v 48.839401 2.262132 7.254412
v 22.091604 3.913865 13.295985
v 35.182190 -10.923287 4.750439
v 35.065376 -8.378745 1.847875
v 35.901398 4.500629 -1.883086
v 105.390388 -14.230327 0.044292
v 104.999840 -14.230327 -1.883091
v 104.945747 -12.969954 0.044294
v 104.555199 -12.969955 -1.883090
v 110.649284 -12.375063 -1.883095
v 110.204643 -11.114688 -1.883086
v 105.390388 -14.230327 -1.883091
v 104.945747 -12.969954 -1.883090
v 110.649284 -12.375063 -1.883095
v 110.204643 -11.114688 1.971673
v 110.649284 -12.375063 1.971671
v 105.390388 -14.230326 1.971668
v 104.945747 -12.969953 1.971671
v 110.204643 -11.114688 -7.437891
v 82.022194 -8.927928 0.000000
v 81.529335 -11.214423 -9.138038
v 84.048607 12.464345 -14.775308
v 83.427238 7.500747 -0.000000
v 83.909286 13.423515 -13.356098
v 82.779961 -6.401133 -15.738068
v 83.010406 -0.014455 7.437892
v 82.022194 -9.541963 14.775308
v 83.427231 7.500749 9.138038
v 84.048607 12.464345 13.356097
v 82.779968 -6.401129 15.738065
v 83.010406 -0.014446 0.706719
v 92.817688 5.221769 48.243679
v 96.572601 7.533293 45.628487
v 92.772888 -0.168931 50.570667
v 100.195770 5.665713 48.018127
v 96.520889 -3.080159 50.401733
v 100.354172 -0.967567 49.150177
v 88.451233 -5.416103 60.077293
v 92.777512 8.124980 54.452896
v 91.293442 -5.037519 57.939819
v 90.325470 -5.350361 57.969688
v 85.459526 -8.463112 56.155762
v 88.364052 -7.338005 55.357250
v 82.964592 -9.339880 52.189251
v 85.616699 -7.947538 52.172226
v 94.566917 8.554064 52.646553
v 90.488342 1.335205 53.457764
v 88.292862 -3.726655 54.570625
v 86.119064 -4.883234 56.567192
v 84.090057 -7.119271 60.253136
v 93.555817 -5.233362 51.395866
v 92.685852 -6.752774 54.617222
v 93.840149 -4.997132 57.131531
v 84.637520 -10.738990 53.792603
v 88.272705 -9.424593 58.706196
v 90.390228 1.367315 61.088066
v 94.014000 1.486976 50.247486
v 91.420265 8.125902 64.128906
v 90.234634 -5.249955 62.025253
v 87.708565 -5.225891 62.696819
v 87.560905 1.530016 64.803261
v 90.311081 1.523536 67.823639
v 86.402016 -5.113388 65.167030
v 85.152565 -5.109598 66.021988
v 84.934532 1.426413 68.720833
v 86.142654 1.384361 57.749283
v 89.714310 8.107555 60.727310
v 93.951401 -1.738541 64.525192
v 90.368042 -2.174082 68.310654
v 86.241722 -2.530066 60.455971
v 93.531158 5.137634 64.454781
v 90.170807 4.489349 68.226349
v 86.261208 4.028659 58.530251
v 90.488571 -1.879650 62.366348
v 87.633537 -2.204222 65.662003
v 85.006592 -2.444182 58.285446
v 90.179733 4.830725 62.429909
v 87.489113 4.357042 65.547958
v 85.084923 3.996777 66.393013
v 86.566124 7.004481 63.883198
v 85.406708 6.945979 61.097176
v 87.991882 7.567647 63.221218
v 90.052399 7.671074 62.856903
v 87.582680 1.253467 64.963364
v 90.332870 1.246986 66.748367
v 84.166191 0.965970 69.643135
v 85.585442 0.923918 64.778893
v 90.371460 -1.798302 69.482613
v 85.661713 -1.839958 63.738792
v 90.303635 4.980909 66.816154
v 86.708832 4.721635 62.620056
v 87.636932 -1.828442 66.577393
v 84.231056 -1.754071 61.599216
v 87.969276 4.741572 64.334740
v 85.500977 4.630061 -45.882812
v 92.817688 5.221759 -48.243698
v 96.572586 7.533290 -45.628479
v 92.772888 -0.168942 -50.570686
v 100.195763 5.665719 -48.018120
v 96.520905 -3.080159 -50.401726
v 100.354179 -0.967560 -49.150177
v 88.451233 -5.416112 -60.077286
v 92.777481 8.124900 -54.452877
v 91.293472 -5.037570 -57.939835
v 90.325500 -5.350282 -57.969688
v 85.459534 -8.463108 -56.155716
v 88.364029 -7.338006 -55.357246
v 82.964592 -9.339886 -52.189255
v 85.616699 -7.947536 -52.172245
v 94.566925 8.554061 -52.646545
v 90.488342 1.335199 -53.457760
v 88.292870 -3.726660 -54.570599
v 86.119064 -4.883269 -56.567192
v 84.090057 -7.119272 -60.253117
v 93.555801 -5.233278 -51.395866
v 92.685852 -6.752776 -54.617229
v 93.840187 -4.997134 -57.131531
v 84.637520 -10.738986 -53.792587
v 88.272675 -9.424570 -58.706207
v 90.390244 1.367315 -61.088051
v 94.013969 1.486977 -50.247486
v 91.420219 8.125894 -64.128891
v 90.234612 -5.249876 -62.025269
v 87.708580 -5.225809 -62.696831
v 87.560913 1.530014 -64.803238
v 90.311066 1.523532 -67.823647
v 86.402016 -5.113387 -65.167030
v 85.152565 -5.109600 -66.021988
v 84.934532 1.426412 -68.720833
v 86.142654 1.384360 -57.749306
v 89.714340 8.107471 -60.727295
v 93.951378 -1.738501 -64.525169
v 90.368027 -2.174040 -68.310638
v 86.241722 -2.530066 -60.455963
v 93.531136 5.137592 -64.454765
v 90.170792 4.489309 -68.226364
v 86.261208 4.028659 -58.530266
v 90.488586 -1.879611 -62.366356
v 87.633545 -2.204178 -65.662003
v 85.006592 -2.444181 -58.285465
v 90.179756 4.830681 -62.429924
v 87.489128 4.357006 -65.547958
v 85.084923 3.996778 -66.393005
v 86.566116 7.004480 -63.883198
v 85.406708 6.945978 -61.097191
v 87.991905 7.567571 -63.221199
v 90.052383 7.670999 -62.856911
v 87.582687 1.253470 -64.963348
v 90.332848 1.246989 -66.748367
v 84.166191 0.965970 -69.643135
v 85.585434 0.923921 -64.778877
v 90.371437 -1.798265 -69.482613
v 85.661713 -1.839957 -63.738781
v 90.303619 4.980865 -66.816154
v 86.708832 4.721634 -62.620068
v 87.636948 -1.828402 -66.577393
v 84.231056 -1.754072 -61.599228
v 87.969299 4.741531 -64.334740
v 85.500977 4.630059 44.059265
v 99.253151 8.367013 48.261612
v 96.672852 7.981424 45.757267
v 92.704926 5.383958 41.351055
v 94.968895 5.608502 41.298954
v 94.886314 -0.423431 45.468781
v 92.546837 -0.319671 48.167324
v 96.523621 -3.558125 44.018055
v 99.187782 -3.633907 50.715809
v 100.561356 -1.164669 46.674572
v 103.453613 6.072442 46.678757
v 103.460213 -1.126004 50.693333
v 100.525467 5.853673 47.764709
v 96.860771 9.587179 45.038788
v 92.388573 6.260930 44.669361
v 92.186150 -1.042995 47.643974
v 96.669685 -5.190079 50.749302
v 101.399796 -2.125077 50.720512
v 101.353844 6.862433 41.370918
v 93.977219 6.382954 44.480980
v 99.022270 10.080953 47.518692
v 103.939796 7.142584 47.524044
v 103.948227 -2.075563 44.428150
v 98.938461 -5.287121 41.304199
v 93.871468 -1.341390 45.628487
v 92.772888 -0.168931 49.150177
v 88.451233 -5.416103 54.452896
v 91.293442 -5.037519 52.189251
v 85.616699 -7.947538 55.357250
v 82.964592 -9.339880 56.155762
v 88.364052 -7.338005 57.969688
v 85.459526 -8.463112 57.969688
v 85.459526 -8.463112 56.567192
v 84.090057 -7.119271 50.247486
v 91.420265 8.125902 57.749283
v 89.714310 8.107555 57.939819
v 90.325470 -5.350361 62.025253
v 87.708565 -5.225891 65.167030
v 85.152565 -5.109598 65.167030
v 85.152565 -5.109598 65.662003
v 85.006592 -2.444182 66.021988
v 84.934532 1.426413 65.547958
v 85.084923 3.996777 45.882812
v 92.817688 5.221769 62.366348
v 87.633537 -2.204222 65.662003
v 85.006592 -2.444182 64.525192
v 90.368042 -2.174082 68.310654
v 86.241722 -2.530066 60.727310
v 93.951401 -1.738541 58.530251
v 90.488571 -1.879650 62.429909
v 87.489113 4.357042 65.547958
v 85.084923 3.996777 64.454781
v 90.170807 4.489349 68.226349
v 86.261208 4.028659 60.455971
v 93.531158 5.137634 58.285446
v 90.179733 4.830725 68.720833
v 86.142654 1.384361 66.021988
v 84.934532 1.426413 64.803261
v 90.311081 1.523536 62.696819
v 87.560905 1.530016 61.088066
v 94.014000 1.486976 58.706196
v 90.390228 1.367315 66.748367
v 84.166191 0.965970 66.577393
v 84.231056 -1.754071 61.097176
v 87.991882 7.567647 63.883198
v 85.406708 6.945979 63.883198
v 85.406708 6.945979 64.334740
v 85.500977 4.630061 69.482613
v 85.661713 -1.839958 66.577393
v 84.231056 -1.754071 64.778893
v 90.371460 -1.798302 62.620056
v 87.636932 -1.828442 66.816154
v 86.708832 4.721635 64.334740
v 85.500977 4.630061 63.738792
v 90.303635 4.980909 61.599216
v 87.969276 4.741572 62.856903
v 87.582680 1.253467 66.748367
v 84.166191 0.965970 64.963364
v 90.332870 1.246986 69.643135
v 85.585442 0.923918 -45.628479
v 92.772888 -0.168942 -49.150177
v 88.451233 -5.416112 -54.452877
v 91.293472 -5.037570 -52.189255
v 85.616699 -7.947536 -55.357246
v 82.964592 -9.339886 -56.155716
v 88.364029 -7.338006 -57.969688
v 85.459534 -8.463108 -57.969688
v 85.459534 -8.463108 -56.567192
v 84.090057 -7.119272 -50.247486
v 91.420219 8.125894 -57.749306
v 89.714340 8.107471 -57.939835
v 90.325500 -5.350282 -62.025269
v 87.708580 -5.225809 -65.167030
v 85.152565 -5.109600 -65.167030
v 85.152565 -5.109600 -65.662003
v 85.006592 -2.444181 -66.021988
v 84.934532 1.426412 -65.547958
v 85.084923 3.996778 -45.882812
v 92.817688 5.221759 -62.366356
v 87.633545 -2.204178 -64.525169
v 90.368027 -2.174040 -65.662003
v 85.006592 -2.444181 -68.310638
v 86.241722 -2.530066 -60.727295
v 93.951378 -1.738501 -58.530266
v 90.488586 -1.879611 -62.429924
v 87.489128 4.357006 -64.454765
v 90.170792 4.489309 -65.547958
v 85.084923 3.996778 -68.226364
v 86.261208 4.028659 -60.455963
v 93.531136 5.137592 -58.285465
v 90.179756 4.830681 -68.720833
v 86.142654 1.384360 -64.803238
v 90.311066 1.523532 -66.021988
v 84.934532 1.426412 -62.696831
v 87.560913 1.530014 -61.088051
v 94.013969 1.486977 -58.706207
v 90.390244 1.367315 -66.748367
v 84.166191 0.965970 -66.577393
v 84.231056 -1.754072 -61.097191
v 87.991905 7.567571 -63.883198
v 85.406708 6.945978 -63.883198
v 85.406708 6.945978 -64.334740
v 85.500977 4.630059 -69.482613
v 85.661713 -1.839957 -64.778877
v 90.371437 -1.798265 -66.577393
v 84.231056 -1.754072 -62.620068
v 87.636948 -1.828402 -66.816154
v 86.708832 4.721634 -63.738781
v 90.303619 4.980865 -64.334740
v 85.500977 4.630059 -61.599228
v 87.969299 4.741531 -62.856911
v 87.582687 1.253470 -64.963348
v 90.332848 1.246989 -66.748367
v 84.166191 0.965970 -69.643135
v 85.585434 0.923921 41.370918
v 93.977219 6.382954 45.038788
v 92.388573 6.260930 45.757267
v 92.704926 5.383958 41.351055
v 94.968895 5.608502 0.643583

vt 0.836728 0.013395
vt 0.687775 0.013395
vt 0.687775 0.013395
vt 0.263165 0.013395
vt 0.263165 0.013395
vt 0.445241 0.013395
vt 0.445241 0.013395
vt 0.028101 0.013395
vt 0.028101 0.013395
vt 0.569919 0.013395
vt 0.569919 0.164425
vt 0.687775 0.419852
vt 0.687775 0.164425
vt 0.687775 0.291015
vt 0.263165 0.598878
vt 0.263165 0.291015
vt 0.263165 0.278647
vt 0.445241 0.581386
vt 0.445241 0.278647
vt 0.445241 0.568474
vt 0.028101 0.991264
vt 0.028101 0.568474
vt 0.028101 0.248305
vt 0.569919 0.538477
vt 0.569919 0.248305
vt 0.569919 0.164425
vt 0.687775 0.419852
vt 0.687775 0.164425
vt 0.687775 0.291015
vt 0.263165 0.598878
vt 0.263165 0.291015
vt 0.263165 0.278647
vt 0.445241 0.581386
vt 0.445241 0.278647
vt 0.445241 0.568474
vt 0.028101 0.991264
vt 0.028101 0.568474
vt 0.028101 0.248305
vt 0.569919 0.538477
vt 0.569919 0.248305
vt 0.569919 0.433119
vt 0.941859 0.381858
vt 0.840059 0.308100
vt 0.743303 0.375872
vt 0.974973 0.339855
vt 0.867338 0.303372
vt 0.898976 0.319213
vt 0.986336 0.941115
vt 0.934078 0.967151
vt 0.863549 0.885144
vt 0.983996 0.831501
vt 0.914420 0.934746
vt 0.800572 0.894129
vt 0.861419 0.985575
vt 0.720672 0.633927
vt 0.885162 0.576481
vt 0.813676 0.512475
vt 0.836257 0.553110
vt 0.927284 0.484981
vt 0.709176 0.673412
vt 0.959484 0.426319
vt 0.869251 0.465726
vt 0.947918 0.384420
vt 0.761050 0.694484
vt 0.834465 0.778951
vt 0.724691 0.880754
vt 0.631048 0.912502
vt 0.678506 0.965317
vt 0.582925 0.941262
vt 0.724118 0.979418
vt 0.660178 0.906786
vt 0.791903 0.860291
vt 0.747501 0.805709
vt 0.835426 0.628817
vt 0.827929 0.745465
vt 0.702833 0.724021
vt 0.646119 0.621882
vt 0.467646 0.629121
vt 0.431957 0.581463
vt 0.467316 0.673337
vt 0.393844 0.702931
vt 0.443334 0.845148
vt 0.624260 0.943365
vt 0.542581 0.890190
vt 0.599313 0.792728
vt 0.640094 0.676493
vt 0.631663 0.826648
vt 0.439207 0.786475
vt 0.476741 0.840733
vt 0.534675 0.761224
vt 0.519175 0.809282
vt 0.568105 0.701859
vt 0.507716 0.685534
vt 0.566559 0.735510
vt 0.571422 0.774069
vt 0.596071 0.884330
vt 0.496418 0.764489
vt 0.375628 0.692393
vt 0.418943 0.739195
vt 0.313722 0.709246
vt 0.348917 0.621882
vt 0.467646 0.629121
vt 0.431957 0.581463
vt 0.467316 0.673337
vt 0.393844 0.702931
vt 0.443334 0.826648
vt 0.439207 0.786475
vt 0.476741 0.840733
vt 0.534675 0.761224
vt 0.519175 0.809282
vt 0.568105 0.701859
vt 0.507716 0.685534
vt 0.566559 0.735510
vt 0.571422 0.774069
vt 0.596071 0.884330
vt 0.496418 0.764489
vt 0.375628 0.723286
vt 0.303332 0.692393
vt 0.418943 0.739195
vt 0.313722 0.709246
vt 0.348917 0.773630
vt 0.434645 0.773630
vt 0.434645 0.786483
vt 0.211151 0.752786
vt 0.209080 0.723286
vt 0.303332 0.739195
vt 0.313722 0.766190
vt 0.275180 0.741996
vt 0.255728 0.786483
vt 0.211151 0.752786
vt 0.209080 0.723286
vt 0.303332 0.739195
vt 0.313722 0.766190
vt 0.275180 0.741996
vt 0.255728 0.709246
vt 0.348917 0.013344
vt 0.836728 0.013395
vt 0.687775 0.013395
vt 0.687775 0.013395
vt 0.569919 0.013395
vt 0.569919 0.013395
vt 0.445241 0.013395
vt 0.263165 0.013395
vt 0.263165 0.013395
vt 0.028101 0.013395
vt 0.445241 0.013395
vt 0.028101 1.000000
vt 0.004548 0.915474
vt 0.004548 0.511291
vt 0.004548 0.570482
vt 0.292311 0.713382
vt 0.411506 0.856283
vt 0.292311 0.999183
vt 0.004548 0.427582
vt 0.004548 0.511291
vt 0.411506 0.713382
vt 0.580074 0.915474
vt 0.411506 0.113379
vt 0.663996 0.113378
vt 0.126382 0.113379
vt 0.239504 0.113379
vt 0.395189 0.113379
vt 0.550874 0.995101
vt 0.713344 0.679974
vt 0.713344 0.753444
vt 0.713344 0.837538
vt 0.713344 0.921632
vt 0.713344 0.951999
vt 0.596277 0.726481
vt 0.596277 0.779059
vt 0.596277 0.839240
vt 0.596277 0.899422
vt 0.596277 0.545978
vt 0.728185 0.281825
vt 0.728185 0.347507
vt 0.728418 0.414269
vt 0.728418 0.480991
vt 0.728418 0.636719
vt 0.535156 0.460938
vt 0.535156 0.503906
vt 0.535156 0.550781
vt 0.535156 0.593750
vt 0.535156 0.579000
vt 0.851276 0.281825
vt 0.728185 0.320898
vt 0.727720 0.413166
vt 0.851276 0.530428
vt 0.851276 0.545978
vt 0.728185 0.413166
vt 0.727720 0.505433
vt 0.727720 0.302153
vt 0.682125 0.176316
vt 0.574123 0.425657
vt 0.574509 0.302157
vt 0.574510 0.236789
vt 0.574510 0.570482
vt 0.292311 0.713382
vt 0.411506 0.856283
vt 0.292311 0.511291
vt 0.411506 0.713382
vt 0.580074 0.915474
vt 0.411506 0.113379
vt 0.239504 0.113379
vt 0.395189 0.113379
vt 0.550874 0.753444
vt 0.713344 0.837538
vt 0.713344 0.921632
vt 0.713344 0.779059
vt 0.596277 0.839240
vt 0.596277 0.899422
vt 0.596277 0.347507
vt 0.728418 0.414269
vt 0.728418 0.480991
vt 0.728418 0.503906
vt 0.535156 0.550781
vt 0.535156 0.593750
vt 0.535156 0.413166
vt 0.851276 0.530428
vt 0.851276 0.320898
vt 0.727720 0.413166
vt 0.727720 0.505433
vt 0.727720 0.302157
vt 0.574510 0.236789
vt 0.574510 0.003661
vt 0.015039 0.003661
vt 0.175017 0.003661
vt 0.395189 0.003661
vt 0.615361 0.003661
vt 0.775339 0.767997
vt 0.846888 0.705754
vt 0.846888 0.839241
vt 0.846888 0.910484
vt 0.846888 0.972727
vt 0.846888 0.346640
vt 0.985806 0.279889
vt 0.985365 0.414269
vt 0.985806 0.481864
vt 0.985806 0.547914
vt 0.985366 0.496094
vt 0.707031 0.453125
vt 0.707031 0.550781
vt 0.707031 0.601562
vt 0.707031 0.644531
vt 0.707031 0.319241
vt 0.984483 0.279889
vt 0.985365 0.413166
vt 0.984483 0.507090
vt 0.984483 0.547914
vt 0.985366 0.426133
vt 0.573737 0.406646
vt 0.011631 0.356620
vt 0.011631 0.425869
vt 0.573737 0.302153
vt 0.573737 0.302153
vt 0.011632 0.247687
vt 0.011631 0.236334
vt 0.573737 0.197661
vt 0.011631 0.003661
vt 0.175017 0.003661
vt 0.395189 0.003661
vt 0.615361 0.767997
vt 0.846888 0.839241
vt 0.846888 0.910484
vt 0.846888 0.346640
vt 0.985806 0.414269
vt 0.985806 0.481864
vt 0.985806 0.496094
vt 0.707031 0.550781
vt 0.707031 0.601562
vt 0.707031 0.319241
vt 0.984483 0.413166
vt 0.984484 0.507090
vt 0.984484 0.356620
vt 0.011631 0.302153
vt 0.573737 0.302153
vt 0.011632 0.247687
vt 0.011631 0.236334
vt 0.573737 1.000000
vt 0.262990 0.299573
vt 0.782884 0.343232
vt 0.029886 0.565814
vt 0.238062 0.020809
vt 0.783787 0.572165
vt 0.028103 0.328333
vt 0.332129 0.898874
vt 0.259867 0.905612
vt 0.987944 0.905612
vt 0.826432 0.975548
vt 0.947566 0.975548
vt 0.866810 0.835675
vt 0.866810 0.835675
vt 0.947566 0.342918
vt 0.262990 0.299573
vt 0.782884 0.343232
vt 0.029886 0.565814
vt 0.238062 0.015593
vt 0.262990 0.015907
vt 0.029886 0.328333
vt 0.332129 0.898874
vt 0.259867 0.017831
vt 0.330477 0.900104
vt 0.028097 0.905612
vt 0.987944 0.905612
vt 0.826432 0.975548
vt 0.947566 0.975548
vt 0.866810 0.835675
vt 0.866810 0.835675
vt 0.947566 0.406123
vt 0.814687 0.486104
vt 0.814687 0.326141
vt 0.814687 0.726048
vt 0.814687 0.646067
vt 0.814687 0.566086
vt 0.814687 0.674735
vt 0.702339 0.939969
vt 0.702056 0.858121
vt 0.353393 0.756280
vt 0.353453 0.756634
vt 0.702470 0.857912
vt 0.702391 0.940269
vt 0.353690 0.674005
vt 0.353880 0.703241
vt 0.774114 0.911683
vt 0.774116 0.674735
vt 0.702339 0.939969
vt 0.702056 0.858121
vt 0.353393 0.756280
vt 0.353453 0.756634
vt 0.702470 0.857912
vt 0.702391 0.940269
vt 0.353690 0.674005
vt 0.353880 0.703241
vt 0.774114 0.911683
vt 0.774116 0.342703
vt 0.331865 0.619338
vt 0.776728 0.363345
vt 0.776728 0.639851
vt 0.331865 0.020809
vt 0.974219 0.299573
vt 0.973109 0.950527
vt 0.276186 0.950478
vt 0.028096 0.639831
vt 0.262933 0.406123
vt 0.985647 0.486104
vt 0.985647 0.326141
vt 0.985647 0.726048
vt 0.985647 0.806030
vt 0.814687 0.806030
vt 0.985647 0.646067
vt 0.985647 0.566086
vt 0.985647 0.020809
vt 0.783787 0.017831
vt 0.330477 0.572165
vt 0.028103 0.900104
vt 0.028097 0.015593
vt 0.262990 0.015907
vt 0.029886 0.342703
vt 0.331865 0.619338
vt 0.776728 0.639851
vt 0.331865 0.363345
vt 0.776728 0.020809
vt 0.974219 0.299573
vt 0.973109 0.950527
vt 0.276186 0.950478
vt 0.028096 0.639831
vt 0.262933 0.406123
vt 0.985647 0.486104
vt 0.814687 0.406123
vt 0.814687 0.486104
vt 0.985647 0.326141
vt 0.985647 0.326141
vt 0.814687 0.726048
vt 0.985647 0.806030
vt 0.814687 0.726048
vt 0.814687 0.806030
vt 0.985647 0.646067
vt 0.985647 0.646067
vt 0.814687 0.566086
vt 0.985647 0.566086
vt 0.814687 0.913956
vt 0.289939 0.702895
vt 0.289939 0.913956
vt 0.289939 0.702895
vt 0.289939 1.000000
vt 0.232372 0.306002
vt 0.238624 0.430586
vt 0.364793 0.340883
vt 0.365758 0.452667
vt 0.503931 0.143611
vt 0.487675 0.128589
vt 0.640205 0.407207
vt 0.534597 0.433324
vt 0.428056 0.246595
vt 0.756174 0.022667
vt 0.660712 0.161947
vt 0.431200 0.423647
vt 0.314910 0.407614
vt 0.709562 0.500002
vt 0.528526 0.337466
vt 0.421055 0.373996
vt 0.764717 0.247614
vt 0.373853 0.042029
vt 0.499204 0.239668
vt 0.835482 0.359780
vt 0.861145 0.141164
vt 0.762461 0.143833
vt 0.534640 0.330891
vt 0.514875 0.189843
vt 0.701003 0.215569
vt 0.508004 0.239198
vt 0.423462 0.121177
vt 0.876415 0.237456
vt 0.944802 0.359183
vt 0.980757 0.337956
vt 0.731681 0.256466
vt 0.722485 0.500002
vt 0.498139 0.500002
vt 0.615419 0.500002
vt 0.564817 0.500002
vt 0.427745 0.500002
vt 0.767891 0.500002
vt 0.867751 0.500002
vt 0.360773 0.484058
vt 0.309444 0.500002
vt 0.984681 0.421184
vt 0.247518 0.371418
vt 0.196997 0.679093
vt 0.108774 0.517584
vt 0.182734 0.255124
vt 0.123013 0.547388
vt 0.099511 0.116385
vt 0.224142 0.086723
vt 0.329279 0.227964
vt 0.473880 0.334448
vt 0.473566 0.336054
vt 0.319464 0.049625
vt 0.785180 0.202400
vt 0.322420 0.500002
vt 0.694778 0.812961
vt 0.232372 0.694003
vt 0.238624 0.569419
vt 0.364793 0.659121
vt 0.365758 0.547338
vt 0.503931 0.856393
vt 0.487675 0.871415
vt 0.640205 0.592798
vt 0.534597 0.566681
vt 0.428056 0.753409
vt 0.756174 0.977337
vt 0.660712 0.838057
vt 0.431200 0.576357
vt 0.314910 0.592390
vt 0.709562 0.662538
vt 0.421055 0.626008
vt 0.764717 0.752390
vt 0.373853 0.957975
vt 0.499204 0.760336
vt 0.835482 0.640224
vt 0.861145 0.858841
vt 0.762461 0.856172
vt 0.534640 0.669113
vt 0.514875 0.810162
vt 0.701003 0.784435
vt 0.508004 0.760807
vt 0.423462 0.878827
vt 0.876415 0.762548
vt 0.944802 0.640821
vt 0.980757 0.662049
vt 0.731681 0.743538
vt 0.722485 0.371418
vt 0.196997 0.679093
vt 0.108774 0.517584
vt 0.182734 0.255124
vt 0.123013 0.547388
vt 0.099511 0.913282
vt 0.329279 0.772041
vt 0.473880 0.665557
vt 0.473566 0.663950
vt 0.319464 0.950379
vt 0.785180 0.797605
vt 0.322420 0.221213
vt 0.019565 0.516263
vt 0.020556 0.582477
vt 0.153279 0.599623
vt 0.080205 0.780121
vt 0.024468 0.676953
vt 0.024838 0.787872
vt 0.127494 0.805726
vt 0.076690 0.013506
vt 0.401670 0.578820
vt 0.247518 0.515946
vt 0.309444 0.516263
vt 0.020556 0.221213
vt 0.019565 0.599623
vt 0.080205 0.582477
vt 0.153279 0.780121
vt 0.024468 0.676953
vt 0.024838 0.787872
vt 0.127494 0.805726
vt 0.076690 0.986499
vt 0.401670 0.883620
vt 0.224142 1.000000
vt 0.994009 0.611731
vt 0.869073 0.611731
vt 0.869073 0.749996
vt 0.994009 0.749996
vt 0.869073 0.749996
vt 0.869073 0.879440
vt 0.994009 0.879440
vt 0.869073 0.879440
vt 0.869073 0.994230
vt 0.994009 0.994230
vt 0.869073 0.994230
vt 0.869073 0.134465
vt 0.795978 0.183836
vt 0.839258 0.183836
vt 0.614920 0.183836
vt 0.614920 0.248187
vt 0.727332 0.134465
vt 0.653162 0.134465
vt 0.653162 1.000000
vt 0.994009 0.611731
vt 0.869073 0.611731
vt 0.869073 0.749996
vt 0.994009 0.749996
vt 0.869073 0.749996
vt 0.869073 0.879440
vt 0.994009 0.879440
vt 0.869073 0.879440
vt 0.869073 0.994230
vt 0.994009 0.994230
vt 0.869073 0.994230
vt 0.869073 0.134465
vt 0.795978 0.183836
vt 0.839258 0.183836
vt 0.614920 0.183836
vt 0.614920 0.248187
vt 0.727332 0.134465
vt 0.653162 0.134465
vt 0.653162 1.000000
vt 0.396960 0.359710
vt 0.771178 0.372631
vt 0.563758 0.663025
vt 0.408255 0.416402
vt 0.462748 0.356328
vt 0.662924 0.471147
vt 0.417393 0.369057
vt 0.084303 0.269261
vt 0.115761 0.380721
vt 0.128053 0.289201
vt 0.145042 0.417785
vt 0.336730 0.208077
vt 0.202777 0.256613
vt 0.336671 0.199462
vt 0.560910 0.192073
vt 0.658201 0.157009
vt 0.279383 0.186333
vt 0.179407 0.023657
vt 0.575520 0.019992
vt 0.653513 0.134089
vt 0.381159 0.016095
vt 0.781684 0.196923
vt 0.772921 0.478839
vt 0.216150 0.023929
vt 0.853846 0.209246
vt 0.872296 0.473552
vt 0.099754 0.580685
vt 0.131417 0.382166
vt 0.744584 0.410098
vt 0.854564 0.607797
vt 0.886208 0.652754
vt 0.785842 0.413368
vt 0.654959 0.641432
vt 0.692021 0.228078
vt 0.051518 0.034625
vt 0.446654 0.047074
vt 0.969035 0.326999
vt 0.412515 0.530751
vt 0.304248 0.375349
vt 0.268299 0.343897
vt 0.150251 0.323844
vt 0.121781 0.995693
vt 0.072338 0.741820
vt 0.010929 0.734688
vt 0.904743 0.718135
vt 0.446007 0.965712
vt 0.447248 0.735459
vt 0.646439 0.972126
vt 0.267265 0.735951
vt 0.285034 0.967589
vt 0.655360 0.740026
vt 0.774614 0.244495
vt 0.969311 0.985852
vt 0.158248 0.742004
vt 0.140985 0.141908
vt 0.945400 0.582699
vt 0.942563 0.801159
vt 0.921042 0.331332
vt 0.946707 0.223627
vt 0.942114 0.896855
vt 0.902552 0.165844
vt 0.244529 0.441593
vt 0.096447 0.923900
vt 0.871156 0.927906
vt 0.050458 0.549983
vt 0.396960 0.359710
vt 0.771178 0.372631
vt 0.563758 0.663025
vt 0.408255 0.416402
vt 0.462748 0.356328
vt 0.662924 0.471147
vt 0.417393 0.369057
vt 0.084303 0.269261
vt 0.115761 0.380721
vt 0.128053 0.289201
vt 0.145042 0.417785
vt 0.336730 0.208077
vt 0.202777 0.256613
vt 0.336671 0.199462
vt 0.560910 0.192073
vt 0.658201 0.157009
vt 0.279383 0.186333
vt 0.179407 0.023657
vt 0.575520 0.019992
vt 0.653513 0.134089
vt 0.381159 0.016095
vt 0.781684 0.196923
vt 0.772921 0.478839
vt 0.216150 0.023929
vt 0.853846 0.209246
vt 0.872296 0.473552
vt 0.099754 0.580685
vt 0.131417 0.382166
vt 0.744584 0.410098
vt 0.854564 0.607797
vt 0.886208 0.652754
vt 0.785842 0.413368
vt 0.654959 0.641432
vt 0.692021 0.228078
vt 0.051518 0.034625
vt 0.446654 0.047074
vt 0.969035 0.326999
vt 0.412515 0.530751
vt 0.304248 0.375349
vt 0.268299 0.343897
vt 0.150251 0.323844
vt 0.121781 0.995693
vt 0.072338 0.741820
vt 0.010929 0.734688
vt 0.904743 0.718135
vt 0.446007 0.965712
vt 0.447248 0.735459
vt 0.646439 0.972126
vt 0.267265 0.735951
vt 0.285034 0.967589
vt 0.655360 0.740026
vt 0.774614 0.244495
vt 0.969311 0.985852
vt 0.158248 0.742004
vt 0.140985 0.141908
vt 0.945400 0.582699
vt 0.942563 0.801159
vt 0.921042 0.331332
vt 0.946707 0.223627
vt 0.942114 0.896855
vt 0.902552 0.165844
vt 0.244529 0.441593
vt 0.096447 0.923900
vt 0.871156 0.927906
vt 0.050458 0.719016
vt 0.263160 0.360820
vt 0.015446 0.493979
vt 0.025467 0.609057
vt 0.049708 0.693847
vt 0.075504 0.070741
vt 0.256158 0.049312
vt 0.365300 0.130564
vt 0.140009 0.506183
vt 0.912156 0.464844
vt 0.481629 0.649890
vt 0.624377 0.659046
vt 0.511310 0.435197
vt 0.588156 0.525185
vt 0.445073 0.634282
vt 0.461714 0.381146
vt 0.871035 0.981493
vt 0.875728 0.899743
vt 0.932956 0.585840
vt 0.986419 0.355111
vt 0.982842 0.781536
vt 0.958913 0.995883
vt 0.845857 0.974044
vt 0.755776 0.719016
vt 0.263160 0.360820
vt 0.015446 0.493979
vt 0.025467 0.609057
vt 0.049708 0.693847
vt 0.075504 0.070741
vt 0.256158 0.049312
vt 0.365300 0.130564
vt 0.140009 0.506183
vt 0.912156 0.649890
vt 0.624377 0.464844
vt 0.481629 0.659046
vt 0.511310 0.435197
vt 0.588156 0.525185
vt 0.445073 0.634282
vt 0.461714 0.381146
vt 0.871035 0.981493
vt 0.875728 0.899743
vt 0.932956 0.355111
vt 0.982842 0.585840
vt 0.986419 0.781536
vt 0.958913 0.995883
vt 0.845857 0.974044
vt 0.755776 1.000000
vt 0.573885 0.297983
vt 0.628644 0.301342
vt 0.819788 0.292112
vt 0.760792 0.223892
vt 0.991481 0.256773
vt 0.504636 0.198474
vt 0.711301 0.187933
vt 0.558093 0.189880
vt 0.501118 0.195316
vt 0.417828 0.249413
vt 0.821056 0.196100
vt 0.615788 0.130821
vt 0.497271 0.067855
vt 0.398969 0.062064
vt 0.897024 0.055690
vt 0.812823 0.121740
vt 0.614266 0.050946
vt 0.707202 0.177887
vt 0.894952 0.182732
vt 0.817681 0.081824
vt 0.553298 0.089383
vt 0.495140 0.079152
vt 0.614556 0.047461
vt 0.552343 0.047385
vt 0.623214 0.058381
vt 0.488496 0.219731
vt 0.900658 0.124666
vt 0.554190 0.267999
vt 0.500990 0.092521
vt 0.707902 0.081556
vt 0.811047 0.087325
vt 0.896588 0.090176
vt 0.991234 0.259758
vt 0.564454 0.264875
vt 0.622614 0.255592
vt 0.899170 0.250008
vt 0.763780 0.125796
vt 0.816890 0.124437
vt 0.894396 0.130787
vt 0.987976 0.329206
vt 0.639146 0.337621
vt 0.811721 0.341640
vt 0.592070 0.326587
vt 0.754808 0.297716
vt 0.701023 0.199818
vt 0.648177 0.108291
vt 0.650754 0.195729
vt 0.774062 0.104458
vt 0.768674 0.254656
vt 0.653093 0.245924
vt 0.708419 0.123213
vt 0.708941 0.023536
vt 0.388425 0.011369
vt 0.485633 0.010593
vt 0.808820 0.019859
vt 0.902131 0.005255
vt 0.553337 0.002756
vt 0.630310 0.004748
vt 0.714445 0.563607
vt 0.886271 0.228836
vt 0.993780 0.355655
vt 0.879722 0.312530
vt 0.514625 0.738688
vt 0.084975 0.884022
vt 0.055806 0.650950
vt 0.738921 0.581900
vt 0.704383 0.716122
vt 0.783557 0.664661
vt 0.254031 0.647920
vt 0.556570 0.657126
vt 0.505227 0.666400
vt 0.318962 0.666002
vt 0.378933 0.663300
vt 0.449106 0.966614
vt 0.342061 0.907097
vt 0.396572 0.897351
vt 0.484704 0.880879
vt 0.115231 0.806223
vt 0.113285 0.683344
vt 0.686915 0.750210
vt 0.737115 0.579985
vt 0.551653 0.580233
vt 0.260379 0.580389
vt 0.439672 0.580386
vt 0.319795 0.394225
vt 0.546502 0.394430
vt 0.494542 0.394395
vt 0.266211 0.394465
vt 0.445218 0.394431
vt 0.322889 0.580447
vt 0.375205 0.394504
vt 0.375321 0.588737
vt 0.498018 0.552934
vt 0.550170 0.553298
vt 0.439082 0.543840
vt 0.493349 0.567371
vt 0.495520 0.553308
vt 0.374547 0.553161
vt 0.320658 0.553051
vt 0.262517 0.815316
vt 0.373041 0.792428
vt 0.497114 0.845440
vt 0.193123 0.765960
vt 0.556053 0.771759
vt 0.211102 0.697700
vt 0.598483 0.815606
vt 0.292181 0.750662
vt 0.477269 0.806838
vt 0.445253 0.692796
vt 0.573640 0.733387
vt 0.535491 0.702477
vt 0.520226 0.743780
vt 0.225877 0.767072
vt 0.383697 0.733261
vt 0.311573 0.704812
vt 0.455895 0.758002
vt 0.433788 0.713714
vt 0.385588 0.891227
vt 0.268507 0.964970
vt 0.191302 0.900263
vt 0.192897 0.964925
vt 0.257291 0.842377
vt 0.623394 0.964905
vt 0.305849 0.896474
vt 0.325729 0.862126
vt 0.384322 0.845993
vt 0.460029 0.842839
vt 0.531117 0.772033
vt 0.307549 0.728981
vt 0.623866 0.947970
vt 0.492752 0.958525
vt 0.434217 0.486865
vt 0.266504 0.486905
vt 0.320944 0.486945
vt 0.372549 0.487036
vt 0.438721 0.487054
vt 0.492058 0.486773
vt 0.548492 0.639526
vt 0.792287 0.599653
vt 0.768856 0.555259
vt 0.742707 0.867626
vt 0.008897 0.912810
vt 0.008961 0.432180
vt 0.547318 0.433065
vt 0.517114 0.432724
vt 0.322083 0.431777
vt 0.288328 0.435809
vt 0.442316 0.434408
vt 0.374124 0.324508
vt 0.695940 0.311781
vt 0.203732 0.062510
vt 0.212290 0.176017
vt 0.208075 0.367831
vt 0.201390 0.235592
vt 0.206176 0.121096
vt 0.209989 0.006852
vt 0.378713 0.065193
vt 0.384757 0.120453
vt 0.382990 0.182717
vt 0.380991 0.285498
vt 0.360268 0.240608
vt 0.365123 0.327879
vt 0.359697 0.179564
vt 0.306179 0.120194
vt 0.309935 0.066253
vt 0.312699 0.377855
vt 0.291300 0.271848
vt 0.205097 0.218320
vt 0.011119 0.218254
vt 0.045947 0.373012
vt 0.046409 0.491659
vt 0.046022 0.647455
vt 0.046122 0.802219
vt 0.046088 0.802435
vt 0.011126 0.647735
vt 0.011123 0.491707
vt 0.011123 0.373367
vt 0.011124 0.126294
vt 0.011143 0.127389
vt 0.045931 0.008063
vt 0.045928 0.293281
vt 0.573885 0.245924
vt 0.708419 0.297983
vt 0.628644 0.301342
vt 0.819788 0.292112
vt 0.760792 0.223892
vt 0.991481 0.256773
vt 0.504636 0.198474
vt 0.711301 0.187933
vt 0.558093 0.189880
vt 0.501118 0.195316
vt 0.417828 0.249413
vt 0.821056 0.196100
vt 0.615788 0.130821
vt 0.497271 0.067855
vt 0.398969 0.062064
vt 0.897024 0.055690
vt 0.812823 0.121740
vt 0.614266 0.050946
vt 0.707202 0.177887
vt 0.894952 0.182732
vt 0.817681 0.081824
vt 0.553298 0.089383
vt 0.495140 0.079152
vt 0.614556 0.047461
vt 0.552343 0.047385
vt 0.623214 0.058381
vt 0.488496 0.219731
vt 0.900658 0.124666
vt 0.554190 0.092521
vt 0.707902 0.081556
vt 0.811047 0.087325
vt 0.896588 0.090176
vt 0.991234 0.259758
vt 0.564454 0.264875
vt 0.622614 0.255592
vt 0.899170 0.250008
vt 0.763780 0.125796
vt 0.816890 0.124437
vt 0.894396 0.130787
vt 0.987976 0.329206
vt 0.639146 0.337621
vt 0.811721 0.616199
vt 0.070076 0.326587
vt 0.754808 0.297716
vt 0.701023 0.199818
vt 0.648177 0.108291
vt 0.650754 0.195729
vt 0.774062 0.104458
vt 0.768674 0.254656
vt 0.653093 0.123213
vt 0.708941 0.023536
vt 0.388425 0.011369
vt 0.485633 0.010593
vt 0.808820 0.019859
vt 0.902131 0.005255
vt 0.553337 0.002756
vt 0.630310 0.004748
vt 0.714445 0.563607
vt 0.886271 0.246103
vt 0.936272 0.319852
vt 0.892841 0.884022
vt 0.055806 0.650950
vt 0.738921 0.581900
vt 0.704383 0.965347
vt 0.055906 0.664661
vt 0.254031 0.647920
vt 0.556570 0.657126
vt 0.505227 0.666400
vt 0.318962 0.666002
vt 0.378933 0.663300
vt 0.449106 0.907097
vt 0.396572 0.897351
vt 0.484704 0.909918
vt 0.560911 0.964968
vt 0.115854 0.880879
vt 0.115231 0.806223
vt 0.113285 0.683344
vt 0.686915 0.579985
vt 0.551653 0.580233
vt 0.260379 0.580389
vt 0.439672 0.580386
vt 0.319795 0.394225
vt 0.546502 0.394430
vt 0.494542 0.394395
vt 0.266211 0.394465
vt 0.445218 0.394431
vt 0.322889 0.580447
vt 0.375205 0.394504
vt 0.375321 0.588737
vt 0.498018 0.552934
vt 0.550170 0.553298
vt 0.439082 0.543840
vt 0.493349 0.567371
vt 0.495520 0.553308
vt 0.374547 0.553161
vt 0.320658 0.553051
vt 0.262517 0.815316
vt 0.373041 0.792428
vt 0.497114 0.845440
vt 0.193123 0.765960
vt 0.556053 0.771759
vt 0.211102 0.697700
vt 0.598483 0.815606
vt 0.292181 0.750662
vt 0.477269 0.806838
vt 0.445253 0.692796
vt 0.573640 0.733387
vt 0.535491 0.702477
vt 0.520226 0.743780
vt 0.225877 0.767072
vt 0.383697 0.733261
vt 0.311573 0.704812
vt 0.455895 0.758002
vt 0.433788 0.713714
vt 0.385588 0.891227
vt 0.268507 0.900263
vt 0.192897 0.876771
vt 0.585770 0.896474
vt 0.325729 0.862126
vt 0.384322 0.845993
vt 0.460029 0.842839
vt 0.531117 0.772033
vt 0.307549 0.728981
vt 0.623866 0.793086
vt 0.678992 0.947970
vt 0.492752 0.958525
vt 0.434217 0.950275
vt 0.552339 0.991096
vt 0.395527 0.486865
vt 0.266504 0.486905
vt 0.320944 0.486945
vt 0.372549 0.487036
vt 0.438721 0.487054
vt 0.492058 0.486773
vt 0.548492 0.639526
vt 0.792287 0.599653
vt 0.768856 0.693324
vt 0.823860 0.555259
vt 0.742707 0.867626
vt 0.008897 0.912810
vt 0.008961 0.970068
vt 0.009082 0.432180
vt 0.547318 0.433065
vt 0.517114 0.432724
vt 0.322083 0.431777
vt 0.288328 0.435809
vt 0.442316 0.434408
vt 0.374124 0.399577
vt 0.057192 0.311781
vt 0.203732 0.062510
vt 0.212290 0.176017
vt 0.208075 0.367831
vt 0.201390 0.235592
vt 0.206176 0.121096
vt 0.209989 0.006852
vt 0.378713 0.065193
vt 0.384757 0.120453
vt 0.382990 0.182717
vt 0.380991 0.285498
vt 0.360268 0.240608
vt 0.365123 0.327879
vt 0.359697 0.179564
vt 0.306179 0.120194
vt 0.309935 0.066253
vt 0.312699 0.377855
vt 0.291300 0.271848
vt 0.205097 0.218320
vt 0.011119 0.218254
vt 0.045947 0.373012
vt 0.046409 0.491659
vt 0.046022 0.647455
vt 0.046122 0.802435
vt 0.011126 0.647735
vt 0.011123 0.491707
vt 0.011123 0.373367
vt 0.011124 0.126294
vt 0.011143 0.127389
vt 0.045931 0.007932
vt 0.011141 0.787567
vt 0.705486 0.446420
vt 0.858339 0.786617
vt 0.981212 0.442587
vt 0.683226 0.978619
vt 0.705486 0.404454
vt 0.859201 0.978619
vt 0.981867 0.400622
vt 0.684121 0.883093
vt 0.687185 0.883093
vt 0.687185 0.507657
vt 0.062074 0.159737
vt 0.072470 0.616199
vt 0.070076 0.279230
vt 0.054410 0.017318
vt 0.113853 0.362948
vt 0.535254 0.399577
vt 0.057192 0.507657
vt 0.062074 0.159737
vt 0.072470 0.341640
vt 0.592070 0.279230
vt 0.054410 0.324508
vt 0.695940 0.248061
vt 0.429171 0.095528
vt 0.400565 0.141266
vt 0.404121 0.181403
vt 0.985202 0.253206
vt 0.427796 0.064771
vt 0.991911 0.019410
vt 0.991685 0.466092
vt 0.952482 0.555842
vt 0.993659 0.637479
vt 0.937017 0.659221
vt 0.850950 0.813884
vt 0.055650 0.606487
vt 0.652150 0.647680
vt 0.188345 0.579966
vt 0.202530 0.552935
vt 0.207002 0.433684
vt 0.343959 0.486848
vt 0.207733 0.698672
vt 0.162462 0.724076
vt 0.148098 0.431451
vt 0.266329 0.432282
vt 0.232891 0.435396
vt 0.413055 0.433395
vt 0.493497 0.434320
vt 0.465381 0.817424
vt 0.008868 0.043215
vt 0.190584 0.177562
vt 0.147282 0.505345
vt 0.126339 0.396015
vt 0.127251 0.603672
vt 0.122647 0.282379
vt 0.126888 0.728760
vt 0.134246 0.394221
vt 0.209452 0.007306
vt 0.304726 0.385287
vt 0.362493 0.007428
vt 0.214127 0.607049
vt 0.790106 0.538807
vt 0.779629 0.474929
vt 0.859159 0.246103
vt 0.936272 0.228836
vt 0.993780 0.248061
vt 0.429171 0.095528
vt 0.400565 0.141266
vt 0.404121 0.181403
vt 0.985202 0.267999
vt 0.500990 0.253206
vt 0.427796 0.064771
vt 0.991911 0.312530
vt 0.514625 0.319852
vt 0.892841 0.362948
vt 0.535254 0.355655
vt 0.879722 0.019410
vt 0.991685 0.466092
vt 0.952482 0.555842
vt 0.993659 0.637479
vt 0.937017 0.659221
vt 0.850950 0.716122
vt 0.783557 0.750210
vt 0.737115 0.813884
vt 0.055650 0.964968
vt 0.115854 0.965347
vt 0.055906 0.606487
vt 0.652150 0.579966
vt 0.202530 0.647680
vt 0.188345 0.552935
vt 0.207002 0.433684
vt 0.343959 0.486848
vt 0.207733 0.793086
vt 0.678992 0.698672
vt 0.162462 0.724076
vt 0.148098 0.964970
vt 0.191302 0.964925
vt 0.257291 0.876771
vt 0.585770 0.842377
vt 0.623394 0.964905
vt 0.305849 0.966614
vt 0.342061 0.909918
vt 0.560911 0.950275
vt 0.552339 0.991096
vt 0.395527 0.431451
vt 0.266329 0.432282
vt 0.232891 0.435396
vt 0.413055 0.433395
vt 0.493497 0.434320
vt 0.465381 0.693324
vt 0.823860 0.817424
vt 0.008868 0.970068
vt 0.009082 0.177562
vt 0.147282 0.505345
vt 0.126339 0.396015
vt 0.127251 0.603672
vt 0.122647 0.282379
vt 0.126888 0.394221
vt 0.209452 0.007306
vt 0.304726 0.385287
vt 0.362493 0.007428
vt 0.214127 0.607049
vt 0.790106 0.538807
vt 0.779629 0.474929
vt 0.859159 0.448556
vt 0.981742 0.443532
vt 0.920102 0.406585
vt 0.982301 0.401564
vt 0.920826 0.440066
vt 0.562199 0.398100
vt 0.563073 0.446420
vt 0.858339 0.404454
vt 0.859201 0.442587
vt 0.683226 0.400622
vt 0.684121 0.978619
vt 0.981867 0.978619
vt 0.705486 0.787567
vt 0.705486 0.786617
vt 0.981212 0.352033
vt 0.593188 0.373097
vt 0.536658 0.347939
vt 0.809700 0.336998
vt 0.753420 0.366076
vt 0.876911 0.339621
vt 0.639726 0.334956
vt 0.694974 0.352033
vt 0.593188 0.336998
vt 0.753420 0.347939
vt 0.809700 0.339621
vt 0.639726 0.334956
vt 0.694974 1.000000
vt 0.591712 0.855103
vt 0.992054 0.270249
vt 0.992104 0.715486
vt 0.992051 0.419232
vt 0.992015 0.568007
vt 0.992034 0.245332
vt 0.882456 0.804546
vt 0.748799 0.150193
vt 0.472688 0.416098
vt 0.714510 0.087026
vt 0.501835 0.123533
vt 0.491581 0.063079
vt 0.562610 0.115237
vt 0.591262 0.844891
vt 0.901574 0.270524
vt 0.516095 0.185219
vt 0.541189 0.132306
vt 0.546450 0.087512
vt 0.532143 0.491454
vt 0.720798 0.350593
vt 0.851698 0.438739
vt 0.808180 0.257471
vt 0.687498 0.282525
vt 0.769459 0.267823
vt 0.415104 0.647986
vt 0.727829 0.939008
vt 0.893417 0.494129
vt 0.627710 0.431890
vt 0.623003 0.271325
vt 0.349102 0.662345
vt 0.623457 0.493889
vt 0.527821 0.477464
vt 0.474618 0.698269
vt 0.454894 0.675055
vt 0.509119 0.880050
vt 0.753327 0.570480
vt 0.724324 0.562704
vt 0.624006 0.551791
vt 0.517799 0.735006
vt 0.740931 0.732059
vt 0.635091 0.735489
vt 0.525528 0.217726
vt 0.417323 0.212054
vt 0.352478 0.537171
vt 0.464321 0.321426
vt 0.418345 0.312887
vt 0.351674 0.757744
vt 0.471248 0.825431
vt 0.580625 0.874653
vt 0.603680 0.868990
vt 0.678682 0.811826
vt 0.671070 0.263297
vt 0.347380 0.652053
vt 0.619453 0.262715
vt 0.277313 0.658574
vt 0.484187 0.580883
vt 0.615201 0.594104
vt 0.480825 0.753065
vt 0.651740 0.775654
vt 0.561887 0.219833
vt 0.349961 0.220745
vt 0.279355 0.322798
vt 0.364737 0.320274
vt 0.315073 0.356417
vt 0.591712 0.855103
vt 0.992054 0.270249
vt 0.992104 0.715486
vt 0.992051 0.419232
vt 0.992015 0.568007
vt 0.992034 0.245332
vt 0.882456 0.804546
vt 0.748799 0.150193
vt 0.472688 0.416098
vt 0.714510 0.087026
vt 0.501835 0.123533
vt 0.491581 0.063079
vt 0.562610 0.115237
vt 0.591262 0.844891
vt 0.901574 0.270524
vt 0.516095 0.185219
vt 0.541189 0.132306
vt 0.546450 0.087512
vt 0.532143 0.491454
vt 0.720798 0.350593
vt 0.851698 0.438739
vt 0.808180 0.257471
vt 0.687498 0.282525
vt 0.769459 0.267823
vt 0.415104 0.647986
vt 0.727829 0.939008
vt 0.893417 0.494129
vt 0.627710 0.431890
vt 0.623003 0.271325
vt 0.349102 0.662345
vt 0.623457 0.493889
vt 0.527821 0.477464
vt 0.474618 0.698269
vt 0.454894 0.675055
vt 0.509119 0.880050
vt 0.753327 0.570480
vt 0.724324 0.562704
vt 0.624006 0.551791
vt 0.517799 0.735006
vt 0.740931 0.732059
vt 0.635091 0.735489
vt 0.525528 0.217726
vt 0.417323 0.212054
vt 0.352478 0.537171
vt 0.464321 0.321426
vt 0.418345 0.312887
vt 0.351674 0.757744
vt 0.471248 0.825431
vt 0.580625 0.874653
vt 0.603680 0.868990
vt 0.678682 0.811826
vt 0.671070 0.263297
vt 0.347380 0.652053
vt 0.619453 0.262715
vt 0.277313 0.658574
vt 0.484187 0.580883
vt 0.615201 0.594104
vt 0.480825 0.753065
vt 0.651740 0.775654
vt 0.561887 0.219833
vt 0.349961 0.220745
vt 0.279355 0.322798
vt 0.364737 0.320274
vt 0.315073 0.839741
vt 0.056769 0.819488
vt 0.215771 0.955660
vt 0.235868 0.984158
vt 0.083401 0.175332
vt 0.090992 0.189029
vt 0.225715 0.346831
vt 0.224348 0.334176
vt 0.066858 0.495804
vt 0.211381 0.684344
vt 0.052015 0.492194
vt 0.059810 0.681206
vt 0.204758 0.825871
vt 0.180544 0.966413
vt 0.206831 0.191954
vt 0.200775 0.343691
vt 0.190453 0.485809
vt 0.185946 0.691376
vt 0.178338 0.990031
vt 0.116010 0.833106
vt 0.089575 0.691717
vt 0.082551 0.487383
vt 0.089980 0.341182
vt 0.099181 0.185693
vt 0.117935 0.277434
vt 0.612789 0.178216
vt 0.616629 0.364317
vt 0.769476 0.215792
vt 0.788331 0.207076
vt 0.703269 0.326682
vt 0.738358 0.304358
vt 0.684918 0.242366
vt 0.643732 0.198933
vt 0.653729 0.368176
vt 0.523445 0.372513
vt 0.421681 0.163657
vt 0.422496 0.165949
vt 0.356758 0.439753
vt 0.545994 0.167671
vt 0.301817 0.208982
vt 0.295317 0.270200
vt 0.291885 0.309114
vt 0.298481 0.989146
vt 0.992041 0.890581
vt 0.607967 0.885325
vt 0.723951 0.976284
vt 0.609120 0.952056
vt 0.757548 0.990732
vt 0.487812 0.886219
vt 0.494721 0.890581
vt 0.607967 0.885325
vt 0.723951 0.976284
vt 0.609120 0.952056
vt 0.757548 0.990732
vt 0.487812 0.886219
vt 0.494721 0.952056
vt 0.757548 0.885325
vt 0.723951 0.976284
vt 0.609120 0.890581
vt 0.607967 0.990732
vt 0.487812 0.886219
vt 0.494721 0.662460
vt 0.419055 0.597334
vt 0.415420 0.364206
vt 0.371072 0.356080
vt 0.319611 0.851979
vt 0.533630 0.801473
vt 0.514572 0.952056
vt 0.757548 0.885325
vt 0.723951 0.976284
vt 0.609120 0.890581
vt 0.607967 0.952056
vt 0.757548 0.885325
vt 0.723951 0.976284
vt 0.609120 0.890581
vt 0.607967 0.890581
vt 0.607967 0.885325
vt 0.723951 0.976284
vt 0.609120 0.952056
vt 0.757548 0.277434
vt 0.612789 0.178216
vt 0.616629 0.364317
vt 0.769476 0.215792
vt 0.788331 0.207076
vt 0.703269 0.326682
vt 0.738358 0.304358
vt 0.684918 0.242366
vt 0.643732 0.198933
vt 0.653729 0.368176
vt 0.523445 0.372513
vt 0.421681 0.163657
vt 0.422496 0.165949
vt 0.356758 0.439753
vt 0.545994 0.167671
vt 0.301817 0.208982
vt 0.295317 0.270200
vt 0.291885 0.309114
vt 0.298481 0.989146
vt 0.992041 0.890581
vt 0.607967 0.976284
vt 0.609120 0.885325
vt 0.723951 0.952056
vt 0.757548 0.990732
vt 0.487812 0.886219
vt 0.494721 0.890581
vt 0.607967 0.976284
vt 0.609120 0.885325
vt 0.723951 0.952056
vt 0.757548 0.990732
vt 0.487812 0.886219
vt 0.494721 0.952056
vt 0.757548 0.976284
vt 0.609120 0.885325
vt 0.723951 0.890581
vt 0.607967 0.990732
vt 0.487812 0.886219
vt 0.494721 0.662460
vt 0.419055 0.597334
vt 0.415420 0.364206
vt 0.371072 0.356080
vt 0.319611 0.851979
vt 0.533630 0.801473
vt 0.514572 0.952056
vt 0.757548 0.976284
vt 0.609120 0.885325
vt 0.723951 0.890581
vt 0.607967 0.952056
vt 0.757548 0.976284
vt 0.609120 0.885325
vt 0.723951 0.890581
vt 0.607967 0.890581
vt 0.607967 0.976284
vt 0.609120 0.885325
vt 0.723951 0.952056
vt 0.757548 0.008086
vt 0.139044 0.022629
vt 0.228286 0.047504
vt 0.245280 0.024800
vt 0.111611 1.000000

f 42/42 46/46 43/43
f 46/46 42/42 45/45
f 43/43 46/46 44/44
f 45/45 47/47 46/46
f 47/47 45/45 48/48
f 46/46 47/47 44/44
f 49/49 53/53 50/50
f 53/53 49/49 54/54
f 50/50 53/53 55/55
f 54/54 51/51 52/52
f 51/51 54/54 49/49
f 56/56 58/58 57/57
f 58/58 56/56 59/59
f 57/57 58/58 60/60
f 58/58 63/63 62/62
f 58/58 62/62 64/64
f 63/63 58/58 59/59
f 59/59 56/56 61/61
f 73/73 72/72 74/74
f 74/74 66/66 73/73
f 66/66 74/74 65/65
f 73/73 67/67 68/68
f 67/67 73/73 66/66
f 69/69 68/68 67/67
f 72/72 73/73 70/70
f 68/68 70/70 73/73
f 71/71 70/70 68/68
f 75/75 76/76 65/65
f 66/66 65/65 76/76
f 76/76 67/67 66/66
f 79/79 99/99 80/80
f 78/78 80/80 99/99
f 82/82 78/78 99/99
f 103/103 104/104 119/119
f 102/102 119/119 104/104
f 106/106 119/119 102/102
f 2/2 12/12 1/1
f 12/12 13/13 1/1
f 13/13 14/14 1/1
f 14/14 3/3 10/10
f 2/2 10/10 12/12
f 12/12 24/24 25/25
f 13/13 25/25 26/26
f 14/14 26/26 6/6
f 6/6 4/4 15/15
f 18/18 15/15 19/19
f 19/19 16/16 17/17
f 9/9 5/5 7/7
f 20/20 17/17 15/15
f 21/21 15/15 22/22
f 22/22 16/16 17/17
f 23/23 17/17 9/9
f 17/17 23/23 7/7
f 17/17 5/5 10/10
f 6/6 24/24 18/18
f 24/24 18/18 19/19
f 25/25 19/19 26/26
f 26/26 20/20 137/137
f 27/27 138/138 137/137
f 28/28 27/27 137/137
f 29/29 28/28 137/137
f 139/139 29/29 140/140
f 140/140 138/138 27/27
f 39/39 27/27 40/40
f 40/40 28/28 41/41
f 41/41 29/29 142/142
f 143/143 142/142 30/30
f 30/30 33/33 34/34
f 31/31 34/34 32/32
f 144/144 145/145 146/146
f 32/32 35/35 30/30
f 30/30 36/36 37/37
f 31/31 37/37 32/32
f 32/32 38/38 145/145
f 38/38 32/32 146/146
f 144/144 32/32 140/140
f 39/39 142/142 33/33
f 33/33 39/39 34/34
f 34/34 40/40 41/41
f 35/35 41/41 97/97
f 90/90 92/92 85/85
f 85/85 83/83 82/82
f 122/122 98/98 96/96
f 86/86 96/96 92/92
f 92/92 96/96 89/89
f 97/97 90/90 88/88
f 97/97 89/89 87/87
f 95/95 96/96 77/77
f 96/96 86/86 93/93
f 93/93 82/82 94/94
f 77/77 94/94 101/101
f 98/98 99/99 101/101
f 100/100 98/98 81/81
f 81/81 101/101 89/89
f 91/91 82/82 116/116
f 111/111 109/109 85/85
f 83/83 85/85 106/106
f 123/123 119/119 108/108
f 117/117 119/119 115/115
f 115/115 86/86 111/111
f 115/115 111/111 108/108
f 116/116 107/107 108/108
f 109/109 116/116 87/87
f 115/115 114/114 77/77
f 86/86 115/115 112/112
f 106/106 112/112 113/113
f 113/113 77/77 121/121
f 119/119 117/117 121/121
f 118/118 121/121 105/105
f 121/121 105/105 108/108
f 106/106 110/110 122/122
f 99/99 98/98 82/82
f 99/99 122/122 107/107
f 117/117 123/123 108/108
f 107/107 123/123 124/124
f 125/125 129/129 128/128
f 127/127 128/128 124/124
f 129/129 128/128 130/130
f 135/135 131/131 133/133
f 136/136 132/132 134/134
f 134/134 133/133 130/130
f 148/148 151/151 150/150
f 148/148 152/152 151/151
f 148/148 153/153 152/152
f 148/148 149/149 153/153
f 150/150 156/156 155/155
f 150/150 151/151 156/156
f 151/151 157/157 156/156
f 151/151 152/152 157/157
f 152/152 158/158 157/157
f 152/152 153/153 158/158
f 153/153 154/154 158/158
f 153/153 149/149 154/154
f 225/225 161/161 160/160
f 225/225 226/226 161/161
f 226/226 162/162 161/161
f 226/226 227/227 162/162
f 227/227 163/163 162/162
f 227/227 228/228 163/163
f 228/228 159/159 163/163
f 228/228 229/229 159/159
f 165/165 230/230 166/166
f 230/230 165/165 231/231
f 166/166 232/232 167/167
f 232/232 166/166 230/230
f 232/232 233/233 168/168
f 168/168 167/167 232/232
f 168/168 234/234 164/164
f 234/234 168/168 233/233
f 170/170 166/166 171/171
f 166/166 170/170 165/165
f 166/166 167/167 172/172
f 172/172 171/171 166/166
f 167/167 168/168 172/172
f 173/173 172/172 168/168
f 173/173 164/164 169/169
f 164/164 173/173 168/168
f 175/175 235/235 176/176
f 235/235 175/175 236/236
f 235/235 237/237 177/177
f 177/177 176/176 235/235
f 177/177 238/238 178/178
f 238/238 177/177 237/237
f 178/178 239/239 174/174
f 239/239 178/178 238/238
f 180/180 240/240 181/181
f 240/240 180/180 241/241
f 181/181 242/242 182/182
f 242/242 181/181 240/240
f 242/242 243/243 183/183
f 183/183 182/182 242/242
f 183/183 244/244 179/179
f 244/244 183/183 243/243
f 185/185 245/245 186/186
f 245/245 185/185 246/246
f 247/247 188/188 187/187
f 187/187 186/186 245/245
f 247/247 248/248 188/188
f 187/187 245/245 247/247
f 188/188 249/249 184/184
f 249/249 188/188 248/248
f 186/186 187/187 190/190
f 190/190 188/188 191/191
f 188/188 190/190 187/187
f 191/191 184/184 189/189
f 184/184 191/191 188/188
f 192/192 194/194 195/195
f 192/192 195/195 196/196
f 192/192 196/196 193/193
f 250/250 251/251 252/252
f 253/253 252/252 254/254
f 252/252 255/255 254/254
f 254/254 255/255 256/256
f 254/254 256/256 257/257
f 257/257 256/256 258/258
f 257/257 258/258 193/193
f 148/148 150/150 197/197
f 148/148 197/197 198/198
f 148/148 198/198 199/199
f 148/148 199/199 149/149
f 150/150 155/155 200/200
f 150/150 200/200 197/197
f 197/197 200/200 201/201
f 197/197 201/201 198/198
f 198/198 201/201 202/202
f 198/198 202/202 199/199
f 199/199 202/202 154/154
f 199/199 154/154 149/149
f 225/225 160/160 203/203
f 225/225 203/203 259/259
f 259/259 203/203 204/204
f 259/259 204/204 260/260
f 260/260 204/204 205/205
f 260/260 205/205 261/261
f 261/261 205/205 159/159
f 261/261 159/159 229/229
f 165/165 206/206 262/262
f 262/262 231/231 165/165
f 206/206 207/207 263/263
f 263/263 262/262 206/206
f 207/207 208/208 264/264
f 264/264 263/263 207/207
f 208/208 164/164 234/234
f 234/234 264/264 208/208
f 170/170 209/209 206/206
f 206/206 165/165 170/170
f 209/209 210/210 207/207
f 207/207 206/206 209/209
f 210/210 211/211 208/208
f 208/208 207/207 210/210
f 211/211 169/169 164/164
f 164/164 208/208 211/211
f 175/175 212/212 265/265
f 265/265 236/236 175/175
f 212/212 213/213 266/266
f 266/266 265/265 212/212
f 213/213 214/214 267/267
f 267/267 266/266 213/213
f 214/214 174/174 239/239
f 239/239 267/267 214/214
f 180/180 215/215 268/268
f 268/268 241/241 180/180
f 215/215 216/216 269/269
f 269/269 268/268 215/215
f 216/216 217/217 270/270
f 270/270 269/269 216/216
f 217/217 179/179 244/244
f 244/244 270/270 217/217
f 185/185 271/271 246/246
f 271/271 218/218 272/272
f 218/218 219/219 272/272
f 273/273 272/272 219/219
f 219/219 184/184 249/249
f 249/249 273/273 219/219
f 185/185 220/220 271/271
f 220/220 221/221 218/218
f 218/218 271/271 220/220
f 221/221 222/222 219/219
f 219/219 218/218 221/221
f 222/222 189/189 184/184
f 184/184 219/219 222/222
f 192/192 223/223 194/194
f 192/192 224/224 223/223
f 192/192 193/193 224/224
f 250/250 274/274 251/251
f 275/275 276/276 274/274
f 253/253 275/275 274/274
f 275/275 277/277 276/276
f 275/275 278/278 277/277
f 278/278 258/258 277/277
f 278/278 193/193 258/258
f 280/280 339/339 283/283
f 339/339 280/280 340/340
f 294/294 362/362 363/363
f 362/362 294/294 352/352
f 297/297 298/298 356/356
f 279/279 335/335 336/336
f 385/385 438/438 433/433
f 387/387 388/388 397/397
f 402/402 411/411 396/396
f 419/419 392/392 389/389
f 410/410 390/390 434/434
f 390/390 410/410 407/407
f 400/400 393/393 435/435
f 406/406 391/391 409/409
f 404/404 401/401 405/405
f 403/403 396/396 390/390
f 406/406 412/412 437/437
f 411/411 390/390 396/396
f 393/393 400/400 387/387
f 411/411 402/402 388/388
f 400/400 388/388 387/387
f 393/393 389/389 435/435
f 392/392 408/408 389/389
f 419/419 418/418 392/392
f 403/403 433/433 438/438
f 403/403 407/407 395/395
f 407/407 391/391 395/395
f 410/410 391/391 407/407
f 409/409 394/394 406/406
f 404/404 406/406 394/394
f 434/434 400/400 435/435
f 400/400 411/411 388/388
f 436/436 397/397 388/388
f 397/397 436/436 426/426
f 421/421 401/401 439/439
f 416/416 409/409 410/410
f 403/403 390/390 407/407
f 385/385 386/386 438/438
f 409/409 391/391 410/410
f 406/406 437/437 391/391
f 413/413 405/405 414/414
f 405/405 413/413 404/404
f 412/412 404/404 413/413
f 404/404 412/412 406/406
f 394/394 401/401 404/404
f 421/421 405/405 401/401
f 410/410 434/434 435/435
f 415/415 401/401 394/394
f 394/394 416/416 415/415
f 409/409 416/416 394/394
f 398/398 401/401 415/415
f 398/398 415/415 392/392
f 408/408 416/416 410/410
f 415/415 408/408 392/392
f 408/408 415/415 416/416
f 420/420 387/387 423/423
f 424/424 387/387 397/397
f 422/422 425/425 414/414
f 424/424 397/397 426/426
f 423/423 387/387 424/424
f 393/393 387/387 420/420
f 422/422 405/405 421/421
f 439/439 398/398 418/418
f 418/418 398/398 392/392
f 436/436 386/386 426/426
f 414/414 405/405 422/422
f 399/399 389/389 417/417
f 389/389 399/399 419/419
f 420/420 417/417 393/393
f 389/389 393/393 417/417
f 430/430 482/482 483/483
f 427/427 431/431 429/429
f 428/428 484/484 485/485
f 486/486 428/428 487/487
f 488/488 428/428 489/489
f 428/428 485/485 487/487
f 427/427 430/430 431/431
f 430/430 483/483 431/431
f 489/489 428/428 486/486
f 396/396 403/403 438/438
f 433/433 403/403 490/490
f 432/432 385/385 433/433
f 434/434 411/411 400/400
f 434/434 390/390 411/411
f 410/410 435/435 408/408
f 435/435 389/389 408/408
f 436/436 438/438 386/386
f 402/402 436/436 388/388
f 391/391 437/437 395/395
f 396/396 438/438 402/402
f 436/436 402/402 438/438
f 401/401 398/398 439/439
f 440/440 476/476 481/481
f 442/442 452/452 443/443
f 456/456 451/451 465/465
f 419/419 444/444 447/447
f 464/464 477/477 445/445
f 445/445 461/461 464/464
f 454/454 478/478 448/448
f 460/460 463/463 446/446
f 458/458 459/459 455/455
f 457/457 445/445 451/451
f 460/460 480/480 466/466
f 465/465 451/451 445/445
f 448/448 442/442 454/454
f 465/465 443/443 456/456
f 454/454 442/442 443/443
f 448/448 478/478 444/444
f 447/447 444/444 462/462
f 419/419 447/447 418/418
f 457/457 481/481 476/476
f 457/457 450/450 461/461
f 461/461 450/450 446/446
f 464/464 461/461 446/446
f 463/463 460/460 449/449
f 458/458 449/449 460/460
f 477/477 478/478 454/454
f 454/454 443/443 465/465
f 479/479 443/443 452/452
f 452/452 491/491 479/479
f 421/421 439/439 455/455
f 470/470 464/464 463/463
f 457/457 461/461 445/445
f 440/440 481/481 441/441
f 463/463 464/464 446/446
f 460/460 446/446 480/480
f 467/467 468/468 459/459
f 459/459 458/458 467/467
f 466/466 467/467 458/458
f 458/458 460/460 466/466
f 449/449 458/458 455/455
f 421/421 455/455 459/459
f 464/464 478/478 477/477
f 469/469 449/449 455/455
f 449/449 469/469 470/470
f 463/463 449/449 470/470
f 453/453 469/469 455/455
f 453/453 447/447 469/469
f 462/462 464/464 470/470
f 469/469 447/447 462/462
f 462/462 470/470 469/469
f 420/420 423/423 442/442
f 492/492 452/452 442/442
f 422/422 468/468 425/425
f 492/492 491/491 452/452
f 423/423 492/492 442/442
f 448/448 420/420 442/442
f 422/422 421/421 459/459
f 439/439 418/418 453/453
f 418/418 447/447 453/453
f 479/479 491/491 441/441
f 468/468 422/422 459/459
f 399/399 417/417 444/444
f 444/444 419/419 399/399
f 420/420 448/448 417/417
f 444/444 417/417 448/448
f 474/474 493/493 494/494
f 471/471 473/473 475/475
f 472/472 495/495 496/496
f 497/497 498/498 472/472
f 499/499 500/500 472/472
f 472/472 498/498 495/495
f 471/471 475/475 474/474
f 474/474 475/475 493/493
f 500/500 497/497 472/472
f 451/451 481/481 457/457
f 476/476 501/501 457/457
f 502/502 476/476 440/440
f 477/477 454/454 465/465
f 477/477 465/465 445/445
f 464/464 462/462 478/478
f 478/478 462/462 444/444
f 479/479 441/441 481/481
f 456/456 443/443 479/479
f 446/446 450/450 480/480
f 451/451 456/456 481/481
f 479/479 481/481 456/456
f 455/455 439/439 453/453
f 503/503 507/507 506/506
f 503/503 504/504 507/507
f 504/504 508/508 507/507
f 504/504 505/505 508/508
f 505/505 506/506 508/508
f 505/505 503/503 506/506
f 506/506 510/510 509/509
f 506/506 507/507 510/510
f 507/507 511/511 510/510
f 507/507 508/508 511/511
f 508/508 509/509 511/511
f 508/508 506/506 509/509
f 509/509 513/513 512/512
f 509/509 510/510 513/513
f 510/510 514/514 513/513
f 510/510 511/511 514/514
f 511/511 512/512 514/514
f 511/511 509/509 512/512
f 515/515 517/517 516/516
f 520/520 518/518 517/517
f 521/521 516/516 518/518
f 516/516 517/517 519/519
f 517/517 518/518 519/519
f 522/522 525/525 526/526
f 522/522 526/526 523/523
f 523/523 526/526 527/527
f 523/523 527/527 524/524
f 524/524 527/527 525/525
f 524/524 525/525 522/522
f 525/525 528/528 529/529
f 525/525 529/529 526/526
f 526/526 529/529 530/530
f 526/526 530/530 527/527
f 527/527 530/530 528/528
f 527/527 528/528 525/525
f 528/528 531/531 532/532
f 528/528 532/532 529/529
f 529/529 532/532 533/533
f 529/529 533/533 530/530
f 530/530 533/533 531/531
f 530/530 531/531 528/528
f 534/534 535/535 536/536
f 539/539 536/536 537/537
f 540/540 537/537 535/535
f 536/536 535/535 538/538
f 537/537 536/536 538/538
f 581/581 582/582 551/551
f 553/553 554/554 580/580
f 552/552 580/580 554/554
f 556/556 546/546 555/555
f 556/556 559/559 560/560
f 559/559 556/556 555/555
f 556/556 562/562 563/563
f 545/545 547/547 552/552
f 552/552 554/554 578/578
f 554/554 561/561 555/555
f 555/555 543/543 578/578
f 563/563 546/546 556/556
f 546/546 563/563 542/542
f 563/563 565/565 566/566
f 550/550 564/564 567/567
f 567/567 603/603 550/550
f 548/548 550/550 603/603
f 568/568 567/567 564/564
f 566/566 565/565 577/577
f 671/671 564/564 579/579
f 579/579 544/544 671/671
f 542/542 563/563 566/566
f 571/571 569/569 570/570
f 572/572 569/569 571/571
f 572/572 573/573 569/569
f 573/573 572/572 574/574
f 568/568 564/564 671/671
f 558/558 551/551 549/549
f 552/552 564/564 580/580
f 550/550 581/581 580/580
f 555/555 561/561 576/576
f 547/547 541/541 552/552
f 564/564 552/552 579/579
f 672/672 575/575 548/548
f 549/549 548/548 575/575
f 673/673 603/603 567/567
f 674/674 673/673 568/568
f 567/567 568/568 673/673
f 674/674 568/568 675/675
f 676/676 561/561 557/557
f 561/561 676/676 677/677
f 678/678 676/676 558/558
f 602/602 558/558 676/676
f 575/575 558/558 549/549
f 558/558 575/575 678/678
f 571/571 570/570 679/679
f 680/680 681/681 682/682
f 681/681 680/680 683/683
f 563/563 562/562 565/565
f 556/556 560/560 562/562
f 682/682 684/684 680/680
f 682/682 685/685 684/684
f 566/566 686/686 542/542
f 543/543 555/555 546/546
f 554/554 555/555 578/578
f 681/681 573/573 574/574
f 573/573 681/681 683/683
f 576/576 561/561 677/677
f 576/576 559/559 555/555
f 675/675 568/568 671/671
f 582/582 550/550 548/548
f 557/557 561/561 554/554
f 557/557 554/554 553/553
f 578/578 543/543 545/545
f 552/552 578/578 545/545
f 579/579 552/552 541/541
f 541/541 544/544 579/579
f 580/580 564/564 550/550
f 553/553 580/580 551/551
f 550/550 582/582 581/581
f 558/558 553/553 551/551
f 557/557 553/553 602/602
f 558/558 602/602 553/553
f 580/580 581/581 551/551
f 549/549 582/582 548/548
f 582/582 549/549 551/551
f 591/591 588/588 587/587
f 586/586 587/587 588/588
f 586/586 590/590 587/587
f 589/589 587/587 590/590
f 604/604 585/585 592/592
f 605/605 583/583 594/594
f 687/687 601/601 688/688
f 689/689 597/597 690/690
f 599/599 690/690 597/597
f 691/691 598/598 689/689
f 597/597 689/689 598/598
f 690/690 599/599 593/593
f 600/600 593/593 599/599
f 600/600 596/596 593/593
f 688/688 601/601 691/691
f 598/598 691/691 601/601
f 672/672 548/548 673/673
f 603/603 673/673 548/548
f 557/557 602/602 676/676
f 692/692 604/604 693/693
f 588/588 591/591 592/592
f 693/693 592/592 591/591
f 693/693 604/604 592/592
f 590/590 595/595 589/589
f 594/594 589/589 595/595
f 595/595 605/605 594/594
f 584/584 605/605 595/595
f 647/647 646/646 616/616
f 619/619 618/618 645/645
f 645/645 617/617 619/619
f 611/611 621/621 620/620
f 624/624 621/621 625/625
f 621/621 624/624 620/620
f 627/627 621/621 628/628
f 612/612 610/610 617/617
f 619/619 617/617 643/643
f 626/626 619/619 620/620
f 608/608 620/620 643/643
f 611/611 628/628 621/621
f 628/628 611/611 607/607
f 630/630 628/628 631/631
f 629/629 615/615 632/632
f 613/613 668/668 615/615
f 632/632 615/615 668/668
f 632/632 633/633 629/629
f 630/630 631/631 642/642
f 629/629 694/694 644/644
f 609/609 644/644 694/694
f 628/628 607/607 631/631
f 634/634 636/636 635/635
f 634/634 637/637 636/636
f 638/638 637/637 634/634
f 637/637 638/638 639/639
f 629/629 633/633 694/694
f 616/616 623/623 614/614
f 629/629 617/617 645/645
f 646/646 615/615 645/645
f 626/626 620/620 641/641
f 606/606 612/612 617/617
f 617/617 629/629 644/644
f 640/640 695/695 613/613
f 613/613 614/614 640/640
f 668/668 696/696 632/632
f 696/696 697/697 633/633
f 633/633 632/632 696/696
f 633/633 697/697 698/698
f 626/626 699/699 622/622
f 699/699 626/626 700/700
f 667/667 699/699 623/623
f 701/701 623/623 699/699
f 623/623 640/640 614/614
f 640/640 623/623 701/701
f 635/635 636/636 702/702
f 703/703 704/704 705/705
f 704/704 703/703 706/706
f 627/627 628/628 630/630
f 625/625 621/621 627/627
f 707/707 705/705 704/704
f 708/708 705/705 707/707
f 709/709 631/631 607/607
f 620/620 608/608 611/611
f 620/620 619/619 643/643
f 638/638 703/703 639/639
f 703/703 638/638 706/706
f 626/626 641/641 700/700
f 624/624 641/641 620/620
f 633/633 698/698 694/694
f 615/615 647/647 613/613
f 626/626 622/622 619/619
f 619/619 622/622 618/618
f 608/608 643/643 610/610
f 643/643 617/617 610/610
f 617/617 644/644 606/606
f 609/609 606/606 644/644
f 629/629 645/645 615/615
f 645/645 618/618 616/616
f 647/647 615/615 646/646
f 618/618 623/623 616/616
f 623/623 618/618 667/667
f 622/622 667/667 618/618
f 646/646 645/645 616/616
f 647/647 614/614 613/613
f 614/614 647/647 616/616
f 651/651 653/653 652/652
f 656/656 652/652 653/653
f 654/654 655/655 652/652
f 651/651 652/652 655/655
f 650/650 669/669 657/657
f 648/648 670/670 659/659
f 666/666 710/710 711/711
f 664/664 662/662 712/712
f 713/713 712/712 662/662
f 662/662 663/663 713/713
f 714/714 713/713 663/663
f 665/665 664/664 658/658
f 712/712 658/658 664/664
f 661/661 665/665 658/658
f 663/663 666/666 714/714
f 711/711 714/714 666/666
f 668/668 613/613 696/696
f 695/695 696/696 613/613
f 667/667 622/622 699/699
f 669/669 715/715 716/716
f 716/716 656/656 657/657
f 653/653 657/657 656/656
f 669/669 716/716 657/657
f 659/659 660/660 654/654
f 655/655 654/654 660/660
f 670/670 660/660 659/659
f 670/670 649/649 660/660
f 1204/1204 1205/1205 1080/1080
f 1084/1084 1080/1080 1205/1205
f 1201/1201 1202/1202 1203/1203
f 1202/1202 1201/1201 1203/1203
f 1201/1201 1082/1082 1078/1078
f 717/717 1080/1080 1084/1084
f 1367/1367 1373/1373 1372/1372
f 1373/1373 1367/1367 1366/1366
f 1376/1376 1368/1368 1377/1377
f 1368/1368 1376/1376 1369/1369
f 1376/1376 1370/1370 1369/1369
f 1370/1370 1376/1376 1375/1375
f 1368/1368 1488/1488 1377/1377
f 1488/1488 1368/1368 1489/1489
f 1366/1366 1374/1374 1373/1373
f 1374/1374 1366/1366 1371/1371
f 1371/1371 1375/1375 1374/1374
f 1375/1375 1371/1371 1370/1370
f 1355/1355 1367/1367 1356/1356
f 1367/1367 1355/1355 1366/1366
f 1490/1490 1368/1368 1359/1359
f 1368/1368 1490/1490 1489/1489
f 1359/1359 1369/1369 1360/1360
f 1369/1369 1359/1359 1368/1368
f 1360/1360 1370/1370 1362/1362
f 1370/1370 1360/1360 1369/1369
f 1362/1362 1371/1371 1365/1365
f 1371/1371 1362/1362 1370/1370
f 1365/1365 1366/1366 1355/1355
f 1366/1366 1365/1365 1371/1371
f 1357/1357 1373/1373 1354/1354
f 1373/1373 1357/1357 1372/1372
f 1354/1354 1374/1374 1363/1363
f 1374/1374 1354/1354 1373/1373
f 1363/1363 1375/1375 1364/1364
f 1375/1375 1363/1363 1374/1374
f 1364/1364 1376/1376 1361/1361
f 1376/1376 1364/1364 1375/1375
f 1361/1361 1377/1377 1358/1358
f 1377/1377 1361/1361 1376/1376
f 1358/1358 1488/1488 1491/1491
f 1488/1488 1358/1358 1377/1377
f 1227/1227 1240/1240 1233/1233
f 1240/1240 1261/1261 1229/1229
f 1240/1240 1233/1233 1230/1230
f 1232/1232 1228/1228 1252/1252
f 1261/1261 1240/1240 1241/1241
f 1378/1378 1242/1242 1243/1243
f 1242/1242 1243/1243 1234/1234
f 1241/1241 1242/1242 1239/1239
f 1239/1239 1238/1238 1379/1379
f 1378/1378 1379/1379 1250/1250
f 1241/1241 1268/1268 1265/1265
f 1251/1251 1229/1229 1247/1247
f 1380/1380 1246/1246 1247/1247
f 1231/1231 1245/1245 1247/1247
f 1245/1245 1235/1235 1381/1381
f 1381/1381 1249/1249 1232/1232
f 1230/1230 1231/1231 1246/1246
f 1231/1231 1247/1247 1249/1249
f 1249/1249 1246/1246 1248/1248
f 1248/1248 1249/1249 1246/1246
f 1232/1232 1230/1230 1233/1233
f 1265/1265 1229/1229 1385/1385
f 1382/1382 1248/1248 1235/1235
f 1380/1380 1247/1247 1382/1382
f 1385/1385 1386/1386 1242/1242
f 1239/1239 1243/1243 1258/1258
f 1257/1257 1270/1270 1264/1264
f 1270/1270 1257/1257 1245/1245
f 1231/1231 1262/1262 1251/1251
f 1231/1231 1229/1229 1378/1378
f 1241/1241 1387/1387 1388/1388
f 1241/1241 1271/1271 1250/1250
f 1234/1234 1268/1268 1389/1389
f 1268/1268 1234/1234 1253/1253
f 1253/1253 1254/1254 1389/1389
f 1390/1390 1268/1268 1269/1269
f 1268/1268 1390/1390 1257/1257
f 1391/1391 1253/1253 1254/1254
f 1253/1253 1391/1391 1390/1390
f 1392/1392 1269/1269 1393/1393
f 1269/1269 1392/1392 1273/1273
f 1259/1259 1267/1267 1260/1260
f 1267/1267 1259/1259 1255/1255
f 1272/1272 1250/1250 1271/1271
f 1250/1250 1272/1272 1394/1394
f 1395/1395 1255/1255 1272/1272
f 1255/1255 1395/1395 1252/1252
f 1396/1396 1252/1252 1387/1387
f 1241/1241 1388/1388 1245/1245
f 1262/1262 1253/1253 1263/1263
f 1263/1263 1257/1257 1264/1264
f 1257/1257 1263/1263 1256/1256
f 1251/1251 1266/1266 1265/1265
f 1266/1266 1251/1251 1260/1260
f 1256/1256 1267/1267 1266/1266
f 1267/1267 1256/1256 1397/1397
f 1398/1398 1399/1399 1400/1400
f 1399/1399 1398/1398 1401/1401
f 1402/1402 1399/1399 1397/1397
f 1399/1399 1402/1402 1403/1403
f 1404/1404 1405/1405 1406/1406
f 1405/1405 1404/1404 1407/1407
f 1408/1408 1405/1405 1403/1403
f 1405/1405 1408/1408 1409/1409
f 1410/1410 1411/1411 1412/1412
f 1411/1411 1410/1410 1413/1413
f 1411/1411 1414/1414 1412/1412
f 1414/1414 1411/1411 1279/1279
f 1282/1282 1251/1251 1262/1262
f 1251/1251 1282/1282 1281/1281
f 1283/1283 1279/1279 1282/1282
f 1279/1279 1283/1283 1276/1276
f 1277/1277 1261/1261 1233/1233
f 1261/1261 1277/1277 1233/1233
f 1277/1277 1265/1265 1284/1284
f 1265/1265 1277/1277 1275/1275
f 1274/1274 1276/1276 1277/1277
f 1276/1276 1274/1274 1277/1277
f 1274/1274 1284/1284 1285/1285
f 1284/1284 1274/1274 1278/1278
f 1250/1250 1286/1286 1268/1268
f 1286/1286 1250/1250 1280/1280
f 1278/1278 1287/1287 1286/1286
f 1287/1287 1278/1278 1281/1281
f 1415/1415 1283/1283 1416/1416
f 1283/1283 1415/1415 1388/1388
f 1271/1271 1417/1417 1288/1288
f 1288/1288 1418/1418 1289/1289
f 1418/1418 1288/1288 1419/1419
f 1420/1420 1274/1274 1285/1285
f 1274/1274 1420/1420 1421/1421
f 1422/1422 1423/1423 1424/1424
f 1423/1423 1422/1422 1401/1401
f 1423/1423 1402/1402 1424/1424
f 1402/1402 1423/1423 1425/1425
f 1426/1426 1427/1427 1428/1428
f 1427/1427 1426/1426 1407/1407
f 1427/1427 1408/1408 1428/1428
f 1408/1408 1427/1427 1429/1429
f 1430/1430 1431/1431 1432/1432
f 1431/1431 1430/1430 1413/1413
f 1414/1414 1431/1431 1429/1429
f 1431/1431 1414/1414 1251/1251
f 1262/1262 1231/1231 1293/1293
f 1304/1304 1291/1291 1297/1297
f 1325/1325 1304/1304 1293/1293
f 1297/1297 1304/1304 1294/1294
f 1292/1292 1296/1296 1316/1316
f 1304/1304 1325/1325 1305/1305
f 1306/1306 1433/1433 1307/1307
f 1307/1307 1306/1306 1298/1298
f 1306/1306 1305/1305 1303/1303
f 1302/1302 1303/1303 1434/1434
f 1434/1434 1433/1433 1314/1314
f 1332/1332 1305/1305 1329/1329
f 1293/1293 1315/1315 1311/1311
f 1310/1310 1435/1435 1311/1311
f 1309/1309 1295/1295 1311/1311
f 1299/1299 1309/1309 1436/1436
f 1313/1313 1436/1436 1296/1296
f 1295/1295 1294/1294 1310/1310
f 1311/1311 1295/1295 1313/1313
f 1310/1310 1313/1313 1312/1312
f 1313/1313 1312/1312 1310/1310
f 1294/1294 1296/1296 1297/1297
f 1293/1293 1329/1329 1440/1440
f 1312/1312 1437/1437 1299/1299
f 1311/1311 1435/1435 1437/1437
f 1441/1441 1440/1440 1306/1306
f 1307/1307 1303/1303 1322/1322
f 1334/1334 1321/1321 1328/1328
f 1321/1321 1334/1334 1309/1309
f 1326/1326 1295/1295 1315/1315
f 1293/1293 1295/1295 1433/1433
f 1442/1442 1305/1305 1443/1443
f 1335/1335 1305/1305 1314/1314
f 1332/1332 1298/1298 1444/1444
f 1298/1298 1332/1332 1317/1317
f 1318/1318 1317/1317 1444/1444
f 1332/1332 1445/1445 1333/1333
f 1445/1445 1332/1332 1321/1321
f 1317/1317 1446/1446 1318/1318
f 1446/1446 1317/1317 1445/1445
f 1333/1333 1447/1447 1448/1448
f 1447/1447 1333/1333 1337/1337
f 1331/1331 1323/1323 1324/1324
f 1323/1323 1331/1331 1319/1319
f 1314/1314 1336/1336 1335/1335
f 1336/1336 1314/1314 1449/1449
f 1319/1319 1450/1450 1336/1336
f 1450/1450 1319/1319 1316/1316
f 1316/1316 1451/1451 1442/1442
f 1443/1443 1305/1305 1309/1309
f 1317/1317 1326/1326 1327/1327
f 1321/1321 1327/1327 1328/1328
f 1327/1327 1321/1321 1320/1320
f 1330/1330 1315/1315 1329/1329
f 1315/1315 1330/1330 1324/1324
f 1331/1331 1320/1320 1330/1330
f 1320/1320 1331/1331 1452/1452
f 1453/1453 1454/1454 1455/1455
f 1454/1454 1453/1453 1456/1456
f 1453/1453 1457/1457 1452/1452
f 1457/1457 1453/1453 1458/1458
f 1459/1459 1460/1460 1461/1461
f 1460/1460 1459/1459 1462/1462
f 1459/1459 1463/1463 1458/1458
f 1463/1463 1459/1459 1464/1464
f 1465/1465 1466/1466 1467/1467
f 1466/1466 1465/1465 1468/1468
f 1469/1469 1465/1465 1467/1467
f 1465/1465 1469/1469 1343/1343
f 1315/1315 1346/1346 1326/1326
f 1346/1346 1315/1315 1345/1345
f 1343/1343 1347/1347 1346/1346
f 1347/1347 1343/1343 1340/1340
f 1325/1325 1341/1341 1297/1297
f 1341/1341 1325/1325 1297/1297
f 1329/1329 1341/1341 1348/1348
f 1341/1341 1329/1329 1339/1339
f 1340/1340 1338/1338 1341/1341
f 1338/1338 1340/1340 1341/1341
f 1348/1348 1338/1338 1349/1349
f 1338/1338 1348/1348 1342/1342
f 1350/1350 1314/1314 1332/1332
f 1314/1314 1350/1350 1344/1344
f 1351/1351 1342/1342 1350/1350
f 1342/1342 1351/1351 1345/1345
f 1347/1347 1470/1470 1471/1471
f 1470/1470 1347/1347 1443/1443
f 1472/1472 1335/1335 1352/1352
f 1473/1473 1352/1352 1353/1353
f 1352/1352 1473/1473 1474/1474
f 1338/1338 1475/1475 1349/1349
f 1475/1475 1338/1338 1476/1476
f 1477/1477 1478/1478 1479/1479
f 1478/1478 1477/1477 1456/1456
f 1457/1457 1477/1477 1479/1479
f 1477/1477 1457/1457 1480/1480
f 1481/1481 1482/1482 1483/1483
f 1482/1482 1481/1481 1462/1462
f 1463/1463 1481/1481 1483/1483
f 1481/1481 1463/1463 1484/1484
f 1485/1485 1486/1486 1487/1487
f 1486/1486 1485/1485 1468/1468
f 1485/1485 1469/1469 1484/1484
f 1469/1469 1485/1485 1315/1315
