# MOD converted: n051.mod
# 1397 verts, 1407 faces

v 168.640396 -12.898139 0.000082
v 133.221466 6.875788 0.000093
v 122.155357 13.387920 23.084103
v 164.593750 -0.147487 17.637047
v 156.700668 -8.853364 21.589621
v 163.546295 -6.648831 23.309170
v 157.174011 0.966238 11.943249
v 132.622177 11.858644 6.592128
v 131.498718 17.162275 10.110710
v 181.635559 -4.334683 0.000111
v 183.881744 8.395284 0.000143
v 177.773346 23.040106 0.000158
v 167.935455 30.907257 0.000136
v 141.056274 27.422716 0.000116
v 131.260345 20.403198 23.561176
v 165.939362 11.574966 11.010765
v 181.606201 10.034467 15.415129
v 155.586014 27.986599 12.453216
v 175.804871 20.958061 18.770592
v 176.181137 10.540441 14.616291
v 167.056152 26.551817 18.177063
v 147.029861 1.344852 10.394129
v 135.482956 6.656065 0.000157
v 156.341080 32.001877 23.827909
v 155.562531 11.878621 11.985631
v 142.853806 24.212318 21.351734
v 145.365891 7.688636 19.321363
v 141.782898 6.691476 18.472282
v 151.428574 -3.171736 18.328667
v 175.009872 -2.586394 0.000076
v 183.409653 -5.393943 0.000041
v 162.982010 -15.881273 7.824742
v 172.170349 -16.697639 0.000037
v 172.788696 -17.122730 7.507543
v 162.457047 -15.002403 14.121093
v 170.334167 -14.794075 13.595991
v 160.287201 -13.093881 -17.504290
v 168.640396 -12.213964 -23.083941
v 164.593750 -0.147371 -17.636934
v 156.700668 -8.853274 -21.589491
v 163.546310 -6.648730 -23.309008
v 157.174011 0.966357 -11.943061
v 132.622192 11.858704 -6.591915
v 131.498734 17.162306 -10.110559
v 181.635605 -4.334630 -23.560955
v 165.939362 11.575086 -11.010539
v 181.606216 10.034524 -15.414838
v 155.586029 27.986679 -12.452941
v 175.804886 20.958122 -18.770363
v 176.181137 10.540538 -14.615995
v 167.056168 26.551893 -18.176908
v 147.029877 1.344945 -10.393964
v 135.482971 6.656118 -23.827690
v 155.562531 11.878748 -11.985373
v 142.853821 24.212378 -21.351553
v 145.365891 7.688749 -19.321194
v 141.782913 6.691573 -18.472151
v 151.428574 -3.171639 -18.328506
v 175.009872 -2.586300 -7.824656
v 172.170364 -16.697598 -7.507461
v 162.457062 -15.002365 -14.121001
v 170.334167 -14.794001 -13.595901
v 160.287216 -13.093812 -1.563826
v 176.394516 -17.122730 13.907460
v 171.949921 -14.794073 1.743060
v 169.149429 -23.070412 7.826741
v 175.776138 -16.697638 -10.718183
v 175.915085 -13.610187 10.678627
v 157.547745 -19.396551 -3.248416
v 161.656891 -26.376671 -1.409241
v 152.418121 -24.562914 -6.666111
v 153.587585 -25.497366 -9.293312
v 147.735901 -24.390583 -15.379913
v 160.838089 -20.260414 -18.763220
v 159.687973 -17.910374 -16.870073
v 140.398605 -14.713168 7.582107
v 155.614899 -20.662891 5.261281
v 158.713577 -23.278215 -5.226948
v 169.699402 -21.331335 -8.758986
v 161.846207 -23.417782 0.356188
v 152.026138 -23.433834 -14.338596
v 131.963852 -12.878060 -18.706219
v 150.449860 -16.509333 -15.591347
v 151.601685 -21.062710 -20.538334
v 159.843994 -17.609438 -20.027689
v 153.822815 -18.215096 -18.337946
v 161.045441 -19.215515 -15.380289
v 169.092453 -17.611904 9.763187
v 165.362671 -20.615665 -16.974066
v 173.981888 -11.406359 -12.300918
v 130.675934 -15.588443 -8.532422
v 141.115753 -20.837187 -1.138434
v 161.809525 -24.856798 -13.961614
v 141.203018 -19.394541 -11.312661
v 152.154205 -22.746838 -4.343465
v 151.358597 -24.039198 -24.340355
v 157.174026 0.234980 -19.444555
v 167.892014 -15.410031 -19.144228
v 159.687973 -17.161299 -24.399466
v 158.765167 -12.694370 -18.722109
v 152.799622 -17.159140 -23.970114
v 150.997498 -13.127064 -18.056593
v 134.798370 -12.305593 -24.484344
v 149.997604 -8.538823 -25.749723
v 157.362686 -3.542060 -25.616934
v 150.155533 -4.052827 -23.991440
v 150.155533 -1.402035 -24.111166
v 143.047333 -4.283752 -18.088654
v 142.994934 -15.500399 -21.062580
v 142.192993 -12.923170 -21.019934
v 141.484222 -9.967662 -22.370581
v 169.405334 -8.233416 -24.985493
v 157.940948 -8.092156 11.726682
v 156.143631 -17.255045 7.311499
v 151.044647 -17.983875 15.163443
v 161.901291 -16.232544 -2.050904
v 149.225815 -22.773907 4.614967
v 159.731750 -22.982916 -4.734988
v 149.726471 -22.737638 -2.761533
v 160.895050 -23.158072 -7.143241
v 140.784561 -21.068600 22.767565
v 175.091721 -0.449109 29.907856
v 169.224136 6.415751 28.049913
v 159.477692 11.859215 13.595999
v 160.287201 -13.093881 16.733585
v 157.490723 -9.798673 17.637051
v 156.700668 -8.853366 18.286383
v 152.587723 -4.409736 18.472271
v 151.428574 -3.171734 18.242012
v 147.997787 0.351012 23.863693
v 166.273438 -4.696098 20.034786
v 170.348984 -8.734055 26.139109
v 159.981171 2.377267 25.590406
v 164.951248 -3.838236 25.633694
v 158.015366 3.709209 25.676859
v 152.194260 8.098342 21.418549
v 161.385498 -7.610375 17.695347
v 165.781006 -12.044797 21.953087
v 161.375916 -7.408526 23.160109
v 155.867798 -1.111979 22.715824
v 154.778549 -0.847652 22.766857
v 149.759613 4.512498 15.003773
v 157.911331 -11.851245 23.260683
v 168.664795 -7.378542 20.932238
v 163.427780 -11.100710 17.714525
v 154.023651 -7.656679 27.276251
v 162.354980 -1.479128 23.571934
v 158.510620 -4.940277 17.951809
v 148.925735 -2.060098 26.935846
v 155.234497 6.012109 23.443628
v 151.647018 0.976786 0.000076
v 183.409653 -5.393943 -10.110559
v 181.635605 -4.334630 -18.328506
v 175.009872 -2.586300 -23.083941
v 164.593750 -0.147371 17.007212
v 168.640396 -12.898139 10.110710
v 181.635559 -4.334683 18.328667
v 175.009872 -2.586394 0.658634
v 132.238358 4.085754 4.901296
v 130.072693 -1.004874 3.402822
v 129.681961 -12.680638 8.138206
v 130.339676 -10.907740 2.898198
v 136.233215 -15.770819 16.072138
v 136.420624 -5.418024 16.823431
v 144.556061 -6.086949 5.495813
v 139.211197 -12.849262 3.265874
v 132.576614 -14.642456 13.213625
v 150.626907 -14.005070 18.252253
v 147.029861 1.344895 15.011165
v 133.539536 -5.049466 3.390006
v 128.426514 -10.246122 5.295537
v 147.952805 -14.069408 -0.000002
v 137.322021 -17.902847 8.738088
v 132.556519 -12.552581 6.841934
v 151.074127 -16.755894 11.579469
v 131.064743 -7.523980 17.038975
v 137.099457 1.721569 13.560053
v 156.800812 -14.302220 7.552909
v 158.202164 -16.568806 17.273987
v 150.814819 -9.403111 16.061062
v 138.879196 -5.523480 9.568589
v 138.367081 -12.640617 15.636818
v 145.846115 -9.484526 14.405496
v 138.304367 -9.403170 13.367697
v 132.908493 -9.315621 17.712259
v 156.700623 -8.853323 13.670670
v 160.285980 -13.078197 7.582774
v 162.457062 -15.002395 9.004230
v 149.043457 -14.111607 12.719949
v 148.646088 -13.082463 -0.000001
v 135.731277 -17.160934 -0.000002
v 142.580627 -15.087315 -0.000002
v 139.380325 -15.667027 -0.000001
v 132.641418 -15.699821 -0.000003
v 151.240311 -17.597889 -0.000003
v 158.548019 -17.418388 -0.000001
v 129.397903 -13.386367 -0.000001
v 128.066711 -11.043492 -0.000004
v 162.982010 -15.881282 -0.000001
v 128.726074 -3.807343 33.244957
v 137.578979 9.834616 19.396555
v 141.782898 6.691518 35.975979
v 139.558563 11.261189 25.683182
v 136.470230 5.861487 27.620750
v 143.857391 5.487672 -0.000001
v 133.221466 6.875779 10.469322
v 135.482956 6.656084 14.433294
v 135.698441 -9.822771 9.286938
v 135.682022 -13.214219 7.516137
v 129.272064 -7.615942 18.547491
v 151.428574 -3.171695 10.976142
v 131.078720 -3.263746 -0.000002
v 147.412888 -16.624527 -5.446910
v 132.238358 4.085754 -4.901298
v 130.072693 -1.004874 -3.402823
v 129.681961 -12.680638 -8.138209
v 130.339676 -10.907740 -2.898201
v 136.233215 -15.770819 -16.072144
v 136.420624 -5.418024 -16.823435
v 144.556061 -6.086949 -5.495817
v 139.211197 -12.849262 -3.265876
v 132.576614 -14.642456 -13.213631
v 150.626907 -14.005069 -18.252256
v 147.029861 1.344895 -15.011167
v 133.539536 -5.049466 -3.390007
v 128.426514 -10.246122 -5.295542
v 147.952805 -14.069408 -8.738091
v 132.556519 -12.552581 -6.841939
v 151.074127 -16.755894 -11.579471
v 131.064743 -7.523980 -17.038980
v 137.099457 1.721569 -13.560060
v 156.800812 -14.302220 -7.552916
v 158.202164 -16.568806 -17.273991
v 150.814819 -9.403111 -16.061068
v 138.879196 -5.523480 -9.568592
v 138.367081 -12.640617 -15.636822
v 145.846115 -9.484526 -14.405499
v 138.304367 -9.403170 -13.367699
v 132.908493 -9.315621 -17.712267
v 156.700623 -8.853323 -13.670677
v 160.285980 -13.078197 -7.582782
v 162.457047 -15.002395 -9.004235
v 149.043457 -14.111606 -12.719954
v 148.646088 -13.082462 -33.244961
v 137.578979 9.834616 -19.396559
v 141.782898 6.691518 -35.975983
v 139.558563 11.261189 -25.683184
v 136.470230 5.861487 -27.620754
v 143.857391 5.487672 -10.469325
v 135.482956 6.656084 -14.433297
v 135.698441 -9.822771 -9.286941
v 135.682022 -13.214219 -7.516139
v 129.272064 -7.615942 -18.547497
v 151.428574 -3.171695 -10.976144
v 131.078720 -3.263746 17.038975
v 137.099457 1.721569 18.252253
v 147.029861 1.344895 17.038975
v 137.099457 1.721569 25.683182
v 136.470230 5.861487 35.975979
v 139.558563 11.261189 33.244957
v 137.578979 9.834616 18.252253
v 147.029861 1.344895 27.620750
v 143.857391 5.487672 19.396555
v 141.782898 6.691518 -0.000001
v 128.726074 -3.807343 -0.000001
v 128.066711 -11.043492 -17.038980
v 137.099457 1.721569 -18.252256
v 147.029861 1.344895 -17.038980
v 137.099457 1.721569 -25.683184
v 136.470230 5.861487 -35.975983
v 139.558563 11.261189 -33.244961
v 137.578979 9.834616 -18.252256
v 147.029861 1.344895 -27.620754
v 143.857391 5.487672 -19.396559
v 141.782898 6.691518 -0.000001
v 133.221466 6.875779 0.812957
v 87.731377 12.974743 -0.000001
v 92.799164 11.037904 6.854945
v 86.390709 -10.032575 0.000000
v 86.321655 -11.148647 -0.000000
v 91.139206 -11.232303 0.000000
v 101.804497 -10.794970 -0.000001
v 100.133072 10.934396 10.543180
v 92.798370 9.104317 8.994943
v 87.574509 11.552803 14.198773
v 87.115501 7.209419 14.167375
v 91.952057 -0.158230 15.864362
v 86.656578 -0.148449 11.512990
v 91.592255 -6.889316 5.958985
v 91.139793 -10.223980 12.355648
v 83.533325 -8.238457 9.879918
v 100.132668 8.931780 13.067903
v 101.280334 -0.296118 11.321568
v 100.098198 -5.759274 7.330153
v 100.133858 -9.346418 6.853392
v 78.872635 -11.270841 2.782321
v 86.349693 -10.695653 0.000000
v 79.094536 13.974712 15.628866
v 82.164459 6.848672 9.893508
v 81.996155 12.554697 1.131417
v 75.951965 13.391030 11.072738
v 76.164436 13.543970 14.145774
v 79.097427 11.032988 19.732468
v 107.639572 0.097575 19.676369
v 107.504471 7.013020 22.513456
v 112.173508 9.739814 22.800358
v 112.491722 -2.814023 25.135862
v 116.595520 0.263127 25.153261
v 116.739067 7.205603 27.442757
v 102.798843 6.384561 27.651264
v 102.957344 0.170264 33.244339
v 112.047707 6.275038 30.585011
v 107.782677 -2.360173 45.644264
v 92.421646 5.525551 48.256409
v 96.576157 8.083080 45.362877
v 92.372070 -0.438856 50.831047
v 100.584930 6.016739 48.006828
v 96.518944 -3.659909 33.065037
v 111.875221 -0.150904 50.644112
v 100.760208 -1.322486 29.724134
v 108.182579 9.107825 29.890604
v 101.079620 5.924987 35.467808
v 110.690079 6.261147 34.014355
v 105.604836 8.868536 31.772156
v 106.964310 9.134767 35.333900
v 110.476601 -0.225162 33.062992
v 106.202072 -2.482944 29.999697
v 101.193878 0.112303 12.381098
v 121.049286 -0.069879 12.000802
v 121.133514 9.321012 10.554203
v 115.745750 11.778064 12.968102
v 109.048714 -0.434834 12.484561
v 108.314964 8.118459 12.403701
v 115.300980 -3.860759 17.014063
v 120.281075 8.784429 12.840620
v 123.389137 4.782529 15.629865
v 109.680107 7.527841 15.033521
v 115.112999 11.148767 18.071796
v 114.282372 9.942913 14.366673
v 109.622910 0.368143 16.943222
v 120.166115 -0.142448 18.004602
v 114.415016 -2.299302 21.556000
v 118.724876 7.307456 17.505266
v 121.704674 4.475760 21.422401
v 118.676407 0.610068 15.306801
v 115.182365 -2.807943 35.246433
v 97.631378 -0.402924 38.231232
v 102.812309 -3.241697 41.273300
v 107.386353 -0.872382 41.387527
v 107.344337 6.142080 38.151428
v 102.790619 8.755028 35.219067
v 97.631042 5.752482 41.084019
v 93.988113 5.577287 44.260277
v 99.285126 8.451206 44.200150
v 99.180893 -3.630075 41.009323
v 93.858704 -0.365318 47.137093
v 104.419144 6.348238 47.142319
v 104.428162 -1.454674 46.586983
v 97.616356 2.367352 20.254383
v 106.052444 7.761017 20.322723
v 106.217026 -0.663282 23.491371
v 111.146095 11.082743 23.889088
v 111.668457 -4.210154 26.734158
v 116.667534 -0.461572 26.707142
v 116.707649 7.995766 22.078493
v 106.498177 0.097577 22.022392
v 106.363083 7.013026 24.719196
v 110.655052 9.739809 25.006086
v 110.973221 -2.814027 27.341602
v 115.077057 0.263900 27.358997
v 115.220581 7.206377 -0.000000
v 86.321655 -10.896766 0.000000
v 73.629692 0.686660 -0.000000
v 75.121002 7.044058 0.000001
v 74.371994 -8.022910 0.000000
v 80.989372 -10.536116 -0.000000
v 88.115356 11.654861 -0.000000
v 81.839897 12.603015 12.267712
v 86.682495 -7.000196 1.047151
v 73.476097 0.744486 10.625181
v 77.528816 10.600487 9.407535
v 81.988594 11.890345 1.782535
v 76.738586 11.587494 13.131778
v 81.802750 -6.882235 16.553883
v 81.987389 -0.111924 13.610019
v 79.022339 -6.696715 17.764957
v 65.843277 2.946148 15.691956
v 65.954086 -6.129109 9.690037
v 65.818169 -9.506139 8.199065
v 77.684479 -9.550262 7.623814
v 81.078667 -9.338357 2.867006
v 73.568901 9.521697 4.994175
v 65.593292 9.777411 15.723176
v 80.092163 7.032324 2.445679
v 65.235847 1.587731 2.128389
v 74.462700 -7.484019 3.904478
v 65.492081 -6.273656 12.700317
v 65.843773 9.630829 8.342287
v 88.028656 10.940005 12.860597
v 87.638039 6.541645 9.778996
v 22.092688 -2.668370 19.161674
v 22.093687 -2.289673 5.364202
v 53.363621 -5.976923 4.262100
v 48.680206 2.559894 6.766573
v 50.074158 9.976331 13.847789
v 50.391041 9.774102 16.276922
v 54.339432 -5.436468 18.421209
v 50.120148 3.276286 11.443835
v 50.011658 -8.238642 5.736988
v 49.481483 -5.680520 16.568825
v 50.769989 -5.189063 11.835499
v 46.035133 -6.950001 16.962042
v 47.197323 -3.872225 6.548975
v 46.296684 -4.710600 20.219296
v 39.115196 4.019916 15.545597
v 39.438499 10.935097 7.938625
v 39.078903 11.214696 4.905761
v 37.495201 3.546651 10.969768
v 54.304001 -8.576660 18.218674
v 53.145145 3.214120 13.485252
v 52.820660 9.728608 6.530334
v 52.349304 9.906186 3.809195
v 51.970448 2.541421 14.499198
v 22.093185 -4.422502 9.783184
v 22.091911 10.548071 20.712164
v 22.094397 4.781169 7.254450
v 22.091604 3.989364 17.201181
v 22.093609 10.735470 -0.000000
v 130.288742 10.832066 7.831820
v 124.881073 -3.670143 3.663022
v 130.715485 10.148046 6.364282
v 130.143555 8.274934 8.113916
v 128.788452 4.123060 11.217855
v 122.227356 -2.044539 3.432237
v 121.413406 -8.375101 7.613296
v 125.328369 9.371111 10.319482
v 125.758354 4.543264 -0.000000
v 126.805481 12.056343 9.346974
v 116.443939 -7.917267 6.816836
v 120.864334 -8.406983 5.818380
v 122.303177 11.883801 -7.831820
v 124.881073 -3.670145 -3.663022
v 130.715485 10.148045 -6.364282
v 130.139694 8.282806 -8.113919
v 128.787598 4.130280 -11.217851
v 122.244850 -2.028686 -3.432227
v 121.420006 -8.373945 -7.613295
v 125.306747 9.393155 -10.319481
v 125.757072 4.549200 -9.346972
v 116.443939 -7.917265 -6.816827
v 120.870918 -8.405700 -5.818378
v 122.273193 11.894943 -0.000001
v 107.436913 12.674630 -0.000001
v 101.266655 12.285917 1.811482
v 115.147903 -9.124351 0.000000
v 107.378487 -11.546247 0.000001
v 116.405708 12.430568 0.000000
v 122.289291 10.737375 0.000000
v 98.083138 -11.437498 -0.000001
v 96.383095 11.572183 13.422310
v 115.756920 12.303247 9.736580
v 107.202118 11.440085 13.997976
v 121.508865 9.823177 14.184697
v 124.228210 4.770546 7.386238
v 122.488144 10.004570 13.687593
v 115.534142 4.206862 13.221335
v 106.631554 8.226560 13.082994
v 107.491394 -0.374624 9.001559
v 101.095650 10.854544 12.372225
v 107.612053 -6.293777 12.908387
v 115.289948 -4.788617 13.813514
v 122.095512 -0.070528 8.918253
v 115.203300 -8.577469 12.939667
v 100.980637 6.670771 4.231629
v 119.225739 -6.640431 8.811831
v 107.485100 -10.422599 12.021266
v 100.492638 -5.452529 8.748171
v 123.040710 -0.173194 9.337530
v 124.921768 5.002154 7.483828
v 100.386650 -9.926572 9.879916
v 96.382690 10.773983 14.599945
v 96.373222 -0.436774 13.554595
v 100.424637 -0.325971 11.632078
v 96.384193 -7.498130 5.545168
v 94.908920 -11.234605 -0.000000
v 111.344574 -10.867016 1.289952
v 115.632767 -11.393349 3.919905
v 124.940384 8.758326 -0.000000
v 126.094551 9.019028 -1.811483
v 115.147903 -9.124352 -13.422303
v 115.752945 12.302744 -9.736576
v 107.202118 11.440098 -13.997974
v 121.477989 9.842668 -14.184693
v 124.220230 4.800286 -7.386236
v 122.466225 10.016493 -13.687593
v 115.531387 4.203984 -13.221346
v 106.612610 8.191130 -13.083003
v 107.498375 -0.393974 -9.001560
v 101.095650 10.854542 -12.372225
v 107.612053 -6.293782 -12.908385
v 115.307037 -4.792503 -13.813509
v 122.108109 -0.049687 -8.918246
v 115.203300 -8.577469 -12.939667
v 100.980637 6.670771 -4.231622
v 119.231331 -6.640384 -8.811825
v 107.485100 -10.422603 -12.021263
v 100.492638 -5.452533 -8.748173
v 123.047890 -0.162228 -9.337530
v 124.920105 5.007302 -7.483827
v 100.386650 -9.926572 -9.879916
v 96.382690 10.773983 -14.599945
v 96.373222 -0.436776 -13.554596
v 100.424637 -0.325972 -11.632077
v 96.384193 -7.498131 -5.545168
v 94.908920 -11.234605 -1.289945
v 115.632767 -11.393347 -3.919902
v 124.922295 8.775097 6.856118
v 80.096962 -6.384892 9.254083
v 80.709328 -10.472797 9.691174
v 80.163460 -4.681086 12.089140
v 80.775833 -8.768984 3.510566
v 88.067238 -7.530386 6.111480
v 89.164688 -11.241350 7.886141
v 87.745583 -4.988620 10.309312
v 88.770096 -9.294506 11.785222
v 88.270279 -3.003388 13.854092
v 89.294800 -6.493580 3.188082
v 83.501442 -8.108006 5.513786
v 84.664726 -12.289282 11.005594
v 84.779999 -10.265903 15.482064
v 84.895279 -6.543493 13.016573
v 83.731995 -2.201278 9.750749
v 89.565445 10.898581 15.774354
v 85.040871 7.239686 8.963991
v 83.687683 12.122606 16.404449
v 89.896515 -0.936308 6.728426
v 89.106506 -10.721876 17.550537
v 85.207504 -0.676259 6.993715
v 83.073029 -11.187492 -0.110915
v 83.889626 15.745289 -0.101181
v 89.611374 13.287131 0.168350
v 83.766136 -12.336862 -0.000000
v 89.639572 -11.952292 -11.728504
v 90.799805 10.280210 -15.861617
v 87.003510 6.084084 -10.084690
v 85.287689 13.943992 -15.860134
v 92.356514 -0.915500 -12.023622
v 92.049789 -7.800740 -16.619940
v 87.485703 -1.885390 -7.605025
v 91.131958 -10.509476 -8.029965
v 85.202843 -11.012143 -13.244877
v 85.973869 -7.782855 14.648086
v 89.939140 7.028473 12.062752
v 89.268341 -7.040729 13.896380
v 84.153046 -7.278769 15.764409
v 85.063393 -5.412658 18.278017
v 76.660721 4.752192 18.636757
v 81.140305 4.027909 19.233688
v 82.193626 -2.458043 17.051685
v 77.782532 -3.188501 4.373284
v 80.492157 12.697358 14.417043
v 81.320374 7.817930 5.664676
v 81.358086 15.731348 15.708430
v 82.186310 10.851927 3.105955
v 88.109673 11.381676 13.149710
v 88.937889 6.502250 4.397348
v 88.975601 14.415671 14.441103
v 89.803833 9.536247 -6.854942
v 86.390709 -10.032571 -10.543180
v 92.798370 9.104317 -8.994943
v 87.574509 11.552803 -14.198773
v 87.115501 7.209419 -14.167367
v 91.952255 -0.144702 -15.864362
v 86.656609 -0.151850 -11.512992
v 91.592255 -6.889318 -5.958986
v 91.139801 -10.223982 -12.355646
v 83.533325 -8.238461 -9.879917
v 100.132668 8.931782 -13.067903
v 101.280342 -0.296119 -11.321567
v 100.098198 -5.759275 -7.330153
v 100.133858 -9.346418 -6.853390
v 78.872635 -11.270838 -2.782320
v 86.349693 -10.695652 -15.628865
v 82.164452 6.848667 -9.893507
v 81.996155 12.554699 -2.309334
v 76.147728 14.583932 -11.072739
v 76.164436 13.543969 -14.145774
v 79.097427 11.032991 -19.732464
v 107.639534 0.097643 -19.676369
v 107.504532 7.013091 -22.513462
v 112.173630 9.739807 -22.800358
v 112.491631 -2.814030 -25.135859
v 116.597626 0.264813 -25.153263
v 116.735626 7.207397 -27.442755
v 102.798866 6.384608 -27.651268
v 102.957336 0.170317 -33.244339
v 112.047768 6.274983 -30.584999
v 107.782616 -2.360178 -45.644272
v 92.421646 5.525537 -48.256413
v 96.576157 8.083077 -45.362873
v 92.372078 -0.438866 -50.831047
v 100.584930 6.016747 -48.006821
v 96.518967 -3.659910 -33.065033
v 111.875214 -0.150962 -50.644112
v 100.760208 -1.322478 -29.724134
v 108.182632 9.107819 -29.890596
v 101.079620 5.924997 -35.467800
v 110.690079 6.261133 -34.014351
v 105.604828 8.868535 -31.772148
v 106.964317 9.134762 -35.333900
v 110.476593 -0.225169 -33.062992
v 106.202072 -2.482944 -29.999701
v 101.193878 0.112308 -12.381098
v 121.061867 -0.054583 -12.000800
v 121.106262 9.336217 -10.554201
v 115.742004 11.777287 -12.968101
v 109.056122 -0.451876 -12.484558
v 108.304230 8.101128 -12.403700
v 115.316032 -3.864876 -17.014061
v 120.266235 8.794203 -12.840616
v 123.381126 4.807640 -15.629865
v 109.670303 7.514069 -15.033519
v 115.101219 11.146673 -18.071795
v 114.254967 9.936696 -14.366673
v 109.628319 0.353683 -16.943216
v 120.173790 -0.132964 -18.004601
v 114.420006 -2.300730 -21.556002
v 118.716011 7.314270 -17.505262
v 121.700676 4.489229 -21.422405
v 118.681007 0.616744 -15.306799
v 115.196777 -2.811295 -35.246433
v 97.631386 -0.402931 -38.231201
v 102.812286 -3.241696 -41.273300
v 107.386353 -0.872377 -41.387527
v 107.344337 6.142085 -38.151478
v 102.790672 8.755027 -35.219067
v 97.631042 5.752476 -41.084026
v 93.988113 5.577273 -44.260269
v 99.285065 8.451208 -44.200111
v 99.180878 -3.630073 -41.009315
v 93.858711 -0.365329 -47.137096
v 104.419136 6.348248 -47.142311
v 104.428162 -1.454663 -46.586983
v 97.616356 2.367352 -20.254383
v 106.052505 7.761096 -20.322721
v 106.216957 -0.663201 -23.491356
v 111.146202 11.082747 -23.889088
v 111.668335 -4.210158 -26.734154
v 116.670197 -0.459557 -26.707138
v 116.703583 7.997801 -22.078495
v 106.498146 0.097643 -22.022396
v 106.363144 7.013091 -24.719196
v 110.655151 9.739810 -25.006088
v 110.973145 -2.814030 -27.341591
v 115.079140 0.264813 -27.358994
v 115.217140 7.207400 -12.267710
v 86.682487 -7.000192 -1.047152
v 73.476097 0.744489 -10.625179
v 77.528809 10.600486 -9.407534
v 81.988594 11.890346 -1.782535
v 76.738586 11.587494 -13.131777
v 81.802750 -6.882235 -16.553886
v 81.987389 -0.111924 -13.610018
v 79.022339 -6.696715 -17.764956
v 65.843277 2.946152 -15.691956
v 65.954086 -6.129109 -9.690037
v 65.818169 -9.506139 -8.199067
v 77.684479 -9.550259 -7.623813
v 81.078667 -9.338358 -2.867007
v 73.568901 9.521697 -4.994179
v 65.593292 9.777411 -15.723179
v 80.092163 7.032324 -2.445679
v 65.235847 1.587740 -2.128391
v 74.462700 -7.484021 -3.904482
v 65.492081 -6.273663 -12.700318
v 65.843773 9.630833 -8.342287
v 88.028656 10.940005 -12.860597
v 87.638039 6.541644 -9.778996
v 22.092690 -2.668370 -19.161674
v 22.093687 -2.289674 -5.364206
v 53.363644 -5.976925 -4.262101
v 48.680206 2.559903 -6.766572
v 50.074154 9.976330 -13.847789
v 50.391041 9.774102 -16.276922
v 54.339432 -5.436468 -18.421209
v 50.120136 3.276292 -11.443833
v 50.011658 -8.238642 -5.736992
v 49.481487 -5.680524 -16.568825
v 50.769989 -5.189062 -11.835499
v 46.035133 -6.950001 -16.962048
v 47.197323 -3.872229 -6.548981
v 46.296684 -4.710602 -20.219297
v 39.115196 4.019926 -15.545597
v 39.438499 10.935097 -7.938631
v 39.078903 11.214699 -4.905762
v 37.495201 3.546658 -10.969766
v 54.304001 -8.576665 -18.218678
v 53.145145 3.214122 -13.485251
v 52.820660 9.728606 -6.530334
v 52.349297 9.906187 -3.809197
v 51.970440 2.541428 -14.499200
v 22.093184 -4.422502 -9.942362
v 22.071871 10.653734 -20.698277
v 22.146267 4.613150 -7.243073
v 22.032827 4.172577 -17.201181
v 22.093609 10.735470 -0.000000
v 122.202003 -2.804030 0.000000
v 126.774002 8.181272 0.000000
v 107.180298 -10.876189 -0.000000
v 115.153000 -8.612170 0.000000
v 122.282013 10.395015 -0.000000
v 119.448997 -5.396764 -0.000001
v 133.220993 6.875782 0.000001
v 128.725998 -3.807329 5.519422
v 123.341003 -0.287921 5.644170
v 125.978996 5.144221 7.038139
v 115.216003 -6.975570 7.382102
v 107.281311 -9.748067 6.144643
v 119.654839 -4.208928 8.725972
v 121.666870 -0.161428 9.315511
v 123.752472 5.014127 6.170482
v 122.475891 9.667246 5.446900
v 132.238052 4.085750 4.901292
v 130.072998 -1.004867 -5.519420
v 123.341003 -0.287923 -5.644170
v 125.978996 5.144220 -7.038140
v 115.216003 -6.975572 -7.382097
v 107.281311 -9.748073 -6.144639
v 119.658989 -4.208399 -8.725970
v 121.673996 -0.153517 -9.315510
v 123.749985 5.020543 -6.170483
v 122.455009 9.678310 -5.446899
v 132.238007 4.085755 -4.901290
v 130.072998 -1.004867 8.994943
v 87.574509 11.552803 9.893508
v 81.996155 12.554697 15.628866
v 82.164459 6.848672 14.145774
v 79.097427 11.032988 29.890604
v 101.079620 5.924987 27.442757
v 102.798843 6.384561 35.219067
v 97.631042 5.752482 12.484561
v 108.314964 8.118459 15.629865
v 109.680107 7.527841 19.676369
v 107.504471 7.013020 41.084019
v 93.988113 5.577287 45.644264
v 92.421646 5.525551 45.644264
v 92.421646 5.525551 48.256409
v 96.576157 8.083080 48.006828
v 96.518944 -3.659909 45.362877
v 92.372070 -0.438856 50.644112
v 100.760208 -1.322486 50.831047
v 100.584930 6.016739 19.732468
v 107.639572 0.097575 19.676369
v 107.504471 7.013020 19.676369
v 107.504471 7.013020 20.254383
v 106.052444 7.761017 22.513456
v 112.173508 9.739814 22.800358
v 112.491722 -2.814023 25.135862
v 116.595520 0.263127 25.153261
v 116.739067 7.205603 29.724134
v 108.182579 9.107825 27.442757
v 102.798843 6.384561 27.651264
v 102.957344 0.170264 27.442757
v 102.798843 6.384561 22.022392
v 106.363083 7.013026 33.065037
v 111.875221 -0.150904 33.244339
v 112.047707 6.275038 30.585011
v 107.782677 -2.360173 24.719196
v 110.655052 9.739809 22.022392
v 106.363083 7.013026 22.022392
v 106.363083 7.013026 22.078493
v 106.498177 0.097577 27.341602
v 115.077057 0.263900 27.358997
v 115.220581 7.206377 25.006086
v 110.973221 -2.814027 15.628866
v 82.164459 6.848672 1.047151
v 73.476097 0.744486 2.445679
v 65.235847 1.587731 0.000000
v 73.629692 0.686660 15.864362
v 86.656578 -0.148449 6.854945
v 86.390709 -10.032575 3.809195
v 51.970448 2.541421 4.262100
v 48.680206 2.559894 4.905761
v 37.495201 3.546651 4.905761
v 37.495201 3.546651 9.778996
v 22.092688 -2.668370 19.161674
v 22.093687 -2.289673 20.219296
v 39.115196 4.019916 15.545597
v 39.438499 10.935097 7.938625
v 39.078903 11.214696 4.905761
v 37.495201 3.546651 7.254450
v 22.091604 3.989364 13.082994
v 107.491394 -0.374624 13.687593
v 115.534142 4.206862 7.831820
v 124.881073 -3.670143 8.748171
v 123.040710 -0.173194 4.231629
v 119.225739 -6.640431 9.337530
v 124.921768 5.002154 8.113916
v 128.788452 4.123060 -0.000000
v 130.288742 10.832066 3.919905
v 124.940384 8.758326 14.599945
v 96.373222 -0.436774 13.554595
v 100.424637 -0.325971 3.432237
v 121.413406 -8.375101 1.811482
v 115.147903 -9.124351 -0.000000
v 111.344574 -10.867016 6.364282
v 130.143555 8.274934 3.663022
v 130.715485 10.148046 -0.000000
v 126.094551 9.019028 -13.083003
v 107.498375 -0.393974 -13.687593
v 115.531387 4.203984 -7.831820
v 124.881073 -3.670145 -4.231622
v 119.231331 -6.640384 -8.748173
v 123.047890 -0.162228 -9.337530
v 124.920105 5.007302 -8.113919
v 128.787598 4.130280 -0.000000
v 130.288742 10.832066 -3.919902
v 124.922295 8.775097 -0.000000
v 126.094551 9.019028 -14.599945
v 96.373222 -0.436776 -13.554596
v 100.424637 -0.325972 -3.432227
v 121.420006 -8.373945 -1.811483
v 115.147903 -9.124352 -0.000000
v 111.344574 -10.867016 -3.663022
v 130.715485 10.148045 -6.364282
v 130.139694 8.282806 9.254083
v 80.709328 -10.472797 12.089140
v 80.775833 -8.768984 5.513786
v 84.664726 -12.289282 6.111480
v 89.164688 -11.241350 10.309312
v 88.770096 -9.294506 13.854092
v 89.294800 -6.493580 12.089140
v 80.775833 -8.768984 9.691174
v 80.163460 -4.681086 15.482064
v 84.895279 -6.543493 -15.860134
v 92.356514 -0.915500 -16.619940
v 87.485703 -1.885390 13.131778
v 81.802750 -6.882235 14.145774
v 79.097427 11.032988 15.628866
v 82.164459 6.848672 12.267712
v 86.682495 -7.000196 15.708430
v 82.186310 10.851927 4.397348
v 88.975601 14.415671 5.664676
v 81.358086 15.731348 14.441103
v 89.803833 9.536247 5.664676
v 81.358086 15.731348 4.373284
v 80.492157 12.697358 0.000000
v 87.731377 12.974743 -0.000001
v 92.799164 11.037904 -0.000000
v 91.139206 -11.232303 0.000000
v 86.321655 -11.148647 0.000000
v 101.804497 -10.794970 -0.000001
v 100.133072 10.934396 0.000000
v 79.094536 13.974712 -29.890596
v 101.079620 5.924997 -27.442755
v 102.798866 6.384608 -35.219067
v 97.631042 5.752476 -12.484558
v 108.304230 8.101128 -15.629865
v 109.670303 7.514069 -19.676369
v 107.504532 7.013091 -41.084026
v 93.988113 5.577273 -45.644272
v 92.421646 5.525537 -45.644272
v 92.421646 5.525537 -48.256413
v 96.576157 8.083077 -48.006821
v 96.518967 -3.659910 -45.362873
v 92.372078 -0.438866 -50.644112
v 100.760208 -1.322478 -50.831047
v 100.584930 6.016747 -19.732464
v 107.639534 0.097643 -19.676369
v 107.504532 7.013091 -20.254383
v 106.052505 7.761096 -19.676369
v 107.504532 7.013091 -22.513462
v 112.173630 9.739807 -22.800358
v 112.491631 -2.814030 -25.135859
v 116.597626 0.264813 -25.153263
v 116.735626 7.207397 -29.724134
v 108.182632 9.107819 -27.442755
v 102.798866 6.384608 -27.651268
v 102.957336 0.170317 -22.022396
v 106.363144 7.013091 -27.442755
v 102.798866 6.384608 -33.065033
v 111.875214 -0.150962 -33.244339
v 112.047768 6.274983 -30.584999
v 107.782616 -2.360178 -24.719196
v 110.655151 9.739810 -22.022396
v 106.363144 7.013091 -22.022396
v 106.363144 7.013091 -22.078495
v 106.498146 0.097643 -27.341591
v 115.079140 0.264813 -27.358994
v 115.217140 7.207400 -25.006088
v 110.973145 -2.814030 0.000000
v 73.629692 0.686660 -0.000000
v 75.121002 7.044058 -15.628865
v 82.164452 6.848667 -1.047152
v 73.476097 0.744489 -2.445679
v 65.235847 1.587740 0.000001
v 74.371994 -8.022910 0.000000
v 73.629692 0.686660 0.000000
v 80.989372 -10.536116 -0.000000
v 88.115356 11.654861 -0.000000
v 81.839897 12.603015 -15.864362
v 86.656609 -0.151850 -6.854942
v 86.390709 -10.032571 -0.000000
v 86.321655 -10.896766 -3.809197
v 51.970440 2.541428 -4.262101
v 48.680206 2.559903 -4.905762
v 37.495201 3.546658 -9.778996
v 22.092690 -2.668370 -4.905762
v 37.495201 3.546658 -20.219297
v 39.115196 4.019926 -19.161674
v 22.093687 -2.289674 -15.545597
v 39.438499 10.935097 -7.938631
v 39.078903 11.214699 -4.905762
v 37.495201 3.546658 -7.243073
v 22.032827 4.172577 -0.000000
v 115.153000 -8.612170 0.000000
v 107.180298 -10.876189 -0.000000
v 119.448997 -5.396764 -0.000000
v 122.202003 -2.804030 0.000000
v 126.774002 8.181272 0.000000
v 122.282013 10.395015 -0.000001
v 133.220993 6.875782 0.000001
v 128.725998 -3.807329 0.763657
v 51.599239 11.227321 13.919158
v 44.541611 12.471910 23.497978
v 52.167099 3.648063 21.991518
v 42.566074 3.816546 6.528139
v 23.110264 4.192983 2.788769
v 42.918823 2.862278 8.813213
v 23.111439 -3.773332 6.317760
v 42.012920 -5.112570 6.556433
v 43.621376 11.513599 21.421061
v 23.113352 5.140402 19.826807
v 23.106646 -3.320214 20.309851
v 53.397820 -8.504677 12.443176
v 40.959888 -7.568917 14.524407
v 23.111986 -5.872244 17.535591
v 23.112444 12.265006 9.326550
v 23.110626 12.040843 7.720682
v 5.014590 -21.395798 16.494896
v 4.739220 -23.369797 8.563389
v 8.990682 -19.997200 16.268206
v 10.548998 -22.122498 15.121590
v 17.454010 -6.529316 23.979797
v 9.402760 -18.420399 23.520594
v 12.194171 -7.754181 23.200209
v 11.446573 7.257049 18.326372
v 11.730921 12.937983 27.465397
v 5.322402 -10.954700 24.780495
v 5.023341 -19.633196 23.033897
v -0.000449 10.387499 18.734501
v -0.001765 13.764596 25.636599
v 5.862570 -3.707889 9.517611
v -0.000242 13.290596 9.026655
v 11.739280 12.883952 8.622405
v 12.223131 -8.900420 6.128838
v 0.002294 9.514790 6.130206
v 11.446284 5.838157 5.086171
v 5.349579 -12.370798 5.603905
v 5.918270 -5.012488 28.207903
v 0.000200 -11.024157 24.988998
v 0.000229 -19.648298 7.491277
v 0.000232 -21.426395 4.563998
v 0.000236 -12.236700 25.910894
v -0.001178 -3.716579 6.127132
v 0.001935 -4.911651 16.522100
v -0.001214 -23.461298 24.636400
v 1.850950 0.449600 5.972508
v 1.853929 -0.782176 22.055042
v 16.435276 -3.560807 8.227204
v 16.393391 -4.357522 15.569372
v 14.513749 -10.533749 6.050671
v 0.002170 2.085678 23.835091
v -0.000696 3.137920 21.872156
v 35.151062 -6.793932 23.970520
v 36.339539 3.929867 1.856070
v 35.313606 2.855159 4.588344
v 34.572186 -3.872303 16.696301
v 36.249123 14.345507 7.457146
v 36.100517 13.980912 8.904132
v 34.256771 -8.796986 17.250328
v 34.540371 -8.825305 19.551418
v 41.840374 -7.149080 12.067628
v 44.437885 -8.020372 19.415285
v 43.582966 10.857111 11.839929
v 37.904873 14.185513 17.012453
v 34.668045 4.545168 16.178740
v 51.218552 -10.036699 -17.351488
v 51.599239 11.227319 -13.919159
v 44.541611 12.471910 -23.497974
v 52.167103 3.648080 -21.991514
v 42.566074 3.816563 -6.528141
v 23.110256 4.192987 -2.788770
v 42.918823 2.862291 -8.813214
v 23.111439 -3.773333 -6.317763
v 42.012920 -5.112574 -6.556435
v 43.621376 11.513598 -21.421057
v 23.113352 5.140409 -19.826811
v 23.106649 -3.320210 -20.309856
v 53.397827 -8.504676 -12.443177
v 40.959888 -7.568914 -14.524409
v 23.111986 -5.872244 -17.535591
v 23.112444 12.265006 -9.326554
v 23.110628 12.040844 -7.720680
v 5.014589 -21.395796 -16.494898
v 4.739218 -23.369797 -8.563392
v 8.990683 -19.997200 -16.268206
v 10.548995 -22.122498 -15.121581
v 17.454010 -6.529315 -23.979797
v 9.402757 -18.420399 -23.520605
v 12.194171 -7.754181 -23.200205
v 11.446573 7.257049 -18.326365
v 11.730921 12.937983 -27.465397
v 5.322401 -10.954699 -24.780497
v 5.023339 -19.633196 -23.033897
v -0.000448 10.387500 -18.734501
v -0.001761 13.764595 -25.636599
v 5.862570 -3.707890 -9.517611
v -0.000241 13.290599 -9.026655
v 11.739281 12.883949 -8.622408
v 12.223130 -8.900423 -6.128841
v 0.002297 9.514790 -6.130206
v 11.446285 5.838157 -5.086173
v 5.349580 -12.370798 -5.603910
v 5.918265 -5.012481 -28.207897
v 0.000189 -11.024153 -24.988998
v 0.000229 -19.648298 -7.491278
v 0.000232 -21.426395 -4.563998
v 0.000236 -12.236700 -25.910896
v -0.001179 -3.716579 -6.127131
v 0.001936 -4.911652 -16.522100
v -0.001214 -23.461298 -24.636396
v 1.850951 0.449598 -5.972512
v 1.853926 -0.782176 -22.055042
v 16.435268 -3.560807 -8.227209
v 16.393393 -4.357523 -15.569369
v 14.513746 -10.533746 -6.050670
v 0.002170 2.085677 -23.835094
v -0.000693 3.137920 -21.872160
v 35.151062 -6.793934 -23.970520
v 36.339539 3.929887 -1.856074
v 35.313606 2.855186 -4.588345
v 34.572186 -3.872305 -16.696301
v 36.249115 14.345504 -7.457146
v 36.100517 13.980911 -8.904128
v 34.256775 -8.796987 -17.250328
v 34.540371 -8.825310 -19.551418
v 41.840374 -7.149077 -12.067627
v 44.437885 -8.020375 -19.415281
v 43.582966 10.857115 -11.839930
v 37.904873 14.185513 -17.012451
v 34.668045 4.545172 -16.178740
v 51.218552 -10.036698 2.788769
v 42.918823 2.862278 6.528139
v 23.110264 4.192983 6.130206
v 11.446284 5.838157 7.491277
v 0.000232 -21.426395 4.563998
v 0.000236 -12.236700 6.127132
v 0.001935 -4.911651 28.207903
v 0.000200 -11.024157 25.910894
v -0.001178 -3.716579 24.988998
v 0.000229 -19.648298 16.522100
v -0.001214 -23.461298 23.033897
v -0.000449 10.387499 6.050671
v 0.002170 2.085678 6.128838
v 0.002294 9.514790 18.734501
v -0.001765 13.764596 9.517611
v -0.000242 13.290596 5.972508
v 1.853929 -0.782176 24.636400
v 1.850950 0.449600 23.835091
v -0.000696 3.137920 6.128838
v 0.002294 9.514790 21.991518
v 42.566074 3.816546 19.551418
v 41.840374 -7.149080 6.317760
v 42.012920 -5.112570 2.788769
v 42.918823 2.862278 6.556433
v 43.621376 11.513599 13.919158
v 44.541611 12.471910 12.443176
v 40.959888 -7.568917 12.443176
v 40.959888 -7.568917 12.067628
v 44.437885 -8.020372 13.919158
v 44.541611 12.471910 11.839929
v 37.904873 14.185513 6.556433
v 43.621376 11.513599 2.788769
v 42.918823 2.862278 20.309851
v 53.397820 -8.504677 23.497978
v 52.167099 3.648063 6.317760
v 42.012920 -5.112570 16.178740
v 51.218552 -10.036699 12.067628
v 44.437885 -8.020372 13.919158
v 44.541611 12.471910 17.351486
v 51.599239 11.227321 -2.788770
v 42.918823 2.862291 -6.528141
v 23.110256 4.192987 -6.130206
v 11.446285 5.838157 -7.491278
v 0.000232 -21.426395 -4.563998
v 0.000236 -12.236700 -6.127131
v 0.001936 -4.911652 -28.207897
v 0.000189 -11.024153 -25.910896
v -0.001179 -3.716579 -24.988998
v 0.000229 -19.648298 -16.522100
v -0.001214 -23.461298 -23.033897
v -0.000448 10.387500 -6.050670
v 0.002170 2.085677 -6.128841
v 0.002297 9.514790 -18.734501
v -0.001761 13.764595 -9.517611
v -0.000241 13.290599 -5.972512
v 1.853926 -0.782176 -24.636396
v 1.850951 0.449598 -23.835094
v -0.000693 3.137920 -6.128841
v 0.002297 9.514790 -21.991514
v 42.566074 3.816563 -19.551418
v 41.840374 -7.149077 -6.317763
v 42.012920 -5.112574 -2.788770
v 42.918823 2.862291 -6.556435
v 43.621376 11.513598 -13.919159
v 44.541611 12.471910 -12.443177
v 40.959888 -7.568914 -12.443177
v 40.959888 -7.568914 -12.067627
v 44.437885 -8.020375 -13.919159
v 44.541611 12.471910 -11.839930
v 37.904873 14.185513 -6.556435
v 43.621376 11.513598 -2.788770
v 42.918823 2.862291 -20.309856
v 53.397827 -8.504676 -23.497974
v 52.167103 3.648080 -6.317763
v 42.012920 -5.112574 -16.178740
v 51.218552 -10.036698 -12.067627
v 44.437885 -8.020375 -13.919159
v 44.541611 12.471910 -17.351488
v 51.599239 11.227319 0.866237
v 91.967651 5.721085 48.397903
v 96.596527 8.366882 45.281540
v 91.915184 -0.449196 51.858078
v 101.512146 6.229219 48.148491
v 96.536659 -3.781428 51.673264
v 101.687241 -1.363325 49.150177
v 88.451233 -5.416098 60.349113
v 93.370926 8.124989 54.452515
v 91.294266 -5.038779 57.939819
v 90.325470 -5.350354 57.969688
v 85.459526 -8.463104 56.155762
v 88.364052 -7.338002 55.357250
v 82.964592 -9.339873 52.189255
v 85.616699 -7.947529 52.173756
v 94.569511 8.554013 52.646553
v 90.488342 1.335218 53.457764
v 88.292862 -3.726647 54.570625
v 86.119064 -4.883230 56.567192
v 84.090057 -7.119266 60.524956
v 94.149246 -5.233356 51.395878
v 92.685852 -6.752765 54.617237
v 93.840141 -4.997125 57.131531
v 84.637520 -10.738979 53.792603
v 88.272697 -9.424587 58.706200
v 90.390228 1.367323 61.359890
v 94.607437 1.486983 50.247471
v 91.420250 8.125914 64.128906
v 90.234627 -5.249948 62.025249
v 87.708565 -5.225882 62.696819
v 87.560905 1.530025 64.803261
v 90.311081 1.523544 67.823639
v 86.402016 -5.113378 65.167030
v 85.152565 -5.109592 66.021988
v 84.934532 1.426421 68.720833
v 86.142654 1.384367 57.749283
v 89.714310 8.107561 60.999134
v 94.544838 -1.738534 64.525185
v 90.368042 -2.174074 68.310631
v 86.241722 -2.530060 60.727791
v 94.124596 5.137642 64.454781
v 90.170807 4.489356 68.226357
v 86.261208 4.028667 58.530251
v 90.488571 -1.879643 62.366341
v 87.633545 -2.204214 65.662003
v 85.006592 -2.444175 58.285454
v 90.179733 4.830732 62.429909
v 87.489105 4.357049 65.547958
v 85.084923 3.996784 66.393013
v 86.566124 7.004490 63.883198
v 85.406708 6.945986 61.097176
v 87.991882 7.567656 63.221210
v 90.052399 7.671083 62.856903
v 87.582680 1.253476 64.963364
v 90.332870 1.246997 66.748367
v 84.166191 0.965978 69.643135
v 85.585442 0.923926 64.778893
v 90.371460 -1.798296 69.482613
v 85.661713 -1.839950 63.738792
v 90.303635 4.980917 66.816154
v 86.708832 4.721642 62.620056
v 87.636932 -1.828434 66.577393
v 84.231056 -1.754066 61.599213
v 87.969269 4.741579 64.334740
v 85.500977 4.630067 41.651257
v 93.149086 6.098354 44.271812
v 99.170021 9.525258 41.676723
v 93.150917 -0.622856 47.528294
v 104.482002 7.672347 47.424191
v 104.407883 -2.284061 44.338852
v 99.191017 -4.575633 37.391041
v 92.840622 -3.938147 37.377739
v 92.839943 9.448320 40.087753
v 98.967888 -5.096675 40.586765
v 105.900803 -7.572018 39.997837
v 98.942825 10.115006 40.703804
v 105.958328 12.693502 46.136940
v 114.729813 2.809984 48.685913
v 106.091499 2.273465 44.348522
v 107.841591 8.478876 43.956768
v 108.197388 -3.066464 38.103119
v 93.428192 2.660290 -45.562805
v 91.967636 5.721072 -48.397926
v 96.596527 8.366882 -45.281540
v 91.915184 -0.449205 -51.858078
v 101.512131 6.229226 -48.148514
v 96.536720 -3.781430 -51.673260
v 101.687248 -1.363317 -49.150177
v 88.451233 -5.416103 -60.349117
v 93.370926 8.124990 -54.452515
v 91.294266 -5.038779 -57.939819
v 90.325470 -5.350358 -57.969688
v 85.459526 -8.463104 -56.155762
v 88.364044 -7.337997 -55.357246
v 82.964592 -9.339880 -52.189251
v 85.616699 -7.947531 -52.173767
v 94.569489 8.554013 -52.646549
v 90.488342 1.335211 -53.457764
v 88.292862 -3.726652 -54.570625
v 86.119064 -4.883229 -56.567192
v 84.090057 -7.119268 -60.524948
v 94.149254 -5.233357 -51.395870
v 92.685852 -6.752771 -54.617207
v 93.840179 -4.997122 -57.131531
v 84.637520 -10.738981 -53.792603
v 88.272690 -9.424587 -58.706200
v 90.390228 1.367322 -61.359890
v 94.607437 1.486984 -50.247482
v 91.420227 8.125904 -64.128906
v 90.234627 -5.249949 -62.025246
v 87.708565 -5.225884 -62.696819
v 87.560905 1.530023 -64.803261
v 90.311081 1.523541 -67.823639
v 86.402016 -5.113377 -65.167030
v 85.152573 -5.109593 -66.021988
v 84.934532 1.426420 -68.720833
v 86.142654 1.384366 -57.749298
v 89.714310 8.107561 -60.999134
v 94.544838 -1.738533 -64.525185
v 90.368042 -2.174076 -68.310623
v 86.241722 -2.530059 -60.727791
v 94.124596 5.137643 -64.454781
v 90.170807 4.489356 -68.226349
v 86.261208 4.028667 -58.530251
v 90.488571 -1.879645 -62.366344
v 87.633545 -2.204215 -65.662003
v 85.006592 -2.444173 -58.285454
v 90.179733 4.830730 -62.429909
v 87.489113 4.357050 -65.547958
v 85.084923 3.996785 -66.393013
v 86.566124 7.004489 -63.883198
v 85.406708 6.945986 -61.097176
v 87.991882 7.567656 -63.221214
v 90.052399 7.671085 -62.856903
v 87.582680 1.253477 -64.963364
v 90.332870 1.247000 -66.748367
v 84.166191 0.965978 -69.643135
v 85.585442 0.923930 -64.778893
v 90.371460 -1.798297 -69.482613
v 85.661713 -1.839950 -63.738792
v 90.303635 4.980918 -66.816154
v 86.708832 4.721642 -62.620056
v 87.636932 -1.828434 -66.577393
v 84.231056 -1.754066 -61.599213
v 87.969269 4.741580 -64.334740
v 85.500977 4.630067 -41.651257
v 93.149086 6.098344 -44.271832
v 99.170029 9.525255 -41.676723
v 93.150917 -0.622863 -47.528301
v 104.482002 7.672350 -47.424179
v 104.407890 -2.284055 -44.338837
v 99.190994 -4.575634 -37.391029
v 92.840630 -3.938157 -37.377750
v 92.839920 9.448308 -40.087738
v 98.967896 -5.096677 -40.586750
v 105.900810 -7.572012 -39.997852
v 98.942825 10.115002 -40.703815
v 105.958305 12.693501 -46.136940
v 114.729820 2.809994 -48.685909
v 106.091499 2.273472 -44.348526
v 107.841553 8.478880 -43.956757
v 108.197388 -3.066456 -38.103119
v 93.428192 2.660281 45.281540
v 91.915184 -0.449196 49.150177
v 88.451233 -5.416098 54.452515
v 91.294266 -5.038779 55.357250
v 82.964592 -9.339873 52.189255
v 85.616699 -7.947529 56.155762
v 88.364052 -7.338002 57.969688
v 85.459526 -8.463104 57.969688
v 85.459526 -8.463104 56.567192
v 84.090057 -7.119266 57.939819
v 90.325470 -5.350354 62.025249
v 87.708565 -5.225882 65.167030
v 85.152565 -5.109592 65.167030
v 85.152565 -5.109592 65.662003
v 85.006592 -2.444175 65.547958
v 85.084923 3.996784 66.021988
v 84.934532 1.426421 65.662003
v 85.006592 -2.444175 64.525185
v 90.368042 -2.174074 62.366341
v 87.633545 -2.204214 68.310631
v 86.241722 -2.530060 58.530251
v 90.488571 -1.879643 60.999134
v 94.544838 -1.738534 65.547958
v 85.084923 3.996784 64.454781
v 90.170807 4.489356 62.429909
v 87.489105 4.357049 68.226357
v 86.261208 4.028667 58.285454
v 90.179733 4.830732 60.727791
v 94.124596 5.137642 66.021988
v 84.934532 1.426421 64.803261
v 90.311081 1.523544 68.720833
v 86.142654 1.384367 62.696819
v 87.560905 1.530025 58.706200
v 90.390228 1.367323 61.359890
v 94.607437 1.486983 66.748367
v 84.166191 0.965978 66.577393
v 84.231056 -1.754066 64.334740
v 85.500977 4.630067 63.883198
v 85.406708 6.945986 66.577393
v 84.231056 -1.754066 64.778893
v 90.371460 -1.798296 69.482613
v 85.661713 -1.839950 62.620056
v 87.636932 -1.828434 64.334740
v 85.500977 4.630067 63.738792
v 90.303635 4.980917 66.816154
v 86.708832 4.721642 61.599213
v 87.969269 4.741579 66.748367
v 84.166191 0.965978 64.963364
v 90.332870 1.246997 62.856903
v 87.582680 1.253476 69.643135
v 85.585442 0.923926 41.676723
v 93.150917 -0.622856 37.391041
v 92.840622 -3.938147 -45.281540
v 91.915184 -0.449205 -49.150177
v 88.451233 -5.416103 -54.452515
v 91.294266 -5.038779 -52.189251
v 85.616699 -7.947531 -55.357246
v 82.964592 -9.339880 -56.155762
v 88.364044 -7.337997 -57.969688
v 85.459526 -8.463104 -57.969688
v 85.459526 -8.463104 -56.567192
v 84.090057 -7.119268 -57.939819
v 90.325470 -5.350358 -62.025246
v 87.708565 -5.225884 -65.167030
v 85.152573 -5.109593 -65.167030
v 85.152573 -5.109593 -65.662003
v 85.006592 -2.444173 -65.547958
v 85.084923 3.996785 -66.021988
v 84.934532 1.426420 -65.662003
v 85.006592 -2.444173 -62.366344
v 87.633545 -2.204215 -64.525185
v 90.368042 -2.174076 -68.310623
v 86.241722 -2.530059 -58.530251
v 90.488571 -1.879645 -60.999134
v 94.544838 -1.738533 -65.547958
v 85.084923 3.996785 -62.429909
v 87.489113 4.357050 -64.454781
v 90.170807 4.489356 -68.226349
v 86.261208 4.028667 -58.285454
v 90.179733 4.830730 -60.727791
v 94.124596 5.137643 -66.021988
v 84.934532 1.426420 -68.720833
v 86.142654 1.384366 -64.803261
v 90.311081 1.523541 -62.696819
v 87.560905 1.530023 -61.359890
v 94.607437 1.486984 -58.706200
v 90.390228 1.367322 -66.748367
v 84.166191 0.965978 -66.577393
v 84.231056 -1.754066 -64.334740
v 85.500977 4.630067 -63.883198
v 85.406708 6.945986 -66.577393
v 84.231056 -1.754066 -69.482613
v 85.661713 -1.839950 -64.778893
v 90.371460 -1.798297 -62.620056
v 87.636932 -1.828434 -64.334740
v 85.500977 4.630067 -66.816154
v 86.708832 4.721642 -63.738792
v 90.303635 4.980918 -61.599213
v 87.969269 4.741580 -66.748367
v 84.166191 0.965978 -62.856903
v 87.582680 1.253477 -64.963364
v 90.332870 1.247000 -69.643135
v 85.585442 0.923930 -41.676723
v 93.150917 -0.622863 -37.391029
v 92.840630 -3.938157 0.305950

vt 0.358710 0.696373
vt 0.207216 0.700263
vt 0.121158 0.386914
vt 0.284055 0.429558
vt 0.358156 0.384658
vt 0.324001 0.438991
vt 0.284356 0.602623
vt 0.181640 0.621078
vt 0.123180 0.240384
vt 0.269762 0.203311
vt 0.152412 0.269509
vt 0.055540 0.358044
vt 0.005456 0.559149
vt 0.033891 0.635287
vt 0.074820 0.391909
vt 0.211711 0.275119
vt 0.181884 0.447688
vt 0.102348 0.321765
vt 0.117727 0.330911
vt 0.200996 0.382345
vt 0.098640 0.515975
vt 0.290634 0.626134
vt 0.219269 0.450328
vt 0.001441 0.454394
vt 0.216900 0.528564
vt 0.109107 0.522098
vt 0.239755 0.551152
vt 0.242753 0.477497
vt 0.323528 0.313961
vt 0.285928 0.168547
vt 0.245629 0.368981
vt 0.482349 0.298092
vt 0.425469 0.289885
vt 0.487240 0.376163
vt 0.432362 0.327390
vt 0.384858 0.394971
vt 0.392589 0.341366
vt 0.358710 0.386914
vt 0.284055 0.429558
vt 0.358156 0.384658
vt 0.324001 0.438991
vt 0.284356 0.602623
vt 0.181640 0.621078
vt 0.123180 0.240384
vt 0.269762 0.391909
vt 0.211711 0.275119
vt 0.181884 0.447688
vt 0.102348 0.321765
vt 0.117727 0.330911
vt 0.200996 0.382345
vt 0.098640 0.515975
vt 0.290634 0.626134
vt 0.219269 0.454394
vt 0.216900 0.528564
vt 0.109107 0.522098
vt 0.239755 0.551152
vt 0.242753 0.477497
vt 0.323528 0.313961
vt 0.285928 0.298092
vt 0.425469 0.376163
vt 0.432362 0.327390
vt 0.384858 0.394971
vt 0.392589 0.322347
vt 0.809733 0.091142
vt 0.816917 0.264823
vt 0.677638 0.198641
vt 0.820893 0.453713
vt 0.835088 0.055133
vt 0.595363 0.285415
vt 0.538802 0.194221
vt 0.435790 0.269467
vt 0.413647 0.258454
vt 0.321048 0.532509
vt 0.597004 0.586208
vt 0.594262 0.617426
vt 0.394261 0.083059
vt 0.545957 0.148693
vt 0.561348 0.367867
vt 0.697495 0.437761
vt 0.589156 0.148332
vt 0.442441 0.642235
vt 0.275087 0.607837
vt 0.499405 0.550756
vt 0.502760 0.635024
vt 0.616152 0.654364
vt 0.530533 0.579152
vt 0.610808 0.521733
vt 0.721069 0.122594
vt 0.683720 0.561405
vt 0.832155 0.611043
vt 0.243103 0.482515
vt 0.374990 0.317037
vt 0.569894 0.565351
vt 0.394645 0.497963
vt 0.498959 0.400125
vt 0.466768 0.875200
vt 0.822517 0.591430
vt 0.729309 0.663604
vt 0.624052 0.745025
vt 0.691206 0.739842
vt 0.555291 0.818430
vt 0.613114 0.978202
vt 0.427399 0.877199
vt 0.650807 0.840255
vt 0.779591 0.915558
vt 0.708333 0.945790
vt 0.740999 0.994708
vt 0.641166 0.860584
vt 0.474394 0.903821
vt 0.514191 0.943004
vt 0.532635 0.655297
vt 0.829134 0.794284
vt 0.732571 0.015154
vt 0.594695 0.002525
vt 0.496896 0.017829
vt 0.665069 0.780831
vt 0.917343 0.994035
vt 0.835444 0.781846
vt 0.976170 0.992528
vt 0.996383 0.638813
vt 0.957742 0.674554
vt 0.550185 0.644381
vt 0.327246 0.069669
vt 0.394659 0.994028
vt 0.283444 0.910402
vt 0.227567 0.992969
vt 0.092692 0.915696
vt 0.013651 0.131609
vt 0.007177 0.038793
vt 0.015371 0.741906
vt 0.389007 0.842310
vt 0.474239 0.739408
vt 0.161471 0.846546
vt 0.263761 0.156818
vt 0.253812 0.010765
vt 0.238225 0.815998
vt 0.300664 0.923040
vt 0.389997 0.932523
vt 0.192176 0.821550
vt 0.087966 0.159163
vt 0.131465 0.017756
vt 0.128896 0.953204
vt 0.254101 0.788544
vt 0.432842 0.864086
vt 0.351436 0.955043
vt 0.052405 0.796567
vt 0.218734 0.877288
vt 0.147041 0.085087
vt 0.009636 0.083605
vt 0.259288 0.096192
vt 0.135572 0.317213
vt 0.990935 0.472916
vt 0.974799 0.622679
vt 0.942359 0.776941
vt 0.889060 0.019865
vt 0.814265 0.156936
vt 0.998377 0.007230
vt 0.977499 1.000000
vt 0.232372 0.306002
vt 0.238624 0.430586
vt 0.364793 0.340883
vt 0.365758 0.452667
vt 0.503931 0.143611
vt 0.487675 0.128589
vt 0.640205 0.400912
vt 0.540982 0.433324
vt 0.428056 0.246595
vt 0.756174 0.022667
vt 0.687460 0.161947
vt 0.431200 0.423647
vt 0.314910 0.404916
vt 0.713159 0.500001
vt 0.528526 0.336083
vt 0.421055 0.373996
vt 0.764717 0.247614
vt 0.373853 0.042029
vt 0.499204 0.239668
vt 0.855405 0.359780
vt 0.882175 0.141164
vt 0.759763 0.143833
vt 0.534640 0.319477
vt 0.522644 0.189843
vt 0.664848 0.215569
vt 0.523660 0.239198
vt 0.423462 0.121177
vt 0.876415 0.237456
vt 0.944802 0.359183
vt 0.985184 0.337956
vt 0.731681 0.256466
vt 0.718335 0.500001
vt 0.498139 0.500001
vt 0.615419 0.500001
vt 0.564817 0.500001
vt 0.427745 0.500001
vt 0.767891 0.500001
vt 0.888781 0.500001
vt 0.360773 0.484058
vt 0.309444 0.500001
vt 0.989109 0.421184
vt 0.247518 0.241633
vt 0.041035 0.670618
vt 0.087873 0.229490
vt 0.081770 0.426388
vt 0.019632 0.400885
vt 0.179863 0.116385
vt 0.224142 0.094018
vt 0.329279 0.227964
vt 0.473880 0.325109
vt 0.473566 0.336054
vt 0.319464 0.049625
vt 0.785180 0.202400
vt 0.322420 0.500001
vt 0.694778 0.812958
vt 0.232372 0.693999
vt 0.238624 0.569416
vt 0.364793 0.659118
vt 0.365758 0.547334
vt 0.503931 0.856390
vt 0.487675 0.871412
vt 0.640205 0.599089
vt 0.540982 0.566677
vt 0.428056 0.753406
vt 0.756174 0.977334
vt 0.687460 0.838054
vt 0.431200 0.576354
vt 0.314910 0.595085
vt 0.713159 0.663918
vt 0.421055 0.626005
vt 0.764717 0.752387
vt 0.373853 0.957972
vt 0.499204 0.760333
vt 0.855405 0.640221
vt 0.882175 0.858837
vt 0.759763 0.856168
vt 0.534640 0.680524
vt 0.522644 0.810158
vt 0.664848 0.784432
vt 0.523660 0.760803
vt 0.423462 0.878824
vt 0.876415 0.762545
vt 0.944802 0.640818
vt 0.985184 0.662045
vt 0.731681 0.743535
vt 0.718335 0.241633
vt 0.041035 0.670618
vt 0.087873 0.229490
vt 0.081770 0.426388
vt 0.019632 0.400885
vt 0.179863 0.905983
vt 0.329279 0.772037
vt 0.473880 0.674892
vt 0.473566 0.663947
vt 0.319464 0.950376
vt 0.785180 0.797601
vt 0.322420 0.587004
vt 0.050722 0.582247
vt 0.222410 0.668427
vt 0.026637 0.786271
vt 0.036494 0.894150
vt 0.115641 0.893351
vt 0.085676 0.635992
vt 0.150819 0.777117
vt 0.151320 0.013506
vt 0.401670 0.578817
vt 0.247518 0.515943
vt 0.309444 0.587004
vt 0.050722 0.582247
vt 0.222410 0.668427
vt 0.026637 0.786271
vt 0.036494 0.894150
vt 0.115641 0.893351
vt 0.085676 0.635992
vt 0.150819 0.777117
vt 0.151320 0.986495
vt 0.401670 0.883616
vt 0.224142 1.000000
vt 0.798474 0.248846
vt 0.838327 0.526221
vt 0.781386 0.580232
vt 0.794658 0.571322
vt 0.831507 0.551540
vt 0.913465 0.260621
vt 0.894683 0.332716
vt 0.818792 0.305098
vt 0.778765 0.356963
vt 0.767870 0.413629
vt 0.808237 0.415875
vt 0.763715 0.472970
vt 0.811412 0.524601
vt 0.819734 0.487093
vt 0.748100 0.338198
vt 0.878461 0.414066
vt 0.882408 0.457573
vt 0.877068 0.496827
vt 0.885803 0.543281
vt 0.723489 0.558440
vt 0.789375 0.216475
vt 0.732655 0.361830
vt 0.727662 0.298717
vt 0.733206 0.226673
vt 0.704540 0.293500
vt 0.685436 0.328074
vt 0.702580 0.712943
vt 0.114828 0.699004
vt 0.060905 0.706758
vt 0.321043 0.714371
vt 0.168132 0.714045
vt 0.217364 0.711826
vt 0.274971 0.643415
vt 0.072549 0.643634
vt 0.120039 0.643762
vt 0.267227 0.643759
vt 0.168815 0.490934
vt 0.354926 0.491102
vt 0.312271 0.491074
vt 0.124827 0.491131
vt 0.271780 0.491103
vt 0.171355 0.643809
vt 0.214303 0.491163
vt 0.214399 0.650615
vt 0.315125 0.621223
vt 0.357938 0.621522
vt 0.266742 0.613758
vt 0.311292 0.633075
vt 0.313074 0.621530
vt 0.213763 0.621410
vt 0.169524 0.621319
vt 0.121795 0.836621
vt 0.212527 0.817831
vt 0.314382 0.796103
vt 0.362768 0.800863
vt 0.079586 0.740066
vt 0.397600 0.836859
vt 0.146147 0.783544
vt 0.298091 0.829661
vt 0.271808 0.736040
vt 0.377206 0.769363
vt 0.345887 0.743988
vt 0.333356 0.777895
vt 0.091715 0.797016
vt 0.221275 0.769260
vt 0.162066 0.745905
vt 0.280544 0.789570
vt 0.262396 0.753213
vt 0.222827 0.801088
vt 0.158763 0.566985
vt 0.125068 0.567018
vt 0.169759 0.567051
vt 0.212123 0.567126
vt 0.266446 0.567140
vt 0.310232 0.566909
vt 0.356561 0.522093
vt 0.355597 0.523090
vt 0.311413 0.522539
vt 0.170694 0.521494
vt 0.124924 0.525072
vt 0.269397 0.523922
vt 0.213417 0.842754
vt 0.044889 0.029872
vt 0.524304 0.029777
vt 0.593230 0.029635
vt 0.842298 0.029665
vt 0.655831 0.029722
vt 0.712951 0.029703
vt 0.783084 0.712943
vt 0.114828 0.699200
vt 0.363192 0.706758
vt 0.321043 0.714371
vt 0.168132 0.714045
vt 0.217364 0.711826
vt 0.274971 0.070945
vt 0.602975 0.496073
vt 0.492151 0.452026
vt 0.503012 0.053669
vt 0.508556 0.070551
vt 0.544395 0.422977
vt 0.590226 0.430313
vt 0.546292 0.196614
vt 0.602187 0.489673
vt 0.480520 0.349171
vt 0.498913 0.358219
vt 0.541290 0.419836
vt 0.513899 0.195549
vt 0.542653 0.249924
vt 0.537746 0.195707
vt 0.521269 0.272530
vt 0.368225 0.196545
vt 0.368263 0.140025
vt 0.368218 0.139523
vt 0.503827 0.140183
vt 0.541279 0.418382
vt 0.473876 0.408045
vt 0.368086 0.298879
vt 0.515243 0.027027
vt 0.367718 0.073064
vt 0.493736 0.086662
vt 0.368031 0.342448
vt 0.368185 0.359667
vt 0.602210 0.309135
vt 0.602152 0.113718
vt 0.007216 0.200150
vt 0.006944 0.093901
vt 0.259944 0.036705
vt 0.210274 0.400310
vt 0.224227 0.337620
vt 0.224431 0.196029
vt 0.268177 0.266985
vt 0.224652 0.147119
vt 0.236508 0.098324
vt 0.229989 0.199279
vt 0.236867 0.149696
vt 0.203087 0.200756
vt 0.207224 0.101647
vt 0.204230 0.267597
vt 0.130351 0.335023
vt 0.132469 0.396257
vt 0.133577 0.042310
vt 0.120338 0.144210
vt 0.266750 0.268504
vt 0.250274 0.338898
vt 0.245338 0.400495
vt 0.243401 0.467298
vt 0.239767 0.159023
vt 0.007179 0.396525
vt 0.007032 0.267734
vt 0.006716 0.050111
vt 0.006731 0.330046
vt 0.006710 0.123712
vt 0.627906 0.176113
vt 0.818931 0.132167
vt 0.663226 0.145342
vt 0.692701 0.159333
vt 0.736078 0.218871
vt 0.806652 0.160012
vt 0.887868 0.194065
vt 0.683879 0.195803
vt 0.737717 0.156583
vt 0.613863 0.240593
vt 0.885772 0.191644
vt 0.877799 0.218316
vt 0.649780 0.176113
vt 0.818931 0.132167
vt 0.663226 0.145342
vt 0.692701 0.159333
vt 0.736078 0.218871
vt 0.806652 0.160012
vt 0.887868 0.194065
vt 0.683879 0.195803
vt 0.737717 0.240593
vt 0.885772 0.191644
vt 0.877799 0.218316
vt 0.649780 0.780376
vt 0.518366 0.780049
vt 0.464209 0.790241
vt 0.824195 0.781357
vt 0.896504 0.780808
vt 0.598510 0.781224
vt 0.653211 0.782715
vt 0.960505 0.779684
vt 0.421376 0.877093
vt 0.593376 0.868054
vt 0.518045 0.896374
vt 0.643911 0.922508
vt 0.686708 0.847029
vt 0.654175 0.952814
vt 0.598902 0.915745
vt 0.514252 0.991957
vt 0.519056 0.864363
vt 0.462980 0.906776
vt 0.873756 0.897411
vt 0.804527 0.908554
vt 0.732930 0.852334
vt 0.818931 0.919092
vt 0.461793 0.811179
vt 0.779064 0.855615
vt 0.885762 0.918465
vt 0.938601 0.868057
vt 0.727252 0.876325
vt 0.691614 0.857102
vt 0.949672 0.871231
vt 0.420700 0.980781
vt 0.413894 0.968545
vt 0.928126 0.906235
vt 0.978963 0.840965
vt 0.988626 0.780711
vt 0.863174 0.699807
vt 0.037187 0.818308
vt 0.680744 0.487081
vt 0.022605 0.770228
vt 0.826313 0.684817
vt 0.595656 0.692983
vt 0.519991 0.665893
vt 0.646702 0.639699
vt 0.689983 0.715412
vt 0.656364 0.609119
vt 0.602188 0.645321
vt 0.517155 0.569112
vt 0.522767 0.695890
vt 0.464898 0.655214
vt 0.878846 0.663182
vt 0.808950 0.652056
vt 0.736835 0.708006
vt 0.822477 0.641266
vt 0.464724 0.749068
vt 0.782759 0.705776
vt 0.888789 0.645818
vt 0.944367 0.692970
vt 0.731465 0.686427
vt 0.694876 0.707784
vt 0.953102 0.688318
vt 0.422778 0.578831
vt 0.417853 0.595157
vt 0.935164 0.659789
vt 0.984364 0.725634
vt 0.991329 0.699807
vt 0.037187 0.744870
vt 0.682158 0.064083
vt 0.648918 0.101458
vt 0.641346 0.058670
vt 0.623075 0.096036
vt 0.615539 0.082776
vt 0.725868 0.119790
vt 0.722102 0.089712
vt 0.765864 0.129148
vt 0.757818 0.099089
vt 0.799864 0.131913
vt 0.793864 0.072928
vt 0.690280 0.111980
vt 0.685865 0.393912
vt 0.670079 0.320990
vt 0.670226 0.096670
vt 0.837900 0.349413
vt 0.936009 0.306213
vt 0.910451 0.352833
vt 0.900183 0.257671
vt 0.939421 0.171216
vt 0.933962 0.260401
vt 0.910506 0.170543
vt 0.897623 0.408379
vt 0.891288 0.411568
vt 0.927838 0.130022
vt 0.903052 0.130621
vt 0.938208 0.467697
vt 0.934057 0.511985
vt 0.910560 0.468255
vt 0.893678 0.014157
vt 0.975328 0.056472
vt 0.958702 0.010010
vt 0.939158 0.084646
vt 0.950043 0.081169
vt 0.914098 0.045462
vt 0.923422 0.309476
vt 0.940294 0.210816
vt 0.934968 0.217269
vt 0.902809 0.568022
vt 0.419968 0.512963
vt 0.544909 0.554963
vt 0.533567 0.558905
vt 0.470626 0.511464
vt 0.467391 0.468371
vt 0.987195 0.367253
vt 0.991230 0.468044
vt 0.956384 0.366927
vt 0.960419 0.195295
vt 0.987507 0.296476
vt 0.989411 0.194974
vt 0.956697 0.296153
vt 0.958600 0.526221
vt 0.781386 0.332716
vt 0.818792 0.305098
vt 0.778765 0.356963
vt 0.767870 0.413629
vt 0.808237 0.415875
vt 0.763715 0.472970
vt 0.811412 0.524601
vt 0.819734 0.487093
vt 0.748100 0.338198
vt 0.878461 0.414066
vt 0.882408 0.457573
vt 0.877068 0.496827
vt 0.885803 0.543281
vt 0.723489 0.558440
vt 0.789375 0.361830
vt 0.727662 0.298717
vt 0.733206 0.226673
vt 0.704540 0.293500
vt 0.685436 0.328074
vt 0.702580 0.712943
vt 0.114828 0.699004
vt 0.060905 0.706758
vt 0.321043 0.714371
vt 0.168132 0.714045
vt 0.217364 0.711826
vt 0.274971 0.643415
vt 0.072549 0.643634
vt 0.120039 0.643762
vt 0.267227 0.643759
vt 0.168815 0.490934
vt 0.354926 0.491102
vt 0.312271 0.491074
vt 0.124827 0.491131
vt 0.271780 0.491103
vt 0.171355 0.643809
vt 0.214303 0.491163
vt 0.214399 0.650615
vt 0.315125 0.621223
vt 0.357938 0.621522
vt 0.266742 0.613758
vt 0.311292 0.633075
vt 0.313074 0.621530
vt 0.213763 0.621410
vt 0.169524 0.621319
vt 0.121795 0.836621
vt 0.212527 0.817831
vt 0.314382 0.796103
vt 0.362768 0.800863
vt 0.079586 0.740066
vt 0.397600 0.836859
vt 0.146147 0.783544
vt 0.298091 0.829661
vt 0.271808 0.736040
vt 0.377206 0.769363
vt 0.345887 0.743988
vt 0.333356 0.777895
vt 0.091715 0.797016
vt 0.221275 0.769260
vt 0.162066 0.745905
vt 0.280544 0.789570
vt 0.262396 0.753213
vt 0.222827 0.801088
vt 0.158763 0.566985
vt 0.125068 0.567018
vt 0.169759 0.567051
vt 0.212123 0.567126
vt 0.266446 0.567140
vt 0.310232 0.566909
vt 0.356561 0.522093
vt 0.355597 0.523090
vt 0.311413 0.522539
vt 0.170694 0.521494
vt 0.124924 0.525072
vt 0.269397 0.523922
vt 0.213417 0.842754
vt 0.044889 0.029872
vt 0.524304 0.029777
vt 0.593230 0.029635
vt 0.842298 0.029665
vt 0.655831 0.029722
vt 0.712951 0.029703
vt 0.783084 0.712943
vt 0.114828 0.699200
vt 0.363192 0.706758
vt 0.321043 0.714371
vt 0.168132 0.714045
vt 0.217364 0.711826
vt 0.274971 0.196614
vt 0.602187 0.489673
vt 0.480520 0.349171
vt 0.498913 0.358219
vt 0.541290 0.419836
vt 0.513899 0.195549
vt 0.542653 0.249924
vt 0.537746 0.195707
vt 0.521269 0.272530
vt 0.368225 0.196545
vt 0.368263 0.140025
vt 0.368218 0.139523
vt 0.503827 0.140183
vt 0.541279 0.418382
vt 0.473876 0.408045
vt 0.368086 0.298879
vt 0.515243 0.027027
vt 0.367718 0.073064
vt 0.493736 0.086662
vt 0.368031 0.342448
vt 0.368185 0.359667
vt 0.602210 0.309135
vt 0.602152 0.113718
vt 0.007216 0.200150
vt 0.006944 0.093901
vt 0.259944 0.036705
vt 0.210274 0.400310
vt 0.224227 0.337620
vt 0.224431 0.196029
vt 0.268177 0.266985
vt 0.224652 0.147119
vt 0.236508 0.098324
vt 0.229989 0.199279
vt 0.236867 0.149696
vt 0.203087 0.200756
vt 0.207224 0.101647
vt 0.204230 0.267597
vt 0.130351 0.335023
vt 0.132469 0.396257
vt 0.133577 0.042310
vt 0.120338 0.144210
vt 0.266750 0.268504
vt 0.250274 0.338898
vt 0.245338 0.400495
vt 0.243401 0.467298
vt 0.239767 0.159023
vt 0.007179 0.396525
vt 0.007032 0.267734
vt 0.006716 0.050111
vt 0.006731 0.330046
vt 0.006710 0.961424
vt 0.165293 0.904727
vt 0.384144 0.961482
vt 0.014534 0.961438
vt 0.080524 0.871581
vt 0.409002 0.961417
vt 0.129082 0.945084
vt 0.375571 0.985905
vt 0.218759 0.901906
vt 0.219805 0.892161
vt 0.307936 0.886037
vt 0.091740 0.895072
vt 0.016129 0.891284
vt 0.148961 0.856936
vt 0.207554 0.840803
vt 0.283261 0.837649
vt 0.354350 0.942780
vt 0.315984 0.953335
vt 0.257449 0.901906
vt 0.219805 0.892161
vt 0.307936 0.886037
vt 0.091740 0.895072
vt 0.016129 0.891284
vt 0.148961 0.856936
vt 0.207554 0.840803
vt 0.283261 0.837649
vt 0.354350 0.942780
vt 0.315984 0.953335
vt 0.257449 0.497045
vt 0.591846 0.459303
vt 0.563446 0.499769
vt 0.515686 0.459217
vt 0.521023 0.621224
vt 0.076221 0.643430
vt 0.359155 0.566971
vt 0.076821 0.761719
vt 0.027864 0.740864
vt 0.039656 0.699200
vt 0.363192 0.522177
vt 0.078403 0.490930
vt 0.078232 0.826962
vt 0.012637 0.807699
vt 0.040635 0.879334
vt 0.048354 0.863368
vt 0.016092 0.861106
vt 0.076877 0.816786
vt 0.071121 0.045406
vt 0.592974 0.045707
vt 0.524594 0.045179
vt 0.899891 0.029550
vt 0.899917 0.045280
vt 0.841932 0.045348
vt 0.656091 0.045425
vt 0.713306 0.045312
vt 0.783058 0.650615
vt 0.315125 0.643430
vt 0.359155 0.643634
vt 0.120039 0.643415
vt 0.072549 0.699004
vt 0.060905 0.643809
vt 0.214303 0.643762
vt 0.267227 0.643759
vt 0.168815 0.013109
vt 0.842033 0.012287
vt 0.899851 0.013818
vt 0.524512 0.013609
vt 0.593226 0.013442
vt 0.713191 0.013419
vt 0.783064 0.013101
vt 0.655925 0.302573
vt 0.538136 0.016532
vt 0.480068 0.477075
vt 0.367772 0.007628
vt 0.491801 0.252840
vt 0.602151 0.138554
vt 0.603542 0.035051
vt 0.234846 0.466182
vt 0.214055 0.462739
vt 0.120951 0.042310
vt 0.120338 0.113718
vt 0.007216 0.200150
vt 0.006944 0.267597
vt 0.130351 0.335023
vt 0.132469 0.396257
vt 0.133577 0.462739
vt 0.120951 0.459016
vt 0.006922 0.959495
vt 0.857489 0.969263
vt 0.764514 0.610743
vt 0.063252 0.595268
vt 0.040622 0.654665
vt 0.040992 0.557963
vt 0.035984 0.552279
vt 0.063376 0.475742
vt 0.051157 0.514668
vt 0.024977 0.975140
vt 0.966096 0.983879
vt 0.451439 0.659697
vt 0.059952 0.687870
vt 0.026429 0.714183
vt 0.010560 0.520804
vt 0.063297 0.498560
vt 0.061668 0.781834
vt 0.690509 0.602052
vt 0.863221 0.591414
vt 0.768800 0.610743
vt 0.063252 0.654665
vt 0.040992 0.595268
vt 0.040622 0.557963
vt 0.035984 0.552279
vt 0.063376 0.475742
vt 0.051157 0.514668
vt 0.024977 0.487081
vt 0.022605 0.590197
vt 0.973929 0.576472
vt 0.455277 0.659697
vt 0.059952 0.687870
vt 0.026429 0.714183
vt 0.010560 0.498560
vt 0.061668 0.520804
vt 0.063297 0.416358
vt 0.720801 0.373840
vt 0.721429 0.467206
vt 0.668363 0.452374
vt 0.610735 0.393607
vt 0.617983 0.335887
vt 0.612192 0.139531
vt 0.876892 0.101668
vt 0.881277 0.136945
vt 0.830865 0.540362
vt 0.970355 0.568097
vt 0.946515 0.528167
vt 0.405370 0.542364
vt 0.614483 0.570332
vt 0.571156 0.568264
vt 0.380136 0.604392
vt 0.625560 0.485916
vt 0.708485 0.485899
vt 0.625582 0.604410
vt 0.708463 0.124253
vt 0.959996 0.124573
vt 0.990807 0.236343
vt 0.798474 0.248846
vt 0.838327 0.571322
vt 0.831507 0.580232
vt 0.794658 0.551540
vt 0.913465 0.260621
vt 0.894683 0.216475
vt 0.732655 0.621224
vt 0.076221 0.643430
vt 0.359155 0.566971
vt 0.076821 0.761719
vt 0.027864 0.740864
vt 0.039656 0.699200
vt 0.363192 0.522177
vt 0.078403 0.490930
vt 0.078232 0.826962
vt 0.012637 0.807699
vt 0.040635 0.879334
vt 0.048354 0.863368
vt 0.016092 0.861106
vt 0.076877 0.816786
vt 0.071121 0.045406
vt 0.592974 0.045707
vt 0.524594 0.029550
vt 0.899917 0.045179
vt 0.899891 0.045280
vt 0.841932 0.045348
vt 0.656091 0.045425
vt 0.713306 0.045312
vt 0.783058 0.650615
vt 0.315125 0.643430
vt 0.359155 0.643634
vt 0.120039 0.699004
vt 0.060905 0.643415
vt 0.072549 0.643809
vt 0.214303 0.643762
vt 0.267227 0.643759
vt 0.168815 0.013109
vt 0.842033 0.012287
vt 0.899851 0.013818
vt 0.524512 0.013609
vt 0.593226 0.013442
vt 0.713191 0.013419
vt 0.783064 0.013101
vt 0.655925 0.496073
vt 0.492151 0.452026
vt 0.503012 0.302573
vt 0.538136 0.016532
vt 0.480068 0.477075
vt 0.367772 0.053669
vt 0.508556 0.007628
vt 0.491801 0.070551
vt 0.544395 0.422977
vt 0.590226 0.430313
vt 0.546292 0.252840
vt 0.602151 0.138554
vt 0.603542 0.070945
vt 0.602975 0.035051
vt 0.234846 0.466182
vt 0.214055 0.462739
vt 0.120951 0.113718
vt 0.007216 0.042310
vt 0.120338 0.267597
vt 0.130351 0.200150
vt 0.006944 0.335023
vt 0.132469 0.396257
vt 0.133577 0.462739
vt 0.120951 0.459016
vt 0.006922 0.961438
vt 0.080524 0.961482
vt 0.014534 0.961417
vt 0.129082 0.961424
vt 0.165293 0.904727
vt 0.384144 0.871581
vt 0.409002 0.945084
vt 0.375571 0.985905
vt 0.218759 1.000000
vt 0.957565 0.230605
vt 0.695513 0.269542
vt 0.962533 0.353032
vt 0.689206 0.796124
vt 0.458754 0.766662
vt 0.702235 0.682133
vt 0.441551 0.661724
vt 0.719001 0.128684
vt 0.704758 0.351691
vt 0.436596 0.487733
vt 0.419046 0.439971
vt 0.984222 0.580904
vt 0.706382 0.588628
vt 0.428128 0.248064
vt 0.454003 0.134320
vt 0.474916 0.708447
vt 0.138301 0.637542
vt 0.104717 0.693011
vt 0.165518 0.629869
vt 0.152070 0.597347
vt 0.357188 0.560615
vt 0.149471 0.491430
vt 0.243433 0.297485
vt 0.308394 0.208575
vt 0.339353 0.474171
vt 0.142743 0.555128
vt 0.108136 0.220876
vt 0.139945 0.162657
vt 0.161651 0.403342
vt 0.190673 0.066876
vt 0.197737 0.102609
vt 0.373284 0.712701
vt 0.287334 0.013413
vt 0.215189 0.018076
vt 0.395777 0.770874
vt 0.199022 0.820046
vt 0.269177 0.785087
vt 0.708113 0.816008
vt 0.791952 0.963049
vt 0.793058 0.983160
vt 0.709093 0.800836
vt 0.638895 0.966664
vt 0.639956 0.645205
vt 0.007082 0.337605
vt 0.119454 0.890268
vt 0.222269 0.469275
vt 0.328908 0.718006
vt 0.376423 0.609332
vt 0.278316 0.930090
vt 0.229570 0.815000
vt 0.564116 0.417950
vt 0.714366 0.264925
vt 0.728225 0.772957
vt 0.816552 0.679089
vt 0.801617 0.084298
vt 0.737803 0.931365
vt 0.852341 0.593918
vt 0.795942 0.486086
vt 0.712217 0.482059
vt 0.695432 0.543678
vt 0.856778 0.154553
vt 0.839754 0.977081
vt 0.893880 0.094368
vt 0.083738 0.494256
vt 0.954264 0.133763
vt 0.957565 0.230605
vt 0.695513 0.269542
vt 0.962533 0.353032
vt 0.689206 0.796124
vt 0.458754 0.766662
vt 0.702235 0.682133
vt 0.441551 0.661724
vt 0.719001 0.128684
vt 0.704758 0.351691
vt 0.436596 0.487733
vt 0.419046 0.439971
vt 0.984222 0.580904
vt 0.706382 0.588628
vt 0.428128 0.248064
vt 0.454003 0.134320
vt 0.474916 0.708447
vt 0.138301 0.637542
vt 0.104717 0.693011
vt 0.165518 0.629869
vt 0.152070 0.597347
vt 0.357188 0.560615
vt 0.149471 0.491430
vt 0.243433 0.297485
vt 0.308394 0.208575
vt 0.339353 0.474171
vt 0.142743 0.555128
vt 0.108136 0.220876
vt 0.139945 0.162657
vt 0.161651 0.403342
vt 0.190673 0.066876
vt 0.197737 0.102609
vt 0.373284 0.712701
vt 0.287334 0.013413
vt 0.215189 0.018076
vt 0.395777 0.770874
vt 0.199022 0.820046
vt 0.269177 0.785087
vt 0.708113 0.816008
vt 0.791952 0.963049
vt 0.793058 0.983160
vt 0.709093 0.800836
vt 0.638895 0.966664
vt 0.639956 0.645205
vt 0.007082 0.337605
vt 0.119454 0.890268
vt 0.222269 0.469275
vt 0.328908 0.718006
vt 0.376423 0.609332
vt 0.278316 0.930090
vt 0.229570 0.815000
vt 0.564116 0.417950
vt 0.714366 0.264925
vt 0.728225 0.772957
vt 0.816552 0.679089
vt 0.801617 0.084298
vt 0.737803 0.931365
vt 0.852341 0.593918
vt 0.795942 0.486086
vt 0.712217 0.482059
vt 0.695432 0.543678
vt 0.856778 0.154553
vt 0.839754 0.977081
vt 0.893880 0.094368
vt 0.083738 0.494256
vt 0.954264 0.013517
vt 0.726433 0.017789
vt 0.497087 0.871542
vt 0.409122 0.737369
vt 0.042169 0.815339
vt 0.110615 0.872624
vt 0.173085 0.450471
vt 0.039574 0.373851
vt 0.079179 0.545858
vt 0.009926 0.888547
vt 0.820224 0.818329
vt 0.494784 0.964059
vt 0.565056 0.959952
vt 0.495605 0.852675
vt 0.461047 0.929890
vt 0.461419 0.966033
vt 0.596813 0.809538
vt 0.595666 0.298867
vt 0.110824 0.994260
vt 0.289916 0.267581
vt 0.823634 0.436186
vt 0.815070 0.650253
vt 0.898008 0.762670
vt 0.915699 0.882326
vt 0.943554 0.073546
vt 0.864353 0.563655
vt 0.891171 0.543895
vt 0.808922 0.569551
vt 0.936687 0.969465
vt 0.986740 0.021759
vt 0.776402 0.130607
vt 0.050306 0.087012
vt 0.030954 0.036999
vt 0.146796 0.098167
vt 0.154215 0.046707
vt 0.049478 0.021890
vt 0.123454 0.028786
vt 0.081346 0.142606
vt 0.087233 0.139761
vt 0.128495 0.013517
vt 0.726433 0.017789
vt 0.497087 0.871542
vt 0.409122 0.737369
vt 0.042169 0.815339
vt 0.110615 0.872624
vt 0.173085 0.450471
vt 0.039574 0.373851
vt 0.079179 0.545858
vt 0.009926 0.888547
vt 0.820224 0.818329
vt 0.494784 0.964059
vt 0.565056 0.959952
vt 0.495605 0.852675
vt 0.461047 0.929890
vt 0.461419 0.966033
vt 0.596813 0.809538
vt 0.595666 0.298867
vt 0.110824 0.994260
vt 0.289916 0.267581
vt 0.823634 0.436186
vt 0.815070 0.650253
vt 0.898008 0.762670
vt 0.915699 0.882326
vt 0.943554 0.073546
vt 0.864353 0.563655
vt 0.891171 0.543895
vt 0.808922 0.569551
vt 0.936687 0.969465
vt 0.986740 0.021759
vt 0.776402 0.130607
vt 0.050306 0.087012
vt 0.030954 0.036999
vt 0.146796 0.098167
vt 0.154215 0.046707
vt 0.049478 0.021890
vt 0.123454 0.028786
vt 0.081346 0.142606
vt 0.087233 0.139761
vt 0.128495 1.000000
vt 0.466965 0.577593
vt 0.466372 0.036600
vt 0.473475 0.439410
vt 0.469758 0.150840
vt 0.479173 0.297909
vt 0.475922 0.042664
vt 0.576331 0.511564
vt 0.677518 0.854945
vt 0.723666 0.187244
vt 0.724800 0.937182
vt 0.715234 0.892582
vt 0.712371 0.996214
vt 0.650309 0.953450
vt 0.584429 0.550053
vt 0.546946 0.736888
vt 0.609111 0.842668
vt 0.616960 0.905344
vt 0.635690 0.949951
vt 0.674700 0.252227
vt 0.712412 0.129614
vt 0.600978 0.198508
vt 0.636177 0.058640
vt 0.753160 0.076758
vt 0.678877 0.698814
vt 0.735612 0.383030
vt 0.698626 0.621315
vt 0.552057 0.258428
vt 0.797975 0.203988
vt 0.807763 0.669498
vt 0.816522 0.394510
vt 0.790543 0.263368
vt 0.894111 0.252278
vt 0.951597 0.423708
vt 0.947548 0.404317
vt 0.896028 0.575585
vt 0.676103 0.319394
vt 0.705409 0.316952
vt 0.797629 0.313091
vt 0.900080 0.454169
vt 0.685783 0.451564
vt 0.779246 0.454500
vt 0.880646 0.759319
vt 0.758581 0.738027
vt 0.841196 0.303554
vt 0.957716 0.635815
vt 0.705062 0.618200
vt 0.791759 0.473545
vt 0.936136 0.525983
vt 0.833047 0.563255
vt 0.810945 0.566102
vt 0.743396 0.516400
vt 0.747386 0.672518
vt 0.819933 0.390703
vt 0.794452 0.648697
vt 0.908577 0.400376
vt 0.918892 0.330887
vt 0.801687 0.346045
vt 0.925023 0.467530
vt 0.765274 0.484535
vt 0.850200 0.730149
vt 0.841147 0.699449
vt 0.927583 0.616082
vt 0.772660 0.597692
vt 0.835192 0.734671
vt 0.369463 0.598191
vt 0.369359 0.847370
vt 0.369704 0.482238
vt 0.369472 0.259549
vt 0.369613 0.141401
vt 0.369606 0.955545
vt 0.243081 0.745895
vt 0.250984 0.085183
vt 0.274638 0.155043
vt 0.208701 0.633876
vt 0.301140 0.583119
vt 0.208560 0.371893
vt 0.129475 0.362335
vt 0.369550 0.514244
vt 0.247220 0.232916
vt 0.247340 0.856974
vt 0.273726 0.694050
vt 0.466965 0.577593
vt 0.466372 0.036600
vt 0.473475 0.439410
vt 0.469758 0.150840
vt 0.479173 0.297909
vt 0.475922 0.042664
vt 0.576331 0.511564
vt 0.677518 0.854945
vt 0.723666 0.187244
vt 0.724800 0.937182
vt 0.715234 0.892582
vt 0.712371 0.996214
vt 0.650309 0.953450
vt 0.584429 0.550053
vt 0.546946 0.736888
vt 0.609111 0.842668
vt 0.616960 0.905344
vt 0.635690 0.949951
vt 0.674700 0.252227
vt 0.712412 0.129614
vt 0.600978 0.198508
vt 0.636177 0.058640
vt 0.753160 0.076758
vt 0.678877 0.698814
vt 0.735612 0.383030
vt 0.698626 0.621315
vt 0.552057 0.258428
vt 0.797975 0.203988
vt 0.807763 0.669498
vt 0.816522 0.394510
vt 0.790543 0.263368
vt 0.894111 0.252278
vt 0.951597 0.423708
vt 0.947548 0.404317
vt 0.896028 0.575585
vt 0.676103 0.319394
vt 0.705409 0.316952
vt 0.797629 0.313091
vt 0.900080 0.454169
vt 0.685783 0.451564
vt 0.779246 0.454500
vt 0.880646 0.759319
vt 0.758581 0.738027
vt 0.841196 0.303554
vt 0.957716 0.635815
vt 0.705062 0.618200
vt 0.791759 0.473545
vt 0.936136 0.525983
vt 0.833047 0.563255
vt 0.810945 0.566102
vt 0.743396 0.516400
vt 0.747386 0.672518
vt 0.819933 0.390703
vt 0.794452 0.648697
vt 0.908577 0.400376
vt 0.918892 0.330887
vt 0.801687 0.346045
vt 0.925023 0.467530
vt 0.765274 0.484535
vt 0.850200 0.730149
vt 0.841147 0.699449
vt 0.927583 0.616082
vt 0.772660 0.597692
vt 0.835192 0.734671
vt 0.369463 0.598191
vt 0.369359 0.847370
vt 0.369704 0.482238
vt 0.369472 0.259549
vt 0.369613 0.141401
vt 0.369606 0.955545
vt 0.243081 0.745895
vt 0.250984 0.085183
vt 0.274638 0.155043
vt 0.208701 0.633876
vt 0.301140 0.583119
vt 0.208560 0.371893
vt 0.129475 0.362335
vt 0.369550 0.514244
vt 0.247220 0.232916
vt 0.247340 0.856974
vt 0.273726 0.777897
vt 0.475605 0.891881
vt 0.523167 0.148181
vt 0.676945 0.016437
vt 0.739979 0.021746
vt 0.662916 0.119588
vt 0.707102 0.103955
vt 0.756152 0.042655
vt 0.801655 0.006115
vt 0.793538 0.825677
vt 0.780584 0.795380
vt 0.860523 0.213215
vt 0.877939 0.770275
vt 0.927375 0.718500
vt 0.913672 0.603494
vt 0.860624 0.649390
vt 0.887037 0.929773
vt 0.926822 0.965472
vt 0.874423 0.929082
vt 0.877624 0.962093
vt 0.939640 0.923561
vt 0.830985 0.965473
vt 0.823472 0.929773
vt 0.926822 0.965472
vt 0.874423 0.929082
vt 0.877624 0.962093
vt 0.939640 0.923561
vt 0.830985 0.965473
vt 0.823472 0.929773
vt 0.926822 0.965472
vt 0.874423 0.962093
vt 0.939640 0.929082
vt 0.877624 0.923561
vt 0.830985 0.965473
vt 0.823472 0.405070
vt 0.984697 0.351620
vt 0.991025 0.506519
vt 0.899917 0.548571
vt 0.882463 0.929773
vt 0.926822 0.965472
vt 0.874423 0.962093
vt 0.939640 0.929082
vt 0.877624 0.929773
vt 0.926822 0.965472
vt 0.874423 0.962093
vt 0.939640 0.929082
vt 0.877624 0.929773
vt 0.926822 0.965472
vt 0.874423 0.929082
vt 0.877624 0.962093
vt 0.939640 0.026236
vt 0.369359 0.003214
vt 0.250880 0.777897
vt 0.475605 0.891881
vt 0.523167 0.148181
vt 0.676945 0.021746
vt 0.662916 0.016437
vt 0.739979 0.119588
vt 0.707102 0.103955
vt 0.756152 0.042655
vt 0.801655 0.006115
vt 0.793538 0.825677
vt 0.780584 0.795380
vt 0.860523 0.213215
vt 0.877939 0.770275
vt 0.927375 0.718500
vt 0.913672 0.603494
vt 0.860624 0.649390
vt 0.887037 0.929773
vt 0.926822 0.929082
vt 0.877624 0.965472
vt 0.874423 0.962093
vt 0.939640 0.923561
vt 0.830985 0.965473
vt 0.823472 0.929773
vt 0.926822 0.929082
vt 0.877624 0.965472
vt 0.874423 0.962093
vt 0.939640 0.923561
vt 0.830985 0.965473
vt 0.823472 0.929773
vt 0.926822 0.962093
vt 0.939640 0.965472
vt 0.874423 0.929082
vt 0.877624 0.965473
vt 0.823472 0.923561
vt 0.830985 0.405070
vt 0.984697 0.351620
vt 0.991025 0.506519
vt 0.899917 0.548571
vt 0.882463 0.929773
vt 0.926822 0.962093
vt 0.939640 0.965472
vt 0.874423 0.929082
vt 0.877624 0.929773
vt 0.926822 0.962093
vt 0.939640 0.965472
vt 0.874423 0.929082
vt 0.877624 0.929773
vt 0.926822 0.929082
vt 0.877624 0.965472
vt 0.874423 0.962093
vt 0.939640 0.026236
vt 0.369359 0.003214
vt 0.250880 1.000000

f 36/36 37/37 35/35
f 35/35 34/34 33/33
f 34/34 35/35 32/32
f 35/35 33/33 36/36
f 62/62 61/61 63/63
f 61/61 60/60 34/34
f 34/34 32/32 61/61
f 61/61 62/62 60/60
f 37/37 1/1 29/29
f 4/4 7/7 30/30
f 4/4 6/6 30/30
f 6/6 1/1 4/4
f 20/20 16/16 17/17
f 17/17 20/20 4/4
f 30/30 20/20 10/10
f 17/17 10/10 18/18
f 18/18 21/21 12/12
f 11/11 12/12 19/19
f 20/20 17/17 7/7
f 25/25 27/27 7/7
f 25/25 7/7 15/15
f 15/15 9/9 21/21
f 19/19 21/21 13/13
f 12/12 13/13 21/21
f 21/21 18/18 23/23
f 23/23 8/8 9/9
f 3/3 8/8 15/15
f 3/3 9/9 28/28
f 28/28 27/27 22/22
f 27/27 22/22 26/26
f 26/26 18/18 27/27
f 28/28 22/22 1/1
f 37/37 36/36 63/63
f 38/38 63/63 58/58
f 42/42 39/39 59/59
f 41/41 39/39 59/59
f 38/38 41/41 39/39
f 46/46 50/50 47/47
f 50/50 47/47 39/39
f 50/50 59/59 47/47
f 11/11 45/45 31/31
f 45/45 11/11 48/48
f 51/51 48/48 11/11
f 47/47 12/12 49/49
f 12/12 47/47 49/49
f 47/47 50/50 42/42
f 56/56 54/54 42/42
f 42/42 54/54 15/15
f 44/44 15/15 49/49
f 50/50 51/51 46/46
f 51/51 50/50 12/12
f 49/49 13/13 51/51
f 13/13 49/49 51/51
f 48/48 51/51 53/53
f 43/43 53/53 44/44
f 43/43 3/3 15/15
f 44/44 3/3 57/57
f 56/56 57/57 52/52
f 52/52 56/56 55/55
f 48/48 55/55 56/56
f 52/52 57/57 38/38
f 62/62 63/63 67/67
f 67/67 65/65 68/68
f 68/68 153/153 90/90
f 90/90 154/154 79/79
f 64/64 66/66 67/67
f 66/66 64/64 88/88
f 68/68 79/79 64/64
f 79/79 68/68 98/98
f 90/90 68/68 70/70
f 70/70 66/66 71/71
f 73/73 72/72 84/84
f 84/84 83/83 75/75
f 88/88 74/74 79/79
f 79/79 66/66 88/88
f 88/88 79/79 84/84
f 84/84 74/74 81/81
f 78/78 77/77 94/94
f 82/82 76/76 69/69
f 89/89 69/69 83/83
f 95/95 94/94 87/87
f 86/86 85/85 96/96
f 96/96 95/95 92/92
f 91/91 94/94 95/95
f 95/95 96/96 154/154
f 154/154 90/90 112/112
f 100/100 113/113 99/99
f 99/99 101/101 102/102
f 102/102 101/101 100/100
f 100/100 102/102 104/104
f 104/104 102/102 113/113
f 113/113 104/104 106/106
f 105/105 106/106 104/104
f 108/108 107/107 111/111
f 109/109 103/103 105/105
f 155/155 112/112 113/113
f 97/97 155/155 116/116
f 89/89 65/65 114/114
f 69/69 116/116 115/115
f 89/89 116/116 156/156
f 116/116 65/65 117/117
f 121/121 119/119 152/152
f 156/156 65/65 126/126
f 126/126 143/143 134/134
f 134/134 147/147 135/135
f 141/141 135/135 122/122
f 144/144 132/132 123/123
f 147/147 134/134 124/124
f 136/136 150/150 131/131
f 131/131 137/137 127/127
f 127/127 139/139 151/151
f 141/141 151/151 145/145
f 145/145 143/143 132/132
f 122/122 131/131 148/148
f 140/140 148/148 128/128
f 128/128 146/146 147/147
f 123/123 133/133 151/151
f 142/142 151/151 130/130
f 130/130 149/149 124/124
f 159/159 212/212 207/207
f 161/161 162/162 171/171
f 176/176 185/185 170/170
f 193/193 166/166 163/163
f 184/184 164/164 208/208
f 164/164 184/184 181/181
f 174/174 167/167 209/209
f 180/180 165/165 183/183
f 178/178 175/175 179/179
f 177/177 170/170 164/164
f 180/180 186/186 211/211
f 185/185 164/164 170/170
f 167/167 174/174 161/161
f 185/185 176/176 162/162
f 174/174 162/162 161/161
f 167/167 163/163 209/209
f 166/166 182/182 163/163
f 193/193 192/192 166/166
f 177/177 207/207 212/212
f 177/177 181/181 169/169
f 181/181 165/165 169/169
f 184/184 165/165 181/181
f 183/183 168/168 180/180
f 178/178 180/180 168/168
f 208/208 174/174 209/209
f 174/174 185/185 162/162
f 210/210 171/171 162/162
f 171/171 210/210 200/200
f 195/195 175/175 213/213
f 190/190 183/183 184/184
f 177/177 164/164 181/181
f 159/159 160/160 212/212
f 183/183 165/165 184/184
f 180/180 211/211 165/165
f 187/187 179/179 188/188
f 179/179 187/187 178/178
f 186/186 178/178 187/187
f 178/178 186/186 180/180
f 168/168 175/175 178/178
f 195/195 179/179 175/175
f 184/184 208/208 209/209
f 189/189 175/175 168/168
f 168/168 190/190 189/189
f 183/183 190/190 168/168
f 172/172 175/175 189/189
f 172/172 189/189 166/166
f 182/182 190/190 184/184
f 189/189 182/182 166/166
f 182/182 189/189 190/190
f 194/194 161/161 197/197
f 198/198 161/161 171/171
f 196/196 199/199 188/188
f 198/198 171/171 200/200
f 197/197 161/161 198/198
f 167/167 161/161 194/194
f 196/196 179/179 195/195
f 213/213 172/172 192/192
f 192/192 172/172 166/166
f 210/210 160/160 200/200
f 188/188 179/179 196/196
f 173/173 163/163 191/191
f 163/163 173/173 193/193
f 194/194 191/191 167/167
f 163/163 167/167 191/191
f 204/204 256/256 257/257
f 201/201 205/205 203/203
f 202/202 258/258 259/259
f 260/260 202/202 261/261
f 262/262 202/202 263/263
f 202/202 259/259 261/261
f 201/201 204/204 205/205
f 204/204 257/257 205/205
f 263/263 202/202 260/260
f 170/170 177/177 212/212
f 207/207 177/177 264/264
f 206/206 159/159 207/207
f 208/208 185/185 174/174
f 208/208 164/164 185/185
f 184/184 209/209 182/182
f 209/209 163/163 182/182
f 210/210 212/212 160/160
f 176/176 210/210 162/162
f 165/165 211/211 169/169
f 170/170 212/212 176/176
f 210/210 176/176 212/212
f 175/175 172/172 213/213
f 255/255 214/214 250/250
f 217/217 216/216 226/226
f 239/239 230/230 225/225
f 221/221 193/193 218/218
f 219/219 238/238 251/251
f 238/238 219/219 235/235
f 222/222 228/228 252/252
f 220/220 234/234 237/237
f 229/229 232/232 233/233
f 225/225 231/231 219/219
f 240/240 234/234 254/254
f 219/219 239/239 225/225
f 228/228 222/222 216/216
f 230/230 239/239 217/217
f 217/217 228/228 216/216
f 218/218 222/222 252/252
f 236/236 221/221 218/218
f 192/192 193/193 221/221
f 250/250 231/231 255/255
f 235/235 231/231 224/224
f 220/220 235/235 224/224
f 220/220 238/238 235/235
f 223/223 237/237 234/234
f 234/234 232/232 223/223
f 228/228 251/251 252/252
f 239/239 228/228 217/217
f 226/226 253/253 217/217
f 253/253 226/226 265/265
f 229/229 195/195 213/213
f 237/237 244/244 238/238
f 219/219 231/231 235/235
f 215/215 214/214 255/255
f 220/220 237/237 238/238
f 254/254 234/234 220/220
f 233/233 241/241 242/242
f 241/241 233/233 232/232
f 232/232 240/240 241/241
f 240/240 232/232 234/234
f 229/229 223/223 232/232
f 233/233 195/195 229/229
f 251/251 238/238 252/252
f 229/229 243/243 223/223
f 244/244 223/223 243/243
f 244/244 237/237 223/223
f 229/229 227/227 243/243
f 243/243 227/227 221/221
f 244/244 236/236 238/238
f 236/236 243/243 221/221
f 243/243 236/236 244/244
f 216/216 194/194 197/197
f 216/216 266/266 226/226
f 199/199 196/196 242/242
f 226/226 266/266 265/265
f 216/216 197/197 266/266
f 216/216 222/222 194/194
f 233/233 196/196 195/195
f 227/227 213/213 192/192
f 227/227 192/192 221/221
f 215/215 253/253 265/265
f 233/233 242/242 196/196
f 218/218 173/173 191/191
f 173/173 218/218 193/193
f 191/191 194/194 222/222
f 222/222 218/218 191/191
f 267/267 248/248 268/268
f 249/249 245/245 247/247
f 269/269 246/246 270/270
f 246/246 271/271 272/272
f 246/246 273/273 274/274
f 270/270 246/246 272/272
f 248/248 245/245 249/249
f 268/268 248/248 249/249
f 246/246 274/274 271/271
f 231/231 225/225 255/255
f 231/231 250/250 275/275
f 214/214 276/276 250/250
f 239/239 251/251 228/228
f 219/219 251/251 239/239
f 252/252 238/238 236/236
f 218/218 252/252 236/236
f 255/255 253/253 215/215
f 253/253 230/230 217/217
f 254/254 220/220 224/224
f 255/255 225/225 230/230
f 230/230 253/253 255/255
f 227/227 229/229 213/213
f 718/718 709/709 710/710
f 718/718 710/710 717/717
f 710/710 712/712 719/719
f 719/719 717/717 710/710
f 719/719 707/707 715/715
f 707/707 719/719 712/712
f 722/722 721/721 716/716
f 715/715 720/720 719/719
f 721/721 715/715 716/716
f 715/715 721/721 720/720
f 722/722 716/716 708/708
f 708/708 711/711 722/722
f 715/715 724/724 723/723
f 723/723 716/716 715/715
f 708/708 716/716 723/723
f 723/723 713/713 708/708
f 724/724 715/715 714/714
f 707/707 714/714 715/715
f 728/728 916/916 917/917
f 728/728 727/727 916/916
f 916/916 729/729 918/918
f 729/729 916/916 727/727
f 729/729 725/725 919/919
f 919/919 918/918 729/729
f 732/732 726/726 731/731
f 725/725 729/729 730/730
f 731/731 726/726 725/725
f 725/725 730/730 731/731
f 732/732 920/920 726/726
f 920/920 732/732 921/921
f 725/725 733/733 734/734
f 733/733 725/725 726/726
f 920/920 733/733 726/726
f 733/733 920/920 922/922
f 734/734 923/923 725/725
f 919/919 725/725 923/923
f 285/285 286/286 287/287
f 289/289 291/291 284/284
f 284/284 278/278 287/287
f 286/286 288/288 284/284
f 286/286 287/287 289/289
f 288/288 291/291 290/290
f 281/281 282/282 293/293
f 292/292 283/283 289/289
f 289/289 294/294 290/290
f 295/295 294/294 291/291
f 296/296 297/297 290/290
f 279/279 297/297 298/298
f 300/300 277/277 288/288
f 286/286 285/285 735/735
f 736/736 737/737 285/285
f 302/302 300/300 303/303
f 300/300 302/302 737/737
f 736/736 738/738 354/354
f 352/352 353/353 322/322
f 351/351 324/324 739/739
f 311/311 328/328 350/350
f 319/319 323/323 313/313
f 328/328 311/311 356/356
f 348/348 355/355 313/313
f 319/319 326/326 350/350
f 324/324 351/351 325/325
f 322/322 324/324 310/310
f 311/311 739/739 323/323
f 325/325 323/323 322/322
f 312/312 321/321 323/323
f 325/325 324/324 740/740
f 325/325 321/321 355/355
f 349/349 358/358 326/326
f 327/327 313/313 328/328
f 313/313 327/327 741/741
f 328/328 347/347 327/327
f 347/347 328/328 339/339
f 338/338 337/337 333/333
f 337/337 338/338 742/742
f 742/742 332/332 344/344
f 341/341 336/336 329/329
f 335/335 344/344 346/346
f 334/334 329/329 335/335
f 336/336 330/330 338/338
f 330/330 331/331 335/335
f 330/330 338/338 346/346
f 342/342 340/340 339/339
f 335/335 338/338 346/346
f 341/341 342/342 345/345
f 342/342 341/341 335/335
f 339/339 343/343 341/341
f 344/344 345/345 343/343
f 335/335 343/343 743/743
f 743/743 340/340 339/339
f 339/339 337/337 342/342
f 345/345 307/307 308/308
f 307/307 345/345 343/343
f 343/343 339/339 345/345
f 309/309 308/308 345/345
f 343/343 309/309 334/334
f 346/346 340/340 329/329
f 341/341 346/346 331/331
f 333/333 338/338 340/340
f 332/332 334/334 745/745
f 347/347 356/356 326/326
f 348/348 327/327 347/347
f 327/327 348/348 357/357
f 317/317 358/358 348/348
f 326/326 349/349 324/324
f 350/350 326/326 357/357
f 351/351 354/354 328/328
f 741/741 739/739 351/351
f 322/322 352/352 354/354
f 353/353 314/314 315/315
f 354/354 314/314 347/347
f 745/745 741/741 356/356
f 355/355 318/318 316/316
f 356/356 318/318 349/349
f 355/355 348/348 351/351
f 357/357 350/350 355/355
f 358/358 320/320 318/318
f 355/355 320/320 358/358
f 317/317 320/320 745/745
f 356/356 316/316 746/746
f 745/745 316/316 348/348
f 356/356 347/347 357/357
f 358/358 349/349 350/350
f 354/354 315/315 317/317
f 357/357 315/315 352/352
f 354/354 351/351 747/747
f 359/359 748/748 749/749
f 359/359 750/750 751/751
f 359/359 749/749 752/752
f 359/359 751/751 750/750
f 359/359 747/747 748/748
f 359/359 752/752 360/360
f 360/360 754/754 362/362
f 362/362 757/757 361/361
f 361/361 753/753 363/363
f 363/363 758/758 365/365
f 365/365 760/760 364/364
f 364/364 759/759 761/761
f 761/761 368/368 763/763
f 366/366 763/763 766/766
f 766/766 768/768 767/767
f 767/767 371/371 369/369
f 369/369 768/768 756/756
f 756/756 770/770 361/361
f 361/361 772/772 365/365
f 365/365 774/774 364/364
f 364/364 773/773 362/362
f 362/362 769/769 363/363
f 363/363 775/775 373/373
f 380/380 374/374 381/381
f 382/382 383/383 384/384
f 385/385 386/386 387/387
f 388/388 385/385 386/386
f 389/389 390/390 391/391
f 384/384 386/386 381/381
f 392/392 393/393 776/776
f 381/381 394/394 395/395
f 396/396 397/397 395/395
f 777/777 396/396 381/381
f 393/393 398/398 392/392
f 392/392 380/380 381/381
f 383/383 392/392 396/396
f 375/375 391/391 394/394
f 387/387 385/385 397/397
f 396/396 389/389 390/390
f 389/389 396/396 777/777
f 779/779 375/375 382/382
f 381/381 776/776 394/394
f 398/398 387/387 391/391
f 396/396 777/777 374/374
f 392/392 383/383 380/380
f 392/392 374/374 382/382
f 378/378 382/382 385/385
f 385/385 384/384 391/391
f 781/781 379/379 776/776
f 776/776 385/385 382/382
f 776/776 399/399 400/400
f 399/399 776/776 391/391
f 376/376 781/781 372/372
f 781/781 376/376 386/386
f 390/390 396/396 389/389
f 385/385 388/388 374/374
f 383/383 378/378 382/382
f 378/378 383/383 381/381
f 398/398 394/394 776/776
f 394/394 385/385 397/397
f 389/389 403/403 419/419
f 403/403 389/389 393/393
f 423/423 422/422 421/421
f 420/420 387/387 419/419
f 419/419 389/389 782/782
f 410/410 404/404 403/403
f 782/782 397/397 420/420
f 411/411 407/407 405/405
f 406/406 422/422 421/421
f 422/422 406/406 410/410
f 403/403 409/409 419/419
f 409/409 403/403 419/419
f 407/407 409/409 411/411
f 409/409 407/407 411/411
f 420/420 408/408 410/410
f 782/782 403/403 406/406
f 416/416 408/408 415/415
f 408/408 416/416 409/409
f 412/412 410/410 414/414
f 410/410 412/412 409/409
f 411/411 412/412 413/413
f 412/412 411/411 414/414
f 401/401 418/418 405/405
f 783/783 417/417 784/784
f 417/417 783/783 416/416
f 406/406 417/417 405/405
f 417/417 406/406 411/411
f 415/415 402/402 408/408
f 415/415 413/413 414/414
f 404/404 410/410 412/412
f 424/424 412/412 404/404
f 414/414 418/418 401/401
f 414/414 412/412 408/408
f 420/420 406/406 388/388
f 387/387 407/407 405/405
f 423/423 783/783 420/420
f 421/421 406/406 387/387
f 420/420 407/407 398/398
f 393/393 421/421 398/398
f 421/421 387/387 422/422
f 423/423 405/405 422/422
f 421/421 393/393 395/395
f 397/397 782/782 393/393
f 778/778 423/423 424/424
f 401/401 412/412 379/379
f 384/384 391/391 427/427
f 785/785 786/786 426/426
f 788/788 789/789 790/790
f 790/790 425/425 791/791
f 791/791 792/792 436/436
f 432/432 431/431 434/434
f 430/430 437/437 433/433
f 431/431 438/438 429/429
f 438/438 431/431 434/434
f 439/439 440/440 430/430
f 440/440 435/435 434/434
f 440/440 430/430 438/438
f 441/441 436/436 448/448
f 443/443 444/444 446/446
f 449/449 442/442 445/445
f 438/438 443/443 429/429
f 443/443 438/438 446/446
f 451/451 450/450 442/442
f 447/447 451/451 446/446
f 442/442 451/451 438/438
f 448/448 452/452 461/461
f 453/453 462/462 463/463
f 464/464 465/465 467/467
f 468/468 466/466 462/462
f 462/462 453/453 793/793
f 470/470 471/471 472/472
f 471/471 472/472 473/473
f 471/471 476/476 467/467
f 467/467 462/462 466/466
f 464/464 463/463 466/466
f 463/463 461/461 472/472
f 473/473 475/475 476/476
f 455/455 473/473 476/476
f 470/470 477/477 471/471
f 473/473 472/472 465/465
f 461/461 463/463 457/457
f 465/465 458/458 461/461
f 465/465 457/457 464/464
f 472/472 478/478 475/475
f 473/473 455/455 472/472
f 475/475 478/478 465/465
f 479/479 488/488 795/795
f 796/796 797/797 798/798
f 798/798 796/796 465/465
f 488/488 458/458 800/800
f 489/489 801/801 467/467
f 462/462 467/467 461/461
f 457/457 453/453 794/794
f 793/793 471/471 476/476
f 459/459 456/456 477/477
f 480/480 476/476 471/471
f 470/470 476/476 465/465
f 478/478 479/479 476/476
f 480/480 459/459 474/474
f 481/481 482/482 483/483
f 802/802 477/477 469/469
f 469/469 454/454 474/474
f 469/469 481/481 484/484
f 485/485 480/480 803/803
f 474/474 482/482 480/480
f 485/485 459/459 484/484
f 480/480 477/477 802/802
f 484/484 477/477 483/483
f 477/477 470/470 483/483
f 470/470 793/793 467/467
f 803/803 468/468 474/474
f 803/803 467/467 795/795
f 797/797 804/804 805/805
f 487/487 804/804 805/805
f 806/806 487/487 797/797
f 805/805 804/804 798/798
f 807/807 808/808 801/801
f 808/808 800/800 801/801
f 798/798 808/808 809/809
f 458/458 488/488 798/798
f 799/799 807/807 476/476
f 486/486 473/473 491/491
f 492/492 453/453 493/493
f 495/495 494/494 497/497
f 496/496 498/498 492/492
f 453/453 492/492 810/810
f 501/501 500/500 502/502
f 502/502 501/501 506/506
f 500/500 501/501 497/497
f 492/492 497/497 496/496
f 493/493 494/494 496/496
f 491/491 493/493 502/502
f 505/505 503/503 506/506
f 503/503 490/490 506/506
f 507/507 500/500 501/501
f 502/502 503/503 495/495
f 493/493 491/491 457/457
f 458/458 495/495 491/491
f 457/457 495/495 494/494
f 508/508 502/502 505/505
f 490/490 503/503 502/502
f 508/508 505/505 495/495
f 517/517 509/509 812/812
f 813/813 814/814 815/815
f 814/814 815/815 495/495
f 458/458 517/517 817/817
f 818/818 819/819 497/497
f 497/497 492/492 491/491
f 453/453 457/457 811/811
f 501/501 810/810 506/506
f 456/456 459/459 507/507
f 506/506 510/510 503/503
f 506/506 501/501 495/495
f 509/509 508/508 506/506
f 459/459 510/510 504/504
f 512/512 511/511 513/513
f 507/507 820/820 499/499
f 454/454 499/499 504/504
f 511/511 499/499 514/514
f 510/510 515/515 821/821
f 512/512 504/504 510/510
f 459/459 515/515 514/514
f 507/507 510/510 820/820
f 507/507 514/514 513/513
f 500/500 507/507 513/513
f 810/810 500/500 497/497
f 498/498 821/821 504/504
f 497/497 821/821 812/812
f 822/822 813/813 823/823
f 822/822 516/516 823/823
f 516/516 824/824 813/813
f 822/822 823/823 815/815
f 825/825 826/826 818/818
f 817/817 825/825 818/818
f 825/825 815/815 809/809
f 517/517 458/458 815/815
f 826/826 816/816 506/506
f 503/503 486/486 518/518
f 518/518 519/519 522/522
f 524/524 526/526 518/518
f 528/528 522/522 827/827
f 827/827 829/829 531/531
f 828/828 530/530 830/830
f 829/829 830/830 530/530
f 530/530 831/831 833/833
f 835/835 527/527 533/533
f 535/535 553/553 554/554
f 555/555 537/537 533/533
f 533/533 541/541 536/536
f 534/534 538/538 553/553
f 534/534 536/536 554/554
f 538/538 555/555 537/537
f 539/539 542/542 537/537
f 542/542 543/543 544/544
f 545/545 546/546 547/547
f 552/552 548/548 544/544
f 541/541 544/544 836/836
f 837/837 545/545 544/544
f 836/836 545/545 548/548
f 552/552 549/549 550/550
f 542/542 551/551 550/550
f 543/543 542/542 535/535
f 534/534 553/553 536/536
f 538/538 554/554 537/537
f 555/555 539/539 838/838
f 557/557 560/560 839/839
f 841/841 556/556 561/561
f 561/561 562/562 565/565
f 565/565 567/567 562/562
f 562/562 566/566 842/842
f 842/842 845/845 846/846
f 846/846 567/567 570/570
f 572/572 571/571 573/573
f 577/577 575/575 570/570
f 849/849 570/570 573/573
f 574/574 572/572 570/570
f 573/573 572/572 575/575
f 577/577 574/574 576/576
f 852/852 850/850 579/579
f 853/853 578/578 575/575
f 580/580 575/575 576/576
f 580/580 581/581 577/577
f 583/583 582/582 576/576
f 583/583 569/569 854/854
f 848/848 585/585 574/574
f 584/584 572/572 585/585
f 584/584 585/585 571/571
f 585/585 587/587 588/588
f 587/587 585/585 584/584
f 588/588 585/585 639/639
f 638/638 637/637 607/607
f 609/609 636/636 855/855
f 613/613 596/596 635/635
f 608/608 604/604 598/598
f 596/596 613/613 641/641
f 640/640 633/633 598/598
f 611/611 604/604 635/635
f 636/636 609/609 610/610
f 609/609 607/607 595/595
f 855/855 596/596 608/608
f 608/608 610/610 607/607
f 606/606 597/597 608/608
f 609/609 610/610 856/856
f 606/606 610/610 640/640
f 643/643 634/634 611/611
f 598/598 612/612 613/613
f 612/612 598/598 857/857
f 632/632 613/613 612/612
f 613/613 632/632 624/624
f 622/622 623/623 618/618
f 623/623 622/622 858/858
f 617/617 858/858 629/629
f 621/621 626/626 614/614
f 629/629 620/620 631/631
f 614/614 619/619 620/620
f 615/615 621/621 623/623
f 616/616 615/615 620/620
f 623/623 615/615 631/631
f 625/625 627/627 624/624
f 623/623 620/620 631/631
f 627/627 626/626 630/630
f 626/626 627/627 620/620
f 628/628 624/624 626/626
f 630/630 629/629 628/628
f 628/628 620/620 859/859
f 625/625 859/859 624/624
f 622/622 624/624 627/627
f 592/592 630/630 593/593
f 630/630 592/592 628/628
f 624/624 628/628 630/630
f 593/593 594/594 630/630
f 594/594 628/628 619/619
f 625/625 631/631 614/614
f 631/631 626/626 616/616
f 623/623 618/618 625/625
f 619/619 617/617 861/861
f 641/641 632/632 611/611
f 612/612 633/633 632/632
f 633/633 612/612 642/642
f 643/643 602/602 633/633
f 634/634 611/611 609/609
f 611/611 635/635 642/642
f 639/639 636/636 613/613
f 855/855 857/857 636/636
f 637/637 607/607 639/639
f 599/599 638/638 600/600
f 599/599 639/639 632/632
f 857/857 861/861 641/641
f 603/603 640/640 601/601
f 603/603 641/641 634/634
f 633/633 640/640 636/636
f 635/635 642/642 640/640
f 605/605 643/643 603/603
f 605/605 640/640 643/643
f 605/605 602/602 861/861
f 601/601 641/641 862/862
f 601/601 861/861 633/633
f 632/632 641/641 642/642
f 634/634 643/643 635/635
f 600/600 639/639 602/602
f 600/600 642/642 637/637
f 636/636 639/639 863/863
f 864/864 644/644 865/865
f 866/866 644/644 867/867
f 865/865 644/644 868/868
f 867/867 644/644 866/866
f 863/863 644/644 864/864
f 868/868 644/644 645/645
f 870/870 645/645 647/647
f 873/873 647/647 646/646
f 869/869 646/646 648/648
f 874/874 648/648 650/650
f 876/876 650/650 649/649
f 875/875 649/649 877/877
f 653/653 877/877 879/879
f 879/879 651/651 882/882
f 884/884 882/882 883/883
f 656/656 883/883 654/654
f 884/884 654/654 871/871
f 886/886 871/871 646/646
f 888/888 646/646 650/650
f 890/890 650/650 649/649
f 889/889 649/649 647/647
f 885/885 647/647 648/648
f 891/891 648/648 892/892
f 893/893 658/658 659/659
f 661/661 660/660 662/662
f 664/664 663/663 665/665
f 663/663 666/666 664/664
f 668/668 667/667 669/669
f 664/664 662/662 659/659
f 671/671 670/670 894/894
f 672/672 659/659 673/673
f 675/675 674/674 673/673
f 674/674 895/895 659/659
f 676/676 671/671 670/670
f 658/658 670/670 659/659
f 670/670 661/661 674/674
f 669/669 897/897 672/672
f 663/663 665/665 675/675
f 667/667 674/674 668/668
f 674/674 667/667 895/895
f 897/897 898/898 660/660
f 894/894 659/659 672/672
f 665/665 676/676 669/669
f 895/895 674/674 893/893
f 661/661 670/670 658/658
f 893/893 670/670 660/660
f 660/660 901/901 663/663
f 662/662 663/663 669/669
f 657/657 903/903 894/894
f 663/663 894/894 660/660
f 677/677 894/894 678/678
f 894/894 677/677 669/669
f 903/903 899/899 904/904
f 899/899 903/903 664/664
f 674/674 668/668 667/667
f 666/666 663/663 893/893
f 901/901 661/661 660/660
f 661/661 901/901 659/659
f 672/672 676/676 894/894
f 663/663 672/672 675/675
f 681/681 667/667 697/697
f 667/667 681/681 671/671
f 700/700 701/701 699/699
f 665/665 698/698 697/697
f 667/667 697/697 905/905
f 682/682 688/688 681/681
f 675/675 905/905 698/698
f 685/685 689/689 683/683
f 700/700 684/684 699/699
f 684/684 700/700 688/688
f 687/687 681/681 697/697
f 681/681 687/687 697/697
f 687/687 685/685 689/689
f 685/685 687/687 689/689
f 686/686 698/698 688/688
f 681/681 905/905 684/684
f 686/686 694/694 693/693
f 694/694 686/686 687/687
f 688/688 690/690 692/692
f 690/690 688/688 687/687
f 690/690 689/689 691/691
f 689/689 690/690 692/692
f 696/696 679/679 683/683
f 695/695 906/906 907/907
f 906/906 695/695 694/694
f 695/695 684/684 683/683
f 684/684 695/695 689/689
f 680/680 693/693 686/686
f 691/691 693/693 692/692
f 688/688 682/682 690/690
f 690/690 702/702 682/682
f 696/696 692/692 679/679
f 690/690 692/692 686/686
f 684/684 698/698 666/666
f 685/685 665/665 683/683
f 906/906 701/701 698/698
f 684/684 699/699 665/665
f 685/685 698/698 676/676
f 699/699 671/671 676/676
f 665/665 699/699 700/700
f 683/683 701/701 700/700
f 671/671 699/699 673/673
f 905/905 675/675 671/671
f 701/701 896/896 702/702
f 690/690 679/679 657/657
f 669/669 662/662 705/705
f 908/908 909/909 704/704
f 912/912 910/910 913/913
f 703/703 913/913 914/914
f 928/928 929/929 930/930
f 931/931 930/930 929/929
f 933/933 934/934 927/927
f 934/934 937/937 983/983
f 930/930 931/931 936/936
f 927/927 938/938 933/933
f 938/938 927/927 925/925
f 932/932 938/938 925/925
f 938/938 932/932 939/939
f 1054/1054 939/939 932/932
f 939/939 1054/1054 1055/1055
f 937/937 930/930 936/936
f 1073/1073 976/976 975/975
f 1074/1074 935/935 926/926
f 1075/1075 978/978 977/977
f 977/977 1076/1076 1075/1075
f 979/979 976/976 985/985
f 926/926 985/985 1073/1073
f 977/977 980/980 1077/1077
f 1077/1077 1076/1076 977/977
f 980/980 986/986 1077/1077
f 985/985 1078/1078 979/979
f 981/981 978/978 1075/1075
f 1075/1075 1079/1079 981/981
f 975/975 982/982 1074/1074
f 976/976 1073/1073 985/985
f 926/926 1073/1073 1074/1074
f 1080/1080 1074/1074 982/982
f 975/975 1074/1074 1073/1073
f 988/988 935/935 1074/1074
f 1074/1074 1080/1080 984/984
f 1079/1079 1075/1075 1081/1081
f 1082/1082 1077/1077 986/986
f 927/927 934/934 983/983
f 983/983 937/937 936/936
f 924/924 1078/1078 985/985
f 985/985 926/926 924/924
f 1083/1083 979/979 1078/1078
f 1084/1084 987/987 1085/1085
f 1086/1086 987/987 1087/1087
f 1085/1085 987/987 1088/1088
f 1089/1089 987/987 1086/1086
f 1088/1088 987/987 1090/1090
f 1091/1091 987/987 1084/1084
f 1092/1092 987/987 1091/1091
f 1087/1087 987/987 1092/1092
f 1090/1090 987/987 1089/1089
f 984/984 988/988 1074/1074
f 993/993 995/995 994/994
f 996/996 994/994 995/995
f 998/998 992/992 999/999
f 999/999 1048/1048 1002/1002
f 995/995 1001/1001 996/996
f 992/992 998/998 1003/1003
f 1003/1003 990/990 992/992
f 997/997 990/990 1003/1003
f 1003/1003 1004/1004 997/997
f 1093/1093 997/997 1004/1004
f 1004/1004 1094/1094 1093/1093
f 1002/1002 1001/1001 995/995
f 1112/1112 1040/1040 1041/1041
f 1113/1113 991/991 1000/1000
f 1114/1114 1042/1042 1043/1043
f 1042/1042 1114/1114 1115/1115
f 1044/1044 1050/1050 1041/1041
f 991/991 1112/1112 1050/1050
f 1042/1042 1116/1116 1045/1045
f 1116/1116 1042/1042 1115/1115
f 1045/1045 1116/1116 1051/1051
f 1050/1050 1044/1044 1117/1117
f 1046/1046 1114/1114 1043/1043
f 1114/1114 1046/1046 1118/1118
f 1040/1040 1113/1113 1047/1047
f 1041/1041 1050/1050 1112/1112
f 991/991 1113/1113 1112/1112
f 1119/1119 1047/1047 1113/1113
f 1040/1040 1112/1112 1113/1113
f 1053/1053 1113/1113 1000/1000
f 1113/1113 1049/1049 1119/1119
f 1118/1118 1120/1120 1114/1114
f 1121/1121 1051/1051 1116/1116
f 992/992 1048/1048 999/999
f 1048/1048 1001/1001 1002/1002
f 989/989 1050/1050 1117/1117
f 1050/1050 989/989 991/991
f 1122/1122 1117/1117 1044/1044
f 1123/1123 1124/1124 1052/1052
f 1125/1125 1126/1126 1052/1052
f 1124/1124 1127/1127 1052/1052
f 1128/1128 1125/1125 1052/1052
f 1127/1127 1129/1129 1052/1052
f 1130/1130 1123/1123 1052/1052
f 1131/1131 1130/1130 1052/1052
f 1126/1126 1131/1131 1052/1052
f 1129/1129 1128/1128 1052/1052
f 1049/1049 1113/1113 1053/1053
f 972/972 944/944 947/947
f 938/938 948/948 952/952
f 951/951 948/948 947/947
f 948/948 951/951 955/955
f 954/954 948/948 944/944
f 937/937 934/934 970/970
f 946/946 944/944 947/947
f 953/953 946/946 970/970
f 933/933 947/947 948/948
f 938/938 955/955 939/939
f 955/955 938/938 958/958
f 957/957 955/955 959/959
f 940/940 959/959 956/956
f 959/959 960/960 969/969
f 973/973 1056/1056 971/971
f 928/928 971/971 958/958
f 955/955 939/939 962/962
f 965/965 964/964 966/966
f 964/964 965/965 1056/1056
f 956/956 960/960 941/941
f 943/943 950/950 972/972
f 956/956 944/944 972/972
f 943/943 942/942 968/968
f 953/953 947/947 944/944
f 930/930 937/937 971/971
f 944/944 956/956 940/940
f 940/940 941/941 959/959
f 940/940 1058/1058 1057/1057
f 1058/1058 940/940 960/960
f 960/960 959/959 969/969
f 960/960 1059/1059 949/949
f 953/953 1060/1060 1061/1061
f 1060/1060 953/953 950/950
f 950/950 949/949 941/941
f 950/950 967/967 1062/1062
f 967/967 950/950 1063/1063
f 962/962 963/963 1064/1064
f 1064/1064 1066/1066 957/957
f 952/952 948/948 1064/1064
f 1068/1068 1066/1066 939/939
f 1055/1055 958/958 938/938
f 947/947 933/933 970/970
f 947/947 946/946 966/966
f 965/965 1069/1069 1070/1070
f 1069/1069 965/965 1061/1061
f 953/953 968/968 947/947
f 951/951 1071/1071 1056/1056
f 960/960 969/969 940/940
f 942/942 943/943 946/946
f 953/953 949/949 945/945
f 946/946 949/949 934/934
f 933/933 970/970 934/934
f 970/970 944/944 930/930
f 928/928 930/930 942/942
f 956/956 972/972 943/943
f 972/972 945/945 943/943
f 945/945 950/950 949/949
f 950/950 945/945 940/940
f 943/943 941/941 974/974
f 974/974 1065/1065 947/947
f 1071/1071 968/968 1056/1056
f 973/973 1072/1072 1037/1037
f 1009/1009 1037/1037 1012/1012
f 1013/1013 1003/1003 1017/1017
f 1013/1013 1016/1016 1012/1012
f 1016/1016 1013/1013 1020/1020
f 1013/1013 1019/1019 1009/1009
f 999/999 1002/1002 1035/1035
f 1009/1009 1011/1011 1012/1012
f 1011/1011 1018/1018 1035/1035
f 1012/1012 998/998 1013/1013
f 1020/1020 1003/1003 1004/1004
f 1003/1003 1020/1020 1023/1023
f 1020/1020 1022/1022 1024/1024
f 1024/1024 1005/1005 1021/1021
f 1025/1025 1024/1024 1034/1034
f 1095/1095 1038/1038 1036/1036
f 1036/1036 993/993 1023/1023
f 1004/1004 1020/1020 1027/1027
f 1029/1029 1030/1030 1031/1031
f 1030/1030 1029/1029 1095/1095
f 1025/1025 1021/1021 1006/1006
f 1015/1015 1008/1008 1037/1037
f 1009/1009 1021/1021 1037/1037
f 1007/1007 1008/1008 1033/1033
f 1012/1012 1018/1018 1009/1009
f 1002/1002 995/995 1036/1036
f 1021/1021 1009/1009 1005/1005
f 1006/1006 1005/1005 1024/1024
f 1097/1097 1005/1005 1096/1096
f 1005/1005 1097/1097 1025/1025
f 1024/1024 1025/1025 1034/1034
f 1098/1098 1025/1025 1014/1014
f 1099/1099 1018/1018 1100/1100
f 1018/1018 1099/1099 1015/1015
f 1014/1014 1015/1015 1006/1006
f 1032/1032 1015/1015 1101/1101
f 1015/1015 1032/1032 1102/1102
f 1028/1028 1027/1027 1103/1103
f 1105/1105 1103/1103 1022/1022
f 1013/1013 1017/1017 1103/1103
f 1105/1105 1107/1107 1004/1004
f 1023/1023 1094/1094 1003/1003
f 998/998 1012/1012 1035/1035
f 1011/1011 1012/1012 1031/1031
f 1108/1108 1030/1030 1109/1109
f 1030/1030 1108/1108 1100/1100
f 1033/1033 1018/1018 1012/1012
f 1110/1110 1016/1016 1095/1095
f 1034/1034 1025/1025 1005/1005
f 1008/1008 1007/1007 1011/1011
f 1014/1014 1018/1018 1010/1010
f 1014/1014 1011/1011 999/999
f 1035/1035 998/998 999/999
f 1009/1009 1035/1035 995/995
f 995/995 993/993 1007/1007
f 1037/1037 1021/1021 1008/1008
f 1010/1010 1037/1037 1008/1008
f 1015/1015 1010/1010 1014/1014
f 1010/1010 1015/1015 1005/1005
f 1006/1006 1008/1008 1039/1039
f 1104/1104 1039/1039 1012/1012
f 1033/1033 1110/1110 1095/1095
f 1133/1133 1146/1146 1135/1135
f 1146/1146 1167/1167 1139/1139
f 1146/1146 1139/1139 1135/1135
f 1138/1138 1134/1134 1136/1136
f 1167/1167 1146/1146 1158/1158
f 1294/1294 1148/1148 1147/1147
f 1142/1142 1143/1143 1149/1149
f 1149/1149 1150/1150 1142/1142
f 1143/1143 1140/1140 1149/1149
f 1148/1148 1149/1149 1140/1140
f 1147/1147 1148/1148 1140/1140
f 1150/1150 1149/1149 1145/1145
f 1145/1145 1144/1144 1150/1150
f 1145/1145 1148/1148 1295/1295
f 1294/1294 1295/1295 1148/1148
f 1147/1147 1174/1174 1156/1156
f 1157/1157 1135/1135 1171/1171
f 1296/1296 1152/1152 1153/1153
f 1137/1137 1151/1151 1153/1153
f 1151/1151 1141/1141 1153/1153
f 1154/1154 1297/1297 1298/1298
f 1298/1298 1155/1155 1154/1154
f 1155/1155 1298/1298 1138/1138
f 1138/1138 1152/1152 1155/1155
f 1136/1136 1137/1137 1152/1152
f 1137/1137 1153/1153 1152/1152
f 1296/1296 1299/1299 1155/1155
f 1155/1155 1152/1152 1296/1296
f 1299/1299 1300/1300 1154/1154
f 1154/1154 1155/1155 1299/1299
f 1138/1138 1136/1136 1152/1152
f 1171/1171 1135/1135 1139/1139
f 1297/1297 1154/1154 1301/1301
f 1296/1296 1153/1153 1141/1141
f 1301/1301 1302/1302 1297/1297
f 1145/1145 1149/1149 1148/1148
f 1163/1163 1176/1176 1164/1164
f 1176/1176 1163/1163 1170/1170
f 1137/1137 1168/1168 1151/1151
f 1137/1137 1135/1135 1157/1157
f 1147/1147 1132/1132 1294/1294
f 1147/1147 1158/1158 1132/1132
f 1147/1147 1177/1177 1167/1167
f 1177/1177 1147/1147 1156/1156
f 1140/1140 1174/1174 1147/1147
f 1174/1174 1140/1140 1303/1303
f 1141/1141 1151/1151 1159/1159
f 1159/1159 1160/1160 1141/1141
f 1304/1304 1174/1174 1303/1303
f 1174/1174 1304/1304 1175/1175
f 1305/1305 1159/1159 1163/1163
f 1159/1159 1305/1305 1160/1160
f 1306/1306 1175/1175 1304/1304
f 1175/1175 1306/1306 1307/1307
f 1165/1165 1173/1173 1179/1179
f 1173/1173 1165/1165 1166/1166
f 1178/1178 1156/1156 1161/1161
f 1156/1156 1178/1178 1177/1177
f 1308/1308 1161/1161 1309/1309
f 1161/1161 1308/1308 1178/1178
f 1146/1146 1133/1133 1158/1158
f 1132/1132 1158/1158 1133/1133
f 1147/1147 1167/1167 1158/1158
f 1168/1168 1159/1159 1151/1151
f 1159/1159 1168/1168 1169/1169
f 1169/1169 1163/1163 1159/1159
f 1163/1163 1169/1169 1170/1170
f 1157/1157 1172/1172 1162/1162
f 1172/1172 1157/1157 1171/1171
f 1162/1162 1173/1173 1166/1166
f 1173/1173 1162/1162 1172/1172
f 1310/1310 1311/1311 1312/1312
f 1311/1311 1310/1310 1313/1313
f 1314/1314 1311/1311 1315/1315
f 1311/1311 1314/1314 1312/1312
f 1316/1316 1317/1317 1318/1318
f 1317/1317 1316/1316 1319/1319
f 1320/1320 1317/1317 1321/1321
f 1317/1317 1320/1320 1318/1318
f 1322/1322 1323/1323 1324/1324
f 1323/1323 1322/1322 1325/1325
f 1323/1323 1326/1326 1327/1327
f 1326/1326 1323/1323 1325/1325
f 1188/1188 1157/1157 1185/1185
f 1157/1157 1188/1188 1168/1168
f 1189/1189 1185/1185 1187/1187
f 1185/1185 1189/1189 1188/1188
f 1183/1183 1167/1167 1182/1182
f 1167/1167 1183/1183 1139/1139
f 1183/1183 1171/1171 1139/1139
f 1171/1171 1183/1183 1190/1190
f 1180/1180 1182/1182 1181/1181
f 1182/1182 1180/1180 1183/1183
f 1180/1180 1190/1190 1183/1183
f 1190/1190 1180/1180 1191/1191
f 1156/1156 1192/1192 1184/1184
f 1192/1192 1156/1156 1174/1174
f 1184/1184 1193/1193 1186/1186
f 1193/1193 1184/1184 1192/1192
f 1328/1328 1189/1189 1187/1187
f 1189/1189 1328/1328 1329/1329
f 1177/1177 1182/1182 1167/1167
f 1182/1182 1177/1177 1194/1194
f 1194/1194 1181/1181 1182/1182
f 1181/1181 1194/1194 1195/1195
f 1330/1330 1180/1180 1331/1331
f 1180/1180 1330/1330 1191/1191
f 1332/1332 1333/1333 1334/1334
f 1333/1333 1332/1332 1335/1335
f 1333/1333 1314/1314 1315/1315
f 1314/1314 1333/1333 1335/1335
f 1336/1336 1337/1337 1338/1338
f 1337/1337 1336/1336 1339/1339
f 1337/1337 1320/1320 1321/1321
f 1320/1320 1337/1337 1339/1339
f 1340/1340 1341/1341 1342/1342
f 1341/1341 1340/1340 1343/1343
f 1326/1326 1341/1341 1327/1327
f 1341/1341 1326/1326 1342/1342
f 1168/1168 1137/1137 1157/1157
f 1196/1196 1132/1132 1133/1133
f 1132/1132 1196/1196 1198/1198
f 1201/1201 1136/1136 1344/1344
f 1136/1136 1201/1201 1200/1200
f 1135/1135 1199/1199 1133/1133
f 1200/1200 1137/1137 1136/1136
f 1135/1135 1137/1137 1209/1209
f 1198/1198 1294/1294 1132/1132
f 1134/1134 1344/1344 1136/1136
f 1135/1135 1209/1209 1199/1199
f 1197/1197 1133/1133 1199/1199
f 1133/1133 1197/1197 1196/1196
f 1212/1212 1202/1202 1198/1198
f 1212/1212 1196/1196 1203/1203
f 1344/1344 1204/1204 1201/1201
f 1204/1204 1344/1344 1345/1345
f 1201/1201 1205/1205 1200/1200
f 1205/1205 1201/1201 1204/1204
f 1199/1199 1206/1206 1197/1197
f 1206/1206 1199/1199 1207/1207
f 1200/1200 1205/1205 1211/1211
f 1197/1197 1203/1203 1196/1196
f 1203/1203 1197/1197 1206/1206
f 1199/1199 1208/1208 1210/1210
f 1200/1200 1208/1208 1209/1209
f 1199/1199 1209/1209 1208/1208
f 1137/1137 1200/1200 1209/1209
f 1199/1199 1210/1210 1207/1207
f 1200/1200 1211/1211 1208/1208
f 1198/1198 1196/1196 1212/1212
f 1214/1214 1216/1216 1227/1227
f 1227/1227 1220/1220 1248/1248
f 1227/1227 1216/1216 1220/1220
f 1219/1219 1217/1217 1215/1215
f 1248/1248 1239/1239 1227/1227
f 1346/1346 1228/1228 1229/1229
f 1223/1223 1230/1230 1224/1224
f 1230/1230 1223/1223 1231/1231
f 1224/1224 1230/1230 1221/1221
f 1229/1229 1221/1221 1230/1230
f 1228/1228 1221/1221 1229/1229
f 1231/1231 1226/1226 1230/1230
f 1226/1226 1231/1231 1225/1225
f 1226/1226 1347/1347 1229/1229
f 1346/1346 1229/1229 1347/1347
f 1228/1228 1237/1237 1255/1255
f 1238/1238 1252/1252 1216/1216
f 1348/1348 1234/1234 1233/1233
f 1218/1218 1234/1234 1232/1232
f 1232/1232 1234/1234 1222/1222
f 1235/1235 1349/1349 1350/1350
f 1349/1349 1235/1235 1236/1236
f 1236/1236 1219/1219 1349/1349
f 1219/1219 1236/1236 1233/1233
f 1217/1217 1233/1233 1218/1218
f 1218/1218 1233/1233 1234/1234
f 1348/1348 1236/1236 1351/1351
f 1236/1236 1348/1348 1233/1233
f 1351/1351 1235/1235 1352/1352
f 1235/1235 1351/1351 1236/1236
f 1219/1219 1233/1233 1217/1217
f 1252/1252 1220/1220 1216/1216
f 1350/1350 1353/1353 1235/1235
f 1348/1348 1222/1222 1234/1234
f 1353/1353 1350/1350 1354/1354
f 1226/1226 1229/1229 1230/1230
f 1244/1244 1245/1245 1257/1257
f 1257/1257 1251/1251 1244/1244
f 1218/1218 1232/1232 1249/1249
f 1218/1218 1238/1238 1216/1216
f 1228/1228 1346/1346 1213/1213
f 1228/1228 1213/1213 1239/1239
f 1228/1228 1248/1248 1258/1258
f 1258/1258 1237/1237 1228/1228
f 1221/1221 1228/1228 1255/1255
f 1255/1255 1355/1355 1221/1221
f 1222/1222 1240/1240 1232/1232
f 1240/1240 1222/1222 1241/1241
f 1356/1356 1355/1355 1255/1255
f 1255/1255 1256/1256 1356/1356
f 1357/1357 1244/1244 1240/1240
f 1240/1240 1241/1241 1357/1357
f 1358/1358 1356/1356 1256/1256
f 1256/1256 1359/1359 1358/1358
f 1246/1246 1260/1260 1254/1254
f 1254/1254 1247/1247 1246/1246
f 1259/1259 1242/1242 1237/1237
f 1237/1237 1258/1258 1259/1259
f 1360/1360 1361/1361 1242/1242
f 1242/1242 1259/1259 1360/1360
f 1227/1227 1239/1239 1214/1214
f 1213/1213 1214/1214 1239/1239
f 1228/1228 1239/1239 1248/1248
f 1249/1249 1232/1232 1240/1240
f 1240/1240 1250/1250 1249/1249
f 1250/1250 1240/1240 1244/1244
f 1244/1244 1251/1251 1250/1250
f 1238/1238 1243/1243 1253/1253
f 1253/1253 1252/1252 1238/1238
f 1243/1243 1247/1247 1254/1254
f 1254/1254 1253/1253 1243/1243
f 1362/1362 1363/1363 1364/1364
f 1364/1364 1365/1365 1362/1362
f 1366/1366 1367/1367 1364/1364
f 1364/1364 1363/1363 1366/1366
f 1368/1368 1369/1369 1370/1370
f 1370/1370 1371/1371 1368/1368
f 1372/1372 1373/1373 1370/1370
f 1370/1370 1369/1369 1372/1372
f 1374/1374 1375/1375 1376/1376
f 1376/1376 1377/1377 1374/1374
f 1376/1376 1378/1378 1379/1379
f 1379/1379 1377/1377 1376/1376
f 1269/1269 1266/1266 1238/1238
f 1238/1238 1249/1249 1269/1269
f 1270/1270 1268/1268 1266/1266
f 1266/1266 1269/1269 1270/1270
f 1264/1264 1263/1263 1248/1248
f 1248/1248 1220/1220 1264/1264
f 1264/1264 1220/1220 1252/1252
f 1252/1252 1271/1271 1264/1264
f 1261/1261 1262/1262 1263/1263
f 1263/1263 1264/1264 1261/1261
f 1261/1261 1264/1264 1271/1271
f 1271/1271 1272/1272 1261/1261
f 1237/1237 1265/1265 1273/1273
f 1273/1273 1255/1255 1237/1237
f 1265/1265 1267/1267 1274/1274
f 1274/1274 1273/1273 1265/1265
f 1380/1380 1268/1268 1270/1270
f 1270/1270 1381/1381 1380/1380
f 1258/1258 1248/1248 1263/1263
f 1263/1263 1275/1275 1258/1258
f 1275/1275 1263/1263 1262/1262
f 1262/1262 1276/1276 1275/1275
f 1382/1382 1383/1383 1261/1261
f 1261/1261 1272/1272 1382/1382
f 1384/1384 1385/1385 1386/1386
f 1386/1386 1387/1387 1384/1384
f 1386/1386 1367/1367 1366/1366
f 1366/1366 1387/1387 1386/1386
f 1388/1388 1389/1389 1390/1390
f 1390/1390 1391/1391 1388/1388
f 1390/1390 1373/1373 1372/1372
f 1372/1372 1391/1391 1390/1390
f 1392/1392 1393/1393 1394/1394
f 1394/1394 1395/1395 1392/1392
f 1379/1379 1378/1378 1394/1394
f 1394/1394 1393/1393 1379/1379
f 1249/1249 1238/1238 1218/1218
f 1277/1277 1214/1214 1213/1213
f 1213/1213 1279/1279 1277/1277
f 1282/1282 1396/1396 1217/1217
f 1217/1217 1281/1281 1282/1282
f 1216/1216 1214/1214 1280/1280
f 1281/1281 1217/1217 1218/1218
f 1216/1216 1290/1290 1218/1218
f 1279/1279 1213/1213 1346/1346
f 1215/1215 1217/1217 1396/1396
f 1216/1216 1280/1280 1290/1290
f 1278/1278 1280/1280 1214/1214
f 1214/1214 1277/1277 1278/1278
f 1293/1293 1279/1279 1283/1283
f 1293/1293 1284/1284 1277/1277
f 1396/1396 1282/1282 1285/1285
f 1285/1285 1397/1397 1396/1396
f 1282/1282 1281/1281 1286/1286
f 1286/1286 1285/1285 1282/1282
f 1280/1280 1278/1278 1287/1287
f 1287/1287 1288/1288 1280/1280
f 1281/1281 1292/1292 1286/1286
f 1278/1278 1277/1277 1284/1284
f 1284/1284 1287/1287 1278/1278
f 1280/1280 1291/1291 1289/1289
f 1281/1281 1290/1290 1289/1289
f 1280/1280 1289/1289 1290/1290
f 1218/1218 1290/1290 1281/1281
f 1280/1280 1288/1288 1291/1291
f 1281/1281 1289/1289 1292/1292
f 1279/1279 1293/1293 1277/1277
