# MOD converted: npc_cook01.mod
# 1729 verts, 2059 faces

v 92.817688 5.221762 -48.243690
v 96.572586 7.533292 -45.628487
v 92.772888 -0.168938 -50.570679
v 100.195770 5.665716 -48.018120
v 96.520889 -3.080159 -50.401733
v 100.354172 -0.967562 -49.150177
v 88.451233 -5.416106 -60.077293
v 92.777496 8.124981 -54.452522
v 91.294266 -5.038784 -57.939819
v 90.325470 -5.350363 -57.969688
v 85.459526 -8.463109 -56.155762
v 88.364052 -7.338009 -55.357250
v 82.964592 -9.339881 -52.189251
v 85.616699 -7.947539 -52.173119
v 94.568405 8.554029 -52.646553
v 90.488342 1.335204 -53.457764
v 88.292862 -3.726657 -54.570625
v 86.119064 -4.883235 -56.567192
v 84.090057 -7.119271 -60.253128
v 93.555817 -5.233363 -51.395866
v 92.685852 -6.752774 -54.617237
v 93.840179 -4.997132 -57.131531
v 84.637520 -10.738987 -53.792603
v 88.272705 -9.424593 -58.706200
v 90.390228 1.367314 -61.088066
v 94.014000 1.486976 -50.247482
v 91.420242 8.125898 -64.128906
v 90.234634 -5.249957 -62.025253
v 87.708565 -5.225891 -62.696819
v 87.560905 1.530017 -64.803261
v 90.311081 1.523535 -67.823647
v 86.402016 -5.113388 -65.167030
v 85.152565 -5.109599 -66.021988
v 84.934532 1.426413 -68.720833
v 86.142654 1.384360 -57.749290
v 89.714310 8.107555 -60.727310
v 93.951401 -1.738541 -64.525185
v 90.368042 -2.174083 -68.310654
v 86.241722 -2.530066 -60.455971
v 93.531158 5.137634 -64.454781
v 90.170807 4.489349 -68.226349
v 86.261208 4.028660 -58.530251
v 90.488571 -1.879651 -62.366344
v 87.633537 -2.204222 -65.662003
v 85.006592 -2.444182 -58.285446
v 90.179733 4.830725 -62.429909
v 87.489113 4.357042 -65.547958
v 85.084923 3.996778 -66.393013
v 86.566124 7.004480 -63.883198
v 85.406708 6.945979 -61.097176
v 87.991882 7.567647 -63.221218
v 90.052399 7.671075 -62.856903
v 87.582680 1.253468 -64.963364
v 90.332870 1.246986 -66.748367
v 84.166191 0.965970 -69.643135
v 85.585442 0.923918 -64.778893
v 90.371460 -1.798304 -69.482613
v 85.661720 -1.839958 -63.738792
v 90.303635 4.980908 -66.816154
v 86.708832 4.721634 -62.620056
v 87.636932 -1.828442 -66.577393
v 84.231056 -1.754072 -61.599216
v 87.969276 4.741573 -64.334740
v 85.500977 4.630060 49.391708
v 102.832596 7.296440 51.040424
v 95.487694 10.472641 46.216610
v 97.888901 9.844675 60.703480
v 93.298256 9.948119 57.560570
v 89.031204 9.926816 45.908829
v 97.818359 -4.636956 42.648281
v 92.704376 -0.664708 47.344803
v 88.009293 -6.606201 48.686283
v 91.638977 9.949241 51.619205
v 90.499710 1.647446 52.610931
v 87.815681 -4.540806 53.971436
v 85.158157 -5.954751 55.909302
v 87.902710 -8.955775 58.126873
v 84.351860 -10.331239 56.412289
v 82.677650 -8.688361 53.827049
v 91.484970 -6.144916 51.060146
v 84.544006 -9.700938 54.933102
v 81.301735 -11.403111 58.730408
v 89.857529 1.686703 58.515312
v 89.977753 -2.282795 61.166412
v 94.219627 6.296014 61.939163
v 94.809914 1.832992 54.028408
v 94.597412 -6.093995 50.090210
v 93.186218 -8.240313 60.918434
v 94.249771 -6.382791 49.161186
v 103.048737 -1.754403 57.793499
v 89.778351 -6.525827 57.102207
v 83.346931 -13.113554 53.020283
v 87.791031 -11.506676 66.015900
v 83.976593 -6.101452 68.650009
v 82.850021 -2.129270 69.263664
v 85.504074 -6.106084 72.201714
v 84.599045 -2.234268 61.498138
v 94.733383 -2.110283 42.995296
v 92.765503 6.690686 58.216026
v 89.600204 5.920808 66.416840
v 90.602829 -6.403076 62.834084
v 86.745636 -6.373656 63.561249
v 86.658066 -2.220189 68.486557
v 83.091408 6.101806 71.757889
v 84.701996 6.140781 68.859032
v 82.770721 1.196049 72.397957
v 84.505791 1.144622 63.850796
v 86.591736 1.547522 63.328793
v 86.477348 5.341721 67.211456
v 90.770096 -2.183344 67.436981
v 90.722916 1.539594 66.815231
v 90.524788 5.503468 61.699486
v 87.091995 9.731002 65.307159
v 90.380035 9.857447 65.356293
v 84.287285 9.491616 68.424599
v 85.704704 9.563136 46.453358
v 105.208832 7.296441 43.278275
v 100.265182 9.844676 46.222836
v 105.424973 -1.754402 39.835705
v 94.682159 6.690685 42.970478
v 100.194611 -4.636956 39.488686
v 94.621025 -0.664711 -45.628487
v 92.772888 -0.168938 -49.150177
v 88.451233 -5.416106 -54.452522
v 91.294266 -5.038784 -52.189251
v 85.616699 -7.947539 -55.357250
v 82.964592 -9.339881 -56.155762
v 88.364052 -7.338009 -57.969688
v 85.459526 -8.463109 -57.969688
v 85.459526 -8.463109 -56.567192
v 84.090057 -7.119271 -50.247482
v 91.420242 8.125898 -57.749290
v 89.714310 8.107555 -57.939819
v 90.325470 -5.350363 -62.025253
v 87.708565 -5.225891 -65.167030
v 85.152565 -5.109599 -65.167030
v 85.152565 -5.109599 -65.662003
v 85.006592 -2.444182 -65.547958
v 85.084923 3.996778 -66.021988
v 84.934532 1.426413 -45.882812
v 92.817688 5.221762 -65.662003
v 85.006592 -2.444182 -62.366344
v 87.633537 -2.204222 -64.525185
v 90.368042 -2.174083 -68.310654
v 86.241722 -2.530066 -58.530251
v 90.488571 -1.879651 -60.727310
v 93.951401 -1.738541 -65.547958
v 85.084923 3.996778 -62.429909
v 87.489113 4.357042 -64.454781
v 90.170807 4.489349 -68.226349
v 86.261208 4.028660 -58.285446
v 90.179733 4.830725 -60.455971
v 93.531158 5.137634 -66.021988
v 84.934532 1.426413 -68.720833
v 86.142654 1.384360 -64.803261
v 90.311081 1.523535 -62.696819
v 87.560905 1.530017 -61.088066
v 94.014000 1.486976 -58.706200
v 90.390228 1.367314 -66.748367
v 84.166191 0.965970 -66.577393
v 84.231056 -1.754072 -61.097176
v 87.991882 7.567647 -63.883198
v 85.406708 6.945979 -64.334740
v 85.500977 4.630060 -63.883198
v 85.406708 6.945979 -66.577393
v 84.231056 -1.754072 -69.482613
v 85.661720 -1.839958 -64.778893
v 90.371460 -1.798304 -62.620056
v 87.636932 -1.828442 -64.334740
v 85.500977 4.630060 -66.816154
v 86.708832 4.721634 -63.738792
v 90.303635 4.980908 -61.599216
v 87.969276 4.741573 -66.748367
v 84.166191 0.965970 -62.856903
v 87.582680 1.253468 -64.963364
v 90.332870 1.246986 -69.643135
v 85.585442 0.923918 42.648281
v 92.704376 -0.664708 47.344803
v 88.009293 -6.606201 53.827049
v 91.484970 -6.144916 54.933102
v 81.301735 -11.403111 51.060146
v 84.544006 -9.700938 55.909302
v 87.902710 -8.955775 58.126873
v 84.351860 -10.331239 58.126873
v 84.351860 -10.331239 56.412289
v 82.677650 -8.688361 48.686283
v 91.638977 9.949241 57.560570
v 89.031204 9.926816 57.793499
v 89.778351 -6.525827 62.834084
v 86.745636 -6.373656 66.015900
v 83.976593 -6.101452 66.015900
v 83.976593 -6.101452 68.650009
v 82.850021 -2.129270 68.486557
v 83.091408 6.101806 68.859032
v 82.770721 1.196049 42.995296
v 92.765503 6.690686 61.699486
v 87.091995 9.731002 65.356293
v 84.287285 9.491616 65.356293
v 84.287285 9.491616 42.995296
v 92.765503 6.690686 39.835705
v 94.682159 6.690685 0.394172
v 166.552826 3.067067 21.954811
v 164.778824 15.959074 15.194833
v 163.478806 25.396593 15.194735
v 169.627808 -19.262411 21.954756
v 168.327820 -9.824826 23.016993
v 175.611832 5.464434 19.933315
v 174.150818 16.829479 11.508636
v 172.274811 25.042803 11.508550
v 180.049805 -13.968504 19.933268
v 178.173828 -5.755201 29.620499
v 188.277817 8.191912 24.691338
v 186.418823 21.242262 14.801857
v 181.904816 32.696590 18.060755
v 195.188812 -14.568022 15.221652
v 188.140823 -13.766111 25.749571
v 184.152817 -5.049009 26.584898
v 179.983826 6.937590 21.701824
v 178.264832 19.146774 12.511243
v 175.296814 27.848404 19.277641
v 191.151825 -19.326221 31.012377
v 187.955841 -4.283816 31.354103
v 183.845825 8.138453 28.283527
v 179.036819 21.817961 15.202461
v 176.225815 34.064796 22.608812
v 193.425827 9.341457 13.115908
v 192.548813 9.226642 27.198383
v 193.730820 -2.463627 15.651771
v 198.685822 -8.888708 13.115949
v 185.901825 26.966196 17.886345
v 185.227814 -18.297522 26.918669
v 178.680817 -6.215785 24.264721
v 173.179840 19.057875 13.621246
v 173.283798 28.812595 28.508402
v 178.567825 6.853940 0.000083
v 166.549789 3.066649 0.000142
v 163.005783 29.921234 0.000028
v 170.100784 -23.786976 0.000043
v 181.824783 -16.810377 0.000172
v 180.972809 39.483730 0.000035
v 198.391785 -22.480778 0.000048
v 191.672791 -16.683777 0.000027
v 190.544785 -27.149776 0.000062
v 200.848785 -12.628378 0.000165
v 184.906784 34.672932 0.000030
v 183.144791 -24.593374 0.000088
v 197.499786 -0.330964 0.000089
v 197.464783 -0.232444 0.000143
v 171.592789 28.029129 0.000149
v 175.479797 31.306835 0.000156
v 170.413788 34.823227 0.000170
v 175.257797 38.579330 0.000135
v 190.698792 21.757427 0.000112
v 196.036789 10.060987 0.000135
v 190.659790 21.861227 -24.428915
v 166.552765 3.067187 -21.954592
v 164.778763 15.959186 -19.933079
v 174.150772 16.829578 -23.016806
v 175.611771 5.464558 -15.194567
v 163.478775 25.396671 -11.508366
v 172.274780 25.042860 -15.194670
v 169.627777 -19.262341 -21.954643
v 168.327759 -9.824720 -19.933132
v 178.173782 -5.755085 -11.508451
v 180.049789 -13.968447 -24.691065
v 186.418777 21.242390 -29.620295
v 188.277756 8.192060 -31.353897
v 183.845764 8.138617 -28.283268
v 179.036758 21.818098 -14.801538
v 181.904785 32.696667 -15.202142
v 176.225769 34.064869 -19.277559
v 191.151779 -19.326126 -18.060644
v 195.188782 -14.567930 -27.198217
v 193.730759 -2.463470 -31.012220
v 187.955750 -4.283612 -25.749428
v 184.152756 -5.048892 -15.221542
v 188.140778 -13.766043 -26.584702
v 179.983765 6.937729 -21.701574
v 178.264771 19.146883 -12.510953
v 175.296783 27.848465 -17.886250
v 185.227753 -18.297436 -26.918533
v 178.680756 -6.215621 -28.508200
v 178.567749 6.854091 -24.264475
v 173.179764 19.057989 -13.620955
v 173.283783 28.812668 -15.651630
v 198.685791 -8.888638 -22.608589
v 193.425766 9.341573 -13.115650
v 185.901794 26.966267 -13.115691
v 192.548798 9.226709 21.795158
v 163.119965 -6.449849 11.639062
v 166.885681 -16.721949 18.329943
v 164.491959 -13.154804 17.116636
v 171.070908 -10.068726 13.443039
v 158.088837 -17.668768 15.166739
v 151.296051 -17.121275 21.040365
v 146.845703 -10.605932 20.026907
v 157.198776 -13.710411 23.606363
v 156.243713 -4.853805 21.858978
v 165.362778 0.548549 15.723228
v 174.357819 -1.678361 8.981609
v 159.285065 -20.897688 2.825818
v 170.606461 -19.127529 3.875331
v 160.457458 -20.951019 23.059610
v 154.833618 2.843415 23.110296
v 148.995102 -3.084620 20.555124
v 150.004059 -12.408217 17.712273
v 156.774261 -7.668185 11.754371
v 165.630493 -15.058376 18.210461
v 162.351501 -12.571087 -3.777765
v 166.704117 -18.374712 13.670681
v 160.359619 -11.893063 0.000009
v 163.055618 -14.696153 10.770354
v 152.746307 -20.193048 13.762914
v 151.630035 -17.611601 21.452019
v 138.100601 -5.890341 22.938410
v 143.386032 -4.575259 17.128529
v 146.970932 -14.896147 19.550337
v 143.373322 -10.163027 9.610591
v 149.125656 -18.592318 13.914328
v 147.274994 -16.239689 6.710207
v 153.610550 -20.240910 -21.568851
v 164.291672 -6.112744 -9.111140
v 164.500732 -16.224663 -6.847019
v 175.533981 -11.285697 -16.014704
v 165.727631 -13.917521 -16.591894
v 171.629181 -7.590993 -13.671389
v 156.339279 -17.940565 -14.981468
v 150.896378 -16.194210 -19.137690
v 148.227722 -11.790055 -17.322281
v 157.198639 -13.858433 -22.792408
v 156.243530 -5.553516 -21.887688
v 165.362579 0.548562 -15.776330
v 174.357712 -1.678339 -0.938600
v 161.539200 -20.487679 -6.063416
v 167.133301 -15.943460 -23.069841
v 154.833435 2.843379 -23.114117
v 148.994949 -3.804751 -17.330000
v 150.816223 -13.281217 -17.712252
v 156.774200 -7.668196 -17.674042
v 162.140457 -12.114620 -13.670664
v 160.359573 -11.893067 -19.854383
v 138.054794 -8.186926 -15.311943
v 144.640869 -12.568146 5.177615
v 153.624176 -20.444481 2.797364
v 153.847031 -20.685890 5.538136
v 147.576889 -19.538046 -8.225236
v 167.038849 -12.421410 -8.714079
v 173.212494 -8.969585 -3.257917
v 178.928665 -13.635310 -22.753611
v 148.887802 -5.075527 -22.209627
v 158.049896 -10.618609 23.667625
v 148.800278 -4.100706 23.715912
v 148.507935 -7.958235 23.087027
v 156.447830 -9.936329 -7.582768
v 162.530640 -13.817266 -11.507348
v 162.239838 -17.787651 -22.820900
v 148.471130 -8.643561 -21.311987
v 142.992493 -5.877485 -12.334291
v 172.859772 -13.557285 -19.766153
v 163.262604 -13.470311 -22.669130
v 158.413452 -11.668066 -25.085527
v 150.677216 -8.288040 -17.151093
v 171.916245 -11.131166 -22.139509
v 166.472824 -10.320308 -24.856014
v 158.522919 -9.395788 12.455093
v 173.766022 -13.518634 17.462957
v 169.853882 -14.470488 17.320702
v 162.351761 -16.117065 23.371338
v 155.860046 -12.208366 21.343878
v 162.764404 -14.083649 6.255303
v 172.965729 -14.540970 18.252260
v 147.103500 2.530021 21.328463
v 146.901474 3.569073 19.928492
v 137.713730 1.990243 12.944332
v 122.800629 -5.945244 21.623753
v 139.162323 -1.960320 17.996834
v 129.797272 -3.521123 16.963030
v 129.144089 -0.130496 15.169363
v 131.811508 -6.079074 16.434576
v 140.542053 -5.758252 -18.144531
v 147.103500 2.545871 -21.330555
v 146.901306 3.569069 -19.452547
v 137.618500 2.008561 -11.885069
v 122.782082 -5.955930 -21.344742
v 139.119232 -2.002908 -17.177612
v 129.832336 -3.529224 -15.992711
v 129.170212 -0.144971 -14.741970
v 131.796951 -6.045231 -16.489985
v 140.590256 -5.811567 23.388876
v 147.594055 1.908278 24.383545
v 155.029831 1.704141 -23.411299
v 147.626083 1.872145 -24.146496
v 155.000336 1.628749 19.396559
v 141.856537 7.876654 0.000004
v 133.295074 8.060914 20.505581
v 166.366714 11.028050 23.153687
v 155.899719 12.632430 21.700136
v 145.982697 13.809462 14.994702
v 174.733582 9.028072 15.301042
v 157.110703 24.709549 13.894375
v 168.212646 21.186327 -0.007308
v 157.889618 29.121717 -0.019679
v 169.680634 25.122063 13.920868
v 146.186676 24.694542 -0.001067
v 146.926620 29.205662 9.097863
v 136.928650 22.801893 16.049732
v 136.146683 14.645901 0.001244
v 137.692612 26.540962 4.436398
v 132.003601 18.918446 4.209645
v 130.793655 14.924085 0.001688
v 133.047623 21.692482 0.000875
v 130.455612 12.945349 10.469327
v 135.556580 7.841219 4.434394
v 125.637634 20.669558 4.205459
v 124.343613 16.884560 0.001699
v 126.698654 23.448061 0.001548
v 123.993622 14.906789 6.397099
v 117.431618 18.234829 6.629011
v 119.045624 23.213188 0.001248
v 120.041634 26.082199 0.000974
v 117.024620 15.969200 5.241126
v 109.691620 21.243574 5.469487
v 110.837639 24.987839 0.000463
v 111.599625 27.905647 0.000260
v 108.961639 19.186737 -0.000004
v 102.274620 25.801233 -19.396553
v 141.856476 7.876651 -20.536621
v 166.366531 11.028054 -23.165369
v 155.899551 12.632431 -21.701576
v 145.982529 13.809464 -15.049019
v 174.733429 9.028086 -15.314487
v 157.110565 24.709560 -13.929901
v 168.212570 21.186319 -13.922454
v 146.186569 24.694561 -9.095145
v 136.928589 22.801884 -16.046833
v 136.146561 14.645896 -4.432943
v 132.003601 18.918449 -4.206133
v 130.793625 14.924089 -10.469319
v 135.556549 7.841217 -4.431101
v 125.637619 20.669559 -4.202307
v 124.343636 16.884563 -6.395088
v 117.431625 18.234835 -6.626690
v 119.045624 23.213192 -5.240504
v 109.691635 21.243582 -5.468680
v 110.837639 24.987827 2.845214
v 168.772766 -18.175615 20.937929
v 165.345856 -9.856324 24.701569
v 156.375214 -8.264489 21.606319
v 163.600952 -12.946667 12.405757
v 172.622192 -13.170074 22.608812
v 193.425827 9.341457 15.651771
v 198.685822 -8.888708 13.115949
v 185.901825 26.966196 15.221652
v 188.140823 -13.766111 26.918669
v 178.680817 -6.215785 25.749571
v 184.152817 -5.049009 17.886345
v 185.227814 -18.297522 28.508402
v 178.567825 6.853940 26.584898
v 179.983826 6.937590 24.264721
v 173.179840 19.057875 21.701824
v 178.264832 19.146774 13.621246
v 173.283798 28.812595 12.511243
v 175.296814 27.848404 0.000149
v 175.479797 31.306835 0.000156
v 170.413788 34.823227 0.000165
v 184.906784 34.672932 21.954811
v 164.778824 15.959074 24.429085
v 166.552826 3.067067 15.194833
v 163.478806 25.396593 15.194735
v 169.627808 -19.262411 21.954756
v 168.327820 -9.824826 0.000028
v 170.100784 -23.786976 0.000062
v 200.848785 -12.628378 0.000048
v 191.672791 -16.683777 0.000030
v 183.144791 -24.593374 0.000142
v 163.005783 29.921234 0.000143
v 171.592789 28.029129 0.000142
v 163.005783 29.921234 -21.954643
v 168.327759 -9.824720 -19.933132
v 178.173782 -5.755085 0.000035
v 198.391785 -22.480778 0.000027
v 190.544785 -27.149776 -11.508451
v 180.049789 -13.968447 0.000149
v 175.479797 31.306835 0.000156
v 170.413788 34.823227 0.000170
v 175.257797 38.579330 -22.608589
v 193.425766 9.341573 0.000135
v 190.698792 21.757427 0.000112
v 196.036789 10.060987 0.000088
v 197.499786 -0.330964 0.000062
v 200.848785 -12.628378 -15.651630
v 198.685791 -8.888638 -13.115650
v 185.901794 26.966267 0.000172
v 180.972809 39.483730 0.000165
v 184.906784 34.672932 -25.749428
v 184.152756 -5.048892 -26.918533
v 178.680756 -6.215621 -15.221542
v 188.140778 -13.766043 -17.886250
v 185.227753 -18.297436 -26.584702
v 179.983765 6.937729 -28.508200
v 178.567749 6.854091 -21.701574
v 178.264771 19.146883 -24.264475
v 173.179764 19.057989 -12.510953
v 175.296783 27.848465 -13.620955
v 173.283783 28.812668 0.000149
v 175.479797 31.306835 0.000156
v 170.413788 34.823227 0.000165
v 184.906784 34.672932 0.000135
v 190.659790 21.861227 0.000089
v 197.464783 -0.232444 -24.428915
v 166.552765 3.067187 0.000083
v 166.549789 3.066649 -21.954592
v 164.778763 15.959186 -15.194567
v 163.478775 25.396671 0.000028
v 170.100784 -23.786976 -15.194670
v 169.627777 -19.262341 -21.954643
v 168.327759 -9.824720 -15.194670
v 169.627777 -19.262341 0.000028
v 170.100784 -23.786976 0.000043
v 181.824783 -16.810377 0.000048
v 191.672791 -16.683777 0.000030
v 183.144791 -24.593374 0.000062
v 200.848785 -12.628378 0.000048
v 191.672791 -16.683777 0.000030
v 183.144791 -24.593374 0.000142
v 163.005783 29.921234 11.639062
v 166.885681 -16.721949 21.795158
v 163.119965 -6.449849 17.116636
v 171.070908 -10.068726 13.443039
v 158.088837 -17.668768 23.606363
v 156.243713 -4.853805 23.606363
v 156.243713 -4.853805 17.712273
v 156.774261 -7.668185 -16.014704
v 165.727631 -13.917521 -21.568851
v 164.291672 -6.112744 -8.225236
v 167.038849 -12.421410 -17.322281
v 157.198639 -13.858433 -9.111140
v 164.500732 -16.224663 -3.777765
v 166.704117 -18.374712 -6.063416
v 167.133301 -15.943460 -7.582768
v 162.530640 -13.817266 -22.792408
v 156.243530 -5.553516 -17.712252
v 156.774200 -7.668196 -7.582768
v 162.530640 -13.817266 -22.792408
v 156.243530 -5.553516 -7.582768
v 162.530640 -13.817266 -8.714079
v 173.212494 -8.969585 -11.507348
v 162.239838 -17.787651 16.434576
v 140.542053 -5.758252 15.169363
v 131.811508 -6.079074 21.328463
v 146.901474 3.569073 19.928492
v 137.713730 1.990243 12.944332
v 122.800629 -5.945244 16.963030
v 129.144089 -0.130496 -14.741970
v 131.796951 -6.045231 -16.489985
v 140.590256 -5.811567 -21.330555
v 146.901306 3.569069 -19.452547
v 137.618500 2.008561 -11.885069
v 122.782082 -5.955930 -15.992711
v 129.170212 -0.144971 21.858978
v 165.362778 0.548549 15.723228
v 174.357819 -1.678361 21.328463
v 146.901474 3.569073 23.059610
v 154.833618 2.843415 4.436398
v 132.003601 18.918446 4.209645
v 130.793655 14.924085 0.001688
v 133.047623 21.692482 0.000875
v 130.455612 12.945349 4.434394
v 125.637634 20.669558 4.205459
v 124.343613 16.884560 0.001699
v 126.698654 23.448061 0.001548
v 123.993622 14.906789 18.252260
v 147.103500 2.530021 -15.776330
v 174.357712 -1.678339 -21.887688
v 165.362579 0.548562 -21.330555
v 146.901306 3.569069 -23.069841
v 154.833435 2.843379 -4.432943
v 132.003601 18.918449 -4.206133
v 130.793625 14.924089 -4.431101
v 125.637619 20.669559 -4.202307
v 124.343636 16.884563 -18.144531
v 147.103500 2.545871 0.240715
v 90.706329 -18.881084 -54.167599
v 91.504196 -18.878462 -57.383797
v 89.905235 -18.883743 -56.592247
v 92.469978 -18.794737 -54.916836
v 88.865616 -18.971218 -52.786545
v 90.425888 12.802497 -57.535767
v 88.147049 12.788954 -56.335651
v 91.688019 12.905107 -53.973209
v 86.765884 12.681597 -55.246964
v 89.409584 14.434546 -54.443710
v 88.016319 -40.154926 -50.638390
v 90.640396 -41.277546 -58.952648
v 86.803192 -41.285297 -55.092678
v 89.401627 -37.172321 -52.678032
v 91.202271 -37.747032 -58.067020
v 88.723221 -37.753834 -55.507282
v 90.293137 -31.544966 -54.032787
v 91.619408 -32.155872 -57.499260
v 90.028793 -32.164219 -55.525600
v 90.226074 -16.067749 -54.190849
v 91.403168 -16.601477 -56.916996
v 90.132942 -16.608767 -54.443707
v 88.016319 -40.154926 -45.100014
v 101.245071 -51.715801 -46.453114
v 94.304001 -43.520523 -70.659134
v 89.420448 -51.704491 -50.792175
v 101.611320 -60.797508 -45.241806
v 98.483490 -53.427177 -46.436909
v 92.118248 -46.061192 -50.915195
v 97.557800 -61.120186 -46.490517
v 95.064629 -55.230618 -47.473736
v 90.056046 -49.321064 -52.294086
v 92.278908 -59.841763 -50.004940
v 90.984161 -56.788261 -50.516174
v 88.403397 -53.745293 -51.212563
v 104.678726 -59.838306 -61.236794
v 102.659615 -63.231712 -64.536659
v 85.965408 -43.548279 -59.863892
v 99.688087 -63.939636 -67.155937
v 93.965584 -60.886311 -68.389854
v 87.684319 -53.474049 -62.839470
v 84.556480 -46.085297 -53.704170
v 86.407204 -43.007881 -58.196255
v 96.082703 -63.573864 -63.991119
v 91.528351 -61.140224 -64.971893
v 86.514511 -55.222389 -60.549656
v 84.026596 -49.341103 -53.285191
v 85.494019 -46.887413 -56.077133
v 91.507256 -61.109299 -59.050228
v 89.164322 -59.851646 -59.554012
v 86.567482 -56.783348 -57.272320
v 85.288803 -53.755177 -53.540005
v 86.036987 -52.487602 -54.508060
v 88.121964 -57.280975 -69.296120
v 96.340134 -59.866066 -50.638390
v 90.640396 -41.277546 -58.952648
v 86.803185 -41.285294 -53.704170
v 86.407204 -43.007881 -56.997269
v 90.296547 -19.387939 -55.629173
v 90.385109 -19.378399 -54.691612
v 91.397293 -19.382217 -57.383797
v 89.905235 -18.883743 -56.592247
v 92.469978 -18.794737 -54.167599
v 91.504196 -18.878462 -54.916836
v 88.865616 -18.971218 -57.535767
v 88.147049 12.788954 -56.335651
v 91.688019 12.905107 -52.786545
v 90.425888 12.802497 -53.973209
v 86.765884 12.681597 0.741047
v 97.245026 -102.057716 36.765381
v 102.150421 -93.770569 27.505402
v 109.804565 -72.533737 27.832741
v 101.456276 -73.901741 35.133598
v 103.314964 -50.694420 34.752705
v 95.569199 -54.090092 53.612461
v 88.942535 -98.140312 37.734371
v 92.926064 -91.410583 30.480444
v 92.362358 -75.275719 36.099934
v 87.581642 -59.187290 51.301018
v 81.384392 -52.569691 50.936424
v 80.670128 -88.773132 42.415298
v 82.807930 -85.161568 38.522411
v 82.505417 -76.502640 41.538162
v 79.939789 -67.868637 49.695965
v 76.613983 -64.317245 49.648300
v 76.607246 -76.916557 75.036980
v 89.613586 -93.908653 87.169052
v 90.260216 -72.749001 81.956940
v 83.726509 -74.097015 73.024292
v 83.032364 -54.228176 55.768387
v 94.902473 -41.711330 53.471657
v 87.937767 -45.941044 68.813553
v 82.745285 -91.522720 74.433044
v 77.964569 -75.434296 67.179108
v 77.400871 -59.299423 59.094231
v 77.344322 -85.221748 62.109978
v 74.778702 -76.587746 58.217087
v 74.476181 -67.928810 89.189415
v 89.598396 -72.756294 55.662136
v 94.555046 -39.616604 78.675659
v 88.781372 -49.370590 79.540863
v 96.749817 -94.588303 77.322182
v 89.495018 -50.846638 25.485041
v 110.466385 -72.526451 58.906067
v 105.162308 -103.571396 37.352272
v 110.569763 -94.436089 76.593872
v 88.754166 -95.751793 84.116379
v 82.354469 -74.215042 74.405930
v 81.599876 -52.616131 69.828537
v 81.287796 -93.158081 75.937340
v 76.090797 -75.668770 68.051773
v 75.478020 -58.128952 59.251728
v 75.382484 -86.314667 62.530071
v 72.593475 -76.928871 58.298210
v 72.264610 -67.515961 81.044601
v 96.527504 -96.074669 59.012318
v 105.509735 -105.666130 33.629860
v 103.537277 -49.208065 56.244961
v 97.050102 -104.610420 34.989780
v 102.382645 -95.601685 25.279325
v 101.628052 -74.002762 32.801846
v 95.228355 -52.466026 53.150749
v 86.932411 -43.607388 53.303814
v 88.024673 -100.351913 36.043137
v 92.355064 -93.036186 28.157576
v 91.742279 -75.496384 34.266384
v 86.545288 -58.007053 50.791103
v 79.808411 -50.813229 50.383579
v 78.997894 -90.175301 41.120476
v 81.321838 -86.249252 36.888618
v 80.992981 -76.836357 40.166965
v 78.203964 -67.450546 49.035110
v 74.588562 -63.589916 48.957886
v 74.503830 -77.300438 35.998791
v 111.283409 -95.912140 54.600872
v 91.124336 -18.861174 58.692886
v 89.783890 -18.876234 50.530647
v 92.457649 -18.846209 55.954857
v 95.258186 -18.906021 53.171925
v 86.761612 -18.813854 58.945438
v 90.122177 20.263302 50.782867
v 92.796043 20.293316 56.213978
v 95.618126 20.233288 53.450027
v 87.179512 20.324810 54.858326
v 91.469994 21.112223 57.155155
v 90.170998 -43.047916 51.745625
v 91.943077 -43.025043 55.280869
v 93.400276 -40.680634 53.422455
v 87.762146 -43.868160 57.289310
v 90.301399 -17.956627 51.879524
v 92.073547 -17.934801 55.494415
v 93.802094 -17.975672 53.656857
v 88.191826 -17.912245 79.540863
v 96.749817 -94.588303 58.906067
v 105.162308 -103.571396 87.169052
v 90.260216 -72.749001 77.322182
v 89.495018 -50.846638 55.768387
v 94.902473 -41.711330 37.352272
v 110.569763 -94.436089 59.012318
v 105.509735 -105.666130 58.906067
v 105.162308 -103.571396 27.505402
v 109.804565 -72.533737 35.133598
v 103.314964 -50.694420 55.768387
v 94.902473 -41.711330 55.662136
v 94.555046 -39.616604 59.012318
v 105.509735 -105.666130 81.044601
v 96.527504 -96.074669 89.189415
v 89.598396 -72.756294 78.675659
v 88.781372 -49.370590 55.662136
v 94.555046 -39.616604 35.998791
v 111.283409 -95.912140 25.485041
v 110.466385 -72.526451 33.629860
v 103.537277 -49.208065 50.782867
v 92.796043 20.293316 0.943218
v 132.311966 5.270889 4.901303
v 130.146301 0.180261 3.402830
v 129.755569 -11.495505 8.138215
v 130.413284 -9.722606 2.898207
v 136.306824 -14.585686 16.072145
v 136.494232 -4.232889 16.823439
v 144.629669 -4.901814 5.495822
v 139.284805 -11.664129 3.265883
v 132.650223 -13.457323 13.213634
v 150.700516 -12.819936 18.252258
v 147.103470 2.530030 15.011171
v 133.613144 -3.864331 3.390014
v 128.500122 -9.060988 5.295546
v 148.026413 -12.884275 0.000008
v 137.395630 -16.717714 8.738096
v 132.630127 -11.367448 6.841944
v 151.147736 -15.570762 11.579475
v 131.138351 -6.338845 17.038980
v 137.173065 2.906705 13.560061
v 156.874420 -13.117086 7.552918
v 158.275772 -15.383674 17.273994
v 150.888428 -8.217978 16.061069
v 138.952805 -4.338346 9.568597
v 138.440689 -11.455484 15.636826
v 145.919724 -8.299392 14.405503
v 138.377975 -8.218035 13.367703
v 132.982101 -8.130486 17.712269
v 156.774231 -7.668189 13.670679
v 160.359589 -11.893064 7.582784
v 162.530655 -13.817264 9.004239
v 149.117065 -12.926474 12.719957
v 148.719696 -11.897329 0.000008
v 135.804886 -15.975801 0.000007
v 142.654236 -13.902182 0.000008
v 139.453934 -14.481894 0.000008
v 132.715027 -14.514688 0.000007
v 151.313919 -16.412756 0.000007
v 158.621628 -16.233255 0.000008
v 129.471512 -12.201235 0.000007
v 128.140320 -9.858359 0.000007
v 163.055618 -14.696151 0.000007
v 128.799683 -2.622210 33.244961
v 137.652588 11.019754 19.396561
v 141.856506 7.876655 35.975983
v 139.632172 12.446328 25.683187
v 136.543839 7.046625 27.620754
v 143.931000 6.672809 0.000005
v 133.295074 8.060913 10.469328
v 135.556564 7.841220 14.433301
v 135.772049 -8.637636 9.286945
v 135.755630 -12.029086 7.516144
v 129.345673 -6.430808 18.547501
v 151.502182 -1.986560 10.976149
v 131.152328 -2.078611 0.000007
v 147.486496 -15.439394 -5.446903
v 132.311966 5.270888 -4.901290
v 130.146301 0.180260 -3.402815
v 129.755569 -11.495506 -8.138200
v 130.413284 -9.722608 -2.898191
v 136.306824 -14.585688 -16.072134
v 136.494232 -4.232892 -16.823425
v 144.629669 -4.901818 -5.495808
v 139.284805 -11.664130 -3.265867
v 132.650223 -13.457325 -13.213620
v 150.700516 -12.819939 -18.252247
v 147.103470 2.530026 -15.011158
v 133.613144 -3.864334 -3.389999
v 128.500122 -9.060989 -5.295532
v 148.026413 -12.884277 -8.738081
v 132.630127 -11.367450 -6.841929
v 151.147736 -15.570764 -11.579462
v 131.138351 -6.338848 -17.038971
v 137.173065 2.906702 -13.560048
v 156.874420 -13.117090 -7.552905
v 158.275772 -15.383676 -17.273981
v 150.888428 -8.217981 -16.061058
v 138.952805 -4.338349 -9.568583
v 138.440689 -11.455486 -15.636812
v 145.919724 -8.299396 -14.405490
v 138.377975 -8.218038 -13.367690
v 132.982101 -8.130489 -17.712255
v 156.774231 -7.668193 -13.670666
v 160.359589 -11.893066 -7.582771
v 162.530655 -13.817266 -9.004226
v 149.117065 -12.926476 -12.719943
v 148.719696 -11.897332 -33.244953
v 137.652588 11.019748 -19.396551
v 141.856506 7.876650 -35.975975
v 139.632172 12.446320 -25.683176
v 136.543839 7.046619 -27.620745
v 143.931000 6.672803 -10.469317
v 135.556564 7.841218 -14.433288
v 135.772049 -8.637639 -9.286931
v 135.755630 -12.029088 -7.516130
v 129.345673 -6.430810 -18.547487
v 151.502182 -1.986564 -10.976136
v 131.152328 -2.078613 17.038980
v 137.173065 2.906705 18.252258
v 147.103470 2.530030 17.038980
v 137.173065 2.906705 25.683187
v 136.543839 7.046625 35.975983
v 139.632172 12.446328 33.244961
v 137.652588 11.019754 18.252258
v 147.103470 2.530030 27.620754
v 143.931000 6.672809 19.396561
v 141.856506 7.876655 0.000007
v 128.799683 -2.622210 0.000007
v 128.140320 -9.858359 -17.038971
v 137.173065 2.906702 -18.252247
v 147.103470 2.530026 -17.038971
v 137.173065 2.906702 -25.683176
v 136.543839 7.046619 -35.975975
v 139.632172 12.446320 -33.244953
v 137.652588 11.019748 -18.252247
v 147.103470 2.530026 -27.620745
v 143.931000 6.672803 -19.396551
v 141.856506 7.876650 0.000005
v 133.295074 8.060913 0.812957
v 22.089621 -3.534523 9.120972
v 22.088694 11.730547 21.744015
v 22.091587 5.069727 6.200264
v 22.088350 4.155195 19.953188
v 22.090778 -3.097126 17.688808
v 22.090664 11.946993 14.567999
v 22.090199 -5.560555 8.114971
v 5.014388 -20.898912 16.449800
v 4.739034 -22.872900 8.917519
v 8.386244 -19.997187 16.234516
v 8.241967 -22.122513 15.102997
v 17.419903 -6.710999 23.559931
v 7.594697 -18.420406 22.988699
v 12.154503 -7.971344 22.256300
v 11.385200 7.475720 17.956602
v 11.677799 12.776602 26.871000
v 5.322209 -10.954599 24.320597
v 5.023139 -19.136299 22.661798
v -0.000648 10.387799 18.577497
v -0.002021 13.765001 25.134399
v 5.862569 -3.707868 9.821539
v -0.000510 13.290901 9.752381
v 11.686401 12.721001 8.945901
v 12.184299 -9.150850 6.602240
v 0.002069 9.515059 7.197124
v 11.384899 6.015600 5.612340
v 5.349399 -12.370699 6.103552
v 5.918306 -5.012555 27.576303
v 0.000181 -11.024152 24.518602
v 0.000229 -19.505798 7.897051
v 0.000228 -21.283813 5.116321
v 0.000221 -12.236699 25.394901
v -0.001243 -3.716490 6.600610
v 0.001867 -4.911600 16.475700
v -0.001215 -23.318802 24.184198
v -0.001070 1.734790 6.453730
v 0.001920 0.502984 20.724699
v 16.518799 -3.656312 9.512919
v 16.475700 -4.476160 15.524000
v 14.394099 -10.831602 12.738882
v 8.915448 -19.555212 12.915573
v 7.322402 -21.773554 -9.116133
v 22.089619 -3.534524 -9.120973
v 22.088699 11.730547 -21.744017
v 22.091587 5.069734 -6.200267
v 22.088350 4.155206 -19.953188
v 22.090780 -3.097125 -17.688808
v 22.090664 11.946994 -14.567999
v 22.090199 -5.560555 -8.114973
v 5.014390 -20.898912 -16.449800
v 4.739033 -22.872900 -8.917520
v 8.386245 -19.997187 -16.234516
v 8.241969 -22.122513 -15.103000
v 17.419899 -6.710999 -23.559929
v 7.594700 -18.420406 -22.988701
v 12.154500 -7.971341 -22.256300
v 11.385201 7.475719 -17.956600
v 11.677799 12.776601 -26.870998
v 5.322208 -10.954599 -24.320601
v 5.023139 -19.136299 -22.661800
v -0.000645 10.387800 -18.577501
v -0.002019 13.764999 -25.134401
v 5.862566 -3.707868 -9.821539
v -0.000507 13.290897 -9.752381
v 11.686402 12.721001 -8.945899
v 12.184301 -9.150847 -6.602240
v 0.002070 9.515059 -7.197124
v 11.384900 6.015601 -5.612342
v 5.349399 -12.370700 -6.103552
v 5.918311 -5.012559 -27.576302
v 0.000206 -11.024183 -24.518600
v 0.000226 -19.505800 -7.897051
v 0.000229 -21.283813 -5.116322
v 0.000224 -12.236699 -25.394901
v -0.001243 -3.716491 -6.600612
v 0.001865 -4.911601 -16.475700
v -0.001215 -23.318800 -24.184198
v -0.001069 1.734789 -6.453733
v 0.001922 0.502984 -20.724701
v 16.518803 -3.656309 -9.512921
v 16.475700 -4.476160 -15.524007
v 14.394101 -10.831600 -12.738885
v 8.915451 -19.555212 -12.915571
v 7.322400 -21.773554 7.197124
v 11.384899 6.015600 7.897051
v 0.000228 -21.283813 5.116321
v 0.000221 -12.236699 6.600610
v 0.001867 -4.911600 6.453730
v 0.001920 0.502984 27.576303
v 0.000181 -11.024152 25.394901
v -0.001243 -3.716490 24.518602
v 0.000229 -19.505798 16.475700
v -0.001215 -23.318802 6.602240
v 0.002069 9.515059 6.453730
v 0.001920 0.502984 22.661798
v -0.000648 10.387799 24.184198
v -0.001070 1.734790 18.577497
v -0.002021 13.765001 9.821539
v -0.000510 13.290901 6.200264
v 22.088350 4.155195 -7.197124
v 11.384900 6.015601 -7.897051
v 0.000229 -21.283813 -5.116322
v 0.000224 -12.236699 -6.600612
v 0.001865 -4.911601 -6.453733
v 0.001922 0.502984 -27.576302
v 0.000206 -11.024183 -25.394901
v -0.001243 -3.716491 -24.518600
v 0.000226 -19.505800 -16.475700
v -0.001215 -23.318800 -6.602240
v 0.002070 9.515059 -22.661800
v -0.000645 10.387800 -6.453733
v 0.001922 0.502984 -24.184198
v -0.001069 1.734789 -18.577501
v -0.002019 13.764999 -9.821539
v -0.000507 13.290897 -6.200267
v 22.088350 4.155206 0.446506
v 121.579834 -0.301987 12.018013
v 106.769020 -8.509501 10.782500
v 115.536560 -6.862216 13.432848
v 115.177307 -5.253300 11.920501
v 89.752602 -8.462391 12.456701
v 84.037300 -8.189289 7.672354
v 112.420135 14.561339 5.932779
v 103.725868 13.723772 4.833990
v 90.132797 11.171500 5.715234
v 85.241211 12.289408 12.041674
v 118.832855 11.998549 11.966717
v 113.288399 12.712167 13.842765
v 107.467140 -2.884368 14.432298
v 94.521698 5.792521 11.218267
v 106.526314 12.787519 15.120900
v 94.158401 -2.361139 10.719900
v 94.252800 10.709099 14.795902
v 89.753494 -1.578249 9.565790
v 90.132896 9.656068 15.198100
v 83.736992 -1.825847 14.479403
v 83.964897 6.644218 10.018402
v 85.080200 11.239901 5.314300
v 95.396301 13.131601 15.128593
v 110.000145 8.445862 15.342380
v 109.418518 -1.425972 7.065908
v 76.393799 -13.625502 15.568168
v 77.846298 8.772118 20.400898
v 54.289097 -1.670693 17.590654
v 54.503395 10.116369 10.377398
v 54.931702 14.686500 16.290998
v 40.806099 -9.748810 21.569304
v 40.932499 -1.917691 18.260500
v 41.140999 9.745779 11.920703
v 41.425598 14.596600 14.631899
v 65.694702 -9.435280 19.457102
v 65.767601 -1.876590 16.596064
v 66.358200 10.177571 8.513325
v 66.765610 14.694790 0.001044
v 120.092896 13.893181 7.672695
v 119.572609 13.484292 13.682525
v 122.668800 8.579467 24.168699
v 117.580360 -0.521362 24.471502
v 117.724960 7.902589 20.036198
v 107.314034 -1.178838 27.601101
v 115.851013 0.473393 21.938202
v 105.640015 0.316173 14.081123
v 123.015724 4.100595 24.282898
v 118.318199 3.945526 6.101169
v 96.368202 -12.685703 14.039613
v 101.599342 -2.977990 14.591869
v 101.420029 4.274360 10.377422
v 101.301964 11.390562 5.540722
v 115.402588 -8.245820 11.309799
v 122.578979 -0.257027 11.705201
v 95.808296 -9.593968 13.667101
v 89.749100 5.680813 13.949398
v 76.471710 -8.871632 17.581301
v 76.661400 -1.948981 27.617401
v 115.980972 6.998332 24.596996
v 110.916039 -2.420281 11.055773
v 124.836380 4.182371 8.955019
v 124.647293 8.543589 5.420517
v 124.930893 10.291298 0.001219
v 125.067993 10.754913 5.531666
v 106.486107 -11.489704 6.792741
v 84.084702 -11.844100 6.989581
v 65.794899 -13.999801 16.059700
v 54.176495 -9.772020 7.260025
v 54.177204 -14.324162 7.260528
v 40.809074 -14.083070 0.000000
v 40.778797 -14.819800 -0.000001
v 54.149696 -14.958501 -0.000001
v 90.135193 11.467300 0.000079
v 103.037888 13.500988 0.000653
v 113.070229 15.061474 0.000000
v 95.987198 -12.685799 0.000001
v 85.183899 12.223100 5.517297
v 123.325592 -0.300576 0.475542
v 130.926041 9.355337 2.385813
v 126.050964 -4.765961 11.055744
v 123.784348 4.152682 5.519668
v 123.347595 -0.261560 5.785313
v 125.949608 5.133415 5.650300
v 123.902191 7.949770 0.357724
v 126.671646 8.566251 -0.000002
v 133.700607 7.865191 5.446238
v 132.491608 5.164877 4.900729
v 130.074631 0.196883 18.560089
v 121.806335 4.034827 16.177706
v 113.652794 10.835408 18.168335
v 119.222229 9.938165 15.151268
v 108.275688 4.254496 18.047329
v 120.011978 -0.645476 16.035149
v 114.613586 -4.137804 19.153700
v 108.052971 7.768508 -0.000038
v 106.476044 -11.490292 6.501644
v 125.942337 5.092071 0.396412
v 126.917732 9.173772 28.039495
v 103.616974 6.144774 28.232897
v 103.764000 0.468913 33.410599
v 111.808975 6.196323 30.800898
v 107.624039 -2.148537 45.882797
v 92.817703 5.221765 48.243690
v 96.572601 7.533290 45.628502
v 92.772903 -0.168934 50.570702
v 100.195999 5.665717 48.018105
v 96.520882 -3.080159 33.234703
v 111.640007 -0.013562 50.401703
v 100.353996 -0.967566 29.956003
v 108.015961 8.933864 30.468094
v 102.177002 5.725012 35.256195
v 110.276001 6.032040 33.851299
v 105.700989 8.413520 31.771603
v 106.961990 8.656681 35.132008
v 110.077995 0.107736 32.968903
v 106.255005 -1.954430 30.569294
v 102.283005 0.415953 35.612404
v 98.507599 -0.413646 38.209110
v 102.814003 -3.251251 40.890598
v 106.898994 -0.882907 40.991188
v 106.862000 6.128677 38.138866
v 102.794960 8.740550 35.588295
v 98.507301 5.739231 41.660892
v 95.151100 5.433982 43.992786
v 99.190186 8.041162 43.956264
v 99.126717 -3.151009 41.614601
v 95.070984 -0.267001 46.292297
v 103.172997 5.872478 46.296005
v 103.179001 -0.931019 30.086401
v 107.976944 10.355703 27.528999
v 102.722977 6.944330 27.866999
v 102.695015 -0.469681 30.850903
v 107.562019 -3.574699 33.804100
v 112.705025 -0.775835 33.911800
v 113.056969 6.806160 21.603195
v 104.787964 7.567816 24.445992
v 110.497925 10.796700 28.274200
v 116.681961 7.910686 28.157402
v 116.612030 -0.800705 24.604303
v 110.932053 -3.848550 21.584799
v 104.940033 -0.415937 20.695499
v 112.491081 10.776330 19.152500
v 106.340996 3.578038 22.075602
v 111.986053 -4.027412 6.422581
v 89.803696 -11.600400 7.331543
v 128.211456 -1.384581 8.211410
v 130.324677 4.826563 21.885403
v 105.513969 6.815591 24.327301
v 110.616959 9.378330 1.690504
v 122.466843 -2.047517 -0.000001
v 93.972801 13.440401 -0.000002
v 76.412201 -14.021500 -0.000000
v 84.090897 -12.448701 0.000954
v 122.065125 -2.803584 0.000467
v 115.391586 -8.249680 -0.000000
v 89.812004 -11.599901 0.000000
v 65.768799 -14.843798 -0.000001
v 128.656601 -2.561172 6.323157
v 76.461723 13.984079 12.210722
v 123.575027 -0.919980 13.385479
v 124.846085 6.507515 7.758192
v 128.155121 5.440467 7.069002
v 126.612946 -1.253605 5.105576
v 120.438034 -5.170934 1.583590
v 124.189972 -4.695347 2.051037
v 117.618355 -7.953971 0.470851
v 128.974136 10.243687 0.001286
v 125.980240 12.729501 0.000600
v 118.012772 -8.384451 -0.516959
v 123.267624 -5.303755 7.528769
v 81.148697 -8.762569 14.953701
v 80.943398 -0.075080 12.394302
v 81.366699 -6.140409 8.889451
v 81.010399 11.362900 14.035400
v 81.035202 6.443772 8.589963
v 22.134741 -4.303001 8.595241
v 22.133844 13.250119 22.560043
v 22.136911 3.598668 20.578882
v 22.136013 -4.431976 18.073772
v 22.136015 13.489605 2.426302
v 75.632607 -6.673740 17.763000
v 65.879509 2.878401 9.689199
v 65.854309 -9.572644 3.904070
v 65.528404 -6.340468 2.445410
v 65.271904 1.520137 10.412400
v 77.672798 9.522060 15.690301
v 65.990311 -6.195699 5.815640
v 53.184502 -5.582149 7.105598
v 50.159199 9.091470 13.618799
v 50.450603 8.905471 15.852999
v 54.082092 -5.084939 17.825298
v 50.201591 2.928879 4.993751
v 65.629395 9.708788 12.618001
v 65.879898 9.562241 11.407698
v 50.101601 -7.662342 6.158600
v 49.614101 -5.309430 16.121601
v 50.799198 -4.857389 11.767901
v 46.444496 -6.477109 16.483200
v 47.513405 -3.646219 6.905459
v 46.685001 -4.417348 20.217400
v 39.153801 3.323414 15.544300
v 39.476898 10.866200 10.971597
v 54.049400 -7.973230 17.639099
v 52.983696 2.871709 13.285301
v 52.685200 8.863640 6.888340
v 52.251495 9.026969 4.385350
v 51.903091 2.252988 14.621340
v 22.135380 -7.157222 8.044071
v 77.914299 -8.952380 13.343502
v 79.942802 -6.145969 1.860299
v 77.945503 11.167401 12.536401
v 89.766396 -0.168863 10.206001
v 89.768402 -5.702418 5.499462
v 89.767403 -8.094739 7.014801
v 89.769501 10.266101 11.700199
v 89.766998 5.778122 0.000000
v 74.800301 0.591783 0.000000
v 80.861198 11.985700 0.000000
v 89.767189 -8.977000 -0.000000
v 89.772293 10.834199 5.364183
v 22.133331 4.203952 4.905769
v 37.534000 3.478666 4.802031
v 48.877098 2.269960 1.371360
v 74.646706 0.647828 -0.000000
v 76.291000 6.937799 7.938260
v 39.117401 11.145798 3.144131
v 74.739006 9.324311 0.000001
v 75.542198 -7.178351 -0.000001
v 81.068398 -9.729590 -0.000000
v 89.199394 -9.025899 3.874755
v 89.475693 11.331562 5.643810
v 85.826660 12.459168 10.160544
v 89.063332 12.145517 10.000703
v 85.903976 13.655759 6.013462
v 89.588112 13.304946 6.119452
v 86.373993 14.304887 3.129133
v 89.501221 11.302028 3.068795
v 90.070290 12.609891 2.358817
v 86.489189 14.161360 2.671080
v 86.333481 13.003063 4.524322
v 78.351952 15.895834 7.461886
v 79.998398 14.939722 10.160544
v 89.063332 12.145517 10.000703
v 85.903976 13.655759 3.129133
v 89.501221 11.302028 10.000703
v 85.903976 13.655759 6.013462
v 89.588112 13.304946 3.129133
v 89.501221 11.302028 12.210387
v 122.040588 -0.273616 12.511635
v 123.554810 6.546117 5.105214
v 119.043823 -4.286887 2.050681
v 116.284447 -6.889524 8.096547
v 115.347328 -8.204306 6.346635
v 118.175964 -6.322364 4.129379
v 119.873886 -4.624861 1.852979
v 117.920143 -7.461079 4.289956
v 116.111015 -7.949568 5.677976
v 117.815994 -8.035053 2.951911
v 118.800674 -6.135936 8.222496
v 17.556446 -6.040444 8.228406
v 14.522971 14.931586 23.858278
v 16.299154 3.769570 21.640892
v 17.558025 -5.439443 18.837088
v 14.525666 15.228993 14.973013
v 17.858137 -8.823853 4.612098
v 16.294710 4.524130 9.932859
v 15.291852 -5.474612 9.937114
v 12.450788 12.357241 21.196318
v 14.114315 3.435184 19.598997
v 15.293331 -4.911731 17.579235
v 12.453313 12.635784 14.795693
v 15.574409 -8.081473 7.332055
v 14.110148 4.419857 16.577955
v 65.879593 5.057388 16.229647
v 52.887074 5.450975 16.406296
v 50.285603 5.584499 18.901234
v 39.244801 5.910320 21.535904
v 22.136707 6.126959 22.877281
v 15.952670 6.383334 20.395384
v 13.746515 5.633354 14.474274
v 79.882690 5.924056 -0.000000
v 86.447563 12.115167 -0.000000
v 86.631348 12.990047 -0.000000
v 89.183487 10.904441 -0.000000
v 89.606270 11.291518 -0.000000
v 88.933548 10.386488 -0.000001
v 90.177620 13.445774 0.000000
v 86.119942 14.657022 0.000000
v 86.112717 12.992552 0.000540
v 116.524399 -7.320017 0.001206
v 124.690147 11.553438 -5.418104
v 124.926872 10.294716 -6.174027
v 125.942017 5.883394 -18.559113
v 121.806000 4.041527 -13.661029
v 121.584923 -0.295954 -18.046471
v 120.017075 -0.640896 -10.781501
v 115.536530 -6.862112 -5.539780
v 115.402573 -8.245762 -5.531734
v 106.485985 -11.489678 -12.017988
v 106.769005 -8.509441 -13.431752
v 115.181961 -5.253982 -6.101169
v 96.368202 -12.685703 -4.833990
v 90.132797 11.171502 -5.715235
v 85.241203 12.289394 -13.681477
v 122.661804 8.586911 -18.167465
v 119.214996 9.941898 -7.671125
v 112.420410 14.561416 -12.040728
v 118.822517 12.000220 -11.965484
v 113.283592 12.710140 -16.176497
v 113.650856 10.834567 -15.150731
v 108.276222 4.251570 -11.217731
v 106.526901 12.787634 -15.127808
v 109.999054 8.443572 -13.842434
v 107.470360 -2.887717 -16.034050
v 114.619392 -4.138633 -14.591930
v 101.420013 4.274432 -14.039787
v 101.598816 -2.977916 -15.341821
v 109.421288 -1.428460 -5.932582
v 103.725861 13.723801 -11.920501
v 89.752602 -8.462392 -14.795902
v 89.753494 -1.578255 -15.120900
v 94.158401 -2.361144 -11.705200
v 95.808296 -9.593969 -13.667101
v 89.749100 5.680811 -9.565788
v 90.132896 9.656071 -10.719900
v 94.252800 10.709100 -14.432300
v 94.521698 5.792519 -12.456700
v 84.037300 -8.189293 -15.198100
v 83.736992 -1.825848 -14.479402
v 83.964897 6.644219 -10.018402
v 85.080200 11.239901 -10.377380
v 101.301949 11.390615 -5.314301
v 95.396301 13.131600 -7.065910
v 76.393799 -13.625501 -13.949402
v 76.471703 -8.871627 -6.792737
v 84.084702 -11.844103 -17.581299
v 76.661400 -1.948984 -15.568169
v 77.846298 8.772118 -6.323160
v 76.461723 13.984079 -16.059700
v 54.176495 -9.772019 -20.400898
v 54.289097 -1.670691 -19.457102
v 65.767609 -1.876589 -6.989582
v 65.794907 -13.999800 -14.631900
v 65.694695 -9.435279 -17.590652
v 54.503399 10.116367 -10.377398
v 54.931694 14.686502 -8.513322
v 66.765610 14.694787 -16.596066
v 66.358200 10.177574 -16.290998
v 40.806099 -9.748810 -21.569302
v 40.932503 -1.917691 -18.260502
v 41.140999 9.745777 -11.920695
v 41.425598 14.596601 -7.232805
v 54.176102 -14.317410 -7.670787
v 119.567146 13.485019 -14.080081
v 123.014854 4.108609 -24.282902
v 118.317993 3.946190 -24.471500
v 117.724998 7.902550 -24.168699
v 117.580994 -0.520835 -20.695501
v 112.489006 10.775601 -19.153698
v 108.053001 7.768539 -19.152500
v 106.341003 3.578080 -22.075603
v 111.986008 -4.027410 -20.036201
v 107.314011 -1.178801 -27.617403
v 115.981003 6.998289 -24.327293
v 110.616982 9.378330 -21.885401
v 105.514000 6.815630 -24.596994
v 110.916000 -2.420280 -27.601101
v 115.850998 0.473355 -21.938202
v 105.639999 0.316209 -5.515225
v 123.328583 -0.298033 -11.308804
v 122.584389 -0.251344 -11.054630
v 124.834717 4.194515 -8.953289
v 124.641693 8.550967 -6.422582
v 89.803696 -11.600400 -7.212842
v 40.805298 -14.067901 -1.688538
v 122.467354 -2.047501 0.371371
v 130.926056 9.361807 -7.869270
v 130.324768 5.832008 -7.781228
v 128.215103 -0.440533 -5.458042
v 125.949173 5.835693 -11.054657
v 123.782745 4.163076 -5.648082
v 123.900406 7.952651 -5.517592
v 123.350571 -0.259009 -5.446242
v 132.491608 5.164877 -4.900732
v 130.074585 0.196883 -30.086401
v 107.977005 10.355700 -27.528997
v 102.722992 6.944359 -21.603203
v 104.788002 7.567858 -24.445992
v 110.497986 10.796700 -27.867001
v 102.695000 -0.469651 -21.584801
v 104.940002 -0.415892 -33.804096
v 112.704994 -0.775872 -33.911800
v 113.056992 6.806119 -28.274200
v 116.681999 7.910640 -28.157402
v 116.612000 -0.800750 -24.604298
v 110.931999 -3.848549 -30.850903
v 107.561996 -3.574699 -43.992798
v 99.190186 8.041160 -41.660892
v 95.151100 5.433979 -35.588299
v 98.507301 5.739229 -30.468098
v 102.177002 5.725018 -33.851299
v 105.700989 8.413520 -38.138878
v 102.794960 8.740550 -30.569302
v 102.282990 0.415960 -28.232901
v 103.763992 0.468935 -40.991196
v 106.862000 6.128680 -35.131996
v 110.077995 0.107727 -40.890591
v 106.899002 -0.882905 -35.256195
v 110.276001 6.032029 -33.234703
v 111.639999 -0.013591 -30.800894
v 107.624001 -2.148540 -41.614601
v 95.070999 -0.267005 -43.956276
v 99.126762 -3.151009 -38.209099
v 102.814003 -3.251250 -31.771603
v 106.961990 8.656680 -28.039495
v 103.617004 6.144799 -33.410599
v 111.808998 6.196289 -29.956005
v 108.016006 8.933859 -46.295998
v 103.179001 -0.931017 -32.968899
v 106.254990 -1.954430 -35.612400
v 98.507599 -0.413649 -46.292301
v 103.172997 5.872479 -50.570702
v 100.195999 5.665720 -45.882805
v 92.817703 5.221760 -48.243690
v 96.572601 7.533289 -48.018105
v 96.520905 -3.080161 -45.628502
v 92.772903 -0.168938 -50.401695
v 100.353996 -0.967562 -3.309341
v 126.051109 -4.412249 -5.103940
v 120.443008 -5.170052 -2.049854
v 117.618362 -7.953950 -13.384323
v 124.840469 6.520576 -7.360516
v 128.154800 6.384908 -7.516982
v 126.616470 -0.343193 -12.209675
v 123.581329 -0.912962 -2.518942
v 124.190483 -4.440548 -1.371360
v 74.646706 0.647832 -10.412402
v 77.672798 9.522059 -1.860300
v 77.945503 11.167401 -8.889450
v 81.010399 11.362901 -12.394302
v 81.366699 -6.140409 -13.343500
v 79.942795 -6.145973 -14.953701
v 80.943398 -0.075083 -17.762997
v 65.879501 2.878403 -15.690301
v 65.990295 -6.195700 -8.044070
v 77.914299 -8.952380 -9.689200
v 65.854301 -9.572644 -7.528768
v 81.148697 -8.762571 -4.993750
v 65.629395 9.708787 -3.144130
v 74.739006 9.324310 -14.035402
v 81.035202 6.443771 -14.474274
v 79.882690 5.924055 -2.445409
v 65.271896 1.520145 -3.904068
v 65.528397 -6.340469 -2.426302
v 75.632607 -6.673741 -5.815640
v 53.184498 -5.582153 -10.971600
v 54.049408 -7.973229 -6.888341
v 52.251503 9.026970 -4.385350
v 51.903095 2.252995 -13.285301
v 52.685200 8.863639 -16.577953
v 65.879593 5.057389 -16.229649
v 52.887074 5.450974 -15.853001
v 54.082100 -5.084941 -4.802032
v 48.877102 2.269963 -6.158602
v 49.614105 -5.309432 -17.639099
v 52.983696 2.871710 -16.121597
v 50.799194 -4.857391 -7.105599
v 50.159203 9.091468 -13.618799
v 50.450603 8.905469 -12.618000
v 65.879898 9.562241 -11.407700
v 50.101608 -7.662339 -17.825298
v 50.201599 2.928881 -16.406296
v 50.285599 5.584500 -15.544299
v 39.476898 10.866197 -18.901234
v 39.244804 5.910322 -11.767905
v 46.444496 -6.477110 -6.905462
v 46.685001 -4.417351 -16.483200
v 47.513401 -3.646220 -5.364184
v 22.133331 4.203956 -8.589962
v 22.134743 -4.303001 -4.905770
v 37.534004 3.478673 -7.938263
v 39.117401 11.145800 -22.560038
v 22.136913 3.598682 -20.217400
v 39.153801 3.323424 -20.578882
v 22.136015 -4.431977 -14.621344
v 22.135378 -7.157223 -21.535902
v 22.136707 6.126964 -18.073774
v 22.136013 13.489603 -8.595241
v 22.133842 13.250121 -12.536401
v 89.766396 -0.168866 -10.205999
v 89.768402 -5.702422 -5.499461
v 89.767403 -8.094739 -7.014801
v 89.769501 10.266102 -11.700200
v 89.766998 5.778120 -5.643810
v 85.826660 12.459168 -3.874755
v 89.475693 11.331561 -10.160543
v 89.063339 12.145516 -10.000704
v 85.903976 13.655760 -10.000704
v 85.903976 13.655760 -6.119452
v 86.373993 14.304889 -6.013463
v 89.588112 13.304945 -6.013463
v 89.588112 13.304945 -10.160543
v 89.063339 12.145516 -10.000704
v 85.903976 13.655760 -3.129133
v 89.501221 11.302028 -2.358814
v 86.489189 14.161360 -3.129133
v 89.501221 11.302028 -3.068796
v 90.070290 12.609888 -2.049614
v 116.284447 -6.889502 -5.103716
v 119.048309 -4.286774 -12.510551
v 123.550514 6.554352 -12.209416
v 122.045563 -0.267424 -1.851760
v 117.920128 -7.461057 -5.676675
v 117.822678 -8.035542 -2.950468
v 118.806099 -6.136254 -4.288931
v 116.111008 -7.949529 -8.095606
v 115.347305 -8.204224 -6.345263
v 118.181671 -6.322561 -4.127792
v 119.878494 -4.624425 -4.612098
v 16.294710 4.524132 -8.222496
v 17.556448 -6.040445 -21.640894
v 17.558027 -5.439440 -23.858271
v 16.299154 3.769580 -14.973013
v 17.858139 -8.823852 -22.877283
v 15.952671 6.383333 -18.837091
v 14.525667 15.228992 -8.228405
v 14.522970 14.931587 -7.332056
v 14.110149 4.419858 -9.932861
v 15.291852 -5.474613 -19.598999
v 15.293335 -4.911731 -21.196318
v 14.114312 3.435172 -14.795694
v 15.574408 -8.081471 -20.395384
v 13.746516 5.633355 -17.579235
v 12.453314 12.635783 -9.937116
v 12.450789 12.357240 -3.129133
v 89.501221 11.302028 -2.671079
v 86.333481 13.003064 -7.461886
v 79.998398 14.939722 -4.524326
v 78.351952 15.895832 18.560089
v 121.806335 4.034827 12.456701
v 84.037300 -8.189289 15.198100
v 83.736992 -1.825847 10.018402
v 85.080200 11.239901 14.479403
v 83.964897 6.644218 5.715234
v 85.241211 12.289408 18.560089
v 121.806335 4.034827 18.047329
v 120.011978 -0.645476 18.168335
v 119.222229 9.938165 16.177706
v 113.652794 10.835408 15.151268
v 108.275688 4.254496 15.128593
v 110.000145 8.445862 16.035149
v 114.613586 -4.137804 15.342380
v 109.418518 -1.425972 15.128593
v 110.000145 8.445862 19.153700
v 108.052971 7.768508 21.885403
v 105.513969 6.815591 14.081123
v 123.015724 4.100595 11.055773
v 124.836380 4.182371 6.792741
v 84.084702 -11.844100 6.501644
v 125.942337 5.092071 -0.000000
v 84.090897 -12.448701 6.501644
v 125.942337 5.092071 0.396412
v 126.917732 9.173772 5.517297
v 123.325592 -0.300576 0.000954
v 122.065125 -2.803584 27.528999
v 102.722977 6.944330 21.603195
v 104.787964 7.567816 30.468094
v 102.177002 5.725012 28.039495
v 103.616974 6.144774 35.588295
v 98.507301 5.739231 41.660892
v 95.151100 5.433982 45.882797
v 92.817703 5.221765 29.956003
v 108.015961 8.933864 28.039495
v 103.616974 6.144774 28.039495
v 103.616974 6.144774 28.232897
v 103.764000 0.468913 30.800898
v 107.624039 -2.148537 33.234703
v 111.640007 -0.013562 33.410599
v 111.808975 6.196323 1.690504
v 122.466843 -2.047517 0.000001
v 85.183899 12.223100 1.371360
v 74.646706 0.647828 4.385350
v 51.903091 2.252988 4.802031
v 48.877098 2.269960 4.905769
v 37.534000 3.478666 2.445410
v 65.271904 1.520137 5.364183
v 22.133331 4.203952 0.000000
v 74.800301 0.591783 -0.000000
v 89.606270 11.291518 0.000000
v 86.119942 14.657022 -0.000001
v 90.177620 13.445774 -0.000000
v 88.933548 10.386488 4.612098
v 16.294710 4.524130 7.332055
v 14.110148 4.419857 17.639099
v 52.983696 2.871709 16.577955
v 65.879593 5.057388 16.229647
v 52.887074 5.450975 17.763000
v 65.879509 2.878401 17.825298
v 50.201591 2.928879 16.406296
v 50.285603 5.584499 20.217400
v 39.153801 3.323414 18.901234
v 39.244801 5.910320 22.560043
v 22.136911 3.598668 21.535904
v 22.136707 6.126959 23.858278
v 16.299154 3.769570 22.877281
v 15.952670 6.383334 21.196318
v 14.114315 3.435184 20.395384
v 13.746515 5.633354 -0.000000
v 89.183487 10.904441 3.874755
v 89.475693 11.331562 -0.000001
v 90.177620 13.445774 0.000000
v 86.112717 12.992552 2.671080
v 86.333481 13.003063 0.000000
v 86.112717 12.992552 0.000540
v 116.524399 -7.320017 0.001286
v 125.980240 12.729501 0.001219
v 125.067993 10.754913 0.396412
v 126.917732 9.173772 -0.000001
v 90.135193 11.467300 -18.559113
v 121.806000 4.041527 -12.456700
v 84.037300 -8.189293 -15.198100
v 83.736992 -1.825848 -10.018402
v 85.080200 11.239901 -14.479402
v 83.964897 6.644219 -5.715235
v 85.241203 12.289394 0.000653
v 113.070229 15.061474 0.000079
v 103.037888 13.500988 0.001044
v 120.092896 13.893181 -18.559113
v 121.806000 4.041527 -18.046471
v 120.017075 -0.640896 -18.167465
v 119.214996 9.941898 -16.176497
v 113.650856 10.834567 -15.150731
v 108.276222 4.251570 -15.127808
v 109.999054 8.443572 -16.034050
v 114.619392 -4.138633 -15.341821
v 109.421288 -1.428460 -19.153698
v 108.053001 7.768539 -15.127808
v 109.999054 8.443572 -21.885401
v 105.514000 6.815630 -14.080081
v 123.014854 4.108609 -0.000001
v 93.972801 13.440401 -11.054630
v 124.834717 4.194515 -6.792737
v 84.084702 -11.844103 -6.174027
v 125.942017 5.883394 -0.000000
v 84.090897 -12.448701 -0.000002
v 76.412201 -14.021500 0.000467
v 115.391586 -8.249680 0.000954
v 122.065125 -2.803584 -0.000038
v 106.476044 -11.490292 0.000000
v 95.987198 -12.685799 -0.000000
v 89.812004 -11.599901 -0.000000
v 84.090897 -12.448701 0.000000
v 65.768799 -14.843798 -0.000001
v 54.149696 -14.958501 -7.232805
v 54.176102 -14.317410 -0.000001
v 54.149696 -14.958501 0.000000
v 40.778797 -14.819800 -7.212842
v 40.805298 -14.067901 0.000001
v 85.183899 12.223100 -6.174027
v 125.942017 5.883394 0.396412
v 126.917732 9.173772 -5.515225
v 123.328583 -0.298033 0.357724
v 126.671646 8.566251 -0.000002
v 133.700607 7.865191 -0.000001
v 128.656601 -2.561172 0.000954
v 122.065125 -2.803584 -21.603203
v 104.788002 7.567858 -27.528997
v 102.722992 6.944359 -30.468098
v 102.177002 5.725018 -28.039495
v 103.617004 6.144799 -35.588299
v 98.507301 5.739229 -41.660892
v 95.151100 5.433979 -45.882805
v 92.817703 5.221760 -29.956005
v 108.016006 8.933859 -28.039495
v 103.617004 6.144799 -28.039495
v 103.617004 6.144799 -28.232901
v 103.763992 0.468935 -30.800894
v 107.624001 -2.148540 -33.234703
v 111.639999 -0.013591 -33.410599
v 111.808998 6.196289 -1.688538
v 122.467354 -2.047501 0.000001
v 85.183899 12.223100 -0.516959
v 123.267624 -5.303755 0.000600
v 118.012772 -8.384451 0.001286
v 125.980240 12.729501 0.470851
v 128.974136 10.243687 -0.000000
v 76.291000 6.937799 0.000000
v 74.800301 0.591783 -1.371360
v 74.646706 0.647832 -4.385350
v 51.903095 2.252995 -4.802032
v 48.877102 2.269963 -4.905770
v 37.534004 3.478673 -2.445409
v 65.271896 1.520145 -5.364184
v 22.133331 4.203956 0.000001
v 75.542198 -7.178351 0.000000
v 74.800301 0.591783 0.000000
v 80.861198 11.985700 -0.000001
v 81.068398 -9.729590 -0.000000
v 89.772293 10.834199 -0.000000
v 89.199394 -9.025899 0.000000
v 89.767189 -8.977000 -0.000000
v 86.631348 12.990047 -0.000000
v 89.183487 10.904441 -0.000000
v 89.606270 11.291518 -0.000000
v 88.933548 10.386488 0.000000
v 86.119942 14.657022 0.000000
v 86.112717 12.992552 -0.000000
v 89.606270 11.291518 -0.000001
v 90.177620 13.445774 -0.000001
v 90.177620 13.445774 0.000000
v 86.119942 14.657022 -0.000000
v 86.447563 12.115167 -0.000000
v 88.933548 10.386488 -4.612098
v 16.294710 4.524132 -7.332056
v 14.110149 4.419858 -16.229649
v 52.887074 5.450974 -16.577953
v 65.879593 5.057389 -17.639099
v 52.983696 2.871710 -17.762997
v 65.879501 2.878403 -16.406296
v 50.285599 5.584500 -17.825298
v 50.201599 2.928881 -20.217400
v 39.153801 3.323424 -18.901234
v 39.244804 5.910322 -21.535902
v 22.136707 6.126964 -22.560038
v 22.136913 3.598682 -23.858271
v 16.299154 3.769580 -22.877283
v 15.952671 6.383333 -21.196318
v 14.114312 3.435172 -20.395384
v 13.746516 5.633355 -0.000000
v 89.183487 10.904441 -3.874755
v 89.475693 11.331561 -0.000001
v 90.177620 13.445774 -2.671079
v 86.333481 13.003064 0.000000
v 86.112717 12.992552 0.000000
v 86.112717 12.992552 0.000540
v 116.524399 -7.320017 0.000540
v 116.524399 -7.320017 0.001206
v 124.690147 11.553438 0.001286
v 125.980240 12.729501 0.214844

vt 0.277125 0.998741
vt 0.319529 0.998784
vt 0.922736 0.998739
vt 0.463527 0.998710
vt 0.769078 0.998725
vt 0.615634 0.907645
vt 0.948435 0.796546
vt 0.371674 0.720566
vt 0.077754 0.768046
vt 0.772311 0.706508
vt 0.014282 0.709560
vt 0.051541 0.642038
vt 0.015434 0.629934
vt 0.054787 0.923534
vt 0.330062 0.677489
vt 0.187072 0.663209
vt 0.120343 0.666172
vt 0.065502 0.683119
vt 0.017437 0.773273
vt 0.694590 0.882078
vt 0.839871 0.845905
vt 0.748959 0.745594
vt 0.935916 0.813720
vt 0.910075 0.755748
vt 0.182427 0.779116
vt 0.533146 0.916753
vt 0.232992 0.695897
vt 0.691832 0.691985
vt 0.756023 0.806073
vt 0.184827 0.692362
vt 0.518337 0.612869
vt 0.692080 0.568647
vt 0.709021 0.552251
vt 0.481286 0.597323
vt 0.505229 0.800310
vt 0.293800 0.776203
vt 0.613085 0.692818
vt 0.621105 0.604538
vt 0.632360 0.790006
vt 0.443396 0.702032
vt 0.446436 0.610962
vt 0.442899 0.761841
vt 0.130756 0.812704
vt 0.123707 0.560087
vt 0.647440 0.744901
vt 0.237816 0.797617
vt 0.227775 0.565844
vt 0.419945 0.656759
vt 0.350134 0.675922
vt 0.299367 0.738264
vt 0.305208 0.731937
vt 0.364165 0.808651
vt 0.176508 0.689033
vt 0.528952 0.862746
vt 0.174618 0.576600
vt 0.522227 0.685499
vt 0.602355 0.573805
vt 0.588720 0.715870
vt 0.424770 0.641184
vt 0.401473 0.813432
vt 0.131691 0.867709
vt 0.131333 0.786005
vt 0.238246 0.824676
vt 0.234726 0.061633
vt 0.216798 0.145779
vt 0.108842 0.061632
vt 0.132571 0.287420
vt 0.151389 0.284419
vt 0.085395 0.061664
vt 0.474987 0.061585
vt 0.604826 0.151942
vt 0.631961 0.154604
vt 0.027235 0.456744
vt 0.826467 0.456919
vt 0.722345 0.471275
vt 0.653647 0.412032
vt 0.613528 0.416251
vt 0.562576 0.457028
vt 0.574392 0.396465
vt 0.676625 0.521282
vt 0.633534 0.480374
vt 0.571723 0.340652
vt 0.826739 0.341336
vt 0.762253 0.293727
vt 0.212353 0.304739
vt 0.288805 0.224054
vt 0.467066 0.180801
vt 0.541677 0.308703
vt 0.425502 0.061648
vt 0.345327 0.316193
vt 0.506382 0.338550
vt 0.612188 0.260472
vt 0.586280 0.544305
vt 0.449955 0.575402
vt 0.358578 0.473452
vt 0.433085 0.512684
vt 0.358133 0.306724
vt 0.356492 0.574003
vt 0.923802 0.345732
vt 0.895876 0.406245
vt 0.430765 0.395707
vt 0.492198 0.271685
vt 0.763291 0.551408
vt 0.205117 0.497969
vt 0.218453 0.573534
vt 0.304336 0.510604
vt 0.301809 0.270412
vt 0.819222 0.276452
vt 0.883217 0.411453
vt 0.352867 0.408639
vt 0.290662 0.405921
vt 0.217942 0.359945
vt 0.097218 0.391710
vt 0.144295 0.427633
vt 0.087929 0.456713
vt 0.143906 0.001406
vt 0.216797 0.001404
vt 0.132570 0.001421
vt 0.345327 0.001371
vt 0.697992 0.001437
vt 0.474986 0.001359
vt 0.604826 0.601886
vt 0.195985 0.606080
vt 0.119611 0.813734
vt 0.825716 0.829407
vt 0.978902 0.758703
vt 0.987891 0.787869
vt 0.864532 0.743450
vt 0.887558 0.709216
vt 0.951495 0.717526
vt 0.996291 0.656613
vt 0.288007 0.734372
vt 0.290611 0.766276
vt 0.075039 0.816586
vt 0.076195 0.627974
vt 0.747915 0.858664
vt 0.076962 0.857239
vt 0.119485 0.839203
vt 0.222902 0.850348
vt 0.182612 0.998730
vt 0.181280 0.010397
vt 0.846794 0.080841
vt 0.772034 0.114824
vt 0.888567 0.017596
vt 0.960608 0.145782
vt 0.686219 0.192122
vt 0.822460 0.010397
vt 0.846794 0.080841
vt 0.772034 0.114824
vt 0.888567 0.017596
vt 0.960608 0.145782
vt 0.686219 0.192122
vt 0.822460 0.010397
vt 0.846794 0.017596
vt 0.960608 0.114824
vt 0.888567 0.080841
vt 0.772034 0.192122
vt 0.822460 0.145782
vt 0.686219 0.522462
vt 0.518220 0.519440
vt 0.585389 0.774672
vt 0.281105 0.815602
vt 0.271770 0.601856
vt 0.374844 0.617696
vt 0.322753 0.010397
vt 0.846794 0.017596
vt 0.960608 0.114824
vt 0.888567 0.080841
vt 0.772034 0.010397
vt 0.846794 0.017596
vt 0.960608 0.114824
vt 0.888567 0.080841
vt 0.772034 0.010397
vt 0.846794 0.080841
vt 0.772034 0.114824
vt 0.888567 0.017596
vt 0.960608 0.572048
vt 0.795414 0.550079
vt 0.668240 0.258773
vt 0.521296 0.322549
vt 0.655298 0.241210
vt 0.643468 0.291050
vt 0.549367 0.341852
vt 0.571476 0.380212
vt 0.627525 0.369866
vt 0.664860 0.497396
vt 0.980404 0.368994
vt 0.989127 0.344951
vt 0.692723 0.276986
vt 0.694040 0.465066
vt 0.484402 0.220177
vt 0.694892 0.198637
vt 0.762710 0.209739
vt 0.890773 0.197874
vt 0.816730 0.061643
vt 0.024892 0.298181
vt 0.949815 0.242798
vt 0.937876 0.495928
vt 0.122009 0.062754
vt 0.697993 0.001416
vt 0.024892 1.000000
vt 0.007676 0.837325
vt 0.007676 0.902840
vt 0.007676 0.607280
vt 0.007676 0.681255
vt 0.007676 0.763641
vt 0.193519 0.838214
vt 0.206741 0.913421
vt 0.200515 0.608389
vt 0.220332 0.687408
vt 0.202057 0.799621
vt 0.842411 0.862951
vt 0.842411 0.927256
vt 0.842411 0.678011
vt 0.842411 0.624698
vt 0.379590 0.699088
vt 0.323030 0.766865
vt 0.285364 0.839861
vt 0.295997 0.914772
vt 0.271676 0.678011
vt 0.714309 0.746176
vt 0.714309 0.799621
vt 0.714309 0.862951
vt 0.714309 0.927256
vt 0.714309 0.799621
vt 0.978734 0.769688
vt 0.381947 0.746176
vt 0.842411 0.708566
vt 0.978734 0.833930
vt 0.378264 0.678011
vt 0.630273 0.746176
vt 0.630273 0.862951
vt 0.630273 0.927256
vt 0.630273 0.799621
vt 0.630273 0.587491
vt 0.588037 0.984166
vt 0.007676 0.554033
vt 0.722484 0.527960
vt 0.248905 0.983982
vt 0.842411 0.607288
vt 0.842411 0.529706
vt 0.443237 0.607288
vt 0.714309 0.693617
vt 0.472213 0.983982
vt 0.978734 0.607288
vt 0.630273 0.734209
vt 0.476573 0.734563
vt 0.476562 0.982380
vt 0.187382 0.982307
vt 0.275742 0.983982
vt 0.630273 0.983982
vt 0.714309 0.813075
vt 0.473971 0.769696
vt 0.478291 0.813450
vt 0.473947 0.759285
vt 0.007676 0.837325
vt 0.007676 0.838214
vt 0.206741 0.763641
vt 0.193519 0.902840
vt 0.007676 0.913421
vt 0.200515 0.859446
vt 0.294117 0.982614
vt 0.292753 0.985587
vt 0.463162 0.861179
vt 0.472874 0.862951
vt 0.842411 0.799621
vt 0.842411 0.799621
vt 0.714309 0.862951
vt 0.714309 0.927256
vt 0.842411 0.927256
vt 0.714309 0.678011
vt 0.714309 0.678011
vt 0.842411 0.746176
vt 0.842411 0.746176
vt 0.714309 0.699088
vt 0.323030 0.624698
vt 0.379590 0.765984
vt 0.285051 0.839861
vt 0.295997 0.914772
vt 0.271676 0.678011
vt 0.630273 0.746176
vt 0.630273 0.799621
vt 0.630273 0.862951
vt 0.630273 0.927256
vt 0.630273 0.708566
vt 0.978734 0.799621
vt 0.978734 0.833930
vt 0.378264 0.769688
vt 0.381947 0.237647
vt 0.250732 0.228928
vt 0.518468 0.309280
vt 0.306531 0.253539
vt 0.353426 0.398480
vt 0.279440 0.418584
vt 0.210232 0.360904
vt 0.126035 0.342193
vt 0.238484 0.255325
vt 0.179126 0.033844
vt 0.367144 0.021427
vt 0.478367 0.318486
vt 0.542381 0.235483
vt 0.625364 0.317872
vt 0.603195 0.061437
vt 0.264448 0.138869
vt 0.242341 0.363189
vt 0.164775 0.071046
vt 0.880810 0.155602
vt 0.985639 0.073410
vt 0.961157 0.269086
vt 0.704628 0.114728
vt 0.918559 0.236726
vt 0.925581 0.369780
vt 0.517752 0.364797
vt 0.485415 0.365150
vt 0.024557 0.320878
vt 0.062833 0.412507
vt 0.155752 0.379528
vt 0.094943 0.397959
vt 0.529400 0.398326
vt 0.481517 0.369540
vt 0.564882 0.777886
vt 0.125599 0.488223
vt 0.536816 0.173712
vt 0.773431 0.557815
vt 0.485099 0.650987
vt 0.485860 0.458639
vt 0.443462 0.445744
vt 0.382556 0.612833
vt 0.103544 0.513561
vt 0.409483 0.112302
vt 0.890340 0.712528
vt 0.357603 0.727878
vt 0.478524 0.315641
vt 0.661661 0.261067
vt 0.743237 0.689226
vt 0.251737 0.598190
vt 0.237488 0.478830
vt 0.354229 0.149218
vt 0.853656 0.224795
vt 0.889629 0.206463
vt 0.846508 0.550732
vt 0.020349 0.436604
vt 0.307874 0.372896
vt 0.582239 0.376067
vt 0.609492 0.422306
vt 0.572842 0.526392
vt 0.588991 0.188477
vt 0.809095 0.148527
vt 0.720958 0.661696
vt 0.035781 0.703647
vt 0.133522 0.285909
vt 0.107739 0.319274
vt 0.122942 0.299665
vt 0.206277 0.454080
vt 0.572589 0.483812
vt 0.500262 0.635988
vt 0.070174 0.605943
vt 0.019822 0.582687
vt 0.558334 0.564983
vt 0.446793 0.554981
vt 0.391306 0.543739
vt 0.298896 0.612018
vt 0.515309 0.611854
vt 0.443901 0.582228
vt 0.371896 0.173223
vt 0.537762 0.170470
vt 0.497129 0.223922
vt 0.448495 0.211721
vt 0.351991 0.191325
vt 0.426163 0.181582
vt 0.588997 0.967183
vt 0.591104 0.091982
vt 0.192216 0.145144
vt 0.116942 0.316377
vt 0.023626 0.168968
vt 0.148114 0.242150
vt 0.066843 0.235849
vt 0.041697 0.248573
vt 0.100602 0.196000
vt 0.180751 0.967183
vt 0.591104 0.655000
vt 0.188180 0.587034
vt 0.113909 0.394756
vt 0.021479 0.564373
vt 0.150500 0.478256
vt 0.063961 0.490725
vt 0.035950 0.464533
vt 0.101994 0.516209
vt 0.186517 0.107492
vt 0.208797 0.070891
vt 0.271925 0.641960
vt 0.201040 0.670397
vt 0.266473 0.461644
vt 0.710624 0.283898
vt 0.815082 0.684283
vt 0.717457 0.601754
vt 0.723813 0.520901
vt 0.745861 0.764251
vt 0.725257 0.617409
vt 0.840103 0.699711
vt 0.827330 0.638753
vt 0.981425 0.749192
vt 0.951585 0.532952
vt 0.853932 0.533751
vt 0.980283 0.448906
vt 0.875336 0.432799
vt 0.798887 0.443127
vt 0.964033 0.379162
vt 0.885822 0.349924
vt 0.859649 0.383039
vt 0.936743 0.305975
vt 0.863672 0.370791
vt 0.761057 0.864559
vt 0.315737 0.917689
vt 0.315189 0.793782
vt 0.316314 0.979455
vt 0.315794 0.913379
vt 0.207464 0.863254
vt 0.207513 0.791748
vt 0.198272 0.984711
vt 0.207608 0.907745
vt 0.127672 0.870294
vt 0.128197 0.804582
vt 0.104336 0.967056
vt 0.105979 0.889052
vt 0.017599 0.461644
vt 0.710624 0.684283
vt 0.717457 0.601754
vt 0.723813 0.520901
vt 0.745861 0.764251
vt 0.725257 0.617409
vt 0.840103 0.699711
vt 0.827330 0.532952
vt 0.853932 0.448906
vt 0.875336 0.432799
vt 0.798887 0.379162
vt 0.885822 0.349924
vt 0.859649 0.370791
vt 0.761057 0.864559
vt 0.315737 0.917689
vt 0.315189 0.913379
vt 0.207464 0.863254
vt 0.207513 0.907745
vt 0.127672 0.870294
vt 0.128197 0.231938
vt 0.985062 0.151939
vt 0.423305 0.197313
vt 0.348716 0.181501
vt 0.422888 0.253539
vt 0.353426 0.768317
vt 0.314535 0.704659
vt 0.366591 0.893408
vt 0.978734 0.914376
vt 0.500560 0.850773
vt 0.595241 0.850773
vt 0.500560 0.914376
vt 0.595241 0.796481
vt 0.595241 0.796766
vt 0.500560 0.738800
vt 0.595241 0.738800
vt 0.500560 0.685584
vt 0.595241 0.685584
vt 0.500560 0.627871
vt 0.500560 0.627871
vt 0.595241 0.852862
vt 0.469717 0.551362
vt 0.466837 0.529403
vt 0.525049 0.579203
vt 0.436983 0.523518
vt 0.660734 0.519212
vt 0.596020 0.530170
vt 0.007676 0.607288
vt 0.978734 0.984428
vt 0.500560 0.984428
vt 0.595241 0.620951
vt 0.453593 0.982380
vt 0.187382 0.984166
vt 0.007676 0.681255
vt 0.007676 0.687408
vt 0.202057 0.607288
vt 0.842411 0.607288
vt 0.714309 0.608389
vt 0.220332 0.982307
vt 0.275742 0.983982
vt 0.630273 0.983982
vt 0.714309 0.768317
vt 0.314535 0.813075
vt 0.473971 0.769696
vt 0.478291 0.734209
vt 0.476573 0.693617
vt 0.472213 0.704659
vt 0.366591 0.893408
vt 0.978734 0.983982
vt 0.842411 0.983982
vt 0.978734 0.850773
vt 0.500560 0.850773
vt 0.595241 0.914376
vt 0.500560 0.914376
vt 0.595241 0.796766
vt 0.500560 0.796481
vt 0.595241 0.738800
vt 0.500560 0.738800
vt 0.595241 0.685584
vt 0.500560 0.685584
vt 0.595241 0.627871
vt 0.500560 0.627871
vt 0.595241 0.852862
vt 0.469717 0.813450
vt 0.473947 0.734563
vt 0.476562 0.529403
vt 0.525049 0.587491
vt 0.588037 0.551362
vt 0.466837 0.579203
vt 0.436983 0.554033
vt 0.722484 0.523518
vt 0.660734 0.519212
vt 0.596020 0.607280
vt 0.007676 0.530170
vt 0.007676 0.527960
vt 0.248905 0.529706
vt 0.443237 0.607288
vt 0.630273 0.607288
vt 0.978734 0.984428
vt 0.500560 0.984428
vt 0.595241 0.620951
vt 0.453593 0.359007
vt 0.361640 0.112800
vt 0.395767 0.119853
vt 0.480151 0.308523
vt 0.493002 0.129363
vt 0.318171 0.011410
vt 0.877825 0.174242
vt 0.333640 0.730515
vt 0.228949 0.641744
vt 0.397042 0.253638
vt 0.786853 0.668401
vt 0.175596 0.276490
vt 0.848463 0.277643
vt 0.984716 0.301778
vt 0.957068 0.298915
vt 0.903795 0.611622
vt 0.317833 0.588237
vt 0.328082 0.290423
vt 0.765878 0.719109
vt 0.075523 0.253355
vt 0.812961 0.610682
vt 0.606934 0.276142
vt 0.877493 0.938926
vt 0.516335 0.861299
vt 0.479574 0.942309
vt 0.629137 0.878520
vt 0.570863 0.783688
vt 0.433190 0.811103
vt 0.490731 0.861299
vt 0.479574 0.938926
vt 0.516335 0.942309
vt 0.629137 0.878520
vt 0.570863 0.783688
vt 0.433190 0.811103
vt 0.490731 0.692260
vt 0.617775 0.807206
vt 0.625644 0.512701
vt 0.657742 0.589114
vt 0.633706 0.862725
vt 0.404688 0.918308
vt 0.404556 0.791942
vt 0.405246 0.980066
vt 0.405245 0.865113
vt 0.292010 0.914403
vt 0.291973 0.799877
vt 0.292141 0.969384
vt 0.292095 0.460726
vt 0.636002 0.807206
vt 0.625644 0.692260
vt 0.617775 0.512701
vt 0.657742 0.589114
vt 0.633706 0.862725
vt 0.404688 0.918308
vt 0.404556 0.865113
vt 0.292010 0.914403
vt 0.291973 0.460726
vt 0.636002 1.000000
vt 0.416065 0.159793
vt 0.415986 0.159793
vt 0.415986 0.258913
vt 0.503190 0.258994
vt 0.326306 0.976328
vt 0.170334 0.976328
vt 0.170334 0.976328
vt 0.310467 0.976328
vt 0.016035 0.967168
vt 0.483111 0.014534
vt 0.057035 0.237071
vt 0.015332 0.237071
vt 0.015332 0.014869
vt 0.174477 0.175379
vt 0.153487 0.175379
vt 0.153487 0.015036
vt 0.392067 0.134677
vt 0.369571 0.134677
vt 0.369571 0.015187
vt 0.979096 0.097676
vt 0.967957 0.097676
vt 0.967957 0.959156
vt 0.942585 0.554695
vt 0.942724 0.793103
vt 0.942626 0.554695
vt 0.942724 0.338169
vt 0.806839 0.554442
vt 0.806361 0.770714
vt 0.805884 0.378560
vt 0.633166 0.554188
vt 0.632800 0.729816
vt 0.632433 0.459713
vt 0.458863 0.553966
vt 0.458619 0.648218
vt 0.458376 0.316288
vt 0.942822 0.139444
vt 0.942863 0.793103
vt 0.942626 0.170494
vt 0.807037 0.338169
vt 0.806839 0.554442
vt 0.806361 0.770714
vt 0.805884 0.943427
vt 0.805686 0.228859
vt 0.632928 0.378560
vt 0.633166 0.554188
vt 0.632800 0.729816
vt 0.632433 0.885694
vt 0.632282 0.342580
vt 0.458964 0.459713
vt 0.458863 0.553966
vt 0.458619 0.648218
vt 0.458376 0.770389
vt 0.458275 0.553896
vt 0.338372 0.316288
vt 0.942822 0.911479
vt 0.942598 0.911479
vt 0.942598 0.943427
vt 0.805686 0.124288
vt 0.537586 0.015073
vt 0.536896 0.124291
vt 0.537530 0.244370
vt 0.169472 0.244370
vt 0.275634 0.244370
vt 0.169472 0.244370
vt 0.052579 0.842139
vt 0.483091 0.967087
vt 0.612213 0.842139
vt 0.483091 0.967249
vt 0.351303 1.000000
vt 0.865020 0.255860
vt 0.864885 0.498369
vt 0.983310 0.498085
vt 0.864559 0.765385
vt 0.983243 0.740310
vt 0.864232 0.122152
vt 0.746040 0.301098
vt 0.746202 0.497801
vt 0.745952 0.694504
vt 0.745701 0.878757
vt 0.745598 0.249519
vt 0.627158 0.391989
vt 0.627089 0.497552
vt 0.626922 0.603115
vt 0.626755 0.749615
vt 0.626686 0.497474
vt 0.536882 0.255860
vt 0.864885 0.498369
vt 0.983310 0.498085
vt 0.864559 0.740310
vt 0.864232 0.978762
vt 0.983215 0.943417
vt 0.864097 0.301098
vt 0.746202 0.497801
vt 0.745952 0.694504
vt 0.745701 0.391989
vt 0.627089 0.497552
vt 0.626922 0.603115
vt 0.626755 0.514232
vt 0.443063 0.987746
vt 0.443391 0.762790
vt 0.443146 0.231353
vt 0.983378 0.765385
vt 0.983243 0.514232
vt 0.443063 0.022007
vt 0.983405 0.231353
vt 0.983378 0.255860
vt 0.864885 0.498085
vt 0.864559 0.740310
vt 0.864232 0.301098
vt 0.746202 0.497801
vt 0.745952 0.694504
vt 0.745701 0.391989
vt 0.627089 0.497552
vt 0.626922 0.603115
vt 0.626755 0.265246
vt 0.443143 0.038541
vt 0.443394 0.762790
vt 0.443146 0.056782
vt 0.865020 0.255860
vt 0.864885 0.498085
vt 0.864559 0.740310
vt 0.864232 0.943417
vt 0.864097 0.122152
vt 0.746040 0.301098
vt 0.746202 0.497801
vt 0.745952 0.694504
vt 0.745701 0.878757
vt 0.745598 0.249519
vt 0.627158 0.391989
vt 0.627089 0.497552
vt 0.626922 0.603115
vt 0.626755 0.749615
vt 0.626686 0.497474
vt 0.536882 0.265246
vt 0.443143 0.914401
vt 0.226613 0.979183
vt 0.226675 0.979183
vt 0.226675 0.979183
vt 0.413052 0.979183
vt 0.021458 0.356437
vt 0.226675 0.356437
vt 0.226675 0.356437
vt 0.413052 0.356437
vt 0.021458 0.411896
vt 0.224944 0.275437
vt 0.217673 0.275437
vt 0.217673 0.275437
vt 0.403614 0.275437
vt 0.018926 0.024050
vt 0.217673 0.024050
vt 0.217673 0.024050
vt 0.403614 0.024050
vt 0.018926 0.265365
vt 0.501449 0.038783
vt 0.501600 0.514408
vt 0.501786 0.762784
vt 0.501614 0.987710
vt 0.501472 0.265365
vt 0.501449 0.038541
vt 0.443394 0.038783
vt 0.501600 0.514408
vt 0.501786 0.762784
vt 0.501614 0.987710
vt 0.501472 0.987746
vt 0.443391 0.022007
vt 0.983405 0.231353
vt 0.983378 0.498369
vt 0.983310 0.765385
vt 0.983243 0.978762
vt 0.983215 0.231353
vt 0.983378 0.498369
vt 0.983310 0.765385
vt 0.983243 0.356437
vt 0.226675 1.000000
vt 0.232372 0.306002
vt 0.238624 0.430586
vt 0.364793 0.340883
vt 0.365758 0.452667
vt 0.503931 0.143611
vt 0.487675 0.128589
vt 0.640205 0.400912
vt 0.540982 0.433324
vt 0.428056 0.246595
vt 0.756174 0.022667
vt 0.687460 0.161947
vt 0.431200 0.423647
vt 0.314910 0.404916
vt 0.713159 0.500001
vt 0.528526 0.336083
vt 0.421055 0.373996
vt 0.764717 0.247614
vt 0.373853 0.042029
vt 0.499204 0.239668
vt 0.855405 0.359780
vt 0.882175 0.141164
vt 0.759763 0.143833
vt 0.534640 0.319477
vt 0.522644 0.189843
vt 0.664848 0.215569
vt 0.523660 0.239198
vt 0.423462 0.121177
vt 0.876415 0.237456
vt 0.944802 0.359183
vt 0.985184 0.337956
vt 0.731681 0.256466
vt 0.718335 0.500001
vt 0.498139 0.500001
vt 0.615419 0.500001
vt 0.564817 0.500001
vt 0.427745 0.500001
vt 0.767891 0.500001
vt 0.888781 0.500001
vt 0.360773 0.484058
vt 0.309444 0.500001
vt 0.989109 0.421184
vt 0.247518 0.039613
vt 0.042906 0.670618
vt 0.095355 0.027470
vt 0.083640 0.224368
vt 0.021502 0.198865
vt 0.181734 0.116385
vt 0.224142 0.094018
vt 0.329279 0.227964
vt 0.473880 0.325109
vt 0.473566 0.336054
vt 0.319464 0.049625
vt 0.785180 0.202400
vt 0.322420 0.500001
vt 0.694778 0.812958
vt 0.232372 0.693999
vt 0.238624 0.569416
vt 0.364793 0.659118
vt 0.365758 0.547334
vt 0.503931 0.856390
vt 0.487675 0.871412
vt 0.640205 0.599089
vt 0.540982 0.566677
vt 0.428056 0.753406
vt 0.756174 0.977334
vt 0.687460 0.838054
vt 0.431200 0.576354
vt 0.314910 0.595085
vt 0.713159 0.663918
vt 0.421055 0.626005
vt 0.764717 0.752387
vt 0.373853 0.957972
vt 0.499204 0.760333
vt 0.855405 0.640221
vt 0.882175 0.858837
vt 0.759763 0.856168
vt 0.534640 0.680524
vt 0.522644 0.810158
vt 0.664848 0.784432
vt 0.523660 0.760803
vt 0.423462 0.878824
vt 0.876415 0.762545
vt 0.944802 0.640818
vt 0.985184 0.662045
vt 0.731681 0.743535
vt 0.718335 0.039613
vt 0.042906 0.670618
vt 0.095355 0.027470
vt 0.083640 0.224368
vt 0.021502 0.198865
vt 0.181734 0.905983
vt 0.329279 0.772037
vt 0.473880 0.674892
vt 0.473566 0.663947
vt 0.319464 0.950376
vt 0.785180 0.797601
vt 0.322420 0.384984
vt 0.052593 0.380227
vt 0.224281 0.668427
vt 0.034119 0.786271
vt 0.043977 0.894150
vt 0.123123 0.893351
vt 0.093158 0.635992
vt 0.158302 0.777117
vt 0.158802 0.013506
vt 0.401670 0.578817
vt 0.247518 0.515943
vt 0.309444 0.384984
vt 0.052593 0.380227
vt 0.224281 0.668427
vt 0.034119 0.786271
vt 0.043977 0.894150
vt 0.123123 0.893351
vt 0.093158 0.635992
vt 0.158302 0.777117
vt 0.158802 0.986495
vt 0.401670 0.883616
vt 0.224142 1.000000
vt 0.394827 0.359176
vt 0.771401 0.370936
vt 0.570030 0.675513
vt 0.411868 0.413675
vt 0.462095 0.355130
vt 0.669085 0.469824
vt 0.413411 0.371725
vt 0.084815 0.271188
vt 0.116506 0.383476
vt 0.128890 0.291276
vt 0.146005 0.420816
vt 0.339117 0.209549
vt 0.204168 0.258446
vt 0.339058 0.200871
vt 0.564963 0.193426
vt 0.662977 0.149525
vt 0.279628 0.187644
vt 0.180625 0.013612
vt 0.579681 0.009919
vt 0.658254 0.140716
vt 0.383176 0.016141
vt 0.787376 0.198313
vt 0.778549 0.482323
vt 0.217641 0.024033
vt 0.860075 0.212047
vt 0.884600 0.477854
vt 0.099325 0.583606
vt 0.138877 0.654940
vt 0.693272 0.549654
vt 0.737423 0.547566
vt 0.948281 0.654126
vt 0.978091 0.748765
vt 0.716132 0.745802
vt 0.954586 0.229699
vt 0.051786 0.034809
vt 0.449858 0.046691
vt 0.991493 0.329355
vt 0.415465 0.534621
vt 0.306394 0.378064
vt 0.270177 0.346379
vt 0.151252 0.326176
vt 0.122571 0.553494
vt 0.394827 0.359176
vt 0.771401 0.370936
vt 0.570030 0.675513
vt 0.411868 0.413675
vt 0.462095 0.355130
vt 0.669085 0.469824
vt 0.413411 0.371725
vt 0.084815 0.271188
vt 0.116506 0.383476
vt 0.128890 0.291276
vt 0.146005 0.420816
vt 0.339117 0.209549
vt 0.204168 0.258446
vt 0.339058 0.200871
vt 0.564963 0.193426
vt 0.662977 0.149525
vt 0.279628 0.187644
vt 0.180625 0.013612
vt 0.579681 0.009919
vt 0.658254 0.140716
vt 0.383176 0.016141
vt 0.787376 0.198313
vt 0.778549 0.482323
vt 0.217641 0.024033
vt 0.860075 0.212047
vt 0.884600 0.477854
vt 0.099325 0.583606
vt 0.138877 0.654940
vt 0.693272 0.549654
vt 0.737423 0.547566
vt 0.948281 0.654126
vt 0.978091 0.748765
vt 0.716132 0.745802
vt 0.954586 0.229699
vt 0.051786 0.034809
vt 0.449858 0.046691
vt 0.991493 0.329355
vt 0.415465 0.534621
vt 0.306394 0.378064
vt 0.270177 0.346379
vt 0.151252 0.326176
vt 0.122571 0.731542
vt 0.265660 0.363428
vt 0.015446 0.497576
vt 0.025542 0.612189
vt 0.054581 0.696289
vt 0.077270 0.071193
vt 0.257946 0.049605
vt 0.367899 0.131460
vt 0.140935 0.506634
vt 0.841602 0.928246
vt 0.945238 0.814372
vt 0.952942 0.928900
vt 0.741579 0.818487
vt 0.727919 0.974251
vt 0.791047 0.973916
vt 0.902084 0.383747
vt 0.880777 0.731542
vt 0.265660 0.363428
vt 0.015446 0.497576
vt 0.025542 0.612189
vt 0.054581 0.696289
vt 0.077270 0.071193
vt 0.257946 0.049605
vt 0.367899 0.131460
vt 0.140935 0.506634
vt 0.841602 0.928246
vt 0.945238 0.928900
vt 0.741579 0.814372
vt 0.952942 0.818487
vt 0.727919 0.974251
vt 0.791047 0.973916
vt 0.902084 0.383747
vt 0.880777 1.000000
vt 0.906250 0.824219
vt 0.718750 0.835938
vt 0.816406 0.796875
vt 0.816406 0.808594
vt 0.531250 0.800781
vt 0.476562 0.449219
vt 0.804688 0.429688
vt 0.710938 0.406250
vt 0.566406 0.406250
vt 0.476562 0.511719
vt 0.875000 0.511719
vt 0.816406 0.734375
vt 0.734375 0.589844
vt 0.601562 0.500000
vt 0.746094 0.710938
vt 0.585938 0.496094
vt 0.609375 0.695312
vt 0.539062 0.488281
vt 0.554688 0.695312
vt 0.476562 0.566406
vt 0.476562 0.472656
vt 0.476562 0.421875
vt 0.625000 0.586547
vt 0.781959 0.709619
vt 0.770341 0.382767
vt 0.378970 0.395641
vt 0.119674 0.149155
vt 0.207783 0.151421
vt 0.094481 0.153225
vt 0.014717 0.006930
vt 0.293416 0.008290
vt 0.202775 0.007801
vt 0.088732 0.005995
vt 0.013707 0.267765
vt 0.300484 0.268444
vt 0.216092 0.274669
vt 0.101389 0.280704
vt 0.014860 0.342773
vt 0.886719 0.453125
vt 0.882812 0.542969
vt 0.925781 0.797694
vt 0.400389 0.874099
vt 0.399521 0.692399
vt 0.399521 0.806138
vt 0.366583 0.677456
vt 0.365715 0.753906
vt 0.949219 0.839938
vt 0.399521 0.917969
vt 0.609375 0.730469
vt 0.671875 0.621094
vt 0.679688 0.496094
vt 0.687500 0.917969
vt 0.816406 0.820312
vt 0.917969 0.828125
vt 0.601562 0.574219
vt 0.542969 0.381924
vt 0.299562 0.383964
vt 0.224628 0.868675
vt 0.365715 0.741726
vt 0.365715 0.804688
vt 0.972656 0.480469
vt 0.945312 0.429688
vt 0.937500 0.342773
vt 0.949219 0.925781
vt 0.710938 0.467562
vt 0.373846 0.271958
vt 0.384781 0.147111
vt 0.294262 0.150162
vt 0.387569 0.008913
vt 0.390074 0.012517
vt 0.459789 0.154582
vt 0.456760 0.342773
vt 0.566406 0.342773
vt 0.707031 0.342773
vt 0.816406 0.995443
vt 0.601562 0.343750
vt 0.476562 0.917969
vt 0.945312 0.563202
vt 0.309245 0.563202
vt 0.459274 0.714991
vt 0.875842 0.683764
vt 0.898809 0.689236
vt 0.850667 0.715082
vt 0.836454 0.686305
vt 0.799495 0.638320
vt 0.790250 0.634947
vt 0.836809 0.632921
vt 0.878095 0.703125
vt 0.937500 0.570922
vt 0.826856 0.595019
vt 0.889356 0.634791
vt 0.759281 0.726562
vt 0.882812 0.753906
vt 0.820312 0.615844
vt 0.399521 0.995443
vt 0.710938 0.464844
vt 0.992188 0.342773
vt 0.980469 0.997188
vt 0.234523 0.933567
vt 0.234523 0.739165
vt 0.234523 0.869914
vt 0.234523 0.618335
vt 0.019514 0.679642
vt 0.019514 0.933567
vt 0.019514 0.739165
vt 0.019514 0.869914
vt 0.019514 0.807687
vt 0.234523 0.807687
vt 0.019514 0.679642
vt 0.234523 0.618335
vt 0.204786 0.739165
vt 0.204786 0.679642
vt 0.198904 0.679642
vt 0.234523 0.807687
vt 0.204786 0.869914
vt 0.204786 0.933567
vt 0.204786 0.933567
vt 0.138543 0.869914
vt 0.138543 0.807687
vt 0.138543 0.739165
vt 0.138543 0.679642
vt 0.138543 0.618335
vt 0.138543 0.618335
vt 0.070093 0.679642
vt 0.070093 0.869914
vt 0.070093 0.933567
vt 0.070093 0.739165
vt 0.070093 0.807687
vt 0.070093 0.932645
vt 0.279840 0.996582
vt 0.279840 0.677456
vt 0.279840 0.741726
vt 0.279840 0.806138
vt 0.280708 0.868675
vt 0.279840 0.996582
vt 0.340938 0.932645
vt 0.340938 0.868675
vt 0.340938 0.806138
vt 0.341806 0.741726
vt 0.340938 0.677456
vt 0.340938 0.932645
vt 0.399521 0.655764
vt 0.399521 0.741726
vt 0.399521 0.902344
vt 0.535156 0.563202
vt 0.413394 0.563202
vt 0.356142 0.615844
vt 0.365715 0.932645
vt 0.365715 0.968750
vt 0.921875 0.342773
vt 0.609375 0.389625
vt 0.445690 0.471274
vt 0.440847 0.995443
vt 0.914062 0.995443
vt 0.816406 0.995443
vt 0.535156 0.277285
vt 0.451826 0.628598
vt 0.926299 0.387200
vt 0.016069 0.521318
vt 0.344010 0.521318
vt 0.284801 0.553166
vt 0.284801 0.553166
vt 0.344010 0.521318
vt 0.390657 0.553166
vt 0.390657 0.521318
vt 0.426086 0.553166
vt 0.210382 0.521318
vt 0.210382 0.521318
vt 0.460858 0.553942
vt 0.460858 0.243789
vt 0.874789 0.167056
vt 0.841525 0.207087
vt 0.842222 0.085162
vt 0.858883 0.128051
vt 0.839253 0.246539
vt 0.579949 0.061422
vt 0.574523 0.143045
vt 0.576177 0.187913
vt 0.577460 0.101995
vt 0.575041 0.295932
vt 0.850105 0.149891
vt 0.771486 0.244035
vt 0.779180 0.283187
vt 0.775701 0.320226
vt 0.763552 0.093188
vt 0.833235 0.203909
vt 0.777922 0.267805
vt 0.694563 0.058765
vt 0.679752 0.101664
vt 0.679262 0.199035
vt 0.696177 0.149846
vt 0.678759 0.050413
vt 0.774411 0.098080
vt 0.773422 0.231932
vt 0.678133 0.265085
vt 0.674306 0.199356
vt 0.677604 0.230527
vt 0.655299 0.195210
vt 0.657700 0.263792
vt 0.656564 0.150177
vt 0.622473 0.103861
vt 0.624221 0.233196
vt 0.700970 0.149079
vt 0.695827 0.100326
vt 0.693274 0.058148
vt 0.692614 0.013086
vt 0.690913 0.217307
vt 0.578822 0.247039
vt 0.840335 0.207087
vt 0.842222 0.033888
vt 0.854713 0.164871
vt 0.902564 0.205380
vt 0.907870 0.240330
vt 0.918922 0.079872
vt 0.908338 0.123781
vt 0.902452 0.006079
vt 0.818891 0.016715
vt 0.876901 0.277654
vt 0.934619 0.026475
vt 0.918484 0.300501
vt 0.580925 0.304808
vt 0.606897 0.308192
vt 0.660976 0.006079
vt 0.818891 0.004172
vt 0.843608 0.061793
vt 0.625405 0.039489
vt 0.824736 0.316331
vt 0.861047 0.306297
vt 0.884549 0.283232
vt 0.922616 0.682185
vt 0.991812 0.699635
vt 0.957115 0.742437
vt 0.988739 0.741346
vt 0.958462 0.600414
vt 0.125470 0.532550
vt 0.125470 0.928089
vt 0.995884 0.940226
vt 0.985247 0.978615
vt 0.961639 0.995401
vt 0.958098 0.527883
vt 0.182024 0.484734
vt 0.182472 0.600414
vt 0.183460 0.532550
vt 0.183460 0.928089
vt 0.995884 0.532550
vt 0.183460 0.600414
vt 0.125470 0.573000
vt 0.977594 0.488315
vt 0.344010 0.488315
vt 0.284801 0.488315
vt 0.390657 0.488315
vt 0.426086 0.604846
vt 0.866656 0.626622
vt 0.833654 0.625980
vt 0.797763 0.584767
vt 0.798826 0.581745
vt 0.833264 0.605677
vt 0.833264 0.602945
vt 0.797763 0.246539
vt 0.527362 0.061422
vt 0.521936 0.143045
vt 0.523590 0.187913
vt 0.524873 0.101995
vt 0.522454 0.217307
vt 0.526235 0.292006
vt 0.528338 0.246539
vt 0.501971 0.061422
vt 0.496545 0.143045
vt 0.498198 0.187913
vt 0.499481 0.101995
vt 0.497062 0.217307
vt 0.500844 0.292006
vt 0.502946 0.137957
vt 0.771932 0.133296
vt 0.695001 0.133593
vt 0.678929 0.137132
vt 0.622966 0.133674
vt 0.575917 0.135025
vt 0.523368 0.133955
vt 0.497947 0.128253
vt 0.838627 0.645502
vt 0.962274 0.532550
vt 0.048548 0.600414
vt 0.049168 0.625433
vt 0.968155 0.628214
vt 0.983311 0.925579
vt 0.950380 0.972957
vt 0.932898 0.996188
vt 0.925490 0.488320
vt 0.460853 0.488315
vt 0.210384 0.429688
vt 0.937500 0.464844
vt 0.992188 0.703125
vt 0.937500 0.785156
vt 0.906250 0.726562
vt 0.882812 0.835938
vt 0.816406 0.917969
vt 0.816406 0.925781
vt 0.710938 0.824219
vt 0.718750 0.796875
vt 0.816406 0.917969
vt 0.609375 0.406250
vt 0.566406 0.406250
vt 0.476562 0.542969
vt 0.925781 0.595019
vt 0.889356 0.449219
vt 0.804688 0.511719
vt 0.875000 0.511719
vt 0.816406 0.570922
vt 0.826856 0.634791
vt 0.759281 0.500000
vt 0.746094 0.586547
vt 0.781959 0.734375
vt 0.734375 0.753906
vt 0.820312 0.621094
vt 0.679688 0.730469
vt 0.671875 0.709619
vt 0.770341 0.429688
vt 0.710938 0.808594
vt 0.531250 0.695312
vt 0.539062 0.710938
vt 0.585938 0.828125
vt 0.601562 0.574219
vt 0.542969 0.488281
vt 0.554688 0.496094
vt 0.609375 0.589844
vt 0.601562 0.800781
vt 0.476562 0.695312
vt 0.476562 0.566406
vt 0.476562 0.472656
vt 0.476562 0.496094
vt 0.687500 0.421875
vt 0.625000 0.382767
vt 0.378970 0.381924
vt 0.299562 0.467562
vt 0.373846 0.383964
vt 0.224628 0.395641
vt 0.119674 0.387200
vt 0.016069 0.147111
vt 0.294262 0.149155
vt 0.207783 0.268444
vt 0.216092 0.271958
vt 0.384781 0.267765
vt 0.300484 0.151421
vt 0.094481 0.153225
vt 0.014717 0.280704
vt 0.014860 0.274669
vt 0.101389 0.006930
vt 0.293416 0.008290
vt 0.202775 0.007801
vt 0.088732 0.005995
vt 0.013707 0.150162
vt 0.387569 0.453125
vt 0.882812 0.753906
vt 0.949219 0.839938
vt 0.399521 0.874099
vt 0.399521 0.797694
vt 0.400389 0.932645
vt 0.399521 0.615844
vt 0.399521 0.655764
vt 0.399521 0.741726
vt 0.399521 0.692399
vt 0.399521 0.868675
vt 0.365715 0.932645
vt 0.365715 0.615844
vt 0.365715 0.741726
vt 0.365715 0.806138
vt 0.366583 0.677456
vt 0.365715 0.917969
vt 0.945312 0.820312
vt 0.917969 0.804688
vt 0.972656 0.480469
vt 0.945312 0.902344
vt 0.535156 0.008913
vt 0.390074 0.968750
vt 0.921875 0.563202
vt 0.309245 0.563202
vt 0.356142 0.563202
vt 0.413394 0.689236
vt 0.850667 0.714991
vt 0.875842 0.715082
vt 0.836454 0.683764
vt 0.898809 0.634947
vt 0.836809 0.632921
vt 0.878095 0.932645
vt 0.279840 0.996582
vt 0.279840 0.996582
vt 0.340938 0.932645
vt 0.340938 0.677456
vt 0.279840 0.677456
vt 0.340938 0.806138
vt 0.280708 0.868675
vt 0.279840 0.868675
vt 0.340938 0.806138
vt 0.341806 0.741726
vt 0.340938 0.741726
vt 0.279840 0.679642
vt 0.070093 0.618335
vt 0.070093 0.618335
vt 0.138543 0.618335
vt 0.204786 0.679642
vt 0.198904 0.679642
vt 0.138543 0.933567
vt 0.204786 0.933567
vt 0.234523 0.739165
vt 0.138543 0.807687
vt 0.204786 0.807687
vt 0.138543 0.739165
vt 0.204786 0.807687
vt 0.234523 0.869914
vt 0.234523 0.933567
vt 0.070093 0.869914
vt 0.070093 0.869914
vt 0.138543 0.679642
vt 0.234523 0.997188
vt 0.234523 0.739165
vt 0.234523 0.679642
vt 0.234523 0.807687
vt 0.070093 0.869914
vt 0.204786 0.933567
vt 0.138543 0.739165
vt 0.070093 0.739165
vt 0.019514 0.618335
vt 0.019514 0.679642
vt 0.019514 0.869914
vt 0.019514 0.933567
vt 0.019514 0.807687
vt 0.019514 0.563202
vt 0.459274 0.521318
vt 0.390657 0.521318
vt 0.426086 0.521318
vt 0.284801 0.553166
vt 0.284801 0.553166
vt 0.344010 0.521318
vt 0.344010 0.553166
vt 0.390657 0.006079
vt 0.818891 0.093188
vt 0.833235 0.033888
vt 0.854713 0.085162
vt 0.858883 0.207087
vt 0.842222 0.207087
vt 0.842222 0.167056
vt 0.841525 0.149891
vt 0.771486 0.203909
vt 0.777922 0.247039
vt 0.840335 0.244035
vt 0.779180 0.243789
vt 0.874789 0.050413
vt 0.774411 0.039489
vt 0.824736 0.128051
vt 0.839253 0.128253
vt 0.838627 0.320226
vt 0.763552 0.283187
vt 0.775701 0.295932
vt 0.850105 0.267805
vt 0.694563 0.233196
vt 0.700970 0.058148
vt 0.692614 0.013086
vt 0.690913 0.100326
vt 0.693274 0.137957
vt 0.771932 0.133296
vt 0.695001 0.199035
vt 0.696177 0.308192
vt 0.660976 0.265085
vt 0.674306 0.149079
vt 0.695827 0.199356
vt 0.677604 0.058765
vt 0.679752 0.101664
vt 0.679262 0.098080
vt 0.773422 0.231932
vt 0.678133 0.149846
vt 0.678759 0.133593
vt 0.678929 0.103861
vt 0.624221 0.137132
vt 0.622966 0.230527
vt 0.655299 0.263792
vt 0.656564 0.195210
vt 0.657700 0.300501
vt 0.580925 0.246539
vt 0.579949 0.304808
vt 0.606897 0.061793
vt 0.625405 0.143045
vt 0.576177 0.150177
vt 0.622473 0.187913
vt 0.577460 0.217307
vt 0.578822 0.133674
vt 0.575917 0.101995
vt 0.575041 0.061422
vt 0.574523 0.164871
vt 0.902564 0.205380
vt 0.907870 0.240330
vt 0.918922 0.079872
vt 0.908338 0.123781
vt 0.902452 0.699635
vt 0.957115 0.682185
vt 0.991812 0.742437
vt 0.988739 0.741346
vt 0.958462 0.532550
vt 0.183460 0.532550
vt 0.125470 0.600414
vt 0.125470 0.600414
vt 0.125470 0.600414
vt 0.183460 0.532550
vt 0.183460 0.573000
vt 0.977594 0.978615
vt 0.961639 0.928089
vt 0.995884 0.940226
vt 0.985247 0.488315
vt 0.426086 0.488315
vt 0.390657 0.488315
vt 0.284801 0.488315
vt 0.344010 0.584767
vt 0.798826 0.605677
vt 0.833264 0.602945
vt 0.797763 0.581745
vt 0.833264 0.604846
vt 0.866656 0.626622
vt 0.833654 0.625980
vt 0.797763 0.292006
vt 0.528338 0.246539
vt 0.527362 0.187913
vt 0.524873 0.143045
vt 0.523590 0.217307
vt 0.526235 0.135025
vt 0.523368 0.101995
vt 0.522454 0.061422
vt 0.521936 0.292006
vt 0.502946 0.246539
vt 0.501971 0.187913
vt 0.499481 0.143045
vt 0.498198 0.217307
vt 0.500844 0.133955
vt 0.497947 0.101995
vt 0.497062 0.061422
vt 0.496545 0.928089
vt 0.995884 0.995401
vt 0.958098 0.484734
vt 0.182472 0.527883
vt 0.182024 0.632812
vt 0.949219 0.468000
vt 0.304094 0.467525
vt 0.230444 0.475192
vt 0.080622 0.466572
vt 0.140122 0.492699
vt 0.048989 0.841070
vt 0.453782 0.792869
vt 0.454650 0.895087
vt 0.453782 0.932645
vt 0.453782 0.654426
vt 0.453782 0.615844
vt 0.453782 0.741726
vt 0.453782 0.692432
vt 0.453782 0.996582
vt 0.453782 0.996582
vt 0.399521 0.996582
vt 0.365715 0.570312
vt 0.968750 0.527344
vt 0.984375 0.902344
vt 0.476562 0.878906
vt 0.984375 0.995443
vt 0.476562 0.604343
vt 0.356142 0.604343
vt 0.309245 0.604343
vt 0.413394 0.665289
vt 0.939446 0.615844
vt 0.279840 0.615844
vt 0.340938 0.997188
vt 0.204786 0.618335
vt 0.234523 0.997188
vt 0.138543 0.997188
vt 0.070093 0.997188
vt 0.019514 0.932645
vt 0.254512 0.996582
vt 0.254512 0.615844
vt 0.254512 0.677456
vt 0.254512 0.741726
vt 0.254512 0.806138
vt 0.255380 0.868675
vt 0.254512 0.604343
vt 0.459274 0.521558
vt 0.012340 0.325447
vt 0.822491 0.309458
vt 0.679745 0.013436
vt 0.673637 0.014348
vt 0.618454 0.007181
vt 0.767195 0.016921
vt 0.573643 0.325447
vt 0.822491 0.904713
vt 0.966530 0.972957
vt 0.932898 0.925579
vt 0.950380 0.645155
vt 0.986080 0.016921
vt 0.521056 0.016921
vt 0.495665 0.207941
vt 0.467643 0.269633
vt 0.485819 0.207941
vt 0.485819 0.269632
vt 0.467643 0.194543
vt 0.467643 0.194543
vt 0.485819 0.149160
vt 0.467643 0.149160
vt 0.485819 0.111421
vt 0.467643 0.111421
vt 0.485819 0.068914
vt 0.467644 0.068914
vt 0.485819 0.048370
vt 0.467644 0.048371
vt 0.485820 0.600414
vt 0.049168 0.560423
vt 0.979390 0.925579
vt 0.950380 0.531045
vt 0.019628 0.484303
vt 0.075784 0.531045
vt 0.019628 0.488315
vt 0.460853 0.521310
vt 0.210382 0.342773
vt 0.949219 0.342773
vt 0.980469 0.342773
vt 0.566406 0.632812
vt 0.949219 0.468000
vt 0.304094 0.467525
vt 0.230444 0.475192
vt 0.080622 0.466572
vt 0.140122 0.492699
vt 0.048989 0.342773
vt 0.816406 0.342773
vt 0.707031 0.342773
vt 0.886719 0.841070
vt 0.453782 0.792869
vt 0.454650 0.895087
vt 0.453782 0.932645
vt 0.453782 0.654426
vt 0.453782 0.615844
vt 0.453782 0.741726
vt 0.453782 0.692432
vt 0.453782 0.996582
vt 0.399521 0.996582
vt 0.453782 0.996582
vt 0.365715 0.570312
vt 0.968750 0.342773
vt 0.609375 0.527344
vt 0.984375 0.902344
vt 0.476562 0.878906
vt 0.984375 0.471274
vt 0.440847 0.389625
vt 0.445690 0.995443
vt 0.816406 0.995443
vt 0.914062 0.995443
vt 0.710938 0.995443
vt 0.601562 0.995443
vt 0.535156 0.995443
vt 0.476562 0.277285
vt 0.451826 0.154582
vt 0.456760 0.166072
vt 0.985800 0.170492
vt 0.925840 0.028427
vt 0.922811 0.024823
vt 0.983294 0.343750
vt 0.476562 0.604343
vt 0.356142 0.604343
vt 0.309245 0.604343
vt 0.413394 0.686305
vt 0.799495 0.638320
vt 0.790250 0.628598
vt 0.926299 0.665289
vt 0.939446 0.615844
vt 0.340938 0.615844
vt 0.279840 0.997188
vt 0.204786 0.618335
vt 0.234523 0.997188
vt 0.138543 0.997188
vt 0.070093 0.997188
vt 0.019514 0.932645
vt 0.254512 0.996582
vt 0.254512 0.615844
vt 0.254512 0.677456
vt 0.254512 0.741726
vt 0.254512 0.806138
vt 0.255380 0.868675
vt 0.254512 0.604343
vt 0.459274 0.521558
vt 0.012340 0.553942
vt 0.460858 0.521318
vt 0.460858 0.521318
vt 0.210382 0.553166
vt 0.210382 0.004172
vt 0.843608 0.006079
vt 0.818891 0.325447
vt 0.822491 0.309458
vt 0.679745 0.013436
vt 0.673637 0.014348
vt 0.618454 0.007181
vt 0.767195 0.016921
vt 0.573643 0.316331
vt 0.861047 0.325447
vt 0.822491 0.016715
vt 0.876901 0.306297
vt 0.884549 0.026475
vt 0.918484 0.283232
vt 0.922616 0.277654
vt 0.934619 0.532550
vt 0.048548 0.600414
vt 0.049168 0.625433
vt 0.968155 0.628214
vt 0.983311 0.972957
vt 0.932898 0.996188
vt 0.925490 0.904713
vt 0.966530 0.925579
vt 0.950380 0.925579
vt 0.950380 0.972957
vt 0.932898 0.645502
vt 0.962274 0.645155
vt 0.986080 0.016921
vt 0.521056 0.016921
vt 0.495665 0.207941
vt 0.485819 0.269633
vt 0.485819 0.207941
vt 0.467643 0.269632
vt 0.467643 0.194543
vt 0.485819 0.194543
vt 0.467643 0.149160
vt 0.467643 0.149160
vt 0.485819 0.111421
vt 0.485819 0.111421
vt 0.467643 0.068914
vt 0.467644 0.068914
vt 0.485819 0.048370
vt 0.467644 0.048371
vt 0.485820 0.600414
vt 0.049168 0.560423
vt 0.979390 0.925579
vt 0.950380 0.484303
vt 0.075784 0.531045
vt 0.019628 0.531045
vt 0.019628 0.488320
vt 0.460853 0.488315
vt 0.460853 0.488315
vt 0.210384 0.521310
vt 0.210382 1.000000

f 2/2 4/4 15/15
f 15/15 8/8 36/36
f 15/15 4/4 8/8
f 7/7 5/5 3/3
f 36/36 27/27 15/15
f 123/123 16/16 17/17
f 11/11 18/18 12/12
f 18/18 11/11 19/19
f 12/12 18/18 9/9
f 17/17 9/9 18/18
f 16/16 9/9 17/17
f 19/19 14/14 18/18
f 14/14 19/19 13/13
f 14/14 124/124 17/17
f 123/123 17/17 124/124
f 16/16 25/25 43/43
f 26/26 40/40 4/4
f 125/125 22/22 21/21
f 6/6 22/22 20/20
f 20/20 22/22 10/10
f 23/23 126/126 127/127
f 126/126 23/23 24/24
f 24/24 7/7 126/126
f 7/7 24/24 21/21
f 5/5 21/21 6/6
f 6/6 21/21 22/22
f 125/125 24/24 128/128
f 24/24 125/125 21/21
f 128/128 23/23 129/129
f 23/23 128/128 24/24
f 7/7 21/21 5/5
f 40/40 8/8 4/4
f 127/127 130/130 23/23
f 125/125 10/10 22/22
f 130/130 127/127 131/131
f 14/14 17/17 18/18
f 32/32 33/33 45/45
f 45/45 39/39 32/32
f 6/6 20/20 37/37
f 6/6 26/26 4/4
f 16/16 123/123 1/1
f 16/16 1/1 132/132
f 16/16 133/133 46/46
f 46/46 25/25 16/16
f 9/9 16/16 43/43
f 43/43 134/134 9/9
f 10/10 28/28 20/20
f 28/28 10/10 29/29
f 135/135 134/134 43/43
f 43/43 44/44 135/135
f 136/136 32/32 28/28
f 28/28 29/29 136/136
f 137/137 135/135 44/44
f 44/44 138/138 137/137
f 34/34 48/48 42/42
f 42/42 35/35 34/34
f 47/47 30/30 25/25
f 25/25 46/46 47/47
f 139/139 140/140 30/30
f 30/30 47/47 139/139
f 15/15 27/27 2/2
f 141/141 2/2 27/27
f 16/16 132/132 133/133
f 37/37 20/20 28/28
f 28/28 38/38 37/37
f 38/38 28/28 32/32
f 32/32 39/39 38/38
f 26/26 31/31 41/41
f 41/41 40/40 26/26
f 31/31 35/35 42/42
f 42/42 41/41 31/31
f 142/142 143/143 144/144
f 144/144 145/145 142/142
f 146/146 147/147 144/144
f 144/144 143/143 146/146
f 148/148 149/149 150/150
f 150/150 151/151 148/148
f 152/152 153/153 150/150
f 150/150 149/149 152/152
f 154/154 155/155 156/156
f 156/156 157/157 154/154
f 156/156 158/158 159/159
f 159/159 157/157 156/156
f 57/57 54/54 26/26
f 26/26 37/37 57/57
f 58/58 56/56 54/54
f 54/54 57/57 58/58
f 52/52 51/51 36/36
f 36/36 8/8 52/52
f 52/52 8/8 40/40
f 40/40 59/59 52/52
f 49/49 50/50 51/51
f 51/51 52/52 49/49
f 49/49 52/52 59/59
f 59/59 60/60 49/49
f 25/25 53/53 61/61
f 61/61 43/43 25/25
f 53/53 55/55 62/62
f 62/62 61/61 53/53
f 160/160 56/56 58/58
f 58/58 161/161 160/160
f 46/46 133/133 162/162
f 162/162 63/63 46/46
f 63/63 162/162 163/163
f 163/163 64/64 63/63
f 164/164 165/165 49/49
f 49/49 60/60 164/164
f 166/166 167/167 168/168
f 168/168 169/169 166/166
f 168/168 147/147 146/146
f 146/146 169/169 168/168
f 170/170 171/171 172/172
f 172/172 173/173 170/170
f 172/172 153/153 152/152
f 152/152 173/173 172/172
f 174/174 175/175 176/176
f 176/176 177/177 174/174
f 159/159 158/158 176/176
f 176/176 175/175 159/159
f 37/37 26/26 6/6
f 67/67 66/66 65/65
f 66/66 69/69 68/68
f 66/66 68/68 65/65
f 72/72 71/71 70/70
f 69/69 66/66 73/73
f 178/178 75/75 74/74
f 78/78 77/77 76/76
f 76/76 79/79 78/78
f 77/77 80/80 76/76
f 75/75 76/76 80/80
f 74/74 75/75 80/80
f 79/79 76/76 81/81
f 81/81 82/82 79/79
f 81/81 75/75 179/179
f 178/178 179/179 75/75
f 74/74 84/84 83/83
f 86/86 65/65 85/85
f 180/180 88/88 87/87
f 90/90 89/89 87/87
f 89/89 91/91 87/87
f 92/92 181/181 182/182
f 182/182 93/93 92/92
f 93/93 182/182 72/72
f 72/72 88/88 93/93
f 70/70 90/90 88/88
f 90/90 87/87 88/88
f 180/180 183/183 93/93
f 93/93 88/88 180/180
f 183/183 184/184 92/92
f 92/92 93/93 183/183
f 72/72 70/70 88/88
f 85/85 65/65 68/68
f 181/181 92/92 185/185
f 180/180 87/87 91/91
f 185/185 186/186 181/181
f 81/81 76/76 75/75
f 96/96 95/95 94/94
f 95/95 96/96 97/97
f 90/90 98/98 89/89
f 90/90 65/65 86/86
f 74/74 99/99 178/178
f 74/74 187/187 99/99
f 74/74 100/100 188/188
f 100/100 74/74 83/83
f 80/80 84/84 74/74
f 84/84 80/80 189/189
f 91/91 89/89 101/101
f 101/101 102/102 91/91
f 190/190 84/84 189/189
f 84/84 190/190 103/103
f 191/191 101/101 96/96
f 101/101 191/191 102/102
f 192/192 103/103 190/190
f 103/103 192/192 193/193
f 106/106 105/105 104/104
f 105/105 106/106 107/107
f 109/109 83/83 108/108
f 83/83 109/109 100/100
f 194/194 108/108 195/195
f 108/108 194/194 109/109
f 66/66 67/67 73/73
f 196/196 73/73 67/67
f 74/74 188/188 187/187
f 98/98 101/101 89/89
f 101/101 98/98 110/110
f 110/110 96/96 101/101
f 96/96 110/110 97/97
f 86/86 112/112 111/111
f 112/112 86/86 85/85
f 111/111 105/105 107/107
f 105/105 111/111 112/112
f 110/110 86/86 111/111
f 86/86 110/110 98/98
f 97/97 111/111 107/107
f 111/111 97/97 110/110
f 114/114 69/69 113/113
f 69/69 114/114 68/68
f 114/114 85/85 68/68
f 85/85 114/114 112/112
f 116/116 113/113 115/115
f 113/113 116/116 114/114
f 116/116 112/112 114/114
f 112/112 116/116 105/105
f 83/83 103/103 108/108
f 103/103 83/83 84/84
f 108/108 193/193 195/195
f 193/193 108/108 103/103
f 106/106 97/97 107/107
f 97/97 106/106 95/95
f 100/100 197/197 188/188
f 197/197 100/100 109/109
f 109/109 198/198 197/197
f 198/198 109/109 194/194
f 104/104 116/116 199/199
f 116/116 104/104 105/105
f 98/98 90/90 86/86
f 117/117 67/67 65/65
f 67/67 117/117 118/118
f 121/121 90/90 70/70
f 90/90 121/121 119/119
f 119/119 65/65 90/90
f 65/65 119/119 117/117
f 120/120 71/71 200/200
f 71/71 120/120 122/122
f 118/118 196/196 67/67
f 196/196 118/118 201/201
f 122/122 70/70 71/71
f 70/70 122/122 121/121
f 371/371 366/366 291/291
f 292/292 293/293 290/290
f 291/291 302/302 371/371
f 295/295 294/294 297/297
f 303/303 302/302 301/301
f 527/527 297/297 294/294
f 354/354 297/297 292/292
f 299/299 528/528 529/529
f 298/298 353/353 354/354
f 291/291 530/530 301/301
f 291/291 301/301 302/302
f 528/528 299/299 531/531
f 299/299 391/391 531/531
f 300/300 299/299 529/529
f 297/297 306/306 295/295
f 292/292 297/297 527/527
f 353/353 296/296 297/297
f 290/290 298/298 354/354
f 391/391 305/305 531/531
f 532/532 307/307 311/311
f 311/311 308/308 309/309
f 311/311 309/309 532/532
f 312/312 446/446 311/311
f 446/446 308/308 311/311
f 533/533 531/531 305/305
f 530/530 314/314 313/313
f 313/313 301/301 530/530
f 315/315 296/296 353/353
f 306/306 318/318 317/317
f 317/317 295/295 306/306
f 314/314 320/320 313/313
f 319/319 313/313 320/320
f 301/301 313/313 303/303
f 321/321 303/303 313/313
f 319/319 321/321 313/313
f 302/302 310/310 349/349
f 323/323 359/359 347/347
f 330/330 328/328 338/338
f 349/349 310/310 335/335
f 330/330 325/325 327/327
f 351/351 322/322 534/534
f 535/535 332/332 333/333
f 348/348 324/324 536/536
f 334/334 302/302 303/303
f 332/332 393/393 336/336
f 332/332 535/535 393/393
f 535/535 333/333 326/326
f 328/328 330/330 327/327
f 327/327 325/325 356/356
f 329/329 351/351 537/537
f 351/351 534/534 537/537
f 392/392 336/336 393/393
f 331/331 340/340 341/341
f 538/538 341/341 340/340
f 341/341 339/339 331/331
f 539/539 312/312 540/540
f 355/355 323/323 347/347
f 540/540 312/312 541/541
f 542/542 543/543 337/337
f 358/358 350/350 357/357
f 328/328 343/343 338/338
f 345/345 303/303 344/344
f 303/303 345/345 334/334
f 344/344 346/346 345/345
f 324/324 335/335 536/536
f 544/544 536/536 335/335
f 359/359 356/356 325/325
f 335/335 324/324 349/349
f 350/350 545/545 357/357
f 545/545 322/322 351/351
f 357/357 545/545 351/351
f 353/353 352/352 316/316
f 315/315 353/353 316/316
f 298/298 352/352 353/353
f 290/290 354/354 292/292
f 354/354 353/353 297/297
f 341/341 538/538 546/546
f 302/302 334/334 310/310
f 359/359 325/325 363/363
f 357/357 351/351 329/329
f 342/342 357/357 329/329
f 342/342 358/358 357/357
f 347/347 359/359 547/547
f 323/323 356/356 359/359
f 340/340 548/548 538/538
f 364/364 326/326 363/363
f 363/363 360/360 364/364
f 362/362 535/535 365/365
f 364/364 361/361 365/365
f 363/363 325/325 360/360
f 364/364 360/360 361/361
f 326/326 364/364 535/535
f 365/365 535/535 364/364
f 361/361 362/362 365/365
f 367/367 291/291 366/366
f 291/291 367/367 368/368
f 293/293 292/292 527/527
f 367/367 370/370 368/368
f 370/370 369/369 368/368
f 304/304 390/390 391/391
f 378/378 377/377 376/376
f 305/305 380/380 533/533
f 390/390 373/373 374/374
f 390/390 376/376 305/305
f 379/379 376/376 377/377
f 378/378 376/376 374/374
f 375/375 377/377 378/378
f 379/379 377/377 375/375
f 380/380 376/376 379/379
f 305/305 376/376 380/380
f 549/549 550/550 372/372
f 551/551 372/372 552/552
f 550/550 553/553 372/372
f 552/552 372/372 554/554
f 553/553 554/554 372/372
f 382/382 336/336 392/392
f 386/386 383/383 385/385
f 389/389 337/337 543/543
f 392/392 385/385 383/383
f 383/383 382/382 392/392
f 385/385 388/388 386/386
f 386/386 387/387 383/383
f 386/386 384/384 387/387
f 386/386 388/388 384/384
f 385/385 389/389 388/388
f 385/385 337/337 389/389
f 555/555 556/556 381/381
f 381/381 557/557 558/558
f 559/559 555/555 381/381
f 381/381 558/558 560/560
f 560/560 559/559 381/381
f 374/374 376/376 390/390
f 304/304 373/373 390/390
f 390/390 305/305 391/391
f 299/299 304/304 391/391
f 385/385 392/392 337/337
f 392/392 393/393 337/337
f 337/337 393/393 542/542
f 393/393 535/535 542/542
f 399/399 561/561 562/562
f 399/399 396/396 561/561
f 402/402 400/400 401/401
f 400/400 398/398 397/397
f 400/400 402/402 405/405
f 405/405 404/404 400/400
f 404/404 407/407 398/398
f 407/407 404/404 406/406
f 406/406 404/404 408/408
f 405/405 408/408 404/404
f 394/394 398/398 407/407
f 407/407 406/406 409/409
f 406/406 411/411 409/409
f 411/411 406/406 408/408
f 409/409 410/410 407/407
f 395/395 413/413 410/410
f 410/410 412/412 395/395
f 563/563 398/398 394/394
f 564/564 561/561 397/397
f 401/401 397/397 396/396
f 561/561 396/396 397/397
f 410/410 413/413 407/407
f 401/401 400/400 397/397
f 407/407 413/413 394/394
f 563/563 564/564 398/398
f 402/402 401/401 403/403
f 400/400 404/404 398/398
f 397/397 398/398 564/564
f 415/415 565/565 414/414
f 565/565 415/415 566/566
f 414/414 567/567 416/416
f 567/567 414/414 565/565
f 568/568 566/566 415/415
f 415/415 417/417 568/568
f 418/418 569/569 419/419
f 569/569 418/418 570/570
f 419/419 571/571 420/420
f 571/571 419/419 569/569
f 421/421 572/572 418/418
f 570/570 418/418 572/572
f 418/418 419/419 423/423
f 423/423 422/422 418/418
f 419/419 420/420 424/424
f 424/424 423/423 419/419
f 425/425 418/418 422/422
f 418/418 425/425 421/421
f 424/424 426/426 423/423
f 423/423 426/426 422/422
f 422/422 426/426 425/425
f 394/394 573/573 563/563
f 431/431 574/574 575/575
f 431/431 575/575 428/428
f 402/402 433/433 432/432
f 432/432 429/429 430/430
f 432/432 405/405 402/402
f 405/405 432/432 434/434
f 434/434 430/430 436/436
f 436/436 435/435 434/434
f 435/435 408/408 434/434
f 405/405 434/434 408/408
f 427/427 436/436 430/430
f 436/436 437/437 435/435
f 435/435 437/437 411/411
f 411/411 408/408 435/435
f 437/437 436/436 438/438
f 395/395 438/438 439/439
f 438/438 395/395 412/412
f 576/576 427/427 430/430
f 577/577 429/429 575/575
f 433/433 428/428 429/429
f 575/575 429/429 428/428
f 438/438 436/436 439/439
f 433/433 429/429 432/432
f 436/436 427/427 439/439
f 576/576 430/430 577/577
f 402/402 403/403 433/433
f 432/432 430/430 434/434
f 429/429 577/577 430/430
f 441/441 440/440 578/578
f 578/578 579/579 441/441
f 440/440 416/416 567/567
f 567/567 578/578 440/440
f 568/568 441/441 579/579
f 441/441 568/568 417/417
f 442/442 443/443 580/580
f 580/580 581/581 442/442
f 443/443 420/420 571/571
f 571/571 580/580 443/443
f 421/421 442/442 572/572
f 581/581 572/572 442/442
f 442/442 445/445 443/443
f 445/445 442/442 444/444
f 443/443 424/424 420/420
f 424/424 443/443 445/445
f 425/425 444/444 442/442
f 442/442 421/421 425/425
f 424/424 445/445 426/426
f 445/445 444/444 426/426
f 444/444 425/425 426/426
f 427/427 576/576 582/582
f 446/446 312/312 539/539
f 367/367 529/529 447/447
f 447/447 449/449 367/367
f 447/447 448/448 449/449
f 527/527 450/450 293/293
f 202/202 207/207 203/203
f 203/203 208/208 237/237
f 237/237 204/204 205/205
f 205/205 210/210 206/206
f 206/206 211/211 213/213
f 213/213 224/224 214/214
f 214/214 225/225 221/221
f 221/221 243/243 228/228
f 228/228 222/222 212/212
f 212/212 223/223 210/210
f 210/210 216/216 211/211
f 211/211 217/217 207/207
f 207/207 218/218 208/208
f 208/208 219/219 220/220
f 220/220 250/250 231/231
f 231/231 221/221 232/232
f 232/232 222/222 235/235
f 235/235 223/223 233/233
f 233/233 224/224 225/225
f 225/225 252/252 229/229
f 228/228 215/215 212/212
f 226/226 213/213 451/451
f 254/254 253/253 212/212
f 229/229 226/226 452/452
f 244/244 247/247 213/213
f 214/214 453/453 226/226
f 453/453 213/213 451/451
f 452/452 227/227 454/454
f 454/454 457/457 456/456
f 456/456 455/455 459/459
f 459/459 458/458 461/461
f 461/461 460/460 462/462
f 462/462 465/465 230/230
f 255/255 466/466 247/247
f 247/247 248/248 227/227
f 248/248 254/254 467/467
f 236/236 468/468 469/469
f 236/236 467/467 470/470
f 236/236 238/238 471/471
f 236/236 470/470 468/468
f 236/236 471/471 472/472
f 472/472 239/239 240/240
f 240/240 252/252 210/210
f 210/210 239/239 231/231
f 231/231 246/246 215/215
f 215/215 241/241 474/474
f 474/474 475/475 476/476
f 236/236 469/469 257/257
f 258/258 256/256 259/259
f 256/256 258/258 260/260
f 261/261 257/257 258/258
f 257/257 261/261 477/477
f 261/261 478/478 260/260
f 478/478 261/261 263/263
f 264/264 262/262 265/265
f 262/262 264/264 256/256
f 259/259 479/479 480/480
f 479/479 259/259 267/267
f 268/268 266/266 269/269
f 269/269 270/270 271/271
f 270/270 269/269 273/273
f 481/481 272/272 482/482
f 272/272 481/481 273/273
f 272/272 274/274 275/275
f 275/275 267/267 268/268
f 267/267 275/275 480/480
f 276/276 483/483 277/277
f 483/483 276/276 259/259
f 278/278 480/480 276/276
f 480/480 278/278 258/258
f 279/279 259/259 278/278
f 259/259 279/279 261/261
f 280/280 258/258 279/279
f 258/258 280/280 261/261
f 477/477 280/280 484/484
f 280/280 477/477 282/282
f 275/275 281/281 272/272
f 281/281 275/275 283/283
f 268/268 282/282 275/275
f 282/282 268/268 284/284
f 269/269 283/283 268/268
f 283/283 269/269 285/285
f 271/271 284/284 269/269
f 284/284 271/271 285/285
f 485/485 271/271 486/486
f 271/271 485/485 273/273
f 274/274 286/286 266/266
f 287/287 267/267 288/288
f 289/289 487/487 488/488
f 489/489 289/289 287/287
f 274/274 267/267 287/287
f 286/286 274/274 490/490
f 491/491 492/492 270/270
f 493/493 266/266 494/494
f 495/495 270/270 493/493
f 270/270 495/495 266/266
f 493/493 287/287 289/289
f 492/492 487/487 496/496
f 497/497 498/498 499/499
f 498/498 497/497 500/500
f 501/501 496/496 497/497
f 496/496 501/501 502/502
f 503/503 500/500 501/501
f 500/500 503/503 504/504
f 505/505 502/502 503/503
f 502/502 505/505 504/504
f 506/506 505/505 507/507
f 505/505 506/506 508/508
f 509/509 288/288 492/492
f 289/289 490/490 510/510
f 490/490 289/289 288/288
f 509/509 289/289 488/488
f 289/289 509/509 489/489
f 510/510 289/289 511/511
f 512/512 514/514 515/515
f 512/512 511/511 518/518
f 483/483 519/519 520/520
f 519/519 483/483 270/270
f 271/271 494/494 486/486
f 494/494 271/271 277/277
f 521/521 483/483 520/520
f 483/483 521/521 272/272
f 482/482 281/281 522/522
f 281/281 482/482 286/286
f 523/523 273/273 481/481
f 273/273 523/523 498/498
f 499/499 524/524 525/525
f 524/524 499/499 514/514
f 594/594 596/596 597/597
f 596/596 594/594 593/593
f 593/593 598/598 596/596
f 598/598 593/593 595/595
f 597/597 599/599 600/600
f 599/599 597/597 596/596
f 596/596 601/601 599/599
f 601/601 596/596 598/598
f 603/603 642/642 602/602
f 642/642 603/603 643/643
f 642/642 604/604 602/602
f 604/604 642/642 641/641
f 609/609 619/619 618/618
f 619/619 609/609 621/621
f 610/610 618/618 606/606
f 618/618 610/610 609/609
f 611/611 606/606 607/607
f 606/606 611/611 610/610
f 625/625 638/638 605/605
f 612/612 621/621 609/609
f 621/621 612/612 626/626
f 613/613 609/609 610/610
f 609/609 613/613 612/612
f 614/614 610/610 611/611
f 610/610 614/614 613/613
f 611/611 630/630 614/614
f 611/611 640/640 630/630
f 615/615 626/626 612/612
f 626/626 615/615 631/631
f 616/616 612/612 613/613
f 612/612 616/616 615/615
f 617/617 613/613 614/614
f 613/613 617/617 616/616
f 635/635 614/614 630/630
f 614/614 635/635 617/617
f 631/631 615/615 636/636
f 615/615 616/616 636/636
f 616/616 617/617 636/636
f 617/617 635/635 636/636
f 622/622 619/619 621/621
f 619/619 622/622 637/637
f 623/623 637/637 622/622
f 637/637 623/623 608/608
f 624/624 608/608 623/623
f 608/608 624/624 620/620
f 639/639 624/624 625/625
f 624/624 639/639 620/620
f 627/627 621/621 626/626
f 621/621 627/627 622/622
f 628/628 622/622 627/627
f 622/622 628/628 623/623
f 629/629 623/623 628/628
f 623/623 629/629 624/624
f 624/624 630/630 625/625
f 630/630 624/624 629/629
f 632/632 626/626 631/631
f 626/626 632/632 627/627
f 633/633 627/627 632/632
f 627/627 633/633 628/628
f 634/634 628/628 633/633
f 628/628 634/634 629/629
f 635/635 629/629 634/634
f 629/629 635/635 630/630
f 631/631 636/636 632/632
f 632/632 636/636 633/633
f 633/633 636/636 634/634
f 634/634 636/636 635/635
f 638/638 611/611 607/607
f 611/611 638/638 640/640
f 639/639 625/625 605/605
f 641/641 599/599 601/601
f 599/599 641/641 642/642
f 599/599 643/643 600/600
f 643/643 599/599 642/642
f 585/585 586/586 583/583
f 586/586 584/584 583/583
f 584/584 587/587 583/583
f 587/587 585/585 644/644
f 644/644 589/589 645/645
f 645/645 590/590 646/646
f 646/646 588/588 647/647
f 647/647 591/591 648/648
f 687/687 653/653 652/652
f 653/653 687/687 688/688
f 688/688 655/655 653/653
f 655/655 688/688 654/654
f 654/654 657/657 655/655
f 657/657 654/654 656/656
f 656/656 674/674 657/657
f 674/674 656/656 673/673
f 652/652 659/659 658/658
f 659/659 652/652 653/653
f 653/653 660/660 659/659
f 660/660 653/653 655/655
f 655/655 661/661 660/660
f 661/661 655/655 657/657
f 657/657 662/662 661/661
f 662/662 657/657 674/674
f 658/658 664/664 663/663
f 664/664 658/658 659/659
f 659/659 665/665 664/664
f 665/665 659/659 660/660
f 660/660 666/666 665/665
f 666/666 660/660 661/661
f 661/661 667/667 666/666
f 667/667 661/661 662/662
f 663/663 664/664 668/668
f 664/664 665/665 668/668
f 665/665 666/666 668/668
f 666/666 667/667 668/668
f 687/687 669/669 684/684
f 669/669 687/687 652/652
f 684/684 671/671 670/670
f 671/671 684/684 669/669
f 670/670 672/672 685/685
f 672/672 670/670 671/671
f 685/685 674/674 673/673
f 674/674 685/685 672/672
f 652/652 675/675 669/669
f 675/675 652/652 658/658
f 669/669 676/676 671/671
f 676/676 669/669 675/675
f 671/671 677/677 672/672
f 677/677 671/671 676/676
f 672/672 662/662 674/674
f 662/662 672/672 677/677
f 658/658 678/678 675/675
f 678/678 658/658 663/663
f 675/675 679/679 676/676
f 679/679 675/675 678/678
f 676/676 680/680 677/677
f 680/680 676/676 679/679
f 677/677 667/667 662/662
f 667/667 677/677 680/680
f 663/663 668/668 678/678
f 678/678 668/668 679/679
f 679/679 668/668 680/680
f 680/680 668/668 667/667
f 736/736 699/699 737/737
f 699/699 736/736 698/698
f 738/738 698/698 736/736
f 698/698 738/738 681/681
f 739/739 681/681 738/738
f 681/681 739/739 683/683
f 740/740 683/683 739/739
f 683/683 740/740 682/682
f 741/741 742/742 717/717
f 742/742 741/741 743/743
f 744/744 717/717 686/686
f 717/717 744/744 741/741
f 745/745 686/686 700/700
f 686/686 745/745 744/744
f 746/746 700/700 747/747
f 700/700 746/746 745/745
f 748/748 689/689 701/701
f 689/689 748/748 749/749
f 749/749 690/690 689/689
f 690/690 749/749 750/750
f 750/750 691/691 690/690
f 691/691 750/750 751/751
f 751/751 705/705 691/691
f 705/705 751/751 752/752
f 701/701 692/692 706/706
f 692/692 701/701 689/689
f 689/689 693/693 692/692
f 693/693 689/689 690/690
f 690/690 694/694 693/693
f 694/694 690/690 691/691
f 691/691 710/710 694/694
f 710/710 691/691 705/705
f 706/706 695/695 711/711
f 695/695 706/706 692/692
f 692/692 696/696 695/695
f 696/696 692/692 693/693
f 693/693 697/697 696/696
f 697/697 693/693 694/694
f 694/694 715/715 697/697
f 715/715 694/694 710/710
f 711/711 695/695 716/716
f 695/695 696/696 716/716
f 696/696 697/697 716/716
f 697/697 715/715 716/716
f 748/748 702/702 753/753
f 702/702 748/748 701/701
f 753/753 703/703 754/754
f 703/703 753/753 702/702
f 754/754 704/704 755/755
f 704/704 754/754 703/703
f 755/755 705/705 752/752
f 705/705 755/755 704/704
f 701/701 707/707 702/702
f 707/707 701/701 706/706
f 702/702 708/708 703/703
f 708/708 702/702 707/707
f 703/703 709/709 704/704
f 709/709 703/703 708/708
f 704/704 710/710 705/705
f 710/710 704/704 709/709
f 706/706 712/712 707/707
f 712/712 706/706 711/711
f 707/707 713/713 708/708
f 713/713 707/707 712/712
f 708/708 714/714 709/709
f 714/714 708/708 713/713
f 709/709 715/715 710/710
f 715/715 709/709 714/714
f 711/711 716/716 712/712
f 712/712 716/716 713/713
f 713/713 716/716 714/714
f 714/714 716/716 715/715
f 720/720 721/721 718/718
f 721/721 719/719 718/718
f 719/719 722/722 718/718
f 720/720 724/724 721/721
f 721/721 725/725 719/719
f 719/719 723/723 722/722
f 722/722 726/726 756/756
f 727/727 756/756 729/729
f 729/729 733/733 730/730
f 730/730 734/734 728/728
f 728/728 732/732 731/731
f 757/757 810/810 805/805
f 759/759 760/760 769/769
f 774/774 783/783 768/768
f 791/791 764/764 761/761
f 782/782 762/762 806/806
f 762/762 782/782 779/779
f 772/772 765/765 807/807
f 778/778 763/763 781/781
f 776/776 773/773 777/777
f 775/775 768/768 762/762
f 778/778 784/784 809/809
f 783/783 762/762 768/768
f 765/765 772/772 759/759
f 783/783 774/774 760/760
f 772/772 760/760 759/759
f 765/765 761/761 807/807
f 764/764 780/780 761/761
f 791/791 790/790 764/764
f 775/775 805/805 810/810
f 775/775 779/779 767/767
f 779/779 763/763 767/767
f 782/782 763/763 779/779
f 781/781 766/766 778/778
f 776/776 778/778 766/766
f 806/806 772/772 807/807
f 772/772 783/783 760/760
f 808/808 769/769 760/760
f 769/769 808/808 798/798
f 793/793 773/773 811/811
f 788/788 781/781 782/782
f 775/775 762/762 779/779
f 757/757 758/758 810/810
f 781/781 763/763 782/782
f 778/778 809/809 763/763
f 785/785 777/777 786/786
f 777/777 785/785 776/776
f 784/784 776/776 785/785
f 776/776 784/784 778/778
f 766/766 773/773 776/776
f 793/793 777/777 773/773
f 782/782 806/806 807/807
f 787/787 773/773 766/766
f 766/766 788/788 787/787
f 781/781 788/788 766/766
f 770/770 773/773 787/787
f 770/770 787/787 764/764
f 780/780 788/788 782/782
f 787/787 780/780 764/764
f 780/780 787/787 788/788
f 792/792 759/759 795/795
f 796/796 759/759 769/769
f 794/794 797/797 786/786
f 796/796 769/769 798/798
f 795/795 759/759 796/796
f 765/765 759/759 792/792
f 794/794 777/777 793/793
f 811/811 770/770 790/790
f 790/790 770/770 764/764
f 808/808 758/758 798/798
f 786/786 777/777 794/794
f 771/771 761/761 789/789
f 761/761 771/771 791/791
f 792/792 789/789 765/765
f 761/761 765/765 789/789
f 802/802 854/854 855/855
f 799/799 803/803 801/801
f 800/800 856/856 857/857
f 858/858 800/800 859/859
f 860/860 800/800 861/861
f 800/800 857/857 859/859
f 799/799 802/802 803/803
f 802/802 855/855 803/803
f 861/861 800/800 858/858
f 768/768 775/775 810/810
f 805/805 775/775 862/862
f 804/804 757/757 805/805
f 806/806 783/783 772/772
f 806/806 762/762 783/783
f 782/782 807/807 780/780
f 807/807 761/761 780/780
f 808/808 810/810 758/758
f 774/774 808/808 760/760
f 763/763 809/809 767/767
f 768/768 810/810 774/774
f 808/808 774/774 810/810
f 773/773 770/770 811/811
f 853/853 812/812 848/848
f 815/815 814/814 824/824
f 837/837 828/828 823/823
f 819/819 791/791 816/816
f 817/817 836/836 849/849
f 836/836 817/817 833/833
f 820/820 826/826 850/850
f 818/818 832/832 835/835
f 827/827 830/830 831/831
f 823/823 829/829 817/817
f 838/838 832/832 852/852
f 817/817 837/837 823/823
f 826/826 820/820 814/814
f 828/828 837/837 815/815
f 815/815 826/826 814/814
f 816/816 820/820 850/850
f 834/834 819/819 816/816
f 790/790 791/791 819/819
f 848/848 829/829 853/853
f 833/833 829/829 822/822
f 818/818 833/833 822/822
f 818/818 836/836 833/833
f 821/821 835/835 832/832
f 832/832 830/830 821/821
f 826/826 849/849 850/850
f 837/837 826/826 815/815
f 824/824 851/851 815/815
f 851/851 824/824 863/863
f 827/827 793/793 811/811
f 835/835 842/842 836/836
f 817/817 829/829 833/833
f 813/813 812/812 853/853
f 818/818 835/835 836/836
f 852/852 832/832 818/818
f 831/831 839/839 840/840
f 839/839 831/831 830/830
f 830/830 838/838 839/839
f 838/838 830/830 832/832
f 827/827 821/821 830/830
f 831/831 793/793 827/827
f 849/849 836/836 850/850
f 827/827 841/841 821/821
f 842/842 821/821 841/841
f 842/842 835/835 821/821
f 827/827 825/825 841/841
f 841/841 825/825 819/819
f 842/842 834/834 836/836
f 834/834 841/841 819/819
f 841/841 834/834 842/842
f 814/814 792/792 795/795
f 814/814 864/864 824/824
f 797/797 794/794 840/840
f 824/824 864/864 863/863
f 814/814 795/795 864/864
f 814/814 820/820 792/792
f 831/831 794/794 793/793
f 825/825 811/811 790/790
f 825/825 790/790 819/819
f 813/813 851/851 863/863
f 831/831 840/840 794/794
f 816/816 771/771 789/789
f 771/771 816/816 791/791
f 789/789 792/792 820/820
f 820/820 816/816 789/789
f 865/865 846/846 866/866
f 847/847 843/843 845/845
f 867/867 844/844 868/868
f 844/844 869/869 870/870
f 844/844 871/871 872/872
f 868/868 844/844 870/870
f 846/846 843/843 847/847
f 866/866 846/846 847/847
f 844/844 872/872 869/869
f 829/829 823/823 853/853
f 829/829 848/848 873/873
f 812/812 874/874 848/848
f 837/837 849/849 826/826
f 817/817 849/849 837/837
f 850/850 836/836 834/834
f 816/816 850/850 834/834
f 853/853 851/851 813/813
f 851/851 828/828 815/815
f 852/852 818/818 822/822
f 853/853 823/823 828/828
f 828/828 851/851 853/853
f 825/825 827/827 811/811
f 885/885 916/916 915/915
f 914/914 888/888 887/887
f 888/888 914/914 886/886
f 889/889 880/880 890/890
f 894/894 893/893 890/890
f 889/889 890/890 893/893
f 897/897 896/896 890/890
f 886/886 881/881 879/879
f 912/912 888/888 886/886
f 889/889 895/895 888/888
f 912/912 877/877 889/889
f 890/890 880/880 897/897
f 876/876 897/897 880/880
f 900/900 899/899 897/897
f 901/901 898/898 884/884
f 884/884 882/882 901/901
f 898/898 901/901 902/902
f 911/911 899/899 900/900
f 913/913 898/898 959/959
f 959/959 878/878 913/913
f 900/900 897/897 876/876
f 904/904 903/903 905/905
f 905/905 903/903 906/906
f 903/903 907/907 906/906
f 908/908 906/906 907/907
f 959/959 898/898 902/902
f 883/883 885/885 892/892
f 914/914 898/898 886/886
f 914/914 915/915 884/884
f 910/910 895/895 889/889
f 886/886 875/875 881/881
f 913/913 886/886 898/898
f 882/882 909/909 960/960
f 909/909 882/882 883/883
f 901/901 882/882 961/961
f 960/960 961/961 882/882
f 902/902 961/961 962/962
f 961/961 902/902 901/901
f 963/963 902/902 962/962
f 891/891 895/895 964/964
f 965/965 964/964 895/895
f 892/892 964/964 966/966
f 964/964 892/892 891/891
f 883/883 892/892 909/909
f 966/966 909/909 892/892
f 967/967 904/904 905/905
f 968/968 969/969 970/970
f 971/971 970/970 969/969
f 899/899 896/896 897/897
f 896/896 894/894 890/890
f 970/970 972/972 968/968
f 972/972 973/973 968/968
f 876/876 974/974 900/900
f 880/880 889/889 877/877
f 912/912 889/889 888/888
f 908/908 907/907 969/969
f 971/971 969/969 907/907
f 965/965 895/895 910/910
f 889/889 893/893 910/910
f 959/959 902/902 963/963
f 882/882 884/884 916/916
f 888/888 895/895 891/891
f 887/887 888/888 891/891
f 879/879 877/877 912/912
f 879/879 912/912 886/886
f 875/875 886/886 913/913
f 913/913 878/878 875/875
f 884/884 898/898 914/914
f 885/885 914/914 887/887
f 915/915 916/916 884/884
f 885/885 887/887 892/892
f 891/891 892/892 887/887
f 885/885 915/915 914/914
f 882/882 916/916 883/883
f 885/885 883/883 916/916
f 927/927 957/957 958/958
f 956/956 929/929 930/930
f 930/930 928/928 956/956
f 931/931 932/932 922/922
f 936/936 932/932 935/935
f 931/931 935/935 932/932
f 939/939 932/932 938/938
f 928/928 921/921 923/923
f 954/954 928/928 930/930
f 931/931 930/930 937/937
f 954/954 931/931 919/919
f 932/932 939/939 922/922
f 918/918 922/922 939/939
f 942/942 939/939 941/941
f 943/943 926/926 940/940
f 926/926 943/943 924/924
f 940/940 944/944 943/943
f 953/953 942/942 941/941
f 955/955 975/975 940/940
f 975/975 955/955 920/920
f 942/942 918/918 939/939
f 946/946 947/947 945/945
f 947/947 948/948 945/945
f 945/945 948/948 949/949
f 950/950 949/949 948/948
f 975/975 944/944 940/940
f 925/925 934/934 927/927
f 956/956 928/928 940/940
f 956/956 926/926 957/957
f 952/952 931/931 937/937
f 928/928 923/923 917/917
f 955/955 940/940 928/928
f 924/924 976/976 951/951
f 951/951 925/925 924/924
f 943/943 977/977 924/924
f 976/976 924/924 977/977
f 944/944 978/978 977/977
f 977/977 943/943 944/944
f 979/979 978/978 944/944
f 933/933 980/980 937/937
f 981/981 937/937 980/980
f 934/934 982/982 980/980
f 980/980 933/933 934/934
f 925/925 951/951 934/934
f 982/982 934/934 951/951
f 983/983 947/947 946/946
f 984/984 985/985 986/986
f 987/987 986/986 985/985
f 941/941 939/939 938/938
f 938/938 932/932 936/936
f 985/985 984/984 988/988
f 988/988 984/984 989/989
f 918/918 942/942 990/990
f 922/922 919/919 931/931
f 954/954 930/930 931/931
f 950/950 986/986 949/949
f 987/987 949/949 986/986
f 981/981 952/952 937/937
f 931/931 952/952 935/935
f 975/975 979/979 944/944
f 924/924 958/958 926/926
f 930/930 933/933 937/937
f 929/929 933/933 930/930
f 921/921 954/954 919/919
f 921/921 928/928 954/954
f 917/917 955/955 928/928
f 955/955 917/917 920/920
f 926/926 956/956 940/940
f 927/927 929/929 956/956
f 957/957 926/926 958/958
f 927/927 934/934 929/929
f 933/933 929/929 934/934
f 927/927 956/956 957/957
f 924/924 925/925 958/958
f 927/927 958/958 925/925
f 1053/1053 1088/1088 1054/1054
f 1088/1088 1053/1053 1087/1087
f 1079/1079 1083/1083 991/991
f 993/993 1055/1055 1043/1043
f 992/992 993/993 994/994
f 994/994 993/993 991/991
f 991/991 1083/1083 994/994
f 992/992 1039/1039 1055/1055
f 1063/1063 1000/1000 999/999
f 1031/1031 1081/1081 1530/1530
f 997/997 1002/1002 1001/1001
f 1081/1081 1001/1001 1002/1002
f 1002/1002 1080/1080 1081/1081
f 1082/1082 1014/1014 1005/1005
f 1003/1003 994/994 1084/1084
f 994/994 1003/1003 992/992
f 1084/1084 994/994 1083/1083
f 1014/1014 1002/1002 1005/1005
f 1005/1005 1041/1041 1082/1082
f 1003/1003 1082/1082 1040/1040
f 1082/1082 1003/1003 1015/1015
f 1005/1005 997/997 998/998
f 997/997 1005/1005 1002/1002
f 1002/1002 1014/1014 1080/1080
f 1003/1003 1040/1040 992/992
f 995/995 1006/1006 1008/1008
f 1006/1006 995/995 1045/1045
f 1046/1046 1007/1007 1009/1009
f 1007/1007 1046/1046 1004/1004
f 1006/1006 1004/1004 1046/1046
f 1046/1046 1008/1008 1006/1006
f 995/995 1008/1008 996/996
f 1010/1010 996/996 1008/1008
f 1011/1011 1009/1009 1012/1012
f 1009/1009 1011/1011 1046/1046
f 1010/1010 1046/1046 1011/1011
f 1046/1046 1010/1010 1008/1008
f 1012/1012 999/999 1000/1000
f 999/999 1012/1012 1009/1009
f 998/998 1007/1007 1042/1042
f 1007/1007 1013/1013 999/999
f 999/999 1009/1009 1007/1007
f 1084/1084 1015/1015 1003/1003
f 1016/1016 1531/1531 1047/1047
f 1531/1531 1016/1016 1056/1056
f 1047/1047 1532/1532 1048/1048
f 1532/1532 1047/1047 1531/1531
f 1017/1017 1533/1533 1149/1149
f 1533/1533 1017/1017 1534/1534
f 1048/1048 1534/1534 1017/1017
f 1534/1534 1048/1048 1532/1532
f 1535/1535 1149/1149 1533/1533
f 1058/1058 1026/1026 1018/1018
f 1047/1047 1057/1057 1016/1016
f 1048/1048 1025/1025 1047/1047
f 1019/1019 1028/1028 1020/1020
f 1018/1018 1027/1027 1019/1019
f 1017/1017 1026/1026 1048/1048
f 1021/1021 1018/1018 1022/1022
f 1018/1018 1021/1021 1058/1058
f 1023/1023 1020/1020 1024/1024
f 1020/1020 1023/1023 1019/1019
f 1022/1022 1019/1019 1023/1023
f 1019/1019 1022/1022 1018/1018
f 1047/1047 1025/1025 1057/1057
f 1025/1025 1059/1059 1057/1057
f 1048/1048 1026/1026 1025/1025
f 1026/1026 1058/1058 1025/1025
f 1027/1027 1018/1018 1026/1026
f 1019/1019 1027/1027 1028/1028
f 1149/1149 1028/1028 1027/1027
f 1149/1149 1027/1027 1017/1017
f 1017/1017 1027/1027 1026/1026
f 1064/1064 997/997 1065/1065
f 1029/1029 997/997 1030/1030
f 997/997 1001/1001 1030/1030
f 1001/1001 1081/1081 1031/1031
f 1037/1037 1079/1079 991/991
f 1038/1038 1536/1536 1033/1033
f 1536/1536 1032/1032 1537/1537
f 1538/1538 1033/1033 1536/1536
f 1538/1538 1539/1539 1132/1132
f 1132/1132 1033/1033 1538/1538
f 1085/1085 1540/1540 1133/1133
f 1540/1540 1085/1085 1541/1541
f 1134/1134 1537/1537 1032/1032
f 1537/1537 1134/1134 1542/1542
f 1133/1133 1543/1543 1034/1034
f 1543/1543 1133/1133 1540/1540
f 1132/1132 1544/1544 1545/1545
f 1544/1544 1132/1132 1539/1539
f 1034/1034 1542/1542 1134/1134
f 1542/1542 1034/1034 1543/1543
f 1049/1049 1132/1132 1139/1139
f 1132/1132 1049/1049 1033/1033
f 1133/1133 1138/1138 1085/1085
f 1050/1050 1032/1032 1035/1035
f 1032/1032 1050/1050 1134/1134
f 1133/1133 1034/1034 1036/1036
f 1036/1036 1138/1138 1133/1133
f 1139/1139 1545/1545 1546/1546
f 1545/1545 1139/1139 1132/1132
f 1036/1036 1134/1134 1050/1050
f 1134/1134 1036/1036 1034/1034
f 1031/1031 1530/1530 1547/1547
f 1032/1032 1536/1536 1038/1038
f 1035/1035 1038/1038 1049/1049
f 1038/1038 1035/1035 1032/1032
f 992/992 1045/1045 1039/1039
f 998/998 1013/1013 1007/1007
f 1013/1013 1064/1064 1141/1141
f 1040/1040 1045/1045 992/992
f 1045/1045 1040/1040 1006/1006
f 1004/1004 1006/1006 1040/1040
f 1040/1040 1082/1082 1041/1041
f 1040/1040 1041/1041 1004/1004
f 1005/1005 1042/1042 1041/1041
f 1042/1042 1004/1004 1041/1041
f 1004/1004 1042/1042 1007/1007
f 998/998 1042/1042 1005/1005
f 1068/1068 993/993 1043/1043
f 993/993 1068/1068 1044/1044
f 1031/1031 1030/1030 1001/1001
f 993/993 992/992 1055/1055
f 993/993 1044/1044 991/991
f 991/991 1044/1044 1037/1037
f 1044/1044 1051/1051 1037/1037
f 1547/1547 1548/1548 1031/1031
f 1548/1548 1052/1052 1031/1031
f 1030/1030 1031/1031 1052/1052
f 1135/1135 1045/1045 995/995
f 1045/1045 1135/1135 1039/1039
f 1549/1549 995/995 996/996
f 995/995 1549/1549 1135/1135
f 1052/1052 1053/1053 1030/1030
f 1053/1053 1029/1029 1030/1030
f 1029/1029 1053/1053 1054/1054
f 1044/1044 1550/1550 1051/1051
f 1550/1550 1044/1044 1068/1068
f 1548/1548 1087/1087 1052/1052
f 1052/1052 1087/1087 1053/1053
f 1142/1142 1143/1143 1056/1056
f 1144/1144 1043/1043 1145/1145
f 1145/1145 1055/1055 1086/1086
f 1086/1086 1039/1039 1066/1066
f 1146/1146 1066/1066 1039/1039
f 1551/1551 1146/1146 1135/1135
f 1058/1058 1059/1059 1025/1025
f 1060/1060 1059/1059 1058/1058
f 1058/1058 1021/1021 1060/1060
f 1147/1147 1142/1142 1016/1016
f 1016/1016 1057/1057 1147/1147
f 1062/1062 1147/1147 1057/1057
f 1057/1057 1059/1059 1062/1062
f 1061/1061 1062/1062 1059/1059
f 1059/1059 1060/1060 1061/1061
f 1000/1000 1063/1063 1067/1067
f 998/998 1064/1064 1013/1013
f 999/999 1141/1141 1063/1063
f 1141/1141 999/999 1013/1013
f 997/997 1064/1064 998/998
f 1065/1065 997/997 1029/1029
f 1056/1056 1016/1016 1142/1142
f 1043/1043 1144/1144 1140/1140
f 1055/1055 1145/1145 1043/1043
f 1039/1039 1086/1086 1055/1055
f 1039/1039 1135/1135 1146/1146
f 1135/1135 1549/1549 1551/1551
f 1069/1069 1552/1552 1137/1137
f 1069/1069 1553/1553 1552/1552
f 1554/1554 1137/1137 1552/1552
f 1137/1137 1554/1554 1136/1136
f 1073/1073 1074/1074 1071/1071
f 1074/1074 1073/1073 1075/1075
f 1071/1071 1072/1072 1073/1073
f 1073/1073 1077/1077 1075/1075
f 1072/1072 1078/1078 1077/1077
f 1077/1077 1073/1073 1072/1072
f 1077/1077 1076/1076 1075/1075
f 1078/1078 1072/1072 1148/1148
f 1555/1555 1148/1148 1072/1072
f 1120/1120 1126/1126 1121/1121
f 1126/1126 1120/1120 1127/1127
f 1122/1122 1556/1556 1557/1557
f 1557/1557 1131/1131 1122/1122
f 1124/1124 1128/1128 1125/1125
f 1128/1128 1124/1124 1129/1129
f 1124/1124 1130/1130 1129/1129
f 1130/1130 1124/1124 1123/1123
f 1125/1125 1127/1127 1120/1120
f 1127/1127 1125/1125 1128/1128
f 1130/1130 1122/1122 1131/1131
f 1122/1122 1130/1130 1123/1123
f 1115/1115 1113/1113 1114/1114
f 1101/1101 1112/1112 1103/1103
f 1558/1558 1090/1090 1107/1107
f 1111/1111 1110/1110 1105/1105
f 1105/1105 1098/1098 1102/1102
f 1092/1092 1107/1107 1090/1090
f 1117/1117 1109/1109 1116/1116
f 1092/1092 1098/1098 1105/1105
f 1111/1111 1103/1103 1112/1112
f 1104/1104 1101/1101 1103/1103
f 1089/1089 1090/1090 1558/1558
f 1102/1102 1098/1098 1091/1091
f 1091/1091 1104/1104 1102/1102
f 1101/1101 1104/1104 1559/1559
f 1104/1104 1091/1091 1100/1100
f 1102/1102 1104/1104 1103/1103
f 1559/1559 1104/1104 1100/1100
f 1116/1116 1110/1110 1119/1119
f 1105/1105 1106/1106 1092/1092
f 1107/1107 1092/1092 1106/1106
f 1560/1560 1107/1107 1108/1108
f 1106/1106 1108/1108 1107/1107
f 1561/1561 1108/1108 1117/1117
f 1105/1105 1109/1109 1106/1106
f 1108/1108 1106/1106 1109/1109
f 1118/1118 1096/1096 1119/1119
f 1109/1109 1105/1105 1110/1110
f 1103/1103 1111/1111 1102/1102
f 1102/1102 1111/1111 1105/1105
f 1118/1118 1112/1112 1115/1115
f 1107/1107 1560/1560 1558/1558
f 1112/1112 1101/1101 1113/1113
f 1093/1093 1115/1115 1114/1114
f 1115/1115 1093/1093 1094/1094
f 1108/1108 1561/1561 1560/1560
f 1097/1097 1117/1117 1116/1116
f 1117/1117 1097/1097 1095/1095
f 1110/1110 1116/1116 1109/1109
f 1112/1112 1118/1118 1111/1111
f 1099/1099 1116/1116 1119/1119
f 1116/1116 1099/1099 1097/1097
f 1119/1119 1096/1096 1099/1099
f 1095/1095 1561/1561 1117/1117
f 1561/1561 1095/1095 1562/1562
f 1109/1109 1117/1117 1108/1108
f 1110/1110 1118/1118 1119/1119
f 1118/1118 1110/1110 1111/1111
f 1094/1094 1118/1118 1115/1115
f 1118/1118 1094/1094 1096/1096
f 1113/1113 1115/1115 1112/1112
f 1121/1121 1563/1563 1120/1120
f 1563/1563 1121/1121 1564/1564
f 1122/1122 1565/1565 1556/1556
f 1565/1565 1122/1122 1566/1566
f 1123/1123 1566/1566 1122/1122
f 1566/1566 1123/1123 1567/1567
f 1124/1124 1567/1567 1123/1123
f 1567/1567 1124/1124 1568/1568
f 1125/1125 1568/1568 1124/1124
f 1568/1568 1125/1125 1569/1569
f 1120/1120 1569/1569 1125/1125
f 1569/1569 1120/1120 1563/1563
f 1127/1127 1546/1546 1126/1126
f 1546/1546 1127/1127 1139/1139
f 1128/1128 1139/1139 1127/1127
f 1139/1139 1128/1128 1049/1049
f 1129/1129 1049/1049 1128/1128
f 1049/1049 1129/1129 1035/1035
f 1130/1130 1035/1035 1129/1129
f 1035/1035 1130/1130 1050/1050
f 1131/1131 1050/1050 1130/1130
f 1050/1050 1131/1131 1036/1036
f 1557/1557 1036/1036 1131/1131
f 1036/1036 1557/1557 1138/1138
f 1049/1049 1038/1038 1033/1033
f 1043/1043 1140/1140 1068/1068
f 1070/1070 1554/1554 1570/1570
f 1554/1554 1070/1070 1136/1136
f 1571/1571 1149/1149 1535/1535
f 1154/1154 1159/1159 1160/1160
f 1159/1159 1154/1154 1156/1156
f 1151/1151 1157/1157 1158/1158
f 1157/1157 1151/1151 1152/1152
f 1152/1152 1150/1150 1153/1153
f 1150/1150 1152/1152 1151/1151
f 1150/1150 1155/1155 1153/1153
f 1155/1155 1150/1150 1154/1154
f 1154/1154 1160/1160 1155/1155
f 1207/1207 1214/1214 1215/1215
f 1176/1176 1164/1164 1201/1201
f 1163/1163 1162/1162 1200/1200
f 1172/1172 1177/1177 1162/1162
f 1200/1200 1173/1173 1199/1199
f 1161/1161 1163/1163 1200/1200
f 1176/1176 1217/1217 1183/1183
f 1165/1165 1176/1176 1271/1271
f 1175/1175 1171/1171 1174/1174
f 1175/1175 1572/1572 1171/1171
f 1174/1174 1173/1173 1178/1178
f 1193/1193 1178/1178 1173/1173
f 1183/1183 1197/1197 1196/1196
f 1195/1195 1265/1265 1264/1264
f 1193/1193 1172/1172 1181/1181
f 1177/1177 1193/1193 1173/1173
f 1573/1573 1186/1186 1213/1213
f 1178/1178 1573/1573 1174/1174
f 1194/1194 1187/1187 1181/1181
f 1179/1179 1180/1180 1196/1196
f 1195/1195 1196/1196 1180/1180
f 1176/1176 1183/1183 1184/1184
f 1186/1186 1178/1178 1185/1185
f 1193/1193 1185/1185 1178/1178
f 1193/1193 1181/1181 1185/1185
f 1187/1187 1185/1185 1181/1181
f 1187/1187 1194/1194 1182/1182
f 1186/1186 1573/1573 1178/1178
f 1180/1180 1192/1192 1266/1266
f 1267/1267 1266/1266 1192/1192
f 1185/1185 1188/1188 1186/1186
f 1190/1190 1186/1186 1188/1188
f 1185/1185 1187/1187 1188/1188
f 1189/1189 1188/1188 1187/1187
f 1211/1211 1212/1212 1166/1166
f 1190/1190 1166/1166 1212/1212
f 1179/1179 1574/1574 1216/1216
f 1575/1575 1216/1216 1574/1574
f 1192/1192 1180/1180 1216/1216
f 1179/1179 1216/1216 1180/1180
f 1187/1187 1182/1182 1189/1189
f 1168/1168 1169/1169 1191/1191
f 1189/1189 1191/1191 1169/1169
f 1182/1182 1191/1191 1189/1189
f 1190/1190 1213/1213 1186/1186
f 1188/1188 1189/1189 1169/1169
f 1169/1169 1198/1198 1188/1188
f 1213/1213 1190/1190 1212/1212
f 1217/1217 1576/1576 1183/1183
f 1576/1576 1217/1217 1214/1214
f 1166/1166 1190/1190 1188/1188
f 1268/1268 1267/1267 1170/1170
f 1170/1170 1267/1267 1192/1192
f 1216/1216 1170/1170 1192/1192
f 1170/1170 1216/1216 1167/1167
f 1575/1575 1167/1167 1216/1216
f 1167/1167 1575/1575 1577/1577
f 1176/1176 1201/1201 1217/1217
f 1162/1162 1271/1271 1172/1172
f 1174/1174 1171/1171 1173/1173
f 1199/1199 1173/1173 1171/1171
f 1572/1572 1578/1578 1218/1218
f 1164/1164 1176/1176 1165/1165
f 1266/1266 1265/1265 1180/1180
f 1177/1177 1172/1172 1193/1193
f 1179/1179 1197/1197 1574/1574
f 1271/1271 1264/1264 1172/1172
f 1180/1180 1265/1265 1195/1195
f 1172/1172 1194/1194 1181/1181
f 1184/1184 1183/1183 1195/1195
f 1184/1184 1195/1195 1264/1264
f 1196/1196 1197/1197 1179/1179
f 1196/1196 1195/1195 1183/1183
f 1175/1175 1174/1174 1573/1573
f 1183/1183 1576/1576 1197/1197
f 1198/1198 1166/1166 1188/1188
f 1200/1200 1199/1199 1161/1161
f 1161/1161 1199/1199 1171/1171
f 1173/1173 1200/1200 1177/1177
f 1200/1200 1162/1162 1177/1177
f 1215/1215 1201/1201 1208/1208
f 1176/1176 1184/1184 1271/1271
f 1165/1165 1271/1271 1162/1162
f 1202/1202 1163/1163 1203/1203
f 1163/1163 1202/1202 1162/1162
f 1203/1203 1161/1161 1204/1204
f 1161/1161 1203/1203 1163/1163
f 1205/1205 1165/1165 1206/1206
f 1165/1165 1205/1205 1164/1164
f 1219/1219 1204/1204 1161/1161
f 1164/1164 1210/1210 1208/1208
f 1206/1206 1162/1162 1202/1202
f 1162/1162 1206/1206 1165/1165
f 1171/1171 1218/1218 1161/1161
f 1161/1161 1218/1218 1219/1219
f 1218/1218 1171/1171 1572/1572
f 1215/1215 1217/1217 1201/1201
f 1214/1214 1217/1217 1215/1215
f 1164/1164 1208/1208 1201/1201
f 1220/1220 1204/1204 1219/1219
f 1204/1204 1220/1220 1209/1209
f 1210/1210 1164/1164 1205/1205
f 1222/1222 1223/1223 1221/1221
f 1223/1223 1222/1222 1224/1224
f 1236/1236 1225/1225 1226/1226
f 1237/1237 1234/1234 1233/1233
f 1226/1226 1274/1274 1273/1273
f 1276/1276 1238/1238 1275/1275
f 1279/1279 1229/1229 1278/1278
f 1277/1277 1235/1235 1579/1579
f 1580/1580 1228/1228 1581/1581
f 1582/1582 1272/1272 1221/1221
f 1154/1154 1242/1242 1156/1156
f 1242/1242 1154/1154 1241/1241
f 1158/1158 1240/1240 1151/1151
f 1151/1151 1239/1239 1150/1150
f 1239/1239 1151/1151 1240/1240
f 1150/1150 1241/1241 1154/1154
f 1241/1241 1150/1150 1239/1239
f 1246/1246 1249/1249 1248/1248
f 1248/1248 1243/1243 1247/1247
f 1246/1246 1248/1248 1247/1247
f 1243/1243 1248/1248 1244/1244
f 1249/1249 1244/1244 1248/1248
f 1244/1244 1249/1249 1245/1245
f 1166/1166 1256/1256 1211/1211
f 1256/1256 1166/1166 1250/1250
f 1168/1168 1253/1253 1169/1169
f 1253/1253 1168/1168 1252/1252
f 1169/1169 1255/1255 1198/1198
f 1255/1255 1169/1169 1253/1253
f 1170/1170 1269/1269 1268/1268
f 1269/1269 1170/1170 1254/1254
f 1167/1167 1254/1254 1170/1170
f 1254/1254 1167/1167 1251/1251
f 1577/1577 1251/1251 1167/1167
f 1251/1251 1577/1577 1583/1583
f 1198/1198 1250/1250 1166/1166
f 1250/1250 1198/1198 1255/1255
f 1250/1250 1263/1263 1256/1256
f 1263/1263 1250/1250 1257/1257
f 1252/1252 1260/1260 1253/1253
f 1260/1260 1252/1252 1259/1259
f 1253/1253 1262/1262 1255/1255
f 1262/1262 1253/1253 1260/1260
f 1269/1269 1261/1261 1270/1270
f 1261/1261 1269/1269 1254/1254
f 1251/1251 1261/1261 1254/1254
f 1261/1261 1251/1251 1258/1258
f 1583/1583 1258/1258 1251/1251
f 1258/1258 1583/1583 1584/1584
f 1255/1255 1257/1257 1250/1250
f 1257/1257 1255/1255 1262/1262
f 1585/1585 1586/1586 1587/1587
f 1586/1586 1585/1585 1588/1588
f 1589/1589 1587/1587 1590/1590
f 1587/1587 1589/1589 1585/1585
f 1590/1590 1591/1591 1589/1589
f 1591/1591 1590/1590 1592/1592
f 1593/1593 1592/1592 1594/1594
f 1592/1592 1593/1593 1591/1591
f 1594/1594 1595/1595 1593/1593
f 1595/1595 1594/1594 1596/1596
f 1596/1596 1597/1597 1595/1595
f 1597/1597 1596/1596 1598/1598
f 1264/1264 1271/1271 1184/1184
f 1272/1272 1222/1222 1221/1221
f 1599/1599 1226/1226 1225/1225
f 1238/1238 1276/1276 1600/1600
f 1227/1227 1601/1601 1228/1228
f 1229/1229 1279/1279 1230/1230
f 1228/1228 1580/1580 1229/1229
f 1602/1602 1232/1232 1603/1603
f 1232/1232 1604/1604 1231/1231
f 1156/1156 1280/1280 1159/1159
f 1605/1605 1156/1156 1242/1242
f 1240/1240 1606/1606 1281/1281
f 1607/1607 1608/1608 1282/1282
f 1283/1283 1282/1282 1608/1608
f 1285/1285 1286/1286 1284/1284
f 1288/1288 1289/1289 1287/1287
f 1291/1291 1287/1287 1290/1290
f 1285/1285 1287/1287 1291/1291
f 1291/1291 1286/1286 1285/1285
f 1289/1289 1292/1292 1290/1290
f 1293/1293 1294/1294 1609/1609
f 1610/1610 1296/1296 1295/1295
f 1298/1298 1299/1299 1297/1297
f 1299/1299 1298/1298 1296/1296
f 1296/1296 1300/1300 1299/1299
f 1302/1302 1303/1303 1301/1301
f 1305/1305 1291/1291 1304/1304
f 1290/1290 1304/1304 1291/1291
f 1286/1286 1291/1291 1305/1305
f 1302/1302 1299/1299 1303/1303
f 1301/1301 1306/1306 1302/1302
f 1307/1307 1301/1301 1304/1304
f 1308/1308 1304/1304 1301/1301
f 1309/1309 1297/1297 1302/1302
f 1299/1299 1302/1302 1297/1297
f 1300/1300 1303/1303 1299/1299
f 1290/1290 1307/1307 1304/1304
f 1311/1311 1312/1312 1310/1310
f 1313/1313 1310/1310 1312/1312
f 1315/1315 1316/1316 1314/1314
f 1317/1317 1314/1314 1316/1316
f 1314/1314 1317/1317 1312/1312
f 1312/1312 1311/1311 1314/1314
f 1318/1318 1311/1311 1310/1310
f 1311/1311 1318/1318 1319/1319
f 1321/1321 1315/1315 1320/1320
f 1314/1314 1320/1320 1315/1315
f 1320/1320 1314/1314 1319/1319
f 1311/1311 1319/1319 1314/1314
f 1294/1294 1293/1293 1321/1321
f 1315/1315 1321/1321 1293/1293
f 1322/1322 1316/1316 1309/1309
f 1293/1293 1323/1323 1316/1316
f 1316/1316 1315/1315 1293/1293
f 1304/1304 1308/1308 1305/1305
f 1325/1325 1611/1611 1324/1324
f 1326/1326 1324/1324 1611/1611
f 1327/1327 1612/1612 1325/1325
f 1611/1611 1325/1325 1612/1612
f 1329/1329 1613/1613 1328/1328
f 1614/1614 1328/1328 1613/1613
f 1328/1328 1614/1614 1327/1327
f 1612/1612 1327/1327 1614/1614
f 1613/1613 1329/1329 1615/1615
f 1331/1331 1332/1332 1330/1330
f 1324/1324 1333/1333 1325/1325
f 1325/1325 1334/1334 1327/1327
f 1336/1336 1337/1337 1335/1335
f 1335/1335 1338/1338 1331/1331
f 1327/1327 1332/1332 1328/1328
f 1340/1340 1331/1331 1339/1339
f 1330/1330 1339/1339 1331/1331
f 1342/1342 1336/1336 1341/1341
f 1335/1335 1341/1341 1336/1336
f 1341/1341 1335/1335 1340/1340
f 1331/1331 1340/1340 1335/1335
f 1333/1333 1334/1334 1325/1325
f 1333/1333 1343/1343 1334/1334
f 1334/1334 1332/1332 1327/1327
f 1334/1334 1330/1330 1332/1332
f 1332/1332 1331/1331 1338/1338
f 1337/1337 1338/1338 1335/1335
f 1338/1338 1337/1337 1329/1329
f 1328/1328 1338/1338 1329/1329
f 1332/1332 1338/1338 1328/1328
f 1616/1616 1297/1297 1617/1617
f 1344/1344 1297/1297 1618/1618
f 1344/1344 1298/1298 1297/1297
f 1295/1295 1296/1296 1298/1298
f 1285/1285 1284/1284 1345/1345
f 1347/1347 1619/1619 1346/1346
f 1620/1620 1348/1348 1619/1619
f 1619/1619 1347/1347 1621/1621
f 1349/1349 1622/1622 1621/1621
f 1621/1621 1347/1347 1349/1349
f 1351/1351 1623/1623 1350/1350
f 1624/1624 1350/1350 1623/1623
f 1348/1348 1620/1620 1352/1352
f 1625/1625 1352/1352 1620/1620
f 1353/1353 1626/1626 1351/1351
f 1623/1623 1351/1351 1626/1626
f 1627/1627 1628/1628 1349/1349
f 1622/1622 1349/1349 1628/1628
f 1352/1352 1625/1625 1353/1353
f 1626/1626 1353/1353 1625/1625
f 1355/1355 1349/1349 1354/1354
f 1347/1347 1354/1354 1349/1349
f 1350/1350 1356/1356 1351/1351
f 1358/1358 1348/1348 1357/1357
f 1352/1352 1357/1357 1348/1348
f 1359/1359 1353/1353 1351/1351
f 1351/1351 1356/1356 1359/1359
f 1629/1629 1627/1627 1355/1355
f 1349/1349 1355/1355 1627/1627
f 1357/1357 1352/1352 1359/1359
f 1353/1353 1359/1359 1352/1352
f 1630/1630 1610/1610 1295/1295
f 1346/1346 1619/1619 1348/1348
f 1354/1354 1346/1346 1358/1358
f 1348/1348 1358/1358 1346/1346
f 1292/1292 1313/1313 1290/1290
f 1316/1316 1323/1323 1309/1309
f 1631/1631 1617/1617 1323/1323
f 1290/1290 1313/1313 1307/1307
f 1312/1312 1307/1307 1313/1313
f 1307/1307 1312/1312 1317/1317
f 1306/1306 1301/1301 1307/1307
f 1317/1317 1306/1306 1307/1307
f 1306/1306 1322/1322 1302/1302
f 1306/1306 1317/1317 1322/1322
f 1316/1316 1322/1322 1317/1317
f 1302/1302 1322/1322 1309/1309
f 1288/1288 1287/1287 1360/1360
f 1361/1361 1360/1360 1287/1287
f 1298/1298 1344/1344 1295/1295
f 1289/1289 1290/1290 1287/1287
f 1285/1285 1361/1361 1287/1287
f 1345/1345 1361/1361 1285/1285
f 1345/1345 1362/1362 1361/1361
f 1295/1295 1632/1632 1630/1630
f 1295/1295 1363/1363 1632/1632
f 1363/1363 1295/1295 1344/1344
f 1310/1310 1313/1313 1364/1364
f 1292/1292 1364/1364 1313/1313
f 1318/1318 1310/1310 1633/1633
f 1364/1364 1633/1633 1310/1310
f 1344/1344 1282/1282 1363/1363
f 1344/1344 1618/1618 1282/1282
f 1607/1607 1282/1282 1618/1618
f 1362/1362 1634/1634 1361/1361
f 1360/1360 1361/1361 1634/1634
f 1363/1363 1283/1283 1632/1632
f 1282/1282 1283/1283 1363/1363
f 1326/1326 1635/1635 1636/1636
f 1637/1637 1288/1288 1638/1638
f 1639/1639 1289/1289 1637/1637
f 1640/1640 1292/1292 1639/1639
f 1292/1292 1640/1640 1641/1641
f 1364/1364 1641/1641 1642/1642
f 1334/1334 1343/1343 1330/1330
f 1330/1330 1343/1343 1365/1365
f 1365/1365 1339/1339 1330/1330
f 1324/1324 1636/1636 1643/1643
f 1643/1643 1333/1333 1324/1324
f 1333/1333 1643/1643 1644/1644
f 1644/1644 1343/1343 1333/1333
f 1645/1645 1646/1646 1647/1647
f 1647/1647 1648/1648 1645/1645
f 1649/1649 1609/1609 1294/1294
f 1323/1323 1617/1617 1309/1309
f 1609/1609 1631/1631 1293/1293
f 1323/1323 1293/1293 1631/1631
f 1309/1309 1617/1617 1297/1297
f 1618/1618 1297/1297 1616/1616
f 1636/1636 1324/1324 1326/1326
f 1366/1366 1638/1638 1288/1288
f 1288/1288 1637/1637 1289/1289
f 1289/1289 1639/1639 1292/1292
f 1641/1641 1364/1364 1292/1292
f 1642/1642 1633/1633 1364/1364
f 1368/1368 1650/1650 1367/1367
f 1650/1650 1651/1651 1367/1367
f 1650/1650 1368/1368 1652/1652
f 1369/1369 1652/1652 1368/1368
f 1371/1371 1372/1372 1370/1370
f 1653/1653 1370/1370 1372/1372
f 1370/1370 1373/1373 1371/1371
f 1653/1653 1374/1374 1370/1370
f 1374/1374 1375/1375 1373/1373
f 1373/1373 1370/1370 1374/1374
f 1653/1653 1654/1654 1374/1374
f 1655/1655 1373/1373 1375/1375
f 1373/1373 1655/1655 1656/1656
f 1377/1377 1378/1378 1376/1376
f 1379/1379 1376/1376 1378/1378
f 1657/1657 1658/1658 1380/1380
f 1380/1380 1381/1381 1657/1657
f 1383/1383 1384/1384 1382/1382
f 1385/1385 1382/1382 1384/1384
f 1385/1385 1386/1386 1382/1382
f 1387/1387 1382/1382 1386/1386
f 1376/1376 1379/1379 1383/1383
f 1384/1384 1383/1383 1379/1379
f 1381/1381 1380/1380 1386/1386
f 1387/1387 1386/1386 1380/1380
f 1389/1389 1390/1390 1388/1388
f 1392/1392 1393/1393 1391/1391
f 1394/1394 1395/1395 1659/1659
f 1397/1397 1398/1398 1396/1396
f 1399/1399 1400/1400 1397/1397
f 1395/1395 1394/1394 1401/1401
f 1403/1403 1404/1404 1402/1402
f 1397/1397 1400/1400 1401/1401
f 1393/1393 1392/1392 1396/1396
f 1392/1392 1391/1391 1405/1405
f 1659/1659 1395/1395 1406/1406
f 1407/1407 1400/1400 1399/1399
f 1399/1399 1405/1405 1407/1407
f 1660/1660 1405/1405 1391/1391
f 1408/1408 1407/1407 1405/1405
f 1392/1392 1405/1405 1399/1399
f 1408/1408 1405/1405 1660/1660
f 1409/1409 1398/1398 1403/1403
f 1401/1401 1410/1410 1397/1397
f 1410/1410 1401/1401 1394/1394
f 1411/1411 1394/1394 1661/1661
f 1394/1394 1411/1411 1410/1410
f 1402/1402 1411/1411 1662/1662
f 1410/1410 1404/1404 1397/1397
f 1404/1404 1410/1410 1411/1411
f 1409/1409 1413/1413 1412/1412
f 1398/1398 1397/1397 1404/1404
f 1399/1399 1396/1396 1392/1392
f 1397/1397 1396/1396 1399/1399
f 1388/1388 1393/1393 1412/1412
f 1659/1659 1661/1661 1394/1394
f 1390/1390 1391/1391 1393/1393
f 1389/1389 1388/1388 1414/1414
f 1415/1415 1414/1414 1388/1388
f 1661/1661 1662/1662 1411/1411
f 1403/1403 1402/1402 1416/1416
f 1417/1417 1416/1416 1402/1402
f 1404/1404 1403/1403 1398/1398
f 1396/1396 1412/1412 1393/1393
f 1409/1409 1403/1403 1418/1418
f 1416/1416 1418/1418 1403/1403
f 1418/1418 1413/1413 1409/1409
f 1402/1402 1662/1662 1417/1417
f 1663/1663 1417/1417 1662/1662
f 1411/1411 1402/1402 1404/1404
f 1409/1409 1412/1412 1398/1398
f 1396/1396 1398/1398 1412/1412
f 1388/1388 1412/1412 1415/1415
f 1413/1413 1415/1415 1412/1412
f 1393/1393 1388/1388 1390/1390
f 1376/1376 1664/1664 1377/1377
f 1665/1665 1377/1377 1664/1664
f 1658/1658 1666/1666 1380/1380
f 1667/1667 1380/1380 1666/1666
f 1380/1380 1667/1667 1387/1387
f 1668/1668 1387/1387 1667/1667
f 1387/1387 1668/1668 1382/1382
f 1669/1669 1382/1382 1668/1668
f 1382/1382 1669/1669 1383/1383
f 1670/1670 1383/1383 1669/1669
f 1383/1383 1670/1670 1376/1376
f 1664/1664 1376/1376 1670/1670
f 1378/1378 1629/1629 1379/1379
f 1355/1355 1379/1379 1629/1629
f 1379/1379 1355/1355 1384/1384
f 1354/1354 1384/1384 1355/1355
f 1384/1384 1354/1354 1385/1385
f 1358/1358 1385/1385 1354/1354
f 1385/1385 1358/1358 1386/1386
f 1357/1357 1386/1386 1358/1358
f 1386/1386 1357/1357 1381/1381
f 1359/1359 1381/1381 1357/1357
f 1381/1381 1359/1359 1657/1657
f 1356/1356 1657/1657 1359/1359
f 1347/1347 1346/1346 1354/1354
f 1360/1360 1366/1366 1288/1288
f 1671/1671 1652/1652 1419/1419
f 1369/1369 1419/1419 1652/1652
f 1615/1615 1329/1329 1672/1672
f 1673/1673 1674/1674 1420/1420
f 1421/1421 1420/1420 1674/1674
f 1675/1675 1676/1676 1422/1422
f 1423/1423 1422/1422 1676/1676
f 1424/1424 1425/1425 1423/1423
f 1422/1422 1423/1423 1425/1425
f 1424/1424 1426/1426 1425/1425
f 1420/1420 1425/1425 1426/1426
f 1426/1426 1673/1673 1420/1420
f 1677/1677 1427/1427 1678/1678
f 1429/1429 1430/1430 1428/1428
f 1432/1432 1433/1433 1431/1431
f 1433/1433 1435/1435 1434/1434
f 1436/1436 1437/1437 1432/1432
f 1432/1432 1431/1431 1438/1438
f 1439/1439 1440/1440 1428/1428
f 1442/1442 1428/1428 1441/1441
f 1444/1444 1445/1445 1443/1443
f 1445/1445 1679/1679 1443/1443
f 1446/1446 1437/1437 1444/1444
f 1437/1437 1446/1446 1447/1447
f 1448/1448 1449/1449 1439/1439
f 1451/1451 1452/1452 1450/1450
f 1453/1453 1434/1434 1447/1447
f 1437/1437 1447/1447 1435/1435
f 1454/1454 1455/1455 1680/1680
f 1444/1444 1680/1680 1446/1446
f 1453/1453 1457/1457 1456/1456
f 1448/1448 1459/1459 1458/1458
f 1459/1459 1448/1448 1450/1450
f 1460/1460 1439/1439 1428/1428
f 1461/1461 1446/1446 1455/1455
f 1446/1446 1461/1461 1447/1447
f 1461/1461 1453/1453 1447/1447
f 1453/1453 1461/1461 1457/1457
f 1462/1462 1456/1456 1457/1457
f 1446/1446 1680/1680 1455/1455
f 1463/1463 1464/1464 1459/1459
f 1464/1464 1463/1463 1465/1465
f 1455/1455 1466/1466 1461/1461
f 1466/1466 1455/1455 1467/1467
f 1466/1466 1457/1457 1461/1461
f 1457/1457 1466/1466 1468/1468
f 1470/1470 1471/1471 1469/1469
f 1471/1471 1470/1470 1467/1467
f 1472/1472 1681/1681 1458/1458
f 1681/1681 1472/1472 1682/1682
f 1472/1472 1459/1459 1464/1464
f 1459/1459 1472/1472 1458/1458
f 1468/1468 1462/1462 1457/1457
f 1474/1474 1475/1475 1473/1473
f 1475/1475 1474/1474 1468/1468
f 1468/1468 1474/1474 1462/1462
f 1455/1455 1454/1454 1467/1467
f 1475/1475 1468/1468 1466/1466
f 1466/1466 1476/1476 1475/1475
f 1471/1471 1467/1467 1454/1454
f 1439/1439 1683/1683 1440/1440
f 1427/1427 1440/1440 1683/1683
f 1466/1466 1467/1467 1470/1470
f 1478/1478 1465/1465 1477/1477
f 1464/1464 1465/1465 1478/1478
f 1464/1464 1478/1478 1472/1472
f 1479/1479 1472/1472 1478/1478
f 1472/1472 1479/1479 1682/1682
f 1684/1684 1682/1682 1479/1479
f 1440/1440 1429/1429 1428/1428
f 1434/1434 1442/1442 1433/1433
f 1437/1437 1445/1445 1444/1444
f 1445/1445 1437/1437 1436/1436
f 1685/1685 1686/1686 1679/1679
f 1441/1441 1428/1428 1430/1430
f 1459/1459 1452/1452 1463/1463
f 1447/1447 1434/1434 1435/1435
f 1681/1681 1449/1449 1458/1458
f 1434/1434 1451/1451 1442/1442
f 1450/1450 1452/1452 1459/1459
f 1453/1453 1456/1456 1434/1434
f 1450/1450 1439/1439 1460/1460
f 1451/1451 1450/1450 1460/1460
f 1458/1458 1449/1449 1448/1448
f 1439/1439 1450/1450 1448/1448
f 1680/1680 1444/1444 1443/1443
f 1449/1449 1683/1683 1439/1439
f 1466/1466 1470/1470 1476/1476
f 1438/1438 1436/1436 1432/1432
f 1445/1445 1436/1436 1438/1438
f 1435/1435 1432/1432 1437/1437
f 1435/1435 1433/1433 1432/1432
f 1687/1687 1429/1429 1677/1677
f 1442/1442 1460/1460 1428/1428
f 1433/1433 1442/1442 1441/1441
f 1481/1481 1431/1431 1480/1480
f 1433/1433 1480/1480 1431/1431
f 1482/1482 1438/1438 1481/1481
f 1431/1431 1481/1481 1438/1438
f 1484/1484 1441/1441 1483/1483
f 1430/1430 1483/1483 1441/1441
f 1438/1438 1482/1482 1688/1688
f 1687/1687 1689/1689 1430/1430
f 1480/1480 1433/1433 1484/1484
f 1441/1441 1484/1484 1433/1433
f 1438/1438 1685/1685 1445/1445
f 1688/1688 1685/1685 1438/1438
f 1679/1679 1445/1445 1685/1685
f 1429/1429 1440/1440 1677/1677
f 1677/1677 1440/1440 1427/1427
f 1429/1429 1687/1687 1430/1430
f 1688/1688 1482/1482 1690/1690
f 1691/1691 1690/1690 1482/1482
f 1483/1483 1430/1430 1689/1689
f 1486/1486 1487/1487 1485/1485
f 1488/1488 1485/1485 1487/1487
f 1490/1490 1491/1491 1489/1489
f 1493/1493 1494/1494 1492/1492
f 1692/1692 1693/1693 1490/1490
f 1694/1694 1495/1495 1695/1695
f 1696/1696 1496/1496 1697/1697
f 1698/1698 1497/1497 1699/1699
f 1700/1700 1498/1498 1701/1701
f 1486/1486 1702/1702 1703/1703
f 1421/1421 1499/1499 1420/1420
f 1500/1500 1420/1420 1499/1499
f 1422/1422 1501/1501 1675/1675
f 1425/1425 1502/1502 1422/1422
f 1501/1501 1422/1422 1502/1502
f 1420/1420 1500/1500 1425/1425
f 1502/1502 1425/1425 1500/1500
f 1504/1504 1505/1505 1503/1503
f 1506/1506 1507/1507 1504/1504
f 1506/1506 1504/1504 1503/1503
f 1508/1508 1504/1504 1507/1507
f 1504/1504 1508/1508 1505/1505
f 1509/1509 1505/1505 1508/1508
f 1469/1469 1510/1510 1470/1470
f 1511/1511 1470/1470 1510/1510
f 1475/1475 1512/1512 1473/1473
f 1513/1513 1473/1473 1512/1512
f 1476/1476 1514/1514 1475/1475
f 1512/1512 1475/1475 1514/1514
f 1477/1477 1515/1515 1478/1478
f 1516/1516 1478/1478 1515/1515
f 1478/1478 1516/1516 1479/1479
f 1517/1517 1479/1479 1516/1516
f 1479/1479 1517/1517 1684/1684
f 1704/1704 1684/1684 1517/1517
f 1470/1470 1511/1511 1476/1476
f 1514/1514 1476/1476 1511/1511
f 1510/1510 1518/1518 1511/1511
f 1519/1519 1511/1511 1518/1518
f 1512/1512 1520/1520 1513/1513
f 1521/1521 1513/1513 1520/1520
f 1514/1514 1522/1522 1512/1512
f 1520/1520 1512/1512 1522/1522
f 1523/1523 1524/1524 1515/1515
f 1516/1516 1515/1515 1524/1524
f 1516/1516 1524/1524 1517/1517
f 1525/1525 1517/1517 1524/1524
f 1517/1517 1525/1525 1704/1704
f 1705/1705 1704/1704 1525/1525
f 1511/1511 1519/1519 1514/1514
f 1522/1522 1514/1514 1519/1519
f 1706/1706 1707/1707 1708/1708
f 1709/1709 1708/1708 1707/1707
f 1710/1710 1706/1706 1711/1711
f 1708/1708 1711/1711 1706/1706
f 1711/1711 1712/1712 1710/1710
f 1713/1713 1710/1710 1712/1712
f 1714/1714 1713/1713 1715/1715
f 1712/1712 1715/1715 1713/1713
f 1715/1715 1716/1716 1714/1714
f 1717/1717 1714/1714 1716/1716
f 1716/1716 1718/1718 1717/1717
f 1719/1719 1717/1717 1718/1718
f 1460/1460 1442/1442 1451/1451
f 1486/1486 1485/1485 1702/1702
f 1491/1491 1490/1490 1720/1720
f 1721/1721 1695/1695 1495/1495
f 1498/1498 1722/1722 1526/1526
f 1527/1527 1697/1697 1496/1496
f 1496/1496 1701/1701 1498/1498
f 1723/1723 1528/1528 1724/1724
f 1529/1529 1725/1725 1528/1528
f 1674/1674 1726/1726 1421/1421
f 1499/1499 1421/1421 1727/1727
f 1728/1728 1729/1729 1501/1501
